group,verdict,reason,count,finite_count,mean_abs_logprob_diff,abs_logprob_diff_p50,abs_logprob_diff_p90,abs_logprob_diff_p95,abs_logprob_diff_p99,rank_delta_nonzero_rate,topk_jaccard_mean,topk_jaccard_p05,union_js_p95,union_js_p99,missing_selected_count,accept_failures,reject_hits
00948d836971f053bbf9,REJECT,single sample violates one or more reject thresholds,128,128,0.7584872409955215,0.24995823903009295,2.1251047134399403,3.2903929036576276,7.160645347237588,0.234375,0.45791477185889107,0.21567489114658928,0.5515474058895248,0.6178225332288096,0,mean_abs_logprob_diff; abs_logprob_diff_p95; abs_logprob_diff_p99; rank_delta_nonzero_rate; topk_jaccard_mean; union_js_p99,mean_abs_logprob_diff; abs_logprob_diff_p95; abs_logprob_diff_p99; rank_delta_nonzero_rate; topk_jaccard_mean; union_js_p99
078441dc63cb2e4b07bd,REJECT,single sample violates one or more reject thresholds,128,128,0.04883678007461689,0.00119156012192434,0.12340216711163518,0.21043664813041663,0.6993000710010537,0.0234375,0.3877546361209144,0.18518518518518517,0.05850665220644434,0.11589793396517892,0,mean_abs_logprob_diff; abs_logprob_diff_p95; abs_logprob_diff_p99; topk_jaccard_mean; union_js_p99,mean_abs_logprob_diff; abs_logprob_diff_p95; abs_logprob_diff_p99; topk_jaccard_mean; union_js_p99
081f312c80bb99972dbd,REJECT,single sample violates one or more reject thresholds,128,128,0.7409234491219069,0.2908281534910202,2.3478004738688467,2.953352627158164,4.2812006999179735,0.3203125,0.43077938760341383,0.2636862745098039,0.438728154093014,0.6146507627403938,0,mean_abs_logprob_diff; abs_logprob_diff_p95; abs_logprob_diff_p99; rank_delta_nonzero_rate; topk_jaccard_mean; union_js_p99,mean_abs_logprob_diff; abs_logprob_diff_p95; abs_logprob_diff_p99; rank_delta_nonzero_rate; topk_jaccard_mean; union_js_p99
0848a18636674f51559d,REJECT,single sample violates one or more reject thresholds,128,128,0.9592957371647066,0.3189824707818616,2.9952393360435954,3.923884378559886,6.2838562899828005,0.3203125,0.36865951906742184,0.23076923076923078,0.5999561888927497,0.6642521489221114,0,mean_abs_logprob_diff; abs_logprob_diff_p95; abs_logprob_diff_p99; rank_delta_nonzero_rate; topk_jaccard_mean; union_js_p99,mean_abs_logprob_diff; abs_logprob_diff_p95; abs_logprob_diff_p99; rank_delta_nonzero_rate; topk_jaccard_mean; union_js_p99
08a516ed65ded1d98939,REJECT,single sample violates one or more reject thresholds,128,128,0.8255067963190394,0.36325307190418243,2.303709381818771,3.3264916449785225,4.739630514681341,0.3828125,0.5056209595291292,0.3333333333333333,0.405132215988799,0.55720004494334,0,mean_abs_logprob_diff; abs_logprob_diff_p95; abs_logprob_diff_p99; rank_delta_nonzero_rate; topk_jaccard_mean; union_js_p99,mean_abs_logprob_diff; abs_logprob_diff_p95; abs_logprob_diff_p99; rank_delta_nonzero_rate; topk_jaccard_mean; union_js_p99
0a1d8a7c087c9dc3d2cd,REJECT,single sample violates one or more reject thresholds,128,128,1.1088826062863588,0.47728782892227173,2.5968140721321102,4.606604295969009,7.835821197927001,0.359375,0.3979644086120708,0.21567489114658928,0.4407270821626704,0.5919872722061175,0,mean_abs_logprob_diff; abs_logprob_diff_p95; abs_logprob_diff_p99; rank_delta_nonzero_rate; topk_jaccard_mean; union_js_p99,mean_abs_logprob_diff; abs_logprob_diff_p95; abs_logprob_diff_p99; rank_delta_nonzero_rate; topk_jaccard_mean; union_js_p99
0a95e425e4dd7a02f20c,REJECT,single sample violates one or more reject thresholds,128,128,1.1436285149839667,0.7539254166185856,2.5924075871706003,4.272652213275424,7.123619041470814,0.390625,0.34247797747015735,0.20754716981132076,0.5523498823125308,0.6493092260597679,0,mean_abs_logprob_diff; abs_logprob_diff_p95; abs_logprob_diff_p99; rank_delta_nonzero_rate; topk_jaccard_mean; union_js_p99,mean_abs_logprob_diff; abs_logprob_diff_p95; abs_logprob_diff_p99; rank_delta_nonzero_rate; topk_jaccard_mean; union_js_p99
0aa6cfc00ab1dd402f7e,REJECT,single sample violates one or more reject thresholds,128,128,0.12822400069936757,0.004476795072150708,0.30807340592145915,0.7940507471561409,1.4011672478914265,0.0546875,0.3824461974636928,0.16363636363636364,0.17841956906591294,0.2333364093736887,0,mean_abs_logprob_diff; abs_logprob_diff_p95; abs_logprob_diff_p99; rank_delta_nonzero_rate; topk_jaccard_mean; union_js_p99,mean_abs_logprob_diff; abs_logprob_diff_p95; abs_logprob_diff_p99; topk_jaccard_mean; union_js_p99
0b78fd794493c2fce383,REJECT,single sample violates one or more reject thresholds,128,128,0.9790428234996551,0.2736564427614496,2.9714061975479114,4.068017060093734,6.670648340284824,0.3046875,0.38491180067110325,0.20754716981132076,0.5498096318589306,0.6348706212385227,0,mean_abs_logprob_diff; abs_logprob_diff_p95; abs_logprob_diff_p99; rank_delta_nonzero_rate; topk_jaccard_mean; union_js_p99,mean_abs_logprob_diff; abs_logprob_diff_p95; abs_logprob_diff_p99; rank_delta_nonzero_rate; topk_jaccard_mean; union_js_p99
0c1b0aa5f7b49771176d,REJECT,single sample violates one or more reject thresholds,128,128,0.05435887659249017,0.000534748775294247,0.07464436411391942,0.1810238714795556,1.2137201951444188,0.0234375,0.39378909912188736,0.28,0.041350231745906206,0.3341731275231388,0,mean_abs_logprob_diff; abs_logprob_diff_p95; abs_logprob_diff_p99; topk_jaccard_mean; union_js_p99,mean_abs_logprob_diff; abs_logprob_diff_p99; topk_jaccard_mean; union_js_p99
0c7a3248234f94699a83,REJECT,single sample violates one or more reject thresholds,128,128,0.9479496049140488,0.28700238885357976,2.6607149616044805,4.256251032915314,7.645850227028139,0.3046875,0.3798596747744344,0.21567489114658928,0.5640944422456585,0.6423801243354191,0,mean_abs_logprob_diff; abs_logprob_diff_p95; abs_logprob_diff_p99; rank_delta_nonzero_rate; topk_jaccard_mean; union_js_p99,mean_abs_logprob_diff; abs_logprob_diff_p95; abs_logprob_diff_p99; rank_delta_nonzero_rate; topk_jaccard_mean; union_js_p99
107c0874e9429ce217c5,REJECT,single sample violates one or more reject thresholds,128,128,0.047341345739076446,0.0001652076230129751,0.11524264216423029,0.2628289645537731,0.8967867648601551,0.046875,0.40607771175204843,0.2549019607843137,0.06502928778096795,0.2870982007418218,0,mean_abs_logprob_diff; abs_logprob_diff_p95; abs_logprob_diff_p99; rank_delta_nonzero_rate; topk_jaccard_mean; union_js_p99,mean_abs_logprob_diff; abs_logprob_diff_p95; abs_logprob_diff_p99; topk_jaccard_mean; union_js_p99
10ec405176db694e80fc,REJECT,single sample violates one or more reject thresholds,128,128,0.967545002153793,0.30618475866504014,2.388533011078834,3.1114445607963717,8.060682188943032,0.2890625,0.38646617309280185,0.20754716981132076,0.5454533999342637,0.6072077714002568,0,mean_abs_logprob_diff; abs_logprob_diff_p95; abs_logprob_diff_p99; rank_delta_nonzero_rate; topk_jaccard_mean; union_js_p99,mean_abs_logprob_diff; abs_logprob_diff_p95; abs_logprob_diff_p99; rank_delta_nonzero_rate; topk_jaccard_mean; union_js_p99
127949883dbe82e96510,REJECT,single sample violates one or more reject thresholds,128,128,1.590557972093574,0.9360543061047792,4.127570002483026,5.399639178055802,7.425643838495022,0.4375,0.36530648161728435,0.16173701298701298,0.6339957109005631,0.6723062406951748,0,mean_abs_logprob_diff; abs_logprob_diff_p95; abs_logprob_diff_p99; rank_delta_nonzero_rate; topk_jaccard_mean; union_js_p99,mean_abs_logprob_diff; abs_logprob_diff_p95; abs_logprob_diff_p99; rank_delta_nonzero_rate; topk_jaccard_mean; union_js_p99
15eb16fcdaff88e628d7,REJECT,single sample violates one or more reject thresholds,128,128,0.09317502055453397,0.0006774731224368225,0.20963733196258544,0.5751432925462712,0.9049721777439127,0.078125,0.4078887252167514,0.28,0.08647294440165758,0.1897813712705896,0,mean_abs_logprob_diff; abs_logprob_diff_p95; abs_logprob_diff_p99; rank_delta_nonzero_rate; topk_jaccard_mean; union_js_p99,mean_abs_logprob_diff; abs_logprob_diff_p95; abs_logprob_diff_p99; rank_delta_nonzero_rate; topk_jaccard_mean; union_js_p99
16172a162841e0149e87,REJECT,single sample violates one or more reject thresholds,128,128,0.06605068792744068,0.0005116941465530545,0.27288439869880676,0.38068551272153817,1.071052505970003,0.03125,0.35329501006185704,0.1298245614035088,0.058053768454615746,0.07885416350602227,0,mean_abs_logprob_diff; abs_logprob_diff_p95; abs_logprob_diff_p99; rank_delta_nonzero_rate; topk_jaccard_mean; union_js_p99,mean_abs_logprob_diff; abs_logprob_diff_p95; abs_logprob_diff_p99; topk_jaccard_mean; union_js_p99
16848c5028ff542acb85,REJECT,single sample violates one or more reject thresholds,128,128,0.09037726422518078,0.0007344764890184763,0.07244135141372676,0.27310470342636106,2.6219900923967394,0.0390625,0.3864019465962145,0.20754716981132076,0.11016556107917785,0.34797426762826666,0,mean_abs_logprob_diff; abs_logprob_diff_p95; abs_logprob_diff_p99; rank_delta_nonzero_rate; topk_jaccard_mean; union_js_p99,mean_abs_logprob_diff; abs_logprob_diff_p95; abs_logprob_diff_p99; topk_jaccard_mean; union_js_p99
1757a5dbdeca60120661,REJECT,single sample violates one or more reject thresholds,128,128,0.720821945691946,0.403383731842041,1.7377551674842826,2.2376593768596647,3.128918283581734,0.3046875,0.5100009457137017,0.31564625850340133,0.3278624945892443,0.43878694360186077,0,mean_abs_logprob_diff; abs_logprob_diff_p95; abs_logprob_diff_p99; rank_delta_nonzero_rate; topk_jaccard_mean; union_js_p99,mean_abs_logprob_diff; abs_logprob_diff_p95; abs_logprob_diff_p99; rank_delta_nonzero_rate; topk_jaccard_mean; union_js_p99
1b720995044d47655d3a,REJECT,single sample violates one or more reject thresholds,128,128,0.5557077128477383,0.09353233362344326,1.9782281558262185,2.4792079746723164,4.353625372797255,0.1796875,0.425342285666317,0.23076923076923078,0.4380709945125324,0.5223442633874664,0,mean_abs_logprob_diff; abs_logprob_diff_p95; abs_logprob_diff_p99; rank_delta_nonzero_rate; topk_jaccard_mean; union_js_p99,mean_abs_logprob_diff; abs_logprob_diff_p95; abs_logprob_diff_p99; rank_delta_nonzero_rate; topk_jaccard_mean; union_js_p99
1bd6df0931ab70debb45,REJECT,single sample violates one or more reject thresholds,128,128,0.11400609664329192,0.001615349538056421,0.2061939999461173,0.6113467626273628,1.8101305520534523,0.0390625,0.36685799627646587,0.18518518518518517,0.13707060612869548,0.24393707226398556,0,mean_abs_logprob_diff; abs_logprob_diff_p95; abs_logprob_diff_p99; rank_delta_nonzero_rate; topk_jaccard_mean; union_js_p99,mean_abs_logprob_diff; abs_logprob_diff_p95; abs_logprob_diff_p99; topk_jaccard_mean; union_js_p99
1cb99752774e0cb75bcd,REJECT,single sample violates one or more reject thresholds,128,128,0.49023548687878393,0.17935305833816528,1.3952976366505025,1.9014793604612348,3.2295471060276073,0.15625,0.48915288190060424,0.31326530612244896,0.2963702360206667,0.43711231519518323,0,mean_abs_logprob_diff; abs_logprob_diff_p95; abs_logprob_diff_p99; rank_delta_nonzero_rate; topk_jaccard_mean; union_js_p99,mean_abs_logprob_diff; abs_logprob_diff_p95; abs_logprob_diff_p99; rank_delta_nonzero_rate; topk_jaccard_mean; union_js_p99
1d61f99a7cea7847043a,REJECT,single sample violates one or more reject thresholds,128,128,0.06980174496658076,0.0009850718383859203,0.1055807083845138,0.39320482490584124,1.2495850881189132,0.015625,0.3735256905575164,0.18518518518518517,0.058403924162507836,0.1871614880706611,0,mean_abs_logprob_diff; abs_logprob_diff_p95; abs_logprob_diff_p99; topk_jaccard_mean; union_js_p99,mean_abs_logprob_diff; abs_logprob_diff_p95; abs_logprob_diff_p99; topk_jaccard_mean; union_js_p99
1e35a89febc387eef2a6,REJECT,single sample violates one or more reject thresholds,128,128,0.31952317232141314,0.0020747734306532095,0.9282857686281204,1.8609212636947627,3.535477151870729,0.125,0.43196132088684913,0.2636862745098039,0.2913183079008515,0.3847059962344919,0,mean_abs_logprob_diff; abs_logprob_diff_p95; abs_logprob_diff_p99; rank_delta_nonzero_rate; topk_jaccard_mean; union_js_p99,mean_abs_logprob_diff; abs_logprob_diff_p95; abs_logprob_diff_p99; rank_delta_nonzero_rate; topk_jaccard_mean; union_js_p99
1ff7d9699c4a238b6b9c,REJECT,single sample violates one or more reject thresholds,128,128,0.3913294530701453,0.07265806384384632,0.9358256399631499,1.8931687216740096,3.9181477773189592,0.1640625,0.444671474831833,0.23076923076923078,0.28526257538689626,0.4335150578023866,0,mean_abs_logprob_diff; abs_logprob_diff_p95; abs_logprob_diff_p99; rank_delta_nonzero_rate; topk_jaccard_mean; union_js_p99,mean_abs_logprob_diff; abs_logprob_diff_p95; abs_logprob_diff_p99; rank_delta_nonzero_rate; topk_jaccard_mean; union_js_p99
20a465f9da5b00918b47,REJECT,single sample violates one or more reject thresholds,128,128,0.0389979683313868,0.009418644476681948,0.09013202302157879,0.2092877313494681,0.44517679840326385,0.0078125,0.46615665973309556,0.391304347826087,0.05091210037685223,0.14679611905907547,0,mean_abs_logprob_diff; abs_logprob_diff_p95; abs_logprob_diff_p99; topk_jaccard_mean; union_js_p99,mean_abs_logprob_diff; abs_logprob_diff_p95; topk_jaccard_mean; union_js_p99
20d8dd0b65d5c0071954,REJECT,single sample violates one or more reject thresholds,128,128,0.756642339065758,0.4668040871620178,1.9763004422187804,2.3236956268548963,3.257645258046688,0.3515625,0.5143125190538058,0.31564625850340133,0.3165498823958097,0.4173762578382434,0,mean_abs_logprob_diff; abs_logprob_diff_p95; abs_logprob_diff_p99; rank_delta_nonzero_rate; topk_jaccard_mean; union_js_p99,mean_abs_logprob_diff; abs_logprob_diff_p95; abs_logprob_diff_p99; rank_delta_nonzero_rate; topk_jaccard_mean; union_js_p99
21cdd0b813254e0f8737,REJECT,single sample violates one or more reject thresholds,128,128,1.2869575185357414,0.589960735058412,3.599131777882575,5.195273888856173,7.426517207920552,0.3515625,0.3607107738454595,0.18518518518518517,0.584289358829854,0.6513205416259682,0,mean_abs_logprob_diff; abs_logprob_diff_p95; abs_logprob_diff_p99; rank_delta_nonzero_rate; topk_jaccard_mean; union_js_p99,mean_abs_logprob_diff; abs_logprob_diff_p95; abs_logprob_diff_p99; rank_delta_nonzero_rate; topk_jaccard_mean; union_js_p99
23cb4621d0cc79754f3c,REJECT,single sample violates one or more reject thresholds,128,128,0.07609394835075645,0.00045902490023763676,0.06234879210824145,0.1884911496192213,1.813560623526576,0.03125,0.42796649042553025,0.28,0.06969556727373444,0.248397316765908,0,mean_abs_logprob_diff; abs_logprob_diff_p95; abs_logprob_diff_p99; rank_delta_nonzero_rate; topk_jaccard_mean; union_js_p99,mean_abs_logprob_diff; abs_logprob_diff_p99; topk_jaccard_mean; union_js_p99
2452ea884a1c69755f8d,REJECT,single sample violates one or more reject thresholds,128,128,0.5393109427481944,0.023419466901032138,1.815019043814391,2.6557917315512887,5.755308326482781,0.171875,0.36222339283774124,0.17117845117845118,0.46707874776166164,0.5995619248354089,0,mean_abs_logprob_diff; abs_logprob_diff_p95; abs_logprob_diff_p99; rank_delta_nonzero_rate; topk_jaccard_mean; union_js_p99,mean_abs_logprob_diff; abs_logprob_diff_p95; abs_logprob_diff_p99; rank_delta_nonzero_rate; topk_jaccard_mean; union_js_p99
24885d628a21faf5da2e,REJECT,single sample violates one or more reject thresholds,128,128,1.1857188321832317,0.5055685059924144,3.207778885059815,4.281298306424286,6.315252576526258,0.34375,0.37058502431683316,0.182996632996633,0.595153241681053,0.650215134036773,0,mean_abs_logprob_diff; abs_logprob_diff_p95; abs_logprob_diff_p99; rank_delta_nonzero_rate; topk_jaccard_mean; union_js_p99,mean_abs_logprob_diff; abs_logprob_diff_p95; abs_logprob_diff_p99; rank_delta_nonzero_rate; topk_jaccard_mean; union_js_p99
254d4e083f1f3af7315e,REJECT,single sample violates one or more reject thresholds,128,128,0.20048744854726125,0.0012453757263699572,0.7796336710453033,1.1421171993017194,1.9981976866722118,0.09375,0.3477521836553004,0.17117845117845118,0.16720282618330334,0.25834078924284676,0,mean_abs_logprob_diff; abs_logprob_diff_p95; abs_logprob_diff_p99; rank_delta_nonzero_rate; topk_jaccard_mean; union_js_p99,mean_abs_logprob_diff; abs_logprob_diff_p95; abs_logprob_diff_p99; rank_delta_nonzero_rate; topk_jaccard_mean; union_js_p99
254f62b5c98bb7ebef39,REJECT,single sample violates one or more reject thresholds,128,128,0.08678393311221266,0.0002529891655740357,0.07580823134630918,0.48311700224876375,2.1791067373752626,0.0234375,0.31691076832805193,0.18518518518518517,0.07878356568724215,0.31863772140121094,0,mean_abs_logprob_diff; abs_logprob_diff_p95; abs_logprob_diff_p99; topk_jaccard_mean; union_js_p99,mean_abs_logprob_diff; abs_logprob_diff_p95; abs_logprob_diff_p99; topk_jaccard_mean; union_js_p99
27afe64bb4199d6ce07e,REJECT,single sample violates one or more reject thresholds,128,128,0.14760130962332685,0.005873953981790692,0.40210388964042065,0.7306812822818746,1.9259218478202822,0.0703125,0.37333938146208506,0.14285714285714285,0.17499461372420322,0.41387015421091816,0,mean_abs_logprob_diff; abs_logprob_diff_p95; abs_logprob_diff_p99; rank_delta_nonzero_rate; topk_jaccard_mean; union_js_p99,mean_abs_logprob_diff; abs_logprob_diff_p95; abs_logprob_diff_p99; rank_delta_nonzero_rate; topk_jaccard_mean; union_js_p99
27c1b5b98923f83cfb5b,REJECT,single sample violates one or more reject thresholds,128,128,0.053529883435950554,0.00040177370830818404,0.07660740409046407,0.4605619683396054,0.8996529928222303,0.015625,0.436089592450101,0.23921568627450981,0.09146389563557203,0.24610369123004489,0,mean_abs_logprob_diff; abs_logprob_diff_p95; abs_logprob_diff_p99; topk_jaccard_mean; union_js_p99,mean_abs_logprob_diff; abs_logprob_diff_p95; abs_logprob_diff_p99; topk_jaccard_mean; union_js_p99
29b22f8dfaa66f1e6a59,REJECT,single sample violates one or more reject thresholds,128,128,0.10132351134736506,0.0007135704217944294,0.12470154762268065,0.45405487269162964,2.5952492970228245,0.046875,0.38221360598829673,0.19301187980433265,0.07484913691540743,0.42845411535905276,0,mean_abs_logprob_diff; abs_logprob_diff_p95; abs_logprob_diff_p99; rank_delta_nonzero_rate; topk_jaccard_mean; union_js_p99,mean_abs_logprob_diff; abs_logprob_diff_p95; abs_logprob_diff_p99; topk_jaccard_mean; union_js_p99
29f2b9019a91ff75122a,REJECT,single sample violates one or more reject thresholds,128,128,0.32872874834207627,0.04634300712496042,1.0034631490707395,1.5563684105873081,3.018275377750397,0.125,0.42472085930963144,0.23076923076923078,0.2627943707943158,0.30635154177155927,0,mean_abs_logprob_diff; abs_logprob_diff_p95; abs_logprob_diff_p99; rank_delta_nonzero_rate; topk_jaccard_mean; union_js_p99,mean_abs_logprob_diff; abs_logprob_diff_p95; abs_logprob_diff_p99; rank_delta_nonzero_rate; topk_jaccard_mean; union_js_p99
2a51504be7780b627a97,REJECT,single sample violates one or more reject thresholds,128,128,0.28242420498811704,0.0008937287757362355,0.2663350421935319,0.8098965801298617,2.9138391363620793,0.0625,0.37881153569792747,0.20754716981132076,0.11452167320635345,0.4921036704206043,0,mean_abs_logprob_diff; abs_logprob_diff_p95; abs_logprob_diff_p99; rank_delta_nonzero_rate; topk_jaccard_mean; union_js_p99,mean_abs_logprob_diff; abs_logprob_diff_p95; abs_logprob_diff_p99; rank_delta_nonzero_rate; topk_jaccard_mean; union_js_p99
2a79efb68605bc2f5fe4,REJECT,single sample violates one or more reject thresholds,128,128,1.235357882832408,0.6082421639475797,2.811368639068678,4.731797958165407,7.5105412828922296,0.359375,0.38489161736221594,0.18518518518518517,0.5563434302383135,0.6320102903829083,0,mean_abs_logprob_diff; abs_logprob_diff_p95; abs_logprob_diff_p99; rank_delta_nonzero_rate; topk_jaccard_mean; union_js_p99,mean_abs_logprob_diff; abs_logprob_diff_p95; abs_logprob_diff_p99; rank_delta_nonzero_rate; topk_jaccard_mean; union_js_p99
2c0557260880c3f444f7,REJECT,single sample violates one or more reject thresholds,128,128,1.0600211934663926,0.43175713717937825,2.9331651851534843,3.408141845464705,6.121380094223575,0.34375,0.3226066000324531,0.14285714285714285,0.5568263560313917,0.6596807194146466,0,mean_abs_logprob_diff; abs_logprob_diff_p95; abs_logprob_diff_p99; rank_delta_nonzero_rate; topk_jaccard_mean; union_js_p99,mean_abs_logprob_diff; abs_logprob_diff_p95; abs_logprob_diff_p99; rank_delta_nonzero_rate; topk_jaccard_mean; union_js_p99
2ddc769a3cc319dad592,REJECT,single sample violates one or more reject thresholds,128,128,0.04758164582462643,0.001489912406213989,0.07189570469781754,0.26754795461893077,0.8930804991722129,0.03125,0.40574677260495573,0.17117845117845118,0.02553436049265812,0.10183528472642153,0,mean_abs_logprob_diff; abs_logprob_diff_p95; abs_logprob_diff_p99; rank_delta_nonzero_rate; topk_jaccard_mean; union_js_p99,mean_abs_logprob_diff; abs_logprob_diff_p95; abs_logprob_diff_p99; topk_jaccard_mean; union_js_p99
2f98a6a94b0c75d8837b,REJECT,single sample violates one or more reject thresholds,128,128,0.8133215469008193,0.25313398241996765,2.1653414703905582,2.8306469023233243,7.8294470370304765,0.28125,0.42863329129900724,0.2549019607843137,0.4954115273228934,0.595178072043342,0,mean_abs_logprob_diff; abs_logprob_diff_p95; abs_logprob_diff_p99; rank_delta_nonzero_rate; topk_jaccard_mean; union_js_p99,mean_abs_logprob_diff; abs_logprob_diff_p95; abs_logprob_diff_p99; rank_delta_nonzero_rate; topk_jaccard_mean; union_js_p99
31b2823ed21b494473c6,REJECT,single sample violates one or more reject thresholds,128,128,0.055086823062236556,0.0013072179824007435,0.0714459281414746,0.30834392793476467,1.0648779711127287,0.015625,0.407689226393963,0.18518518518518517,0.06188484756112543,0.1542776069775778,0,mean_abs_logprob_diff; abs_logprob_diff_p95; abs_logprob_diff_p99; topk_jaccard_mean; union_js_p99,mean_abs_logprob_diff; abs_logprob_diff_p95; abs_logprob_diff_p99; topk_jaccard_mean; union_js_p99
32afc9ca6b0f03d2f8c5,REJECT,single sample violates one or more reject thresholds,128,128,0.15950239719275872,0.0022276709059951827,0.4701853260397908,0.9288250744342799,1.5689214837551124,0.0703125,0.36184322532259744,0.15012987012987014,0.16345338963574638,0.23425367642201986,0,mean_abs_logprob_diff; abs_logprob_diff_p95; abs_logprob_diff_p99; rank_delta_nonzero_rate; topk_jaccard_mean; union_js_p99,mean_abs_logprob_diff; abs_logprob_diff_p95; abs_logprob_diff_p99; rank_delta_nonzero_rate; topk_jaccard_mean; union_js_p99
33b0a11bae14f2134af4,REJECT,single sample violates one or more reject thresholds,128,128,0.1516508619594879,0.0028952152679266874,0.35233424901962274,0.9465749084949484,2.5509662508964572,0.046875,0.36251067870777903,0.0847457627118644,0.1425952415361494,0.2473145969991273,0,mean_abs_logprob_diff; abs_logprob_diff_p95; abs_logprob_diff_p99; rank_delta_nonzero_rate; topk_jaccard_mean; union_js_p99,mean_abs_logprob_diff; abs_logprob_diff_p95; abs_logprob_diff_p99; topk_jaccard_mean; union_js_p99
36358749e573acbcc628,REJECT,single sample violates one or more reject thresholds,128,128,1.2407674675178828,0.6586818575506186,3.08539754524827,4.749014012934635,8.409742766702553,0.3828125,0.335088301603124,0.20754716981132076,0.5786489423575204,0.6744558554258253,0,mean_abs_logprob_diff; abs_logprob_diff_p95; abs_logprob_diff_p99; rank_delta_nonzero_rate; topk_jaccard_mean; union_js_p99,mean_abs_logprob_diff; abs_logprob_diff_p95; abs_logprob_diff_p99; rank_delta_nonzero_rate; topk_jaccard_mean; union_js_p99
36b6809c027eea902111,REJECT,single sample violates one or more reject thresholds,128,128,0.023136969899120008,0.0007491538485737692,0.02193159880553139,0.07246085107326497,0.4518589983880521,0.0078125,0.3767682087898477,0.18518518518518517,0.0284620281105102,0.1100525436002177,0,mean_abs_logprob_diff; abs_logprob_diff_p99; topk_jaccard_mean; union_js_p99,topk_jaccard_mean; union_js_p99
371f5f89afb967ebe762,REJECT,single sample violates one or more reject thresholds,128,128,0.050634623002282386,0.00032991544696869823,0.03135802173055709,0.2326514476910232,1.3963162930309811,0.015625,0.4029330645380628,0.28,0.050561271060753865,0.21327963367451613,0,mean_abs_logprob_diff; abs_logprob_diff_p95; abs_logprob_diff_p99; topk_jaccard_mean; union_js_p99,mean_abs_logprob_diff; abs_logprob_diff_p95; abs_logprob_diff_p99; topk_jaccard_mean; union_js_p99
3d3cd44da6c8d94f2172,REJECT,single sample violates one or more reject thresholds,128,128,1.054406666885293,0.40998905897140503,3.471682898513973,4.026493104646213,6.257653918564323,0.328125,0.4167483243567693,0.2279390420899855,0.5886106624217868,0.6502017989531135,0,mean_abs_logprob_diff; abs_logprob_diff_p95; abs_logprob_diff_p99; rank_delta_nonzero_rate; topk_jaccard_mean; union_js_p99,mean_abs_logprob_diff; abs_logprob_diff_p95; abs_logprob_diff_p99; rank_delta_nonzero_rate; topk_jaccard_mean; union_js_p99
3d696aea5e90940f0f85,REJECT,single sample violates one or more reject thresholds,128,128,0.1660460651526035,0.007578104545245878,0.24637705273926258,0.6363769292831402,1.4776037198305154,0.015625,0.3478988122191027,0.14285714285714285,0.11037901151040275,0.2837010235912821,0,mean_abs_logprob_diff; abs_logprob_diff_p95; abs_logprob_diff_p99; topk_jaccard_mean; union_js_p99,mean_abs_logprob_diff; abs_logprob_diff_p95; abs_logprob_diff_p99; topk_jaccard_mean; union_js_p99
40a11064186f76a13eb6,REJECT,single sample violates one or more reject thresholds,128,128,0.9901203900446365,0.13569265793103114,2.785021533071995,4.1195785574615,6.506163318827753,0.2890625,0.3627066718604159,0.21567489114658928,0.5245112140458161,0.5913649060165092,0,mean_abs_logprob_diff; abs_logprob_diff_p95; abs_logprob_diff_p99; rank_delta_nonzero_rate; topk_jaccard_mean; union_js_p99,mean_abs_logprob_diff; abs_logprob_diff_p95; abs_logprob_diff_p99; rank_delta_nonzero_rate; topk_jaccard_mean; union_js_p99
427558f1540f9f15a1d6,REJECT,single sample violates one or more reject thresholds,128,128,0.7573794685818585,0.24266055971384048,2.233320188522339,3.2312135397456556,7.246423361711205,0.2265625,0.459011883200014,0.21567489114658928,0.5501981940943267,0.6158368094765829,0,mean_abs_logprob_diff; abs_logprob_diff_p95; abs_logprob_diff_p99; rank_delta_nonzero_rate; topk_jaccard_mean; union_js_p99,mean_abs_logprob_diff; abs_logprob_diff_p95; abs_logprob_diff_p99; rank_delta_nonzero_rate; topk_jaccard_mean; union_js_p99
4362be0e95f2264e40d3,REJECT,single sample violates one or more reject thresholds,128,128,0.5241177423098353,0.23992982506752014,1.287669336795806,2.0046532273292526,3.3622639513015757,0.296875,0.49831130720169753,0.28,0.23067743596359608,0.3244846442666264,0,mean_abs_logprob_diff; abs_logprob_diff_p95; abs_logprob_diff_p99; rank_delta_nonzero_rate; topk_jaccard_mean; union_js_p99,mean_abs_logprob_diff; abs_logprob_diff_p95; abs_logprob_diff_p99; rank_delta_nonzero_rate; topk_jaccard_mean; union_js_p99
43d24dea109fc2bee478,REJECT,single sample violates one or more reject thresholds,128,128,1.158024825966494,0.4976700013503432,3.1703786596655847,4.1799719274044005,6.45051063060761,0.359375,0.38343878119530544,0.20754716981132076,0.5812758587237834,0.6385800953023772,0,mean_abs_logprob_diff; abs_logprob_diff_p95; abs_logprob_diff_p99; rank_delta_nonzero_rate; topk_jaccard_mean; union_js_p99,mean_abs_logprob_diff; abs_logprob_diff_p95; abs_logprob_diff_p99; rank_delta_nonzero_rate; topk_jaccard_mean; union_js_p99
4418047bdabefce010fe,REJECT,single sample violates one or more reject thresholds,128,128,1.061078735954554,0.4331462625414275,3.4785170942544936,3.8697845040296657,6.2663929593563115,0.34375,0.41713621067442064,0.21567489114658928,0.5919699156954317,0.6498763316879135,0,mean_abs_logprob_diff; abs_logprob_diff_p95; abs_logprob_diff_p99; rank_delta_nonzero_rate; topk_jaccard_mean; union_js_p99,mean_abs_logprob_diff; abs_logprob_diff_p95; abs_logprob_diff_p99; rank_delta_nonzero_rate; topk_jaccard_mean; union_js_p99
446dceccf620daa17288,REJECT,single sample violates one or more reject thresholds,128,128,1.1862143646153553,0.6477371927958302,3.06293580532074,3.594046039954992,5.92792765903636,0.40625,0.35833989445224945,0.2279390420899855,0.5875074201719784,0.6611436506958934,0,mean_abs_logprob_diff; abs_logprob_diff_p95; abs_logprob_diff_p99; rank_delta_nonzero_rate; topk_jaccard_mean; union_js_p99,mean_abs_logprob_diff; abs_logprob_diff_p95; abs_logprob_diff_p99; rank_delta_nonzero_rate; topk_jaccard_mean; union_js_p99
46fb24dbcef75f627480,REJECT,single sample violates one or more reject thresholds,128,128,1.0337216136786846,0.38348450581577254,3.3101648913696406,4.227141366899012,7.366280174627903,0.28125,0.3688228785079451,0.20754716981132076,0.5973090039183008,0.6201216733803783,0,mean_abs_logprob_diff; abs_logprob_diff_p95; abs_logprob_diff_p99; rank_delta_nonzero_rate; topk_jaccard_mean; union_js_p99,mean_abs_logprob_diff; abs_logprob_diff_p95; abs_logprob_diff_p99; rank_delta_nonzero_rate; topk_jaccard_mean; union_js_p99
473cbdaf4c59655f87d1,REJECT,single sample violates one or more reject thresholds,128,128,0.09131604206809202,0.00032491106284737725,0.08339956644922482,0.4772822059690951,1.7172726857662215,0.0546875,0.4325423313239291,0.30612244897959184,0.08803069128119863,0.21211470423617923,0,mean_abs_logprob_diff; abs_logprob_diff_p95; abs_logprob_diff_p99; rank_delta_nonzero_rate; topk_jaccard_mean; union_js_p99,mean_abs_logprob_diff; abs_logprob_diff_p95; abs_logprob_diff_p99; topk_jaccard_mean; union_js_p99
4782b9784239087a6e8c,REJECT,single sample violates one or more reject thresholds,128,128,0.22442643436689502,0.0021450733656820375,0.32617034912109333,0.8536401018500326,2.4944685816764833,0.0625,0.39401758180553664,0.15012987012987014,0.1223637347815057,0.4159541436735452,0,mean_abs_logprob_diff; abs_logprob_diff_p95; abs_logprob_diff_p99; rank_delta_nonzero_rate; topk_jaccard_mean; union_js_p99,mean_abs_logprob_diff; abs_logprob_diff_p95; abs_logprob_diff_p99; rank_delta_nonzero_rate; topk_jaccard_mean; union_js_p99
4b1e71db3e319a78014b,REJECT,single sample violates one or more reject thresholds,128,128,0.12409304781953623,0.004698343363088497,0.3280157700181007,0.6759024500846841,1.3937794363498688,0.046875,0.387675061050826,0.16363636363636364,0.17608525375937176,0.23430443347510432,0,mean_abs_logprob_diff; abs_logprob_diff_p95; abs_logprob_diff_p99; rank_delta_nonzero_rate; topk_jaccard_mean; union_js_p99,mean_abs_logprob_diff; abs_logprob_diff_p95; abs_logprob_diff_p99; topk_jaccard_mean; union_js_p99
4bc38e4951d5c195ad83,REJECT,single sample violates one or more reject thresholds,128,128,0.8785636601047209,0.1888481341302395,2.8583288118243217,3.942734742257744,6.835139363559067,0.28125,0.3328656637763437,0.17117845117845118,0.6017695447727125,0.6792419066435738,0,mean_abs_logprob_diff; abs_logprob_diff_p95; abs_logprob_diff_p99; rank_delta_nonzero_rate; topk_jaccard_mean; union_js_p99,mean_abs_logprob_diff; abs_logprob_diff_p95; abs_logprob_diff_p99; rank_delta_nonzero_rate; topk_jaccard_mean; union_js_p99
4c4f4baf4e046e758479,REJECT,single sample violates one or more reject thresholds,128,128,1.3434119250962453,0.815052046906203,2.9892820375040166,5.113542631058953,7.157577519826593,0.40625,0.36698810238055685,0.21415094339622642,0.547808323547627,0.6645765066945033,0,mean_abs_logprob_diff; abs_logprob_diff_p95; abs_logprob_diff_p99; rank_delta_nonzero_rate; topk_jaccard_mean; union_js_p99,mean_abs_logprob_diff; abs_logprob_diff_p95; abs_logprob_diff_p99; rank_delta_nonzero_rate; topk_jaccard_mean; union_js_p99
4c7614fc3ab24132bdb1,REJECT,single sample violates one or more reject thresholds,128,128,0.6236636217161302,0.0786160139250569,1.8905173182487485,2.683258119225502,4.03573871633038,0.234375,0.41168415971579686,0.23076923076923078,0.3963272144586497,0.5970620562786579,0,mean_abs_logprob_diff; abs_logprob_diff_p95; abs_logprob_diff_p99; rank_delta_nonzero_rate; topk_jaccard_mean; union_js_p99,mean_abs_logprob_diff; abs_logprob_diff_p95; abs_logprob_diff_p99; rank_delta_nonzero_rate; topk_jaccard_mean; union_js_p99
4c9209ac66e76ca9790d,REJECT,single sample violates one or more reject thresholds,128,128,0.14243357341374685,0.0011872343957293197,0.4958166133612389,0.9605557471513747,1.8128238862752926,0.0390625,0.3710956677594818,0.18518518518518517,0.20906246637189,0.4239580116295999,0,mean_abs_logprob_diff; abs_logprob_diff_p95; abs_logprob_diff_p99; rank_delta_nonzero_rate; topk_jaccard_mean; union_js_p99,mean_abs_logprob_diff; abs_logprob_diff_p95; abs_logprob_diff_p99; topk_jaccard_mean; union_js_p99
4cb560834f71c085b803,REJECT,single sample violates one or more reject thresholds,128,128,0.06876211970236235,0.0004397820155190857,0.10686677079647774,0.2710325233638283,1.4659831634163858,0.03125,0.4347029365524457,0.2549019607843137,0.07844558493217671,0.21221981155039982,0,mean_abs_logprob_diff; abs_logprob_diff_p95; abs_logprob_diff_p99; rank_delta_nonzero_rate; topk_jaccard_mean; union_js_p99,mean_abs_logprob_diff; abs_logprob_diff_p95; abs_logprob_diff_p99; topk_jaccard_mean; union_js_p99
4dfde89039b9f1884bb5,REJECT,single sample violates one or more reject thresholds,128,128,0.2339405532525079,0.011552260519238189,0.7826671659946436,1.2431298971176137,2.3601914697885515,0.109375,0.36805679468706287,0.12280701754385964,0.23891149332074127,0.358145278274415,0,mean_abs_logprob_diff; abs_logprob_diff_p95; abs_logprob_diff_p99; rank_delta_nonzero_rate; topk_jaccard_mean; union_js_p99,mean_abs_logprob_diff; abs_logprob_diff_p95; abs_logprob_diff_p99; rank_delta_nonzero_rate; topk_jaccard_mean; union_js_p99
4f8347f6ca96783e69d3,REJECT,single sample violates one or more reject thresholds,128,128,0.8720369237834658,0.0726174116407492,2.7485431730747223,3.527595397830005,6.327003913319205,0.28125,0.35579714165796644,0.18518518518518517,0.5701078354847418,0.6402363175627136,0,mean_abs_logprob_diff; abs_logprob_diff_p95; abs_logprob_diff_p99; rank_delta_nonzero_rate; topk_jaccard_mean; union_js_p99,mean_abs_logprob_diff; abs_logprob_diff_p95; abs_logprob_diff_p99; rank_delta_nonzero_rate; topk_jaccard_mean; union_js_p99
536de0e450d7da19125d,REJECT,single sample violates one or more reject thresholds,128,128,1.2997367985320216,0.5400498796516331,3.5576894789934155,4.686666568368672,7.394269186332823,0.40625,0.36478955891496406,0.20754716981132076,0.6114949228288675,0.6339665311382549,0,mean_abs_logprob_diff; abs_logprob_diff_p95; abs_logprob_diff_p99; rank_delta_nonzero_rate; topk_jaccard_mean; union_js_p99,mean_abs_logprob_diff; abs_logprob_diff_p95; abs_logprob_diff_p99; rank_delta_nonzero_rate; topk_jaccard_mean; union_js_p99
5398fc5df49b92c0e509,REJECT,single sample violates one or more reject thresholds,128,128,0.1126916772073085,0.00019113259259029292,0.4589127510786055,0.8335191309452048,1.6505109828710571,0.0625,0.3555055737103328,0.15012987012987014,0.09729428278824376,0.31576934556081493,0,mean_abs_logprob_diff; abs_logprob_diff_p95; abs_logprob_diff_p99; rank_delta_nonzero_rate; topk_jaccard_mean; union_js_p99,mean_abs_logprob_diff; abs_logprob_diff_p95; abs_logprob_diff_p99; rank_delta_nonzero_rate; topk_jaccard_mean; union_js_p99
554e6e4c62ef5419bb05,REJECT,single sample violates one or more reject thresholds,128,128,1.2316130185548957,0.6254474520683289,3.260002142190933,4.119287649169563,5.882691812571142,0.40625,0.39622013311878873,0.2517156862745098,0.5883262023767468,0.6439175610845685,0,mean_abs_logprob_diff; abs_logprob_diff_p95; abs_logprob_diff_p99; rank_delta_nonzero_rate; topk_jaccard_mean; union_js_p99,mean_abs_logprob_diff; abs_logprob_diff_p95; abs_logprob_diff_p99; rank_delta_nonzero_rate; topk_jaccard_mean; union_js_p99
56850111c3b4ff2ddf28,REJECT,single sample violates one or more reject thresholds,128,128,0.18070860426913682,0.006361007956115827,0.5005690976977348,0.7072945266962052,3.274210633039477,0.0859375,0.3753933345046576,0.16363636363636364,0.1657390508285167,0.36875412754206655,0,mean_abs_logprob_diff; abs_logprob_diff_p95; abs_logprob_diff_p99; rank_delta_nonzero_rate; topk_jaccard_mean; union_js_p99,mean_abs_logprob_diff; abs_logprob_diff_p95; abs_logprob_diff_p99; rank_delta_nonzero_rate; topk_jaccard_mean; union_js_p99
58acfdb52b5feb9a194a,REJECT,single sample violates one or more reject thresholds,128,128,0.05372917860254994,0.0003398673580079503,0.11712276190519326,0.24230525791645047,0.8282608139514931,0.03125,0.3770120157426163,0.18518518518518517,0.032649015217784,0.2382934803574967,0,mean_abs_logprob_diff; abs_logprob_diff_p95; abs_logprob_diff_p99; rank_delta_nonzero_rate; topk_jaccard_mean; union_js_p99,mean_abs_logprob_diff; abs_logprob_diff_p95; abs_logprob_diff_p99; topk_jaccard_mean; union_js_p99
58fa31051707ef2cb0c9,REJECT,single sample violates one or more reject thresholds,128,128,0.800143387973987,0.22844011901179329,2.4588737055659293,3.2474639657884827,6.249615783095364,0.2421875,0.46429524718389314,0.28,0.41287675461783613,0.5638316538150981,0,mean_abs_logprob_diff; abs_logprob_diff_p95; abs_logprob_diff_p99; rank_delta_nonzero_rate; topk_jaccard_mean; union_js_p99,mean_abs_logprob_diff; abs_logprob_diff_p95; abs_logprob_diff_p99; rank_delta_nonzero_rate; topk_jaccard_mean; union_js_p99
59428fed598f61849689,REJECT,single sample violates one or more reject thresholds,128,128,0.9489816669411454,0.38607755676139277,2.287981784343719,3.9936866216361517,6.0320898395776785,0.34375,0.472079720384705,0.2636862745098039,0.41100902357988134,0.5665845014322276,0,mean_abs_logprob_diff; abs_logprob_diff_p95; abs_logprob_diff_p99; rank_delta_nonzero_rate; topk_jaccard_mean; union_js_p99,mean_abs_logprob_diff; abs_logprob_diff_p95; abs_logprob_diff_p99; rank_delta_nonzero_rate; topk_jaccard_mean; union_js_p99
5b84452be308abfbbf02,REJECT,single sample violates one or more reject thresholds,128,128,1.483745422192923,0.6848841458559036,3.8486027300357812,4.491061125695704,8.846407295465475,0.40625,0.3201001559205875,0.16363636363636364,0.6307212720921102,0.6671760386015467,0,mean_abs_logprob_diff; abs_logprob_diff_p95; abs_logprob_diff_p99; rank_delta_nonzero_rate; topk_jaccard_mean; union_js_p99,mean_abs_logprob_diff; abs_logprob_diff_p95; abs_logprob_diff_p99; rank_delta_nonzero_rate; topk_jaccard_mean; union_js_p99
5d64b2baf04953769267,REJECT,single sample violates one or more reject thresholds,128,128,0.9814521005880468,0.48539905226789415,2.2203747898340227,3.4822733974084237,7.180870314249771,0.3203125,0.3927968193763429,0.23076923076923078,0.4954759199517782,0.6376851128004684,0,mean_abs_logprob_diff; abs_logprob_diff_p95; abs_logprob_diff_p99; rank_delta_nonzero_rate; topk_jaccard_mean; union_js_p99,mean_abs_logprob_diff; abs_logprob_diff_p95; abs_logprob_diff_p99; rank_delta_nonzero_rate; topk_jaccard_mean; union_js_p99
5df619af4fd1ad46c81f,REJECT,single sample violates one or more reject thresholds,128,128,1.2537284836846483,0.5213422748502126,3.923524463176727,4.367097722191828,6.981444038301709,0.3984375,0.3495456218077691,0.20754716981132076,0.6309098315312023,0.6465100774162558,0,mean_abs_logprob_diff; abs_logprob_diff_p95; abs_logprob_diff_p99; rank_delta_nonzero_rate; topk_jaccard_mean; union_js_p99,mean_abs_logprob_diff; abs_logprob_diff_p95; abs_logprob_diff_p99; rank_delta_nonzero_rate; topk_jaccard_mean; union_js_p99
6013deb8f43a8eb5014c,REJECT,single sample violates one or more reject thresholds,128,128,0.08858080070238722,0.0001964369813549638,0.05992744900286196,0.30395605117082464,2.260743465423588,0.0390625,0.44394247141976706,0.28,0.05313366623791328,0.20398061464866862,0,mean_abs_logprob_diff; abs_logprob_diff_p95; abs_logprob_diff_p99; rank_delta_nonzero_rate; topk_jaccard_mean; union_js_p99,mean_abs_logprob_diff; abs_logprob_diff_p95; abs_logprob_diff_p99; topk_jaccard_mean; union_js_p99
668ec3c1c15cb02a4375,REJECT,single sample violates one or more reject thresholds,128,128,0.035772730279026166,0.0012213265300751175,0.06069392662011507,0.23341185599565473,0.6858991676568988,0.0078125,0.3905788741101514,0.21567489114658928,0.035317004319837204,0.06911063828408462,0,mean_abs_logprob_diff; abs_logprob_diff_p95; abs_logprob_diff_p99; topk_jaccard_mean; union_js_p99,mean_abs_logprob_diff; abs_logprob_diff_p95; abs_logprob_diff_p99; topk_jaccard_mean; union_js_p99
674c6ea6cf764bec2057,REJECT,single sample violates one or more reject thresholds,128,128,0.08531840398016916,0.00027414302508077526,0.37956019341945646,0.5039075016975403,1.2710146912932399,0.046875,0.3677686886023442,0.20754716981132076,0.08441307670478877,0.22326273241533412,0,mean_abs_logprob_diff; abs_logprob_diff_p95; abs_logprob_diff_p99; rank_delta_nonzero_rate; topk_jaccard_mean; union_js_p99,mean_abs_logprob_diff; abs_logprob_diff_p95; abs_logprob_diff_p99; topk_jaccard_mean; union_js_p99
6777c603c16881faf801,REJECT,single sample violates one or more reject thresholds,128,128,0.0837589936797864,0.00015758202883375816,0.07634282261133193,0.3127781756222233,1.8925592023134241,0.0390625,0.36884393683486977,0.23076923076923078,0.05816811960488965,0.23930149496624853,0,mean_abs_logprob_diff; abs_logprob_diff_p95; abs_logprob_diff_p99; rank_delta_nonzero_rate; topk_jaccard_mean; union_js_p99,mean_abs_logprob_diff; abs_logprob_diff_p95; abs_logprob_diff_p99; topk_jaccard_mean; union_js_p99
6acbef27347eccd07c24,REJECT,single sample violates one or more reject thresholds,128,128,1.2934503456626967,0.7516944266424161,3.517320758104324,3.92025412460789,6.186616315067519,0.3984375,0.35887122017921946,0.20754716981132076,0.5731038794252956,0.6625702295322725,0,mean_abs_logprob_diff; abs_logprob_diff_p95; abs_logprob_diff_p99; rank_delta_nonzero_rate; topk_jaccard_mean; union_js_p99,mean_abs_logprob_diff; abs_logprob_diff_p95; abs_logprob_diff_p99; rank_delta_nonzero_rate; topk_jaccard_mean; union_js_p99
6c82476bd3ee46b06d06,REJECT,single sample violates one or more reject thresholds,128,128,0.10269909418233092,0.0019827390860882588,0.22495690248906602,0.585124757885932,1.7138126057386411,0.046875,0.38425611176484403,0.18518518518518517,0.08976130323729241,0.18417457297109707,0,mean_abs_logprob_diff; abs_logprob_diff_p95; abs_logprob_diff_p99; rank_delta_nonzero_rate; topk_jaccard_mean; union_js_p99,mean_abs_logprob_diff; abs_logprob_diff_p95; abs_logprob_diff_p99; topk_jaccard_mean; union_js_p99
6cfe70e13bcbaa3c8111,REJECT,single sample violates one or more reject thresholds,128,128,0.022323188462774146,0.0016679509462278475,0.03360373376126514,0.12132398094981894,0.4075022175535564,0.0,0.4086486758328621,0.23076923076923078,0.015012768638298809,0.059085138518896116,0,mean_abs_logprob_diff; abs_logprob_diff_p95; abs_logprob_diff_p99; topk_jaccard_mean; union_js_p99,topk_jaccard_mean
6daffa590383c25fcd17,REJECT,single sample violates one or more reject thresholds,128,128,0.20481392543427507,0.005078962283732835,0.15961985746398558,0.46906132772564746,1.2126066422462491,0.0234375,0.3459552482768618,0.12280701754385964,0.08598421680379387,0.36130736857736434,0,mean_abs_logprob_diff; abs_logprob_diff_p95; abs_logprob_diff_p99; topk_jaccard_mean; union_js_p99,mean_abs_logprob_diff; abs_logprob_diff_p95; abs_logprob_diff_p99; topk_jaccard_mean; union_js_p99
7086e023532b893d4bae,REJECT,single sample violates one or more reject thresholds,128,128,1.4135678263777278,0.8252153769135475,3.342188934236765,4.800142723321909,8.332242653965956,0.4921875,0.40264929132703864,0.2279390420899855,0.5906732920872059,0.6283471446076396,0,mean_abs_logprob_diff; abs_logprob_diff_p95; abs_logprob_diff_p99; rank_delta_nonzero_rate; topk_jaccard_mean; union_js_p99,mean_abs_logprob_diff; abs_logprob_diff_p95; abs_logprob_diff_p99; rank_delta_nonzero_rate; topk_jaccard_mean; union_js_p99
71097911ce5b11ea1460,REJECT,single sample violates one or more reject thresholds,128,128,1.2789712858516715,0.6497168466448784,3.19001191323623,4.437041115760803,8.36936631441117,0.40625,0.3757772706309785,0.16363636363636364,0.5639852009812515,0.6297616620763995,0,mean_abs_logprob_diff; abs_logprob_diff_p95; abs_logprob_diff_p99; rank_delta_nonzero_rate; topk_jaccard_mean; union_js_p99,mean_abs_logprob_diff; abs_logprob_diff_p95; abs_logprob_diff_p99; rank_delta_nonzero_rate; topk_jaccard_mean; union_js_p99
71a52be839a16d2f9be8,REJECT,single sample violates one or more reject thresholds,128,128,0.08863954558202886,0.00023791314816890008,0.16289668474346375,0.3946446165442462,1.3583081954717657,0.03125,0.3861096910650171,0.23076923076923078,0.05567642149692921,0.13185688583563795,0,mean_abs_logprob_diff; abs_logprob_diff_p95; abs_logprob_diff_p99; rank_delta_nonzero_rate; topk_jaccard_mean; union_js_p99,mean_abs_logprob_diff; abs_logprob_diff_p95; abs_logprob_diff_p99; topk_jaccard_mean; union_js_p99
72bd5bcb55602acf77d2,REJECT,single sample violates one or more reject thresholds,128,128,0.9055904752625468,0.4020000323658337,2.181416352652015,3.8365162680041944,6.621524804607034,0.3359375,0.3690458275521191,0.23076923076923078,0.5084454016320847,0.6133205355996454,0,mean_abs_logprob_diff; abs_logprob_diff_p95; abs_logprob_diff_p99; rank_delta_nonzero_rate; topk_jaccard_mean; union_js_p99,mean_abs_logprob_diff; abs_logprob_diff_p95; abs_logprob_diff_p99; rank_delta_nonzero_rate; topk_jaccard_mean; union_js_p99
76cfc0629d2bad7c20fb,REJECT,single sample violates one or more reject thresholds,128,128,0.781687897243613,0.402877613902092,2.025857025384903,2.4409452360123387,5.271471390724185,0.34375,0.4865350541268917,0.30612244897959184,0.42108633729130696,0.5173530549254013,0,mean_abs_logprob_diff; abs_logprob_diff_p95; abs_logprob_diff_p99; rank_delta_nonzero_rate; topk_jaccard_mean; union_js_p99,mean_abs_logprob_diff; abs_logprob_diff_p95; abs_logprob_diff_p99; rank_delta_nonzero_rate; topk_jaccard_mean; union_js_p99
774557917a3cbf84f6f9,REJECT,single sample violates one or more reject thresholds,128,128,0.14288290298531936,0.00445353777922719,0.2947892828844485,0.6685022264719003,2.3077888745069517,0.0546875,0.41626589872526626,0.23076923076923078,0.15370419221148668,0.3654672228226891,0,mean_abs_logprob_diff; abs_logprob_diff_p95; abs_logprob_diff_p99; rank_delta_nonzero_rate; topk_jaccard_mean; union_js_p99,mean_abs_logprob_diff; abs_logprob_diff_p95; abs_logprob_diff_p99; topk_jaccard_mean; union_js_p99
79e661ffad6284ba8475,REJECT,single sample violates one or more reject thresholds,128,128,0.7347505247912227,0.19726980119594373,2.1182876437902447,2.560377632081508,5.991547362506399,0.28125,0.43307005802345244,0.2764313725490196,0.41800533958279085,0.4707540838189497,0,mean_abs_logprob_diff; abs_logprob_diff_p95; abs_logprob_diff_p99; rank_delta_nonzero_rate; topk_jaccard_mean; union_js_p99,mean_abs_logprob_diff; abs_logprob_diff_p95; abs_logprob_diff_p99; rank_delta_nonzero_rate; topk_jaccard_mean; union_js_p99
7a613643598c07a5fd54,REJECT,single sample violates one or more reject thresholds,128,128,0.8528436540870485,0.13842764496803284,2.8081802159547795,4.4358803172828605,7.7711011354625255,0.234375,0.3851568945823131,0.20754716981132076,0.5800833737382586,0.6675459366682047,0,mean_abs_logprob_diff; abs_logprob_diff_p95; abs_logprob_diff_p99; rank_delta_nonzero_rate; topk_jaccard_mean; union_js_p99,mean_abs_logprob_diff; abs_logprob_diff_p95; abs_logprob_diff_p99; rank_delta_nonzero_rate; topk_jaccard_mean; union_js_p99
7be132b0daecc07a766e,REJECT,single sample violates one or more reject thresholds,128,128,0.6552452373193898,0.19187796371988952,1.8427765737782464,2.6247153550386413,4.94118353366852,0.2421875,0.4729733979958891,0.28914285714285715,0.34744114012007493,0.5374839588052387,0,mean_abs_logprob_diff; abs_logprob_diff_p95; abs_logprob_diff_p99; rank_delta_nonzero_rate; topk_jaccard_mean; union_js_p99,mean_abs_logprob_diff; abs_logprob_diff_p95; abs_logprob_diff_p99; rank_delta_nonzero_rate; topk_jaccard_mean; union_js_p99
7c3ada951af1fb924874,REJECT,single sample violates one or more reject thresholds,128,128,0.4347730112026902,0.13596680760383606,1.0078803181648253,1.4901436470448968,3.6825955939292916,0.1875,0.47613650849966527,0.28,0.2540508747837942,0.3567724195634512,0,mean_abs_logprob_diff; abs_logprob_diff_p95; abs_logprob_diff_p99; rank_delta_nonzero_rate; topk_jaccard_mean; union_js_p99,mean_abs_logprob_diff; abs_logprob_diff_p95; abs_logprob_diff_p99; rank_delta_nonzero_rate; topk_jaccard_mean; union_js_p99
7fc84cfa5f84c9243cd0,REJECT,single sample violates one or more reject thresholds,128,128,0.1331879689937066,0.001484486783738248,0.4311345588415859,0.6695571988821027,1.605743389129639,0.0390625,0.3793992010568918,0.19301187980433265,0.15906554624971236,0.2636798054357255,0,mean_abs_logprob_diff; abs_logprob_diff_p95; abs_logprob_diff_p99; rank_delta_nonzero_rate; topk_jaccard_mean; union_js_p99,mean_abs_logprob_diff; abs_logprob_diff_p95; abs_logprob_diff_p99; topk_jaccard_mean; union_js_p99
7fd7e84c47c07f201203,REJECT,single sample violates one or more reject thresholds,128,128,1.227849505559529,0.7569989801268093,2.6749517910182474,4.16398444656515,7.240436066985134,0.3984375,0.3616181506252644,0.20754716981132076,0.5301274890812042,0.6394691531200495,0,mean_abs_logprob_diff; abs_logprob_diff_p95; abs_logprob_diff_p99; rank_delta_nonzero_rate; topk_jaccard_mean; union_js_p99,mean_abs_logprob_diff; abs_logprob_diff_p95; abs_logprob_diff_p99; rank_delta_nonzero_rate; topk_jaccard_mean; union_js_p99
8039923b9c867d3902cb,REJECT,single sample violates one or more reject thresholds,128,128,0.5845612341132469,0.22908926010131836,1.6485437989234923,2.1006724091013886,2.971401978544893,0.2578125,0.4384739817288349,0.23921568627450981,0.35950385492500164,0.5040659703448912,0,mean_abs_logprob_diff; abs_logprob_diff_p95; abs_logprob_diff_p99; rank_delta_nonzero_rate; topk_jaccard_mean; union_js_p99,mean_abs_logprob_diff; abs_logprob_diff_p95; abs_logprob_diff_p99; rank_delta_nonzero_rate; topk_jaccard_mean; union_js_p99
80da37d7496c38b8b538,REJECT,single sample violates one or more reject thresholds,128,128,0.09506892861175809,0.00011932137203984894,0.10996452607214449,0.5720774650573724,1.3142439977172768,0.0234375,0.41061793540572533,0.23076923076923078,0.10717510708093583,0.3962028945450544,0,mean_abs_logprob_diff; abs_logprob_diff_p95; abs_logprob_diff_p99; topk_jaccard_mean; union_js_p99,mean_abs_logprob_diff; abs_logprob_diff_p95; abs_logprob_diff_p99; topk_jaccard_mean; union_js_p99
87b1b04483edc612ca02,REJECT,single sample violates one or more reject thresholds,128,128,1.2497323124991322,0.49480049312285246,3.857267051935195,5.533324485272168,7.216555757224562,0.3203125,0.3722485654237242,0.20754716981132076,0.6133324412062208,0.6524023344963881,0,mean_abs_logprob_diff; abs_logprob_diff_p95; abs_logprob_diff_p99; rank_delta_nonzero_rate; topk_jaccard_mean; union_js_p99,mean_abs_logprob_diff; abs_logprob_diff_p95; abs_logprob_diff_p99; rank_delta_nonzero_rate; topk_jaccard_mean; union_js_p99
888143df5d12f0a0df95,REJECT,single sample violates one or more reject thresholds,128,128,0.6228535179751045,0.08689407259225845,1.8363272249698632,2.690860748291015,4.045153233129533,0.2421875,0.4132059800891521,0.23076923076923078,0.3915993757856784,0.5968923363189185,0,mean_abs_logprob_diff; abs_logprob_diff_p95; abs_logprob_diff_p99; rank_delta_nonzero_rate; topk_jaccard_mean; union_js_p99,mean_abs_logprob_diff; abs_logprob_diff_p95; abs_logprob_diff_p99; rank_delta_nonzero_rate; topk_jaccard_mean; union_js_p99
8896c20ee2df2e8b3133,REJECT,single sample violates one or more reject thresholds,128,128,0.7963842326941903,0.35714106590967276,1.9459901034832,2.9447662860155086,4.529777187854054,0.3046875,0.4428622755874854,0.2549019607843137,0.42356070336769114,0.5430062617041933,0,mean_abs_logprob_diff; abs_logprob_diff_p95; abs_logprob_diff_p99; rank_delta_nonzero_rate; topk_jaccard_mean; union_js_p99,mean_abs_logprob_diff; abs_logprob_diff_p95; abs_logprob_diff_p99; rank_delta_nonzero_rate; topk_jaccard_mean; union_js_p99
894f267072dcab0b34ac,REJECT,single sample violates one or more reject thresholds,128,128,0.5418092651556263,0.024949679208489783,1.7500897788442669,2.6702420718967907,5.905816148668536,0.1875,0.3585070975133904,0.15012987012987014,0.4849150141926522,0.6118197838835202,0,mean_abs_logprob_diff; abs_logprob_diff_p95; abs_logprob_diff_p99; rank_delta_nonzero_rate; topk_jaccard_mean; union_js_p99,mean_abs_logprob_diff; abs_logprob_diff_p95; abs_logprob_diff_p99; rank_delta_nonzero_rate; topk_jaccard_mean; union_js_p99
89c657cee2d0f5ecd548,REJECT,single sample violates one or more reject thresholds,128,128,0.08652984094588145,0.0016632669725140659,0.08634985420503648,0.5912054787622754,1.1565578803420071,0.0390625,0.40072212329603796,0.23076923076923078,0.12831490889235259,0.21149722631776235,0,mean_abs_logprob_diff; abs_logprob_diff_p95; abs_logprob_diff_p99; rank_delta_nonzero_rate; topk_jaccard_mean; union_js_p99,mean_abs_logprob_diff; abs_logprob_diff_p95; abs_logprob_diff_p99; topk_jaccard_mean; union_js_p99
89cce66da1b940027e04,REJECT,single sample violates one or more reject thresholds,128,128,1.4562868771830453,1.0659495899635658,3.060599900892702,4.8451904189540045,7.403230411857373,0.46875,0.3729712067089588,0.19301187980433265,0.5640023428538673,0.6164381886650387,0,mean_abs_logprob_diff; abs_logprob_diff_p95; abs_logprob_diff_p99; rank_delta_nonzero_rate; topk_jaccard_mean; union_js_p99,mean_abs_logprob_diff; abs_logprob_diff_p95; abs_logprob_diff_p99; rank_delta_nonzero_rate; topk_jaccard_mean; union_js_p99
8a8930f458afc16f1aeb,REJECT,single sample violates one or more reject thresholds,128,128,1.3985259942702577,0.4753079917281866,4.03953088838607,6.016607149690389,9.402880566045644,0.375,0.37120755715317927,0.23076923076923078,0.6139923873597547,0.6667260647661167,0,mean_abs_logprob_diff; abs_logprob_diff_p95; abs_logprob_diff_p99; rank_delta_nonzero_rate; topk_jaccard_mean; union_js_p99,mean_abs_logprob_diff; abs_logprob_diff_p95; abs_logprob_diff_p99; rank_delta_nonzero_rate; topk_jaccard_mean; union_js_p99
8ad829c001ab9d0b65a4,REJECT,single sample violates one or more reject thresholds,128,128,0.7997539221207901,0.24679537815973163,2.2681620404124256,3.196398282982409,6.16546068578959,0.2578125,0.4670741427121812,0.28,0.41608176604762476,0.5615741715546952,0,mean_abs_logprob_diff; abs_logprob_diff_p95; abs_logprob_diff_p99; rank_delta_nonzero_rate; topk_jaccard_mean; union_js_p99,mean_abs_logprob_diff; abs_logprob_diff_p95; abs_logprob_diff_p99; rank_delta_nonzero_rate; topk_jaccard_mean; union_js_p99
8b6644e969904471b868,REJECT,single sample violates one or more reject thresholds,128,128,0.0864365739315891,0.005021484685130417,0.23986172080039977,0.4911107361316681,0.8700376760959627,0.03125,0.3916376566175253,0.10344827586206895,0.11353928044841932,0.16306982011602822,0,mean_abs_logprob_diff; abs_logprob_diff_p95; abs_logprob_diff_p99; rank_delta_nonzero_rate; topk_jaccard_mean; union_js_p99,mean_abs_logprob_diff; abs_logprob_diff_p95; abs_logprob_diff_p99; topk_jaccard_mean; union_js_p99
8c73331b2db7c6325b81,REJECT,single sample violates one or more reject thresholds,128,128,0.09521056239623577,0.0005990854406299206,0.10754779502749442,0.5044350609648973,2.07367915451527,0.0390625,0.44998909868810755,0.30612244897959184,0.10092759647710171,0.2291220679527125,0,mean_abs_logprob_diff; abs_logprob_diff_p95; abs_logprob_diff_p99; rank_delta_nonzero_rate; topk_jaccard_mean; union_js_p99,mean_abs_logprob_diff; abs_logprob_diff_p95; abs_logprob_diff_p99; topk_jaccard_mean; union_js_p99
8f69f039471770707b7e,REJECT,single sample violates one or more reject thresholds,128,128,0.12705565609931213,0.004139538312301738,0.3390980474650859,0.7472428441047639,1.4320445948839189,0.0625,0.38404905225098057,0.16363636363636364,0.17391095005675433,0.22974521041292684,0,mean_abs_logprob_diff; abs_logprob_diff_p95; abs_logprob_diff_p99; rank_delta_nonzero_rate; topk_jaccard_mean; union_js_p99,mean_abs_logprob_diff; abs_logprob_diff_p95; abs_logprob_diff_p99; rank_delta_nonzero_rate; topk_jaccard_mean; union_js_p99
91589a2236c99c809d29,REJECT,single sample violates one or more reject thresholds,128,128,0.28066149001537477,0.0016060651419991245,0.4833759641973301,0.8905137850902969,1.5730024111270908,0.0625,0.3702102201405765,0.18518518518518517,0.14558455931872225,0.38315565157667614,0,mean_abs_logprob_diff; abs_logprob_diff_p95; abs_logprob_diff_p99; rank_delta_nonzero_rate; topk_jaccard_mean; union_js_p99,mean_abs_logprob_diff; abs_logprob_diff_p95; abs_logprob_diff_p99; rank_delta_nonzero_rate; topk_jaccard_mean; union_js_p99
9203185cf8ce51ba0207,REJECT,single sample violates one or more reject thresholds,128,128,0.10472498795968016,0.00026584632405501907,0.20120127759873846,0.6353419482707973,1.8287453827261932,0.046875,0.353832790082829,0.16363636363636364,0.12936691562898528,0.34620529400357,0,mean_abs_logprob_diff; abs_logprob_diff_p95; abs_logprob_diff_p99; rank_delta_nonzero_rate; topk_jaccard_mean; union_js_p99,mean_abs_logprob_diff; abs_logprob_diff_p95; abs_logprob_diff_p99; topk_jaccard_mean; union_js_p99
92700be4ef3a5fb144b6,REJECT,single sample violates one or more reject thresholds,128,128,0.9746997479789379,0.25494626024737954,2.9514399239793407,4.015136072102904,6.756168890148402,0.3046875,0.3871522471174519,0.21415094339622642,0.5532466654791737,0.6332600328569853,0,mean_abs_logprob_diff; abs_logprob_diff_p95; abs_logprob_diff_p99; rank_delta_nonzero_rate; topk_jaccard_mean; union_js_p99,mean_abs_logprob_diff; abs_logprob_diff_p95; abs_logprob_diff_p99; rank_delta_nonzero_rate; topk_jaccard_mean; union_js_p99
9306b267ac782a242f77,REJECT,single sample violates one or more reject thresholds,128,128,0.07886074216330802,0.001025091391070987,0.17039476484060279,0.5738782674074172,1.2861040204763434,0.046875,0.39477625050666115,0.18518518518518517,0.0458444409236092,0.2001024941795942,0,mean_abs_logprob_diff; abs_logprob_diff_p95; abs_logprob_diff_p99; rank_delta_nonzero_rate; topk_jaccard_mean; union_js_p99,mean_abs_logprob_diff; abs_logprob_diff_p95; abs_logprob_diff_p99; topk_jaccard_mean; union_js_p99
931236a06351a1187146,REJECT,single sample violates one or more reject thresholds,128,128,0.09236716951087154,0.00029768054218948237,0.18602136857807633,0.40452961027622125,1.4931662242114563,0.0625,0.3733363410023658,0.20754716981132076,0.07043122260713353,0.20605660772959658,0,mean_abs_logprob_diff; abs_logprob_diff_p95; abs_logprob_diff_p99; rank_delta_nonzero_rate; topk_jaccard_mean; union_js_p99,mean_abs_logprob_diff; abs_logprob_diff_p95; abs_logprob_diff_p99; rank_delta_nonzero_rate; topk_jaccard_mean; union_js_p99
935550ec827032dc1d9a,REJECT,single sample violates one or more reject thresholds,128,128,0.08815838925136732,0.00030905967878780416,0.14055494368076324,0.3615462434478096,2.007509293556218,0.0390625,0.39735642259236775,0.2549019607843137,0.08378848139742505,0.3397032284884862,0,mean_abs_logprob_diff; abs_logprob_diff_p95; abs_logprob_diff_p99; rank_delta_nonzero_rate; topk_jaccard_mean; union_js_p99,mean_abs_logprob_diff; abs_logprob_diff_p95; abs_logprob_diff_p99; topk_jaccard_mean; union_js_p99
9356bffe6da623595956,REJECT,single sample violates one or more reject thresholds,128,128,1.192479510428028,0.5143492520755899,3.243482989817858,4.99487146735191,7.258697237074378,0.328125,0.34077072534413344,0.17117845117845118,0.5694679194081889,0.6566367515481832,0,mean_abs_logprob_diff; abs_logprob_diff_p95; abs_logprob_diff_p99; rank_delta_nonzero_rate; topk_jaccard_mean; union_js_p99,mean_abs_logprob_diff; abs_logprob_diff_p95; abs_logprob_diff_p99; rank_delta_nonzero_rate; topk_jaccard_mean; union_js_p99
947789fbb93449f1b608,REJECT,single sample violates one or more reject thresholds,128,128,1.169121933967032,0.45067320391536114,3.6613182380795477,4.218432001029211,7.04256922081113,0.3671875,0.3760347581901512,0.23076923076923078,0.6148625903141254,0.6688596116953289,0,mean_abs_logprob_diff; abs_logprob_diff_p95; abs_logprob_diff_p99; rank_delta_nonzero_rate; topk_jaccard_mean; union_js_p99,mean_abs_logprob_diff; abs_logprob_diff_p95; abs_logprob_diff_p99; rank_delta_nonzero_rate; topk_jaccard_mean; union_js_p99
965e728be3dff0fbc467,REJECT,single sample violates one or more reject thresholds,128,128,0.0710855204030536,0.0002696150477312642,0.21091425903141497,0.47609361484646795,0.8680110424011949,0.015625,0.3741790766508469,0.18518518518518517,0.07531983347312769,0.188530037212304,0,mean_abs_logprob_diff; abs_logprob_diff_p95; abs_logprob_diff_p99; topk_jaccard_mean; union_js_p99,mean_abs_logprob_diff; abs_logprob_diff_p95; abs_logprob_diff_p99; topk_jaccard_mean; union_js_p99
9749c29ecbdf8c66383f,REJECT,single sample violates one or more reject thresholds,128,128,1.094113063276745,0.34674834556153655,3.3911920998245475,4.41055108606815,5.572896386682989,0.3359375,0.36208165778231693,0.19301187980433265,0.547916845849456,0.5928111503097304,0,mean_abs_logprob_diff; abs_logprob_diff_p95; abs_logprob_diff_p99; rank_delta_nonzero_rate; topk_jaccard_mean; union_js_p99,mean_abs_logprob_diff; abs_logprob_diff_p95; abs_logprob_diff_p99; rank_delta_nonzero_rate; topk_jaccard_mean; union_js_p99
9931c4a5c4ecb1504a26,REJECT,single sample violates one or more reject thresholds,128,128,1.2950630867436643,0.44995643283891695,3.713981471955776,4.927601394284283,7.680984653439373,0.3671875,0.34382871133286935,0.17117845117845118,0.6214470525186925,0.6713530863973114,0,mean_abs_logprob_diff; abs_logprob_diff_p95; abs_logprob_diff_p99; rank_delta_nonzero_rate; topk_jaccard_mean; union_js_p99,mean_abs_logprob_diff; abs_logprob_diff_p95; abs_logprob_diff_p99; rank_delta_nonzero_rate; topk_jaccard_mean; union_js_p99
996641191bc8907bbda6,REJECT,single sample violates one or more reject thresholds,128,128,0.7016848303320575,0.26051285676658154,1.8647047758102415,3.5185172181576467,4.811725727617742,0.2578125,0.49613903075443755,0.3333333333333333,0.3276546988976148,0.5337882028864843,0,mean_abs_logprob_diff; abs_logprob_diff_p95; abs_logprob_diff_p99; rank_delta_nonzero_rate; topk_jaccard_mean; union_js_p99,mean_abs_logprob_diff; abs_logprob_diff_p95; abs_logprob_diff_p99; rank_delta_nonzero_rate; topk_jaccard_mean; union_js_p99
9a6303f1549d542c1801,REJECT,single sample violates one or more reject thresholds,128,128,0.09500992759832955,0.0002007279123290573,0.052464639022946305,0.5452452575496862,1.9792496174573917,0.046875,0.4421770440344235,0.28914285714285715,0.10226854201745783,0.27733729832358384,0,mean_abs_logprob_diff; abs_logprob_diff_p95; abs_logprob_diff_p99; rank_delta_nonzero_rate; topk_jaccard_mean; union_js_p99,mean_abs_logprob_diff; abs_logprob_diff_p95; abs_logprob_diff_p99; topk_jaccard_mean; union_js_p99
9b3fc3e439e258cb16a7,REJECT,single sample violates one or more reject thresholds,128,128,0.8320522810338751,0.2828316162340343,2.7415066756308075,3.5073215261101693,5.169860783219339,0.3125,0.3974172907860811,0.21567489114658928,0.4823587522438781,0.5942855755656373,0,mean_abs_logprob_diff; abs_logprob_diff_p95; abs_logprob_diff_p99; rank_delta_nonzero_rate; topk_jaccard_mean; union_js_p99,mean_abs_logprob_diff; abs_logprob_diff_p95; abs_logprob_diff_p99; rank_delta_nonzero_rate; topk_jaccard_mean; union_js_p99
9d0138a8e3e579ef5d0a,REJECT,single sample violates one or more reject thresholds,128,128,0.9376163487944693,0.4203112944960594,2.4762633323669427,3.14902917553718,6.68141703128815,0.3203125,0.38112548508101685,0.20754716981132076,0.546002665303523,0.6209205960663791,0,mean_abs_logprob_diff; abs_logprob_diff_p95; abs_logprob_diff_p99; rank_delta_nonzero_rate; topk_jaccard_mean; union_js_p99,mean_abs_logprob_diff; abs_logprob_diff_p95; abs_logprob_diff_p99; rank_delta_nonzero_rate; topk_jaccard_mean; union_js_p99
9e16629760a34318461b,REJECT,single sample violates one or more reject thresholds,128,128,1.4662779015434466,0.6677124901834759,3.78292575776577,5.133354806971328,8.333646705825817,0.3828125,0.3243502830859585,0.16363636363636364,0.6421545167702383,0.685302852821793,0,mean_abs_logprob_diff; abs_logprob_diff_p95; abs_logprob_diff_p99; rank_delta_nonzero_rate; topk_jaccard_mean; union_js_p99,mean_abs_logprob_diff; abs_logprob_diff_p95; abs_logprob_diff_p99; rank_delta_nonzero_rate; topk_jaccard_mean; union_js_p99
9f1165575d2a3ffd7d23,REJECT,single sample violates one or more reject thresholds,128,128,0.09857197899561804,0.0003085233402941867,0.08239825814962377,0.41700109577504907,2.015966113021135,0.03125,0.3503571279116382,0.16363636363636364,0.08378513538901602,0.34253906056378425,0,mean_abs_logprob_diff; abs_logprob_diff_p95; abs_logprob_diff_p99; rank_delta_nonzero_rate; topk_jaccard_mean; union_js_p99,mean_abs_logprob_diff; abs_logprob_diff_p95; abs_logprob_diff_p99; topk_jaccard_mean; union_js_p99
a21e7541ee67e9b42e03,REJECT,single sample violates one or more reject thresholds,128,128,0.592440436204553,0.051514748483896255,1.9342035293579098,2.872012516856193,5.2823837715387345,0.2578125,0.4399513196426552,0.2636862745098039,0.4012858921474237,0.5981753896038864,0,mean_abs_logprob_diff; abs_logprob_diff_p95; abs_logprob_diff_p99; rank_delta_nonzero_rate; topk_jaccard_mean; union_js_p99,mean_abs_logprob_diff; abs_logprob_diff_p95; abs_logprob_diff_p99; rank_delta_nonzero_rate; topk_jaccard_mean; union_js_p99
a2aa3c4ce5d485896306,REJECT,single sample violates one or more reject thresholds,128,128,0.8199694977326715,0.18720803316682577,2.4540792193263767,3.2699488341808305,5.430100615024572,0.2890625,0.41589652688998,0.23921568627450981,0.4329964689783329,0.5775597581173206,0,mean_abs_logprob_diff; abs_logprob_diff_p95; abs_logprob_diff_p99; rank_delta_nonzero_rate; topk_jaccard_mean; union_js_p99,mean_abs_logprob_diff; abs_logprob_diff_p95; abs_logprob_diff_p99; rank_delta_nonzero_rate; topk_jaccard_mean; union_js_p99
a6b5caa85856ba69deb4,REJECT,single sample violates one or more reject thresholds,128,128,1.1618792252333483,0.20754706133448053,3.6042892575263976,4.859500464564189,7.400178168350835,0.3203125,0.37455739310914987,0.16363636363636364,0.5670935076872972,0.6643412322654348,0,mean_abs_logprob_diff; abs_logprob_diff_p95; abs_logprob_diff_p99; rank_delta_nonzero_rate; topk_jaccard_mean; union_js_p99,mean_abs_logprob_diff; abs_logprob_diff_p95; abs_logprob_diff_p99; rank_delta_nonzero_rate; topk_jaccard_mean; union_js_p99
a7db88d1d36b0d32f1fe,REJECT,single sample violates one or more reject thresholds,128,128,1.235908023450203,0.30506778634662624,3.749490969255566,4.759116521477698,7.68803866863251,0.359375,0.36342120157450464,0.23076923076923078,0.5634800646170977,0.6550906410769761,0,mean_abs_logprob_diff; abs_logprob_diff_p95; abs_logprob_diff_p99; rank_delta_nonzero_rate; topk_jaccard_mean; union_js_p99,mean_abs_logprob_diff; abs_logprob_diff_p95; abs_logprob_diff_p99; rank_delta_nonzero_rate; topk_jaccard_mean; union_js_p99
a9b33a97d1e88d15b4a3,REJECT,single sample violates one or more reject thresholds,128,128,0.7701514362251527,0.3987978102577472,1.7587068683002136,2.7105736501514883,6.5691957293637095,0.328125,0.4200510030409424,0.23076923076923078,0.4731844178412144,0.646062214722066,0,mean_abs_logprob_diff; abs_logprob_diff_p95; abs_logprob_diff_p99; rank_delta_nonzero_rate; topk_jaccard_mean; union_js_p99,mean_abs_logprob_diff; abs_logprob_diff_p95; abs_logprob_diff_p99; rank_delta_nonzero_rate; topk_jaccard_mean; union_js_p99
aca78f5a4df13d472fad,REJECT,single sample violates one or more reject thresholds,128,128,0.9970737590256835,0.4388771578669548,2.8187141939997673,3.9024688929319358,4.452410609722138,0.359375,0.42284244777462604,0.28,0.444576030387303,0.5810059550287312,0,mean_abs_logprob_diff; abs_logprob_diff_p95; abs_logprob_diff_p99; rank_delta_nonzero_rate; topk_jaccard_mean; union_js_p99,mean_abs_logprob_diff; abs_logprob_diff_p95; abs_logprob_diff_p99; rank_delta_nonzero_rate; topk_jaccard_mean; union_js_p99
adab4f812dda201a701a,REJECT,single sample violates one or more reject thresholds,128,128,0.12413679445466719,0.00026151089704740116,0.23844652697443952,0.7075305834412564,1.8843357419967668,0.0625,0.37893399952988294,0.23076923076923078,0.11488542976199678,0.41745675386409764,0,mean_abs_logprob_diff; abs_logprob_diff_p95; abs_logprob_diff_p99; rank_delta_nonzero_rate; topk_jaccard_mean; union_js_p99,mean_abs_logprob_diff; abs_logprob_diff_p95; abs_logprob_diff_p99; rank_delta_nonzero_rate; topk_jaccard_mean; union_js_p99
ae18eb3ef38364a72177,REJECT,single sample violates one or more reject thresholds,128,128,0.03518733886305064,0.0006908175710123032,0.029433400952257195,0.061555933021008966,0.41837142765522084,0.015625,0.3979437305366806,0.23076923076923078,0.03441511080514543,0.1473779716429374,0,mean_abs_logprob_diff; abs_logprob_diff_p99; topk_jaccard_mean; union_js_p99,mean_abs_logprob_diff; topk_jaccard_mean; union_js_p99
aebfa5b6518e3f254ef3,REJECT,single sample violates one or more reject thresholds,128,128,0.09286536057236011,0.0003387949109452393,0.15142046809196458,0.5590068779885757,1.7173272341489823,0.078125,0.3847318777880779,0.23076923076923078,0.11324996238766591,0.3449878825625792,0,mean_abs_logprob_diff; abs_logprob_diff_p95; abs_logprob_diff_p99; rank_delta_nonzero_rate; topk_jaccard_mean; union_js_p99,mean_abs_logprob_diff; abs_logprob_diff_p95; abs_logprob_diff_p99; rank_delta_nonzero_rate; topk_jaccard_mean; union_js_p99
b02a6fd30fe4573366fc,REJECT,single sample violates one or more reject thresholds,128,128,0.5317003549363737,0.025084272492676973,1.7694568485021587,2.7650803625583644,3.791272721290589,0.21875,0.3953241682922111,0.21567489114658928,0.35140319228890016,0.5745187956866179,0,mean_abs_logprob_diff; abs_logprob_diff_p95; abs_logprob_diff_p99; rank_delta_nonzero_rate; topk_jaccard_mean; union_js_p99,mean_abs_logprob_diff; abs_logprob_diff_p95; abs_logprob_diff_p99; rank_delta_nonzero_rate; topk_jaccard_mean; union_js_p99
b1902038a7ef37ed4fc4,REJECT,single sample violates one or more reject thresholds,128,128,0.131179079352522,0.00026186766217506374,0.14666334316134447,0.7941394589841364,3.248610433042059,0.046875,0.34450780543574366,0.18518518518518517,0.12137240101592839,0.43178481481073494,0,mean_abs_logprob_diff; abs_logprob_diff_p95; abs_logprob_diff_p99; rank_delta_nonzero_rate; topk_jaccard_mean; union_js_p99,mean_abs_logprob_diff; abs_logprob_diff_p95; abs_logprob_diff_p99; topk_jaccard_mean; union_js_p99
b204a181e3e00826a19e,REJECT,single sample violates one or more reject thresholds,128,128,1.0043214043142075,0.42004034109413624,2.697784857649822,3.545635129511356,5.587437909543515,0.390625,0.40805711329656,0.2549019607843137,0.5143812706566593,0.611178093927497,0,mean_abs_logprob_diff; abs_logprob_diff_p95; abs_logprob_diff_p99; rank_delta_nonzero_rate; topk_jaccard_mean; union_js_p99,mean_abs_logprob_diff; abs_logprob_diff_p95; abs_logprob_diff_p99; rank_delta_nonzero_rate; topk_jaccard_mean; union_js_p99
b4fdda7dabad8e1e132f,REJECT,single sample violates one or more reject thresholds,128,128,1.1201852575552582,0.551452391751809,2.7368669519200917,4.216379301995037,7.46335482697934,0.34375,0.34319384184167445,0.20754716981132076,0.5548221469263508,0.6439922312098151,0,mean_abs_logprob_diff; abs_logprob_diff_p95; abs_logprob_diff_p99; rank_delta_nonzero_rate; topk_jaccard_mean; union_js_p99,mean_abs_logprob_diff; abs_logprob_diff_p95; abs_logprob_diff_p99; rank_delta_nonzero_rate; topk_jaccard_mean; union_js_p99
b50e0e831fd0bd10c726,REJECT,single sample violates one or more reject thresholds,128,128,0.3020231505418376,0.10099531710147858,0.8324918746948241,1.2592823743820187,2.0723815259337437,0.1484375,0.47835134760855114,0.18518518518518517,0.19226003036642086,0.29057045475558313,0,mean_abs_logprob_diff; abs_logprob_diff_p95; abs_logprob_diff_p99; rank_delta_nonzero_rate; topk_jaccard_mean; union_js_p99,mean_abs_logprob_diff; abs_logprob_diff_p95; abs_logprob_diff_p99; rank_delta_nonzero_rate; topk_jaccard_mean; union_js_p99
b56ae2de0afa2666ca79,REJECT,single sample violates one or more reject thresholds,128,128,0.865671945198895,0.1804523766040802,2.744031089544296,3.856869265437125,4.700731473620982,0.2890625,0.4324414429917516,0.2549019607843137,0.5507847387117276,0.6042459847748414,0,mean_abs_logprob_diff; abs_logprob_diff_p95; abs_logprob_diff_p99; rank_delta_nonzero_rate; topk_jaccard_mean; union_js_p99,mean_abs_logprob_diff; abs_logprob_diff_p95; abs_logprob_diff_p99; rank_delta_nonzero_rate; topk_jaccard_mean; union_js_p99
b779970d705fdc72ddd4,REJECT,single sample violates one or more reject thresholds,128,128,0.05213544070540421,0.0003831812864660833,0.1310706264644977,0.33651908189058144,0.6672533726692204,0.0234375,0.3395026743135649,0.14285714285714285,0.0914769702362565,0.1815606159023925,0,mean_abs_logprob_diff; abs_logprob_diff_p95; abs_logprob_diff_p99; topk_jaccard_mean; union_js_p99,mean_abs_logprob_diff; abs_logprob_diff_p95; abs_logprob_diff_p99; topk_jaccard_mean; union_js_p99
b89bd85ff4224e2713fa,REJECT,single sample violates one or more reject thresholds,128,128,0.5220020634759743,0.24165892601013184,1.3239785194396965,1.9706776797771441,3.3354208678007136,0.2890625,0.5013451522583355,0.28,0.2303625896032274,0.320344487048048,0,mean_abs_logprob_diff; abs_logprob_diff_p95; abs_logprob_diff_p99; rank_delta_nonzero_rate; topk_jaccard_mean; union_js_p99,mean_abs_logprob_diff; abs_logprob_diff_p95; abs_logprob_diff_p99; rank_delta_nonzero_rate; topk_jaccard_mean; union_js_p99
b8b5a91b247b8f7e8b2b,REJECT,single sample violates one or more reject thresholds,128,128,1.1857929879362725,0.4947962802834809,3.6423821438103907,5.117993904653608,6.79987484842539,0.296875,0.35240891459176443,0.19301187980433265,0.6228095681076564,0.667656576674043,0,mean_abs_logprob_diff; abs_logprob_diff_p95; abs_logprob_diff_p99; rank_delta_nonzero_rate; topk_jaccard_mean; union_js_p99,mean_abs_logprob_diff; abs_logprob_diff_p95; abs_logprob_diff_p99; rank_delta_nonzero_rate; topk_jaccard_mean; union_js_p99
b9786ce66ce04e5dc25a,REJECT,single sample violates one or more reject thresholds,128,128,1.3392548366208041,0.6536778509616887,3.65483800470829,5.371379389800246,7.4958690212667,0.4140625,0.34445725546153905,0.17,0.6212412992981762,0.6631678675349753,0,mean_abs_logprob_diff; abs_logprob_diff_p95; abs_logprob_diff_p99; rank_delta_nonzero_rate; topk_jaccard_mean; union_js_p99,mean_abs_logprob_diff; abs_logprob_diff_p95; abs_logprob_diff_p99; rank_delta_nonzero_rate; topk_jaccard_mean; union_js_p99
bac8931bb96bead1718b,REJECT,single sample violates one or more reject thresholds,128,128,1.1938696409948133,0.47606245591305196,3.6672578196041283,5.1715198338052435,6.694412637390197,0.296875,0.3493130859824141,0.18518518518518517,0.6145973460034142,0.6681153525314801,0,mean_abs_logprob_diff; abs_logprob_diff_p95; abs_logprob_diff_p99; rank_delta_nonzero_rate; topk_jaccard_mean; union_js_p99,mean_abs_logprob_diff; abs_logprob_diff_p95; abs_logprob_diff_p99; rank_delta_nonzero_rate; topk_jaccard_mean; union_js_p99
bc49f7c3c4e5bbaf4820,REJECT,single sample violates one or more reject thresholds,128,128,0.5305976514174249,0.022612985992054746,1.7572425382211803,2.597411549463868,5.617121982313701,0.1875,0.3606589791614749,0.15767195767195769,0.49669392647473226,0.6053578803858236,0,mean_abs_logprob_diff; abs_logprob_diff_p95; abs_logprob_diff_p99; rank_delta_nonzero_rate; topk_jaccard_mean; union_js_p99,mean_abs_logprob_diff; abs_logprob_diff_p95; abs_logprob_diff_p99; rank_delta_nonzero_rate; topk_jaccard_mean; union_js_p99
bd74d2b1f175935afa85,REJECT,single sample violates one or more reject thresholds,128,128,0.07694360587172794,0.0001979249345822609,0.2983118057250976,0.6102144680917259,0.8137039357423782,0.0390625,0.3308481381114109,0.14285714285714285,0.09458852148303647,0.12202177998336479,0,mean_abs_logprob_diff; abs_logprob_diff_p95; abs_logprob_diff_p99; rank_delta_nonzero_rate; topk_jaccard_mean; union_js_p99,mean_abs_logprob_diff; abs_logprob_diff_p95; abs_logprob_diff_p99; topk_jaccard_mean; union_js_p99
bedf97d883a8ffdb2f9a,REJECT,single sample violates one or more reject thresholds,128,128,0.0956077273780726,0.00038538503554264025,0.20157805457711211,0.5856668427586554,1.4065905976295472,0.0859375,0.41585757022533754,0.28,0.0873297624829752,0.2659596539136176,0,mean_abs_logprob_diff; abs_logprob_diff_p95; abs_logprob_diff_p99; rank_delta_nonzero_rate; topk_jaccard_mean; union_js_p99,mean_abs_logprob_diff; abs_logprob_diff_p95; abs_logprob_diff_p99; rank_delta_nonzero_rate; topk_jaccard_mean; union_js_p99
bfb01adcfe0e136fb6ba,REJECT,single sample violates one or more reject thresholds,128,128,0.10076367777636508,0.00012057292042300105,0.16691843420267102,0.5092608690261833,1.6299897915124897,0.0625,0.39856241769999534,0.2549019607843137,0.15183170556942358,0.2783556759317405,0,mean_abs_logprob_diff; abs_logprob_diff_p95; abs_logprob_diff_p99; rank_delta_nonzero_rate; topk_jaccard_mean; union_js_p99,mean_abs_logprob_diff; abs_logprob_diff_p95; abs_logprob_diff_p99; rank_delta_nonzero_rate; topk_jaccard_mean; union_js_p99
c09cc454c37cd68fb6d9,REJECT,single sample violates one or more reject thresholds,128,128,0.3168520283435836,0.06005549739347771,0.7666305705904961,1.6478085994720457,3.086347122192387,0.1484375,0.45470612560624873,0.28,0.30402221369718097,0.37152028997237085,0,mean_abs_logprob_diff; abs_logprob_diff_p95; abs_logprob_diff_p99; rank_delta_nonzero_rate; topk_jaccard_mean; union_js_p99,mean_abs_logprob_diff; abs_logprob_diff_p95; abs_logprob_diff_p99; rank_delta_nonzero_rate; topk_jaccard_mean; union_js_p99
c0e27e693b032f42297d,REJECT,single sample violates one or more reject thresholds,128,128,0.06353310466693074,0.020796610973775387,0.10594676733016961,0.19588840007781977,0.40819068312645,0.015625,0.5706794925590644,0.4883720930232558,0.03017073553190322,0.05974208253832633,0,mean_abs_logprob_diff; abs_logprob_diff_p95; abs_logprob_diff_p99; topk_jaccard_mean; union_js_p99,mean_abs_logprob_diff; topk_jaccard_mean
c36ab0f8ca7e28a29d4d,REJECT,single sample violates one or more reject thresholds,128,128,0.038740747411793564,0.009070543572306633,0.08119411803781985,0.20762373171746729,0.46269821614027123,0.0078125,0.46169824522588027,0.37206290471785386,0.05284919993770913,0.15242604156820497,0,mean_abs_logprob_diff; abs_logprob_diff_p95; abs_logprob_diff_p99; topk_jaccard_mean; union_js_p99,mean_abs_logprob_diff; abs_logprob_diff_p95; topk_jaccard_mean; union_js_p99
c4062c562891d02435ca,REJECT,single sample violates one or more reject thresholds,128,128,0.05769035516502924,0.002276718803386757,0.13426955640316005,0.4068892017006863,0.9297095158696188,0.0390625,0.40938243913007527,0.17117845117845118,0.028214053252548846,0.07725514594802174,0,mean_abs_logprob_diff; abs_logprob_diff_p95; abs_logprob_diff_p99; rank_delta_nonzero_rate; topk_jaccard_mean; union_js_p99,mean_abs_logprob_diff; abs_logprob_diff_p95; abs_logprob_diff_p99; topk_jaccard_mean; union_js_p99
c75c6e1638e89a6176aa,REJECT,single sample violates one or more reject thresholds,128,128,0.1194960497744646,0.00020442288996491698,0.1415034987032412,0.5287073075771329,2.464413567781457,0.0625,0.35871059815698,0.19301187980433265,0.12406005233839704,0.35433977433855013,0,mean_abs_logprob_diff; abs_logprob_diff_p95; abs_logprob_diff_p99; rank_delta_nonzero_rate; topk_jaccard_mean; union_js_p99,mean_abs_logprob_diff; abs_logprob_diff_p95; abs_logprob_diff_p99; rank_delta_nonzero_rate; topk_jaccard_mean; union_js_p99
c7861826e401957015c5,REJECT,single sample violates one or more reject thresholds,128,128,0.08820023350421163,0.0005275946497249606,0.40343433693051334,0.5637046404182909,0.9360778331756594,0.0390625,0.343500895024262,0.17117845117845118,0.0730516111207061,0.12062961293081137,0,mean_abs_logprob_diff; abs_logprob_diff_p95; abs_logprob_diff_p99; rank_delta_nonzero_rate; topk_jaccard_mean; union_js_p99,mean_abs_logprob_diff; abs_logprob_diff_p95; abs_logprob_diff_p99; topk_jaccard_mean; union_js_p99
c7edc7c587e8e70ae734,REJECT,single sample violates one or more reject thresholds,128,128,0.06806942476062455,0.00023326537484535947,0.08032015562057489,0.2647767007350912,1.5385761612653732,0.046875,0.4047186090056179,0.2549019607843137,0.04623800226841125,0.1845252107711246,0,mean_abs_logprob_diff; abs_logprob_diff_p95; abs_logprob_diff_p99; rank_delta_nonzero_rate; topk_jaccard_mean; union_js_p99,mean_abs_logprob_diff; abs_logprob_diff_p95; abs_logprob_diff_p99; topk_jaccard_mean; union_js_p99
cbbaf01f8d9698145a16,REJECT,single sample violates one or more reject thresholds,128,128,0.12746202317212424,0.0009115931754877238,0.2055718064308166,0.8982144445180864,2.1316133379936235,0.0703125,0.3410594363897535,0.17900514579759863,0.13614515797373378,0.34878633394609637,0,mean_abs_logprob_diff; abs_logprob_diff_p95; abs_logprob_diff_p99; rank_delta_nonzero_rate; topk_jaccard_mean; union_js_p99,mean_abs_logprob_diff; abs_logprob_diff_p95; abs_logprob_diff_p99; rank_delta_nonzero_rate; topk_jaccard_mean; union_js_p99
cbc17d7de4f012a625be,REJECT,single sample violates one or more reject thresholds,128,128,1.003579179718025,0.37290628267783177,2.625984057062305,4.055906018801028,7.4984889018535625,0.3046875,0.38835751670442714,0.20754716981132076,0.5465189095515898,0.6037779748547326,0,mean_abs_logprob_diff; abs_logprob_diff_p95; abs_logprob_diff_p99; rank_delta_nonzero_rate; topk_jaccard_mean; union_js_p99,mean_abs_logprob_diff; abs_logprob_diff_p95; abs_logprob_diff_p99; rank_delta_nonzero_rate; topk_jaccard_mean; union_js_p99
cc8a87421f634a1d75a0,REJECT,single sample violates one or more reject thresholds,128,128,1.0689215284889322,0.16095208377214476,3.4428039044141765,5.149439573287964,8.289453560486436,0.28125,0.28474577534260626,0.14285714285714285,0.5664449472378235,0.6468854667345082,0,mean_abs_logprob_diff; abs_logprob_diff_p95; abs_logprob_diff_p99; rank_delta_nonzero_rate; topk_jaccard_mean; union_js_p99,mean_abs_logprob_diff; abs_logprob_diff_p95; abs_logprob_diff_p99; rank_delta_nonzero_rate; topk_jaccard_mean; union_js_p99
cda6c84d555e3c6449ae,REJECT,single sample violates one or more reject thresholds,128,128,0.5920272739812708,0.13050772435963154,2.181093604117632,2.8410466343164438,4.919380957707768,0.1953125,0.4297808278437223,0.2549019607843137,0.4550937947155508,0.5336201537944046,0,mean_abs_logprob_diff; abs_logprob_diff_p95; abs_logprob_diff_p99; rank_delta_nonzero_rate; topk_jaccard_mean; union_js_p99,mean_abs_logprob_diff; abs_logprob_diff_p95; abs_logprob_diff_p99; rank_delta_nonzero_rate; topk_jaccard_mean; union_js_p99
cdc659006853563a4dfe,REJECT,single sample violates one or more reject thresholds,128,128,0.10385422850157167,0.0007083883683698389,0.10562009885907159,0.4871335700154289,2.6331871485710177,0.0390625,0.37489890841437107,0.20754716981132076,0.0956311502777653,0.42372176668606354,0,mean_abs_logprob_diff; abs_logprob_diff_p95; abs_logprob_diff_p99; rank_delta_nonzero_rate; topk_jaccard_mean; union_js_p99,mean_abs_logprob_diff; abs_logprob_diff_p95; abs_logprob_diff_p99; topk_jaccard_mean; union_js_p99
ce5f5d795624bb0be26b,REJECT,single sample violates one or more reject thresholds,128,128,1.1695241522149762,0.5896485676348675,2.9974728528410184,5.1222680330303065,6.4586290483549265,0.3203125,0.3600436637769351,0.19301187980433265,0.6152477872219386,0.6679138981269912,0,mean_abs_logprob_diff; abs_logprob_diff_p95; abs_logprob_diff_p99; rank_delta_nonzero_rate; topk_jaccard_mean; union_js_p99,mean_abs_logprob_diff; abs_logprob_diff_p95; abs_logprob_diff_p99; rank_delta_nonzero_rate; topk_jaccard_mean; union_js_p99
d01ade66f802d41e4b91,REJECT,single sample violates one or more reject thresholds,128,128,1.1743857417701018,0.6250330503098667,3.0096707940101624,3.597832194855436,5.942785795215752,0.3984375,0.361397604889188,0.23076923076923078,0.5841956603136872,0.659385382206898,0,mean_abs_logprob_diff; abs_logprob_diff_p95; abs_logprob_diff_p99; rank_delta_nonzero_rate; topk_jaccard_mean; union_js_p99,mean_abs_logprob_diff; abs_logprob_diff_p95; abs_logprob_diff_p99; rank_delta_nonzero_rate; topk_jaccard_mean; union_js_p99
d8b09c3c7d87562a1319,REJECT,single sample violates one or more reject thresholds,128,128,0.9688188172094374,0.10245619714260101,2.658011077716945,4.287192444627724,9.705547904223216,0.296875,0.29312343665724977,0.12280701754385964,0.5521949082569849,0.6553693448480619,0,mean_abs_logprob_diff; abs_logprob_diff_p95; abs_logprob_diff_p99; rank_delta_nonzero_rate; topk_jaccard_mean; union_js_p99,mean_abs_logprob_diff; abs_logprob_diff_p95; abs_logprob_diff_p99; rank_delta_nonzero_rate; topk_jaccard_mean; union_js_p99
da187bcffc08d8df596e,REJECT,single sample violates one or more reject thresholds,128,128,1.0822333161153601,0.5876662954688072,2.6738083345815538,3.4917216241359696,5.766898404955866,0.3984375,0.4524596563478344,0.28,0.4552492132479444,0.5339306787848436,0,mean_abs_logprob_diff; abs_logprob_diff_p95; abs_logprob_diff_p99; rank_delta_nonzero_rate; topk_jaccard_mean; union_js_p99,mean_abs_logprob_diff; abs_logprob_diff_p95; abs_logprob_diff_p99; rank_delta_nonzero_rate; topk_jaccard_mean; union_js_p99
da58948177e1cf8654f5,REJECT,single sample violates one or more reject thresholds,128,128,0.07820736170707104,0.00024631507972117106,0.1629758954048155,0.4977094992995257,1.3409598660469082,0.0390625,0.3648913535690682,0.20754716981132076,0.05944050673194951,0.356353908774264,0,mean_abs_logprob_diff; abs_logprob_diff_p95; abs_logprob_diff_p99; rank_delta_nonzero_rate; topk_jaccard_mean; union_js_p99,mean_abs_logprob_diff; abs_logprob_diff_p95; abs_logprob_diff_p99; topk_jaccard_mean; union_js_p99
dab696e6f79ee4d1e78d,REJECT,single sample violates one or more reject thresholds,128,128,0.7468703728963668,0.26603644574061036,2.3313717536628245,2.9207276623696092,4.392208908796315,0.3359375,0.3982275852194553,0.21567489114658928,0.4354686192889138,0.5537857460823798,0,mean_abs_logprob_diff; abs_logprob_diff_p95; abs_logprob_diff_p99; rank_delta_nonzero_rate; topk_jaccard_mean; union_js_p99,mean_abs_logprob_diff; abs_logprob_diff_p95; abs_logprob_diff_p99; rank_delta_nonzero_rate; topk_jaccard_mean; union_js_p99
dba2fe2ed58b228c5e6f,REJECT,single sample violates one or more reject thresholds,128,128,0.7243825328631333,0.19482641623471864,2.036957311630249,2.5385678038001043,6.02176192343236,0.28125,0.4329187625457437,0.28,0.40272722079002365,0.4701339720144966,0,mean_abs_logprob_diff; abs_logprob_diff_p95; abs_logprob_diff_p99; rank_delta_nonzero_rate; topk_jaccard_mean; union_js_p99,mean_abs_logprob_diff; abs_logprob_diff_p95; abs_logprob_diff_p99; rank_delta_nonzero_rate; topk_jaccard_mean; union_js_p99
dd6fb356579d9e180ee8,REJECT,single sample violates one or more reject thresholds,128,128,1.144071465513494,0.5030741468071938,3.6698085188865655,4.374260682240129,6.6051178015582295,0.3203125,0.3793267052311893,0.23076923076923078,0.5910298136808888,0.6495007298698335,0,mean_abs_logprob_diff; abs_logprob_diff_p95; abs_logprob_diff_p99; rank_delta_nonzero_rate; topk_jaccard_mean; union_js_p99,mean_abs_logprob_diff; abs_logprob_diff_p95; abs_logprob_diff_p99; rank_delta_nonzero_rate; topk_jaccard_mean; union_js_p99
ddcd86dc11c762f9930c,REJECT,single sample violates one or more reject thresholds,128,128,0.9491191613234344,0.44112524297088385,2.8541607007384298,3.3814296316355454,4.648137109279634,0.3515625,0.4252704130905056,0.2636862745098039,0.5065723007489773,0.5661631103967676,0,mean_abs_logprob_diff; abs_logprob_diff_p95; abs_logprob_diff_p99; rank_delta_nonzero_rate; topk_jaccard_mean; union_js_p99,mean_abs_logprob_diff; abs_logprob_diff_p95; abs_logprob_diff_p99; rank_delta_nonzero_rate; topk_jaccard_mean; union_js_p99
de6558a7fee68d77a77e,REJECT,single sample violates one or more reject thresholds,128,128,1.1364999933280666,0.35894378274679184,3.278758594510145,4.224302492290732,7.597438269555569,0.34375,0.37394125655229016,0.18518518518518517,0.5663315068257966,0.6208153354325523,0,mean_abs_logprob_diff; abs_logprob_diff_p95; abs_logprob_diff_p99; rank_delta_nonzero_rate; topk_jaccard_mean; union_js_p99,mean_abs_logprob_diff; abs_logprob_diff_p95; abs_logprob_diff_p99; rank_delta_nonzero_rate; topk_jaccard_mean; union_js_p99
deac53e4c4eed71e15c7,REJECT,single sample violates one or more reject thresholds,128,128,1.4460005235154578,0.9298637509346008,3.6166650226339696,4.6888423910364505,7.731634197956889,0.4140625,0.344948124449642,0.18518518518518517,0.6301717535712685,0.6775674947898469,0,mean_abs_logprob_diff; abs_logprob_diff_p95; abs_logprob_diff_p99; rank_delta_nonzero_rate; topk_jaccard_mean; union_js_p99,mean_abs_logprob_diff; abs_logprob_diff_p95; abs_logprob_diff_p99; rank_delta_nonzero_rate; topk_jaccard_mean; union_js_p99
df1ae758c63b2eba25b6,REJECT,single sample violates one or more reject thresholds,128,128,0.1213733138574753,0.01035101106390357,0.3680509418249127,0.6884689033031464,1.1026641720533372,0.0234375,0.4382617662283352,0.3333333333333333,0.17997349179243813,0.255814216082096,0,mean_abs_logprob_diff; abs_logprob_diff_p95; abs_logprob_diff_p99; topk_jaccard_mean; union_js_p99,mean_abs_logprob_diff; abs_logprob_diff_p95; abs_logprob_diff_p99; topk_jaccard_mean; union_js_p99
df226192fce797341902,REJECT,single sample violates one or more reject thresholds,128,128,0.4042400275066437,0.039685837327851914,1.1342164397239682,1.565950696170329,3.819223172366627,0.109375,0.46810577053318264,0.17117845117845118,0.2074730481767712,0.3016346188714367,0,mean_abs_logprob_diff; abs_logprob_diff_p95; abs_logprob_diff_p99; rank_delta_nonzero_rate; topk_jaccard_mean; union_js_p99,mean_abs_logprob_diff; abs_logprob_diff_p95; abs_logprob_diff_p99; rank_delta_nonzero_rate; topk_jaccard_mean; union_js_p99
df2d1e9365fc9a5a3612,REJECT,single sample violates one or more reject thresholds,128,128,1.2608516140405523,0.7068674797192216,3.29182878853753,4.405846407311035,7.014621824920181,0.3984375,0.36782076417798343,0.19301187980433265,0.589847068181482,0.646695410828162,0,mean_abs_logprob_diff; abs_logprob_diff_p95; abs_logprob_diff_p99; rank_delta_nonzero_rate; topk_jaccard_mean; union_js_p99,mean_abs_logprob_diff; abs_logprob_diff_p95; abs_logprob_diff_p99; rank_delta_nonzero_rate; topk_jaccard_mean; union_js_p99
dff423d9704a840dcff3,REJECT,single sample violates one or more reject thresholds,128,128,0.1027729093894949,0.00033730534778797505,0.1299078822135925,0.4060228645801538,1.370233266353607,0.0625,0.373204243208684,0.20754716981132076,0.06912554518092182,0.1728877420115535,0,mean_abs_logprob_diff; abs_logprob_diff_p95; abs_logprob_diff_p99; rank_delta_nonzero_rate; topk_jaccard_mean; union_js_p99,mean_abs_logprob_diff; abs_logprob_diff_p95; abs_logprob_diff_p99; rank_delta_nonzero_rate; topk_jaccard_mean; union_js_p99
e0d75043b913539245dd,REJECT,single sample violates one or more reject thresholds,128,128,0.09909148493739844,0.00019875964244420175,0.19136001899605604,0.6933895766735051,2.0947224515676512,0.0703125,0.4109774860249838,0.2549019607843137,0.22725553810704113,0.3256771022055257,0,mean_abs_logprob_diff; abs_logprob_diff_p95; abs_logprob_diff_p99; rank_delta_nonzero_rate; topk_jaccard_mean; union_js_p99,mean_abs_logprob_diff; abs_logprob_diff_p95; abs_logprob_diff_p99; rank_delta_nonzero_rate; topk_jaccard_mean; union_js_p99
e1106e26e88b26e43da4,REJECT,single sample violates one or more reject thresholds,128,128,1.0081470898166587,0.36938984692105237,2.635118739242898,4.088680270314211,7.527437372803689,0.296875,0.3872527955578376,0.20754716981132076,0.549056571568239,0.6041069776318961,0,mean_abs_logprob_diff; abs_logprob_diff_p95; abs_logprob_diff_p99; rank_delta_nonzero_rate; topk_jaccard_mean; union_js_p99,mean_abs_logprob_diff; abs_logprob_diff_p95; abs_logprob_diff_p99; rank_delta_nonzero_rate; topk_jaccard_mean; union_js_p99
e32f92840a7a4de12de8,REJECT,single sample violates one or more reject thresholds,128,128,0.5751752086424795,0.1400984711945057,1.871839955449103,2.769226220250129,5.136970332860953,0.21875,0.4868854146176561,0.30612244897959184,0.3850291056282599,0.5506587028881476,0,mean_abs_logprob_diff; abs_logprob_diff_p95; abs_logprob_diff_p99; rank_delta_nonzero_rate; topk_jaccard_mean; union_js_p99,mean_abs_logprob_diff; abs_logprob_diff_p95; abs_logprob_diff_p99; rank_delta_nonzero_rate; topk_jaccard_mean; union_js_p99
e4319382c84d12785440,REJECT,single sample violates one or more reject thresholds,128,128,1.1089807517197898,0.5227226875817905,3.136068004555998,4.340775576955633,6.757328491508962,0.3828125,0.35369366077568565,0.18518518518518517,0.6060344430186803,0.6770718503615154,0,mean_abs_logprob_diff; abs_logprob_diff_p95; abs_logprob_diff_p99; rank_delta_nonzero_rate; topk_jaccard_mean; union_js_p99,mean_abs_logprob_diff; abs_logprob_diff_p95; abs_logprob_diff_p99; rank_delta_nonzero_rate; topk_jaccard_mean; union_js_p99
e5ffaee275e5ce46097d,REJECT,single sample violates one or more reject thresholds,128,128,1.136911222158676,0.4217496366472915,4.012761471420526,5.258056102693079,7.644939868152142,0.296875,0.33873316952229404,0.16363636363636364,0.6127309020958969,0.6598773113120778,0,mean_abs_logprob_diff; abs_logprob_diff_p95; abs_logprob_diff_p99; rank_delta_nonzero_rate; topk_jaccard_mean; union_js_p99,mean_abs_logprob_diff; abs_logprob_diff_p95; abs_logprob_diff_p99; rank_delta_nonzero_rate; topk_jaccard_mean; union_js_p99
e6e6915439026caf5b7f,REJECT,single sample violates one or more reject thresholds,128,128,1.2348302148927344,0.5993001102470146,3.3007419276403196,4.1757355566136525,6.414364614412197,0.359375,0.356147602600092,0.18518518518518517,0.6092979289065742,0.6352713932604117,0,mean_abs_logprob_diff; abs_logprob_diff_p95; abs_logprob_diff_p99; rank_delta_nonzero_rate; topk_jaccard_mean; union_js_p99,mean_abs_logprob_diff; abs_logprob_diff_p95; abs_logprob_diff_p99; rank_delta_nonzero_rate; topk_jaccard_mean; union_js_p99
e7be21945ca0ad81fcf8,REJECT,single sample violates one or more reject thresholds,128,128,0.96541127872083,0.20475866059513237,2.8311466045677647,4.48851410094648,7.513557536005979,0.265625,0.2941870265749458,0.14285714285714285,0.5535425253308119,0.6663654366447098,0,mean_abs_logprob_diff; abs_logprob_diff_p95; abs_logprob_diff_p99; rank_delta_nonzero_rate; topk_jaccard_mean; union_js_p99,mean_abs_logprob_diff; abs_logprob_diff_p95; abs_logprob_diff_p99; rank_delta_nonzero_rate; topk_jaccard_mean; union_js_p99
e943331ec9c151e75ca0,REJECT,single sample violates one or more reject thresholds,128,128,1.5031200259856017,0.734079189132899,4.21257402477786,5.185081371664999,7.95891834402457,0.4140625,0.3169187430371055,0.18518518518518517,0.6461722558871631,0.6715967211345345,0,mean_abs_logprob_diff; abs_logprob_diff_p95; abs_logprob_diff_p99; rank_delta_nonzero_rate; topk_jaccard_mean; union_js_p99,mean_abs_logprob_diff; abs_logprob_diff_p95; abs_logprob_diff_p99; rank_delta_nonzero_rate; topk_jaccard_mean; union_js_p99
ead575033d25c448fe3d,REJECT,single sample violates one or more reject thresholds,128,128,0.3717230899339785,0.00976900156820193,0.9492055822163816,1.7810505822832046,4.573645133525139,0.1640625,0.4278138576366214,0.2549019607843137,0.3910230053092152,0.5545081844433196,0,mean_abs_logprob_diff; abs_logprob_diff_p95; abs_logprob_diff_p99; rank_delta_nonzero_rate; topk_jaccard_mean; union_js_p99,mean_abs_logprob_diff; abs_logprob_diff_p95; abs_logprob_diff_p99; rank_delta_nonzero_rate; topk_jaccard_mean; union_js_p99
ed0e956b8ef0dba85379,REJECT,single sample violates one or more reject thresholds,128,128,0.08517403751567032,0.00039676843286429175,0.12936468273401242,0.7592853337526315,1.3141597841680057,0.0859375,0.4038553775242555,0.2549019607843137,0.07742292520863617,0.22038873336270226,0,mean_abs_logprob_diff; abs_logprob_diff_p95; abs_logprob_diff_p99; rank_delta_nonzero_rate; topk_jaccard_mean; union_js_p99,mean_abs_logprob_diff; abs_logprob_diff_p95; abs_logprob_diff_p99; rank_delta_nonzero_rate; topk_jaccard_mean; union_js_p99
f2ec140de4bf39a8be01,REJECT,single sample violates one or more reject thresholds,128,128,0.9631836330263059,0.37724432349205017,2.2491485178470607,4.076082390546796,6.930988414268943,0.3671875,0.3643625613575686,0.23076923076923078,0.5327773394582141,0.6074986758864722,0,mean_abs_logprob_diff; abs_logprob_diff_p95; abs_logprob_diff_p99; rank_delta_nonzero_rate; topk_jaccard_mean; union_js_p99,mean_abs_logprob_diff; abs_logprob_diff_p95; abs_logprob_diff_p99; rank_delta_nonzero_rate; topk_jaccard_mean; union_js_p99
f3007c807c021e4181b1,REJECT,single sample violates one or more reject thresholds,128,128,0.7602533152276387,0.2702493015676737,2.2685007989406585,3.2515497162006772,7.2112706118822105,0.2421875,0.4553619591499011,0.21415094339622642,0.5551870894066517,0.6150664766504796,0,mean_abs_logprob_diff; abs_logprob_diff_p95; abs_logprob_diff_p99; rank_delta_nonzero_rate; topk_jaccard_mean; union_js_p99,mean_abs_logprob_diff; abs_logprob_diff_p95; abs_logprob_diff_p99; rank_delta_nonzero_rate; topk_jaccard_mean; union_js_p99
f30e6072f963aa16e457,REJECT,single sample violates one or more reject thresholds,128,128,1.3130608957920291,0.7960937034222297,3.359132620692253,4.544751526415345,5.647921803742649,0.4453125,0.39650294601324443,0.2517156862745098,0.5634471093490301,0.6122095643152442,0,mean_abs_logprob_diff; abs_logprob_diff_p95; abs_logprob_diff_p99; rank_delta_nonzero_rate; topk_jaccard_mean; union_js_p99,mean_abs_logprob_diff; abs_logprob_diff_p95; abs_logprob_diff_p99; rank_delta_nonzero_rate; topk_jaccard_mean; union_js_p99
f30ea4e58acf7b58a81a,REJECT,single sample violates one or more reject thresholds,128,128,0.9722472329658833,0.4696783721446991,2.824666531570256,3.5026757642626762,4.770272599458696,0.3515625,0.4232848243569212,0.28,0.516434028162382,0.5806973210290185,0,mean_abs_logprob_diff; abs_logprob_diff_p95; abs_logprob_diff_p99; rank_delta_nonzero_rate; topk_jaccard_mean; union_js_p99,mean_abs_logprob_diff; abs_logprob_diff_p95; abs_logprob_diff_p99; rank_delta_nonzero_rate; topk_jaccard_mean; union_js_p99
f38a2468494a6f425aeb,REJECT,single sample violates one or more reject thresholds,128,128,1.4928188026942744,0.7650389942064066,4.220554025752062,5.20915648471564,7.421183932572609,0.40625,0.3489337169234962,0.17117845117845118,0.6423534421449428,0.6650844631401672,0,mean_abs_logprob_diff; abs_logprob_diff_p95; abs_logprob_diff_p99; rank_delta_nonzero_rate; topk_jaccard_mean; union_js_p99,mean_abs_logprob_diff; abs_logprob_diff_p95; abs_logprob_diff_p99; rank_delta_nonzero_rate; topk_jaccard_mean; union_js_p99
f400d08071f93553a17e,REJECT,single sample violates one or more reject thresholds,128,128,0.23267326861339804,0.00913630006852273,0.7269706487655637,1.5529660701751706,2.328345604538919,0.09375,0.39652994765254435,0.16363636363636364,0.24853509288503695,0.3237692408738561,0,mean_abs_logprob_diff; abs_logprob_diff_p95; abs_logprob_diff_p99; rank_delta_nonzero_rate; topk_jaccard_mean; union_js_p99,mean_abs_logprob_diff; abs_logprob_diff_p95; abs_logprob_diff_p99; rank_delta_nonzero_rate; topk_jaccard_mean; union_js_p99
f5bcada5dcb51b67ec63,REJECT,single sample violates one or more reject thresholds,128,128,1.2877909077505667,0.6077882945537567,3.177851941983681,4.524991177406626,8.002549522668126,0.390625,0.3867459763175034,0.23076923076923078,0.520860868179977,0.6397386274233873,0,mean_abs_logprob_diff; abs_logprob_diff_p95; abs_logprob_diff_p99; rank_delta_nonzero_rate; topk_jaccard_mean; union_js_p99,mean_abs_logprob_diff; abs_logprob_diff_p95; abs_logprob_diff_p99; rank_delta_nonzero_rate; topk_jaccard_mean; union_js_p99
f7b04a9eb798f66c1982,REJECT,single sample violates one or more reject thresholds,128,128,0.7600440511767061,0.48088050819933414,2.077573156356811,2.59613834619522,3.3993309170007713,0.3203125,0.5070116882030685,0.31564625850340133,0.311410000827755,0.4277054140997227,0,mean_abs_logprob_diff; abs_logprob_diff_p95; abs_logprob_diff_p99; rank_delta_nonzero_rate; topk_jaccard_mean; union_js_p99,mean_abs_logprob_diff; abs_logprob_diff_p95; abs_logprob_diff_p99; rank_delta_nonzero_rate; topk_jaccard_mean; union_js_p99
fa111523ee0fd797981c,REJECT,single sample violates one or more reject thresholds,128,128,0.7457988935017459,0.2702026069164276,2.2511012002825734,2.953119577467441,4.2694084856472925,0.3203125,0.43159344116717213,0.2636862745098039,0.4263832263622992,0.6009383535973676,0,mean_abs_logprob_diff; abs_logprob_diff_p95; abs_logprob_diff_p99; rank_delta_nonzero_rate; topk_jaccard_mean; union_js_p99,mean_abs_logprob_diff; abs_logprob_diff_p95; abs_logprob_diff_p99; rank_delta_nonzero_rate; topk_jaccard_mean; union_js_p99
fad7a7bed044b720b4b1,REJECT,single sample violates one or more reject thresholds,128,128,0.3237382722199493,0.041649696067906916,0.9595326542854306,1.5098100662231442,2.7057996815443053,0.1484375,0.46549103497571237,0.2549019607843137,0.20746839067032458,0.37658065228912074,0,mean_abs_logprob_diff; abs_logprob_diff_p95; abs_logprob_diff_p99; rank_delta_nonzero_rate; topk_jaccard_mean; union_js_p99,mean_abs_logprob_diff; abs_logprob_diff_p95; abs_logprob_diff_p99; rank_delta_nonzero_rate; topk_jaccard_mean; union_js_p99
fae20e539be49390c497,REJECT,single sample violates one or more reject thresholds,128,128,0.5927200753230257,0.06594638197202585,2.4969509169459343,2.9621041119098663,3.713647926058621,0.21875,0.3825323865159482,0.21567489114658928,0.43077080951080327,0.5759530149059874,0,mean_abs_logprob_diff; abs_logprob_diff_p95; abs_logprob_diff_p99; rank_delta_nonzero_rate; topk_jaccard_mean; union_js_p99,mean_abs_logprob_diff; abs_logprob_diff_p95; abs_logprob_diff_p99; rank_delta_nonzero_rate; topk_jaccard_mean; union_js_p99
fc774f13ffed5a3f9d24,REJECT,single sample violates one or more reject thresholds,128,128,0.05402398696890415,0.0006178426328915521,0.03872298374772071,0.15146197099238629,1.0072087323665624,0.03125,0.38365268603291786,0.19301187980433265,0.03313753968481825,0.3016579093602684,0,mean_abs_logprob_diff; abs_logprob_diff_p95; abs_logprob_diff_p99; rank_delta_nonzero_rate; topk_jaccard_mean; union_js_p99,mean_abs_logprob_diff; abs_logprob_diff_p99; topk_jaccard_mean; union_js_p99
ff2d36168a506c775b7f,REJECT,single sample violates one or more reject thresholds,128,128,0.04353159441675908,0.0023666162524023093,0.04317868861535314,0.08458567876368753,0.3056854081153873,0.0078125,0.3534665674484221,0.10344827586206895,0.012406411821950774,0.044589426350833995,0,mean_abs_logprob_diff; abs_logprob_diff_p99; topk_jaccard_mean; union_js_p99,mean_abs_logprob_diff; topk_jaccard_mean
