category,common_layers,common_len,common_topk,compared_entries,comparison_kind,entry_match_count,entry_match_rate,entry_mismatch_count,entry_mismatch_rate,expected_gen_route_len,expected_length_match,expected_overlap_len,expected_prefill_route_len,gen_overlap_offset,gen_prefix_ignored,gen_route_start,gen_shape,gen_tail_ignored,inferred_shape_match,input_token_count,layer_topk_shape_match,output_token_count,overlap_end,overlap_start,prefill_overlap_offset,prefill_prefix_ignored,prefill_route_start,prefill_shape,prefill_tail_ignored,raw_shape_match,sample_id,shape_status,source_model,status,target_input_tokens,token_count,token_layer_count,token_layer_match_count,token_layer_match_rate,token_layer_set_count,token_layer_set_match_count,token_layer_set_match_rate,token_match_count,token_match_rate,topk_jaccard_mean,topk_jaccard_sum,topk_overlap_mean,topk_overlap_sum,verifier_model
logs,40,108,8,34560,same_model,26821,0.7760706018518518,7739,0.22392939814814813,140,True,108,109,32,32,0,"[140, 40, 8]",0,True,32,True,109,140,32,0,0,32,"[109, 40, 8]",1,False,0003c1ab20d811680fab,expected_aligned_shape,Qwen/Qwen3.6-35B-A3B-FP8,ok,32,108,4320,1584,0.36666666666666664,4320,3229,0.7474537037037037,0,0.0,0.9396661054994387,4059.357575757576,0.9653645833333333,4170.375,Qwen/Qwen3.6-35B-A3B-FP8
short_qa,40,127,8,40640,same_model,29973,0.7375246062992126,10667,0.2624753937007874,165,True,127,128,38,38,0,"[165, 40, 8]",0,True,38,True,128,165,38,0,0,38,"[128, 40, 8]",1,False,00948d836971f053bbf9,expected_aligned_shape,Qwen/Qwen3.6-35B-A3B-FP8,ok,32,127,5080,1549,0.30492125984251967,5080,3465,0.6820866141732284,0,0.0,0.9216091869635177,4681.77466977467,0.9541584645669291,4847.125,Qwen/Qwen3.6-35B-A3B-FP8
json_structured,40,127,8,40640,same_model,29008,0.7137795275590552,11632,0.2862204724409449,159,True,127,128,32,32,0,"[159, 40, 8]",0,True,32,True,128,159,32,0,0,32,"[128, 40, 8]",1,False,00afd811d2fb32cde01b,expected_aligned_shape,Qwen/Qwen3.6-35B-A3B-FP8,ok,32,127,5080,1304,0.2566929133858268,5080,3298,0.6492125984251969,0,0.0,0.9130556582525088,4638.322743922744,0.949384842519685,4822.875,Qwen/Qwen3.6-35B-A3B-FP8
chat,40,127,8,40640,same_model,29970,0.7374507874015748,10670,0.2625492125984252,159,True,127,128,32,32,0,"[159, 40, 8]",0,True,32,True,128,159,32,0,0,32,"[128, 40, 8]",1,False,00c5b0bb8b418f1087d2,expected_aligned_shape,Qwen/Qwen3.6-35B-A3B-FP8,ok,32,127,5080,1533,0.3017716535433071,5080,3481,0.6852362204724409,0,0.0,0.9226843235504653,4687.236363636363,0.9553395669291339,4853.125,Qwen/Qwen3.6-35B-A3B-FP8
mixed_language,40,127,8,40640,same_model,29569,0.7275836614173228,11071,0.27241633858267716,159,True,127,128,32,32,0,"[159, 40, 8]",0,True,32,True,128,159,32,0,0,32,"[128, 40, 8]",1,False,00ea1d2b9e3c897033ae,expected_aligned_shape,Qwen/Qwen3.6-35B-A3B-FP8,ok,32,127,5080,1400,0.2755905511811024,5080,3397,0.6687007874015748,0,0.0,0.9132106039192653,4639.109867909868,0.947490157480315,4813.25,Qwen/Qwen3.6-35B-A3B-FP8
json_structured,40,127,8,40640,same_model,27776,0.6834645669291338,12864,0.3165354330708661,159,True,127,128,32,32,0,"[159, 40, 8]",0,True,32,True,128,159,32,0,0,32,"[128, 40, 8]",1,False,01159c067d84ad43a166,expected_aligned_shape,Qwen/Qwen3.6-35B-A3B-FP8,ok,32,127,5080,1129,0.22224409448818896,5080,3091,0.6084645669291339,0,0.0,0.9023556058989131,4583.966477966478,0.9432824803149606,4791.875,Qwen/Qwen3.6-35B-A3B-FP8
math_numeric,40,127,8,40640,same_model,29476,0.7252952755905512,11164,0.2747047244094488,159,True,127,128,32,32,0,"[159, 40, 8]",0,True,32,True,128,159,32,0,0,32,"[128, 40, 8]",1,False,014c2c850a48d8d32f72,expected_aligned_shape,Qwen/Qwen3.6-35B-A3B-FP8,ok,32,127,5080,1454,0.2862204724409449,5080,3408,0.6708661417322834,0,0.0,0.9174865903999762,4660.83187923188,0.9517470472440945,4834.875,Qwen/Qwen3.6-35B-A3B-FP8
low_margin,40,127,8,40640,same_model,30450,0.749261811023622,10190,0.25073818897637795,167,True,127,128,40,40,0,"[167, 40, 8]",0,True,40,True,128,167,40,0,0,40,"[128, 40, 8]",1,False,014ff27d5116c25971aa,expected_aligned_shape,Qwen/Qwen3.6-35B-A3B-FP8,ok,32,127,5080,1602,0.3153543307086614,5080,3560,0.7007874015748031,0,0.0,0.9281862844067569,4715.186324786325,0.9587844488188977,4870.625,Qwen/Qwen3.6-35B-A3B-FP8
logs,40,127,8,40640,same_model,29960,0.7372047244094488,10680,0.26279527559055116,159,True,127,128,32,32,0,"[159, 40, 8]",0,True,32,True,128,159,32,0,0,32,"[128, 40, 8]",1,False,0167de77ade28a1387ba,expected_aligned_shape,Qwen/Qwen3.6-35B-A3B-FP8,ok,32,127,5080,1501,0.2954724409448819,5080,3456,0.6803149606299213,0,0.0,0.9215839628438054,4681.646531246532,0.9544045275590551,4848.375,Qwen/Qwen3.6-35B-A3B-FP8
summarization,40,127,8,40640,same_model,31623,0.778125,9017,0.221875,167,True,127,128,40,40,0,"[167, 40, 8]",0,True,40,True,128,167,40,0,0,40,"[128, 40, 8]",1,False,022f9baa16bf97afecb7,expected_aligned_shape,Qwen/Qwen3.6-35B-A3B-FP8,ok,32,127,5080,1854,0.3649606299212598,5080,3742,0.7366141732283464,0,0.0,0.936219371180001,4755.994405594405,0.9632135826771654,4893.125,Qwen/Qwen3.6-35B-A3B-FP8
logs,40,127,8,40640,same_model,30404,0.7481299212598426,10236,0.2518700787401575,159,True,127,128,32,32,0,"[159, 40, 8]",0,True,32,True,128,159,32,0,0,32,"[128, 40, 8]",1,False,0250f87838b3c4e749b5,expected_aligned_shape,Qwen/Qwen3.6-35B-A3B-FP8,ok,32,127,5080,1594,0.31377952755905514,5080,3543,0.6974409448818898,0,0.0,0.9270131355958127,4709.2267288267285,0.9579970472440945,4866.625,Qwen/Qwen3.6-35B-A3B-FP8
chat,40,127,8,40640,same_model,29747,0.7319635826771653,10893,0.2680364173228346,167,True,127,128,40,40,0,"[167, 40, 8]",0,True,40,True,128,167,40,0,0,40,"[128, 40, 8]",1,False,027150b07a186d142ae6,expected_aligned_shape,Qwen/Qwen3.6-35B-A3B-FP8,ok,32,127,5080,1491,0.293503937007874,5080,3439,0.6769685039370079,0,0.0,0.9186742872175943,4666.865379065379,0.9521161417322834,4836.75,Qwen/Qwen3.6-35B-A3B-FP8
needle,40,127,8,40640,same_model,28766,0.7078248031496063,11874,0.2921751968503937,159,True,127,128,32,32,0,"[159, 40, 8]",0,True,32,True,128,159,32,0,0,32,"[128, 40, 8]",1,False,02a3fef10ad703b70508,expected_aligned_shape,Qwen/Qwen3.6-35B-A3B-FP8,ok,32,127,5080,1323,0.26043307086614176,5080,3285,0.6466535433070866,0,0.0,0.9125340014316393,4635.672727272728,0.9493356299212599,4822.625,Qwen/Qwen3.6-35B-A3B-FP8
logs,40,78,8,24960,same_model,17847,0.7150240384615385,7113,0.28497596153846155,110,True,78,79,32,32,0,"[110, 40, 8]",0,True,32,True,79,110,32,0,0,32,"[79, 40, 8]",1,False,03475cd4ee88e0e9400a,expected_aligned_shape,Qwen/Qwen3.6-35B-A3B-FP8,ok,32,78,3120,824,0.2641025641025641,3120,2053,0.6580128205128205,0,0.0,0.9159357878588649,2857.719658119658,0.9514022435897436,2968.375,Qwen/Qwen3.6-35B-A3B-FP8
low_margin,40,127,8,40640,same_model,30374,0.7473917322834646,10266,0.25260826771653544,167,True,127,128,40,40,0,"[167, 40, 8]",0,True,40,True,128,167,40,0,0,40,"[128, 40, 8]",1,False,0364b7d8d89c84a3bd6d,expected_aligned_shape,Qwen/Qwen3.6-35B-A3B-FP8,ok,32,127,5080,1554,0.3059055118110236,5080,3524,0.6937007874015748,0,0.0,0.9268177841406189,4708.234343434344,0.9580462598425197,4866.875,Qwen/Qwen3.6-35B-A3B-FP8
json_structured,40,127,8,40640,same_model,30056,0.7395669291338582,10584,0.26043307086614176,167,True,127,128,40,40,0,"[167, 40, 8]",0,True,40,True,128,167,40,0,0,40,"[128, 40, 8]",1,False,0394d59a86c26188b0e5,expected_aligned_shape,Qwen/Qwen3.6-35B-A3B-FP8,ok,32,127,5080,1491,0.293503937007874,5080,3457,0.680511811023622,0,0.0,0.9220778434164262,4684.155444555445,0.9548474409448819,4850.625,Qwen/Qwen3.6-35B-A3B-FP8
code,40,127,8,40640,same_model,30476,0.7499015748031496,10164,0.2500984251968504,159,True,127,128,32,32,0,"[159, 40, 8]",0,True,32,True,128,159,32,0,0,32,"[128, 40, 8]",1,False,03abe1c0830e3621b532,expected_aligned_shape,Qwen/Qwen3.6-35B-A3B-FP8,ok,32,127,5080,1607,0.31633858267716536,5080,3516,0.6921259842519685,0,0.0,0.9221331599284356,4684.436452436453,0.9543307086614173,4848.0,Qwen/Qwen3.6-35B-A3B-FP8
chat,40,127,8,40640,same_model,29188,0.7182086614173229,11452,0.2817913385826772,159,True,127,128,32,32,0,"[159, 40, 8]",0,True,32,True,128,159,32,0,0,32,"[128, 40, 8]",1,False,03adb09fa2be78c52cff,expected_aligned_shape,Qwen/Qwen3.6-35B-A3B-FP8,ok,32,127,5080,1373,0.2702755905511811,5080,3297,0.6490157480314961,0,0.0,0.912419985963293,4635.093528693529,0.9487450787401575,4819.625,Qwen/Qwen3.6-35B-A3B-FP8
json_structured,40,127,8,40640,same_model,29408,0.7236220472440945,11232,0.2763779527559055,159,True,127,128,32,32,0,"[159, 40, 8]",0,True,32,True,128,159,32,0,0,32,"[128, 40, 8]",1,False,03be0a1c2e15e0e45156,expected_aligned_shape,Qwen/Qwen3.6-35B-A3B-FP8,ok,32,127,5080,1417,0.27893700787401576,5080,3390,0.6673228346456693,0,0.0,0.9181505283867488,4664.204684204684,0.9525098425196851,4838.75,Qwen/Qwen3.6-35B-A3B-FP8
needle,40,127,8,40640,same_model,28892,0.7109251968503937,11748,0.2890748031496063,159,True,127,128,32,32,0,"[159, 40, 8]",0,True,32,True,128,159,32,0,0,32,"[128, 40, 8]",1,False,03c274dea50b8653f42a,expected_aligned_shape,Qwen/Qwen3.6-35B-A3B-FP8,ok,32,127,5080,1343,0.2643700787401575,5080,3310,0.6515748031496063,0,0.0,0.9134297548470776,4640.223154623154,0.9498031496062992,4825.0,Qwen/Qwen3.6-35B-A3B-FP8
math_numeric,40,127,8,40640,same_model,22200,0.5462598425196851,18440,0.453740157480315,159,True,127,128,32,32,0,"[159, 40, 8]",0,True,32,True,128,159,32,0,0,32,"[128, 40, 8]",1,False,03d767a5e1b20a947895,expected_aligned_shape,Qwen/Qwen3.6-35B-A3B-FP8,ok,32,127,5080,481,0.09468503937007874,5080,2066,0.40669291338582675,0,0.0,0.8259688780161222,4195.9219003219005,0.8924950787401574,4533.875,Qwen/Qwen3.6-35B-A3B-FP8
low_margin,40,127,8,40640,same_model,29879,0.7352116141732283,10761,0.26478838582677167,167,True,127,128,40,40,0,"[167, 40, 8]",0,True,40,True,128,167,40,0,0,40,"[128, 40, 8]",1,False,043a64a79e93471ae3d3,expected_aligned_shape,Qwen/Qwen3.6-35B-A3B-FP8,ok,32,127,5080,1483,0.29192913385826774,5080,3457,0.680511811023622,0,0.0,0.9229234195375928,4688.450971250972,0.9556840551181103,4854.875,Qwen/Qwen3.6-35B-A3B-FP8
logs,40,127,8,40640,same_model,29752,0.7320866141732284,10888,0.26791338582677166,159,True,127,128,32,32,0,"[159, 40, 8]",0,True,32,True,128,159,32,0,0,32,"[128, 40, 8]",1,False,0458db6cb441016028c1,expected_aligned_shape,Qwen/Qwen3.6-35B-A3B-FP8,ok,32,127,5080,1486,0.2925196850393701,5080,3412,0.6716535433070866,0,0.0,0.919331289882471,4670.202952602953,0.9532972440944882,4842.75,Qwen/Qwen3.6-35B-A3B-FP8
short_qa,40,127,8,40640,same_model,29110,0.7162893700787402,11530,0.28371062992125984,159,True,127,128,32,32,0,"[159, 40, 8]",0,True,32,True,128,159,32,0,0,32,"[128, 40, 8]",1,False,052429e5e8da268aba0c,expected_aligned_shape,Qwen/Qwen3.6-35B-A3B-FP8,ok,32,127,5080,1381,0.2718503937007874,5080,3291,0.6478346456692914,0,0.0,0.9100963472223315,4623.289443889444,0.946998031496063,4810.75,Qwen/Qwen3.6-35B-A3B-FP8
json_structured,40,127,8,40640,same_model,29164,0.7176181102362205,11476,0.28238188976377954,159,True,127,128,32,32,0,"[159, 40, 8]",0,True,32,True,128,159,32,0,0,32,"[128, 40, 8]",1,False,0535c319f96a2e59930c,expected_aligned_shape,Qwen/Qwen3.6-35B-A3B-FP8,ok,32,127,5080,1313,0.25846456692913383,5080,3359,0.6612204724409448,0,0.0,0.9170735607349779,4658.733688533688,0.9519685039370078,4836.0,Qwen/Qwen3.6-35B-A3B-FP8
json_structured,40,127,8,40640,same_model,30974,0.7621555118110236,9666,0.23784448818897638,167,True,127,128,40,40,0,"[167, 40, 8]",0,True,40,True,128,167,40,0,0,40,"[128, 40, 8]",1,False,053a2c30dc8141a42ebd,expected_aligned_shape,Qwen/Qwen3.6-35B-A3B-FP8,ok,32,127,5080,1712,0.33700787401574805,5080,3647,0.7179133858267717,0,0.0,0.9327603717367496,4738.422688422688,0.9614419291338583,4884.125,Qwen/Qwen3.6-35B-A3B-FP8
mixed_language,40,127,8,40640,same_model,30210,0.7433562992125984,10430,0.25664370078740156,159,True,127,128,32,32,0,"[159, 40, 8]",0,True,32,True,128,159,32,0,0,32,"[128, 40, 8]",1,False,0550f5a69608c8b20c6c,expected_aligned_shape,Qwen/Qwen3.6-35B-A3B-FP8,ok,32,127,5080,1668,0.3283464566929134,5080,3468,0.6826771653543308,0,0.0,0.9165479926897249,4656.063802863803,0.9494340551181102,4823.125,Qwen/Qwen3.6-35B-A3B-FP8
short_qa,40,127,8,40640,same_model,28868,0.7103346456692914,11772,0.28966535433070867,159,True,127,128,32,32,0,"[159, 40, 8]",0,True,32,True,128,159,32,0,0,32,"[128, 40, 8]",1,False,05736d3838eb45691aa1,expected_aligned_shape,Qwen/Qwen3.6-35B-A3B-FP8,ok,32,127,5080,1338,0.26338582677165356,5080,3234,0.6366141732283465,0,0.0,0.9087662468764829,4616.532534132534,0.9467765748031496,4809.625,Qwen/Qwen3.6-35B-A3B-FP8
code,40,127,8,40640,same_model,29736,0.7316929133858268,10904,0.26830708661417324,159,True,127,128,32,32,0,"[159, 40, 8]",0,True,32,True,128,159,32,0,0,32,"[128, 40, 8]",1,False,05896e4c2e31c0463be8,expected_aligned_shape,Qwen/Qwen3.6-35B-A3B-FP8,ok,32,127,5080,1554,0.3059055118110236,5080,3451,0.6793307086614173,0,0.0,0.9114479789676638,4630.155733155733,0.9456938976377953,4804.125,Qwen/Qwen3.6-35B-A3B-FP8
chat,40,127,8,40640,same_model,27555,0.6780265748031497,13085,0.3219734251968504,159,True,127,128,32,32,0,"[159, 40, 8]",0,True,32,True,128,159,32,0,0,32,"[128, 40, 8]",1,False,0593f0e9c85452fe8e24,expected_aligned_shape,Qwen/Qwen3.6-35B-A3B-FP8,ok,32,127,5080,1128,0.2220472440944882,5080,3050,0.6003937007874016,0,0.0,0.8928285712537679,4535.569141969142,0.9354330708661417,4752.0,Qwen/Qwen3.6-35B-A3B-FP8
code,40,127,8,40640,same_model,31354,0.771505905511811,9286,0.22849409448818897,166,True,127,128,39,39,0,"[166, 40, 8]",0,True,39,True,128,166,39,0,0,39,"[128, 40, 8]",1,False,05cb08913232321b25ad,expected_aligned_shape,Qwen/Qwen3.6-35B-A3B-FP8,ok,32,127,5080,1775,0.3494094488188976,5080,3660,0.7204724409448819,0,0.0,0.9323229875985782,4736.200777000777,0.9608759842519685,4881.25,Qwen/Qwen3.6-35B-A3B-FP8
code,40,127,8,40640,same_model,29633,0.7291584645669291,11007,0.2708415354330709,159,True,127,128,32,32,0,"[159, 40, 8]",0,True,32,True,128,159,32,0,0,32,"[128, 40, 8]",1,False,066466fff38704063913,expected_aligned_shape,Qwen/Qwen3.6-35B-A3B-FP8,ok,32,127,5080,1428,0.2811023622047244,5080,3410,0.6712598425196851,0,0.0,0.9170101988999627,4658.411810411811,0.9513779527559055,4833.0,Qwen/Qwen3.6-35B-A3B-FP8
low_margin,40,127,8,40640,same_model,29600,0.7283464566929134,11040,0.27165354330708663,167,True,127,128,40,40,0,"[167, 40, 8]",0,True,40,True,128,167,40,0,0,40,"[128, 40, 8]",1,False,067a5b649600bb1d1857,expected_aligned_shape,Qwen/Qwen3.6-35B-A3B-FP8,ok,32,127,5080,1433,0.28208661417322833,5080,3453,0.6797244094488188,0,0.0,0.9224026454735115,4685.805439005439,0.9553149606299213,4853.0,Qwen/Qwen3.6-35B-A3B-FP8
summarization,40,127,8,40640,same_model,30044,0.739271653543307,10596,0.2607283464566929,163,True,127,128,36,36,0,"[163, 40, 8]",0,True,36,True,128,163,36,0,0,36,"[128, 40, 8]",1,False,06a9a91525cb5e2f7857,expected_aligned_shape,Qwen/Qwen3.6-35B-A3B-FP8,ok,32,127,5080,1530,0.30118110236220474,5080,3407,0.6706692913385827,0,0.0,0.920134187771983,4674.281673881674,0.9539124015748032,4845.875,Qwen/Qwen3.6-35B-A3B-FP8
logs,40,101,8,32320,same_model,25422,0.7865717821782178,6898,0.21342821782178217,133,True,101,102,32,32,0,"[133, 40, 8]",0,True,32,True,102,133,32,0,0,32,"[102, 40, 8]",1,False,06b3454c80bf47dde168,expected_aligned_shape,Qwen/Qwen3.6-35B-A3B-FP8,ok,32,101,4040,1509,0.3735148514851485,4040,3067,0.7591584158415842,0,0.0,0.9431933193319332,3810.5010101010103,0.9675123762376238,3908.75,Qwen/Qwen3.6-35B-A3B-FP8
short_qa,40,127,8,40640,same_model,31042,0.7638287401574804,9598,0.2361712598425197,166,True,127,128,39,39,0,"[166, 40, 8]",0,True,39,True,128,166,39,0,0,39,"[128, 40, 8]",1,False,071a13009e9aea8f5165,expected_aligned_shape,Qwen/Qwen3.6-35B-A3B-FP8,ok,32,127,5080,1699,0.3344488188976378,5080,3672,0.7228346456692913,0,0.0,0.934650441422095,4748.024242424242,0.9626722440944881,4890.375,Qwen/Qwen3.6-35B-A3B-FP8
mixed_language,40,127,8,40640,same_model,29789,0.7329970472440945,10851,0.2670029527559055,159,True,127,128,32,32,0,"[159, 40, 8]",0,True,32,True,128,159,32,0,0,32,"[128, 40, 8]",1,False,0736935a3f57cdd1e037,expected_aligned_shape,Qwen/Qwen3.6-35B-A3B-FP8,ok,32,127,5080,1512,0.29763779527559053,5080,3398,0.6688976377952756,0,0.0,0.9150079491811776,4648.240381840382,0.9490895669291338,4821.375,Qwen/Qwen3.6-35B-A3B-FP8
needle,40,127,8,40640,same_model,28896,0.7110236220472441,11744,0.2889763779527559,159,True,127,128,32,32,0,"[159, 40, 8]",0,True,32,True,128,159,32,0,0,32,"[128, 40, 8]",1,False,074ec475ad3f56370376,expected_aligned_shape,Qwen/Qwen3.6-35B-A3B-FP8,ok,32,127,5080,1301,0.25610236220472443,5080,3258,0.6413385826771654,0,0.0,0.9116953606323684,4631.412432012432,0.9487696850393701,4819.75,Qwen/Qwen3.6-35B-A3B-FP8
code,40,127,8,40640,same_model,28992,0.7133858267716535,11648,0.2866141732283465,159,True,127,128,32,32,0,"[159, 40, 8]",0,True,32,True,128,159,32,0,0,32,"[128, 40, 8]",1,False,0762b3cc828308f2763c,expected_aligned_shape,Qwen/Qwen3.6-35B-A3B-FP8,ok,32,127,5080,1354,0.26653543307086613,5080,3258,0.6413385826771654,0,0.0,0.9082952742795263,4614.139993339993,0.9460629921259842,4806.0,Qwen/Qwen3.6-35B-A3B-FP8
math_numeric,40,127,8,40640,same_model,19445,0.4784694881889764,21195,0.5215305118110236,159,True,127,128,32,32,0,"[159, 40, 8]",0,True,32,True,128,159,32,0,0,32,"[128, 40, 8]",1,False,083c33f4bd275d391520,expected_aligned_shape,Qwen/Qwen3.6-35B-A3B-FP8,ok,32,127,5080,334,0.065748031496063,5080,1661,0.3269685039370079,0,0.0,0.7749016032086898,3936.5001443001443,0.85123031496063,4324.25,Qwen/Qwen3.6-35B-A3B-FP8
json_structured,40,127,8,40640,same_model,29011,0.713853346456693,11629,0.2861466535433071,159,True,127,128,32,32,0,"[159, 40, 8]",0,True,32,True,128,159,32,0,0,32,"[128, 40, 8]",1,False,089c4d555dc2fc5c1001,expected_aligned_shape,Qwen/Qwen3.6-35B-A3B-FP8,ok,32,127,5080,1402,0.27598425196850396,5080,3455,0.6801181102362205,0,0.0,0.9165680644814503,4656.165767565768,0.9502952755905512,4827.5,Qwen/Qwen3.6-35B-A3B-FP8
json_structured,40,127,8,40640,same_model,29898,0.7356791338582677,10742,0.2643208661417323,166,True,127,128,39,39,0,"[166, 40, 8]",0,True,39,True,128,166,39,0,0,39,"[128, 40, 8]",1,False,08a516ed65ded1d98939,expected_aligned_shape,Qwen/Qwen3.6-35B-A3B-FP8,ok,32,127,5080,1444,0.284251968503937,5080,3459,0.6809055118110237,0,0.0,0.9225198685828606,4686.400932400932,0.9553149606299213,4853.0,Qwen/Qwen3.6-35B-A3B-FP8
low_margin,40,127,8,40640,same_model,29976,0.7375984251968504,10664,0.26240157480314963,166,True,127,128,39,39,0,"[166, 40, 8]",0,True,39,True,128,166,39,0,0,39,"[128, 40, 8]",1,False,08a644a1ffe3bc02f01e,expected_aligned_shape,Qwen/Qwen3.6-35B-A3B-FP8,ok,32,127,5080,1500,0.2952755905511811,5080,3447,0.6785433070866141,0,0.0,0.9224711683766801,4686.1535353535355,0.9554625984251969,4853.75,Qwen/Qwen3.6-35B-A3B-FP8
math_numeric,40,127,8,40640,same_model,19562,0.4813484251968504,21078,0.5186515748031496,159,True,127,128,32,32,0,"[159, 40, 8]",0,True,32,True,128,159,32,0,0,32,"[128, 40, 8]",1,False,08ae3430f704796fb489,expected_aligned_shape,Qwen/Qwen3.6-35B-A3B-FP8,ok,32,127,5080,289,0.05688976377952756,5080,1650,0.3248031496062992,0,0.0,0.7846105119727166,3985.821400821401,0.8627214566929133,4382.625,Qwen/Qwen3.6-35B-A3B-FP8
chat,40,127,8,40640,same_model,29450,0.7246555118110236,11190,0.2753444881889764,159,True,127,128,32,32,0,"[159, 40, 8]",0,True,32,True,128,159,32,0,0,32,"[128, 40, 8]",1,False,08c8f1ae4ca8bd819a8a,expected_aligned_shape,Qwen/Qwen3.6-35B-A3B-FP8,ok,32,127,5080,1343,0.2643700787401575,5080,3350,0.6594488188976378,0,0.0,0.918754351510257,4667.272105672106,0.953371062992126,4843.125,Qwen/Qwen3.6-35B-A3B-FP8
json_structured,40,127,8,40640,same_model,28530,0.7020177165354331,12110,0.29798228346456695,159,True,127,128,32,32,0,"[159, 40, 8]",0,True,32,True,128,159,32,0,0,32,"[128, 40, 8]",1,False,08d902e0c3d70a68f540,expected_aligned_shape,Qwen/Qwen3.6-35B-A3B-FP8,ok,32,127,5080,1259,0.24783464566929134,5080,3275,0.6446850393700787,0,0.0,0.9103477012925832,4624.566322566323,0.9476131889763779,4813.875,Qwen/Qwen3.6-35B-A3B-FP8
mixed_language,40,127,8,40640,same_model,31137,0.7661663385826771,9503,0.23383366141732284,159,True,127,128,32,32,0,"[159, 40, 8]",0,True,32,True,128,159,32,0,0,32,"[128, 40, 8]",1,False,091705e70651d77aefc8,expected_aligned_shape,Qwen/Qwen3.6-35B-A3B-FP8,ok,32,127,5080,1717,0.337992125984252,5080,3674,0.7232283464566929,0,0.0,0.9314770968314275,4731.903651903652,0.9600393700787402,4877.0,Qwen/Qwen3.6-35B-A3B-FP8
logs,40,127,8,40640,same_model,26806,0.6595964566929133,13834,0.3404035433070866,159,True,127,128,32,32,0,"[159, 40, 8]",0,True,32,True,128,159,32,0,0,32,"[128, 40, 8]",1,False,09270f39b1e71042f791,expected_aligned_shape,Qwen/Qwen3.6-35B-A3B-FP8,ok,32,127,5080,1104,0.2173228346456693,5080,2904,0.5716535433070866,0,0.0,0.8802508165500292,4471.674148074148,0.9272145669291338,4710.25,Qwen/Qwen3.6-35B-A3B-FP8
needle,40,127,8,40640,same_model,28741,0.7072096456692913,11899,0.29279035433070866,159,True,127,128,32,32,0,"[159, 40, 8]",0,True,32,True,128,159,32,0,0,32,"[128, 40, 8]",1,False,092fb725ed92d83c270d,expected_aligned_shape,Qwen/Qwen3.6-35B-A3B-FP8,ok,32,127,5080,1300,0.2559055118110236,5080,3307,0.650984251968504,0,0.0,0.9133928626054609,4640.035742035742,0.9497047244094489,4824.5,Qwen/Qwen3.6-35B-A3B-FP8
short_qa,40,127,8,40640,same_model,29481,0.7254183070866141,11159,0.2745816929133858,166,True,127,128,39,39,0,"[166, 40, 8]",0,True,39,True,128,166,39,0,0,39,"[128, 40, 8]",1,False,094af980d2e4560ac60c,expected_aligned_shape,Qwen/Qwen3.6-35B-A3B-FP8,ok,32,127,5080,1470,0.28937007874015747,5080,3384,0.6661417322834645,0,0.0,0.9170117153188019,4658.419513819514,0.9515501968503937,4833.875,Qwen/Qwen3.6-35B-A3B-FP8
mixed_language,40,127,8,40640,same_model,29623,0.7289124015748032,11017,0.27108759842519686,159,True,127,128,32,32,0,"[159, 40, 8]",0,True,32,True,128,159,32,0,0,32,"[128, 40, 8]",1,False,098f8d40e91916047686,expected_aligned_shape,Qwen/Qwen3.6-35B-A3B-FP8,ok,32,127,5080,1432,0.28188976377952757,5080,3414,0.6720472440944882,0,0.0,0.9170349729011145,4658.537662337662,0.951107283464567,4831.625,Qwen/Qwen3.6-35B-A3B-FP8
mixed_language,40,127,8,40640,same_model,30131,0.7414124015748031,10509,0.25858759842519685,159,True,127,128,32,32,0,"[159, 40, 8]",0,True,32,True,128,159,32,0,0,32,"[128, 40, 8]",1,False,09a5e6954731576a323b,expected_aligned_shape,Qwen/Qwen3.6-35B-A3B-FP8,ok,32,127,5080,1580,0.3110236220472441,5080,3449,0.6789370078740158,0,0.0,0.9172732167220357,4659.747940947941,0.9503198818897638,4827.625,Qwen/Qwen3.6-35B-A3B-FP8
short_qa,40,127,8,40640,same_model,31105,0.765378937007874,9535,0.23462106299212598,165,True,127,128,38,38,0,"[165, 40, 8]",0,True,38,True,128,165,38,0,0,38,"[128, 40, 8]",1,False,09c942ef1a98da6659d1,expected_aligned_shape,Qwen/Qwen3.6-35B-A3B-FP8,ok,32,127,5080,1684,0.331496062992126,5080,3598,0.7082677165354331,0,0.0,0.9299754139124219,4724.275102675103,0.9596702755905512,4875.125,Qwen/Qwen3.6-35B-A3B-FP8
low_margin,40,127,8,40640,same_model,29961,0.7372293307086614,10679,0.2627706692913386,165,True,127,128,38,38,0,"[165, 40, 8]",0,True,38,True,128,165,38,0,0,38,"[128, 40, 8]",1,False,0a1d8a7c087c9dc3d2cd,expected_aligned_shape,Qwen/Qwen3.6-35B-A3B-FP8,ok,32,127,5080,1465,0.28838582677165353,5080,3487,0.6864173228346456,0,0.0,0.9229960721693006,4688.820046620047,0.9552903543307086,4852.875,Qwen/Qwen3.6-35B-A3B-FP8
chat,40,127,8,40640,same_model,30096,0.7405511811023622,10544,0.2594488188976378,166,True,127,128,39,39,0,"[166, 40, 8]",0,True,39,True,128,166,39,0,0,39,"[128, 40, 8]",1,False,0a2fd3a1b824cf221369,expected_aligned_shape,Qwen/Qwen3.6-35B-A3B-FP8,ok,32,127,5080,1543,0.30374015748031497,5080,3538,0.6964566929133859,0,0.0,0.9269557564045753,4708.935242535243,0.9578986220472441,4866.125,Qwen/Qwen3.6-35B-A3B-FP8
low_margin,40,127,8,40640,same_model,29553,0.7271899606299213,11087,0.27281003937007875,166,True,127,128,39,39,0,"[166, 40, 8]",0,True,39,True,128,166,39,0,0,39,"[128, 40, 8]",1,False,0aa6cfc00ab1dd402f7e,expected_aligned_shape,Qwen/Qwen3.6-35B-A3B-FP8,ok,32,127,5080,1480,0.29133858267716534,5080,3407,0.6706692913385827,0,0.0,0.9192690686391473,4669.886868686869,0.953371062992126,4843.125,Qwen/Qwen3.6-35B-A3B-FP8
needle,40,127,8,40640,same_model,29323,0.7215305118110236,11317,0.2784694881889764,159,True,127,128,32,32,0,"[159, 40, 8]",0,True,32,True,128,159,32,0,0,32,"[128, 40, 8]",1,False,0ade38b56b4ba335d014,expected_aligned_shape,Qwen/Qwen3.6-35B-A3B-FP8,ok,32,127,5080,1358,0.2673228346456693,5080,3379,0.6651574803149606,0,0.0,0.9188188976377953,4667.6,0.9533218503937008,4842.875,Qwen/Qwen3.6-35B-A3B-FP8
logs,40,127,8,40640,same_model,29858,0.7346948818897637,10782,0.2653051181102362,159,True,127,128,32,32,0,"[159, 40, 8]",0,True,32,True,128,159,32,0,0,32,"[128, 40, 8]",1,False,0af61f659608984d5c05,expected_aligned_shape,Qwen/Qwen3.6-35B-A3B-FP8,ok,32,127,5080,1514,0.2980314960629921,5080,3471,0.6832677165354331,0,0.0,0.920747354133181,4677.396558996559,0.9535925196850393,4844.25,Qwen/Qwen3.6-35B-A3B-FP8
logs,40,127,8,40640,same_model,29752,0.7320866141732284,10888,0.26791338582677166,159,True,127,128,32,32,0,"[159, 40, 8]",0,True,32,True,128,159,32,0,0,32,"[128, 40, 8]",1,False,0b088b1c6405a99afcbf,expected_aligned_shape,Qwen/Qwen3.6-35B-A3B-FP8,ok,32,127,5080,1510,0.297244094488189,5080,3468,0.6826771653543308,0,0.0,0.9218380132553361,4682.937107337108,0.95435531496063,4848.125,Qwen/Qwen3.6-35B-A3B-FP8
needle,40,127,8,40640,same_model,29211,0.7187746062992126,11429,0.2812253937007874,159,True,127,128,32,32,0,"[159, 40, 8]",0,True,32,True,128,159,32,0,0,32,"[128, 40, 8]",1,False,0b17aa2bf14c69e49fde,expected_aligned_shape,Qwen/Qwen3.6-35B-A3B-FP8,ok,32,127,5080,1409,0.2773622047244094,5080,3336,0.6566929133858268,0,0.0,0.9140845156593188,4643.5493395493395,0.95,4826.0,Qwen/Qwen3.6-35B-A3B-FP8
mixed_language,40,42,8,13440,same_model,9839,0.7320684523809524,3601,0.26793154761904764,74,True,42,43,32,32,0,"[74, 40, 8]",0,True,32,True,43,74,32,0,0,32,"[43, 40, 8]",1,False,0b78fd794493c2fce383,expected_aligned_shape,Qwen/Qwen3.6-35B-A3B-FP8,ok,32,42,1680,496,0.29523809523809524,1680,1193,0.7101190476190476,0,0.0,0.9311087061087061,1564.2626262626263,0.9605654761904762,1613.75,Qwen/Qwen3.6-35B-A3B-FP8
code,40,127,8,40640,same_model,30425,0.7486466535433071,10215,0.25135334645669294,166,True,127,128,39,39,0,"[166, 40, 8]",0,True,39,True,128,166,39,0,0,39,"[128, 40, 8]",1,False,0b7937de7f83e5fbfed7,expected_aligned_shape,Qwen/Qwen3.6-35B-A3B-FP8,ok,32,127,5080,1616,0.31811023622047246,5080,3448,0.6787401574803149,0,0.0,0.9135135162300516,4640.648662448662,0.9469734251968503,4810.625,Qwen/Qwen3.6-35B-A3B-FP8
low_margin,40,127,8,40640,same_model,31436,0.7735236220472441,9204,0.2264763779527559,166,True,127,128,39,39,0,"[166, 40, 8]",0,True,39,True,128,166,39,0,0,39,"[128, 40, 8]",1,False,0bab1d5476a0f2e5495d,expected_aligned_shape,Qwen/Qwen3.6-35B-A3B-FP8,ok,32,127,5080,1728,0.3401574803149606,5080,3776,0.7433070866141732,0,0.0,0.9401229741387223,4775.824708624708,0.9658464566929134,4906.5,Qwen/Qwen3.6-35B-A3B-FP8
math_numeric,40,127,8,40640,same_model,21719,0.5344242125984252,18921,0.4655757874015748,159,True,127,128,32,32,0,"[159, 40, 8]",0,True,32,True,128,159,32,0,0,32,"[128, 40, 8]",1,False,0bbe66ae11d9e1f57a8d,expected_aligned_shape,Qwen/Qwen3.6-35B-A3B-FP8,ok,32,127,5080,457,0.08996062992125985,5080,2065,0.406496062992126,0,0.0,0.8177217139815564,4154.026307026307,0.883513779527559,4488.25,Qwen/Qwen3.6-35B-A3B-FP8
low_margin,40,127,8,40640,same_model,31428,0.7733267716535434,9212,0.2266732283464567,166,True,127,128,39,39,0,"[166, 40, 8]",0,True,39,True,128,166,39,0,0,39,"[128, 40, 8]",1,False,0bc6c80121aebeffed13,expected_aligned_shape,Qwen/Qwen3.6-35B-A3B-FP8,ok,32,127,5080,1798,0.3539370078740158,5080,3744,0.7370078740157481,0,0.0,0.9361104861892263,4755.44126984127,0.9627952755905512,4891.0,Qwen/Qwen3.6-35B-A3B-FP8
mixed_language,40,127,8,40640,same_model,30882,0.7598917322834645,9758,0.24010826771653543,159,True,127,128,32,32,0,"[159, 40, 8]",0,True,32,True,128,159,32,0,0,32,"[128, 40, 8]",1,False,0bca64e6b6c04426713a,expected_aligned_shape,Qwen/Qwen3.6-35B-A3B-FP8,ok,32,127,5080,1749,0.3442913385826772,5080,3610,0.7106299212598425,0,0.0,0.9298088088639271,4723.428749028749,0.9595472440944882,4874.5,Qwen/Qwen3.6-35B-A3B-FP8
math_numeric,40,127,8,40640,same_model,26884,0.661515748031496,13756,0.33848425196850396,159,True,127,128,32,32,0,"[159, 40, 8]",0,True,32,True,128,159,32,0,0,32,"[128, 40, 8]",1,False,0bdf8afdc223d33a68b9,expected_aligned_shape,Qwen/Qwen3.6-35B-A3B-FP8,ok,32,127,5080,1058,0.20826771653543308,5080,2949,0.580511811023622,0,0.0,0.8843693227157794,4492.596159396159,0.9300442913385827,4724.625,Qwen/Qwen3.6-35B-A3B-FP8
logs,40,127,8,40640,same_model,29843,0.7343257874015748,10797,0.2656742125984252,159,True,127,128,32,32,0,"[159, 40, 8]",0,True,32,True,128,159,32,0,0,32,"[128, 40, 8]",1,False,0c2792fd8b11e4492680,expected_aligned_shape,Qwen/Qwen3.6-35B-A3B-FP8,ok,32,127,5080,1450,0.2854330708661417,5080,3444,0.6779527559055119,0,0.0,0.9213409687425437,4680.412121212121,0.9545521653543307,4849.125,Qwen/Qwen3.6-35B-A3B-FP8
chat,40,127,8,40640,same_model,29677,0.7302411417322835,10963,0.26975885826771656,167,True,127,128,40,40,0,"[167, 40, 8]",0,True,40,True,128,167,40,0,0,40,"[128, 40, 8]",1,False,0c65410d39676160e9eb,expected_aligned_shape,Qwen/Qwen3.6-35B-A3B-FP8,ok,32,127,5080,1468,0.2889763779527559,5080,3450,0.6791338582677166,0,0.0,0.9220095564977453,4683.808547008547,0.9550442913385827,4851.625,Qwen/Qwen3.6-35B-A3B-FP8
json_structured,40,127,8,40640,same_model,29920,0.7362204724409449,10720,0.2637795275590551,167,True,127,128,40,40,0,"[167, 40, 8]",0,True,40,True,128,167,40,0,0,40,"[128, 40, 8]",1,False,0c6827cc5421d03e14d4,expected_aligned_shape,Qwen/Qwen3.6-35B-A3B-FP8,ok,32,127,5080,1456,0.2866141732283465,5080,3462,0.681496062992126,0,0.0,0.9234343434343435,4691.046464646464,0.9559793307086614,4856.375,Qwen/Qwen3.6-35B-A3B-FP8
summarization,40,127,8,40640,same_model,31147,0.7664124015748032,9493,0.23358759842519686,159,True,127,128,32,32,0,"[159, 40, 8]",0,True,32,True,128,159,32,0,0,32,"[128, 40, 8]",1,False,0c7897b0964b1bb87be0,expected_aligned_shape,Qwen/Qwen3.6-35B-A3B-FP8,ok,32,127,5080,1756,0.34566929133858265,5080,3715,0.7312992125984252,0,0.0,0.935460908295554,4752.141414141414,0.9629429133858268,4891.75,Qwen/Qwen3.6-35B-A3B-FP8
chat,40,127,8,40640,same_model,29750,0.7320374015748031,10890,0.2679625984251969,167,True,127,128,40,40,0,"[167, 40, 8]",0,True,40,True,128,167,40,0,0,40,"[128, 40, 8]",1,False,0c930baa875d63a744ba,expected_aligned_shape,Qwen/Qwen3.6-35B-A3B-FP8,ok,32,127,5080,1469,0.2891732283464567,5080,3454,0.6799212598425197,0,0.0,0.9209243424991457,4678.29565989566,0.9539616141732283,4846.125,Qwen/Qwen3.6-35B-A3B-FP8
code,40,127,8,40640,same_model,29981,0.7377214566929133,10659,0.2622785433070866,159,True,127,128,32,32,0,"[159, 40, 8]",0,True,32,True,128,159,32,0,0,32,"[128, 40, 8]",1,False,0c9e2874d884c5e6a5d1,expected_aligned_shape,Qwen/Qwen3.6-35B-A3B-FP8,ok,32,127,5080,1505,0.296259842519685,5080,3438,0.676771653543307,0,0.0,0.9196768410941639,4671.958352758353,0.9529035433070866,4840.75,Qwen/Qwen3.6-35B-A3B-FP8
chat,40,127,8,40640,same_model,29382,0.7229822834645669,11258,0.27701771653543306,159,True,127,128,32,32,0,"[159, 40, 8]",0,True,32,True,128,159,32,0,0,32,"[128, 40, 8]",1,False,0ccf40440fce667b775e,expected_aligned_shape,Qwen/Qwen3.6-35B-A3B-FP8,ok,32,127,5080,1373,0.2702755905511811,5080,3396,0.668503937007874,0,0.0,0.9163482930018362,4655.049328449329,0.950738188976378,4829.75,Qwen/Qwen3.6-35B-A3B-FP8
short_qa,40,127,8,40640,same_model,31279,0.7696604330708662,9361,0.23033956692913385,159,True,127,128,32,32,0,"[159, 40, 8]",0,True,32,True,128,159,32,0,0,32,"[128, 40, 8]",1,False,0d0abe33cb0a93561eef,expected_aligned_shape,Qwen/Qwen3.6-35B-A3B-FP8,ok,32,127,5080,1734,0.3413385826771654,5080,3712,0.7307086614173228,0,0.0,0.9360932156207746,4755.353535353535,0.9634104330708662,4894.125,Qwen/Qwen3.6-35B-A3B-FP8
math_numeric,40,127,8,40640,same_model,22491,0.5534202755905512,18149,0.4465797244094488,159,True,127,128,32,32,0,"[159, 40, 8]",0,True,32,True,128,159,32,0,0,32,"[128, 40, 8]",1,False,0d1c31cceee1cd124de3,expected_aligned_shape,Qwen/Qwen3.6-35B-A3B-FP8,ok,32,127,5080,490,0.09645669291338582,5080,2100,0.41338582677165353,0,0.0,0.8341735386223574,4237.601576201576,0.8991141732283464,4567.5,Qwen/Qwen3.6-35B-A3B-FP8
summarization,40,127,8,40640,same_model,29757,0.7322096456692914,10883,0.26779035433070864,163,True,127,128,36,36,0,"[163, 40, 8]",0,True,36,True,128,163,36,0,0,36,"[128, 40, 8]",1,False,0d3f10028312e9552e64,expected_aligned_shape,Qwen/Qwen3.6-35B-A3B-FP8,ok,32,127,5080,1476,0.2905511811023622,5080,3420,0.6732283464566929,0,0.0,0.917611653438425,4661.4671994672,0.9515994094488189,4834.125,Qwen/Qwen3.6-35B-A3B-FP8
code,40,127,8,40640,same_model,29638,0.7292814960629921,11002,0.27071850393700786,166,True,127,128,39,39,0,"[166, 40, 8]",0,True,39,True,128,166,39,0,0,39,"[128, 40, 8]",1,False,0d521be2089875122065,expected_aligned_shape,Qwen/Qwen3.6-35B-A3B-FP8,ok,32,127,5080,1445,0.2844488188976378,5080,3423,0.6738188976377952,0,0.0,0.9208968546763823,4678.156021756022,0.9544537401574803,4848.625,Qwen/Qwen3.6-35B-A3B-FP8
code,40,127,8,40640,same_model,28766,0.7078248031496063,11874,0.2921751968503937,159,True,127,128,32,32,0,"[159, 40, 8]",0,True,32,True,128,159,32,0,0,32,"[128, 40, 8]",1,False,0d87a5a28d1a75188930,expected_aligned_shape,Qwen/Qwen3.6-35B-A3B-FP8,ok,32,127,5080,1332,0.2622047244094488,5080,3269,0.643503937007874,0,0.0,0.9078287329468431,4611.769963369963,0.9453248031496063,4802.25,Qwen/Qwen3.6-35B-A3B-FP8
logs,40,127,8,40640,same_model,29713,0.731126968503937,10927,0.268873031496063,159,True,127,128,32,32,0,"[159, 40, 8]",0,True,32,True,128,159,32,0,0,32,"[128, 40, 8]",1,False,0e0edfb85d3e58490ea1,expected_aligned_shape,Qwen/Qwen3.6-35B-A3B-FP8,ok,32,127,5080,1518,0.2988188976377953,5080,3432,0.6755905511811023,0,0.0,0.917581875692112,4661.315928515928,0.9517224409448819,4834.75,Qwen/Qwen3.6-35B-A3B-FP8
short_qa,40,127,8,40640,same_model,31317,0.7705954724409448,9323,0.2294045275590551,159,True,127,128,32,32,0,"[159, 40, 8]",0,True,32,True,128,159,32,0,0,32,"[128, 40, 8]",1,False,0e17b1c5d9976b077d8e,expected_aligned_shape,Qwen/Qwen3.6-35B-A3B-FP8,ok,32,127,5080,1771,0.3486220472440945,5080,3726,0.7334645669291339,0,0.0,0.9327092373942768,4738.162925962926,0.959867125984252,4876.125,Qwen/Qwen3.6-35B-A3B-FP8
low_margin,40,127,8,40640,same_model,31382,0.7721948818897638,9258,0.2278051181102362,166,True,127,128,39,39,0,"[166, 40, 8]",0,True,39,True,128,166,39,0,0,39,"[128, 40, 8]",1,False,0e24a4fcaf7510aeac91,expected_aligned_shape,Qwen/Qwen3.6-35B-A3B-FP8,ok,32,127,5080,1777,0.3498031496062992,5080,3705,0.7293307086614174,0,0.0,0.9357376918794241,4753.547474747475,0.9632381889763779,4893.25,Qwen/Qwen3.6-35B-A3B-FP8
logs,40,127,8,40640,same_model,30124,0.7412401574803149,10516,0.25875984251968503,159,True,127,128,32,32,0,"[159, 40, 8]",0,True,32,True,128,159,32,0,0,32,"[128, 40, 8]",1,False,0e3007537351484bb9ca,expected_aligned_shape,Qwen/Qwen3.6-35B-A3B-FP8,ok,32,127,5080,1570,0.3090551181102362,5080,3502,0.6893700787401574,0,0.0,0.9233173126086512,4690.451948051948,0.9555856299212598,4854.375,Qwen/Qwen3.6-35B-A3B-FP8
logs,40,91,8,29120,same_model,20429,0.7015453296703297,8691,0.2984546703296703,123,True,91,92,32,32,0,"[123, 40, 8]",0,True,32,True,92,123,32,0,0,32,"[92, 40, 8]",1,False,0e4d3895cd35ccffb38e,expected_aligned_shape,Qwen/Qwen3.6-35B-A3B-FP8,ok,32,91,3640,890,0.2445054945054945,3640,2334,0.6412087912087913,0,0.0,0.9123299899124075,3320.8811632811635,0.9493131868131868,3455.5,Qwen/Qwen3.6-35B-A3B-FP8
mixed_language,40,127,8,40640,same_model,29607,0.7285187007874016,11033,0.27148129921259845,159,True,127,128,32,32,0,"[159, 40, 8]",0,True,32,True,128,159,32,0,0,32,"[128, 40, 8]",1,False,0ef270f4870841ca3303,expected_aligned_shape,Qwen/Qwen3.6-35B-A3B-FP8,ok,32,127,5080,1465,0.28838582677165353,5080,3459,0.6809055118110237,0,0.0,0.9184843765158726,4665.900632700633,0.9520423228346456,4836.375,Qwen/Qwen3.6-35B-A3B-FP8
code,40,127,8,40640,same_model,30746,0.7565452755905512,9894,0.24345472440944882,159,True,127,128,32,32,0,"[159, 40, 8]",0,True,32,True,128,159,32,0,0,32,"[128, 40, 8]",1,False,0eff13644785a421ce32,expected_aligned_shape,Qwen/Qwen3.6-35B-A3B-FP8,ok,32,127,5080,1661,0.3269685039370079,5080,3554,0.6996062992125984,0,0.0,0.9256358208720413,4702.22997002997,0.9563976377952756,4858.5,Qwen/Qwen3.6-35B-A3B-FP8
needle,40,127,8,40640,same_model,29221,0.7190206692913386,11419,0.28097933070866143,159,True,127,128,32,32,0,"[159, 40, 8]",0,True,32,True,128,159,32,0,0,32,"[128, 40, 8]",1,False,0f09b01ca07b7a4c0c0b,expected_aligned_shape,Qwen/Qwen3.6-35B-A3B-FP8,ok,32,127,5080,1354,0.26653543307086613,5080,3328,0.6551181102362205,0,0.0,0.9140397179373557,4643.321767121767,0.9495324803149606,4823.625,Qwen/Qwen3.6-35B-A3B-FP8
code,40,127,8,40640,same_model,30422,0.7485728346456693,10218,0.2514271653543307,159,True,127,128,32,32,0,"[159, 40, 8]",0,True,32,True,128,159,32,0,0,32,"[128, 40, 8]",1,False,10c1472ae9ff5d5ea689,expected_aligned_shape,Qwen/Qwen3.6-35B-A3B-FP8,ok,32,127,5080,1624,0.31968503937007875,5080,3517,0.6923228346456692,0,0.0,0.9228299347196985,4687.976068376069,0.9549212598425196,4851.0,Qwen/Qwen3.6-35B-A3B-FP8
mixed_language,40,127,8,40640,same_model,29838,0.7342027559055118,10802,0.2657972440944882,159,True,127,128,32,32,0,"[159, 40, 8]",0,True,32,True,128,159,32,0,0,32,"[128, 40, 8]",1,False,10de8fc688e061abc423,expected_aligned_shape,Qwen/Qwen3.6-35B-A3B-FP8,ok,32,127,5080,1610,0.3169291338582677,5080,3431,0.6753937007874016,0,0.0,0.9128070092637023,4637.0596070596075,0.9468257874015747,4809.875,Qwen/Qwen3.6-35B-A3B-FP8
low_margin,40,127,8,40640,same_model,30379,0.7475147637795275,10261,0.2524852362204724,167,True,127,128,40,40,0,"[167, 40, 8]",0,True,40,True,128,167,40,0,0,40,"[128, 40, 8]",1,False,1122d467827925848144,expected_aligned_shape,Qwen/Qwen3.6-35B-A3B-FP8,ok,32,127,5080,1580,0.3110236220472441,5080,3579,0.7045275590551181,0,0.0,0.9292274042667744,4720.475213675214,0.959375,4873.625,Qwen/Qwen3.6-35B-A3B-FP8
mixed_language,40,127,8,40640,same_model,30071,0.7399360236220472,10569,0.26006397637795275,159,True,127,128,32,32,0,"[159, 40, 8]",0,True,32,True,128,159,32,0,0,32,"[128, 40, 8]",1,False,118d375a14ceb470186d,expected_aligned_shape,Qwen/Qwen3.6-35B-A3B-FP8,ok,32,127,5080,1540,0.3031496062992126,5080,3505,0.6899606299212598,0,0.0,0.9203182469324203,4675.216694416695,0.9525590551181102,4839.0,Qwen/Qwen3.6-35B-A3B-FP8
mixed_language,40,127,8,40640,same_model,30661,0.7544537401574803,9979,0.24554625984251968,159,True,127,128,32,32,0,"[159, 40, 8]",0,True,32,True,128,159,32,0,0,32,"[128, 40, 8]",1,False,11c249e226600e973189,expected_aligned_shape,Qwen/Qwen3.6-35B-A3B-FP8,ok,32,127,5080,1570,0.3090551181102362,5080,3649,0.7183070866141732,0,0.0,0.9313806141365197,4731.41351981352,0.9603100393700787,4878.375,Qwen/Qwen3.6-35B-A3B-FP8
math_numeric,40,127,8,40640,same_model,29559,0.7273375984251969,11081,0.27266240157480315,159,True,127,128,32,32,0,"[159, 40, 8]",0,True,32,True,128,159,32,0,0,32,"[128, 40, 8]",1,False,120aadbbf6387c2aa795,expected_aligned_shape,Qwen/Qwen3.6-35B-A3B-FP8,ok,32,127,5080,1464,0.28818897637795277,5080,3367,0.6627952755905512,0,0.0,0.9104918878147225,4625.29879009879,0.94564468503937,4803.875,Qwen/Qwen3.6-35B-A3B-FP8
low_margin,40,127,8,40640,same_model,28360,0.6978346456692913,12280,0.3021653543307087,167,True,127,128,40,40,0,"[167, 40, 8]",0,True,40,True,128,167,40,0,0,40,"[128, 40, 8]",1,False,129f439411c691b717e8,expected_aligned_shape,Qwen/Qwen3.6-35B-A3B-FP8,ok,32,127,5080,1280,0.25196850393700787,5080,3145,0.6190944881889764,0,0.0,0.9005520245284024,4574.8042846042845,0.9409694881889764,4780.125,Qwen/Qwen3.6-35B-A3B-FP8
short_qa,40,103,8,32960,same_model,25552,0.775242718446602,7408,0.22475728155339805,135,True,103,104,32,32,0,"[135, 40, 8]",0,True,32,True,104,135,32,0,0,32,"[104, 40, 8]",1,False,12b7188759bdcd943c23,expected_aligned_shape,Qwen/Qwen3.6-35B-A3B-FP8,ok,32,103,4120,1434,0.34805825242718447,4120,2985,0.7245145631067961,0,0.0,0.9333551346172706,3845.4231546231545,0.9614381067961165,3961.125,Qwen/Qwen3.6-35B-A3B-FP8
chat,40,127,8,40640,same_model,29891,0.7355068897637795,10749,0.26449311023622046,167,True,127,128,40,40,0,"[167, 40, 8]",0,True,40,True,128,167,40,0,0,40,"[128, 40, 8]",1,False,12cf55e1f889dd99b109,expected_aligned_shape,Qwen/Qwen3.6-35B-A3B-FP8,ok,32,127,5080,1476,0.2905511811023622,5080,3445,0.6781496062992126,0,0.0,0.9227384076990376,4687.511111111111,0.9556594488188976,4854.75,Qwen/Qwen3.6-35B-A3B-FP8
chat,40,127,8,40640,same_model,29347,0.722121062992126,11293,0.277878937007874,159,True,127,128,32,32,0,"[159, 40, 8]",0,True,32,True,128,159,32,0,0,32,"[128, 40, 8]",1,False,12f67c12e8e714112d3a,expected_aligned_shape,Qwen/Qwen3.6-35B-A3B-FP8,ok,32,127,5080,1360,0.2677165354330709,5080,3384,0.6661417322834645,0,0.0,0.9178489795418929,4662.672816072816,0.9522391732283465,4837.375,Qwen/Qwen3.6-35B-A3B-FP8
json_structured,40,127,8,40640,same_model,30106,0.7407972440944882,10534,0.2592027559055118,167,True,127,128,40,40,0,"[167, 40, 8]",0,True,40,True,128,167,40,0,0,40,"[128, 40, 8]",1,False,131264d27978bac3c898,expected_aligned_shape,Qwen/Qwen3.6-35B-A3B-FP8,ok,32,127,5080,1506,0.29645669291338583,5080,3486,0.6862204724409449,0,0.0,0.9224582853716713,4686.08808968809,0.9547244094488189,4850.0,Qwen/Qwen3.6-35B-A3B-FP8
needle,40,127,8,40640,same_model,27355,0.67310531496063,13285,0.3268946850393701,159,True,127,128,32,32,0,"[159, 40, 8]",0,True,32,True,128,159,32,0,0,32,"[128, 40, 8]",1,False,137c9b75239cdd79a6ea,expected_aligned_shape,Qwen/Qwen3.6-35B-A3B-FP8,ok,32,127,5080,1198,0.2358267716535433,5080,2968,0.584251968503937,0,0.0,0.8885516757957703,4513.842513042513,0.9337106299212599,4743.25,Qwen/Qwen3.6-35B-A3B-FP8
summarization,40,127,8,40640,same_model,30006,0.7383366141732284,10634,0.2616633858267717,159,True,127,128,32,32,0,"[159, 40, 8]",0,True,32,True,128,159,32,0,0,32,"[128, 40, 8]",1,False,13dd5f1c1eac63e3962e,expected_aligned_shape,Qwen/Qwen3.6-35B-A3B-FP8,ok,32,127,5080,1511,0.29744094488188977,5080,3505,0.6899606299212598,0,0.0,0.9221377834763661,4684.45994005994,0.9539616141732283,4846.125,Qwen/Qwen3.6-35B-A3B-FP8
mixed_language,40,98,8,31360,same_model,25011,0.7975446428571429,6349,0.20245535714285715,130,True,98,99,32,32,0,"[130, 40, 8]",0,True,32,True,99,130,32,0,0,32,"[99, 40, 8]",1,False,1484ca9fc8e54c481909,expected_aligned_shape,Qwen/Qwen3.6-35B-A3B-FP8,ok,32,98,3920,1550,0.39540816326530615,3920,2984,0.7612244897959184,0,0.0,0.9444073386930532,3702.0767676767678,0.9683673469387755,3796.0,Qwen/Qwen3.6-35B-A3B-FP8
code,40,127,8,40640,same_model,30193,0.7429379921259842,10447,0.25706200787401573,159,True,127,128,32,32,0,"[159, 40, 8]",0,True,32,True,128,159,32,0,0,32,"[128, 40, 8]",1,False,1494e03e3667bc7156f1,expected_aligned_shape,Qwen/Qwen3.6-35B-A3B-FP8,ok,32,127,5080,1557,0.306496062992126,5080,3472,0.6834645669291338,0,0.0,0.9233102680346775,4690.416161616162,0.9558562992125984,4855.75,Qwen/Qwen3.6-35B-A3B-FP8
low_margin,40,127,8,40640,same_model,31503,0.7751722440944881,9137,0.22482775590551182,166,True,127,128,39,39,0,"[166, 40, 8]",0,True,39,True,128,166,39,0,0,39,"[128, 40, 8]",1,False,155fa61b90c4dc567cb9,expected_aligned_shape,Qwen/Qwen3.6-35B-A3B-FP8,ok,32,127,5080,1723,0.3391732283464567,5080,3789,0.7458661417322835,0,0.0,0.9414737930485961,4782.686868686868,0.9667814960629921,4911.25,Qwen/Qwen3.6-35B-A3B-FP8
needle,40,127,8,40640,same_model,29399,0.7234005905511811,11241,0.2765994094488189,159,True,127,128,32,32,0,"[159, 40, 8]",0,True,32,True,128,159,32,0,0,32,"[128, 40, 8]",1,False,158dfd5ba4f085b82055,expected_aligned_shape,Qwen/Qwen3.6-35B-A3B-FP8,ok,32,127,5080,1444,0.284251968503937,5080,3330,0.655511811023622,0,0.0,0.9133913767772035,4640.028194028194,0.9491387795275591,4821.625,Qwen/Qwen3.6-35B-A3B-FP8
json_structured,40,127,8,40640,same_model,30098,0.7406003937007875,10542,0.2593996062992126,166,True,127,128,39,39,0,"[166, 40, 8]",0,True,39,True,128,166,39,0,0,39,"[128, 40, 8]",1,False,15d1d3f8ce2c30617539,expected_aligned_shape,Qwen/Qwen3.6-35B-A3B-FP8,ok,32,127,5080,1470,0.28937007874015747,5080,3457,0.680511811023622,0,0.0,0.9217246532994564,4682.361238761238,0.9545029527559055,4848.875,Qwen/Qwen3.6-35B-A3B-FP8
math_numeric,40,127,8,40640,same_model,25483,0.6270423228346457,15157,0.37295767716535433,159,True,127,128,32,32,0,"[159, 40, 8]",0,True,32,True,128,159,32,0,0,32,"[128, 40, 8]",1,False,15d872b92f63f281fd73,expected_aligned_shape,Qwen/Qwen3.6-35B-A3B-FP8,ok,32,127,5080,1034,0.20354330708661417,5080,2800,0.5511811023622047,0,0.0,0.8591304059020594,4364.382461982462,0.909375,4619.625,Qwen/Qwen3.6-35B-A3B-FP8
short_qa,40,127,8,40640,same_model,31080,0.764763779527559,9560,0.23523622047244094,166,True,127,128,39,39,0,"[166, 40, 8]",0,True,39,True,128,166,39,0,0,39,"[128, 40, 8]",1,False,1624c2bae18e3d116f1f,expected_aligned_shape,Qwen/Qwen3.6-35B-A3B-FP8,ok,32,127,5080,1720,0.33858267716535434,5080,3678,0.724015748031496,0,0.0,0.9341565870699731,4745.515462315462,0.9621555118110237,4887.75,Qwen/Qwen3.6-35B-A3B-FP8
math_numeric,40,127,8,40640,same_model,23264,0.5724409448818898,17376,0.4275590551181102,159,True,127,128,32,32,0,"[159, 40, 8]",0,True,32,True,128,159,32,0,0,32,"[128, 40, 8]",1,False,163f61eaff3724f0d9c9,expected_aligned_shape,Qwen/Qwen3.6-35B-A3B-FP8,ok,32,127,5080,598,0.11771653543307087,5080,2270,0.4468503937007874,0,0.0,0.8360844186434737,4247.308846708846,0.897367125984252,4558.625,Qwen/Qwen3.6-35B-A3B-FP8
summarization,40,127,8,40640,same_model,30995,0.7626722440944882,9645,0.2373277559055118,166,True,127,128,39,39,0,"[166, 40, 8]",0,True,39,True,128,166,39,0,0,39,"[128, 40, 8]",1,False,1757a5dbdeca60120661,expected_aligned_shape,Qwen/Qwen3.6-35B-A3B-FP8,ok,32,127,5080,1689,0.3324803149606299,5080,3620,0.7125984251968503,0,0.0,0.9317935258092738,4733.511111111111,0.9609498031496063,4881.625,Qwen/Qwen3.6-35B-A3B-FP8
chat,40,127,8,40640,same_model,29510,0.7261318897637795,11130,0.2738681102362205,159,True,127,128,32,32,0,"[159, 40, 8]",0,True,32,True,128,159,32,0,0,32,"[128, 40, 8]",1,False,177df6ae8def7d765bc4,expected_aligned_shape,Qwen/Qwen3.6-35B-A3B-FP8,ok,32,127,5080,1479,0.29114173228346457,5080,3402,0.6696850393700787,0,0.0,0.9181468225562714,4664.185858585859,0.9525836614173229,4839.125,Qwen/Qwen3.6-35B-A3B-FP8
code,40,127,8,40640,same_model,29650,0.7295767716535433,10990,0.2704232283464567,159,True,127,128,32,32,0,"[159, 40, 8]",0,True,32,True,128,159,32,0,0,32,"[128, 40, 8]",1,False,17d849f0e7369fbeca94,expected_aligned_shape,Qwen/Qwen3.6-35B-A3B-FP8,ok,32,127,5080,1442,0.28385826771653544,5080,3421,0.6734251968503937,0,0.0,0.9185472532716628,4666.220046620047,0.9525836614173229,4839.125,Qwen/Qwen3.6-35B-A3B-FP8
logs,40,127,8,40640,same_model,29881,0.7352608267716535,10759,0.26473917322834645,159,True,127,128,32,32,0,"[159, 40, 8]",0,True,32,True,128,159,32,0,0,32,"[128, 40, 8]",1,False,17f0aa1f8cdd2b19c2f5,expected_aligned_shape,Qwen/Qwen3.6-35B-A3B-FP8,ok,32,127,5080,1497,0.2946850393700787,5080,3503,0.6895669291338583,0,0.0,0.9247052772249622,4697.502808302808,0.9565698818897638,4859.375,Qwen/Qwen3.6-35B-A3B-FP8
low_margin,40,127,8,40640,same_model,31398,0.7725885826771653,9242,0.22741141732283465,166,True,127,128,39,39,0,"[166, 40, 8]",0,True,39,True,128,166,39,0,0,39,"[128, 40, 8]",1,False,181603dc14d532c96e6e,expected_aligned_shape,Qwen/Qwen3.6-35B-A3B-FP8,ok,32,127,5080,1720,0.33858267716535434,5080,3693,0.7269685039370078,0,0.0,0.9369084546249901,4759.49494949495,0.964148622047244,4897.875,Qwen/Qwen3.6-35B-A3B-FP8
short_qa,40,127,8,40640,same_model,29132,0.7168307086614173,11508,0.28316929133858265,159,True,127,128,32,32,0,"[159, 40, 8]",0,True,32,True,128,159,32,0,0,32,"[128, 40, 8]",1,False,181927b2f36456a6f411,expected_aligned_shape,Qwen/Qwen3.6-35B-A3B-FP8,ok,32,127,5080,1355,0.26673228346456695,5080,3269,0.643503937007874,0,0.0,0.9129571303587053,4637.822222222222,0.949876968503937,4825.375,Qwen/Qwen3.6-35B-A3B-FP8
logs,40,127,8,40640,same_model,29859,0.7347194881889764,10781,0.26528051181102363,159,True,127,128,32,32,0,"[159, 40, 8]",0,True,32,True,128,159,32,0,0,32,"[128, 40, 8]",1,False,18452ec7ad9d29790e39,expected_aligned_shape,Qwen/Qwen3.6-35B-A3B-FP8,ok,32,127,5080,1487,0.29271653543307086,5080,3471,0.6832677165354331,0,0.0,0.9231424481030781,4689.563636363637,0.9557086614173228,4855.0,Qwen/Qwen3.6-35B-A3B-FP8
logs,40,127,8,40640,same_model,29770,0.7325295275590551,10870,0.2674704724409449,159,True,127,128,32,32,0,"[159, 40, 8]",0,True,32,True,128,159,32,0,0,32,"[128, 40, 8]",1,False,184dcb58a8183ef4b48e,expected_aligned_shape,Qwen/Qwen3.6-35B-A3B-FP8,ok,32,127,5080,1525,0.3001968503937008,5080,3461,0.6812992125984252,0,0.0,0.9200787401574804,4674.0,0.9535679133858268,4844.125,Qwen/Qwen3.6-35B-A3B-FP8
logs,40,127,8,40640,same_model,28123,0.6920029527559055,12517,0.3079970472440945,159,True,127,128,32,32,0,"[159, 40, 8]",0,True,32,True,128,159,32,0,0,32,"[128, 40, 8]",1,False,18c5d81ca5d4d7d522e7,expected_aligned_shape,Qwen/Qwen3.6-35B-A3B-FP8,ok,32,127,5080,1261,0.24822834645669292,5080,3178,0.6255905511811024,0,0.0,0.9055186633139389,4600.03480963481,0.9450541338582678,4800.875,Qwen/Qwen3.6-35B-A3B-FP8
needle,40,127,8,40640,same_model,24159,0.5944635826771654,16481,0.40553641732283463,159,True,127,128,32,32,0,"[159, 40, 8]",0,True,32,True,128,159,32,0,0,32,"[128, 40, 8]",1,False,18e04c17e1d39e4ee42a,expected_aligned_shape,Qwen/Qwen3.6-35B-A3B-FP8,ok,32,127,5080,939,0.18484251968503937,5080,2538,0.4996062992125984,0,0.0,0.8410200910200911,4272.382062382062,0.899138779527559,4567.625,Qwen/Qwen3.6-35B-A3B-FP8
summarization,40,127,8,40640,same_model,31695,0.7798966535433071,8945,0.2201033464566929,167,True,127,128,40,40,0,"[167, 40, 8]",0,True,40,True,128,167,40,0,0,40,"[128, 40, 8]",1,False,193afa86e725be46264b,expected_aligned_shape,Qwen/Qwen3.6-35B-A3B-FP8,ok,32,127,5080,1837,0.36161417322834644,5080,3785,0.7450787401574803,0,0.0,0.9387493958360099,4768.846930846931,0.9647883858267716,4901.125,Qwen/Qwen3.6-35B-A3B-FP8
json_structured,40,127,8,40640,same_model,27330,0.6724901574803149,13310,0.327509842519685,159,True,127,128,32,32,0,"[159, 40, 8]",0,True,32,True,128,159,32,0,0,32,"[128, 40, 8]",1,False,199e438dd5cdfb5dd22c,expected_aligned_shape,Qwen/Qwen3.6-35B-A3B-FP8,ok,32,127,5080,1121,0.22066929133858268,5080,2984,0.5874015748031496,0,0.0,0.8908338337078494,4525.435875235875,0.9340797244094489,4745.125,Qwen/Qwen3.6-35B-A3B-FP8
logs,40,127,8,40640,same_model,29213,0.7188238188976378,11427,0.2811761811023622,159,True,127,128,32,32,0,"[159, 40, 8]",0,True,32,True,128,159,32,0,0,32,"[128, 40, 8]",1,False,19c5ffc20eb2dda9a70e,expected_aligned_shape,Qwen/Qwen3.6-35B-A3B-FP8,ok,32,127,5080,1459,0.28720472440944883,5080,3368,0.662992125984252,0,0.0,0.9134157924315406,4640.152225552226,0.9488681102362204,4820.25,Qwen/Qwen3.6-35B-A3B-FP8
summarization,40,127,8,40640,same_model,30980,0.7623031496062992,9660,0.23769685039370078,167,True,127,128,40,40,0,"[167, 40, 8]",0,True,40,True,128,167,40,0,0,40,"[128, 40, 8]",1,False,1a103249091a561181f6,expected_aligned_shape,Qwen/Qwen3.6-35B-A3B-FP8,ok,32,127,5080,1691,0.3328740157480315,5080,3668,0.7220472440944882,0,0.0,0.9339614366386021,4744.524098124098,0.962130905511811,4887.625,Qwen/Qwen3.6-35B-A3B-FP8
needle,40,127,8,40640,same_model,29223,0.7190698818897637,11417,0.2809301181102362,159,True,127,128,32,32,0,"[159, 40, 8]",0,True,32,True,128,159,32,0,0,32,"[128, 40, 8]",1,False,1a7c8839c36821963dbe,expected_aligned_shape,Qwen/Qwen3.6-35B-A3B-FP8,ok,32,127,5080,1333,0.26240157480314963,5080,3349,0.659251968503937,0,0.0,0.9182128370317346,4664.521212121213,0.9530511811023622,4841.5,Qwen/Qwen3.6-35B-A3B-FP8
low_margin,40,127,8,40640,same_model,29861,0.7347687007874015,10779,0.2652312992125984,167,True,127,128,40,40,0,"[167, 40, 8]",0,True,40,True,128,167,40,0,0,40,"[128, 40, 8]",1,False,1a88e28f0a8711b970f1,expected_aligned_shape,Qwen/Qwen3.6-35B-A3B-FP8,ok,32,127,5080,1466,0.28858267716535435,5080,3396,0.668503937007874,0,0.0,0.9193907579734353,4670.50505050505,0.9535679133858268,4844.125,Qwen/Qwen3.6-35B-A3B-FP8
mixed_language,40,127,8,40640,same_model,30024,0.7387795275590551,10616,0.2612204724409449,159,True,127,128,32,32,0,"[159, 40, 8]",0,True,32,True,128,159,32,0,0,32,"[128, 40, 8]",1,False,1abf9dfcb8082e6902a7,expected_aligned_shape,Qwen/Qwen3.6-35B-A3B-FP8,ok,32,127,5080,1524,0.3,5080,3487,0.6864173228346456,0,0.0,0.9222786924361729,4685.175757575757,0.9549704724409449,4851.25,Qwen/Qwen3.6-35B-A3B-FP8
low_margin,40,127,8,40640,same_model,30675,0.7547982283464567,9965,0.24520177165354332,167,True,127,128,40,40,0,"[167, 40, 8]",0,True,40,True,128,167,40,0,0,40,"[128, 40, 8]",1,False,1ad5545112352c0eee4b,expected_aligned_shape,Qwen/Qwen3.6-35B-A3B-FP8,ok,32,127,5080,1656,0.32598425196850395,5080,3598,0.7082677165354331,0,0.0,0.9304212323109963,4726.53986013986,0.960113188976378,4877.375,Qwen/Qwen3.6-35B-A3B-FP8
math_numeric,40,11,8,3520,same_model,2410,0.6846590909090909,1110,0.3153409090909091,43,True,11,12,32,32,0,"[43, 40, 8]",0,True,32,True,12,43,32,0,0,32,"[12, 40, 8]",1,False,1aea69803794900b5c6e,expected_aligned_shape,Qwen/Qwen3.6-35B-A3B-FP8,ok,32,11,440,93,0.21136363636363636,440,275,0.625,0,0.0,0.906730945821855,398.9616161616162,0.9457386363636363,416.125,Qwen/Qwen3.6-35B-A3B-FP8
json_structured,40,127,8,40640,same_model,30872,0.7596456692913386,9768,0.2403543307086614,167,True,127,128,40,40,0,"[167, 40, 8]",0,True,40,True,128,167,40,0,0,40,"[128, 40, 8]",1,False,1be80d2c9e6f7b428345,expected_aligned_shape,Qwen/Qwen3.6-35B-A3B-FP8,ok,32,127,5080,1667,0.3281496062992126,5080,3587,0.7061023622047244,0,0.0,0.9293219379046151,4720.955444555445,0.9593257874015748,4873.375,Qwen/Qwen3.6-35B-A3B-FP8
mixed_language,40,127,8,40640,same_model,30810,0.7581200787401575,9830,0.2418799212598425,159,True,127,128,32,32,0,"[159, 40, 8]",0,True,32,True,128,159,32,0,0,32,"[128, 40, 8]",1,False,1c09787dd6896e7eda6c,expected_aligned_shape,Qwen/Qwen3.6-35B-A3B-FP8,ok,32,127,5080,1674,0.3295275590551181,5080,3648,0.7181102362204724,0,0.0,0.9322945995386941,4736.056565656566,0.9611466535433071,4882.625,Qwen/Qwen3.6-35B-A3B-FP8
json_structured,40,127,8,40640,same_model,29784,0.7328740157480315,10856,0.2671259842519685,167,True,127,128,40,40,0,"[167, 40, 8]",0,True,40,True,128,167,40,0,0,40,"[128, 40, 8]",1,False,1c3179d3228bcd8084cd,expected_aligned_shape,Qwen/Qwen3.6-35B-A3B-FP8,ok,32,127,5080,1427,0.28090551181102363,5080,3403,0.6698818897637795,0,0.0,0.9203475701900898,4675.3656565656565,0.9541584645669291,4847.125,Qwen/Qwen3.6-35B-A3B-FP8
math_numeric,40,127,8,40640,same_model,24893,0.6125246062992126,15747,0.3874753937007874,159,True,127,128,32,32,0,"[159, 40, 8]",0,True,32,True,128,159,32,0,0,32,"[128, 40, 8]",1,False,1c358a5a8bd5c0d08c3c,expected_aligned_shape,Qwen/Qwen3.6-35B-A3B-FP8,ok,32,127,5080,947,0.18641732283464568,5080,2672,0.525984251968504,0,0.0,0.8541661925126491,4339.164257964258,0.9079970472440945,4612.625,Qwen/Qwen3.6-35B-A3B-FP8
code,40,127,8,40640,same_model,30137,0.7415600393700787,10503,0.25843996062992125,159,True,127,128,32,32,0,"[159, 40, 8]",0,True,32,True,128,159,32,0,0,32,"[128, 40, 8]",1,False,1c4bb7b1bdd70a96b67e,expected_aligned_shape,Qwen/Qwen3.6-35B-A3B-FP8,ok,32,127,5080,1590,0.31299212598425197,5080,3447,0.6785433070866141,0,0.0,0.9163851022118739,4655.236319236319,0.9501476377952756,4826.75,Qwen/Qwen3.6-35B-A3B-FP8
math_numeric,40,127,8,40640,same_model,18853,0.4639025590551181,21787,0.5360974409448819,159,True,127,128,32,32,0,"[159, 40, 8]",0,True,32,True,128,159,32,0,0,32,"[128, 40, 8]",1,False,1c4bf44a9277b43d18c2,expected_aligned_shape,Qwen/Qwen3.6-35B-A3B-FP8,ok,32,127,5080,387,0.07618110236220473,5080,1649,0.3246062992125984,0,0.0,0.7496923242986234,3808.4370074370077,0.8267716535433071,4200.0,Qwen/Qwen3.6-35B-A3B-FP8
needle,40,127,8,40640,same_model,28689,0.7059301181102362,11951,0.2940698818897638,159,True,127,128,32,32,0,"[159, 40, 8]",0,True,32,True,128,159,32,0,0,32,"[128, 40, 8]",1,False,1cd386c0e7972117e2df,expected_aligned_shape,Qwen/Qwen3.6-35B-A3B-FP8,ok,32,127,5080,1337,0.26318897637795274,5080,3207,0.6312992125984253,0,0.0,0.9033330361676819,4588.931823731824,0.942765748031496,4789.25,Qwen/Qwen3.6-35B-A3B-FP8
chat,40,127,8,40640,same_model,29876,0.7351377952755905,10764,0.26486220472440947,159,True,127,128,32,32,0,"[159, 40, 8]",0,True,32,True,128,159,32,0,0,32,"[128, 40, 8]",1,False,1d0dc8c1a64af1c2a912,expected_aligned_shape,Qwen/Qwen3.6-35B-A3B-FP8,ok,32,127,5080,1410,0.27755905511811024,5080,3422,0.6736220472440945,0,0.0,0.9218134096874253,4682.812121212121,0.9551673228346457,4852.25,Qwen/Qwen3.6-35B-A3B-FP8
math_numeric,40,127,8,40640,same_model,30440,0.7490157480314961,10200,0.25098425196850394,159,True,127,128,32,32,0,"[159, 40, 8]",0,True,32,True,128,159,32,0,0,32,"[128, 40, 8]",1,False,1d7cf8dd9193d957f3c1,expected_aligned_shape,Qwen/Qwen3.6-35B-A3B-FP8,ok,32,127,5080,1606,0.3161417322834646,5080,3457,0.680511811023622,0,0.0,0.9179970292175015,4663.424908424909,0.9514271653543307,4833.25,Qwen/Qwen3.6-35B-A3B-FP8
math_numeric,40,127,8,40640,same_model,29886,0.7353838582677166,10754,0.2646161417322835,159,True,127,128,32,32,0,"[159, 40, 8]",0,True,32,True,128,159,32,0,0,32,"[128, 40, 8]",1,False,1d9153c8703527204c89,expected_aligned_shape,Qwen/Qwen3.6-35B-A3B-FP8,ok,32,127,5080,1603,0.3155511811023622,5080,3403,0.6698818897637795,0,0.0,0.9141562855342383,4643.913930513931,0.9490403543307087,4821.125,Qwen/Qwen3.6-35B-A3B-FP8
json_structured,40,127,8,40640,same_model,31188,0.7674212598425196,9452,0.2325787401574803,167,True,127,128,40,40,0,"[167, 40, 8]",0,True,40,True,128,167,40,0,0,40,"[128, 40, 8]",1,False,1daef9ca6a62a9ddea6d,expected_aligned_shape,Qwen/Qwen3.6-35B-A3B-FP8,ok,32,127,5080,1702,0.3350393700787402,5080,3699,0.7281496062992125,0,0.0,0.9356820170205996,4753.264646464647,0.9631889763779528,4893.0,Qwen/Qwen3.6-35B-A3B-FP8
chat,40,127,8,40640,same_model,29687,0.7304872047244094,10953,0.2695127952755906,159,True,127,128,32,32,0,"[159, 40, 8]",0,True,32,True,128,159,32,0,0,32,"[128, 40, 8]",1,False,1e1520b407293bce7083,expected_aligned_shape,Qwen/Qwen3.6-35B-A3B-FP8,ok,32,127,5080,1459,0.28720472440944883,5080,3452,0.6795275590551181,0,0.0,0.9223621522834121,4685.599733599734,0.9550935039370079,4851.875,Qwen/Qwen3.6-35B-A3B-FP8
summarization,40,127,8,40640,same_model,31641,0.7785679133858268,8999,0.22143208661417324,167,True,127,128,40,40,0,"[167, 40, 8]",0,True,40,True,128,167,40,0,0,40,"[128, 40, 8]",1,False,1e33fe88c9b72ac14558,expected_aligned_shape,Qwen/Qwen3.6-35B-A3B-FP8,ok,32,127,5080,1813,0.3568897637795276,5080,3784,0.7448818897637796,0,0.0,0.9392014634534319,4771.143434343434,0.9651574803149606,4903.0,Qwen/Qwen3.6-35B-A3B-FP8
chat,40,127,8,40640,same_model,29036,0.7144685039370079,11604,0.2855314960629921,159,True,127,128,32,32,0,"[159, 40, 8]",0,True,32,True,128,159,32,0,0,32,"[128, 40, 8]",1,False,1e4cea9b2eaead43320c,expected_aligned_shape,Qwen/Qwen3.6-35B-A3B-FP8,ok,32,127,5080,1302,0.2562992125984252,5080,3257,0.6411417322834646,0,0.0,0.908530813019002,4615.33653013653,0.9458661417322834,4805.0,Qwen/Qwen3.6-35B-A3B-FP8
json_structured,40,127,8,40640,same_model,29801,0.7332923228346456,10839,0.2667076771653543,166,True,127,128,39,39,0,"[166, 40, 8]",0,True,39,True,128,166,39,0,0,39,"[128, 40, 8]",1,False,1e7c7f9f219964a9768e,expected_aligned_shape,Qwen/Qwen3.6-35B-A3B-FP8,ok,32,127,5080,1392,0.2740157480314961,5080,3396,0.668503937007874,0,0.0,0.9199709476874831,4673.452414252414,0.9539370078740157,4846.0,Qwen/Qwen3.6-35B-A3B-FP8
summarization,40,127,8,40640,same_model,30906,0.7604822834645669,9734,0.23951771653543308,167,True,127,128,40,40,0,"[167, 40, 8]",0,True,40,True,128,167,40,0,0,40,"[128, 40, 8]",1,False,1e8bb930c595fa6ac53e,expected_aligned_shape,Qwen/Qwen3.6-35B-A3B-FP8,ok,32,127,5080,1704,0.3354330708661417,5080,3608,0.710236220472441,0,0.0,0.9303183255939161,4726.017094017094,0.9598917322834646,4876.25,Qwen/Qwen3.6-35B-A3B-FP8
summarization,40,127,8,40640,same_model,30916,0.760728346456693,9724,0.2392716535433071,167,True,127,128,40,40,0,"[167, 40, 8]",0,True,40,True,128,167,40,0,0,40,"[128, 40, 8]",1,False,1eab55664817769b2d2f,expected_aligned_shape,Qwen/Qwen3.6-35B-A3B-FP8,ok,32,127,5080,1717,0.337992125984252,5080,3638,0.7161417322834646,0,0.0,0.9329515628728227,4739.393939393939,0.9616879921259842,4885.375,Qwen/Qwen3.6-35B-A3B-FP8
math_numeric,40,127,8,40640,same_model,30515,0.750861220472441,10125,0.24913877952755906,159,True,127,128,32,32,0,"[159, 40, 8]",0,True,32,True,128,159,32,0,0,32,"[128, 40, 8]",1,False,1eb26b097af2dc72a214,expected_aligned_shape,Qwen/Qwen3.6-35B-A3B-FP8,ok,32,127,5080,1590,0.31299212598425197,5080,3471,0.6832677165354331,0,0.0,0.9214506840491093,4680.969474969475,0.9543799212598425,4848.25,Qwen/Qwen3.6-35B-A3B-FP8
short_qa,40,127,8,40640,same_model,30161,0.7421505905511812,10479,0.2578494094488189,159,True,127,128,32,32,0,"[159, 40, 8]",0,True,32,True,128,159,32,0,0,32,"[128, 40, 8]",1,False,1eccb479d98cb342d132,expected_aligned_shape,Qwen/Qwen3.6-35B-A3B-FP8,ok,32,127,5080,1529,0.3009842519685039,5080,3499,0.6887795275590551,0,0.0,0.9243291179511652,4695.591919191919,0.956373031496063,4858.375,Qwen/Qwen3.6-35B-A3B-FP8
chat,40,127,8,40640,same_model,29573,0.7276820866141732,11067,0.2723179133858268,159,True,127,128,32,32,0,"[159, 40, 8]",0,True,32,True,128,159,32,0,0,32,"[128, 40, 8]",1,False,1f22f72c7202203035c2,expected_aligned_shape,Qwen/Qwen3.6-35B-A3B-FP8,ok,32,127,5080,1426,0.2807086614173228,5080,3435,0.6761811023622047,0,0.0,0.9199245111843537,4673.216516816517,0.953125,4841.875,Qwen/Qwen3.6-35B-A3B-FP8
short_qa,40,127,8,40640,same_model,30911,0.7606053149606299,9729,0.2393946850393701,166,True,127,128,39,39,0,"[166, 40, 8]",0,True,39,True,128,166,39,0,0,39,"[128, 40, 8]",1,False,1f4df8cdffbf438fda1a,expected_aligned_shape,Qwen/Qwen3.6-35B-A3B-FP8,ok,32,127,5080,1664,0.32755905511811023,5080,3649,0.7183070866141732,0,0.0,0.9330944208896965,4740.119658119658,0.9616633858267717,4885.25,Qwen/Qwen3.6-35B-A3B-FP8
needle,40,127,8,40640,same_model,28819,0.709128937007874,11821,0.290871062992126,159,True,127,128,32,32,0,"[159, 40, 8]",0,True,32,True,128,159,32,0,0,32,"[128, 40, 8]",1,False,206a7733fbf1a0879666,expected_aligned_shape,Qwen/Qwen3.6-35B-A3B-FP8,ok,32,127,5080,1300,0.2559055118110236,5080,3262,0.6421259842519685,0,0.0,0.9126127415891195,4636.072727272727,0.9496555118110236,4824.25,Qwen/Qwen3.6-35B-A3B-FP8
summarization,40,127,8,40640,same_model,30718,0.7558562992125984,9922,0.24414370078740158,165,True,127,128,38,38,0,"[165, 40, 8]",0,True,38,True,128,165,38,0,0,38,"[128, 40, 8]",1,False,20d8dd0b65d5c0071954,expected_aligned_shape,Qwen/Qwen3.6-35B-A3B-FP8,ok,32,127,5080,1610,0.3169291338582677,5080,3614,0.7114173228346456,0,0.0,0.9309143524891557,4729.0449106449105,0.9603346456692914,4878.5,Qwen/Qwen3.6-35B-A3B-FP8
code,40,127,8,40640,same_model,29278,0.7204232283464567,11362,0.27957677165354333,159,True,127,128,32,32,0,"[159, 40, 8]",0,True,32,True,128,159,32,0,0,32,"[128, 40, 8]",1,False,20d92c0200af06bf88d2,expected_aligned_shape,Qwen/Qwen3.6-35B-A3B-FP8,ok,32,127,5080,1404,0.2763779527559055,5080,3331,0.6557086614173229,0,0.0,0.9118622715866811,4632.26033966034,0.9477608267716535,4814.625,Qwen/Qwen3.6-35B-A3B-FP8
math_numeric,40,127,8,40640,same_model,21745,0.5350639763779528,18895,0.4649360236220472,159,True,127,128,32,32,0,"[159, 40, 8]",0,True,32,True,128,159,32,0,0,32,"[128, 40, 8]",1,False,21712eb07f5746c62140,expected_aligned_shape,Qwen/Qwen3.6-35B-A3B-FP8,ok,32,127,5080,469,0.09232283464566929,5080,2051,0.40374015748031494,0,0.0,0.8219757058339735,4175.636585636586,0.8893208661417323,4517.75,Qwen/Qwen3.6-35B-A3B-FP8
json_structured,40,127,8,40640,same_model,29063,0.715132874015748,11577,0.28486712598425196,159,True,127,128,32,32,0,"[159, 40, 8]",0,True,32,True,128,159,32,0,0,32,"[128, 40, 8]",1,False,21a1fd652b8ee4a01436,expected_aligned_shape,Qwen/Qwen3.6-35B-A3B-FP8,ok,32,127,5080,1342,0.2641732283464567,5080,3354,0.6602362204724409,0,0.0,0.9154122037192903,4650.293994893995,0.9506397637795275,4829.25,Qwen/Qwen3.6-35B-A3B-FP8
json_structured,40,127,8,40640,same_model,30194,0.7429625984251969,10446,0.25703740157480315,166,True,127,128,39,39,0,"[166, 40, 8]",0,True,39,True,128,166,39,0,0,39,"[128, 40, 8]",1,False,21aacc5ffd220c26fe28,expected_aligned_shape,Qwen/Qwen3.6-35B-A3B-FP8,ok,32,127,5080,1534,0.30196850393700786,5080,3501,0.6891732283464567,0,0.0,0.9247852322655472,4697.90897990898,0.9566437007874016,4859.75,Qwen/Qwen3.6-35B-A3B-FP8
json_structured,40,127,8,40640,same_model,30988,0.7625,9652,0.2375,167,True,127,128,40,40,0,"[167, 40, 8]",0,True,40,True,128,167,40,0,0,40,"[128, 40, 8]",1,False,21ee47798c809fb94dbe,expected_aligned_shape,Qwen/Qwen3.6-35B-A3B-FP8,ok,32,127,5080,1669,0.32854330708661417,5080,3626,0.7137795275590552,0,0.0,0.9312363576930507,4730.680697080697,0.9603100393700787,4878.375,Qwen/Qwen3.6-35B-A3B-FP8
logs,40,127,8,40640,same_model,28382,0.6983759842519685,12258,0.3016240157480315,159,True,127,128,32,32,0,"[159, 40, 8]",0,True,32,True,128,159,32,0,0,32,"[128, 40, 8]",1,False,22d976a544f1f7482895,expected_aligned_shape,Qwen/Qwen3.6-35B-A3B-FP8,ok,32,127,5080,1272,0.2503937007874016,5080,3220,0.6338582677165354,0,0.0,0.9073915105017466,4609.548873348874,0.9459399606299213,4805.375,Qwen/Qwen3.6-35B-A3B-FP8
short_qa,40,127,8,40640,same_model,30122,0.7411909448818897,10518,0.25880905511811025,166,True,127,128,39,39,0,"[166, 40, 8]",0,True,39,True,128,166,39,0,0,39,"[128, 40, 8]",1,False,232125d1d806b13d8881,expected_aligned_shape,Qwen/Qwen3.6-35B-A3B-FP8,ok,32,127,5080,1564,0.30787401574803147,5080,3529,0.6946850393700787,0,0.0,0.924710822860429,4697.53098013098,0.9561515748031496,4857.25,Qwen/Qwen3.6-35B-A3B-FP8
low_margin,40,127,8,40640,same_model,30354,0.7468996062992126,10286,0.2531003937007874,167,True,127,128,40,40,0,"[167, 40, 8]",0,True,40,True,128,167,40,0,0,40,"[128, 40, 8]",1,False,2328d7a464c9ea472612,expected_aligned_shape,Qwen/Qwen3.6-35B-A3B-FP8,ok,32,127,5080,1569,0.3088582677165354,5080,3550,0.6988188976377953,0,0.0,0.9280951244730772,4714.723232323232,0.9587844488188977,4870.625,Qwen/Qwen3.6-35B-A3B-FP8
code,40,127,8,40640,same_model,29613,0.7286663385826772,11027,0.27133366141732285,159,True,127,128,32,32,0,"[159, 40, 8]",0,True,32,True,128,159,32,0,0,32,"[128, 40, 8]",1,False,2343bd272f1ca7b3e208,expected_aligned_shape,Qwen/Qwen3.6-35B-A3B-FP8,ok,32,127,5080,1456,0.2866141732283465,5080,3381,0.6655511811023622,0,0.0,0.9182060546627475,4664.486757686757,0.9526820866141732,4839.625,Qwen/Qwen3.6-35B-A3B-FP8
mixed_language,40,127,8,40640,same_model,31429,0.7733513779527559,9211,0.2266486220472441,159,True,127,128,32,32,0,"[159, 40, 8]",0,True,32,True,128,159,32,0,0,32,"[128, 40, 8]",1,False,23457c9343c9fdf0d351,expected_aligned_shape,Qwen/Qwen3.6-35B-A3B-FP8,ok,32,127,5080,1734,0.3413385826771654,5080,3675,0.7234251968503937,0,0.0,0.9351586733476496,4750.606060606061,0.9630167322834645,4892.125,Qwen/Qwen3.6-35B-A3B-FP8
short_qa,40,127,8,40640,same_model,29243,0.7195620078740157,11397,0.28043799212598425,159,True,127,128,32,32,0,"[159, 40, 8]",0,True,32,True,128,159,32,0,0,32,"[128, 40, 8]",1,False,235b042d6e2b290a72f0,expected_aligned_shape,Qwen/Qwen3.6-35B-A3B-FP8,ok,32,127,5080,1398,0.2751968503937008,5080,3334,0.6562992125984252,0,0.0,0.913370784945588,4639.923587523587,0.9492372047244094,4822.125,Qwen/Qwen3.6-35B-A3B-FP8
low_margin,40,127,8,40640,same_model,31254,0.7690452755905511,9386,0.2309547244094488,166,True,127,128,39,39,0,"[166, 40, 8]",0,True,39,True,128,166,39,0,0,39,"[128, 40, 8]",1,False,239fcde67aa71aae1332,expected_aligned_shape,Qwen/Qwen3.6-35B-A3B-FP8,ok,32,127,5080,1677,0.33011811023622045,5080,3662,0.7208661417322835,0,0.0,0.9347824703730215,4748.6949494949495,0.9628444881889764,4891.25,Qwen/Qwen3.6-35B-A3B-FP8
chat,40,127,8,40640,same_model,30074,0.740009842519685,10566,0.25999015748031495,167,True,127,128,40,40,0,"[167, 40, 8]",0,True,40,True,128,167,40,0,0,40,"[128, 40, 8]",1,False,23d1a4bb74f86f9ae72c,expected_aligned_shape,Qwen/Qwen3.6-35B-A3B-FP8,ok,32,127,5080,1509,0.2970472440944882,5080,3493,0.6875984251968504,0,0.0,0.9241895025359593,4694.8826728826725,0.95625,4857.75,Qwen/Qwen3.6-35B-A3B-FP8
json_structured,40,127,8,40640,same_model,31163,0.7668061023622047,9477,0.23319389763779527,167,True,127,128,40,40,0,"[167, 40, 8]",0,True,40,True,128,167,40,0,0,40,"[128, 40, 8]",1,False,23db6fb46822445517d0,expected_aligned_shape,Qwen/Qwen3.6-35B-A3B-FP8,ok,32,127,5080,1739,0.3423228346456693,5080,3719,0.7320866141732284,0,0.0,0.9361242344706912,4755.511111111111,0.9633858267716535,4894.0,Qwen/Qwen3.6-35B-A3B-FP8
logs,40,127,8,40640,same_model,29852,0.7345472440944882,10788,0.2654527559055118,159,True,127,128,32,32,0,"[159, 40, 8]",0,True,32,True,128,159,32,0,0,32,"[128, 40, 8]",1,False,24350f673b6706a47238,expected_aligned_shape,Qwen/Qwen3.6-35B-A3B-FP8,ok,32,127,5080,1490,0.2933070866141732,5080,3447,0.6785433070866141,0,0.0,0.9205588068973898,4676.438739038739,0.953863188976378,4845.625,Qwen/Qwen3.6-35B-A3B-FP8
summarization,40,127,8,40640,same_model,30008,0.7383858267716535,10632,0.26161417322834646,162,True,127,128,35,35,0,"[162, 40, 8]",0,True,35,True,128,162,35,0,0,35,"[128, 40, 8]",1,False,24578ec3333bed79e961,expected_aligned_shape,Qwen/Qwen3.6-35B-A3B-FP8,ok,32,127,5080,1494,0.2940944881889764,5080,3444,0.6779527559055119,0,0.0,0.9219804342638989,4683.660606060606,0.9551181102362205,4852.0,Qwen/Qwen3.6-35B-A3B-FP8
short_qa,40,127,8,40640,same_model,29204,0.7186023622047244,11436,0.2813976377952756,159,True,127,128,32,32,0,"[159, 40, 8]",0,True,32,True,128,159,32,0,0,32,"[128, 40, 8]",1,False,2469459cad19a519e761,expected_aligned_shape,Qwen/Qwen3.6-35B-A3B-FP8,ok,32,127,5080,1383,0.272244094488189,5080,3370,0.6633858267716536,0,0.0,0.9158078666740084,4652.3039627039625,0.9508366141732284,4830.25,Qwen/Qwen3.6-35B-A3B-FP8
math_numeric,40,6,8,1920,same_model,1344,0.7,576,0.3,38,True,6,7,32,32,0,"[38, 40, 8]",0,True,32,True,7,38,32,0,0,32,"[7, 40, 8]",1,False,253a58836fc704d92279,expected_aligned_shape,Qwen/Qwen3.6-35B-A3B-FP8,ok,32,6,240,56,0.23333333333333334,240,152,0.6333333333333333,0,0.0,0.9105050505050506,218.52121212121213,0.9484375,227.625,Qwen/Qwen3.6-35B-A3B-FP8
chat,40,127,8,40640,same_model,28586,0.7033956692913386,12054,0.29660433070866143,159,True,127,128,32,32,0,"[159, 40, 8]",0,True,32,True,128,159,32,0,0,32,"[128, 40, 8]",1,False,256c6dfa4f67e397387e,expected_aligned_shape,Qwen/Qwen3.6-35B-A3B-FP8,ok,32,127,5080,1269,0.2498031496062992,5080,3233,0.6364173228346457,0,0.0,0.9088039475834753,4616.724053724054,0.9467273622047244,4809.375,Qwen/Qwen3.6-35B-A3B-FP8
short_qa,40,127,8,40640,same_model,29561,0.727386811023622,11079,0.27261318897637793,159,True,127,128,32,32,0,"[159, 40, 8]",0,True,32,True,128,159,32,0,0,32,"[128, 40, 8]",1,False,2622626bdd86b8db128d,expected_aligned_shape,Qwen/Qwen3.6-35B-A3B-FP8,ok,32,127,5080,1463,0.28799212598425195,5080,3378,0.6649606299212598,0,0.0,0.9175223551601503,4661.013564213565,0.9521899606299212,4837.125,Qwen/Qwen3.6-35B-A3B-FP8
short_qa,40,127,8,40640,same_model,30719,0.755880905511811,9921,0.24411909448818897,166,True,127,128,39,39,0,"[166, 40, 8]",0,True,39,True,128,166,39,0,0,39,"[128, 40, 8]",1,False,262796788153eff2f6cd,expected_aligned_shape,Qwen/Qwen3.6-35B-A3B-FP8,ok,32,127,5080,1653,0.3253937007874016,5080,3607,0.7100393700787402,0,0.0,0.9284383682808881,4716.46691086691,0.9581938976377953,4867.625,Qwen/Qwen3.6-35B-A3B-FP8
summarization,40,127,8,40640,same_model,29803,0.7333415354330709,10837,0.26665846456692915,159,True,127,128,32,32,0,"[159, 40, 8]",0,True,32,True,128,159,32,0,0,32,"[128, 40, 8]",1,False,263423e917e7d58ee86c,expected_aligned_shape,Qwen/Qwen3.6-35B-A3B-FP8,ok,32,127,5080,1529,0.3009842519685039,5080,3486,0.6862204724409449,0,0.0,0.921206955773885,4679.731335331336,0.9536417322834646,4844.5,Qwen/Qwen3.6-35B-A3B-FP8
summarization,40,127,8,40640,same_model,31603,0.777632874015748,9037,0.22236712598425196,167,True,127,128,40,40,0,"[167, 40, 8]",0,True,40,True,128,167,40,0,0,40,"[128, 40, 8]",1,False,263d0333a4f3da4051e5,expected_aligned_shape,Qwen/Qwen3.6-35B-A3B-FP8,ok,32,127,5080,1858,0.365748031496063,5080,3766,0.7413385826771653,0,0.0,0.9375566690527319,4762.787878787879,0.9640501968503937,4897.375,Qwen/Qwen3.6-35B-A3B-FP8
chat,40,127,8,40640,same_model,29629,0.7290600393700788,11011,0.27093996062992126,159,True,127,128,32,32,0,"[159, 40, 8]",0,True,32,True,128,159,32,0,0,32,"[128, 40, 8]",1,False,270d313aa3200ac96ec3,expected_aligned_shape,Qwen/Qwen3.6-35B-A3B-FP8,ok,32,127,5080,1399,0.27539370078740155,5080,3431,0.6753937007874016,0,0.0,0.9218979008742789,4683.241336441337,0.9550442913385827,4851.625,Qwen/Qwen3.6-35B-A3B-FP8
logs,40,127,8,40640,same_model,28727,0.706865157480315,11913,0.293134842519685,159,True,127,128,32,32,0,"[159, 40, 8]",0,True,32,True,128,159,32,0,0,32,"[128, 40, 8]",1,False,27c4d24f22e4a0ff0c38,expected_aligned_shape,Qwen/Qwen3.6-35B-A3B-FP8,ok,32,127,5080,1295,0.2549212598425197,5080,3245,0.6387795275590551,0,0.0,0.9092061831431911,4618.767410367411,0.946998031496063,4810.75,Qwen/Qwen3.6-35B-A3B-FP8
summarization,40,127,8,40640,same_model,31085,0.764886811023622,9555,0.23511318897637795,163,True,127,128,36,36,0,"[163, 40, 8]",0,True,36,True,128,163,36,0,0,36,"[128, 40, 8]",1,False,27cfd27b6f7be852ce3e,expected_aligned_shape,Qwen/Qwen3.6-35B-A3B-FP8,ok,32,127,5080,1693,0.3332677165354331,5080,3676,0.7236220472440945,0,0.0,0.9344627376123439,4747.070707070707,0.9625246062992125,4889.625,Qwen/Qwen3.6-35B-A3B-FP8
summarization,40,127,8,40640,same_model,30666,0.7545767716535433,9974,0.2454232283464567,167,True,127,128,40,40,0,"[167, 40, 8]",0,True,40,True,128,167,40,0,0,40,"[128, 40, 8]",1,False,283563fec936c7c1a5c4,expected_aligned_shape,Qwen/Qwen3.6-35B-A3B-FP8,ok,32,127,5080,1679,0.33051181102362204,5080,3585,0.7057086614173228,0,0.0,0.9281809092045313,4715.159018759019,0.958390748031496,4868.625,Qwen/Qwen3.6-35B-A3B-FP8
low_margin,40,127,8,40640,same_model,29459,0.724876968503937,11181,0.275123031496063,167,True,127,128,40,40,0,"[167, 40, 8]",0,True,40,True,128,167,40,0,0,40,"[128, 40, 8]",1,False,2875b005621c9a1ca52b,expected_aligned_shape,Qwen/Qwen3.6-35B-A3B-FP8,ok,32,127,5080,1378,0.27125984251968505,5080,3387,0.6667322834645669,0,0.0,0.9187584506482145,4667.292929292929,0.9531003937007874,4841.75,Qwen/Qwen3.6-35B-A3B-FP8
chat,40,127,8,40640,same_model,29535,0.7267470472440944,11105,0.2732529527559055,159,True,127,128,32,32,0,"[159, 40, 8]",0,True,32,True,128,159,32,0,0,32,"[128, 40, 8]",1,False,296354faad4c255cfd2d,expected_aligned_shape,Qwen/Qwen3.6-35B-A3B-FP8,ok,32,127,5080,1434,0.28228346456692915,5080,3372,0.6637795275590551,0,0.0,0.9166098468460673,4656.378021978022,0.9515748031496063,4834.0,Qwen/Qwen3.6-35B-A3B-FP8
code,40,127,8,40640,same_model,29804,0.7333661417322834,10836,0.2666338582677165,159,True,127,128,32,32,0,"[159, 40, 8]",0,True,32,True,128,159,32,0,0,32,"[128, 40, 8]",1,False,29969beda4473edae4db,expected_aligned_shape,Qwen/Qwen3.6-35B-A3B-FP8,ok,32,127,5080,1491,0.293503937007874,5080,3377,0.664763779527559,0,0.0,0.9136515016042576,4641.349628149628,0.9488188976377953,4820.0,Qwen/Qwen3.6-35B-A3B-FP8
needle,40,127,8,40640,same_model,29174,0.7178641732283465,11466,0.28213582677165355,159,True,127,128,32,32,0,"[159, 40, 8]",0,True,32,True,128,159,32,0,0,32,"[128, 40, 8]",1,False,29df90da31edeb076100,expected_aligned_shape,Qwen/Qwen3.6-35B-A3B-FP8,ok,32,127,5080,1379,0.2714566929133858,5080,3351,0.6596456692913386,0,0.0,0.9144802048345355,4645.55944055944,0.949753937007874,4824.75,Qwen/Qwen3.6-35B-A3B-FP8
code,40,127,8,40640,same_model,29503,0.7259596456692914,11137,0.27404035433070867,165,True,127,128,38,38,0,"[165, 40, 8]",0,True,38,True,128,165,38,0,0,38,"[128, 40, 8]",1,False,29f2b9019a91ff75122a,expected_aligned_shape,Qwen/Qwen3.6-35B-A3B-FP8,ok,32,127,5080,1388,0.2732283464566929,5080,3355,0.6604330708661418,0,0.0,0.9164166454717636,4655.396558996559,0.9514271653543307,4833.25,Qwen/Qwen3.6-35B-A3B-FP8
short_qa,40,127,8,40640,same_model,30928,0.761023622047244,9712,0.2389763779527559,166,True,127,128,39,39,0,"[166, 40, 8]",0,True,39,True,128,166,39,0,0,39,"[128, 40, 8]",1,False,2a0da392f97bc56387a1,expected_aligned_shape,Qwen/Qwen3.6-35B-A3B-FP8,ok,32,127,5080,1688,0.33228346456692914,5080,3706,0.7295275590551181,0,0.0,0.9361461985084033,4755.622688422688,0.963484251968504,4894.5,Qwen/Qwen3.6-35B-A3B-FP8
mixed_language,40,127,8,40640,same_model,31665,0.7791584645669292,8975,0.22084153543307086,159,True,127,128,32,32,0,"[159, 40, 8]",0,True,32,True,128,159,32,0,0,32,"[128, 40, 8]",1,False,2a4cb26fc9d198381d7c,expected_aligned_shape,Qwen/Qwen3.6-35B-A3B-FP8,ok,32,127,5080,1804,0.3551181102362205,5080,3729,0.7340551181102363,0,0.0,0.9384053129722422,4767.09898989899,0.9649852362204724,4902.125,Qwen/Qwen3.6-35B-A3B-FP8
math_numeric,40,127,8,40640,same_model,30269,0.7448080708661418,10371,0.25519192913385824,159,True,127,128,32,32,0,"[159, 40, 8]",0,True,32,True,128,159,32,0,0,32,"[128, 40, 8]",1,False,2a8e0c56729920028938,expected_aligned_shape,Qwen/Qwen3.6-35B-A3B-FP8,ok,32,127,5080,1564,0.30787401574803147,5080,3401,0.669488188976378,0,0.0,0.9175621010660382,4661.215473415474,0.9518700787401575,4835.5,Qwen/Qwen3.6-35B-A3B-FP8
code,40,127,8,40640,same_model,30919,0.7608021653543308,9721,0.2391978346456693,159,True,127,128,32,32,0,"[159, 40, 8]",0,True,32,True,128,159,32,0,0,32,"[128, 40, 8]",1,False,2a90d069c00b6726d1c9,expected_aligned_shape,Qwen/Qwen3.6-35B-A3B-FP8,ok,32,127,5080,1667,0.3281496062992126,5080,3621,0.7127952755905512,0,0.0,0.9298329754235267,4723.551515151516,0.9594488188976378,4874.0,Qwen/Qwen3.6-35B-A3B-FP8
low_margin,40,127,8,40640,same_model,28612,0.7040354330708661,12028,0.29596456692913387,167,True,127,128,40,40,0,"[167, 40, 8]",0,True,40,True,128,167,40,0,0,40,"[128, 40, 8]",1,False,2af65a7c16bf4ea4f9d6,expected_aligned_shape,Qwen/Qwen3.6-35B-A3B-FP8,ok,32,127,5080,1319,0.2596456692913386,5080,3230,0.6358267716535433,0,0.0,0.9067461759587743,4606.270573870574,0.9447342519685039,4799.25,Qwen/Qwen3.6-35B-A3B-FP8
math_numeric,40,127,8,40640,same_model,29256,0.7198818897637795,11384,0.28011811023622046,159,True,127,128,32,32,0,"[159, 40, 8]",0,True,32,True,128,159,32,0,0,32,"[128, 40, 8]",1,False,2b115a45164b6f052a85,expected_aligned_shape,Qwen/Qwen3.6-35B-A3B-FP8,ok,32,127,5080,1503,0.2958661417322835,5080,3386,0.6665354330708662,0,0.0,0.9127326960004125,4636.682095682096,0.9482037401574803,4816.875,Qwen/Qwen3.6-35B-A3B-FP8
summarization,40,127,8,40640,same_model,31714,0.7803641732283465,8926,0.21963582677165355,167,True,127,128,40,40,0,"[167, 40, 8]",0,True,40,True,128,167,40,0,0,40,"[128, 40, 8]",1,False,2b3f6fc832e4ed6e419e,expected_aligned_shape,Qwen/Qwen3.6-35B-A3B-FP8,ok,32,127,5080,1841,0.3624015748031496,5080,3759,0.7399606299212599,0,0.0,0.9372079976016984,4761.016627816628,0.9637549212598425,4895.875,Qwen/Qwen3.6-35B-A3B-FP8
summarization,40,127,8,40640,same_model,30739,0.7563730314960629,9901,0.243626968503937,167,True,127,128,40,40,0,"[167, 40, 8]",0,True,40,True,128,167,40,0,0,40,"[128, 40, 8]",1,False,2ba6021a91efc5816cf2,expected_aligned_shape,Qwen/Qwen3.6-35B-A3B-FP8,ok,32,127,5080,1642,0.3232283464566929,5080,3588,0.7062992125984252,0,0.0,0.9283954890254102,4716.249084249084,0.9584399606299212,4868.875,Qwen/Qwen3.6-35B-A3B-FP8
needle,40,127,8,40640,same_model,28823,0.7092273622047244,11817,0.29077263779527557,159,True,127,128,32,32,0,"[159, 40, 8]",0,True,32,True,128,159,32,0,0,32,"[128, 40, 8]",1,False,2c18391176e2ce6188a6,expected_aligned_shape,Qwen/Qwen3.6-35B-A3B-FP8,ok,32,127,5080,1320,0.25984251968503935,5080,3232,0.6362204724409449,0,0.0,0.9099610275988228,4622.60202020202,0.947859251968504,4815.125,Qwen/Qwen3.6-35B-A3B-FP8
mixed_language,40,127,8,40640,same_model,29827,0.7339320866141732,10813,0.26606791338582675,159,True,127,128,32,32,0,"[159, 40, 8]",0,True,32,True,128,159,32,0,0,32,"[128, 40, 8]",1,False,2c58121ecdf0c3b65467,expected_aligned_shape,Qwen/Qwen3.6-35B-A3B-FP8,ok,32,127,5080,1476,0.2905511811023622,5080,3397,0.6687007874015748,0,0.0,0.9190715933235617,4668.8836940836945,0.9531742125984252,4842.125,Qwen/Qwen3.6-35B-A3B-FP8
chat,40,127,8,40640,same_model,29967,0.737376968503937,10673,0.262623031496063,167,True,127,128,40,40,0,"[167, 40, 8]",0,True,40,True,128,167,40,0,0,40,"[128, 40, 8]",1,False,2cf1f67a6d6a938d71e4,expected_aligned_shape,Qwen/Qwen3.6-35B-A3B-FP8,ok,32,127,5080,1507,0.2966535433070866,5080,3432,0.6755905511811023,0,0.0,0.9213441501630478,4680.428282828283,0.9547490157480315,4850.125,Qwen/Qwen3.6-35B-A3B-FP8
json_structured,40,127,8,40640,same_model,28886,0.7107775590551181,11754,0.28922244094488186,159,True,127,128,32,32,0,"[159, 40, 8]",0,True,32,True,128,159,32,0,0,32,"[128, 40, 8]",1,False,2d0d2ba850c9b5fccf0e,expected_aligned_shape,Qwen/Qwen3.6-35B-A3B-FP8,ok,32,127,5080,1342,0.2641732283464567,5080,3423,0.6738188976377952,0,0.0,0.9147727294577689,4647.045465645466,0.9489173228346457,4820.5,Qwen/Qwen3.6-35B-A3B-FP8
json_structured,40,127,8,40640,same_model,28735,0.7070620078740157,11905,0.29293799212598426,159,True,127,128,32,32,0,"[159, 40, 8]",0,True,32,True,128,159,32,0,0,32,"[128, 40, 8]",1,False,2d0ef85729f78017baca,expected_aligned_shape,Qwen/Qwen3.6-35B-A3B-FP8,ok,32,127,5080,1290,0.25393700787401574,5080,3317,0.6529527559055118,0,0.0,0.9140474486143777,4643.361038961039,0.9501722440944882,4826.875,Qwen/Qwen3.6-35B-A3B-FP8
chat,40,127,8,40640,same_model,30170,0.7423720472440944,10470,0.2576279527559055,159,True,127,128,32,32,0,"[159, 40, 8]",0,True,32,True,128,159,32,0,0,32,"[128, 40, 8]",1,False,2d5b0dcf6053736ddef2,expected_aligned_shape,Qwen/Qwen3.6-35B-A3B-FP8,ok,32,127,5080,1482,0.2917322834645669,5080,3442,0.6775590551181102,0,0.0,0.922202784092548,4684.790143190143,0.9550688976377952,4851.75,Qwen/Qwen3.6-35B-A3B-FP8
code,40,127,8,40640,same_model,29044,0.7146653543307087,11596,0.28533464566929134,159,True,127,128,32,32,0,"[159, 40, 8]",0,True,32,True,128,159,32,0,0,32,"[128, 40, 8]",1,False,2d69d60265232caf677f,expected_aligned_shape,Qwen/Qwen3.6-35B-A3B-FP8,ok,32,127,5080,1372,0.2700787401574803,5080,3283,0.646259842519685,0,0.0,0.9100662941607824,4623.136774336775,0.947121062992126,4811.375,Qwen/Qwen3.6-35B-A3B-FP8
chat,40,127,8,40640,same_model,29834,0.7341043307086614,10806,0.26589566929133857,159,True,127,128,32,32,0,"[159, 40, 8]",0,True,32,True,128,159,32,0,0,32,"[128, 40, 8]",1,False,2dd24a1c8445c2fab792,expected_aligned_shape,Qwen/Qwen3.6-35B-A3B-FP8,ok,32,127,5080,1471,0.2895669291338583,5080,3484,0.6858267716535433,0,0.0,0.9246671438797422,4697.309090909091,0.9567667322834645,4860.375,Qwen/Qwen3.6-35B-A3B-FP8
math_numeric,40,127,8,40640,same_model,28968,0.7127952755905512,11672,0.28720472440944883,159,True,127,128,32,32,0,"[159, 40, 8]",0,True,32,True,128,159,32,0,0,32,"[128, 40, 8]",1,False,2dd89ff7a506dbb6344a,expected_aligned_shape,Qwen/Qwen3.6-35B-A3B-FP8,ok,32,127,5080,1258,0.24763779527559054,5080,3258,0.6413385826771654,0,0.0,0.9125194709052975,4635.598912198912,0.9494094488188977,4823.0,Qwen/Qwen3.6-35B-A3B-FP8
logs,40,127,8,40640,same_model,29652,0.7296259842519685,10988,0.2703740157480315,159,True,127,128,32,32,0,"[159, 40, 8]",0,True,32,True,128,159,32,0,0,32,"[128, 40, 8]",1,False,2de2e2e7087b0e6e04f9,expected_aligned_shape,Qwen/Qwen3.6-35B-A3B-FP8,ok,32,127,5080,1491,0.293503937007874,5080,3402,0.6696850393700787,0,0.0,0.915368148911456,4650.070196470197,0.9488681102362204,4820.25,Qwen/Qwen3.6-35B-A3B-FP8
needle,40,127,8,40640,same_model,28795,0.7085383858267716,11845,0.29146161417322836,159,True,127,128,32,32,0,"[159, 40, 8]",0,True,32,True,128,159,32,0,0,32,"[128, 40, 8]",1,False,2e7575899bd304d2d2aa,expected_aligned_shape,Qwen/Qwen3.6-35B-A3B-FP8,ok,32,127,5080,1317,0.259251968503937,5080,3299,0.6494094488188976,0,0.0,0.9135185287153791,4640.674125874126,0.949876968503937,4825.375,Qwen/Qwen3.6-35B-A3B-FP8
low_margin,40,127,8,40640,same_model,31284,0.7697834645669291,9356,0.23021653543307086,166,True,127,128,39,39,0,"[166, 40, 8]",0,True,39,True,128,166,39,0,0,39,"[128, 40, 8]",1,False,2ec53ea436b55402e7f9,expected_aligned_shape,Qwen/Qwen3.6-35B-A3B-FP8,ok,32,127,5080,1722,0.3389763779527559,5080,3715,0.7312992125984252,0,0.0,0.9369036824942337,4759.470707070707,0.9640009842519685,4897.125,Qwen/Qwen3.6-35B-A3B-FP8
code,40,127,8,40640,same_model,31195,0.7675935039370079,9445,0.23240649606299213,166,True,127,128,39,39,0,"[166, 40, 8]",0,True,39,True,128,166,39,0,0,39,"[128, 40, 8]",1,False,2ed770e69773a3d4a410,expected_aligned_shape,Qwen/Qwen3.6-35B-A3B-FP8,ok,32,127,5080,1747,0.3438976377952756,5080,3615,0.7116141732283464,0,0.0,0.9295143614041252,4721.932955932956,0.9589812992125984,4871.625,Qwen/Qwen3.6-35B-A3B-FP8
json_structured,40,127,8,40640,same_model,30516,0.7508858267716535,10124,0.24911417322834645,167,True,127,128,40,40,0,"[167, 40, 8]",0,True,40,True,128,167,40,0,0,40,"[128, 40, 8]",1,False,2efd61031f1c6cdea6a8,expected_aligned_shape,Qwen/Qwen3.6-35B-A3B-FP8,ok,32,127,5080,1640,0.3228346456692913,5080,3630,0.7145669291338582,0,0.0,0.9308014120612546,4728.471173271173,0.9600393700787402,4877.0,Qwen/Qwen3.6-35B-A3B-FP8
chat,40,127,8,40640,same_model,29784,0.7328740157480315,10856,0.2671259842519685,167,True,127,128,40,40,0,"[167, 40, 8]",0,True,40,True,128,167,40,0,0,40,"[128, 40, 8]",1,False,2f2a6f799f8866a2a2c5,expected_aligned_shape,Qwen/Qwen3.6-35B-A3B-FP8,ok,32,127,5080,1492,0.2937007874015748,5080,3448,0.6787401574803149,0,0.0,0.9219931599459158,4683.7252525252525,0.9550688976377952,4851.75,Qwen/Qwen3.6-35B-A3B-FP8
short_qa,40,127,8,40640,same_model,29478,0.7253444881889763,11162,0.2746555118110236,159,True,127,128,32,32,0,"[159, 40, 8]",0,True,32,True,128,159,32,0,0,32,"[128, 40, 8]",1,False,2faff12ca5d596e9d497,expected_aligned_shape,Qwen/Qwen3.6-35B-A3B-FP8,ok,32,127,5080,1437,0.2828740157480315,5080,3424,0.6740157480314961,0,0.0,0.9191998727431798,4669.535353535353,0.9531742125984252,4842.125,Qwen/Qwen3.6-35B-A3B-FP8
mixed_language,40,127,8,40640,same_model,29669,0.7300442913385827,10971,0.2699557086614173,159,True,127,128,32,32,0,"[159, 40, 8]",0,True,32,True,128,159,32,0,0,32,"[128, 40, 8]",1,False,3006b46ed5b9b78a3d4d,expected_aligned_shape,Qwen/Qwen3.6-35B-A3B-FP8,ok,32,127,5080,1438,0.28307086614173227,5080,3450,0.6791338582677166,0,0.0,0.9186484731366621,4666.734243534243,0.9521653543307087,4837.0,Qwen/Qwen3.6-35B-A3B-FP8
logs,40,127,8,40640,same_model,31828,0.7831692913385827,8812,0.21683070866141732,159,True,127,128,32,32,0,"[159, 40, 8]",0,True,32,True,128,159,32,0,0,32,"[128, 40, 8]",1,False,305cfdff6df3b5b4115f,expected_aligned_shape,Qwen/Qwen3.6-35B-A3B-FP8,ok,32,127,5080,1858,0.365748031496063,5080,3871,0.762007874015748,0,0.0,0.9439743895649407,4795.389898989899,0.9679872047244095,4917.375,Qwen/Qwen3.6-35B-A3B-FP8
logs,40,127,8,40640,same_model,30715,0.7557824803149606,9925,0.24421751968503938,159,True,127,128,32,32,0,"[159, 40, 8]",0,True,32,True,128,159,32,0,0,32,"[128, 40, 8]",1,False,306d63201cc2d78c630e,expected_aligned_shape,Qwen/Qwen3.6-35B-A3B-FP8,ok,32,127,5080,1651,0.325,5080,3634,0.7153543307086614,0,0.0,0.9313070306771093,4731.039715839715,0.9603838582677166,4878.75,Qwen/Qwen3.6-35B-A3B-FP8
summarization,40,127,8,40640,same_model,29563,0.7274360236220473,11077,0.27256397637795277,163,True,127,128,36,36,0,"[163, 40, 8]",0,True,36,True,128,163,36,0,0,36,"[128, 40, 8]",1,False,307fa84fbecadb909d8f,expected_aligned_shape,Qwen/Qwen3.6-35B-A3B-FP8,ok,32,127,5080,1441,0.2836614173228346,5080,3404,0.6700787401574804,0,0.0,0.918151406773454,4664.209146409146,0.9522145669291339,4837.25,Qwen/Qwen3.6-35B-A3B-FP8
chat,40,127,8,40640,same_model,29053,0.7148868110236221,11587,0.28511318897637794,159,True,127,128,32,32,0,"[159, 40, 8]",0,True,32,True,128,159,32,0,0,32,"[128, 40, 8]",1,False,31a45aa7d5d2d392ef89,expected_aligned_shape,Qwen/Qwen3.6-35B-A3B-FP8,ok,32,127,5080,1339,0.26358267716535433,5080,3343,0.6580708661417323,0,0.0,0.9172886343752484,4659.826262626263,0.9524360236220473,4838.375,Qwen/Qwen3.6-35B-A3B-FP8
logs,40,127,8,40640,same_model,28357,0.6977608267716535,12283,0.3022391732283465,159,True,127,128,32,32,0,"[159, 40, 8]",0,True,32,True,128,159,32,0,0,32,"[128, 40, 8]",1,False,31c3478fb78674e3cd4e,expected_aligned_shape,Qwen/Qwen3.6-35B-A3B-FP8,ok,32,127,5080,1291,0.25413385826771656,5080,3229,0.6356299212598425,0,0.0,0.9072783122389421,4608.973826173827,0.9455954724409449,4803.625,Qwen/Qwen3.6-35B-A3B-FP8
short_qa,40,127,8,40640,same_model,31591,0.7773375984251969,9049,0.22266240157480316,159,True,127,128,32,32,0,"[159, 40, 8]",0,True,32,True,128,159,32,0,0,32,"[128, 40, 8]",1,False,31fee49419bc1edfcbd2,expected_aligned_shape,Qwen/Qwen3.6-35B-A3B-FP8,ok,32,127,5080,1789,0.35216535433070867,5080,3786,0.7452755905511811,0,0.0,0.9398059333492402,4774.2141414141415,0.9655757874015748,4905.125,Qwen/Qwen3.6-35B-A3B-FP8
logs,40,127,8,40640,same_model,29698,0.730757874015748,10942,0.26924212598425196,159,True,127,128,32,32,0,"[159, 40, 8]",0,True,32,True,128,159,32,0,0,32,"[128, 40, 8]",1,False,3290320c83683f6d462b,expected_aligned_shape,Qwen/Qwen3.6-35B-A3B-FP8,ok,32,127,5080,1506,0.29645669291338583,5080,3447,0.6785433070866141,0,0.0,0.9198134935930212,4672.652547452548,0.9528051181102363,4840.25,Qwen/Qwen3.6-35B-A3B-FP8
code,40,127,8,40640,same_model,28464,0.7003937007874016,12176,0.2996062992125984,159,True,127,128,32,32,0,"[159, 40, 8]",0,True,32,True,128,159,32,0,0,32,"[128, 40, 8]",1,False,32e043e23176d4c3411d,expected_aligned_shape,Qwen/Qwen3.6-35B-A3B-FP8,ok,32,127,5080,1275,0.25098425196850394,5080,3214,0.6326771653543307,0,0.0,0.9030795276464569,4587.644000444,0.941240157480315,4781.5,Qwen/Qwen3.6-35B-A3B-FP8
json_structured,40,127,8,40640,same_model,29227,0.7191683070866142,11413,0.28083169291338583,159,True,127,128,32,32,0,"[159, 40, 8]",0,True,32,True,128,159,32,0,0,32,"[128, 40, 8]",1,False,32f5ee73857974fea523,expected_aligned_shape,Qwen/Qwen3.6-35B-A3B-FP8,ok,32,127,5080,1374,0.2704724409448819,5080,3466,0.6822834645669291,0,0.0,0.9223579220429615,4685.578243978244,0.955142716535433,4852.125,Qwen/Qwen3.6-35B-A3B-FP8
summarization,40,127,8,40640,same_model,29649,0.7295521653543308,10991,0.2704478346456693,163,True,127,128,36,36,0,"[163, 40, 8]",0,True,36,True,128,163,36,0,0,36,"[128, 40, 8]",1,False,3340908de9f496cba0e2,expected_aligned_shape,Qwen/Qwen3.6-35B-A3B-FP8,ok,32,127,5080,1451,0.28562992125984255,5080,3393,0.6679133858267716,0,0.0,0.9176827109897977,4661.828171828171,0.9521653543307087,4837.0,Qwen/Qwen3.6-35B-A3B-FP8
summarization,40,127,8,40640,same_model,29659,0.7297982283464567,10981,0.2702017716535433,163,True,127,128,36,36,0,"[163, 40, 8]",0,True,36,True,128,163,36,0,0,36,"[128, 40, 8]",1,False,342272d1ab1e6d044aac,expected_aligned_shape,Qwen/Qwen3.6-35B-A3B-FP8,ok,32,127,5080,1474,0.29015748031496064,5080,3431,0.6753937007874016,0,0.0,0.92007286676578,4673.970163170163,0.9537401574803149,4845.0,Qwen/Qwen3.6-35B-A3B-FP8
chat,40,127,8,40640,same_model,28475,0.7006643700787402,12165,0.29933562992125984,159,True,127,128,32,32,0,"[159, 40, 8]",0,True,32,True,128,159,32,0,0,32,"[128, 40, 8]",1,False,348585452bc0a6e12b3a,expected_aligned_shape,Qwen/Qwen3.6-35B-A3B-FP8,ok,32,127,5080,1256,0.247244094488189,5080,3281,0.6458661417322835,0,0.0,0.9052851348126939,4598.848484848485,0.942765748031496,4789.25,Qwen/Qwen3.6-35B-A3B-FP8
summarization,40,127,8,40640,same_model,30655,0.7543061023622047,9985,0.24569389763779528,167,True,127,128,40,40,0,"[167, 40, 8]",0,True,40,True,128,167,40,0,0,40,"[128, 40, 8]",1,False,349a8e46aff51f574f44,expected_aligned_shape,Qwen/Qwen3.6-35B-A3B-FP8,ok,32,127,5080,1623,0.31948818897637793,5080,3556,0.7,0,0.0,0.9249372849372849,4698.681407481407,0.9559793307086614,4856.375,Qwen/Qwen3.6-35B-A3B-FP8
logs,40,100,8,32000,same_model,24903,0.77821875,7097,0.22178125,132,True,100,101,32,32,0,"[132, 40, 8]",0,True,32,True,101,132,32,0,0,32,"[101, 40, 8]",1,False,34c0e905650e348632f9,expected_aligned_shape,Qwen/Qwen3.6-35B-A3B-FP8,ok,32,100,4000,1404,0.351,4000,3018,0.7545,0,0.0,0.9430909090909091,3772.3636363636365,0.967625,3870.5,Qwen/Qwen3.6-35B-A3B-FP8
short_qa,40,127,8,40640,same_model,28662,0.7052657480314961,11978,0.29473425196850395,159,True,127,128,32,32,0,"[159, 40, 8]",0,True,32,True,128,159,32,0,0,32,"[128, 40, 8]",1,False,34dfad8ce9c74861ca07,expected_aligned_shape,Qwen/Qwen3.6-35B-A3B-FP8,ok,32,127,5080,1312,0.25826771653543307,5080,3239,0.6375984251968504,0,0.0,0.9097550306211724,4621.555555555556,0.9476870078740157,4814.25,Qwen/Qwen3.6-35B-A3B-FP8
json_structured,40,127,8,40640,same_model,30988,0.7625,9652,0.2375,167,True,127,128,40,40,0,"[167, 40, 8]",0,True,40,True,128,167,40,0,0,40,"[128, 40, 8]",1,False,35047c6ea526d7ce48ba,expected_aligned_shape,Qwen/Qwen3.6-35B-A3B-FP8,ok,32,127,5080,1738,0.3421259842519685,5080,3640,0.7165354330708661,0,0.0,0.9310368371785694,4729.667132867133,0.9602116141732283,4877.875,Qwen/Qwen3.6-35B-A3B-FP8
short_qa,40,127,8,40640,same_model,32126,0.7905019685039371,8514,0.209498031496063,159,True,127,128,32,32,0,"[159, 40, 8]",0,True,32,True,128,159,32,0,0,32,"[128, 40, 8]",1,False,3532be8afd12073281c9,expected_aligned_shape,Qwen/Qwen3.6-35B-A3B-FP8,ok,32,127,5080,1927,0.3793307086614173,5080,3859,0.7596456692913386,0,0.0,0.9441095999363717,4796.076767676767,0.9682086614173229,4918.5,Qwen/Qwen3.6-35B-A3B-FP8
mixed_language,40,88,8,28160,same_model,21543,0.7650213068181818,6617,0.2349786931818182,120,True,88,89,32,32,0,"[120, 40, 8]",0,True,32,True,89,120,32,0,0,32,"[89, 40, 8]",1,False,35800655e45bb8995456,expected_aligned_shape,Qwen/Qwen3.6-35B-A3B-FP8,ok,32,88,3520,1188,0.3375,3520,2516,0.7147727272727272,0,0.0,0.9320752984389349,3280.9050505050504,0.9611150568181818,3383.125,Qwen/Qwen3.6-35B-A3B-FP8
chat,40,127,8,40640,same_model,29732,0.7315944881889764,10908,0.2684055118110236,159,True,127,128,32,32,0,"[159, 40, 8]",0,True,32,True,128,159,32,0,0,32,"[128, 40, 8]",1,False,35b365ba73f78ef0c33d,expected_aligned_shape,Qwen/Qwen3.6-35B-A3B-FP8,ok,32,127,5080,1469,0.2891732283464567,5080,3460,0.6811023622047244,0,0.0,0.9219843673386979,4683.680586080586,0.9548474409448819,4850.625,Qwen/Qwen3.6-35B-A3B-FP8
mixed_language,40,88,8,28160,same_model,21654,0.7689630681818181,6506,0.23103693181818183,120,True,88,89,32,32,0,"[120, 40, 8]",0,True,32,True,89,120,32,0,0,32,"[89, 40, 8]",1,False,35e01e8dc621b92d0cdb,expected_aligned_shape,Qwen/Qwen3.6-35B-A3B-FP8,ok,32,88,3520,1237,0.35142045454545456,3520,2544,0.7227272727272728,0,0.0,0.9348255280073462,3290.5858585858587,0.9628196022727272,3389.125,Qwen/Qwen3.6-35B-A3B-FP8
needle,40,127,8,40640,same_model,29080,0.7155511811023622,11560,0.2844488188976378,159,True,127,128,32,32,0,"[159, 40, 8]",0,True,32,True,128,159,32,0,0,32,"[128, 40, 8]",1,False,36ec9c4c79cdab731b82,expected_aligned_shape,Qwen/Qwen3.6-35B-A3B-FP8,ok,32,127,5080,1347,0.2651574803149606,5080,3315,0.6525590551181102,0,0.0,0.9139163286407379,4642.6949494949495,0.9500984251968504,4826.5,Qwen/Qwen3.6-35B-A3B-FP8
low_margin,40,127,8,40640,same_model,29749,0.7320127952755906,10891,0.26798720472440946,166,True,127,128,39,39,0,"[166, 40, 8]",0,True,39,True,128,166,39,0,0,39,"[128, 40, 8]",1,False,370a59b5425e02e1f2b0,expected_aligned_shape,Qwen/Qwen3.6-35B-A3B-FP8,ok,32,127,5080,1431,0.28169291338582675,5080,3457,0.680511811023622,0,0.0,0.9221128390419728,4684.333222333223,0.9550196850393701,4851.5,Qwen/Qwen3.6-35B-A3B-FP8
low_margin,40,127,8,40640,same_model,29737,0.7317175196850394,10903,0.2682824803149606,167,True,127,128,40,40,0,"[167, 40, 8]",0,True,40,True,128,167,40,0,0,40,"[128, 40, 8]",1,False,371b5b44d66aefdf558d,expected_aligned_shape,Qwen/Qwen3.6-35B-A3B-FP8,ok,32,127,5080,1444,0.284251968503937,5080,3388,0.6669291338582677,0,0.0,0.9184751906011749,4665.853968253969,0.952878937007874,4840.625,Qwen/Qwen3.6-35B-A3B-FP8
needle,40,127,8,40640,same_model,28227,0.6945620078740158,12413,0.30543799212598427,159,True,127,128,32,32,0,"[159, 40, 8]",0,True,32,True,128,159,32,0,0,32,"[128, 40, 8]",1,False,374b1d4945def4d4efd4,expected_aligned_shape,Qwen/Qwen3.6-35B-A3B-FP8,ok,32,127,5080,1263,0.24862204724409448,5080,3174,0.6248031496062992,0,0.0,0.9036144607798151,4590.361460761461,0.943503937007874,4793.0,Qwen/Qwen3.6-35B-A3B-FP8
json_structured,40,127,8,40640,same_model,28548,0.7024606299212598,12092,0.29753937007874015,159,True,127,128,32,32,0,"[159, 40, 8]",0,True,32,True,128,159,32,0,0,32,"[128, 40, 8]",1,False,379da29819a8088367dc,expected_aligned_shape,Qwen/Qwen3.6-35B-A3B-FP8,ok,32,127,5080,1235,0.24311023622047245,5080,3241,0.6379921259842519,0,0.0,0.910362751858815,4624.642779442779,0.9479576771653543,4815.625,Qwen/Qwen3.6-35B-A3B-FP8
json_structured,40,127,8,40640,same_model,29143,0.7171013779527559,11497,0.2828986220472441,159,True,127,128,32,32,0,"[159, 40, 8]",0,True,32,True,128,159,32,0,0,32,"[128, 40, 8]",1,False,37b9a01762e4f0996c56,expected_aligned_shape,Qwen/Qwen3.6-35B-A3B-FP8,ok,32,127,5080,1411,0.277755905511811,5080,3401,0.669488188976378,0,0.0,0.9116412109325496,4631.137351537352,0.9466535433070866,4809.0,Qwen/Qwen3.6-35B-A3B-FP8
summarization,40,127,8,40640,same_model,30080,0.7401574803149606,10560,0.25984251968503935,162,True,127,128,35,35,0,"[162, 40, 8]",0,True,35,True,128,162,35,0,0,35,"[128, 40, 8]",1,False,37d79710448be0c7fd7d,expected_aligned_shape,Qwen/Qwen3.6-35B-A3B-FP8,ok,32,127,5080,1561,0.3072834645669291,5080,3491,0.6872047244094488,0,0.0,0.9233010646396472,4690.369408369408,0.9555610236220472,4854.25,Qwen/Qwen3.6-35B-A3B-FP8
code,40,127,8,40640,same_model,30993,0.762623031496063,9647,0.237376968503937,159,True,127,128,32,32,0,"[159, 40, 8]",0,True,32,True,128,159,32,0,0,32,"[128, 40, 8]",1,False,37e7fb39d385be54c1bd,expected_aligned_shape,Qwen/Qwen3.6-35B-A3B-FP8,ok,32,127,5080,1679,0.33051181102362204,5080,3571,0.7029527559055118,0,0.0,0.9273789989538022,4711.085314685315,0.958021653543307,4866.75,Qwen/Qwen3.6-35B-A3B-FP8
low_margin,40,127,8,40640,same_model,29677,0.7302411417322835,10963,0.26975885826771656,167,True,127,128,40,40,0,"[167, 40, 8]",0,True,40,True,128,167,40,0,0,40,"[128, 40, 8]",1,False,38366acf306e4da2179b,expected_aligned_shape,Qwen/Qwen3.6-35B-A3B-FP8,ok,32,127,5080,1456,0.2866141732283465,5080,3511,0.6911417322834645,0,0.0,0.9248211368683811,4698.091375291376,0.9566437007874016,4859.75,Qwen/Qwen3.6-35B-A3B-FP8
summarization,40,127,8,40640,same_model,30347,0.7467273622047244,10293,0.2532726377952756,159,True,127,128,32,32,0,"[159, 40, 8]",0,True,32,True,128,159,32,0,0,32,"[128, 40, 8]",1,False,3962771a74f7b1e3a14d,expected_aligned_shape,Qwen/Qwen3.6-35B-A3B-FP8,ok,32,127,5080,1576,0.3102362204724409,5080,3553,0.6994094488188977,0,0.0,0.927866857551897,4713.563636363637,0.9586122047244094,4869.75,Qwen/Qwen3.6-35B-A3B-FP8
low_margin,40,127,8,40640,same_model,29842,0.7343011811023622,10798,0.2656988188976378,167,True,127,128,40,40,0,"[167, 40, 8]",0,True,40,True,128,167,40,0,0,40,"[128, 40, 8]",1,False,39aa24beea20a0a0f346,expected_aligned_shape,Qwen/Qwen3.6-35B-A3B-FP8,ok,32,127,5080,1453,0.2860236220472441,5080,3407,0.6706692913385827,0,0.0,0.9189846985909979,4668.442268842269,0.9530757874015748,4841.625,Qwen/Qwen3.6-35B-A3B-FP8
low_margin,40,127,8,40640,same_model,30424,0.7486220472440945,10216,0.2513779527559055,166,True,127,128,39,39,0,"[166, 40, 8]",0,True,39,True,128,166,39,0,0,39,"[128, 40, 8]",1,False,39f750f3bae2e6b4885f,expected_aligned_shape,Qwen/Qwen3.6-35B-A3B-FP8,ok,32,127,5080,1543,0.30374015748031497,5080,3558,0.7003937007874016,0,0.0,0.9285102998488824,4716.832323232324,0.9590305118110236,4871.875,Qwen/Qwen3.6-35B-A3B-FP8
json_structured,40,127,8,40640,same_model,29964,0.7373031496062992,10676,0.2626968503937008,159,True,127,128,32,32,0,"[159, 40, 8]",0,True,32,True,128,159,32,0,0,32,"[128, 40, 8]",1,False,3a9dd230544180ec1b1a,expected_aligned_shape,Qwen/Qwen3.6-35B-A3B-FP8,ok,32,127,5080,1483,0.29192913385826774,5080,3423,0.6738188976377952,0,0.0,0.9194476520854475,4670.7940725940725,0.9530757874015748,4841.625,Qwen/Qwen3.6-35B-A3B-FP8
logs,40,118,8,37760,same_model,30121,0.7976959745762712,7639,0.2023040254237288,150,True,118,119,32,32,0,"[150, 40, 8]",0,True,32,True,119,150,32,0,0,32,"[119, 40, 8]",1,False,3aac56d964f2f6e4b917,expected_aligned_shape,Qwen/Qwen3.6-35B-A3B-FP8,ok,32,118,4720,1867,0.39555084745762714,4720,3653,0.7739406779661017,0,0.0,0.9474191063174114,4471.818181818182,0.9700741525423728,4578.75,Qwen/Qwen3.6-35B-A3B-FP8
short_qa,40,127,8,40640,same_model,29809,0.7334891732283465,10831,0.26651082677165355,166,True,127,128,39,39,0,"[166, 40, 8]",0,True,39,True,128,166,39,0,0,39,"[128, 40, 8]",1,False,3ac07a800f6ef8842790,expected_aligned_shape,Qwen/Qwen3.6-35B-A3B-FP8,ok,32,127,5080,1464,0.28818897637795277,5080,3410,0.6712598425196851,0,0.0,0.9204613059731171,4675.943434343434,0.9542076771653544,4847.375,Qwen/Qwen3.6-35B-A3B-FP8
low_margin,40,127,8,40640,same_model,30150,0.7418799212598425,10490,0.25812007874015747,167,True,127,128,40,40,0,"[167, 40, 8]",0,True,40,True,128,167,40,0,0,40,"[128, 40, 8]",1,False,3ace71c6584958f77666,expected_aligned_shape,Qwen/Qwen3.6-35B-A3B-FP8,ok,32,127,5080,1533,0.3017716535433071,5080,3539,0.6966535433070866,0,0.0,0.9277459635727352,4712.949494949495,0.9586368110236221,4869.875,Qwen/Qwen3.6-35B-A3B-FP8
low_margin,40,127,8,40640,same_model,28458,0.700246062992126,12182,0.299753937007874,167,True,127,128,40,40,0,"[167, 40, 8]",0,True,40,True,128,167,40,0,0,40,"[128, 40, 8]",1,False,3b04696ac7024bf2773d,expected_aligned_shape,Qwen/Qwen3.6-35B-A3B-FP8,ok,32,127,5080,1279,0.2517716535433071,5080,3205,0.6309055118110236,0,0.0,0.9070157751260115,4607.640137640137,0.9456692913385827,4804.0,Qwen/Qwen3.6-35B-A3B-FP8
needle,40,127,8,40640,same_model,29181,0.7180364173228346,11459,0.28196358267716537,159,True,127,128,32,32,0,"[159, 40, 8]",0,True,32,True,128,159,32,0,0,32,"[128, 40, 8]",1,False,3b55423e065febf6233a,expected_aligned_shape,Qwen/Qwen3.6-35B-A3B-FP8,ok,32,127,5080,1402,0.27598425196850396,5080,3308,0.6511811023622047,0,0.0,0.9148683687266365,4647.531313131313,0.9509350393700787,4830.75,Qwen/Qwen3.6-35B-A3B-FP8
low_margin,40,127,8,40640,same_model,31907,0.7851131889763779,8733,0.21488681102362206,166,True,127,128,39,39,0,"[166, 40, 8]",0,True,39,True,128,166,39,0,0,39,"[128, 40, 8]",1,False,3c28139abdde31977464,expected_aligned_shape,Qwen/Qwen3.6-35B-A3B-FP8,ok,32,127,5080,1835,0.3612204724409449,5080,3780,0.7440944881889764,0,0.0,0.9401892945200033,4776.161616161617,0.9659202755905512,4906.875,Qwen/Qwen3.6-35B-A3B-FP8
needle,40,127,8,40640,same_model,28260,0.6953740157480315,12380,0.3046259842519685,159,True,127,128,32,32,0,"[159, 40, 8]",0,True,32,True,128,159,32,0,0,32,"[128, 40, 8]",1,False,3c5721ebe26a4c364c84,expected_aligned_shape,Qwen/Qwen3.6-35B-A3B-FP8,ok,32,127,5080,1310,0.2578740157480315,5080,3243,0.6383858267716536,0,0.0,0.9038872369974733,4591.747163947164,0.9425688976377953,4788.25,Qwen/Qwen3.6-35B-A3B-FP8
logs,40,127,8,40640,same_model,28419,0.6992864173228347,12221,0.30071358267716536,159,True,127,128,32,32,0,"[159, 40, 8]",0,True,32,True,128,159,32,0,0,32,"[128, 40, 8]",1,False,3cdd9d9e1f76b4f73eda,expected_aligned_shape,Qwen/Qwen3.6-35B-A3B-FP8,ok,32,127,5080,1254,0.2468503937007874,5080,3197,0.6293307086614173,0,0.0,0.9061090702822987,4603.034077034077,0.9450787401574803,4801.0,Qwen/Qwen3.6-35B-A3B-FP8
logs,40,127,8,40640,same_model,29432,0.7242125984251968,11208,0.27578740157480314,159,True,127,128,32,32,0,"[159, 40, 8]",0,True,32,True,128,159,32,0,0,32,"[128, 40, 8]",1,False,3d28b665983e69f60a25,expected_aligned_shape,Qwen/Qwen3.6-35B-A3B-FP8,ok,32,127,5080,1417,0.27893700787401576,5080,3394,0.6681102362204724,0,0.0,0.9185243802566638,4666.103851703851,0.9528051181102363,4840.25,Qwen/Qwen3.6-35B-A3B-FP8
chat,40,127,8,40640,same_model,29703,0.7308809055118111,10937,0.269119094488189,166,True,127,128,39,39,0,"[166, 40, 8]",0,True,39,True,128,166,39,0,0,39,"[128, 40, 8]",1,False,3d3cd44da6c8d94f2172,expected_aligned_shape,Qwen/Qwen3.6-35B-A3B-FP8,ok,32,127,5080,1451,0.28562992125984255,5080,3476,0.684251968503937,0,0.0,0.922917362602402,4688.420202020202,0.9555610236220472,4854.25,Qwen/Qwen3.6-35B-A3B-FP8
needle,40,127,8,40640,same_model,28941,0.712130905511811,11699,0.287869094488189,159,True,127,128,32,32,0,"[159, 40, 8]",0,True,32,True,128,159,32,0,0,32,"[128, 40, 8]",1,False,3d856ad1b992bd493d08,expected_aligned_shape,Qwen/Qwen3.6-35B-A3B-FP8,ok,32,127,5080,1385,0.27263779527559057,5080,3316,0.6527559055118111,0,0.0,0.9117341276396395,4631.6093684093685,0.9483267716535433,4817.5,Qwen/Qwen3.6-35B-A3B-FP8
logs,40,122,8,39040,same_model,30618,0.7842725409836065,8422,0.21572745901639345,154,True,122,123,32,32,0,"[154, 40, 8]",0,True,32,True,123,154,32,0,0,32,"[123, 40, 8]",1,False,3e5b299df901d38b178b,expected_aligned_shape,Qwen/Qwen3.6-35B-A3B-FP8,ok,32,122,4880,1787,0.36618852459016393,4880,3684,0.7549180327868853,0,0.0,0.9431859579400564,4602.747474747474,0.9676741803278689,4722.25,Qwen/Qwen3.6-35B-A3B-FP8
summarization,40,127,8,40640,same_model,29772,0.7325787401574804,10868,0.2674212598425197,159,True,127,128,32,32,0,"[159, 40, 8]",0,True,32,True,128,159,32,0,0,32,"[128, 40, 8]",1,False,3e5c46c6df321119cd26,expected_aligned_shape,Qwen/Qwen3.6-35B-A3B-FP8,ok,32,127,5080,1493,0.2938976377952756,5080,3437,0.6765748031496063,0,0.0,0.9186320853249986,4666.650993450993,0.9522883858267717,4837.625,Qwen/Qwen3.6-35B-A3B-FP8
chat,40,127,8,40640,same_model,29737,0.7317175196850394,10903,0.2682824803149606,159,True,127,128,32,32,0,"[159, 40, 8]",0,True,32,True,128,159,32,0,0,32,"[128, 40, 8]",1,False,3f26a5c394be652f3767,expected_aligned_shape,Qwen/Qwen3.6-35B-A3B-FP8,ok,32,127,5080,1451,0.28562992125984255,5080,3472,0.6834645669291338,0,0.0,0.9240133619661178,4693.987878787879,0.956373031496063,4858.375,Qwen/Qwen3.6-35B-A3B-FP8
json_structured,40,127,8,40640,same_model,31112,0.7655511811023622,9528,0.2344488188976378,167,True,127,128,40,40,0,"[167, 40, 8]",0,True,40,True,128,167,40,0,0,40,"[128, 40, 8]",1,False,3f3789f9c3fe422f9423,expected_aligned_shape,Qwen/Qwen3.6-35B-A3B-FP8,ok,32,127,5080,1736,0.3417322834645669,5080,3718,0.7318897637795275,0,0.0,0.9338317150915577,4743.865112665113,0.9615649606299213,4884.75,Qwen/Qwen3.6-35B-A3B-FP8
code,40,127,8,40640,same_model,30428,0.7487204724409449,10212,0.25127952755905514,159,True,127,128,32,32,0,"[159, 40, 8]",0,True,32,True,128,159,32,0,0,32,"[128, 40, 8]",1,False,3f3a25708cd822489f2a,expected_aligned_shape,Qwen/Qwen3.6-35B-A3B-FP8,ok,32,127,5080,1541,0.3033464566929134,5080,3544,0.6976377952755906,0,0.0,0.9267732442535592,4708.008080808081,0.9578248031496063,4865.75,Qwen/Qwen3.6-35B-A3B-FP8
math_numeric,40,127,8,40640,same_model,29964,0.7373031496062992,10676,0.2626968503937008,159,True,127,128,32,32,0,"[159, 40, 8]",0,True,32,True,128,159,32,0,0,32,"[128, 40, 8]",1,False,3ffb7f1f375f84864cfc,expected_aligned_shape,Qwen/Qwen3.6-35B-A3B-FP8,ok,32,127,5080,1499,0.2950787401574803,5080,3382,0.665748031496063,0,0.0,0.9167132342722895,4656.90323010323,0.9514271653543307,4833.25,Qwen/Qwen3.6-35B-A3B-FP8
chat,40,127,8,40640,same_model,29717,0.7312253937007874,10923,0.2687746062992126,159,True,127,128,32,32,0,"[159, 40, 8]",0,True,32,True,128,159,32,0,0,32,"[128, 40, 8]",1,False,4009fcbf1638d3d23597,expected_aligned_shape,Qwen/Qwen3.6-35B-A3B-FP8,ok,32,127,5080,1465,0.28838582677165353,5080,3380,0.6653543307086615,0,0.0,0.9164135864135865,4655.381018981019,0.950738188976378,4829.75,Qwen/Qwen3.6-35B-A3B-FP8
low_margin,40,127,8,40640,same_model,29019,0.7140501968503937,11621,0.2859498031496063,167,True,127,128,40,40,0,"[167, 40, 8]",0,True,40,True,128,167,40,0,0,40,"[128, 40, 8]",1,False,40b5ff7b4587f05b034f,expected_aligned_shape,Qwen/Qwen3.6-35B-A3B-FP8,ok,32,127,5080,1383,0.272244094488189,5080,3291,0.6478346456692914,0,0.0,0.9110005567485884,4627.882828282828,0.948228346456693,4817.0,Qwen/Qwen3.6-35B-A3B-FP8
mixed_language,40,127,8,40640,same_model,31027,0.7634596456692914,9613,0.23654035433070866,159,True,127,128,32,32,0,"[159, 40, 8]",0,True,32,True,128,159,32,0,0,32,"[128, 40, 8]",1,False,40ce23085418538e64c3,expected_aligned_shape,Qwen/Qwen3.6-35B-A3B-FP8,ok,32,127,5080,1732,0.3409448818897638,5080,3663,0.7210629921259842,0,0.0,0.9333850314165274,4741.595959595959,0.9618110236220473,4886.0,Qwen/Qwen3.6-35B-A3B-FP8
math_numeric,40,127,8,40640,same_model,19844,0.48828740157480316,20796,0.5117125984251969,159,True,127,128,32,32,0,"[159, 40, 8]",0,True,32,True,128,159,32,0,0,32,"[128, 40, 8]",1,False,411ab2abee9987df2571,expected_aligned_shape,Qwen/Qwen3.6-35B-A3B-FP8,ok,32,127,5080,323,0.06358267716535433,5080,1694,0.33346456692913384,0,0.0,0.7805552671300702,3965.220757020757,0.8565698818897638,4351.375,Qwen/Qwen3.6-35B-A3B-FP8
mixed_language,40,127,8,40640,same_model,29975,0.7375738188976378,10665,0.2624261811023622,159,True,127,128,32,32,0,"[159, 40, 8]",0,True,32,True,128,159,32,0,0,32,"[128, 40, 8]",1,False,415a0728ac9ea83b1309,expected_aligned_shape,Qwen/Qwen3.6-35B-A3B-FP8,ok,32,127,5080,1535,0.3021653543307087,5080,3487,0.6864173228346456,0,0.0,0.9201436795924983,4674.329892329893,0.9529773622047244,4841.125,Qwen/Qwen3.6-35B-A3B-FP8
logs,40,127,8,40640,same_model,31892,0.7847440944881889,8748,0.21525590551181104,159,True,127,128,32,32,0,"[159, 40, 8]",0,True,32,True,128,159,32,0,0,32,"[128, 40, 8]",1,False,4165d787d379ea7a5ffa,expected_aligned_shape,Qwen/Qwen3.6-35B-A3B-FP8,ok,32,127,5080,1888,0.3716535433070866,5080,3852,0.7582677165354331,0,0.0,0.9432243696810626,4791.579797979798,0.9675935039370078,4915.375,Qwen/Qwen3.6-35B-A3B-FP8
summarization,40,127,8,40640,same_model,31085,0.764886811023622,9555,0.23511318897637795,159,True,127,128,32,32,0,"[159, 40, 8]",0,True,32,True,128,159,32,0,0,32,"[128, 40, 8]",1,False,41bce530715d20a74f04,expected_aligned_shape,Qwen/Qwen3.6-35B-A3B-FP8,ok,32,127,5080,1692,0.33307086614173226,5080,3679,0.7242125984251968,0,0.0,0.9352938837190806,4751.292929292929,0.9630659448818898,4892.375,Qwen/Qwen3.6-35B-A3B-FP8
low_margin,40,127,8,40640,same_model,29960,0.7372047244094488,10680,0.26279527559055116,167,True,127,128,40,40,0,"[167, 40, 8]",0,True,40,True,128,167,40,0,0,40,"[128, 40, 8]",1,False,41d62da7fd8b816315fd,expected_aligned_shape,Qwen/Qwen3.6-35B-A3B-FP8,ok,32,127,5080,1534,0.30196850393700786,5080,3424,0.6740157480314961,0,0.0,0.9212105305018691,4679.749494949495,0.9546998031496063,4849.875,Qwen/Qwen3.6-35B-A3B-FP8
short_qa,40,127,8,40640,same_model,31615,0.7779281496062992,9025,0.22207185039370078,159,True,127,128,32,32,0,"[159, 40, 8]",0,True,32,True,128,159,32,0,0,32,"[128, 40, 8]",1,False,41f4134c2ed868595966,expected_aligned_shape,Qwen/Qwen3.6-35B-A3B-FP8,ok,32,127,5080,1811,0.356496062992126,5080,3771,0.7423228346456693,0,0.0,0.9391709340528239,4770.988344988345,0.9652066929133858,4903.25,Qwen/Qwen3.6-35B-A3B-FP8
logs,40,127,8,40640,same_model,31952,0.7862204724409448,8688,0.2137795275590551,159,True,127,128,32,32,0,"[159, 40, 8]",0,True,32,True,128,159,32,0,0,32,"[128, 40, 8]",1,False,4220c67106fd28a2809c,expected_aligned_shape,Qwen/Qwen3.6-35B-A3B-FP8,ok,32,127,5080,1934,0.38070866141732285,5080,3864,0.7606299212598425,0,0.0,0.9441151674222541,4796.105050505051,0.9681594488188976,4918.25,Qwen/Qwen3.6-35B-A3B-FP8
logs,40,127,8,40640,same_model,29484,0.725492125984252,11156,0.27450787401574805,159,True,127,128,32,32,0,"[159, 40, 8]",0,True,32,True,128,159,32,0,0,32,"[128, 40, 8]",1,False,4261df1ce325d8114532,expected_aligned_shape,Qwen/Qwen3.6-35B-A3B-FP8,ok,32,127,5080,1386,0.27283464566929133,5080,3370,0.6633858267716536,0,0.0,0.9152084180036936,4649.2587634587635,0.9504921259842519,4828.5,Qwen/Qwen3.6-35B-A3B-FP8
short_qa,40,127,8,40640,same_model,30950,0.7615649606299213,9690,0.23843503937007873,165,True,127,128,38,38,0,"[165, 40, 8]",0,True,38,True,128,165,38,0,0,38,"[128, 40, 8]",1,False,427558f1540f9f15a1d6,expected_aligned_shape,Qwen/Qwen3.6-35B-A3B-FP8,ok,32,127,5080,1669,0.32854330708661417,5080,3588,0.7062992125984252,0,0.0,0.9290829555396484,4719.741414141414,0.9592273622047244,4872.875,Qwen/Qwen3.6-35B-A3B-FP8
json_structured,40,127,8,40640,same_model,28046,0.6901082677165354,12594,0.30989173228346456,159,True,127,128,32,32,0,"[159, 40, 8]",0,True,32,True,128,159,32,0,0,32,"[128, 40, 8]",1,False,42abd1e418ebe6245bf3,expected_aligned_shape,Qwen/Qwen3.6-35B-A3B-FP8,ok,32,127,5080,1217,0.23956692913385827,5080,3145,0.6190944881889764,0,0.0,0.9024294428231436,4584.34156954157,0.9426673228346457,4788.75,Qwen/Qwen3.6-35B-A3B-FP8
json_structured,40,127,8,40640,same_model,28291,0.696136811023622,12349,0.30386318897637793,159,True,127,128,32,32,0,"[159, 40, 8]",0,True,32,True,128,159,32,0,0,32,"[128, 40, 8]",1,False,42b8e417717225a898b1,expected_aligned_shape,Qwen/Qwen3.6-35B-A3B-FP8,ok,32,127,5080,1192,0.2346456692913386,5080,3187,0.6273622047244094,0,0.0,0.9052371556702264,4598.60475080475,0.944488188976378,4798.0,Qwen/Qwen3.6-35B-A3B-FP8
needle,40,127,8,40640,same_model,29682,0.7303641732283465,10958,0.26963582677165354,159,True,127,128,32,32,0,"[159, 40, 8]",0,True,32,True,128,159,32,0,0,32,"[128, 40, 8]",1,False,42c364ec679d7133c006,expected_aligned_shape,Qwen/Qwen3.6-35B-A3B-FP8,ok,32,127,5080,1435,0.2824803149606299,5080,3416,0.6724409448818898,0,0.0,0.9216225244571702,4681.842424242424,0.9550688976377952,4851.75,Qwen/Qwen3.6-35B-A3B-FP8
mixed_language,40,127,8,40640,same_model,29639,0.7293061023622047,11001,0.2706938976377953,159,True,127,128,32,32,0,"[159, 40, 8]",0,True,32,True,128,159,32,0,0,32,"[128, 40, 8]",1,False,42e391dcb5a629446173,expected_aligned_shape,Qwen/Qwen3.6-35B-A3B-FP8,ok,32,127,5080,1480,0.29133858267716534,5080,3404,0.6700787401574804,0,0.0,0.9171582223550727,4659.163769563769,0.9515501968503937,4833.875,Qwen/Qwen3.6-35B-A3B-FP8
chat,40,127,8,40640,same_model,30658,0.7543799212598425,9982,0.24562007874015748,166,True,127,128,39,39,0,"[166, 40, 8]",0,True,39,True,128,166,39,0,0,39,"[128, 40, 8]",1,False,4418047bdabefce010fe,expected_aligned_shape,Qwen/Qwen3.6-35B-A3B-FP8,ok,32,127,5080,1620,0.3188976377952756,5080,3660,0.7204724409448819,0,0.0,0.9324451052010106,4736.821134421134,0.9610482283464566,4882.125,Qwen/Qwen3.6-35B-A3B-FP8
code,40,127,8,40640,same_model,30877,0.7597687007874016,9763,0.24023129921259842,159,True,127,128,32,32,0,"[159, 40, 8]",0,True,32,True,128,159,32,0,0,32,"[128, 40, 8]",1,False,44f20a853c811c28806e,expected_aligned_shape,Qwen/Qwen3.6-35B-A3B-FP8,ok,32,127,5080,1673,0.32933070866141734,5080,3594,0.7074803149606299,0,0.0,0.9275025630537441,4711.71302031302,0.9577017716535433,4865.125,Qwen/Qwen3.6-35B-A3B-FP8
needle,40,127,8,40640,same_model,29153,0.7173474409448819,11487,0.2826525590551181,159,True,127,128,32,32,0,"[159, 40, 8]",0,True,32,True,128,159,32,0,0,32,"[128, 40, 8]",1,False,451ad8eda986ccf73fbb,expected_aligned_shape,Qwen/Qwen3.6-35B-A3B-FP8,ok,32,127,5080,1351,0.2659448818897638,5080,3287,0.6470472440944882,0,0.0,0.9145669291338583,4646.0,0.9508612204724409,4830.375,Qwen/Qwen3.6-35B-A3B-FP8
logs,40,85,8,27200,same_model,19490,0.7165441176470588,7710,0.28345588235294117,117,True,85,86,32,32,0,"[117, 40, 8]",0,True,32,True,86,117,32,0,0,32,"[86, 40, 8]",1,False,451add3f8bf9cd993f41,expected_aligned_shape,Qwen/Qwen3.6-35B-A3B-FP8,ok,32,85,3400,915,0.2691176470588235,3400,2268,0.6670588235294118,0,0.0,0.9185547785547787,3123.086247086247,0.9529779411764706,3240.125,Qwen/Qwen3.6-35B-A3B-FP8
short_qa,40,127,8,40640,same_model,30521,0.7510088582677166,10119,0.24899114173228346,159,True,127,128,32,32,0,"[159, 40, 8]",0,True,32,True,128,159,32,0,0,32,"[128, 40, 8]",1,False,45465666bb6ce5aec200,expected_aligned_shape,Qwen/Qwen3.6-35B-A3B-FP8,ok,32,127,5080,1575,0.31003937007874016,5080,3529,0.6946850393700787,0,0.0,0.9277236936292055,4712.836363636364,0.9586860236220472,4870.125,Qwen/Qwen3.6-35B-A3B-FP8
logs,40,127,8,40640,same_model,27535,0.6775344488188977,13105,0.3224655511811024,159,True,127,128,32,32,0,"[159, 40, 8]",0,True,32,True,128,159,32,0,0,32,"[128, 40, 8]",1,False,45b9f3408d1931033c5b,expected_aligned_shape,Qwen/Qwen3.6-35B-A3B-FP8,ok,32,127,5080,1177,0.23169291338582676,5080,3061,0.6025590551181103,0,0.0,0.8968319650603115,4555.906382506382,0.9392962598425196,4771.625,Qwen/Qwen3.6-35B-A3B-FP8
short_qa,40,127,8,40640,same_model,29794,0.7331200787401575,10846,0.2668799212598425,166,True,127,128,39,39,0,"[166, 40, 8]",0,True,39,True,128,166,39,0,0,39,"[128, 40, 8]",1,False,460f129abff27360b391,expected_aligned_shape,Qwen/Qwen3.6-35B-A3B-FP8,ok,32,127,5080,1459,0.28720472440944883,5080,3444,0.6779527559055119,0,0.0,0.9187690131390919,4667.346586746587,0.9521161417322834,4836.75,Qwen/Qwen3.6-35B-A3B-FP8
low_margin,40,127,8,40640,same_model,28958,0.7125492125984252,11682,0.2874507874015748,167,True,127,128,40,40,0,"[167, 40, 8]",0,True,40,True,128,167,40,0,0,40,"[128, 40, 8]",1,False,46af2cc3aae728098eb3,expected_aligned_shape,Qwen/Qwen3.6-35B-A3B-FP8,ok,32,127,5080,1314,0.25866141732283465,5080,3268,0.6433070866141732,0,0.0,0.9100727881042842,4623.169763569764,0.9472194881889764,4811.875,Qwen/Qwen3.6-35B-A3B-FP8
chat,40,127,8,40640,same_model,30168,0.7423228346456693,10472,0.2576771653543307,167,True,127,128,40,40,0,"[167, 40, 8]",0,True,40,True,128,167,40,0,0,40,"[128, 40, 8]",1,False,46c6f8325f85be337f2c,expected_aligned_shape,Qwen/Qwen3.6-35B-A3B-FP8,ok,32,127,5080,1536,0.30236220472440944,5080,3482,0.6854330708661417,0,0.0,0.924102441740237,4694.440404040404,0.9563976377952756,4858.5,Qwen/Qwen3.6-35B-A3B-FP8
summarization,40,127,8,40640,same_model,30743,0.7564714566929134,9897,0.24352854330708662,159,True,127,128,32,32,0,"[159, 40, 8]",0,True,32,True,128,159,32,0,0,32,"[128, 40, 8]",1,False,46fc3dfdf55cc80a2aa8,expected_aligned_shape,Qwen/Qwen3.6-35B-A3B-FP8,ok,32,127,5080,1634,0.3216535433070866,5080,3621,0.7127952755905512,0,0.0,0.931859540284737,4733.8464646464645,0.9610236220472441,4882.0,Qwen/Qwen3.6-35B-A3B-FP8
mixed_language,40,84,8,26880,same_model,21269,0.7912574404761905,5611,0.20874255952380952,116,True,84,85,32,32,0,"[116, 40, 8]",0,True,32,True,85,116,32,0,0,32,"[85, 40, 8]",1,False,478e9c6d33a2bece3e83,expected_aligned_shape,Qwen/Qwen3.6-35B-A3B-FP8,ok,32,84,3360,1291,0.3842261904761905,3360,2574,0.7660714285714286,0,0.0,0.9456637806637807,3177.430303030303,0.9690848214285714,3256.125,Qwen/Qwen3.6-35B-A3B-FP8
low_margin,40,127,8,40640,same_model,28462,0.7003444881889764,12178,0.2996555118110236,167,True,127,128,40,40,0,"[167, 40, 8]",0,True,40,True,128,167,40,0,0,40,"[128, 40, 8]",1,False,479793bea2533c2645f7,expected_aligned_shape,Qwen/Qwen3.6-35B-A3B-FP8,ok,32,127,5080,1227,0.24153543307086614,5080,3158,0.6216535433070867,0,0.0,0.9014940134231474,4579.5895881895885,0.941117125984252,4780.875,Qwen/Qwen3.6-35B-A3B-FP8
code,40,127,8,40640,same_model,29313,0.7212844488188976,11327,0.27871555118110236,166,True,127,128,39,39,0,"[166, 40, 8]",0,True,39,True,128,166,39,0,0,39,"[128, 40, 8]",1,False,47c67a5c38c43dbe99ea,expected_aligned_shape,Qwen/Qwen3.6-35B-A3B-FP8,ok,32,127,5080,1341,0.2639763779527559,5080,3376,0.6645669291338583,0,0.0,0.9169040583213811,4657.872616272616,0.9518454724409449,4835.375,Qwen/Qwen3.6-35B-A3B-FP8
short_qa,40,127,8,40640,same_model,30030,0.7389271653543307,10610,0.26107283464566927,166,True,127,128,39,39,0,"[166, 40, 8]",0,True,39,True,128,166,39,0,0,39,"[128, 40, 8]",1,False,481f35627e74400c8fba,expected_aligned_shape,Qwen/Qwen3.6-35B-A3B-FP8,ok,32,127,5080,1521,0.29940944881889764,5080,3482,0.6854330708661417,0,0.0,0.9216406034909972,4681.934265734266,0.95435531496063,4848.125,Qwen/Qwen3.6-35B-A3B-FP8
mixed_language,40,127,8,40640,same_model,29190,0.718257874015748,11450,0.28174212598425197,159,True,127,128,32,32,0,"[159, 40, 8]",0,True,32,True,128,159,32,0,0,32,"[128, 40, 8]",1,False,48717f584d2afa30bbf3,expected_aligned_shape,Qwen/Qwen3.6-35B-A3B-FP8,ok,32,127,5080,1358,0.2673228346456693,5080,3343,0.6580708661417323,0,0.0,0.9115742874797992,4630.79738039738,0.9472933070866142,4812.25,Qwen/Qwen3.6-35B-A3B-FP8
needle,40,127,8,40640,same_model,29375,0.7228100393700787,11265,0.27718996062992124,159,True,127,128,32,32,0,"[159, 40, 8]",0,True,32,True,128,159,32,0,0,32,"[128, 40, 8]",1,False,48a42ee1983e2e416ce5,expected_aligned_shape,Qwen/Qwen3.6-35B-A3B-FP8,ok,32,127,5080,1395,0.27460629921259844,5080,3387,0.6667322834645669,0,0.0,0.9179731292329718,4663.303496503497,0.9525098425196851,4838.75,Qwen/Qwen3.6-35B-A3B-FP8
mixed_language,40,127,8,40640,same_model,30464,0.7496062992125985,10176,0.2503937007874016,159,True,127,128,32,32,0,"[159, 40, 8]",0,True,32,True,128,159,32,0,0,32,"[128, 40, 8]",1,False,48be08c6b58230fff2a0,expected_aligned_shape,Qwen/Qwen3.6-35B-A3B-FP8,ok,32,127,5080,1627,0.3202755905511811,5080,3580,0.7047244094488189,0,0.0,0.9247911318777461,4697.93894993895,0.9557332677165354,4855.125,Qwen/Qwen3.6-35B-A3B-FP8
json_structured,40,127,8,40640,same_model,29312,0.721259842519685,11328,0.27874015748031494,159,True,127,128,32,32,0,"[159, 40, 8]",0,True,32,True,128,159,32,0,0,32,"[128, 40, 8]",1,False,48f8722607f9778c8569,expected_aligned_shape,Qwen/Qwen3.6-35B-A3B-FP8,ok,32,127,5080,1402,0.27598425196850396,5080,3350,0.6594488188976378,0,0.0,0.9139076540257641,4642.650882450883,0.9493110236220472,4822.5,Qwen/Qwen3.6-35B-A3B-FP8
summarization,40,127,8,40640,same_model,29906,0.7358759842519685,10734,0.2641240157480315,159,True,127,128,32,32,0,"[159, 40, 8]",0,True,32,True,128,159,32,0,0,32,"[128, 40, 8]",1,False,492f7dd12b2f17c40937,expected_aligned_shape,Qwen/Qwen3.6-35B-A3B-FP8,ok,32,127,5080,1559,0.30688976377952754,5080,3538,0.6964566929133859,0,0.0,0.9223007613558796,4685.287867687868,0.953986220472441,4846.25,Qwen/Qwen3.6-35B-A3B-FP8
mixed_language,40,127,8,40640,same_model,31269,0.7694143700787401,9371,0.23058562992125983,159,True,127,128,32,32,0,"[159, 40, 8]",0,True,32,True,128,159,32,0,0,32,"[128, 40, 8]",1,False,49896ed21249107ed120,expected_aligned_shape,Qwen/Qwen3.6-35B-A3B-FP8,ok,32,127,5080,1778,0.35,5080,3694,0.7271653543307086,0,0.0,0.9358196134574087,4753.963636363636,0.9633858267716535,4894.0,Qwen/Qwen3.6-35B-A3B-FP8
summarization,40,127,8,40640,same_model,30180,0.7426181102362205,10460,0.2573818897637795,159,True,127,128,32,32,0,"[159, 40, 8]",0,True,32,True,128,159,32,0,0,32,"[128, 40, 8]",1,False,49c8d8547fe08514992d,expected_aligned_shape,Qwen/Qwen3.6-35B-A3B-FP8,ok,32,127,5080,1546,0.3043307086614173,5080,3468,0.6826771653543308,0,0.0,0.9227360915549893,4687.499345099345,0.9552903543307086,4852.875,Qwen/Qwen3.6-35B-A3B-FP8
short_qa,40,127,8,40640,same_model,30192,0.7429133858267717,10448,0.25708661417322837,159,True,127,128,32,32,0,"[159, 40, 8]",0,True,32,True,128,159,32,0,0,32,"[128, 40, 8]",1,False,49eef8f57b70a74351bb,expected_aligned_shape,Qwen/Qwen3.6-35B-A3B-FP8,ok,32,127,5080,1555,0.3061023622047244,5080,3491,0.6872047244094488,0,0.0,0.923512017291545,4691.441047841048,0.9555364173228347,4854.125,Qwen/Qwen3.6-35B-A3B-FP8
json_structured,40,127,8,40640,same_model,30057,0.7395915354330709,10583,0.2604084645669291,167,True,127,128,40,40,0,"[167, 40, 8]",0,True,40,True,128,167,40,0,0,40,"[128, 40, 8]",1,False,4a15bc0beb56b9e27d96,expected_aligned_shape,Qwen/Qwen3.6-35B-A3B-FP8,ok,32,127,5080,1468,0.2889763779527559,5080,3485,0.6860236220472441,0,0.0,0.9240026028215004,4693.933222333222,0.9562007874015748,4857.5,Qwen/Qwen3.6-35B-A3B-FP8
short_qa,40,127,8,40640,same_model,30579,0.7524360236220472,10061,0.24756397637795274,166,True,127,128,39,39,0,"[166, 40, 8]",0,True,39,True,128,166,39,0,0,39,"[128, 40, 8]",1,False,4ab7d75936f6737dfa8a,expected_aligned_shape,Qwen/Qwen3.6-35B-A3B-FP8,ok,32,127,5080,1604,0.315748031496063,5080,3586,0.7059055118110236,0,0.0,0.9298908790247373,4723.845665445666,0.9596948818897638,4875.25,Qwen/Qwen3.6-35B-A3B-FP8
low_margin,40,127,8,40640,same_model,30222,0.7436515748031496,10418,0.2563484251968504,167,True,127,128,40,40,0,"[167, 40, 8]",0,True,40,True,128,167,40,0,0,40,"[128, 40, 8]",1,False,4af6e9ff83639932fee2,expected_aligned_shape,Qwen/Qwen3.6-35B-A3B-FP8,ok,32,127,5080,1539,0.3029527559055118,5080,3473,0.6836614173228347,0,0.0,0.9238694026883003,4693.256565656566,0.9562992125984252,4858.0,Qwen/Qwen3.6-35B-A3B-FP8
short_qa,40,127,8,40640,same_model,30024,0.7387795275590551,10616,0.2612204724409449,166,True,127,128,39,39,0,"[166, 40, 8]",0,True,39,True,128,166,39,0,0,39,"[128, 40, 8]",1,False,4b070e65a9f2f9f28546,expected_aligned_shape,Qwen/Qwen3.6-35B-A3B-FP8,ok,32,127,5080,1529,0.3009842519685039,5080,3479,0.6848425196850394,0,0.0,0.9227741549788794,4687.692707292707,0.9552903543307086,4852.875,Qwen/Qwen3.6-35B-A3B-FP8
chat,40,127,8,40640,same_model,30340,0.7465551181102362,10300,0.2534448818897638,167,True,127,128,40,40,0,"[167, 40, 8]",0,True,40,True,128,167,40,0,0,40,"[128, 40, 8]",1,False,4b1738d355d1bee529de,expected_aligned_shape,Qwen/Qwen3.6-35B-A3B-FP8,ok,32,127,5080,1586,0.3122047244094488,5080,3540,0.6968503937007874,0,0.0,0.9272918157957527,4710.642424242425,0.9582923228346457,4868.125,Qwen/Qwen3.6-35B-A3B-FP8
low_margin,40,127,8,40640,same_model,30028,0.7388779527559055,10612,0.2611220472440945,166,True,127,128,39,39,0,"[166, 40, 8]",0,True,39,True,128,166,39,0,0,39,"[128, 40, 8]",1,False,4b1e71db3e319a78014b,expected_aligned_shape,Qwen/Qwen3.6-35B-A3B-FP8,ok,32,127,5080,1500,0.2952755905511811,5080,3501,0.6891732283464567,0,0.0,0.9247227400770708,4697.5915195915195,0.9564222440944882,4858.625,Qwen/Qwen3.6-35B-A3B-FP8
short_qa,40,127,8,40640,same_model,31157,0.7666584645669291,9483,0.23334153543307087,166,True,127,128,39,39,0,"[166, 40, 8]",0,True,39,True,128,166,39,0,0,39,"[128, 40, 8]",1,False,4b6d1c78f81c7f849496,expected_aligned_shape,Qwen/Qwen3.6-35B-A3B-FP8,ok,32,127,5080,1705,0.33562992125984253,5080,3657,0.7198818897637795,0,0.0,0.933191126458843,4740.610922410922,0.9615157480314961,4884.5,Qwen/Qwen3.6-35B-A3B-FP8
short_qa,40,127,8,40640,same_model,28607,0.7039124015748032,12033,0.29608759842519683,159,True,127,128,32,32,0,"[159, 40, 8]",0,True,32,True,128,159,32,0,0,32,"[128, 40, 8]",1,False,4b8d53caa72f39824115,expected_aligned_shape,Qwen/Qwen3.6-35B-A3B-FP8,ok,32,127,5080,1390,0.2736220472440945,5080,3249,0.6395669291338583,0,0.0,0.902648716113283,4585.4554778554775,0.9415600393700787,4783.125,Qwen/Qwen3.6-35B-A3B-FP8
short_qa,40,127,8,40640,same_model,32091,0.7896407480314961,8549,0.21035925196850394,159,True,127,128,32,32,0,"[159, 40, 8]",0,True,32,True,128,159,32,0,0,32,"[128, 40, 8]",1,False,4bc7a6d0cf90cb9b3e1a,expected_aligned_shape,Qwen/Qwen3.6-35B-A3B-FP8,ok,32,127,5080,1912,0.3763779527559055,5080,3793,0.7466535433070867,0,0.0,0.9405145947665632,4777.814141414141,0.9660433070866141,4907.5,Qwen/Qwen3.6-35B-A3B-FP8
mixed_language,40,127,8,40640,same_model,30044,0.739271653543307,10596,0.2607283464566929,159,True,127,128,32,32,0,"[159, 40, 8]",0,True,32,True,128,159,32,0,0,32,"[128, 40, 8]",1,False,4bee0825edf1a723c761,expected_aligned_shape,Qwen/Qwen3.6-35B-A3B-FP8,ok,32,127,5080,1532,0.3015748031496063,5080,3536,0.6960629921259842,0,0.0,0.9264582836236379,4706.408080808081,0.957726377952756,4865.25,Qwen/Qwen3.6-35B-A3B-FP8
short_qa,40,127,8,40640,same_model,31008,0.7629921259842519,9632,0.23700787401574802,166,True,127,128,39,39,0,"[166, 40, 8]",0,True,39,True,128,166,39,0,0,39,"[128, 40, 8]",1,False,4ca850e833b40b17cd0c,expected_aligned_shape,Qwen/Qwen3.6-35B-A3B-FP8,ok,32,127,5080,1704,0.3354330708661417,5080,3695,0.7273622047244095,0,0.0,0.93558498369522,4752.771717171717,0.9631889763779528,4893.0,Qwen/Qwen3.6-35B-A3B-FP8
json_structured,40,127,8,40640,same_model,29289,0.7206938976377952,11351,0.2793061023622047,159,True,127,128,32,32,0,"[159, 40, 8]",0,True,32,True,128,159,32,0,0,32,"[128, 40, 8]",1,False,4daa8c56c5bb4f5ed3ec,expected_aligned_shape,Qwen/Qwen3.6-35B-A3B-FP8,ok,32,127,5080,1367,0.26909448818897636,5080,3366,0.6625984251968504,0,0.0,0.9178042080404285,4662.445376845377,0.9525098425196851,4838.75,Qwen/Qwen3.6-35B-A3B-FP8
logs,40,127,8,40640,same_model,29730,0.7315452755905512,10910,0.26845472440944884,159,True,127,128,32,32,0,"[159, 40, 8]",0,True,32,True,128,159,32,0,0,32,"[128, 40, 8]",1,False,4dcabae12895d0f3fe08,expected_aligned_shape,Qwen/Qwen3.6-35B-A3B-FP8,ok,32,127,5080,1513,0.29783464566929135,5080,3491,0.6872047244094488,0,0.0,0.9221414062752644,4684.478343878344,0.9542814960629922,4847.75,Qwen/Qwen3.6-35B-A3B-FP8
math_numeric,40,127,8,40640,same_model,19697,0.4846702755905512,20943,0.5153297244094488,159,True,127,128,32,32,0,"[159, 40, 8]",0,True,32,True,128,159,32,0,0,32,"[128, 40, 8]",1,False,4de00c30231c5badb6c2,expected_aligned_shape,Qwen/Qwen3.6-35B-A3B-FP8,ok,32,127,5080,297,0.058464566929133856,5080,1740,0.3425196850393701,0,0.0,0.7838497067237226,3981.9565101565104,0.8596456692913386,4367.0,Qwen/Qwen3.6-35B-A3B-FP8
logs,40,127,8,40640,same_model,31709,0.7802411417322834,8931,0.21975885826771654,159,True,127,128,32,32,0,"[159, 40, 8]",0,True,32,True,128,159,32,0,0,32,"[128, 40, 8]",1,False,4dec5f6f21729d9adc43,expected_aligned_shape,Qwen/Qwen3.6-35B-A3B-FP8,ok,32,127,5080,1879,0.3698818897637795,5080,3874,0.7625984251968504,0,0.0,0.9434884275829157,4792.921212121212,0.9675935039370078,4915.375,Qwen/Qwen3.6-35B-A3B-FP8
low_margin,40,127,8,40640,same_model,29640,0.7293307086614174,11000,0.2706692913385827,167,True,127,128,40,40,0,"[167, 40, 8]",0,True,40,True,128,167,40,0,0,40,"[128, 40, 8]",1,False,4eaaef10d8a8a867c0b8,expected_aligned_shape,Qwen/Qwen3.6-35B-A3B-FP8,ok,32,127,5080,1463,0.28799212598425195,5080,3378,0.6649606299212598,0,0.0,0.9174670561284735,4660.732645132645,0.9519931102362205,4836.125,Qwen/Qwen3.6-35B-A3B-FP8
mixed_language,40,127,8,40640,same_model,29942,0.736761811023622,10698,0.26323818897637796,159,True,127,128,32,32,0,"[159, 40, 8]",0,True,32,True,128,159,32,0,0,32,"[128, 40, 8]",1,False,4f3a35f066a064783511,expected_aligned_shape,Qwen/Qwen3.6-35B-A3B-FP8,ok,32,127,5080,1503,0.2958661417322835,5080,3392,0.6677165354330709,0,0.0,0.9209544261512764,4678.448484848484,0.9547736220472441,4850.25,Qwen/Qwen3.6-35B-A3B-FP8
code,40,127,8,40640,same_model,30810,0.7581200787401575,9830,0.2418799212598425,159,True,127,128,32,32,0,"[159, 40, 8]",0,True,32,True,128,159,32,0,0,32,"[128, 40, 8]",1,False,4f93987d1e1102ae584d,expected_aligned_shape,Qwen/Qwen3.6-35B-A3B-FP8,ok,32,127,5080,1673,0.32933070866141734,5080,3591,0.7068897637795276,0,0.0,0.9261506996940067,4704.845554445555,0.9564222440944882,4858.625,Qwen/Qwen3.6-35B-A3B-FP8
math_numeric,40,127,8,40640,same_model,21759,0.5354084645669291,18881,0.46459153543307086,159,True,127,128,32,32,0,"[159, 40, 8]",0,True,32,True,128,159,32,0,0,32,"[128, 40, 8]",1,False,4faa736147d5a6bc5c14,expected_aligned_shape,Qwen/Qwen3.6-35B-A3B-FP8,ok,32,127,5080,479,0.09429133858267716,5080,2085,0.4104330708661417,0,0.0,0.8202899812348631,4167.073104673104,0.8861466535433071,4501.625,Qwen/Qwen3.6-35B-A3B-FP8
mixed_language,40,89,8,28480,same_model,22498,0.7899578651685393,5982,0.21004213483146067,121,True,89,90,32,32,0,"[121, 40, 8]",0,True,32,True,90,121,32,0,0,32,"[90, 40, 8]",1,False,4faa7b982f056f5a6933,expected_aligned_shape,Qwen/Qwen3.6-35B-A3B-FP8,ok,32,89,3560,1347,0.3783707865168539,3560,2652,0.744943820224719,0,0.0,0.9402360685506754,3347.240404040404,0.9659058988764045,3438.625,Qwen/Qwen3.6-35B-A3B-FP8
short_qa,40,127,8,40640,same_model,29311,0.7212352362204725,11329,0.2787647637795276,159,True,127,128,32,32,0,"[159, 40, 8]",0,True,32,True,128,159,32,0,0,32,"[128, 40, 8]",1,False,501a5734ec3e8c33c36e,expected_aligned_shape,Qwen/Qwen3.6-35B-A3B-FP8,ok,32,127,5080,1378,0.27125984251968505,5080,3398,0.6688976377952756,0,0.0,0.9177531829500333,4662.186169386169,0.9522145669291339,4837.25,Qwen/Qwen3.6-35B-A3B-FP8
short_qa,40,127,8,40640,same_model,29643,0.7294045275590552,10997,0.2705954724409449,159,True,127,128,32,32,0,"[159, 40, 8]",0,True,32,True,128,159,32,0,0,32,"[128, 40, 8]",1,False,505b1be32780f7e2b7ba,expected_aligned_shape,Qwen/Qwen3.6-35B-A3B-FP8,ok,32,127,5080,1511,0.29744094488188977,5080,3468,0.6826771653543308,0,0.0,0.9169017203269172,4657.860739260739,0.9499507874015748,4825.75,Qwen/Qwen3.6-35B-A3B-FP8
short_qa,40,127,8,40640,same_model,31730,0.780757874015748,8910,0.21924212598425197,159,True,127,128,32,32,0,"[159, 40, 8]",0,True,32,True,128,159,32,0,0,32,"[128, 40, 8]",1,False,506348295d3fee666655,expected_aligned_shape,Qwen/Qwen3.6-35B-A3B-FP8,ok,32,127,5080,1855,0.36515748031496065,5080,3793,0.7466535433070867,0,0.0,0.9405007678236026,4777.743900543901,0.9660187007874016,4907.375,Qwen/Qwen3.6-35B-A3B-FP8
short_qa,40,127,8,40640,same_model,28806,0.7088090551181102,11834,0.2911909448818898,159,True,127,128,32,32,0,"[159, 40, 8]",0,True,32,True,128,159,32,0,0,32,"[128, 40, 8]",1,False,508b3ad69d2855161c4f,expected_aligned_shape,Qwen/Qwen3.6-35B-A3B-FP8,ok,32,127,5080,1311,0.2580708661417323,5080,3320,0.6535433070866141,0,0.0,0.912229349827775,4634.125097125097,0.9484251968503937,4818.0,Qwen/Qwen3.6-35B-A3B-FP8
code,40,127,8,40640,same_model,29674,0.7301673228346457,10966,0.2698326771653543,159,True,127,128,32,32,0,"[159, 40, 8]",0,True,32,True,128,159,32,0,0,32,"[128, 40, 8]",1,False,5092bff2da5bb61746c0,expected_aligned_shape,Qwen/Qwen3.6-35B-A3B-FP8,ok,32,127,5080,1459,0.28720472440944883,5080,3394,0.6681102362204724,0,0.0,0.9161611966336377,4654.098878898879,0.9501476377952756,4826.75,Qwen/Qwen3.6-35B-A3B-FP8
logs,40,127,8,40640,same_model,29609,0.7285679133858268,11031,0.27143208661417323,159,True,127,128,32,32,0,"[159, 40, 8]",0,True,32,True,128,159,32,0,0,32,"[128, 40, 8]",1,False,50edde4a1f33b4eed34e,expected_aligned_shape,Qwen/Qwen3.6-35B-A3B-FP8,ok,32,127,5080,1460,0.2874015748031496,5080,3414,0.6720472440944882,0,0.0,0.9161873559511354,4654.231768231768,0.9496309055118111,4824.125,Qwen/Qwen3.6-35B-A3B-FP8
mixed_language,40,127,8,40640,same_model,31175,0.7671013779527559,9465,0.2328986220472441,159,True,127,128,32,32,0,"[159, 40, 8]",0,True,32,True,128,159,32,0,0,32,"[128, 40, 8]",1,False,5197be5ad555a3fa4f56,expected_aligned_shape,Qwen/Qwen3.6-35B-A3B-FP8,ok,32,127,5080,1748,0.34409448818897637,5080,3658,0.7200787401574803,0,0.0,0.9335910283941778,4742.642424242425,0.9619832677165354,4886.875,Qwen/Qwen3.6-35B-A3B-FP8
mixed_language,40,127,8,40640,same_model,29438,0.7243602362204724,11202,0.27563976377952754,159,True,127,128,32,32,0,"[159, 40, 8]",0,True,32,True,128,159,32,0,0,32,"[128, 40, 8]",1,False,51b8d0ce4c783f964b18,expected_aligned_shape,Qwen/Qwen3.6-35B-A3B-FP8,ok,32,127,5080,1466,0.28858267716535435,5080,3350,0.6594488188976378,0,0.0,0.9126400021675615,4636.211211011211,0.9473917322834645,4812.75,Qwen/Qwen3.6-35B-A3B-FP8
chat,40,127,8,40640,same_model,30040,0.7391732283464567,10600,0.2608267716535433,167,True,127,128,40,40,0,"[167, 40, 8]",0,True,40,True,128,167,40,0,0,40,"[128, 40, 8]",1,False,51df8c62f9b3dac57eb8,expected_aligned_shape,Qwen/Qwen3.6-35B-A3B-FP8,ok,32,127,5080,1521,0.29940944881889764,5080,3530,0.6948818897637795,0,0.0,0.9225341106837169,4686.473282273282,0.9544537401574803,4848.625,Qwen/Qwen3.6-35B-A3B-FP8
mixed_language,40,127,8,40640,same_model,30699,0.755388779527559,9941,0.24461122047244094,159,True,127,128,32,32,0,"[159, 40, 8]",0,True,32,True,128,159,32,0,0,32,"[128, 40, 8]",1,False,5202632d6cddd6a01c88,expected_aligned_shape,Qwen/Qwen3.6-35B-A3B-FP8,ok,32,127,5080,1593,0.3135826771653543,5080,3596,0.7078740157480315,0,0.0,0.9302409926031974,4725.624242424243,0.9599409448818897,4876.5,Qwen/Qwen3.6-35B-A3B-FP8
summarization,40,127,8,40640,same_model,29593,0.7281742125984252,11047,0.2718257874015748,163,True,127,128,36,36,0,"[163, 40, 8]",0,True,36,True,128,163,36,0,0,36,"[128, 40, 8]",1,False,52354367b7055e4067de,expected_aligned_shape,Qwen/Qwen3.6-35B-A3B-FP8,ok,32,127,5080,1403,0.2761811023622047,5080,3322,0.6539370078740158,0,0.0,0.9149431321084863,4647.9111111111115,0.9508612204724409,4830.375,Qwen/Qwen3.6-35B-A3B-FP8
mixed_language,40,127,8,40640,same_model,29838,0.7342027559055118,10802,0.2657972440944882,159,True,127,128,32,32,0,"[159, 40, 8]",0,True,32,True,128,159,32,0,0,32,"[128, 40, 8]",1,False,52a81ab9d905d863c300,expected_aligned_shape,Qwen/Qwen3.6-35B-A3B-FP8,ok,32,127,5080,1499,0.2950787401574803,5080,3470,0.6830708661417323,0,0.0,0.9171084951793613,4658.911155511156,0.9501476377952756,4826.75,Qwen/Qwen3.6-35B-A3B-FP8
mixed_language,40,127,8,40640,same_model,30046,0.7393208661417323,10594,0.26067913385826774,159,True,127,128,32,32,0,"[159, 40, 8]",0,True,32,True,128,159,32,0,0,32,"[128, 40, 8]",1,False,52ae350b56d887041750,expected_aligned_shape,Qwen/Qwen3.6-35B-A3B-FP8,ok,32,127,5080,1523,0.2998031496062992,5080,3514,0.6917322834645669,0,0.0,0.9218413651090815,4682.954134754134,0.9540108267716535,4846.375,Qwen/Qwen3.6-35B-A3B-FP8
math_numeric,40,127,8,40640,same_model,28101,0.6914616141732284,12539,0.3085383858267717,159,True,127,128,32,32,0,"[159, 40, 8]",0,True,32,True,128,159,32,0,0,32,"[128, 40, 8]",1,False,52ec63a74226c3ca59f1,expected_aligned_shape,Qwen/Qwen3.6-35B-A3B-FP8,ok,32,127,5080,1279,0.2517716535433071,5080,3097,0.6096456692913386,0,0.0,0.8943125116353462,4543.107559107559,0.9360728346456693,4755.25,Qwen/Qwen3.6-35B-A3B-FP8
code,40,127,8,40640,same_model,29574,0.7277066929133859,11066,0.2722933070866142,166,True,127,128,39,39,0,"[166, 40, 8]",0,True,39,True,128,166,39,0,0,39,"[128, 40, 8]",1,False,52f1cb6b25e14ae20182,expected_aligned_shape,Qwen/Qwen3.6-35B-A3B-FP8,ok,32,127,5080,1408,0.27716535433070866,5080,3395,0.6683070866141733,0,0.0,0.9203443887695857,4675.349494949495,0.9542568897637795,4847.625,Qwen/Qwen3.6-35B-A3B-FP8
low_margin,40,127,8,40640,same_model,29404,0.7235236220472441,11236,0.2764763779527559,166,True,127,128,39,39,0,"[166, 40, 8]",0,True,39,True,128,166,39,0,0,39,"[128, 40, 8]",1,False,5356746cc1c277b556e8,expected_aligned_shape,Qwen/Qwen3.6-35B-A3B-FP8,ok,32,127,5080,1406,0.2767716535433071,5080,3362,0.6618110236220472,0,0.0,0.9169401552078716,4658.055988455989,0.9519685039370078,4836.0,Qwen/Qwen3.6-35B-A3B-FP8
json_structured,40,127,8,40640,same_model,30882,0.7598917322834645,9758,0.24010826771653543,167,True,127,128,40,40,0,"[167, 40, 8]",0,True,40,True,128,167,40,0,0,40,"[128, 40, 8]",1,False,5363db1324c2551555da,expected_aligned_shape,Qwen/Qwen3.6-35B-A3B-FP8,ok,32,127,5080,1680,0.33070866141732286,5080,3652,0.7188976377952756,0,0.0,0.9314034521908537,4731.529537129537,0.9602116141732283,4877.875,Qwen/Qwen3.6-35B-A3B-FP8
needle,40,127,8,40640,same_model,28855,0.7100147637795275,11785,0.28998523622047245,159,True,127,128,32,32,0,"[159, 40, 8]",0,True,32,True,128,159,32,0,0,32,"[128, 40, 8]",1,False,5372b90025ecc7c89d71,expected_aligned_shape,Qwen/Qwen3.6-35B-A3B-FP8,ok,32,127,5080,1325,0.2608267716535433,5080,3322,0.6539370078740158,0,0.0,0.9113595940367594,4629.706737706738,0.9479084645669291,4815.375,Qwen/Qwen3.6-35B-A3B-FP8
chat,40,127,8,40640,same_model,28651,0.7049950787401574,11989,0.2950049212598425,159,True,127,128,32,32,0,"[159, 40, 8]",0,True,32,True,128,159,32,0,0,32,"[128, 40, 8]",1,False,53c62ce91bf8daf3c227,expected_aligned_shape,Qwen/Qwen3.6-35B-A3B-FP8,ok,32,127,5080,1260,0.24803149606299213,5080,3203,0.6305118110236221,0,0.0,0.9089961744292453,4617.700566100566,0.947121062992126,4811.375,Qwen/Qwen3.6-35B-A3B-FP8
code,40,127,8,40640,same_model,29523,0.7264517716535434,11117,0.2735482283464567,159,True,127,128,32,32,0,"[159, 40, 8]",0,True,32,True,128,159,32,0,0,32,"[128, 40, 8]",1,False,542fa4892010bb7f7267,expected_aligned_shape,Qwen/Qwen3.6-35B-A3B-FP8,ok,32,127,5080,1439,0.2832677165354331,5080,3384,0.6661417322834645,0,0.0,0.9174231586436311,4660.509645909646,0.9518454724409449,4835.375,Qwen/Qwen3.6-35B-A3B-FP8
mixed_language,40,127,8,40640,same_model,29493,0.7257135826771653,11147,0.27428641732283465,159,True,127,128,32,32,0,"[159, 40, 8]",0,True,32,True,128,159,32,0,0,32,"[128, 40, 8]",1,False,546b10dcbb5d1cd53751,expected_aligned_shape,Qwen/Qwen3.6-35B-A3B-FP8,ok,32,127,5080,1488,0.2929133858267717,5080,3386,0.6665354330708662,0,0.0,0.9109490727994665,4627.62128982129,0.9451525590551181,4801.375,Qwen/Qwen3.6-35B-A3B-FP8
code,40,127,8,40640,same_model,29441,0.7244340551181102,11199,0.2755659448818898,166,True,127,128,39,39,0,"[166, 40, 8]",0,True,39,True,128,166,39,0,0,39,"[128, 40, 8]",1,False,54b2848c7ef398c72652,expected_aligned_shape,Qwen/Qwen3.6-35B-A3B-FP8,ok,32,127,5080,1432,0.28188976377952757,5080,3365,0.6624015748031497,0,0.0,0.9146556156004976,4646.450527250528,0.9496309055118111,4824.125,Qwen/Qwen3.6-35B-A3B-FP8
needle,40,127,8,40640,same_model,29314,0.7213090551181103,11326,0.2786909448818898,159,True,127,128,32,32,0,"[159, 40, 8]",0,True,32,True,128,159,32,0,0,32,"[128, 40, 8]",1,False,54bdfad0f40a1aaf3b85,expected_aligned_shape,Qwen/Qwen3.6-35B-A3B-FP8,ok,32,127,5080,1356,0.2669291338582677,5080,3317,0.6529527559055118,0,0.0,0.9142311669083322,4644.294327894328,0.9502952755905512,4827.5,Qwen/Qwen3.6-35B-A3B-FP8
chat,40,127,8,40640,same_model,30143,0.7417076771653544,10497,0.25829232283464565,159,True,127,128,32,32,0,"[159, 40, 8]",0,True,32,True,128,159,32,0,0,32,"[128, 40, 8]",1,False,554e94bcafe28423c71f,expected_aligned_shape,Qwen/Qwen3.6-35B-A3B-FP8,ok,32,127,5080,1540,0.3031496062992126,5080,3557,0.7001968503937008,0,0.0,0.9285656688018893,4717.113597513598,0.9590551181102362,4872.0,Qwen/Qwen3.6-35B-A3B-FP8
json_structured,40,127,8,40640,same_model,28298,0.6963090551181103,12342,0.30369094488188975,159,True,127,128,32,32,0,"[159, 40, 8]",0,True,32,True,128,159,32,0,0,32,"[128, 40, 8]",1,False,55870432e125f8cb97d8,expected_aligned_shape,Qwen/Qwen3.6-35B-A3B-FP8,ok,32,127,5080,1218,0.23976377952755906,5080,3200,0.6299212598425197,0,0.0,0.9049553071600315,4597.17296037296,0.9438238188976378,4794.625,Qwen/Qwen3.6-35B-A3B-FP8
low_margin,40,127,8,40640,same_model,29892,0.7355314960629922,10748,0.2644685039370079,167,True,127,128,40,40,0,"[167, 40, 8]",0,True,40,True,128,167,40,0,0,40,"[128, 40, 8]",1,False,560d79fc74bfcd50cbde,expected_aligned_shape,Qwen/Qwen3.6-35B-A3B-FP8,ok,32,127,5080,1466,0.28858267716535435,5080,3445,0.6781496062992126,0,0.0,0.9227145470452557,4687.389898989899,0.9556102362204725,4854.5,Qwen/Qwen3.6-35B-A3B-FP8
low_margin,40,127,8,40640,same_model,31874,0.7843011811023622,8766,0.21569881889763778,166,True,127,128,39,39,0,"[166, 40, 8]",0,True,39,True,128,166,39,0,0,39,"[128, 40, 8]",1,False,562f5ed543ce4a206118,expected_aligned_shape,Qwen/Qwen3.6-35B-A3B-FP8,ok,32,127,5080,1885,0.37106299212598426,5080,3745,0.7372047244094488,0,0.0,0.938565974707707,4767.915151515152,0.9649852362204724,4902.125,Qwen/Qwen3.6-35B-A3B-FP8
json_structured,40,127,8,40640,same_model,27991,0.6887549212598425,12649,0.3112450787401575,159,True,127,128,32,32,0,"[159, 40, 8]",0,True,32,True,128,159,32,0,0,32,"[128, 40, 8]",1,False,5630de04f79e4bb72cb7,expected_aligned_shape,Qwen/Qwen3.6-35B-A3B-FP8,ok,32,127,5080,1159,0.2281496062992126,5080,3171,0.6242125984251968,0,0.0,0.903994583718993,4592.292485292485,0.943626968503937,4793.625,Qwen/Qwen3.6-35B-A3B-FP8
low_margin,40,127,8,40640,same_model,30518,0.7509350393700788,10122,0.24906496062992126,167,True,127,128,40,40,0,"[167, 40, 8]",0,True,40,True,128,167,40,0,0,40,"[128, 40, 8]",1,False,56477bd2ca116777e5c5,expected_aligned_shape,Qwen/Qwen3.6-35B-A3B-FP8,ok,32,127,5080,1606,0.3161417322834646,5080,3595,0.7076771653543307,0,0.0,0.9299109202258807,4723.947474747475,0.959744094488189,4875.5,Qwen/Qwen3.6-35B-A3B-FP8
short_qa,40,127,8,40640,same_model,29244,0.7195866141732283,11396,0.28041338582677167,159,True,127,128,32,32,0,"[159, 40, 8]",0,True,32,True,128,159,32,0,0,32,"[128, 40, 8]",1,False,572daf95c833baf0dcec,expected_aligned_shape,Qwen/Qwen3.6-35B-A3B-FP8,ok,32,127,5080,1391,0.27381889763779527,5080,3387,0.6667322834645669,0,0.0,0.9169016897363353,4657.860583860584,0.9513041338582677,4832.625,Qwen/Qwen3.6-35B-A3B-FP8
mixed_language,40,127,8,40640,same_model,30519,0.7509596456692913,10121,0.24904035433070867,159,True,127,128,32,32,0,"[159, 40, 8]",0,True,32,True,128,159,32,0,0,32,"[128, 40, 8]",1,False,5750a3c2228713c9691c,expected_aligned_shape,Qwen/Qwen3.6-35B-A3B-FP8,ok,32,127,5080,1599,0.3147637795275591,5080,3598,0.7082677165354331,0,0.0,0.9288530410971356,4718.573448773449,0.9587106299212599,4870.25,Qwen/Qwen3.6-35B-A3B-FP8
summarization,40,127,8,40640,same_model,29850,0.734498031496063,10790,0.265501968503937,159,True,127,128,32,32,0,"[159, 40, 8]",0,True,32,True,128,159,32,0,0,32,"[128, 40, 8]",1,False,5754022ce0fec55bb119,expected_aligned_shape,Qwen/Qwen3.6-35B-A3B-FP8,ok,32,127,5080,1511,0.29744094488188977,5080,3472,0.6834645669291338,0,0.0,0.9201897315283141,4674.563836163836,0.9532972440944882,4842.75,Qwen/Qwen3.6-35B-A3B-FP8
chat,40,127,8,40640,same_model,30055,0.7395423228346457,10585,0.26045767716535434,167,True,127,128,40,40,0,"[167, 40, 8]",0,True,40,True,128,167,40,0,0,40,"[128, 40, 8]",1,False,576abc56eb013481cc99,expected_aligned_shape,Qwen/Qwen3.6-35B-A3B-FP8,ok,32,127,5080,1502,0.29566929133858266,5080,3488,0.6866141732283465,0,0.0,0.9225993603946359,4686.804750804751,0.9549704724409449,4851.25,Qwen/Qwen3.6-35B-A3B-FP8
low_margin,40,127,8,40640,same_model,29283,0.7205462598425196,11357,0.2794537401574803,167,True,127,128,40,40,0,"[167, 40, 8]",0,True,40,True,128,167,40,0,0,40,"[128, 40, 8]",1,False,577f7dc3d68b30d7d530,expected_aligned_shape,Qwen/Qwen3.6-35B-A3B-FP8,ok,32,127,5080,1407,0.2769685039370079,5080,3338,0.6570866141732283,0,0.0,0.9159659588006044,4653.10707070707,0.9515255905511811,4833.75,Qwen/Qwen3.6-35B-A3B-FP8
json_structured,40,127,8,40640,same_model,30205,0.7432332677165354,10435,0.2567667322834646,167,True,127,128,40,40,0,"[167, 40, 8]",0,True,40,True,128,167,40,0,0,40,"[128, 40, 8]",1,False,57af939a4f6a2c71354f,expected_aligned_shape,Qwen/Qwen3.6-35B-A3B-FP8,ok,32,127,5080,1542,0.3035433070866142,5080,3569,0.7025590551181102,0,0.0,0.9258122979382821,4703.126473526473,0.956496062992126,4859.0,Qwen/Qwen3.6-35B-A3B-FP8
needle,40,127,8,40640,same_model,29159,0.7174950787401575,11481,0.2825049212598425,159,True,127,128,32,32,0,"[159, 40, 8]",0,True,32,True,128,159,32,0,0,32,"[128, 40, 8]",1,False,57d451e1c5ecea5de61e,expected_aligned_shape,Qwen/Qwen3.6-35B-A3B-FP8,ok,32,127,5080,1325,0.2608267716535433,5080,3297,0.6490157480314961,0,0.0,0.9151734791892272,4649.081274281274,0.9512303149606299,4832.25,Qwen/Qwen3.6-35B-A3B-FP8
chat,40,127,8,40640,same_model,29792,0.7330708661417323,10848,0.2669291338582677,159,True,127,128,32,32,0,"[159, 40, 8]",0,True,32,True,128,159,32,0,0,32,"[128, 40, 8]",1,False,57d5b15e2cfbc32b03b6,expected_aligned_shape,Qwen/Qwen3.6-35B-A3B-FP8,ok,32,127,5080,1462,0.2877952755905512,5080,3422,0.6736220472440945,0,0.0,0.9213149623779544,4680.280008880009,0.9545521653543307,4849.125,Qwen/Qwen3.6-35B-A3B-FP8
code,40,127,8,40640,same_model,29466,0.7250492125984253,11174,0.2749507874015748,166,True,127,128,39,39,0,"[166, 40, 8]",0,True,39,True,128,166,39,0,0,39,"[128, 40, 8]",1,False,57ddda820206cc96a7fb,expected_aligned_shape,Qwen/Qwen3.6-35B-A3B-FP8,ok,32,127,5080,1396,0.2748031496062992,5080,3357,0.6608267716535433,0,0.0,0.9161161585571035,4653.8700854700855,0.9510580708661417,4831.375,Qwen/Qwen3.6-35B-A3B-FP8
short_qa,40,127,8,40640,same_model,30936,0.7612204724409449,9704,0.23877952755905513,166,True,127,128,39,39,0,"[166, 40, 8]",0,True,39,True,128,166,39,0,0,39,"[128, 40, 8]",1,False,57e5edfe4bfdc595b137,expected_aligned_shape,Qwen/Qwen3.6-35B-A3B-FP8,ok,32,127,5080,1691,0.3328740157480315,5080,3608,0.710236220472441,0,0.0,0.9299417118314757,4724.103896103896,0.9595226377952756,4874.375,Qwen/Qwen3.6-35B-A3B-FP8
code,40,127,8,40640,same_model,28744,0.7072834645669291,11896,0.29271653543307086,159,True,127,128,32,32,0,"[159, 40, 8]",0,True,32,True,128,159,32,0,0,32,"[128, 40, 8]",1,False,582f0c06c4b95909a244,expected_aligned_shape,Qwen/Qwen3.6-35B-A3B-FP8,ok,32,127,5080,1312,0.25826771653543307,5080,3284,0.6464566929133858,0,0.0,0.9084626178720666,4614.990098790099,0.9456938976377953,4804.125,Qwen/Qwen3.6-35B-A3B-FP8
needle,40,127,8,40640,same_model,28265,0.6954970472440944,12375,0.3045029527559055,159,True,127,128,32,32,0,"[159, 40, 8]",0,True,32,True,128,159,32,0,0,32,"[128, 40, 8]",1,False,599a31b37ae05ff0a075,expected_aligned_shape,Qwen/Qwen3.6-35B-A3B-FP8,ok,32,127,5080,1219,0.23996062992125985,5080,3191,0.6281496062992126,0,0.0,0.9054273373171012,4599.570873570874,0.944611220472441,4798.625,Qwen/Qwen3.6-35B-A3B-FP8
math_numeric,40,127,8,40640,same_model,30609,0.7531742125984252,10031,0.2468257874015748,159,True,127,128,32,32,0,"[159, 40, 8]",0,True,32,True,128,159,32,0,0,32,"[128, 40, 8]",1,False,5a3c286bbd77c07c6f95,expected_aligned_shape,Qwen/Qwen3.6-35B-A3B-FP8,ok,32,127,5080,1605,0.3159448818897638,5080,3470,0.6830708661417323,0,0.0,0.9198727606601623,4672.953624153624,0.9530265748031496,4841.375,Qwen/Qwen3.6-35B-A3B-FP8
chat,40,127,8,40640,same_model,28950,0.7123523622047244,11690,0.2876476377952756,159,True,127,128,32,32,0,"[159, 40, 8]",0,True,32,True,128,159,32,0,0,32,"[128, 40, 8]",1,False,5a7f4b624dd1ca1761ad,expected_aligned_shape,Qwen/Qwen3.6-35B-A3B-FP8,ok,32,127,5080,1329,0.26161417322834646,5080,3250,0.639763779527559,0,0.0,0.9097224909823334,4621.390254190254,0.9475147637795276,4813.375,Qwen/Qwen3.6-35B-A3B-FP8
mixed_language,40,127,8,40640,same_model,30256,0.7444881889763779,10384,0.255511811023622,159,True,127,128,32,32,0,"[159, 40, 8]",0,True,32,True,128,159,32,0,0,32,"[128, 40, 8]",1,False,5ab0933af53af7ecae2c,expected_aligned_shape,Qwen/Qwen3.6-35B-A3B-FP8,ok,32,127,5080,1578,0.3106299212598425,5080,3555,0.6998031496062992,0,0.0,0.9249393563566792,4698.6919302919305,0.9560531496062992,4856.75,Qwen/Qwen3.6-35B-A3B-FP8
chat,40,127,8,40640,same_model,30086,0.7403051181102362,10554,0.2596948818897638,167,True,127,128,40,40,0,"[167, 40, 8]",0,True,40,True,128,167,40,0,0,40,"[128, 40, 8]",1,False,5ab1ae48cf3d0e3431f0,expected_aligned_shape,Qwen/Qwen3.6-35B-A3B-FP8,ok,32,127,5080,1512,0.29763779527559053,5080,3515,0.6919291338582677,0,0.0,0.925210371430844,4700.068686868687,0.9568897637795276,4861.0,Qwen/Qwen3.6-35B-A3B-FP8
mixed_language,40,127,8,40640,same_model,31396,0.7725393700787402,9244,0.22746062992125984,159,True,127,128,32,32,0,"[159, 40, 8]",0,True,32,True,128,159,32,0,0,32,"[128, 40, 8]",1,False,5ab8d349fa9b77ccf269,expected_aligned_shape,Qwen/Qwen3.6-35B-A3B-FP8,ok,32,127,5080,1729,0.3403543307086614,5080,3741,0.7364173228346457,0,0.0,0.937889922850553,4764.480808080808,0.9645177165354331,4899.75,Qwen/Qwen3.6-35B-A3B-FP8
needle,40,127,8,40640,same_model,29566,0.7275098425196851,11074,0.27249015748031497,159,True,127,128,32,32,0,"[159, 40, 8]",0,True,32,True,128,159,32,0,0,32,"[128, 40, 8]",1,False,5abaf978363d8e88c99e,expected_aligned_shape,Qwen/Qwen3.6-35B-A3B-FP8,ok,32,127,5080,1414,0.2783464566929134,5080,3424,0.6740157480314961,0,0.0,0.919651634454784,4671.830303030303,0.953494094488189,4843.75,Qwen/Qwen3.6-35B-A3B-FP8
code,40,127,8,40640,same_model,29531,0.7266486220472441,11109,0.2733513779527559,166,True,127,128,39,39,0,"[166, 40, 8]",0,True,39,True,128,166,39,0,0,39,"[128, 40, 8]",1,False,5b5d918703c22348809f,expected_aligned_shape,Qwen/Qwen3.6-35B-A3B-FP8,ok,32,127,5080,1425,0.28051181102362205,5080,3415,0.672244094488189,0,0.0,0.9196118448480655,4671.628171828172,0.9533956692913386,4843.25,Qwen/Qwen3.6-35B-A3B-FP8
summarization,40,127,8,40640,same_model,30263,0.7446604330708662,10377,0.25533956692913384,159,True,127,128,32,32,0,"[159, 40, 8]",0,True,32,True,128,159,32,0,0,32,"[128, 40, 8]",1,False,5b71b71b3bd4a0357b83,expected_aligned_shape,Qwen/Qwen3.6-35B-A3B-FP8,ok,32,127,5080,1580,0.3110236220472441,5080,3541,0.6970472440944881,0,0.0,0.9250810519314457,4699.411743811744,0.9563976377952756,4858.5,Qwen/Qwen3.6-35B-A3B-FP8
summarization,40,127,8,40640,same_model,31238,0.7686515748031496,9402,0.2313484251968504,167,True,127,128,40,40,0,"[167, 40, 8]",0,True,40,True,128,167,40,0,0,40,"[128, 40, 8]",1,False,5b841a26c13cf33684e6,expected_aligned_shape,Qwen/Qwen3.6-35B-A3B-FP8,ok,32,127,5080,1718,0.33818897637795275,5080,3689,0.7261811023622047,0,0.0,0.9339241598296717,4744.334731934732,0.9619340551181103,4886.625,Qwen/Qwen3.6-35B-A3B-FP8
json_structured,40,127,8,40640,same_model,31228,0.7684055118110236,9412,0.23159448818897638,167,True,127,128,40,40,0,"[167, 40, 8]",0,True,40,True,128,167,40,0,0,40,"[128, 40, 8]",1,False,5bb673414bc8cc2d2e9e,expected_aligned_shape,Qwen/Qwen3.6-35B-A3B-FP8,ok,32,127,5080,1776,0.34960629921259845,5080,3734,0.7350393700787402,0,0.0,0.9351584024024969,4750.604684204684,0.9624015748031496,4889.0,Qwen/Qwen3.6-35B-A3B-FP8
chat,40,127,8,40640,same_model,30099,0.740625,10541,0.259375,159,True,127,128,32,32,0,"[159, 40, 8]",0,True,32,True,128,159,32,0,0,32,"[128, 40, 8]",1,False,5bb9a04de1014f32efd5,expected_aligned_shape,Qwen/Qwen3.6-35B-A3B-FP8,ok,32,127,5080,1457,0.28681102362204725,5080,3486,0.6862204724409449,0,0.0,0.9258824465123676,4703.482828282828,0.9576525590551181,4864.875,Qwen/Qwen3.6-35B-A3B-FP8
logs,40,114,8,36480,same_model,29056,0.7964912280701755,7424,0.20350877192982456,146,True,114,115,32,32,0,"[146, 40, 8]",0,True,32,True,115,146,32,0,0,32,"[115, 40, 8]",1,False,5bcb6e9f461feb294c87,expected_aligned_shape,Qwen/Qwen3.6-35B-A3B-FP8,ok,32,114,4560,1758,0.38552631578947366,4560,3522,0.7723684210526316,0,0.0,0.9472993088782563,4319.684848484849,0.9700383771929825,4423.375,Qwen/Qwen3.6-35B-A3B-FP8
json_structured,40,127,8,40640,same_model,29786,0.7329232283464567,10854,0.2670767716535433,167,True,127,128,40,40,0,"[167, 40, 8]",0,True,40,True,128,167,40,0,0,40,"[128, 40, 8]",1,False,5c3e9712863ad17fe87b,expected_aligned_shape,Qwen/Qwen3.6-35B-A3B-FP8,ok,32,127,5080,1449,0.28523622047244096,5080,3412,0.6716535433070866,0,0.0,0.9200238606537819,4673.721212121212,0.9537893700787402,4845.25,Qwen/Qwen3.6-35B-A3B-FP8
chat,40,127,8,40640,same_model,30137,0.7415600393700787,10503,0.25843996062992125,167,True,127,128,40,40,0,"[167, 40, 8]",0,True,40,True,128,167,40,0,0,40,"[128, 40, 8]",1,False,5cc3b2ea8220fee25c5a,expected_aligned_shape,Qwen/Qwen3.6-35B-A3B-FP8,ok,32,127,5080,1510,0.297244094488189,5080,3517,0.6923228346456692,0,0.0,0.9261807046846416,4704.9979797979795,0.9576279527559055,4864.75,Qwen/Qwen3.6-35B-A3B-FP8
mixed_language,40,99,8,31680,same_model,24843,0.784185606060606,6837,0.21581439393939394,131,True,99,100,32,32,0,"[131, 40, 8]",0,True,32,True,100,131,32,0,0,32,"[100, 40, 8]",1,False,5ccc53138865441b7e9c,expected_aligned_shape,Qwen/Qwen3.6-35B-A3B-FP8,ok,32,99,3960,1449,0.3659090909090909,3960,2937,0.7416666666666667,0,0.0,0.9399622487501276,3722.250505050505,0.965814393939394,3824.625,Qwen/Qwen3.6-35B-A3B-FP8
needle,40,127,8,40640,same_model,29516,0.7262795275590551,11124,0.2737204724409449,159,True,127,128,32,32,0,"[159, 40, 8]",0,True,32,True,128,159,32,0,0,32,"[128, 40, 8]",1,False,5ce1aa69b2eabf0ab880,expected_aligned_shape,Qwen/Qwen3.6-35B-A3B-FP8,ok,32,127,5080,1388,0.2732283464566929,5080,3445,0.6781496062992126,0,0.0,0.9219403606017779,4683.457031857032,0.9550442913385827,4851.625,Qwen/Qwen3.6-35B-A3B-FP8
low_margin,40,127,8,40640,same_model,31165,0.76685531496063,9475,0.23314468503937008,166,True,127,128,39,39,0,"[166, 40, 8]",0,True,39,True,128,166,39,0,0,39,"[128, 40, 8]",1,False,5d6436da268b099bc9ae,expected_aligned_shape,Qwen/Qwen3.6-35B-A3B-FP8,ok,32,127,5080,1676,0.3299212598425197,5080,3753,0.7387795275590551,0,0.0,0.9376787560645828,4763.408080808081,0.9639517716535433,4896.875,Qwen/Qwen3.6-35B-A3B-FP8
code,40,127,8,40640,same_model,28691,0.7059793307086614,11949,0.2940206692913386,159,True,127,128,32,32,0,"[159, 40, 8]",0,True,32,True,128,159,32,0,0,32,"[128, 40, 8]",1,False,5d954451505bcd01a0b6,expected_aligned_shape,Qwen/Qwen3.6-35B-A3B-FP8,ok,32,127,5080,1332,0.2622047244094488,5080,3186,0.6271653543307086,0,0.0,0.900360614888174,4573.831923631924,0.9398375984251969,4774.375,Qwen/Qwen3.6-35B-A3B-FP8
json_structured,40,127,8,40640,same_model,28803,0.7087352362204724,11837,0.29126476377952754,159,True,127,128,32,32,0,"[159, 40, 8]",0,True,32,True,128,159,32,0,0,32,"[128, 40, 8]",1,False,5dc2433ac93e3f045e6f,expected_aligned_shape,Qwen/Qwen3.6-35B-A3B-FP8,ok,32,127,5080,1350,0.265748031496063,5080,3331,0.6557086614173229,0,0.0,0.9111287050657129,4628.533821733822,0.9471948818897638,4811.75,Qwen/Qwen3.6-35B-A3B-FP8
json_structured,40,127,8,40640,same_model,29032,0.7143700787401575,11608,0.28562992125984255,159,True,127,128,32,32,0,"[159, 40, 8]",0,True,32,True,128,159,32,0,0,32,"[128, 40, 8]",1,False,5dec9ebe264afa9af17b,expected_aligned_shape,Qwen/Qwen3.6-35B-A3B-FP8,ok,32,127,5080,1384,0.27244094488188975,5080,3298,0.6492125984251969,0,0.0,0.9133926790619704,4640.03480963481,0.9498031496062992,4825.0,Qwen/Qwen3.6-35B-A3B-FP8
needle,40,127,8,40640,same_model,29532,0.7266732283464566,11108,0.2733267716535433,159,True,127,128,32,32,0,"[159, 40, 8]",0,True,32,True,128,159,32,0,0,32,"[128, 40, 8]",1,False,5e4285f7c6a076ba71ba,expected_aligned_shape,Qwen/Qwen3.6-35B-A3B-FP8,ok,32,127,5080,1416,0.27874015748031494,5080,3361,0.6616141732283465,0,0.0,0.9161963058813453,4654.277233877234,0.9513533464566929,4832.875,Qwen/Qwen3.6-35B-A3B-FP8
math_numeric,40,127,8,40640,same_model,25195,0.6199557086614174,15445,0.3800442913385827,159,True,127,128,32,32,0,"[159, 40, 8]",0,True,32,True,128,159,32,0,0,32,"[128, 40, 8]",1,False,5e60c1c8b6ea2c098870,expected_aligned_shape,Qwen/Qwen3.6-35B-A3B-FP8,ok,32,127,5080,959,0.1887795275590551,5080,2671,0.5257874015748032,0,0.0,0.8537149027700209,4336.871706071706,0.9074064960629922,4609.625,Qwen/Qwen3.6-35B-A3B-FP8
needle,40,127,8,40640,same_model,29450,0.7246555118110236,11190,0.2753444881889764,159,True,127,128,32,32,0,"[159, 40, 8]",0,True,32,True,128,159,32,0,0,32,"[128, 40, 8]",1,False,5ec469aa0ce5140ec633,expected_aligned_shape,Qwen/Qwen3.6-35B-A3B-FP8,ok,32,127,5080,1394,0.2744094488188976,5080,3420,0.6732283464566929,0,0.0,0.9198051642146132,4672.610234210234,0.9534202755905512,4843.375,Qwen/Qwen3.6-35B-A3B-FP8
math_numeric,40,127,8,40640,same_model,19599,0.48225885826771653,21041,0.5177411417322835,159,True,127,128,32,32,0,"[159, 40, 8]",0,True,32,True,128,159,32,0,0,32,"[128, 40, 8]",1,False,5f2bea854f44d77c4f9e,expected_aligned_shape,Qwen/Qwen3.6-35B-A3B-FP8,ok,32,127,5080,320,0.06299212598425197,5080,1653,0.3253937007874016,0,0.0,0.7725039483700901,3924.320057720058,0.8496062992125984,4316.0,Qwen/Qwen3.6-35B-A3B-FP8
low_margin,40,127,8,40640,same_model,30323,0.7461368110236221,10317,0.25386318897637794,167,True,127,128,40,40,0,"[167, 40, 8]",0,True,40,True,128,167,40,0,0,40,"[128, 40, 8]",1,False,5fa103d525773692e93e,expected_aligned_shape,Qwen/Qwen3.6-35B-A3B-FP8,ok,32,127,5080,1563,0.3076771653543307,5080,3544,0.6976377952755906,0,0.0,0.926662873434527,4707.447397047397,0.9577509842519685,4865.375,Qwen/Qwen3.6-35B-A3B-FP8
mixed_language,40,127,8,40640,same_model,31474,0.7744586614173228,9166,0.22554133858267716,159,True,127,128,32,32,0,"[159, 40, 8]",0,True,32,True,128,159,32,0,0,32,"[128, 40, 8]",1,False,60211dc01512519f5f6c,expected_aligned_shape,Qwen/Qwen3.6-35B-A3B-FP8,ok,32,127,5080,1757,0.34586614173228347,5080,3735,0.735236220472441,0,0.0,0.9375220492543327,4762.61201021201,0.9642224409448819,4898.25,Qwen/Qwen3.6-35B-A3B-FP8
summarization,40,127,8,40640,same_model,30595,0.7528297244094488,10045,0.2471702755905512,159,True,127,128,32,32,0,"[159, 40, 8]",0,True,32,True,128,159,32,0,0,32,"[128, 40, 8]",1,False,60794c5d59c308b41cfb,expected_aligned_shape,Qwen/Qwen3.6-35B-A3B-FP8,ok,32,127,5080,1633,0.3214566929133858,5080,3595,0.7076771653543307,0,0.0,0.9291267000715819,4719.963636363636,0.959128937007874,4872.375,Qwen/Qwen3.6-35B-A3B-FP8
summarization,40,127,8,40640,same_model,30263,0.7446604330708662,10377,0.25533956692913384,159,True,127,128,32,32,0,"[159, 40, 8]",0,True,32,True,128,159,32,0,0,32,"[128, 40, 8]",1,False,60a014ca03d8b7493ef2,expected_aligned_shape,Qwen/Qwen3.6-35B-A3B-FP8,ok,32,127,5080,1568,0.30866141732283464,5080,3481,0.6852362204724409,0,0.0,0.9236848802990536,4692.319191919192,0.9561023622047244,4857.0,Qwen/Qwen3.6-35B-A3B-FP8
logs,40,127,8,40640,same_model,30874,0.7596948818897638,9766,0.24030511811023622,159,True,127,128,32,32,0,"[159, 40, 8]",0,True,32,True,128,159,32,0,0,32,"[128, 40, 8]",1,False,60c5a4f41ae1be2940ff,expected_aligned_shape,Qwen/Qwen3.6-35B-A3B-FP8,ok,32,127,5080,1679,0.33051181102362204,5080,3611,0.7108267716535434,0,0.0,0.9316018452238924,4732.537373737374,0.9609005905511812,4881.375,Qwen/Qwen3.6-35B-A3B-FP8
logs,40,127,8,40640,same_model,29973,0.7375246062992126,10667,0.2624753937007874,159,True,127,128,32,32,0,"[159, 40, 8]",0,True,32,True,128,159,32,0,0,32,"[128, 40, 8]",1,False,60da264064e9ae3d6aff,expected_aligned_shape,Qwen/Qwen3.6-35B-A3B-FP8,ok,32,127,5080,1499,0.2950787401574803,5080,3564,0.7015748031496063,0,0.0,0.9277090713311185,4712.762082362083,0.9583415354330709,4868.375,Qwen/Qwen3.6-35B-A3B-FP8
short_qa,40,127,8,40640,same_model,28652,0.7050196850393701,11988,0.29498031496062993,159,True,127,128,32,32,0,"[159, 40, 8]",0,True,32,True,128,159,32,0,0,32,"[128, 40, 8]",1,False,618efcb627bbc74f53f2,expected_aligned_shape,Qwen/Qwen3.6-35B-A3B-FP8,ok,32,127,5080,1336,0.262992125984252,5080,3218,0.6334645669291339,0,0.0,0.907039155070651,4607.758907758908,0.9457185039370078,4804.25,Qwen/Qwen3.6-35B-A3B-FP8
logs,40,18,8,5760,same_model,3806,0.6607638888888889,1954,0.3392361111111111,50,True,18,19,32,32,0,"[50, 40, 8]",0,True,32,True,19,50,32,0,0,32,"[19, 40, 8]",1,False,61aa77e345b1f02cbb13,expected_aligned_shape,Qwen/Qwen3.6-35B-A3B-FP8,ok,32,18,720,140,0.19444444444444445,720,435,0.6041666666666666,0,0.0,0.8980518863852197,646.5973581973582,0.9395833333333333,676.5,Qwen/Qwen3.6-35B-A3B-FP8
code,40,127,8,40640,same_model,29870,0.7349901574803149,10770,0.265009842519685,166,True,127,128,39,39,0,"[166, 40, 8]",0,True,39,True,128,166,39,0,0,39,"[128, 40, 8]",1,False,61d3849a193f9e7cabb2,expected_aligned_shape,Qwen/Qwen3.6-35B-A3B-FP8,ok,32,127,5080,1462,0.2877952755905512,5080,3443,0.677755905511811,0,0.0,0.9195270259049786,4671.197291597292,0.9531496062992126,4842.0,Qwen/Qwen3.6-35B-A3B-FP8
needle,40,127,8,40640,same_model,29236,0.7193897637795276,11404,0.28061023622047243,159,True,127,128,32,32,0,"[159, 40, 8]",0,True,32,True,128,159,32,0,0,32,"[128, 40, 8]",1,False,61dad56979eb7448dc31,expected_aligned_shape,Qwen/Qwen3.6-35B-A3B-FP8,ok,32,127,5080,1349,0.2655511811023622,5080,3297,0.6490157480314961,0,0.0,0.9132989757399207,4639.558796758797,0.9495324803149606,4823.625,Qwen/Qwen3.6-35B-A3B-FP8
code,40,127,8,40640,same_model,29752,0.7320866141732284,10888,0.26791338582677166,159,True,127,128,32,32,0,"[159, 40, 8]",0,True,32,True,128,159,32,0,0,32,"[128, 40, 8]",1,False,62206ac3511509952e6a,expected_aligned_shape,Qwen/Qwen3.6-35B-A3B-FP8,ok,32,127,5080,1487,0.29271653543307086,5080,3436,0.6763779527559055,0,0.0,0.9214459556191842,4680.945454545455,0.9547736220472441,4850.25,Qwen/Qwen3.6-35B-A3B-FP8
short_qa,40,127,8,40640,same_model,28734,0.7070374015748031,11906,0.29296259842519684,159,True,127,128,32,32,0,"[159, 40, 8]",0,True,32,True,128,159,32,0,0,32,"[128, 40, 8]",1,False,62349ed5700df0f9b090,expected_aligned_shape,Qwen/Qwen3.6-35B-A3B-FP8,ok,32,127,5080,1289,0.253740157480315,5080,3302,0.65,0,0.0,0.9135533407974353,4640.850971250971,0.9499753937007874,4825.875,Qwen/Qwen3.6-35B-A3B-FP8
math_numeric,40,127,8,40640,same_model,22481,0.5531742125984253,18159,0.4468257874015748,159,True,127,128,32,32,0,"[159, 40, 8]",0,True,32,True,128,159,32,0,0,32,"[128, 40, 8]",1,False,625ba97508abd5ba47b3,expected_aligned_shape,Qwen/Qwen3.6-35B-A3B-FP8,ok,32,127,5080,501,0.09862204724409449,5080,2225,0.43799212598425197,0,0.0,0.8324626117539503,4228.910067710068,0.8947096456692913,4545.125,Qwen/Qwen3.6-35B-A3B-FP8
code,40,127,8,40640,same_model,29978,0.7376476377952756,10662,0.2623523622047244,159,True,127,128,32,32,0,"[159, 40, 8]",0,True,32,True,128,159,32,0,0,32,"[128, 40, 8]",1,False,635a84b1fcccb143191a,expected_aligned_shape,Qwen/Qwen3.6-35B-A3B-FP8,ok,32,127,5080,1591,0.31318897637795273,5080,3502,0.6893700787401574,0,0.0,0.9181338871102651,4664.120146520147,0.950615157480315,4829.125,Qwen/Qwen3.6-35B-A3B-FP8
short_qa,40,127,8,40640,same_model,28987,0.7132627952755906,11653,0.28673720472440944,159,True,127,128,32,32,0,"[159, 40, 8]",0,True,32,True,128,159,32,0,0,32,"[128, 40, 8]",1,False,63e60c51c3ab97ae4333,expected_aligned_shape,Qwen/Qwen3.6-35B-A3B-FP8,ok,32,127,5080,1372,0.2700787401574803,5080,3260,0.6417322834645669,0,0.0,0.9102016837056206,4623.824553224553,0.9475147637795276,4813.375,Qwen/Qwen3.6-35B-A3B-FP8
short_qa,40,127,8,40640,same_model,31784,0.7820866141732283,8856,0.21791338582677167,159,True,127,128,32,32,0,"[159, 40, 8]",0,True,32,True,128,159,32,0,0,32,"[128, 40, 8]",1,False,64538eda0671b21a41c4,expected_aligned_shape,Qwen/Qwen3.6-35B-A3B-FP8,ok,32,127,5080,1846,0.36338582677165354,5080,3824,0.752755905511811,0,0.0,0.9421585938121372,4786.165656565657,0.9670521653543307,4912.625,Qwen/Qwen3.6-35B-A3B-FP8
json_structured,40,127,8,40640,same_model,29918,0.7361712598425196,10722,0.2638287401574803,167,True,127,128,40,40,0,"[167, 40, 8]",0,True,40,True,128,167,40,0,0,40,"[128, 40, 8]",1,False,64564143259d7ae5b3d4,expected_aligned_shape,Qwen/Qwen3.6-35B-A3B-FP8,ok,32,127,5080,1476,0.2905511811023622,5080,3471,0.6832677165354331,0,0.0,0.9205577755577755,4676.4334998335,0.9532726377952756,4842.625,Qwen/Qwen3.6-35B-A3B-FP8
needle,40,127,8,40640,same_model,28528,0.7019685039370078,12112,0.2980314960629921,159,True,127,128,32,32,0,"[159, 40, 8]",0,True,32,True,128,159,32,0,0,32,"[128, 40, 8]",1,False,647c36c6afdb90483e6e,expected_aligned_shape,Qwen/Qwen3.6-35B-A3B-FP8,ok,32,127,5080,1257,0.24744094488188975,5080,3248,0.6393700787401575,0,0.0,0.9088829237254435,4617.125252525252,0.946382874015748,4807.625,Qwen/Qwen3.6-35B-A3B-FP8
chat,40,127,8,40640,same_model,29809,0.7334891732283465,10831,0.26651082677165355,167,True,127,128,40,40,0,"[167, 40, 8]",0,True,40,True,128,167,40,0,0,40,"[128, 40, 8]",1,False,648175fcca5e2556c1df,expected_aligned_shape,Qwen/Qwen3.6-35B-A3B-FP8,ok,32,127,5080,1474,0.29015748031496064,5080,3464,0.6818897637795276,0,0.0,0.9216198324859742,4681.828749028749,0.9546751968503937,4849.75,Qwen/Qwen3.6-35B-A3B-FP8
needle,40,127,8,40640,same_model,29134,0.7168799212598426,11506,0.2831200787401575,159,True,127,128,32,32,0,"[159, 40, 8]",0,True,32,True,128,159,32,0,0,32,"[128, 40, 8]",1,False,6491221fae4e7da9bb37,expected_aligned_shape,Qwen/Qwen3.6-35B-A3B-FP8,ok,32,127,5080,1337,0.26318897637795274,5080,3286,0.6468503937007875,0,0.0,0.9147602004294918,4646.981818181818,0.9510088582677165,4831.125,Qwen/Qwen3.6-35B-A3B-FP8
summarization,40,127,8,40640,same_model,31500,0.7750984251968503,9140,0.2249015748031496,167,True,127,128,40,40,0,"[167, 40, 8]",0,True,40,True,128,167,40,0,0,40,"[128, 40, 8]",1,False,649e0a93f32d42bfc05d,expected_aligned_shape,Qwen/Qwen3.6-35B-A3B-FP8,ok,32,127,5080,1800,0.3543307086614173,5080,3722,0.7326771653543307,0,0.0,0.9362538773562395,4756.169696969697,0.9634596456692913,4894.375,Qwen/Qwen3.6-35B-A3B-FP8
logs,40,127,8,40640,same_model,26961,0.6634104330708661,13679,0.33658956692913383,159,True,127,128,32,32,0,"[159, 40, 8]",0,True,32,True,128,159,32,0,0,32,"[128, 40, 8]",1,False,64bccc426add290c5c66,expected_aligned_shape,Qwen/Qwen3.6-35B-A3B-FP8,ok,32,127,5080,1134,0.2232283464566929,5080,2912,0.573228346456693,0,0.0,0.8767113026955546,4453.693417693417,0.9236220472440945,4692.0,Qwen/Qwen3.6-35B-A3B-FP8
needle,40,127,8,40640,same_model,29400,0.7234251968503937,11240,0.2765748031496063,159,True,127,128,32,32,0,"[159, 40, 8]",0,True,32,True,128,159,32,0,0,32,"[128, 40, 8]",1,False,64c832a40bb0a8a5122b,expected_aligned_shape,Qwen/Qwen3.6-35B-A3B-FP8,ok,32,127,5080,1427,0.28090551181102363,5080,3404,0.6700787401574804,0,0.0,0.9173863538036766,4660.322677322677,0.9512795275590551,4832.5,Qwen/Qwen3.6-35B-A3B-FP8
logs,40,127,8,40640,same_model,28435,0.6996801181102362,12205,0.3003198818897638,159,True,127,128,32,32,0,"[159, 40, 8]",0,True,32,True,128,159,32,0,0,32,"[128, 40, 8]",1,False,64d31e3be638fe6fcbd5,expected_aligned_shape,Qwen/Qwen3.6-35B-A3B-FP8,ok,32,127,5080,1299,0.25570866141732285,5080,3217,0.6332677165354331,0,0.0,0.9063953981276818,4604.488622488622,0.9449557086614173,4800.375,Qwen/Qwen3.6-35B-A3B-FP8
low_margin,40,127,8,40640,same_model,29782,0.7328248031496063,10858,0.2671751968503937,166,True,127,128,39,39,0,"[166, 40, 8]",0,True,39,True,128,166,39,0,0,39,"[128, 40, 8]",1,False,64daa5bfff610e9e66ad,expected_aligned_shape,Qwen/Qwen3.6-35B-A3B-FP8,ok,32,127,5080,1435,0.2824803149606299,5080,3383,0.6659448818897638,0,0.0,0.9187955264333216,4667.481274281275,0.9531742125984252,4842.125,Qwen/Qwen3.6-35B-A3B-FP8
needle,40,127,8,40640,same_model,29143,0.7171013779527559,11497,0.2828986220472441,159,True,127,128,32,32,0,"[159, 40, 8]",0,True,32,True,128,159,32,0,0,32,"[128, 40, 8]",1,False,66e7499ea01736aa6aad,expected_aligned_shape,Qwen/Qwen3.6-35B-A3B-FP8,ok,32,127,5080,1309,0.2576771653543307,5080,3315,0.6525590551181102,0,0.0,0.9161576393859857,4654.080808080808,0.9518454724409449,4835.375,Qwen/Qwen3.6-35B-A3B-FP8
math_numeric,40,127,8,40640,same_model,20357,0.5009104330708661,20283,0.49908956692913387,159,True,127,128,32,32,0,"[159, 40, 8]",0,True,32,True,128,159,32,0,0,32,"[128, 40, 8]",1,False,66f224dcb038a724920f,expected_aligned_shape,Qwen/Qwen3.6-35B-A3B-FP8,ok,32,127,5080,344,0.06771653543307087,5080,1785,0.3513779527559055,0,0.0,0.7894322781330655,4010.315972915973,0.8637795275590551,4388.0,Qwen/Qwen3.6-35B-A3B-FP8
logs,40,51,8,16320,same_model,12668,0.7762254901960784,3652,0.22377450980392158,83,True,51,52,32,32,0,"[83, 40, 8]",0,True,32,True,52,83,32,0,0,32,"[52, 40, 8]",1,False,66f56fe8b57a5be4db53,expected_aligned_shape,Qwen/Qwen3.6-35B-A3B-FP8,ok,32,51,2040,713,0.3495098039215686,2040,1520,0.7450980392156863,0,0.0,0.9402495543672016,1918.1090909090908,0.9659313725490196,1970.5,Qwen/Qwen3.6-35B-A3B-FP8
needle,40,127,8,40640,same_model,29356,0.7223425196850394,11284,0.2776574803149606,159,True,127,128,32,32,0,"[159, 40, 8]",0,True,32,True,128,159,32,0,0,32,"[128, 40, 8]",1,False,67345eef265eb7d10e43,expected_aligned_shape,Qwen/Qwen3.6-35B-A3B-FP8,ok,32,127,5080,1421,0.2797244094488189,5080,3400,0.6692913385826772,0,0.0,0.9190035161688705,4668.537862137862,0.9529773622047244,4841.125,Qwen/Qwen3.6-35B-A3B-FP8
logs,40,70,8,22400,same_model,15565,0.6948660714285714,6835,0.30513392857142857,102,True,70,71,32,32,0,"[102, 40, 8]",0,True,32,True,71,102,32,0,0,32,"[71, 40, 8]",1,False,675ce1bac13b9c77eba6,expected_aligned_shape,Qwen/Qwen3.6-35B-A3B-FP8,ok,32,70,2800,673,0.24035714285714285,2800,1794,0.6407142857142857,0,0.0,0.9103068043068044,2548.859052059052,0.9479017857142857,2654.125,Qwen/Qwen3.6-35B-A3B-FP8
math_numeric,40,127,8,40640,same_model,29646,0.729478346456693,10994,0.2705216535433071,159,True,127,128,32,32,0,"[159, 40, 8]",0,True,32,True,128,159,32,0,0,32,"[128, 40, 8]",1,False,681642b7dbd11004c115,expected_aligned_shape,Qwen/Qwen3.6-35B-A3B-FP8,ok,32,127,5080,1456,0.2866141732283465,5080,3406,0.6704724409448819,0,0.0,0.916003161318122,4653.29605949606,0.9502706692913386,4827.375,Qwen/Qwen3.6-35B-A3B-FP8
short_qa,40,127,8,40640,same_model,29390,0.7231791338582677,11250,0.2768208661417323,159,True,127,128,32,32,0,"[159, 40, 8]",0,True,32,True,128,159,32,0,0,32,"[128, 40, 8]",1,False,68607053dacf386c2ddd,expected_aligned_shape,Qwen/Qwen3.6-35B-A3B-FP8,ok,32,127,5080,1430,0.281496062992126,5080,3370,0.6633858267716536,0,0.0,0.914464210330352,4645.478188478189,0.9495816929133858,4823.875,Qwen/Qwen3.6-35B-A3B-FP8
short_qa,40,127,8,40640,same_model,30651,0.7542076771653543,9989,0.24579232283464567,166,True,127,128,39,39,0,"[166, 40, 8]",0,True,39,True,128,166,39,0,0,39,"[128, 40, 8]",1,False,686174b9d82c11ff58c5,expected_aligned_shape,Qwen/Qwen3.6-35B-A3B-FP8,ok,32,127,5080,1628,0.32047244094488186,5080,3671,0.7226377952755906,0,0.0,0.9341326652350276,4745.393939393939,0.9622785433070866,4888.375,Qwen/Qwen3.6-35B-A3B-FP8
logs,40,127,8,40640,same_model,26505,0.6521899606299213,14135,0.34781003937007876,159,True,127,128,32,32,0,"[159, 40, 8]",0,True,32,True,128,159,32,0,0,32,"[128, 40, 8]",1,False,68cf4ae41e4a4e18968d,expected_aligned_shape,Qwen/Qwen3.6-35B-A3B-FP8,ok,32,127,5080,1143,0.225,5080,2904,0.5716535433070866,0,0.0,0.8694917068932816,4417.017871017871,0.9167814960629921,4657.25,Qwen/Qwen3.6-35B-A3B-FP8
json_structured,40,127,8,40640,same_model,28570,0.703001968503937,12070,0.296998031496063,159,True,127,128,32,32,0,"[159, 40, 8]",0,True,32,True,128,159,32,0,0,32,"[128, 40, 8]",1,False,691dadfbe89de16b8efd,expected_aligned_shape,Qwen/Qwen3.6-35B-A3B-FP8,ok,32,127,5080,1265,0.24901574803149606,5080,3244,0.6385826771653543,0,0.0,0.9108685889788253,4627.212432012432,0.9483021653543308,4817.375,Qwen/Qwen3.6-35B-A3B-FP8
code,40,127,8,40640,same_model,30025,0.7388041338582677,10615,0.2611958661417323,166,True,127,128,39,39,0,"[166, 40, 8]",0,True,39,True,128,166,39,0,0,39,"[128, 40, 8]",1,False,6922a8786e12ef51efb9,expected_aligned_shape,Qwen/Qwen3.6-35B-A3B-FP8,ok,32,127,5080,1443,0.2840551181102362,5080,3493,0.6875984251968504,0,0.0,0.9231662432056134,4689.684515484516,0.9550688976377952,4851.75,Qwen/Qwen3.6-35B-A3B-FP8
mixed_language,40,127,8,40640,same_model,31526,0.7757381889763779,9114,0.22426181102362205,159,True,127,128,32,32,0,"[159, 40, 8]",0,True,32,True,128,159,32,0,0,32,"[128, 40, 8]",1,False,694033e392836cbb1ca7,expected_aligned_shape,Qwen/Qwen3.6-35B-A3B-FP8,ok,32,127,5080,1824,0.3590551181102362,5080,3692,0.7267716535433071,0,0.0,0.9349065457726874,4749.325252525253,0.9627214566929134,4890.625,Qwen/Qwen3.6-35B-A3B-FP8
math_numeric,40,127,8,40640,same_model,30553,0.7517962598425196,10087,0.2482037401574803,159,True,127,128,32,32,0,"[159, 40, 8]",0,True,32,True,128,159,32,0,0,32,"[128, 40, 8]",1,False,69877842f87fc32699bb,expected_aligned_shape,Qwen/Qwen3.6-35B-A3B-FP8,ok,32,127,5080,1617,0.31830708661417323,5080,3481,0.6852362204724409,0,0.0,0.9225586574405472,4686.59797979798,0.9551673228346457,4852.25,Qwen/Qwen3.6-35B-A3B-FP8
code,40,127,8,40640,same_model,29656,0.7297244094488189,10984,0.2702755905511811,166,True,127,128,39,39,0,"[166, 40, 8]",0,True,39,True,128,166,39,0,0,39,"[128, 40, 8]",1,False,69bb6f61611966bb3ee3,expected_aligned_shape,Qwen/Qwen3.6-35B-A3B-FP8,ok,32,127,5080,1398,0.2751968503937008,5080,3426,0.6744094488188976,0,0.0,0.9210789910002508,4679.081274281274,0.9545767716535433,4849.25,Qwen/Qwen3.6-35B-A3B-FP8
needle,40,127,8,40640,same_model,27927,0.6871801181102363,12713,0.3128198818897638,159,True,127,128,32,32,0,"[159, 40, 8]",0,True,32,True,128,159,32,0,0,32,"[128, 40, 8]",1,False,69ccc9036a52d9a887e9,expected_aligned_shape,Qwen/Qwen3.6-35B-A3B-FP8,ok,32,127,5080,1224,0.2409448818897638,5080,3132,0.6165354330708661,0,0.0,0.8979435831010635,4561.553402153402,0.9387549212598425,4768.875,Qwen/Qwen3.6-35B-A3B-FP8
math_numeric,40,127,8,40640,same_model,29289,0.7206938976377952,11351,0.2793061023622047,159,True,127,128,32,32,0,"[159, 40, 8]",0,True,32,True,128,159,32,0,0,32,"[128, 40, 8]",1,False,6a0ce4764dcccddfaee9,expected_aligned_shape,Qwen/Qwen3.6-35B-A3B-FP8,ok,32,127,5080,1402,0.27598425196850396,5080,3362,0.6618110236220472,0,0.0,0.9143499020664375,4644.8975024975025,0.9496801181102362,4824.375,Qwen/Qwen3.6-35B-A3B-FP8
needle,40,127,8,40640,same_model,28642,0.7047736220472441,11998,0.2952263779527559,159,True,127,128,32,32,0,"[159, 40, 8]",0,True,32,True,128,159,32,0,0,32,"[128, 40, 8]",1,False,6a2aff23f5544a7af81f,expected_aligned_shape,Qwen/Qwen3.6-35B-A3B-FP8,ok,32,127,5080,1265,0.24901574803149606,5080,3177,0.6253937007874015,0,0.0,0.9078300570820257,4611.77668997669,0.9464074803149606,4807.75,Qwen/Qwen3.6-35B-A3B-FP8
mixed_language,40,127,8,40640,same_model,29761,0.7323080708661417,10879,0.26769192913385825,159,True,127,128,32,32,0,"[159, 40, 8]",0,True,32,True,128,159,32,0,0,32,"[128, 40, 8]",1,False,6a36b437749c80f32e46,expected_aligned_shape,Qwen/Qwen3.6-35B-A3B-FP8,ok,32,127,5080,1452,0.2858267716535433,5080,3455,0.6801181102362205,0,0.0,0.9170828384214212,4658.780819180819,0.9502214566929134,4827.125,Qwen/Qwen3.6-35B-A3B-FP8
chat,40,127,8,40640,same_model,29784,0.7328740157480315,10856,0.2671259842519685,166,True,127,128,39,39,0,"[166, 40, 8]",0,True,39,True,128,166,39,0,0,39,"[128, 40, 8]",1,False,6a7988b4b265b4e81ecf,expected_aligned_shape,Qwen/Qwen3.6-35B-A3B-FP8,ok,32,127,5080,1443,0.2840551181102362,5080,3496,0.6881889763779527,0,0.0,0.9231439426715017,4689.571228771229,0.955142716535433,4852.125,Qwen/Qwen3.6-35B-A3B-FP8
mixed_language,40,83,8,26560,same_model,20586,0.7750753012048193,5974,0.22492469879518073,115,True,83,84,32,32,0,"[115, 40, 8]",0,True,32,True,84,115,32,0,0,32,"[84, 40, 8]",1,False,6bc25b6c09aab8061747,expected_aligned_shape,Qwen/Qwen3.6-35B-A3B-FP8,ok,32,83,3320,1200,0.3614457831325301,3320,2393,0.7207831325301205,0,0.0,0.9347973713033954,3103.5272727272727,0.9628388554216868,3196.625,Qwen/Qwen3.6-35B-A3B-FP8
logs,40,127,8,40640,same_model,30343,0.746628937007874,10297,0.253371062992126,159,True,127,128,32,32,0,"[159, 40, 8]",0,True,32,True,128,159,32,0,0,32,"[128, 40, 8]",1,False,6bfa764cf50a09161751,expected_aligned_shape,Qwen/Qwen3.6-35B-A3B-FP8,ok,32,127,5080,1602,0.3153543307086614,5080,3541,0.6970472440944881,0,0.0,0.9268647100930565,4708.472727272727,0.9578986220472441,4866.125,Qwen/Qwen3.6-35B-A3B-FP8
low_margin,40,127,8,40640,same_model,31160,0.7667322834645669,9480,0.23326771653543307,166,True,127,128,39,39,0,"[166, 40, 8]",0,True,39,True,128,166,39,0,0,39,"[128, 40, 8]",1,False,6c186019ba6014af2732,expected_aligned_shape,Qwen/Qwen3.6-35B-A3B-FP8,ok,32,127,5080,1749,0.3442913385826772,5080,3726,0.7334645669291339,0,0.0,0.936755440534968,4758.717637917638,0.9637549212598425,4895.875,Qwen/Qwen3.6-35B-A3B-FP8
needle,40,127,8,40640,same_model,28243,0.6949557086614173,12397,0.3050442913385827,159,True,127,128,32,32,0,"[159, 40, 8]",0,True,32,True,128,159,32,0,0,32,"[128, 40, 8]",1,False,6c6243b51d3892ec1757,expected_aligned_shape,Qwen/Qwen3.6-35B-A3B-FP8,ok,32,127,5080,1281,0.25216535433070864,5080,3171,0.6242125984251968,0,0.0,0.9046577482010553,4595.661360861361,0.944242125984252,4796.75,Qwen/Qwen3.6-35B-A3B-FP8
summarization,40,127,8,40640,same_model,30867,0.7595226377952756,9773,0.2404773622047244,167,True,127,128,40,40,0,"[167, 40, 8]",0,True,40,True,128,167,40,0,0,40,"[128, 40, 8]",1,False,6c9d1a693268c2c187e6,expected_aligned_shape,Qwen/Qwen3.6-35B-A3B-FP8,ok,32,127,5080,1656,0.32598425196850395,5080,3622,0.712992125984252,0,0.0,0.9294365389640981,4721.537617937618,0.958882874015748,4871.125,Qwen/Qwen3.6-35B-A3B-FP8
math_numeric,40,127,8,40640,same_model,19294,0.474753937007874,21346,0.525246062992126,159,True,127,128,32,32,0,"[159, 40, 8]",0,True,32,True,128,159,32,0,0,32,"[128, 40, 8]",1,False,6cea5d5b7d7f59335fff,expected_aligned_shape,Qwen/Qwen3.6-35B-A3B-FP8,ok,32,127,5080,251,0.04940944881889764,5080,1630,0.32086614173228345,0,0.0,0.7704645485747846,3913.959906759907,0.846751968503937,4301.5,Qwen/Qwen3.6-35B-A3B-FP8
logs,40,127,8,40640,same_model,29914,0.7360728346456693,10726,0.2639271653543307,159,True,127,128,32,32,0,"[159, 40, 8]",0,True,32,True,128,159,32,0,0,32,"[128, 40, 8]",1,False,6d79d94bc17e5a51f1dc,expected_aligned_shape,Qwen/Qwen3.6-35B-A3B-FP8,ok,32,127,5080,1466,0.28858267716535435,5080,3444,0.6779527559055119,0,0.0,0.9224788160221231,4686.192385392385,0.9554625984251969,4853.75,Qwen/Qwen3.6-35B-A3B-FP8
short_qa,40,127,8,40640,same_model,30970,0.7620570866141733,9670,0.23794291338582677,159,True,127,128,32,32,0,"[159, 40, 8]",0,True,32,True,128,159,32,0,0,32,"[128, 40, 8]",1,False,6dae6da34a01e6f16a93,expected_aligned_shape,Qwen/Qwen3.6-35B-A3B-FP8,ok,32,127,5080,1646,0.3240157480314961,5080,3626,0.7137795275590552,0,0.0,0.932057583711127,4734.852525252525,0.9610974409448819,4882.375,Qwen/Qwen3.6-35B-A3B-FP8
code,40,127,8,40640,same_model,30038,0.7391240157480315,10602,0.2608759842519685,159,True,127,128,32,32,0,"[159, 40, 8]",0,True,32,True,128,159,32,0,0,32,"[128, 40, 8]",1,False,6dee65e8e51a78b80ab8,expected_aligned_shape,Qwen/Qwen3.6-35B-A3B-FP8,ok,32,127,5080,1525,0.3001968503937008,5080,3445,0.6781496062992126,0,0.0,0.9197352166643505,4672.254900654901,0.9532726377952756,4842.625,Qwen/Qwen3.6-35B-A3B-FP8
math_numeric,40,127,8,40640,same_model,30624,0.7535433070866142,10016,0.24645669291338582,159,True,127,128,32,32,0,"[159, 40, 8]",0,True,32,True,128,159,32,0,0,32,"[128, 40, 8]",1,False,6dfdd40485f50cb29df5,expected_aligned_shape,Qwen/Qwen3.6-35B-A3B-FP8,ok,32,127,5080,1683,0.3312992125984252,5080,3545,0.6978346456692913,0,0.0,0.9256200405019303,4702.149805749806,0.9565206692913386,4859.125,Qwen/Qwen3.6-35B-A3B-FP8
logs,40,127,8,40640,same_model,29740,0.7317913385826772,10900,0.26820866141732286,159,True,127,128,32,32,0,"[159, 40, 8]",0,True,32,True,128,159,32,0,0,32,"[128, 40, 8]",1,False,6e24f66afea06ab899ca,expected_aligned_shape,Qwen/Qwen3.6-35B-A3B-FP8,ok,32,127,5080,1507,0.2966535433070866,5080,3458,0.6807086614173228,0,0.0,0.9218054561361649,4682.771717171717,0.9548720472440945,4850.75,Qwen/Qwen3.6-35B-A3B-FP8
needle,40,127,8,40640,same_model,29194,0.7183562992125985,11446,0.2816437007874016,159,True,127,128,32,32,0,"[159, 40, 8]",0,True,32,True,128,159,32,0,0,32,"[128, 40, 8]",1,False,6eadddab5a9d6357f016,expected_aligned_shape,Qwen/Qwen3.6-35B-A3B-FP8,ok,32,127,5080,1349,0.2655511811023622,5080,3366,0.6625984251968504,0,0.0,0.9185413186987988,4666.189898989899,0.9531988188976378,4842.25,Qwen/Qwen3.6-35B-A3B-FP8
short_qa,40,127,8,40640,same_model,29572,0.7276574803149606,11068,0.27234251968503936,159,True,127,128,32,32,0,"[159, 40, 8]",0,True,32,True,128,159,32,0,0,32,"[128, 40, 8]",1,False,6ff617258d39033f385d,expected_aligned_shape,Qwen/Qwen3.6-35B-A3B-FP8,ok,32,127,5080,1453,0.2860236220472441,5080,3376,0.6645669291338583,0,0.0,0.9174515598137647,4660.6539238539235,0.9522391732283465,4837.375,Qwen/Qwen3.6-35B-A3B-FP8
low_margin,40,127,8,40640,same_model,30632,0.753740157480315,10008,0.24625984251968505,166,True,127,128,39,39,0,"[166, 40, 8]",0,True,39,True,128,166,39,0,0,39,"[128, 40, 8]",1,False,70089cae37454b48fcb1,expected_aligned_shape,Qwen/Qwen3.6-35B-A3B-FP8,ok,32,127,5080,1614,0.3177165354330709,5080,3534,0.6956692913385827,0,0.0,0.9263474233552974,4705.844910644911,0.9575787401574803,4864.5,Qwen/Qwen3.6-35B-A3B-FP8
summarization,40,127,8,40640,same_model,31194,0.7675688976377952,9446,0.2324311023622047,163,True,127,128,36,36,0,"[163, 40, 8]",0,True,36,True,128,163,36,0,0,36,"[128, 40, 8]",1,False,700c237a8f3d293ac64c,expected_aligned_shape,Qwen/Qwen3.6-35B-A3B-FP8,ok,32,127,5080,1770,0.3484251968503937,5080,3679,0.7242125984251968,0,0.0,0.9342707292707294,4746.095304695305,0.9621801181102362,4887.875,Qwen/Qwen3.6-35B-A3B-FP8
code,40,127,8,40640,same_model,28555,0.702632874015748,12085,0.29736712598425197,159,True,127,128,32,32,0,"[159, 40, 8]",0,True,32,True,128,159,32,0,0,32,"[128, 40, 8]",1,False,70421ea8c307cc90eae3,expected_aligned_shape,Qwen/Qwen3.6-35B-A3B-FP8,ok,32,127,5080,1307,0.25728346456692913,5080,3163,0.6226377952755906,0,0.0,0.8931450177119469,4537.17668997669,0.932898622047244,4739.125,Qwen/Qwen3.6-35B-A3B-FP8
mixed_language,40,127,8,40640,same_model,30509,0.7507135826771654,10131,0.24928641732283466,159,True,127,128,32,32,0,"[159, 40, 8]",0,True,32,True,128,159,32,0,0,32,"[128, 40, 8]",1,False,7086e023532b893d4bae,expected_aligned_shape,Qwen/Qwen3.6-35B-A3B-FP8,ok,32,127,5080,1610,0.3169291338582677,5080,3561,0.7009842519685039,0,0.0,0.9247620577148137,4697.791253191253,0.9557332677165354,4855.125,Qwen/Qwen3.6-35B-A3B-FP8
short_qa,40,127,8,40640,same_model,29933,0.7365403543307086,10707,0.26345964566929136,159,True,127,128,32,32,0,"[159, 40, 8]",0,True,32,True,128,159,32,0,0,32,"[128, 40, 8]",1,False,70d62d059b3550948736,expected_aligned_shape,Qwen/Qwen3.6-35B-A3B-FP8,ok,32,127,5080,1521,0.29940944881889764,5080,3457,0.680511811023622,0,0.0,0.9214440240424493,4680.935642135642,0.9544291338582677,4848.5,Qwen/Qwen3.6-35B-A3B-FP8
mixed_language,40,127,8,40640,same_model,30141,0.7416584645669292,10499,0.25834153543307087,159,True,127,128,32,32,0,"[159, 40, 8]",0,True,32,True,128,159,32,0,0,32,"[128, 40, 8]",1,False,71015818094f5c36db00,expected_aligned_shape,Qwen/Qwen3.6-35B-A3B-FP8,ok,32,127,5080,1613,0.31751968503937006,5080,3479,0.6848425196850394,0,0.0,0.9198969359599283,4673.0764346764345,0.9524852362204724,4838.625,Qwen/Qwen3.6-35B-A3B-FP8
needle,40,127,8,40640,same_model,29052,0.7148622047244094,11588,0.2851377952755906,159,True,127,128,32,32,0,"[159, 40, 8]",0,True,32,True,128,159,32,0,0,32,"[128, 40, 8]",1,False,717a2dc5a64244109a91,expected_aligned_shape,Qwen/Qwen3.6-35B-A3B-FP8,ok,32,127,5080,1345,0.26476377952755903,5080,3349,0.659251968503937,0,0.0,0.9175240594925633,4661.022222222222,0.9526082677165354,4839.25,Qwen/Qwen3.6-35B-A3B-FP8
short_qa,40,127,8,40640,same_model,28698,0.7061515748031496,11942,0.2938484251968504,159,True,127,128,32,32,0,"[159, 40, 8]",0,True,32,True,128,159,32,0,0,32,"[128, 40, 8]",1,False,71dc0a1bd2869b85e777,expected_aligned_shape,Qwen/Qwen3.6-35B-A3B-FP8,ok,32,127,5080,1325,0.2608267716535433,5080,3292,0.6480314960629922,0,0.0,0.9094370065629909,4619.939993339994,0.9464074803149606,4807.75,Qwen/Qwen3.6-35B-A3B-FP8
code,40,127,8,40640,same_model,29344,0.7220472440944882,11296,0.27795275590551183,159,True,127,128,32,32,0,"[159, 40, 8]",0,True,32,True,128,159,32,0,0,32,"[128, 40, 8]",1,False,71ec93e425ed671ae88b,expected_aligned_shape,Qwen/Qwen3.6-35B-A3B-FP8,ok,32,127,5080,1370,0.26968503937007876,5080,3359,0.6612204724409448,0,0.0,0.9126260965631044,4636.1405705405705,0.9480068897637796,4815.875,Qwen/Qwen3.6-35B-A3B-FP8
chat,40,127,8,40640,same_model,29264,0.7200787401574803,11376,0.2799212598425197,159,True,127,128,32,32,0,"[159, 40, 8]",0,True,32,True,128,159,32,0,0,32,"[128, 40, 8]",1,False,71f95c9f88e7f7e702d9,expected_aligned_shape,Qwen/Qwen3.6-35B-A3B-FP8,ok,32,127,5080,1357,0.2671259842519685,5080,3387,0.6667322834645669,0,0.0,0.91803806866799,4663.633388833389,0.9523622047244095,4838.0,Qwen/Qwen3.6-35B-A3B-FP8
needle,40,127,8,40640,same_model,29879,0.7352116141732283,10761,0.26478838582677167,159,True,127,128,32,32,0,"[159, 40, 8]",0,True,32,True,128,159,32,0,0,32,"[128, 40, 8]",1,False,72245f886f83f6bf4433,expected_aligned_shape,Qwen/Qwen3.6-35B-A3B-FP8,ok,32,127,5080,1494,0.2940944881889764,5080,3491,0.6872047244094488,0,0.0,0.9247824703730215,4697.894949494949,0.9567913385826772,4860.5,Qwen/Qwen3.6-35B-A3B-FP8
chat,40,127,8,40640,same_model,29450,0.7246555118110236,11190,0.2753444881889764,159,True,127,128,32,32,0,"[159, 40, 8]",0,True,32,True,128,159,32,0,0,32,"[128, 40, 8]",1,False,72345c62c39bdd81bcbd,expected_aligned_shape,Qwen/Qwen3.6-35B-A3B-FP8,ok,32,127,5080,1380,0.27165354330708663,5080,3374,0.6641732283464566,0,0.0,0.9196261830907502,4671.70101010101,0.9539370078740157,4846.0,Qwen/Qwen3.6-35B-A3B-FP8
summarization,40,127,8,40640,same_model,29999,0.7381643700787401,10641,0.26183562992125986,163,True,127,128,36,36,0,"[163, 40, 8]",0,True,36,True,128,163,36,0,0,36,"[128, 40, 8]",1,False,727ec91316279b278313,expected_aligned_shape,Qwen/Qwen3.6-35B-A3B-FP8,ok,32,127,5080,1565,0.3080708661417323,5080,3498,0.6885826771653544,0,0.0,0.9227775199428743,4687.709801309801,0.9550935039370079,4851.875,Qwen/Qwen3.6-35B-A3B-FP8
json_structured,40,127,8,40640,same_model,28786,0.7083169291338582,11854,0.29168307086614176,159,True,127,128,32,32,0,"[159, 40, 8]",0,True,32,True,128,159,32,0,0,32,"[128, 40, 8]",1,False,729a8ad812ae814a3814,expected_aligned_shape,Qwen/Qwen3.6-35B-A3B-FP8,ok,32,127,5080,1308,0.2574803149606299,5080,3254,0.6405511811023622,0,0.0,0.9072294197491048,4608.725452325452,0.944488188976378,4798.0,Qwen/Qwen3.6-35B-A3B-FP8
logs,40,88,8,28160,same_model,22285,0.7913707386363636,5875,0.20862926136363635,120,True,88,89,32,32,0,"[120, 40, 8]",0,True,32,True,89,120,32,0,0,32,"[89, 40, 8]",1,False,72b0e522ab5a57483e76,expected_aligned_shape,Qwen/Qwen3.6-35B-A3B-FP8,ok,32,88,3520,1336,0.3795454545454545,3520,2724,0.7738636363636363,0,0.0,0.945084435766254,3326.6972138972137,0.968075284090909,3407.625,Qwen/Qwen3.6-35B-A3B-FP8
code,40,127,8,40640,same_model,29757,0.7322096456692914,10883,0.26779035433070864,159,True,127,128,32,32,0,"[159, 40, 8]",0,True,32,True,128,159,32,0,0,32,"[128, 40, 8]",1,False,733eefede21779a0b909,expected_aligned_shape,Qwen/Qwen3.6-35B-A3B-FP8,ok,32,127,5080,1543,0.30374015748031497,5080,3459,0.6809055118110237,0,0.0,0.9178532840737567,4662.694683094683,0.9515994094488189,4834.125,Qwen/Qwen3.6-35B-A3B-FP8
mixed_language,40,127,8,40640,same_model,31386,0.7722933070866141,9254,0.22770669291338583,159,True,127,128,32,32,0,"[159, 40, 8]",0,True,32,True,128,159,32,0,0,32,"[128, 40, 8]",1,False,73a5afc136df69bf9b27,expected_aligned_shape,Qwen/Qwen3.6-35B-A3B-FP8,ok,32,127,5080,1765,0.34744094488188976,5080,3697,0.727755905511811,0,0.0,0.9356056629284976,4752.8767676767675,0.9631643700787401,4892.875,Qwen/Qwen3.6-35B-A3B-FP8
math_numeric,40,127,8,40640,same_model,25690,0.6321358267716536,14950,0.36786417322834647,159,True,127,128,32,32,0,"[159, 40, 8]",0,True,32,True,128,159,32,0,0,32,"[128, 40, 8]",1,False,73aa88094428b6f9ee46,expected_aligned_shape,Qwen/Qwen3.6-35B-A3B-FP8,ok,32,127,5080,1057,0.20807086614173229,5080,2780,0.547244094488189,0,0.0,0.8597673498854602,4367.618137418138,0.9094488188976378,4620.0,Qwen/Qwen3.6-35B-A3B-FP8
needle,40,127,8,40640,same_model,28360,0.6978346456692913,12280,0.3021653543307087,159,True,127,128,32,32,0,"[159, 40, 8]",0,True,32,True,128,159,32,0,0,32,"[128, 40, 8]",1,False,73b1268564ada88cb2dd,expected_aligned_shape,Qwen/Qwen3.6-35B-A3B-FP8,ok,32,127,5080,1262,0.2484251968503937,5080,3204,0.6307086614173228,0,0.0,0.9066504099574967,4605.784082584082,0.9453001968503937,4802.125,Qwen/Qwen3.6-35B-A3B-FP8
short_qa,40,127,8,40640,same_model,30718,0.7558562992125984,9922,0.24414370078740158,166,True,127,128,39,39,0,"[166, 40, 8]",0,True,39,True,128,166,39,0,0,39,"[128, 40, 8]",1,False,73fc4472907a4273738e,expected_aligned_shape,Qwen/Qwen3.6-35B-A3B-FP8,ok,32,127,5080,1660,0.32677165354330706,5080,3569,0.7025590551181102,0,0.0,0.9282963493199714,4715.745454545455,0.9588336614173228,4870.875,Qwen/Qwen3.6-35B-A3B-FP8
needle,40,127,8,40640,same_model,28978,0.7130413385826772,11662,0.28695866141732285,159,True,127,128,32,32,0,"[159, 40, 8]",0,True,32,True,128,159,32,0,0,32,"[128, 40, 8]",1,False,743bf9594672fea024f8,expected_aligned_shape,Qwen/Qwen3.6-35B-A3B-FP8,ok,32,127,5080,1332,0.2622047244094488,5080,3329,0.6553149606299212,0,0.0,0.9136441948252971,4641.312509712509,0.949753937007874,4824.75,Qwen/Qwen3.6-35B-A3B-FP8
math_numeric,40,127,8,40640,same_model,30761,0.7569143700787402,9879,0.24308562992125984,159,True,127,128,32,32,0,"[159, 40, 8]",0,True,32,True,128,159,32,0,0,32,"[128, 40, 8]",1,False,748f138c259659a9df66,expected_aligned_shape,Qwen/Qwen3.6-35B-A3B-FP8,ok,32,127,5080,1666,0.3279527559055118,5080,3600,0.7086614173228346,0,0.0,0.9290578712625958,4719.613986013986,0.9589566929133858,4871.5,Qwen/Qwen3.6-35B-A3B-FP8
needle,40,127,8,40640,same_model,28268,0.6955708661417322,12372,0.3044291338582677,159,True,127,128,32,32,0,"[159, 40, 8]",0,True,32,True,128,159,32,0,0,32,"[128, 40, 8]",1,False,74b66bcd1e39f76e3513,expected_aligned_shape,Qwen/Qwen3.6-35B-A3B-FP8,ok,32,127,5080,1236,0.24330708661417322,5080,3137,0.61751968503937,0,0.0,0.9021885114011098,4583.117637917638,0.9428149606299212,4789.5,Qwen/Qwen3.6-35B-A3B-FP8
needle,40,127,8,40640,same_model,29456,0.7248031496062992,11184,0.2751968503937008,159,True,127,128,32,32,0,"[159, 40, 8]",0,True,32,True,128,159,32,0,0,32,"[128, 40, 8]",1,False,74ea1eeae3646fd0cf74,expected_aligned_shape,Qwen/Qwen3.6-35B-A3B-FP8,ok,32,127,5080,1402,0.27598425196850396,5080,3360,0.6614173228346457,0,0.0,0.9192300962379705,4669.688888888889,0.9537401574803149,4845.0,Qwen/Qwen3.6-35B-A3B-FP8
low_margin,40,127,8,40640,same_model,30356,0.7469488188976378,10284,0.2530511811023622,167,True,127,128,40,40,0,"[167, 40, 8]",0,True,40,True,128,167,40,0,0,40,"[128, 40, 8]",1,False,7505918487c75fcdcc81,expected_aligned_shape,Qwen/Qwen3.6-35B-A3B-FP8,ok,32,127,5080,1571,0.309251968503937,5080,3475,0.6840551181102362,0,0.0,0.9249261237450216,4698.624708624709,0.9570374015748031,4861.75,Qwen/Qwen3.6-35B-A3B-FP8
math_numeric,40,127,8,40640,same_model,30662,0.7544783464566929,9978,0.2455216535433071,159,True,127,128,32,32,0,"[159, 40, 8]",0,True,32,True,128,159,32,0,0,32,"[128, 40, 8]",1,False,75343c667f97f8ce537c,expected_aligned_shape,Qwen/Qwen3.6-35B-A3B-FP8,ok,32,127,5080,1655,0.3257874015748031,5080,3625,0.7135826771653543,0,0.0,0.9282801974927959,4715.663403263403,0.9580954724409448,4867.125,Qwen/Qwen3.6-35B-A3B-FP8
code,40,127,8,40640,same_model,29257,0.7199064960629922,11383,0.2800935039370079,166,True,127,128,39,39,0,"[166, 40, 8]",0,True,39,True,128,166,39,0,0,39,"[128, 40, 8]",1,False,7537a0387a0a7575b5ee,expected_aligned_shape,Qwen/Qwen3.6-35B-A3B-FP8,ok,32,127,5080,1420,0.2795275590551181,5080,3372,0.6637795275590551,0,0.0,0.9155593531577784,4651.041514041514,0.9504183070866141,4828.125,Qwen/Qwen3.6-35B-A3B-FP8
mixed_language,40,127,8,40640,same_model,30335,0.7464320866141733,10305,0.2535679133858268,159,True,127,128,32,32,0,"[159, 40, 8]",0,True,32,True,128,159,32,0,0,32,"[128, 40, 8]",1,False,75ee2fdbc3a3b812c8eb,expected_aligned_shape,Qwen/Qwen3.6-35B-A3B-FP8,ok,32,127,5080,1594,0.31377952755905514,5080,3500,0.6889763779527559,0,0.0,0.9222645595873943,4685.103962703963,0.9547244094488189,4850.0,Qwen/Qwen3.6-35B-A3B-FP8
low_margin,40,127,8,40640,same_model,30945,0.7614419291338582,9695,0.23855807086614172,167,True,127,128,40,40,0,"[167, 40, 8]",0,True,40,True,128,167,40,0,0,40,"[128, 40, 8]",1,False,7604a7dbeb0433acc2b8,expected_aligned_shape,Qwen/Qwen3.6-35B-A3B-FP8,ok,32,127,5080,1693,0.3332677165354331,5080,3663,0.7210629921259842,0,0.0,0.9327527940126366,4738.384193584194,0.9611466535433071,4882.625,Qwen/Qwen3.6-35B-A3B-FP8
summarization,40,127,8,40640,same_model,29836,0.7341535433070866,10804,0.2658464566929134,163,True,127,128,36,36,0,"[163, 40, 8]",0,True,36,True,128,163,36,0,0,36,"[128, 40, 8]",1,False,7663609c895eba90f0b3,expected_aligned_shape,Qwen/Qwen3.6-35B-A3B-FP8,ok,32,127,5080,1474,0.29015748031496064,5080,3444,0.6779527559055119,0,0.0,0.9212380620254634,4679.889355089355,0.9545521653543307,4849.125,Qwen/Qwen3.6-35B-A3B-FP8
short_qa,40,127,8,40640,same_model,29549,0.7270915354330708,11091,0.27290846456692913,159,True,127,128,32,32,0,"[159, 40, 8]",0,True,32,True,128,159,32,0,0,32,"[128, 40, 8]",1,False,769347a97961f6aac03c,expected_aligned_shape,Qwen/Qwen3.6-35B-A3B-FP8,ok,32,127,5080,1455,0.28641732283464566,5080,3398,0.6688976377952756,0,0.0,0.9162278316609026,4654.437384837385,0.9508612204724409,4830.375,Qwen/Qwen3.6-35B-A3B-FP8
logs,40,127,8,40640,same_model,28493,0.701107283464567,12147,0.2988927165354331,159,True,127,128,32,32,0,"[159, 40, 8]",0,True,32,True,128,159,32,0,0,32,"[128, 40, 8]",1,False,76c7d19b06bb657801f9,expected_aligned_shape,Qwen/Qwen3.6-35B-A3B-FP8,ok,32,127,5080,1305,0.25688976377952755,5080,3190,0.6279527559055118,0,0.0,0.8995312386650969,4569.618692418692,0.9385088582677166,4767.625,Qwen/Qwen3.6-35B-A3B-FP8
chat,40,127,8,40640,same_model,27951,0.6877706692913386,12689,0.31222933070866143,159,True,127,128,32,32,0,"[159, 40, 8]",0,True,32,True,128,159,32,0,0,32,"[128, 40, 8]",1,False,7712364c1254f0e189b6,expected_aligned_shape,Qwen/Qwen3.6-35B-A3B-FP8,ok,32,127,5080,1186,0.23346456692913387,5080,3104,0.6110236220472441,0,0.0,0.89780144177782,4560.831324231324,0.9388779527559055,4769.5,Qwen/Qwen3.6-35B-A3B-FP8
math_numeric,40,127,8,40640,same_model,29527,0.7265501968503937,11113,0.2734498031496063,159,True,127,128,32,32,0,"[159, 40, 8]",0,True,32,True,128,159,32,0,0,32,"[128, 40, 8]",1,False,7721c9f68025be2a24aa,expected_aligned_shape,Qwen/Qwen3.6-35B-A3B-FP8,ok,32,127,5080,1401,0.27578740157480314,5080,3398,0.6688976377952756,0,0.0,0.9181341667955841,4664.121567321567,0.9524852362204724,4838.625,Qwen/Qwen3.6-35B-A3B-FP8
logs,40,77,8,24640,same_model,18967,0.7697646103896104,5673,0.2302353896103896,109,True,77,78,32,32,0,"[109, 40, 8]",0,True,32,True,78,109,32,0,0,32,"[78, 40, 8]",1,False,772ba0713fb81acddd5f,expected_aligned_shape,Qwen/Qwen3.6-35B-A3B-FP8,ok,32,77,3080,1067,0.3464285714285714,3080,2303,0.7477272727272727,0,0.0,0.9403450085268267,2896.2626262626263,0.9659090909090909,2975.0,Qwen/Qwen3.6-35B-A3B-FP8
needle,40,127,8,40640,same_model,29339,0.7219242125984252,11301,0.2780757874015748,159,True,127,128,32,32,0,"[159, 40, 8]",0,True,32,True,128,159,32,0,0,32,"[128, 40, 8]",1,False,7760837853c02952953d,expected_aligned_shape,Qwen/Qwen3.6-35B-A3B-FP8,ok,32,127,5080,1415,0.2785433070866142,5080,3352,0.6598425196850394,0,0.0,0.9154081788727457,4650.273548673548,0.9507627952755906,4829.875,Qwen/Qwen3.6-35B-A3B-FP8
json_structured,40,127,8,40640,same_model,29096,0.7159448818897638,11544,0.2840551181102362,159,True,127,128,32,32,0,"[159, 40, 8]",0,True,32,True,128,159,32,0,0,32,"[128, 40, 8]",1,False,77c6404886525f7fdc4f,expected_aligned_shape,Qwen/Qwen3.6-35B-A3B-FP8,ok,32,127,5080,1346,0.26496062992125985,5080,3337,0.6568897637795276,0,0.0,0.9161342681815123,4653.962082362083,0.9515748031496063,4834.0,Qwen/Qwen3.6-35B-A3B-FP8
math_numeric,40,127,8,40640,same_model,19345,0.47600885826771655,21295,0.5239911417322834,159,True,127,128,32,32,0,"[159, 40, 8]",0,True,32,True,128,159,32,0,0,32,"[128, 40, 8]",1,False,7802fac070269828d784,expected_aligned_shape,Qwen/Qwen3.6-35B-A3B-FP8,ok,32,127,5080,310,0.0610236220472441,5080,1704,0.3354330708661417,0,0.0,0.7708315831150476,3915.824442224442,0.8470718503937008,4303.125,Qwen/Qwen3.6-35B-A3B-FP8
code,40,127,8,40640,same_model,29822,0.7338090551181102,10818,0.26619094488188977,159,True,127,128,32,32,0,"[159, 40, 8]",0,True,32,True,128,159,32,0,0,32,"[128, 40, 8]",1,False,7812f0064bcbdaa374e5,expected_aligned_shape,Qwen/Qwen3.6-35B-A3B-FP8,ok,32,127,5080,1452,0.2858267716535433,5080,3365,0.6624015748031497,0,0.0,0.9140551006299037,4643.399911199911,0.9488927165354331,4820.375,Qwen/Qwen3.6-35B-A3B-FP8
math_numeric,40,127,8,40640,same_model,28886,0.7107775590551181,11754,0.28922244094488186,159,True,127,128,32,32,0,"[159, 40, 8]",0,True,32,True,128,159,32,0,0,32,"[128, 40, 8]",1,False,783bfb18ad5ff63245cc,expected_aligned_shape,Qwen/Qwen3.6-35B-A3B-FP8,ok,32,127,5080,1412,0.27795275590551183,5080,3182,0.6263779527559055,0,0.0,0.9000887651281351,4572.450926850927,0.9399114173228347,4774.75,Qwen/Qwen3.6-35B-A3B-FP8
json_structured,40,127,8,40640,same_model,29566,0.7275098425196851,11074,0.27249015748031497,159,True,127,128,32,32,0,"[159, 40, 8]",0,True,32,True,128,159,32,0,0,32,"[128, 40, 8]",1,False,783f4fe965eb43786d8c,expected_aligned_shape,Qwen/Qwen3.6-35B-A3B-FP8,ok,32,127,5080,1449,0.28523622047244096,5080,3412,0.6716535433070866,0,0.0,0.9210394155276045,4678.880230880231,0.9545521653543307,4849.125,Qwen/Qwen3.6-35B-A3B-FP8
low_margin,40,127,8,40640,same_model,29900,0.7357283464566929,10740,0.26427165354330706,167,True,127,128,40,40,0,"[167, 40, 8]",0,True,40,True,128,167,40,0,0,40,"[128, 40, 8]",1,False,78490188e0d23f1a73a7,expected_aligned_shape,Qwen/Qwen3.6-35B-A3B-FP8,ok,32,127,5080,1460,0.2874015748031496,5080,3468,0.6826771653543308,0,0.0,0.9238988308279646,4693.40606060606,0.9562992125984252,4858.0,Qwen/Qwen3.6-35B-A3B-FP8
needle,40,127,8,40640,same_model,29002,0.7136318897637796,11638,0.2863681102362205,159,True,127,128,32,32,0,"[159, 40, 8]",0,True,32,True,128,159,32,0,0,32,"[128, 40, 8]",1,False,78e810a2fb64f567ecc5,expected_aligned_shape,Qwen/Qwen3.6-35B-A3B-FP8,ok,32,127,5080,1324,0.2606299212598425,5080,3334,0.6562992125984252,0,0.0,0.9171892149844905,4659.321212121212,0.9524606299212598,4838.5,Qwen/Qwen3.6-35B-A3B-FP8
low_margin,40,1,8,320,same_model,220,0.6875,100,0.3125,41,True,1,2,40,40,0,"[41, 40, 8]",0,True,40,True,2,41,40,0,0,40,"[2, 40, 8]",1,False,78fad3014be7f4886277,expected_aligned_shape,Qwen/Qwen3.6-35B-A3B-FP8,ok,32,1,40,5,0.125,40,25,0.625,0,0.0,0.9166666666666666,36.666666666666664,0.953125,38.125,Qwen/Qwen3.6-35B-A3B-FP8
needle,40,127,8,40640,same_model,29560,0.7273622047244095,11080,0.27263779527559057,159,True,127,128,32,32,0,"[159, 40, 8]",0,True,32,True,128,159,32,0,0,32,"[128, 40, 8]",1,False,791718ce6ec68cec36d7,expected_aligned_shape,Qwen/Qwen3.6-35B-A3B-FP8,ok,32,127,5080,1410,0.27755905511811024,5080,3400,0.6692913385826772,0,0.0,0.9207221824544659,4677.268686868687,0.9545275590551181,4849.0,Qwen/Qwen3.6-35B-A3B-FP8
json_structured,40,127,8,40640,same_model,29262,0.7200295275590551,11378,0.27997047244094486,159,True,127,128,32,32,0,"[159, 40, 8]",0,True,32,True,128,159,32,0,0,32,"[128, 40, 8]",1,False,791be2cb7fd1d5bdb4a6,expected_aligned_shape,Qwen/Qwen3.6-35B-A3B-FP8,ok,32,127,5080,1428,0.2811023622047244,5080,3411,0.6714566929133858,0,0.0,0.9170920505566176,4658.827616827617,0.9513533464566929,4832.875,Qwen/Qwen3.6-35B-A3B-FP8
math_numeric,40,13,8,4160,same_model,2734,0.6572115384615385,1426,0.34278846153846154,45,True,13,14,32,32,0,"[45, 40, 8]",0,True,32,True,14,45,32,0,0,32,"[14, 40, 8]",1,False,7927b0fee7e5ab44ec63,expected_aligned_shape,Qwen/Qwen3.6-35B-A3B-FP8,ok,32,13,520,97,0.18653846153846154,520,319,0.6134615384615385,0,0.0,0.9062393162393163,471.24444444444447,0.9461538461538461,492.0,Qwen/Qwen3.6-35B-A3B-FP8
needle,40,127,8,40640,same_model,28732,0.7069881889763779,11908,0.29301181102362206,159,True,127,128,32,32,0,"[159, 40, 8]",0,True,32,True,128,159,32,0,0,32,"[128, 40, 8]",1,False,79373235b11aee88a3e8,expected_aligned_shape,Qwen/Qwen3.6-35B-A3B-FP8,ok,32,127,5080,1271,0.25019685039370076,5080,3269,0.643503937007874,0,0.0,0.9096768105035823,4621.158197358197,0.9467027559055118,4809.25,Qwen/Qwen3.6-35B-A3B-FP8
mixed_language,40,89,8,28480,same_model,22275,0.782127808988764,6205,0.21787219101123595,121,True,89,90,32,32,0,"[121, 40, 8]",0,True,32,True,90,121,32,0,0,32,"[90, 40, 8]",1,False,7956f0a50eedebcc95c2,expected_aligned_shape,Qwen/Qwen3.6-35B-A3B-FP8,ok,32,89,3560,1302,0.3657303370786517,3560,2671,0.7502808988764045,0,0.0,0.9398755177406863,3345.956843156843,0.9652036516853932,3436.125,Qwen/Qwen3.6-35B-A3B-FP8
mixed_language,40,127,8,40640,same_model,30383,0.747613188976378,10257,0.25238681102362204,159,True,127,128,32,32,0,"[159, 40, 8]",0,True,32,True,128,159,32,0,0,32,"[128, 40, 8]",1,False,796f52c19d79aa7195bc,expected_aligned_shape,Qwen/Qwen3.6-35B-A3B-FP8,ok,32,127,5080,1622,0.31929133858267716,5080,3576,0.7039370078740157,0,0.0,0.9238182246449963,4692.996581196581,0.9543061023622047,4847.875,Qwen/Qwen3.6-35B-A3B-FP8
mixed_language,40,127,8,40640,same_model,29848,0.7344488188976378,10792,0.2655511811023622,159,True,127,128,32,32,0,"[159, 40, 8]",0,True,32,True,128,159,32,0,0,32,"[128, 40, 8]",1,False,799a7be2ad198df53da5,expected_aligned_shape,Qwen/Qwen3.6-35B-A3B-FP8,ok,32,127,5080,1554,0.3059055118110236,5080,3478,0.6846456692913386,0,0.0,0.9233198122961903,4690.464646464647,0.955880905511811,4855.875,Qwen/Qwen3.6-35B-A3B-FP8
chat,40,127,8,40640,same_model,30138,0.7415846456692914,10502,0.25841535433070867,159,True,127,128,32,32,0,"[159, 40, 8]",0,True,32,True,128,159,32,0,0,32,"[128, 40, 8]",1,False,79bacacdeafb7df40c6a,expected_aligned_shape,Qwen/Qwen3.6-35B-A3B-FP8,ok,32,127,5080,1514,0.2980314960629921,5080,3570,0.702755905511811,0,0.0,0.927064676356015,4709.488555888556,0.9576033464566929,4864.625,Qwen/Qwen3.6-35B-A3B-FP8
needle,40,127,8,40640,same_model,29071,0.7153297244094489,11569,0.2846702755905512,159,True,127,128,32,32,0,"[159, 40, 8]",0,True,32,True,128,159,32,0,0,32,"[128, 40, 8]",1,False,79e9ca2d65d04af19046,expected_aligned_shape,Qwen/Qwen3.6-35B-A3B-FP8,ok,32,127,5080,1349,0.2655511811023622,5080,3325,0.6545275590551181,0,0.0,0.9139607854962186,4642.920790320791,0.9497047244094489,4824.5,Qwen/Qwen3.6-35B-A3B-FP8
summarization,40,127,8,40640,same_model,30595,0.7528297244094488,10045,0.2471702755905512,159,True,127,128,32,32,0,"[159, 40, 8]",0,True,32,True,128,159,32,0,0,32,"[128, 40, 8]",1,False,7a8f1bc6be61851820ec,expected_aligned_shape,Qwen/Qwen3.6-35B-A3B-FP8,ok,32,127,5080,1623,0.31948818897637793,5080,3543,0.6974409448818898,0,0.0,0.9268031618425321,4708.160062160062,0.9578494094488189,4865.875,Qwen/Qwen3.6-35B-A3B-FP8
mixed_language,40,127,8,40640,same_model,29518,0.7263287401574803,11122,0.27367125984251967,159,True,127,128,32,32,0,"[159, 40, 8]",0,True,32,True,128,159,32,0,0,32,"[128, 40, 8]",1,False,7ba8eef8b2cf600207a7,expected_aligned_shape,Qwen/Qwen3.6-35B-A3B-FP8,ok,32,127,5080,1431,0.28169291338582675,5080,3381,0.6655511811023622,0,0.0,0.9162367116697824,4654.482495282496,0.9508120078740158,4830.125,Qwen/Qwen3.6-35B-A3B-FP8
short_qa,40,127,8,40640,same_model,31119,0.7657234251968504,9521,0.23427657480314962,164,True,127,128,37,37,0,"[164, 40, 8]",0,True,37,True,128,164,37,0,0,37,"[128, 40, 8]",1,False,7be132b0daecc07a766e,expected_aligned_shape,Qwen/Qwen3.6-35B-A3B-FP8,ok,32,127,5080,1711,0.33681102362204723,5080,3695,0.7273622047244095,0,0.0,0.9340587234288021,4745.018315018315,0.961761811023622,4885.75,Qwen/Qwen3.6-35B-A3B-FP8
math_numeric,40,127,8,40640,same_model,29509,0.7261072834645669,11131,0.27389271653543307,159,True,127,128,32,32,0,"[159, 40, 8]",0,True,32,True,128,159,32,0,0,32,"[128, 40, 8]",1,False,7be85048e744dcc5c2f0,expected_aligned_shape,Qwen/Qwen3.6-35B-A3B-FP8,ok,32,127,5080,1434,0.28228346456692915,5080,3348,0.6590551181102362,0,0.0,0.9153289055651259,4649.87084027084,0.9507135826771653,4829.625,Qwen/Qwen3.6-35B-A3B-FP8
needle,40,127,8,40640,same_model,28691,0.7059793307086614,11949,0.2940206692913386,159,True,127,128,32,32,0,"[159, 40, 8]",0,True,32,True,128,159,32,0,0,32,"[128, 40, 8]",1,False,7c04c7b333539a941a11,expected_aligned_shape,Qwen/Qwen3.6-35B-A3B-FP8,ok,32,127,5080,1326,0.2610236220472441,5080,3283,0.646259842519685,0,0.0,0.9097959171187519,4621.763258963259,0.946998031496063,4810.75,Qwen/Qwen3.6-35B-A3B-FP8
code,40,127,8,40640,same_model,30396,0.7479330708661417,10244,0.25206692913385825,164,True,127,128,37,37,0,"[164, 40, 8]",0,True,37,True,128,164,37,0,0,37,"[128, 40, 8]",1,False,7c3ada951af1fb924874,expected_aligned_shape,Qwen/Qwen3.6-35B-A3B-FP8,ok,32,127,5080,1558,0.30669291338582677,5080,3576,0.7039370078740157,0,0.0,0.9291025335119824,4719.840870240871,0.9593011811023622,4873.25,Qwen/Qwen3.6-35B-A3B-FP8
summarization,40,127,8,40640,same_model,30959,0.7617864173228347,9681,0.23821358267716536,159,True,127,128,32,32,0,"[159, 40, 8]",0,True,32,True,128,159,32,0,0,32,"[128, 40, 8]",1,False,7c451d122cec3072606c,expected_aligned_shape,Qwen/Qwen3.6-35B-A3B-FP8,ok,32,127,5080,1719,0.3383858267716535,5080,3656,0.7196850393700788,0,0.0,0.9331488109440863,4740.3959595959595,0.9616879921259842,4885.375,Qwen/Qwen3.6-35B-A3B-FP8
code,40,127,8,40640,same_model,29523,0.7264517716535434,11117,0.2735482283464567,159,True,127,128,32,32,0,"[159, 40, 8]",0,True,32,True,128,159,32,0,0,32,"[128, 40, 8]",1,False,7c7b9fe5e98f09866343,expected_aligned_shape,Qwen/Qwen3.6-35B-A3B-FP8,ok,32,127,5080,1496,0.29448818897637796,5080,3352,0.6598425196850394,0,0.0,0.9116645034755271,4631.255677655678,0.9479330708661418,4815.5,Qwen/Qwen3.6-35B-A3B-FP8
code,40,127,8,40640,same_model,29526,0.7265255905511812,11114,0.2734744094488189,159,True,127,128,32,32,0,"[159, 40, 8]",0,True,32,True,128,159,32,0,0,32,"[128, 40, 8]",1,False,7ca59e22a5d5051b90ca,expected_aligned_shape,Qwen/Qwen3.6-35B-A3B-FP8,ok,32,127,5080,1508,0.2968503937007874,5080,3388,0.6669291338582677,0,0.0,0.9092028225492793,4618.750338550339,0.9438238188976378,4794.625,Qwen/Qwen3.6-35B-A3B-FP8
summarization,40,127,8,40640,same_model,29615,0.7287155511811023,11025,0.2712844488188976,163,True,127,128,36,36,0,"[163, 40, 8]",0,True,36,True,128,163,36,0,0,36,"[128, 40, 8]",1,False,7ccd6b8c6a0573d7e958,expected_aligned_shape,Qwen/Qwen3.6-35B-A3B-FP8,ok,32,127,5080,1449,0.28523622047244096,5080,3394,0.6681102362204724,0,0.0,0.9162620275612401,4654.6111000111005,0.9507874015748031,4830.0,Qwen/Qwen3.6-35B-A3B-FP8
needle,40,127,8,40640,same_model,29030,0.7143208661417323,11610,0.2856791338582677,159,True,127,128,32,32,0,"[159, 40, 8]",0,True,32,True,128,159,32,0,0,32,"[128, 40, 8]",1,False,7cddc6e40b15f1f4a127,expected_aligned_shape,Qwen/Qwen3.6-35B-A3B-FP8,ok,32,127,5080,1358,0.2673228346456693,5080,3350,0.6594488188976378,0,0.0,0.9146160750885161,4646.249661449661,0.9501476377952756,4826.75,Qwen/Qwen3.6-35B-A3B-FP8
needle,40,127,8,40640,same_model,29707,0.7309793307086614,10933,0.2690206692913386,159,True,127,128,32,32,0,"[159, 40, 8]",0,True,32,True,128,159,32,0,0,32,"[128, 40, 8]",1,False,7d1f80c46cc21f8ab679,expected_aligned_shape,Qwen/Qwen3.6-35B-A3B-FP8,ok,32,127,5080,1462,0.2877952755905512,5080,3478,0.6846456692913386,0,0.0,0.9243537739600731,4695.717171717171,0.9566437007874016,4859.75,Qwen/Qwen3.6-35B-A3B-FP8
needle,40,127,8,40640,same_model,28731,0.7069635826771653,11909,0.29303641732283464,159,True,127,128,32,32,0,"[159, 40, 8]",0,True,32,True,128,159,32,0,0,32,"[128, 40, 8]",1,False,7dd771b97406c5b231c5,expected_aligned_shape,Qwen/Qwen3.6-35B-A3B-FP8,ok,32,127,5080,1258,0.24763779527559054,5080,3270,0.6437007874015748,0,0.0,0.9126556907659269,4636.290909090909,0.9496309055118111,4824.125,Qwen/Qwen3.6-35B-A3B-FP8
summarization,40,127,8,40640,same_model,30652,0.7542322834645669,9988,0.24576771653543308,167,True,127,128,40,40,0,"[167, 40, 8]",0,True,40,True,128,167,40,0,0,40,"[128, 40, 8]",1,False,7df8cb86c874a77f324d,expected_aligned_shape,Qwen/Qwen3.6-35B-A3B-FP8,ok,32,127,5080,1674,0.3295275590551181,5080,3609,0.7104330708661417,0,0.0,0.9298409289747874,4723.591919191919,0.959621062992126,4874.875,Qwen/Qwen3.6-35B-A3B-FP8
mixed_language,40,3,8,960,same_model,603,0.628125,357,0.371875,35,True,3,4,32,32,0,"[35, 40, 8]",0,True,32,True,4,35,32,0,0,32,"[4, 40, 8]",1,False,7e0372ad17efa4e4460e,expected_aligned_shape,Qwen/Qwen3.6-35B-A3B-FP8,ok,32,3,120,21,0.175,120,62,0.5166666666666667,0,0.0,0.8792592592592593,105.5111111111111,0.9302083333333333,111.625,Qwen/Qwen3.6-35B-A3B-FP8
low_margin,40,127,8,40640,same_model,30365,0.7471702755905512,10275,0.25282972440944884,167,True,127,128,40,40,0,"[167, 40, 8]",0,True,40,True,128,167,40,0,0,40,"[128, 40, 8]",1,False,7e09867bebec1bc353e3,expected_aligned_shape,Qwen/Qwen3.6-35B-A3B-FP8,ok,32,127,5080,1543,0.30374015748031497,5080,3466,0.6822834645669291,0,0.0,0.9229989782745687,4688.83480963481,0.9556594488188976,4854.75,Qwen/Qwen3.6-35B-A3B-FP8
logs,40,127,8,40640,same_model,29963,0.7372785433070866,10677,0.2627214566929134,159,True,127,128,32,32,0,"[159, 40, 8]",0,True,32,True,128,159,32,0,0,32,"[128, 40, 8]",1,False,7e161f0d7d774b6815d8,expected_aligned_shape,Qwen/Qwen3.6-35B-A3B-FP8,ok,32,127,5080,1497,0.2946850393700787,5080,3442,0.6775590551181102,0,0.0,0.9223065298655848,4685.317171717172,0.9553149606299213,4853.0,Qwen/Qwen3.6-35B-A3B-FP8
low_margin,40,127,8,40640,same_model,29608,0.7285433070866142,11032,0.2714566929133858,167,True,127,128,40,40,0,"[167, 40, 8]",0,True,40,True,128,167,40,0,0,40,"[128, 40, 8]",1,False,7e5c194c81a597c858fa,expected_aligned_shape,Qwen/Qwen3.6-35B-A3B-FP8,ok,32,127,5080,1387,0.27303149606299215,5080,3366,0.6625984251968504,0,0.0,0.9161121468208082,4653.849705849706,0.951107283464567,4831.625,Qwen/Qwen3.6-35B-A3B-FP8
low_margin,40,127,8,40640,same_model,29934,0.7365649606299213,10706,0.2634350393700787,167,True,127,128,40,40,0,"[167, 40, 8]",0,True,40,True,128,167,40,0,0,40,"[128, 40, 8]",1,False,7f2cfa73e83ead8dcd5a,expected_aligned_shape,Qwen/Qwen3.6-35B-A3B-FP8,ok,32,127,5080,1483,0.29192913385826774,5080,3435,0.6761811023622047,0,0.0,0.9211934085162431,4679.662515262516,0.9544783464566929,4848.75,Qwen/Qwen3.6-35B-A3B-FP8
summarization,40,127,8,40640,same_model,30632,0.753740157480315,10008,0.24625984251968505,167,True,127,128,40,40,0,"[167, 40, 8]",0,True,40,True,128,167,40,0,0,40,"[128, 40, 8]",1,False,7f3f2f02fd3f4f5b2d6f,expected_aligned_shape,Qwen/Qwen3.6-35B-A3B-FP8,ok,32,127,5080,1678,0.3303149606299213,5080,3608,0.710236220472441,0,0.0,0.928013421399248,4714.308180708181,0.9579232283464567,4866.25,Qwen/Qwen3.6-35B-A3B-FP8
short_qa,40,109,8,34880,same_model,24478,0.7017775229357798,10402,0.29822247706422017,141,True,109,110,32,32,0,"[141, 40, 8]",0,True,32,True,110,141,32,0,0,32,"[110, 40, 8]",1,False,7f4bce2b0b5d66822814,expected_aligned_shape,Qwen/Qwen3.6-35B-A3B-FP8,ok,32,109,4360,1111,0.2548165137614679,4360,2785,0.6387614678899083,0,0.0,0.9094150599655186,3965.0496614496615,0.947190366972477,4129.75,Qwen/Qwen3.6-35B-A3B-FP8
needle,40,127,8,40640,same_model,29614,0.7286909448818898,11026,0.2713090551181102,159,True,127,128,32,32,0,"[159, 40, 8]",0,True,32,True,128,159,32,0,0,32,"[128, 40, 8]",1,False,7f68b4e9e7aee90e9f92,expected_aligned_shape,Qwen/Qwen3.6-35B-A3B-FP8,ok,32,127,5080,1426,0.2807086614173228,5080,3381,0.6655511811023622,0,0.0,0.9184462519108187,4665.706959706959,0.952878937007874,4840.625,Qwen/Qwen3.6-35B-A3B-FP8
needle,40,127,8,40640,same_model,29486,0.7255413385826772,11154,0.27445866141732284,159,True,127,128,32,32,0,"[159, 40, 8]",0,True,32,True,128,159,32,0,0,32,"[128, 40, 8]",1,False,802ac0cd1c5da3fd99a6,expected_aligned_shape,Qwen/Qwen3.6-35B-A3B-FP8,ok,32,127,5080,1390,0.2736220472440945,5080,3399,0.6690944881889764,0,0.0,0.9192393345936654,4669.73581973582,0.953371062992126,4843.125,Qwen/Qwen3.6-35B-A3B-FP8
logs,40,77,8,24640,same_model,19070,0.7739448051948052,5570,0.22605519480519481,109,True,77,78,32,32,0,"[109, 40, 8]",0,True,32,True,78,109,32,0,0,32,"[78, 40, 8]",1,False,80ef46c9ef5003b53f75,expected_aligned_shape,Qwen/Qwen3.6-35B-A3B-FP8,ok,32,77,3080,1081,0.350974025974026,3080,2339,0.7594155844155844,0,0.0,0.9432415059687788,2905.1838383838385,0.967573051948052,2980.125,Qwen/Qwen3.6-35B-A3B-FP8
json_structured,40,127,8,40640,same_model,27155,0.6681840551181102,13485,0.33181594488188976,159,True,127,128,32,32,0,"[159, 40, 8]",0,True,32,True,128,159,32,0,0,32,"[128, 40, 8]",1,False,80f4713bc2bf1d7ca213,expected_aligned_shape,Qwen/Qwen3.6-35B-A3B-FP8,ok,32,127,5080,1101,0.21673228346456694,5080,2999,0.5903543307086614,0,0.0,0.8883351338075747,4512.74247974248,0.9314468503937008,4731.75,Qwen/Qwen3.6-35B-A3B-FP8
logs,40,127,8,40640,same_model,30101,0.7406742125984253,10539,0.2593257874015748,159,True,127,128,32,32,0,"[159, 40, 8]",0,True,32,True,128,159,32,0,0,32,"[128, 40, 8]",1,False,8146187d324548220b64,expected_aligned_shape,Qwen/Qwen3.6-35B-A3B-FP8,ok,32,127,5080,1574,0.3098425196850394,5080,3526,0.6940944881889763,0,0.0,0.9231306226581816,4689.5035631035635,0.9548228346456693,4850.5,Qwen/Qwen3.6-35B-A3B-FP8
short_qa,40,127,8,40640,same_model,31799,0.7824557086614173,8841,0.2175442913385827,159,True,127,128,32,32,0,"[159, 40, 8]",0,True,32,True,128,159,32,0,0,32,"[128, 40, 8]",1,False,81acc552cd1d916b8a99,expected_aligned_shape,Qwen/Qwen3.6-35B-A3B-FP8,ok,32,127,5080,1861,0.36633858267716535,5080,3864,0.7606299212598425,0,0.0,0.9434677483496381,4792.8161616161615,0.9676919291338583,4915.875,Qwen/Qwen3.6-35B-A3B-FP8
summarization,40,127,8,40640,same_model,29872,0.7350393700787402,10768,0.26496062992125985,163,True,127,128,36,36,0,"[163, 40, 8]",0,True,36,True,128,163,36,0,0,36,"[128, 40, 8]",1,False,81d23e2ace0fb871566e,expected_aligned_shape,Qwen/Qwen3.6-35B-A3B-FP8,ok,32,127,5080,1501,0.2954724409448819,5080,3385,0.6663385826771654,0,0.0,0.9170191925310035,4658.457498057498,0.9515255905511811,4833.75,Qwen/Qwen3.6-35B-A3B-FP8
json_structured,40,127,8,40640,same_model,29488,0.7255905511811024,11152,0.2744094488188976,159,True,127,128,32,32,0,"[159, 40, 8]",0,True,32,True,128,159,32,0,0,32,"[128, 40, 8]",1,False,81d4a61b688a98be8a50,expected_aligned_shape,Qwen/Qwen3.6-35B-A3B-FP8,ok,32,127,5080,1418,0.27913385826771653,5080,3424,0.6740157480314961,0,0.0,0.9198941740674024,4673.062404262404,0.9535187007874015,4843.875,Qwen/Qwen3.6-35B-A3B-FP8
code,40,127,8,40640,same_model,30687,0.7550935039370079,9953,0.2449064960629921,166,True,127,128,39,39,0,"[166, 40, 8]",0,True,39,True,128,166,39,0,0,39,"[128, 40, 8]",1,False,81de715e23a6fcf68fc3,expected_aligned_shape,Qwen/Qwen3.6-35B-A3B-FP8,ok,32,127,5080,1688,0.33228346456692914,5080,3536,0.6960629921259842,0,0.0,0.9258601765688381,4703.369696969697,0.9572588582677165,4862.875,Qwen/Qwen3.6-35B-A3B-FP8
mixed_language,40,127,8,40640,same_model,31611,0.7778297244094489,9029,0.2221702755905512,159,True,127,128,32,32,0,"[159, 40, 8]",0,True,32,True,128,159,32,0,0,32,"[128, 40, 8]",1,False,823fee738d51caf3d1f9,expected_aligned_shape,Qwen/Qwen3.6-35B-A3B-FP8,ok,32,127,5080,1851,0.3643700787401575,5080,3722,0.7326771653543307,0,0.0,0.9362792063579466,4756.298368298369,0.9634350393700788,4894.25,Qwen/Qwen3.6-35B-A3B-FP8
summarization,40,127,8,40640,same_model,31212,0.768011811023622,9428,0.23198818897637796,159,True,127,128,32,32,0,"[159, 40, 8]",0,True,32,True,128,159,32,0,0,32,"[128, 40, 8]",1,False,833fc2a56e4f75f8a697,expected_aligned_shape,Qwen/Qwen3.6-35B-A3B-FP8,ok,32,127,5080,1722,0.3389763779527559,5080,3664,0.721259842519685,0,0.0,0.9335798934224131,4742.585858585859,0.9619340551181103,4886.625,Qwen/Qwen3.6-35B-A3B-FP8
json_structured,40,127,8,40640,same_model,29255,0.7198572834645669,11385,0.28014271653543305,159,True,127,128,32,32,0,"[159, 40, 8]",0,True,32,True,128,159,32,0,0,32,"[128, 40, 8]",1,False,836ed2f17e0df581ffb1,expected_aligned_shape,Qwen/Qwen3.6-35B-A3B-FP8,ok,32,127,5080,1316,0.25905511811023624,5080,3340,0.65748031496063,0,0.0,0.916294134561851,4654.774203574204,0.9516732283464567,4834.5,Qwen/Qwen3.6-35B-A3B-FP8
json_structured,40,127,8,40640,same_model,26025,0.640378937007874,14615,0.359621062992126,159,True,127,128,32,32,0,"[159, 40, 8]",0,True,32,True,128,159,32,0,0,32,"[128, 40, 8]",1,False,839f919a63fdc2e822c2,expected_aligned_shape,Qwen/Qwen3.6-35B-A3B-FP8,ok,32,127,5080,902,0.17755905511811024,5080,2726,0.5366141732283465,0,0.0,0.8760837587609241,4450.505494505494,0.9263287401574803,4705.75,Qwen/Qwen3.6-35B-A3B-FP8
needle,40,127,8,40640,same_model,29597,0.7282726377952756,11043,0.27172736220472443,159,True,127,128,32,32,0,"[159, 40, 8]",0,True,32,True,128,159,32,0,0,32,"[128, 40, 8]",1,False,84225d5346509a6c6736,expected_aligned_shape,Qwen/Qwen3.6-35B-A3B-FP8,ok,32,127,5080,1482,0.2917322834645669,5080,3400,0.6692913385826772,0,0.0,0.9190306456448188,4668.67567987568,0.9532234251968504,4842.375,Qwen/Qwen3.6-35B-A3B-FP8
mixed_language,40,127,8,40640,same_model,29384,0.7230314960629921,11256,0.2769685039370079,159,True,127,128,32,32,0,"[159, 40, 8]",0,True,32,True,128,159,32,0,0,32,"[128, 40, 8]",1,False,84233959e23ab297f165,expected_aligned_shape,Qwen/Qwen3.6-35B-A3B-FP8,ok,32,127,5080,1349,0.2655511811023622,5080,3338,0.6570866141732283,0,0.0,0.9169049672986681,4657.877233877234,0.9522145669291339,4837.25,Qwen/Qwen3.6-35B-A3B-FP8
chat,40,127,8,40640,same_model,30052,0.7394685039370079,10588,0.26053149606299214,159,True,127,128,32,32,0,"[159, 40, 8]",0,True,32,True,128,159,32,0,0,32,"[128, 40, 8]",1,False,8426b34cd35950627867,expected_aligned_shape,Qwen/Qwen3.6-35B-A3B-FP8,ok,32,127,5080,1486,0.2925196850393701,5080,3474,0.6838582677165355,0,0.0,0.9234120734908134,4690.933333333333,0.9559055118110236,4856.0,Qwen/Qwen3.6-35B-A3B-FP8
json_structured,40,127,8,40640,same_model,29369,0.7226624015748031,11271,0.27733759842519684,159,True,127,128,32,32,0,"[159, 40, 8]",0,True,32,True,128,159,32,0,0,32,"[128, 40, 8]",1,False,842a559378a4fa0ab83e,expected_aligned_shape,Qwen/Qwen3.6-35B-A3B-FP8,ok,32,127,5080,1434,0.28228346456692915,5080,3419,0.6730314960629922,0,0.0,0.9175316634371752,4661.06085026085,0.9518208661417323,4835.25,Qwen/Qwen3.6-35B-A3B-FP8
math_numeric,40,11,8,3520,same_model,2301,0.6536931818181818,1219,0.3463068181818182,43,True,11,12,32,32,0,"[43, 40, 8]",0,True,32,True,12,43,32,0,0,32,"[12, 40, 8]",1,False,84399fdd946941f7bbb8,expected_aligned_shape,Qwen/Qwen3.6-35B-A3B-FP8,ok,32,11,440,84,0.19090909090909092,440,251,0.5704545454545454,0,0.0,0.8945179063360882,393.58787878787876,0.9392045454545455,413.25,Qwen/Qwen3.6-35B-A3B-FP8
mixed_language,40,127,8,40640,same_model,31629,0.7782726377952756,9011,0.22172736220472442,159,True,127,128,32,32,0,"[159, 40, 8]",0,True,32,True,128,159,32,0,0,32,"[128, 40, 8]",1,False,845558c63ab043e3c987,expected_aligned_shape,Qwen/Qwen3.6-35B-A3B-FP8,ok,32,127,5080,1852,0.36456692913385824,5080,3665,0.7214566929133859,0,0.0,0.9327176498042639,4738.205661005661,0.9607283464566929,4880.5,Qwen/Qwen3.6-35B-A3B-FP8
logs,40,127,8,40640,same_model,32342,0.7958169291338583,8298,0.20418307086614174,159,True,127,128,32,32,0,"[159, 40, 8]",0,True,32,True,128,159,32,0,0,32,"[128, 40, 8]",1,False,846009d191b38953fd2f,expected_aligned_shape,Qwen/Qwen3.6-35B-A3B-FP8,ok,32,127,5080,1979,0.38956692913385826,5080,3889,0.7655511811023622,0,0.0,0.943325668207558,4792.094394494395,0.9668553149606299,4911.625,Qwen/Qwen3.6-35B-A3B-FP8
mixed_language,40,127,8,40640,same_model,29909,0.7359498031496063,10731,0.2640501968503937,159,True,127,128,32,32,0,"[159, 40, 8]",0,True,32,True,128,159,32,0,0,32,"[128, 40, 8]",1,False,84bacdde8fd948eb8a49,expected_aligned_shape,Qwen/Qwen3.6-35B-A3B-FP8,ok,32,127,5080,1537,0.3025590551181102,5080,3538,0.6964566929133859,0,0.0,0.9250107372942018,4699.054545454545,0.9566190944881889,4859.625,Qwen/Qwen3.6-35B-A3B-FP8
short_qa,40,127,8,40640,same_model,30770,0.7571358267716536,9870,0.24286417322834647,159,True,127,128,32,32,0,"[159, 40, 8]",0,True,32,True,128,159,32,0,0,32,"[128, 40, 8]",1,False,84ca8c732f93c58fe2a6,expected_aligned_shape,Qwen/Qwen3.6-35B-A3B-FP8,ok,32,127,5080,1595,0.3139763779527559,5080,3633,0.7151574803149606,0,0.0,0.9321745009146585,4735.446464646465,0.9610728346456693,4882.25,Qwen/Qwen3.6-35B-A3B-FP8
json_structured,40,127,8,40640,same_model,29593,0.7281742125984252,11047,0.2718257874015748,159,True,127,128,32,32,0,"[159, 40, 8]",0,True,32,True,128,159,32,0,0,32,"[128, 40, 8]",1,False,8503edd10ae9b54a4533,expected_aligned_shape,Qwen/Qwen3.6-35B-A3B-FP8,ok,32,127,5080,1475,0.2903543307086614,5080,3488,0.6866141732283465,0,0.0,0.9219183965640656,4683.345454545454,0.9546505905511811,4849.625,Qwen/Qwen3.6-35B-A3B-FP8
summarization,40,127,8,40640,same_model,29944,0.7368110236220472,10696,0.26318897637795274,159,True,127,128,32,32,0,"[159, 40, 8]",0,True,32,True,128,159,32,0,0,32,"[128, 40, 8]",1,False,8540664f8428f872e8a9,expected_aligned_shape,Qwen/Qwen3.6-35B-A3B-FP8,ok,32,127,5080,1467,0.2887795275590551,5080,3435,0.6761811023622047,0,0.0,0.921656724727591,4682.016161616161,0.9549458661417323,4851.125,Qwen/Qwen3.6-35B-A3B-FP8
math_numeric,40,127,8,40640,same_model,29739,0.7317667322834646,10901,0.26823326771653544,159,True,127,128,32,32,0,"[159, 40, 8]",0,True,32,True,128,159,32,0,0,32,"[128, 40, 8]",1,False,85996a9d6fe112cfacf4,expected_aligned_shape,Qwen/Qwen3.6-35B-A3B-FP8,ok,32,127,5080,1423,0.28011811023622046,5080,3323,0.6541338582677165,0,0.0,0.9163510942251099,4655.063558663559,0.9518454724409449,4835.375,Qwen/Qwen3.6-35B-A3B-FP8
math_numeric,40,127,8,40640,same_model,25810,0.6350885826771654,14830,0.36491141732283466,159,True,127,128,32,32,0,"[159, 40, 8]",0,True,32,True,128,159,32,0,0,32,"[128, 40, 8]",1,False,85f2760e16a765142a7f,expected_aligned_shape,Qwen/Qwen3.6-35B-A3B-FP8,ok,32,127,5080,1064,0.2094488188976378,5080,2836,0.5582677165354331,0,0.0,0.8651195479935637,4394.8073038073035,0.9146161417322834,4646.25,Qwen/Qwen3.6-35B-A3B-FP8
json_structured,40,127,8,40640,same_model,28907,0.7112942913385827,11733,0.2887057086614173,159,True,127,128,32,32,0,"[159, 40, 8]",0,True,32,True,128,159,32,0,0,32,"[128, 40, 8]",1,False,860c3e874eff20982fe1,expected_aligned_shape,Qwen/Qwen3.6-35B-A3B-FP8,ok,32,127,5080,1337,0.26318897637795274,5080,3300,0.6496062992125984,0,0.0,0.9114274046163809,4630.051215451215,0.9481053149606299,4816.375,Qwen/Qwen3.6-35B-A3B-FP8
mixed_language,40,127,8,40640,same_model,31912,0.7852362204724409,8728,0.21476377952755907,159,True,127,128,32,32,0,"[159, 40, 8]",0,True,32,True,128,159,32,0,0,32,"[128, 40, 8]",1,False,867e7b95290bfb4ef084,expected_aligned_shape,Qwen/Qwen3.6-35B-A3B-FP8,ok,32,127,5080,1897,0.3734251968503937,5080,3811,0.7501968503937008,0,0.0,0.9416153662610357,4783.40606060606,0.966732283464567,4911.0,Qwen/Qwen3.6-35B-A3B-FP8
low_margin,40,127,8,40640,same_model,29370,0.7226870078740157,11270,0.27731299212598426,167,True,127,128,40,40,0,"[167, 40, 8]",0,True,40,True,128,167,40,0,0,40,"[128, 40, 8]",1,False,8740771949897ec70ee2,expected_aligned_shape,Qwen/Qwen3.6-35B-A3B-FP8,ok,32,127,5080,1408,0.27716535433070866,5080,3363,0.662007874015748,0,0.0,0.9148451461049886,4647.413342213342,0.9501968503937008,4827.0,Qwen/Qwen3.6-35B-A3B-FP8
low_margin,40,127,8,40640,same_model,29862,0.7347933070866142,10778,0.26520669291338583,166,True,127,128,39,39,0,"[166, 40, 8]",0,True,39,True,128,166,39,0,0,39,"[128, 40, 8]",1,False,87837c3d21d8aaeaee48,expected_aligned_shape,Qwen/Qwen3.6-35B-A3B-FP8,ok,32,127,5080,1456,0.2866141732283465,5080,3456,0.6803149606299213,0,0.0,0.9227269668214549,4687.452991452991,0.9555364173228347,4854.125,Qwen/Qwen3.6-35B-A3B-FP8
logs,40,127,8,40640,same_model,30058,0.7396161417322835,10582,0.26038385826771654,159,True,127,128,32,32,0,"[159, 40, 8]",0,True,32,True,128,159,32,0,0,32,"[128, 40, 8]",1,False,87b0143d83b8e2ea3fab,expected_aligned_shape,Qwen/Qwen3.6-35B-A3B-FP8,ok,32,127,5080,1515,0.29822834645669294,5080,3479,0.6848425196850394,0,0.0,0.9238899464490016,4693.360927960928,0.9560285433070866,4856.625,Qwen/Qwen3.6-35B-A3B-FP8
code,40,127,8,40640,same_model,29750,0.7320374015748031,10890,0.2679625984251969,159,True,127,128,32,32,0,"[159, 40, 8]",0,True,32,True,128,159,32,0,0,32,"[128, 40, 8]",1,False,881c84297e61741b5731,expected_aligned_shape,Qwen/Qwen3.6-35B-A3B-FP8,ok,32,127,5080,1415,0.2785433070866142,5080,3351,0.6596456692913386,0,0.0,0.9172250059651633,4659.503030303031,0.9523375984251968,4837.875,Qwen/Qwen3.6-35B-A3B-FP8
mixed_language,40,127,8,40640,same_model,32774,0.8064468503937008,7866,0.1935531496062992,159,True,127,128,32,32,0,"[159, 40, 8]",0,True,32,True,128,159,32,0,0,32,"[128, 40, 8]",1,False,8896c20ee2df2e8b3133,expected_aligned_shape,Qwen/Qwen3.6-35B-A3B-FP8,ok,32,127,5080,2034,0.40039370078740155,5080,3877,0.7631889763779528,0,0.0,0.9439775709854451,4795.40606060606,0.9679625984251968,4917.25,Qwen/Qwen3.6-35B-A3B-FP8
logs,40,66,8,21120,same_model,15051,0.7126420454545455,6069,0.28735795454545454,98,True,66,67,32,32,0,"[98, 40, 8]",0,True,32,True,67,98,32,0,0,32,"[67, 40, 8]",1,False,88ac2d2bf4cb11ea13c6,expected_aligned_shape,Qwen/Qwen3.6-35B-A3B-FP8,ok,32,66,2640,675,0.2556818181818182,2640,1737,0.6579545454545455,0,0.0,0.9125408429953884,2409.1078255078255,0.9484375,2503.875,Qwen/Qwen3.6-35B-A3B-FP8
low_margin,40,127,8,40640,same_model,30385,0.7476624015748031,10255,0.2523375984251969,167,True,127,128,40,40,0,"[167, 40, 8]",0,True,40,True,128,167,40,0,0,40,"[128, 40, 8]",1,False,88efd22bf016dd5e5ecc,expected_aligned_shape,Qwen/Qwen3.6-35B-A3B-FP8,ok,32,127,5080,1590,0.31299212598425197,5080,3545,0.6978346456692913,0,0.0,0.9268349760475745,4708.3216783216785,0.9578740157480315,4866.0,Qwen/Qwen3.6-35B-A3B-FP8
logs,40,78,8,24960,same_model,17624,0.7060897435897436,7336,0.2939102564102564,110,True,78,79,32,32,0,"[110, 40, 8]",0,True,32,True,79,110,32,0,0,32,"[79, 40, 8]",1,False,8926131c720f9266b8ae,expected_aligned_shape,Qwen/Qwen3.6-35B-A3B-FP8,ok,32,78,3120,804,0.25769230769230766,3120,2029,0.6503205128205128,0,0.0,0.9136998186998186,2850.7434343434343,0.9501201923076923,2964.375,Qwen/Qwen3.6-35B-A3B-FP8
code,40,127,8,40640,same_model,29900,0.7357283464566929,10740,0.26427165354330706,159,True,127,128,32,32,0,"[159, 40, 8]",0,True,32,True,128,159,32,0,0,32,"[128, 40, 8]",1,False,8a6acfe133d4645e5f08,expected_aligned_shape,Qwen/Qwen3.6-35B-A3B-FP8,ok,32,127,5080,1495,0.29429133858267714,5080,3427,0.6746062992125984,0,0.0,0.9197375590288976,4672.2667998668,0.9533464566929134,4843.0,Qwen/Qwen3.6-35B-A3B-FP8
needle,40,127,8,40640,same_model,29422,0.7239665354330709,11218,0.2760334645669291,159,True,127,128,32,32,0,"[159, 40, 8]",0,True,32,True,128,159,32,0,0,32,"[128, 40, 8]",1,False,8ae848c8e1c8ca3c814a,expected_aligned_shape,Qwen/Qwen3.6-35B-A3B-FP8,ok,32,127,5080,1424,0.2803149606299213,5080,3406,0.6704724409448819,0,0.0,0.9200004894493082,4673.602486402487,0.953863188976378,4845.625,Qwen/Qwen3.6-35B-A3B-FP8
math_numeric,40,127,8,40640,same_model,30240,0.7440944881889764,10400,0.2559055118110236,159,True,127,128,32,32,0,"[159, 40, 8]",0,True,32,True,128,159,32,0,0,32,"[128, 40, 8]",1,False,8bb89f3ce60c2fe4805c,expected_aligned_shape,Qwen/Qwen3.6-35B-A3B-FP8,ok,32,127,5080,1576,0.3102362204724409,5080,3462,0.681496062992126,0,0.0,0.9199983437385011,4673.591586191586,0.9530265748031496,4841.375,Qwen/Qwen3.6-35B-A3B-FP8
low_margin,40,127,8,40640,same_model,29012,0.7138779527559055,11628,0.2861220472440945,166,True,127,128,39,39,0,"[166, 40, 8]",0,True,39,True,128,166,39,0,0,39,"[128, 40, 8]",1,False,8bece812b2966e60e8ad,expected_aligned_shape,Qwen/Qwen3.6-35B-A3B-FP8,ok,32,127,5080,1323,0.26043307086614176,5080,3226,0.6350393700787401,0,0.0,0.9106911636045494,4626.311111111111,0.9484498031496063,4818.125,Qwen/Qwen3.6-35B-A3B-FP8
short_qa,40,127,8,40640,same_model,29243,0.7195620078740157,11397,0.28043799212598425,159,True,127,128,32,32,0,"[159, 40, 8]",0,True,32,True,128,159,32,0,0,32,"[128, 40, 8]",1,False,8bed4f4810f56cc50293,expected_aligned_shape,Qwen/Qwen3.6-35B-A3B-FP8,ok,32,127,5080,1404,0.2763779527559055,5080,3338,0.6570866141732283,0,0.0,0.9156164919944447,4651.331779331779,0.9511564960629921,4831.875,Qwen/Qwen3.6-35B-A3B-FP8
low_margin,40,127,8,40640,same_model,30993,0.762623031496063,9647,0.237376968503937,166,True,127,128,39,39,0,"[166, 40, 8]",0,True,39,True,128,166,39,0,0,39,"[128, 40, 8]",1,False,8bf7f00e1a8446ea3b04,expected_aligned_shape,Qwen/Qwen3.6-35B-A3B-FP8,ok,32,127,5080,1728,0.3401574803149606,5080,3648,0.7181102362204724,0,0.0,0.9335210371430844,4742.286868686869,0.9620570866141732,4887.25,Qwen/Qwen3.6-35B-A3B-FP8
chat,40,127,8,40640,same_model,28649,0.7049458661417323,11991,0.29505413385826773,159,True,127,128,32,32,0,"[159, 40, 8]",0,True,32,True,128,159,32,0,0,32,"[128, 40, 8]",1,False,8bfb44b67e76fa2d1aeb,expected_aligned_shape,Qwen/Qwen3.6-35B-A3B-FP8,ok,32,127,5080,1283,0.2525590551181102,5080,3269,0.643503937007874,0,0.0,0.9114364113576712,4630.09696969697,0.9485974409448819,4818.875,Qwen/Qwen3.6-35B-A3B-FP8
summarization,40,127,8,40640,same_model,30087,0.7403297244094488,10553,0.25967027559055117,159,True,127,128,32,32,0,"[159, 40, 8]",0,True,32,True,128,159,32,0,0,32,"[128, 40, 8]",1,False,8c26b132a52e832bd0b3,expected_aligned_shape,Qwen/Qwen3.6-35B-A3B-FP8,ok,32,127,5080,1567,0.3084645669291339,5080,3495,0.687992125984252,0,0.0,0.920917817965062,4678.262515262515,0.953001968503937,4841.25,Qwen/Qwen3.6-35B-A3B-FP8
math_numeric,40,127,8,40640,same_model,23207,0.5710383858267717,17433,0.42896161417322837,159,True,127,128,32,32,0,"[159, 40, 8]",0,True,32,True,128,159,32,0,0,32,"[128, 40, 8]",1,False,8c52d05567920b9068cd,expected_aligned_shape,Qwen/Qwen3.6-35B-A3B-FP8,ok,32,127,5080,812,0.15984251968503937,5080,2412,0.4748031496062992,0,0.0,0.8092718043111745,4111.1007659007655,0.8703740157480315,4421.5,Qwen/Qwen3.6-35B-A3B-FP8
math_numeric,40,127,8,40640,same_model,19441,0.478371062992126,21199,0.521628937007874,159,True,127,128,32,32,0,"[159, 40, 8]",0,True,32,True,128,159,32,0,0,32,"[128, 40, 8]",1,False,8c7dc41fc40ddda41eef,expected_aligned_shape,Qwen/Qwen3.6-35B-A3B-FP8,ok,32,127,5080,327,0.06437007874015747,5080,1745,0.343503937007874,0,0.0,0.7713620063226362,3918.518992118992,0.8454724409448819,4295.0,Qwen/Qwen3.6-35B-A3B-FP8
summarization,40,127,8,40640,same_model,29863,0.7348179133858268,10777,0.26518208661417325,163,True,127,128,36,36,0,"[163, 40, 8]",0,True,36,True,128,163,36,0,0,36,"[128, 40, 8]",1,False,8c9b98b64a58814a2f39,expected_aligned_shape,Qwen/Qwen3.6-35B-A3B-FP8,ok,32,127,5080,1527,0.30059055118110234,5080,3447,0.6785433070866141,0,0.0,0.9199216618901659,4673.202042402042,0.9531496062992126,4842.0,Qwen/Qwen3.6-35B-A3B-FP8
math_numeric,40,11,8,3520,same_model,2469,0.7014204545454545,1051,0.29857954545454546,43,True,11,12,32,32,0,"[43, 40, 8]",0,True,32,True,12,43,32,0,0,32,"[12, 40, 8]",1,False,8cbc6deb366a90598072,expected_aligned_shape,Qwen/Qwen3.6-35B-A3B-FP8,ok,32,11,440,99,0.225,440,262,0.5954545454545455,0,0.0,0.9032323232323233,397.4222222222222,0.9446022727272727,415.625,Qwen/Qwen3.6-35B-A3B-FP8
logs,40,127,8,40640,same_model,29828,0.7339566929133858,10812,0.26604330708661417,159,True,127,128,32,32,0,"[159, 40, 8]",0,True,32,True,128,159,32,0,0,32,"[128, 40, 8]",1,False,8cef8dce1364c7587754,expected_aligned_shape,Qwen/Qwen3.6-35B-A3B-FP8,ok,32,127,5080,1500,0.2952755905511811,5080,3412,0.6716535433070866,0,0.0,0.9195382744989045,4671.254434454435,0.9533956692913386,4843.25,Qwen/Qwen3.6-35B-A3B-FP8
summarization,40,127,8,40640,same_model,31065,0.76439468503937,9575,0.23560531496062992,163,True,127,128,36,36,0,"[163, 40, 8]",0,True,36,True,128,163,36,0,0,36,"[128, 40, 8]",1,False,8d55514286def2bb6141,expected_aligned_shape,Qwen/Qwen3.6-35B-A3B-FP8,ok,32,127,5080,1738,0.3421259842519685,5080,3677,0.7238188976377953,0,0.0,0.9332964410917167,4741.145920745921,0.9616141732283464,4885.0,Qwen/Qwen3.6-35B-A3B-FP8
json_structured,40,127,8,40640,same_model,29404,0.7235236220472441,11236,0.2764763779527559,159,True,127,128,32,32,0,"[159, 40, 8]",0,True,32,True,128,159,32,0,0,32,"[128, 40, 8]",1,False,8dc7a0e49d8054a4febf,expected_aligned_shape,Qwen/Qwen3.6-35B-A3B-FP8,ok,32,127,5080,1405,0.2765748031496063,5080,3402,0.6696850393700787,0,0.0,0.9165360317722521,4656.003041403042,0.9507874015748031,4830.0,Qwen/Qwen3.6-35B-A3B-FP8
logs,40,127,8,40640,same_model,30158,0.7420767716535434,10482,0.2579232283464567,159,True,127,128,32,32,0,"[159, 40, 8]",0,True,32,True,128,159,32,0,0,32,"[128, 40, 8]",1,False,8df5f48dc72ff9b25245,expected_aligned_shape,Qwen/Qwen3.6-35B-A3B-FP8,ok,32,127,5080,1567,0.3084645669291339,5080,3471,0.6832677165354331,0,0.0,0.9225933034594451,4686.7739815739815,0.9552165354330708,4852.5,Qwen/Qwen3.6-35B-A3B-FP8
json_structured,40,127,8,40640,same_model,29577,0.7277805118110237,11063,0.2722194881889764,159,True,127,128,32,32,0,"[159, 40, 8]",0,True,32,True,128,159,32,0,0,32,"[128, 40, 8]",1,False,8e07a080e3fb068115b8,expected_aligned_shape,Qwen/Qwen3.6-35B-A3B-FP8,ok,32,127,5080,1407,0.2769685039370079,5080,3390,0.6673228346456693,0,0.0,0.916483852979916,4655.737973137973,0.9511564960629921,4831.875,Qwen/Qwen3.6-35B-A3B-FP8
low_margin,40,127,8,40640,same_model,30610,0.7531988188976378,10030,0.2468011811023622,166,True,127,128,39,39,0,"[166, 40, 8]",0,True,39,True,128,166,39,0,0,39,"[128, 40, 8]",1,False,8e0dec58e940d3bca91d,expected_aligned_shape,Qwen/Qwen3.6-35B-A3B-FP8,ok,32,127,5080,1645,0.32381889763779526,5080,3627,0.7139763779527559,0,0.0,0.9293492072232229,4721.093972693972,0.9581446850393701,4867.375,Qwen/Qwen3.6-35B-A3B-FP8
code,40,127,8,40640,same_model,30825,0.7584891732283464,9815,0.24151082677165353,159,True,127,128,32,32,0,"[159, 40, 8]",0,True,32,True,128,159,32,0,0,32,"[128, 40, 8]",1,False,8e12b4849e3760c026ef,expected_aligned_shape,Qwen/Qwen3.6-35B-A3B-FP8,ok,32,127,5080,1667,0.3281496062992126,5080,3582,0.7051181102362205,0,0.0,0.9262875357363548,4705.540681540681,0.9570620078740157,4861.875,Qwen/Qwen3.6-35B-A3B-FP8
math_numeric,40,127,8,40640,same_model,25440,0.6259842519685039,15200,0.37401574803149606,159,True,127,128,32,32,0,"[159, 40, 8]",0,True,32,True,128,159,32,0,0,32,"[128, 40, 8]",1,False,8e6325f69f2dede3825c,expected_aligned_shape,Qwen/Qwen3.6-35B-A3B-FP8,ok,32,127,5080,1011,0.19901574803149608,5080,2783,0.5478346456692913,0,0.0,0.8595607804269222,4366.568764568765,0.9097194881889764,4621.375,Qwen/Qwen3.6-35B-A3B-FP8
logs,40,127,8,40640,same_model,27269,0.6709891732283465,13371,0.32901082677165355,159,True,127,128,32,32,0,"[159, 40, 8]",0,True,32,True,128,159,32,0,0,32,"[128, 40, 8]",1,False,8e676d49327d4d22552d,expected_aligned_shape,Qwen/Qwen3.6-35B-A3B-FP8,ok,32,127,5080,1025,0.2017716535433071,5080,3047,0.5998031496062992,0,0.0,0.896348791191311,4553.451859251859,0.9383366141732283,4766.75,Qwen/Qwen3.6-35B-A3B-FP8
logs,40,17,8,5440,same_model,3782,0.6952205882352941,1658,0.3047794117647059,49,True,17,18,32,32,0,"[49, 40, 8]",0,True,32,True,18,49,32,0,0,32,"[18, 40, 8]",1,False,8ec49816cc265f8b8294,expected_aligned_shape,Qwen/Qwen3.6-35B-A3B-FP8,ok,32,17,680,146,0.21470588235294116,680,456,0.6705882352941176,0,0.0,0.9213547237076648,626.5212121212121,0.9549632352941176,649.375,Qwen/Qwen3.6-35B-A3B-FP8
low_margin,40,127,8,40640,same_model,29563,0.7274360236220473,11077,0.27256397637795277,166,True,127,128,39,39,0,"[166, 40, 8]",0,True,39,True,128,166,39,0,0,39,"[128, 40, 8]",1,False,8f69f039471770707b7e,expected_aligned_shape,Qwen/Qwen3.6-35B-A3B-FP8,ok,32,127,5080,1485,0.29232283464566927,5080,3418,0.6728346456692913,0,0.0,0.9193015558369889,4670.051903651904,0.9532726377952756,4842.625,Qwen/Qwen3.6-35B-A3B-FP8
logs,40,127,8,40640,same_model,31862,0.784005905511811,8778,0.215994094488189,159,True,127,128,32,32,0,"[159, 40, 8]",0,True,32,True,128,159,32,0,0,32,"[128, 40, 8]",1,False,8f7d10ec4ff11a647ee7,expected_aligned_shape,Qwen/Qwen3.6-35B-A3B-FP8,ok,32,127,5080,1866,0.3673228346456693,5080,3901,0.7679133858267716,0,0.0,0.9453948938200908,4802.606060606061,0.9688238188976378,4921.625,Qwen/Qwen3.6-35B-A3B-FP8
chat,40,127,8,40640,same_model,30563,0.7520423228346457,10077,0.24795767716535433,159,True,127,128,32,32,0,"[159, 40, 8]",0,True,32,True,128,159,32,0,0,32,"[128, 40, 8]",1,False,8f8115aa4a281d951a7c,expected_aligned_shape,Qwen/Qwen3.6-35B-A3B-FP8,ok,32,127,5080,1549,0.30492125984251967,5080,3582,0.7051181102362205,0,0.0,0.9297319653225166,4723.038383838384,0.9597687007874016,4875.625,Qwen/Qwen3.6-35B-A3B-FP8
math_numeric,40,127,8,40640,same_model,31251,0.7689714566929133,9389,0.2310285433070866,159,True,127,128,32,32,0,"[159, 40, 8]",0,True,32,True,128,159,32,0,0,32,"[128, 40, 8]",1,False,8f9070376249b3bc8557,expected_aligned_shape,Qwen/Qwen3.6-35B-A3B-FP8,ok,32,127,5080,1738,0.3421259842519685,5080,3613,0.7112204724409449,0,0.0,0.9297268872859423,4723.012587412587,0.9594734251968504,4874.125,Qwen/Qwen3.6-35B-A3B-FP8
summarization,40,127,8,40640,same_model,30366,0.7471948818897638,10274,0.2528051181102362,159,True,127,128,32,32,0,"[159, 40, 8]",0,True,32,True,128,159,32,0,0,32,"[128, 40, 8]",1,False,8fb265f41b57655fdaf6,expected_aligned_shape,Qwen/Qwen3.6-35B-A3B-FP8,ok,32,127,5080,1564,0.30787401574803147,5080,3619,0.7124015748031496,0,0.0,0.9305026644396723,4726.953535353536,0.9600393700787402,4877.0,Qwen/Qwen3.6-35B-A3B-FP8
code,40,127,8,40640,same_model,29646,0.729478346456693,10994,0.2705216535433071,159,True,127,128,32,32,0,"[159, 40, 8]",0,True,32,True,128,159,32,0,0,32,"[128, 40, 8]",1,False,900f406d35eb6b62a9d6,expected_aligned_shape,Qwen/Qwen3.6-35B-A3B-FP8,ok,32,127,5080,1492,0.2937007874015748,5080,3393,0.6679133858267716,0,0.0,0.9161129246956019,4653.853657453657,0.9508858267716536,4830.5,Qwen/Qwen3.6-35B-A3B-FP8
code,40,127,8,40640,same_model,30665,0.7545521653543307,9975,0.2454478346456693,159,True,127,128,32,32,0,"[159, 40, 8]",0,True,32,True,128,159,32,0,0,32,"[128, 40, 8]",1,False,901fbb039eb51be272f4,expected_aligned_shape,Qwen/Qwen3.6-35B-A3B-FP8,ok,32,127,5080,1645,0.32381889763779526,5080,3576,0.7039370078740157,0,0.0,0.9252241546729736,4700.1387057387055,0.9559793307086614,4856.375,Qwen/Qwen3.6-35B-A3B-FP8
summarization,40,127,8,40640,same_model,31087,0.7649360236220473,9553,0.23506397637795276,167,True,127,128,40,40,0,"[167, 40, 8]",0,True,40,True,128,167,40,0,0,40,"[128, 40, 8]",1,False,904d79524f4d042d53f9,expected_aligned_shape,Qwen/Qwen3.6-35B-A3B-FP8,ok,32,127,5080,1715,0.3375984251968504,5080,3682,0.7248031496062992,0,0.0,0.9327299909189674,4738.268353868354,0.9608021653543307,4880.875,Qwen/Qwen3.6-35B-A3B-FP8
summarization,40,127,8,40640,same_model,29756,0.7321850393700787,10884,0.2678149606299213,163,True,127,128,36,36,0,"[163, 40, 8]",0,True,36,True,128,163,36,0,0,36,"[128, 40, 8]",1,False,90d92c6b78f853e6b846,expected_aligned_shape,Qwen/Qwen3.6-35B-A3B-FP8,ok,32,127,5080,1520,0.2992125984251969,5080,3405,0.6702755905511811,0,0.0,0.9164427173875993,4655.529004329004,0.9508858267716536,4830.5,Qwen/Qwen3.6-35B-A3B-FP8
summarization,40,127,8,40640,same_model,30123,0.7412155511811024,10517,0.2587844488188976,159,True,127,128,32,32,0,"[159, 40, 8]",0,True,32,True,128,159,32,0,0,32,"[128, 40, 8]",1,False,91a31847728383045e3a,expected_aligned_shape,Qwen/Qwen3.6-35B-A3B-FP8,ok,32,127,5080,1551,0.30531496062992125,5080,3529,0.6946850393700787,0,0.0,0.9256048675733715,4702.072727272727,0.9571112204724409,4862.125,Qwen/Qwen3.6-35B-A3B-FP8
code,40,127,8,40640,same_model,30075,0.7400344488188977,10565,0.2599655511811024,166,True,127,128,39,39,0,"[166, 40, 8]",0,True,39,True,128,166,39,0,0,39,"[128, 40, 8]",1,False,91f0bd8d1b2650d3ab83,expected_aligned_shape,Qwen/Qwen3.6-35B-A3B-FP8,ok,32,127,5080,1453,0.2860236220472441,5080,3451,0.6793307086614173,0,0.0,0.9216069931817963,4681.763525363525,0.9546751968503937,4849.75,Qwen/Qwen3.6-35B-A3B-FP8
low_margin,40,127,8,40640,same_model,28802,0.7087106299212599,11838,0.2912893700787402,167,True,127,128,40,40,0,"[167, 40, 8]",0,True,40,True,128,167,40,0,0,40,"[128, 40, 8]",1,False,920487cdb3ea7356e413,expected_aligned_shape,Qwen/Qwen3.6-35B-A3B-FP8,ok,32,127,5080,1328,0.2614173228346457,5080,3226,0.6350393700787401,0,0.0,0.9059920044959415,4602.439382839383,0.9444389763779527,4797.75,Qwen/Qwen3.6-35B-A3B-FP8
needle,40,127,8,40640,same_model,29158,0.7174704724409449,11482,0.28252952755905514,159,True,127,128,32,32,0,"[159, 40, 8]",0,True,32,True,128,159,32,0,0,32,"[128, 40, 8]",1,False,923e8a0e4829c62a5409,expected_aligned_shape,Qwen/Qwen3.6-35B-A3B-FP8,ok,32,127,5080,1283,0.2525590551181102,5080,3378,0.6649606299212598,0,0.0,0.9190799576626348,4668.926184926185,0.9534448818897637,4843.5,Qwen/Qwen3.6-35B-A3B-FP8
logs,40,127,8,40640,same_model,29328,0.7216535433070866,11312,0.2783464566929134,159,True,127,128,32,32,0,"[159, 40, 8]",0,True,32,True,128,159,32,0,0,32,"[128, 40, 8]",1,False,926b6f8891804d72864f,expected_aligned_shape,Qwen/Qwen3.6-35B-A3B-FP8,ok,32,127,5080,1438,0.28307086614173227,5080,3401,0.669488188976378,0,0.0,0.9149555562547688,4647.9742257742255,0.9487942913385827,4819.875,Qwen/Qwen3.6-35B-A3B-FP8
mixed_language,40,33,8,10560,same_model,7620,0.7215909090909091,2940,0.2784090909090909,65,True,33,34,32,32,0,"[65, 40, 8]",0,True,32,True,34,65,32,0,0,32,"[34, 40, 8]",1,False,92700be4ef3a5fb144b6,expected_aligned_shape,Qwen/Qwen3.6-35B-A3B-FP8,ok,32,33,1320,360,0.2727272727272727,1320,918,0.6954545454545454,0,0.0,0.9285521885521886,1225.6888888888889,0.959280303030303,1266.25,Qwen/Qwen3.6-35B-A3B-FP8
short_qa,40,127,8,40640,same_model,28884,0.7107283464566929,11756,0.2892716535433071,159,True,127,128,32,32,0,"[159, 40, 8]",0,True,32,True,128,159,32,0,0,32,"[128, 40, 8]",1,False,9275ef27e00389353e75,expected_aligned_shape,Qwen/Qwen3.6-35B-A3B-FP8,ok,32,127,5080,1337,0.26318897637795274,5080,3280,0.6456692913385826,0,0.0,0.9094876864168202,4620.197446997447,0.946628937007874,4808.875,Qwen/Qwen3.6-35B-A3B-FP8
logs,40,127,8,40640,same_model,27410,0.6744586614173228,13230,0.32554133858267714,159,True,127,128,32,32,0,"[159, 40, 8]",0,True,32,True,128,159,32,0,0,32,"[128, 40, 8]",1,False,92a2248985d77febb48f,expected_aligned_shape,Qwen/Qwen3.6-35B-A3B-FP8,ok,32,127,5080,1203,0.23681102362204726,5080,3023,0.5950787401574803,0,0.0,0.8872733216040302,4507.348473748474,0.9315944881889764,4732.5,Qwen/Qwen3.6-35B-A3B-FP8
needle,40,127,8,40640,same_model,28807,0.7088336614173228,11833,0.29116633858267715,159,True,127,128,32,32,0,"[159, 40, 8]",0,True,32,True,128,159,32,0,0,32,"[128, 40, 8]",1,False,93073cdcb586446bbee2,expected_aligned_shape,Qwen/Qwen3.6-35B-A3B-FP8,ok,32,127,5080,1317,0.259251968503937,5080,3282,0.6460629921259843,0,0.0,0.912266333841137,4634.312975912976,0.9490403543307087,4821.125,Qwen/Qwen3.6-35B-A3B-FP8
math_numeric,40,127,8,40640,same_model,19398,0.47731299212598427,21242,0.5226870078740158,159,True,127,128,32,32,0,"[159, 40, 8]",0,True,32,True,128,159,32,0,0,32,"[128, 40, 8]",1,False,931ae9fab340ba6d5feb,expected_aligned_shape,Qwen/Qwen3.6-35B-A3B-FP8,ok,32,127,5080,354,0.06968503937007874,5080,1689,0.3324803149606299,0,0.0,0.7638258460699404,3880.235298035298,0.8410433070866141,4272.5,Qwen/Qwen3.6-35B-A3B-FP8
low_margin,40,127,8,40640,same_model,29432,0.7242125984251968,11208,0.27578740157480314,166,True,127,128,39,39,0,"[166, 40, 8]",0,True,39,True,128,166,39,0,0,39,"[128, 40, 8]",1,False,936d2f4f34bc153938c7,expected_aligned_shape,Qwen/Qwen3.6-35B-A3B-FP8,ok,32,127,5080,1461,0.2875984251968504,5080,3372,0.6637795275590551,0,0.0,0.9164196783094419,4655.411965811966,0.9514517716535433,4833.375,Qwen/Qwen3.6-35B-A3B-FP8
code,40,127,8,40640,same_model,30090,0.7404035433070866,10550,0.25959645669291337,159,True,127,128,32,32,0,"[159, 40, 8]",0,True,32,True,128,159,32,0,0,32,"[128, 40, 8]",1,False,93b60f37729f176e892a,expected_aligned_shape,Qwen/Qwen3.6-35B-A3B-FP8,ok,32,127,5080,1508,0.2968503937007874,5080,3480,0.6850393700787402,0,0.0,0.9195831989532776,4671.48265068265,0.9524852362204724,4838.625,Qwen/Qwen3.6-35B-A3B-FP8
json_structured,40,127,8,40640,same_model,26884,0.661515748031496,13756,0.33848425196850396,159,True,127,128,32,32,0,"[159, 40, 8]",0,True,32,True,128,159,32,0,0,32,"[128, 40, 8]",1,False,93fabd5451c8ad06e5a6,expected_aligned_shape,Qwen/Qwen3.6-35B-A3B-FP8,ok,32,127,5080,1057,0.20807086614173229,5080,3021,0.5946850393700788,0,0.0,0.8862647413828516,4502.224886224886,0.9301181102362205,4725.0,Qwen/Qwen3.6-35B-A3B-FP8
chat,40,127,8,40640,same_model,28738,0.7071358267716535,11902,0.29286417322834646,159,True,127,128,32,32,0,"[159, 40, 8]",0,True,32,True,128,159,32,0,0,32,"[128, 40, 8]",1,False,945435bd96bddc603b32,expected_aligned_shape,Qwen/Qwen3.6-35B-A3B-FP8,ok,32,127,5080,1273,0.25059055118110235,5080,3225,0.6348425196850394,0,0.0,0.9084128032946931,4614.737040737041,0.9465797244094488,4808.625,Qwen/Qwen3.6-35B-A3B-FP8
math_numeric,40,127,8,40640,same_model,30210,0.7433562992125984,10430,0.25664370078740156,159,True,127,128,32,32,0,"[159, 40, 8]",0,True,32,True,128,159,32,0,0,32,"[128, 40, 8]",1,False,9454c66d812ca8015f40,expected_aligned_shape,Qwen/Qwen3.6-35B-A3B-FP8,ok,32,127,5080,1571,0.309251968503937,5080,3566,0.7019685039370078,0,0.0,0.9234638327551714,4691.196270396271,0.9546259842519685,4849.5,Qwen/Qwen3.6-35B-A3B-FP8
math_numeric,40,127,8,40640,same_model,30151,0.7419045275590551,10489,0.2580954724409449,159,True,127,128,32,32,0,"[159, 40, 8]",0,True,32,True,128,159,32,0,0,32,"[128, 40, 8]",1,False,949662d1b45ab08be739,expected_aligned_shape,Qwen/Qwen3.6-35B-A3B-FP8,ok,32,127,5080,1574,0.3098425196850394,5080,3551,0.699015748031496,0,0.0,0.9254992251842646,4701.536063936064,0.9565206692913386,4859.125,Qwen/Qwen3.6-35B-A3B-FP8
short_qa,40,127,8,40640,same_model,31924,0.7855314960629921,8716,0.21446850393700786,159,True,127,128,32,32,0,"[159, 40, 8]",0,True,32,True,128,159,32,0,0,32,"[128, 40, 8]",1,False,94c3b64c6bf713d43706,expected_aligned_shape,Qwen/Qwen3.6-35B-A3B-FP8,ok,32,127,5080,1833,0.3608267716535433,5080,3814,0.7507874015748032,0,0.0,0.9419502107691083,4785.10707070707,0.9669537401574804,4912.125,Qwen/Qwen3.6-35B-A3B-FP8
short_qa,40,127,8,40640,same_model,29576,0.727755905511811,11064,0.272244094488189,159,True,127,128,32,32,0,"[159, 40, 8]",0,True,32,True,128,159,32,0,0,32,"[128, 40, 8]",1,False,94c9b024e01262064ee8,expected_aligned_shape,Qwen/Qwen3.6-35B-A3B-FP8,ok,32,127,5080,1410,0.27755905511811024,5080,3410,0.6712598425196851,0,0.0,0.9202576950608446,4674.909090909091,0.9541338582677166,4847.0,Qwen/Qwen3.6-35B-A3B-FP8
needle,40,127,8,40640,same_model,28712,0.706496062992126,11928,0.293503937007874,159,True,127,128,32,32,0,"[159, 40, 8]",0,True,32,True,128,159,32,0,0,32,"[128, 40, 8]",1,False,950f33e688fc0163fe83,expected_aligned_shape,Qwen/Qwen3.6-35B-A3B-FP8,ok,32,127,5080,1310,0.2578740157480315,5080,3273,0.6442913385826772,0,0.0,0.912159856766156,4633.772072372072,0.9488927165354331,4820.375,Qwen/Qwen3.6-35B-A3B-FP8
logs,40,127,8,40640,same_model,30161,0.7421505905511812,10479,0.2578494094488189,159,True,127,128,32,32,0,"[159, 40, 8]",0,True,32,True,128,159,32,0,0,32,"[128, 40, 8]",1,False,956d9d561147514093ad,expected_aligned_shape,Qwen/Qwen3.6-35B-A3B-FP8,ok,32,127,5080,1557,0.306496062992126,5080,3544,0.6976377952755906,0,0.0,0.9272106895728942,4710.230303030303,0.9581692913385826,4867.5,Qwen/Qwen3.6-35B-A3B-FP8
short_qa,40,127,8,40640,same_model,30482,0.7500492125984252,10158,0.2499507874015748,166,True,127,128,39,39,0,"[166, 40, 8]",0,True,39,True,128,166,39,0,0,39,"[128, 40, 8]",1,False,95af21ac53e5a74d9dc8,expected_aligned_shape,Qwen/Qwen3.6-35B-A3B-FP8,ok,32,127,5080,1622,0.31929133858267716,5080,3606,0.7098425196850394,0,0.0,0.9283816708226157,4716.178887778888,0.9581938976377953,4867.625,Qwen/Qwen3.6-35B-A3B-FP8
logs,40,127,8,40640,same_model,31947,0.7860974409448819,8693,0.2139025590551181,159,True,127,128,32,32,0,"[159, 40, 8]",0,True,32,True,128,159,32,0,0,32,"[128, 40, 8]",1,False,95cdcf7639cf6452a717,expected_aligned_shape,Qwen/Qwen3.6-35B-A3B-FP8,ok,32,127,5080,1980,0.38976377952755903,5080,3838,0.7555118110236221,0,0.0,0.9403945660638575,4777.204395604395,0.9654773622047244,4904.625,Qwen/Qwen3.6-35B-A3B-FP8
code,40,127,8,40640,same_model,30188,0.7428149606299213,10452,0.25718503937007875,159,True,127,128,32,32,0,"[159, 40, 8]",0,True,32,True,128,159,32,0,0,32,"[128, 40, 8]",1,False,95d8bd020621ee918a68,expected_aligned_shape,Qwen/Qwen3.6-35B-A3B-FP8,ok,32,127,5080,1496,0.29448818897637796,5080,3451,0.6793307086614173,0,0.0,0.9212872604211186,4680.139282939283,0.9544783464566929,4848.75,Qwen/Qwen3.6-35B-A3B-FP8
math_numeric,40,127,8,40640,same_model,30558,0.7519192913385827,10082,0.24808070866141732,159,True,127,128,32,32,0,"[159, 40, 8]",0,True,32,True,128,159,32,0,0,32,"[128, 40, 8]",1,False,96c2ea5592f2ccf72270,expected_aligned_shape,Qwen/Qwen3.6-35B-A3B-FP8,ok,32,127,5080,1669,0.32854330708661417,5080,3477,0.6844488188976378,0,0.0,0.919267984858536,4669.881363081363,0.9524360236220473,4838.375,Qwen/Qwen3.6-35B-A3B-FP8
low_margin,40,127,8,40640,same_model,29630,0.7290846456692913,11010,0.2709153543307087,167,True,127,128,40,40,0,"[167, 40, 8]",0,True,40,True,128,167,40,0,0,40,"[128, 40, 8]",1,False,97635eef2c4a536f1a9c,expected_aligned_shape,Qwen/Qwen3.6-35B-A3B-FP8,ok,32,127,5080,1457,0.28681102362204725,5080,3439,0.6769685039370079,0,0.0,0.9215612821124632,4681.531313131313,0.9548720472440945,4850.75,Qwen/Qwen3.6-35B-A3B-FP8
low_margin,40,127,8,40640,same_model,29337,0.721875,11303,0.278125,167,True,127,128,40,40,0,"[167, 40, 8]",0,True,40,True,128,167,40,0,0,40,"[128, 40, 8]",1,False,9778cb7f4462c7e5a6bb,expected_aligned_shape,Qwen/Qwen3.6-35B-A3B-FP8,ok,32,127,5080,1386,0.27283464566929133,5080,3353,0.6600393700787401,0,0.0,0.9169332941773888,4658.021134421135,0.9520423228346456,4836.375,Qwen/Qwen3.6-35B-A3B-FP8
summarization,40,127,8,40640,same_model,31099,0.7652312992125985,9541,0.23476870078740159,167,True,127,128,40,40,0,"[167, 40, 8]",0,True,40,True,128,167,40,0,0,40,"[128, 40, 8]",1,False,977dba706199d097d6fe,expected_aligned_shape,Qwen/Qwen3.6-35B-A3B-FP8,ok,32,127,5080,1735,0.34153543307086615,5080,3711,0.7305118110236221,0,0.0,0.9341787433913418,4745.628016428016,0.9618602362204725,4886.25,Qwen/Qwen3.6-35B-A3B-FP8
math_numeric,40,127,8,40640,same_model,28683,0.7057824803149606,11957,0.2942175196850394,159,True,127,128,32,32,0,"[159, 40, 8]",0,True,32,True,128,159,32,0,0,32,"[128, 40, 8]",1,False,97c0d2ccb5929d573fb4,expected_aligned_shape,Qwen/Qwen3.6-35B-A3B-FP8,ok,32,127,5080,1429,0.2812992125984252,5080,3262,0.6421259842519685,0,0.0,0.9052268859749175,4598.552580752581,0.9437253937007875,4794.125,Qwen/Qwen3.6-35B-A3B-FP8
code,40,127,8,40640,same_model,27073,0.6661663385826772,13567,0.33383366141732285,159,True,127,128,32,32,0,"[159, 40, 8]",0,True,32,True,128,159,32,0,0,32,"[128, 40, 8]",1,False,97e513b5080922851ec5,expected_aligned_shape,Qwen/Qwen3.6-35B-A3B-FP8,ok,32,127,5080,1213,0.23877952755905513,5080,3027,0.5958661417322835,0,0.0,0.8836215796452016,4488.797624597624,0.9272883858267716,4710.625,Qwen/Qwen3.6-35B-A3B-FP8
low_margin,40,127,8,40640,same_model,30728,0.7561023622047244,9912,0.2438976377952756,165,True,127,128,38,38,0,"[165, 40, 8]",0,True,38,True,128,165,38,0,0,38,"[128, 40, 8]",1,False,97eef9bf61d78dbe04cb,expected_aligned_shape,Qwen/Qwen3.6-35B-A3B-FP8,ok,32,127,5080,1602,0.3153543307086614,5080,3577,0.7041338582677166,0,0.0,0.9302083830430286,4725.458585858586,0.960113188976378,4877.375,Qwen/Qwen3.6-35B-A3B-FP8
json_structured,40,127,8,40640,same_model,29443,0.7244832677165355,11197,0.27551673228346457,159,True,127,128,32,32,0,"[159, 40, 8]",0,True,32,True,128,159,32,0,0,32,"[128, 40, 8]",1,False,988fea42cce728b13a95,expected_aligned_shape,Qwen/Qwen3.6-35B-A3B-FP8,ok,32,127,5080,1446,0.2846456692913386,5080,3446,0.6783464566929134,0,0.0,0.9173247137814066,4660.009546009546,0.950738188976378,4829.75,Qwen/Qwen3.6-35B-A3B-FP8
chat,40,127,8,40640,same_model,28648,0.7049212598425196,11992,0.2950787401574803,159,True,127,128,32,32,0,"[159, 40, 8]",0,True,32,True,128,159,32,0,0,32,"[128, 40, 8]",1,False,989223a35c82a9c924d7,expected_aligned_shape,Qwen/Qwen3.6-35B-A3B-FP8,ok,32,127,5080,1262,0.2484251968503937,5080,3241,0.6379921259842519,0,0.0,0.9098553152883861,4622.065001665002,0.947490157480315,4813.25,Qwen/Qwen3.6-35B-A3B-FP8
summarization,40,127,8,40640,same_model,29545,0.7269931102362205,11095,0.2730068897637795,163,True,127,128,36,36,0,"[163, 40, 8]",0,True,36,True,128,163,36,0,0,36,"[128, 40, 8]",1,False,98b5f162f676011fb726,expected_aligned_shape,Qwen/Qwen3.6-35B-A3B-FP8,ok,32,127,5080,1447,0.2848425196850394,5080,3376,0.6645669291338583,0,0.0,0.9164400603770684,4655.5155067155065,0.9512795275590551,4832.5,Qwen/Qwen3.6-35B-A3B-FP8
logs,40,127,8,40640,same_model,28529,0.7019931102362205,12111,0.29800688976377954,159,True,127,128,32,32,0,"[159, 40, 8]",0,True,32,True,128,159,32,0,0,32,"[128, 40, 8]",1,False,98f863bfa0adecb134b6,expected_aligned_shape,Qwen/Qwen3.6-35B-A3B-FP8,ok,32,127,5080,1287,0.2533464566929134,5080,3231,0.636023622047244,0,0.0,0.909627843722332,4620.909446109446,0.9475639763779528,4813.625,Qwen/Qwen3.6-35B-A3B-FP8
summarization,40,127,8,40640,same_model,29600,0.7283464566929134,11040,0.27165354330708663,163,True,127,128,36,36,0,"[163, 40, 8]",0,True,36,True,128,163,36,0,0,36,"[128, 40, 8]",1,False,995ced5a07b811c64ec3,expected_aligned_shape,Qwen/Qwen3.6-35B-A3B-FP8,ok,32,127,5080,1483,0.29192913385826774,5080,3406,0.6704724409448819,0,0.0,0.9157152908334011,4651.833677433678,0.9502952755905512,4827.5,Qwen/Qwen3.6-35B-A3B-FP8
json_structured,40,127,8,40640,same_model,30920,0.7608267716535433,9720,0.23917322834645668,166,True,127,128,39,39,0,"[166, 40, 8]",0,True,39,True,128,166,39,0,0,39,"[128, 40, 8]",1,False,996641191bc8907bbda6,expected_aligned_shape,Qwen/Qwen3.6-35B-A3B-FP8,ok,32,127,5080,1682,0.3311023622047244,5080,3642,0.7169291338582677,0,0.0,0.931610594130279,4732.581818181819,0.96060531496063,4879.875,Qwen/Qwen3.6-35B-A3B-FP8
code,40,127,8,40640,same_model,28923,0.7116879921259842,11717,0.28831200787401573,159,True,127,128,32,32,0,"[159, 40, 8]",0,True,32,True,128,159,32,0,0,32,"[128, 40, 8]",1,False,99a65da76e4ea87b0250,expected_aligned_shape,Qwen/Qwen3.6-35B-A3B-FP8,ok,32,127,5080,1350,0.265748031496063,5080,3259,0.6415354330708661,0,0.0,0.9057542501243289,4601.231590631591,0.9436023622047244,4793.5,Qwen/Qwen3.6-35B-A3B-FP8
short_qa,40,127,8,40640,same_model,30658,0.7543799212598425,9982,0.24562007874015748,166,True,127,128,39,39,0,"[166, 40, 8]",0,True,39,True,128,166,39,0,0,39,"[128, 40, 8]",1,False,99a78f400e015cd2fba3,expected_aligned_shape,Qwen/Qwen3.6-35B-A3B-FP8,ok,32,127,5080,1620,0.3188976377952756,5080,3576,0.7039370078740157,0,0.0,0.9291338582677166,4720.0,0.9593503937007875,4873.5,Qwen/Qwen3.6-35B-A3B-FP8
low_margin,40,127,8,40640,same_model,31133,0.7660679133858268,9507,0.23393208661417322,166,True,127,128,39,39,0,"[166, 40, 8]",0,True,39,True,128,166,39,0,0,39,"[128, 40, 8]",1,False,99aa773428705b28a4d8,expected_aligned_shape,Qwen/Qwen3.6-35B-A3B-FP8,ok,32,127,5080,1712,0.33700787401574805,5080,3653,0.7190944881889764,0,0.0,0.9331146106736659,4740.222222222223,0.9616879921259842,4885.375,Qwen/Qwen3.6-35B-A3B-FP8
json_structured,40,127,8,40640,same_model,30917,0.7607529527559055,9723,0.23924704724409449,167,True,127,128,40,40,0,"[167, 40, 8]",0,True,40,True,128,167,40,0,0,40,"[128, 40, 8]",1,False,99c8e7d0f416023a1076,expected_aligned_shape,Qwen/Qwen3.6-35B-A3B-FP8,ok,32,127,5080,1692,0.33307086614173226,5080,3660,0.7204724409448819,0,0.0,0.9322267583684908,4735.711932511933,0.9608759842519685,4881.25,Qwen/Qwen3.6-35B-A3B-FP8
short_qa,40,127,8,40640,same_model,31168,0.7669291338582677,9472,0.23307086614173228,166,True,127,128,39,39,0,"[166, 40, 8]",0,True,39,True,128,166,39,0,0,39,"[128, 40, 8]",1,False,9a2f9d506b9d5b97607c,expected_aligned_shape,Qwen/Qwen3.6-35B-A3B-FP8,ok,32,127,5080,1702,0.3350393700787402,5080,3668,0.7220472440944882,0,0.0,0.934650441422095,4748.024242424242,0.9626722440944881,4890.375,Qwen/Qwen3.6-35B-A3B-FP8
chat,40,127,8,40640,same_model,30111,0.7409202755905512,10529,0.2590797244094488,167,True,127,128,40,40,0,"[167, 40, 8]",0,True,40,True,128,167,40,0,0,40,"[128, 40, 8]",1,False,9a8db0012177e738611b,expected_aligned_shape,Qwen/Qwen3.6-35B-A3B-FP8,ok,32,127,5080,1507,0.2966535433070866,5080,3528,0.694488188976378,0,0.0,0.9267668814125507,4707.975757575758,0.9579970472440945,4866.625,Qwen/Qwen3.6-35B-A3B-FP8
math_numeric,40,127,8,40640,same_model,30792,0.7576771653543307,9848,0.24232283464566928,159,True,127,128,32,32,0,"[159, 40, 8]",0,True,32,True,128,159,32,0,0,32,"[128, 40, 8]",1,False,9a95484e1fd6565bd8c2,expected_aligned_shape,Qwen/Qwen3.6-35B-A3B-FP8,ok,32,127,5080,1631,0.32106299212598427,5080,3539,0.6966535433070866,0,0.0,0.927311769595234,4710.74378954379,0.9581938976377953,4867.625,Qwen/Qwen3.6-35B-A3B-FP8
logs,40,125,8,40000,same_model,31067,0.776675,8933,0.223325,157,True,125,126,32,32,0,"[157, 40, 8]",0,True,32,True,126,157,32,0,0,32,"[126, 40, 8]",1,False,9ae88093def743519010,expected_aligned_shape,Qwen/Qwen3.6-35B-A3B-FP8,ok,32,125,5000,1759,0.3518,5000,3754,0.7508,0,0.0,0.9396890753690753,4698.445376845377,0.965175,4825.875,Qwen/Qwen3.6-35B-A3B-FP8
json_structured,40,127,8,40640,same_model,28995,0.7134596456692913,11645,0.2865403543307087,159,True,127,128,32,32,0,"[159, 40, 8]",0,True,32,True,128,159,32,0,0,32,"[128, 40, 8]",1,False,9b0aaf167f9dba2230dc,expected_aligned_shape,Qwen/Qwen3.6-35B-A3B-FP8,ok,32,127,5080,1381,0.2718503937007874,5080,3340,0.65748031496063,0,0.0,0.9134687185080886,4640.42109002109,0.9489665354330709,4820.75,Qwen/Qwen3.6-35B-A3B-FP8
low_margin,40,127,8,40640,same_model,29475,0.7252706692913385,11165,0.2747293307086614,167,True,127,128,40,40,0,"[167, 40, 8]",0,True,40,True,128,167,40,0,0,40,"[128, 40, 8]",1,False,9b621d1a22f073b4a89a,expected_aligned_shape,Qwen/Qwen3.6-35B-A3B-FP8,ok,32,127,5080,1425,0.28051181102362205,5080,3400,0.6692913385826772,0,0.0,0.9199713672154618,4673.454545454545,0.953986220472441,4846.25,Qwen/Qwen3.6-35B-A3B-FP8
json_structured,40,127,8,40640,same_model,29039,0.7145423228346457,11601,0.2854576771653543,159,True,127,128,32,32,0,"[159, 40, 8]",0,True,32,True,128,159,32,0,0,32,"[128, 40, 8]",1,False,9b99ba5424f38b6a222b,expected_aligned_shape,Qwen/Qwen3.6-35B-A3B-FP8,ok,32,127,5080,1331,0.26200787401574804,5080,3296,0.6488188976377953,0,0.0,0.9137879487092085,4642.04277944278,0.950123031496063,4826.625,Qwen/Qwen3.6-35B-A3B-FP8
math_numeric,40,127,8,40640,same_model,29169,0.7177411417322834,11471,0.2822588582677165,159,True,127,128,32,32,0,"[159, 40, 8]",0,True,32,True,128,159,32,0,0,32,"[128, 40, 8]",1,False,9b9b1228a280163107e6,expected_aligned_shape,Qwen/Qwen3.6-35B-A3B-FP8,ok,32,127,5080,1409,0.2773622047244094,5080,3305,0.6505905511811023,0,0.0,0.9110704737082691,4628.238006438007,0.9475639763779528,4813.625,Qwen/Qwen3.6-35B-A3B-FP8
summarization,40,127,8,40640,same_model,29953,0.7370324803149606,10687,0.2629675196850394,159,True,127,128,32,32,0,"[159, 40, 8]",0,True,32,True,128,159,32,0,0,32,"[128, 40, 8]",1,False,9bd67e1410071f0d7c35,expected_aligned_shape,Qwen/Qwen3.6-35B-A3B-FP8,ok,32,127,5080,1497,0.2946850393700787,5080,3491,0.6872047244094488,0,0.0,0.923948518672928,4693.658474858475,0.9561023622047244,4857.0,Qwen/Qwen3.6-35B-A3B-FP8
summarization,40,127,8,40640,same_model,29931,0.7364911417322835,10709,0.26350885826771653,163,True,127,128,36,36,0,"[163, 40, 8]",0,True,36,True,128,163,36,0,0,36,"[128, 40, 8]",1,False,9c3f18c58adf55cc27bd,expected_aligned_shape,Qwen/Qwen3.6-35B-A3B-FP8,ok,32,127,5080,1484,0.2921259842519685,5080,3441,0.6773622047244094,0,0.0,0.9201802047471339,4674.5154401154405,0.953371062992126,4843.125,Qwen/Qwen3.6-35B-A3B-FP8
needle,40,127,8,40640,same_model,28845,0.7097687007874016,11795,0.29023129921259844,159,True,127,128,32,32,0,"[159, 40, 8]",0,True,32,True,128,159,32,0,0,32,"[128, 40, 8]",1,False,9c4082ff8ebaef710bdc,expected_aligned_shape,Qwen/Qwen3.6-35B-A3B-FP8,ok,32,127,5080,1382,0.2720472440944882,5080,3292,0.6480314960629922,0,0.0,0.9090455694786402,4617.951492951493,0.9462598425196851,4807.0,Qwen/Qwen3.6-35B-A3B-FP8
needle,40,127,8,40640,same_model,28907,0.7112942913385827,11733,0.2887057086614173,159,True,127,128,32,32,0,"[159, 40, 8]",0,True,32,True,128,159,32,0,0,32,"[128, 40, 8]",1,False,9c52346bbd0ac398b927,expected_aligned_shape,Qwen/Qwen3.6-35B-A3B-FP8,ok,32,127,5080,1327,0.2612204724409449,5080,3283,0.646259842519685,0,0.0,0.9110856947077418,4628.315329115329,0.9478838582677165,4815.25,Qwen/Qwen3.6-35B-A3B-FP8
chat,40,127,8,40640,same_model,29846,0.7343996062992126,10794,0.2656003937007874,167,True,127,128,40,40,0,"[167, 40, 8]",0,True,40,True,128,167,40,0,0,40,"[128, 40, 8]",1,False,9c9d0d55e64f4de84a34,expected_aligned_shape,Qwen/Qwen3.6-35B-A3B-FP8,ok,32,127,5080,1509,0.2970472440944882,5080,3466,0.6822834645669291,0,0.0,0.9196154851272962,4671.6466644466645,0.952878937007874,4840.625,Qwen/Qwen3.6-35B-A3B-FP8
logs,40,127,8,40640,same_model,29138,0.7169783464566929,11502,0.2830216535433071,159,True,127,128,32,32,0,"[159, 40, 8]",0,True,32,True,128,159,32,0,0,32,"[128, 40, 8]",1,False,9cb01dd67c3fba73b586,expected_aligned_shape,Qwen/Qwen3.6-35B-A3B-FP8,ok,32,127,5080,1396,0.2748031496062992,5080,3344,0.658267716535433,0,0.0,0.9125349715900898,4635.677655677656,0.9474409448818898,4813.0,Qwen/Qwen3.6-35B-A3B-FP8
logs,40,127,8,40640,same_model,29848,0.7344488188976378,10792,0.2655511811023622,159,True,127,128,32,32,0,"[159, 40, 8]",0,True,32,True,128,159,32,0,0,32,"[128, 40, 8]",1,False,9cf343b1c0185f983372,expected_aligned_shape,Qwen/Qwen3.6-35B-A3B-FP8,ok,32,127,5080,1495,0.29429133858267714,5080,3467,0.6824803149606299,0,0.0,0.9227934707462265,4687.790831390831,0.9554872047244094,4853.875,Qwen/Qwen3.6-35B-A3B-FP8
summarization,40,127,8,40640,same_model,30643,0.7540108267716535,9997,0.24598917322834646,167,True,127,128,40,40,0,"[167, 40, 8]",0,True,40,True,128,167,40,0,0,40,"[128, 40, 8]",1,False,9d063fad8bdbf2e4c12e,expected_aligned_shape,Qwen/Qwen3.6-35B-A3B-FP8,ok,32,127,5080,1632,0.32125984251968503,5080,3566,0.7019685039370078,0,0.0,0.928495371644978,4716.756487956488,0.958882874015748,4871.125,Qwen/Qwen3.6-35B-A3B-FP8
json_structured,40,127,8,40640,same_model,28569,0.7029773622047244,12071,0.2970226377952756,159,True,127,128,32,32,0,"[159, 40, 8]",0,True,32,True,128,159,32,0,0,32,"[128, 40, 8]",1,False,9d4b803381a48c580983,expected_aligned_shape,Qwen/Qwen3.6-35B-A3B-FP8,ok,32,127,5080,1271,0.25019685039370076,5080,3262,0.6421259842519685,0,0.0,0.9110071380937522,4627.916261516261,0.9481299212598425,4816.5,Qwen/Qwen3.6-35B-A3B-FP8
low_margin,40,127,8,40640,same_model,28650,0.7049704724409449,11990,0.2950295275590551,167,True,127,128,40,40,0,"[167, 40, 8]",0,True,40,True,128,167,40,0,0,40,"[128, 40, 8]",1,False,9d54838f66bf62752beb,expected_aligned_shape,Qwen/Qwen3.6-35B-A3B-FP8,ok,32,127,5080,1268,0.24960629921259841,5080,3171,0.6242125984251968,0,0.0,0.9056781669773795,4600.845088245088,0.9449311023622047,4800.25,Qwen/Qwen3.6-35B-A3B-FP8
summarization,40,127,8,40640,same_model,30274,0.7449311023622047,10366,0.2550688976377953,159,True,127,128,32,32,0,"[159, 40, 8]",0,True,32,True,128,159,32,0,0,32,"[128, 40, 8]",1,False,9d869805c2a756f51c65,expected_aligned_shape,Qwen/Qwen3.6-35B-A3B-FP8,ok,32,127,5080,1579,0.31082677165354333,5080,3545,0.6978346456692913,0,0.0,0.9267697569272372,4707.990365190365,0.9578248031496063,4865.75,Qwen/Qwen3.6-35B-A3B-FP8
chat,40,127,8,40640,same_model,30057,0.7395915354330709,10583,0.2604084645669291,167,True,127,128,40,40,0,"[167, 40, 8]",0,True,40,True,128,167,40,0,0,40,"[128, 40, 8]",1,False,9e05735e2b489e577b8d,expected_aligned_shape,Qwen/Qwen3.6-35B-A3B-FP8,ok,32,127,5080,1523,0.2998031496062992,5080,3491,0.6872047244094488,0,0.0,0.9252055993000874,4700.044444444445,0.9571358267716535,4862.25,Qwen/Qwen3.6-35B-A3B-FP8
short_qa,40,127,8,40640,same_model,28907,0.7112942913385827,11733,0.2887057086614173,159,True,127,128,32,32,0,"[159, 40, 8]",0,True,32,True,128,159,32,0,0,32,"[128, 40, 8]",1,False,9e12983f7b0c36eb5311,expected_aligned_shape,Qwen/Qwen3.6-35B-A3B-FP8,ok,32,127,5080,1408,0.27716535433070866,5080,3336,0.6566929133858268,0,0.0,0.912606938118749,4636.043245643245,0.9489173228346457,4820.5,Qwen/Qwen3.6-35B-A3B-FP8
chat,40,127,8,40640,same_model,30294,0.7454232283464567,10346,0.2545767716535433,167,True,127,128,40,40,0,"[167, 40, 8]",0,True,40,True,128,167,40,0,0,40,"[128, 40, 8]",1,False,9e2e70e523e9c354fe93,expected_aligned_shape,Qwen/Qwen3.6-35B-A3B-FP8,ok,32,127,5080,1561,0.3072834645669291,5080,3561,0.7009842519685039,0,0.0,0.9275503062117235,4711.955555555555,0.9582923228346457,4868.125,Qwen/Qwen3.6-35B-A3B-FP8
short_qa,40,127,8,40640,same_model,30000,0.7381889763779528,10640,0.2618110236220472,166,True,127,128,39,39,0,"[166, 40, 8]",0,True,39,True,128,166,39,0,0,39,"[128, 40, 8]",1,False,9e51bbcb1de85a3769a5,expected_aligned_shape,Qwen/Qwen3.6-35B-A3B-FP8,ok,32,127,5080,1493,0.2938976377952756,5080,3449,0.6789370078740158,0,0.0,0.9221164399904557,4684.351515151515,0.9551673228346457,4852.25,Qwen/Qwen3.6-35B-A3B-FP8
logs,40,127,8,40640,same_model,29709,0.7310285433070867,10931,0.2689714566929134,159,True,127,128,32,32,0,"[159, 40, 8]",0,True,32,True,128,159,32,0,0,32,"[128, 40, 8]",1,False,9e57e7c149c2525e0d02,expected_aligned_shape,Qwen/Qwen3.6-35B-A3B-FP8,ok,32,127,5080,1447,0.2848425196850394,5080,3435,0.6761811023622047,0,0.0,0.9187435923656396,4667.217449217449,0.9525590551181102,4839.0,Qwen/Qwen3.6-35B-A3B-FP8
needle,40,127,8,40640,same_model,29086,0.7156988188976378,11554,0.2843011811023622,159,True,127,128,32,32,0,"[159, 40, 8]",0,True,32,True,128,159,32,0,0,32,"[128, 40, 8]",1,False,9e91e83c475e55620bed,expected_aligned_shape,Qwen/Qwen3.6-35B-A3B-FP8,ok,32,127,5080,1320,0.25984251968503935,5080,3332,0.6559055118110236,0,0.0,0.9139830248491666,4643.033766233766,0.9499753937007874,4825.875,Qwen/Qwen3.6-35B-A3B-FP8
low_margin,40,127,8,40640,same_model,29494,0.725738188976378,11146,0.27426181102362207,167,True,127,128,40,40,0,"[167, 40, 8]",0,True,40,True,128,167,40,0,0,40,"[128, 40, 8]",1,False,9ecd0e9fec1ac918ebde,expected_aligned_shape,Qwen/Qwen3.6-35B-A3B-FP8,ok,32,127,5080,1405,0.2765748031496063,5080,3397,0.6687007874015748,0,0.0,0.9194715782904759,4670.915617715617,0.9535925196850393,4844.25,Qwen/Qwen3.6-35B-A3B-FP8
logs,40,127,8,40640,same_model,28191,0.6936761811023622,12449,0.3063238188976378,159,True,127,128,32,32,0,"[159, 40, 8]",0,True,32,True,128,159,32,0,0,32,"[128, 40, 8]",1,False,9f22b2d409a204396384,expected_aligned_shape,Qwen/Qwen3.6-35B-A3B-FP8,ok,32,127,5080,1284,0.25275590551181104,5080,3262,0.6421259842519685,0,0.0,0.9077387747860189,4611.312975912976,0.9453986220472441,4802.625,Qwen/Qwen3.6-35B-A3B-FP8
code,40,127,8,40640,same_model,30152,0.7419291338582678,10488,0.2580708661417323,159,True,127,128,32,32,0,"[159, 40, 8]",0,True,32,True,128,159,32,0,0,32,"[128, 40, 8]",1,False,9f7c3794d470a93e2b55,expected_aligned_shape,Qwen/Qwen3.6-35B-A3B-FP8,ok,32,127,5080,1601,0.3151574803149606,5080,3525,0.6938976377952756,0,0.0,0.917502043013854,4660.910378510379,0.9496801181102362,4824.375,Qwen/Qwen3.6-35B-A3B-FP8
json_structured,40,127,8,40640,same_model,29932,0.7365157480314961,10708,0.26348425196850395,159,True,127,128,32,32,0,"[159, 40, 8]",0,True,32,True,128,159,32,0,0,32,"[128, 40, 8]",1,False,9fe5ec46337e59f8a266,expected_aligned_shape,Qwen/Qwen3.6-35B-A3B-FP8,ok,32,127,5080,1416,0.27874015748031494,5080,3412,0.6716535433070866,0,0.0,0.9211309949892627,4679.345454545454,0.9547490157480315,4850.125,Qwen/Qwen3.6-35B-A3B-FP8
code,40,127,8,40640,same_model,30241,0.744119094488189,10399,0.25588090551181103,166,True,127,128,39,39,0,"[166, 40, 8]",0,True,39,True,128,166,39,0,0,39,"[128, 40, 8]",1,False,a0318b7ae7b1f1b1216e,expected_aligned_shape,Qwen/Qwen3.6-35B-A3B-FP8,ok,32,127,5080,1565,0.3080708661417323,5080,3484,0.6858267716535433,0,0.0,0.9240254758364993,4694.049417249417,0.9562253937007874,4857.625,Qwen/Qwen3.6-35B-A3B-FP8
chat,40,127,8,40640,same_model,27580,0.6786417322834646,13060,0.3213582677165354,159,True,127,128,32,32,0,"[159, 40, 8]",0,True,32,True,128,159,32,0,0,32,"[128, 40, 8]",1,False,a0908cbd942c7afba57f,expected_aligned_shape,Qwen/Qwen3.6-35B-A3B-FP8,ok,32,127,5080,1143,0.225,5080,3055,0.6013779527559056,0,0.0,0.8917848162336351,4530.266866466866,0.9344488188976378,4747.0,Qwen/Qwen3.6-35B-A3B-FP8
low_margin,40,127,8,40640,same_model,29909,0.7359498031496063,10731,0.2640501968503937,167,True,127,128,40,40,0,"[167, 40, 8]",0,True,40,True,128,167,40,0,0,40,"[128, 40, 8]",1,False,a0af2e54f7e8536888b7,expected_aligned_shape,Qwen/Qwen3.6-35B-A3B-FP8,ok,32,127,5080,1489,0.29311023622047244,5080,3454,0.6799212598425197,0,0.0,0.9217857558015038,4682.6716394716395,0.9547982283464567,4850.375,Qwen/Qwen3.6-35B-A3B-FP8
mixed_language,40,90,8,28800,same_model,22316,0.7748611111111111,6484,0.2251388888888889,122,True,90,91,32,32,0,"[122, 40, 8]",0,True,32,True,91,122,32,0,0,32,"[91, 40, 8]",1,False,a0ef74c9f5c4cdfb5339,expected_aligned_shape,Qwen/Qwen3.6-35B-A3B-FP8,ok,32,90,3600,1283,0.35638888888888887,3600,2655,0.7375,0,0.0,0.9385667789001123,3378.840404040404,0.9649652777777777,3473.875,Qwen/Qwen3.6-35B-A3B-FP8
code,40,127,8,40640,same_model,29863,0.7348179133858268,10777,0.26518208661417325,166,True,127,128,39,39,0,"[166, 40, 8]",0,True,39,True,128,166,39,0,0,39,"[128, 40, 8]",1,False,a22087cc4b0a48639766,expected_aligned_shape,Qwen/Qwen3.6-35B-A3B-FP8,ok,32,127,5080,1468,0.2889763779527559,5080,3439,0.6769685039370079,0,0.0,0.921179284407631,4679.590764790765,0.9545029527559055,4848.875,Qwen/Qwen3.6-35B-A3B-FP8
code,40,127,8,40640,same_model,30796,0.7577755905511812,9844,0.2422244094488189,159,True,127,128,32,32,0,"[159, 40, 8]",0,True,32,True,128,159,32,0,0,32,"[128, 40, 8]",1,False,a2cb8e5fe9bfcdf09c2e,expected_aligned_shape,Qwen/Qwen3.6-35B-A3B-FP8,ok,32,127,5080,1656,0.32598425196850395,5080,3593,0.7072834645669291,0,0.0,0.9268916997263456,4708.609834609834,0.9572588582677165,4862.875,Qwen/Qwen3.6-35B-A3B-FP8
chat,40,127,8,40640,same_model,29656,0.7297244094488189,10984,0.2702755905511811,159,True,127,128,32,32,0,"[159, 40, 8]",0,True,32,True,128,159,32,0,0,32,"[128, 40, 8]",1,False,a2fc1379dfee4e2b71bb,expected_aligned_shape,Qwen/Qwen3.6-35B-A3B-FP8,ok,32,127,5080,1426,0.2807086614173228,5080,3408,0.6708661417322834,0,0.0,0.9199315994591584,4673.252525252526,0.9538385826771654,4845.5,Qwen/Qwen3.6-35B-A3B-FP8
math_numeric,40,127,8,40640,same_model,25997,0.6396899606299212,14643,0.3603100393700787,159,True,127,128,32,32,0,"[159, 40, 8]",0,True,32,True,128,159,32,0,0,32,"[128, 40, 8]",1,False,a2fc55a2e666bdc1eaec,expected_aligned_shape,Qwen/Qwen3.6-35B-A3B-FP8,ok,32,127,5080,1013,0.19940944881889763,5080,2875,0.5659448818897638,0,0.0,0.8744783868799617,4442.350205350205,0.9222687007874015,4685.125,Qwen/Qwen3.6-35B-A3B-FP8
chat,40,127,8,40640,same_model,30588,0.7526574803149606,10052,0.24734251968503937,167,True,127,128,40,40,0,"[167, 40, 8]",0,True,40,True,128,167,40,0,0,40,"[128, 40, 8]",1,False,a301ba74b17f06f7166b,expected_aligned_shape,Qwen/Qwen3.6-35B-A3B-FP8,ok,32,127,5080,1595,0.3139763779527559,5080,3593,0.7072834645669291,0,0.0,0.9295625546806647,4722.177777777778,0.9595226377952756,4874.375,Qwen/Qwen3.6-35B-A3B-FP8
mixed_language,40,101,8,32320,same_model,25358,0.7845915841584158,6962,0.21540841584158416,133,True,101,102,32,32,0,"[133, 40, 8]",0,True,32,True,102,133,32,0,0,32,"[102, 40, 8]",1,False,a349a39549bc82697949,expected_aligned_shape,Qwen/Qwen3.6-35B-A3B-FP8,ok,32,101,4040,1511,0.374009900990099,4040,3032,0.7504950495049505,0,0.0,0.9415201520152016,3803.741414141414,0.9666460396039604,3905.25,Qwen/Qwen3.6-35B-A3B-FP8
json_structured,40,127,8,40640,same_model,29214,0.7188484251968504,11426,0.2811515748031496,159,True,127,128,32,32,0,"[159, 40, 8]",0,True,32,True,128,159,32,0,0,32,"[128, 40, 8]",1,False,a39af40725e29a05b750,expected_aligned_shape,Qwen/Qwen3.6-35B-A3B-FP8,ok,32,127,5080,1327,0.2612204724409449,5080,3325,0.6545275590551181,0,0.0,0.916190310127318,4654.246775446775,0.9515748031496063,4834.0,Qwen/Qwen3.6-35B-A3B-FP8
code,40,127,8,40640,same_model,30117,0.7410679133858268,10523,0.2589320866141732,159,True,127,128,32,32,0,"[159, 40, 8]",0,True,32,True,128,159,32,0,0,32,"[128, 40, 8]",1,False,a3b49ca38174e5ad8261,expected_aligned_shape,Qwen/Qwen3.6-35B-A3B-FP8,ok,32,127,5080,1528,0.30078740157480316,5080,3490,0.687007874015748,0,0.0,0.919977563993312,4673.486025086025,0.9523622047244095,4838.0,Qwen/Qwen3.6-35B-A3B-FP8
math_numeric,40,127,8,40640,same_model,28687,0.705880905511811,11953,0.29411909448818896,159,True,127,128,32,32,0,"[159, 40, 8]",0,True,32,True,128,159,32,0,0,32,"[128, 40, 8]",1,False,a3f30b6155a3246d4bfa,expected_aligned_shape,Qwen/Qwen3.6-35B-A3B-FP8,ok,32,127,5080,1326,0.2610236220472441,5080,3175,0.625,0,0.0,0.9032812069819943,4588.668531468532,0.9424704724409448,4787.75,Qwen/Qwen3.6-35B-A3B-FP8
summarization,40,127,8,40640,same_model,29806,0.7334153543307087,10834,0.26658464566929135,163,True,127,128,36,36,0,"[163, 40, 8]",0,True,36,True,128,163,36,0,0,36,"[128, 40, 8]",1,False,a4a385417bb8a30907ef,expected_aligned_shape,Qwen/Qwen3.6-35B-A3B-FP8,ok,32,127,5080,1494,0.2940944881889764,5080,3419,0.6730314960629922,0,0.0,0.9161195715920125,4653.8874236874235,0.9499507874015748,4825.75,Qwen/Qwen3.6-35B-A3B-FP8
logs,40,127,8,40640,same_model,30009,0.7384104330708662,10631,0.2615895669291339,159,True,127,128,32,32,0,"[159, 40, 8]",0,True,32,True,128,159,32,0,0,32,"[128, 40, 8]",1,False,a4db91c77b740cc24343,expected_aligned_shape,Qwen/Qwen3.6-35B-A3B-FP8,ok,32,127,5080,1498,0.29488188976377955,5080,3455,0.6801181102362205,0,0.0,0.9218802457385136,4683.151648351648,0.9546751968503937,4849.75,Qwen/Qwen3.6-35B-A3B-FP8
code,40,127,8,40640,same_model,30500,0.750492125984252,10140,0.24950787401574803,159,True,127,128,32,32,0,"[159, 40, 8]",0,True,32,True,128,159,32,0,0,32,"[128, 40, 8]",1,False,a5273b224ec8272a018b,expected_aligned_shape,Qwen/Qwen3.6-35B-A3B-FP8,ok,32,127,5080,1545,0.30413385826771655,5080,3520,0.6929133858267716,0,0.0,0.925567066354468,4701.880697080697,0.9570127952755906,4861.625,Qwen/Qwen3.6-35B-A3B-FP8
code,40,127,8,40640,same_model,30202,0.7431594488188976,10438,0.2568405511811024,159,True,127,128,32,32,0,"[159, 40, 8]",0,True,32,True,128,159,32,0,0,32,"[128, 40, 8]",1,False,a541a60b3bd352716986,expected_aligned_shape,Qwen/Qwen3.6-35B-A3B-FP8,ok,32,127,5080,1625,0.3198818897637795,5080,3467,0.6824803149606299,0,0.0,0.9164354280889715,4655.491974691975,0.9501722440944882,4826.875,Qwen/Qwen3.6-35B-A3B-FP8
json_structured,40,127,8,40640,same_model,29402,0.7234744094488189,11238,0.2765255905511811,159,True,127,128,32,32,0,"[159, 40, 8]",0,True,32,True,128,159,32,0,0,32,"[128, 40, 8]",1,False,a59ebc54a55e378aa2ad,expected_aligned_shape,Qwen/Qwen3.6-35B-A3B-FP8,ok,32,127,5080,1435,0.2824803149606299,5080,3434,0.675984251968504,0,0.0,0.9212073490813649,4679.733333333334,0.9546013779527559,4849.375,Qwen/Qwen3.6-35B-A3B-FP8
low_margin,40,127,8,40640,same_model,30075,0.7400344488188977,10565,0.2599655511811024,167,True,127,128,40,40,0,"[167, 40, 8]",0,True,40,True,128,167,40,0,0,40,"[128, 40, 8]",1,False,a5da9a819c4235a14b9c,expected_aligned_shape,Qwen/Qwen3.6-35B-A3B-FP8,ok,32,127,5080,1539,0.3029527559055118,5080,3458,0.6807086614173228,0,0.0,0.9225712695004034,4686.662049062049,0.9553887795275591,4853.375,Qwen/Qwen3.6-35B-A3B-FP8
low_margin,40,127,8,40640,same_model,30177,0.7425442913385827,10463,0.2574557086614173,167,True,127,128,40,40,0,"[167, 40, 8]",0,True,40,True,128,167,40,0,0,40,"[128, 40, 8]",1,False,a604cfcaefe73c13eeda,expected_aligned_shape,Qwen/Qwen3.6-35B-A3B-FP8,ok,32,127,5080,1536,0.30236220472440944,5080,3489,0.6868110236220473,0,0.0,0.9244697821863177,4696.306493506493,0.9565452755905511,4859.25,Qwen/Qwen3.6-35B-A3B-FP8
needle,40,127,8,40640,same_model,28039,0.6899360236220472,12601,0.31006397637795274,159,True,127,128,32,32,0,"[159, 40, 8]",0,True,32,True,128,159,32,0,0,32,"[128, 40, 8]",1,False,a61c802f4832f8e1b709,expected_aligned_shape,Qwen/Qwen3.6-35B-A3B-FP8,ok,32,127,5080,1200,0.23622047244094488,5080,3150,0.6200787401574803,0,0.0,0.9040192397279011,4592.417737817738,0.9437746062992126,4794.375,Qwen/Qwen3.6-35B-A3B-FP8
summarization,40,127,8,40640,same_model,30871,0.759621062992126,9769,0.24037893700787402,167,True,127,128,40,40,0,"[167, 40, 8]",0,True,40,True,128,167,40,0,0,40,"[128, 40, 8]",1,False,a63b08eee0a4879e6c5e,expected_aligned_shape,Qwen/Qwen3.6-35B-A3B-FP8,ok,32,127,5080,1677,0.33011811023622045,5080,3583,0.7053149606299213,0,0.0,0.9292464927898,4720.572183372184,0.9592765748031497,4873.125,Qwen/Qwen3.6-35B-A3B-FP8
code,40,127,8,40640,same_model,29901,0.7357529527559055,10739,0.2642470472440945,166,True,127,128,39,39,0,"[166, 40, 8]",0,True,39,True,128,166,39,0,0,39,"[128, 40, 8]",1,False,a6b8dd0077c6e10115d2,expected_aligned_shape,Qwen/Qwen3.6-35B-A3B-FP8,ok,32,127,5080,1494,0.2940944881889764,5080,3484,0.6858267716535433,0,0.0,0.9225440351424604,4686.523698523699,0.9552165354330708,4852.5,Qwen/Qwen3.6-35B-A3B-FP8
mixed_language,40,127,8,40640,same_model,30140,0.7416338582677166,10500,0.25836614173228345,159,True,127,128,32,32,0,"[159, 40, 8]",0,True,32,True,128,159,32,0,0,32,"[128, 40, 8]",1,False,a6c99c53dd3c996670c0,expected_aligned_shape,Qwen/Qwen3.6-35B-A3B-FP8,ok,32,127,5080,1541,0.3033464566929134,5080,3573,0.7033464566929134,0,0.0,0.9250845654782662,4699.429592629593,0.956003937007874,4856.5,Qwen/Qwen3.6-35B-A3B-FP8
chat,40,127,8,40640,same_model,29588,0.7280511811023622,11052,0.2719488188976378,159,True,127,128,32,32,0,"[159, 40, 8]",0,True,32,True,128,159,32,0,0,32,"[128, 40, 8]",1,False,a6cdc566e89f6f5b0567,expected_aligned_shape,Qwen/Qwen3.6-35B-A3B-FP8,ok,32,127,5080,1420,0.2795275590551181,5080,3352,0.6598425196850394,0,0.0,0.9179225324107213,4663.046464646464,0.9527805118110236,4840.125,Qwen/Qwen3.6-35B-A3B-FP8
code,40,127,8,40640,same_model,29008,0.7137795275590552,11632,0.2862204724409449,159,True,127,128,32,32,0,"[159, 40, 8]",0,True,32,True,128,159,32,0,0,32,"[128, 40, 8]",1,False,a6dd8f19ff8afb2e9f17,expected_aligned_shape,Qwen/Qwen3.6-35B-A3B-FP8,ok,32,127,5080,1369,0.26948818897637794,5080,3333,0.6561023622047244,0,0.0,0.9114269894584854,4630.049106449106,0.9475885826771654,4813.75,Qwen/Qwen3.6-35B-A3B-FP8
short_qa,40,127,8,40640,same_model,32065,0.7890009842519685,8575,0.2109990157480315,159,True,127,128,32,32,0,"[159, 40, 8]",0,True,32,True,128,159,32,0,0,32,"[128, 40, 8]",1,False,a71c96284f156c2f0f10,expected_aligned_shape,Qwen/Qwen3.6-35B-A3B-FP8,ok,32,127,5080,1849,0.3639763779527559,5080,3786,0.7452755905511811,0,0.0,0.9411580370635488,4781.082828282828,0.9665600393700787,4910.125,Qwen/Qwen3.6-35B-A3B-FP8
needle,40,127,8,40640,same_model,29849,0.7344734251968504,10791,0.2655265748031496,159,True,127,128,32,32,0,"[159, 40, 8]",0,True,32,True,128,159,32,0,0,32,"[128, 40, 8]",1,False,a7306ab46e7f4d6174b9,expected_aligned_shape,Qwen/Qwen3.6-35B-A3B-FP8,ok,32,127,5080,1462,0.2877952755905512,5080,3454,0.6799212598425197,0,0.0,0.9232800445398869,4690.262626262626,0.9559547244094488,4856.25,Qwen/Qwen3.6-35B-A3B-FP8
short_qa,40,127,8,40640,same_model,32134,0.7906988188976378,8506,0.2093011811023622,159,True,127,128,32,32,0,"[159, 40, 8]",0,True,32,True,128,159,32,0,0,32,"[128, 40, 8]",1,False,a746429d7594c84024a1,expected_aligned_shape,Qwen/Qwen3.6-35B-A3B-FP8,ok,32,127,5080,1903,0.3746062992125984,5080,3843,0.756496062992126,0,0.0,0.9437946393064504,4794.476767676768,0.9680856299212598,4917.875,Qwen/Qwen3.6-35B-A3B-FP8
mixed_language,40,91,8,29120,same_model,22817,0.7835508241758242,6303,0.21644917582417583,123,True,91,92,32,32,0,"[123, 40, 8]",0,True,32,True,92,123,32,0,0,32,"[92, 40, 8]",1,False,a77a3b4960047bfde489,expected_aligned_shape,Qwen/Qwen3.6-35B-A3B-FP8,ok,32,91,3640,1324,0.3637362637362637,3640,2734,0.7510989010989011,0,0.0,0.9417959817959819,3428.1373737373738,0.9667925824175824,3519.125,Qwen/Qwen3.6-35B-A3B-FP8
summarization,40,127,8,40640,same_model,29906,0.7358759842519685,10734,0.2641240157480315,163,True,127,128,36,36,0,"[163, 40, 8]",0,True,36,True,128,163,36,0,0,36,"[128, 40, 8]",1,False,a79d54014aaa9464b718,expected_aligned_shape,Qwen/Qwen3.6-35B-A3B-FP8,ok,32,127,5080,1504,0.29606299212598425,5080,3440,0.6771653543307087,0,0.0,0.9174708581007794,4660.751959151959,0.9513533464566929,4832.875,Qwen/Qwen3.6-35B-A3B-FP8
chat,40,127,8,40640,same_model,29665,0.7299458661417323,10975,0.2700541338582677,159,True,127,128,32,32,0,"[159, 40, 8]",0,True,32,True,128,159,32,0,0,32,"[128, 40, 8]",1,False,a7a6733ca7f4b8aaaf17,expected_aligned_shape,Qwen/Qwen3.6-35B-A3B-FP8,ok,32,127,5080,1483,0.29192913385826774,5080,3438,0.676771653543307,0,0.0,0.9201432338440212,4674.327627927628,0.9536417322834646,4844.5,Qwen/Qwen3.6-35B-A3B-FP8
chat,40,127,8,40640,same_model,30663,0.7545029527559055,9977,0.2454970472440945,167,True,127,128,40,40,0,"[167, 40, 8]",0,True,40,True,128,167,40,0,0,40,"[128, 40, 8]",1,False,a7f38dbbef53c4ea7814,expected_aligned_shape,Qwen/Qwen3.6-35B-A3B-FP8,ok,32,127,5080,1621,0.3190944881889764,5080,3603,0.709251968503937,0,0.0,0.9299809114769744,4724.30303030303,0.9597194881889763,4875.375,Qwen/Qwen3.6-35B-A3B-FP8
mixed_language,40,127,8,40640,same_model,31015,0.7631643700787402,9625,0.23683562992125984,159,True,127,128,32,32,0,"[159, 40, 8]",0,True,32,True,128,159,32,0,0,32,"[128, 40, 8]",1,False,a8177d41ca048a2921d2,expected_aligned_shape,Qwen/Qwen3.6-35B-A3B-FP8,ok,32,127,5080,1651,0.325,5080,3603,0.709251968503937,0,0.0,0.9316861528672553,4732.965656565657,0.9609990157480315,4881.875,Qwen/Qwen3.6-35B-A3B-FP8
logs,40,127,8,40640,same_model,26662,0.6560531496062992,13978,0.34394685039370076,159,True,127,128,32,32,0,"[159, 40, 8]",0,True,32,True,128,159,32,0,0,32,"[128, 40, 8]",1,False,a85c4f73e999509259af,expected_aligned_shape,Qwen/Qwen3.6-35B-A3B-FP8,ok,32,127,5080,1141,0.22460629921259842,5080,2973,0.585236220472441,0,0.0,0.8738200819303181,4439.006016206016,0.9197588582677165,4672.375,Qwen/Qwen3.6-35B-A3B-FP8
summarization,40,127,8,40640,same_model,30549,0.7516978346456693,10091,0.2483021653543307,167,True,127,128,40,40,0,"[167, 40, 8]",0,True,40,True,128,167,40,0,0,40,"[128, 40, 8]",1,False,a8647af1539d81940692,expected_aligned_shape,Qwen/Qwen3.6-35B-A3B-FP8,ok,32,127,5080,1640,0.3228346456692913,5080,3549,0.6986220472440945,0,0.0,0.925714696502098,4702.630658230658,0.9569389763779528,4861.25,Qwen/Qwen3.6-35B-A3B-FP8
summarization,40,127,8,40640,same_model,32006,0.7875492125984253,8634,0.2124507874015748,163,True,127,128,36,36,0,"[163, 40, 8]",0,True,36,True,128,163,36,0,0,36,"[128, 40, 8]",1,False,a8fef6811c042a3e5b99,expected_aligned_shape,Qwen/Qwen3.6-35B-A3B-FP8,ok,32,127,5080,1916,0.37716535433070864,5080,3804,0.7488188976377953,0,0.0,0.9411978048198522,4781.284848484848,0.9664862204724409,4909.75,Qwen/Qwen3.6-35B-A3B-FP8
low_margin,40,127,8,40640,same_model,29108,0.716240157480315,11532,0.28375984251968506,167,True,127,128,40,40,0,"[167, 40, 8]",0,True,40,True,128,167,40,0,0,40,"[128, 40, 8]",1,False,a90716353921ef94ee3b,expected_aligned_shape,Qwen/Qwen3.6-35B-A3B-FP8,ok,32,127,5080,1378,0.27125984251968505,5080,3343,0.6580708661417323,0,0.0,0.9138243995724312,4642.2279498279495,0.9495570866141733,4823.75,Qwen/Qwen3.6-35B-A3B-FP8
summarization,40,127,8,40640,same_model,30500,0.750492125984252,10140,0.24950787401574803,167,True,127,128,40,40,0,"[167, 40, 8]",0,True,40,True,128,167,40,0,0,40,"[128, 40, 8]",1,False,a93c5d160c771c7f2ddf,expected_aligned_shape,Qwen/Qwen3.6-35B-A3B-FP8,ok,32,127,5080,1628,0.32047244094488186,5080,3576,0.7039370078740157,0,0.0,0.9259872760660163,4704.015362415363,0.9566683070866142,4859.875,Qwen/Qwen3.6-35B-A3B-FP8
low_margin,40,127,8,40640,same_model,29096,0.7159448818897638,11544,0.2840551181102362,167,True,127,128,40,40,0,"[167, 40, 8]",0,True,40,True,128,167,40,0,0,40,"[128, 40, 8]",1,False,a93ef0f8c34edb643ab0,expected_aligned_shape,Qwen/Qwen3.6-35B-A3B-FP8,ok,32,127,5080,1335,0.26279527559055116,5080,3307,0.650984251968504,0,0.0,0.9126560665930746,4636.292818292818,0.9492125984251969,4822.0,Qwen/Qwen3.6-35B-A3B-FP8
json_structured,40,127,8,40640,same_model,28449,0.7000246062992126,12191,0.2999753937007874,159,True,127,128,32,32,0,"[159, 40, 8]",0,True,32,True,128,159,32,0,0,32,"[128, 40, 8]",1,False,a95c10308006ff1bd6e7,expected_aligned_shape,Qwen/Qwen3.6-35B-A3B-FP8,ok,32,127,5080,1223,0.240748031496063,5080,3200,0.6299212598425197,0,0.0,0.9060299630378371,4602.632212232213,0.9450295275590551,4800.75,Qwen/Qwen3.6-35B-A3B-FP8
summarization,40,127,8,40640,same_model,30537,0.7514025590551181,10103,0.2485974409448819,167,True,127,128,40,40,0,"[167, 40, 8]",0,True,40,True,128,167,40,0,0,40,"[128, 40, 8]",1,False,a96a34c6910a3b7fd989,expected_aligned_shape,Qwen/Qwen3.6-35B-A3B-FP8,ok,32,127,5080,1605,0.3159448818897638,5080,3504,0.6897637795275591,0,0.0,0.9251920782629444,4699.975757575758,0.9570127952755906,4861.625,Qwen/Qwen3.6-35B-A3B-FP8
mixed_language,40,127,8,40640,same_model,30056,0.7395669291338582,10584,0.26043307086614176,159,True,127,128,32,32,0,"[159, 40, 8]",0,True,32,True,128,159,32,0,0,32,"[128, 40, 8]",1,False,a9a82339f6906ae005a2,expected_aligned_shape,Qwen/Qwen3.6-35B-A3B-FP8,ok,32,127,5080,1565,0.3080708661417323,5080,3459,0.6809055118110237,0,0.0,0.9182729955958302,4664.8268176268175,0.9514763779527559,4833.5,Qwen/Qwen3.6-35B-A3B-FP8
math_numeric,40,127,8,40640,same_model,25112,0.6179133858267717,15528,0.38208661417322837,159,True,127,128,32,32,0,"[159, 40, 8]",0,True,32,True,128,159,32,0,0,32,"[128, 40, 8]",1,False,aa261b4a6e6449f298d0,expected_aligned_shape,Qwen/Qwen3.6-35B-A3B-FP8,ok,32,127,5080,959,0.1887795275590551,5080,2731,0.5375984251968504,0,0.0,0.8542124891731191,4339.399444999445,0.9069389763779527,4607.25,Qwen/Qwen3.6-35B-A3B-FP8
logs,40,109,8,34880,same_model,27575,0.7905676605504587,7305,0.2094323394495413,141,True,109,110,32,32,0,"[141, 40, 8]",0,True,32,True,110,141,32,0,0,32,"[110, 40, 8]",1,False,aa3d4fec3562da72aa6a,expected_aligned_shape,Qwen/Qwen3.6-35B-A3B-FP8,ok,32,109,4360,1660,0.38073394495412843,4360,3320,0.7614678899082569,0,0.0,0.9434478874845846,4113.43278943279,0.9676032110091743,4218.75,Qwen/Qwen3.6-35B-A3B-FP8
summarization,40,127,8,40640,same_model,29972,0.7375,10668,0.2625,159,True,127,128,32,32,0,"[159, 40, 8]",0,True,32,True,128,159,32,0,0,32,"[128, 40, 8]",1,False,aacb92ed3f6e60fd9d5f,expected_aligned_shape,Qwen/Qwen3.6-35B-A3B-FP8,ok,32,127,5080,1510,0.297244094488189,5080,3540,0.6968503937007874,0,0.0,0.9243725827977797,4695.812720612721,0.955142716535433,4852.125,Qwen/Qwen3.6-35B-A3B-FP8
code,40,127,8,40640,same_model,30576,0.7523622047244094,10064,0.24763779527559054,159,True,127,128,32,32,0,"[159, 40, 8]",0,True,32,True,128,159,32,0,0,32,"[128, 40, 8]",1,False,aadd28b4886c5dbaa3d8,expected_aligned_shape,Qwen/Qwen3.6-35B-A3B-FP8,ok,32,127,5080,1642,0.3232283464566929,5080,3571,0.7029527559055118,0,0.0,0.9233489126796213,4690.612476412476,0.9542568897637795,4847.625,Qwen/Qwen3.6-35B-A3B-FP8
needle,40,127,8,40640,same_model,29593,0.7281742125984252,11047,0.2718257874015748,159,True,127,128,32,32,0,"[159, 40, 8]",0,True,32,True,128,159,32,0,0,32,"[128, 40, 8]",1,False,ab089e8514a0ce55fb66,expected_aligned_shape,Qwen/Qwen3.6-35B-A3B-FP8,ok,32,127,5080,1468,0.2889763779527559,5080,3397,0.6687007874015748,0,0.0,0.9189159309631749,4668.0929292929295,0.9531496062992126,4842.0,Qwen/Qwen3.6-35B-A3B-FP8
low_margin,40,127,8,40640,same_model,30614,0.7532972440944882,10026,0.2467027559055118,167,True,127,128,40,40,0,"[167, 40, 8]",0,True,40,True,128,167,40,0,0,40,"[128, 40, 8]",1,False,ab7dbeb8eba4ca95e6d6,expected_aligned_shape,Qwen/Qwen3.6-35B-A3B-FP8,ok,32,127,5080,1596,0.31417322834645667,5080,3598,0.7082677165354331,0,0.0,0.9296335029799596,4722.538195138195,0.9593011811023622,4873.25,Qwen/Qwen3.6-35B-A3B-FP8
logs,40,16,8,5120,same_model,3614,0.705859375,1506,0.294140625,48,True,16,17,32,32,0,"[48, 40, 8]",0,True,32,True,17,48,32,0,0,32,"[17, 40, 8]",1,False,abd1e5548284e0ba471e,expected_aligned_shape,Qwen/Qwen3.6-35B-A3B-FP8,ok,32,16,640,150,0.234375,640,424,0.6625,0,0.0,0.9194949494949494,588.4767676767676,0.95390625,610.5,Qwen/Qwen3.6-35B-A3B-FP8
json_structured,40,127,8,40640,same_model,28619,0.7042076771653544,12021,0.2957923228346457,159,True,127,128,32,32,0,"[159, 40, 8]",0,True,32,True,128,159,32,0,0,32,"[128, 40, 8]",1,False,abf43694b67ef6c882b3,expected_aligned_shape,Qwen/Qwen3.6-35B-A3B-FP8,ok,32,127,5080,1286,0.2531496062992126,5080,3242,0.6381889763779528,0,0.0,0.9079347948639287,4612.308757908758,0.9459891732283464,4805.625,Qwen/Qwen3.6-35B-A3B-FP8
math_numeric,40,127,8,40640,same_model,30709,0.755634842519685,9931,0.24436515748031495,159,True,127,128,32,32,0,"[159, 40, 8]",0,True,32,True,128,159,32,0,0,32,"[128, 40, 8]",1,False,ac1f922ed790b98b82b7,expected_aligned_shape,Qwen/Qwen3.6-35B-A3B-FP8,ok,32,127,5080,1614,0.3177165354330709,5080,3517,0.6923228346456692,0,0.0,0.9249431321084866,4698.711111111111,0.9567175196850394,4860.125,Qwen/Qwen3.6-35B-A3B-FP8
needle,40,127,8,40640,same_model,28596,0.7036417322834646,12044,0.29635826771653545,159,True,127,128,32,32,0,"[159, 40, 8]",0,True,32,True,128,159,32,0,0,32,"[128, 40, 8]",1,False,ac33f9d05160a51d246b,expected_aligned_shape,Qwen/Qwen3.6-35B-A3B-FP8,ok,32,127,5080,1274,0.25078740157480317,5080,3222,0.6342519685039371,0,0.0,0.909015236731772,4617.797402597403,0.9472194881889764,4811.875,Qwen/Qwen3.6-35B-A3B-FP8
summarization,40,127,8,40640,same_model,31021,0.7633120078740158,9619,0.23668799212598426,163,True,127,128,36,36,0,"[163, 40, 8]",0,True,36,True,128,163,36,0,0,36,"[128, 40, 8]",1,False,ac38bf1b34801bedfd6b,expected_aligned_shape,Qwen/Qwen3.6-35B-A3B-FP8,ok,32,127,5080,1680,0.33070866141732286,5080,3638,0.7161417322834646,0,0.0,0.9319849004888376,4734.483294483294,0.9609498031496063,4881.625,Qwen/Qwen3.6-35B-A3B-FP8
json_structured,40,127,8,40640,same_model,28679,0.7056840551181103,11961,0.2943159448818898,159,True,127,128,32,32,0,"[159, 40, 8]",0,True,32,True,128,159,32,0,0,32,"[128, 40, 8]",1,False,ad325d58a6b06e8a8fda,expected_aligned_shape,Qwen/Qwen3.6-35B-A3B-FP8,ok,32,127,5080,1296,0.2551181102362205,5080,3226,0.6350393700787401,0,0.0,0.9076405833886149,4610.814163614164,0.9458907480314961,4805.125,Qwen/Qwen3.6-35B-A3B-FP8
mixed_language,40,127,8,40640,same_model,32185,0.7919537401574803,8455,0.20804625984251968,159,True,127,128,32,32,0,"[159, 40, 8]",0,True,32,True,128,159,32,0,0,32,"[128, 40, 8]",1,False,ade10a397e45b8d14a5f,expected_aligned_shape,Qwen/Qwen3.6-35B-A3B-FP8,ok,32,127,5080,1999,0.393503937007874,5080,3791,0.746259842519685,0,0.0,0.9387653728598612,4768.928094128094,0.9645669291338582,4900.0,Qwen/Qwen3.6-35B-A3B-FP8
logs,40,65,8,20800,same_model,14859,0.714375,5941,0.285625,97,True,65,66,32,32,0,"[97, 40, 8]",0,True,32,True,66,97,32,0,0,32,"[66, 40, 8]",1,False,ae3339e3b7f858fb5ff5,expected_aligned_shape,Qwen/Qwen3.6-35B-A3B-FP8,ok,32,65,2600,690,0.2653846153846154,2600,1735,0.6673076923076923,0,0.0,0.9198306138306137,2391.5595959595958,0.9539423076923077,2480.25,Qwen/Qwen3.6-35B-A3B-FP8
chat,40,127,8,40640,same_model,29730,0.7315452755905512,10910,0.26845472440944884,159,True,127,128,32,32,0,"[159, 40, 8]",0,True,32,True,128,159,32,0,0,32,"[128, 40, 8]",1,False,ae76d8f1f70e1a22c2e0,expected_aligned_shape,Qwen/Qwen3.6-35B-A3B-FP8,ok,32,127,5080,1511,0.29744094488188977,5080,3461,0.6812992125984252,0,0.0,0.9208101172668103,4677.715395715396,0.9539370078740157,4846.0,Qwen/Qwen3.6-35B-A3B-FP8
mixed_language,40,90,8,28800,same_model,22796,0.7915277777777778,6004,0.20847222222222223,122,True,90,91,32,32,0,"[122, 40, 8]",0,True,32,True,91,122,32,0,0,32,"[91, 40, 8]",1,False,aea14acfc79450b0e99f,expected_aligned_shape,Qwen/Qwen3.6-35B-A3B-FP8,ok,32,90,3600,1383,0.38416666666666666,3600,2736,0.76,0,0.0,0.9438787878787879,3397.9636363636364,0.9680208333333333,3484.875,Qwen/Qwen3.6-35B-A3B-FP8
math_numeric,40,127,8,40640,same_model,19813,0.4875246062992126,20827,0.5124753937007874,159,True,127,128,32,32,0,"[159, 40, 8]",0,True,32,True,128,159,32,0,0,32,"[128, 40, 8]",1,False,af53f4e1b8b71d383419,expected_aligned_shape,Qwen/Qwen3.6-35B-A3B-FP8,ok,32,127,5080,322,0.06338582677165354,5080,1752,0.34488188976377954,0,0.0,0.7779644895786627,3952.059607059607,0.8519931102362205,4328.125,Qwen/Qwen3.6-35B-A3B-FP8
math_numeric,40,127,8,40640,same_model,29636,0.7292322834645669,11004,0.2707677165354331,159,True,127,128,32,32,0,"[159, 40, 8]",0,True,32,True,128,159,32,0,0,32,"[128, 40, 8]",1,False,afc743ef9a5874b2461d,expected_aligned_shape,Qwen/Qwen3.6-35B-A3B-FP8,ok,32,127,5080,1464,0.28818897637795277,5080,3432,0.6755905511811023,0,0.0,0.91605171731156,4653.542723942724,0.95,4826.0,Qwen/Qwen3.6-35B-A3B-FP8
mixed_language,40,120,8,38400,same_model,30319,0.7895572916666667,8081,0.21044270833333334,152,True,120,121,32,32,0,"[152, 40, 8]",0,True,32,True,121,152,32,0,0,32,"[121, 40, 8]",1,False,b034860f5bcabdf1a129,expected_aligned_shape,Qwen/Qwen3.6-35B-A3B-FP8,ok,32,120,4800,1838,0.3829166666666667,4800,3589,0.7477083333333333,0,0.0,0.9405244107744107,4514.517171717172,0.9660416666666667,4637.0,Qwen/Qwen3.6-35B-A3B-FP8
logs,40,127,8,40640,same_model,28520,0.7017716535433071,12120,0.29822834645669294,159,True,127,128,32,32,0,"[159, 40, 8]",0,True,32,True,128,159,32,0,0,32,"[128, 40, 8]",1,False,b0a965647293db98058a,expected_aligned_shape,Qwen/Qwen3.6-35B-A3B-FP8,ok,32,127,5080,1283,0.2525590551181102,5080,3161,0.622244094488189,0,0.0,0.9008388374530106,4576.261294261294,0.9408464566929133,4779.5,Qwen/Qwen3.6-35B-A3B-FP8
code,40,127,8,40640,same_model,30442,0.7490649606299212,10198,0.2509350393700787,159,True,127,128,32,32,0,"[159, 40, 8]",0,True,32,True,128,159,32,0,0,32,"[128, 40, 8]",1,False,b14149ddb8e202b613b7,expected_aligned_shape,Qwen/Qwen3.6-35B-A3B-FP8,ok,32,127,5080,1579,0.31082677165354333,5080,3472,0.6834645669291338,0,0.0,0.919877427908924,4672.977333777334,0.9527312992125985,4839.875,Qwen/Qwen3.6-35B-A3B-FP8
logs,40,127,8,40640,same_model,28576,0.7031496062992126,12064,0.2968503937007874,159,True,127,128,32,32,0,"[159, 40, 8]",0,True,32,True,128,159,32,0,0,32,"[128, 40, 8]",1,False,b1fe15a6bacd9a8dd540,expected_aligned_shape,Qwen/Qwen3.6-35B-A3B-FP8,ok,32,127,5080,1291,0.25413385826771656,5080,3262,0.6421259842519685,0,0.0,0.90914691607605,4618.466333666333,0.9467273622047244,4809.375,Qwen/Qwen3.6-35B-A3B-FP8
mixed_language,40,127,8,40640,same_model,30852,0.7591535433070866,9788,0.24084645669291338,159,True,127,128,32,32,0,"[159, 40, 8]",0,True,32,True,128,159,32,0,0,32,"[128, 40, 8]",1,False,b204a181e3e00826a19e,expected_aligned_shape,Qwen/Qwen3.6-35B-A3B-FP8,ok,32,127,5080,1627,0.3202755905511811,5080,3567,0.7021653543307087,0,0.0,0.9282235437353549,4715.375602175603,0.9586368110236221,4869.875,Qwen/Qwen3.6-35B-A3B-FP8
short_qa,40,127,8,40640,same_model,29722,0.7313484251968504,10918,0.2686515748031496,159,True,127,128,32,32,0,"[159, 40, 8]",0,True,32,True,128,159,32,0,0,32,"[128, 40, 8]",1,False,b270a59687c6d48c3e66,expected_aligned_shape,Qwen/Qwen3.6-35B-A3B-FP8,ok,32,127,5080,1466,0.28858267716535435,5080,3407,0.6706692913385827,0,0.0,0.91755096172419,4661.158885558885,0.9516732283464567,4834.5,Qwen/Qwen3.6-35B-A3B-FP8
low_margin,40,127,8,40640,same_model,30754,0.756742125984252,9886,0.24325787401574803,166,True,127,128,39,39,0,"[166, 40, 8]",0,True,39,True,128,166,39,0,0,39,"[128, 40, 8]",1,False,b28ee28fbe03bf979460,expected_aligned_shape,Qwen/Qwen3.6-35B-A3B-FP8,ok,32,127,5080,1665,0.327755905511811,5080,3669,0.7222440944881889,0,0.0,0.9340324504891433,4744.884848484849,0.9622293307086615,4888.125,Qwen/Qwen3.6-35B-A3B-FP8
chat,40,127,8,40640,same_model,29731,0.7315698818897638,10909,0.2684301181102362,167,True,127,128,40,40,0,"[167, 40, 8]",0,True,40,True,128,167,40,0,0,40,"[128, 40, 8]",1,False,b2b8258c2c995965af4b,expected_aligned_shape,Qwen/Qwen3.6-35B-A3B-FP8,ok,32,127,5080,1489,0.29311023622047244,5080,3440,0.6771653543307087,0,0.0,0.9206701784654541,4677.004506604507,0.9541584645669291,4847.125,Qwen/Qwen3.6-35B-A3B-FP8
short_qa,40,127,8,40640,same_model,31175,0.7671013779527559,9465,0.2328986220472441,166,True,127,128,39,39,0,"[166, 40, 8]",0,True,39,True,128,166,39,0,0,39,"[128, 40, 8]",1,False,b3358a4643b0968c564f,expected_aligned_shape,Qwen/Qwen3.6-35B-A3B-FP8,ok,32,127,5080,1732,0.3409448818897638,5080,3671,0.7226377952755906,0,0.0,0.9336656781538671,4743.021645021645,0.9619340551181103,4886.625,Qwen/Qwen3.6-35B-A3B-FP8
needle,40,127,8,40640,same_model,29061,0.7150836614173228,11579,0.2849163385826772,159,True,127,128,32,32,0,"[159, 40, 8]",0,True,32,True,128,159,32,0,0,32,"[128, 40, 8]",1,False,b33de6a1f836f1abafd5,expected_aligned_shape,Qwen/Qwen3.6-35B-A3B-FP8,ok,32,127,5080,1372,0.2700787401574803,5080,3359,0.6612204724409448,0,0.0,0.9129423769581249,4637.747274947275,0.9484498031496063,4818.125,Qwen/Qwen3.6-35B-A3B-FP8
logs,40,127,8,40640,same_model,31852,0.783759842519685,8788,0.21624015748031497,159,True,127,128,32,32,0,"[159, 40, 8]",0,True,32,True,128,159,32,0,0,32,"[128, 40, 8]",1,False,b3533fba0511179eb54e,expected_aligned_shape,Qwen/Qwen3.6-35B-A3B-FP8,ok,32,127,5080,1847,0.3635826771653543,5080,3826,0.7531496062992126,0,0.0,0.9413712840090792,4782.1661227661225,0.966240157480315,4908.5,Qwen/Qwen3.6-35B-A3B-FP8
needle,40,127,8,40640,same_model,29678,0.730265748031496,10962,0.2697342519685039,159,True,127,128,32,32,0,"[159, 40, 8]",0,True,32,True,128,159,32,0,0,32,"[128, 40, 8]",1,False,b3952ae16ba147c8cd92,expected_aligned_shape,Qwen/Qwen3.6-35B-A3B-FP8,ok,32,127,5080,1400,0.2755905511811024,5080,3464,0.6818897637795276,0,0.0,0.9239545056867892,4693.688888888889,0.9564222440944882,4858.625,Qwen/Qwen3.6-35B-A3B-FP8
mixed_language,40,127,8,40640,same_model,32867,0.8087352362204724,7773,0.19126476377952756,159,True,127,128,32,32,0,"[159, 40, 8]",0,True,32,True,128,159,32,0,0,32,"[128, 40, 8]",1,False,b39ecdee70b98880a90c,expected_aligned_shape,Qwen/Qwen3.6-35B-A3B-FP8,ok,32,127,5080,2143,0.4218503937007874,5080,3892,0.7661417322834646,0,0.0,0.9462371748985924,4806.884848484849,0.969488188976378,4925.0,Qwen/Qwen3.6-35B-A3B-FP8
summarization,40,127,8,40640,same_model,30112,0.7409448818897638,10528,0.25905511811023624,159,True,127,128,32,32,0,"[159, 40, 8]",0,True,32,True,128,159,32,0,0,32,"[128, 40, 8]",1,False,b438494eb80e2a33b051,expected_aligned_shape,Qwen/Qwen3.6-35B-A3B-FP8,ok,32,127,5080,1528,0.30078740157480316,5080,3478,0.6846456692913386,0,0.0,0.9235386835386835,4691.576512376512,0.9558070866141732,4855.5,Qwen/Qwen3.6-35B-A3B-FP8
logs,40,127,8,40640,same_model,30129,0.741363188976378,10511,0.25863681102362207,159,True,127,128,32,32,0,"[159, 40, 8]",0,True,32,True,128,159,32,0,0,32,"[128, 40, 8]",1,False,b43e2b711aafe6f58ffa,expected_aligned_shape,Qwen/Qwen3.6-35B-A3B-FP8,ok,32,127,5080,1585,0.31200787401574803,5080,3501,0.6891732283464567,0,0.0,0.9237442609883555,4692.620845820846,0.9554133858267716,4853.5,Qwen/Qwen3.6-35B-A3B-FP8
needle,40,127,8,40640,same_model,29167,0.7176919291338583,11473,0.28230807086614174,159,True,127,128,32,32,0,"[159, 40, 8]",0,True,32,True,128,159,32,0,0,32,"[128, 40, 8]",1,False,b49734e89f704f2827c9,expected_aligned_shape,Qwen/Qwen3.6-35B-A3B-FP8,ok,32,127,5080,1349,0.2655511811023622,5080,3301,0.6498031496062993,0,0.0,0.9121979770011266,4633.965723165723,0.9485728346456693,4818.75,Qwen/Qwen3.6-35B-A3B-FP8
needle,40,127,8,40640,same_model,28833,0.7094734251968504,11807,0.2905265748031496,159,True,127,128,32,32,0,"[159, 40, 8]",0,True,32,True,128,159,32,0,0,32,"[128, 40, 8]",1,False,b54278f29f5bc64e9e22,expected_aligned_shape,Qwen/Qwen3.6-35B-A3B-FP8,ok,32,127,5080,1368,0.2692913385826772,5080,3303,0.6501968503937008,0,0.0,0.9094524635469519,4620.018514818515,0.9462598425196851,4807.0,Qwen/Qwen3.6-35B-A3B-FP8
low_margin,40,127,8,40640,same_model,29739,0.7317667322834646,10901,0.26823326771653544,167,True,127,128,40,40,0,"[167, 40, 8]",0,True,40,True,128,167,40,0,0,40,"[128, 40, 8]",1,False,b641da231fe9bad7f85c,expected_aligned_shape,Qwen/Qwen3.6-35B-A3B-FP8,ok,32,127,5080,1459,0.28720472440944883,5080,3432,0.6755905511811023,0,0.0,0.9210190334599784,4678.77668997669,0.9544291338582677,4848.5,Qwen/Qwen3.6-35B-A3B-FP8
low_margin,40,127,8,40640,same_model,29831,0.7340305118110236,10809,0.26596948818897637,167,True,127,128,40,40,0,"[167, 40, 8]",0,True,40,True,128,167,40,0,0,40,"[128, 40, 8]",1,False,b69f7e4585abe21bd34a,expected_aligned_shape,Qwen/Qwen3.6-35B-A3B-FP8,ok,32,127,5080,1478,0.2909448818897638,5080,3454,0.6799212598425197,0,0.0,0.9215737018886625,4681.5944055944055,0.9546259842519685,4849.5,Qwen/Qwen3.6-35B-A3B-FP8
mixed_language,40,127,8,40640,same_model,29624,0.7289370078740157,11016,0.2710629921259842,159,True,127,128,32,32,0,"[159, 40, 8]",0,True,32,True,128,159,32,0,0,32,"[128, 40, 8]",1,False,b6b677ccaefa4ea5366c,expected_aligned_shape,Qwen/Qwen3.6-35B-A3B-FP8,ok,32,127,5080,1578,0.3106299212598425,5080,3353,0.6600393700787401,0,0.0,0.910313326218838,4624.391697191697,0.9454724409448819,4803.0,Qwen/Qwen3.6-35B-A3B-FP8
math_numeric,40,127,8,40640,same_model,29351,0.7222194881889764,11289,0.27778051181102364,159,True,127,128,32,32,0,"[159, 40, 8]",0,True,32,True,128,159,32,0,0,32,"[128, 40, 8]",1,False,b7276f246137fc7db1bc,expected_aligned_shape,Qwen/Qwen3.6-35B-A3B-FP8,ok,32,127,5080,1453,0.2860236220472441,5080,3259,0.6415354330708661,0,0.0,0.9085296418367285,4615.330580530581,0.9463582677165354,4807.5,Qwen/Qwen3.6-35B-A3B-FP8
mixed_language,40,127,8,40640,same_model,30929,0.7610482283464567,9711,0.2389517716535433,159,True,127,128,32,32,0,"[159, 40, 8]",0,True,32,True,128,159,32,0,0,32,"[128, 40, 8]",1,False,b77295d8220def51e089,expected_aligned_shape,Qwen/Qwen3.6-35B-A3B-FP8,ok,32,127,5080,1683,0.3312992125984252,5080,3628,0.7141732283464567,0,0.0,0.9304398313847133,4726.6343434343435,0.9599163385826772,4876.375,Qwen/Qwen3.6-35B-A3B-FP8
math_numeric,40,127,8,40640,same_model,25540,0.6284448818897638,15100,0.3715551181102362,159,True,127,128,32,32,0,"[159, 40, 8]",0,True,32,True,128,159,32,0,0,32,"[128, 40, 8]",1,False,b79d83ec99e1695f39bf,expected_aligned_shape,Qwen/Qwen3.6-35B-A3B-FP8,ok,32,127,5080,1037,0.20413385826771654,5080,2752,0.5417322834645669,0,0.0,0.8563213645497109,4350.112531912532,0.9077263779527559,4611.25,Qwen/Qwen3.6-35B-A3B-FP8
logs,40,68,8,21760,same_model,14973,0.6880974264705882,6787,0.31190257352941175,100,True,68,69,32,32,0,"[100, 40, 8]",0,True,32,True,69,100,32,0,0,32,"[69, 40, 8]",1,False,b8d050c146b8c154b37a,expected_aligned_shape,Qwen/Qwen3.6-35B-A3B-FP8,ok,32,68,2720,640,0.23529411764705882,2720,1747,0.6422794117647059,0,0.0,0.9096499089146147,2474.247752247752,0.9470128676470588,2575.875,Qwen/Qwen3.6-35B-A3B-FP8
mixed_language,40,127,8,40640,same_model,30226,0.74375,10414,0.25625,159,True,127,128,32,32,0,"[159, 40, 8]",0,True,32,True,128,159,32,0,0,32,"[128, 40, 8]",1,False,b9616c5944d9819ba8e5,expected_aligned_shape,Qwen/Qwen3.6-35B-A3B-FP8,ok,32,127,5080,1563,0.3076771653543307,5080,3575,0.7037401574803149,0,0.0,0.9240100625533697,4693.971117771118,0.9547982283464567,4850.375,Qwen/Qwen3.6-35B-A3B-FP8
math_numeric,40,127,8,40640,same_model,19918,0.49010826771653543,20722,0.5098917322834645,159,True,127,128,32,32,0,"[159, 40, 8]",0,True,32,True,128,159,32,0,0,32,"[128, 40, 8]",1,False,b9de9336a7f6c1179e5d,expected_aligned_shape,Qwen/Qwen3.6-35B-A3B-FP8,ok,32,127,5080,332,0.06535433070866142,5080,1699,0.3344488188976378,0,0.0,0.785310516255398,3989.3774225774227,0.8620570866141732,4379.25,Qwen/Qwen3.6-35B-A3B-FP8
needle,40,127,8,40640,same_model,28820,0.7091535433070866,11820,0.29084645669291337,159,True,127,128,32,32,0,"[159, 40, 8]",0,True,32,True,128,159,32,0,0,32,"[128, 40, 8]",1,False,b9df8f328121db1a4ee4,expected_aligned_shape,Qwen/Qwen3.6-35B-A3B-FP8,ok,32,127,5080,1305,0.25688976377952755,5080,3301,0.6498031496062993,0,0.0,0.9153129722421061,4649.789898989899,0.9513041338582677,4832.625,Qwen/Qwen3.6-35B-A3B-FP8
needle,40,127,8,40640,same_model,29249,0.7197096456692913,11391,0.28029035433070865,159,True,127,128,32,32,0,"[159, 40, 8]",0,True,32,True,128,159,32,0,0,32,"[128, 40, 8]",1,False,b9e14e0a1d863d6ecf11,expected_aligned_shape,Qwen/Qwen3.6-35B-A3B-FP8,ok,32,127,5080,1380,0.27165354330708663,5080,3334,0.6562992125984252,0,0.0,0.9144064378316347,4645.184704184704,0.949876968503937,4825.375,Qwen/Qwen3.6-35B-A3B-FP8
json_structured,40,127,8,40640,same_model,28733,0.7070127952755906,11907,0.2929872047244094,159,True,127,128,32,32,0,"[159, 40, 8]",0,True,32,True,128,159,32,0,0,32,"[128, 40, 8]",1,False,ba1335421606c497e994,expected_aligned_shape,Qwen/Qwen3.6-35B-A3B-FP8,ok,32,127,5080,1292,0.2543307086614173,5080,3284,0.6464566929133858,0,0.0,0.9108465113189523,4627.100277500277,0.9479084645669291,4815.375,Qwen/Qwen3.6-35B-A3B-FP8
chat,40,127,8,40640,same_model,29639,0.7293061023622047,11001,0.2706938976377953,159,True,127,128,32,32,0,"[159, 40, 8]",0,True,32,True,128,159,32,0,0,32,"[128, 40, 8]",1,False,ba1c8a360468d76679fe,expected_aligned_shape,Qwen/Qwen3.6-35B-A3B-FP8,ok,32,127,5080,1439,0.2832677165354331,5080,3422,0.6736220472440945,0,0.0,0.9199470870337012,4673.331202131202,0.9536417322834646,4844.5,Qwen/Qwen3.6-35B-A3B-FP8
mixed_language,40,127,8,40640,same_model,29279,0.7204478346456693,11361,0.2795521653543307,159,True,127,128,32,32,0,"[159, 40, 8]",0,True,32,True,128,159,32,0,0,32,"[128, 40, 8]",1,False,ba65def01d2b01694f98,expected_aligned_shape,Qwen/Qwen3.6-35B-A3B-FP8,ok,32,127,5080,1435,0.2824803149606299,5080,3398,0.6688976377952756,0,0.0,0.916172073770499,4654.154134754135,0.9505413385826772,4828.75,Qwen/Qwen3.6-35B-A3B-FP8
logs,40,127,8,40640,same_model,32229,0.7930364173228347,8411,0.20696358267716536,159,True,127,128,32,32,0,"[159, 40, 8]",0,True,32,True,128,159,32,0,0,32,"[128, 40, 8]",1,False,ba90285f5d165222ce5e,expected_aligned_shape,Qwen/Qwen3.6-35B-A3B-FP8,ok,32,127,5080,1958,0.38543307086614176,5080,3920,0.7716535433070866,0,0.0,0.9468034677483497,4809.761616161616,0.9697096456692913,4926.125,Qwen/Qwen3.6-35B-A3B-FP8
low_margin,40,127,8,40640,same_model,29973,0.7375246062992126,10667,0.2624753937007874,167,True,127,128,40,40,0,"[167, 40, 8]",0,True,40,True,128,167,40,0,0,40,"[128, 40, 8]",1,False,bb425ec9a493aabd03b9,expected_aligned_shape,Qwen/Qwen3.6-35B-A3B-FP8,ok,32,127,5080,1488,0.2929133858267717,5080,3440,0.6771653543307087,0,0.0,0.9222619899785254,4685.090909090909,0.9553641732283464,4853.25,Qwen/Qwen3.6-35B-A3B-FP8
chat,40,127,8,40640,same_model,29747,0.7319635826771653,10893,0.2680364173228346,159,True,127,128,32,32,0,"[159, 40, 8]",0,True,32,True,128,159,32,0,0,32,"[128, 40, 8]",1,False,bb9f3452352324fc3c52,expected_aligned_shape,Qwen/Qwen3.6-35B-A3B-FP8,ok,32,127,5080,1398,0.2751968503937008,5080,3380,0.6653543307086615,0,0.0,0.9189683807006641,4668.359373959374,0.9532972440944882,4842.75,Qwen/Qwen3.6-35B-A3B-FP8
code,40,127,8,40640,same_model,29792,0.7330708661417323,10848,0.2669291338582677,166,True,127,128,39,39,0,"[166, 40, 8]",0,True,39,True,128,166,39,0,0,39,"[128, 40, 8]",1,False,bc0875d784a2de5a98a0,expected_aligned_shape,Qwen/Qwen3.6-35B-A3B-FP8,ok,32,127,5080,1427,0.28090551181102363,5080,3457,0.680511811023622,0,0.0,0.9226323195614534,4686.972183372183,0.9554625984251969,4853.75,Qwen/Qwen3.6-35B-A3B-FP8
math_numeric,40,127,8,40640,same_model,22322,0.549261811023622,18318,0.45073818897637796,159,True,127,128,32,32,0,"[159, 40, 8]",0,True,32,True,128,159,32,0,0,32,"[128, 40, 8]",1,False,bc09d97877043b0c280b,expected_aligned_shape,Qwen/Qwen3.6-35B-A3B-FP8,ok,32,127,5080,506,0.09960629921259842,5080,2101,0.41358267716535435,0,0.0,0.8314263951271824,4223.6460872460875,0.8975393700787402,4559.5,Qwen/Qwen3.6-35B-A3B-FP8
short_qa,40,127,8,40640,same_model,29478,0.7253444881889763,11162,0.2746555118110236,159,True,127,128,32,32,0,"[159, 40, 8]",0,True,32,True,128,159,32,0,0,32,"[128, 40, 8]",1,False,bc52ef6c6ead85290cd7,expected_aligned_shape,Qwen/Qwen3.6-35B-A3B-FP8,ok,32,127,5080,1398,0.2751968503937008,5080,3349,0.659251968503937,0,0.0,0.9145331046905849,4645.828171828171,0.9501476377952756,4826.75,Qwen/Qwen3.6-35B-A3B-FP8
chat,40,127,8,40640,same_model,30257,0.7445127952755906,10383,0.25548720472440944,167,True,127,128,40,40,0,"[167, 40, 8]",0,True,40,True,128,167,40,0,0,40,"[128, 40, 8]",1,False,bcf9daa3b35111492e38,expected_aligned_shape,Qwen/Qwen3.6-35B-A3B-FP8,ok,32,127,5080,1556,0.3062992125984252,5080,3562,0.7011811023622048,0,0.0,0.9289222938041836,4718.925252525252,0.9593257874015748,4873.375,Qwen/Qwen3.6-35B-A3B-FP8
needle,40,127,8,40640,same_model,28991,0.713361220472441,11649,0.28663877952755906,159,True,127,128,32,32,0,"[159, 40, 8]",0,True,32,True,128,159,32,0,0,32,"[128, 40, 8]",1,False,bd3bee2440df1baed4f2,expected_aligned_shape,Qwen/Qwen3.6-35B-A3B-FP8,ok,32,127,5080,1362,0.2681102362204724,5080,3324,0.6543307086614173,0,0.0,0.9153285734388095,4649.869153069153,0.9511564960629921,4831.875,Qwen/Qwen3.6-35B-A3B-FP8
math_numeric,40,127,8,40640,same_model,18989,0.4672490157480315,21651,0.5327509842519685,159,True,127,128,32,32,0,"[159, 40, 8]",0,True,32,True,128,159,32,0,0,32,"[128, 40, 8]",1,False,bd8914833777db73e6d5,expected_aligned_shape,Qwen/Qwen3.6-35B-A3B-FP8,ok,32,127,5080,318,0.0625984251968504,5080,1576,0.3102362204724409,0,0.0,0.7611690103422387,3866.7385725385725,0.8409202755905512,4271.875,Qwen/Qwen3.6-35B-A3B-FP8
math_numeric,40,127,8,40640,same_model,30669,0.7546505905511811,9971,0.2453494094488189,159,True,127,128,32,32,0,"[159, 40, 8]",0,True,32,True,128,159,32,0,0,32,"[128, 40, 8]",1,False,bde71631f9f7b4d568ac,expected_aligned_shape,Qwen/Qwen3.6-35B-A3B-FP8,ok,32,127,5080,1662,0.32716535433070865,5080,3524,0.6937007874015748,0,0.0,0.9246125178408642,4697.031590631591,0.9562992125984252,4858.0,Qwen/Qwen3.6-35B-A3B-FP8
mixed_language,40,127,8,40640,same_model,29375,0.7228100393700787,11265,0.27718996062992124,159,True,127,128,32,32,0,"[159, 40, 8]",0,True,32,True,128,159,32,0,0,32,"[128, 40, 8]",1,False,be1123aa3ca70c1a5469,expected_aligned_shape,Qwen/Qwen3.6-35B-A3B-FP8,ok,32,127,5080,1421,0.2797244094488189,5080,3338,0.6570866141732283,0,0.0,0.915996182295395,4653.260606060606,0.9514763779527559,4833.5,Qwen/Qwen3.6-35B-A3B-FP8
code,40,127,8,40640,same_model,30082,0.7402066929133858,10558,0.2597933070866142,159,True,127,128,32,32,0,"[159, 40, 8]",0,True,32,True,128,159,32,0,0,32,"[128, 40, 8]",1,False,be91132ff734fbb21c7f,expected_aligned_shape,Qwen/Qwen3.6-35B-A3B-FP8,ok,32,127,5080,1534,0.30196850393700786,5080,3480,0.6850393700787402,0,0.0,0.92205869808232,4684.058186258187,0.9545767716535433,4849.25,Qwen/Qwen3.6-35B-A3B-FP8
needle,40,127,8,40640,same_model,28077,0.690871062992126,12563,0.309128937007874,159,True,127,128,32,32,0,"[159, 40, 8]",0,True,32,True,128,159,32,0,0,32,"[128, 40, 8]",1,False,bf08480c2da63ae571d7,expected_aligned_shape,Qwen/Qwen3.6-35B-A3B-FP8,ok,32,127,5080,1207,0.2375984251968504,5080,3132,0.6165354330708661,0,0.0,0.9002399656336663,4573.2190254190255,0.9407726377952756,4779.125,Qwen/Qwen3.6-35B-A3B-FP8
code,40,127,8,40640,same_model,30688,0.7551181102362204,9952,0.24488188976377953,166,True,127,128,39,39,0,"[166, 40, 8]",0,True,39,True,128,166,39,0,0,39,"[128, 40, 8]",1,False,bf0c65a32a736f320995,expected_aligned_shape,Qwen/Qwen3.6-35B-A3B-FP8,ok,32,127,5080,1624,0.31968503937007875,5080,3570,0.702755905511811,0,0.0,0.926998080659498,4709.15024975025,0.9574311023622047,4863.75,Qwen/Qwen3.6-35B-A3B-FP8
needle,40,127,8,40640,same_model,29285,0.7205954724409449,11355,0.2794045275590551,159,True,127,128,32,32,0,"[159, 40, 8]",0,True,32,True,128,159,32,0,0,32,"[128, 40, 8]",1,False,bf0dc69d9f0f3d3976d7,expected_aligned_shape,Qwen/Qwen3.6-35B-A3B-FP8,ok,32,127,5080,1358,0.2673228346456693,5080,3352,0.6598425196850394,0,0.0,0.9174071422890321,4660.428282828283,0.9524606299212598,4838.5,Qwen/Qwen3.6-35B-A3B-FP8
chat,40,127,8,40640,same_model,30088,0.7403543307086614,10552,0.2596456692913386,159,True,127,128,32,32,0,"[159, 40, 8]",0,True,32,True,128,159,32,0,0,32,"[128, 40, 8]",1,False,bfe9d8748090a0b3bf68,expected_aligned_shape,Qwen/Qwen3.6-35B-A3B-FP8,ok,32,127,5080,1460,0.2874015748031496,5080,3459,0.6809055118110237,0,0.0,0.9235254596671919,4691.509335109336,0.9559793307086614,4856.375,Qwen/Qwen3.6-35B-A3B-FP8
logs,40,23,8,7360,same_model,5155,0.7004076086956522,2205,0.29959239130434784,55,True,23,24,32,32,0,"[55, 40, 8]",0,True,32,True,24,55,32,0,0,32,"[24, 40, 8]",1,False,c000e33ffbec190dcaa3,expected_aligned_shape,Qwen/Qwen3.6-35B-A3B-FP8,ok,32,23,920,207,0.225,920,610,0.6630434782608695,0,0.0,0.9205533596837946,846.9090909090909,0.9546195652173913,878.25,Qwen/Qwen3.6-35B-A3B-FP8
chat,40,127,8,40640,same_model,29786,0.7329232283464567,10854,0.2670767716535433,159,True,127,128,32,32,0,"[159, 40, 8]",0,True,32,True,128,159,32,0,0,32,"[128, 40, 8]",1,False,c02450409eef8eb7d4d6,expected_aligned_shape,Qwen/Qwen3.6-35B-A3B-FP8,ok,32,127,5080,1498,0.29488188976377955,5080,3474,0.6838582677165355,0,0.0,0.922278386530355,4685.174203574204,0.9549704724409449,4851.25,Qwen/Qwen3.6-35B-A3B-FP8
summarization,40,127,8,40640,same_model,31670,0.7792814960629921,8970,0.22071850393700787,167,True,127,128,40,40,0,"[167, 40, 8]",0,True,40,True,128,167,40,0,0,40,"[128, 40, 8]",1,False,c025eac16347df535db1,expected_aligned_shape,Qwen/Qwen3.6-35B-A3B-FP8,ok,32,127,5080,1825,0.359251968503937,5080,3784,0.7448818897637796,0,0.0,0.9391203372305734,4770.731313131313,0.9651082677165355,4902.75,Qwen/Qwen3.6-35B-A3B-FP8
code,40,127,8,40640,same_model,29369,0.7226624015748031,11271,0.27733759842519684,159,True,127,128,32,32,0,"[159, 40, 8]",0,True,32,True,128,159,32,0,0,32,"[128, 40, 8]",1,False,c057fd9c1f2f5132233c,expected_aligned_shape,Qwen/Qwen3.6-35B-A3B-FP8,ok,32,127,5080,1430,0.281496062992126,5080,3422,0.6736220472440945,0,0.0,0.912156531132909,4633.755178155178,0.9462352362204725,4806.875,Qwen/Qwen3.6-35B-A3B-FP8
low_margin,40,127,8,40640,same_model,30577,0.752386811023622,10063,0.24761318897637796,166,True,127,128,39,39,0,"[166, 40, 8]",0,True,39,True,128,166,39,0,0,39,"[128, 40, 8]",1,False,c058e744ed61ad3635ee,expected_aligned_shape,Qwen/Qwen3.6-35B-A3B-FP8,ok,32,127,5080,1624,0.31968503937007875,5080,3537,0.6962598425196851,0,0.0,0.9272258013202895,4710.307070707071,0.9582431102362204,4867.875,Qwen/Qwen3.6-35B-A3B-FP8
needle,40,127,8,40640,same_model,29135,0.7169045275590551,11505,0.2830954724409449,159,True,127,128,32,32,0,"[159, 40, 8]",0,True,32,True,128,159,32,0,0,32,"[128, 40, 8]",1,False,c06ae4e7b644b76be239,expected_aligned_shape,Qwen/Qwen3.6-35B-A3B-FP8,ok,32,127,5080,1350,0.265748031496063,5080,3299,0.6494094488188976,0,0.0,0.9147721307563825,4647.042424242424,0.9509350393700787,4830.75,Qwen/Qwen3.6-35B-A3B-FP8
math_numeric,40,127,8,40640,same_model,30676,0.7548228346456692,9964,0.2451771653543307,159,True,127,128,32,32,0,"[159, 40, 8]",0,True,32,True,128,159,32,0,0,32,"[128, 40, 8]",1,False,c0715ef1a1d75dd588a1,expected_aligned_shape,Qwen/Qwen3.6-35B-A3B-FP8,ok,32,127,5080,1639,0.32263779527559056,5080,3507,0.6903543307086614,0,0.0,0.9228743697247636,4688.201798201798,0.9550196850393701,4851.5,Qwen/Qwen3.6-35B-A3B-FP8
code,40,127,8,40640,same_model,30069,0.7398868110236221,10571,0.260113188976378,165,True,127,128,38,38,0,"[165, 40, 8]",0,True,38,True,128,165,38,0,0,38,"[128, 40, 8]",1,False,c09cc454c37cd68fb6d9,expected_aligned_shape,Qwen/Qwen3.6-35B-A3B-FP8,ok,32,127,5080,1502,0.29566929133858266,5080,3465,0.6820866141732284,0,0.0,0.9229626978445875,4688.650505050505,0.9556594488188976,4854.75,Qwen/Qwen3.6-35B-A3B-FP8
logs,40,127,8,40640,same_model,29825,0.733882874015748,10815,0.26611712598425197,159,True,127,128,32,32,0,"[159, 40, 8]",0,True,32,True,128,159,32,0,0,32,"[128, 40, 8]",1,False,c0ba3962279f7f0cca15,expected_aligned_shape,Qwen/Qwen3.6-35B-A3B-FP8,ok,32,127,5080,1511,0.29744094488188977,5080,3483,0.6856299212598426,0,0.0,0.9227383421477909,4687.510778110778,0.9550442913385827,4851.625,Qwen/Qwen3.6-35B-A3B-FP8
logs,40,127,8,40640,same_model,31724,0.7806102362204724,8916,0.21938976377952757,159,True,127,128,32,32,0,"[159, 40, 8]",0,True,32,True,128,159,32,0,0,32,"[128, 40, 8]",1,False,c0f30469870c1882f182,expected_aligned_shape,Qwen/Qwen3.6-35B-A3B-FP8,ok,32,127,5080,1805,0.35531496062992124,5080,3760,0.7401574803149606,0,0.0,0.9371134202630265,4760.536174936175,0.9635826771653543,4895.0,Qwen/Qwen3.6-35B-A3B-FP8
low_margin,40,127,8,40640,same_model,30179,0.7425935039370078,10461,0.25740649606299215,167,True,127,128,40,40,0,"[167, 40, 8]",0,True,40,True,128,167,40,0,0,40,"[128, 40, 8]",1,False,c0fdc8702bb662c9bdcd,expected_aligned_shape,Qwen/Qwen3.6-35B-A3B-FP8,ok,32,127,5080,1505,0.296259842519685,5080,3526,0.6940944881889763,0,0.0,0.9268527797661655,4708.412121212121,0.9580708661417323,4867.0,Qwen/Qwen3.6-35B-A3B-FP8
math_numeric,40,127,8,40640,same_model,29147,0.7171998031496063,11493,0.2828001968503937,159,True,127,128,32,32,0,"[159, 40, 8]",0,True,32,True,128,159,32,0,0,32,"[128, 40, 8]",1,False,c173dc51d47cf438e861,expected_aligned_shape,Qwen/Qwen3.6-35B-A3B-FP8,ok,32,127,5080,1306,0.25708661417322837,5080,3274,0.6444881889763779,0,0.0,0.9138184999602323,4642.19797979798,0.9503444881889764,4827.75,Qwen/Qwen3.6-35B-A3B-FP8
short_qa,40,127,8,40640,same_model,28771,0.7079478346456692,11869,0.2920521653543307,159,True,127,128,32,32,0,"[159, 40, 8]",0,True,32,True,128,159,32,0,0,32,"[128, 40, 8]",1,False,c1d92ed66ff7504060bd,expected_aligned_shape,Qwen/Qwen3.6-35B-A3B-FP8,ok,32,127,5080,1342,0.2641732283464567,5080,3250,0.639763779527559,0,0.0,0.9069538160876743,4607.325385725386,0.9451525590551181,4801.375,Qwen/Qwen3.6-35B-A3B-FP8
code,40,127,8,40640,same_model,29722,0.7313484251968504,10918,0.2686515748031496,159,True,127,128,32,32,0,"[159, 40, 8]",0,True,32,True,128,159,32,0,0,32,"[128, 40, 8]",1,False,c2334f66513a06d515e0,expected_aligned_shape,Qwen/Qwen3.6-35B-A3B-FP8,ok,32,127,5080,1487,0.29271653543307086,5080,3427,0.6746062992125984,0,0.0,0.9195226208612035,4671.174913974914,0.9531988188976378,4842.25,Qwen/Qwen3.6-35B-A3B-FP8
math_numeric,40,127,8,40640,same_model,27310,0.671998031496063,13330,0.328001968503937,159,True,127,128,32,32,0,"[159, 40, 8]",0,True,32,True,128,159,32,0,0,32,"[128, 40, 8]",1,False,c236ed6d3e66598d38ff,expected_aligned_shape,Qwen/Qwen3.6-35B-A3B-FP8,ok,32,127,5080,1124,0.22125984251968503,5080,2985,0.5875984251968503,0,0.0,0.8885778438534343,4513.9754467754465,0.9329970472440945,4739.625,Qwen/Qwen3.6-35B-A3B-FP8
low_margin,40,127,8,40640,same_model,30194,0.7429625984251969,10446,0.25703740157480315,167,True,127,128,40,40,0,"[167, 40, 8]",0,True,40,True,128,167,40,0,0,40,"[128, 40, 8]",1,False,c23c9fd92a4530fe93e9,expected_aligned_shape,Qwen/Qwen3.6-35B-A3B-FP8,ok,32,127,5080,1544,0.30393700787401573,5080,3432,0.6755905511811023,0,0.0,0.9225308200111352,4686.4565656565655,0.9556102362204725,4854.5,Qwen/Qwen3.6-35B-A3B-FP8
short_qa,40,127,8,40640,same_model,29422,0.7239665354330709,11218,0.2760334645669291,159,True,127,128,32,32,0,"[159, 40, 8]",0,True,32,True,128,159,32,0,0,32,"[128, 40, 8]",1,False,c3c4c2e82943eae361d0,expected_aligned_shape,Qwen/Qwen3.6-35B-A3B-FP8,ok,32,127,5080,1456,0.2866141732283465,5080,3362,0.6618110236220472,0,0.0,0.9127642392603024,4636.842335442336,0.9482775590551181,4817.25,Qwen/Qwen3.6-35B-A3B-FP8
needle,40,127,8,40640,same_model,29230,0.719242125984252,11410,0.28075787401574803,159,True,127,128,32,32,0,"[159, 40, 8]",0,True,32,True,128,159,32,0,0,32,"[128, 40, 8]",1,False,c4213b88ba1462fe5fad,expected_aligned_shape,Qwen/Qwen3.6-35B-A3B-FP8,ok,32,127,5080,1367,0.26909448818897636,5080,3326,0.6547244094488189,0,0.0,0.9156303189374055,4651.40202020202,0.9513533464566929,4832.875,Qwen/Qwen3.6-35B-A3B-FP8
json_structured,40,127,8,40640,same_model,29249,0.7197096456692913,11391,0.28029035433070865,159,True,127,128,32,32,0,"[159, 40, 8]",0,True,32,True,128,159,32,0,0,32,"[128, 40, 8]",1,False,c4eed7d508d06351658f,expected_aligned_shape,Qwen/Qwen3.6-35B-A3B-FP8,ok,32,127,5080,1366,0.2688976377952756,5080,3384,0.6661417322834645,0,0.0,0.9173418707276976,4660.096703296704,0.9520177165354331,4836.25,Qwen/Qwen3.6-35B-A3B-FP8
json_structured,40,127,8,40640,same_model,29107,0.7162155511811024,11533,0.28378444881889764,159,True,127,128,32,32,0,"[159, 40, 8]",0,True,32,True,128,159,32,0,0,32,"[128, 40, 8]",1,False,c51ccd801ae84bae5d0f,expected_aligned_shape,Qwen/Qwen3.6-35B-A3B-FP8,ok,32,127,5080,1404,0.2763779527559055,5080,3337,0.6568897637795276,0,0.0,0.9120679058474335,4633.304961704962,0.9481545275590552,4816.625,Qwen/Qwen3.6-35B-A3B-FP8
code,40,127,8,40640,same_model,29633,0.7291584645669291,11007,0.2708415354330709,166,True,127,128,39,39,0,"[166, 40, 8]",0,True,39,True,128,166,39,0,0,39,"[128, 40, 8]",1,False,c59559f5c664cfd2045e,expected_aligned_shape,Qwen/Qwen3.6-35B-A3B-FP8,ok,32,127,5080,1481,0.29153543307086616,5080,3397,0.6687007874015748,0,0.0,0.9170972159948538,4658.853857253857,0.9513779527559055,4833.0,Qwen/Qwen3.6-35B-A3B-FP8
short_qa,40,127,8,40640,same_model,28730,0.7069389763779528,11910,0.2930610236220472,159,True,127,128,32,32,0,"[159, 40, 8]",0,True,32,True,128,159,32,0,0,32,"[128, 40, 8]",1,False,c6d418ee2c1362c7b544,expected_aligned_shape,Qwen/Qwen3.6-35B-A3B-FP8,ok,32,127,5080,1295,0.2549212598425197,5080,3194,0.628740157480315,0,0.0,0.9063046315014818,4604.027528027528,0.9450787401574803,4801.0,Qwen/Qwen3.6-35B-A3B-FP8
chat,40,127,8,40640,same_model,30230,0.7438484251968503,10410,0.2561515748031496,167,True,127,128,40,40,0,"[167, 40, 8]",0,True,40,True,128,167,40,0,0,40,"[128, 40, 8]",1,False,c6e7a36b62f170637a5f,expected_aligned_shape,Qwen/Qwen3.6-35B-A3B-FP8,ok,32,127,5080,1576,0.3102362204724409,5080,3542,0.697244094488189,0,0.0,0.9261464607133899,4704.82402042402,0.9572096456692913,4862.625,Qwen/Qwen3.6-35B-A3B-FP8
chat,40,127,8,40640,same_model,29731,0.7315698818897638,10909,0.2684301181102362,159,True,127,128,32,32,0,"[159, 40, 8]",0,True,32,True,128,159,32,0,0,32,"[128, 40, 8]",1,False,c71e3e89c6c0b3158b0b,expected_aligned_shape,Qwen/Qwen3.6-35B-A3B-FP8,ok,32,127,5080,1432,0.28188976377952757,5080,3485,0.6860236220472441,0,0.0,0.9252914976537026,4700.480808080808,0.957234251968504,4862.75,Qwen/Qwen3.6-35B-A3B-FP8
summarization,40,127,8,40640,same_model,30399,0.7480068897637795,10241,0.25199311023622045,159,True,127,128,32,32,0,"[159, 40, 8]",0,True,32,True,128,159,32,0,0,32,"[128, 40, 8]",1,False,c7586011bab5daaf44a3,expected_aligned_shape,Qwen/Qwen3.6-35B-A3B-FP8,ok,32,127,5080,1551,0.30531496062992125,5080,3538,0.6964566929133859,0,0.0,0.9270913863039848,4709.624242424243,0.9581692913385826,4867.5,Qwen/Qwen3.6-35B-A3B-FP8
json_structured,40,127,8,40640,same_model,25649,0.631126968503937,14991,0.368873031496063,159,True,127,128,32,32,0,"[159, 40, 8]",0,True,32,True,128,159,32,0,0,32,"[128, 40, 8]",1,False,c77b9a21699d51f19d4d,expected_aligned_shape,Qwen/Qwen3.6-35B-A3B-FP8,ok,32,127,5080,888,0.17480314960629922,5080,2680,0.5275590551181102,0,0.0,0.8656175189639755,4397.336996336996,0.9167814960629921,4657.25,Qwen/Qwen3.6-35B-A3B-FP8
code,40,127,8,40640,same_model,31636,0.7784448818897638,9004,0.22155511811023623,159,True,127,128,32,32,0,"[159, 40, 8]",0,True,32,True,128,159,32,0,0,32,"[128, 40, 8]",1,False,c88100f0084d43a0dbc4,expected_aligned_shape,Qwen/Qwen3.6-35B-A3B-FP8,ok,32,127,5080,1794,0.3531496062992126,5080,3708,0.7299212598425197,0,0.0,0.9344245605662929,4746.8767676767675,0.9622047244094488,4888.0,Qwen/Qwen3.6-35B-A3B-FP8
chat,40,127,8,40640,same_model,29614,0.7286909448818898,11026,0.2713090551181102,167,True,127,128,40,40,0,"[167, 40, 8]",0,True,40,True,128,167,40,0,0,40,"[128, 40, 8]",1,False,c8f94099829018aa73be,expected_aligned_shape,Qwen/Qwen3.6-35B-A3B-FP8,ok,32,127,5080,1447,0.2848425196850394,5080,3488,0.6866141732283465,0,0.0,0.9232853061199517,4690.289355089355,0.9556594488188976,4854.75,Qwen/Qwen3.6-35B-A3B-FP8
short_qa,40,127,8,40640,same_model,30356,0.7469488188976378,10284,0.2530511811023622,166,True,127,128,39,39,0,"[166, 40, 8]",0,True,39,True,128,166,39,0,0,39,"[128, 40, 8]",1,False,c9054248f275923ce4b2,expected_aligned_shape,Qwen/Qwen3.6-35B-A3B-FP8,ok,32,127,5080,1592,0.31338582677165355,5080,3550,0.6988188976377953,0,0.0,0.9267780863056453,4708.032678432678,0.9576525590551181,4864.875,Qwen/Qwen3.6-35B-A3B-FP8
code,40,127,8,40640,same_model,29419,0.7238927165354331,11221,0.2761072834645669,166,True,127,128,39,39,0,"[166, 40, 8]",0,True,39,True,128,166,39,0,0,39,"[128, 40, 8]",1,False,c93dd9262a72c4c1aa6f,expected_aligned_shape,Qwen/Qwen3.6-35B-A3B-FP8,ok,32,127,5080,1399,0.27539370078740155,5080,3362,0.6618110236220472,0,0.0,0.9158855842320409,4652.698767898768,0.9510088582677165,4831.125,Qwen/Qwen3.6-35B-A3B-FP8
summarization,40,127,8,40640,same_model,30088,0.7403543307086614,10552,0.2596456692913386,159,True,127,128,32,32,0,"[159, 40, 8]",0,True,32,True,128,159,32,0,0,32,"[128, 40, 8]",1,False,c953ff4457bae7fd415c,expected_aligned_shape,Qwen/Qwen3.6-35B-A3B-FP8,ok,32,127,5080,1504,0.29606299212598425,5080,3444,0.6779527559055119,0,0.0,0.9227057981388691,4687.345454545454,0.9556594488188976,4854.75,Qwen/Qwen3.6-35B-A3B-FP8
math_numeric,40,127,8,40640,same_model,30113,0.7409694881889763,10527,0.2590305118110236,159,True,127,128,32,32,0,"[159, 40, 8]",0,True,32,True,128,159,32,0,0,32,"[128, 40, 8]",1,False,c960c8b157bc53ae29af,expected_aligned_shape,Qwen/Qwen3.6-35B-A3B-FP8,ok,32,127,5080,1501,0.2954724409448819,5080,3552,0.6992125984251969,0,0.0,0.9264420269144678,4706.325496725497,0.9573818897637796,4863.5,Qwen/Qwen3.6-35B-A3B-FP8
low_margin,40,127,8,40640,same_model,30281,0.745103346456693,10359,0.2548966535433071,167,True,127,128,40,40,0,"[167, 40, 8]",0,True,40,True,128,167,40,0,0,40,"[128, 40, 8]",1,False,c964b37a792e62a95e31,expected_aligned_shape,Qwen/Qwen3.6-35B-A3B-FP8,ok,32,127,5080,1543,0.30374015748031497,5080,3538,0.6964566929133859,0,0.0,0.927043664996421,4709.381818181818,0.9581200787401575,4867.25,Qwen/Qwen3.6-35B-A3B-FP8
logs,40,80,8,25600,same_model,19929,0.7784765625,5671,0.2215234375,112,True,80,81,32,32,0,"[112, 40, 8]",0,True,32,True,81,112,32,0,0,32,"[81, 40, 8]",1,False,c980b50c45e629922e4c,expected_aligned_shape,Qwen/Qwen3.6-35B-A3B-FP8,ok,32,80,3200,1141,0.3565625,3200,2407,0.7521875,0,0.0,0.9427285353535353,3016.731313131313,0.9674609375,3095.875,Qwen/Qwen3.6-35B-A3B-FP8
code,40,127,8,40640,same_model,29625,0.7289616141732284,11015,0.27103838582677164,159,True,127,128,32,32,0,"[159, 40, 8]",0,True,32,True,128,159,32,0,0,32,"[128, 40, 8]",1,False,c9e56e820a2698b64186,expected_aligned_shape,Qwen/Qwen3.6-35B-A3B-FP8,ok,32,127,5080,1469,0.2891732283464567,5080,3420,0.6732283464566929,0,0.0,0.9155641733594488,4651.066000666001,0.9489665354330709,4820.75,Qwen/Qwen3.6-35B-A3B-FP8
chat,40,127,8,40640,same_model,29606,0.728494094488189,11034,0.27150590551181103,159,True,127,128,32,32,0,"[159, 40, 8]",0,True,32,True,128,159,32,0,0,32,"[128, 40, 8]",1,False,c9f0a645a510e7b8b559,expected_aligned_shape,Qwen/Qwen3.6-35B-A3B-FP8,ok,32,127,5080,1440,0.28346456692913385,5080,3410,0.6712598425196851,0,0.0,0.9195026670617221,4671.073548673548,0.9534448818897637,4843.5,Qwen/Qwen3.6-35B-A3B-FP8
low_margin,40,127,8,40640,same_model,28977,0.7130167322834645,11663,0.28698326771653543,167,True,127,128,40,40,0,"[167, 40, 8]",0,True,40,True,128,167,40,0,0,40,"[128, 40, 8]",1,False,c9f7df06aabfa856503d,expected_aligned_shape,Qwen/Qwen3.6-35B-A3B-FP8,ok,32,127,5080,1387,0.27303149606299215,5080,3270,0.6437007874015748,0,0.0,0.9095347172512526,4620.436363636363,0.9471948818897638,4811.75,Qwen/Qwen3.6-35B-A3B-FP8
short_qa,40,127,8,40640,same_model,31028,0.7634842519685039,9612,0.23651574803149605,166,True,127,128,39,39,0,"[166, 40, 8]",0,True,39,True,128,166,39,0,0,39,"[128, 40, 8]",1,False,ca551e87f31d183057fb,expected_aligned_shape,Qwen/Qwen3.6-35B-A3B-FP8,ok,32,127,5080,1671,0.32893700787401575,5080,3654,0.7192913385826771,0,0.0,0.9326936405676564,4738.083694083694,0.9612942913385827,4883.375,Qwen/Qwen3.6-35B-A3B-FP8
mixed_language,40,127,8,40640,same_model,29699,0.7307824803149606,10941,0.2692175196850394,159,True,127,128,32,32,0,"[159, 40, 8]",0,True,32,True,128,159,32,0,0,32,"[128, 40, 8]",1,False,ca6f47b188d837f8f203,expected_aligned_shape,Qwen/Qwen3.6-35B-A3B-FP8,ok,32,127,5080,1443,0.2840551181102362,5080,3445,0.6781496062992126,0,0.0,0.919222273789203,4669.649150849151,0.9527066929133858,4839.75,Qwen/Qwen3.6-35B-A3B-FP8
summarization,40,127,8,40640,same_model,30965,0.7619340551181102,9675,0.23806594488188976,163,True,127,128,36,36,0,"[163, 40, 8]",0,True,36,True,128,163,36,0,0,36,"[128, 40, 8]",1,False,ca7521427e5b1d2fdbc4,expected_aligned_shape,Qwen/Qwen3.6-35B-A3B-FP8,ok,32,127,5080,1679,0.33051181102362204,5080,3597,0.7080708661417323,0,0.0,0.9306903682494235,4727.9070707070705,0.9603592519685039,4878.625,Qwen/Qwen3.6-35B-A3B-FP8
chat,40,127,8,40640,same_model,29679,0.7302903543307087,10961,0.26970964566929134,159,True,127,128,32,32,0,"[159, 40, 8]",0,True,32,True,128,159,32,0,0,32,"[128, 40, 8]",1,False,ca9ed4a0b3a0658aa462,expected_aligned_shape,Qwen/Qwen3.6-35B-A3B-FP8,ok,32,127,5080,1419,0.27933070866141735,5080,3446,0.6783464566929134,0,0.0,0.921676748448402,4682.117882117882,0.9547244094488189,4850.0,Qwen/Qwen3.6-35B-A3B-FP8
short_qa,40,127,8,40640,same_model,29214,0.7188484251968504,11426,0.2811515748031496,159,True,127,128,32,32,0,"[159, 40, 8]",0,True,32,True,128,159,32,0,0,32,"[128, 40, 8]",1,False,caaa05fc074ec7492074,expected_aligned_shape,Qwen/Qwen3.6-35B-A3B-FP8,ok,32,127,5080,1383,0.272244094488189,5080,3323,0.6541338582677165,0,0.0,0.9131773475867965,4638.940925740926,0.9492372047244094,4822.125,Qwen/Qwen3.6-35B-A3B-FP8
summarization,40,127,8,40640,same_model,30611,0.7532234251968504,10029,0.2467765748031496,159,True,127,128,32,32,0,"[159, 40, 8]",0,True,32,True,128,159,32,0,0,32,"[128, 40, 8]",1,False,cac6fee02fd04e1964db,expected_aligned_shape,Qwen/Qwen3.6-35B-A3B-FP8,ok,32,127,5080,1630,0.32086614173228345,5080,3567,0.7021653543307087,0,0.0,0.9282740138251949,4715.63199023199,0.958513779527559,4869.25,Qwen/Qwen3.6-35B-A3B-FP8
math_numeric,40,127,8,40640,same_model,29644,0.7294291338582677,10996,0.27057086614173226,159,True,127,128,32,32,0,"[159, 40, 8]",0,True,32,True,128,159,32,0,0,32,"[128, 40, 8]",1,False,cacdac01a1df5cf98e8c,expected_aligned_shape,Qwen/Qwen3.6-35B-A3B-FP8,ok,32,127,5080,1451,0.28562992125984255,5080,3409,0.6710629921259843,0,0.0,0.9180714036619548,4663.802730602731,0.9522145669291339,4837.25,Qwen/Qwen3.6-35B-A3B-FP8
short_qa,40,127,8,40640,same_model,31926,0.7855807086614173,8714,0.21441929133858267,159,True,127,128,32,32,0,"[159, 40, 8]",0,True,32,True,128,159,32,0,0,32,"[128, 40, 8]",1,False,cb4f5e75566df4895a22,expected_aligned_shape,Qwen/Qwen3.6-35B-A3B-FP8,ok,32,127,5080,1914,0.3767716535433071,5080,3816,0.7511811023622047,0,0.0,0.9417068321005331,4783.870707070707,0.966732283464567,4911.0,Qwen/Qwen3.6-35B-A3B-FP8
chat,40,127,8,40640,same_model,28631,0.7045029527559055,12009,0.2954970472440945,159,True,127,128,32,32,0,"[159, 40, 8]",0,True,32,True,128,159,32,0,0,32,"[128, 40, 8]",1,False,cb5ad6bd2da7b7ac246a,expected_aligned_shape,Qwen/Qwen3.6-35B-A3B-FP8,ok,32,127,5080,1231,0.24232283464566928,5080,3244,0.6385826771653543,0,0.0,0.9104970445127926,4625.324986124986,0.9480068897637796,4815.875,Qwen/Qwen3.6-35B-A3B-FP8
short_qa,40,127,8,40640,same_model,19059,0.4689714566929134,21581,0.5310285433070866,159,True,127,128,32,32,0,"[159, 40, 8]",0,True,32,True,128,159,32,0,0,32,"[128, 40, 8]",1,False,cb7ef85aeaf18ee8ce20,expected_aligned_shape,Qwen/Qwen3.6-35B-A3B-FP8,ok,32,127,5080,555,0.10925196850393701,5080,1800,0.3543307086614173,0,0.0,0.7341475890688488,3729.4697524697526,0.8124015748031496,4127.0,Qwen/Qwen3.6-35B-A3B-FP8
code,40,127,8,40640,same_model,29835,0.734128937007874,10805,0.265871062992126,166,True,127,128,39,39,0,"[166, 40, 8]",0,True,39,True,128,166,39,0,0,39,"[128, 40, 8]",1,False,cb95ee1e94b241aba4f9,expected_aligned_shape,Qwen/Qwen3.6-35B-A3B-FP8,ok,32,127,5080,1456,0.2866141732283465,5080,3449,0.6789370078740158,0,0.0,0.9209730645557417,4678.543167943168,0.953863188976378,4845.625,Qwen/Qwen3.6-35B-A3B-FP8
needle,40,127,8,40640,same_model,28513,0.7015994094488189,12127,0.2984005905511811,159,True,127,128,32,32,0,"[159, 40, 8]",0,True,32,True,128,159,32,0,0,32,"[128, 40, 8]",1,False,cc05fb2fbe60c1e25c7c,expected_aligned_shape,Qwen/Qwen3.6-35B-A3B-FP8,ok,32,127,5080,1308,0.2574803149606299,5080,3254,0.6405511811023622,0,0.0,0.9079011277436474,4612.137728937729,0.9460629921259842,4806.0,Qwen/Qwen3.6-35B-A3B-FP8
chat,40,127,8,40640,same_model,29732,0.7315944881889764,10908,0.2684055118110236,159,True,127,128,32,32,0,"[159, 40, 8]",0,True,32,True,128,159,32,0,0,32,"[128, 40, 8]",1,False,cc075064e2dcaf82ea11,expected_aligned_shape,Qwen/Qwen3.6-35B-A3B-FP8,ok,32,127,5080,1405,0.2765748031496063,5080,3399,0.6690944881889764,0,0.0,0.9191088439119935,4669.072927072927,0.953125,4841.875,Qwen/Qwen3.6-35B-A3B-FP8
math_numeric,40,127,8,40640,same_model,29038,0.7145177165354331,11602,0.28548228346456694,159,True,127,128,32,32,0,"[159, 40, 8]",0,True,32,True,128,159,32,0,0,32,"[128, 40, 8]",1,False,cc66fc7e655780f0ce4a,expected_aligned_shape,Qwen/Qwen3.6-35B-A3B-FP8,ok,32,127,5080,1391,0.27381889763779527,5080,3289,0.6474409448818897,0,0.0,0.9051466468789303,4598.144966144966,0.9424704724409448,4787.75,Qwen/Qwen3.6-35B-A3B-FP8
low_margin,40,127,8,40640,same_model,29599,0.7283218503937008,11041,0.2716781496062992,167,True,127,128,40,40,0,"[167, 40, 8]",0,True,40,True,128,167,40,0,0,40,"[128, 40, 8]",1,False,cc92eea2f85060c2ef48,expected_aligned_shape,Qwen/Qwen3.6-35B-A3B-FP8,ok,32,127,5080,1422,0.2799212598425197,5080,3420,0.6732283464566929,0,0.0,0.9202020202020201,4674.626262626262,0.9540108267716535,4846.375,Qwen/Qwen3.6-35B-A3B-FP8
short_qa,40,127,8,40640,same_model,31076,0.7646653543307087,9564,0.23533464566929133,166,True,127,128,39,39,0,"[166, 40, 8]",0,True,39,True,128,166,39,0,0,39,"[128, 40, 8]",1,False,cc968cd2910e4b042410,expected_aligned_shape,Qwen/Qwen3.6-35B-A3B-FP8,ok,32,127,5080,1693,0.3332677165354331,5080,3696,0.7275590551181103,0,0.0,0.9356112304143801,4752.905050505051,0.9632135826771654,4893.125,Qwen/Qwen3.6-35B-A3B-FP8
json_structured,40,127,8,40640,same_model,31029,0.7635088582677165,9611,0.23649114173228347,167,True,127,128,40,40,0,"[167, 40, 8]",0,True,40,True,128,167,40,0,0,40,"[128, 40, 8]",1,False,cca742911a13c00aec34,expected_aligned_shape,Qwen/Qwen3.6-35B-A3B-FP8,ok,32,127,5080,1730,0.3405511811023622,5080,3695,0.7273622047244095,0,0.0,0.933523563051122,4742.2997002997,0.9614911417322834,4884.375,Qwen/Qwen3.6-35B-A3B-FP8
needle,40,127,8,40640,same_model,28779,0.7081446850393701,11861,0.29185531496062994,159,True,127,128,32,32,0,"[159, 40, 8]",0,True,32,True,128,159,32,0,0,32,"[128, 40, 8]",1,False,ccb10409682b5cac10c7,expected_aligned_shape,Qwen/Qwen3.6-35B-A3B-FP8,ok,32,127,5080,1251,0.24625984251968505,5080,3202,0.6303149606299212,0,0.0,0.908465759961823,4615.006060606061,0.9470226377952756,4810.875,Qwen/Qwen3.6-35B-A3B-FP8
summarization,40,127,8,40640,same_model,30604,0.7530511811023622,10036,0.24694881889763778,159,True,127,128,32,32,0,"[159, 40, 8]",0,True,32,True,128,159,32,0,0,32,"[128, 40, 8]",1,False,ccde5d7b82ca11f23b09,expected_aligned_shape,Qwen/Qwen3.6-35B-A3B-FP8,ok,32,127,5080,1615,0.31791338582677164,5080,3574,0.7035433070866142,0,0.0,0.9275468888067312,4711.938195138195,0.9580708661417323,4867.0,Qwen/Qwen3.6-35B-A3B-FP8
short_qa,40,127,8,40640,same_model,31867,0.784128937007874,8773,0.215871062992126,159,True,127,128,32,32,0,"[159, 40, 8]",0,True,32,True,128,159,32,0,0,32,"[128, 40, 8]",1,False,cd5e143f7557cfc96999,expected_aligned_shape,Qwen/Qwen3.6-35B-A3B-FP8,ok,32,127,5080,1885,0.37106299212598426,5080,3828,0.7535433070866142,0,0.0,0.9408164014463228,4779.347319347319,0.9658464566929134,4906.5,Qwen/Qwen3.6-35B-A3B-FP8
chat,40,127,8,40640,same_model,29950,0.7369586614173228,10690,0.26304133858267714,167,True,127,128,40,40,0,"[167, 40, 8]",0,True,40,True,128,167,40,0,0,40,"[128, 40, 8]",1,False,cd748cc0523506c2997c,expected_aligned_shape,Qwen/Qwen3.6-35B-A3B-FP8,ok,32,127,5080,1493,0.2938976377952756,5080,3462,0.681496062992126,0,0.0,0.9210963314900322,4679.169363969364,0.9540600393700788,4846.625,Qwen/Qwen3.6-35B-A3B-FP8
low_margin,40,127,8,40640,same_model,29807,0.7334399606299212,10833,0.2665600393700787,167,True,127,128,40,40,0,"[167, 40, 8]",0,True,40,True,128,167,40,0,0,40,"[128, 40, 8]",1,False,ce3b621205a2f65dcaa1,expected_aligned_shape,Qwen/Qwen3.6-35B-A3B-FP8,ok,32,127,5080,1459,0.28720472440944883,5080,3422,0.6736220472440945,0,0.0,0.9183998634786037,4665.471306471307,0.9520669291338583,4836.5,Qwen/Qwen3.6-35B-A3B-FP8
low_margin,40,127,8,40640,same_model,28353,0.6976624015748032,12287,0.30233759842519686,167,True,127,128,40,40,0,"[167, 40, 8]",0,True,40,True,128,167,40,0,0,40,"[128, 40, 8]",1,False,ce8803bd786e747fc5da,expected_aligned_shape,Qwen/Qwen3.6-35B-A3B-FP8,ok,32,127,5080,1233,0.24271653543307087,5080,3131,0.6163385826771653,0,0.0,0.9027589121289907,4586.015273615274,0.9427903543307087,4789.375,Qwen/Qwen3.6-35B-A3B-FP8
json_structured,40,127,8,40640,same_model,29518,0.7263287401574803,11122,0.27367125984251967,159,True,127,128,32,32,0,"[159, 40, 8]",0,True,32,True,128,159,32,0,0,32,"[128, 40, 8]",1,False,cef2ad578ccae2987bf5,expected_aligned_shape,Qwen/Qwen3.6-35B-A3B-FP8,ok,32,127,5080,1383,0.272244094488189,5080,3351,0.6596456692913386,0,0.0,0.9164324127316253,4655.476656676657,0.9515748031496063,4834.0,Qwen/Qwen3.6-35B-A3B-FP8
math_numeric,40,6,8,1920,same_model,1342,0.6989583333333333,578,0.30104166666666665,38,True,6,7,32,32,0,"[38, 40, 8]",0,True,32,True,7,38,32,0,0,32,"[7, 40, 8]",1,False,cef9ccc3dede53da7cf5,expected_aligned_shape,Qwen/Qwen3.6-35B-A3B-FP8,ok,32,6,240,61,0.25416666666666665,240,153,0.6375,0,0.0,0.9146296296296297,219.51111111111112,0.9510416666666667,228.25,Qwen/Qwen3.6-35B-A3B-FP8
low_margin,40,127,8,40640,same_model,30922,0.7608759842519685,9718,0.2391240157480315,166,True,127,128,39,39,0,"[166, 40, 8]",0,True,39,True,128,166,39,0,0,39,"[128, 40, 8]",1,False,cf09294076c02627a3a0,expected_aligned_shape,Qwen/Qwen3.6-35B-A3B-FP8,ok,32,127,5080,1663,0.32736220472440947,5080,3684,0.7251968503937007,0,0.0,0.9341986797104906,4745.729292929293,0.9622293307086615,4888.125,Qwen/Qwen3.6-35B-A3B-FP8
needle,40,127,8,40640,same_model,29054,0.7149114173228347,11586,0.28508858267716536,159,True,127,128,32,32,0,"[159, 40, 8]",0,True,32,True,128,159,32,0,0,32,"[128, 40, 8]",1,False,cf7b6e98551fa0af3d01,expected_aligned_shape,Qwen/Qwen3.6-35B-A3B-FP8,ok,32,127,5080,1349,0.2655511811023622,5080,3353,0.6600393700787401,0,0.0,0.9164662371748986,4655.648484848485,0.9516978346456693,4834.625,Qwen/Qwen3.6-35B-A3B-FP8
logs,40,127,8,40640,same_model,29824,0.7338582677165354,10816,0.26614173228346455,159,True,127,128,32,32,0,"[159, 40, 8]",0,True,32,True,128,159,32,0,0,32,"[128, 40, 8]",1,False,d01ed33c5d8b4ebe4e68,expected_aligned_shape,Qwen/Qwen3.6-35B-A3B-FP8,ok,32,127,5080,1459,0.28720472440944883,5080,3417,0.6726377952755905,0,0.0,0.9213565699392471,4680.491375291375,0.9547736220472441,4850.25,Qwen/Qwen3.6-35B-A3B-FP8
chat,40,127,8,40640,same_model,28422,0.6993602362204724,12218,0.30063976377952756,159,True,127,128,32,32,0,"[159, 40, 8]",0,True,32,True,128,159,32,0,0,32,"[128, 40, 8]",1,False,d1602404fdf9a687b17f,expected_aligned_shape,Qwen/Qwen3.6-35B-A3B-FP8,ok,32,127,5080,1268,0.24960629921259841,5080,3262,0.6421259842519685,0,0.0,0.9048542795786889,4596.65974025974,0.9426181102362204,4788.5,Qwen/Qwen3.6-35B-A3B-FP8
chat,40,127,8,40640,same_model,30210,0.7433562992125984,10430,0.25664370078740156,167,True,127,128,40,40,0,"[167, 40, 8]",0,True,40,True,128,167,40,0,0,40,"[128, 40, 8]",1,False,d1edc02f59a4883e4d91,expected_aligned_shape,Qwen/Qwen3.6-35B-A3B-FP8,ok,32,127,5080,1581,0.31122047244094486,5080,3531,0.6950787401574803,0,0.0,0.9256955380577427,4702.533333333334,0.9571112204724409,4862.125,Qwen/Qwen3.6-35B-A3B-FP8
chat,40,127,8,40640,same_model,29693,0.730634842519685,10947,0.269365157480315,159,True,127,128,32,32,0,"[159, 40, 8]",0,True,32,True,128,159,32,0,0,32,"[128, 40, 8]",1,False,d2451c217ecf54d76ae3,expected_aligned_shape,Qwen/Qwen3.6-35B-A3B-FP8,ok,32,127,5080,1454,0.2862204724409449,5080,3433,0.6757874015748031,0,0.0,0.921389974854542,4680.661072261072,0.9547244094488189,4850.0,Qwen/Qwen3.6-35B-A3B-FP8
needle,40,127,8,40640,same_model,29230,0.719242125984252,11410,0.28075787401574803,159,True,127,128,32,32,0,"[159, 40, 8]",0,True,32,True,128,159,32,0,0,32,"[128, 40, 8]",1,False,d28e7cb28a862000f211,expected_aligned_shape,Qwen/Qwen3.6-35B-A3B-FP8,ok,32,127,5080,1370,0.26968503937007876,5080,3341,0.6576771653543307,0,0.0,0.916822556271375,4657.458585858586,0.9521161417322834,4836.75,Qwen/Qwen3.6-35B-A3B-FP8
needle,40,127,8,40640,same_model,29767,0.7324557086614173,10873,0.26754429133858265,159,True,127,128,32,32,0,"[159, 40, 8]",0,True,32,True,128,159,32,0,0,32,"[128, 40, 8]",1,False,d2ad6a368500632341b5,expected_aligned_shape,Qwen/Qwen3.6-35B-A3B-FP8,ok,32,127,5080,1452,0.2858267716535433,5080,3456,0.6803149606299213,0,0.0,0.922343116201384,4685.503030303031,0.9552411417322835,4852.625,Qwen/Qwen3.6-35B-A3B-FP8
code,40,127,8,40640,same_model,29715,0.7311761811023622,10925,0.2688238188976378,166,True,127,128,39,39,0,"[166, 40, 8]",0,True,39,True,128,166,39,0,0,39,"[128, 40, 8]",1,False,d2aef3de0a914cbd30cd,expected_aligned_shape,Qwen/Qwen3.6-35B-A3B-FP8,ok,32,127,5080,1510,0.297244094488189,5080,3455,0.6801181102362205,0,0.0,0.9215426830387461,4681.43682983683,0.9546505905511811,4849.625,Qwen/Qwen3.6-35B-A3B-FP8
code,40,127,8,40640,same_model,29582,0.7279035433070866,11058,0.2720964566929134,159,True,127,128,32,32,0,"[159, 40, 8]",0,True,32,True,128,159,32,0,0,32,"[128, 40, 8]",1,False,d2c48184cc2e83155340,expected_aligned_shape,Qwen/Qwen3.6-35B-A3B-FP8,ok,32,127,5080,1423,0.28011811023622046,5080,3327,0.6549212598425197,0,0.0,0.9091881652905275,4618.6758796758795,0.9449557086614173,4800.375,Qwen/Qwen3.6-35B-A3B-FP8
chat,40,127,8,40640,same_model,30229,0.7438238188976378,10411,0.2561761811023622,167,True,127,128,40,40,0,"[167, 40, 8]",0,True,40,True,128,167,40,0,0,40,"[128, 40, 8]",1,False,d33dbda788627764c00f,expected_aligned_shape,Qwen/Qwen3.6-35B-A3B-FP8,ok,32,127,5080,1569,0.3088582677165354,5080,3556,0.7,0,0.0,0.9257890316158034,4703.008280608281,0.9568405511811023,4860.75,Qwen/Qwen3.6-35B-A3B-FP8
chat,40,127,8,40640,same_model,30360,0.7470472440944882,10280,0.2529527559055118,167,True,127,128,40,40,0,"[167, 40, 8]",0,True,40,True,128,167,40,0,0,40,"[128, 40, 8]",1,False,d35a0a4817634dc7cc96,expected_aligned_shape,Qwen/Qwen3.6-35B-A3B-FP8,ok,32,127,5080,1589,0.3127952755905512,5080,3533,0.6954724409448819,0,0.0,0.9266658713115405,4707.462626262626,0.9578494094488189,4865.875,Qwen/Qwen3.6-35B-A3B-FP8
needle,40,127,8,40640,same_model,28184,0.693503937007874,12456,0.306496062992126,159,True,127,128,32,32,0,"[159, 40, 8]",0,True,32,True,128,159,32,0,0,32,"[128, 40, 8]",1,False,d37b2b30191e39ab55f9,expected_aligned_shape,Qwen/Qwen3.6-35B-A3B-FP8,ok,32,127,5080,1224,0.2409448818897638,5080,3161,0.622244094488189,0,0.0,0.9023304517005304,4583.8386946386945,0.9421998031496063,4786.375,Qwen/Qwen3.6-35B-A3B-FP8
low_margin,40,127,8,40640,same_model,29239,0.7194635826771654,11401,0.28053641732283463,167,True,127,128,40,40,0,"[167, 40, 8]",0,True,40,True,128,167,40,0,0,40,"[128, 40, 8]",1,False,d37c7290c5413ebd15e5,expected_aligned_shape,Qwen/Qwen3.6-35B-A3B-FP8,ok,32,127,5080,1423,0.28011811023622046,5080,3294,0.6484251968503937,0,0.0,0.9111474046513417,4628.628815628816,0.9478838582677165,4815.25,Qwen/Qwen3.6-35B-A3B-FP8
summarization,40,127,8,40640,same_model,29651,0.7296013779527559,10989,0.2703986220472441,163,True,127,128,36,36,0,"[163, 40, 8]",0,True,36,True,128,163,36,0,0,36,"[128, 40, 8]",1,False,d3931b16d449005faf35,expected_aligned_shape,Qwen/Qwen3.6-35B-A3B-FP8,ok,32,127,5080,1450,0.2854330708661417,5080,3363,0.662007874015748,0,0.0,0.9133757056591703,4639.948584748585,0.9488927165354331,4820.375,Qwen/Qwen3.6-35B-A3B-FP8
mixed_language,40,127,8,40640,same_model,30012,0.738484251968504,10628,0.2615157480314961,159,True,127,128,32,32,0,"[159, 40, 8]",0,True,32,True,128,159,32,0,0,32,"[128, 40, 8]",1,False,d3d427ca6ab184fc3dad,expected_aligned_shape,Qwen/Qwen3.6-35B-A3B-FP8,ok,32,127,5080,1516,0.2984251968503937,5080,3458,0.6807086614173228,0,0.0,0.9213707727093554,4680.5635253635255,0.9544537401574803,4848.625,Qwen/Qwen3.6-35B-A3B-FP8
logs,40,127,8,40640,same_model,29447,0.7245816929133858,11193,0.2754183070866142,159,True,127,128,32,32,0,"[159, 40, 8]",0,True,32,True,128,159,32,0,0,32,"[128, 40, 8]",1,False,d4cceaad88cb0529de4f,expected_aligned_shape,Qwen/Qwen3.6-35B-A3B-FP8,ok,32,127,5080,1418,0.27913385826771653,5080,3391,0.6675196850393701,0,0.0,0.9180294858247613,4663.589787989788,0.9525344488188976,4838.875,Qwen/Qwen3.6-35B-A3B-FP8
math_numeric,40,127,8,40640,same_model,30412,0.7483267716535433,10228,0.25167322834645667,159,True,127,128,32,32,0,"[159, 40, 8]",0,True,32,True,128,159,32,0,0,32,"[128, 40, 8]",1,False,d4d0c07197eaf2915900,expected_aligned_shape,Qwen/Qwen3.6-35B-A3B-FP8,ok,32,127,5080,1609,0.31673228346456694,5080,3463,0.6816929133858268,0,0.0,0.9178604684903896,4662.73117993118,0.9513779527559055,4833.0,Qwen/Qwen3.6-35B-A3B-FP8
mixed_language,40,3,8,960,same_model,585,0.609375,375,0.390625,35,True,3,4,32,32,0,"[35, 40, 8]",0,True,32,True,4,35,32,0,0,32,"[4, 40, 8]",1,False,d4e41b234555351ee4da,expected_aligned_shape,Qwen/Qwen3.6-35B-A3B-FP8,ok,32,3,120,14,0.11666666666666667,120,56,0.4666666666666667,0,0.0,0.8607407407407408,103.28888888888889,0.91875,110.25,Qwen/Qwen3.6-35B-A3B-FP8
json_structured,40,127,8,40640,same_model,29380,0.7229330708661418,11260,0.2770669291338583,159,True,127,128,32,32,0,"[159, 40, 8]",0,True,32,True,128,159,32,0,0,32,"[128, 40, 8]",1,False,d51b06ab7dd13d4d81d4,expected_aligned_shape,Qwen/Qwen3.6-35B-A3B-FP8,ok,32,127,5080,1450,0.2854330708661417,5080,3448,0.6787401574803149,0,0.0,0.9176219056534018,4661.519280719281,0.9514517716535433,4833.375,Qwen/Qwen3.6-35B-A3B-FP8
math_numeric,40,127,8,40640,same_model,29381,0.7229576771653543,11259,0.2770423228346457,159,True,127,128,32,32,0,"[159, 40, 8]",0,True,32,True,128,159,32,0,0,32,"[128, 40, 8]",1,False,d54b9920df3289027f13,expected_aligned_shape,Qwen/Qwen3.6-35B-A3B-FP8,ok,32,127,5080,1527,0.30059055118110234,5080,3416,0.6724409448818898,0,0.0,0.9140848128249702,4643.550849150849,0.9484251968503937,4818.0,Qwen/Qwen3.6-35B-A3B-FP8
math_numeric,40,127,8,40640,same_model,22289,0.5484498031496063,18351,0.4515501968503937,159,True,127,128,32,32,0,"[159, 40, 8]",0,True,32,True,128,159,32,0,0,32,"[128, 40, 8]",1,False,d584c4cfa7779c6be42c,expected_aligned_shape,Qwen/Qwen3.6-35B-A3B-FP8,ok,32,127,5080,511,0.10059055118110236,5080,2169,0.42696850393700786,0,0.0,0.8327577933877146,4230.40959040959,0.8959153543307087,4551.25,Qwen/Qwen3.6-35B-A3B-FP8
chat,40,127,8,40640,same_model,28727,0.706865157480315,11913,0.293134842519685,159,True,127,128,32,32,0,"[159, 40, 8]",0,True,32,True,128,159,32,0,0,32,"[128, 40, 8]",1,False,d5a2d0e1c881a72f54f4,expected_aligned_shape,Qwen/Qwen3.6-35B-A3B-FP8,ok,32,127,5080,1275,0.25098425196850394,5080,3202,0.6303149606299212,0,0.0,0.9062986707081194,4603.997247197247,0.9447342519685039,4799.25,Qwen/Qwen3.6-35B-A3B-FP8
mixed_language,40,127,8,40640,same_model,31269,0.7694143700787401,9371,0.23058562992125983,159,True,127,128,32,32,0,"[159, 40, 8]",0,True,32,True,128,159,32,0,0,32,"[128, 40, 8]",1,False,d64596be0221f3b70026,expected_aligned_shape,Qwen/Qwen3.6-35B-A3B-FP8,ok,32,127,5080,1776,0.34960629921259845,5080,3754,0.738976377952756,0,0.0,0.9356540615989435,4753.122632922633,0.9623523622047244,4888.75,Qwen/Qwen3.6-35B-A3B-FP8
mixed_language,40,127,8,40640,same_model,31625,0.7781742125984252,9015,0.2218257874015748,159,True,127,128,32,32,0,"[159, 40, 8]",0,True,32,True,128,159,32,0,0,32,"[128, 40, 8]",1,False,d6e432fcfc894fcdf881,expected_aligned_shape,Qwen/Qwen3.6-35B-A3B-FP8,ok,32,127,5080,1887,0.37145669291338584,5080,3806,0.7492125984251968,0,0.0,0.9401002147458841,4775.709090909091,0.965625,4905.375,Qwen/Qwen3.6-35B-A3B-FP8
code,40,127,8,40640,same_model,29524,0.7264763779527559,11116,0.2735236220472441,166,True,127,128,39,39,0,"[166, 40, 8]",0,True,39,True,128,166,39,0,0,39,"[128, 40, 8]",1,False,d6f402d11078ae28b1f7,expected_aligned_shape,Qwen/Qwen3.6-35B-A3B-FP8,ok,32,127,5080,1410,0.27755905511811024,5080,3435,0.6761811023622047,0,0.0,0.9220262589553928,4683.8933954933955,0.955142716535433,4852.125,Qwen/Qwen3.6-35B-A3B-FP8
code,40,127,8,40640,same_model,29749,0.7320127952755906,10891,0.26798720472440946,166,True,127,128,39,39,0,"[166, 40, 8]",0,True,39,True,128,166,39,0,0,39,"[128, 40, 8]",1,False,d6f454eac4a53046e42e,expected_aligned_shape,Qwen/Qwen3.6-35B-A3B-FP8,ok,32,127,5080,1468,0.2889763779527559,5080,3408,0.6708661417322834,0,0.0,0.9193196436109823,4670.143789543789,0.9529773622047244,4841.125,Qwen/Qwen3.6-35B-A3B-FP8
math_numeric,40,127,8,40640,same_model,31357,0.7715797244094488,9283,0.22842027559055117,159,True,127,128,32,32,0,"[159, 40, 8]",0,True,32,True,128,159,32,0,0,32,"[128, 40, 8]",1,False,d73b80329b316dcdaf36,expected_aligned_shape,Qwen/Qwen3.6-35B-A3B-FP8,ok,32,127,5080,1774,0.34921259842519686,5080,3655,0.719488188976378,0,0.0,0.9321038978519294,4735.087801087801,0.9608513779527559,4881.125,Qwen/Qwen3.6-35B-A3B-FP8
summarization,40,127,8,40640,same_model,29885,0.7353592519685039,10755,0.26464074803149606,159,True,127,128,32,32,0,"[159, 40, 8]",0,True,32,True,128,159,32,0,0,32,"[128, 40, 8]",1,False,d76d3c32ef4c93167c51,expected_aligned_shape,Qwen/Qwen3.6-35B-A3B-FP8,ok,32,127,5080,1487,0.29271653543307086,5080,3458,0.6807086614173228,0,0.0,0.921453170626399,4680.982106782107,0.9541584645669291,4847.125,Qwen/Qwen3.6-35B-A3B-FP8
code,40,127,8,40640,same_model,29682,0.7303641732283465,10958,0.26963582677165354,159,True,127,128,32,32,0,"[159, 40, 8]",0,True,32,True,128,159,32,0,0,32,"[128, 40, 8]",1,False,d7c98976ac96049f9f9c,expected_aligned_shape,Qwen/Qwen3.6-35B-A3B-FP8,ok,32,127,5080,1448,0.28503937007874014,5080,3371,0.6635826771653544,0,0.0,0.912740085810952,4636.719635919636,0.9479576771653543,4815.625,Qwen/Qwen3.6-35B-A3B-FP8
json_structured,40,127,8,40640,same_model,30890,0.7600885826771654,9750,0.23991141732283464,167,True,127,128,40,40,0,"[167, 40, 8]",0,True,40,True,128,167,40,0,0,40,"[128, 40, 8]",1,False,d7eeb5c3a73a68a2c72c,expected_aligned_shape,Qwen/Qwen3.6-35B-A3B-FP8,ok,32,127,5080,1677,0.33011811023622045,5080,3659,0.7202755905511811,0,0.0,0.933450739986173,4741.929759129759,0.9618602362204725,4886.25,Qwen/Qwen3.6-35B-A3B-FP8
low_margin,40,127,8,40640,same_model,30540,0.7514763779527559,10100,0.2485236220472441,166,True,127,128,39,39,0,"[166, 40, 8]",0,True,39,True,128,166,39,0,0,39,"[128, 40, 8]",1,False,d8edb7f1d9b6fb40cb72,expected_aligned_shape,Qwen/Qwen3.6-35B-A3B-FP8,ok,32,127,5080,1546,0.3043307086614173,5080,3514,0.6917322834645669,0,0.0,0.9265425912670006,4706.836363636364,0.9578740157480315,4866.0,Qwen/Qwen3.6-35B-A3B-FP8
summarization,40,127,8,40640,same_model,30029,0.7389025590551181,10611,0.2610974409448819,159,True,127,128,32,32,0,"[159, 40, 8]",0,True,32,True,128,159,32,0,0,32,"[128, 40, 8]",1,False,d9249bf90507eb60487d,expected_aligned_shape,Qwen/Qwen3.6-35B-A3B-FP8,ok,32,127,5080,1509,0.2970472440944882,5080,3476,0.684251968503937,0,0.0,0.9221526679794398,4684.535553335553,0.9547736220472441,4850.25,Qwen/Qwen3.6-35B-A3B-FP8
summarization,40,127,8,40640,same_model,30575,0.7523375984251969,10065,0.24766240157480315,167,True,127,128,40,40,0,"[167, 40, 8]",0,True,40,True,128,167,40,0,0,40,"[128, 40, 8]",1,False,d9622fa2fc1017575ec2,expected_aligned_shape,Qwen/Qwen3.6-35B-A3B-FP8,ok,32,127,5080,1610,0.3169291338582677,5080,3572,0.7031496062992126,0,0.0,0.9278691911762778,4713.575491175491,0.9582677165354331,4868.0,Qwen/Qwen3.6-35B-A3B-FP8
logs,40,127,8,40640,same_model,29822,0.7338090551181102,10818,0.26619094488188977,159,True,127,128,32,32,0,"[159, 40, 8]",0,True,32,True,128,159,32,0,0,32,"[128, 40, 8]",1,False,d97854ce673152a2e895,expected_aligned_shape,Qwen/Qwen3.6-35B-A3B-FP8,ok,32,127,5080,1436,0.2826771653543307,5080,3414,0.6720472440944882,0,0.0,0.9207935371714899,4677.631168831169,0.9544045275590551,4848.375,Qwen/Qwen3.6-35B-A3B-FP8
summarization,40,127,8,40640,same_model,30091,0.7404281496062992,10549,0.2595718503937008,167,True,127,128,40,40,0,"[167, 40, 8]",0,True,40,True,128,167,40,0,0,40,"[128, 40, 8]",1,False,d9d3ecbdd05cb7446e3c,expected_aligned_shape,Qwen/Qwen3.6-35B-A3B-FP8,ok,32,127,5080,1516,0.2984251968503937,5080,3483,0.6856299212598426,0,0.0,0.9220147743769792,4683.835053835054,0.9545275590551181,4849.0,Qwen/Qwen3.6-35B-A3B-FP8
chat,40,127,8,40640,same_model,30070,0.7399114173228346,10570,0.26008858267716534,167,True,127,128,40,40,0,"[167, 40, 8]",0,True,40,True,128,167,40,0,0,40,"[128, 40, 8]",1,False,da1186af0fe4ead7b8a3,expected_aligned_shape,Qwen/Qwen3.6-35B-A3B-FP8,ok,32,127,5080,1529,0.3009842519685039,5080,3497,0.6883858267716535,0,0.0,0.9245454545454546,4696.690909090909,0.9565944881889764,4859.5,Qwen/Qwen3.6-35B-A3B-FP8
json_structured,40,127,8,40640,same_model,27570,0.6783956692913385,13070,0.3216043307086614,159,True,127,128,32,32,0,"[159, 40, 8]",0,True,32,True,128,159,32,0,0,32,"[128, 40, 8]",1,False,da278f853123e557b793,expected_aligned_shape,Qwen/Qwen3.6-35B-A3B-FP8,ok,32,127,5080,1066,0.20984251968503936,5080,3063,0.6029527559055118,0,0.0,0.9008122673477005,4576.126318126318,0.9421259842519685,4786.0,Qwen/Qwen3.6-35B-A3B-FP8
chat,40,127,8,40640,same_model,29713,0.731126968503937,10927,0.268873031496063,159,True,127,128,32,32,0,"[159, 40, 8]",0,True,32,True,128,159,32,0,0,32,"[128, 40, 8]",1,False,da761af310412e791b36,expected_aligned_shape,Qwen/Qwen3.6-35B-A3B-FP8,ok,32,127,5080,1455,0.28641732283464566,5080,3465,0.6820866141732284,0,0.0,0.9216688385979724,4682.0777000777,0.9545029527559055,4848.875,Qwen/Qwen3.6-35B-A3B-FP8
needle,40,127,8,40640,same_model,29099,0.7160187007874016,11541,0.2839812992125984,159,True,127,128,32,32,0,"[159, 40, 8]",0,True,32,True,128,159,32,0,0,32,"[128, 40, 8]",1,False,dad8f018d4c8500ae0be,expected_aligned_shape,Qwen/Qwen3.6-35B-A3B-FP8,ok,32,127,5080,1379,0.2714566929133858,5080,3321,0.653740157480315,0,0.0,0.9119616079458598,4632.764968364969,0.9475885826771654,4813.75,Qwen/Qwen3.6-35B-A3B-FP8
needle,40,127,8,40640,same_model,29072,0.7153543307086614,11568,0.2846456692913386,159,True,127,128,32,32,0,"[159, 40, 8]",0,True,32,True,128,159,32,0,0,32,"[128, 40, 8]",1,False,dba8a8da0a7ff9857eb7,expected_aligned_shape,Qwen/Qwen3.6-35B-A3B-FP8,ok,32,127,5080,1347,0.2651574803149606,5080,3312,0.6519685039370079,0,0.0,0.9140273724525692,4643.259052059052,0.9502214566929134,4827.125,Qwen/Qwen3.6-35B-A3B-FP8
needle,40,127,8,40640,same_model,28777,0.7080954724409448,11863,0.2919045275590551,159,True,127,128,32,32,0,"[159, 40, 8]",0,True,32,True,128,159,32,0,0,32,"[128, 40, 8]",1,False,dbb8dced5bf7a78d07db,expected_aligned_shape,Qwen/Qwen3.6-35B-A3B-FP8,ok,32,127,5080,1286,0.2531496062992126,5080,3276,0.6448818897637796,0,0.0,0.9102017405167012,4623.824841824842,0.9470718503937008,4811.125,Qwen/Qwen3.6-35B-A3B-FP8
low_margin,40,127,8,40640,same_model,28604,0.7038385826771654,12036,0.29616141732283463,167,True,127,128,40,40,0,"[167, 40, 8]",0,True,40,True,128,167,40,0,0,40,"[128, 40, 8]",1,False,dc232ce0ff7df57e0ee4,expected_aligned_shape,Qwen/Qwen3.6-35B-A3B-FP8,ok,32,127,5080,1262,0.2484251968503937,5080,3173,0.6246062992125985,0,0.0,0.9047801323785576,4596.283072483073,0.9441437007874016,4796.25,Qwen/Qwen3.6-35B-A3B-FP8
json_structured,40,127,8,40640,same_model,29299,0.7209399606299213,11341,0.2790600393700787,159,True,127,128,32,32,0,"[159, 40, 8]",0,True,32,True,128,159,32,0,0,32,"[128, 40, 8]",1,False,dcb1a0658a182c9469db,expected_aligned_shape,Qwen/Qwen3.6-35B-A3B-FP8,ok,32,127,5080,1421,0.2797244094488189,5080,3404,0.6700787401574804,0,0.0,0.9175528758205924,4661.168609168609,0.9521161417322834,4836.75,Qwen/Qwen3.6-35B-A3B-FP8
json_structured,40,127,8,40640,same_model,29443,0.7244832677165355,11197,0.27551673228346457,159,True,127,128,32,32,0,"[159, 40, 8]",0,True,32,True,128,159,32,0,0,32,"[128, 40, 8]",1,False,dd327b9029b2db9a20ff,expected_aligned_shape,Qwen/Qwen3.6-35B-A3B-FP8,ok,32,127,5080,1454,0.2862204724409449,5080,3475,0.6840551181102362,0,0.0,0.9211831825217651,4679.610567210567,0.9542568897637795,4847.625,Qwen/Qwen3.6-35B-A3B-FP8
math_numeric,40,127,8,40640,same_model,29226,0.7191437007874015,11414,0.2808562992125984,159,True,127,128,32,32,0,"[159, 40, 8]",0,True,32,True,128,159,32,0,0,32,"[128, 40, 8]",1,False,dd4699e3e2a3e9c2917e,expected_aligned_shape,Qwen/Qwen3.6-35B-A3B-FP8,ok,32,127,5080,1455,0.28641732283464566,5080,3317,0.6529527559055118,0,0.0,0.9072239921058819,4608.69787989788,0.9441929133858268,4796.5,Qwen/Qwen3.6-35B-A3B-FP8
low_margin,40,127,8,40640,same_model,28804,0.708759842519685,11836,0.29124015748031495,167,True,127,128,40,40,0,"[167, 40, 8]",0,True,40,True,128,167,40,0,0,40,"[128, 40, 8]",1,False,de9fa8cbd33ab66d2de0,expected_aligned_shape,Qwen/Qwen3.6-35B-A3B-FP8,ok,32,127,5080,1329,0.26161417322834646,5080,3240,0.6377952755905512,0,0.0,0.9078520473402363,4611.8884004884,0.9458661417322834,4805.0,Qwen/Qwen3.6-35B-A3B-FP8
chat,40,127,8,40640,same_model,30036,0.7390748031496063,10604,0.2609251968503937,159,True,127,128,32,32,0,"[159, 40, 8]",0,True,32,True,128,159,32,0,0,32,"[128, 40, 8]",1,False,decffd4461aedc82affb,expected_aligned_shape,Qwen/Qwen3.6-35B-A3B-FP8,ok,32,127,5080,1523,0.2998031496062992,5080,3459,0.6809055118110237,0,0.0,0.9215715780282708,4681.583616383617,0.9545275590551181,4849.0,Qwen/Qwen3.6-35B-A3B-FP8
math_numeric,40,127,8,40640,same_model,31132,0.7660433070866142,9508,0.23395669291338583,159,True,127,128,32,32,0,"[159, 40, 8]",0,True,32,True,128,159,32,0,0,32,"[128, 40, 8]",1,False,def6df610c33d0b1ced8,expected_aligned_shape,Qwen/Qwen3.6-35B-A3B-FP8,ok,32,127,5080,1735,0.34153543307086615,5080,3672,0.7228346456692913,0,0.0,0.9342782152230971,4746.133333333333,0.9624015748031496,4889.0,Qwen/Qwen3.6-35B-A3B-FP8
json_structured,40,127,8,40640,same_model,28479,0.7007627952755906,12161,0.29923720472440946,159,True,127,128,32,32,0,"[159, 40, 8]",0,True,32,True,128,159,32,0,0,32,"[128, 40, 8]",1,False,defca7881b9810bf23b4,expected_aligned_shape,Qwen/Qwen3.6-35B-A3B-FP8,ok,32,127,5080,1242,0.24448818897637795,5080,3259,0.6415354330708661,0,0.0,0.9082362563071223,4613.840182040182,0.9458415354330708,4804.875,Qwen/Qwen3.6-35B-A3B-FP8
math_numeric,40,127,8,40640,same_model,29259,0.7199557086614173,11381,0.28004429133858266,159,True,127,128,32,32,0,"[159, 40, 8]",0,True,32,True,128,159,32,0,0,32,"[128, 40, 8]",1,False,df0b18235b03cb2ef7a0,expected_aligned_shape,Qwen/Qwen3.6-35B-A3B-FP8,ok,32,127,5080,1479,0.29114173228346457,5080,3319,0.6533464566929134,0,0.0,0.909371678190576,4619.608125208125,0.9460383858267717,4805.875,Qwen/Qwen3.6-35B-A3B-FP8
chat,40,127,8,40640,same_model,29010,0.7138287401574803,11630,0.2861712598425197,159,True,127,128,32,32,0,"[159, 40, 8]",0,True,32,True,128,159,32,0,0,32,"[128, 40, 8]",1,False,df2178cb54106821c26a,expected_aligned_shape,Qwen/Qwen3.6-35B-A3B-FP8,ok,32,127,5080,1356,0.2669291338582677,5080,3352,0.6598425196850394,0,0.0,0.9156004275689316,4651.250172050172,0.9509596456692914,4830.875,Qwen/Qwen3.6-35B-A3B-FP8
mixed_language,40,127,8,40640,same_model,30376,0.7474409448818897,10264,0.2525590551181102,159,True,127,128,32,32,0,"[159, 40, 8]",0,True,32,True,128,159,32,0,0,32,"[128, 40, 8]",1,False,df5699d2d0448cb5e647,expected_aligned_shape,Qwen/Qwen3.6-35B-A3B-FP8,ok,32,127,5080,1648,0.32440944881889766,5080,3582,0.7051181102362205,0,0.0,0.9261671836474985,4704.929292929293,0.9570127952755906,4861.625,Qwen/Qwen3.6-35B-A3B-FP8
summarization,40,127,8,40640,same_model,29757,0.7322096456692914,10883,0.26779035433070864,163,True,127,128,36,36,0,"[163, 40, 8]",0,True,36,True,128,163,36,0,0,36,"[128, 40, 8]",1,False,df729736b09d9cf6a0d1,expected_aligned_shape,Qwen/Qwen3.6-35B-A3B-FP8,ok,32,127,5080,1465,0.28838582677165353,5080,3416,0.6724409448818898,0,0.0,0.921460272011453,4681.018181818182,0.9549458661417323,4851.125,Qwen/Qwen3.6-35B-A3B-FP8
mixed_language,40,84,8,26880,same_model,20909,0.7778645833333333,5971,0.22213541666666667,116,True,84,85,32,32,0,"[116, 40, 8]",0,True,32,True,85,116,32,0,0,32,"[85, 40, 8]",1,False,df97939370daa489e4f3,expected_aligned_shape,Qwen/Qwen3.6-35B-A3B-FP8,ok,32,84,3360,1230,0.36607142857142855,3360,2524,0.7511904761904762,0,0.0,0.941053391053391,3161.939393939394,0.9662946428571428,3246.75,Qwen/Qwen3.6-35B-A3B-FP8
chat,40,127,8,40640,same_model,30064,0.739763779527559,10576,0.26023622047244094,159,True,127,128,32,32,0,"[159, 40, 8]",0,True,32,True,128,159,32,0,0,32,"[128, 40, 8]",1,False,dfce7add325a33dbdf19,expected_aligned_shape,Qwen/Qwen3.6-35B-A3B-FP8,ok,32,127,5080,1481,0.29153543307086616,5080,3485,0.6860236220472441,0,0.0,0.9229705290335211,4688.690287490287,0.9554133858267716,4853.5,Qwen/Qwen3.6-35B-A3B-FP8
mixed_language,40,99,8,31680,same_model,24738,0.7808712121212121,6942,0.21912878787878787,131,True,99,100,32,32,0,"[131, 40, 8]",0,True,32,True,100,131,32,0,0,32,"[100, 40, 8]",1,False,e0c0168a11064079fbc6,expected_aligned_shape,Qwen/Qwen3.6-35B-A3B-FP8,ok,32,99,3960,1451,0.3664141414141414,3960,2951,0.7452020202020202,0,0.0,0.9401173349658198,3722.8646464646463,0.9658459595959596,3824.75,Qwen/Qwen3.6-35B-A3B-FP8
needle,40,127,8,40640,same_model,29130,0.7167814960629921,11510,0.28321850393700787,159,True,127,128,32,32,0,"[159, 40, 8]",0,True,32,True,128,159,32,0,0,32,"[128, 40, 8]",1,False,e0d97de9b8a261a96953,expected_aligned_shape,Qwen/Qwen3.6-35B-A3B-FP8,ok,32,127,5080,1350,0.265748031496063,5080,3341,0.6576771653543307,0,0.0,0.9136192154302392,4641.185614385615,0.9492125984251969,4822.0,Qwen/Qwen3.6-35B-A3B-FP8
chat,40,127,8,40640,same_model,29109,0.7162647637795275,11531,0.2837352362204724,159,True,127,128,32,32,0,"[159, 40, 8]",0,True,32,True,128,159,32,0,0,32,"[128, 40, 8]",1,False,e0dbb5e604abee3e9199,expected_aligned_shape,Qwen/Qwen3.6-35B-A3B-FP8,ok,32,127,5080,1361,0.26791338582677166,5080,3366,0.6625984251968504,0,0.0,0.915043054058802,4648.418714618715,0.950246062992126,4827.25,Qwen/Qwen3.6-35B-A3B-FP8
chat,40,127,8,40640,same_model,30090,0.7404035433070866,10550,0.25959645669291337,159,True,127,128,32,32,0,"[159, 40, 8]",0,True,32,True,128,159,32,0,0,32,"[128, 40, 8]",1,False,e1506bf7b8cccf5a1d59,expected_aligned_shape,Qwen/Qwen3.6-35B-A3B-FP8,ok,32,127,5080,1485,0.29232283464566927,5080,3476,0.684251968503937,0,0.0,0.9239136366695421,4693.481274281275,0.9562007874015748,4857.5,Qwen/Qwen3.6-35B-A3B-FP8
short_qa,40,127,8,40640,same_model,30662,0.7544783464566929,9978,0.2455216535433071,166,True,127,128,39,39,0,"[166, 40, 8]",0,True,39,True,128,166,39,0,0,39,"[128, 40, 8]",1,False,e182834c6c18fefcd829,expected_aligned_shape,Qwen/Qwen3.6-35B-A3B-FP8,ok,32,127,5080,1569,0.3088582677165354,5080,3585,0.7057086614173228,0,0.0,0.9308128529388372,4728.529292929293,0.9605068897637795,4879.375,Qwen/Qwen3.6-35B-A3B-FP8
needle,40,127,8,40640,same_model,29440,0.7244094488188977,11200,0.2755905511811024,159,True,127,128,32,32,0,"[159, 40, 8]",0,True,32,True,128,159,32,0,0,32,"[128, 40, 8]",1,False,e1e67e6b4f6a7359047a,expected_aligned_shape,Qwen/Qwen3.6-35B-A3B-FP8,ok,32,127,5080,1413,0.2781496062992126,5080,3390,0.6673228346456693,0,0.0,0.918207885727571,4664.496059496059,0.9523622047244095,4838.0,Qwen/Qwen3.6-35B-A3B-FP8
json_structured,40,127,8,40640,same_model,28972,0.7128937007874016,11668,0.28710629921259845,159,True,127,128,32,32,0,"[159, 40, 8]",0,True,32,True,128,159,32,0,0,32,"[128, 40, 8]",1,False,e21eec022c296b5ab070,expected_aligned_shape,Qwen/Qwen3.6-35B-A3B-FP8,ok,32,127,5080,1334,0.2625984251968504,5080,3296,0.6488188976377953,0,0.0,0.9130031517039391,4638.056010656011,0.9492372047244094,4822.125,Qwen/Qwen3.6-35B-A3B-FP8
json_structured,40,127,8,40640,same_model,29958,0.7371555118110236,10682,0.2628444881889764,167,True,127,128,40,40,0,"[167, 40, 8]",0,True,40,True,128,167,40,0,0,40,"[128, 40, 8]",1,False,e241a8275a2c1a96efb2,expected_aligned_shape,Qwen/Qwen3.6-35B-A3B-FP8,ok,32,127,5080,1444,0.284251968503937,5080,3441,0.6773622047244094,0,0.0,0.9224530587522716,4686.0615384615385,0.9553887795275591,4853.375,Qwen/Qwen3.6-35B-A3B-FP8
short_qa,40,127,8,40640,same_model,29290,0.7207185039370079,11350,0.27928149606299213,159,True,127,128,32,32,0,"[159, 40, 8]",0,True,32,True,128,159,32,0,0,32,"[128, 40, 8]",1,False,e255b92f6ff86f29faa5,expected_aligned_shape,Qwen/Qwen3.6-35B-A3B-FP8,ok,32,127,5080,1404,0.2763779527559055,5080,3323,0.6541338582677165,0,0.0,0.9121448761212541,4633.695970695971,0.9478838582677165,4815.25,Qwen/Qwen3.6-35B-A3B-FP8
summarization,40,8,8,2560,same_model,2061,0.805078125,499,0.194921875,40,True,8,9,32,32,0,"[40, 40, 8]",0,True,32,True,9,40,32,0,0,32,"[9, 40, 8]",1,False,e268aa0a1571b527df88,expected_aligned_shape,Qwen/Qwen3.6-35B-A3B-FP8,ok,32,8,320,128,0.4,320,241,0.753125,0,0.0,0.9434722222222222,301.9111111111111,0.96796875,309.75,Qwen/Qwen3.6-35B-A3B-FP8
code,40,127,8,40640,same_model,29323,0.7215305118110236,11317,0.2784694881889764,166,True,127,128,39,39,0,"[166, 40, 8]",0,True,39,True,128,166,39,0,0,39,"[128, 40, 8]",1,False,e2a2b97cb4cd3fb0ac63,expected_aligned_shape,Qwen/Qwen3.6-35B-A3B-FP8,ok,32,127,5080,1382,0.2720472440944882,5080,3338,0.6570866141732283,0,0.0,0.9160321568195583,4653.443356643356,0.9514517716535433,4833.375,Qwen/Qwen3.6-35B-A3B-FP8
json_structured,40,127,8,40640,same_model,28713,0.7065206692913386,11927,0.2934793307086614,159,True,127,128,32,32,0,"[159, 40, 8]",0,True,32,True,128,159,32,0,0,32,"[128, 40, 8]",1,False,e3048f45677a7f61e06c,expected_aligned_shape,Qwen/Qwen3.6-35B-A3B-FP8,ok,32,127,5080,1274,0.25078740157480317,5080,3244,0.6385826771653543,0,0.0,0.9085431628738716,4615.399267399267,0.9465551181102362,4808.5,Qwen/Qwen3.6-35B-A3B-FP8
code,40,127,8,40640,same_model,29693,0.730634842519685,10947,0.269365157480315,166,True,127,128,39,39,0,"[166, 40, 8]",0,True,39,True,128,166,39,0,0,39,"[128, 40, 8]",1,False,e31ab73e5cc95c1d83a9,expected_aligned_shape,Qwen/Qwen3.6-35B-A3B-FP8,ok,32,127,5080,1495,0.29429133858267714,5080,3397,0.6687007874015748,0,0.0,0.9170392249919809,4658.559262959263,0.951107283464567,4831.625,Qwen/Qwen3.6-35B-A3B-FP8
math_numeric,40,127,8,40640,same_model,28883,0.7107037401574803,11757,0.28929625984251967,159,True,127,128,32,32,0,"[159, 40, 8]",0,True,32,True,128,159,32,0,0,32,"[128, 40, 8]",1,False,e371ee1102e9afc445d2,expected_aligned_shape,Qwen/Qwen3.6-35B-A3B-FP8,ok,32,127,5080,1396,0.2748031496062992,5080,3314,0.6523622047244094,0,0.0,0.9057155311879721,4601.034898434898,0.9430118110236221,4790.5,Qwen/Qwen3.6-35B-A3B-FP8
needle,40,127,8,40640,same_model,29216,0.7188976377952756,11424,0.2811023622047244,159,True,127,128,32,32,0,"[159, 40, 8]",0,True,32,True,128,159,32,0,0,32,"[128, 40, 8]",1,False,e3b52879bd66047b12c7,expected_aligned_shape,Qwen/Qwen3.6-35B-A3B-FP8,ok,32,127,5080,1372,0.2700787401574803,5080,3342,0.6578740157480315,0,0.0,0.9157528036268193,4652.024242424242,0.9513533464566929,4832.875,Qwen/Qwen3.6-35B-A3B-FP8
summarization,40,127,8,40640,same_model,30121,0.7411663385826772,10519,0.25883366141732284,163,True,127,128,36,36,0,"[163, 40, 8]",0,True,36,True,128,163,36,0,0,36,"[128, 40, 8]",1,False,e3c9801e2e24a41181f4,expected_aligned_shape,Qwen/Qwen3.6-35B-A3B-FP8,ok,32,127,5080,1500,0.2952755905511811,5080,3473,0.6836614173228347,0,0.0,0.9227691206431363,4687.667132867133,0.9554379921259842,4853.625,Qwen/Qwen3.6-35B-A3B-FP8
math_numeric,40,127,8,40640,same_model,30762,0.7569389763779527,9878,0.24306102362204723,159,True,127,128,32,32,0,"[159, 40, 8]",0,True,32,True,128,159,32,0,0,32,"[128, 40, 8]",1,False,e4393f3f574092a035dc,expected_aligned_shape,Qwen/Qwen3.6-35B-A3B-FP8,ok,32,127,5080,1680,0.33070866141732286,5080,3668,0.7220472440944882,0,0.0,0.9308759700491983,4728.849927849928,0.9596948818897638,4875.25,Qwen/Qwen3.6-35B-A3B-FP8
code,40,127,8,40640,same_model,29877,0.7351624015748032,10763,0.26483759842519683,159,True,127,128,32,32,0,"[159, 40, 8]",0,True,32,True,128,159,32,0,0,32,"[128, 40, 8]",1,False,e45406fdb262473d0618,expected_aligned_shape,Qwen/Qwen3.6-35B-A3B-FP8,ok,32,127,5080,1480,0.29133858267716534,5080,3430,0.6751968503937008,0,0.0,0.9181111277174271,4664.0045288045285,0.95189468503937,4835.625,Qwen/Qwen3.6-35B-A3B-FP8
summarization,40,127,8,40640,same_model,30487,0.7501722440944882,10153,0.24982775590551182,167,True,127,128,40,40,0,"[167, 40, 8]",0,True,40,True,128,167,40,0,0,40,"[128, 40, 8]",1,False,e45887176dc3dc67a26f,expected_aligned_shape,Qwen/Qwen3.6-35B-A3B-FP8,ok,32,127,5080,1599,0.3147637795275591,5080,3590,0.7066929133858267,0,0.0,0.9279950932706839,4714.215073815074,0.9580954724409448,4867.125,Qwen/Qwen3.6-35B-A3B-FP8
json_structured,40,127,8,40640,same_model,28534,0.7021161417322834,12106,0.2978838582677165,159,True,127,128,32,32,0,"[159, 40, 8]",0,True,32,True,128,159,32,0,0,32,"[128, 40, 8]",1,False,e4e26ee6c93d0b0c2b29,expected_aligned_shape,Qwen/Qwen3.6-35B-A3B-FP8,ok,32,127,5080,1299,0.25570866141732285,5080,3326,0.6547244094488189,0,0.0,0.9121247868491963,4633.593917193917,0.9481791338582677,4816.75,Qwen/Qwen3.6-35B-A3B-FP8
code,40,127,8,40640,same_model,29672,0.7301181102362204,10968,0.2698818897637795,159,True,127,128,32,32,0,"[159, 40, 8]",0,True,32,True,128,159,32,0,0,32,"[128, 40, 8]",1,False,e4f5ca71dd6c109ad385,expected_aligned_shape,Qwen/Qwen3.6-35B-A3B-FP8,ok,32,127,5080,1433,0.28208661417322833,5080,3440,0.6771653543307087,0,0.0,0.9208907977411915,4678.125252525252,0.95435531496063,4848.125,Qwen/Qwen3.6-35B-A3B-FP8
math_numeric,40,127,8,40640,same_model,28293,0.6961860236220473,12347,0.30381397637795277,159,True,127,128,32,32,0,"[159, 40, 8]",0,True,32,True,128,159,32,0,0,32,"[128, 40, 8]",1,False,e50fa99f61491ecbb31a,expected_aligned_shape,Qwen/Qwen3.6-35B-A3B-FP8,ok,32,127,5080,1270,0.25,5080,3183,0.6265748031496063,0,0.0,0.9066272747375109,4605.666555666556,0.9457185039370078,4804.25,Qwen/Qwen3.6-35B-A3B-FP8
low_margin,40,127,8,40640,same_model,28337,0.6972687007874016,12303,0.30273129921259845,167,True,127,128,40,40,0,"[167, 40, 8]",0,True,40,True,128,167,40,0,0,40,"[128, 40, 8]",1,False,e53e7c8bd9bc87e260cc,expected_aligned_shape,Qwen/Qwen3.6-35B-A3B-FP8,ok,32,127,5080,1212,0.23858267716535433,5080,3120,0.6141732283464567,0,0.0,0.9030867994647521,4587.680941280942,0.9434301181102362,4792.625,Qwen/Qwen3.6-35B-A3B-FP8
low_margin,40,127,8,40640,same_model,29855,0.734621062992126,10785,0.265378937007874,167,True,127,128,40,40,0,"[167, 40, 8]",0,True,40,True,128,167,40,0,0,40,"[128, 40, 8]",1,False,e552ee5adbb3501fcc29,expected_aligned_shape,Qwen/Qwen3.6-35B-A3B-FP8,ok,32,127,5080,1495,0.29429133858267714,5080,3401,0.669488188976378,0,0.0,0.9173755116274803,4660.267599067599,0.9519438976377953,4835.875,Qwen/Qwen3.6-35B-A3B-FP8
short_qa,40,127,8,40640,same_model,28967,0.7127706692913386,11673,0.2872293307086614,159,True,127,128,32,32,0,"[159, 40, 8]",0,True,32,True,128,159,32,0,0,32,"[128, 40, 8]",1,False,e5668477658ddaf47f00,expected_aligned_shape,Qwen/Qwen3.6-35B-A3B-FP8,ok,32,127,5080,1356,0.2669291338582677,5080,3361,0.6616141732283465,0,0.0,0.915796548158753,4652.246464646465,0.9512057086614173,4832.125,Qwen/Qwen3.6-35B-A3B-FP8
short_qa,40,127,8,40640,same_model,29110,0.7162893700787402,11530,0.28371062992125984,159,True,127,128,32,32,0,"[159, 40, 8]",0,True,32,True,128,159,32,0,0,32,"[128, 40, 8]",1,False,e56a4ad163b2a7ad3ac7,expected_aligned_shape,Qwen/Qwen3.6-35B-A3B-FP8,ok,32,127,5080,1356,0.2669291338582677,5080,3264,0.6425196850393701,0,0.0,0.9121922521922522,4633.936641136641,0.9491141732283465,4821.5,Qwen/Qwen3.6-35B-A3B-FP8
math_numeric,40,127,8,40640,same_model,22907,0.5636564960629922,17733,0.4363435039370079,159,True,127,128,32,32,0,"[159, 40, 8]",0,True,32,True,128,159,32,0,0,32,"[128, 40, 8]",1,False,e58abda4f60d678d4a28,expected_aligned_shape,Qwen/Qwen3.6-35B-A3B-FP8,ok,32,127,5080,553,0.10885826771653544,5080,2292,0.4511811023622047,0,0.0,0.8449315907189922,4292.252480852481,0.9062746062992126,4603.875,Qwen/Qwen3.6-35B-A3B-FP8
mixed_language,40,127,8,40640,same_model,29561,0.727386811023622,11079,0.27261318897637793,159,True,127,128,32,32,0,"[159, 40, 8]",0,True,32,True,128,159,32,0,0,32,"[128, 40, 8]",1,False,e61167965915dc828d21,expected_aligned_shape,Qwen/Qwen3.6-35B-A3B-FP8,ok,32,127,5080,1469,0.2891732283464567,5080,3446,0.6783464566929134,0,0.0,0.9199381021428265,4673.285558885559,0.953248031496063,4842.5,Qwen/Qwen3.6-35B-A3B-FP8
mixed_language,40,127,8,40640,same_model,30022,0.7387303149606299,10618,0.2612696850393701,159,True,127,128,32,32,0,"[159, 40, 8]",0,True,32,True,128,159,32,0,0,32,"[128, 40, 8]",1,False,e63507dd1e56d90fdb00,expected_aligned_shape,Qwen/Qwen3.6-35B-A3B-FP8,ok,32,127,5080,1633,0.3214566929133858,5080,3503,0.6895669291338583,0,0.0,0.9214614388236436,4681.024109224109,0.9537401574803149,4845.0,Qwen/Qwen3.6-35B-A3B-FP8
math_numeric,40,127,8,40640,same_model,22755,0.5599163385826772,17885,0.44008366141732286,159,True,127,128,32,32,0,"[159, 40, 8]",0,True,32,True,128,159,32,0,0,32,"[128, 40, 8]",1,False,e65a59f3b5949b96eb7a,expected_aligned_shape,Qwen/Qwen3.6-35B-A3B-FP8,ok,32,127,5080,533,0.10492125984251968,5080,2238,0.4405511811023622,0,0.0,0.8381212226094116,4257.655810855811,0.9003198818897638,4573.625,Qwen/Qwen3.6-35B-A3B-FP8
json_structured,40,127,8,40640,same_model,28808,0.7088582677165355,11832,0.29114173228346457,159,True,127,128,32,32,0,"[159, 40, 8]",0,True,32,True,128,159,32,0,0,32,"[128, 40, 8]",1,False,e6bafd5cab79097ea33e,expected_aligned_shape,Qwen/Qwen3.6-35B-A3B-FP8,ok,32,127,5080,1298,0.255511811023622,5080,3288,0.647244094488189,0,0.0,0.9104129553735854,4624.897813297814,0.9471456692913386,4811.5,Qwen/Qwen3.6-35B-A3B-FP8
json_structured,40,127,8,40640,same_model,26597,0.6544537401574804,14043,0.3455462598425197,159,True,127,128,32,32,0,"[159, 40, 8]",0,True,32,True,128,159,32,0,0,32,"[128, 40, 8]",1,False,e70fea41349e29ef36fe,expected_aligned_shape,Qwen/Qwen3.6-35B-A3B-FP8,ok,32,127,5080,978,0.1925196850393701,5080,2922,0.5751968503937008,0,0.0,0.8852567904536407,4497.104495504495,0.9311023622047244,4730.0,Qwen/Qwen3.6-35B-A3B-FP8
math_numeric,40,127,8,40640,same_model,19757,0.4861466535433071,20883,0.5138533464566929,159,True,127,128,32,32,0,"[159, 40, 8]",0,True,32,True,128,159,32,0,0,32,"[128, 40, 8]",1,False,e74eaa24a6e9e411b43a,expected_aligned_shape,Qwen/Qwen3.6-35B-A3B-FP8,ok,32,127,5080,316,0.06220472440944882,5080,1662,0.32716535433070865,0,0.0,0.7776988409665574,3950.7101121101123,0.8549704724409449,4343.25,Qwen/Qwen3.6-35B-A3B-FP8
summarization,40,127,8,40640,same_model,30477,0.7499261811023622,10163,0.2500738188976378,167,True,127,128,40,40,0,"[167, 40, 8]",0,True,40,True,128,167,40,0,0,40,"[128, 40, 8]",1,False,e7d0328add79dfef0719,expected_aligned_shape,Qwen/Qwen3.6-35B-A3B-FP8,ok,32,127,5080,1635,0.3218503937007874,5080,3534,0.6956692913385827,0,0.0,0.9240989019729178,4694.422422022422,0.9556102362204725,4854.5,Qwen/Qwen3.6-35B-A3B-FP8
short_qa,40,127,8,40640,same_model,29690,0.7305610236220472,10950,0.2694389763779528,166,True,127,128,39,39,0,"[166, 40, 8]",0,True,39,True,128,166,39,0,0,39,"[128, 40, 8]",1,False,e7f0ca1caecbbe89e953,expected_aligned_shape,Qwen/Qwen3.6-35B-A3B-FP8,ok,32,127,5080,1476,0.2905511811023622,5080,3377,0.664763779527559,0,0.0,0.9163881700102173,4655.251903651903,0.9514271653543307,4833.25,Qwen/Qwen3.6-35B-A3B-FP8
summarization,40,127,8,40640,same_model,31179,0.7671998031496063,9461,0.2328001968503937,167,True,127,128,40,40,0,"[167, 40, 8]",0,True,40,True,128,167,40,0,0,40,"[128, 40, 8]",1,False,e824d93b1763a303ac0e,expected_aligned_shape,Qwen/Qwen3.6-35B-A3B-FP8,ok,32,127,5080,1740,0.3425196850393701,5080,3658,0.7200787401574803,0,0.0,0.932358227948779,4736.379797979798,0.9610728346456693,4882.25,Qwen/Qwen3.6-35B-A3B-FP8
math_numeric,40,127,8,40640,same_model,22238,0.5471948818897637,18402,0.4528051181102362,159,True,127,128,32,32,0,"[159, 40, 8]",0,True,32,True,128,159,32,0,0,32,"[128, 40, 8]",1,False,e8d609e5d3a41266e100,expected_aligned_shape,Qwen/Qwen3.6-35B-A3B-FP8,ok,32,127,5080,515,0.10137795275590551,5080,2043,0.40216535433070866,0,0.0,0.8232553885309791,4182.137373737373,0.889763779527559,4520.0,Qwen/Qwen3.6-35B-A3B-FP8
short_qa,40,127,8,40640,same_model,29434,0.7242618110236221,11206,0.275738188976378,159,True,127,128,32,32,0,"[159, 40, 8]",0,True,32,True,128,159,32,0,0,32,"[128, 40, 8]",1,False,e8f0931a3295abecd91d,expected_aligned_shape,Qwen/Qwen3.6-35B-A3B-FP8,ok,32,127,5080,1384,0.27244094488188975,5080,3400,0.6692913385826772,0,0.0,0.9173325886711713,4660.04955044955,0.9517470472440945,4834.875,Qwen/Qwen3.6-35B-A3B-FP8
mixed_language,40,127,8,40640,same_model,30253,0.7444143700787401,10387,0.2555856299212598,159,True,127,128,32,32,0,"[159, 40, 8]",0,True,32,True,128,159,32,0,0,32,"[128, 40, 8]",1,False,e94a7692fe73b8cd9add,expected_aligned_shape,Qwen/Qwen3.6-35B-A3B-FP8,ok,32,127,5080,1550,0.3051181102362205,5080,3510,0.6909448818897638,0,0.0,0.9230556320320099,4689.122610722611,0.9552165354330708,4852.5,Qwen/Qwen3.6-35B-A3B-FP8
json_structured,40,127,8,40640,same_model,28951,0.7123769685039371,11689,0.287623031496063,159,True,127,128,32,32,0,"[159, 40, 8]",0,True,32,True,128,159,32,0,0,32,"[128, 40, 8]",1,False,e9638fc4294228986f46,expected_aligned_shape,Qwen/Qwen3.6-35B-A3B-FP8,ok,32,127,5080,1330,0.2618110236220472,5080,3340,0.65748031496063,0,0.0,0.9137492079224362,4641.845976245976,0.9495570866141733,4823.75,Qwen/Qwen3.6-35B-A3B-FP8
logs,40,127,8,40640,same_model,32336,0.7956692913385827,8304,0.2043307086614173,159,True,127,128,32,32,0,"[159, 40, 8]",0,True,32,True,128,159,32,0,0,32,"[128, 40, 8]",1,False,e97cb33c46e2dfd641cd,expected_aligned_shape,Qwen/Qwen3.6-35B-A3B-FP8,ok,32,127,5080,1939,0.3816929133858268,5080,3869,0.7616141732283465,0,0.0,0.9443688857074684,4797.393939393939,0.9683070866141732,4919.0,Qwen/Qwen3.6-35B-A3B-FP8
mixed_language,40,127,8,40640,same_model,29611,0.728617125984252,11029,0.271382874015748,159,True,127,128,32,32,0,"[159, 40, 8]",0,True,32,True,128,159,32,0,0,32,"[128, 40, 8]",1,False,e9c38d0c60f1ed8584a7,expected_aligned_shape,Qwen/Qwen3.6-35B-A3B-FP8,ok,32,127,5080,1447,0.2848425196850394,5080,3409,0.6710629921259843,0,0.0,0.9204939155332856,4676.109090909091,0.9543061023622047,4847.875,Qwen/Qwen3.6-35B-A3B-FP8
code,40,127,8,40640,same_model,29861,0.7347687007874015,10779,0.2652312992125984,166,True,127,128,39,39,0,"[166, 40, 8]",0,True,39,True,128,166,39,0,0,39,"[128, 40, 8]",1,False,ea20a6f7be1f5596ae81,expected_aligned_shape,Qwen/Qwen3.6-35B-A3B-FP8,ok,32,127,5080,1457,0.28681102362204725,5080,3439,0.6769685039370079,0,0.0,0.920902990273069,4678.18719058719,0.9542322834645669,4847.5,Qwen/Qwen3.6-35B-A3B-FP8
summarization,40,127,8,40640,same_model,29448,0.7246062992125984,11192,0.27539370078740155,163,True,127,128,36,36,0,"[163, 40, 8]",0,True,36,True,128,163,36,0,0,36,"[128, 40, 8]",1,False,ea25c1dbc2cead686dbe,expected_aligned_shape,Qwen/Qwen3.6-35B-A3B-FP8,ok,32,127,5080,1391,0.27381889763779527,5080,3349,0.659251968503937,0,0.0,0.9143046585959973,4644.6676656676655,0.949384842519685,4822.875,Qwen/Qwen3.6-35B-A3B-FP8
low_margin,40,127,8,40640,same_model,30181,0.7426427165354331,10459,0.25735728346456693,167,True,127,128,40,40,0,"[167, 40, 8]",0,True,40,True,128,167,40,0,0,40,"[128, 40, 8]",1,False,eac129bd5f579133420d,expected_aligned_shape,Qwen/Qwen3.6-35B-A3B-FP8,ok,32,127,5080,1525,0.3001968503937008,5080,3432,0.6755905511811023,0,0.0,0.9210789910002508,4679.081274281274,0.9544291338582677,4848.5,Qwen/Qwen3.6-35B-A3B-FP8
logs,40,127,8,40640,same_model,28835,0.7095226377952756,11805,0.2904773622047244,159,True,127,128,32,32,0,"[159, 40, 8]",0,True,32,True,128,159,32,0,0,32,"[128, 40, 8]",1,False,eadb01f9a1ea4898ec56,expected_aligned_shape,Qwen/Qwen3.6-35B-A3B-FP8,ok,32,127,5080,1345,0.26476377952755903,5080,3287,0.6470472440944882,0,0.0,0.9110977998379572,4628.376823176824,0.9480807086614174,4816.25,Qwen/Qwen3.6-35B-A3B-FP8
chat,40,127,8,40640,same_model,30032,0.738976377952756,10608,0.2610236220472441,167,True,127,128,40,40,0,"[167, 40, 8]",0,True,40,True,128,167,40,0,0,40,"[128, 40, 8]",1,False,eb559da02caf34b94f04,expected_aligned_shape,Qwen/Qwen3.6-35B-A3B-FP8,ok,32,127,5080,1510,0.297244094488189,5080,3481,0.6852362204724409,0,0.0,0.9219963544766694,4683.741480741481,0.9544537401574803,4848.625,Qwen/Qwen3.6-35B-A3B-FP8
json_structured,40,127,8,40640,same_model,28748,0.7073818897637796,11892,0.2926181102362205,159,True,127,128,32,32,0,"[159, 40, 8]",0,True,32,True,128,159,32,0,0,32,"[128, 40, 8]",1,False,ec141180d7aba09cdfd7,expected_aligned_shape,Qwen/Qwen3.6-35B-A3B-FP8,ok,32,127,5080,1336,0.262992125984252,5080,3245,0.6387795275590551,0,0.0,0.9107949355980852,4626.838272838273,0.9483021653543308,4817.375,Qwen/Qwen3.6-35B-A3B-FP8
code,40,127,8,40640,same_model,30616,0.7533464566929133,10024,0.2466535433070866,159,True,127,128,32,32,0,"[159, 40, 8]",0,True,32,True,128,159,32,0,0,32,"[128, 40, 8]",1,False,ec1fee35e147b28594e8,expected_aligned_shape,Qwen/Qwen3.6-35B-A3B-FP8,ok,32,127,5080,1641,0.32303149606299214,5080,3500,0.6889763779527559,0,0.0,0.9220464749598608,4683.996092796093,0.9544291338582677,4848.5,Qwen/Qwen3.6-35B-A3B-FP8
short_qa,40,127,8,40640,same_model,29485,0.7255167322834646,11155,0.2744832677165354,159,True,127,128,32,32,0,"[159, 40, 8]",0,True,32,True,128,159,32,0,0,32,"[128, 40, 8]",1,False,ec3c704bbdb9f984816b,expected_aligned_shape,Qwen/Qwen3.6-35B-A3B-FP8,ok,32,127,5080,1464,0.28818897637795277,5080,3385,0.6663385826771654,0,0.0,0.9150368529108687,4648.387212787213,0.9499753937007874,4825.875,Qwen/Qwen3.6-35B-A3B-FP8
json_structured,40,127,8,40640,same_model,28781,0.7081938976377953,11859,0.2918061023622047,159,True,127,128,32,32,0,"[159, 40, 8]",0,True,32,True,128,159,32,0,0,32,"[128, 40, 8]",1,False,ec597988254f8fe60485,expected_aligned_shape,Qwen/Qwen3.6-35B-A3B-FP8,ok,32,127,5080,1307,0.25728346456692913,5080,3278,0.6452755905511811,0,0.0,0.9117081868262971,4631.477589077589,0.9486958661417323,4819.375,Qwen/Qwen3.6-35B-A3B-FP8
mixed_language,40,127,8,40640,same_model,30545,0.7515994094488189,10095,0.2484005905511811,159,True,127,128,32,32,0,"[159, 40, 8]",0,True,32,True,128,159,32,0,0,32,"[128, 40, 8]",1,False,ec60a4f7786e2279a182,expected_aligned_shape,Qwen/Qwen3.6-35B-A3B-FP8,ok,32,127,5080,1665,0.327755905511811,5080,3536,0.6960629921259842,0,0.0,0.9244427357419485,4696.169097569097,0.9557824803149606,4855.375,Qwen/Qwen3.6-35B-A3B-FP8
chat,40,127,8,40640,same_model,30316,0.7459645669291338,10324,0.2540354330708661,167,True,127,128,40,40,0,"[167, 40, 8]",0,True,40,True,128,167,40,0,0,40,"[128, 40, 8]",1,False,ec70019f85ed0df3b1c4,expected_aligned_shape,Qwen/Qwen3.6-35B-A3B-FP8,ok,32,127,5080,1544,0.30393700787401573,5080,3530,0.6948818897637795,0,0.0,0.9259201122586949,4703.67417027417,0.9571112204724409,4862.125,Qwen/Qwen3.6-35B-A3B-FP8
json_structured,40,127,8,40640,same_model,29183,0.7180856299212598,11457,0.28191437007874015,159,True,127,128,32,32,0,"[159, 40, 8]",0,True,32,True,128,159,32,0,0,32,"[128, 40, 8]",1,False,ed1695f55c50b1366194,expected_aligned_shape,Qwen/Qwen3.6-35B-A3B-FP8,ok,32,127,5080,1413,0.2781496062992126,5080,3382,0.665748031496063,0,0.0,0.9167768714225407,4657.226506826507,0.9515748031496063,4834.0,Qwen/Qwen3.6-35B-A3B-FP8
mixed_language,40,127,8,40640,same_model,31464,0.7742125984251969,9176,0.22578740157480315,159,True,127,128,32,32,0,"[159, 40, 8]",0,True,32,True,128,159,32,0,0,32,"[128, 40, 8]",1,False,ed33d9d8f1a6628f8f41,expected_aligned_shape,Qwen/Qwen3.6-35B-A3B-FP8,ok,32,127,5080,1809,0.3561023622047244,5080,3706,0.7295275590551181,0,0.0,0.9352108608801523,4750.871173271174,0.962746062992126,4890.75,Qwen/Qwen3.6-35B-A3B-FP8
logs,40,127,8,40640,same_model,29649,0.7295521653543308,10991,0.2704478346456693,159,True,127,128,32,32,0,"[159, 40, 8]",0,True,32,True,128,159,32,0,0,32,"[128, 40, 8]",1,False,ed4af850109e13dbffb7,expected_aligned_shape,Qwen/Qwen3.6-35B-A3B-FP8,ok,32,127,5080,1523,0.2998031496062992,5080,3343,0.6580708661417323,0,0.0,0.9129852911742675,4637.965279165279,0.9489911417322835,4820.875,Qwen/Qwen3.6-35B-A3B-FP8
json_structured,40,127,8,40640,same_model,30055,0.7395423228346457,10585,0.26045767716535434,167,True,127,128,40,40,0,"[167, 40, 8]",0,True,40,True,128,167,40,0,0,40,"[128, 40, 8]",1,False,ed5b42137a010acef8a9,expected_aligned_shape,Qwen/Qwen3.6-35B-A3B-FP8,ok,32,127,5080,1480,0.29133858267716534,5080,3474,0.6838582677165355,0,0.0,0.9237514541451548,4692.6573870573875,0.9560285433070866,4856.625,Qwen/Qwen3.6-35B-A3B-FP8
math_numeric,40,127,8,40640,same_model,29330,0.7217027559055118,11310,0.2782972440944882,159,True,127,128,32,32,0,"[159, 40, 8]",0,True,32,True,128,159,32,0,0,32,"[128, 40, 8]",1,False,ed9cd460ff8cf112cf9b,expected_aligned_shape,Qwen/Qwen3.6-35B-A3B-FP8,ok,32,127,5080,1520,0.2992125984251969,5080,3353,0.6600393700787401,0,0.0,0.9099642964209894,4622.618625818626,0.9459153543307086,4805.25,Qwen/Qwen3.6-35B-A3B-FP8
logs,40,127,8,40640,same_model,28615,0.7041092519685039,12025,0.29589074803149606,159,True,127,128,32,32,0,"[159, 40, 8]",0,True,32,True,128,159,32,0,0,32,"[128, 40, 8]",1,False,eda8a5523c042a26eee4,expected_aligned_shape,Qwen/Qwen3.6-35B-A3B-FP8,ok,32,127,5080,1341,0.2639763779527559,5080,3278,0.6452755905511811,0,0.0,0.9045542515227555,4595.135597735598,0.9419537401574803,4785.125,Qwen/Qwen3.6-35B-A3B-FP8
json_structured,40,127,8,40640,same_model,29571,0.727632874015748,11069,0.27236712598425195,159,True,127,128,32,32,0,"[159, 40, 8]",0,True,32,True,128,159,32,0,0,32,"[128, 40, 8]",1,False,edcf5b2b115bf77ea26c,expected_aligned_shape,Qwen/Qwen3.6-35B-A3B-FP8,ok,32,127,5080,1454,0.2862204724409449,5080,3416,0.6724409448818898,0,0.0,0.9187250369927535,4667.123187923188,0.9525590551181102,4839.0,Qwen/Qwen3.6-35B-A3B-FP8
summarization,40,127,8,40640,same_model,30808,0.7580708661417322,9832,0.24192913385826773,167,True,127,128,40,40,0,"[167, 40, 8]",0,True,40,True,128,167,40,0,0,40,"[128, 40, 8]",1,False,ee4a6c86011c3e44ff62,expected_aligned_shape,Qwen/Qwen3.6-35B-A3B-FP8,ok,32,127,5080,1696,0.33385826771653543,5080,3617,0.712007874015748,0,0.0,0.9297689274854629,4723.2261516261515,0.9594242125984253,4873.875,Qwen/Qwen3.6-35B-A3B-FP8
math_numeric,40,127,8,40640,same_model,31045,0.7639025590551181,9595,0.2360974409448819,159,True,127,128,32,32,0,"[159, 40, 8]",0,True,32,True,128,159,32,0,0,32,"[128, 40, 8]",1,False,ee7cfbc75d68a00d3394,expected_aligned_shape,Qwen/Qwen3.6-35B-A3B-FP8,ok,32,127,5080,1691,0.3328740157480315,5080,3615,0.7116141732283464,0,0.0,0.930282045163935,4725.8327894327895,0.959867125984252,4876.125,Qwen/Qwen3.6-35B-A3B-FP8
short_qa,40,127,8,40640,same_model,29737,0.7317175196850394,10903,0.2682824803149606,159,True,127,128,32,32,0,"[159, 40, 8]",0,True,32,True,128,159,32,0,0,32,"[128, 40, 8]",1,False,ee7dabd94e62e0bf2b5e,expected_aligned_shape,Qwen/Qwen3.6-35B-A3B-FP8,ok,32,127,5080,1503,0.2958661417322835,5080,3426,0.6744094488188976,0,0.0,0.9194113148443855,4670.60947940948,0.9531988188976378,4842.25,Qwen/Qwen3.6-35B-A3B-FP8
code,40,127,8,40640,same_model,29136,0.7169291338582677,11504,0.28307086614173227,166,True,127,128,39,39,0,"[166, 40, 8]",0,True,39,True,128,166,39,0,0,39,"[128, 40, 8]",1,False,ee81963d22618d303935,expected_aligned_shape,Qwen/Qwen3.6-35B-A3B-FP8,ok,32,127,5080,1336,0.262992125984252,5080,3317,0.6529527559055118,0,0.0,0.910891929592717,4627.331002331002,0.9464812992125984,4808.125,Qwen/Qwen3.6-35B-A3B-FP8
math_numeric,40,127,8,40640,same_model,18954,0.46638779527559054,21686,0.5336122047244094,159,True,127,128,32,32,0,"[159, 40, 8]",0,True,32,True,128,159,32,0,0,32,"[128, 40, 8]",1,False,ef06424c58988163b7c9,expected_aligned_shape,Qwen/Qwen3.6-35B-A3B-FP8,ok,32,127,5080,372,0.07322834645669292,5080,1593,0.3135826771653543,0,0.0,0.750261396521239,3811.3278943278942,0.8285925196850393,4209.25,Qwen/Qwen3.6-35B-A3B-FP8
mixed_language,40,127,8,40640,same_model,30534,0.7513287401574803,10106,0.2486712598425197,159,True,127,128,32,32,0,"[159, 40, 8]",0,True,32,True,128,159,32,0,0,32,"[128, 40, 8]",1,False,ef10a7183d48a63003df,expected_aligned_shape,Qwen/Qwen3.6-35B-A3B-FP8,ok,32,127,5080,1556,0.3062992125984252,5080,3546,0.6980314960629921,0,0.0,0.9256172873495707,4702.1358197358195,0.9568897637795276,4861.0,Qwen/Qwen3.6-35B-A3B-FP8
short_qa,40,127,8,40640,same_model,31398,0.7725885826771653,9242,0.22741141732283465,159,True,127,128,32,32,0,"[159, 40, 8]",0,True,32,True,128,159,32,0,0,32,"[128, 40, 8]",1,False,efbbfc09ebc85a0198a7,expected_aligned_shape,Qwen/Qwen3.6-35B-A3B-FP8,ok,32,127,5080,1738,0.3421259842519685,5080,3733,0.7348425196850393,0,0.0,0.9382319255547602,4766.218181818182,0.9648375984251969,4901.375,Qwen/Qwen3.6-35B-A3B-FP8
chat,40,127,8,40640,same_model,29633,0.7291584645669291,11007,0.2708415354330709,159,True,127,128,32,32,0,"[159, 40, 8]",0,True,32,True,128,159,32,0,0,32,"[128, 40, 8]",1,False,f0038360238676bc6dc7,expected_aligned_shape,Qwen/Qwen3.6-35B-A3B-FP8,ok,32,127,5080,1488,0.2929133858267717,5080,3402,0.6696850393700787,0,0.0,0.9176064880001888,4661.440959040959,0.9518454724409449,4835.375,Qwen/Qwen3.6-35B-A3B-FP8
short_qa,40,127,8,40640,same_model,30913,0.7606545275590552,9727,0.2393454724409449,166,True,127,128,39,39,0,"[166, 40, 8]",0,True,39,True,128,166,39,0,0,39,"[128, 40, 8]",1,False,f04c751fc6cabeda634f,expected_aligned_shape,Qwen/Qwen3.6-35B-A3B-FP8,ok,32,127,5080,1609,0.31673228346456694,5080,3635,0.7155511811023622,0,0.0,0.9314437530972964,4731.734265734266,0.9602116141732283,4877.875,Qwen/Qwen3.6-35B-A3B-FP8
mixed_language,40,127,8,40640,same_model,30979,0.7622785433070867,9661,0.2377214566929134,159,True,127,128,32,32,0,"[159, 40, 8]",0,True,32,True,128,159,32,0,0,32,"[128, 40, 8]",1,False,f071bdcbbbc3e959b867,expected_aligned_shape,Qwen/Qwen3.6-35B-A3B-FP8,ok,32,127,5080,1720,0.33858267716535434,5080,3620,0.7125984251968503,0,0.0,0.9306338980354728,4727.620202020202,0.960113188976378,4877.375,Qwen/Qwen3.6-35B-A3B-FP8
short_qa,40,127,8,40640,same_model,31324,0.7707677165354331,9316,0.22923228346456692,166,True,127,128,39,39,0,"[166, 40, 8]",0,True,39,True,128,166,39,0,0,39,"[128, 40, 8]",1,False,f0a80145f6b08b42e75e,expected_aligned_shape,Qwen/Qwen3.6-35B-A3B-FP8,ok,32,127,5080,1766,0.3476377952755906,5080,3762,0.7405511811023622,0,0.0,0.9383297542352659,4766.715151515152,0.9646899606299213,4900.625,Qwen/Qwen3.6-35B-A3B-FP8
needle,40,127,8,40640,same_model,29365,0.7225639763779528,11275,0.2774360236220472,159,True,127,128,32,32,0,"[159, 40, 8]",0,True,32,True,128,159,32,0,0,32,"[128, 40, 8]",1,False,f1319787940d241bd108,expected_aligned_shape,Qwen/Qwen3.6-35B-A3B-FP8,ok,32,127,5080,1361,0.26791338582677166,5080,3404,0.6700787401574804,0,0.0,0.9189611088823687,4668.322433122433,0.9529527559055118,4841.0,Qwen/Qwen3.6-35B-A3B-FP8
chat,40,127,8,40640,same_model,29671,0.7300935039370079,10969,0.2699064960629921,159,True,127,128,32,32,0,"[159, 40, 8]",0,True,32,True,128,159,32,0,0,32,"[128, 40, 8]",1,False,f14945b89c4aa87a2ec2,expected_aligned_shape,Qwen/Qwen3.6-35B-A3B-FP8,ok,32,127,5080,1424,0.2803149606299213,5080,3450,0.6791338582677166,0,0.0,0.9212219276786205,4679.807392607393,0.9543799212598425,4848.25,Qwen/Qwen3.6-35B-A3B-FP8
low_margin,40,127,8,40640,same_model,29828,0.7339566929133858,10812,0.26604330708661417,166,True,127,128,39,39,0,"[166, 40, 8]",0,True,39,True,128,166,39,0,0,39,"[128, 40, 8]",1,False,f16919d280bf2377108c,expected_aligned_shape,Qwen/Qwen3.6-35B-A3B-FP8,ok,32,127,5080,1452,0.2858267716535433,5080,3467,0.6824803149606299,0,0.0,0.92199320801683,4683.725496725497,0.9544045275590551,4848.375,Qwen/Qwen3.6-35B-A3B-FP8
math_numeric,40,127,8,40640,same_model,29364,0.7225393700787401,11276,0.27746062992125986,159,True,127,128,32,32,0,"[159, 40, 8]",0,True,32,True,128,159,32,0,0,32,"[128, 40, 8]",1,False,f1e40190bf0f306cc68f,expected_aligned_shape,Qwen/Qwen3.6-35B-A3B-FP8,ok,32,127,5080,1415,0.2785433070866142,5080,3220,0.6338582677165354,0,0.0,0.9066512621237031,4605.788411588412,0.9446850393700787,4799.0,Qwen/Qwen3.6-35B-A3B-FP8
code,40,127,8,40640,same_model,29842,0.7343011811023622,10798,0.2656988188976378,166,True,127,128,39,39,0,"[166, 40, 8]",0,True,39,True,128,166,39,0,0,39,"[128, 40, 8]",1,False,f1e595a9b1a4d7f427b2,expected_aligned_shape,Qwen/Qwen3.6-35B-A3B-FP8,ok,32,127,5080,1453,0.2860236220472441,5080,3410,0.6712598425196851,0,0.0,0.9198614508850729,4672.89617049617,0.9535679133858268,4844.125,Qwen/Qwen3.6-35B-A3B-FP8
mixed_language,40,127,8,40640,same_model,31087,0.7649360236220473,9553,0.23506397637795276,159,True,127,128,32,32,0,"[159, 40, 8]",0,True,32,True,128,159,32,0,0,32,"[128, 40, 8]",1,False,f240b20adde5c5226f6b,expected_aligned_shape,Qwen/Qwen3.6-35B-A3B-FP8,ok,32,127,5080,1705,0.33562992125984253,5080,3626,0.7137795275590552,0,0.0,0.9317160704562278,4733.117637917638,0.9607775590551181,4880.75,Qwen/Qwen3.6-35B-A3B-FP8
mixed_language,40,127,8,40640,same_model,30245,0.7442175196850394,10395,0.25578248031496065,159,True,127,128,32,32,0,"[159, 40, 8]",0,True,32,True,128,159,32,0,0,32,"[128, 40, 8]",1,False,f2858e4fb41400dee486,expected_aligned_shape,Qwen/Qwen3.6-35B-A3B-FP8,ok,32,127,5080,1647,0.32421259842519684,5080,3518,0.6925196850393701,0,0.0,0.9204154201004594,4675.710334110334,0.9525098425196851,4838.75,Qwen/Qwen3.6-35B-A3B-FP8
math_numeric,40,127,8,40640,same_model,28857,0.7100639763779527,11783,0.28993602362204723,159,True,127,128,32,32,0,"[159, 40, 8]",0,True,32,True,128,159,32,0,0,32,"[128, 40, 8]",1,False,f2f130fc01529df65039,expected_aligned_shape,Qwen/Qwen3.6-35B-A3B-FP8,ok,32,127,5080,1395,0.27460629921259844,5080,3299,0.6494094488188976,0,0.0,0.9059442831883776,4602.196958596958,0.9439222440944882,4795.125,Qwen/Qwen3.6-35B-A3B-FP8
short_qa,40,127,8,40640,same_model,30716,0.7558070866141732,9924,0.24419291338582677,165,True,127,128,38,38,0,"[165, 40, 8]",0,True,38,True,128,165,38,0,0,38,"[128, 40, 8]",1,False,f3007c807c021e4181b1,expected_aligned_shape,Qwen/Qwen3.6-35B-A3B-FP8,ok,32,127,5080,1606,0.3161417322834646,5080,3624,0.7133858267716535,0,0.0,0.931707627455659,4733.074747474748,0.9608513779527559,4881.125,Qwen/Qwen3.6-35B-A3B-FP8
short_qa,40,127,8,40640,same_model,30022,0.7387303149606299,10618,0.2612696850393701,167,True,127,128,40,40,0,"[167, 40, 8]",0,True,40,True,128,167,40,0,0,40,"[128, 40, 8]",1,False,f30e6072f963aa16e457,expected_aligned_shape,Qwen/Qwen3.6-35B-A3B-FP8,ok,32,127,5080,1603,0.3155511811023622,5080,3524,0.6937007874015748,0,0.0,0.9193884680498854,4670.4934176934175,0.9520423228346456,4836.375,Qwen/Qwen3.6-35B-A3B-FP8
needle,40,127,8,40640,same_model,28191,0.6936761811023622,12449,0.3063238188976378,159,True,127,128,32,32,0,"[159, 40, 8]",0,True,32,True,128,159,32,0,0,32,"[128, 40, 8]",1,False,f336add17ac143e81f5e,expected_aligned_shape,Qwen/Qwen3.6-35B-A3B-FP8,ok,32,127,5080,1238,0.2437007874015748,5080,3152,0.6204724409448819,0,0.0,0.9025445245917687,4584.926184926185,0.9428641732283465,4789.75,Qwen/Qwen3.6-35B-A3B-FP8
chat,40,127,8,40640,same_model,29965,0.7373277559055118,10675,0.2626722440944882,159,True,127,128,32,32,0,"[159, 40, 8]",0,True,32,True,128,159,32,0,0,32,"[128, 40, 8]",1,False,f33ed6f4a2cbbdc3df09,expected_aligned_shape,Qwen/Qwen3.6-35B-A3B-FP8,ok,32,127,5080,1498,0.29488188976377955,5080,3519,0.6927165354330709,0,0.0,0.923509167997357,4691.426573426574,0.9554133858267716,4853.5,Qwen/Qwen3.6-35B-A3B-FP8
json_structured,40,127,8,40640,same_model,29468,0.7250984251968504,11172,0.2749015748031496,159,True,127,128,32,32,0,"[159, 40, 8]",0,True,32,True,128,159,32,0,0,32,"[128, 40, 8]",1,False,f34be65d1aaf6e9e9a85,expected_aligned_shape,Qwen/Qwen3.6-35B-A3B-FP8,ok,32,127,5080,1401,0.27578740157480314,5080,3452,0.6795275590551181,0,0.0,0.9203470195596181,4675.362859362859,0.9535187007874015,4843.875,Qwen/Qwen3.6-35B-A3B-FP8
chat,40,127,8,40640,same_model,29368,0.7226377952755906,11272,0.2773622047244094,159,True,127,128,32,32,0,"[159, 40, 8]",0,True,32,True,128,159,32,0,0,32,"[128, 40, 8]",1,False,f4bb1bc665aeca57833d,expected_aligned_shape,Qwen/Qwen3.6-35B-A3B-FP8,ok,32,127,5080,1382,0.2720472440944882,5080,3383,0.6659448818897638,0,0.0,0.918388977601576,4665.416006216006,0.9524114173228346,4838.25,Qwen/Qwen3.6-35B-A3B-FP8
summarization,40,127,8,40640,same_model,30333,0.746382874015748,10307,0.25361712598425196,167,True,127,128,40,40,0,"[167, 40, 8]",0,True,40,True,128,167,40,0,0,40,"[128, 40, 8]",1,False,f4cb1b6c567545e9c097,expected_aligned_shape,Qwen/Qwen3.6-35B-A3B-FP8,ok,32,127,5080,1613,0.31751968503937006,5080,3573,0.7033464566929134,0,0.0,0.9279797979797981,4714.137373737373,0.9584891732283465,4869.125,Qwen/Qwen3.6-35B-A3B-FP8
mixed_language,40,127,8,40640,same_model,30472,0.7498031496062992,10168,0.25019685039370076,159,True,127,128,32,32,0,"[159, 40, 8]",0,True,32,True,128,159,32,0,0,32,"[128, 40, 8]",1,False,f57907551417f232924a,expected_aligned_shape,Qwen/Qwen3.6-35B-A3B-FP8,ok,32,127,5080,1578,0.3106299212598425,5080,3621,0.7127952755905512,0,0.0,0.9308367135926192,4728.650505050505,0.9601870078740158,4877.75,Qwen/Qwen3.6-35B-A3B-FP8
mixed_language,40,127,8,40640,same_model,29797,0.7331938976377953,10843,0.2668061023622047,159,True,127,128,32,32,0,"[159, 40, 8]",0,True,32,True,128,159,32,0,0,32,"[128, 40, 8]",1,False,f598a18bf78b83407716,expected_aligned_shape,Qwen/Qwen3.6-35B-A3B-FP8,ok,32,127,5080,1551,0.30531496062992125,5080,3394,0.6681102362204724,0,0.0,0.9153703339530112,4650.081296481297,0.9502706692913386,4827.375,Qwen/Qwen3.6-35B-A3B-FP8
summarization,40,127,8,40640,same_model,31186,0.7673720472440945,9454,0.2326279527559055,159,True,127,128,32,32,0,"[159, 40, 8]",0,True,32,True,128,159,32,0,0,32,"[128, 40, 8]",1,False,f5c971c02106745e8fc1,expected_aligned_shape,Qwen/Qwen3.6-35B-A3B-FP8,ok,32,127,5080,1752,0.34488188976377954,5080,3654,0.7192913385826771,0,0.0,0.9332802280833777,4741.063558663559,0.9617372047244095,4885.625,Qwen/Qwen3.6-35B-A3B-FP8
code,40,127,8,40640,same_model,31024,0.7633858267716536,9616,0.23661417322834646,159,True,127,128,32,32,0,"[159, 40, 8]",0,True,32,True,128,159,32,0,0,32,"[128, 40, 8]",1,False,f5c9a7b15992f59eb027,expected_aligned_shape,Qwen/Qwen3.6-35B-A3B-FP8,ok,32,127,5080,1672,0.3291338582677165,5080,3627,0.7139763779527559,0,0.0,0.9293229954647279,4720.960816960817,0.9587106299212599,4870.25,Qwen/Qwen3.6-35B-A3B-FP8
summarization,40,127,8,40640,same_model,30121,0.7411663385826772,10519,0.25883366141732284,159,True,127,128,32,32,0,"[159, 40, 8]",0,True,32,True,128,159,32,0,0,32,"[128, 40, 8]",1,False,f5e18fd11d8b2c589463,expected_aligned_shape,Qwen/Qwen3.6-35B-A3B-FP8,ok,32,127,5080,1505,0.296259842519685,5080,3528,0.694488188976378,0,0.0,0.9256367079989127,4702.234476634477,0.9568897637795276,4861.0,Qwen/Qwen3.6-35B-A3B-FP8
code,40,127,8,40640,same_model,29217,0.7189222440944882,11423,0.2810777559055118,159,True,127,128,32,32,0,"[159, 40, 8]",0,True,32,True,128,159,32,0,0,32,"[128, 40, 8]",1,False,f5f097d365c9fe0e543f,expected_aligned_shape,Qwen/Qwen3.6-35B-A3B-FP8,ok,32,127,5080,1353,0.26633858267716537,5080,3320,0.6535433070866141,0,0.0,0.9120225137941674,4633.07437007437,0.9479576771653543,4815.625,Qwen/Qwen3.6-35B-A3B-FP8
code,40,127,8,40640,same_model,30708,0.7556102362204724,9932,0.24438976377952756,159,True,127,128,32,32,0,"[159, 40, 8]",0,True,32,True,128,159,32,0,0,32,"[128, 40, 8]",1,False,f607a25acb33f6d075c1,expected_aligned_shape,Qwen/Qwen3.6-35B-A3B-FP8,ok,32,127,5080,1604,0.315748031496063,5080,3517,0.6923228346456692,0,0.0,0.9235910283941781,4691.842424242424,0.9556102362204725,4854.5,Qwen/Qwen3.6-35B-A3B-FP8
short_qa,40,127,8,40640,same_model,30443,0.7490895669291339,10197,0.25091043307086613,166,True,127,128,39,39,0,"[166, 40, 8]",0,True,39,True,128,166,39,0,0,39,"[128, 40, 8]",1,False,f6dd8ff341515260d4cb,expected_aligned_shape,Qwen/Qwen3.6-35B-A3B-FP8,ok,32,127,5080,1568,0.30866141732283464,5080,3597,0.7080708661417323,0,0.0,0.9298525533958604,4723.650971250971,0.9597194881889763,4875.375,Qwen/Qwen3.6-35B-A3B-FP8
low_margin,40,127,8,40640,same_model,30468,0.7497047244094488,10172,0.2502952755905512,167,True,127,128,40,40,0,"[167, 40, 8]",0,True,40,True,128,167,40,0,0,40,"[128, 40, 8]",1,False,f6f8677e1aeefc09a04f,expected_aligned_shape,Qwen/Qwen3.6-35B-A3B-FP8,ok,32,127,5080,1550,0.3051181102362205,5080,3548,0.6984251968503937,0,0.0,0.9285309790821601,4716.9373737373735,0.9591043307086614,4872.25,Qwen/Qwen3.6-35B-A3B-FP8
summarization,40,127,8,40640,same_model,29848,0.7344488188976378,10792,0.2655511811023622,159,True,127,128,32,32,0,"[159, 40, 8]",0,True,32,True,128,159,32,0,0,32,"[128, 40, 8]",1,False,f7161b47275b97c6fb82,expected_aligned_shape,Qwen/Qwen3.6-35B-A3B-FP8,ok,32,127,5080,1531,0.3013779527559055,5080,3487,0.6864173228346456,0,0.0,0.921198910450879,4679.690465090465,0.953617125984252,4844.375,Qwen/Qwen3.6-35B-A3B-FP8
mixed_language,40,127,8,40640,same_model,30572,0.7522637795275591,10068,0.24773622047244095,159,True,127,128,32,32,0,"[159, 40, 8]",0,True,32,True,128,159,32,0,0,32,"[128, 40, 8]",1,False,f7235228f8e221be40e0,expected_aligned_shape,Qwen/Qwen3.6-35B-A3B-FP8,ok,32,127,5080,1654,0.32559055118110236,5080,3573,0.7033464566929134,0,0.0,0.9287990137596437,4718.29898989899,0.9591535433070866,4872.5,Qwen/Qwen3.6-35B-A3B-FP8
json_structured,40,127,8,40640,same_model,30022,0.7387303149606299,10618,0.2612696850393701,167,True,127,128,40,40,0,"[167, 40, 8]",0,True,40,True,128,167,40,0,0,40,"[128, 40, 8]",1,False,f765a88495d61ef8fb00,expected_aligned_shape,Qwen/Qwen3.6-35B-A3B-FP8,ok,32,127,5080,1444,0.284251968503937,5080,3415,0.672244094488189,0,0.0,0.9222818738566769,4685.19191919192,0.9555364173228347,4854.125,Qwen/Qwen3.6-35B-A3B-FP8
summarization,40,127,8,40640,same_model,30502,0.7505413385826771,10138,0.24945866141732284,166,True,127,128,39,39,0,"[166, 40, 8]",0,True,39,True,128,166,39,0,0,39,"[128, 40, 8]",1,False,f7b04a9eb798f66c1982,expected_aligned_shape,Qwen/Qwen3.6-35B-A3B-FP8,ok,32,127,5080,1639,0.32263779527559056,5080,3568,0.7023622047244095,0,0.0,0.9280131591942615,4714.3068487068485,0.9584645669291338,4869.0,Qwen/Qwen3.6-35B-A3B-FP8
chat,40,127,8,40640,same_model,28521,0.7017962598425197,12119,0.2982037401574803,159,True,127,128,32,32,0,"[159, 40, 8]",0,True,32,True,128,159,32,0,0,32,"[128, 40, 8]",1,False,f7b31d9c7603bfc99f41,expected_aligned_shape,Qwen/Qwen3.6-35B-A3B-FP8,ok,32,127,5080,1269,0.2498031496062992,5080,3217,0.6332677165354331,0,0.0,0.9075293472931268,4610.249084249084,0.9459399606299213,4805.375,Qwen/Qwen3.6-35B-A3B-FP8
json_structured,40,127,8,40640,same_model,29622,0.7288877952755906,11018,0.27111220472440944,159,True,127,128,32,32,0,"[159, 40, 8]",0,True,32,True,128,159,32,0,0,32,"[128, 40, 8]",1,False,f8161d92d5e0dcf1cce3,expected_aligned_shape,Qwen/Qwen3.6-35B-A3B-FP8,ok,32,127,5080,1447,0.2848425196850394,5080,3414,0.6720472440944882,0,0.0,0.9182642860201915,4664.782572982573,0.9522391732283465,4837.375,Qwen/Qwen3.6-35B-A3B-FP8
code,40,127,8,40640,same_model,30671,0.7546998031496063,9969,0.2453001968503937,159,True,127,128,32,32,0,"[159, 40, 8]",0,True,32,True,128,159,32,0,0,32,"[128, 40, 8]",1,False,f8522bf1b1649196dabf,expected_aligned_shape,Qwen/Qwen3.6-35B-A3B-FP8,ok,32,127,5080,1600,0.31496062992125984,5080,3552,0.6992125984251969,0,0.0,0.9250626757319671,4699.318392718393,0.95625,4857.75,Qwen/Qwen3.6-35B-A3B-FP8
low_margin,40,127,8,40640,same_model,30931,0.7610974409448819,9709,0.23890255905511812,166,True,127,128,39,39,0,"[166, 40, 8]",0,True,39,True,128,166,39,0,0,39,"[128, 40, 8]",1,False,f8b7d673208f4703d173,expected_aligned_shape,Qwen/Qwen3.6-35B-A3B-FP8,ok,32,127,5080,1691,0.3328740157480315,5080,3625,0.7135826771653543,0,0.0,0.9302864764282086,4725.8553002553,0.9594734251968504,4874.125,Qwen/Qwen3.6-35B-A3B-FP8
mixed_language,40,127,8,40640,same_model,29964,0.7373031496062992,10676,0.2626968503937008,159,True,127,128,32,32,0,"[159, 40, 8]",0,True,32,True,128,159,32,0,0,32,"[128, 40, 8]",1,False,f913721fcb7ea89e83db,expected_aligned_shape,Qwen/Qwen3.6-35B-A3B-FP8,ok,32,127,5080,1508,0.2968503937007874,5080,3532,0.6952755905511812,0,0.0,0.9229533546068979,4688.603041403041,0.9546013779527559,4849.375,Qwen/Qwen3.6-35B-A3B-FP8
needle,40,127,8,40640,same_model,29055,0.7149360236220472,11585,0.2850639763779528,159,True,127,128,32,32,0,"[159, 40, 8]",0,True,32,True,128,159,32,0,0,32,"[128, 40, 8]",1,False,f9234eab6995d6951a8a,expected_aligned_shape,Qwen/Qwen3.6-35B-A3B-FP8,ok,32,127,5080,1406,0.2767716535433071,5080,3286,0.6468503937007875,0,0.0,0.9095012161941297,4620.266178266178,0.9466535433070866,4809.0,Qwen/Qwen3.6-35B-A3B-FP8
short_qa,40,127,8,40640,same_model,29951,0.7369832677165354,10689,0.26301673228346456,159,True,127,128,32,32,0,"[159, 40, 8]",0,True,32,True,128,159,32,0,0,32,"[128, 40, 8]",1,False,fa9d275badf610a1379e,expected_aligned_shape,Qwen/Qwen3.6-35B-A3B-FP8,ok,32,127,5080,1445,0.2844488188976378,5080,3454,0.6799212598425197,0,0.0,0.9222433909048082,4684.996425796426,0.9552165354330708,4852.5,Qwen/Qwen3.6-35B-A3B-FP8
math_numeric,40,127,8,40640,same_model,26142,0.6432578740157481,14498,0.356742125984252,159,True,127,128,32,32,0,"[159, 40, 8]",0,True,32,True,128,159,32,0,0,32,"[128, 40, 8]",1,False,fad300d8fd6577e50bbc,expected_aligned_shape,Qwen/Qwen3.6-35B-A3B-FP8,ok,32,127,5080,1077,0.21200787401574803,5080,2912,0.573228346456693,0,0.0,0.8777954853545406,4459.201065601065,0.9247785433070866,4697.875,Qwen/Qwen3.6-35B-A3B-FP8
low_margin,40,127,8,40640,same_model,29475,0.7252706692913385,11165,0.2747293307086614,165,True,127,128,38,38,0,"[165, 40, 8]",0,True,38,True,128,165,38,0,0,38,"[128, 40, 8]",1,False,fad7a7bed044b720b4b1,expected_aligned_shape,Qwen/Qwen3.6-35B-A3B-FP8,ok,32,127,5080,1376,0.27086614173228346,5080,3341,0.6576771653543307,0,0.0,0.9153466393623875,4649.960927960928,0.9508120078740158,4830.125,Qwen/Qwen3.6-35B-A3B-FP8
json_structured,40,127,8,40640,same_model,28113,0.6917568897637796,12527,0.3082431102362205,159,True,127,128,32,32,0,"[159, 40, 8]",0,True,32,True,128,159,32,0,0,32,"[128, 40, 8]",1,False,fae09243181a7d6bf3ec,expected_aligned_shape,Qwen/Qwen3.6-35B-A3B-FP8,ok,32,127,5080,1192,0.2346456692913386,5080,3157,0.6214566929133858,0,0.0,0.9036503916031474,4590.54398934399,0.9434547244094488,4792.75,Qwen/Qwen3.6-35B-A3B-FP8
short_qa,40,127,8,40640,same_model,29651,0.7296013779527559,10989,0.2703986220472441,159,True,127,128,32,32,0,"[159, 40, 8]",0,True,32,True,128,159,32,0,0,32,"[128, 40, 8]",1,False,fb4a2ad326742a7daba7,expected_aligned_shape,Qwen/Qwen3.6-35B-A3B-FP8,ok,32,127,5080,1481,0.29153543307086616,5080,3412,0.6716535433070866,0,0.0,0.9193573530581405,4670.3353535353535,0.953371062992126,4843.125,Qwen/Qwen3.6-35B-A3B-FP8
logs,40,127,8,40640,same_model,30187,0.7427903543307086,10453,0.25720964566929133,159,True,127,128,32,32,0,"[159, 40, 8]",0,True,32,True,128,159,32,0,0,32,"[128, 40, 8]",1,False,fb52f03e456f4681f727,expected_aligned_shape,Qwen/Qwen3.6-35B-A3B-FP8,ok,32,127,5080,1521,0.29940944881889764,5080,3506,0.6901574803149606,0,0.0,0.9256518634471391,4702.311466311467,0.9572096456692913,4862.625,Qwen/Qwen3.6-35B-A3B-FP8
needle,40,127,8,40640,same_model,29393,0.7232529527559055,11247,0.2767470472440945,159,True,127,128,32,32,0,"[159, 40, 8]",0,True,32,True,128,159,32,0,0,32,"[128, 40, 8]",1,False,fb7cd58efb77536b7e5a,expected_aligned_shape,Qwen/Qwen3.6-35B-A3B-FP8,ok,32,127,5080,1426,0.2807086614173228,5080,3418,0.6728346456692913,0,0.0,0.9181362032543137,4664.131912531912,0.9520915354330709,4836.625,Qwen/Qwen3.6-35B-A3B-FP8
needle,40,127,8,40640,same_model,29356,0.7223425196850394,11284,0.2776574803149606,159,True,127,128,32,32,0,"[159, 40, 8]",0,True,32,True,128,159,32,0,0,32,"[128, 40, 8]",1,False,fc015de10f6cf890ad72,expected_aligned_shape,Qwen/Qwen3.6-35B-A3B-FP8,ok,32,127,5080,1360,0.2677165354330709,5080,3334,0.6562992125984252,0,0.0,0.9145137102617418,4645.729648129648,0.9503444881889764,4827.75,Qwen/Qwen3.6-35B-A3B-FP8
logs,40,127,8,40640,same_model,31333,0.7709891732283465,9307,0.22901082677165355,159,True,127,128,32,32,0,"[159, 40, 8]",0,True,32,True,128,159,32,0,0,32,"[128, 40, 8]",1,False,fd593d5b54a62fcffca1,expected_aligned_shape,Qwen/Qwen3.6-35B-A3B-FP8,ok,32,127,5080,1795,0.35334645669291337,5080,3786,0.7452755905511811,0,0.0,0.9396918916603956,4773.634809634809,0.9654773622047244,4904.625,Qwen/Qwen3.6-35B-A3B-FP8
summarization,40,127,8,40640,same_model,29502,0.7259350393700787,11138,0.27406496062992125,163,True,127,128,36,36,0,"[163, 40, 8]",0,True,36,True,128,163,36,0,0,36,"[128, 40, 8]",1,False,fd91b59bb2c549b95df7,expected_aligned_shape,Qwen/Qwen3.6-35B-A3B-FP8,ok,32,127,5080,1402,0.27598425196850396,5080,3371,0.6635826771653544,0,0.0,0.914631414080233,4646.327583527584,0.9494586614173228,4823.25,Qwen/Qwen3.6-35B-A3B-FP8
math_numeric,40,127,8,40640,same_model,30717,0.7558316929133858,9923,0.24416830708661416,159,True,127,128,32,32,0,"[159, 40, 8]",0,True,32,True,128,159,32,0,0,32,"[128, 40, 8]",1,False,fdfcb33b753deea08692,expected_aligned_shape,Qwen/Qwen3.6-35B-A3B-FP8,ok,32,127,5080,1637,0.32224409448818897,5080,3540,0.6968503937007874,0,0.0,0.9264594548059116,4706.41403041403,0.9575787401574803,4864.5,Qwen/Qwen3.6-35B-A3B-FP8
chat,40,127,8,40640,same_model,30262,0.7446358267716535,10378,0.2553641732283465,167,True,127,128,40,40,0,"[167, 40, 8]",0,True,40,True,128,167,40,0,0,40,"[128, 40, 8]",1,False,fe4a3d67806d76a98fae,expected_aligned_shape,Qwen/Qwen3.6-35B-A3B-FP8,ok,32,127,5080,1576,0.3102362204724409,5080,3540,0.6968503937007874,0,0.0,0.9267223415254913,4707.749494949495,0.9578494094488189,4865.875,Qwen/Qwen3.6-35B-A3B-FP8
summarization,40,8,8,2560,same_model,1949,0.761328125,611,0.238671875,40,True,8,9,32,32,0,"[40, 40, 8]",0,True,32,True,9,40,32,0,0,32,"[9, 40, 8]",1,False,fe4cffdc58d7f1e1a293,expected_aligned_shape,Qwen/Qwen3.6-35B-A3B-FP8,ok,32,8,320,109,0.340625,320,241,0.753125,0,0.0,0.9395833333333334,300.6666666666667,0.965234375,308.875,Qwen/Qwen3.6-35B-A3B-FP8
low_margin,40,127,8,40640,same_model,31961,0.7864419291338582,8679,0.21355807086614173,166,True,127,128,39,39,0,"[166, 40, 8]",0,True,39,True,128,166,39,0,0,39,"[128, 40, 8]",1,False,fe6b5ef3198d755075f3,expected_aligned_shape,Qwen/Qwen3.6-35B-A3B-FP8,ok,32,127,5080,1861,0.36633858267716535,5080,3852,0.7582677165354331,0,0.0,0.9439624592380498,4795.329292929293,0.9681348425196851,4918.125,Qwen/Qwen3.6-35B-A3B-FP8
short_qa,40,127,8,40640,same_model,31122,0.7657972440944882,9518,0.23420275590551182,166,True,127,128,39,39,0,"[166, 40, 8]",0,True,39,True,128,166,39,0,0,39,"[128, 40, 8]",1,False,ff1a9c5e2203db4473c6,expected_aligned_shape,Qwen/Qwen3.6-35B-A3B-FP8,ok,32,127,5080,1718,0.33818897637795275,5080,3694,0.7271653543307086,0,0.0,0.9355126063787481,4752.404040404041,0.9631397637795276,4892.75,Qwen/Qwen3.6-35B-A3B-FP8
short_qa,40,127,8,40640,same_model,32083,0.7894438976377953,8557,0.21055610236220473,159,True,127,128,32,32,0,"[159, 40, 8]",0,True,32,True,128,159,32,0,0,32,"[128, 40, 8]",1,False,ff6072c8813e42e04c48,expected_aligned_shape,Qwen/Qwen3.6-35B-A3B-FP8,ok,32,127,5080,1926,0.37913385826771656,5080,3907,0.7690944881889764,0,0.0,0.945647816750179,4803.890909090909,0.9689468503937008,4922.25,Qwen/Qwen3.6-35B-A3B-FP8
needle,40,127,8,40640,same_model,29278,0.7204232283464567,11362,0.27957677165354333,159,True,127,128,32,32,0,"[159, 40, 8]",0,True,32,True,128,159,32,0,0,32,"[128, 40, 8]",1,False,ff63d5d0021722cb25c1,expected_aligned_shape,Qwen/Qwen3.6-35B-A3B-FP8,ok,32,127,5080,1334,0.2625984251968504,5080,3358,0.6610236220472441,0,0.0,0.9166483734987673,4656.5737373737375,0.9519192913385827,4835.75,Qwen/Qwen3.6-35B-A3B-FP8
code,40,127,8,40640,same_model,30828,0.7585629921259842,9812,0.24143700787401576,159,True,127,128,32,32,0,"[159, 40, 8]",0,True,32,True,128,159,32,0,0,32,"[128, 40, 8]",1,False,ff695148bbfc18ebb614,expected_aligned_shape,Qwen/Qwen3.6-35B-A3B-FP8,ok,32,127,5080,1673,0.32933070866141734,5080,3592,0.7070866141732284,0,0.0,0.928706936108511,4717.831235431236,0.9586860236220472,4870.125,Qwen/Qwen3.6-35B-A3B-FP8
mixed_language,40,101,8,32320,same_model,25585,0.791615099009901,6735,0.20838490099009901,133,True,101,102,32,32,0,"[133, 40, 8]",0,True,32,True,102,133,32,0,0,32,"[102, 40, 8]",1,False,ff7b7a3a96c67f89ba19,expected_aligned_shape,Qwen/Qwen3.6-35B-A3B-FP8,ok,32,101,4040,1529,0.37846534653465347,4040,3055,0.7561881188118812,0,0.0,0.9437233723372338,3812.642424242424,0.9680383663366336,3910.875,Qwen/Qwen3.6-35B-A3B-FP8
summarization,40,127,8,40640,same_model,29742,0.7318405511811024,10898,0.26815944881889764,159,True,127,128,32,32,0,"[159, 40, 8]",0,True,32,True,128,159,32,0,0,32,"[128, 40, 8]",1,False,ffa9abdf662cfcc625ac,expected_aligned_shape,Qwen/Qwen3.6-35B-A3B-FP8,ok,32,127,5080,1462,0.2877952755905512,5080,3478,0.6846456692913386,0,0.0,0.920681042492066,4677.059695859696,0.9533464566929134,4843.0,Qwen/Qwen3.6-35B-A3B-FP8
chat,40,127,8,40640,same_model,29498,0.7258366141732283,11142,0.27416338582677163,159,True,127,128,32,32,0,"[159, 40, 8]",0,True,32,True,128,159,32,0,0,32,"[128, 40, 8]",1,False,ffc63ef1ee5b72090bcf,expected_aligned_shape,Qwen/Qwen3.6-35B-A3B-FP8,ok,32,127,5080,1398,0.2751968503937008,5080,3442,0.6775590551181102,0,0.0,0.9224274238447469,4685.931313131313,0.9554625984251969,4853.75,Qwen/Qwen3.6-35B-A3B-FP8
json_structured,40,127,8,40640,same_model,30584,0.7525590551181103,10056,0.24744094488188975,159,True,127,128,32,32,0,"[159, 40, 8]",0,True,32,True,128,159,32,0,0,32,"[128, 40, 8]",1,False,ffe9f5f93121cd2df5ca,expected_aligned_shape,Qwen/Qwen3.6-35B-A3B-FP8,ok,32,127,5080,1648,0.32440944881889766,5080,3619,0.7124015748031496,0,0.0,0.9295293595293596,4722.0091464091465,0.959005905511811,4871.75,Qwen/Qwen3.6-35B-A3B-FP8
