category,common_layers,common_len,common_topk,compared_entries,comparison_kind,entry_match_count,entry_match_rate,entry_mismatch_count,entry_mismatch_rate,expected_gen_route_len,expected_length_match,expected_overlap_len,expected_prefill_route_len,gen_overlap_offset,gen_prefix_ignored,gen_route_start,gen_shape,gen_tail_ignored,inferred_shape_match,input_token_count,layer_topk_shape_match,output_token_count,overlap_end,overlap_start,prefill_overlap_offset,prefill_prefix_ignored,prefill_route_start,prefill_shape,prefill_tail_ignored,raw_common_layers,raw_shape_match,sample_id,selected_layers,shape_status,source_model,status,target_input_tokens,token_count,token_layer_count,token_layer_match_count,token_layer_match_rate,token_layer_set_count,token_layer_set_match_count,token_layer_set_match_rate,token_match_count,token_match_rate,topk_jaccard_mean,topk_jaccard_sum,topk_overlap_mean,topk_overlap_sum,verifier_model
logs,2,108,8,1728,same_model,1622,0.9386574074074074,106,0.061342592592592594,140,True,108,109,32,32,0,"[140, 40, 8]",0,True,32,True,109,140,32,0,0,32,"[109, 40, 8]",1,40,False,0003c1ab20d811680fab,"0,1",expected_aligned_shape,Qwen/Qwen3.6-35B-A3B-FP8,ok,32,108,216,163,0.7546296296296297,216,205,0.9490740740740741,60,0.5555555555555556,0.9886831275720165,213.55555555555554,0.9936342592592593,214.625,Qwen/Qwen3.6-35B-A3B-FP8
short_qa,2,127,8,2032,same_model,1911,0.9404527559055118,121,0.05954724409448819,165,True,127,128,38,38,0,"[165, 40, 8]",0,True,38,True,128,165,38,0,0,38,"[128, 40, 8]",1,40,False,00948d836971f053bbf9,"0,1",expected_aligned_shape,Qwen/Qwen3.6-35B-A3B-FP8,ok,32,127,254,194,0.7637795275590551,254,241,0.9488188976377953,73,0.5748031496062992,0.9879265091863517,250.93333333333334,0.9931102362204725,252.25,Qwen/Qwen3.6-35B-A3B-FP8
json_structured,2,127,8,2032,same_model,1852,0.9114173228346457,180,0.08858267716535433,159,True,127,128,32,32,0,"[159, 40, 8]",0,True,32,True,128,159,32,0,0,32,"[128, 40, 8]",1,40,False,00afd811d2fb32cde01b,"0,1",expected_aligned_shape,Qwen/Qwen3.6-35B-A3B-FP8,ok,32,127,254,169,0.6653543307086615,254,234,0.9212598425196851,59,0.4645669291338583,0.9825021872265967,249.55555555555554,0.9901574803149606,251.5,Qwen/Qwen3.6-35B-A3B-FP8
chat,2,127,8,2032,same_model,1878,0.9242125984251969,154,0.07578740157480315,159,True,127,128,32,32,0,"[159, 40, 8]",0,True,32,True,128,159,32,0,0,32,"[128, 40, 8]",1,40,False,00c5b0bb8b418f1087d2,"0,1",expected_aligned_shape,Qwen/Qwen3.6-35B-A3B-FP8,ok,32,127,254,179,0.7047244094488189,254,237,0.9330708661417323,59,0.4645669291338583,0.9851268591426072,250.22222222222223,0.9916338582677166,251.875,Qwen/Qwen3.6-35B-A3B-FP8
mixed_language,2,127,8,2032,same_model,1848,0.9094488188976378,184,0.09055118110236221,159,True,127,128,32,32,0,"[159, 40, 8]",0,True,32,True,128,159,32,0,0,32,"[128, 40, 8]",1,40,False,00ea1d2b9e3c897033ae,"0,1",expected_aligned_shape,Qwen/Qwen3.6-35B-A3B-FP8,ok,32,127,254,171,0.6732283464566929,254,227,0.8937007874015748,59,0.4645669291338583,0.9756780402449695,247.82222222222222,0.9862204724409449,250.5,Qwen/Qwen3.6-35B-A3B-FP8
json_structured,2,127,8,2032,same_model,1882,0.9261811023622047,150,0.07381889763779527,159,True,127,128,32,32,0,"[159, 40, 8]",0,True,32,True,128,159,32,0,0,32,"[128, 40, 8]",1,40,False,01159c067d84ad43a166,"0,1",expected_aligned_shape,Qwen/Qwen3.6-35B-A3B-FP8,ok,32,127,254,185,0.7283464566929134,254,232,0.9133858267716536,70,0.5511811023622047,0.9800524934383202,248.93333333333334,0.9886811023622047,251.125,Qwen/Qwen3.6-35B-A3B-FP8
math_numeric,2,127,8,2032,same_model,1866,0.9183070866141733,166,0.08169291338582677,159,True,127,128,32,32,0,"[159, 40, 8]",0,True,32,True,128,159,32,0,0,32,"[128, 40, 8]",1,40,False,014c2c850a48d8d32f72,"0,1",expected_aligned_shape,Qwen/Qwen3.6-35B-A3B-FP8,ok,32,127,254,178,0.7007874015748031,254,241,0.9488188976377953,61,0.48031496062992124,0.9886264216972879,251.11111111111111,0.9936023622047244,252.375,Qwen/Qwen3.6-35B-A3B-FP8
low_margin,2,127,8,2032,same_model,1943,0.9562007874015748,89,0.043799212598425195,167,True,127,128,40,40,0,"[167, 40, 8]",0,True,40,True,128,167,40,0,0,40,"[128, 40, 8]",1,40,False,014ff27d5116c25971aa,"0,1",expected_aligned_shape,Qwen/Qwen3.6-35B-A3B-FP8,ok,32,127,254,211,0.8307086614173228,254,244,0.9606299212598425,87,0.6850393700787402,0.9912510936132983,251.77777777777777,0.9950787401574803,252.75,Qwen/Qwen3.6-35B-A3B-FP8
logs,2,127,8,2032,same_model,1880,0.9251968503937008,152,0.07480314960629922,159,True,127,128,32,32,0,"[159, 40, 8]",0,True,32,True,128,159,32,0,0,32,"[128, 40, 8]",1,40,False,0167de77ade28a1387ba,"0,1",expected_aligned_shape,Qwen/Qwen3.6-35B-A3B-FP8,ok,32,127,254,179,0.7047244094488189,254,233,0.9173228346456693,65,0.5118110236220472,0.9816272965879265,249.33333333333334,0.9896653543307087,251.375,Qwen/Qwen3.6-35B-A3B-FP8
summarization,2,127,8,2032,same_model,1881,0.9256889763779528,151,0.07431102362204725,167,True,127,128,40,40,0,"[167, 40, 8]",0,True,40,True,128,167,40,0,0,40,"[128, 40, 8]",1,40,False,022f9baa16bf97afecb7,"0,1",expected_aligned_shape,Qwen/Qwen3.6-35B-A3B-FP8,ok,32,127,254,181,0.7125984251968503,254,238,0.937007874015748,64,0.5039370078740157,0.9860017497812773,250.44444444444446,0.9921259842519685,252.0,Qwen/Qwen3.6-35B-A3B-FP8
logs,2,127,8,2032,same_model,1911,0.9404527559055118,121,0.05954724409448819,159,True,127,128,32,32,0,"[159, 40, 8]",0,True,32,True,128,159,32,0,0,32,"[128, 40, 8]",1,40,False,0250f87838b3c4e749b5,"0,1",expected_aligned_shape,Qwen/Qwen3.6-35B-A3B-FP8,ok,32,127,254,193,0.7598425196850394,254,237,0.9330708661417323,73,0.5748031496062992,0.9851268591426072,250.22222222222223,0.9916338582677166,251.875,Qwen/Qwen3.6-35B-A3B-FP8
chat,2,127,8,2032,same_model,1879,0.9247047244094488,153,0.07529527559055119,167,True,127,128,40,40,0,"[167, 40, 8]",0,True,40,True,128,167,40,0,0,40,"[128, 40, 8]",1,40,False,027150b07a186d142ae6,"0,1",expected_aligned_shape,Qwen/Qwen3.6-35B-A3B-FP8,ok,32,127,254,174,0.6850393700787402,254,227,0.8937007874015748,63,0.49606299212598426,0.9756780402449695,247.82222222222222,0.9862204724409449,250.5,Qwen/Qwen3.6-35B-A3B-FP8
needle,2,127,8,2032,same_model,1884,0.9271653543307087,148,0.07283464566929133,159,True,127,128,32,32,0,"[159, 40, 8]",0,True,32,True,128,159,32,0,0,32,"[128, 40, 8]",1,40,False,02a3fef10ad703b70508,"0,1",expected_aligned_shape,Qwen/Qwen3.6-35B-A3B-FP8,ok,32,127,254,183,0.7204724409448819,254,226,0.889763779527559,62,0.4881889763779528,0.9748031496062993,247.6,0.9857283464566929,250.375,Qwen/Qwen3.6-35B-A3B-FP8
logs,2,78,8,1248,same_model,1161,0.9302884615384616,87,0.06971153846153846,110,True,78,79,32,32,0,"[110, 40, 8]",0,True,32,True,79,110,32,0,0,32,"[79, 40, 8]",1,40,False,03475cd4ee88e0e9400a,"0,1",expected_aligned_shape,Qwen/Qwen3.6-35B-A3B-FP8,ok,32,78,156,114,0.7307692307692307,156,146,0.9358974358974359,41,0.5256410256410257,0.9857549857549859,153.77777777777777,0.9919871794871795,154.75,Qwen/Qwen3.6-35B-A3B-FP8
low_margin,2,127,8,2032,same_model,1921,0.9453740157480315,111,0.054625984251968504,167,True,127,128,40,40,0,"[167, 40, 8]",0,True,40,True,128,167,40,0,0,40,"[128, 40, 8]",1,40,False,0364b7d8d89c84a3bd6d,"0,1",expected_aligned_shape,Qwen/Qwen3.6-35B-A3B-FP8,ok,32,127,254,198,0.7795275590551181,254,237,0.9330708661417323,76,0.5984251968503937,0.9851268591426072,250.22222222222223,0.9916338582677166,251.875,Qwen/Qwen3.6-35B-A3B-FP8
json_structured,2,127,8,2032,same_model,1900,0.9350393700787402,132,0.06496062992125984,167,True,127,128,40,40,0,"[167, 40, 8]",0,True,40,True,128,167,40,0,0,40,"[128, 40, 8]",1,40,False,0394d59a86c26188b0e5,"0,1",expected_aligned_shape,Qwen/Qwen3.6-35B-A3B-FP8,ok,32,127,254,187,0.7362204724409449,254,227,0.8937007874015748,70,0.5511811023622047,0.9763779527559057,248.0,0.9867125984251969,250.625,Qwen/Qwen3.6-35B-A3B-FP8
code,2,127,8,2032,same_model,1866,0.9183070866141733,166,0.08169291338582677,159,True,127,128,32,32,0,"[159, 40, 8]",0,True,32,True,128,159,32,0,0,32,"[128, 40, 8]",1,40,False,03abe1c0830e3621b532,"0,1",expected_aligned_shape,Qwen/Qwen3.6-35B-A3B-FP8,ok,32,127,254,167,0.65748031496063,254,223,0.8779527559055118,56,0.4409448818897638,0.9728783902012249,247.11111111111111,0.984744094488189,250.125,Qwen/Qwen3.6-35B-A3B-FP8
chat,2,127,8,2032,same_model,1868,0.9192913385826772,164,0.08070866141732283,159,True,127,128,32,32,0,"[159, 40, 8]",0,True,32,True,128,159,32,0,0,32,"[128, 40, 8]",1,40,False,03adb09fa2be78c52cff,"0,1",expected_aligned_shape,Qwen/Qwen3.6-35B-A3B-FP8,ok,32,127,254,174,0.6850393700787402,254,231,0.9094488188976378,58,0.4566929133858268,0.9798775153105863,248.88888888888889,0.9886811023622047,251.125,Qwen/Qwen3.6-35B-A3B-FP8
json_structured,2,127,8,2032,same_model,1891,0.9306102362204725,141,0.06938976377952756,159,True,127,128,32,32,0,"[159, 40, 8]",0,True,32,True,128,159,32,0,0,32,"[128, 40, 8]",1,40,False,03be0a1c2e15e0e45156,"0,1",expected_aligned_shape,Qwen/Qwen3.6-35B-A3B-FP8,ok,32,127,254,188,0.7401574803149606,254,233,0.9173228346456693,69,0.5433070866141733,0.9809273840769904,249.15555555555557,0.9891732283464567,251.25,Qwen/Qwen3.6-35B-A3B-FP8
needle,2,127,8,2032,same_model,1918,0.9438976377952756,114,0.05610236220472441,159,True,127,128,32,32,0,"[159, 40, 8]",0,True,32,True,128,159,32,0,0,32,"[128, 40, 8]",1,40,False,03c274dea50b8653f42a,"0,1",expected_aligned_shape,Qwen/Qwen3.6-35B-A3B-FP8,ok,32,127,254,196,0.7716535433070866,254,240,0.9448818897637795,76,0.5984251968503937,0.9877515310586178,250.88888888888889,0.9931102362204725,252.25,Qwen/Qwen3.6-35B-A3B-FP8
math_numeric,2,127,8,2032,same_model,1547,0.7613188976377953,485,0.23868110236220472,159,True,127,128,32,32,0,"[159, 40, 8]",0,True,32,True,128,159,32,0,0,32,"[128, 40, 8]",1,40,False,03d767a5e1b20a947895,"0,1",expected_aligned_shape,Qwen/Qwen3.6-35B-A3B-FP8,ok,32,127,254,110,0.4330708661417323,254,179,0.7047244094488189,20,0.15748031496062992,0.9308836395450569,236.44444444444446,0.9606299212598425,244.0,Qwen/Qwen3.6-35B-A3B-FP8
low_margin,2,127,8,2032,same_model,1913,0.9414370078740157,119,0.05856299212598425,167,True,127,128,40,40,0,"[167, 40, 8]",0,True,40,True,128,167,40,0,0,40,"[128, 40, 8]",1,40,False,043a64a79e93471ae3d3,"0,1",expected_aligned_shape,Qwen/Qwen3.6-35B-A3B-FP8,ok,32,127,254,195,0.7677165354330708,254,240,0.9448818897637795,76,0.5984251968503937,0.9877515310586178,250.88888888888889,0.9931102362204725,252.25,Qwen/Qwen3.6-35B-A3B-FP8
logs,2,127,8,2032,same_model,1865,0.9178149606299213,167,0.08218503937007875,159,True,127,128,32,32,0,"[159, 40, 8]",0,True,32,True,128,159,32,0,0,32,"[128, 40, 8]",1,40,False,0458db6cb441016028c1,"0,1",expected_aligned_shape,Qwen/Qwen3.6-35B-A3B-FP8,ok,32,127,254,173,0.6811023622047244,254,235,0.9251968503937008,63,0.49606299212598426,0.9826771653543307,249.6,0.9901574803149606,251.5,Qwen/Qwen3.6-35B-A3B-FP8
short_qa,2,127,8,2032,same_model,1903,0.9365157480314961,129,0.06348425196850394,159,True,127,128,32,32,0,"[159, 40, 8]",0,True,32,True,128,159,32,0,0,32,"[128, 40, 8]",1,40,False,052429e5e8da268aba0c,"0,1",expected_aligned_shape,Qwen/Qwen3.6-35B-A3B-FP8,ok,32,127,254,186,0.7322834645669292,254,233,0.9173228346456693,68,0.5354330708661418,0.9816272965879265,249.33333333333334,0.9896653543307087,251.375,Qwen/Qwen3.6-35B-A3B-FP8
json_structured,2,127,8,2032,same_model,1864,0.9173228346456693,168,0.08267716535433071,159,True,127,128,32,32,0,"[159, 40, 8]",0,True,32,True,128,159,32,0,0,32,"[128, 40, 8]",1,40,False,0535c319f96a2e59930c,"0,1",expected_aligned_shape,Qwen/Qwen3.6-35B-A3B-FP8,ok,32,127,254,179,0.7047244094488189,254,242,0.952755905511811,64,0.5039370078740157,0.9895013123359581,251.33333333333334,0.9940944881889764,252.5,Qwen/Qwen3.6-35B-A3B-FP8
json_structured,2,127,8,2032,same_model,1884,0.9271653543307087,148,0.07283464566929133,167,True,127,128,40,40,0,"[167, 40, 8]",0,True,40,True,128,167,40,0,0,40,"[128, 40, 8]",1,40,False,053a2c30dc8141a42ebd,"0,1",expected_aligned_shape,Qwen/Qwen3.6-35B-A3B-FP8,ok,32,127,254,184,0.7244094488188977,254,234,0.9212598425196851,68,0.5354330708661418,0.9825021872265967,249.55555555555554,0.9901574803149606,251.5,Qwen/Qwen3.6-35B-A3B-FP8
mixed_language,2,127,8,2032,same_model,1900,0.9350393700787402,132,0.06496062992125984,159,True,127,128,32,32,0,"[159, 40, 8]",0,True,32,True,128,159,32,0,0,32,"[128, 40, 8]",1,40,False,0550f5a69608c8b20c6c,"0,1",expected_aligned_shape,Qwen/Qwen3.6-35B-A3B-FP8,ok,32,127,254,196,0.7716535433070866,254,239,0.9409448818897638,74,0.5826771653543307,0.9868766404199476,250.66666666666666,0.9926181102362205,252.125,Qwen/Qwen3.6-35B-A3B-FP8
short_qa,2,127,8,2032,same_model,1884,0.9271653543307087,148,0.07283464566929133,159,True,127,128,32,32,0,"[159, 40, 8]",0,True,32,True,128,159,32,0,0,32,"[128, 40, 8]",1,40,False,05736d3838eb45691aa1,"0,1",expected_aligned_shape,Qwen/Qwen3.6-35B-A3B-FP8,ok,32,127,254,183,0.7204724409448819,254,240,0.9448818897637795,62,0.4881889763779528,0.9870516185476815,250.7111111111111,0.9926181102362205,252.125,Qwen/Qwen3.6-35B-A3B-FP8
code,2,127,8,2032,same_model,1883,0.9266732283464567,149,0.0733267716535433,159,True,127,128,32,32,0,"[159, 40, 8]",0,True,32,True,128,159,32,0,0,32,"[128, 40, 8]",1,40,False,05896e4c2e31c0463be8,"0,1",expected_aligned_shape,Qwen/Qwen3.6-35B-A3B-FP8,ok,32,127,254,183,0.7204724409448819,254,239,0.9409448818897638,61,0.48031496062992124,0.9868766404199476,250.66666666666666,0.9926181102362205,252.125,Qwen/Qwen3.6-35B-A3B-FP8
chat,2,127,8,2032,same_model,1881,0.9256889763779528,151,0.07431102362204725,159,True,127,128,32,32,0,"[159, 40, 8]",0,True,32,True,128,159,32,0,0,32,"[128, 40, 8]",1,40,False,0593f0e9c85452fe8e24,"0,1",expected_aligned_shape,Qwen/Qwen3.6-35B-A3B-FP8,ok,32,127,254,180,0.7086614173228346,254,231,0.9094488188976378,59,0.4645669291338583,0.9798775153105862,248.88888888888889,0.9886811023622047,251.125,Qwen/Qwen3.6-35B-A3B-FP8
code,2,127,8,2032,same_model,1898,0.9340551181102362,134,0.06594488188976377,166,True,127,128,39,39,0,"[166, 40, 8]",0,True,39,True,128,166,39,0,0,39,"[128, 40, 8]",1,40,False,05cb08913232321b25ad,"0,1",expected_aligned_shape,Qwen/Qwen3.6-35B-A3B-FP8,ok,32,127,254,187,0.7362204724409449,254,243,0.9566929133858267,68,0.5354330708661418,0.9903762029746281,251.55555555555554,0.9945866141732284,252.625,Qwen/Qwen3.6-35B-A3B-FP8
code,2,127,8,2032,same_model,1902,0.9360236220472441,130,0.0639763779527559,159,True,127,128,32,32,0,"[159, 40, 8]",0,True,32,True,128,159,32,0,0,32,"[128, 40, 8]",1,40,False,066466fff38704063913,"0,1",expected_aligned_shape,Qwen/Qwen3.6-35B-A3B-FP8,ok,32,127,254,192,0.7559055118110236,254,237,0.9330708661417323,72,0.5669291338582677,0.9851268591426072,250.22222222222223,0.9916338582677166,251.875,Qwen/Qwen3.6-35B-A3B-FP8
low_margin,2,127,8,2032,same_model,1876,0.9232283464566929,156,0.07677165354330709,167,True,127,128,40,40,0,"[167, 40, 8]",0,True,40,True,128,167,40,0,0,40,"[128, 40, 8]",1,40,False,067a5b649600bb1d1857,"0,1",expected_aligned_shape,Qwen/Qwen3.6-35B-A3B-FP8,ok,32,127,254,176,0.6929133858267716,254,232,0.9133858267716536,59,0.4645669291338583,0.9807524059492563,249.11111111111111,0.9891732283464567,251.25,Qwen/Qwen3.6-35B-A3B-FP8
summarization,2,127,8,2032,same_model,1878,0.9242125984251969,154,0.07578740157480315,163,True,127,128,36,36,0,"[163, 40, 8]",0,True,36,True,128,163,36,0,0,36,"[128, 40, 8]",1,40,False,06a9a91525cb5e2f7857,"0,1",expected_aligned_shape,Qwen/Qwen3.6-35B-A3B-FP8,ok,32,127,254,180,0.7086614173228346,254,233,0.9173228346456693,62,0.4881889763779528,0.9816272965879267,249.33333333333334,0.9896653543307087,251.375,Qwen/Qwen3.6-35B-A3B-FP8
logs,2,101,8,1616,same_model,1500,0.9282178217821783,116,0.07178217821782178,133,True,101,102,32,32,0,"[133, 40, 8]",0,True,32,True,102,133,32,0,0,32,"[102, 40, 8]",1,40,False,06b3454c80bf47dde168,"0,1",expected_aligned_shape,Qwen/Qwen3.6-35B-A3B-FP8,ok,32,101,202,149,0.7376237623762376,202,187,0.9257425742574258,59,0.5841584158415841,0.9834983498349836,198.66666666666666,0.9907178217821783,200.125,Qwen/Qwen3.6-35B-A3B-FP8
short_qa,2,127,8,2032,same_model,1895,0.9325787401574803,137,0.06742125984251969,166,True,127,128,39,39,0,"[166, 40, 8]",0,True,39,True,128,166,39,0,0,39,"[128, 40, 8]",1,40,False,071a13009e9aea8f5165,"0,1",expected_aligned_shape,Qwen/Qwen3.6-35B-A3B-FP8,ok,32,127,254,185,0.7283464566929134,254,237,0.9330708661417323,68,0.5354330708661418,0.9851268591426072,250.22222222222223,0.9916338582677166,251.875,Qwen/Qwen3.6-35B-A3B-FP8
mixed_language,2,127,8,2032,same_model,1906,0.937992125984252,126,0.06200787401574803,159,True,127,128,32,32,0,"[159, 40, 8]",0,True,32,True,128,159,32,0,0,32,"[128, 40, 8]",1,40,False,0736935a3f57cdd1e037,"0,1",expected_aligned_shape,Qwen/Qwen3.6-35B-A3B-FP8,ok,32,127,254,193,0.7598425196850394,254,239,0.9409448818897638,71,0.5590551181102362,0.9868766404199476,250.66666666666666,0.9926181102362205,252.125,Qwen/Qwen3.6-35B-A3B-FP8
needle,2,127,8,2032,same_model,1877,0.9237204724409449,155,0.07627952755905512,159,True,127,128,32,32,0,"[159, 40, 8]",0,True,32,True,128,159,32,0,0,32,"[128, 40, 8]",1,40,False,074ec475ad3f56370376,"0,1",expected_aligned_shape,Qwen/Qwen3.6-35B-A3B-FP8,ok,32,127,254,177,0.6968503937007874,254,233,0.9173228346456693,63,0.49606299212598426,0.9816272965879265,249.33333333333334,0.9896653543307087,251.375,Qwen/Qwen3.6-35B-A3B-FP8
code,2,127,8,2032,same_model,1892,0.9311023622047244,140,0.0688976377952756,159,True,127,128,32,32,0,"[159, 40, 8]",0,True,32,True,128,159,32,0,0,32,"[128, 40, 8]",1,40,False,0762b3cc828308f2763c,"0,1",expected_aligned_shape,Qwen/Qwen3.6-35B-A3B-FP8,ok,32,127,254,187,0.7362204724409449,254,237,0.9330708661417323,69,0.5433070866141733,0.9851268591426072,250.22222222222223,0.9916338582677166,251.875,Qwen/Qwen3.6-35B-A3B-FP8
math_numeric,2,127,8,2032,same_model,1699,0.8361220472440944,333,0.1638779527559055,159,True,127,128,32,32,0,"[159, 40, 8]",0,True,32,True,128,159,32,0,0,32,"[128, 40, 8]",1,40,False,083c33f4bd275d391520,"0,1",expected_aligned_shape,Qwen/Qwen3.6-35B-A3B-FP8,ok,32,127,254,125,0.4921259842519685,254,220,0.8661417322834646,32,0.25196850393700787,0.9695538057742784,246.26666666666668,0.9827755905511811,249.625,Qwen/Qwen3.6-35B-A3B-FP8
json_structured,2,127,8,2032,same_model,1889,0.9296259842519685,143,0.0703740157480315,159,True,127,128,32,32,0,"[159, 40, 8]",0,True,32,True,128,159,32,0,0,32,"[128, 40, 8]",1,40,False,089c4d555dc2fc5c1001,"0,1",expected_aligned_shape,Qwen/Qwen3.6-35B-A3B-FP8,ok,32,127,254,179,0.7047244094488189,254,231,0.9094488188976378,65,0.5118110236220472,0.9798775153105862,248.88888888888889,0.9886811023622047,251.125,Qwen/Qwen3.6-35B-A3B-FP8
json_structured,2,127,8,2032,same_model,1902,0.9360236220472441,130,0.0639763779527559,166,True,127,128,39,39,0,"[166, 40, 8]",0,True,39,True,128,166,39,0,0,39,"[128, 40, 8]",1,40,False,08a516ed65ded1d98939,"0,1",expected_aligned_shape,Qwen/Qwen3.6-35B-A3B-FP8,ok,32,127,254,190,0.7480314960629921,254,231,0.9094488188976378,75,0.5905511811023622,0.9798775153105863,248.88888888888889,0.9886811023622047,251.125,Qwen/Qwen3.6-35B-A3B-FP8
low_margin,2,127,8,2032,same_model,1898,0.9340551181102362,134,0.06594488188976377,166,True,127,128,39,39,0,"[166, 40, 8]",0,True,39,True,128,166,39,0,0,39,"[128, 40, 8]",1,40,False,08a644a1ffe3bc02f01e,"0,1",expected_aligned_shape,Qwen/Qwen3.6-35B-A3B-FP8,ok,32,127,254,191,0.7519685039370079,254,241,0.9488188976377953,70,0.5511811023622047,0.9886264216972879,251.11111111111111,0.9936023622047244,252.375,Qwen/Qwen3.6-35B-A3B-FP8
math_numeric,2,127,8,2032,same_model,1601,0.7878937007874016,431,0.21210629921259844,159,True,127,128,32,32,0,"[159, 40, 8]",0,True,32,True,128,159,32,0,0,32,"[128, 40, 8]",1,40,False,08ae3430f704796fb489,"0,1",expected_aligned_shape,Qwen/Qwen3.6-35B-A3B-FP8,ok,32,127,254,95,0.37401574803149606,254,233,0.9173228346456693,12,0.09448818897637795,0.9809273840769904,249.15555555555557,0.9891732283464567,251.25,Qwen/Qwen3.6-35B-A3B-FP8
chat,2,127,8,2032,same_model,1885,0.9276574803149606,147,0.07234251968503937,159,True,127,128,32,32,0,"[159, 40, 8]",0,True,32,True,128,159,32,0,0,32,"[128, 40, 8]",1,40,False,08c8f1ae4ca8bd819a8a,"0,1",expected_aligned_shape,Qwen/Qwen3.6-35B-A3B-FP8,ok,32,127,254,182,0.7165354330708661,254,234,0.9212598425196851,66,0.5196850393700787,0.9825021872265967,249.55555555555554,0.9901574803149606,251.5,Qwen/Qwen3.6-35B-A3B-FP8
json_structured,2,127,8,2032,same_model,1854,0.9124015748031497,178,0.08759842519685039,159,True,127,128,32,32,0,"[159, 40, 8]",0,True,32,True,128,159,32,0,0,32,"[128, 40, 8]",1,40,False,08d902e0c3d70a68f540,"0,1",expected_aligned_shape,Qwen/Qwen3.6-35B-A3B-FP8,ok,32,127,254,169,0.6653543307086615,254,230,0.905511811023622,57,0.44881889763779526,0.9790026246719161,248.66666666666666,0.9881889763779528,251.0,Qwen/Qwen3.6-35B-A3B-FP8
mixed_language,2,127,8,2032,same_model,1882,0.9261811023622047,150,0.07381889763779527,159,True,127,128,32,32,0,"[159, 40, 8]",0,True,32,True,128,159,32,0,0,32,"[128, 40, 8]",1,40,False,091705e70651d77aefc8,"0,1",expected_aligned_shape,Qwen/Qwen3.6-35B-A3B-FP8,ok,32,127,254,180,0.7086614173228346,254,234,0.9212598425196851,59,0.4645669291338583,0.9811023622047246,249.2,0.9891732283464567,251.25,Qwen/Qwen3.6-35B-A3B-FP8
logs,2,127,8,2032,same_model,1893,0.9315944881889764,139,0.06840551181102363,159,True,127,128,32,32,0,"[159, 40, 8]",0,True,32,True,128,159,32,0,0,32,"[128, 40, 8]",1,40,False,09270f39b1e71042f791,"0,1",expected_aligned_shape,Qwen/Qwen3.6-35B-A3B-FP8,ok,32,127,254,182,0.7165354330708661,254,228,0.8976377952755905,61,0.48031496062992124,0.9772528433945757,248.22222222222223,0.9872047244094488,250.75,Qwen/Qwen3.6-35B-A3B-FP8
needle,2,127,8,2032,same_model,1898,0.9340551181102362,134,0.06594488188976377,159,True,127,128,32,32,0,"[159, 40, 8]",0,True,32,True,128,159,32,0,0,32,"[128, 40, 8]",1,40,False,092fb725ed92d83c270d,"0,1",expected_aligned_shape,Qwen/Qwen3.6-35B-A3B-FP8,ok,32,127,254,187,0.7362204724409449,254,233,0.9173228346456693,72,0.5669291338582677,0.9816272965879267,249.33333333333334,0.9896653543307087,251.375,Qwen/Qwen3.6-35B-A3B-FP8
short_qa,2,127,8,2032,same_model,1878,0.9242125984251969,154,0.07578740157480315,166,True,127,128,39,39,0,"[166, 40, 8]",0,True,39,True,128,166,39,0,0,39,"[128, 40, 8]",1,40,False,094af980d2e4560ac60c,"0,1",expected_aligned_shape,Qwen/Qwen3.6-35B-A3B-FP8,ok,32,127,254,181,0.7125984251968503,254,234,0.9212598425196851,63,0.49606299212598426,0.9825021872265968,249.55555555555554,0.9901574803149606,251.5,Qwen/Qwen3.6-35B-A3B-FP8
mixed_language,2,127,8,2032,same_model,1862,0.9163385826771654,170,0.08366141732283465,159,True,127,128,32,32,0,"[159, 40, 8]",0,True,32,True,128,159,32,0,0,32,"[128, 40, 8]",1,40,False,098f8d40e91916047686,"0,1",expected_aligned_shape,Qwen/Qwen3.6-35B-A3B-FP8,ok,32,127,254,176,0.6929133858267716,254,235,0.9251968503937008,59,0.4645669291338583,0.9833770778652668,249.77777777777777,0.9906496062992126,251.625,Qwen/Qwen3.6-35B-A3B-FP8
mixed_language,2,127,8,2032,same_model,1890,0.9301181102362205,142,0.06988188976377953,159,True,127,128,32,32,0,"[159, 40, 8]",0,True,32,True,128,159,32,0,0,32,"[128, 40, 8]",1,40,False,09a5e6954731576a323b,"0,1",expected_aligned_shape,Qwen/Qwen3.6-35B-A3B-FP8,ok,32,127,254,182,0.7165354330708661,254,226,0.889763779527559,65,0.5118110236220472,0.9755030621172354,247.77777777777777,0.9862204724409449,250.5,Qwen/Qwen3.6-35B-A3B-FP8
short_qa,2,127,8,2032,same_model,1930,0.9498031496062992,102,0.05019685039370079,165,True,127,128,38,38,0,"[165, 40, 8]",0,True,38,True,128,165,38,0,0,38,"[128, 40, 8]",1,40,False,09c942ef1a98da6659d1,"0,1",expected_aligned_shape,Qwen/Qwen3.6-35B-A3B-FP8,ok,32,127,254,199,0.7834645669291339,254,238,0.937007874015748,79,0.6220472440944882,0.9860017497812774,250.44444444444446,0.9921259842519685,252.0,Qwen/Qwen3.6-35B-A3B-FP8
low_margin,2,127,8,2032,same_model,1860,0.9153543307086615,172,0.08464566929133858,165,True,127,128,38,38,0,"[165, 40, 8]",0,True,38,True,128,165,38,0,0,38,"[128, 40, 8]",1,40,False,0a1d8a7c087c9dc3d2cd,"0,1",expected_aligned_shape,Qwen/Qwen3.6-35B-A3B-FP8,ok,32,127,254,172,0.6771653543307087,254,240,0.9448818897637795,58,0.4566929133858268,0.9877515310586178,250.88888888888889,0.9931102362204725,252.25,Qwen/Qwen3.6-35B-A3B-FP8
chat,2,127,8,2032,same_model,1875,0.922736220472441,157,0.07726377952755906,166,True,127,128,39,39,0,"[166, 40, 8]",0,True,39,True,128,166,39,0,0,39,"[128, 40, 8]",1,40,False,0a2fd3a1b824cf221369,"0,1",expected_aligned_shape,Qwen/Qwen3.6-35B-A3B-FP8,ok,32,127,254,181,0.7125984251968503,254,231,0.9094488188976378,61,0.48031496062992124,0.9798775153105862,248.88888888888889,0.9886811023622047,251.125,Qwen/Qwen3.6-35B-A3B-FP8
low_margin,2,127,8,2032,same_model,1905,0.9375,127,0.0625,166,True,127,128,39,39,0,"[166, 40, 8]",0,True,39,True,128,166,39,0,0,39,"[128, 40, 8]",1,40,False,0aa6cfc00ab1dd402f7e,"0,1",expected_aligned_shape,Qwen/Qwen3.6-35B-A3B-FP8,ok,32,127,254,188,0.7401574803149606,254,234,0.9212598425196851,70,0.5511811023622047,0.9825021872265967,249.55555555555554,0.9901574803149606,251.5,Qwen/Qwen3.6-35B-A3B-FP8
needle,2,127,8,2032,same_model,1891,0.9306102362204725,141,0.06938976377952756,159,True,127,128,32,32,0,"[159, 40, 8]",0,True,32,True,128,159,32,0,0,32,"[128, 40, 8]",1,40,False,0ade38b56b4ba335d014,"0,1",expected_aligned_shape,Qwen/Qwen3.6-35B-A3B-FP8,ok,32,127,254,185,0.7283464566929134,254,233,0.9173228346456693,65,0.5118110236220472,0.9816272965879266,249.33333333333334,0.9896653543307087,251.375,Qwen/Qwen3.6-35B-A3B-FP8
logs,2,127,8,2032,same_model,1867,0.9187992125984252,165,0.0812007874015748,159,True,127,128,32,32,0,"[159, 40, 8]",0,True,32,True,128,159,32,0,0,32,"[128, 40, 8]",1,40,False,0af61f659608984d5c05,"0,1",expected_aligned_shape,Qwen/Qwen3.6-35B-A3B-FP8,ok,32,127,254,173,0.6811023622047244,254,238,0.937007874015748,55,0.4330708661417323,0.9860017497812774,250.44444444444446,0.9921259842519685,252.0,Qwen/Qwen3.6-35B-A3B-FP8
logs,2,127,8,2032,same_model,1856,0.9133858267716536,176,0.08661417322834646,159,True,127,128,32,32,0,"[159, 40, 8]",0,True,32,True,128,159,32,0,0,32,"[128, 40, 8]",1,40,False,0b088b1c6405a99afcbf,"0,1",expected_aligned_shape,Qwen/Qwen3.6-35B-A3B-FP8,ok,32,127,254,174,0.6850393700787402,254,235,0.9251968503937008,59,0.4645669291338583,0.983377077865267,249.77777777777777,0.9906496062992126,251.625,Qwen/Qwen3.6-35B-A3B-FP8
needle,2,127,8,2032,same_model,1911,0.9404527559055118,121,0.05954724409448819,159,True,127,128,32,32,0,"[159, 40, 8]",0,True,32,True,128,159,32,0,0,32,"[128, 40, 8]",1,40,False,0b17aa2bf14c69e49fde,"0,1",expected_aligned_shape,Qwen/Qwen3.6-35B-A3B-FP8,ok,32,127,254,196,0.7716535433070866,254,242,0.952755905511811,74,0.5826771653543307,0.9895013123359581,251.33333333333334,0.9940944881889764,252.5,Qwen/Qwen3.6-35B-A3B-FP8
mixed_language,2,42,8,672,same_model,608,0.9047619047619048,64,0.09523809523809523,74,True,42,43,32,32,0,"[74, 40, 8]",0,True,32,True,43,74,32,0,0,32,"[43, 40, 8]",1,40,False,0b78fd794493c2fce383,"0,1",expected_aligned_shape,Qwen/Qwen3.6-35B-A3B-FP8,ok,32,42,84,54,0.6428571428571429,84,77,0.9166666666666666,18,0.42857142857142855,0.9814814814814816,82.44444444444444,0.9895833333333334,83.125,Qwen/Qwen3.6-35B-A3B-FP8
code,2,127,8,2032,same_model,1864,0.9173228346456693,168,0.08267716535433071,166,True,127,128,39,39,0,"[166, 40, 8]",0,True,39,True,128,166,39,0,0,39,"[128, 40, 8]",1,40,False,0b7937de7f83e5fbfed7,"0,1",expected_aligned_shape,Qwen/Qwen3.6-35B-A3B-FP8,ok,32,127,254,177,0.6968503937007874,254,231,0.9094488188976378,67,0.5275590551181102,0.9798775153105862,248.88888888888889,0.9886811023622047,251.125,Qwen/Qwen3.6-35B-A3B-FP8
low_margin,2,127,8,2032,same_model,1878,0.9242125984251969,154,0.07578740157480315,166,True,127,128,39,39,0,"[166, 40, 8]",0,True,39,True,128,166,39,0,0,39,"[128, 40, 8]",1,40,False,0bab1d5476a0f2e5495d,"0,1",expected_aligned_shape,Qwen/Qwen3.6-35B-A3B-FP8,ok,32,127,254,177,0.6968503937007874,254,233,0.9173228346456693,59,0.4645669291338583,0.9816272965879265,249.33333333333334,0.9896653543307087,251.375,Qwen/Qwen3.6-35B-A3B-FP8
math_numeric,2,127,8,2032,same_model,1598,0.7864173228346457,434,0.21358267716535434,159,True,127,128,32,32,0,"[159, 40, 8]",0,True,32,True,128,159,32,0,0,32,"[128, 40, 8]",1,40,False,0bbe66ae11d9e1f57a8d,"0,1",expected_aligned_shape,Qwen/Qwen3.6-35B-A3B-FP8,ok,32,127,254,129,0.5078740157480315,254,194,0.7637795275590551,17,0.13385826771653545,0.9454068241469817,240.13333333333333,0.968996062992126,246.125,Qwen/Qwen3.6-35B-A3B-FP8
low_margin,2,127,8,2032,same_model,1873,0.921751968503937,159,0.07824803149606299,166,True,127,128,39,39,0,"[166, 40, 8]",0,True,39,True,128,166,39,0,0,39,"[128, 40, 8]",1,40,False,0bc6c80121aebeffed13,"0,1",expected_aligned_shape,Qwen/Qwen3.6-35B-A3B-FP8,ok,32,127,254,173,0.6811023622047244,254,230,0.905511811023622,61,0.48031496062992124,0.9790026246719161,248.66666666666666,0.9881889763779528,251.0,Qwen/Qwen3.6-35B-A3B-FP8
mixed_language,2,127,8,2032,same_model,1877,0.9237204724409449,155,0.07627952755905512,159,True,127,128,32,32,0,"[159, 40, 8]",0,True,32,True,128,159,32,0,0,32,"[128, 40, 8]",1,40,False,0bca64e6b6c04426713a,"0,1",expected_aligned_shape,Qwen/Qwen3.6-35B-A3B-FP8,ok,32,127,254,179,0.7047244094488189,254,230,0.905511811023622,65,0.5118110236220472,0.9790026246719161,248.66666666666666,0.9881889763779528,251.0,Qwen/Qwen3.6-35B-A3B-FP8
math_numeric,2,127,8,2032,same_model,1873,0.921751968503937,159,0.07824803149606299,159,True,127,128,32,32,0,"[159, 40, 8]",0,True,32,True,128,159,32,0,0,32,"[128, 40, 8]",1,40,False,0bdf8afdc223d33a68b9,"0,1",expected_aligned_shape,Qwen/Qwen3.6-35B-A3B-FP8,ok,32,127,254,180,0.7086614173228346,254,231,0.9094488188976378,62,0.4881889763779528,0.97917760279965,248.7111111111111,0.9881889763779528,251.0,Qwen/Qwen3.6-35B-A3B-FP8
logs,2,127,8,2032,same_model,1873,0.921751968503937,159,0.07824803149606299,159,True,127,128,32,32,0,"[159, 40, 8]",0,True,32,True,128,159,32,0,0,32,"[128, 40, 8]",1,40,False,0c2792fd8b11e4492680,"0,1",expected_aligned_shape,Qwen/Qwen3.6-35B-A3B-FP8,ok,32,127,254,177,0.6968503937007874,254,231,0.9094488188976378,58,0.4566929133858268,0.9798775153105862,248.88888888888889,0.9886811023622047,251.125,Qwen/Qwen3.6-35B-A3B-FP8
chat,2,127,8,2032,same_model,1869,0.9197834645669292,163,0.08021653543307086,167,True,127,128,40,40,0,"[167, 40, 8]",0,True,40,True,128,167,40,0,0,40,"[128, 40, 8]",1,40,False,0c65410d39676160e9eb,"0,1",expected_aligned_shape,Qwen/Qwen3.6-35B-A3B-FP8,ok,32,127,254,178,0.7007874015748031,254,237,0.9330708661417323,60,0.47244094488188976,0.9851268591426072,250.22222222222223,0.9916338582677166,251.875,Qwen/Qwen3.6-35B-A3B-FP8
json_structured,2,127,8,2032,same_model,1878,0.9242125984251969,154,0.07578740157480315,167,True,127,128,40,40,0,"[167, 40, 8]",0,True,40,True,128,167,40,0,0,40,"[128, 40, 8]",1,40,False,0c6827cc5421d03e14d4,"0,1",expected_aligned_shape,Qwen/Qwen3.6-35B-A3B-FP8,ok,32,127,254,180,0.7086614173228346,254,235,0.9251968503937008,64,0.5039370078740157,0.983377077865267,249.77777777777777,0.9906496062992126,251.625,Qwen/Qwen3.6-35B-A3B-FP8
summarization,2,127,8,2032,same_model,1908,0.9389763779527559,124,0.0610236220472441,159,True,127,128,32,32,0,"[159, 40, 8]",0,True,32,True,128,159,32,0,0,32,"[128, 40, 8]",1,40,False,0c7897b0964b1bb87be0,"0,1",expected_aligned_shape,Qwen/Qwen3.6-35B-A3B-FP8,ok,32,127,254,189,0.7440944881889764,254,237,0.9330708661417323,69,0.5433070866141733,0.9851268591426072,250.22222222222223,0.9916338582677166,251.875,Qwen/Qwen3.6-35B-A3B-FP8
chat,2,127,8,2032,same_model,1894,0.9320866141732284,138,0.06791338582677166,167,True,127,128,40,40,0,"[167, 40, 8]",0,True,40,True,128,167,40,0,0,40,"[128, 40, 8]",1,40,False,0c930baa875d63a744ba,"0,1",expected_aligned_shape,Qwen/Qwen3.6-35B-A3B-FP8,ok,32,127,254,184,0.7244094488188977,254,238,0.937007874015748,67,0.5275590551181102,0.9860017497812774,250.44444444444446,0.9921259842519685,252.0,Qwen/Qwen3.6-35B-A3B-FP8
code,2,127,8,2032,same_model,1898,0.9340551181102362,134,0.06594488188976377,159,True,127,128,32,32,0,"[159, 40, 8]",0,True,32,True,128,159,32,0,0,32,"[128, 40, 8]",1,40,False,0c9e2874d884c5e6a5d1,"0,1",expected_aligned_shape,Qwen/Qwen3.6-35B-A3B-FP8,ok,32,127,254,191,0.7519685039370079,254,234,0.9212598425196851,71,0.5590551181102362,0.9825021872265968,249.55555555555554,0.9901574803149606,251.5,Qwen/Qwen3.6-35B-A3B-FP8
chat,2,127,8,2032,same_model,1862,0.9163385826771654,170,0.08366141732283465,159,True,127,128,32,32,0,"[159, 40, 8]",0,True,32,True,128,159,32,0,0,32,"[128, 40, 8]",1,40,False,0ccf40440fce667b775e,"0,1",expected_aligned_shape,Qwen/Qwen3.6-35B-A3B-FP8,ok,32,127,254,171,0.6732283464566929,254,235,0.9251968503937008,56,0.4409448818897638,0.9833770778652668,249.77777777777777,0.9906496062992126,251.625,Qwen/Qwen3.6-35B-A3B-FP8
short_qa,2,127,8,2032,same_model,1892,0.9311023622047244,140,0.0688976377952756,159,True,127,128,32,32,0,"[159, 40, 8]",0,True,32,True,128,159,32,0,0,32,"[128, 40, 8]",1,40,False,0d0abe33cb0a93561eef,"0,1",expected_aligned_shape,Qwen/Qwen3.6-35B-A3B-FP8,ok,32,127,254,185,0.7283464566929134,254,238,0.937007874015748,66,0.5196850393700787,0.9860017497812773,250.44444444444446,0.9921259842519685,252.0,Qwen/Qwen3.6-35B-A3B-FP8
math_numeric,2,127,8,2032,same_model,1569,0.7721456692913385,463,0.22785433070866143,159,True,127,128,32,32,0,"[159, 40, 8]",0,True,32,True,128,159,32,0,0,32,"[128, 40, 8]",1,40,False,0d1c31cceee1cd124de3,"0,1",expected_aligned_shape,Qwen/Qwen3.6-35B-A3B-FP8,ok,32,127,254,116,0.4566929133858268,254,172,0.6771653543307087,23,0.18110236220472442,0.9219597550306213,234.17777777777778,0.9552165354330708,242.625,Qwen/Qwen3.6-35B-A3B-FP8
summarization,2,127,8,2032,same_model,1853,0.9119094488188977,179,0.08809055118110236,163,True,127,128,36,36,0,"[163, 40, 8]",0,True,36,True,128,163,36,0,0,36,"[128, 40, 8]",1,40,False,0d3f10028312e9552e64,"0,1",expected_aligned_shape,Qwen/Qwen3.6-35B-A3B-FP8,ok,32,127,254,170,0.6692913385826772,254,234,0.9212598425196851,52,0.4094488188976378,0.9825021872265968,249.55555555555554,0.9901574803149606,251.5,Qwen/Qwen3.6-35B-A3B-FP8
code,2,127,8,2032,same_model,1872,0.9212598425196851,160,0.07874015748031496,166,True,127,128,39,39,0,"[166, 40, 8]",0,True,39,True,128,166,39,0,0,39,"[128, 40, 8]",1,40,False,0d521be2089875122065,"0,1",expected_aligned_shape,Qwen/Qwen3.6-35B-A3B-FP8,ok,32,127,254,180,0.7086614173228346,254,237,0.9330708661417323,68,0.5354330708661418,0.9851268591426072,250.22222222222223,0.9916338582677166,251.875,Qwen/Qwen3.6-35B-A3B-FP8
code,2,127,8,2032,same_model,1882,0.9261811023622047,150,0.07381889763779527,159,True,127,128,32,32,0,"[159, 40, 8]",0,True,32,True,128,159,32,0,0,32,"[128, 40, 8]",1,40,False,0d87a5a28d1a75188930,"0,1",expected_aligned_shape,Qwen/Qwen3.6-35B-A3B-FP8,ok,32,127,254,185,0.7283464566929134,254,235,0.9251968503937008,65,0.5118110236220472,0.9826771653543306,249.6,0.9901574803149606,251.5,Qwen/Qwen3.6-35B-A3B-FP8
logs,2,127,8,2032,same_model,1881,0.9256889763779528,151,0.07431102362204725,159,True,127,128,32,32,0,"[159, 40, 8]",0,True,32,True,128,159,32,0,0,32,"[128, 40, 8]",1,40,False,0e0edfb85d3e58490ea1,"0,1",expected_aligned_shape,Qwen/Qwen3.6-35B-A3B-FP8,ok,32,127,254,183,0.7204724409448819,254,235,0.9251968503937008,66,0.5196850393700787,0.9833770778652668,249.77777777777777,0.9906496062992126,251.625,Qwen/Qwen3.6-35B-A3B-FP8
short_qa,2,127,8,2032,same_model,1889,0.9296259842519685,143,0.0703740157480315,159,True,127,128,32,32,0,"[159, 40, 8]",0,True,32,True,128,159,32,0,0,32,"[128, 40, 8]",1,40,False,0e17b1c5d9976b077d8e,"0,1",expected_aligned_shape,Qwen/Qwen3.6-35B-A3B-FP8,ok,32,127,254,183,0.7204724409448819,254,234,0.9212598425196851,64,0.5039370078740157,0.9825021872265967,249.55555555555554,0.9901574803149606,251.5,Qwen/Qwen3.6-35B-A3B-FP8
low_margin,2,127,8,2032,same_model,1856,0.9133858267716536,176,0.08661417322834646,166,True,127,128,39,39,0,"[166, 40, 8]",0,True,39,True,128,166,39,0,0,39,"[128, 40, 8]",1,40,False,0e24a4fcaf7510aeac91,"0,1",expected_aligned_shape,Qwen/Qwen3.6-35B-A3B-FP8,ok,32,127,254,176,0.6929133858267716,254,231,0.9094488188976378,64,0.5039370078740157,0.9798775153105862,248.88888888888889,0.9886811023622047,251.125,Qwen/Qwen3.6-35B-A3B-FP8
logs,2,127,8,2032,same_model,1845,0.9079724409448819,187,0.09202755905511811,159,True,127,128,32,32,0,"[159, 40, 8]",0,True,32,True,128,159,32,0,0,32,"[128, 40, 8]",1,40,False,0e3007537351484bb9ca,"0,1",expected_aligned_shape,Qwen/Qwen3.6-35B-A3B-FP8,ok,32,127,254,171,0.6732283464566929,254,235,0.9251968503937008,54,0.4251968503937008,0.9833770778652668,249.77777777777777,0.9906496062992126,251.625,Qwen/Qwen3.6-35B-A3B-FP8
logs,2,91,8,1456,same_model,1341,0.9210164835164835,115,0.07898351648351648,123,True,91,92,32,32,0,"[123, 40, 8]",0,True,32,True,92,123,32,0,0,32,"[92, 40, 8]",1,40,False,0e4d3895cd35ccffb38e,"0,1",expected_aligned_shape,Qwen/Qwen3.6-35B-A3B-FP8,ok,32,91,182,127,0.6978021978021978,182,163,0.8956043956043956,44,0.4835164835164835,0.9768009768009768,177.77777777777777,0.9869505494505495,179.625,Qwen/Qwen3.6-35B-A3B-FP8
mixed_language,2,127,8,2032,same_model,1838,0.9045275590551181,194,0.09547244094488189,159,True,127,128,32,32,0,"[159, 40, 8]",0,True,32,True,128,159,32,0,0,32,"[128, 40, 8]",1,40,False,0ef270f4870841ca3303,"0,1",expected_aligned_shape,Qwen/Qwen3.6-35B-A3B-FP8,ok,32,127,254,166,0.6535433070866141,254,235,0.9251968503937008,52,0.4094488188976378,0.9833770778652668,249.77777777777777,0.9906496062992126,251.625,Qwen/Qwen3.6-35B-A3B-FP8
code,2,127,8,2032,same_model,1865,0.9178149606299213,167,0.08218503937007875,159,True,127,128,32,32,0,"[159, 40, 8]",0,True,32,True,128,159,32,0,0,32,"[128, 40, 8]",1,40,False,0eff13644785a421ce32,"0,1",expected_aligned_shape,Qwen/Qwen3.6-35B-A3B-FP8,ok,32,127,254,178,0.7007874015748031,254,237,0.9330708661417323,60,0.47244094488188976,0.9851268591426072,250.22222222222223,0.9916338582677166,251.875,Qwen/Qwen3.6-35B-A3B-FP8
needle,2,127,8,2032,same_model,1858,0.9143700787401575,174,0.08562992125984252,159,True,127,128,32,32,0,"[159, 40, 8]",0,True,32,True,128,159,32,0,0,32,"[128, 40, 8]",1,40,False,0f09b01ca07b7a4c0c0b,"0,1",expected_aligned_shape,Qwen/Qwen3.6-35B-A3B-FP8,ok,32,127,254,173,0.6811023622047244,254,235,0.9251968503937008,60,0.47244094488188976,0.9833770778652668,249.77777777777777,0.9906496062992126,251.625,Qwen/Qwen3.6-35B-A3B-FP8
code,2,127,8,2032,same_model,1877,0.9237204724409449,155,0.07627952755905512,159,True,127,128,32,32,0,"[159, 40, 8]",0,True,32,True,128,159,32,0,0,32,"[128, 40, 8]",1,40,False,10c1472ae9ff5d5ea689,"0,1",expected_aligned_shape,Qwen/Qwen3.6-35B-A3B-FP8,ok,32,127,254,177,0.6968503937007874,254,233,0.9173228346456693,59,0.4645669291338583,0.9816272965879266,249.33333333333334,0.9896653543307087,251.375,Qwen/Qwen3.6-35B-A3B-FP8
mixed_language,2,127,8,2032,same_model,1920,0.9448818897637795,112,0.05511811023622047,159,True,127,128,32,32,0,"[159, 40, 8]",0,True,32,True,128,159,32,0,0,32,"[128, 40, 8]",1,40,False,10de8fc688e061abc423,"0,1",expected_aligned_shape,Qwen/Qwen3.6-35B-A3B-FP8,ok,32,127,254,203,0.7992125984251969,254,239,0.9409448818897638,81,0.6377952755905512,0.9868766404199476,250.66666666666666,0.9926181102362205,252.125,Qwen/Qwen3.6-35B-A3B-FP8
low_margin,2,127,8,2032,same_model,1908,0.9389763779527559,124,0.0610236220472441,167,True,127,128,40,40,0,"[167, 40, 8]",0,True,40,True,128,167,40,0,0,40,"[128, 40, 8]",1,40,False,1122d467827925848144,"0,1",expected_aligned_shape,Qwen/Qwen3.6-35B-A3B-FP8,ok,32,127,254,197,0.7755905511811023,254,241,0.9488188976377953,78,0.6141732283464567,0.988626421697288,251.11111111111111,0.9936023622047244,252.375,Qwen/Qwen3.6-35B-A3B-FP8
mixed_language,2,127,8,2032,same_model,1888,0.9291338582677166,144,0.07086614173228346,159,True,127,128,32,32,0,"[159, 40, 8]",0,True,32,True,128,159,32,0,0,32,"[128, 40, 8]",1,40,False,118d375a14ceb470186d,"0,1",expected_aligned_shape,Qwen/Qwen3.6-35B-A3B-FP8,ok,32,127,254,186,0.7322834645669292,254,236,0.9291338582677166,70,0.5511811023622047,0.9842519685039371,250.0,0.9911417322834646,251.75,Qwen/Qwen3.6-35B-A3B-FP8
mixed_language,2,127,8,2032,same_model,1874,0.922244094488189,158,0.07775590551181102,159,True,127,128,32,32,0,"[159, 40, 8]",0,True,32,True,128,159,32,0,0,32,"[128, 40, 8]",1,40,False,11c249e226600e973189,"0,1",expected_aligned_shape,Qwen/Qwen3.6-35B-A3B-FP8,ok,32,127,254,184,0.7244094488188977,254,234,0.9212598425196851,67,0.5275590551181102,0.9825021872265968,249.55555555555554,0.9901574803149606,251.5,Qwen/Qwen3.6-35B-A3B-FP8
math_numeric,2,127,8,2032,same_model,1876,0.9232283464566929,156,0.07677165354330709,159,True,127,128,32,32,0,"[159, 40, 8]",0,True,32,True,128,159,32,0,0,32,"[128, 40, 8]",1,40,False,120aadbbf6387c2aa795,"0,1",expected_aligned_shape,Qwen/Qwen3.6-35B-A3B-FP8,ok,32,127,254,184,0.7244094488188977,254,238,0.937007874015748,64,0.5039370078740157,0.9853018372703413,250.26666666666668,0.9916338582677166,251.875,Qwen/Qwen3.6-35B-A3B-FP8
low_margin,2,127,8,2032,same_model,1879,0.9247047244094488,153,0.07529527559055119,167,True,127,128,40,40,0,"[167, 40, 8]",0,True,40,True,128,167,40,0,0,40,"[128, 40, 8]",1,40,False,129f439411c691b717e8,"0,1",expected_aligned_shape,Qwen/Qwen3.6-35B-A3B-FP8,ok,32,127,254,184,0.7244094488188977,254,225,0.8858267716535433,71,0.5590551181102362,0.9739282589676291,247.37777777777777,0.985236220472441,250.25,Qwen/Qwen3.6-35B-A3B-FP8
short_qa,2,103,8,1648,same_model,1543,0.9362864077669902,105,0.06371359223300971,135,True,103,104,32,32,0,"[135, 40, 8]",0,True,32,True,104,135,32,0,0,32,"[104, 40, 8]",1,40,False,12b7188759bdcd943c23,"0,1",expected_aligned_shape,Qwen/Qwen3.6-35B-A3B-FP8,ok,32,103,206,155,0.7524271844660194,206,191,0.9271844660194175,55,0.5339805825242718,0.9838187702265373,202.66666666666666,0.9908980582524272,204.125,Qwen/Qwen3.6-35B-A3B-FP8
chat,2,127,8,2032,same_model,1841,0.906003937007874,191,0.09399606299212598,167,True,127,128,40,40,0,"[167, 40, 8]",0,True,40,True,128,167,40,0,0,40,"[128, 40, 8]",1,40,False,12cf55e1f889dd99b109,"0,1",expected_aligned_shape,Qwen/Qwen3.6-35B-A3B-FP8,ok,32,127,254,166,0.6535433070866141,254,230,0.905511811023622,55,0.4330708661417323,0.9790026246719161,248.66666666666666,0.9881889763779528,251.0,Qwen/Qwen3.6-35B-A3B-FP8
chat,2,127,8,2032,same_model,1851,0.9109251968503937,181,0.0890748031496063,159,True,127,128,32,32,0,"[159, 40, 8]",0,True,32,True,128,159,32,0,0,32,"[128, 40, 8]",1,40,False,12f67c12e8e714112d3a,"0,1",expected_aligned_shape,Qwen/Qwen3.6-35B-A3B-FP8,ok,32,127,254,174,0.6850393700787402,254,236,0.9291338582677166,61,0.48031496062992124,0.9842519685039371,250.0,0.9911417322834646,251.75,Qwen/Qwen3.6-35B-A3B-FP8
json_structured,2,127,8,2032,same_model,1864,0.9173228346456693,168,0.08267716535433071,167,True,127,128,40,40,0,"[167, 40, 8]",0,True,40,True,128,167,40,0,0,40,"[128, 40, 8]",1,40,False,131264d27978bac3c898,"0,1",expected_aligned_shape,Qwen/Qwen3.6-35B-A3B-FP8,ok,32,127,254,168,0.6614173228346457,254,225,0.8858267716535433,58,0.4566929133858268,0.9746281714785653,247.55555555555554,0.9857283464566929,250.375,Qwen/Qwen3.6-35B-A3B-FP8
needle,2,127,8,2032,same_model,1872,0.9212598425196851,160,0.07874015748031496,159,True,127,128,32,32,0,"[159, 40, 8]",0,True,32,True,128,159,32,0,0,32,"[128, 40, 8]",1,40,False,137c9b75239cdd79a6ea,"0,1",expected_aligned_shape,Qwen/Qwen3.6-35B-A3B-FP8,ok,32,127,254,175,0.6889763779527559,254,233,0.9173228346456693,60,0.47244094488188976,0.9816272965879266,249.33333333333334,0.9896653543307087,251.375,Qwen/Qwen3.6-35B-A3B-FP8
summarization,2,127,8,2032,same_model,1851,0.9109251968503937,181,0.0890748031496063,159,True,127,128,32,32,0,"[159, 40, 8]",0,True,32,True,128,159,32,0,0,32,"[128, 40, 8]",1,40,False,13dd5f1c1eac63e3962e,"0,1",expected_aligned_shape,Qwen/Qwen3.6-35B-A3B-FP8,ok,32,127,254,168,0.6614173228346457,254,228,0.8976377952755905,53,0.41732283464566927,0.9765529308836395,248.04444444444445,0.9867125984251969,250.625,Qwen/Qwen3.6-35B-A3B-FP8
mixed_language,2,98,8,1568,same_model,1435,0.9151785714285714,133,0.08482142857142858,130,True,98,99,32,32,0,"[130, 40, 8]",0,True,32,True,99,130,32,0,0,32,"[99, 40, 8]",1,40,False,1484ca9fc8e54c481909,"0,1",expected_aligned_shape,Qwen/Qwen3.6-35B-A3B-FP8,ok,32,98,196,132,0.673469387755102,196,177,0.9030612244897959,45,0.45918367346938777,0.9784580498866213,191.77777777777777,0.9878826530612245,193.625,Qwen/Qwen3.6-35B-A3B-FP8
code,2,127,8,2032,same_model,1885,0.9276574803149606,147,0.07234251968503937,159,True,127,128,32,32,0,"[159, 40, 8]",0,True,32,True,128,159,32,0,0,32,"[128, 40, 8]",1,40,False,1494e03e3667bc7156f1,"0,1",expected_aligned_shape,Qwen/Qwen3.6-35B-A3B-FP8,ok,32,127,254,184,0.7244094488188977,254,234,0.9212598425196851,69,0.5433070866141733,0.9818022747156605,249.37777777777777,0.9896653543307087,251.375,Qwen/Qwen3.6-35B-A3B-FP8
low_margin,2,127,8,2032,same_model,1882,0.9261811023622047,150,0.07381889763779527,166,True,127,128,39,39,0,"[166, 40, 8]",0,True,39,True,128,166,39,0,0,39,"[128, 40, 8]",1,40,False,155fa61b90c4dc567cb9,"0,1",expected_aligned_shape,Qwen/Qwen3.6-35B-A3B-FP8,ok,32,127,254,186,0.7322834645669292,254,240,0.9448818897637795,69,0.5433070866141733,0.9877515310586178,250.88888888888889,0.9931102362204725,252.25,Qwen/Qwen3.6-35B-A3B-FP8
needle,2,127,8,2032,same_model,1870,0.9202755905511811,162,0.0797244094488189,159,True,127,128,32,32,0,"[159, 40, 8]",0,True,32,True,128,159,32,0,0,32,"[128, 40, 8]",1,40,False,158dfd5ba4f085b82055,"0,1",expected_aligned_shape,Qwen/Qwen3.6-35B-A3B-FP8,ok,32,127,254,183,0.7204724409448819,254,237,0.9330708661417323,63,0.49606299212598426,0.9844269466316711,250.04444444444445,0.9911417322834646,251.75,Qwen/Qwen3.6-35B-A3B-FP8
json_structured,2,127,8,2032,same_model,1893,0.9315944881889764,139,0.06840551181102363,166,True,127,128,39,39,0,"[166, 40, 8]",0,True,39,True,128,166,39,0,0,39,"[128, 40, 8]",1,40,False,15d1d3f8ce2c30617539,"0,1",expected_aligned_shape,Qwen/Qwen3.6-35B-A3B-FP8,ok,32,127,254,186,0.7322834645669292,254,236,0.9291338582677166,68,0.5354330708661418,0.9835520559930009,249.82222222222222,0.9906496062992126,251.625,Qwen/Qwen3.6-35B-A3B-FP8
math_numeric,2,127,8,2032,same_model,1828,0.8996062992125984,204,0.10039370078740158,159,True,127,128,32,32,0,"[159, 40, 8]",0,True,32,True,128,159,32,0,0,32,"[128, 40, 8]",1,40,False,15d872b92f63f281fd73,"0,1",expected_aligned_shape,Qwen/Qwen3.6-35B-A3B-FP8,ok,32,127,254,162,0.6377952755905512,254,213,0.8385826771653543,52,0.4094488188976378,0.963429571303587,244.7111111111111,0.9793307086614174,248.75,Qwen/Qwen3.6-35B-A3B-FP8
short_qa,2,127,8,2032,same_model,1882,0.9261811023622047,150,0.07381889763779527,166,True,127,128,39,39,0,"[166, 40, 8]",0,True,39,True,128,166,39,0,0,39,"[128, 40, 8]",1,40,False,1624c2bae18e3d116f1f,"0,1",expected_aligned_shape,Qwen/Qwen3.6-35B-A3B-FP8,ok,32,127,254,181,0.7125984251968503,254,237,0.9330708661417323,66,0.5196850393700787,0.9851268591426072,250.22222222222223,0.9916338582677166,251.875,Qwen/Qwen3.6-35B-A3B-FP8
math_numeric,2,127,8,2032,same_model,1673,0.8233267716535433,359,0.17667322834645668,159,True,127,128,32,32,0,"[159, 40, 8]",0,True,32,True,128,159,32,0,0,32,"[128, 40, 8]",1,40,False,163f61eaff3724f0d9c9,"0,1",expected_aligned_shape,Qwen/Qwen3.6-35B-A3B-FP8,ok,32,127,254,121,0.4763779527559055,254,217,0.8543307086614174,24,0.1889763779527559,0.9676290463692038,245.77777777777777,0.9817913385826772,249.375,Qwen/Qwen3.6-35B-A3B-FP8
summarization,2,127,8,2032,same_model,1909,0.9394685039370079,123,0.06053149606299212,166,True,127,128,39,39,0,"[166, 40, 8]",0,True,39,True,128,166,39,0,0,39,"[128, 40, 8]",1,40,False,1757a5dbdeca60120661,"0,1",expected_aligned_shape,Qwen/Qwen3.6-35B-A3B-FP8,ok,32,127,254,197,0.7755905511811023,254,240,0.9448818897637795,76,0.5984251968503937,0.9877515310586178,250.88888888888889,0.9931102362204725,252.25,Qwen/Qwen3.6-35B-A3B-FP8
chat,2,127,8,2032,same_model,1920,0.9448818897637795,112,0.05511811023622047,159,True,127,128,32,32,0,"[159, 40, 8]",0,True,32,True,128,159,32,0,0,32,"[128, 40, 8]",1,40,False,177df6ae8def7d765bc4,"0,1",expected_aligned_shape,Qwen/Qwen3.6-35B-A3B-FP8,ok,32,127,254,197,0.7755905511811023,254,237,0.9330708661417323,76,0.5984251968503937,0.9851268591426072,250.22222222222223,0.9916338582677166,251.875,Qwen/Qwen3.6-35B-A3B-FP8
code,2,127,8,2032,same_model,1879,0.9247047244094488,153,0.07529527559055119,159,True,127,128,32,32,0,"[159, 40, 8]",0,True,32,True,128,159,32,0,0,32,"[128, 40, 8]",1,40,False,17d849f0e7369fbeca94,"0,1",expected_aligned_shape,Qwen/Qwen3.6-35B-A3B-FP8,ok,32,127,254,185,0.7283464566929134,254,239,0.9409448818897638,70,0.5511811023622047,0.9861767279090113,250.48888888888888,0.9921259842519685,252.0,Qwen/Qwen3.6-35B-A3B-FP8
logs,2,127,8,2032,same_model,1872,0.9212598425196851,160,0.07874015748031496,159,True,127,128,32,32,0,"[159, 40, 8]",0,True,32,True,128,159,32,0,0,32,"[128, 40, 8]",1,40,False,17f0aa1f8cdd2b19c2f5,"0,1",expected_aligned_shape,Qwen/Qwen3.6-35B-A3B-FP8,ok,32,127,254,177,0.6968503937007874,254,233,0.9173228346456693,61,0.48031496062992124,0.9816272965879266,249.33333333333334,0.9896653543307087,251.375,Qwen/Qwen3.6-35B-A3B-FP8
low_margin,2,127,8,2032,same_model,1894,0.9320866141732284,138,0.06791338582677166,166,True,127,128,39,39,0,"[166, 40, 8]",0,True,39,True,128,166,39,0,0,39,"[128, 40, 8]",1,40,False,181603dc14d532c96e6e,"0,1",expected_aligned_shape,Qwen/Qwen3.6-35B-A3B-FP8,ok,32,127,254,185,0.7283464566929134,254,229,0.9015748031496063,70,0.5511811023622047,0.9774278215223097,248.26666666666668,0.9872047244094488,250.75,Qwen/Qwen3.6-35B-A3B-FP8
short_qa,2,127,8,2032,same_model,1891,0.9306102362204725,141,0.06938976377952756,159,True,127,128,32,32,0,"[159, 40, 8]",0,True,32,True,128,159,32,0,0,32,"[128, 40, 8]",1,40,False,181927b2f36456a6f411,"0,1",expected_aligned_shape,Qwen/Qwen3.6-35B-A3B-FP8,ok,32,127,254,185,0.7283464566929134,254,234,0.9212598425196851,63,0.49606299212598426,0.9825021872265967,249.55555555555554,0.9901574803149606,251.5,Qwen/Qwen3.6-35B-A3B-FP8
logs,2,127,8,2032,same_model,1872,0.9212598425196851,160,0.07874015748031496,159,True,127,128,32,32,0,"[159, 40, 8]",0,True,32,True,128,159,32,0,0,32,"[128, 40, 8]",1,40,False,18452ec7ad9d29790e39,"0,1",expected_aligned_shape,Qwen/Qwen3.6-35B-A3B-FP8,ok,32,127,254,179,0.7047244094488189,254,236,0.9291338582677166,60,0.47244094488188976,0.9842519685039371,250.0,0.9911417322834646,251.75,Qwen/Qwen3.6-35B-A3B-FP8
logs,2,127,8,2032,same_model,1882,0.9261811023622047,150,0.07381889763779527,159,True,127,128,32,32,0,"[159, 40, 8]",0,True,32,True,128,159,32,0,0,32,"[128, 40, 8]",1,40,False,184dcb58a8183ef4b48e,"0,1",expected_aligned_shape,Qwen/Qwen3.6-35B-A3B-FP8,ok,32,127,254,190,0.7480314960629921,254,243,0.9566929133858267,69,0.5433070866141733,0.9903762029746283,251.55555555555554,0.9945866141732284,252.625,Qwen/Qwen3.6-35B-A3B-FP8
logs,2,127,8,2032,same_model,1899,0.9345472440944882,133,0.0654527559055118,159,True,127,128,32,32,0,"[159, 40, 8]",0,True,32,True,128,159,32,0,0,32,"[128, 40, 8]",1,40,False,18c5d81ca5d4d7d522e7,"0,1",expected_aligned_shape,Qwen/Qwen3.6-35B-A3B-FP8,ok,32,127,254,192,0.7559055118110236,254,239,0.9409448818897638,72,0.5669291338582677,0.9868766404199475,250.66666666666666,0.9926181102362205,252.125,Qwen/Qwen3.6-35B-A3B-FP8
needle,2,127,8,2032,same_model,1930,0.9498031496062992,102,0.05019685039370079,159,True,127,128,32,32,0,"[159, 40, 8]",0,True,32,True,128,159,32,0,0,32,"[128, 40, 8]",1,40,False,18e04c17e1d39e4ee42a,"0,1",expected_aligned_shape,Qwen/Qwen3.6-35B-A3B-FP8,ok,32,127,254,197,0.7755905511811023,254,232,0.9133858267716536,79,0.6220472440944882,0.9807524059492564,249.11111111111111,0.9891732283464567,251.25,Qwen/Qwen3.6-35B-A3B-FP8
summarization,2,127,8,2032,same_model,1907,0.9384842519685039,125,0.061515748031496065,167,True,127,128,40,40,0,"[167, 40, 8]",0,True,40,True,128,167,40,0,0,40,"[128, 40, 8]",1,40,False,193afa86e725be46264b,"0,1",expected_aligned_shape,Qwen/Qwen3.6-35B-A3B-FP8,ok,32,127,254,191,0.7519685039370079,254,231,0.9094488188976378,72,0.5669291338582677,0.9798775153105862,248.88888888888889,0.9886811023622047,251.125,Qwen/Qwen3.6-35B-A3B-FP8
json_structured,2,127,8,2032,same_model,1865,0.9178149606299213,167,0.08218503937007875,159,True,127,128,32,32,0,"[159, 40, 8]",0,True,32,True,128,159,32,0,0,32,"[128, 40, 8]",1,40,False,199e438dd5cdfb5dd22c,"0,1",expected_aligned_shape,Qwen/Qwen3.6-35B-A3B-FP8,ok,32,127,254,175,0.6889763779527559,254,231,0.9094488188976378,59,0.4645669291338583,0.97917760279965,248.7111111111111,0.9881889763779528,251.0,Qwen/Qwen3.6-35B-A3B-FP8
logs,2,127,8,2032,same_model,1884,0.9271653543307087,148,0.07283464566929133,159,True,127,128,32,32,0,"[159, 40, 8]",0,True,32,True,128,159,32,0,0,32,"[128, 40, 8]",1,40,False,19c5ffc20eb2dda9a70e,"0,1",expected_aligned_shape,Qwen/Qwen3.6-35B-A3B-FP8,ok,32,127,254,182,0.7165354330708661,254,238,0.937007874015748,62,0.4881889763779528,0.9860017497812774,250.44444444444446,0.9921259842519685,252.0,Qwen/Qwen3.6-35B-A3B-FP8
summarization,2,127,8,2032,same_model,1899,0.9345472440944882,133,0.0654527559055118,167,True,127,128,40,40,0,"[167, 40, 8]",0,True,40,True,128,167,40,0,0,40,"[128, 40, 8]",1,40,False,1a103249091a561181f6,"0,1",expected_aligned_shape,Qwen/Qwen3.6-35B-A3B-FP8,ok,32,127,254,189,0.7440944881889764,254,240,0.9448818897637795,69,0.5433070866141733,0.9877515310586178,250.88888888888889,0.9931102362204725,252.25,Qwen/Qwen3.6-35B-A3B-FP8
needle,2,127,8,2032,same_model,1904,0.937007874015748,128,0.06299212598425197,159,True,127,128,32,32,0,"[159, 40, 8]",0,True,32,True,128,159,32,0,0,32,"[128, 40, 8]",1,40,False,1a7c8839c36821963dbe,"0,1",expected_aligned_shape,Qwen/Qwen3.6-35B-A3B-FP8,ok,32,127,254,189,0.7440944881889764,254,228,0.8976377952755905,69,0.5433070866141733,0.9772528433945757,248.22222222222223,0.9872047244094488,250.75,Qwen/Qwen3.6-35B-A3B-FP8
low_margin,2,127,8,2032,same_model,1900,0.9350393700787402,132,0.06496062992125984,167,True,127,128,40,40,0,"[167, 40, 8]",0,True,40,True,128,167,40,0,0,40,"[128, 40, 8]",1,40,False,1a88e28f0a8711b970f1,"0,1",expected_aligned_shape,Qwen/Qwen3.6-35B-A3B-FP8,ok,32,127,254,189,0.7440944881889764,254,237,0.9330708661417323,68,0.5354330708661418,0.9851268591426072,250.22222222222223,0.9916338582677166,251.875,Qwen/Qwen3.6-35B-A3B-FP8
mixed_language,2,127,8,2032,same_model,1903,0.9365157480314961,129,0.06348425196850394,159,True,127,128,32,32,0,"[159, 40, 8]",0,True,32,True,128,159,32,0,0,32,"[128, 40, 8]",1,40,False,1abf9dfcb8082e6902a7,"0,1",expected_aligned_shape,Qwen/Qwen3.6-35B-A3B-FP8,ok,32,127,254,193,0.7598425196850394,254,240,0.9448818897637795,74,0.5826771653543307,0.9877515310586178,250.88888888888889,0.9931102362204725,252.25,Qwen/Qwen3.6-35B-A3B-FP8
low_margin,2,127,8,2032,same_model,1936,0.952755905511811,96,0.047244094488188976,167,True,127,128,40,40,0,"[167, 40, 8]",0,True,40,True,128,167,40,0,0,40,"[128, 40, 8]",1,40,False,1ad5545112352c0eee4b,"0,1",expected_aligned_shape,Qwen/Qwen3.6-35B-A3B-FP8,ok,32,127,254,203,0.7992125984251969,254,236,0.9291338582677166,84,0.6614173228346457,0.984251968503937,250.0,0.9911417322834646,251.75,Qwen/Qwen3.6-35B-A3B-FP8
math_numeric,2,11,8,176,same_model,165,0.9375,11,0.0625,43,True,11,12,32,32,0,"[43, 40, 8]",0,True,32,True,12,43,32,0,0,32,"[12, 40, 8]",1,40,False,1aea69803794900b5c6e,"0,1",expected_aligned_shape,Qwen/Qwen3.6-35B-A3B-FP8,ok,32,11,22,17,0.7727272727272727,22,21,0.9545454545454546,6,0.5454545454545454,0.98989898989899,21.77777777777778,0.9943181818181818,21.875,Qwen/Qwen3.6-35B-A3B-FP8
json_structured,2,127,8,2032,same_model,1908,0.9389763779527559,124,0.0610236220472441,167,True,127,128,40,40,0,"[167, 40, 8]",0,True,40,True,128,167,40,0,0,40,"[128, 40, 8]",1,40,False,1be80d2c9e6f7b428345,"0,1",expected_aligned_shape,Qwen/Qwen3.6-35B-A3B-FP8,ok,32,127,254,192,0.7559055118110236,254,231,0.9094488188976378,71,0.5590551181102362,0.9798775153105861,248.88888888888889,0.9886811023622047,251.125,Qwen/Qwen3.6-35B-A3B-FP8
mixed_language,2,127,8,2032,same_model,1867,0.9187992125984252,165,0.0812007874015748,159,True,127,128,32,32,0,"[159, 40, 8]",0,True,32,True,128,159,32,0,0,32,"[128, 40, 8]",1,40,False,1c09787dd6896e7eda6c,"0,1",expected_aligned_shape,Qwen/Qwen3.6-35B-A3B-FP8,ok,32,127,254,174,0.6850393700787402,254,222,0.8740157480314961,61,0.48031496062992124,0.9720034995625548,246.88888888888889,0.984251968503937,250.0,Qwen/Qwen3.6-35B-A3B-FP8
json_structured,2,127,8,2032,same_model,1898,0.9340551181102362,134,0.06594488188976377,167,True,127,128,40,40,0,"[167, 40, 8]",0,True,40,True,128,167,40,0,0,40,"[128, 40, 8]",1,40,False,1c3179d3228bcd8084cd,"0,1",expected_aligned_shape,Qwen/Qwen3.6-35B-A3B-FP8,ok,32,127,254,189,0.7440944881889764,254,233,0.9173228346456693,73,0.5748031496062992,0.9816272965879266,249.33333333333334,0.9896653543307087,251.375,Qwen/Qwen3.6-35B-A3B-FP8
math_numeric,2,127,8,2032,same_model,1805,0.8882874015748031,227,0.11171259842519685,159,True,127,128,32,32,0,"[159, 40, 8]",0,True,32,True,128,159,32,0,0,32,"[128, 40, 8]",1,40,False,1c358a5a8bd5c0d08c3c,"0,1",expected_aligned_shape,Qwen/Qwen3.6-35B-A3B-FP8,ok,32,127,254,149,0.5866141732283464,254,215,0.8464566929133859,40,0.31496062992125984,0.9651793525809275,245.15555555555557,0.9803149606299213,249.0,Qwen/Qwen3.6-35B-A3B-FP8
code,2,127,8,2032,same_model,1910,0.9399606299212598,122,0.060039370078740155,159,True,127,128,32,32,0,"[159, 40, 8]",0,True,32,True,128,159,32,0,0,32,"[128, 40, 8]",1,40,False,1c4bb7b1bdd70a96b67e,"0,1",expected_aligned_shape,Qwen/Qwen3.6-35B-A3B-FP8,ok,32,127,254,196,0.7716535433070866,254,242,0.952755905511811,73,0.5748031496062992,0.9895013123359581,251.33333333333334,0.9940944881889764,252.5,Qwen/Qwen3.6-35B-A3B-FP8
math_numeric,2,127,8,2032,same_model,1612,0.7933070866141733,420,0.20669291338582677,159,True,127,128,32,32,0,"[159, 40, 8]",0,True,32,True,128,159,32,0,0,32,"[128, 40, 8]",1,40,False,1c4bf44a9277b43d18c2,"0,1",expected_aligned_shape,Qwen/Qwen3.6-35B-A3B-FP8,ok,32,127,254,102,0.4015748031496063,254,182,0.7165354330708661,16,0.12598425196850394,0.9356080489938758,237.64444444444445,0.9635826771653543,244.75,Qwen/Qwen3.6-35B-A3B-FP8
needle,2,127,8,2032,same_model,1874,0.922244094488189,158,0.07775590551181102,159,True,127,128,32,32,0,"[159, 40, 8]",0,True,32,True,128,159,32,0,0,32,"[128, 40, 8]",1,40,False,1cd386c0e7972117e2df,"0,1",expected_aligned_shape,Qwen/Qwen3.6-35B-A3B-FP8,ok,32,127,254,176,0.6929133858267716,254,234,0.9212598425196851,64,0.5039370078740157,0.9825021872265967,249.55555555555554,0.9901574803149606,251.5,Qwen/Qwen3.6-35B-A3B-FP8
chat,2,127,8,2032,same_model,1878,0.9242125984251969,154,0.07578740157480315,159,True,127,128,32,32,0,"[159, 40, 8]",0,True,32,True,128,159,32,0,0,32,"[128, 40, 8]",1,40,False,1d0dc8c1a64af1c2a912,"0,1",expected_aligned_shape,Qwen/Qwen3.6-35B-A3B-FP8,ok,32,127,254,185,0.7283464566929134,254,239,0.9409448818897638,66,0.5196850393700787,0.9868766404199476,250.66666666666666,0.9926181102362205,252.125,Qwen/Qwen3.6-35B-A3B-FP8
math_numeric,2,127,8,2032,same_model,1879,0.9247047244094488,153,0.07529527559055119,159,True,127,128,32,32,0,"[159, 40, 8]",0,True,32,True,128,159,32,0,0,32,"[128, 40, 8]",1,40,False,1d7cf8dd9193d957f3c1,"0,1",expected_aligned_shape,Qwen/Qwen3.6-35B-A3B-FP8,ok,32,127,254,186,0.7322834645669292,254,238,0.937007874015748,66,0.5196850393700787,0.9860017497812774,250.44444444444446,0.9921259842519685,252.0,Qwen/Qwen3.6-35B-A3B-FP8
math_numeric,2,127,8,2032,same_model,1868,0.9192913385826772,164,0.08070866141732283,159,True,127,128,32,32,0,"[159, 40, 8]",0,True,32,True,128,159,32,0,0,32,"[128, 40, 8]",1,40,False,1d9153c8703527204c89,"0,1",expected_aligned_shape,Qwen/Qwen3.6-35B-A3B-FP8,ok,32,127,254,185,0.7283464566929134,254,235,0.9251968503937008,61,0.48031496062992124,0.9833770778652668,249.77777777777777,0.9906496062992126,251.625,Qwen/Qwen3.6-35B-A3B-FP8
json_structured,2,127,8,2032,same_model,1919,0.9443897637795275,113,0.05561023622047244,167,True,127,128,40,40,0,"[167, 40, 8]",0,True,40,True,128,167,40,0,0,40,"[128, 40, 8]",1,40,False,1daef9ca6a62a9ddea6d,"0,1",expected_aligned_shape,Qwen/Qwen3.6-35B-A3B-FP8,ok,32,127,254,192,0.7559055118110236,254,236,0.9291338582677166,74,0.5826771653543307,0.984251968503937,250.0,0.9911417322834646,251.75,Qwen/Qwen3.6-35B-A3B-FP8
chat,2,127,8,2032,same_model,1877,0.9237204724409449,155,0.07627952755905512,159,True,127,128,32,32,0,"[159, 40, 8]",0,True,32,True,128,159,32,0,0,32,"[128, 40, 8]",1,40,False,1e1520b407293bce7083,"0,1",expected_aligned_shape,Qwen/Qwen3.6-35B-A3B-FP8,ok,32,127,254,183,0.7204724409448819,254,238,0.937007874015748,67,0.5275590551181102,0.9860017497812774,250.44444444444446,0.9921259842519685,252.0,Qwen/Qwen3.6-35B-A3B-FP8
summarization,2,127,8,2032,same_model,1893,0.9315944881889764,139,0.06840551181102363,167,True,127,128,40,40,0,"[167, 40, 8]",0,True,40,True,128,167,40,0,0,40,"[128, 40, 8]",1,40,False,1e33fe88c9b72ac14558,"0,1",expected_aligned_shape,Qwen/Qwen3.6-35B-A3B-FP8,ok,32,127,254,189,0.7440944881889764,254,242,0.952755905511811,71,0.5590551181102362,0.989501312335958,251.33333333333334,0.9940944881889764,252.5,Qwen/Qwen3.6-35B-A3B-FP8
chat,2,127,8,2032,same_model,1867,0.9187992125984252,165,0.0812007874015748,159,True,127,128,32,32,0,"[159, 40, 8]",0,True,32,True,128,159,32,0,0,32,"[128, 40, 8]",1,40,False,1e4cea9b2eaead43320c,"0,1",expected_aligned_shape,Qwen/Qwen3.6-35B-A3B-FP8,ok,32,127,254,178,0.7007874015748031,254,240,0.9448818897637795,61,0.48031496062992124,0.9877515310586176,250.88888888888889,0.9931102362204725,252.25,Qwen/Qwen3.6-35B-A3B-FP8
json_structured,2,127,8,2032,same_model,1878,0.9242125984251969,154,0.07578740157480315,166,True,127,128,39,39,0,"[166, 40, 8]",0,True,39,True,128,166,39,0,0,39,"[128, 40, 8]",1,40,False,1e7c7f9f219964a9768e,"0,1",expected_aligned_shape,Qwen/Qwen3.6-35B-A3B-FP8,ok,32,127,254,184,0.7244094488188977,254,235,0.9251968503937008,71,0.5590551181102362,0.9833770778652668,249.77777777777777,0.9906496062992126,251.625,Qwen/Qwen3.6-35B-A3B-FP8
summarization,2,127,8,2032,same_model,1892,0.9311023622047244,140,0.0688976377952756,167,True,127,128,40,40,0,"[167, 40, 8]",0,True,40,True,128,167,40,0,0,40,"[128, 40, 8]",1,40,False,1e8bb930c595fa6ac53e,"0,1",expected_aligned_shape,Qwen/Qwen3.6-35B-A3B-FP8,ok,32,127,254,186,0.7322834645669292,254,232,0.9133858267716536,68,0.5354330708661418,0.9807524059492564,249.11111111111111,0.9891732283464567,251.25,Qwen/Qwen3.6-35B-A3B-FP8
summarization,2,127,8,2032,same_model,1910,0.9399606299212598,122,0.060039370078740155,167,True,127,128,40,40,0,"[167, 40, 8]",0,True,40,True,128,167,40,0,0,40,"[128, 40, 8]",1,40,False,1eab55664817769b2d2f,"0,1",expected_aligned_shape,Qwen/Qwen3.6-35B-A3B-FP8,ok,32,127,254,192,0.7559055118110236,254,236,0.9291338582677166,70,0.5511811023622047,0.984251968503937,250.0,0.9911417322834646,251.75,Qwen/Qwen3.6-35B-A3B-FP8
math_numeric,2,127,8,2032,same_model,1874,0.922244094488189,158,0.07775590551181102,159,True,127,128,32,32,0,"[159, 40, 8]",0,True,32,True,128,159,32,0,0,32,"[128, 40, 8]",1,40,False,1eb26b097af2dc72a214,"0,1",expected_aligned_shape,Qwen/Qwen3.6-35B-A3B-FP8,ok,32,127,254,174,0.6850393700787402,254,236,0.9291338582677166,53,0.41732283464566927,0.984251968503937,250.0,0.9911417322834646,251.75,Qwen/Qwen3.6-35B-A3B-FP8
short_qa,2,127,8,2032,same_model,1896,0.9330708661417323,136,0.06692913385826772,159,True,127,128,32,32,0,"[159, 40, 8]",0,True,32,True,128,159,32,0,0,32,"[128, 40, 8]",1,40,False,1eccb479d98cb342d132,"0,1",expected_aligned_shape,Qwen/Qwen3.6-35B-A3B-FP8,ok,32,127,254,190,0.7480314960629921,254,238,0.937007874015748,75,0.5905511811023622,0.9860017497812774,250.44444444444446,0.9921259842519685,252.0,Qwen/Qwen3.6-35B-A3B-FP8
chat,2,127,8,2032,same_model,1873,0.921751968503937,159,0.07824803149606299,159,True,127,128,32,32,0,"[159, 40, 8]",0,True,32,True,128,159,32,0,0,32,"[128, 40, 8]",1,40,False,1f22f72c7202203035c2,"0,1",expected_aligned_shape,Qwen/Qwen3.6-35B-A3B-FP8,ok,32,127,254,180,0.7086614173228346,254,235,0.9251968503937008,60,0.47244094488188976,0.983377077865267,249.77777777777777,0.9906496062992126,251.625,Qwen/Qwen3.6-35B-A3B-FP8
short_qa,2,127,8,2032,same_model,1894,0.9320866141732284,138,0.06791338582677166,166,True,127,128,39,39,0,"[166, 40, 8]",0,True,39,True,128,166,39,0,0,39,"[128, 40, 8]",1,40,False,1f4df8cdffbf438fda1a,"0,1",expected_aligned_shape,Qwen/Qwen3.6-35B-A3B-FP8,ok,32,127,254,179,0.7047244094488189,254,231,0.9094488188976378,64,0.5039370078740157,0.9798775153105863,248.88888888888889,0.9886811023622047,251.125,Qwen/Qwen3.6-35B-A3B-FP8
needle,2,127,8,2032,same_model,1882,0.9261811023622047,150,0.07381889763779527,159,True,127,128,32,32,0,"[159, 40, 8]",0,True,32,True,128,159,32,0,0,32,"[128, 40, 8]",1,40,False,206a7733fbf1a0879666,"0,1",expected_aligned_shape,Qwen/Qwen3.6-35B-A3B-FP8,ok,32,127,254,181,0.7125984251968503,254,231,0.9094488188976378,63,0.49606299212598426,0.9798775153105862,248.88888888888889,0.9886811023622047,251.125,Qwen/Qwen3.6-35B-A3B-FP8
summarization,2,127,8,2032,same_model,1898,0.9340551181102362,134,0.06594488188976377,165,True,127,128,38,38,0,"[165, 40, 8]",0,True,38,True,128,165,38,0,0,38,"[128, 40, 8]",1,40,False,20d8dd0b65d5c0071954,"0,1",expected_aligned_shape,Qwen/Qwen3.6-35B-A3B-FP8,ok,32,127,254,188,0.7401574803149606,254,240,0.9448818897637795,71,0.5590551181102362,0.9877515310586177,250.88888888888889,0.9931102362204725,252.25,Qwen/Qwen3.6-35B-A3B-FP8
code,2,127,8,2032,same_model,1854,0.9124015748031497,178,0.08759842519685039,159,True,127,128,32,32,0,"[159, 40, 8]",0,True,32,True,128,159,32,0,0,32,"[128, 40, 8]",1,40,False,20d92c0200af06bf88d2,"0,1",expected_aligned_shape,Qwen/Qwen3.6-35B-A3B-FP8,ok,32,127,254,170,0.6692913385826772,254,229,0.9015748031496063,60,0.47244094488188976,0.978127734033246,248.44444444444446,0.9876968503937008,250.875,Qwen/Qwen3.6-35B-A3B-FP8
math_numeric,2,127,8,2032,same_model,1550,0.7627952755905512,482,0.2372047244094488,159,True,127,128,32,32,0,"[159, 40, 8]",0,True,32,True,128,159,32,0,0,32,"[128, 40, 8]",1,40,False,21712eb07f5746c62140,"0,1",expected_aligned_shape,Qwen/Qwen3.6-35B-A3B-FP8,ok,32,127,254,125,0.4921259842519685,254,200,0.7874015748031497,25,0.1968503937007874,0.9513560804899388,241.64444444444445,0.9724409448818898,247.0,Qwen/Qwen3.6-35B-A3B-FP8
json_structured,2,127,8,2032,same_model,1902,0.9360236220472441,130,0.0639763779527559,159,True,127,128,32,32,0,"[159, 40, 8]",0,True,32,True,128,159,32,0,0,32,"[128, 40, 8]",1,40,False,21a1fd652b8ee4a01436,"0,1",expected_aligned_shape,Qwen/Qwen3.6-35B-A3B-FP8,ok,32,127,254,192,0.7559055118110236,254,233,0.9173228346456693,73,0.5748031496062992,0.9816272965879265,249.33333333333334,0.9896653543307087,251.375,Qwen/Qwen3.6-35B-A3B-FP8
json_structured,2,127,8,2032,same_model,1875,0.922736220472441,157,0.07726377952755906,166,True,127,128,39,39,0,"[166, 40, 8]",0,True,39,True,128,166,39,0,0,39,"[128, 40, 8]",1,40,False,21aacc5ffd220c26fe28,"0,1",expected_aligned_shape,Qwen/Qwen3.6-35B-A3B-FP8,ok,32,127,254,183,0.7204724409448819,254,236,0.9291338582677166,62,0.4881889763779528,0.9842519685039369,250.0,0.9911417322834646,251.75,Qwen/Qwen3.6-35B-A3B-FP8
json_structured,2,127,8,2032,same_model,1914,0.9419291338582677,118,0.058070866141732284,167,True,127,128,40,40,0,"[167, 40, 8]",0,True,40,True,128,167,40,0,0,40,"[128, 40, 8]",1,40,False,21ee47798c809fb94dbe,"0,1",expected_aligned_shape,Qwen/Qwen3.6-35B-A3B-FP8,ok,32,127,254,192,0.7559055118110236,254,237,0.9330708661417323,71,0.5590551181102362,0.9851268591426072,250.22222222222223,0.9916338582677166,251.875,Qwen/Qwen3.6-35B-A3B-FP8
logs,2,127,8,2032,same_model,1880,0.9251968503937008,152,0.07480314960629922,159,True,127,128,32,32,0,"[159, 40, 8]",0,True,32,True,128,159,32,0,0,32,"[128, 40, 8]",1,40,False,22d976a544f1f7482895,"0,1",expected_aligned_shape,Qwen/Qwen3.6-35B-A3B-FP8,ok,32,127,254,183,0.7204724409448819,254,238,0.937007874015748,66,0.5196850393700787,0.9853018372703413,250.26666666666668,0.9916338582677166,251.875,Qwen/Qwen3.6-35B-A3B-FP8
short_qa,2,127,8,2032,same_model,1883,0.9266732283464567,149,0.0733267716535433,166,True,127,128,39,39,0,"[166, 40, 8]",0,True,39,True,128,166,39,0,0,39,"[128, 40, 8]",1,40,False,232125d1d806b13d8881,"0,1",expected_aligned_shape,Qwen/Qwen3.6-35B-A3B-FP8,ok,32,127,254,182,0.7165354330708661,254,238,0.937007874015748,66,0.5196850393700787,0.9860017497812774,250.44444444444446,0.9921259842519685,252.0,Qwen/Qwen3.6-35B-A3B-FP8
low_margin,2,127,8,2032,same_model,1927,0.9483267716535433,105,0.05167322834645669,167,True,127,128,40,40,0,"[167, 40, 8]",0,True,40,True,128,167,40,0,0,40,"[128, 40, 8]",1,40,False,2328d7a464c9ea472612,"0,1",expected_aligned_shape,Qwen/Qwen3.6-35B-A3B-FP8,ok,32,127,254,198,0.7795275590551181,254,239,0.9409448818897638,76,0.5984251968503937,0.9868766404199476,250.66666666666666,0.9926181102362205,252.125,Qwen/Qwen3.6-35B-A3B-FP8
code,2,127,8,2032,same_model,1882,0.9261811023622047,150,0.07381889763779527,159,True,127,128,32,32,0,"[159, 40, 8]",0,True,32,True,128,159,32,0,0,32,"[128, 40, 8]",1,40,False,2343bd272f1ca7b3e208,"0,1",expected_aligned_shape,Qwen/Qwen3.6-35B-A3B-FP8,ok,32,127,254,183,0.7204724409448819,254,238,0.937007874015748,69,0.5433070866141733,0.9860017497812774,250.44444444444446,0.9921259842519685,252.0,Qwen/Qwen3.6-35B-A3B-FP8
mixed_language,2,127,8,2032,same_model,1876,0.9232283464566929,156,0.07677165354330709,159,True,127,128,32,32,0,"[159, 40, 8]",0,True,32,True,128,159,32,0,0,32,"[128, 40, 8]",1,40,False,23457c9343c9fdf0d351,"0,1",expected_aligned_shape,Qwen/Qwen3.6-35B-A3B-FP8,ok,32,127,254,172,0.6771653543307087,254,226,0.889763779527559,60,0.47244094488188976,0.9755030621172355,247.77777777777777,0.9862204724409449,250.5,Qwen/Qwen3.6-35B-A3B-FP8
short_qa,2,127,8,2032,same_model,1917,0.9434055118110236,115,0.056594488188976375,159,True,127,128,32,32,0,"[159, 40, 8]",0,True,32,True,128,159,32,0,0,32,"[128, 40, 8]",1,40,False,235b042d6e2b290a72f0,"0,1",expected_aligned_shape,Qwen/Qwen3.6-35B-A3B-FP8,ok,32,127,254,192,0.7559055118110236,254,235,0.9251968503937008,67,0.5275590551181102,0.983377077865267,249.77777777777777,0.9906496062992126,251.625,Qwen/Qwen3.6-35B-A3B-FP8
low_margin,2,127,8,2032,same_model,1930,0.9498031496062992,102,0.05019685039370079,166,True,127,128,39,39,0,"[166, 40, 8]",0,True,39,True,128,166,39,0,0,39,"[128, 40, 8]",1,40,False,239fcde67aa71aae1332,"0,1",expected_aligned_shape,Qwen/Qwen3.6-35B-A3B-FP8,ok,32,127,254,200,0.7874015748031497,254,241,0.9488188976377953,82,0.6456692913385826,0.988626421697288,251.11111111111111,0.9936023622047244,252.375,Qwen/Qwen3.6-35B-A3B-FP8
chat,2,127,8,2032,same_model,1889,0.9296259842519685,143,0.0703740157480315,167,True,127,128,40,40,0,"[167, 40, 8]",0,True,40,True,128,167,40,0,0,40,"[128, 40, 8]",1,40,False,23d1a4bb74f86f9ae72c,"0,1",expected_aligned_shape,Qwen/Qwen3.6-35B-A3B-FP8,ok,32,127,254,182,0.7165354330708661,254,236,0.9291338582677166,64,0.5039370078740157,0.9842519685039371,250.0,0.9911417322834646,251.75,Qwen/Qwen3.6-35B-A3B-FP8
json_structured,2,127,8,2032,same_model,1908,0.9389763779527559,124,0.0610236220472441,167,True,127,128,40,40,0,"[167, 40, 8]",0,True,40,True,128,167,40,0,0,40,"[128, 40, 8]",1,40,False,23db6fb46822445517d0,"0,1",expected_aligned_shape,Qwen/Qwen3.6-35B-A3B-FP8,ok,32,127,254,189,0.7440944881889764,254,231,0.9094488188976378,70,0.5511811023622047,0.9798775153105862,248.88888888888889,0.9886811023622047,251.125,Qwen/Qwen3.6-35B-A3B-FP8
logs,2,127,8,2032,same_model,1880,0.9251968503937008,152,0.07480314960629922,159,True,127,128,32,32,0,"[159, 40, 8]",0,True,32,True,128,159,32,0,0,32,"[128, 40, 8]",1,40,False,24350f673b6706a47238,"0,1",expected_aligned_shape,Qwen/Qwen3.6-35B-A3B-FP8,ok,32,127,254,185,0.7283464566929134,254,233,0.9173228346456693,67,0.5275590551181102,0.9816272965879267,249.33333333333334,0.9896653543307087,251.375,Qwen/Qwen3.6-35B-A3B-FP8
summarization,2,127,8,2032,same_model,1889,0.9296259842519685,143,0.0703740157480315,162,True,127,128,35,35,0,"[162, 40, 8]",0,True,35,True,128,162,35,0,0,35,"[128, 40, 8]",1,40,False,24578ec3333bed79e961,"0,1",expected_aligned_shape,Qwen/Qwen3.6-35B-A3B-FP8,ok,32,127,254,184,0.7244094488188977,254,235,0.9251968503937008,62,0.4881889763779528,0.9833770778652668,249.77777777777777,0.9906496062992126,251.625,Qwen/Qwen3.6-35B-A3B-FP8
short_qa,2,127,8,2032,same_model,1917,0.9434055118110236,115,0.056594488188976375,159,True,127,128,32,32,0,"[159, 40, 8]",0,True,32,True,128,159,32,0,0,32,"[128, 40, 8]",1,40,False,2469459cad19a519e761,"0,1",expected_aligned_shape,Qwen/Qwen3.6-35B-A3B-FP8,ok,32,127,254,196,0.7716535433070866,254,236,0.9291338582677166,76,0.5984251968503937,0.9842519685039371,250.0,0.9911417322834646,251.75,Qwen/Qwen3.6-35B-A3B-FP8
math_numeric,2,6,8,96,same_model,89,0.9270833333333334,7,0.07291666666666667,38,True,6,7,32,32,0,"[38, 40, 8]",0,True,32,True,7,38,32,0,0,32,"[7, 40, 8]",1,40,False,253a58836fc704d92279,"0,1",expected_aligned_shape,Qwen/Qwen3.6-35B-A3B-FP8,ok,32,6,12,9,0.75,12,12,1.0,4,0.6666666666666666,1.0,12.0,1.0,12.0,Qwen/Qwen3.6-35B-A3B-FP8
chat,2,127,8,2032,same_model,1887,0.9286417322834646,145,0.07135826771653543,159,True,127,128,32,32,0,"[159, 40, 8]",0,True,32,True,128,159,32,0,0,32,"[128, 40, 8]",1,40,False,256c6dfa4f67e397387e,"0,1",expected_aligned_shape,Qwen/Qwen3.6-35B-A3B-FP8,ok,32,127,254,180,0.7086614173228346,254,231,0.9094488188976378,56,0.4409448818897638,0.9798775153105862,248.88888888888889,0.9886811023622047,251.125,Qwen/Qwen3.6-35B-A3B-FP8
short_qa,2,127,8,2032,same_model,1869,0.9197834645669292,163,0.08021653543307086,159,True,127,128,32,32,0,"[159, 40, 8]",0,True,32,True,128,159,32,0,0,32,"[128, 40, 8]",1,40,False,2622626bdd86b8db128d,"0,1",expected_aligned_shape,Qwen/Qwen3.6-35B-A3B-FP8,ok,32,127,254,173,0.6811023622047244,254,230,0.905511811023622,56,0.4409448818897638,0.979002624671916,248.66666666666666,0.9881889763779528,251.0,Qwen/Qwen3.6-35B-A3B-FP8
short_qa,2,127,8,2032,same_model,1891,0.9306102362204725,141,0.06938976377952756,166,True,127,128,39,39,0,"[166, 40, 8]",0,True,39,True,128,166,39,0,0,39,"[128, 40, 8]",1,40,False,262796788153eff2f6cd,"0,1",expected_aligned_shape,Qwen/Qwen3.6-35B-A3B-FP8,ok,32,127,254,183,0.7204724409448819,254,237,0.9330708661417323,65,0.5118110236220472,0.9851268591426072,250.22222222222223,0.9916338582677166,251.875,Qwen/Qwen3.6-35B-A3B-FP8
summarization,2,127,8,2032,same_model,1897,0.9335629921259843,135,0.06643700787401575,159,True,127,128,32,32,0,"[159, 40, 8]",0,True,32,True,128,159,32,0,0,32,"[128, 40, 8]",1,40,False,263423e917e7d58ee86c,"0,1",expected_aligned_shape,Qwen/Qwen3.6-35B-A3B-FP8,ok,32,127,254,185,0.7283464566929134,254,235,0.9251968503937008,66,0.5196850393700787,0.983377077865267,249.77777777777777,0.9906496062992126,251.625,Qwen/Qwen3.6-35B-A3B-FP8
summarization,2,127,8,2032,same_model,1886,0.9281496062992126,146,0.0718503937007874,167,True,127,128,40,40,0,"[167, 40, 8]",0,True,40,True,128,167,40,0,0,40,"[128, 40, 8]",1,40,False,263d0333a4f3da4051e5,"0,1",expected_aligned_shape,Qwen/Qwen3.6-35B-A3B-FP8,ok,32,127,254,185,0.7283464566929134,254,237,0.9330708661417323,70,0.5511811023622047,0.9844269466316711,250.04444444444445,0.9911417322834646,251.75,Qwen/Qwen3.6-35B-A3B-FP8
chat,2,127,8,2032,same_model,1893,0.9315944881889764,139,0.06840551181102363,159,True,127,128,32,32,0,"[159, 40, 8]",0,True,32,True,128,159,32,0,0,32,"[128, 40, 8]",1,40,False,270d313aa3200ac96ec3,"0,1",expected_aligned_shape,Qwen/Qwen3.6-35B-A3B-FP8,ok,32,127,254,189,0.7440944881889764,254,236,0.9291338582677166,69,0.5433070866141733,0.9842519685039371,250.0,0.9911417322834646,251.75,Qwen/Qwen3.6-35B-A3B-FP8
logs,2,127,8,2032,same_model,1868,0.9192913385826772,164,0.08070866141732283,159,True,127,128,32,32,0,"[159, 40, 8]",0,True,32,True,128,159,32,0,0,32,"[128, 40, 8]",1,40,False,27c4d24f22e4a0ff0c38,"0,1",expected_aligned_shape,Qwen/Qwen3.6-35B-A3B-FP8,ok,32,127,254,176,0.6929133858267716,254,231,0.9094488188976378,62,0.4881889763779528,0.9798775153105863,248.88888888888889,0.9886811023622047,251.125,Qwen/Qwen3.6-35B-A3B-FP8
summarization,2,127,8,2032,same_model,1894,0.9320866141732284,138,0.06791338582677166,163,True,127,128,36,36,0,"[163, 40, 8]",0,True,36,True,128,163,36,0,0,36,"[128, 40, 8]",1,40,False,27cfd27b6f7be852ce3e,"0,1",expected_aligned_shape,Qwen/Qwen3.6-35B-A3B-FP8,ok,32,127,254,184,0.7244094488188977,254,231,0.9094488188976378,69,0.5433070866141733,0.9798775153105862,248.88888888888889,0.9886811023622047,251.125,Qwen/Qwen3.6-35B-A3B-FP8
summarization,2,127,8,2032,same_model,1890,0.9301181102362205,142,0.06988188976377953,167,True,127,128,40,40,0,"[167, 40, 8]",0,True,40,True,128,167,40,0,0,40,"[128, 40, 8]",1,40,False,283563fec936c7c1a5c4,"0,1",expected_aligned_shape,Qwen/Qwen3.6-35B-A3B-FP8,ok,32,127,254,190,0.7480314960629921,254,238,0.937007874015748,75,0.5905511811023622,0.9860017497812774,250.44444444444446,0.9921259842519685,252.0,Qwen/Qwen3.6-35B-A3B-FP8
low_margin,2,127,8,2032,same_model,1883,0.9266732283464567,149,0.0733267716535433,167,True,127,128,40,40,0,"[167, 40, 8]",0,True,40,True,128,167,40,0,0,40,"[128, 40, 8]",1,40,False,2875b005621c9a1ca52b,"0,1",expected_aligned_shape,Qwen/Qwen3.6-35B-A3B-FP8,ok,32,127,254,185,0.7283464566929134,254,239,0.9409448818897638,68,0.5354330708661418,0.9868766404199475,250.66666666666666,0.9926181102362205,252.125,Qwen/Qwen3.6-35B-A3B-FP8
chat,2,127,8,2032,same_model,1872,0.9212598425196851,160,0.07874015748031496,159,True,127,128,32,32,0,"[159, 40, 8]",0,True,32,True,128,159,32,0,0,32,"[128, 40, 8]",1,40,False,296354faad4c255cfd2d,"0,1",expected_aligned_shape,Qwen/Qwen3.6-35B-A3B-FP8,ok,32,127,254,182,0.7165354330708661,254,237,0.9330708661417323,66,0.5196850393700787,0.9851268591426072,250.22222222222223,0.9916338582677166,251.875,Qwen/Qwen3.6-35B-A3B-FP8
code,2,127,8,2032,same_model,1897,0.9335629921259843,135,0.06643700787401575,159,True,127,128,32,32,0,"[159, 40, 8]",0,True,32,True,128,159,32,0,0,32,"[128, 40, 8]",1,40,False,29969beda4473edae4db,"0,1",expected_aligned_shape,Qwen/Qwen3.6-35B-A3B-FP8,ok,32,127,254,188,0.7401574803149606,254,234,0.9212598425196851,73,0.5748031496062992,0.9825021872265968,249.55555555555554,0.9901574803149606,251.5,Qwen/Qwen3.6-35B-A3B-FP8
needle,2,127,8,2032,same_model,1906,0.937992125984252,126,0.06200787401574803,159,True,127,128,32,32,0,"[159, 40, 8]",0,True,32,True,128,159,32,0,0,32,"[128, 40, 8]",1,40,False,29df90da31edeb076100,"0,1",expected_aligned_shape,Qwen/Qwen3.6-35B-A3B-FP8,ok,32,127,254,193,0.7598425196850394,254,233,0.9173228346456693,75,0.5905511811023622,0.9816272965879266,249.33333333333334,0.9896653543307087,251.375,Qwen/Qwen3.6-35B-A3B-FP8
code,2,127,8,2032,same_model,1887,0.9286417322834646,145,0.07135826771653543,165,True,127,128,38,38,0,"[165, 40, 8]",0,True,38,True,128,165,38,0,0,38,"[128, 40, 8]",1,40,False,29f2b9019a91ff75122a,"0,1",expected_aligned_shape,Qwen/Qwen3.6-35B-A3B-FP8,ok,32,127,254,194,0.7637795275590551,254,237,0.9330708661417323,76,0.5984251968503937,0.9851268591426072,250.22222222222223,0.9916338582677166,251.875,Qwen/Qwen3.6-35B-A3B-FP8
short_qa,2,127,8,2032,same_model,1899,0.9345472440944882,133,0.0654527559055118,166,True,127,128,39,39,0,"[166, 40, 8]",0,True,39,True,128,166,39,0,0,39,"[128, 40, 8]",1,40,False,2a0da392f97bc56387a1,"0,1",expected_aligned_shape,Qwen/Qwen3.6-35B-A3B-FP8,ok,32,127,254,184,0.7244094488188977,254,232,0.9133858267716536,65,0.5118110236220472,0.9807524059492565,249.11111111111111,0.9891732283464567,251.25,Qwen/Qwen3.6-35B-A3B-FP8
mixed_language,2,127,8,2032,same_model,1879,0.9247047244094488,153,0.07529527559055119,159,True,127,128,32,32,0,"[159, 40, 8]",0,True,32,True,128,159,32,0,0,32,"[128, 40, 8]",1,40,False,2a4cb26fc9d198381d7c,"0,1",expected_aligned_shape,Qwen/Qwen3.6-35B-A3B-FP8,ok,32,127,254,181,0.7125984251968503,254,230,0.905511811023622,68,0.5354330708661418,0.979002624671916,248.66666666666666,0.9881889763779528,251.0,Qwen/Qwen3.6-35B-A3B-FP8
math_numeric,2,127,8,2032,same_model,1884,0.9271653543307087,148,0.07283464566929133,159,True,127,128,32,32,0,"[159, 40, 8]",0,True,32,True,128,159,32,0,0,32,"[128, 40, 8]",1,40,False,2a8e0c56729920028938,"0,1",expected_aligned_shape,Qwen/Qwen3.6-35B-A3B-FP8,ok,32,127,254,189,0.7440944881889764,254,236,0.9291338582677166,69,0.5433070866141733,0.984251968503937,250.0,0.9911417322834646,251.75,Qwen/Qwen3.6-35B-A3B-FP8
code,2,127,8,2032,same_model,1894,0.9320866141732284,138,0.06791338582677166,159,True,127,128,32,32,0,"[159, 40, 8]",0,True,32,True,128,159,32,0,0,32,"[128, 40, 8]",1,40,False,2a90d069c00b6726d1c9,"0,1",expected_aligned_shape,Qwen/Qwen3.6-35B-A3B-FP8,ok,32,127,254,184,0.7244094488188977,254,239,0.9409448818897638,65,0.5118110236220472,0.9868766404199476,250.66666666666666,0.9926181102362205,252.125,Qwen/Qwen3.6-35B-A3B-FP8
low_margin,2,127,8,2032,same_model,1900,0.9350393700787402,132,0.06496062992125984,167,True,127,128,40,40,0,"[167, 40, 8]",0,True,40,True,128,167,40,0,0,40,"[128, 40, 8]",1,40,False,2af65a7c16bf4ea4f9d6,"0,1",expected_aligned_shape,Qwen/Qwen3.6-35B-A3B-FP8,ok,32,127,254,185,0.7283464566929134,254,226,0.889763779527559,64,0.5039370078740157,0.9755030621172354,247.77777777777777,0.9862204724409449,250.5,Qwen/Qwen3.6-35B-A3B-FP8
math_numeric,2,127,8,2032,same_model,1865,0.9178149606299213,167,0.08218503937007875,159,True,127,128,32,32,0,"[159, 40, 8]",0,True,32,True,128,159,32,0,0,32,"[128, 40, 8]",1,40,False,2b115a45164b6f052a85,"0,1",expected_aligned_shape,Qwen/Qwen3.6-35B-A3B-FP8,ok,32,127,254,177,0.6968503937007874,254,240,0.9448818897637795,60,0.47244094488188976,0.9877515310586178,250.88888888888889,0.9931102362204725,252.25,Qwen/Qwen3.6-35B-A3B-FP8
summarization,2,127,8,2032,same_model,1898,0.9340551181102362,134,0.06594488188976377,167,True,127,128,40,40,0,"[167, 40, 8]",0,True,40,True,128,167,40,0,0,40,"[128, 40, 8]",1,40,False,2b3f6fc832e4ed6e419e,"0,1",expected_aligned_shape,Qwen/Qwen3.6-35B-A3B-FP8,ok,32,127,254,187,0.7362204724409449,254,233,0.9173228346456693,72,0.5669291338582677,0.9816272965879266,249.33333333333334,0.9896653543307087,251.375,Qwen/Qwen3.6-35B-A3B-FP8
summarization,2,127,8,2032,same_model,1891,0.9306102362204725,141,0.06938976377952756,167,True,127,128,40,40,0,"[167, 40, 8]",0,True,40,True,128,167,40,0,0,40,"[128, 40, 8]",1,40,False,2ba6021a91efc5816cf2,"0,1",expected_aligned_shape,Qwen/Qwen3.6-35B-A3B-FP8,ok,32,127,254,184,0.7244094488188977,254,236,0.9291338582677166,68,0.5354330708661418,0.9842519685039371,250.0,0.9911417322834646,251.75,Qwen/Qwen3.6-35B-A3B-FP8
needle,2,127,8,2032,same_model,1903,0.9365157480314961,129,0.06348425196850394,159,True,127,128,32,32,0,"[159, 40, 8]",0,True,32,True,128,159,32,0,0,32,"[128, 40, 8]",1,40,False,2c18391176e2ce6188a6,"0,1",expected_aligned_shape,Qwen/Qwen3.6-35B-A3B-FP8,ok,32,127,254,183,0.7204724409448819,254,227,0.8937007874015748,64,0.5039370078740157,0.9763779527559057,248.0,0.9867125984251969,250.625,Qwen/Qwen3.6-35B-A3B-FP8
mixed_language,2,127,8,2032,same_model,1890,0.9301181102362205,142,0.06988188976377953,159,True,127,128,32,32,0,"[159, 40, 8]",0,True,32,True,128,159,32,0,0,32,"[128, 40, 8]",1,40,False,2c58121ecdf0c3b65467,"0,1",expected_aligned_shape,Qwen/Qwen3.6-35B-A3B-FP8,ok,32,127,254,187,0.7362204724409449,254,234,0.9212598425196851,70,0.5511811023622047,0.9825021872265968,249.55555555555554,0.9901574803149606,251.5,Qwen/Qwen3.6-35B-A3B-FP8
chat,2,127,8,2032,same_model,1882,0.9261811023622047,150,0.07381889763779527,167,True,127,128,40,40,0,"[167, 40, 8]",0,True,40,True,128,167,40,0,0,40,"[128, 40, 8]",1,40,False,2cf1f67a6d6a938d71e4,"0,1",expected_aligned_shape,Qwen/Qwen3.6-35B-A3B-FP8,ok,32,127,254,178,0.7007874015748031,254,224,0.8818897637795275,67,0.5275590551181102,0.973753280839895,247.33333333333334,0.985236220472441,250.25,Qwen/Qwen3.6-35B-A3B-FP8
json_structured,2,127,8,2032,same_model,1865,0.9178149606299213,167,0.08218503937007875,159,True,127,128,32,32,0,"[159, 40, 8]",0,True,32,True,128,159,32,0,0,32,"[128, 40, 8]",1,40,False,2d0d2ba850c9b5fccf0e,"0,1",expected_aligned_shape,Qwen/Qwen3.6-35B-A3B-FP8,ok,32,127,254,175,0.6889763779527559,254,233,0.9173228346456693,66,0.5196850393700787,0.9816272965879266,249.33333333333334,0.9896653543307087,251.375,Qwen/Qwen3.6-35B-A3B-FP8
json_structured,2,127,8,2032,same_model,1884,0.9271653543307087,148,0.07283464566929133,159,True,127,128,32,32,0,"[159, 40, 8]",0,True,32,True,128,159,32,0,0,32,"[128, 40, 8]",1,40,False,2d0ef85729f78017baca,"0,1",expected_aligned_shape,Qwen/Qwen3.6-35B-A3B-FP8,ok,32,127,254,180,0.7086614173228346,254,234,0.9212598425196851,59,0.4645669291338583,0.9825021872265967,249.55555555555554,0.9901574803149606,251.5,Qwen/Qwen3.6-35B-A3B-FP8
chat,2,127,8,2032,same_model,1875,0.922736220472441,157,0.07726377952755906,159,True,127,128,32,32,0,"[159, 40, 8]",0,True,32,True,128,159,32,0,0,32,"[128, 40, 8]",1,40,False,2d5b0dcf6053736ddef2,"0,1",expected_aligned_shape,Qwen/Qwen3.6-35B-A3B-FP8,ok,32,127,254,182,0.7165354330708661,254,233,0.9173228346456693,68,0.5354330708661418,0.9816272965879265,249.33333333333334,0.9896653543307087,251.375,Qwen/Qwen3.6-35B-A3B-FP8
code,2,127,8,2032,same_model,1883,0.9266732283464567,149,0.0733267716535433,159,True,127,128,32,32,0,"[159, 40, 8]",0,True,32,True,128,159,32,0,0,32,"[128, 40, 8]",1,40,False,2d69d60265232caf677f,"0,1",expected_aligned_shape,Qwen/Qwen3.6-35B-A3B-FP8,ok,32,127,254,182,0.7165354330708661,254,233,0.9173228346456693,63,0.49606299212598426,0.9816272965879266,249.33333333333334,0.9896653543307087,251.375,Qwen/Qwen3.6-35B-A3B-FP8
chat,2,127,8,2032,same_model,1878,0.9242125984251969,154,0.07578740157480315,159,True,127,128,32,32,0,"[159, 40, 8]",0,True,32,True,128,159,32,0,0,32,"[128, 40, 8]",1,40,False,2dd24a1c8445c2fab792,"0,1",expected_aligned_shape,Qwen/Qwen3.6-35B-A3B-FP8,ok,32,127,254,184,0.7244094488188977,254,232,0.9133858267716536,64,0.5039370078740157,0.9807524059492564,249.11111111111111,0.9891732283464567,251.25,Qwen/Qwen3.6-35B-A3B-FP8
math_numeric,2,127,8,2032,same_model,1875,0.922736220472441,157,0.07726377952755906,159,True,127,128,32,32,0,"[159, 40, 8]",0,True,32,True,128,159,32,0,0,32,"[128, 40, 8]",1,40,False,2dd89ff7a506dbb6344a,"0,1",expected_aligned_shape,Qwen/Qwen3.6-35B-A3B-FP8,ok,32,127,254,179,0.7047244094488189,254,232,0.9133858267716536,66,0.5196850393700787,0.9800524934383202,248.93333333333334,0.9886811023622047,251.125,Qwen/Qwen3.6-35B-A3B-FP8
logs,2,127,8,2032,same_model,1882,0.9261811023622047,150,0.07381889763779527,159,True,127,128,32,32,0,"[159, 40, 8]",0,True,32,True,128,159,32,0,0,32,"[128, 40, 8]",1,40,False,2de2e2e7087b0e6e04f9,"0,1",expected_aligned_shape,Qwen/Qwen3.6-35B-A3B-FP8,ok,32,127,254,190,0.7480314960629921,254,248,0.9763779527559056,71,0.5590551181102362,0.994750656167979,252.66666666666666,0.9970472440944882,253.25,Qwen/Qwen3.6-35B-A3B-FP8
needle,2,127,8,2032,same_model,1878,0.9242125984251969,154,0.07578740157480315,159,True,127,128,32,32,0,"[159, 40, 8]",0,True,32,True,128,159,32,0,0,32,"[128, 40, 8]",1,40,False,2e7575899bd304d2d2aa,"0,1",expected_aligned_shape,Qwen/Qwen3.6-35B-A3B-FP8,ok,32,127,254,180,0.7086614173228346,254,228,0.8976377952755905,64,0.5039370078740157,0.9772528433945757,248.22222222222223,0.9872047244094488,250.75,Qwen/Qwen3.6-35B-A3B-FP8
low_margin,2,127,8,2032,same_model,1897,0.9335629921259843,135,0.06643700787401575,166,True,127,128,39,39,0,"[166, 40, 8]",0,True,39,True,128,166,39,0,0,39,"[128, 40, 8]",1,40,False,2ec53ea436b55402e7f9,"0,1",expected_aligned_shape,Qwen/Qwen3.6-35B-A3B-FP8,ok,32,127,254,187,0.7362204724409449,254,234,0.9212598425196851,67,0.5275590551181102,0.9825021872265967,249.55555555555554,0.9901574803149606,251.5,Qwen/Qwen3.6-35B-A3B-FP8
code,2,127,8,2032,same_model,1885,0.9276574803149606,147,0.07234251968503937,166,True,127,128,39,39,0,"[166, 40, 8]",0,True,39,True,128,166,39,0,0,39,"[128, 40, 8]",1,40,False,2ed770e69773a3d4a410,"0,1",expected_aligned_shape,Qwen/Qwen3.6-35B-A3B-FP8,ok,32,127,254,185,0.7283464566929134,254,244,0.9606299212598425,66,0.5196850393700787,0.9912510936132983,251.77777777777777,0.9950787401574803,252.75,Qwen/Qwen3.6-35B-A3B-FP8
json_structured,2,127,8,2032,same_model,1913,0.9414370078740157,119,0.05856299212598425,167,True,127,128,40,40,0,"[167, 40, 8]",0,True,40,True,128,167,40,0,0,40,"[128, 40, 8]",1,40,False,2efd61031f1c6cdea6a8,"0,1",expected_aligned_shape,Qwen/Qwen3.6-35B-A3B-FP8,ok,32,127,254,199,0.7834645669291339,254,242,0.952755905511811,80,0.6299212598425197,0.9895013123359581,251.33333333333334,0.9940944881889764,252.5,Qwen/Qwen3.6-35B-A3B-FP8
chat,2,127,8,2032,same_model,1892,0.9311023622047244,140,0.0688976377952756,167,True,127,128,40,40,0,"[167, 40, 8]",0,True,40,True,128,167,40,0,0,40,"[128, 40, 8]",1,40,False,2f2a6f799f8866a2a2c5,"0,1",expected_aligned_shape,Qwen/Qwen3.6-35B-A3B-FP8,ok,32,127,254,181,0.7125984251968503,254,232,0.9133858267716536,64,0.5039370078740157,0.9807524059492564,249.11111111111111,0.9891732283464567,251.25,Qwen/Qwen3.6-35B-A3B-FP8
short_qa,2,127,8,2032,same_model,1882,0.9261811023622047,150,0.07381889763779527,159,True,127,128,32,32,0,"[159, 40, 8]",0,True,32,True,128,159,32,0,0,32,"[128, 40, 8]",1,40,False,2faff12ca5d596e9d497,"0,1",expected_aligned_shape,Qwen/Qwen3.6-35B-A3B-FP8,ok,32,127,254,180,0.7086614173228346,254,235,0.9251968503937008,64,0.5039370078740157,0.9833770778652668,249.77777777777777,0.9906496062992126,251.625,Qwen/Qwen3.6-35B-A3B-FP8
mixed_language,2,127,8,2032,same_model,1851,0.9109251968503937,181,0.0890748031496063,159,True,127,128,32,32,0,"[159, 40, 8]",0,True,32,True,128,159,32,0,0,32,"[128, 40, 8]",1,40,False,3006b46ed5b9b78a3d4d,"0,1",expected_aligned_shape,Qwen/Qwen3.6-35B-A3B-FP8,ok,32,127,254,170,0.6692913385826772,254,234,0.9212598425196851,55,0.4330708661417323,0.9818022747156606,249.37777777777777,0.9896653543307087,251.375,Qwen/Qwen3.6-35B-A3B-FP8
logs,2,127,8,2032,same_model,1923,0.9463582677165354,109,0.05364173228346457,159,True,127,128,32,32,0,"[159, 40, 8]",0,True,32,True,128,159,32,0,0,32,"[128, 40, 8]",1,40,False,305cfdff6df3b5b4115f,"0,1",expected_aligned_shape,Qwen/Qwen3.6-35B-A3B-FP8,ok,32,127,254,200,0.7874015748031497,254,237,0.9330708661417323,82,0.6456692913385826,0.9851268591426072,250.22222222222223,0.9916338582677166,251.875,Qwen/Qwen3.6-35B-A3B-FP8
logs,2,127,8,2032,same_model,1880,0.9251968503937008,152,0.07480314960629922,159,True,127,128,32,32,0,"[159, 40, 8]",0,True,32,True,128,159,32,0,0,32,"[128, 40, 8]",1,40,False,306d63201cc2d78c630e,"0,1",expected_aligned_shape,Qwen/Qwen3.6-35B-A3B-FP8,ok,32,127,254,180,0.7086614173228346,254,229,0.9015748031496063,62,0.4881889763779528,0.9774278215223098,248.26666666666668,0.9872047244094488,250.75,Qwen/Qwen3.6-35B-A3B-FP8
summarization,2,127,8,2032,same_model,1879,0.9247047244094488,153,0.07529527559055119,163,True,127,128,36,36,0,"[163, 40, 8]",0,True,36,True,128,163,36,0,0,36,"[128, 40, 8]",1,40,False,307fa84fbecadb909d8f,"0,1",expected_aligned_shape,Qwen/Qwen3.6-35B-A3B-FP8,ok,32,127,254,183,0.7204724409448819,254,242,0.952755905511811,63,0.49606299212598426,0.989501312335958,251.33333333333334,0.9940944881889764,252.5,Qwen/Qwen3.6-35B-A3B-FP8
chat,2,127,8,2032,same_model,1896,0.9330708661417323,136,0.06692913385826772,159,True,127,128,32,32,0,"[159, 40, 8]",0,True,32,True,128,159,32,0,0,32,"[128, 40, 8]",1,40,False,31a45aa7d5d2d392ef89,"0,1",expected_aligned_shape,Qwen/Qwen3.6-35B-A3B-FP8,ok,32,127,254,183,0.7204724409448819,254,236,0.9291338582677166,69,0.5433070866141733,0.984251968503937,250.0,0.9911417322834646,251.75,Qwen/Qwen3.6-35B-A3B-FP8
logs,2,127,8,2032,same_model,1886,0.9281496062992126,146,0.0718503937007874,159,True,127,128,32,32,0,"[159, 40, 8]",0,True,32,True,128,159,32,0,0,32,"[128, 40, 8]",1,40,False,31c3478fb78674e3cd4e,"0,1",expected_aligned_shape,Qwen/Qwen3.6-35B-A3B-FP8,ok,32,127,254,187,0.7362204724409449,254,241,0.9488188976377953,68,0.5354330708661418,0.988626421697288,251.11111111111111,0.9936023622047244,252.375,Qwen/Qwen3.6-35B-A3B-FP8
short_qa,2,127,8,2032,same_model,1882,0.9261811023622047,150,0.07381889763779527,159,True,127,128,32,32,0,"[159, 40, 8]",0,True,32,True,128,159,32,0,0,32,"[128, 40, 8]",1,40,False,31fee49419bc1edfcbd2,"0,1",expected_aligned_shape,Qwen/Qwen3.6-35B-A3B-FP8,ok,32,127,254,182,0.7165354330708661,254,231,0.9094488188976378,62,0.4881889763779528,0.9798775153105862,248.88888888888889,0.9886811023622047,251.125,Qwen/Qwen3.6-35B-A3B-FP8
logs,2,127,8,2032,same_model,1882,0.9261811023622047,150,0.07381889763779527,159,True,127,128,32,32,0,"[159, 40, 8]",0,True,32,True,128,159,32,0,0,32,"[128, 40, 8]",1,40,False,3290320c83683f6d462b,"0,1",expected_aligned_shape,Qwen/Qwen3.6-35B-A3B-FP8,ok,32,127,254,184,0.7244094488188977,254,236,0.9291338582677166,67,0.5275590551181102,0.984251968503937,250.0,0.9911417322834646,251.75,Qwen/Qwen3.6-35B-A3B-FP8
code,2,127,8,2032,same_model,1878,0.9242125984251969,154,0.07578740157480315,159,True,127,128,32,32,0,"[159, 40, 8]",0,True,32,True,128,159,32,0,0,32,"[128, 40, 8]",1,40,False,32e043e23176d4c3411d,"0,1",expected_aligned_shape,Qwen/Qwen3.6-35B-A3B-FP8,ok,32,127,254,182,0.7165354330708661,254,234,0.9212598425196851,64,0.5039370078740157,0.9825021872265968,249.55555555555554,0.9901574803149606,251.5,Qwen/Qwen3.6-35B-A3B-FP8
json_structured,2,127,8,2032,same_model,1888,0.9291338582677166,144,0.07086614173228346,159,True,127,128,32,32,0,"[159, 40, 8]",0,True,32,True,128,159,32,0,0,32,"[128, 40, 8]",1,40,False,32f5ee73857974fea523,"0,1",expected_aligned_shape,Qwen/Qwen3.6-35B-A3B-FP8,ok,32,127,254,183,0.7204724409448819,254,235,0.9251968503937008,63,0.49606299212598426,0.9833770778652668,249.77777777777777,0.9906496062992126,251.625,Qwen/Qwen3.6-35B-A3B-FP8
summarization,2,127,8,2032,same_model,1884,0.9271653543307087,148,0.07283464566929133,163,True,127,128,36,36,0,"[163, 40, 8]",0,True,36,True,128,163,36,0,0,36,"[128, 40, 8]",1,40,False,3340908de9f496cba0e2,"0,1",expected_aligned_shape,Qwen/Qwen3.6-35B-A3B-FP8,ok,32,127,254,184,0.7244094488188977,254,230,0.905511811023622,63,0.49606299212598426,0.9790026246719161,248.66666666666666,0.9881889763779528,251.0,Qwen/Qwen3.6-35B-A3B-FP8
summarization,2,127,8,2032,same_model,1892,0.9311023622047244,140,0.0688976377952756,163,True,127,128,36,36,0,"[163, 40, 8]",0,True,36,True,128,163,36,0,0,36,"[128, 40, 8]",1,40,False,342272d1ab1e6d044aac,"0,1",expected_aligned_shape,Qwen/Qwen3.6-35B-A3B-FP8,ok,32,127,254,188,0.7401574803149606,254,237,0.9330708661417323,65,0.5118110236220472,0.9851268591426072,250.22222222222223,0.9916338582677166,251.875,Qwen/Qwen3.6-35B-A3B-FP8
chat,2,127,8,2032,same_model,1878,0.9242125984251969,154,0.07578740157480315,159,True,127,128,32,32,0,"[159, 40, 8]",0,True,32,True,128,159,32,0,0,32,"[128, 40, 8]",1,40,False,348585452bc0a6e12b3a,"0,1",expected_aligned_shape,Qwen/Qwen3.6-35B-A3B-FP8,ok,32,127,254,177,0.6968503937007874,254,234,0.9212598425196851,60,0.47244094488188976,0.9825021872265967,249.55555555555554,0.9901574803149606,251.5,Qwen/Qwen3.6-35B-A3B-FP8
summarization,2,127,8,2032,same_model,1917,0.9434055118110236,115,0.056594488188976375,167,True,127,128,40,40,0,"[167, 40, 8]",0,True,40,True,128,167,40,0,0,40,"[128, 40, 8]",1,40,False,349a8e46aff51f574f44,"0,1",expected_aligned_shape,Qwen/Qwen3.6-35B-A3B-FP8,ok,32,127,254,200,0.7874015748031497,254,239,0.9409448818897638,78,0.6141732283464567,0.9868766404199476,250.66666666666666,0.9926181102362205,252.125,Qwen/Qwen3.6-35B-A3B-FP8
logs,2,100,8,1600,same_model,1488,0.93,112,0.07,132,True,100,101,32,32,0,"[132, 40, 8]",0,True,32,True,101,132,32,0,0,32,"[101, 40, 8]",1,40,False,34c0e905650e348632f9,"0,1",expected_aligned_shape,Qwen/Qwen3.6-35B-A3B-FP8,ok,32,100,200,147,0.735,200,185,0.925,52,0.52,0.9833333333333334,196.66666666666666,0.990625,198.125,Qwen/Qwen3.6-35B-A3B-FP8
short_qa,2,127,8,2032,same_model,1908,0.9389763779527559,124,0.0610236220472441,159,True,127,128,32,32,0,"[159, 40, 8]",0,True,32,True,128,159,32,0,0,32,"[128, 40, 8]",1,40,False,34dfad8ce9c74861ca07,"0,1",expected_aligned_shape,Qwen/Qwen3.6-35B-A3B-FP8,ok,32,127,254,193,0.7598425196850394,254,244,0.9606299212598425,72,0.5669291338582677,0.9912510936132983,251.77777777777777,0.9950787401574803,252.75,Qwen/Qwen3.6-35B-A3B-FP8
json_structured,2,127,8,2032,same_model,1894,0.9320866141732284,138,0.06791338582677166,167,True,127,128,40,40,0,"[167, 40, 8]",0,True,40,True,128,167,40,0,0,40,"[128, 40, 8]",1,40,False,35047c6ea526d7ce48ba,"0,1",expected_aligned_shape,Qwen/Qwen3.6-35B-A3B-FP8,ok,32,127,254,190,0.7480314960629921,254,241,0.9488188976377953,70,0.5511811023622047,0.9886264216972879,251.11111111111111,0.9936023622047244,252.375,Qwen/Qwen3.6-35B-A3B-FP8
short_qa,2,127,8,2032,same_model,1907,0.9384842519685039,125,0.061515748031496065,159,True,127,128,32,32,0,"[159, 40, 8]",0,True,32,True,128,159,32,0,0,32,"[128, 40, 8]",1,40,False,3532be8afd12073281c9,"0,1",expected_aligned_shape,Qwen/Qwen3.6-35B-A3B-FP8,ok,32,127,254,190,0.7480314960629921,254,240,0.9448818897637795,69,0.5433070866141733,0.9877515310586177,250.88888888888889,0.9931102362204725,252.25,Qwen/Qwen3.6-35B-A3B-FP8
mixed_language,2,88,8,1408,same_model,1299,0.9225852272727273,109,0.07741477272727272,120,True,88,89,32,32,0,"[120, 40, 8]",0,True,32,True,89,120,32,0,0,32,"[89, 40, 8]",1,40,False,35800655e45bb8995456,"0,1",expected_aligned_shape,Qwen/Qwen3.6-35B-A3B-FP8,ok,32,88,176,127,0.7215909090909091,176,157,0.8920454545454546,48,0.5454545454545454,0.9750000000000001,171.6,0.9857954545454546,173.5,Qwen/Qwen3.6-35B-A3B-FP8
chat,2,127,8,2032,same_model,1901,0.9355314960629921,131,0.06446850393700787,159,True,127,128,32,32,0,"[159, 40, 8]",0,True,32,True,128,159,32,0,0,32,"[128, 40, 8]",1,40,False,35b365ba73f78ef0c33d,"0,1",expected_aligned_shape,Qwen/Qwen3.6-35B-A3B-FP8,ok,32,127,254,190,0.7480314960629921,254,237,0.9330708661417323,76,0.5984251968503937,0.9851268591426072,250.22222222222223,0.9916338582677166,251.875,Qwen/Qwen3.6-35B-A3B-FP8
mixed_language,2,88,8,1408,same_model,1307,0.9282670454545454,101,0.07173295454545454,120,True,88,89,32,32,0,"[120, 40, 8]",0,True,32,True,89,120,32,0,0,32,"[89, 40, 8]",1,40,False,35e01e8dc621b92d0cdb,"0,1",expected_aligned_shape,Qwen/Qwen3.6-35B-A3B-FP8,ok,32,88,176,130,0.7386363636363636,176,164,0.9318181818181818,50,0.5681818181818182,0.9848484848484849,173.33333333333334,0.9914772727272727,174.5,Qwen/Qwen3.6-35B-A3B-FP8
needle,2,127,8,2032,same_model,1881,0.9256889763779528,151,0.07431102362204725,159,True,127,128,32,32,0,"[159, 40, 8]",0,True,32,True,128,159,32,0,0,32,"[128, 40, 8]",1,40,False,36ec9c4c79cdab731b82,"0,1",expected_aligned_shape,Qwen/Qwen3.6-35B-A3B-FP8,ok,32,127,254,179,0.7047244094488189,254,230,0.905511811023622,65,0.5118110236220472,0.979002624671916,248.66666666666666,0.9881889763779528,251.0,Qwen/Qwen3.6-35B-A3B-FP8
low_margin,2,127,8,2032,same_model,1853,0.9119094488188977,179,0.08809055118110236,166,True,127,128,39,39,0,"[166, 40, 8]",0,True,39,True,128,166,39,0,0,39,"[128, 40, 8]",1,40,False,370a59b5425e02e1f2b0,"0,1",expected_aligned_shape,Qwen/Qwen3.6-35B-A3B-FP8,ok,32,127,254,170,0.6692913385826772,254,231,0.9094488188976378,58,0.4566929133858268,0.9798775153105863,248.88888888888889,0.9886811023622047,251.125,Qwen/Qwen3.6-35B-A3B-FP8
low_margin,2,127,8,2032,same_model,1890,0.9301181102362205,142,0.06988188976377953,167,True,127,128,40,40,0,"[167, 40, 8]",0,True,40,True,128,167,40,0,0,40,"[128, 40, 8]",1,40,False,371b5b44d66aefdf558d,"0,1",expected_aligned_shape,Qwen/Qwen3.6-35B-A3B-FP8,ok,32,127,254,183,0.7204724409448819,254,232,0.9133858267716536,66,0.5196850393700787,0.9807524059492563,249.11111111111111,0.9891732283464567,251.25,Qwen/Qwen3.6-35B-A3B-FP8
needle,2,127,8,2032,same_model,1862,0.9163385826771654,170,0.08366141732283465,159,True,127,128,32,32,0,"[159, 40, 8]",0,True,32,True,128,159,32,0,0,32,"[128, 40, 8]",1,40,False,374b1d4945def4d4efd4,"0,1",expected_aligned_shape,Qwen/Qwen3.6-35B-A3B-FP8,ok,32,127,254,177,0.6968503937007874,254,241,0.9488188976377953,66,0.5196850393700787,0.988626421697288,251.11111111111111,0.9936023622047244,252.375,Qwen/Qwen3.6-35B-A3B-FP8
json_structured,2,127,8,2032,same_model,1860,0.9153543307086615,172,0.08464566929133858,159,True,127,128,32,32,0,"[159, 40, 8]",0,True,32,True,128,159,32,0,0,32,"[128, 40, 8]",1,40,False,379da29819a8088367dc,"0,1",expected_aligned_shape,Qwen/Qwen3.6-35B-A3B-FP8,ok,32,127,254,172,0.6771653543307087,254,231,0.9094488188976378,56,0.4409448818897638,0.9798775153105863,248.88888888888889,0.9886811023622047,251.125,Qwen/Qwen3.6-35B-A3B-FP8
json_structured,2,127,8,2032,same_model,1886,0.9281496062992126,146,0.0718503937007874,159,True,127,128,32,32,0,"[159, 40, 8]",0,True,32,True,128,159,32,0,0,32,"[128, 40, 8]",1,40,False,37b9a01762e4f0996c56,"0,1",expected_aligned_shape,Qwen/Qwen3.6-35B-A3B-FP8,ok,32,127,254,185,0.7283464566929134,254,232,0.9133858267716536,69,0.5433070866141733,0.9807524059492564,249.11111111111111,0.9891732283464567,251.25,Qwen/Qwen3.6-35B-A3B-FP8
summarization,2,127,8,2032,same_model,1907,0.9384842519685039,125,0.061515748031496065,162,True,127,128,35,35,0,"[162, 40, 8]",0,True,35,True,128,162,35,0,0,35,"[128, 40, 8]",1,40,False,37d79710448be0c7fd7d,"0,1",expected_aligned_shape,Qwen/Qwen3.6-35B-A3B-FP8,ok,32,127,254,193,0.7598425196850394,254,238,0.937007874015748,72,0.5669291338582677,0.9860017497812773,250.44444444444446,0.9921259842519685,252.0,Qwen/Qwen3.6-35B-A3B-FP8
code,2,127,8,2032,same_model,1834,0.9025590551181102,198,0.09744094488188976,159,True,127,128,32,32,0,"[159, 40, 8]",0,True,32,True,128,159,32,0,0,32,"[128, 40, 8]",1,40,False,37e7fb39d385be54c1bd,"0,1",expected_aligned_shape,Qwen/Qwen3.6-35B-A3B-FP8,ok,32,127,254,162,0.6377952755905512,254,236,0.9291338582677166,48,0.3779527559055118,0.984251968503937,250.0,0.9911417322834646,251.75,Qwen/Qwen3.6-35B-A3B-FP8
low_margin,2,127,8,2032,same_model,1886,0.9281496062992126,146,0.0718503937007874,167,True,127,128,40,40,0,"[167, 40, 8]",0,True,40,True,128,167,40,0,0,40,"[128, 40, 8]",1,40,False,38366acf306e4da2179b,"0,1",expected_aligned_shape,Qwen/Qwen3.6-35B-A3B-FP8,ok,32,127,254,183,0.7204724409448819,254,234,0.9212598425196851,67,0.5275590551181102,0.9825021872265969,249.55555555555554,0.9901574803149606,251.5,Qwen/Qwen3.6-35B-A3B-FP8
summarization,2,127,8,2032,same_model,1868,0.9192913385826772,164,0.08070866141732283,159,True,127,128,32,32,0,"[159, 40, 8]",0,True,32,True,128,159,32,0,0,32,"[128, 40, 8]",1,40,False,3962771a74f7b1e3a14d,"0,1",expected_aligned_shape,Qwen/Qwen3.6-35B-A3B-FP8,ok,32,127,254,179,0.7047244094488189,254,234,0.9212598425196851,62,0.4881889763779528,0.9825021872265968,249.55555555555554,0.9901574803149606,251.5,Qwen/Qwen3.6-35B-A3B-FP8
low_margin,2,127,8,2032,same_model,1884,0.9271653543307087,148,0.07283464566929133,167,True,127,128,40,40,0,"[167, 40, 8]",0,True,40,True,128,167,40,0,0,40,"[128, 40, 8]",1,40,False,39aa24beea20a0a0f346,"0,1",expected_aligned_shape,Qwen/Qwen3.6-35B-A3B-FP8,ok,32,127,254,181,0.7125984251968503,254,232,0.9133858267716536,63,0.49606299212598426,0.9807524059492563,249.11111111111111,0.9891732283464567,251.25,Qwen/Qwen3.6-35B-A3B-FP8
low_margin,2,127,8,2032,same_model,1877,0.9237204724409449,155,0.07627952755905512,166,True,127,128,39,39,0,"[166, 40, 8]",0,True,39,True,128,166,39,0,0,39,"[128, 40, 8]",1,40,False,39f750f3bae2e6b4885f,"0,1",expected_aligned_shape,Qwen/Qwen3.6-35B-A3B-FP8,ok,32,127,254,181,0.7125984251968503,254,240,0.9448818897637795,63,0.49606299212598426,0.9877515310586178,250.88888888888889,0.9931102362204725,252.25,Qwen/Qwen3.6-35B-A3B-FP8
json_structured,2,127,8,2032,same_model,1901,0.9355314960629921,131,0.06446850393700787,159,True,127,128,32,32,0,"[159, 40, 8]",0,True,32,True,128,159,32,0,0,32,"[128, 40, 8]",1,40,False,3a9dd230544180ec1b1a,"0,1",expected_aligned_shape,Qwen/Qwen3.6-35B-A3B-FP8,ok,32,127,254,193,0.7598425196850394,254,240,0.9448818897637795,76,0.5984251968503937,0.9877515310586178,250.88888888888889,0.9931102362204725,252.25,Qwen/Qwen3.6-35B-A3B-FP8
logs,2,118,8,1888,same_model,1769,0.9369703389830508,119,0.06302966101694915,150,True,118,119,32,32,0,"[150, 40, 8]",0,True,32,True,119,150,32,0,0,32,"[119, 40, 8]",1,40,False,3aac56d964f2f6e4b917,"0,1",expected_aligned_shape,Qwen/Qwen3.6-35B-A3B-FP8,ok,32,118,236,181,0.7669491525423728,236,218,0.923728813559322,68,0.576271186440678,0.9830508474576272,232.0,0.9904661016949152,233.75,Qwen/Qwen3.6-35B-A3B-FP8
short_qa,2,127,8,2032,same_model,1903,0.9365157480314961,129,0.06348425196850394,166,True,127,128,39,39,0,"[166, 40, 8]",0,True,39,True,128,166,39,0,0,39,"[128, 40, 8]",1,40,False,3ac07a800f6ef8842790,"0,1",expected_aligned_shape,Qwen/Qwen3.6-35B-A3B-FP8,ok,32,127,254,189,0.7440944881889764,254,235,0.9251968503937008,70,0.5511811023622047,0.9833770778652668,249.77777777777777,0.9906496062992126,251.625,Qwen/Qwen3.6-35B-A3B-FP8
low_margin,2,127,8,2032,same_model,1932,0.9507874015748031,100,0.04921259842519685,167,True,127,128,40,40,0,"[167, 40, 8]",0,True,40,True,128,167,40,0,0,40,"[128, 40, 8]",1,40,False,3ace71c6584958f77666,"0,1",expected_aligned_shape,Qwen/Qwen3.6-35B-A3B-FP8,ok,32,127,254,206,0.8110236220472441,254,243,0.9566929133858267,84,0.6614173228346457,0.9903762029746283,251.55555555555554,0.9945866141732284,252.625,Qwen/Qwen3.6-35B-A3B-FP8
low_margin,2,127,8,2032,same_model,1901,0.9355314960629921,131,0.06446850393700787,167,True,127,128,40,40,0,"[167, 40, 8]",0,True,40,True,128,167,40,0,0,40,"[128, 40, 8]",1,40,False,3b04696ac7024bf2773d,"0,1",expected_aligned_shape,Qwen/Qwen3.6-35B-A3B-FP8,ok,32,127,254,191,0.7519685039370079,254,235,0.9251968503937008,72,0.5669291338582677,0.9833770778652668,249.77777777777777,0.9906496062992126,251.625,Qwen/Qwen3.6-35B-A3B-FP8
needle,2,127,8,2032,same_model,1892,0.9311023622047244,140,0.0688976377952756,159,True,127,128,32,32,0,"[159, 40, 8]",0,True,32,True,128,159,32,0,0,32,"[128, 40, 8]",1,40,False,3b55423e065febf6233a,"0,1",expected_aligned_shape,Qwen/Qwen3.6-35B-A3B-FP8,ok,32,127,254,182,0.7165354330708661,254,234,0.9212598425196851,64,0.5039370078740157,0.9825021872265967,249.55555555555554,0.9901574803149606,251.5,Qwen/Qwen3.6-35B-A3B-FP8
low_margin,2,127,8,2032,same_model,1865,0.9178149606299213,167,0.08218503937007875,166,True,127,128,39,39,0,"[166, 40, 8]",0,True,39,True,128,166,39,0,0,39,"[128, 40, 8]",1,40,False,3c28139abdde31977464,"0,1",expected_aligned_shape,Qwen/Qwen3.6-35B-A3B-FP8,ok,32,127,254,176,0.6929133858267716,254,232,0.9133858267716536,60,0.47244094488188976,0.9807524059492565,249.11111111111111,0.9891732283464567,251.25,Qwen/Qwen3.6-35B-A3B-FP8
needle,2,127,8,2032,same_model,1885,0.9276574803149606,147,0.07234251968503937,159,True,127,128,32,32,0,"[159, 40, 8]",0,True,32,True,128,159,32,0,0,32,"[128, 40, 8]",1,40,False,3c5721ebe26a4c364c84,"0,1",expected_aligned_shape,Qwen/Qwen3.6-35B-A3B-FP8,ok,32,127,254,179,0.7047244094488189,254,236,0.9291338582677166,62,0.4881889763779528,0.9842519685039371,250.0,0.9911417322834646,251.75,Qwen/Qwen3.6-35B-A3B-FP8
logs,2,127,8,2032,same_model,1898,0.9340551181102362,134,0.06594488188976377,159,True,127,128,32,32,0,"[159, 40, 8]",0,True,32,True,128,159,32,0,0,32,"[128, 40, 8]",1,40,False,3cdd9d9e1f76b4f73eda,"0,1",expected_aligned_shape,Qwen/Qwen3.6-35B-A3B-FP8,ok,32,127,254,187,0.7362204724409449,254,230,0.905511811023622,71,0.5590551181102362,0.9790026246719161,248.66666666666666,0.9881889763779528,251.0,Qwen/Qwen3.6-35B-A3B-FP8
logs,2,127,8,2032,same_model,1887,0.9286417322834646,145,0.07135826771653543,159,True,127,128,32,32,0,"[159, 40, 8]",0,True,32,True,128,159,32,0,0,32,"[128, 40, 8]",1,40,False,3d28b665983e69f60a25,"0,1",expected_aligned_shape,Qwen/Qwen3.6-35B-A3B-FP8,ok,32,127,254,191,0.7519685039370079,254,239,0.9409448818897638,69,0.5433070866141733,0.9868766404199476,250.66666666666666,0.9926181102362205,252.125,Qwen/Qwen3.6-35B-A3B-FP8
chat,2,127,8,2032,same_model,1893,0.9315944881889764,139,0.06840551181102363,166,True,127,128,39,39,0,"[166, 40, 8]",0,True,39,True,128,166,39,0,0,39,"[128, 40, 8]",1,40,False,3d3cd44da6c8d94f2172,"0,1",expected_aligned_shape,Qwen/Qwen3.6-35B-A3B-FP8,ok,32,127,254,185,0.7283464566929134,254,237,0.9330708661417323,66,0.5196850393700787,0.9851268591426072,250.22222222222223,0.9916338582677166,251.875,Qwen/Qwen3.6-35B-A3B-FP8
needle,2,127,8,2032,same_model,1900,0.9350393700787402,132,0.06496062992125984,159,True,127,128,32,32,0,"[159, 40, 8]",0,True,32,True,128,159,32,0,0,32,"[128, 40, 8]",1,40,False,3d856ad1b992bd493d08,"0,1",expected_aligned_shape,Qwen/Qwen3.6-35B-A3B-FP8,ok,32,127,254,188,0.7401574803149606,254,234,0.9212598425196851,73,0.5748031496062992,0.9825021872265968,249.55555555555554,0.9901574803149606,251.5,Qwen/Qwen3.6-35B-A3B-FP8
logs,2,122,8,1952,same_model,1850,0.9477459016393442,102,0.05225409836065574,154,True,122,123,32,32,0,"[154, 40, 8]",0,True,32,True,123,154,32,0,0,32,"[123, 40, 8]",1,40,False,3e5b299df901d38b178b,"0,1",expected_aligned_shape,Qwen/Qwen3.6-35B-A3B-FP8,ok,32,122,244,193,0.7909836065573771,244,231,0.9467213114754098,75,0.6147540983606558,0.98816029143898,241.11111111111111,0.9933401639344263,242.375,Qwen/Qwen3.6-35B-A3B-FP8
summarization,2,127,8,2032,same_model,1860,0.9153543307086615,172,0.08464566929133858,159,True,127,128,32,32,0,"[159, 40, 8]",0,True,32,True,128,159,32,0,0,32,"[128, 40, 8]",1,40,False,3e5c46c6df321119cd26,"0,1",expected_aligned_shape,Qwen/Qwen3.6-35B-A3B-FP8,ok,32,127,254,168,0.6614173228346457,254,227,0.8937007874015748,54,0.4251968503937008,0.9763779527559057,248.0,0.9867125984251969,250.625,Qwen/Qwen3.6-35B-A3B-FP8
chat,2,127,8,2032,same_model,1897,0.9335629921259843,135,0.06643700787401575,159,True,127,128,32,32,0,"[159, 40, 8]",0,True,32,True,128,159,32,0,0,32,"[128, 40, 8]",1,40,False,3f26a5c394be652f3767,"0,1",expected_aligned_shape,Qwen/Qwen3.6-35B-A3B-FP8,ok,32,127,254,185,0.7283464566929134,254,237,0.9330708661417323,64,0.5039370078740157,0.9851268591426072,250.22222222222223,0.9916338582677166,251.875,Qwen/Qwen3.6-35B-A3B-FP8
json_structured,2,127,8,2032,same_model,1899,0.9345472440944882,133,0.0654527559055118,167,True,127,128,40,40,0,"[167, 40, 8]",0,True,40,True,128,167,40,0,0,40,"[128, 40, 8]",1,40,False,3f3789f9c3fe422f9423,"0,1",expected_aligned_shape,Qwen/Qwen3.6-35B-A3B-FP8,ok,32,127,254,186,0.7322834645669292,254,233,0.9173228346456693,65,0.5118110236220472,0.9816272965879266,249.33333333333334,0.9896653543307087,251.375,Qwen/Qwen3.6-35B-A3B-FP8
code,2,127,8,2032,same_model,1862,0.9163385826771654,170,0.08366141732283465,159,True,127,128,32,32,0,"[159, 40, 8]",0,True,32,True,128,159,32,0,0,32,"[128, 40, 8]",1,40,False,3f3a25708cd822489f2a,"0,1",expected_aligned_shape,Qwen/Qwen3.6-35B-A3B-FP8,ok,32,127,254,180,0.7086614173228346,254,231,0.9094488188976378,64,0.5039370078740157,0.9798775153105862,248.88888888888889,0.9886811023622047,251.125,Qwen/Qwen3.6-35B-A3B-FP8
math_numeric,2,127,8,2032,same_model,1893,0.9315944881889764,139,0.06840551181102363,159,True,127,128,32,32,0,"[159, 40, 8]",0,True,32,True,128,159,32,0,0,32,"[128, 40, 8]",1,40,False,3ffb7f1f375f84864cfc,"0,1",expected_aligned_shape,Qwen/Qwen3.6-35B-A3B-FP8,ok,32,127,254,184,0.7244094488188977,254,231,0.9094488188976378,70,0.5511811023622047,0.9798775153105862,248.88888888888889,0.9886811023622047,251.125,Qwen/Qwen3.6-35B-A3B-FP8
chat,2,127,8,2032,same_model,1878,0.9242125984251969,154,0.07578740157480315,159,True,127,128,32,32,0,"[159, 40, 8]",0,True,32,True,128,159,32,0,0,32,"[128, 40, 8]",1,40,False,4009fcbf1638d3d23597,"0,1",expected_aligned_shape,Qwen/Qwen3.6-35B-A3B-FP8,ok,32,127,254,185,0.7283464566929134,254,233,0.9173228346456693,65,0.5118110236220472,0.9816272965879266,249.33333333333334,0.9896653543307087,251.375,Qwen/Qwen3.6-35B-A3B-FP8
low_margin,2,127,8,2032,same_model,1882,0.9261811023622047,150,0.07381889763779527,167,True,127,128,40,40,0,"[167, 40, 8]",0,True,40,True,128,167,40,0,0,40,"[128, 40, 8]",1,40,False,40b5ff7b4587f05b034f,"0,1",expected_aligned_shape,Qwen/Qwen3.6-35B-A3B-FP8,ok,32,127,254,181,0.7125984251968503,254,233,0.9173228346456693,65,0.5118110236220472,0.9809273840769904,249.15555555555557,0.9891732283464567,251.25,Qwen/Qwen3.6-35B-A3B-FP8
mixed_language,2,127,8,2032,same_model,1868,0.9192913385826772,164,0.08070866141732283,159,True,127,128,32,32,0,"[159, 40, 8]",0,True,32,True,128,159,32,0,0,32,"[128, 40, 8]",1,40,False,40ce23085418538e64c3,"0,1",expected_aligned_shape,Qwen/Qwen3.6-35B-A3B-FP8,ok,32,127,254,175,0.6889763779527559,254,234,0.9212598425196851,60,0.47244094488188976,0.9825021872265968,249.55555555555554,0.9901574803149606,251.5,Qwen/Qwen3.6-35B-A3B-FP8
math_numeric,2,127,8,2032,same_model,1681,0.827263779527559,351,0.17273622047244094,159,True,127,128,32,32,0,"[159, 40, 8]",0,True,32,True,128,159,32,0,0,32,"[128, 40, 8]",1,40,False,411ab2abee9987df2571,"0,1",expected_aligned_shape,Qwen/Qwen3.6-35B-A3B-FP8,ok,32,127,254,124,0.4881889763779528,254,213,0.8385826771653543,24,0.1889763779527559,0.9634295713035871,244.7111111111111,0.9793307086614174,248.75,Qwen/Qwen3.6-35B-A3B-FP8
mixed_language,2,127,8,2032,same_model,1849,0.9099409448818898,183,0.09005905511811024,159,True,127,128,32,32,0,"[159, 40, 8]",0,True,32,True,128,159,32,0,0,32,"[128, 40, 8]",1,40,False,415a0728ac9ea83b1309,"0,1",expected_aligned_shape,Qwen/Qwen3.6-35B-A3B-FP8,ok,32,127,254,177,0.6968503937007874,254,239,0.9409448818897638,61,0.48031496062992124,0.9868766404199476,250.66666666666666,0.9926181102362205,252.125,Qwen/Qwen3.6-35B-A3B-FP8
logs,2,127,8,2032,same_model,1880,0.9251968503937008,152,0.07480314960629922,159,True,127,128,32,32,0,"[159, 40, 8]",0,True,32,True,128,159,32,0,0,32,"[128, 40, 8]",1,40,False,4165d787d379ea7a5ffa,"0,1",expected_aligned_shape,Qwen/Qwen3.6-35B-A3B-FP8,ok,32,127,254,182,0.7165354330708661,254,235,0.9251968503937008,71,0.5590551181102362,0.9833770778652668,249.77777777777777,0.9906496062992126,251.625,Qwen/Qwen3.6-35B-A3B-FP8
summarization,2,127,8,2032,same_model,1898,0.9340551181102362,134,0.06594488188976377,159,True,127,128,32,32,0,"[159, 40, 8]",0,True,32,True,128,159,32,0,0,32,"[128, 40, 8]",1,40,False,41bce530715d20a74f04,"0,1",expected_aligned_shape,Qwen/Qwen3.6-35B-A3B-FP8,ok,32,127,254,187,0.7362204724409449,254,227,0.8937007874015748,66,0.5196850393700787,0.9763779527559054,248.0,0.9867125984251969,250.625,Qwen/Qwen3.6-35B-A3B-FP8
low_margin,2,127,8,2032,same_model,1887,0.9286417322834646,145,0.07135826771653543,167,True,127,128,40,40,0,"[167, 40, 8]",0,True,40,True,128,167,40,0,0,40,"[128, 40, 8]",1,40,False,41d62da7fd8b816315fd,"0,1",expected_aligned_shape,Qwen/Qwen3.6-35B-A3B-FP8,ok,32,127,254,186,0.7322834645669292,254,238,0.937007874015748,67,0.5275590551181102,0.9860017497812774,250.44444444444446,0.9921259842519685,252.0,Qwen/Qwen3.6-35B-A3B-FP8
short_qa,2,127,8,2032,same_model,1891,0.9306102362204725,141,0.06938976377952756,159,True,127,128,32,32,0,"[159, 40, 8]",0,True,32,True,128,159,32,0,0,32,"[128, 40, 8]",1,40,False,41f4134c2ed868595966,"0,1",expected_aligned_shape,Qwen/Qwen3.6-35B-A3B-FP8,ok,32,127,254,185,0.7283464566929134,254,232,0.9133858267716536,66,0.5196850393700787,0.9807524059492564,249.11111111111111,0.9891732283464567,251.25,Qwen/Qwen3.6-35B-A3B-FP8
logs,2,127,8,2032,same_model,1895,0.9325787401574803,137,0.06742125984251969,159,True,127,128,32,32,0,"[159, 40, 8]",0,True,32,True,128,159,32,0,0,32,"[128, 40, 8]",1,40,False,4220c67106fd28a2809c,"0,1",expected_aligned_shape,Qwen/Qwen3.6-35B-A3B-FP8,ok,32,127,254,183,0.7204724409448819,254,234,0.9212598425196851,66,0.5196850393700787,0.9825021872265967,249.55555555555554,0.9901574803149606,251.5,Qwen/Qwen3.6-35B-A3B-FP8
logs,2,127,8,2032,same_model,1883,0.9266732283464567,149,0.0733267716535433,159,True,127,128,32,32,0,"[159, 40, 8]",0,True,32,True,128,159,32,0,0,32,"[128, 40, 8]",1,40,False,4261df1ce325d8114532,"0,1",expected_aligned_shape,Qwen/Qwen3.6-35B-A3B-FP8,ok,32,127,254,184,0.7244094488188977,254,234,0.9212598425196851,66,0.5196850393700787,0.9825021872265968,249.55555555555554,0.9901574803149606,251.5,Qwen/Qwen3.6-35B-A3B-FP8
short_qa,2,127,8,2032,same_model,1895,0.9325787401574803,137,0.06742125984251969,165,True,127,128,38,38,0,"[165, 40, 8]",0,True,38,True,128,165,38,0,0,38,"[128, 40, 8]",1,40,False,427558f1540f9f15a1d6,"0,1",expected_aligned_shape,Qwen/Qwen3.6-35B-A3B-FP8,ok,32,127,254,186,0.7322834645669292,254,239,0.9409448818897638,66,0.5196850393700787,0.9868766404199476,250.66666666666666,0.9926181102362205,252.125,Qwen/Qwen3.6-35B-A3B-FP8
json_structured,2,127,8,2032,same_model,1850,0.9104330708661418,182,0.08956692913385826,159,True,127,128,32,32,0,"[159, 40, 8]",0,True,32,True,128,159,32,0,0,32,"[128, 40, 8]",1,40,False,42abd1e418ebe6245bf3,"0,1",expected_aligned_shape,Qwen/Qwen3.6-35B-A3B-FP8,ok,32,127,254,167,0.65748031496063,254,225,0.8858267716535433,54,0.4251968503937008,0.9746281714785652,247.55555555555554,0.9857283464566929,250.375,Qwen/Qwen3.6-35B-A3B-FP8
json_structured,2,127,8,2032,same_model,1858,0.9143700787401575,174,0.08562992125984252,159,True,127,128,32,32,0,"[159, 40, 8]",0,True,32,True,128,159,32,0,0,32,"[128, 40, 8]",1,40,False,42b8e417717225a898b1,"0,1",expected_aligned_shape,Qwen/Qwen3.6-35B-A3B-FP8,ok,32,127,254,170,0.6692913385826772,254,223,0.8779527559055118,59,0.4645669291338583,0.9728783902012249,247.11111111111111,0.984744094488189,250.125,Qwen/Qwen3.6-35B-A3B-FP8
needle,2,127,8,2032,same_model,1886,0.9281496062992126,146,0.0718503937007874,159,True,127,128,32,32,0,"[159, 40, 8]",0,True,32,True,128,159,32,0,0,32,"[128, 40, 8]",1,40,False,42c364ec679d7133c006,"0,1",expected_aligned_shape,Qwen/Qwen3.6-35B-A3B-FP8,ok,32,127,254,182,0.7165354330708661,254,229,0.9015748031496063,65,0.5118110236220472,0.9781277340332459,248.44444444444446,0.9876968503937008,250.875,Qwen/Qwen3.6-35B-A3B-FP8
mixed_language,2,127,8,2032,same_model,1878,0.9242125984251969,154,0.07578740157480315,159,True,127,128,32,32,0,"[159, 40, 8]",0,True,32,True,128,159,32,0,0,32,"[128, 40, 8]",1,40,False,42e391dcb5a629446173,"0,1",expected_aligned_shape,Qwen/Qwen3.6-35B-A3B-FP8,ok,32,127,254,175,0.6889763779527559,254,233,0.9173228346456693,60,0.47244094488188976,0.9816272965879266,249.33333333333334,0.9896653543307087,251.375,Qwen/Qwen3.6-35B-A3B-FP8
chat,2,127,8,2032,same_model,1880,0.9251968503937008,152,0.07480314960629922,166,True,127,128,39,39,0,"[166, 40, 8]",0,True,39,True,128,166,39,0,0,39,"[128, 40, 8]",1,40,False,4418047bdabefce010fe,"0,1",expected_aligned_shape,Qwen/Qwen3.6-35B-A3B-FP8,ok,32,127,254,178,0.7007874015748031,254,228,0.8976377952755905,61,0.48031496062992124,0.9772528433945757,248.22222222222223,0.9872047244094488,250.75,Qwen/Qwen3.6-35B-A3B-FP8
code,2,127,8,2032,same_model,1875,0.922736220472441,157,0.07726377952755906,159,True,127,128,32,32,0,"[159, 40, 8]",0,True,32,True,128,159,32,0,0,32,"[128, 40, 8]",1,40,False,44f20a853c811c28806e,"0,1",expected_aligned_shape,Qwen/Qwen3.6-35B-A3B-FP8,ok,32,127,254,175,0.6889763779527559,254,226,0.889763779527559,64,0.5039370078740157,0.9748031496062993,247.6,0.9857283464566929,250.375,Qwen/Qwen3.6-35B-A3B-FP8
needle,2,127,8,2032,same_model,1867,0.9187992125984252,165,0.0812007874015748,159,True,127,128,32,32,0,"[159, 40, 8]",0,True,32,True,128,159,32,0,0,32,"[128, 40, 8]",1,40,False,451ad8eda986ccf73fbb,"0,1",expected_aligned_shape,Qwen/Qwen3.6-35B-A3B-FP8,ok,32,127,254,172,0.6771653543307087,254,229,0.9015748031496063,57,0.44881889763779526,0.9781277340332459,248.44444444444446,0.9876968503937008,250.875,Qwen/Qwen3.6-35B-A3B-FP8
logs,2,85,8,1360,same_model,1262,0.9279411764705883,98,0.07205882352941176,117,True,85,86,32,32,0,"[117, 40, 8]",0,True,32,True,86,117,32,0,0,32,"[86, 40, 8]",1,40,False,451add3f8bf9cd993f41,"0,1",expected_aligned_shape,Qwen/Qwen3.6-35B-A3B-FP8,ok,32,85,170,121,0.711764705882353,170,152,0.8941176470588236,47,0.5529411764705883,0.9764705882352941,166.0,0.986764705882353,167.75,Qwen/Qwen3.6-35B-A3B-FP8
short_qa,2,127,8,2032,same_model,1886,0.9281496062992126,146,0.0718503937007874,159,True,127,128,32,32,0,"[159, 40, 8]",0,True,32,True,128,159,32,0,0,32,"[128, 40, 8]",1,40,False,45465666bb6ce5aec200,"0,1",expected_aligned_shape,Qwen/Qwen3.6-35B-A3B-FP8,ok,32,127,254,184,0.7244094488188977,254,233,0.9173228346456693,66,0.5196850393700787,0.9816272965879266,249.33333333333334,0.9896653543307087,251.375,Qwen/Qwen3.6-35B-A3B-FP8
logs,2,127,8,2032,same_model,1895,0.9325787401574803,137,0.06742125984251969,159,True,127,128,32,32,0,"[159, 40, 8]",0,True,32,True,128,159,32,0,0,32,"[128, 40, 8]",1,40,False,45b9f3408d1931033c5b,"0,1",expected_aligned_shape,Qwen/Qwen3.6-35B-A3B-FP8,ok,32,127,254,190,0.7480314960629921,254,239,0.9409448818897638,71,0.5590551181102362,0.9868766404199476,250.66666666666666,0.9926181102362205,252.125,Qwen/Qwen3.6-35B-A3B-FP8
short_qa,2,127,8,2032,same_model,1919,0.9443897637795275,113,0.05561023622047244,166,True,127,128,39,39,0,"[166, 40, 8]",0,True,39,True,128,166,39,0,0,39,"[128, 40, 8]",1,40,False,460f129abff27360b391,"0,1",expected_aligned_shape,Qwen/Qwen3.6-35B-A3B-FP8,ok,32,127,254,200,0.7874015748031497,254,245,0.9645669291338582,79,0.6220472440944882,0.9921259842519685,252.0,0.9955708661417323,252.875,Qwen/Qwen3.6-35B-A3B-FP8
low_margin,2,127,8,2032,same_model,1890,0.9301181102362205,142,0.06988188976377953,167,True,127,128,40,40,0,"[167, 40, 8]",0,True,40,True,128,167,40,0,0,40,"[128, 40, 8]",1,40,False,46af2cc3aae728098eb3,"0,1",expected_aligned_shape,Qwen/Qwen3.6-35B-A3B-FP8,ok,32,127,254,184,0.7244094488188977,254,230,0.905511811023622,64,0.5039370078740157,0.9790026246719161,248.66666666666666,0.9881889763779528,251.0,Qwen/Qwen3.6-35B-A3B-FP8
chat,2,127,8,2032,same_model,1879,0.9247047244094488,153,0.07529527559055119,167,True,127,128,40,40,0,"[167, 40, 8]",0,True,40,True,128,167,40,0,0,40,"[128, 40, 8]",1,40,False,46c6f8325f85be337f2c,"0,1",expected_aligned_shape,Qwen/Qwen3.6-35B-A3B-FP8,ok,32,127,254,173,0.6811023622047244,254,236,0.9291338582677166,59,0.4645669291338583,0.984251968503937,250.0,0.9911417322834646,251.75,Qwen/Qwen3.6-35B-A3B-FP8
summarization,2,127,8,2032,same_model,1877,0.9237204724409449,155,0.07627952755905512,159,True,127,128,32,32,0,"[159, 40, 8]",0,True,32,True,128,159,32,0,0,32,"[128, 40, 8]",1,40,False,46fc3dfdf55cc80a2aa8,"0,1",expected_aligned_shape,Qwen/Qwen3.6-35B-A3B-FP8,ok,32,127,254,181,0.7125984251968503,254,236,0.9291338582677166,65,0.5118110236220472,0.984251968503937,250.0,0.9911417322834646,251.75,Qwen/Qwen3.6-35B-A3B-FP8
mixed_language,2,84,8,1344,same_model,1267,0.9427083333333334,77,0.057291666666666664,116,True,84,85,32,32,0,"[116, 40, 8]",0,True,32,True,85,116,32,0,0,32,"[85, 40, 8]",1,40,False,478e9c6d33a2bece3e83,"0,1",expected_aligned_shape,Qwen/Qwen3.6-35B-A3B-FP8,ok,32,84,168,128,0.7619047619047619,168,152,0.9047619047619048,51,0.6071428571428571,0.978835978835979,164.44444444444446,0.9880952380952381,166.0,Qwen/Qwen3.6-35B-A3B-FP8
low_margin,2,127,8,2032,same_model,1889,0.9296259842519685,143,0.0703740157480315,167,True,127,128,40,40,0,"[167, 40, 8]",0,True,40,True,128,167,40,0,0,40,"[128, 40, 8]",1,40,False,479793bea2533c2645f7,"0,1",expected_aligned_shape,Qwen/Qwen3.6-35B-A3B-FP8,ok,32,127,254,186,0.7322834645669292,254,232,0.9133858267716536,71,0.5590551181102362,0.9807524059492565,249.11111111111111,0.9891732283464567,251.25,Qwen/Qwen3.6-35B-A3B-FP8
code,2,127,8,2032,same_model,1896,0.9330708661417323,136,0.06692913385826772,166,True,127,128,39,39,0,"[166, 40, 8]",0,True,39,True,128,166,39,0,0,39,"[128, 40, 8]",1,40,False,47c67a5c38c43dbe99ea,"0,1",expected_aligned_shape,Qwen/Qwen3.6-35B-A3B-FP8,ok,32,127,254,190,0.7480314960629921,254,234,0.9212598425196851,72,0.5669291338582677,0.9825021872265968,249.55555555555554,0.9901574803149606,251.5,Qwen/Qwen3.6-35B-A3B-FP8
short_qa,2,127,8,2032,same_model,1904,0.937007874015748,128,0.06299212598425197,166,True,127,128,39,39,0,"[166, 40, 8]",0,True,39,True,128,166,39,0,0,39,"[128, 40, 8]",1,40,False,481f35627e74400c8fba,"0,1",expected_aligned_shape,Qwen/Qwen3.6-35B-A3B-FP8,ok,32,127,254,190,0.7480314960629921,254,237,0.9330708661417323,71,0.5590551181102362,0.9851268591426072,250.22222222222223,0.9916338582677166,251.875,Qwen/Qwen3.6-35B-A3B-FP8
mixed_language,2,127,8,2032,same_model,1844,0.90748031496063,188,0.09251968503937008,159,True,127,128,32,32,0,"[159, 40, 8]",0,True,32,True,128,159,32,0,0,32,"[128, 40, 8]",1,40,False,48717f584d2afa30bbf3,"0,1",expected_aligned_shape,Qwen/Qwen3.6-35B-A3B-FP8,ok,32,127,254,161,0.6338582677165354,254,226,0.889763779527559,53,0.41732283464566927,0.9755030621172354,247.77777777777777,0.9862204724409449,250.5,Qwen/Qwen3.6-35B-A3B-FP8
needle,2,127,8,2032,same_model,1884,0.9271653543307087,148,0.07283464566929133,159,True,127,128,32,32,0,"[159, 40, 8]",0,True,32,True,128,159,32,0,0,32,"[128, 40, 8]",1,40,False,48a42ee1983e2e416ce5,"0,1",expected_aligned_shape,Qwen/Qwen3.6-35B-A3B-FP8,ok,32,127,254,180,0.7086614173228346,254,227,0.8937007874015748,65,0.5118110236220472,0.9763779527559056,248.0,0.9867125984251969,250.625,Qwen/Qwen3.6-35B-A3B-FP8
mixed_language,2,127,8,2032,same_model,1852,0.9114173228346457,180,0.08858267716535433,159,True,127,128,32,32,0,"[159, 40, 8]",0,True,32,True,128,159,32,0,0,32,"[128, 40, 8]",1,40,False,48be08c6b58230fff2a0,"0,1",expected_aligned_shape,Qwen/Qwen3.6-35B-A3B-FP8,ok,32,127,254,169,0.6653543307086615,254,231,0.9094488188976378,54,0.4251968503937008,0.9798775153105861,248.88888888888889,0.9886811023622047,251.125,Qwen/Qwen3.6-35B-A3B-FP8
json_structured,2,127,8,2032,same_model,1882,0.9261811023622047,150,0.07381889763779527,159,True,127,128,32,32,0,"[159, 40, 8]",0,True,32,True,128,159,32,0,0,32,"[128, 40, 8]",1,40,False,48f8722607f9778c8569,"0,1",expected_aligned_shape,Qwen/Qwen3.6-35B-A3B-FP8,ok,32,127,254,177,0.6968503937007874,254,226,0.889763779527559,61,0.48031496062992124,0.9755030621172354,247.77777777777777,0.9862204724409449,250.5,Qwen/Qwen3.6-35B-A3B-FP8
summarization,2,127,8,2032,same_model,1876,0.9232283464566929,156,0.07677165354330709,159,True,127,128,32,32,0,"[159, 40, 8]",0,True,32,True,128,159,32,0,0,32,"[128, 40, 8]",1,40,False,492f7dd12b2f17c40937,"0,1",expected_aligned_shape,Qwen/Qwen3.6-35B-A3B-FP8,ok,32,127,254,183,0.7204724409448819,254,241,0.9488188976377953,63,0.49606299212598426,0.9886264216972879,251.11111111111111,0.9936023622047244,252.375,Qwen/Qwen3.6-35B-A3B-FP8
mixed_language,2,127,8,2032,same_model,1883,0.9266732283464567,149,0.0733267716535433,159,True,127,128,32,32,0,"[159, 40, 8]",0,True,32,True,128,159,32,0,0,32,"[128, 40, 8]",1,40,False,49896ed21249107ed120,"0,1",expected_aligned_shape,Qwen/Qwen3.6-35B-A3B-FP8,ok,32,127,254,182,0.7165354330708661,254,230,0.905511811023622,66,0.5196850393700787,0.979002624671916,248.66666666666666,0.9881889763779528,251.0,Qwen/Qwen3.6-35B-A3B-FP8
summarization,2,127,8,2032,same_model,1900,0.9350393700787402,132,0.06496062992125984,159,True,127,128,32,32,0,"[159, 40, 8]",0,True,32,True,128,159,32,0,0,32,"[128, 40, 8]",1,40,False,49c8d8547fe08514992d,"0,1",expected_aligned_shape,Qwen/Qwen3.6-35B-A3B-FP8,ok,32,127,254,190,0.7480314960629921,254,233,0.9173228346456693,70,0.5511811023622047,0.9816272965879265,249.33333333333334,0.9896653543307087,251.375,Qwen/Qwen3.6-35B-A3B-FP8
short_qa,2,127,8,2032,same_model,1878,0.9242125984251969,154,0.07578740157480315,159,True,127,128,32,32,0,"[159, 40, 8]",0,True,32,True,128,159,32,0,0,32,"[128, 40, 8]",1,40,False,49eef8f57b70a74351bb,"0,1",expected_aligned_shape,Qwen/Qwen3.6-35B-A3B-FP8,ok,32,127,254,179,0.7047244094488189,254,229,0.9015748031496063,64,0.5039370078740157,0.9781277340332459,248.44444444444446,0.9876968503937008,250.875,Qwen/Qwen3.6-35B-A3B-FP8
json_structured,2,127,8,2032,same_model,1886,0.9281496062992126,146,0.0718503937007874,167,True,127,128,40,40,0,"[167, 40, 8]",0,True,40,True,128,167,40,0,0,40,"[128, 40, 8]",1,40,False,4a15bc0beb56b9e27d96,"0,1",expected_aligned_shape,Qwen/Qwen3.6-35B-A3B-FP8,ok,32,127,254,185,0.7283464566929134,254,237,0.9330708661417323,65,0.5118110236220472,0.984426946631671,250.04444444444445,0.9911417322834646,251.75,Qwen/Qwen3.6-35B-A3B-FP8
short_qa,2,127,8,2032,same_model,1889,0.9296259842519685,143,0.0703740157480315,166,True,127,128,39,39,0,"[166, 40, 8]",0,True,39,True,128,166,39,0,0,39,"[128, 40, 8]",1,40,False,4ab7d75936f6737dfa8a,"0,1",expected_aligned_shape,Qwen/Qwen3.6-35B-A3B-FP8,ok,32,127,254,188,0.7401574803149606,254,235,0.9251968503937008,73,0.5748031496062992,0.9833770778652668,249.77777777777777,0.9906496062992126,251.625,Qwen/Qwen3.6-35B-A3B-FP8
low_margin,2,127,8,2032,same_model,1896,0.9330708661417323,136,0.06692913385826772,167,True,127,128,40,40,0,"[167, 40, 8]",0,True,40,True,128,167,40,0,0,40,"[128, 40, 8]",1,40,False,4af6e9ff83639932fee2,"0,1",expected_aligned_shape,Qwen/Qwen3.6-35B-A3B-FP8,ok,32,127,254,188,0.7401574803149606,254,236,0.9291338582677166,70,0.5511811023622047,0.984251968503937,250.0,0.9911417322834646,251.75,Qwen/Qwen3.6-35B-A3B-FP8
short_qa,2,127,8,2032,same_model,1898,0.9340551181102362,134,0.06594488188976377,166,True,127,128,39,39,0,"[166, 40, 8]",0,True,39,True,128,166,39,0,0,39,"[128, 40, 8]",1,40,False,4b070e65a9f2f9f28546,"0,1",expected_aligned_shape,Qwen/Qwen3.6-35B-A3B-FP8,ok,32,127,254,189,0.7440944881889764,254,236,0.9291338582677166,70,0.5511811023622047,0.984251968503937,250.0,0.9911417322834646,251.75,Qwen/Qwen3.6-35B-A3B-FP8
chat,2,127,8,2032,same_model,1899,0.9345472440944882,133,0.0654527559055118,167,True,127,128,40,40,0,"[167, 40, 8]",0,True,40,True,128,167,40,0,0,40,"[128, 40, 8]",1,40,False,4b1738d355d1bee529de,"0,1",expected_aligned_shape,Qwen/Qwen3.6-35B-A3B-FP8,ok,32,127,254,190,0.7480314960629921,254,242,0.952755905511811,74,0.5826771653543307,0.9895013123359581,251.33333333333334,0.9940944881889764,252.5,Qwen/Qwen3.6-35B-A3B-FP8
low_margin,2,127,8,2032,same_model,1894,0.9320866141732284,138,0.06791338582677166,166,True,127,128,39,39,0,"[166, 40, 8]",0,True,39,True,128,166,39,0,0,39,"[128, 40, 8]",1,40,False,4b1e71db3e319a78014b,"0,1",expected_aligned_shape,Qwen/Qwen3.6-35B-A3B-FP8,ok,32,127,254,186,0.7322834645669292,254,238,0.937007874015748,68,0.5354330708661418,0.9860017497812774,250.44444444444446,0.9921259842519685,252.0,Qwen/Qwen3.6-35B-A3B-FP8
short_qa,2,127,8,2032,same_model,1914,0.9419291338582677,118,0.058070866141732284,166,True,127,128,39,39,0,"[166, 40, 8]",0,True,39,True,128,166,39,0,0,39,"[128, 40, 8]",1,40,False,4b6d1c78f81c7f849496,"0,1",expected_aligned_shape,Qwen/Qwen3.6-35B-A3B-FP8,ok,32,127,254,196,0.7716535433070866,254,247,0.9724409448818898,75,0.5905511811023622,0.9938757655293089,252.44444444444446,0.9965551181102362,253.125,Qwen/Qwen3.6-35B-A3B-FP8
short_qa,2,127,8,2032,same_model,1870,0.9202755905511811,162,0.0797244094488189,159,True,127,128,32,32,0,"[159, 40, 8]",0,True,32,True,128,159,32,0,0,32,"[128, 40, 8]",1,40,False,4b8d53caa72f39824115,"0,1",expected_aligned_shape,Qwen/Qwen3.6-35B-A3B-FP8,ok,32,127,254,185,0.7283464566929134,254,229,0.9015748031496063,70,0.5511811023622047,0.9774278215223097,248.26666666666668,0.9872047244094488,250.75,Qwen/Qwen3.6-35B-A3B-FP8
short_qa,2,127,8,2032,same_model,1881,0.9256889763779528,151,0.07431102362204725,159,True,127,128,32,32,0,"[159, 40, 8]",0,True,32,True,128,159,32,0,0,32,"[128, 40, 8]",1,40,False,4bc7a6d0cf90cb9b3e1a,"0,1",expected_aligned_shape,Qwen/Qwen3.6-35B-A3B-FP8,ok,32,127,254,179,0.7047244094488189,254,236,0.9291338582677166,60,0.47244094488188976,0.9842519685039371,250.0,0.9911417322834646,251.75,Qwen/Qwen3.6-35B-A3B-FP8
mixed_language,2,127,8,2032,same_model,1861,0.9158464566929134,171,0.08415354330708662,159,True,127,128,32,32,0,"[159, 40, 8]",0,True,32,True,128,159,32,0,0,32,"[128, 40, 8]",1,40,False,4bee0825edf1a723c761,"0,1",expected_aligned_shape,Qwen/Qwen3.6-35B-A3B-FP8,ok,32,127,254,180,0.7086614173228346,254,240,0.9448818897637795,66,0.5196850393700787,0.9877515310586177,250.88888888888889,0.9931102362204725,252.25,Qwen/Qwen3.6-35B-A3B-FP8
short_qa,2,127,8,2032,same_model,1901,0.9355314960629921,131,0.06446850393700787,166,True,127,128,39,39,0,"[166, 40, 8]",0,True,39,True,128,166,39,0,0,39,"[128, 40, 8]",1,40,False,4ca850e833b40b17cd0c,"0,1",expected_aligned_shape,Qwen/Qwen3.6-35B-A3B-FP8,ok,32,127,254,188,0.7401574803149606,254,235,0.9251968503937008,70,0.5511811023622047,0.983377077865267,249.77777777777777,0.9906496062992126,251.625,Qwen/Qwen3.6-35B-A3B-FP8
json_structured,2,127,8,2032,same_model,1891,0.9306102362204725,141,0.06938976377952756,159,True,127,128,32,32,0,"[159, 40, 8]",0,True,32,True,128,159,32,0,0,32,"[128, 40, 8]",1,40,False,4daa8c56c5bb4f5ed3ec,"0,1",expected_aligned_shape,Qwen/Qwen3.6-35B-A3B-FP8,ok,32,127,254,183,0.7204724409448819,254,228,0.8976377952755905,68,0.5354330708661418,0.9772528433945757,248.22222222222223,0.9872047244094488,250.75,Qwen/Qwen3.6-35B-A3B-FP8
logs,2,127,8,2032,same_model,1871,0.9207677165354331,161,0.07923228346456693,159,True,127,128,32,32,0,"[159, 40, 8]",0,True,32,True,128,159,32,0,0,32,"[128, 40, 8]",1,40,False,4dcabae12895d0f3fe08,"0,1",expected_aligned_shape,Qwen/Qwen3.6-35B-A3B-FP8,ok,32,127,254,175,0.6889763779527559,254,228,0.8976377952755905,61,0.48031496062992124,0.9772528433945757,248.22222222222223,0.9872047244094488,250.75,Qwen/Qwen3.6-35B-A3B-FP8
math_numeric,2,127,8,2032,same_model,1610,0.7923228346456693,422,0.2076771653543307,159,True,127,128,32,32,0,"[159, 40, 8]",0,True,32,True,128,159,32,0,0,32,"[128, 40, 8]",1,40,False,4de00c30231c5badb6c2,"0,1",expected_aligned_shape,Qwen/Qwen3.6-35B-A3B-FP8,ok,32,127,254,104,0.4094488188976378,254,211,0.8307086614173228,15,0.11811023622047244,0.9623797025371829,244.44444444444446,0.9788385826771654,248.625,Qwen/Qwen3.6-35B-A3B-FP8
logs,2,127,8,2032,same_model,1857,0.9138779527559056,175,0.08612204724409449,159,True,127,128,32,32,0,"[159, 40, 8]",0,True,32,True,128,159,32,0,0,32,"[128, 40, 8]",1,40,False,4dec5f6f21729d9adc43,"0,1",expected_aligned_shape,Qwen/Qwen3.6-35B-A3B-FP8,ok,32,127,254,167,0.65748031496063,254,233,0.9173228346456693,54,0.4251968503937008,0.9816272965879265,249.33333333333334,0.9896653543307087,251.375,Qwen/Qwen3.6-35B-A3B-FP8
low_margin,2,127,8,2032,same_model,1886,0.9281496062992126,146,0.0718503937007874,167,True,127,128,40,40,0,"[167, 40, 8]",0,True,40,True,128,167,40,0,0,40,"[128, 40, 8]",1,40,False,4eaaef10d8a8a867c0b8,"0,1",expected_aligned_shape,Qwen/Qwen3.6-35B-A3B-FP8,ok,32,127,254,182,0.7165354330708661,254,227,0.8937007874015748,65,0.5118110236220472,0.9763779527559056,248.0,0.9867125984251969,250.625,Qwen/Qwen3.6-35B-A3B-FP8
mixed_language,2,127,8,2032,same_model,1902,0.9360236220472441,130,0.0639763779527559,159,True,127,128,32,32,0,"[159, 40, 8]",0,True,32,True,128,159,32,0,0,32,"[128, 40, 8]",1,40,False,4f3a35f066a064783511,"0,1",expected_aligned_shape,Qwen/Qwen3.6-35B-A3B-FP8,ok,32,127,254,185,0.7283464566929134,254,233,0.9173228346456693,70,0.5511811023622047,0.9816272965879266,249.33333333333334,0.9896653543307087,251.375,Qwen/Qwen3.6-35B-A3B-FP8
code,2,127,8,2032,same_model,1889,0.9296259842519685,143,0.0703740157480315,159,True,127,128,32,32,0,"[159, 40, 8]",0,True,32,True,128,159,32,0,0,32,"[128, 40, 8]",1,40,False,4f93987d1e1102ae584d,"0,1",expected_aligned_shape,Qwen/Qwen3.6-35B-A3B-FP8,ok,32,127,254,185,0.7283464566929134,254,237,0.9330708661417323,68,0.5354330708661418,0.9851268591426072,250.22222222222223,0.9916338582677166,251.875,Qwen/Qwen3.6-35B-A3B-FP8
math_numeric,2,127,8,2032,same_model,1614,0.7942913385826772,418,0.20570866141732283,159,True,127,128,32,32,0,"[159, 40, 8]",0,True,32,True,128,159,32,0,0,32,"[128, 40, 8]",1,40,False,4faa736147d5a6bc5c14,"0,1",expected_aligned_shape,Qwen/Qwen3.6-35B-A3B-FP8,ok,32,127,254,127,0.5,254,188,0.7401574803149606,24,0.1889763779527559,0.9373578302712161,238.0888888888889,0.9640748031496063,244.875,Qwen/Qwen3.6-35B-A3B-FP8
mixed_language,2,89,8,1424,same_model,1318,0.925561797752809,106,0.07443820224719101,121,True,89,90,32,32,0,"[121, 40, 8]",0,True,32,True,90,121,32,0,0,32,"[90, 40, 8]",1,40,False,4faa7b982f056f5a6933,"0,1",expected_aligned_shape,Qwen/Qwen3.6-35B-A3B-FP8,ok,32,89,178,132,0.7415730337078652,178,165,0.9269662921348315,51,0.5730337078651685,0.9837702871410738,175.11111111111111,0.9908707865168539,176.375,Qwen/Qwen3.6-35B-A3B-FP8
short_qa,2,127,8,2032,same_model,1909,0.9394685039370079,123,0.06053149606299212,159,True,127,128,32,32,0,"[159, 40, 8]",0,True,32,True,128,159,32,0,0,32,"[128, 40, 8]",1,40,False,501a5734ec3e8c33c36e,"0,1",expected_aligned_shape,Qwen/Qwen3.6-35B-A3B-FP8,ok,32,127,254,193,0.7598425196850394,254,233,0.9173228346456693,72,0.5669291338582677,0.9816272965879266,249.33333333333334,0.9896653543307087,251.375,Qwen/Qwen3.6-35B-A3B-FP8
short_qa,2,127,8,2032,same_model,1871,0.9207677165354331,161,0.07923228346456693,159,True,127,128,32,32,0,"[159, 40, 8]",0,True,32,True,128,159,32,0,0,32,"[128, 40, 8]",1,40,False,505b1be32780f7e2b7ba,"0,1",expected_aligned_shape,Qwen/Qwen3.6-35B-A3B-FP8,ok,32,127,254,178,0.7007874015748031,254,241,0.9488188976377953,65,0.5118110236220472,0.988626421697288,251.11111111111111,0.9936023622047244,252.375,Qwen/Qwen3.6-35B-A3B-FP8
short_qa,2,127,8,2032,same_model,1897,0.9335629921259843,135,0.06643700787401575,159,True,127,128,32,32,0,"[159, 40, 8]",0,True,32,True,128,159,32,0,0,32,"[128, 40, 8]",1,40,False,506348295d3fee666655,"0,1",expected_aligned_shape,Qwen/Qwen3.6-35B-A3B-FP8,ok,32,127,254,192,0.7559055118110236,254,244,0.9606299212598425,71,0.5590551181102362,0.9912510936132984,251.77777777777777,0.9950787401574803,252.75,Qwen/Qwen3.6-35B-A3B-FP8
short_qa,2,127,8,2032,same_model,1855,0.9128937007874016,177,0.08710629921259842,159,True,127,128,32,32,0,"[159, 40, 8]",0,True,32,True,128,159,32,0,0,32,"[128, 40, 8]",1,40,False,508b3ad69d2855161c4f,"0,1",expected_aligned_shape,Qwen/Qwen3.6-35B-A3B-FP8,ok,32,127,254,167,0.65748031496063,254,228,0.8976377952755905,58,0.4566929133858268,0.9772528433945757,248.22222222222223,0.9872047244094488,250.75,Qwen/Qwen3.6-35B-A3B-FP8
code,2,127,8,2032,same_model,1879,0.9247047244094488,153,0.07529527559055119,159,True,127,128,32,32,0,"[159, 40, 8]",0,True,32,True,128,159,32,0,0,32,"[128, 40, 8]",1,40,False,5092bff2da5bb61746c0,"0,1",expected_aligned_shape,Qwen/Qwen3.6-35B-A3B-FP8,ok,32,127,254,183,0.7204724409448819,254,237,0.9330708661417323,68,0.5354330708661418,0.9851268591426072,250.22222222222223,0.9916338582677166,251.875,Qwen/Qwen3.6-35B-A3B-FP8
logs,2,127,8,2032,same_model,1857,0.9138779527559056,175,0.08612204724409449,159,True,127,128,32,32,0,"[159, 40, 8]",0,True,32,True,128,159,32,0,0,32,"[128, 40, 8]",1,40,False,50edde4a1f33b4eed34e,"0,1",expected_aligned_shape,Qwen/Qwen3.6-35B-A3B-FP8,ok,32,127,254,171,0.6732283464566929,254,234,0.9212598425196851,58,0.4566929133858268,0.9825021872265968,249.55555555555554,0.9901574803149606,251.5,Qwen/Qwen3.6-35B-A3B-FP8
mixed_language,2,127,8,2032,same_model,1844,0.90748031496063,188,0.09251968503937008,159,True,127,128,32,32,0,"[159, 40, 8]",0,True,32,True,128,159,32,0,0,32,"[128, 40, 8]",1,40,False,5197be5ad555a3fa4f56,"0,1",expected_aligned_shape,Qwen/Qwen3.6-35B-A3B-FP8,ok,32,127,254,161,0.6338582677165354,254,222,0.8740157480314961,53,0.41732283464566927,0.9713035870516186,246.7111111111111,0.9837598425196851,249.875,Qwen/Qwen3.6-35B-A3B-FP8
mixed_language,2,127,8,2032,same_model,1856,0.9133858267716536,176,0.08661417322834646,159,True,127,128,32,32,0,"[159, 40, 8]",0,True,32,True,128,159,32,0,0,32,"[128, 40, 8]",1,40,False,51b8d0ce4c783f964b18,"0,1",expected_aligned_shape,Qwen/Qwen3.6-35B-A3B-FP8,ok,32,127,254,169,0.6653543307086615,254,228,0.8976377952755905,61,0.48031496062992124,0.9772528433945757,248.22222222222223,0.9872047244094488,250.75,Qwen/Qwen3.6-35B-A3B-FP8
chat,2,127,8,2032,same_model,1875,0.922736220472441,157,0.07726377952755906,167,True,127,128,40,40,0,"[167, 40, 8]",0,True,40,True,128,167,40,0,0,40,"[128, 40, 8]",1,40,False,51df8c62f9b3dac57eb8,"0,1",expected_aligned_shape,Qwen/Qwen3.6-35B-A3B-FP8,ok,32,127,254,178,0.7007874015748031,254,236,0.9291338582677166,62,0.4881889763779528,0.984251968503937,250.0,0.9911417322834646,251.75,Qwen/Qwen3.6-35B-A3B-FP8
mixed_language,2,127,8,2032,same_model,1879,0.9247047244094488,153,0.07529527559055119,159,True,127,128,32,32,0,"[159, 40, 8]",0,True,32,True,128,159,32,0,0,32,"[128, 40, 8]",1,40,False,5202632d6cddd6a01c88,"0,1",expected_aligned_shape,Qwen/Qwen3.6-35B-A3B-FP8,ok,32,127,254,178,0.7007874015748031,254,225,0.8858267716535433,59,0.4645669291338583,0.9739282589676291,247.37777777777777,0.985236220472441,250.25,Qwen/Qwen3.6-35B-A3B-FP8
summarization,2,127,8,2032,same_model,1894,0.9320866141732284,138,0.06791338582677166,163,True,127,128,36,36,0,"[163, 40, 8]",0,True,36,True,128,163,36,0,0,36,"[128, 40, 8]",1,40,False,52354367b7055e4067de,"0,1",expected_aligned_shape,Qwen/Qwen3.6-35B-A3B-FP8,ok,32,127,254,188,0.7401574803149606,254,235,0.9251968503937008,71,0.5590551181102362,0.9826771653543308,249.6,0.9901574803149606,251.5,Qwen/Qwen3.6-35B-A3B-FP8
mixed_language,2,127,8,2032,same_model,1878,0.9242125984251969,154,0.07578740157480315,159,True,127,128,32,32,0,"[159, 40, 8]",0,True,32,True,128,159,32,0,0,32,"[128, 40, 8]",1,40,False,52a81ab9d905d863c300,"0,1",expected_aligned_shape,Qwen/Qwen3.6-35B-A3B-FP8,ok,32,127,254,180,0.7086614173228346,254,234,0.9212598425196851,65,0.5118110236220472,0.9825021872265967,249.55555555555554,0.9901574803149606,251.5,Qwen/Qwen3.6-35B-A3B-FP8
mixed_language,2,127,8,2032,same_model,1846,0.9084645669291339,186,0.09153543307086615,159,True,127,128,32,32,0,"[159, 40, 8]",0,True,32,True,128,159,32,0,0,32,"[128, 40, 8]",1,40,False,52ae350b56d887041750,"0,1",expected_aligned_shape,Qwen/Qwen3.6-35B-A3B-FP8,ok,32,127,254,171,0.6732283464566929,254,225,0.8858267716535433,58,0.4566929133858268,0.9746281714785652,247.55555555555554,0.9857283464566929,250.375,Qwen/Qwen3.6-35B-A3B-FP8
math_numeric,2,127,8,2032,same_model,1840,0.905511811023622,192,0.09448818897637795,159,True,127,128,32,32,0,"[159, 40, 8]",0,True,32,True,128,159,32,0,0,32,"[128, 40, 8]",1,40,False,52ec63a74226c3ca59f1,"0,1",expected_aligned_shape,Qwen/Qwen3.6-35B-A3B-FP8,ok,32,127,254,168,0.6614173228346457,254,229,0.9015748031496063,51,0.4015748031496063,0.9774278215223097,248.26666666666668,0.9872047244094488,250.75,Qwen/Qwen3.6-35B-A3B-FP8
code,2,127,8,2032,same_model,1861,0.9158464566929134,171,0.08415354330708662,166,True,127,128,39,39,0,"[166, 40, 8]",0,True,39,True,128,166,39,0,0,39,"[128, 40, 8]",1,40,False,52f1cb6b25e14ae20182,"0,1",expected_aligned_shape,Qwen/Qwen3.6-35B-A3B-FP8,ok,32,127,254,168,0.6614173228346457,254,224,0.8818897637795275,62,0.4881889763779528,0.9737532808398951,247.33333333333334,0.985236220472441,250.25,Qwen/Qwen3.6-35B-A3B-FP8
low_margin,2,127,8,2032,same_model,1859,0.9148622047244095,173,0.08513779527559055,166,True,127,128,39,39,0,"[166, 40, 8]",0,True,39,True,128,166,39,0,0,39,"[128, 40, 8]",1,40,False,5356746cc1c277b556e8,"0,1",expected_aligned_shape,Qwen/Qwen3.6-35B-A3B-FP8,ok,32,127,254,170,0.6692913385826772,254,229,0.9015748031496063,55,0.4330708661417323,0.9774278215223098,248.26666666666668,0.9872047244094488,250.75,Qwen/Qwen3.6-35B-A3B-FP8
json_structured,2,127,8,2032,same_model,1871,0.9207677165354331,161,0.07923228346456693,167,True,127,128,40,40,0,"[167, 40, 8]",0,True,40,True,128,167,40,0,0,40,"[128, 40, 8]",1,40,False,5363db1324c2551555da,"0,1",expected_aligned_shape,Qwen/Qwen3.6-35B-A3B-FP8,ok,32,127,254,169,0.6653543307086615,254,227,0.8937007874015748,56,0.4409448818897638,0.9763779527559056,248.0,0.9867125984251969,250.625,Qwen/Qwen3.6-35B-A3B-FP8
needle,2,127,8,2032,same_model,1895,0.9325787401574803,137,0.06742125984251969,159,True,127,128,32,32,0,"[159, 40, 8]",0,True,32,True,128,159,32,0,0,32,"[128, 40, 8]",1,40,False,5372b90025ecc7c89d71,"0,1",expected_aligned_shape,Qwen/Qwen3.6-35B-A3B-FP8,ok,32,127,254,183,0.7204724409448819,254,233,0.9173228346456693,64,0.5039370078740157,0.9816272965879267,249.33333333333334,0.9896653543307087,251.375,Qwen/Qwen3.6-35B-A3B-FP8
chat,2,127,8,2032,same_model,1893,0.9315944881889764,139,0.06840551181102363,159,True,127,128,32,32,0,"[159, 40, 8]",0,True,32,True,128,159,32,0,0,32,"[128, 40, 8]",1,40,False,53c62ce91bf8daf3c227,"0,1",expected_aligned_shape,Qwen/Qwen3.6-35B-A3B-FP8,ok,32,127,254,180,0.7086614173228346,254,231,0.9094488188976378,65,0.5118110236220472,0.9798775153105863,248.88888888888889,0.9886811023622047,251.125,Qwen/Qwen3.6-35B-A3B-FP8
code,2,127,8,2032,same_model,1877,0.9237204724409449,155,0.07627952755905512,159,True,127,128,32,32,0,"[159, 40, 8]",0,True,32,True,128,159,32,0,0,32,"[128, 40, 8]",1,40,False,542fa4892010bb7f7267,"0,1",expected_aligned_shape,Qwen/Qwen3.6-35B-A3B-FP8,ok,32,127,254,174,0.6850393700787402,254,228,0.8976377952755905,56,0.4409448818897638,0.9765529308836396,248.04444444444445,0.9867125984251969,250.625,Qwen/Qwen3.6-35B-A3B-FP8
mixed_language,2,127,8,2032,same_model,1902,0.9360236220472441,130,0.0639763779527559,159,True,127,128,32,32,0,"[159, 40, 8]",0,True,32,True,128,159,32,0,0,32,"[128, 40, 8]",1,40,False,546b10dcbb5d1cd53751,"0,1",expected_aligned_shape,Qwen/Qwen3.6-35B-A3B-FP8,ok,32,127,254,188,0.7401574803149606,254,234,0.9212598425196851,70,0.5511811023622047,0.9825021872265967,249.55555555555554,0.9901574803149606,251.5,Qwen/Qwen3.6-35B-A3B-FP8
code,2,127,8,2032,same_model,1889,0.9296259842519685,143,0.0703740157480315,166,True,127,128,39,39,0,"[166, 40, 8]",0,True,39,True,128,166,39,0,0,39,"[128, 40, 8]",1,40,False,54b2848c7ef398c72652,"0,1",expected_aligned_shape,Qwen/Qwen3.6-35B-A3B-FP8,ok,32,127,254,185,0.7283464566929134,254,234,0.9212598425196851,68,0.5354330708661418,0.9825021872265967,249.55555555555554,0.9901574803149606,251.5,Qwen/Qwen3.6-35B-A3B-FP8
needle,2,127,8,2032,same_model,1873,0.921751968503937,159,0.07824803149606299,159,True,127,128,32,32,0,"[159, 40, 8]",0,True,32,True,128,159,32,0,0,32,"[128, 40, 8]",1,40,False,54bdfad0f40a1aaf3b85,"0,1",expected_aligned_shape,Qwen/Qwen3.6-35B-A3B-FP8,ok,32,127,254,180,0.7086614173228346,254,232,0.9133858267716536,65,0.5118110236220472,0.9807524059492564,249.11111111111111,0.9891732283464567,251.25,Qwen/Qwen3.6-35B-A3B-FP8
chat,2,127,8,2032,same_model,1892,0.9311023622047244,140,0.0688976377952756,159,True,127,128,32,32,0,"[159, 40, 8]",0,True,32,True,128,159,32,0,0,32,"[128, 40, 8]",1,40,False,554e94bcafe28423c71f,"0,1",expected_aligned_shape,Qwen/Qwen3.6-35B-A3B-FP8,ok,32,127,254,188,0.7401574803149606,254,238,0.937007874015748,70,0.5511811023622047,0.9860017497812774,250.44444444444446,0.9921259842519685,252.0,Qwen/Qwen3.6-35B-A3B-FP8
json_structured,2,127,8,2032,same_model,1868,0.9192913385826772,164,0.08070866141732283,159,True,127,128,32,32,0,"[159, 40, 8]",0,True,32,True,128,159,32,0,0,32,"[128, 40, 8]",1,40,False,55870432e125f8cb97d8,"0,1",expected_aligned_shape,Qwen/Qwen3.6-35B-A3B-FP8,ok,32,127,254,173,0.6811023622047244,254,236,0.9291338582677166,53,0.41732283464566927,0.984251968503937,250.0,0.9911417322834646,251.75,Qwen/Qwen3.6-35B-A3B-FP8
low_margin,2,127,8,2032,same_model,1895,0.9325787401574803,137,0.06742125984251969,167,True,127,128,40,40,0,"[167, 40, 8]",0,True,40,True,128,167,40,0,0,40,"[128, 40, 8]",1,40,False,560d79fc74bfcd50cbde,"0,1",expected_aligned_shape,Qwen/Qwen3.6-35B-A3B-FP8,ok,32,127,254,183,0.7204724409448819,254,237,0.9330708661417323,63,0.49606299212598426,0.9851268591426072,250.22222222222223,0.9916338582677166,251.875,Qwen/Qwen3.6-35B-A3B-FP8
low_margin,2,127,8,2032,same_model,1893,0.9315944881889764,139,0.06840551181102363,166,True,127,128,39,39,0,"[166, 40, 8]",0,True,39,True,128,166,39,0,0,39,"[128, 40, 8]",1,40,False,562f5ed543ce4a206118,"0,1",expected_aligned_shape,Qwen/Qwen3.6-35B-A3B-FP8,ok,32,127,254,187,0.7362204724409449,254,239,0.9409448818897638,73,0.5748031496062992,0.9868766404199475,250.66666666666666,0.9926181102362205,252.125,Qwen/Qwen3.6-35B-A3B-FP8
json_structured,2,127,8,2032,same_model,1922,0.9458661417322834,110,0.054133858267716536,159,True,127,128,32,32,0,"[159, 40, 8]",0,True,32,True,128,159,32,0,0,32,"[128, 40, 8]",1,40,False,5630de04f79e4bb72cb7,"0,1",expected_aligned_shape,Qwen/Qwen3.6-35B-A3B-FP8,ok,32,127,254,193,0.7598425196850394,254,234,0.9212598425196851,71,0.5590551181102362,0.9825021872265968,249.55555555555554,0.9901574803149606,251.5,Qwen/Qwen3.6-35B-A3B-FP8
low_margin,2,127,8,2032,same_model,1910,0.9399606299212598,122,0.060039370078740155,167,True,127,128,40,40,0,"[167, 40, 8]",0,True,40,True,128,167,40,0,0,40,"[128, 40, 8]",1,40,False,56477bd2ca116777e5c5,"0,1",expected_aligned_shape,Qwen/Qwen3.6-35B-A3B-FP8,ok,32,127,254,189,0.7440944881889764,254,231,0.9094488188976378,70,0.5511811023622047,0.9798775153105863,248.88888888888889,0.9886811023622047,251.125,Qwen/Qwen3.6-35B-A3B-FP8
short_qa,2,127,8,2032,same_model,1879,0.9247047244094488,153,0.07529527559055119,159,True,127,128,32,32,0,"[159, 40, 8]",0,True,32,True,128,159,32,0,0,32,"[128, 40, 8]",1,40,False,572daf95c833baf0dcec,"0,1",expected_aligned_shape,Qwen/Qwen3.6-35B-A3B-FP8,ok,32,127,254,179,0.7047244094488189,254,237,0.9330708661417323,61,0.48031496062992124,0.9851268591426072,250.22222222222223,0.9916338582677166,251.875,Qwen/Qwen3.6-35B-A3B-FP8
mixed_language,2,127,8,2032,same_model,1882,0.9261811023622047,150,0.07381889763779527,159,True,127,128,32,32,0,"[159, 40, 8]",0,True,32,True,128,159,32,0,0,32,"[128, 40, 8]",1,40,False,5750a3c2228713c9691c,"0,1",expected_aligned_shape,Qwen/Qwen3.6-35B-A3B-FP8,ok,32,127,254,186,0.7322834645669292,254,236,0.9291338582677166,72,0.5669291338582677,0.984251968503937,250.0,0.9911417322834646,251.75,Qwen/Qwen3.6-35B-A3B-FP8
summarization,2,127,8,2032,same_model,1889,0.9296259842519685,143,0.0703740157480315,159,True,127,128,32,32,0,"[159, 40, 8]",0,True,32,True,128,159,32,0,0,32,"[128, 40, 8]",1,40,False,5754022ce0fec55bb119,"0,1",expected_aligned_shape,Qwen/Qwen3.6-35B-A3B-FP8,ok,32,127,254,187,0.7362204724409449,254,239,0.9409448818897638,70,0.5511811023622047,0.9868766404199475,250.66666666666666,0.9926181102362205,252.125,Qwen/Qwen3.6-35B-A3B-FP8
chat,2,127,8,2032,same_model,1897,0.9335629921259843,135,0.06643700787401575,167,True,127,128,40,40,0,"[167, 40, 8]",0,True,40,True,128,167,40,0,0,40,"[128, 40, 8]",1,40,False,576abc56eb013481cc99,"0,1",expected_aligned_shape,Qwen/Qwen3.6-35B-A3B-FP8,ok,32,127,254,184,0.7244094488188977,254,228,0.8976377952755905,72,0.5669291338582677,0.9772528433945757,248.22222222222223,0.9872047244094488,250.75,Qwen/Qwen3.6-35B-A3B-FP8
low_margin,2,127,8,2032,same_model,1850,0.9104330708661418,182,0.08956692913385826,167,True,127,128,40,40,0,"[167, 40, 8]",0,True,40,True,128,167,40,0,0,40,"[128, 40, 8]",1,40,False,577f7dc3d68b30d7d530,"0,1",expected_aligned_shape,Qwen/Qwen3.6-35B-A3B-FP8,ok,32,127,254,173,0.6811023622047244,254,232,0.9133858267716536,54,0.4251968503937008,0.9807524059492564,249.11111111111111,0.9891732283464567,251.25,Qwen/Qwen3.6-35B-A3B-FP8
json_structured,2,127,8,2032,same_model,1876,0.9232283464566929,156,0.07677165354330709,167,True,127,128,40,40,0,"[167, 40, 8]",0,True,40,True,128,167,40,0,0,40,"[128, 40, 8]",1,40,False,57af939a4f6a2c71354f,"0,1",expected_aligned_shape,Qwen/Qwen3.6-35B-A3B-FP8,ok,32,127,254,182,0.7165354330708661,254,240,0.9448818897637795,65,0.5118110236220472,0.9877515310586177,250.88888888888889,0.9931102362204725,252.25,Qwen/Qwen3.6-35B-A3B-FP8
needle,2,127,8,2032,same_model,1891,0.9306102362204725,141,0.06938976377952756,159,True,127,128,32,32,0,"[159, 40, 8]",0,True,32,True,128,159,32,0,0,32,"[128, 40, 8]",1,40,False,57d451e1c5ecea5de61e,"0,1",expected_aligned_shape,Qwen/Qwen3.6-35B-A3B-FP8,ok,32,127,254,179,0.7047244094488189,254,234,0.9212598425196851,65,0.5118110236220472,0.9825021872265967,249.55555555555554,0.9901574803149606,251.5,Qwen/Qwen3.6-35B-A3B-FP8
chat,2,127,8,2032,same_model,1918,0.9438976377952756,114,0.05610236220472441,159,True,127,128,32,32,0,"[159, 40, 8]",0,True,32,True,128,159,32,0,0,32,"[128, 40, 8]",1,40,False,57d5b15e2cfbc32b03b6,"0,1",expected_aligned_shape,Qwen/Qwen3.6-35B-A3B-FP8,ok,32,127,254,200,0.7874015748031497,254,241,0.9488188976377953,81,0.6377952755905512,0.988626421697288,251.11111111111111,0.9936023622047244,252.375,Qwen/Qwen3.6-35B-A3B-FP8
code,2,127,8,2032,same_model,1873,0.921751968503937,159,0.07824803149606299,166,True,127,128,39,39,0,"[166, 40, 8]",0,True,39,True,128,166,39,0,0,39,"[128, 40, 8]",1,40,False,57ddda820206cc96a7fb,"0,1",expected_aligned_shape,Qwen/Qwen3.6-35B-A3B-FP8,ok,32,127,254,180,0.7086614173228346,254,238,0.937007874015748,62,0.4881889763779528,0.9860017497812774,250.44444444444446,0.9921259842519685,252.0,Qwen/Qwen3.6-35B-A3B-FP8
short_qa,2,127,8,2032,same_model,1887,0.9286417322834646,145,0.07135826771653543,166,True,127,128,39,39,0,"[166, 40, 8]",0,True,39,True,128,166,39,0,0,39,"[128, 40, 8]",1,40,False,57e5edfe4bfdc595b137,"0,1",expected_aligned_shape,Qwen/Qwen3.6-35B-A3B-FP8,ok,32,127,254,185,0.7283464566929134,254,235,0.9251968503937008,68,0.5354330708661418,0.9833770778652668,249.77777777777777,0.9906496062992126,251.625,Qwen/Qwen3.6-35B-A3B-FP8
code,2,127,8,2032,same_model,1875,0.922736220472441,157,0.07726377952755906,159,True,127,128,32,32,0,"[159, 40, 8]",0,True,32,True,128,159,32,0,0,32,"[128, 40, 8]",1,40,False,582f0c06c4b95909a244,"0,1",expected_aligned_shape,Qwen/Qwen3.6-35B-A3B-FP8,ok,32,127,254,179,0.7047244094488189,254,233,0.9173228346456693,64,0.5039370078740157,0.9816272965879267,249.33333333333334,0.9896653543307087,251.375,Qwen/Qwen3.6-35B-A3B-FP8
needle,2,127,8,2032,same_model,1890,0.9301181102362205,142,0.06988188976377953,159,True,127,128,32,32,0,"[159, 40, 8]",0,True,32,True,128,159,32,0,0,32,"[128, 40, 8]",1,40,False,599a31b37ae05ff0a075,"0,1",expected_aligned_shape,Qwen/Qwen3.6-35B-A3B-FP8,ok,32,127,254,188,0.7401574803149606,254,236,0.9291338582677166,71,0.5590551181102362,0.984251968503937,250.0,0.9911417322834646,251.75,Qwen/Qwen3.6-35B-A3B-FP8
math_numeric,2,127,8,2032,same_model,1905,0.9375,127,0.0625,159,True,127,128,32,32,0,"[159, 40, 8]",0,True,32,True,128,159,32,0,0,32,"[128, 40, 8]",1,40,False,5a3c286bbd77c07c6f95,"0,1",expected_aligned_shape,Qwen/Qwen3.6-35B-A3B-FP8,ok,32,127,254,191,0.7519685039370079,254,239,0.9409448818897638,74,0.5826771653543307,0.9868766404199476,250.66666666666666,0.9926181102362205,252.125,Qwen/Qwen3.6-35B-A3B-FP8
chat,2,127,8,2032,same_model,1880,0.9251968503937008,152,0.07480314960629922,159,True,127,128,32,32,0,"[159, 40, 8]",0,True,32,True,128,159,32,0,0,32,"[128, 40, 8]",1,40,False,5a7f4b624dd1ca1761ad,"0,1",expected_aligned_shape,Qwen/Qwen3.6-35B-A3B-FP8,ok,32,127,254,180,0.7086614173228346,254,229,0.9015748031496063,64,0.5039370078740157,0.9781277340332459,248.44444444444446,0.9876968503937008,250.875,Qwen/Qwen3.6-35B-A3B-FP8
mixed_language,2,127,8,2032,same_model,1851,0.9109251968503937,181,0.0890748031496063,159,True,127,128,32,32,0,"[159, 40, 8]",0,True,32,True,128,159,32,0,0,32,"[128, 40, 8]",1,40,False,5ab0933af53af7ecae2c,"0,1",expected_aligned_shape,Qwen/Qwen3.6-35B-A3B-FP8,ok,32,127,254,174,0.6850393700787402,254,241,0.9488188976377953,60,0.47244094488188976,0.988626421697288,251.11111111111111,0.9936023622047244,252.375,Qwen/Qwen3.6-35B-A3B-FP8
chat,2,127,8,2032,same_model,1908,0.9389763779527559,124,0.0610236220472441,167,True,127,128,40,40,0,"[167, 40, 8]",0,True,40,True,128,167,40,0,0,40,"[128, 40, 8]",1,40,False,5ab1ae48cf3d0e3431f0,"0,1",expected_aligned_shape,Qwen/Qwen3.6-35B-A3B-FP8,ok,32,127,254,192,0.7559055118110236,254,238,0.937007874015748,76,0.5984251968503937,0.9853018372703413,250.26666666666668,0.9916338582677166,251.875,Qwen/Qwen3.6-35B-A3B-FP8
mixed_language,2,127,8,2032,same_model,1833,0.9020669291338582,199,0.09793307086614174,159,True,127,128,32,32,0,"[159, 40, 8]",0,True,32,True,128,159,32,0,0,32,"[128, 40, 8]",1,40,False,5ab8d349fa9b77ccf269,"0,1",expected_aligned_shape,Qwen/Qwen3.6-35B-A3B-FP8,ok,32,127,254,159,0.6259842519685039,254,219,0.8622047244094488,51,0.4015748031496063,0.9693788276465444,246.22222222222223,0.9827755905511811,249.625,Qwen/Qwen3.6-35B-A3B-FP8
needle,2,127,8,2032,same_model,1895,0.9325787401574803,137,0.06742125984251969,159,True,127,128,32,32,0,"[159, 40, 8]",0,True,32,True,128,159,32,0,0,32,"[128, 40, 8]",1,40,False,5abaf978363d8e88c99e,"0,1",expected_aligned_shape,Qwen/Qwen3.6-35B-A3B-FP8,ok,32,127,254,189,0.7440944881889764,254,239,0.9409448818897638,72,0.5669291338582677,0.9868766404199476,250.66666666666666,0.9926181102362205,252.125,Qwen/Qwen3.6-35B-A3B-FP8
code,2,127,8,2032,same_model,1893,0.9315944881889764,139,0.06840551181102363,166,True,127,128,39,39,0,"[166, 40, 8]",0,True,39,True,128,166,39,0,0,39,"[128, 40, 8]",1,40,False,5b5d918703c22348809f,"0,1",expected_aligned_shape,Qwen/Qwen3.6-35B-A3B-FP8,ok,32,127,254,183,0.7204724409448819,254,232,0.9133858267716536,65,0.5118110236220472,0.9807524059492565,249.11111111111111,0.9891732283464567,251.25,Qwen/Qwen3.6-35B-A3B-FP8
summarization,2,127,8,2032,same_model,1897,0.9335629921259843,135,0.06643700787401575,159,True,127,128,32,32,0,"[159, 40, 8]",0,True,32,True,128,159,32,0,0,32,"[128, 40, 8]",1,40,False,5b71b71b3bd4a0357b83,"0,1",expected_aligned_shape,Qwen/Qwen3.6-35B-A3B-FP8,ok,32,127,254,186,0.7322834645669292,254,239,0.9409448818897638,70,0.5511811023622047,0.9868766404199476,250.66666666666666,0.9926181102362205,252.125,Qwen/Qwen3.6-35B-A3B-FP8
summarization,2,127,8,2032,same_model,1892,0.9311023622047244,140,0.0688976377952756,167,True,127,128,40,40,0,"[167, 40, 8]",0,True,40,True,128,167,40,0,0,40,"[128, 40, 8]",1,40,False,5b841a26c13cf33684e6,"0,1",expected_aligned_shape,Qwen/Qwen3.6-35B-A3B-FP8,ok,32,127,254,186,0.7322834645669292,254,238,0.937007874015748,68,0.5354330708661418,0.9860017497812773,250.44444444444446,0.9921259842519685,252.0,Qwen/Qwen3.6-35B-A3B-FP8
json_structured,2,127,8,2032,same_model,1893,0.9315944881889764,139,0.06840551181102363,167,True,127,128,40,40,0,"[167, 40, 8]",0,True,40,True,128,167,40,0,0,40,"[128, 40, 8]",1,40,False,5bb673414bc8cc2d2e9e,"0,1",expected_aligned_shape,Qwen/Qwen3.6-35B-A3B-FP8,ok,32,127,254,191,0.7519685039370079,254,236,0.9291338582677166,72,0.5669291338582677,0.984251968503937,250.0,0.9911417322834646,251.75,Qwen/Qwen3.6-35B-A3B-FP8
chat,2,127,8,2032,same_model,1875,0.922736220472441,157,0.07726377952755906,159,True,127,128,32,32,0,"[159, 40, 8]",0,True,32,True,128,159,32,0,0,32,"[128, 40, 8]",1,40,False,5bb9a04de1014f32efd5,"0,1",expected_aligned_shape,Qwen/Qwen3.6-35B-A3B-FP8,ok,32,127,254,180,0.7086614173228346,254,241,0.9488188976377953,60,0.47244094488188976,0.9886264216972879,251.11111111111111,0.9936023622047244,252.375,Qwen/Qwen3.6-35B-A3B-FP8
logs,2,114,8,1824,same_model,1711,0.9380482456140351,113,0.06195175438596491,146,True,114,115,32,32,0,"[146, 40, 8]",0,True,32,True,115,146,32,0,0,32,"[115, 40, 8]",1,40,False,5bcb6e9f461feb294c87,"0,1",expected_aligned_shape,Qwen/Qwen3.6-35B-A3B-FP8,ok,32,114,228,175,0.7675438596491229,228,217,0.9517543859649122,67,0.5877192982456141,0.9892787524366471,225.55555555555554,0.9939692982456141,226.625,Qwen/Qwen3.6-35B-A3B-FP8
json_structured,2,127,8,2032,same_model,1880,0.9251968503937008,152,0.07480314960629922,167,True,127,128,40,40,0,"[167, 40, 8]",0,True,40,True,128,167,40,0,0,40,"[128, 40, 8]",1,40,False,5c3e9712863ad17fe87b,"0,1",expected_aligned_shape,Qwen/Qwen3.6-35B-A3B-FP8,ok,32,127,254,178,0.7007874015748031,254,234,0.9212598425196851,63,0.49606299212598426,0.9825021872265967,249.55555555555554,0.9901574803149606,251.5,Qwen/Qwen3.6-35B-A3B-FP8
chat,2,127,8,2032,same_model,1897,0.9335629921259843,135,0.06643700787401575,167,True,127,128,40,40,0,"[167, 40, 8]",0,True,40,True,128,167,40,0,0,40,"[128, 40, 8]",1,40,False,5cc3b2ea8220fee25c5a,"0,1",expected_aligned_shape,Qwen/Qwen3.6-35B-A3B-FP8,ok,32,127,254,187,0.7362204724409449,254,236,0.9291338582677166,70,0.5511811023622047,0.984251968503937,250.0,0.9911417322834646,251.75,Qwen/Qwen3.6-35B-A3B-FP8
mixed_language,2,99,8,1584,same_model,1476,0.9318181818181818,108,0.06818181818181818,131,True,99,100,32,32,0,"[131, 40, 8]",0,True,32,True,100,131,32,0,0,32,"[100, 40, 8]",1,40,False,5ccc53138865441b7e9c,"0,1",expected_aligned_shape,Qwen/Qwen3.6-35B-A3B-FP8,ok,32,99,198,147,0.7424242424242424,198,182,0.9191919191919192,58,0.5858585858585859,0.9820426487093155,194.44444444444446,0.98989898989899,196.0,Qwen/Qwen3.6-35B-A3B-FP8
needle,2,127,8,2032,same_model,1861,0.9158464566929134,171,0.08415354330708662,159,True,127,128,32,32,0,"[159, 40, 8]",0,True,32,True,128,159,32,0,0,32,"[128, 40, 8]",1,40,False,5ce1aa69b2eabf0ab880,"0,1",expected_aligned_shape,Qwen/Qwen3.6-35B-A3B-FP8,ok,32,127,254,170,0.6692913385826772,254,230,0.905511811023622,60,0.47244094488188976,0.9783027121609799,248.48888888888888,0.9876968503937008,250.875,Qwen/Qwen3.6-35B-A3B-FP8
low_margin,2,127,8,2032,same_model,1884,0.9271653543307087,148,0.07283464566929133,166,True,127,128,39,39,0,"[166, 40, 8]",0,True,39,True,128,166,39,0,0,39,"[128, 40, 8]",1,40,False,5d6436da268b099bc9ae,"0,1",expected_aligned_shape,Qwen/Qwen3.6-35B-A3B-FP8,ok,32,127,254,186,0.7322834645669292,254,234,0.9212598425196851,70,0.5511811023622047,0.9825021872265967,249.55555555555554,0.9901574803149606,251.5,Qwen/Qwen3.6-35B-A3B-FP8
code,2,127,8,2032,same_model,1888,0.9291338582677166,144,0.07086614173228346,159,True,127,128,32,32,0,"[159, 40, 8]",0,True,32,True,128,159,32,0,0,32,"[128, 40, 8]",1,40,False,5d954451505bcd01a0b6,"0,1",expected_aligned_shape,Qwen/Qwen3.6-35B-A3B-FP8,ok,32,127,254,183,0.7204724409448819,254,230,0.905511811023622,67,0.5275590551181102,0.9790026246719161,248.66666666666666,0.9881889763779528,251.0,Qwen/Qwen3.6-35B-A3B-FP8
json_structured,2,127,8,2032,same_model,1910,0.9399606299212598,122,0.060039370078740155,159,True,127,128,32,32,0,"[159, 40, 8]",0,True,32,True,128,159,32,0,0,32,"[128, 40, 8]",1,40,False,5dc2433ac93e3f045e6f,"0,1",expected_aligned_shape,Qwen/Qwen3.6-35B-A3B-FP8,ok,32,127,254,198,0.7795275590551181,254,244,0.9606299212598425,77,0.6062992125984252,0.9912510936132983,251.77777777777777,0.9950787401574803,252.75,Qwen/Qwen3.6-35B-A3B-FP8
json_structured,2,127,8,2032,same_model,1894,0.9320866141732284,138,0.06791338582677166,159,True,127,128,32,32,0,"[159, 40, 8]",0,True,32,True,128,159,32,0,0,32,"[128, 40, 8]",1,40,False,5dec9ebe264afa9af17b,"0,1",expected_aligned_shape,Qwen/Qwen3.6-35B-A3B-FP8,ok,32,127,254,190,0.7480314960629921,254,233,0.9173228346456693,73,0.5748031496062992,0.9816272965879266,249.33333333333334,0.9896653543307087,251.375,Qwen/Qwen3.6-35B-A3B-FP8
needle,2,127,8,2032,same_model,1876,0.9232283464566929,156,0.07677165354330709,159,True,127,128,32,32,0,"[159, 40, 8]",0,True,32,True,128,159,32,0,0,32,"[128, 40, 8]",1,40,False,5e4285f7c6a076ba71ba,"0,1",expected_aligned_shape,Qwen/Qwen3.6-35B-A3B-FP8,ok,32,127,254,180,0.7086614173228346,254,235,0.9251968503937008,63,0.49606299212598426,0.983377077865267,249.77777777777777,0.9906496062992126,251.625,Qwen/Qwen3.6-35B-A3B-FP8
math_numeric,2,127,8,2032,same_model,1833,0.9020669291338582,199,0.09793307086614174,159,True,127,128,32,32,0,"[159, 40, 8]",0,True,32,True,128,159,32,0,0,32,"[128, 40, 8]",1,40,False,5e60c1c8b6ea2c098870,"0,1",expected_aligned_shape,Qwen/Qwen3.6-35B-A3B-FP8,ok,32,127,254,167,0.65748031496063,254,229,0.9015748031496063,55,0.4330708661417323,0.9781277340332458,248.44444444444446,0.9876968503937008,250.875,Qwen/Qwen3.6-35B-A3B-FP8
needle,2,127,8,2032,same_model,1856,0.9133858267716536,176,0.08661417322834646,159,True,127,128,32,32,0,"[159, 40, 8]",0,True,32,True,128,159,32,0,0,32,"[128, 40, 8]",1,40,False,5ec469aa0ce5140ec633,"0,1",expected_aligned_shape,Qwen/Qwen3.6-35B-A3B-FP8,ok,32,127,254,167,0.65748031496063,254,227,0.8937007874015748,57,0.44881889763779526,0.9763779527559054,248.0,0.9867125984251969,250.625,Qwen/Qwen3.6-35B-A3B-FP8
math_numeric,2,127,8,2032,same_model,1632,0.8031496062992126,400,0.1968503937007874,159,True,127,128,32,32,0,"[159, 40, 8]",0,True,32,True,128,159,32,0,0,32,"[128, 40, 8]",1,40,False,5f2bea854f44d77c4f9e,"0,1",expected_aligned_shape,Qwen/Qwen3.6-35B-A3B-FP8,ok,32,127,254,89,0.35039370078740156,254,202,0.7952755905511811,14,0.11023622047244094,0.9524059492563431,241.91111111111113,0.9729330708661418,247.125,Qwen/Qwen3.6-35B-A3B-FP8
low_margin,2,127,8,2032,same_model,1919,0.9443897637795275,113,0.05561023622047244,167,True,127,128,40,40,0,"[167, 40, 8]",0,True,40,True,128,167,40,0,0,40,"[128, 40, 8]",1,40,False,5fa103d525773692e93e,"0,1",expected_aligned_shape,Qwen/Qwen3.6-35B-A3B-FP8,ok,32,127,254,197,0.7755905511811023,254,240,0.9448818897637795,77,0.6062992125984252,0.9870516185476815,250.7111111111111,0.9926181102362205,252.125,Qwen/Qwen3.6-35B-A3B-FP8
mixed_language,2,127,8,2032,same_model,1879,0.9247047244094488,153,0.07529527559055119,159,True,127,128,32,32,0,"[159, 40, 8]",0,True,32,True,128,159,32,0,0,32,"[128, 40, 8]",1,40,False,60211dc01512519f5f6c,"0,1",expected_aligned_shape,Qwen/Qwen3.6-35B-A3B-FP8,ok,32,127,254,177,0.6968503937007874,254,236,0.9291338582677166,63,0.49606299212598426,0.984251968503937,250.0,0.9911417322834646,251.75,Qwen/Qwen3.6-35B-A3B-FP8
summarization,2,127,8,2032,same_model,1877,0.9237204724409449,155,0.07627952755905512,159,True,127,128,32,32,0,"[159, 40, 8]",0,True,32,True,128,159,32,0,0,32,"[128, 40, 8]",1,40,False,60794c5d59c308b41cfb,"0,1",expected_aligned_shape,Qwen/Qwen3.6-35B-A3B-FP8,ok,32,127,254,173,0.6811023622047244,254,235,0.9251968503937008,58,0.4566929133858268,0.9833770778652668,249.77777777777777,0.9906496062992126,251.625,Qwen/Qwen3.6-35B-A3B-FP8
summarization,2,127,8,2032,same_model,1880,0.9251968503937008,152,0.07480314960629922,159,True,127,128,32,32,0,"[159, 40, 8]",0,True,32,True,128,159,32,0,0,32,"[128, 40, 8]",1,40,False,60a014ca03d8b7493ef2,"0,1",expected_aligned_shape,Qwen/Qwen3.6-35B-A3B-FP8,ok,32,127,254,180,0.7086614173228346,254,234,0.9212598425196851,65,0.5118110236220472,0.9825021872265967,249.55555555555554,0.9901574803149606,251.5,Qwen/Qwen3.6-35B-A3B-FP8
logs,2,127,8,2032,same_model,1883,0.9266732283464567,149,0.0733267716535433,159,True,127,128,32,32,0,"[159, 40, 8]",0,True,32,True,128,159,32,0,0,32,"[128, 40, 8]",1,40,False,60c5a4f41ae1be2940ff,"0,1",expected_aligned_shape,Qwen/Qwen3.6-35B-A3B-FP8,ok,32,127,254,188,0.7401574803149606,254,241,0.9488188976377953,70,0.5511811023622047,0.9886264216972879,251.11111111111111,0.9936023622047244,252.375,Qwen/Qwen3.6-35B-A3B-FP8
logs,2,127,8,2032,same_model,1867,0.9187992125984252,165,0.0812007874015748,159,True,127,128,32,32,0,"[159, 40, 8]",0,True,32,True,128,159,32,0,0,32,"[128, 40, 8]",1,40,False,60da264064e9ae3d6aff,"0,1",expected_aligned_shape,Qwen/Qwen3.6-35B-A3B-FP8,ok,32,127,254,181,0.7125984251968503,254,238,0.937007874015748,64,0.5039370078740157,0.9860017497812773,250.44444444444446,0.9921259842519685,252.0,Qwen/Qwen3.6-35B-A3B-FP8
short_qa,2,127,8,2032,same_model,1905,0.9375,127,0.0625,159,True,127,128,32,32,0,"[159, 40, 8]",0,True,32,True,128,159,32,0,0,32,"[128, 40, 8]",1,40,False,618efcb627bbc74f53f2,"0,1",expected_aligned_shape,Qwen/Qwen3.6-35B-A3B-FP8,ok,32,127,254,189,0.7440944881889764,254,236,0.9291338582677166,68,0.5354330708661418,0.984251968503937,250.0,0.9911417322834646,251.75,Qwen/Qwen3.6-35B-A3B-FP8
logs,2,18,8,288,same_model,271,0.9409722222222222,17,0.059027777777777776,50,True,18,19,32,32,0,"[50, 40, 8]",0,True,32,True,19,50,32,0,0,32,"[19, 40, 8]",1,40,False,61aa77e345b1f02cbb13,"0,1",expected_aligned_shape,Qwen/Qwen3.6-35B-A3B-FP8,ok,32,18,36,28,0.7777777777777778,36,33,0.9166666666666666,12,0.6666666666666666,0.9814814814814815,35.333333333333336,0.9895833333333334,35.625,Qwen/Qwen3.6-35B-A3B-FP8
code,2,127,8,2032,same_model,1871,0.9207677165354331,161,0.07923228346456693,166,True,127,128,39,39,0,"[166, 40, 8]",0,True,39,True,128,166,39,0,0,39,"[128, 40, 8]",1,40,False,61d3849a193f9e7cabb2,"0,1",expected_aligned_shape,Qwen/Qwen3.6-35B-A3B-FP8,ok,32,127,254,177,0.6968503937007874,254,233,0.9173228346456693,54,0.4251968503937008,0.9816272965879265,249.33333333333334,0.9896653543307087,251.375,Qwen/Qwen3.6-35B-A3B-FP8
needle,2,127,8,2032,same_model,1885,0.9276574803149606,147,0.07234251968503937,159,True,127,128,32,32,0,"[159, 40, 8]",0,True,32,True,128,159,32,0,0,32,"[128, 40, 8]",1,40,False,61dad56979eb7448dc31,"0,1",expected_aligned_shape,Qwen/Qwen3.6-35B-A3B-FP8,ok,32,127,254,182,0.7165354330708661,254,232,0.9133858267716536,64,0.5039370078740157,0.9807524059492565,249.11111111111111,0.9891732283464567,251.25,Qwen/Qwen3.6-35B-A3B-FP8
code,2,127,8,2032,same_model,1899,0.9345472440944882,133,0.0654527559055118,159,True,127,128,32,32,0,"[159, 40, 8]",0,True,32,True,128,159,32,0,0,32,"[128, 40, 8]",1,40,False,62206ac3511509952e6a,"0,1",expected_aligned_shape,Qwen/Qwen3.6-35B-A3B-FP8,ok,32,127,254,188,0.7401574803149606,254,239,0.9409448818897638,71,0.5590551181102362,0.9868766404199476,250.66666666666666,0.9926181102362205,252.125,Qwen/Qwen3.6-35B-A3B-FP8
short_qa,2,127,8,2032,same_model,1886,0.9281496062992126,146,0.0718503937007874,159,True,127,128,32,32,0,"[159, 40, 8]",0,True,32,True,128,159,32,0,0,32,"[128, 40, 8]",1,40,False,62349ed5700df0f9b090,"0,1",expected_aligned_shape,Qwen/Qwen3.6-35B-A3B-FP8,ok,32,127,254,180,0.7086614173228346,254,231,0.9094488188976378,64,0.5039370078740157,0.9798775153105863,248.88888888888889,0.9886811023622047,251.125,Qwen/Qwen3.6-35B-A3B-FP8
math_numeric,2,127,8,2032,same_model,1659,0.8164370078740157,373,0.18356299212598426,159,True,127,128,32,32,0,"[159, 40, 8]",0,True,32,True,128,159,32,0,0,32,"[128, 40, 8]",1,40,False,625ba97508abd5ba47b3,"0,1",expected_aligned_shape,Qwen/Qwen3.6-35B-A3B-FP8,ok,32,127,254,98,0.3858267716535433,254,181,0.7125984251968503,28,0.2204724409448819,0.9361329833770778,237.77777777777777,0.9640748031496063,244.875,Qwen/Qwen3.6-35B-A3B-FP8
code,2,127,8,2032,same_model,1910,0.9399606299212598,122,0.060039370078740155,159,True,127,128,32,32,0,"[159, 40, 8]",0,True,32,True,128,159,32,0,0,32,"[128, 40, 8]",1,40,False,635a84b1fcccb143191a,"0,1",expected_aligned_shape,Qwen/Qwen3.6-35B-A3B-FP8,ok,32,127,254,195,0.7677165354330708,254,245,0.9645669291338582,74,0.5826771653543307,0.9921259842519685,252.0,0.9955708661417323,252.875,Qwen/Qwen3.6-35B-A3B-FP8
short_qa,2,127,8,2032,same_model,1937,0.953248031496063,95,0.04675196850393701,159,True,127,128,32,32,0,"[159, 40, 8]",0,True,32,True,128,159,32,0,0,32,"[128, 40, 8]",1,40,False,63e60c51c3ab97ae4333,"0,1",expected_aligned_shape,Qwen/Qwen3.6-35B-A3B-FP8,ok,32,127,254,204,0.8031496062992126,254,236,0.9291338582677166,84,0.6614173228346457,0.984251968503937,250.0,0.9911417322834646,251.75,Qwen/Qwen3.6-35B-A3B-FP8
short_qa,2,127,8,2032,same_model,1903,0.9365157480314961,129,0.06348425196850394,159,True,127,128,32,32,0,"[159, 40, 8]",0,True,32,True,128,159,32,0,0,32,"[128, 40, 8]",1,40,False,64538eda0671b21a41c4,"0,1",expected_aligned_shape,Qwen/Qwen3.6-35B-A3B-FP8,ok,32,127,254,187,0.7362204724409449,254,236,0.9291338582677166,69,0.5433070866141733,0.984251968503937,250.0,0.9911417322834646,251.75,Qwen/Qwen3.6-35B-A3B-FP8
json_structured,2,127,8,2032,same_model,1883,0.9266732283464567,149,0.0733267716535433,167,True,127,128,40,40,0,"[167, 40, 8]",0,True,40,True,128,167,40,0,0,40,"[128, 40, 8]",1,40,False,64564143259d7ae5b3d4,"0,1",expected_aligned_shape,Qwen/Qwen3.6-35B-A3B-FP8,ok,32,127,254,184,0.7244094488188977,254,236,0.9291338582677166,62,0.4881889763779528,0.984251968503937,250.0,0.9911417322834646,251.75,Qwen/Qwen3.6-35B-A3B-FP8
needle,2,127,8,2032,same_model,1853,0.9119094488188977,179,0.08809055118110236,159,True,127,128,32,32,0,"[159, 40, 8]",0,True,32,True,128,159,32,0,0,32,"[128, 40, 8]",1,40,False,647c36c6afdb90483e6e,"0,1",expected_aligned_shape,Qwen/Qwen3.6-35B-A3B-FP8,ok,32,127,254,172,0.6771653543307087,254,229,0.9015748031496063,58,0.4566929133858268,0.9781277340332459,248.44444444444446,0.9876968503937008,250.875,Qwen/Qwen3.6-35B-A3B-FP8
chat,2,127,8,2032,same_model,1855,0.9128937007874016,177,0.08710629921259842,167,True,127,128,40,40,0,"[167, 40, 8]",0,True,40,True,128,167,40,0,0,40,"[128, 40, 8]",1,40,False,648175fcca5e2556c1df,"0,1",expected_aligned_shape,Qwen/Qwen3.6-35B-A3B-FP8,ok,32,127,254,170,0.6692913385826772,254,240,0.9448818897637795,57,0.44881889763779526,0.9877515310586178,250.88888888888889,0.9931102362204725,252.25,Qwen/Qwen3.6-35B-A3B-FP8
needle,2,127,8,2032,same_model,1893,0.9315944881889764,139,0.06840551181102363,159,True,127,128,32,32,0,"[159, 40, 8]",0,True,32,True,128,159,32,0,0,32,"[128, 40, 8]",1,40,False,6491221fae4e7da9bb37,"0,1",expected_aligned_shape,Qwen/Qwen3.6-35B-A3B-FP8,ok,32,127,254,189,0.7440944881889764,254,235,0.9251968503937008,73,0.5748031496062992,0.9833770778652668,249.77777777777777,0.9906496062992126,251.625,Qwen/Qwen3.6-35B-A3B-FP8
summarization,2,127,8,2032,same_model,1897,0.9335629921259843,135,0.06643700787401575,167,True,127,128,40,40,0,"[167, 40, 8]",0,True,40,True,128,167,40,0,0,40,"[128, 40, 8]",1,40,False,649e0a93f32d42bfc05d,"0,1",expected_aligned_shape,Qwen/Qwen3.6-35B-A3B-FP8,ok,32,127,254,185,0.7283464566929134,254,237,0.9330708661417323,69,0.5433070866141733,0.9851268591426072,250.22222222222223,0.9916338582677166,251.875,Qwen/Qwen3.6-35B-A3B-FP8
logs,2,127,8,2032,same_model,1892,0.9311023622047244,140,0.0688976377952756,159,True,127,128,32,32,0,"[159, 40, 8]",0,True,32,True,128,159,32,0,0,32,"[128, 40, 8]",1,40,False,64bccc426add290c5c66,"0,1",expected_aligned_shape,Qwen/Qwen3.6-35B-A3B-FP8,ok,32,127,254,183,0.7204724409448819,254,229,0.9015748031496063,69,0.5433070866141733,0.9781277340332458,248.44444444444446,0.9876968503937008,250.875,Qwen/Qwen3.6-35B-A3B-FP8
needle,2,127,8,2032,same_model,1895,0.9325787401574803,137,0.06742125984251969,159,True,127,128,32,32,0,"[159, 40, 8]",0,True,32,True,128,159,32,0,0,32,"[128, 40, 8]",1,40,False,64c832a40bb0a8a5122b,"0,1",expected_aligned_shape,Qwen/Qwen3.6-35B-A3B-FP8,ok,32,127,254,180,0.7086614173228346,254,230,0.905511811023622,64,0.5039370078740157,0.9790026246719161,248.66666666666666,0.9881889763779528,251.0,Qwen/Qwen3.6-35B-A3B-FP8
logs,2,127,8,2032,same_model,1900,0.9350393700787402,132,0.06496062992125984,159,True,127,128,32,32,0,"[159, 40, 8]",0,True,32,True,128,159,32,0,0,32,"[128, 40, 8]",1,40,False,64d31e3be638fe6fcbd5,"0,1",expected_aligned_shape,Qwen/Qwen3.6-35B-A3B-FP8,ok,32,127,254,189,0.7440944881889764,254,239,0.9409448818897638,68,0.5354330708661418,0.9868766404199476,250.66666666666666,0.9926181102362205,252.125,Qwen/Qwen3.6-35B-A3B-FP8
low_margin,2,127,8,2032,same_model,1876,0.9232283464566929,156,0.07677165354330709,166,True,127,128,39,39,0,"[166, 40, 8]",0,True,39,True,128,166,39,0,0,39,"[128, 40, 8]",1,40,False,64daa5bfff610e9e66ad,"0,1",expected_aligned_shape,Qwen/Qwen3.6-35B-A3B-FP8,ok,32,127,254,179,0.7047244094488189,254,232,0.9133858267716536,63,0.49606299212598426,0.9807524059492564,249.11111111111111,0.9891732283464567,251.25,Qwen/Qwen3.6-35B-A3B-FP8
needle,2,127,8,2032,same_model,1883,0.9266732283464567,149,0.0733267716535433,159,True,127,128,32,32,0,"[159, 40, 8]",0,True,32,True,128,159,32,0,0,32,"[128, 40, 8]",1,40,False,66e7499ea01736aa6aad,"0,1",expected_aligned_shape,Qwen/Qwen3.6-35B-A3B-FP8,ok,32,127,254,183,0.7204724409448819,254,241,0.9488188976377953,65,0.5118110236220472,0.988626421697288,251.11111111111111,0.9936023622047244,252.375,Qwen/Qwen3.6-35B-A3B-FP8
math_numeric,2,127,8,2032,same_model,1662,0.8179133858267716,370,0.18208661417322836,159,True,127,128,32,32,0,"[159, 40, 8]",0,True,32,True,128,159,32,0,0,32,"[128, 40, 8]",1,40,False,66f224dcb038a724920f,"0,1",expected_aligned_shape,Qwen/Qwen3.6-35B-A3B-FP8,ok,32,127,254,113,0.4448818897637795,254,212,0.8346456692913385,16,0.12598425196850394,0.963254593175853,244.66666666666666,0.9793307086614174,248.75,Qwen/Qwen3.6-35B-A3B-FP8
logs,2,51,8,816,same_model,758,0.928921568627451,58,0.07107843137254902,83,True,51,52,32,32,0,"[83, 40, 8]",0,True,32,True,52,83,32,0,0,32,"[52, 40, 8]",1,40,False,66f56fe8b57a5be4db53,"0,1",expected_aligned_shape,Qwen/Qwen3.6-35B-A3B-FP8,ok,32,51,102,74,0.7254901960784313,102,99,0.9705882352941176,27,0.5294117647058824,0.9934640522875818,101.33333333333333,0.9963235294117647,101.625,Qwen/Qwen3.6-35B-A3B-FP8
needle,2,127,8,2032,same_model,1882,0.9261811023622047,150,0.07381889763779527,159,True,127,128,32,32,0,"[159, 40, 8]",0,True,32,True,128,159,32,0,0,32,"[128, 40, 8]",1,40,False,67345eef265eb7d10e43,"0,1",expected_aligned_shape,Qwen/Qwen3.6-35B-A3B-FP8,ok,32,127,254,183,0.7204724409448819,254,235,0.9251968503937008,64,0.5039370078740157,0.983377077865267,249.77777777777777,0.9906496062992126,251.625,Qwen/Qwen3.6-35B-A3B-FP8
logs,2,70,8,1120,same_model,1035,0.9241071428571429,85,0.07589285714285714,102,True,70,71,32,32,0,"[102, 40, 8]",0,True,32,True,71,102,32,0,0,32,"[71, 40, 8]",1,40,False,675ce1bac13b9c77eba6,"0,1",expected_aligned_shape,Qwen/Qwen3.6-35B-A3B-FP8,ok,32,70,140,101,0.7214285714285714,140,136,0.9714285714285714,35,0.5,0.9936507936507937,139.11111111111111,0.9964285714285714,139.5,Qwen/Qwen3.6-35B-A3B-FP8
math_numeric,2,127,8,2032,same_model,1852,0.9114173228346457,180,0.08858267716535433,159,True,127,128,32,32,0,"[159, 40, 8]",0,True,32,True,128,159,32,0,0,32,"[128, 40, 8]",1,40,False,681642b7dbd11004c115,"0,1",expected_aligned_shape,Qwen/Qwen3.6-35B-A3B-FP8,ok,32,127,254,170,0.6692913385826772,254,231,0.9094488188976378,57,0.44881889763779526,0.9798775153105862,248.88888888888889,0.9886811023622047,251.125,Qwen/Qwen3.6-35B-A3B-FP8
short_qa,2,127,8,2032,same_model,1881,0.9256889763779528,151,0.07431102362204725,159,True,127,128,32,32,0,"[159, 40, 8]",0,True,32,True,128,159,32,0,0,32,"[128, 40, 8]",1,40,False,68607053dacf386c2ddd,"0,1",expected_aligned_shape,Qwen/Qwen3.6-35B-A3B-FP8,ok,32,127,254,186,0.7322834645669292,254,241,0.9488188976377953,66,0.5196850393700787,0.9886264216972879,251.11111111111111,0.9936023622047244,252.375,Qwen/Qwen3.6-35B-A3B-FP8
short_qa,2,127,8,2032,same_model,1909,0.9394685039370079,123,0.06053149606299212,166,True,127,128,39,39,0,"[166, 40, 8]",0,True,39,True,128,166,39,0,0,39,"[128, 40, 8]",1,40,False,686174b9d82c11ff58c5,"0,1",expected_aligned_shape,Qwen/Qwen3.6-35B-A3B-FP8,ok,32,127,254,195,0.7677165354330708,254,237,0.9330708661417323,77,0.6062992125984252,0.9851268591426072,250.22222222222223,0.9916338582677166,251.875,Qwen/Qwen3.6-35B-A3B-FP8
logs,2,127,8,2032,same_model,1866,0.9183070866141733,166,0.08169291338582677,159,True,127,128,32,32,0,"[159, 40, 8]",0,True,32,True,128,159,32,0,0,32,"[128, 40, 8]",1,40,False,68cf4ae41e4a4e18968d,"0,1",expected_aligned_shape,Qwen/Qwen3.6-35B-A3B-FP8,ok,32,127,254,174,0.6850393700787402,254,227,0.8937007874015748,59,0.4645669291338583,0.9763779527559056,248.0,0.9867125984251969,250.625,Qwen/Qwen3.6-35B-A3B-FP8
json_structured,2,127,8,2032,same_model,1855,0.9128937007874016,177,0.08710629921259842,159,True,127,128,32,32,0,"[159, 40, 8]",0,True,32,True,128,159,32,0,0,32,"[128, 40, 8]",1,40,False,691dadfbe89de16b8efd,"0,1",expected_aligned_shape,Qwen/Qwen3.6-35B-A3B-FP8,ok,32,127,254,172,0.6771653543307087,254,233,0.9173228346456693,56,0.4409448818897638,0.9816272965879266,249.33333333333334,0.9896653543307087,251.375,Qwen/Qwen3.6-35B-A3B-FP8
code,2,127,8,2032,same_model,1882,0.9261811023622047,150,0.07381889763779527,166,True,127,128,39,39,0,"[166, 40, 8]",0,True,39,True,128,166,39,0,0,39,"[128, 40, 8]",1,40,False,6922a8786e12ef51efb9,"0,1",expected_aligned_shape,Qwen/Qwen3.6-35B-A3B-FP8,ok,32,127,254,186,0.7322834645669292,254,237,0.9330708661417323,71,0.5590551181102362,0.9851268591426072,250.22222222222223,0.9916338582677166,251.875,Qwen/Qwen3.6-35B-A3B-FP8
mixed_language,2,127,8,2032,same_model,1907,0.9384842519685039,125,0.061515748031496065,159,True,127,128,32,32,0,"[159, 40, 8]",0,True,32,True,128,159,32,0,0,32,"[128, 40, 8]",1,40,False,694033e392836cbb1ca7,"0,1",expected_aligned_shape,Qwen/Qwen3.6-35B-A3B-FP8,ok,32,127,254,187,0.7362204724409449,254,234,0.9212598425196851,69,0.5433070866141733,0.9825021872265968,249.55555555555554,0.9901574803149606,251.5,Qwen/Qwen3.6-35B-A3B-FP8
math_numeric,2,127,8,2032,same_model,1890,0.9301181102362205,142,0.06988188976377953,159,True,127,128,32,32,0,"[159, 40, 8]",0,True,32,True,128,159,32,0,0,32,"[128, 40, 8]",1,40,False,69877842f87fc32699bb,"0,1",expected_aligned_shape,Qwen/Qwen3.6-35B-A3B-FP8,ok,32,127,254,183,0.7204724409448819,254,228,0.8976377952755905,68,0.5354330708661418,0.9772528433945757,248.22222222222223,0.9872047244094488,250.75,Qwen/Qwen3.6-35B-A3B-FP8
code,2,127,8,2032,same_model,1888,0.9291338582677166,144,0.07086614173228346,166,True,127,128,39,39,0,"[166, 40, 8]",0,True,39,True,128,166,39,0,0,39,"[128, 40, 8]",1,40,False,69bb6f61611966bb3ee3,"0,1",expected_aligned_shape,Qwen/Qwen3.6-35B-A3B-FP8,ok,32,127,254,182,0.7165354330708661,254,235,0.9251968503937008,65,0.5118110236220472,0.983377077865267,249.77777777777777,0.9906496062992126,251.625,Qwen/Qwen3.6-35B-A3B-FP8
needle,2,127,8,2032,same_model,1864,0.9173228346456693,168,0.08267716535433071,159,True,127,128,32,32,0,"[159, 40, 8]",0,True,32,True,128,159,32,0,0,32,"[128, 40, 8]",1,40,False,69ccc9036a52d9a887e9,"0,1",expected_aligned_shape,Qwen/Qwen3.6-35B-A3B-FP8,ok,32,127,254,174,0.6850393700787402,254,225,0.8858267716535433,63,0.49606299212598426,0.9746281714785653,247.55555555555554,0.9857283464566929,250.375,Qwen/Qwen3.6-35B-A3B-FP8
math_numeric,2,127,8,2032,same_model,1849,0.9099409448818898,183,0.09005905511811024,159,True,127,128,32,32,0,"[159, 40, 8]",0,True,32,True,128,159,32,0,0,32,"[128, 40, 8]",1,40,False,6a0ce4764dcccddfaee9,"0,1",expected_aligned_shape,Qwen/Qwen3.6-35B-A3B-FP8,ok,32,127,254,174,0.6850393700787402,254,237,0.9330708661417323,55,0.4330708661417323,0.9851268591426072,250.22222222222223,0.9916338582677166,251.875,Qwen/Qwen3.6-35B-A3B-FP8
needle,2,127,8,2032,same_model,1843,0.906988188976378,189,0.09301181102362205,159,True,127,128,32,32,0,"[159, 40, 8]",0,True,32,True,128,159,32,0,0,32,"[128, 40, 8]",1,40,False,6a2aff23f5544a7af81f,"0,1",expected_aligned_shape,Qwen/Qwen3.6-35B-A3B-FP8,ok,32,127,254,168,0.6614173228346457,254,230,0.905511811023622,58,0.4566929133858268,0.9790026246719161,248.66666666666666,0.9881889763779528,251.0,Qwen/Qwen3.6-35B-A3B-FP8
mixed_language,2,127,8,2032,same_model,1864,0.9173228346456693,168,0.08267716535433071,159,True,127,128,32,32,0,"[159, 40, 8]",0,True,32,True,128,159,32,0,0,32,"[128, 40, 8]",1,40,False,6a36b437749c80f32e46,"0,1",expected_aligned_shape,Qwen/Qwen3.6-35B-A3B-FP8,ok,32,127,254,178,0.7007874015748031,254,236,0.9291338582677166,61,0.48031496062992124,0.983552055993001,249.82222222222222,0.9906496062992126,251.625,Qwen/Qwen3.6-35B-A3B-FP8
chat,2,127,8,2032,same_model,1850,0.9104330708661418,182,0.08956692913385826,166,True,127,128,39,39,0,"[166, 40, 8]",0,True,39,True,128,166,39,0,0,39,"[128, 40, 8]",1,40,False,6a7988b4b265b4e81ecf,"0,1",expected_aligned_shape,Qwen/Qwen3.6-35B-A3B-FP8,ok,32,127,254,171,0.6732283464566929,254,237,0.9330708661417323,61,0.48031496062992124,0.9851268591426072,250.22222222222223,0.9916338582677166,251.875,Qwen/Qwen3.6-35B-A3B-FP8
mixed_language,2,83,8,1328,same_model,1267,0.954066265060241,61,0.04593373493975904,115,True,83,84,32,32,0,"[115, 40, 8]",0,True,32,True,84,115,32,0,0,32,"[84, 40, 8]",1,40,False,6bc25b6c09aab8061747,"0,1",expected_aligned_shape,Qwen/Qwen3.6-35B-A3B-FP8,ok,32,83,166,137,0.8253012048192772,166,157,0.9457831325301205,58,0.6987951807228916,0.9879518072289156,164.0,0.9932228915662651,164.875,Qwen/Qwen3.6-35B-A3B-FP8
logs,2,127,8,2032,same_model,1912,0.9409448818897638,120,0.05905511811023622,159,True,127,128,32,32,0,"[159, 40, 8]",0,True,32,True,128,159,32,0,0,32,"[128, 40, 8]",1,40,False,6bfa764cf50a09161751,"0,1",expected_aligned_shape,Qwen/Qwen3.6-35B-A3B-FP8,ok,32,127,254,192,0.7559055118110236,254,233,0.9173228346456693,69,0.5433070866141733,0.9816272965879266,249.33333333333334,0.9896653543307087,251.375,Qwen/Qwen3.6-35B-A3B-FP8
low_margin,2,127,8,2032,same_model,1898,0.9340551181102362,134,0.06594488188976377,166,True,127,128,39,39,0,"[166, 40, 8]",0,True,39,True,128,166,39,0,0,39,"[128, 40, 8]",1,40,False,6c186019ba6014af2732,"0,1",expected_aligned_shape,Qwen/Qwen3.6-35B-A3B-FP8,ok,32,127,254,187,0.7362204724409449,254,231,0.9094488188976378,72,0.5669291338582677,0.9798775153105862,248.88888888888889,0.9886811023622047,251.125,Qwen/Qwen3.6-35B-A3B-FP8
needle,2,127,8,2032,same_model,1884,0.9271653543307087,148,0.07283464566929133,159,True,127,128,32,32,0,"[159, 40, 8]",0,True,32,True,128,159,32,0,0,32,"[128, 40, 8]",1,40,False,6c6243b51d3892ec1757,"0,1",expected_aligned_shape,Qwen/Qwen3.6-35B-A3B-FP8,ok,32,127,254,180,0.7086614173228346,254,231,0.9094488188976378,64,0.5039370078740157,0.9798775153105862,248.88888888888889,0.9886811023622047,251.125,Qwen/Qwen3.6-35B-A3B-FP8
summarization,2,127,8,2032,same_model,1914,0.9419291338582677,118,0.058070866141732284,167,True,127,128,40,40,0,"[167, 40, 8]",0,True,40,True,128,167,40,0,0,40,"[128, 40, 8]",1,40,False,6c9d1a693268c2c187e6,"0,1",expected_aligned_shape,Qwen/Qwen3.6-35B-A3B-FP8,ok,32,127,254,194,0.7637795275590551,254,236,0.9291338582677166,71,0.5590551181102362,0.984251968503937,250.0,0.9911417322834646,251.75,Qwen/Qwen3.6-35B-A3B-FP8
math_numeric,2,127,8,2032,same_model,1617,0.7957677165354331,415,0.20423228346456693,159,True,127,128,32,32,0,"[159, 40, 8]",0,True,32,True,128,159,32,0,0,32,"[128, 40, 8]",1,40,False,6cea5d5b7d7f59335fff,"0,1",expected_aligned_shape,Qwen/Qwen3.6-35B-A3B-FP8,ok,32,127,254,88,0.3464566929133858,254,190,0.7480314960629921,15,0.11811023622047244,0.9433070866141733,239.6,0.968011811023622,245.875,Qwen/Qwen3.6-35B-A3B-FP8
logs,2,127,8,2032,same_model,1872,0.9212598425196851,160,0.07874015748031496,159,True,127,128,32,32,0,"[159, 40, 8]",0,True,32,True,128,159,32,0,0,32,"[128, 40, 8]",1,40,False,6d79d94bc17e5a51f1dc,"0,1",expected_aligned_shape,Qwen/Qwen3.6-35B-A3B-FP8,ok,32,127,254,179,0.7047244094488189,254,232,0.9133858267716536,65,0.5118110236220472,0.9800524934383202,248.93333333333334,0.9886811023622047,251.125,Qwen/Qwen3.6-35B-A3B-FP8
short_qa,2,127,8,2032,same_model,1883,0.9266732283464567,149,0.0733267716535433,159,True,127,128,32,32,0,"[159, 40, 8]",0,True,32,True,128,159,32,0,0,32,"[128, 40, 8]",1,40,False,6dae6da34a01e6f16a93,"0,1",expected_aligned_shape,Qwen/Qwen3.6-35B-A3B-FP8,ok,32,127,254,181,0.7125984251968503,254,240,0.9448818897637795,66,0.5196850393700787,0.9877515310586177,250.88888888888889,0.9931102362204725,252.25,Qwen/Qwen3.6-35B-A3B-FP8
code,2,127,8,2032,same_model,1911,0.9404527559055118,121,0.05954724409448819,159,True,127,128,32,32,0,"[159, 40, 8]",0,True,32,True,128,159,32,0,0,32,"[128, 40, 8]",1,40,False,6dee65e8e51a78b80ab8,"0,1",expected_aligned_shape,Qwen/Qwen3.6-35B-A3B-FP8,ok,32,127,254,193,0.7598425196850394,254,241,0.9488188976377953,71,0.5590551181102362,0.9886264216972879,251.11111111111111,0.9936023622047244,252.375,Qwen/Qwen3.6-35B-A3B-FP8
math_numeric,2,127,8,2032,same_model,1892,0.9311023622047244,140,0.0688976377952756,159,True,127,128,32,32,0,"[159, 40, 8]",0,True,32,True,128,159,32,0,0,32,"[128, 40, 8]",1,40,False,6dfdd40485f50cb29df5,"0,1",expected_aligned_shape,Qwen/Qwen3.6-35B-A3B-FP8,ok,32,127,254,188,0.7401574803149606,254,232,0.9133858267716536,65,0.5118110236220472,0.9807524059492564,249.11111111111111,0.9891732283464567,251.25,Qwen/Qwen3.6-35B-A3B-FP8
logs,2,127,8,2032,same_model,1891,0.9306102362204725,141,0.06938976377952756,159,True,127,128,32,32,0,"[159, 40, 8]",0,True,32,True,128,159,32,0,0,32,"[128, 40, 8]",1,40,False,6e24f66afea06ab899ca,"0,1",expected_aligned_shape,Qwen/Qwen3.6-35B-A3B-FP8,ok,32,127,254,187,0.7362204724409449,254,238,0.937007874015748,69,0.5433070866141733,0.9860017497812774,250.44444444444446,0.9921259842519685,252.0,Qwen/Qwen3.6-35B-A3B-FP8
needle,2,127,8,2032,same_model,1851,0.9109251968503937,181,0.0890748031496063,159,True,127,128,32,32,0,"[159, 40, 8]",0,True,32,True,128,159,32,0,0,32,"[128, 40, 8]",1,40,False,6eadddab5a9d6357f016,"0,1",expected_aligned_shape,Qwen/Qwen3.6-35B-A3B-FP8,ok,32,127,254,168,0.6614173228346457,254,231,0.9094488188976378,53,0.41732283464566927,0.9798775153105863,248.88888888888889,0.9886811023622047,251.125,Qwen/Qwen3.6-35B-A3B-FP8
short_qa,2,127,8,2032,same_model,1891,0.9306102362204725,141,0.06938976377952756,159,True,127,128,32,32,0,"[159, 40, 8]",0,True,32,True,128,159,32,0,0,32,"[128, 40, 8]",1,40,False,6ff617258d39033f385d,"0,1",expected_aligned_shape,Qwen/Qwen3.6-35B-A3B-FP8,ok,32,127,254,183,0.7204724409448819,254,234,0.9212598425196851,65,0.5118110236220472,0.9825021872265968,249.55555555555554,0.9901574803149606,251.5,Qwen/Qwen3.6-35B-A3B-FP8
low_margin,2,127,8,2032,same_model,1898,0.9340551181102362,134,0.06594488188976377,166,True,127,128,39,39,0,"[166, 40, 8]",0,True,39,True,128,166,39,0,0,39,"[128, 40, 8]",1,40,False,70089cae37454b48fcb1,"0,1",expected_aligned_shape,Qwen/Qwen3.6-35B-A3B-FP8,ok,32,127,254,187,0.7362204724409449,254,238,0.937007874015748,67,0.5275590551181102,0.9860017497812774,250.44444444444446,0.9921259842519685,252.0,Qwen/Qwen3.6-35B-A3B-FP8
summarization,2,127,8,2032,same_model,1902,0.9360236220472441,130,0.0639763779527559,163,True,127,128,36,36,0,"[163, 40, 8]",0,True,36,True,128,163,36,0,0,36,"[128, 40, 8]",1,40,False,700c237a8f3d293ac64c,"0,1",expected_aligned_shape,Qwen/Qwen3.6-35B-A3B-FP8,ok,32,127,254,194,0.7637795275590551,254,241,0.9488188976377953,72,0.5669291338582677,0.988626421697288,251.11111111111111,0.9936023622047244,252.375,Qwen/Qwen3.6-35B-A3B-FP8
code,2,127,8,2032,same_model,1881,0.9256889763779528,151,0.07431102362204725,159,True,127,128,32,32,0,"[159, 40, 8]",0,True,32,True,128,159,32,0,0,32,"[128, 40, 8]",1,40,False,70421ea8c307cc90eae3,"0,1",expected_aligned_shape,Qwen/Qwen3.6-35B-A3B-FP8,ok,32,127,254,182,0.7165354330708661,254,231,0.9094488188976378,68,0.5354330708661418,0.9791776027996502,248.7111111111111,0.9881889763779528,251.0,Qwen/Qwen3.6-35B-A3B-FP8
mixed_language,2,127,8,2032,same_model,1854,0.9124015748031497,178,0.08759842519685039,159,True,127,128,32,32,0,"[159, 40, 8]",0,True,32,True,128,159,32,0,0,32,"[128, 40, 8]",1,40,False,7086e023532b893d4bae,"0,1",expected_aligned_shape,Qwen/Qwen3.6-35B-A3B-FP8,ok,32,127,254,169,0.6653543307086615,254,234,0.9212598425196851,58,0.4566929133858268,0.9825021872265968,249.55555555555554,0.9901574803149606,251.5,Qwen/Qwen3.6-35B-A3B-FP8
short_qa,2,127,8,2032,same_model,1863,0.9168307086614174,169,0.08316929133858268,159,True,127,128,32,32,0,"[159, 40, 8]",0,True,32,True,128,159,32,0,0,32,"[128, 40, 8]",1,40,False,70d62d059b3550948736,"0,1",expected_aligned_shape,Qwen/Qwen3.6-35B-A3B-FP8,ok,32,127,254,175,0.6889763779527559,254,234,0.9212598425196851,61,0.48031496062992124,0.9825021872265968,249.55555555555554,0.9901574803149606,251.5,Qwen/Qwen3.6-35B-A3B-FP8
mixed_language,2,127,8,2032,same_model,1893,0.9315944881889764,139,0.06840551181102363,159,True,127,128,32,32,0,"[159, 40, 8]",0,True,32,True,128,159,32,0,0,32,"[128, 40, 8]",1,40,False,71015818094f5c36db00,"0,1",expected_aligned_shape,Qwen/Qwen3.6-35B-A3B-FP8,ok,32,127,254,189,0.7440944881889764,254,237,0.9330708661417323,69,0.5433070866141733,0.9851268591426072,250.22222222222223,0.9916338582677166,251.875,Qwen/Qwen3.6-35B-A3B-FP8
needle,2,127,8,2032,same_model,1873,0.921751968503937,159,0.07824803149606299,159,True,127,128,32,32,0,"[159, 40, 8]",0,True,32,True,128,159,32,0,0,32,"[128, 40, 8]",1,40,False,717a2dc5a64244109a91,"0,1",expected_aligned_shape,Qwen/Qwen3.6-35B-A3B-FP8,ok,32,127,254,177,0.6968503937007874,254,232,0.9133858267716536,64,0.5039370078740157,0.9807524059492565,249.11111111111111,0.9891732283464567,251.25,Qwen/Qwen3.6-35B-A3B-FP8
short_qa,2,127,8,2032,same_model,1874,0.922244094488189,158,0.07775590551181102,159,True,127,128,32,32,0,"[159, 40, 8]",0,True,32,True,128,159,32,0,0,32,"[128, 40, 8]",1,40,False,71dc0a1bd2869b85e777,"0,1",expected_aligned_shape,Qwen/Qwen3.6-35B-A3B-FP8,ok,32,127,254,180,0.7086614173228346,254,229,0.9015748031496063,64,0.5039370078740157,0.9781277340332458,248.44444444444446,0.9876968503937008,250.875,Qwen/Qwen3.6-35B-A3B-FP8
code,2,127,8,2032,same_model,1887,0.9286417322834646,145,0.07135826771653543,159,True,127,128,32,32,0,"[159, 40, 8]",0,True,32,True,128,159,32,0,0,32,"[128, 40, 8]",1,40,False,71ec93e425ed671ae88b,"0,1",expected_aligned_shape,Qwen/Qwen3.6-35B-A3B-FP8,ok,32,127,254,177,0.6968503937007874,254,226,0.889763779527559,59,0.4645669291338583,0.9755030621172355,247.77777777777777,0.9862204724409449,250.5,Qwen/Qwen3.6-35B-A3B-FP8
chat,2,127,8,2032,same_model,1884,0.9271653543307087,148,0.07283464566929133,159,True,127,128,32,32,0,"[159, 40, 8]",0,True,32,True,128,159,32,0,0,32,"[128, 40, 8]",1,40,False,71f95c9f88e7f7e702d9,"0,1",expected_aligned_shape,Qwen/Qwen3.6-35B-A3B-FP8,ok,32,127,254,186,0.7322834645669292,254,238,0.937007874015748,71,0.5590551181102362,0.9860017497812774,250.44444444444446,0.9921259842519685,252.0,Qwen/Qwen3.6-35B-A3B-FP8
needle,2,127,8,2032,same_model,1900,0.9350393700787402,132,0.06496062992125984,159,True,127,128,32,32,0,"[159, 40, 8]",0,True,32,True,128,159,32,0,0,32,"[128, 40, 8]",1,40,False,72245f886f83f6bf4433,"0,1",expected_aligned_shape,Qwen/Qwen3.6-35B-A3B-FP8,ok,32,127,254,191,0.7519685039370079,254,239,0.9409448818897638,69,0.5433070866141733,0.9868766404199476,250.66666666666666,0.9926181102362205,252.125,Qwen/Qwen3.6-35B-A3B-FP8
chat,2,127,8,2032,same_model,1895,0.9325787401574803,137,0.06742125984251969,159,True,127,128,32,32,0,"[159, 40, 8]",0,True,32,True,128,159,32,0,0,32,"[128, 40, 8]",1,40,False,72345c62c39bdd81bcbd,"0,1",expected_aligned_shape,Qwen/Qwen3.6-35B-A3B-FP8,ok,32,127,254,185,0.7283464566929134,254,237,0.9330708661417323,65,0.5118110236220472,0.9851268591426072,250.22222222222223,0.9916338582677166,251.875,Qwen/Qwen3.6-35B-A3B-FP8
summarization,2,127,8,2032,same_model,1892,0.9311023622047244,140,0.0688976377952756,163,True,127,128,36,36,0,"[163, 40, 8]",0,True,36,True,128,163,36,0,0,36,"[128, 40, 8]",1,40,False,727ec91316279b278313,"0,1",expected_aligned_shape,Qwen/Qwen3.6-35B-A3B-FP8,ok,32,127,254,187,0.7362204724409449,254,240,0.9448818897637795,65,0.5118110236220472,0.9877515310586178,250.88888888888889,0.9931102362204725,252.25,Qwen/Qwen3.6-35B-A3B-FP8
json_structured,2,127,8,2032,same_model,1847,0.9089566929133859,185,0.09104330708661418,159,True,127,128,32,32,0,"[159, 40, 8]",0,True,32,True,128,159,32,0,0,32,"[128, 40, 8]",1,40,False,729a8ad812ae814a3814,"0,1",expected_aligned_shape,Qwen/Qwen3.6-35B-A3B-FP8,ok,32,127,254,170,0.6692913385826772,254,234,0.9212598425196851,59,0.4645669291338583,0.9825021872265968,249.55555555555554,0.9901574803149606,251.5,Qwen/Qwen3.6-35B-A3B-FP8
logs,2,88,8,1408,same_model,1289,0.9154829545454546,119,0.08451704545454546,120,True,88,89,32,32,0,"[120, 40, 8]",0,True,32,True,89,120,32,0,0,32,"[89, 40, 8]",1,40,False,72b0e522ab5a57483e76,"0,1",expected_aligned_shape,Qwen/Qwen3.6-35B-A3B-FP8,ok,32,88,176,120,0.6818181818181818,176,162,0.9204545454545454,43,0.48863636363636365,0.9823232323232325,172.88888888888889,0.9900568181818182,174.25,Qwen/Qwen3.6-35B-A3B-FP8
code,2,127,8,2032,same_model,1913,0.9414370078740157,119,0.05856299212598425,159,True,127,128,32,32,0,"[159, 40, 8]",0,True,32,True,128,159,32,0,0,32,"[128, 40, 8]",1,40,False,733eefede21779a0b909,"0,1",expected_aligned_shape,Qwen/Qwen3.6-35B-A3B-FP8,ok,32,127,254,193,0.7598425196850394,254,232,0.9133858267716536,73,0.5748031496062992,0.9800524934383202,248.93333333333334,0.9886811023622047,251.125,Qwen/Qwen3.6-35B-A3B-FP8
mixed_language,2,127,8,2032,same_model,1849,0.9099409448818898,183,0.09005905511811024,159,True,127,128,32,32,0,"[159, 40, 8]",0,True,32,True,128,159,32,0,0,32,"[128, 40, 8]",1,40,False,73a5afc136df69bf9b27,"0,1",expected_aligned_shape,Qwen/Qwen3.6-35B-A3B-FP8,ok,32,127,254,166,0.6535433070866141,254,231,0.9094488188976378,49,0.3858267716535433,0.9798775153105862,248.88888888888889,0.9886811023622047,251.125,Qwen/Qwen3.6-35B-A3B-FP8
math_numeric,2,127,8,2032,same_model,1839,0.90501968503937,193,0.09498031496062992,159,True,127,128,32,32,0,"[159, 40, 8]",0,True,32,True,128,159,32,0,0,32,"[128, 40, 8]",1,40,False,73aa88094428b6f9ee46,"0,1",expected_aligned_shape,Qwen/Qwen3.6-35B-A3B-FP8,ok,32,127,254,161,0.6338582677165354,254,221,0.8700787401574803,52,0.4094488188976378,0.9704286964129485,246.48888888888888,0.9832677165354331,249.75,Qwen/Qwen3.6-35B-A3B-FP8
needle,2,127,8,2032,same_model,1861,0.9158464566929134,171,0.08415354330708662,159,True,127,128,32,32,0,"[159, 40, 8]",0,True,32,True,128,159,32,0,0,32,"[128, 40, 8]",1,40,False,73b1268564ada88cb2dd,"0,1",expected_aligned_shape,Qwen/Qwen3.6-35B-A3B-FP8,ok,32,127,254,174,0.6850393700787402,254,233,0.9173228346456693,59,0.4645669291338583,0.9816272965879266,249.33333333333334,0.9896653543307087,251.375,Qwen/Qwen3.6-35B-A3B-FP8
short_qa,2,127,8,2032,same_model,1898,0.9340551181102362,134,0.06594488188976377,166,True,127,128,39,39,0,"[166, 40, 8]",0,True,39,True,128,166,39,0,0,39,"[128, 40, 8]",1,40,False,73fc4472907a4273738e,"0,1",expected_aligned_shape,Qwen/Qwen3.6-35B-A3B-FP8,ok,32,127,254,191,0.7519685039370079,254,238,0.937007874015748,74,0.5826771653543307,0.9860017497812774,250.44444444444446,0.9921259842519685,252.0,Qwen/Qwen3.6-35B-A3B-FP8
needle,2,127,8,2032,same_model,1874,0.922244094488189,158,0.07775590551181102,159,True,127,128,32,32,0,"[159, 40, 8]",0,True,32,True,128,159,32,0,0,32,"[128, 40, 8]",1,40,False,743bf9594672fea024f8,"0,1",expected_aligned_shape,Qwen/Qwen3.6-35B-A3B-FP8,ok,32,127,254,178,0.7007874015748031,254,235,0.9251968503937008,65,0.5118110236220472,0.9833770778652668,249.77777777777777,0.9906496062992126,251.625,Qwen/Qwen3.6-35B-A3B-FP8
math_numeric,2,127,8,2032,same_model,1894,0.9320866141732284,138,0.06791338582677166,159,True,127,128,32,32,0,"[159, 40, 8]",0,True,32,True,128,159,32,0,0,32,"[128, 40, 8]",1,40,False,748f138c259659a9df66,"0,1",expected_aligned_shape,Qwen/Qwen3.6-35B-A3B-FP8,ok,32,127,254,192,0.7559055118110236,254,238,0.937007874015748,71,0.5590551181102362,0.9860017497812774,250.44444444444446,0.9921259842519685,252.0,Qwen/Qwen3.6-35B-A3B-FP8
needle,2,127,8,2032,same_model,1903,0.9365157480314961,129,0.06348425196850394,159,True,127,128,32,32,0,"[159, 40, 8]",0,True,32,True,128,159,32,0,0,32,"[128, 40, 8]",1,40,False,74b66bcd1e39f76e3513,"0,1",expected_aligned_shape,Qwen/Qwen3.6-35B-A3B-FP8,ok,32,127,254,192,0.7559055118110236,254,239,0.9409448818897638,72,0.5669291338582677,0.9868766404199475,250.66666666666666,0.9926181102362205,252.125,Qwen/Qwen3.6-35B-A3B-FP8
needle,2,127,8,2032,same_model,1920,0.9448818897637795,112,0.05511811023622047,159,True,127,128,32,32,0,"[159, 40, 8]",0,True,32,True,128,159,32,0,0,32,"[128, 40, 8]",1,40,False,74ea1eeae3646fd0cf74,"0,1",expected_aligned_shape,Qwen/Qwen3.6-35B-A3B-FP8,ok,32,127,254,198,0.7795275590551181,254,240,0.9448818897637795,76,0.5984251968503937,0.9877515310586177,250.88888888888889,0.9931102362204725,252.25,Qwen/Qwen3.6-35B-A3B-FP8
low_margin,2,127,8,2032,same_model,1890,0.9301181102362205,142,0.06988188976377953,167,True,127,128,40,40,0,"[167, 40, 8]",0,True,40,True,128,167,40,0,0,40,"[128, 40, 8]",1,40,False,7505918487c75fcdcc81,"0,1",expected_aligned_shape,Qwen/Qwen3.6-35B-A3B-FP8,ok,32,127,254,186,0.7322834645669292,254,238,0.937007874015748,69,0.5433070866141733,0.9853018372703412,250.26666666666668,0.9916338582677166,251.875,Qwen/Qwen3.6-35B-A3B-FP8
math_numeric,2,127,8,2032,same_model,1870,0.9202755905511811,162,0.0797244094488189,159,True,127,128,32,32,0,"[159, 40, 8]",0,True,32,True,128,159,32,0,0,32,"[128, 40, 8]",1,40,False,75343c667f97f8ce537c,"0,1",expected_aligned_shape,Qwen/Qwen3.6-35B-A3B-FP8,ok,32,127,254,179,0.7047244094488189,254,240,0.9448818897637795,64,0.5039370078740157,0.9877515310586177,250.88888888888889,0.9931102362204725,252.25,Qwen/Qwen3.6-35B-A3B-FP8
code,2,127,8,2032,same_model,1877,0.9237204724409449,155,0.07627952755905512,166,True,127,128,39,39,0,"[166, 40, 8]",0,True,39,True,128,166,39,0,0,39,"[128, 40, 8]",1,40,False,7537a0387a0a7575b5ee,"0,1",expected_aligned_shape,Qwen/Qwen3.6-35B-A3B-FP8,ok,32,127,254,176,0.6929133858267716,254,230,0.905511811023622,63,0.49606299212598426,0.9790026246719161,248.66666666666666,0.9881889763779528,251.0,Qwen/Qwen3.6-35B-A3B-FP8
mixed_language,2,127,8,2032,same_model,1884,0.9271653543307087,148,0.07283464566929133,159,True,127,128,32,32,0,"[159, 40, 8]",0,True,32,True,128,159,32,0,0,32,"[128, 40, 8]",1,40,False,75ee2fdbc3a3b812c8eb,"0,1",expected_aligned_shape,Qwen/Qwen3.6-35B-A3B-FP8,ok,32,127,254,185,0.7283464566929134,254,238,0.937007874015748,65,0.5118110236220472,0.9860017497812774,250.44444444444446,0.9921259842519685,252.0,Qwen/Qwen3.6-35B-A3B-FP8
low_margin,2,127,8,2032,same_model,1908,0.9389763779527559,124,0.0610236220472441,167,True,127,128,40,40,0,"[167, 40, 8]",0,True,40,True,128,167,40,0,0,40,"[128, 40, 8]",1,40,False,7604a7dbeb0433acc2b8,"0,1",expected_aligned_shape,Qwen/Qwen3.6-35B-A3B-FP8,ok,32,127,254,185,0.7283464566929134,254,225,0.8858267716535433,67,0.5275590551181102,0.9746281714785652,247.55555555555554,0.9857283464566929,250.375,Qwen/Qwen3.6-35B-A3B-FP8
summarization,2,127,8,2032,same_model,1863,0.9168307086614174,169,0.08316929133858268,163,True,127,128,36,36,0,"[163, 40, 8]",0,True,36,True,128,163,36,0,0,36,"[128, 40, 8]",1,40,False,7663609c895eba90f0b3,"0,1",expected_aligned_shape,Qwen/Qwen3.6-35B-A3B-FP8,ok,32,127,254,175,0.6889763779527559,254,229,0.9015748031496063,56,0.4409448818897638,0.9781277340332459,248.44444444444446,0.9876968503937008,250.875,Qwen/Qwen3.6-35B-A3B-FP8
short_qa,2,127,8,2032,same_model,1876,0.9232283464566929,156,0.07677165354330709,159,True,127,128,32,32,0,"[159, 40, 8]",0,True,32,True,128,159,32,0,0,32,"[128, 40, 8]",1,40,False,769347a97961f6aac03c,"0,1",expected_aligned_shape,Qwen/Qwen3.6-35B-A3B-FP8,ok,32,127,254,184,0.7244094488188977,254,238,0.937007874015748,69,0.5433070866141733,0.9860017497812774,250.44444444444446,0.9921259842519685,252.0,Qwen/Qwen3.6-35B-A3B-FP8
logs,2,127,8,2032,same_model,1898,0.9340551181102362,134,0.06594488188976377,159,True,127,128,32,32,0,"[159, 40, 8]",0,True,32,True,128,159,32,0,0,32,"[128, 40, 8]",1,40,False,76c7d19b06bb657801f9,"0,1",expected_aligned_shape,Qwen/Qwen3.6-35B-A3B-FP8,ok,32,127,254,187,0.7362204724409449,254,235,0.9251968503937008,68,0.5354330708661418,0.983377077865267,249.77777777777777,0.9906496062992126,251.625,Qwen/Qwen3.6-35B-A3B-FP8
chat,2,127,8,2032,same_model,1899,0.9345472440944882,133,0.0654527559055118,159,True,127,128,32,32,0,"[159, 40, 8]",0,True,32,True,128,159,32,0,0,32,"[128, 40, 8]",1,40,False,7712364c1254f0e189b6,"0,1",expected_aligned_shape,Qwen/Qwen3.6-35B-A3B-FP8,ok,32,127,254,186,0.7322834645669292,254,227,0.8937007874015748,64,0.5039370078740157,0.9763779527559056,248.0,0.9867125984251969,250.625,Qwen/Qwen3.6-35B-A3B-FP8
math_numeric,2,127,8,2032,same_model,1877,0.9237204724409449,155,0.07627952755905512,159,True,127,128,32,32,0,"[159, 40, 8]",0,True,32,True,128,159,32,0,0,32,"[128, 40, 8]",1,40,False,7721c9f68025be2a24aa,"0,1",expected_aligned_shape,Qwen/Qwen3.6-35B-A3B-FP8,ok,32,127,254,180,0.7086614173228346,254,232,0.9133858267716536,60,0.47244094488188976,0.9807524059492564,249.11111111111111,0.9891732283464567,251.25,Qwen/Qwen3.6-35B-A3B-FP8
logs,2,77,8,1232,same_model,1169,0.9488636363636364,63,0.05113636363636364,109,True,77,78,32,32,0,"[109, 40, 8]",0,True,32,True,78,109,32,0,0,32,"[78, 40, 8]",1,40,False,772ba0713fb81acddd5f,"0,1",expected_aligned_shape,Qwen/Qwen3.6-35B-A3B-FP8,ok,32,77,154,124,0.8051948051948052,154,152,0.987012987012987,49,0.6363636363636364,0.9971139971139971,153.55555555555554,0.9983766233766234,153.75,Qwen/Qwen3.6-35B-A3B-FP8
needle,2,127,8,2032,same_model,1893,0.9315944881889764,139,0.06840551181102363,159,True,127,128,32,32,0,"[159, 40, 8]",0,True,32,True,128,159,32,0,0,32,"[128, 40, 8]",1,40,False,7760837853c02952953d,"0,1",expected_aligned_shape,Qwen/Qwen3.6-35B-A3B-FP8,ok,32,127,254,184,0.7244094488188977,254,235,0.9251968503937008,68,0.5354330708661418,0.9833770778652668,249.77777777777777,0.9906496062992126,251.625,Qwen/Qwen3.6-35B-A3B-FP8
json_structured,2,127,8,2032,same_model,1878,0.9242125984251969,154,0.07578740157480315,159,True,127,128,32,32,0,"[159, 40, 8]",0,True,32,True,128,159,32,0,0,32,"[128, 40, 8]",1,40,False,77c6404886525f7fdc4f,"0,1",expected_aligned_shape,Qwen/Qwen3.6-35B-A3B-FP8,ok,32,127,254,182,0.7165354330708661,254,233,0.9173228346456693,62,0.4881889763779528,0.9816272965879266,249.33333333333334,0.9896653543307087,251.375,Qwen/Qwen3.6-35B-A3B-FP8
math_numeric,2,127,8,2032,same_model,1653,0.8134842519685039,379,0.18651574803149606,159,True,127,128,32,32,0,"[159, 40, 8]",0,True,32,True,128,159,32,0,0,32,"[128, 40, 8]",1,40,False,7802fac070269828d784,"0,1",expected_aligned_shape,Qwen/Qwen3.6-35B-A3B-FP8,ok,32,127,254,111,0.43700787401574803,254,220,0.8661417322834646,22,0.1732283464566929,0.9702537182852145,246.44444444444446,0.9832677165354331,249.75,Qwen/Qwen3.6-35B-A3B-FP8
code,2,127,8,2032,same_model,1863,0.9168307086614174,169,0.08316929133858268,159,True,127,128,32,32,0,"[159, 40, 8]",0,True,32,True,128,159,32,0,0,32,"[128, 40, 8]",1,40,False,7812f0064bcbdaa374e5,"0,1",expected_aligned_shape,Qwen/Qwen3.6-35B-A3B-FP8,ok,32,127,254,177,0.6968503937007874,254,228,0.8976377952755905,61,0.48031496062992124,0.9772528433945757,248.22222222222223,0.9872047244094488,250.75,Qwen/Qwen3.6-35B-A3B-FP8
math_numeric,2,127,8,2032,same_model,1875,0.922736220472441,157,0.07726377952755906,159,True,127,128,32,32,0,"[159, 40, 8]",0,True,32,True,128,159,32,0,0,32,"[128, 40, 8]",1,40,False,783bfb18ad5ff63245cc,"0,1",expected_aligned_shape,Qwen/Qwen3.6-35B-A3B-FP8,ok,32,127,254,184,0.7244094488188977,254,238,0.937007874015748,68,0.5354330708661418,0.9853018372703413,250.26666666666668,0.9916338582677166,251.875,Qwen/Qwen3.6-35B-A3B-FP8
json_structured,2,127,8,2032,same_model,1889,0.9296259842519685,143,0.0703740157480315,159,True,127,128,32,32,0,"[159, 40, 8]",0,True,32,True,128,159,32,0,0,32,"[128, 40, 8]",1,40,False,783f4fe965eb43786d8c,"0,1",expected_aligned_shape,Qwen/Qwen3.6-35B-A3B-FP8,ok,32,127,254,181,0.7125984251968503,254,231,0.9094488188976378,65,0.5118110236220472,0.9798775153105863,248.88888888888889,0.9886811023622047,251.125,Qwen/Qwen3.6-35B-A3B-FP8
low_margin,2,127,8,2032,same_model,1870,0.9202755905511811,162,0.0797244094488189,167,True,127,128,40,40,0,"[167, 40, 8]",0,True,40,True,128,167,40,0,0,40,"[128, 40, 8]",1,40,False,78490188e0d23f1a73a7,"0,1",expected_aligned_shape,Qwen/Qwen3.6-35B-A3B-FP8,ok,32,127,254,173,0.6811023622047244,254,231,0.9094488188976378,60,0.47244094488188976,0.97917760279965,248.7111111111111,0.9881889763779528,251.0,Qwen/Qwen3.6-35B-A3B-FP8
needle,2,127,8,2032,same_model,1890,0.9301181102362205,142,0.06988188976377953,159,True,127,128,32,32,0,"[159, 40, 8]",0,True,32,True,128,159,32,0,0,32,"[128, 40, 8]",1,40,False,78e810a2fb64f567ecc5,"0,1",expected_aligned_shape,Qwen/Qwen3.6-35B-A3B-FP8,ok,32,127,254,183,0.7204724409448819,254,236,0.9291338582677166,68,0.5354330708661418,0.984251968503937,250.0,0.9911417322834646,251.75,Qwen/Qwen3.6-35B-A3B-FP8
low_margin,2,1,8,16,same_model,16,1.0,0,0.0,41,True,1,2,40,40,0,"[41, 40, 8]",0,True,40,True,2,41,40,0,0,40,"[2, 40, 8]",1,40,False,78fad3014be7f4886277,"0,1",expected_aligned_shape,Qwen/Qwen3.6-35B-A3B-FP8,ok,32,1,2,2,1.0,2,2,1.0,1,1.0,1.0,2.0,1.0,2.0,Qwen/Qwen3.6-35B-A3B-FP8
needle,2,127,8,2032,same_model,1886,0.9281496062992126,146,0.0718503937007874,159,True,127,128,32,32,0,"[159, 40, 8]",0,True,32,True,128,159,32,0,0,32,"[128, 40, 8]",1,40,False,791718ce6ec68cec36d7,"0,1",expected_aligned_shape,Qwen/Qwen3.6-35B-A3B-FP8,ok,32,127,254,184,0.7244094488188977,254,233,0.9173228346456693,68,0.5354330708661418,0.9816272965879267,249.33333333333334,0.9896653543307087,251.375,Qwen/Qwen3.6-35B-A3B-FP8
json_structured,2,127,8,2032,same_model,1857,0.9138779527559056,175,0.08612204724409449,159,True,127,128,32,32,0,"[159, 40, 8]",0,True,32,True,128,159,32,0,0,32,"[128, 40, 8]",1,40,False,791be2cb7fd1d5bdb4a6,"0,1",expected_aligned_shape,Qwen/Qwen3.6-35B-A3B-FP8,ok,32,127,254,168,0.6614173228346457,254,222,0.8740157480314961,61,0.48031496062992124,0.9720034995625548,246.88888888888889,0.984251968503937,250.0,Qwen/Qwen3.6-35B-A3B-FP8
math_numeric,2,13,8,208,same_model,193,0.9278846153846154,15,0.07211538461538461,45,True,13,14,32,32,0,"[45, 40, 8]",0,True,32,True,14,45,32,0,0,32,"[14, 40, 8]",1,40,False,7927b0fee7e5ab44ec63,"0,1",expected_aligned_shape,Qwen/Qwen3.6-35B-A3B-FP8,ok,32,13,26,21,0.8076923076923077,26,25,0.9615384615384616,8,0.6153846153846154,0.9914529914529915,25.77777777777778,0.9951923076923077,25.875,Qwen/Qwen3.6-35B-A3B-FP8
needle,2,127,8,2032,same_model,1867,0.9187992125984252,165,0.0812007874015748,159,True,127,128,32,32,0,"[159, 40, 8]",0,True,32,True,128,159,32,0,0,32,"[128, 40, 8]",1,40,False,79373235b11aee88a3e8,"0,1",expected_aligned_shape,Qwen/Qwen3.6-35B-A3B-FP8,ok,32,127,254,178,0.7007874015748031,254,235,0.9251968503937008,60,0.47244094488188976,0.9826771653543307,249.6,0.9901574803149606,251.5,Qwen/Qwen3.6-35B-A3B-FP8
mixed_language,2,89,8,1424,same_model,1316,0.9241573033707865,108,0.07584269662921349,121,True,89,90,32,32,0,"[121, 40, 8]",0,True,32,True,90,121,32,0,0,32,"[90, 40, 8]",1,40,False,7956f0a50eedebcc95c2,"0,1",expected_aligned_shape,Qwen/Qwen3.6-35B-A3B-FP8,ok,32,89,178,126,0.7078651685393258,178,164,0.9213483146067416,46,0.5168539325842697,0.9825218476903872,174.88888888888889,0.9901685393258427,176.25,Qwen/Qwen3.6-35B-A3B-FP8
mixed_language,2,127,8,2032,same_model,1872,0.9212598425196851,160,0.07874015748031496,159,True,127,128,32,32,0,"[159, 40, 8]",0,True,32,True,128,159,32,0,0,32,"[128, 40, 8]",1,40,False,796f52c19d79aa7195bc,"0,1",expected_aligned_shape,Qwen/Qwen3.6-35B-A3B-FP8,ok,32,127,254,177,0.6968503937007874,254,233,0.9173228346456693,60,0.47244094488188976,0.9816272965879267,249.33333333333334,0.9896653543307087,251.375,Qwen/Qwen3.6-35B-A3B-FP8
mixed_language,2,127,8,2032,same_model,1892,0.9311023622047244,140,0.0688976377952756,159,True,127,128,32,32,0,"[159, 40, 8]",0,True,32,True,128,159,32,0,0,32,"[128, 40, 8]",1,40,False,799a7be2ad198df53da5,"0,1",expected_aligned_shape,Qwen/Qwen3.6-35B-A3B-FP8,ok,32,127,254,186,0.7322834645669292,254,236,0.9291338582677166,66,0.5196850393700787,0.984251968503937,250.0,0.9911417322834646,251.75,Qwen/Qwen3.6-35B-A3B-FP8
chat,2,127,8,2032,same_model,1858,0.9143700787401575,174,0.08562992125984252,159,True,127,128,32,32,0,"[159, 40, 8]",0,True,32,True,128,159,32,0,0,32,"[128, 40, 8]",1,40,False,79bacacdeafb7df40c6a,"0,1",expected_aligned_shape,Qwen/Qwen3.6-35B-A3B-FP8,ok,32,127,254,172,0.6771653543307087,254,233,0.9173228346456693,55,0.4330708661417323,0.9816272965879267,249.33333333333334,0.9896653543307087,251.375,Qwen/Qwen3.6-35B-A3B-FP8
needle,2,127,8,2032,same_model,1876,0.9232283464566929,156,0.07677165354330709,159,True,127,128,32,32,0,"[159, 40, 8]",0,True,32,True,128,159,32,0,0,32,"[128, 40, 8]",1,40,False,79e9ca2d65d04af19046,"0,1",expected_aligned_shape,Qwen/Qwen3.6-35B-A3B-FP8,ok,32,127,254,176,0.6929133858267716,254,236,0.9291338582677166,63,0.49606299212598426,0.984251968503937,250.0,0.9911417322834646,251.75,Qwen/Qwen3.6-35B-A3B-FP8
summarization,2,127,8,2032,same_model,1932,0.9507874015748031,100,0.04921259842519685,159,True,127,128,32,32,0,"[159, 40, 8]",0,True,32,True,128,159,32,0,0,32,"[128, 40, 8]",1,40,False,7a8f1bc6be61851820ec,"0,1",expected_aligned_shape,Qwen/Qwen3.6-35B-A3B-FP8,ok,32,127,254,201,0.7913385826771654,254,238,0.937007874015748,81,0.6377952755905512,0.9860017497812774,250.44444444444446,0.9921259842519685,252.0,Qwen/Qwen3.6-35B-A3B-FP8
mixed_language,2,127,8,2032,same_model,1903,0.9365157480314961,129,0.06348425196850394,159,True,127,128,32,32,0,"[159, 40, 8]",0,True,32,True,128,159,32,0,0,32,"[128, 40, 8]",1,40,False,7ba8eef8b2cf600207a7,"0,1",expected_aligned_shape,Qwen/Qwen3.6-35B-A3B-FP8,ok,32,127,254,188,0.7401574803149606,254,226,0.889763779527559,74,0.5826771653543307,0.9755030621172354,247.77777777777777,0.9862204724409449,250.5,Qwen/Qwen3.6-35B-A3B-FP8
short_qa,2,127,8,2032,same_model,1887,0.9286417322834646,145,0.07135826771653543,164,True,127,128,37,37,0,"[164, 40, 8]",0,True,37,True,128,164,37,0,0,37,"[128, 40, 8]",1,40,False,7be132b0daecc07a766e,"0,1",expected_aligned_shape,Qwen/Qwen3.6-35B-A3B-FP8,ok,32,127,254,187,0.7362204724409449,254,240,0.9448818897637795,68,0.5354330708661418,0.9877515310586178,250.88888888888889,0.9931102362204725,252.25,Qwen/Qwen3.6-35B-A3B-FP8
math_numeric,2,127,8,2032,same_model,1910,0.9399606299212598,122,0.060039370078740155,159,True,127,128,32,32,0,"[159, 40, 8]",0,True,32,True,128,159,32,0,0,32,"[128, 40, 8]",1,40,False,7be85048e744dcc5c2f0,"0,1",expected_aligned_shape,Qwen/Qwen3.6-35B-A3B-FP8,ok,32,127,254,196,0.7716535433070866,254,243,0.9566929133858267,73,0.5748031496062992,0.9903762029746283,251.55555555555554,0.9945866141732284,252.625,Qwen/Qwen3.6-35B-A3B-FP8
needle,2,127,8,2032,same_model,1878,0.9242125984251969,154,0.07578740157480315,159,True,127,128,32,32,0,"[159, 40, 8]",0,True,32,True,128,159,32,0,0,32,"[128, 40, 8]",1,40,False,7c04c7b333539a941a11,"0,1",expected_aligned_shape,Qwen/Qwen3.6-35B-A3B-FP8,ok,32,127,254,177,0.6968503937007874,254,235,0.9251968503937008,59,0.4645669291338583,0.9833770778652668,249.77777777777777,0.9906496062992126,251.625,Qwen/Qwen3.6-35B-A3B-FP8
code,2,127,8,2032,same_model,1863,0.9168307086614174,169,0.08316929133858268,164,True,127,128,37,37,0,"[164, 40, 8]",0,True,37,True,128,164,37,0,0,37,"[128, 40, 8]",1,40,False,7c3ada951af1fb924874,"0,1",expected_aligned_shape,Qwen/Qwen3.6-35B-A3B-FP8,ok,32,127,254,174,0.6850393700787402,254,235,0.9251968503937008,58,0.4566929133858268,0.9833770778652668,249.77777777777777,0.9906496062992126,251.625,Qwen/Qwen3.6-35B-A3B-FP8
summarization,2,127,8,2032,same_model,1936,0.952755905511811,96,0.047244094488188976,159,True,127,128,32,32,0,"[159, 40, 8]",0,True,32,True,128,159,32,0,0,32,"[128, 40, 8]",1,40,False,7c451d122cec3072606c,"0,1",expected_aligned_shape,Qwen/Qwen3.6-35B-A3B-FP8,ok,32,127,254,206,0.8110236220472441,254,245,0.9645669291338582,86,0.6771653543307087,0.9921259842519685,252.0,0.9955708661417323,252.875,Qwen/Qwen3.6-35B-A3B-FP8
code,2,127,8,2032,same_model,1922,0.9458661417322834,110,0.054133858267716536,159,True,127,128,32,32,0,"[159, 40, 8]",0,True,32,True,128,159,32,0,0,32,"[128, 40, 8]",1,40,False,7c7b9fe5e98f09866343,"0,1",expected_aligned_shape,Qwen/Qwen3.6-35B-A3B-FP8,ok,32,127,254,197,0.7755905511811023,254,229,0.9015748031496063,78,0.6141732283464567,0.9781277340332459,248.44444444444446,0.9876968503937008,250.875,Qwen/Qwen3.6-35B-A3B-FP8
code,2,127,8,2032,same_model,1887,0.9286417322834646,145,0.07135826771653543,159,True,127,128,32,32,0,"[159, 40, 8]",0,True,32,True,128,159,32,0,0,32,"[128, 40, 8]",1,40,False,7ca59e22a5d5051b90ca,"0,1",expected_aligned_shape,Qwen/Qwen3.6-35B-A3B-FP8,ok,32,127,254,184,0.7244094488188977,254,234,0.9212598425196851,63,0.49606299212598426,0.9818022747156605,249.37777777777777,0.9896653543307087,251.375,Qwen/Qwen3.6-35B-A3B-FP8
summarization,2,127,8,2032,same_model,1896,0.9330708661417323,136,0.06692913385826772,163,True,127,128,36,36,0,"[163, 40, 8]",0,True,36,True,128,163,36,0,0,36,"[128, 40, 8]",1,40,False,7ccd6b8c6a0573d7e958,"0,1",expected_aligned_shape,Qwen/Qwen3.6-35B-A3B-FP8,ok,32,127,254,184,0.7244094488188977,254,237,0.9330708661417323,62,0.4881889763779528,0.9851268591426072,250.22222222222223,0.9916338582677166,251.875,Qwen/Qwen3.6-35B-A3B-FP8
needle,2,127,8,2032,same_model,1881,0.9256889763779528,151,0.07431102362204725,159,True,127,128,32,32,0,"[159, 40, 8]",0,True,32,True,128,159,32,0,0,32,"[128, 40, 8]",1,40,False,7cddc6e40b15f1f4a127,"0,1",expected_aligned_shape,Qwen/Qwen3.6-35B-A3B-FP8,ok,32,127,254,187,0.7362204724409449,254,236,0.9291338582677166,71,0.5590551181102362,0.984251968503937,250.0,0.9911417322834646,251.75,Qwen/Qwen3.6-35B-A3B-FP8
needle,2,127,8,2032,same_model,1873,0.921751968503937,159,0.07824803149606299,159,True,127,128,32,32,0,"[159, 40, 8]",0,True,32,True,128,159,32,0,0,32,"[128, 40, 8]",1,40,False,7d1f80c46cc21f8ab679,"0,1",expected_aligned_shape,Qwen/Qwen3.6-35B-A3B-FP8,ok,32,127,254,177,0.6968503937007874,254,220,0.8661417322834646,60,0.47244094488188976,0.9702537182852145,246.44444444444446,0.9832677165354331,249.75,Qwen/Qwen3.6-35B-A3B-FP8
needle,2,127,8,2032,same_model,1852,0.9114173228346457,180,0.08858267716535433,159,True,127,128,32,32,0,"[159, 40, 8]",0,True,32,True,128,159,32,0,0,32,"[128, 40, 8]",1,40,False,7dd771b97406c5b231c5,"0,1",expected_aligned_shape,Qwen/Qwen3.6-35B-A3B-FP8,ok,32,127,254,167,0.65748031496063,254,233,0.9173228346456693,59,0.4645669291338583,0.9816272965879265,249.33333333333334,0.9896653543307087,251.375,Qwen/Qwen3.6-35B-A3B-FP8
summarization,2,127,8,2032,same_model,1910,0.9399606299212598,122,0.060039370078740155,167,True,127,128,40,40,0,"[167, 40, 8]",0,True,40,True,128,167,40,0,0,40,"[128, 40, 8]",1,40,False,7df8cb86c874a77f324d,"0,1",expected_aligned_shape,Qwen/Qwen3.6-35B-A3B-FP8,ok,32,127,254,195,0.7677165354330708,254,236,0.9291338582677166,75,0.5905511811023622,0.984251968503937,250.0,0.9911417322834646,251.75,Qwen/Qwen3.6-35B-A3B-FP8
mixed_language,2,3,8,48,same_model,41,0.8541666666666666,7,0.14583333333333334,35,True,3,4,32,32,0,"[35, 40, 8]",0,True,32,True,4,35,32,0,0,32,"[4, 40, 8]",1,40,False,7e0372ad17efa4e4460e,"0,1",expected_aligned_shape,Qwen/Qwen3.6-35B-A3B-FP8,ok,32,3,6,3,0.5,6,5,0.8333333333333334,0,0.0,0.9629629629629629,5.777777777777778,0.9791666666666666,5.875,Qwen/Qwen3.6-35B-A3B-FP8
low_margin,2,127,8,2032,same_model,1916,0.9429133858267716,116,0.05708661417322835,167,True,127,128,40,40,0,"[167, 40, 8]",0,True,40,True,128,167,40,0,0,40,"[128, 40, 8]",1,40,False,7e09867bebec1bc353e3,"0,1",expected_aligned_shape,Qwen/Qwen3.6-35B-A3B-FP8,ok,32,127,254,194,0.7637795275590551,254,234,0.9212598425196851,74,0.5826771653543307,0.9825021872265968,249.55555555555554,0.9901574803149606,251.5,Qwen/Qwen3.6-35B-A3B-FP8
logs,2,127,8,2032,same_model,1882,0.9261811023622047,150,0.07381889763779527,159,True,127,128,32,32,0,"[159, 40, 8]",0,True,32,True,128,159,32,0,0,32,"[128, 40, 8]",1,40,False,7e161f0d7d774b6815d8,"0,1",expected_aligned_shape,Qwen/Qwen3.6-35B-A3B-FP8,ok,32,127,254,186,0.7322834645669292,254,234,0.9212598425196851,70,0.5511811023622047,0.9825021872265967,249.55555555555554,0.9901574803149606,251.5,Qwen/Qwen3.6-35B-A3B-FP8
low_margin,2,127,8,2032,same_model,1882,0.9261811023622047,150,0.07381889763779527,167,True,127,128,40,40,0,"[167, 40, 8]",0,True,40,True,128,167,40,0,0,40,"[128, 40, 8]",1,40,False,7e5c194c81a597c858fa,"0,1",expected_aligned_shape,Qwen/Qwen3.6-35B-A3B-FP8,ok,32,127,254,177,0.6968503937007874,254,230,0.905511811023622,62,0.4881889763779528,0.9790026246719161,248.66666666666666,0.9881889763779528,251.0,Qwen/Qwen3.6-35B-A3B-FP8
low_margin,2,127,8,2032,same_model,1921,0.9453740157480315,111,0.054625984251968504,167,True,127,128,40,40,0,"[167, 40, 8]",0,True,40,True,128,167,40,0,0,40,"[128, 40, 8]",1,40,False,7f2cfa73e83ead8dcd5a,"0,1",expected_aligned_shape,Qwen/Qwen3.6-35B-A3B-FP8,ok,32,127,254,196,0.7716535433070866,254,234,0.9212598425196851,77,0.6062992125984252,0.9825021872265967,249.55555555555554,0.9901574803149606,251.5,Qwen/Qwen3.6-35B-A3B-FP8
summarization,2,127,8,2032,same_model,1886,0.9281496062992126,146,0.0718503937007874,167,True,127,128,40,40,0,"[167, 40, 8]",0,True,40,True,128,167,40,0,0,40,"[128, 40, 8]",1,40,False,7f3f2f02fd3f4f5b2d6f,"0,1",expected_aligned_shape,Qwen/Qwen3.6-35B-A3B-FP8,ok,32,127,254,184,0.7244094488188977,254,234,0.9212598425196851,69,0.5433070866141733,0.9825021872265968,249.55555555555554,0.9901574803149606,251.5,Qwen/Qwen3.6-35B-A3B-FP8
short_qa,2,109,8,1744,same_model,1609,0.9225917431192661,135,0.07740825688073394,141,True,109,110,32,32,0,"[141, 40, 8]",0,True,32,True,110,141,32,0,0,32,"[110, 40, 8]",1,40,False,7f4bce2b0b5d66822814,"0,1",expected_aligned_shape,Qwen/Qwen3.6-35B-A3B-FP8,ok,32,109,218,157,0.7201834862385321,218,203,0.9311926605504587,55,0.5045871559633027,0.9847094801223243,214.66666666666666,0.9913990825688074,216.125,Qwen/Qwen3.6-35B-A3B-FP8
needle,2,127,8,2032,same_model,1903,0.9365157480314961,129,0.06348425196850394,159,True,127,128,32,32,0,"[159, 40, 8]",0,True,32,True,128,159,32,0,0,32,"[128, 40, 8]",1,40,False,7f68b4e9e7aee90e9f92,"0,1",expected_aligned_shape,Qwen/Qwen3.6-35B-A3B-FP8,ok,32,127,254,190,0.7480314960629921,254,240,0.9448818897637795,71,0.5590551181102362,0.9877515310586178,250.88888888888889,0.9931102362204725,252.25,Qwen/Qwen3.6-35B-A3B-FP8
needle,2,127,8,2032,same_model,1878,0.9242125984251969,154,0.07578740157480315,159,True,127,128,32,32,0,"[159, 40, 8]",0,True,32,True,128,159,32,0,0,32,"[128, 40, 8]",1,40,False,802ac0cd1c5da3fd99a6,"0,1",expected_aligned_shape,Qwen/Qwen3.6-35B-A3B-FP8,ok,32,127,254,177,0.6968503937007874,254,229,0.9015748031496063,62,0.4881889763779528,0.9781277340332459,248.44444444444446,0.9876968503937008,250.875,Qwen/Qwen3.6-35B-A3B-FP8
logs,2,77,8,1232,same_model,1152,0.935064935064935,80,0.06493506493506493,109,True,77,78,32,32,0,"[109, 40, 8]",0,True,32,True,78,109,32,0,0,32,"[78, 40, 8]",1,40,False,80ef46c9ef5003b53f75,"0,1",expected_aligned_shape,Qwen/Qwen3.6-35B-A3B-FP8,ok,32,77,154,115,0.7467532467532467,154,145,0.9415584415584416,42,0.5454545454545454,0.987012987012987,152.0,0.9926948051948052,152.875,Qwen/Qwen3.6-35B-A3B-FP8
json_structured,2,127,8,2032,same_model,1821,0.8961614173228346,211,0.10383858267716535,159,True,127,128,32,32,0,"[159, 40, 8]",0,True,32,True,128,159,32,0,0,32,"[128, 40, 8]",1,40,False,80f4713bc2bf1d7ca213,"0,1",expected_aligned_shape,Qwen/Qwen3.6-35B-A3B-FP8,ok,32,127,254,161,0.6338582677165354,254,225,0.8858267716535433,49,0.3858267716535433,0.9746281714785652,247.55555555555554,0.9857283464566929,250.375,Qwen/Qwen3.6-35B-A3B-FP8
logs,2,127,8,2032,same_model,1841,0.906003937007874,191,0.09399606299212598,159,True,127,128,32,32,0,"[159, 40, 8]",0,True,32,True,128,159,32,0,0,32,"[128, 40, 8]",1,40,False,8146187d324548220b64,"0,1",expected_aligned_shape,Qwen/Qwen3.6-35B-A3B-FP8,ok,32,127,254,167,0.65748031496063,254,229,0.9015748031496063,53,0.41732283464566927,0.9781277340332459,248.44444444444446,0.9876968503937008,250.875,Qwen/Qwen3.6-35B-A3B-FP8
short_qa,2,127,8,2032,same_model,1888,0.9291338582677166,144,0.07086614173228346,159,True,127,128,32,32,0,"[159, 40, 8]",0,True,32,True,128,159,32,0,0,32,"[128, 40, 8]",1,40,False,81acc552cd1d916b8a99,"0,1",expected_aligned_shape,Qwen/Qwen3.6-35B-A3B-FP8,ok,32,127,254,187,0.7362204724409449,254,242,0.952755905511811,68,0.5354330708661418,0.989501312335958,251.33333333333334,0.9940944881889764,252.5,Qwen/Qwen3.6-35B-A3B-FP8
summarization,2,127,8,2032,same_model,1880,0.9251968503937008,152,0.07480314960629922,163,True,127,128,36,36,0,"[163, 40, 8]",0,True,36,True,128,163,36,0,0,36,"[128, 40, 8]",1,40,False,81d23e2ace0fb871566e,"0,1",expected_aligned_shape,Qwen/Qwen3.6-35B-A3B-FP8,ok,32,127,254,182,0.7165354330708661,254,239,0.9409448818897638,66,0.5196850393700787,0.9868766404199476,250.66666666666666,0.9926181102362205,252.125,Qwen/Qwen3.6-35B-A3B-FP8
json_structured,2,127,8,2032,same_model,1893,0.9315944881889764,139,0.06840551181102363,159,True,127,128,32,32,0,"[159, 40, 8]",0,True,32,True,128,159,32,0,0,32,"[128, 40, 8]",1,40,False,81d4a61b688a98be8a50,"0,1",expected_aligned_shape,Qwen/Qwen3.6-35B-A3B-FP8,ok,32,127,254,184,0.7244094488188977,254,235,0.9251968503937008,65,0.5118110236220472,0.9833770778652668,249.77777777777777,0.9906496062992126,251.625,Qwen/Qwen3.6-35B-A3B-FP8
code,2,127,8,2032,same_model,1882,0.9261811023622047,150,0.07381889763779527,166,True,127,128,39,39,0,"[166, 40, 8]",0,True,39,True,128,166,39,0,0,39,"[128, 40, 8]",1,40,False,81de715e23a6fcf68fc3,"0,1",expected_aligned_shape,Qwen/Qwen3.6-35B-A3B-FP8,ok,32,127,254,185,0.7283464566929134,254,226,0.889763779527559,64,0.5039370078740157,0.9755030621172355,247.77777777777777,0.9862204724409449,250.5,Qwen/Qwen3.6-35B-A3B-FP8
mixed_language,2,127,8,2032,same_model,1853,0.9119094488188977,179,0.08809055118110236,159,True,127,128,32,32,0,"[159, 40, 8]",0,True,32,True,128,159,32,0,0,32,"[128, 40, 8]",1,40,False,823fee738d51caf3d1f9,"0,1",expected_aligned_shape,Qwen/Qwen3.6-35B-A3B-FP8,ok,32,127,254,173,0.6811023622047244,254,224,0.8818897637795275,61,0.48031496062992124,0.9723534558180228,246.9777777777778,0.984251968503937,250.0,Qwen/Qwen3.6-35B-A3B-FP8
summarization,2,127,8,2032,same_model,1905,0.9375,127,0.0625,159,True,127,128,32,32,0,"[159, 40, 8]",0,True,32,True,128,159,32,0,0,32,"[128, 40, 8]",1,40,False,833fc2a56e4f75f8a697,"0,1",expected_aligned_shape,Qwen/Qwen3.6-35B-A3B-FP8,ok,32,127,254,192,0.7559055118110236,254,237,0.9330708661417323,69,0.5433070866141733,0.9851268591426072,250.22222222222223,0.9916338582677166,251.875,Qwen/Qwen3.6-35B-A3B-FP8
json_structured,2,127,8,2032,same_model,1866,0.9183070866141733,166,0.08169291338582677,159,True,127,128,32,32,0,"[159, 40, 8]",0,True,32,True,128,159,32,0,0,32,"[128, 40, 8]",1,40,False,836ed2f17e0df581ffb1,"0,1",expected_aligned_shape,Qwen/Qwen3.6-35B-A3B-FP8,ok,32,127,254,171,0.6732283464566929,254,232,0.9133858267716536,56,0.4409448818897638,0.9807524059492563,249.11111111111111,0.9891732283464567,251.25,Qwen/Qwen3.6-35B-A3B-FP8
json_structured,2,127,8,2032,same_model,1860,0.9153543307086615,172,0.08464566929133858,159,True,127,128,32,32,0,"[159, 40, 8]",0,True,32,True,128,159,32,0,0,32,"[128, 40, 8]",1,40,False,839f919a63fdc2e822c2,"0,1",expected_aligned_shape,Qwen/Qwen3.6-35B-A3B-FP8,ok,32,127,254,182,0.7165354330708661,254,232,0.9133858267716536,62,0.4881889763779528,0.9807524059492564,249.11111111111111,0.9891732283464567,251.25,Qwen/Qwen3.6-35B-A3B-FP8
needle,2,127,8,2032,same_model,1913,0.9414370078740157,119,0.05856299212598425,159,True,127,128,32,32,0,"[159, 40, 8]",0,True,32,True,128,159,32,0,0,32,"[128, 40, 8]",1,40,False,84225d5346509a6c6736,"0,1",expected_aligned_shape,Qwen/Qwen3.6-35B-A3B-FP8,ok,32,127,254,197,0.7755905511811023,254,235,0.9251968503937008,77,0.6062992125984252,0.9833770778652668,249.77777777777777,0.9906496062992126,251.625,Qwen/Qwen3.6-35B-A3B-FP8
mixed_language,2,127,8,2032,same_model,1868,0.9192913385826772,164,0.08070866141732283,159,True,127,128,32,32,0,"[159, 40, 8]",0,True,32,True,128,159,32,0,0,32,"[128, 40, 8]",1,40,False,84233959e23ab297f165,"0,1",expected_aligned_shape,Qwen/Qwen3.6-35B-A3B-FP8,ok,32,127,254,178,0.7007874015748031,254,240,0.9448818897637795,63,0.49606299212598426,0.9870516185476815,250.7111111111111,0.9926181102362205,252.125,Qwen/Qwen3.6-35B-A3B-FP8
chat,2,127,8,2032,same_model,1905,0.9375,127,0.0625,159,True,127,128,32,32,0,"[159, 40, 8]",0,True,32,True,128,159,32,0,0,32,"[128, 40, 8]",1,40,False,8426b34cd35950627867,"0,1",expected_aligned_shape,Qwen/Qwen3.6-35B-A3B-FP8,ok,32,127,254,194,0.7637795275590551,254,242,0.952755905511811,77,0.6062992125984252,0.989501312335958,251.33333333333334,0.9940944881889764,252.5,Qwen/Qwen3.6-35B-A3B-FP8
json_structured,2,127,8,2032,same_model,1873,0.921751968503937,159,0.07824803149606299,159,True,127,128,32,32,0,"[159, 40, 8]",0,True,32,True,128,159,32,0,0,32,"[128, 40, 8]",1,40,False,842a559378a4fa0ab83e,"0,1",expected_aligned_shape,Qwen/Qwen3.6-35B-A3B-FP8,ok,32,127,254,178,0.7007874015748031,254,233,0.9173228346456693,63,0.49606299212598426,0.9816272965879265,249.33333333333334,0.9896653543307087,251.375,Qwen/Qwen3.6-35B-A3B-FP8
math_numeric,2,11,8,176,same_model,161,0.9147727272727273,15,0.08522727272727272,43,True,11,12,32,32,0,"[43, 40, 8]",0,True,32,True,12,43,32,0,0,32,"[12, 40, 8]",1,40,False,84399fdd946941f7bbb8,"0,1",expected_aligned_shape,Qwen/Qwen3.6-35B-A3B-FP8,ok,32,11,22,16,0.7272727272727273,22,19,0.8636363636363636,6,0.5454545454545454,0.9696969696969696,21.333333333333332,0.9829545454545454,21.625,Qwen/Qwen3.6-35B-A3B-FP8
mixed_language,2,127,8,2032,same_model,1908,0.9389763779527559,124,0.0610236220472441,159,True,127,128,32,32,0,"[159, 40, 8]",0,True,32,True,128,159,32,0,0,32,"[128, 40, 8]",1,40,False,845558c63ab043e3c987,"0,1",expected_aligned_shape,Qwen/Qwen3.6-35B-A3B-FP8,ok,32,127,254,188,0.7401574803149606,254,234,0.9212598425196851,70,0.5511811023622047,0.9825021872265968,249.55555555555554,0.9901574803149606,251.5,Qwen/Qwen3.6-35B-A3B-FP8
logs,2,127,8,2032,same_model,1900,0.9350393700787402,132,0.06496062992125984,159,True,127,128,32,32,0,"[159, 40, 8]",0,True,32,True,128,159,32,0,0,32,"[128, 40, 8]",1,40,False,846009d191b38953fd2f,"0,1",expected_aligned_shape,Qwen/Qwen3.6-35B-A3B-FP8,ok,32,127,254,187,0.7362204724409449,254,233,0.9173228346456693,69,0.5433070866141733,0.9816272965879267,249.33333333333334,0.9896653543307087,251.375,Qwen/Qwen3.6-35B-A3B-FP8
mixed_language,2,127,8,2032,same_model,1862,0.9163385826771654,170,0.08366141732283465,159,True,127,128,32,32,0,"[159, 40, 8]",0,True,32,True,128,159,32,0,0,32,"[128, 40, 8]",1,40,False,84bacdde8fd948eb8a49,"0,1",expected_aligned_shape,Qwen/Qwen3.6-35B-A3B-FP8,ok,32,127,254,168,0.6614173228346457,254,221,0.8700787401574803,51,0.4015748031496063,0.9711286089238845,246.66666666666666,0.9837598425196851,249.875,Qwen/Qwen3.6-35B-A3B-FP8
short_qa,2,127,8,2032,same_model,1900,0.9350393700787402,132,0.06496062992125984,159,True,127,128,32,32,0,"[159, 40, 8]",0,True,32,True,128,159,32,0,0,32,"[128, 40, 8]",1,40,False,84ca8c732f93c58fe2a6,"0,1",expected_aligned_shape,Qwen/Qwen3.6-35B-A3B-FP8,ok,32,127,254,189,0.7440944881889764,254,240,0.9448818897637795,70,0.5511811023622047,0.9877515310586178,250.88888888888889,0.9931102362204725,252.25,Qwen/Qwen3.6-35B-A3B-FP8
json_structured,2,127,8,2032,same_model,1879,0.9247047244094488,153,0.07529527559055119,159,True,127,128,32,32,0,"[159, 40, 8]",0,True,32,True,128,159,32,0,0,32,"[128, 40, 8]",1,40,False,8503edd10ae9b54a4533,"0,1",expected_aligned_shape,Qwen/Qwen3.6-35B-A3B-FP8,ok,32,127,254,177,0.6968503937007874,254,235,0.9251968503937008,61,0.48031496062992124,0.9833770778652668,249.77777777777777,0.9906496062992126,251.625,Qwen/Qwen3.6-35B-A3B-FP8
summarization,2,127,8,2032,same_model,1870,0.9202755905511811,162,0.0797244094488189,159,True,127,128,32,32,0,"[159, 40, 8]",0,True,32,True,128,159,32,0,0,32,"[128, 40, 8]",1,40,False,8540664f8428f872e8a9,"0,1",expected_aligned_shape,Qwen/Qwen3.6-35B-A3B-FP8,ok,32,127,254,179,0.7047244094488189,254,233,0.9173228346456693,60,0.47244094488188976,0.9816272965879265,249.33333333333334,0.9896653543307087,251.375,Qwen/Qwen3.6-35B-A3B-FP8
math_numeric,2,127,8,2032,same_model,1884,0.9271653543307087,148,0.07283464566929133,159,True,127,128,32,32,0,"[159, 40, 8]",0,True,32,True,128,159,32,0,0,32,"[128, 40, 8]",1,40,False,85996a9d6fe112cfacf4,"0,1",expected_aligned_shape,Qwen/Qwen3.6-35B-A3B-FP8,ok,32,127,254,186,0.7322834645669292,254,239,0.9409448818897638,67,0.5275590551181102,0.9868766404199476,250.66666666666666,0.9926181102362205,252.125,Qwen/Qwen3.6-35B-A3B-FP8
math_numeric,2,127,8,2032,same_model,1838,0.9045275590551181,194,0.09547244094488189,159,True,127,128,32,32,0,"[159, 40, 8]",0,True,32,True,128,159,32,0,0,32,"[128, 40, 8]",1,40,False,85f2760e16a765142a7f,"0,1",expected_aligned_shape,Qwen/Qwen3.6-35B-A3B-FP8,ok,32,127,254,164,0.6456692913385826,254,221,0.8700787401574803,52,0.4094488188976378,0.9711286089238845,246.66666666666666,0.9837598425196851,249.875,Qwen/Qwen3.6-35B-A3B-FP8
json_structured,2,127,8,2032,same_model,1860,0.9153543307086615,172,0.08464566929133858,159,True,127,128,32,32,0,"[159, 40, 8]",0,True,32,True,128,159,32,0,0,32,"[128, 40, 8]",1,40,False,860c3e874eff20982fe1,"0,1",expected_aligned_shape,Qwen/Qwen3.6-35B-A3B-FP8,ok,32,127,254,176,0.6929133858267716,254,232,0.9133858267716536,61,0.48031496062992124,0.9800524934383202,248.93333333333334,0.9886811023622047,251.125,Qwen/Qwen3.6-35B-A3B-FP8
mixed_language,2,127,8,2032,same_model,1878,0.9242125984251969,154,0.07578740157480315,159,True,127,128,32,32,0,"[159, 40, 8]",0,True,32,True,128,159,32,0,0,32,"[128, 40, 8]",1,40,False,867e7b95290bfb4ef084,"0,1",expected_aligned_shape,Qwen/Qwen3.6-35B-A3B-FP8,ok,32,127,254,178,0.7007874015748031,254,234,0.9212598425196851,63,0.49606299212598426,0.9825021872265968,249.55555555555554,0.9901574803149606,251.5,Qwen/Qwen3.6-35B-A3B-FP8
low_margin,2,127,8,2032,same_model,1888,0.9291338582677166,144,0.07086614173228346,167,True,127,128,40,40,0,"[167, 40, 8]",0,True,40,True,128,167,40,0,0,40,"[128, 40, 8]",1,40,False,8740771949897ec70ee2,"0,1",expected_aligned_shape,Qwen/Qwen3.6-35B-A3B-FP8,ok,32,127,254,187,0.7362204724409449,254,235,0.9251968503937008,66,0.5196850393700787,0.9833770778652668,249.77777777777777,0.9906496062992126,251.625,Qwen/Qwen3.6-35B-A3B-FP8
low_margin,2,127,8,2032,same_model,1871,0.9207677165354331,161,0.07923228346456693,166,True,127,128,39,39,0,"[166, 40, 8]",0,True,39,True,128,166,39,0,0,39,"[128, 40, 8]",1,40,False,87837c3d21d8aaeaee48,"0,1",expected_aligned_shape,Qwen/Qwen3.6-35B-A3B-FP8,ok,32,127,254,180,0.7086614173228346,254,236,0.9291338582677166,61,0.48031496062992124,0.9828521434820647,249.64444444444445,0.9901574803149606,251.5,Qwen/Qwen3.6-35B-A3B-FP8
logs,2,127,8,2032,same_model,1886,0.9281496062992126,146,0.0718503937007874,159,True,127,128,32,32,0,"[159, 40, 8]",0,True,32,True,128,159,32,0,0,32,"[128, 40, 8]",1,40,False,87b0143d83b8e2ea3fab,"0,1",expected_aligned_shape,Qwen/Qwen3.6-35B-A3B-FP8,ok,32,127,254,186,0.7322834645669292,254,234,0.9212598425196851,66,0.5196850393700787,0.9825021872265967,249.55555555555554,0.9901574803149606,251.5,Qwen/Qwen3.6-35B-A3B-FP8
code,2,127,8,2032,same_model,1885,0.9276574803149606,147,0.07234251968503937,159,True,127,128,32,32,0,"[159, 40, 8]",0,True,32,True,128,159,32,0,0,32,"[128, 40, 8]",1,40,False,881c84297e61741b5731,"0,1",expected_aligned_shape,Qwen/Qwen3.6-35B-A3B-FP8,ok,32,127,254,180,0.7086614173228346,254,238,0.937007874015748,65,0.5118110236220472,0.9860017497812774,250.44444444444446,0.9921259842519685,252.0,Qwen/Qwen3.6-35B-A3B-FP8
mixed_language,2,127,8,2032,same_model,1891,0.9306102362204725,141,0.06938976377952756,159,True,127,128,32,32,0,"[159, 40, 8]",0,True,32,True,128,159,32,0,0,32,"[128, 40, 8]",1,40,False,8896c20ee2df2e8b3133,"0,1",expected_aligned_shape,Qwen/Qwen3.6-35B-A3B-FP8,ok,32,127,254,185,0.7283464566929134,254,231,0.9094488188976378,67,0.5275590551181102,0.9798775153105862,248.88888888888889,0.9886811023622047,251.125,Qwen/Qwen3.6-35B-A3B-FP8
logs,2,66,8,1056,same_model,974,0.9223484848484849,82,0.07765151515151515,98,True,66,67,32,32,0,"[98, 40, 8]",0,True,32,True,67,98,32,0,0,32,"[67, 40, 8]",1,40,False,88ac2d2bf4cb11ea13c6,"0,1",expected_aligned_shape,Qwen/Qwen3.6-35B-A3B-FP8,ok,32,66,132,95,0.7196969696969697,132,119,0.9015151515151515,32,0.48484848484848486,0.9781144781144782,129.11111111111111,0.9876893939393939,130.375,Qwen/Qwen3.6-35B-A3B-FP8
low_margin,2,127,8,2032,same_model,1906,0.937992125984252,126,0.06200787401574803,167,True,127,128,40,40,0,"[167, 40, 8]",0,True,40,True,128,167,40,0,0,40,"[128, 40, 8]",1,40,False,88efd22bf016dd5e5ecc,"0,1",expected_aligned_shape,Qwen/Qwen3.6-35B-A3B-FP8,ok,32,127,254,194,0.7637795275590551,254,239,0.9409448818897638,79,0.6220472440944882,0.9868766404199476,250.66666666666666,0.9926181102362205,252.125,Qwen/Qwen3.6-35B-A3B-FP8
logs,2,78,8,1248,same_model,1170,0.9375,78,0.0625,110,True,78,79,32,32,0,"[110, 40, 8]",0,True,32,True,79,110,32,0,0,32,"[79, 40, 8]",1,40,False,8926131c720f9266b8ae,"0,1",expected_aligned_shape,Qwen/Qwen3.6-35B-A3B-FP8,ok,32,78,156,119,0.7628205128205128,156,149,0.9551282051282052,46,0.5897435897435898,0.9900284900284901,154.44444444444446,0.9943910256410257,155.125,Qwen/Qwen3.6-35B-A3B-FP8
code,2,127,8,2032,same_model,1881,0.9256889763779528,151,0.07431102362204725,159,True,127,128,32,32,0,"[159, 40, 8]",0,True,32,True,128,159,32,0,0,32,"[128, 40, 8]",1,40,False,8a6acfe133d4645e5f08,"0,1",expected_aligned_shape,Qwen/Qwen3.6-35B-A3B-FP8,ok,32,127,254,177,0.6968503937007874,254,229,0.9015748031496063,59,0.4645669291338583,0.978127734033246,248.44444444444446,0.9876968503937008,250.875,Qwen/Qwen3.6-35B-A3B-FP8
needle,2,127,8,2032,same_model,1860,0.9153543307086615,172,0.08464566929133858,159,True,127,128,32,32,0,"[159, 40, 8]",0,True,32,True,128,159,32,0,0,32,"[128, 40, 8]",1,40,False,8ae848c8e1c8ca3c814a,"0,1",expected_aligned_shape,Qwen/Qwen3.6-35B-A3B-FP8,ok,32,127,254,173,0.6811023622047244,254,235,0.9251968503937008,56,0.4409448818897638,0.9833770778652668,249.77777777777777,0.9906496062992126,251.625,Qwen/Qwen3.6-35B-A3B-FP8
math_numeric,2,127,8,2032,same_model,1909,0.9394685039370079,123,0.06053149606299212,159,True,127,128,32,32,0,"[159, 40, 8]",0,True,32,True,128,159,32,0,0,32,"[128, 40, 8]",1,40,False,8bb89f3ce60c2fe4805c,"0,1",expected_aligned_shape,Qwen/Qwen3.6-35B-A3B-FP8,ok,32,127,254,194,0.7637795275590551,254,237,0.9330708661417323,76,0.5984251968503937,0.9844269466316711,250.04444444444445,0.9911417322834646,251.75,Qwen/Qwen3.6-35B-A3B-FP8
low_margin,2,127,8,2032,same_model,1895,0.9325787401574803,137,0.06742125984251969,166,True,127,128,39,39,0,"[166, 40, 8]",0,True,39,True,128,166,39,0,0,39,"[128, 40, 8]",1,40,False,8bece812b2966e60e8ad,"0,1",expected_aligned_shape,Qwen/Qwen3.6-35B-A3B-FP8,ok,32,127,254,188,0.7401574803149606,254,233,0.9173228346456693,68,0.5354330708661418,0.9809273840769904,249.15555555555557,0.9891732283464567,251.25,Qwen/Qwen3.6-35B-A3B-FP8
short_qa,2,127,8,2032,same_model,1894,0.9320866141732284,138,0.06791338582677166,159,True,127,128,32,32,0,"[159, 40, 8]",0,True,32,True,128,159,32,0,0,32,"[128, 40, 8]",1,40,False,8bed4f4810f56cc50293,"0,1",expected_aligned_shape,Qwen/Qwen3.6-35B-A3B-FP8,ok,32,127,254,187,0.7362204724409449,254,237,0.9330708661417323,65,0.5118110236220472,0.9851268591426072,250.22222222222223,0.9916338582677166,251.875,Qwen/Qwen3.6-35B-A3B-FP8
low_margin,2,127,8,2032,same_model,1898,0.9340551181102362,134,0.06594488188976377,166,True,127,128,39,39,0,"[166, 40, 8]",0,True,39,True,128,166,39,0,0,39,"[128, 40, 8]",1,40,False,8bf7f00e1a8446ea3b04,"0,1",expected_aligned_shape,Qwen/Qwen3.6-35B-A3B-FP8,ok,32,127,254,185,0.7283464566929134,254,238,0.937007874015748,67,0.5275590551181102,0.9860017497812774,250.44444444444446,0.9921259842519685,252.0,Qwen/Qwen3.6-35B-A3B-FP8
chat,2,127,8,2032,same_model,1909,0.9394685039370079,123,0.06053149606299212,159,True,127,128,32,32,0,"[159, 40, 8]",0,True,32,True,128,159,32,0,0,32,"[128, 40, 8]",1,40,False,8bfb44b67e76fa2d1aeb,"0,1",expected_aligned_shape,Qwen/Qwen3.6-35B-A3B-FP8,ok,32,127,254,191,0.7519685039370079,254,237,0.9330708661417323,72,0.5669291338582677,0.9851268591426072,250.22222222222223,0.9916338582677166,251.875,Qwen/Qwen3.6-35B-A3B-FP8
summarization,2,127,8,2032,same_model,1873,0.921751968503937,159,0.07824803149606299,159,True,127,128,32,32,0,"[159, 40, 8]",0,True,32,True,128,159,32,0,0,32,"[128, 40, 8]",1,40,False,8c26b132a52e832bd0b3,"0,1",expected_aligned_shape,Qwen/Qwen3.6-35B-A3B-FP8,ok,32,127,254,180,0.7086614173228346,254,235,0.9251968503937008,60,0.47244094488188976,0.9833770778652668,249.77777777777777,0.9906496062992126,251.625,Qwen/Qwen3.6-35B-A3B-FP8
math_numeric,2,127,8,2032,same_model,1833,0.9020669291338582,199,0.09793307086614174,159,True,127,128,32,32,0,"[159, 40, 8]",0,True,32,True,128,159,32,0,0,32,"[128, 40, 8]",1,40,False,8c52d05567920b9068cd,"0,1",expected_aligned_shape,Qwen/Qwen3.6-35B-A3B-FP8,ok,32,127,254,164,0.6456692913385826,254,231,0.9094488188976378,50,0.3937007874015748,0.9798775153105862,248.88888888888889,0.9886811023622047,251.125,Qwen/Qwen3.6-35B-A3B-FP8
math_numeric,2,127,8,2032,same_model,1606,0.7903543307086615,426,0.20964566929133857,159,True,127,128,32,32,0,"[159, 40, 8]",0,True,32,True,128,159,32,0,0,32,"[128, 40, 8]",1,40,False,8c7dc41fc40ddda41eef,"0,1",expected_aligned_shape,Qwen/Qwen3.6-35B-A3B-FP8,ok,32,127,254,93,0.3661417322834646,254,221,0.8700787401574803,14,0.11023622047244094,0.9711286089238846,246.66666666666666,0.9837598425196851,249.875,Qwen/Qwen3.6-35B-A3B-FP8
summarization,2,127,8,2032,same_model,1878,0.9242125984251969,154,0.07578740157480315,163,True,127,128,36,36,0,"[163, 40, 8]",0,True,36,True,128,163,36,0,0,36,"[128, 40, 8]",1,40,False,8c9b98b64a58814a2f39,"0,1",expected_aligned_shape,Qwen/Qwen3.6-35B-A3B-FP8,ok,32,127,254,183,0.7204724409448819,254,240,0.9448818897637795,65,0.5118110236220472,0.9877515310586178,250.88888888888889,0.9931102362204725,252.25,Qwen/Qwen3.6-35B-A3B-FP8
math_numeric,2,11,8,176,same_model,163,0.9261363636363636,13,0.07386363636363637,43,True,11,12,32,32,0,"[43, 40, 8]",0,True,32,True,12,43,32,0,0,32,"[12, 40, 8]",1,40,False,8cbc6deb366a90598072,"0,1",expected_aligned_shape,Qwen/Qwen3.6-35B-A3B-FP8,ok,32,11,22,16,0.7272727272727273,22,20,0.9090909090909091,5,0.45454545454545453,0.9797979797979799,21.555555555555557,0.9886363636363636,21.75,Qwen/Qwen3.6-35B-A3B-FP8
logs,2,127,8,2032,same_model,1889,0.9296259842519685,143,0.0703740157480315,159,True,127,128,32,32,0,"[159, 40, 8]",0,True,32,True,128,159,32,0,0,32,"[128, 40, 8]",1,40,False,8cef8dce1364c7587754,"0,1",expected_aligned_shape,Qwen/Qwen3.6-35B-A3B-FP8,ok,32,127,254,183,0.7204724409448819,254,233,0.9173228346456693,66,0.5196850393700787,0.9816272965879266,249.33333333333334,0.9896653543307087,251.375,Qwen/Qwen3.6-35B-A3B-FP8
summarization,2,127,8,2032,same_model,1898,0.9340551181102362,134,0.06594488188976377,163,True,127,128,36,36,0,"[163, 40, 8]",0,True,36,True,128,163,36,0,0,36,"[128, 40, 8]",1,40,False,8d55514286def2bb6141,"0,1",expected_aligned_shape,Qwen/Qwen3.6-35B-A3B-FP8,ok,32,127,254,187,0.7362204724409449,254,238,0.937007874015748,67,0.5275590551181102,0.9860017497812774,250.44444444444446,0.9921259842519685,252.0,Qwen/Qwen3.6-35B-A3B-FP8
json_structured,2,127,8,2032,same_model,1876,0.9232283464566929,156,0.07677165354330709,159,True,127,128,32,32,0,"[159, 40, 8]",0,True,32,True,128,159,32,0,0,32,"[128, 40, 8]",1,40,False,8dc7a0e49d8054a4febf,"0,1",expected_aligned_shape,Qwen/Qwen3.6-35B-A3B-FP8,ok,32,127,254,174,0.6850393700787402,254,226,0.889763779527559,58,0.4566929133858268,0.9755030621172355,247.77777777777777,0.9862204724409449,250.5,Qwen/Qwen3.6-35B-A3B-FP8
logs,2,127,8,2032,same_model,1860,0.9153543307086615,172,0.08464566929133858,159,True,127,128,32,32,0,"[159, 40, 8]",0,True,32,True,128,159,32,0,0,32,"[128, 40, 8]",1,40,False,8df5f48dc72ff9b25245,"0,1",expected_aligned_shape,Qwen/Qwen3.6-35B-A3B-FP8,ok,32,127,254,178,0.7007874015748031,254,234,0.9212598425196851,66,0.5196850393700787,0.9825021872265968,249.55555555555554,0.9901574803149606,251.5,Qwen/Qwen3.6-35B-A3B-FP8
json_structured,2,127,8,2032,same_model,1847,0.9089566929133859,185,0.09104330708661418,159,True,127,128,32,32,0,"[159, 40, 8]",0,True,32,True,128,159,32,0,0,32,"[128, 40, 8]",1,40,False,8e07a080e3fb068115b8,"0,1",expected_aligned_shape,Qwen/Qwen3.6-35B-A3B-FP8,ok,32,127,254,170,0.6692913385826772,254,239,0.9409448818897638,60,0.47244094488188976,0.9854768153980752,250.3111111111111,0.9916338582677166,251.875,Qwen/Qwen3.6-35B-A3B-FP8
low_margin,2,127,8,2032,same_model,1918,0.9438976377952756,114,0.05610236220472441,166,True,127,128,39,39,0,"[166, 40, 8]",0,True,39,True,128,166,39,0,0,39,"[128, 40, 8]",1,40,False,8e0dec58e940d3bca91d,"0,1",expected_aligned_shape,Qwen/Qwen3.6-35B-A3B-FP8,ok,32,127,254,194,0.7637795275590551,254,239,0.9409448818897638,75,0.5905511811023622,0.9868766404199475,250.66666666666666,0.9926181102362205,252.125,Qwen/Qwen3.6-35B-A3B-FP8
code,2,127,8,2032,same_model,1870,0.9202755905511811,162,0.0797244094488189,159,True,127,128,32,32,0,"[159, 40, 8]",0,True,32,True,128,159,32,0,0,32,"[128, 40, 8]",1,40,False,8e12b4849e3760c026ef,"0,1",expected_aligned_shape,Qwen/Qwen3.6-35B-A3B-FP8,ok,32,127,254,174,0.6850393700787402,254,233,0.9173228346456693,60,0.47244094488188976,0.9816272965879266,249.33333333333334,0.9896653543307087,251.375,Qwen/Qwen3.6-35B-A3B-FP8
math_numeric,2,127,8,2032,same_model,1845,0.9079724409448819,187,0.09202755905511811,159,True,127,128,32,32,0,"[159, 40, 8]",0,True,32,True,128,159,32,0,0,32,"[128, 40, 8]",1,40,False,8e6325f69f2dede3825c,"0,1",expected_aligned_shape,Qwen/Qwen3.6-35B-A3B-FP8,ok,32,127,254,173,0.6811023622047244,254,225,0.8858267716535433,55,0.4330708661417323,0.9739282589676291,247.37777777777777,0.985236220472441,250.25,Qwen/Qwen3.6-35B-A3B-FP8
logs,2,127,8,2032,same_model,1851,0.9109251968503937,181,0.0890748031496063,159,True,127,128,32,32,0,"[159, 40, 8]",0,True,32,True,128,159,32,0,0,32,"[128, 40, 8]",1,40,False,8e676d49327d4d22552d,"0,1",expected_aligned_shape,Qwen/Qwen3.6-35B-A3B-FP8,ok,32,127,254,169,0.6653543307086615,254,229,0.9015748031496063,55,0.4330708661417323,0.9781277340332459,248.44444444444446,0.9876968503937008,250.875,Qwen/Qwen3.6-35B-A3B-FP8
logs,2,17,8,272,same_model,253,0.9301470588235294,19,0.06985294117647059,49,True,17,18,32,32,0,"[49, 40, 8]",0,True,32,True,18,49,32,0,0,32,"[18, 40, 8]",1,40,False,8ec49816cc265f8b8294,"0,1",expected_aligned_shape,Qwen/Qwen3.6-35B-A3B-FP8,ok,32,17,34,25,0.7352941176470589,34,33,0.9705882352941176,9,0.5294117647058824,0.9934640522875817,33.77777777777778,0.9963235294117647,33.875,Qwen/Qwen3.6-35B-A3B-FP8
low_margin,2,127,8,2032,same_model,1881,0.9256889763779528,151,0.07431102362204725,166,True,127,128,39,39,0,"[166, 40, 8]",0,True,39,True,128,166,39,0,0,39,"[128, 40, 8]",1,40,False,8f69f039471770707b7e,"0,1",expected_aligned_shape,Qwen/Qwen3.6-35B-A3B-FP8,ok,32,127,254,182,0.7165354330708661,254,238,0.937007874015748,66,0.5196850393700787,0.9860017497812774,250.44444444444446,0.9921259842519685,252.0,Qwen/Qwen3.6-35B-A3B-FP8
logs,2,127,8,2032,same_model,1899,0.9345472440944882,133,0.0654527559055118,159,True,127,128,32,32,0,"[159, 40, 8]",0,True,32,True,128,159,32,0,0,32,"[128, 40, 8]",1,40,False,8f7d10ec4ff11a647ee7,"0,1",expected_aligned_shape,Qwen/Qwen3.6-35B-A3B-FP8,ok,32,127,254,191,0.7519685039370079,254,236,0.9291338582677166,76,0.5984251968503937,0.984251968503937,250.0,0.9911417322834646,251.75,Qwen/Qwen3.6-35B-A3B-FP8
chat,2,127,8,2032,same_model,1884,0.9271653543307087,148,0.07283464566929133,159,True,127,128,32,32,0,"[159, 40, 8]",0,True,32,True,128,159,32,0,0,32,"[128, 40, 8]",1,40,False,8f8115aa4a281d951a7c,"0,1",expected_aligned_shape,Qwen/Qwen3.6-35B-A3B-FP8,ok,32,127,254,180,0.7086614173228346,254,238,0.937007874015748,63,0.49606299212598426,0.9860017497812774,250.44444444444446,0.9921259842519685,252.0,Qwen/Qwen3.6-35B-A3B-FP8
math_numeric,2,127,8,2032,same_model,1909,0.9394685039370079,123,0.06053149606299212,159,True,127,128,32,32,0,"[159, 40, 8]",0,True,32,True,128,159,32,0,0,32,"[128, 40, 8]",1,40,False,8f9070376249b3bc8557,"0,1",expected_aligned_shape,Qwen/Qwen3.6-35B-A3B-FP8,ok,32,127,254,196,0.7716535433070866,254,242,0.952755905511811,80,0.6299212598425197,0.989501312335958,251.33333333333334,0.9940944881889764,252.5,Qwen/Qwen3.6-35B-A3B-FP8
summarization,2,127,8,2032,same_model,1916,0.9429133858267716,116,0.05708661417322835,159,True,127,128,32,32,0,"[159, 40, 8]",0,True,32,True,128,159,32,0,0,32,"[128, 40, 8]",1,40,False,8fb265f41b57655fdaf6,"0,1",expected_aligned_shape,Qwen/Qwen3.6-35B-A3B-FP8,ok,32,127,254,191,0.7519685039370079,254,232,0.9133858267716536,74,0.5826771653543307,0.9807524059492564,249.11111111111111,0.9891732283464567,251.25,Qwen/Qwen3.6-35B-A3B-FP8
code,2,127,8,2032,same_model,1873,0.921751968503937,159,0.07824803149606299,159,True,127,128,32,32,0,"[159, 40, 8]",0,True,32,True,128,159,32,0,0,32,"[128, 40, 8]",1,40,False,900f406d35eb6b62a9d6,"0,1",expected_aligned_shape,Qwen/Qwen3.6-35B-A3B-FP8,ok,32,127,254,180,0.7086614173228346,254,243,0.9566929133858267,64,0.5039370078740157,0.9903762029746283,251.55555555555554,0.9945866141732284,252.625,Qwen/Qwen3.6-35B-A3B-FP8
code,2,127,8,2032,same_model,1886,0.9281496062992126,146,0.0718503937007874,159,True,127,128,32,32,0,"[159, 40, 8]",0,True,32,True,128,159,32,0,0,32,"[128, 40, 8]",1,40,False,901fbb039eb51be272f4,"0,1",expected_aligned_shape,Qwen/Qwen3.6-35B-A3B-FP8,ok,32,127,254,177,0.6968503937007874,254,229,0.9015748031496063,61,0.48031496062992124,0.9781277340332459,248.44444444444446,0.9876968503937008,250.875,Qwen/Qwen3.6-35B-A3B-FP8
summarization,2,127,8,2032,same_model,1887,0.9286417322834646,145,0.07135826771653543,167,True,127,128,40,40,0,"[167, 40, 8]",0,True,40,True,128,167,40,0,0,40,"[128, 40, 8]",1,40,False,904d79524f4d042d53f9,"0,1",expected_aligned_shape,Qwen/Qwen3.6-35B-A3B-FP8,ok,32,127,254,184,0.7244094488188977,254,236,0.9291338582677166,66,0.5196850393700787,0.9842519685039371,250.0,0.9911417322834646,251.75,Qwen/Qwen3.6-35B-A3B-FP8
summarization,2,127,8,2032,same_model,1887,0.9286417322834646,145,0.07135826771653543,163,True,127,128,36,36,0,"[163, 40, 8]",0,True,36,True,128,163,36,0,0,36,"[128, 40, 8]",1,40,False,90d92c6b78f853e6b846,"0,1",expected_aligned_shape,Qwen/Qwen3.6-35B-A3B-FP8,ok,32,127,254,187,0.7362204724409449,254,239,0.9409448818897638,66,0.5196850393700787,0.9868766404199476,250.66666666666666,0.9926181102362205,252.125,Qwen/Qwen3.6-35B-A3B-FP8
summarization,2,127,8,2032,same_model,1870,0.9202755905511811,162,0.0797244094488189,159,True,127,128,32,32,0,"[159, 40, 8]",0,True,32,True,128,159,32,0,0,32,"[128, 40, 8]",1,40,False,91a31847728383045e3a,"0,1",expected_aligned_shape,Qwen/Qwen3.6-35B-A3B-FP8,ok,32,127,254,179,0.7047244094488189,254,234,0.9212598425196851,64,0.5039370078740157,0.9825021872265967,249.55555555555554,0.9901574803149606,251.5,Qwen/Qwen3.6-35B-A3B-FP8
code,2,127,8,2032,same_model,1842,0.906496062992126,190,0.09350393700787402,166,True,127,128,39,39,0,"[166, 40, 8]",0,True,39,True,128,166,39,0,0,39,"[128, 40, 8]",1,40,False,91f0bd8d1b2650d3ab83,"0,1",expected_aligned_shape,Qwen/Qwen3.6-35B-A3B-FP8,ok,32,127,254,164,0.6456692913385826,254,230,0.905511811023622,52,0.4094488188976378,0.9790026246719161,248.66666666666666,0.9881889763779528,251.0,Qwen/Qwen3.6-35B-A3B-FP8
low_margin,2,127,8,2032,same_model,1858,0.9143700787401575,174,0.08562992125984252,167,True,127,128,40,40,0,"[167, 40, 8]",0,True,40,True,128,167,40,0,0,40,"[128, 40, 8]",1,40,False,920487cdb3ea7356e413,"0,1",expected_aligned_shape,Qwen/Qwen3.6-35B-A3B-FP8,ok,32,127,254,172,0.6771653543307087,254,228,0.8976377952755905,54,0.4251968503937008,0.9772528433945759,248.22222222222223,0.9872047244094488,250.75,Qwen/Qwen3.6-35B-A3B-FP8
needle,2,127,8,2032,same_model,1856,0.9133858267716536,176,0.08661417322834646,159,True,127,128,32,32,0,"[159, 40, 8]",0,True,32,True,128,159,32,0,0,32,"[128, 40, 8]",1,40,False,923e8a0e4829c62a5409,"0,1",expected_aligned_shape,Qwen/Qwen3.6-35B-A3B-FP8,ok,32,127,254,172,0.6771653543307087,254,236,0.9291338582677166,60,0.47244094488188976,0.9835520559930008,249.82222222222222,0.9906496062992126,251.625,Qwen/Qwen3.6-35B-A3B-FP8
logs,2,127,8,2032,same_model,1881,0.9256889763779528,151,0.07431102362204725,159,True,127,128,32,32,0,"[159, 40, 8]",0,True,32,True,128,159,32,0,0,32,"[128, 40, 8]",1,40,False,926b6f8891804d72864f,"0,1",expected_aligned_shape,Qwen/Qwen3.6-35B-A3B-FP8,ok,32,127,254,183,0.7204724409448819,254,235,0.9251968503937008,65,0.5118110236220472,0.983377077865267,249.77777777777777,0.9906496062992126,251.625,Qwen/Qwen3.6-35B-A3B-FP8
mixed_language,2,33,8,528,same_model,479,0.9071969696969697,49,0.0928030303030303,65,True,33,34,32,32,0,"[65, 40, 8]",0,True,32,True,34,65,32,0,0,32,"[34, 40, 8]",1,40,False,92700be4ef3a5fb144b6,"0,1",expected_aligned_shape,Qwen/Qwen3.6-35B-A3B-FP8,ok,32,33,66,42,0.6363636363636364,66,53,0.803030303030303,13,0.3939393939393939,0.9562289562289562,63.111111111111114,0.9753787878787878,64.375,Qwen/Qwen3.6-35B-A3B-FP8
short_qa,2,127,8,2032,same_model,1869,0.9197834645669292,163,0.08021653543307086,159,True,127,128,32,32,0,"[159, 40, 8]",0,True,32,True,128,159,32,0,0,32,"[128, 40, 8]",1,40,False,9275ef27e00389353e75,"0,1",expected_aligned_shape,Qwen/Qwen3.6-35B-A3B-FP8,ok,32,127,254,181,0.7125984251968503,254,241,0.9488188976377953,61,0.48031496062992124,0.9886264216972879,251.11111111111111,0.9936023622047244,252.375,Qwen/Qwen3.6-35B-A3B-FP8
logs,2,127,8,2032,same_model,1846,0.9084645669291339,186,0.09153543307086615,159,True,127,128,32,32,0,"[159, 40, 8]",0,True,32,True,128,159,32,0,0,32,"[128, 40, 8]",1,40,False,92a2248985d77febb48f,"0,1",expected_aligned_shape,Qwen/Qwen3.6-35B-A3B-FP8,ok,32,127,254,174,0.6850393700787402,254,236,0.9291338582677166,58,0.4566929133858268,0.983552055993001,249.82222222222222,0.9906496062992126,251.625,Qwen/Qwen3.6-35B-A3B-FP8
needle,2,127,8,2032,same_model,1890,0.9301181102362205,142,0.06988188976377953,159,True,127,128,32,32,0,"[159, 40, 8]",0,True,32,True,128,159,32,0,0,32,"[128, 40, 8]",1,40,False,93073cdcb586446bbee2,"0,1",expected_aligned_shape,Qwen/Qwen3.6-35B-A3B-FP8,ok,32,127,254,187,0.7362204724409449,254,235,0.9251968503937008,72,0.5669291338582677,0.9833770778652668,249.77777777777777,0.9906496062992126,251.625,Qwen/Qwen3.6-35B-A3B-FP8
math_numeric,2,127,8,2032,same_model,1588,0.781496062992126,444,0.21850393700787402,159,True,127,128,32,32,0,"[159, 40, 8]",0,True,32,True,128,159,32,0,0,32,"[128, 40, 8]",1,40,False,931ae9fab340ba6d5feb,"0,1",expected_aligned_shape,Qwen/Qwen3.6-35B-A3B-FP8,ok,32,127,254,86,0.33858267716535434,254,177,0.6968503937007874,19,0.14960629921259844,0.9305336832895887,236.35555555555555,0.9606299212598425,244.0,Qwen/Qwen3.6-35B-A3B-FP8
low_margin,2,127,8,2032,same_model,1906,0.937992125984252,126,0.06200787401574803,166,True,127,128,39,39,0,"[166, 40, 8]",0,True,39,True,128,166,39,0,0,39,"[128, 40, 8]",1,40,False,936d2f4f34bc153938c7,"0,1",expected_aligned_shape,Qwen/Qwen3.6-35B-A3B-FP8,ok,32,127,254,189,0.7440944881889764,254,235,0.9251968503937008,69,0.5433070866141733,0.9833770778652668,249.77777777777777,0.9906496062992126,251.625,Qwen/Qwen3.6-35B-A3B-FP8
code,2,127,8,2032,same_model,1911,0.9404527559055118,121,0.05954724409448819,159,True,127,128,32,32,0,"[159, 40, 8]",0,True,32,True,128,159,32,0,0,32,"[128, 40, 8]",1,40,False,93b60f37729f176e892a,"0,1",expected_aligned_shape,Qwen/Qwen3.6-35B-A3B-FP8,ok,32,127,254,192,0.7559055118110236,254,235,0.9251968503937008,76,0.5984251968503937,0.9833770778652668,249.77777777777777,0.9906496062992126,251.625,Qwen/Qwen3.6-35B-A3B-FP8
json_structured,2,127,8,2032,same_model,1865,0.9178149606299213,167,0.08218503937007875,159,True,127,128,32,32,0,"[159, 40, 8]",0,True,32,True,128,159,32,0,0,32,"[128, 40, 8]",1,40,False,93fabd5451c8ad06e5a6,"0,1",expected_aligned_shape,Qwen/Qwen3.6-35B-A3B-FP8,ok,32,127,254,179,0.7047244094488189,254,230,0.905511811023622,66,0.5196850393700787,0.9783027121609799,248.48888888888888,0.9876968503937008,250.875,Qwen/Qwen3.6-35B-A3B-FP8
chat,2,127,8,2032,same_model,1891,0.9306102362204725,141,0.06938976377952756,159,True,127,128,32,32,0,"[159, 40, 8]",0,True,32,True,128,159,32,0,0,32,"[128, 40, 8]",1,40,False,945435bd96bddc603b32,"0,1",expected_aligned_shape,Qwen/Qwen3.6-35B-A3B-FP8,ok,32,127,254,182,0.7165354330708661,254,229,0.9015748031496063,62,0.4881889763779528,0.9774278215223098,248.26666666666668,0.9872047244094488,250.75,Qwen/Qwen3.6-35B-A3B-FP8
math_numeric,2,127,8,2032,same_model,1870,0.9202755905511811,162,0.0797244094488189,159,True,127,128,32,32,0,"[159, 40, 8]",0,True,32,True,128,159,32,0,0,32,"[128, 40, 8]",1,40,False,9454c66d812ca8015f40,"0,1",expected_aligned_shape,Qwen/Qwen3.6-35B-A3B-FP8,ok,32,127,254,182,0.7165354330708661,254,238,0.937007874015748,62,0.4881889763779528,0.9860017497812774,250.44444444444446,0.9921259842519685,252.0,Qwen/Qwen3.6-35B-A3B-FP8
math_numeric,2,127,8,2032,same_model,1871,0.9207677165354331,161,0.07923228346456693,159,True,127,128,32,32,0,"[159, 40, 8]",0,True,32,True,128,159,32,0,0,32,"[128, 40, 8]",1,40,False,949662d1b45ab08be739,"0,1",expected_aligned_shape,Qwen/Qwen3.6-35B-A3B-FP8,ok,32,127,254,177,0.6968503937007874,254,232,0.9133858267716536,56,0.4409448818897638,0.9807524059492563,249.11111111111111,0.9891732283464567,251.25,Qwen/Qwen3.6-35B-A3B-FP8
short_qa,2,127,8,2032,same_model,1907,0.9384842519685039,125,0.061515748031496065,159,True,127,128,32,32,0,"[159, 40, 8]",0,True,32,True,128,159,32,0,0,32,"[128, 40, 8]",1,40,False,94c3b64c6bf713d43706,"0,1",expected_aligned_shape,Qwen/Qwen3.6-35B-A3B-FP8,ok,32,127,254,196,0.7716535433070866,254,242,0.952755905511811,74,0.5826771653543307,0.9895013123359581,251.33333333333334,0.9940944881889764,252.5,Qwen/Qwen3.6-35B-A3B-FP8
short_qa,2,127,8,2032,same_model,1881,0.9256889763779528,151,0.07431102362204725,159,True,127,128,32,32,0,"[159, 40, 8]",0,True,32,True,128,159,32,0,0,32,"[128, 40, 8]",1,40,False,94c9b024e01262064ee8,"0,1",expected_aligned_shape,Qwen/Qwen3.6-35B-A3B-FP8,ok,32,127,254,185,0.7283464566929134,254,239,0.9409448818897638,68,0.5354330708661418,0.9868766404199476,250.66666666666666,0.9926181102362205,252.125,Qwen/Qwen3.6-35B-A3B-FP8
needle,2,127,8,2032,same_model,1862,0.9163385826771654,170,0.08366141732283465,159,True,127,128,32,32,0,"[159, 40, 8]",0,True,32,True,128,159,32,0,0,32,"[128, 40, 8]",1,40,False,950f33e688fc0163fe83,"0,1",expected_aligned_shape,Qwen/Qwen3.6-35B-A3B-FP8,ok,32,127,254,172,0.6771653543307087,254,231,0.9094488188976378,55,0.4330708661417323,0.9798775153105863,248.88888888888889,0.9886811023622047,251.125,Qwen/Qwen3.6-35B-A3B-FP8
logs,2,127,8,2032,same_model,1873,0.921751968503937,159,0.07824803149606299,159,True,127,128,32,32,0,"[159, 40, 8]",0,True,32,True,128,159,32,0,0,32,"[128, 40, 8]",1,40,False,956d9d561147514093ad,"0,1",expected_aligned_shape,Qwen/Qwen3.6-35B-A3B-FP8,ok,32,127,254,177,0.6968503937007874,254,231,0.9094488188976378,66,0.5196850393700787,0.9798775153105863,248.88888888888889,0.9886811023622047,251.125,Qwen/Qwen3.6-35B-A3B-FP8
short_qa,2,127,8,2032,same_model,1913,0.9414370078740157,119,0.05856299212598425,166,True,127,128,39,39,0,"[166, 40, 8]",0,True,39,True,128,166,39,0,0,39,"[128, 40, 8]",1,40,False,95af21ac53e5a74d9dc8,"0,1",expected_aligned_shape,Qwen/Qwen3.6-35B-A3B-FP8,ok,32,127,254,201,0.7913385826771654,254,238,0.937007874015748,81,0.6377952755905512,0.9860017497812774,250.44444444444446,0.9921259842519685,252.0,Qwen/Qwen3.6-35B-A3B-FP8
logs,2,127,8,2032,same_model,1903,0.9365157480314961,129,0.06348425196850394,159,True,127,128,32,32,0,"[159, 40, 8]",0,True,32,True,128,159,32,0,0,32,"[128, 40, 8]",1,40,False,95cdcf7639cf6452a717,"0,1",expected_aligned_shape,Qwen/Qwen3.6-35B-A3B-FP8,ok,32,127,254,190,0.7480314960629921,254,234,0.9212598425196851,73,0.5748031496062992,0.9825021872265968,249.55555555555554,0.9901574803149606,251.5,Qwen/Qwen3.6-35B-A3B-FP8
code,2,127,8,2032,same_model,1883,0.9266732283464567,149,0.0733267716535433,159,True,127,128,32,32,0,"[159, 40, 8]",0,True,32,True,128,159,32,0,0,32,"[128, 40, 8]",1,40,False,95d8bd020621ee918a68,"0,1",expected_aligned_shape,Qwen/Qwen3.6-35B-A3B-FP8,ok,32,127,254,179,0.7047244094488189,254,234,0.9212598425196851,64,0.5039370078740157,0.9825021872265967,249.55555555555554,0.9901574803149606,251.5,Qwen/Qwen3.6-35B-A3B-FP8
math_numeric,2,127,8,2032,same_model,1901,0.9355314960629921,131,0.06446850393700787,159,True,127,128,32,32,0,"[159, 40, 8]",0,True,32,True,128,159,32,0,0,32,"[128, 40, 8]",1,40,False,96c2ea5592f2ccf72270,"0,1",expected_aligned_shape,Qwen/Qwen3.6-35B-A3B-FP8,ok,32,127,254,190,0.7480314960629921,254,240,0.9448818897637795,70,0.5511811023622047,0.9877515310586177,250.88888888888889,0.9931102362204725,252.25,Qwen/Qwen3.6-35B-A3B-FP8
low_margin,2,127,8,2032,same_model,1932,0.9507874015748031,100,0.04921259842519685,167,True,127,128,40,40,0,"[167, 40, 8]",0,True,40,True,128,167,40,0,0,40,"[128, 40, 8]",1,40,False,97635eef2c4a536f1a9c,"0,1",expected_aligned_shape,Qwen/Qwen3.6-35B-A3B-FP8,ok,32,127,254,203,0.7992125984251969,254,239,0.9409448818897638,80,0.6299212598425197,0.9868766404199476,250.66666666666666,0.9926181102362205,252.125,Qwen/Qwen3.6-35B-A3B-FP8
low_margin,2,127,8,2032,same_model,1919,0.9443897637795275,113,0.05561023622047244,167,True,127,128,40,40,0,"[167, 40, 8]",0,True,40,True,128,167,40,0,0,40,"[128, 40, 8]",1,40,False,9778cb7f4462c7e5a6bb,"0,1",expected_aligned_shape,Qwen/Qwen3.6-35B-A3B-FP8,ok,32,127,254,195,0.7677165354330708,254,238,0.937007874015748,73,0.5748031496062992,0.9860017497812774,250.44444444444446,0.9921259842519685,252.0,Qwen/Qwen3.6-35B-A3B-FP8
summarization,2,127,8,2032,same_model,1881,0.9256889763779528,151,0.07431102362204725,167,True,127,128,40,40,0,"[167, 40, 8]",0,True,40,True,128,167,40,0,0,40,"[128, 40, 8]",1,40,False,977dba706199d097d6fe,"0,1",expected_aligned_shape,Qwen/Qwen3.6-35B-A3B-FP8,ok,32,127,254,180,0.7086614173228346,254,239,0.9409448818897638,65,0.5118110236220472,0.9868766404199476,250.66666666666666,0.9926181102362205,252.125,Qwen/Qwen3.6-35B-A3B-FP8
math_numeric,2,127,8,2032,same_model,1873,0.921751968503937,159,0.07824803149606299,159,True,127,128,32,32,0,"[159, 40, 8]",0,True,32,True,128,159,32,0,0,32,"[128, 40, 8]",1,40,False,97c0d2ccb5929d573fb4,"0,1",expected_aligned_shape,Qwen/Qwen3.6-35B-A3B-FP8,ok,32,127,254,181,0.7125984251968503,254,233,0.9173228346456693,61,0.48031496062992124,0.9816272965879266,249.33333333333334,0.9896653543307087,251.375,Qwen/Qwen3.6-35B-A3B-FP8
code,2,127,8,2032,same_model,1924,0.9468503937007874,108,0.0531496062992126,159,True,127,128,32,32,0,"[159, 40, 8]",0,True,32,True,128,159,32,0,0,32,"[128, 40, 8]",1,40,False,97e513b5080922851ec5,"0,1",expected_aligned_shape,Qwen/Qwen3.6-35B-A3B-FP8,ok,32,127,254,197,0.7755905511811023,254,237,0.9330708661417323,79,0.6220472440944882,0.9851268591426072,250.22222222222223,0.9916338582677166,251.875,Qwen/Qwen3.6-35B-A3B-FP8
low_margin,2,127,8,2032,same_model,1897,0.9335629921259843,135,0.06643700787401575,165,True,127,128,38,38,0,"[165, 40, 8]",0,True,38,True,128,165,38,0,0,38,"[128, 40, 8]",1,40,False,97eef9bf61d78dbe04cb,"0,1",expected_aligned_shape,Qwen/Qwen3.6-35B-A3B-FP8,ok,32,127,254,187,0.7362204724409449,254,234,0.9212598425196851,70,0.5511811023622047,0.9825021872265967,249.55555555555554,0.9901574803149606,251.5,Qwen/Qwen3.6-35B-A3B-FP8
json_structured,2,127,8,2032,same_model,1865,0.9178149606299213,167,0.08218503937007875,159,True,127,128,32,32,0,"[159, 40, 8]",0,True,32,True,128,159,32,0,0,32,"[128, 40, 8]",1,40,False,988fea42cce728b13a95,"0,1",expected_aligned_shape,Qwen/Qwen3.6-35B-A3B-FP8,ok,32,127,254,178,0.7007874015748031,254,232,0.9133858267716536,63,0.49606299212598426,0.9807524059492564,249.11111111111111,0.9891732283464567,251.25,Qwen/Qwen3.6-35B-A3B-FP8
chat,2,127,8,2032,same_model,1923,0.9463582677165354,109,0.05364173228346457,159,True,127,128,32,32,0,"[159, 40, 8]",0,True,32,True,128,159,32,0,0,32,"[128, 40, 8]",1,40,False,989223a35c82a9c924d7,"0,1",expected_aligned_shape,Qwen/Qwen3.6-35B-A3B-FP8,ok,32,127,254,198,0.7795275590551181,254,238,0.937007874015748,72,0.5669291338582677,0.9860017497812773,250.44444444444446,0.9921259842519685,252.0,Qwen/Qwen3.6-35B-A3B-FP8
summarization,2,127,8,2032,same_model,1848,0.9094488188976378,184,0.09055118110236221,163,True,127,128,36,36,0,"[163, 40, 8]",0,True,36,True,128,163,36,0,0,36,"[128, 40, 8]",1,40,False,98b5f162f676011fb726,"0,1",expected_aligned_shape,Qwen/Qwen3.6-35B-A3B-FP8,ok,32,127,254,171,0.6732283464566929,254,232,0.9133858267716536,59,0.4645669291338583,0.9807524059492565,249.11111111111111,0.9891732283464567,251.25,Qwen/Qwen3.6-35B-A3B-FP8
logs,2,127,8,2032,same_model,1879,0.9247047244094488,153,0.07529527559055119,159,True,127,128,32,32,0,"[159, 40, 8]",0,True,32,True,128,159,32,0,0,32,"[128, 40, 8]",1,40,False,98f863bfa0adecb134b6,"0,1",expected_aligned_shape,Qwen/Qwen3.6-35B-A3B-FP8,ok,32,127,254,181,0.7125984251968503,254,238,0.937007874015748,64,0.5039370078740157,0.9860017497812774,250.44444444444446,0.9921259842519685,252.0,Qwen/Qwen3.6-35B-A3B-FP8
summarization,2,127,8,2032,same_model,1896,0.9330708661417323,136,0.06692913385826772,163,True,127,128,36,36,0,"[163, 40, 8]",0,True,36,True,128,163,36,0,0,36,"[128, 40, 8]",1,40,False,995ced5a07b811c64ec3,"0,1",expected_aligned_shape,Qwen/Qwen3.6-35B-A3B-FP8,ok,32,127,254,191,0.7519685039370079,254,240,0.9448818897637795,73,0.5748031496062992,0.9877515310586177,250.88888888888889,0.9931102362204725,252.25,Qwen/Qwen3.6-35B-A3B-FP8
json_structured,2,127,8,2032,same_model,1910,0.9399606299212598,122,0.060039370078740155,166,True,127,128,39,39,0,"[166, 40, 8]",0,True,39,True,128,166,39,0,0,39,"[128, 40, 8]",1,40,False,996641191bc8907bbda6,"0,1",expected_aligned_shape,Qwen/Qwen3.6-35B-A3B-FP8,ok,32,127,254,193,0.7598425196850394,254,237,0.9330708661417323,72,0.5669291338582677,0.9851268591426072,250.22222222222223,0.9916338582677166,251.875,Qwen/Qwen3.6-35B-A3B-FP8
code,2,127,8,2032,same_model,1898,0.9340551181102362,134,0.06594488188976377,159,True,127,128,32,32,0,"[159, 40, 8]",0,True,32,True,128,159,32,0,0,32,"[128, 40, 8]",1,40,False,99a65da76e4ea87b0250,"0,1",expected_aligned_shape,Qwen/Qwen3.6-35B-A3B-FP8,ok,32,127,254,187,0.7362204724409449,254,233,0.9173228346456693,66,0.5196850393700787,0.9816272965879267,249.33333333333334,0.9896653543307087,251.375,Qwen/Qwen3.6-35B-A3B-FP8
short_qa,2,127,8,2032,same_model,1915,0.9424212598425197,117,0.05757874015748032,166,True,127,128,39,39,0,"[166, 40, 8]",0,True,39,True,128,166,39,0,0,39,"[128, 40, 8]",1,40,False,99a78f400e015cd2fba3,"0,1",expected_aligned_shape,Qwen/Qwen3.6-35B-A3B-FP8,ok,32,127,254,194,0.7637795275590551,254,233,0.9173228346456693,76,0.5984251968503937,0.9809273840769904,249.15555555555557,0.9891732283464567,251.25,Qwen/Qwen3.6-35B-A3B-FP8
low_margin,2,127,8,2032,same_model,1870,0.9202755905511811,162,0.0797244094488189,166,True,127,128,39,39,0,"[166, 40, 8]",0,True,39,True,128,166,39,0,0,39,"[128, 40, 8]",1,40,False,99aa773428705b28a4d8,"0,1",expected_aligned_shape,Qwen/Qwen3.6-35B-A3B-FP8,ok,32,127,254,173,0.6811023622047244,254,234,0.9212598425196851,59,0.4645669291338583,0.9825021872265967,249.55555555555554,0.9901574803149606,251.5,Qwen/Qwen3.6-35B-A3B-FP8
json_structured,2,127,8,2032,same_model,1916,0.9429133858267716,116,0.05708661417322835,167,True,127,128,40,40,0,"[167, 40, 8]",0,True,40,True,128,167,40,0,0,40,"[128, 40, 8]",1,40,False,99c8e7d0f416023a1076,"0,1",expected_aligned_shape,Qwen/Qwen3.6-35B-A3B-FP8,ok,32,127,254,199,0.7834645669291339,254,241,0.9488188976377953,77,0.6062992125984252,0.9886264216972879,251.11111111111111,0.9936023622047244,252.375,Qwen/Qwen3.6-35B-A3B-FP8
short_qa,2,127,8,2032,same_model,1899,0.9345472440944882,133,0.0654527559055118,166,True,127,128,39,39,0,"[166, 40, 8]",0,True,39,True,128,166,39,0,0,39,"[128, 40, 8]",1,40,False,9a2f9d506b9d5b97607c,"0,1",expected_aligned_shape,Qwen/Qwen3.6-35B-A3B-FP8,ok,32,127,254,184,0.7244094488188977,254,235,0.9251968503937008,64,0.5039370078740157,0.9833770778652668,249.77777777777777,0.9906496062992126,251.625,Qwen/Qwen3.6-35B-A3B-FP8
chat,2,127,8,2032,same_model,1890,0.9301181102362205,142,0.06988188976377953,167,True,127,128,40,40,0,"[167, 40, 8]",0,True,40,True,128,167,40,0,0,40,"[128, 40, 8]",1,40,False,9a8db0012177e738611b,"0,1",expected_aligned_shape,Qwen/Qwen3.6-35B-A3B-FP8,ok,32,127,254,188,0.7401574803149606,254,231,0.9094488188976378,67,0.5275590551181102,0.9798775153105862,248.88888888888889,0.9886811023622047,251.125,Qwen/Qwen3.6-35B-A3B-FP8
math_numeric,2,127,8,2032,same_model,1871,0.9207677165354331,161,0.07923228346456693,159,True,127,128,32,32,0,"[159, 40, 8]",0,True,32,True,128,159,32,0,0,32,"[128, 40, 8]",1,40,False,9a95484e1fd6565bd8c2,"0,1",expected_aligned_shape,Qwen/Qwen3.6-35B-A3B-FP8,ok,32,127,254,176,0.6929133858267716,254,229,0.9015748031496063,59,0.4645669291338583,0.9767279090113735,248.0888888888889,0.9867125984251969,250.625,Qwen/Qwen3.6-35B-A3B-FP8
logs,2,125,8,2000,same_model,1829,0.9145,171,0.0855,157,True,125,126,32,32,0,"[157, 40, 8]",0,True,32,True,126,157,32,0,0,32,"[126, 40, 8]",1,40,False,9ae88093def743519010,"0,1",expected_aligned_shape,Qwen/Qwen3.6-35B-A3B-FP8,ok,32,125,250,168,0.672,250,223,0.892,51,0.408,0.976,244.0,0.9865,246.625,Qwen/Qwen3.6-35B-A3B-FP8
json_structured,2,127,8,2032,same_model,1870,0.9202755905511811,162,0.0797244094488189,159,True,127,128,32,32,0,"[159, 40, 8]",0,True,32,True,128,159,32,0,0,32,"[128, 40, 8]",1,40,False,9b0aaf167f9dba2230dc,"0,1",expected_aligned_shape,Qwen/Qwen3.6-35B-A3B-FP8,ok,32,127,254,177,0.6968503937007874,254,237,0.9330708661417323,64,0.5039370078740157,0.9851268591426072,250.22222222222223,0.9916338582677166,251.875,Qwen/Qwen3.6-35B-A3B-FP8
low_margin,2,127,8,2032,same_model,1900,0.9350393700787402,132,0.06496062992125984,167,True,127,128,40,40,0,"[167, 40, 8]",0,True,40,True,128,167,40,0,0,40,"[128, 40, 8]",1,40,False,9b621d1a22f073b4a89a,"0,1",expected_aligned_shape,Qwen/Qwen3.6-35B-A3B-FP8,ok,32,127,254,193,0.7598425196850394,254,247,0.9724409448818898,76,0.5984251968503937,0.9931758530183726,252.26666666666668,0.9960629921259843,253.0,Qwen/Qwen3.6-35B-A3B-FP8
json_structured,2,127,8,2032,same_model,1868,0.9192913385826772,164,0.08070866141732283,159,True,127,128,32,32,0,"[159, 40, 8]",0,True,32,True,128,159,32,0,0,32,"[128, 40, 8]",1,40,False,9b99ba5424f38b6a222b,"0,1",expected_aligned_shape,Qwen/Qwen3.6-35B-A3B-FP8,ok,32,127,254,173,0.6811023622047244,254,225,0.8858267716535433,58,0.4566929133858268,0.9746281714785653,247.55555555555554,0.9857283464566929,250.375,Qwen/Qwen3.6-35B-A3B-FP8
math_numeric,2,127,8,2032,same_model,1864,0.9173228346456693,168,0.08267716535433071,159,True,127,128,32,32,0,"[159, 40, 8]",0,True,32,True,128,159,32,0,0,32,"[128, 40, 8]",1,40,False,9b9b1228a280163107e6,"0,1",expected_aligned_shape,Qwen/Qwen3.6-35B-A3B-FP8,ok,32,127,254,174,0.6850393700787402,254,229,0.9015748031496063,64,0.5039370078740157,0.9781277340332459,248.44444444444446,0.9876968503937008,250.875,Qwen/Qwen3.6-35B-A3B-FP8
summarization,2,127,8,2032,same_model,1879,0.9247047244094488,153,0.07529527559055119,159,True,127,128,32,32,0,"[159, 40, 8]",0,True,32,True,128,159,32,0,0,32,"[128, 40, 8]",1,40,False,9bd67e1410071f0d7c35,"0,1",expected_aligned_shape,Qwen/Qwen3.6-35B-A3B-FP8,ok,32,127,254,184,0.7244094488188977,254,234,0.9212598425196851,66,0.5196850393700787,0.9825021872265968,249.55555555555554,0.9901574803149606,251.5,Qwen/Qwen3.6-35B-A3B-FP8
summarization,2,127,8,2032,same_model,1900,0.9350393700787402,132,0.06496062992125984,163,True,127,128,36,36,0,"[163, 40, 8]",0,True,36,True,128,163,36,0,0,36,"[128, 40, 8]",1,40,False,9c3f18c58adf55cc27bd,"0,1",expected_aligned_shape,Qwen/Qwen3.6-35B-A3B-FP8,ok,32,127,254,190,0.7480314960629921,254,239,0.9409448818897638,70,0.5511811023622047,0.9868766404199476,250.66666666666666,0.9926181102362205,252.125,Qwen/Qwen3.6-35B-A3B-FP8
needle,2,127,8,2032,same_model,1873,0.921751968503937,159,0.07824803149606299,159,True,127,128,32,32,0,"[159, 40, 8]",0,True,32,True,128,159,32,0,0,32,"[128, 40, 8]",1,40,False,9c4082ff8ebaef710bdc,"0,1",expected_aligned_shape,Qwen/Qwen3.6-35B-A3B-FP8,ok,32,127,254,184,0.7244094488188977,254,234,0.9212598425196851,67,0.5275590551181102,0.9825021872265968,249.55555555555554,0.9901574803149606,251.5,Qwen/Qwen3.6-35B-A3B-FP8
needle,2,127,8,2032,same_model,1879,0.9247047244094488,153,0.07529527559055119,159,True,127,128,32,32,0,"[159, 40, 8]",0,True,32,True,128,159,32,0,0,32,"[128, 40, 8]",1,40,False,9c52346bbd0ac398b927,"0,1",expected_aligned_shape,Qwen/Qwen3.6-35B-A3B-FP8,ok,32,127,254,174,0.6850393700787402,254,230,0.905511811023622,62,0.4881889763779528,0.979002624671916,248.66666666666666,0.9881889763779528,251.0,Qwen/Qwen3.6-35B-A3B-FP8
chat,2,127,8,2032,same_model,1894,0.9320866141732284,138,0.06791338582677166,167,True,127,128,40,40,0,"[167, 40, 8]",0,True,40,True,128,167,40,0,0,40,"[128, 40, 8]",1,40,False,9c9d0d55e64f4de84a34,"0,1",expected_aligned_shape,Qwen/Qwen3.6-35B-A3B-FP8,ok,32,127,254,186,0.7322834645669292,254,229,0.9015748031496063,69,0.5433070866141733,0.9774278215223099,248.26666666666668,0.9872047244094488,250.75,Qwen/Qwen3.6-35B-A3B-FP8
logs,2,127,8,2032,same_model,1901,0.9355314960629921,131,0.06446850393700787,159,True,127,128,32,32,0,"[159, 40, 8]",0,True,32,True,128,159,32,0,0,32,"[128, 40, 8]",1,40,False,9cb01dd67c3fba73b586,"0,1",expected_aligned_shape,Qwen/Qwen3.6-35B-A3B-FP8,ok,32,127,254,193,0.7598425196850394,254,237,0.9330708661417323,71,0.5590551181102362,0.9851268591426072,250.22222222222223,0.9916338582677166,251.875,Qwen/Qwen3.6-35B-A3B-FP8
logs,2,127,8,2032,same_model,1904,0.937007874015748,128,0.06299212598425197,159,True,127,128,32,32,0,"[159, 40, 8]",0,True,32,True,128,159,32,0,0,32,"[128, 40, 8]",1,40,False,9cf343b1c0185f983372,"0,1",expected_aligned_shape,Qwen/Qwen3.6-35B-A3B-FP8,ok,32,127,254,189,0.7440944881889764,254,229,0.9015748031496063,70,0.5511811023622047,0.9774278215223098,248.26666666666668,0.9872047244094488,250.75,Qwen/Qwen3.6-35B-A3B-FP8
summarization,2,127,8,2032,same_model,1902,0.9360236220472441,130,0.0639763779527559,167,True,127,128,40,40,0,"[167, 40, 8]",0,True,40,True,128,167,40,0,0,40,"[128, 40, 8]",1,40,False,9d063fad8bdbf2e4c12e,"0,1",expected_aligned_shape,Qwen/Qwen3.6-35B-A3B-FP8,ok,32,127,254,188,0.7401574803149606,254,235,0.9251968503937008,70,0.5511811023622047,0.983377077865267,249.77777777777777,0.9906496062992126,251.625,Qwen/Qwen3.6-35B-A3B-FP8
json_structured,2,127,8,2032,same_model,1867,0.9187992125984252,165,0.0812007874015748,159,True,127,128,32,32,0,"[159, 40, 8]",0,True,32,True,128,159,32,0,0,32,"[128, 40, 8]",1,40,False,9d4b803381a48c580983,"0,1",expected_aligned_shape,Qwen/Qwen3.6-35B-A3B-FP8,ok,32,127,254,181,0.7125984251968503,254,232,0.9133858267716536,65,0.5118110236220472,0.9807524059492564,249.11111111111111,0.9891732283464567,251.25,Qwen/Qwen3.6-35B-A3B-FP8
low_margin,2,127,8,2032,same_model,1892,0.9311023622047244,140,0.0688976377952756,167,True,127,128,40,40,0,"[167, 40, 8]",0,True,40,True,128,167,40,0,0,40,"[128, 40, 8]",1,40,False,9d54838f66bf62752beb,"0,1",expected_aligned_shape,Qwen/Qwen3.6-35B-A3B-FP8,ok,32,127,254,186,0.7322834645669292,254,234,0.9212598425196851,68,0.5354330708661418,0.9825021872265967,249.55555555555554,0.9901574803149606,251.5,Qwen/Qwen3.6-35B-A3B-FP8
summarization,2,127,8,2032,same_model,1863,0.9168307086614174,169,0.08316929133858268,159,True,127,128,32,32,0,"[159, 40, 8]",0,True,32,True,128,159,32,0,0,32,"[128, 40, 8]",1,40,False,9d869805c2a756f51c65,"0,1",expected_aligned_shape,Qwen/Qwen3.6-35B-A3B-FP8,ok,32,127,254,177,0.6968503937007874,254,228,0.8976377952755905,62,0.4881889763779528,0.9772528433945757,248.22222222222223,0.9872047244094488,250.75,Qwen/Qwen3.6-35B-A3B-FP8
chat,2,127,8,2032,same_model,1898,0.9340551181102362,134,0.06594488188976377,167,True,127,128,40,40,0,"[167, 40, 8]",0,True,40,True,128,167,40,0,0,40,"[128, 40, 8]",1,40,False,9e05735e2b489e577b8d,"0,1",expected_aligned_shape,Qwen/Qwen3.6-35B-A3B-FP8,ok,32,127,254,189,0.7440944881889764,254,235,0.9251968503937008,71,0.5590551181102362,0.9833770778652668,249.77777777777777,0.9906496062992126,251.625,Qwen/Qwen3.6-35B-A3B-FP8
short_qa,2,127,8,2032,same_model,1907,0.9384842519685039,125,0.061515748031496065,159,True,127,128,32,32,0,"[159, 40, 8]",0,True,32,True,128,159,32,0,0,32,"[128, 40, 8]",1,40,False,9e12983f7b0c36eb5311,"0,1",expected_aligned_shape,Qwen/Qwen3.6-35B-A3B-FP8,ok,32,127,254,189,0.7440944881889764,254,238,0.937007874015748,75,0.5905511811023622,0.9860017497812774,250.44444444444446,0.9921259842519685,252.0,Qwen/Qwen3.6-35B-A3B-FP8
chat,2,127,8,2032,same_model,1856,0.9133858267716536,176,0.08661417322834646,167,True,127,128,40,40,0,"[167, 40, 8]",0,True,40,True,128,167,40,0,0,40,"[128, 40, 8]",1,40,False,9e2e70e523e9c354fe93,"0,1",expected_aligned_shape,Qwen/Qwen3.6-35B-A3B-FP8,ok,32,127,254,170,0.6692913385826772,254,230,0.905511811023622,61,0.48031496062992124,0.9790026246719161,248.66666666666666,0.9881889763779528,251.0,Qwen/Qwen3.6-35B-A3B-FP8
short_qa,2,127,8,2032,same_model,1908,0.9389763779527559,124,0.0610236220472441,166,True,127,128,39,39,0,"[166, 40, 8]",0,True,39,True,128,166,39,0,0,39,"[128, 40, 8]",1,40,False,9e51bbcb1de85a3769a5,"0,1",expected_aligned_shape,Qwen/Qwen3.6-35B-A3B-FP8,ok,32,127,254,194,0.7637795275590551,254,240,0.9448818897637795,73,0.5748031496062992,0.9870516185476815,250.7111111111111,0.9926181102362205,252.125,Qwen/Qwen3.6-35B-A3B-FP8
logs,2,127,8,2032,same_model,1863,0.9168307086614174,169,0.08316929133858268,159,True,127,128,32,32,0,"[159, 40, 8]",0,True,32,True,128,159,32,0,0,32,"[128, 40, 8]",1,40,False,9e57e7c149c2525e0d02,"0,1",expected_aligned_shape,Qwen/Qwen3.6-35B-A3B-FP8,ok,32,127,254,175,0.6889763779527559,254,232,0.9133858267716536,61,0.48031496062992124,0.9807524059492563,249.11111111111111,0.9891732283464567,251.25,Qwen/Qwen3.6-35B-A3B-FP8
needle,2,127,8,2032,same_model,1863,0.9168307086614174,169,0.08316929133858268,159,True,127,128,32,32,0,"[159, 40, 8]",0,True,32,True,128,159,32,0,0,32,"[128, 40, 8]",1,40,False,9e91e83c475e55620bed,"0,1",expected_aligned_shape,Qwen/Qwen3.6-35B-A3B-FP8,ok,32,127,254,176,0.6929133858267716,254,237,0.9330708661417323,61,0.48031496062992124,0.9851268591426072,250.22222222222223,0.9916338582677166,251.875,Qwen/Qwen3.6-35B-A3B-FP8
low_margin,2,127,8,2032,same_model,1878,0.9242125984251969,154,0.07578740157480315,167,True,127,128,40,40,0,"[167, 40, 8]",0,True,40,True,128,167,40,0,0,40,"[128, 40, 8]",1,40,False,9ecd0e9fec1ac918ebde,"0,1",expected_aligned_shape,Qwen/Qwen3.6-35B-A3B-FP8,ok,32,127,254,179,0.7047244094488189,254,240,0.9448818897637795,61,0.48031496062992124,0.9877515310586178,250.88888888888889,0.9931102362204725,252.25,Qwen/Qwen3.6-35B-A3B-FP8
logs,2,127,8,2032,same_model,1864,0.9173228346456693,168,0.08267716535433071,159,True,127,128,32,32,0,"[159, 40, 8]",0,True,32,True,128,159,32,0,0,32,"[128, 40, 8]",1,40,False,9f22b2d409a204396384,"0,1",expected_aligned_shape,Qwen/Qwen3.6-35B-A3B-FP8,ok,32,127,254,182,0.7165354330708661,254,242,0.952755905511811,66,0.5196850393700787,0.989501312335958,251.33333333333334,0.9940944881889764,252.5,Qwen/Qwen3.6-35B-A3B-FP8
code,2,127,8,2032,same_model,1888,0.9291338582677166,144,0.07086614173228346,159,True,127,128,32,32,0,"[159, 40, 8]",0,True,32,True,128,159,32,0,0,32,"[128, 40, 8]",1,40,False,9f7c3794d470a93e2b55,"0,1",expected_aligned_shape,Qwen/Qwen3.6-35B-A3B-FP8,ok,32,127,254,184,0.7244094488188977,254,235,0.9251968503937008,67,0.5275590551181102,0.983377077865267,249.77777777777777,0.9906496062992126,251.625,Qwen/Qwen3.6-35B-A3B-FP8
json_structured,2,127,8,2032,same_model,1921,0.9453740157480315,111,0.054625984251968504,159,True,127,128,32,32,0,"[159, 40, 8]",0,True,32,True,128,159,32,0,0,32,"[128, 40, 8]",1,40,False,9fe5ec46337e59f8a266,"0,1",expected_aligned_shape,Qwen/Qwen3.6-35B-A3B-FP8,ok,32,127,254,196,0.7716535433070866,254,239,0.9409448818897638,75,0.5905511811023622,0.9868766404199475,250.66666666666666,0.9926181102362205,252.125,Qwen/Qwen3.6-35B-A3B-FP8
code,2,127,8,2032,same_model,1868,0.9192913385826772,164,0.08070866141732283,166,True,127,128,39,39,0,"[166, 40, 8]",0,True,39,True,128,166,39,0,0,39,"[128, 40, 8]",1,40,False,a0318b7ae7b1f1b1216e,"0,1",expected_aligned_shape,Qwen/Qwen3.6-35B-A3B-FP8,ok,32,127,254,177,0.6968503937007874,254,239,0.9409448818897638,62,0.4881889763779528,0.9868766404199475,250.66666666666666,0.9926181102362205,252.125,Qwen/Qwen3.6-35B-A3B-FP8
chat,2,127,8,2032,same_model,1908,0.9389763779527559,124,0.0610236220472441,159,True,127,128,32,32,0,"[159, 40, 8]",0,True,32,True,128,159,32,0,0,32,"[128, 40, 8]",1,40,False,a0908cbd942c7afba57f,"0,1",expected_aligned_shape,Qwen/Qwen3.6-35B-A3B-FP8,ok,32,127,254,191,0.7519685039370079,254,237,0.9330708661417323,71,0.5590551181102362,0.9851268591426072,250.22222222222223,0.9916338582677166,251.875,Qwen/Qwen3.6-35B-A3B-FP8
low_margin,2,127,8,2032,same_model,1895,0.9325787401574803,137,0.06742125984251969,167,True,127,128,40,40,0,"[167, 40, 8]",0,True,40,True,128,167,40,0,0,40,"[128, 40, 8]",1,40,False,a0af2e54f7e8536888b7,"0,1",expected_aligned_shape,Qwen/Qwen3.6-35B-A3B-FP8,ok,32,127,254,190,0.7480314960629921,254,237,0.9330708661417323,70,0.5511811023622047,0.9851268591426072,250.22222222222223,0.9916338582677166,251.875,Qwen/Qwen3.6-35B-A3B-FP8
mixed_language,2,90,8,1440,same_model,1354,0.9402777777777778,86,0.059722222222222225,122,True,90,91,32,32,0,"[122, 40, 8]",0,True,32,True,91,122,32,0,0,32,"[91, 40, 8]",1,40,False,a0ef74c9f5c4cdfb5339,"0,1",expected_aligned_shape,Qwen/Qwen3.6-35B-A3B-FP8,ok,32,90,180,137,0.7611111111111111,180,170,0.9444444444444444,53,0.5888888888888889,0.9876543209876543,177.77777777777777,0.9930555555555556,178.75,Qwen/Qwen3.6-35B-A3B-FP8
code,2,127,8,2032,same_model,1866,0.9183070866141733,166,0.08169291338582677,166,True,127,128,39,39,0,"[166, 40, 8]",0,True,39,True,128,166,39,0,0,39,"[128, 40, 8]",1,40,False,a22087cc4b0a48639766,"0,1",expected_aligned_shape,Qwen/Qwen3.6-35B-A3B-FP8,ok,32,127,254,180,0.7086614173228346,254,239,0.9409448818897638,63,0.49606299212598426,0.9868766404199476,250.66666666666666,0.9926181102362205,252.125,Qwen/Qwen3.6-35B-A3B-FP8
code,2,127,8,2032,same_model,1890,0.9301181102362205,142,0.06988188976377953,159,True,127,128,32,32,0,"[159, 40, 8]",0,True,32,True,128,159,32,0,0,32,"[128, 40, 8]",1,40,False,a2cb8e5fe9bfcdf09c2e,"0,1",expected_aligned_shape,Qwen/Qwen3.6-35B-A3B-FP8,ok,32,127,254,184,0.7244094488188977,254,237,0.9330708661417323,70,0.5511811023622047,0.9851268591426072,250.22222222222223,0.9916338582677166,251.875,Qwen/Qwen3.6-35B-A3B-FP8
chat,2,127,8,2032,same_model,1901,0.9355314960629921,131,0.06446850393700787,159,True,127,128,32,32,0,"[159, 40, 8]",0,True,32,True,128,159,32,0,0,32,"[128, 40, 8]",1,40,False,a2fc1379dfee4e2b71bb,"0,1",expected_aligned_shape,Qwen/Qwen3.6-35B-A3B-FP8,ok,32,127,254,191,0.7519685039370079,254,242,0.952755905511811,68,0.5354330708661418,0.989501312335958,251.33333333333334,0.9940944881889764,252.5,Qwen/Qwen3.6-35B-A3B-FP8
math_numeric,2,127,8,2032,same_model,1833,0.9020669291338582,199,0.09793307086614174,159,True,127,128,32,32,0,"[159, 40, 8]",0,True,32,True,128,159,32,0,0,32,"[128, 40, 8]",1,40,False,a2fc55a2e666bdc1eaec,"0,1",expected_aligned_shape,Qwen/Qwen3.6-35B-A3B-FP8,ok,32,127,254,170,0.6692913385826772,254,223,0.8779527559055118,61,0.48031496062992124,0.9728783902012249,247.11111111111111,0.984744094488189,250.125,Qwen/Qwen3.6-35B-A3B-FP8
chat,2,127,8,2032,same_model,1886,0.9281496062992126,146,0.0718503937007874,167,True,127,128,40,40,0,"[167, 40, 8]",0,True,40,True,128,167,40,0,0,40,"[128, 40, 8]",1,40,False,a301ba74b17f06f7166b,"0,1",expected_aligned_shape,Qwen/Qwen3.6-35B-A3B-FP8,ok,32,127,254,186,0.7322834645669292,254,234,0.9212598425196851,68,0.5354330708661418,0.9825021872265967,249.55555555555554,0.9901574803149606,251.5,Qwen/Qwen3.6-35B-A3B-FP8
mixed_language,2,101,8,1616,same_model,1521,0.9412128712871287,95,0.058787128712871284,133,True,101,102,32,32,0,"[133, 40, 8]",0,True,32,True,102,133,32,0,0,32,"[102, 40, 8]",1,40,False,a349a39549bc82697949,"0,1",expected_aligned_shape,Qwen/Qwen3.6-35B-A3B-FP8,ok,32,101,202,154,0.7623762376237624,202,184,0.9108910891089109,61,0.6039603960396039,0.9801980198019803,198.0,0.9888613861386139,199.75,Qwen/Qwen3.6-35B-A3B-FP8
json_structured,2,127,8,2032,same_model,1907,0.9384842519685039,125,0.061515748031496065,159,True,127,128,32,32,0,"[159, 40, 8]",0,True,32,True,128,159,32,0,0,32,"[128, 40, 8]",1,40,False,a39af40725e29a05b750,"0,1",expected_aligned_shape,Qwen/Qwen3.6-35B-A3B-FP8,ok,32,127,254,190,0.7480314960629921,254,241,0.9488188976377953,74,0.5826771653543307,0.988626421697288,251.11111111111111,0.9936023622047244,252.375,Qwen/Qwen3.6-35B-A3B-FP8
code,2,127,8,2032,same_model,1900,0.9350393700787402,132,0.06496062992125984,159,True,127,128,32,32,0,"[159, 40, 8]",0,True,32,True,128,159,32,0,0,32,"[128, 40, 8]",1,40,False,a3b49ca38174e5ad8261,"0,1",expected_aligned_shape,Qwen/Qwen3.6-35B-A3B-FP8,ok,32,127,254,188,0.7401574803149606,254,238,0.937007874015748,70,0.5511811023622047,0.9860017497812774,250.44444444444446,0.9921259842519685,252.0,Qwen/Qwen3.6-35B-A3B-FP8
math_numeric,2,127,8,2032,same_model,1877,0.9237204724409449,155,0.07627952755905512,159,True,127,128,32,32,0,"[159, 40, 8]",0,True,32,True,128,159,32,0,0,32,"[128, 40, 8]",1,40,False,a3f30b6155a3246d4bfa,"0,1",expected_aligned_shape,Qwen/Qwen3.6-35B-A3B-FP8,ok,32,127,254,181,0.7125984251968503,254,234,0.9212598425196851,65,0.5118110236220472,0.9825021872265968,249.55555555555554,0.9901574803149606,251.5,Qwen/Qwen3.6-35B-A3B-FP8
summarization,2,127,8,2032,same_model,1860,0.9153543307086615,172,0.08464566929133858,163,True,127,128,36,36,0,"[163, 40, 8]",0,True,36,True,128,163,36,0,0,36,"[128, 40, 8]",1,40,False,a4a385417bb8a30907ef,"0,1",expected_aligned_shape,Qwen/Qwen3.6-35B-A3B-FP8,ok,32,127,254,172,0.6771653543307087,254,231,0.9094488188976378,59,0.4645669291338583,0.9798775153105862,248.88888888888889,0.9886811023622047,251.125,Qwen/Qwen3.6-35B-A3B-FP8
logs,2,127,8,2032,same_model,1872,0.9212598425196851,160,0.07874015748031496,159,True,127,128,32,32,0,"[159, 40, 8]",0,True,32,True,128,159,32,0,0,32,"[128, 40, 8]",1,40,False,a4db91c77b740cc24343,"0,1",expected_aligned_shape,Qwen/Qwen3.6-35B-A3B-FP8,ok,32,127,254,176,0.6929133858267716,254,233,0.9173228346456693,62,0.4881889763779528,0.9816272965879265,249.33333333333334,0.9896653543307087,251.375,Qwen/Qwen3.6-35B-A3B-FP8
code,2,127,8,2032,same_model,1881,0.9256889763779528,151,0.07431102362204725,159,True,127,128,32,32,0,"[159, 40, 8]",0,True,32,True,128,159,32,0,0,32,"[128, 40, 8]",1,40,False,a5273b224ec8272a018b,"0,1",expected_aligned_shape,Qwen/Qwen3.6-35B-A3B-FP8,ok,32,127,254,186,0.7322834645669292,254,237,0.9330708661417323,69,0.5433070866141733,0.9851268591426072,250.22222222222223,0.9916338582677166,251.875,Qwen/Qwen3.6-35B-A3B-FP8
code,2,127,8,2032,same_model,1871,0.9207677165354331,161,0.07923228346456693,159,True,127,128,32,32,0,"[159, 40, 8]",0,True,32,True,128,159,32,0,0,32,"[128, 40, 8]",1,40,False,a541a60b3bd352716986,"0,1",expected_aligned_shape,Qwen/Qwen3.6-35B-A3B-FP8,ok,32,127,254,176,0.6929133858267716,254,225,0.8858267716535433,64,0.5039370078740157,0.9746281714785653,247.55555555555554,0.9857283464566929,250.375,Qwen/Qwen3.6-35B-A3B-FP8
json_structured,2,127,8,2032,same_model,1903,0.9365157480314961,129,0.06348425196850394,159,True,127,128,32,32,0,"[159, 40, 8]",0,True,32,True,128,159,32,0,0,32,"[128, 40, 8]",1,40,False,a59ebc54a55e378aa2ad,"0,1",expected_aligned_shape,Qwen/Qwen3.6-35B-A3B-FP8,ok,32,127,254,191,0.7519685039370079,254,235,0.9251968503937008,73,0.5748031496062992,0.9833770778652668,249.77777777777777,0.9906496062992126,251.625,Qwen/Qwen3.6-35B-A3B-FP8
low_margin,2,127,8,2032,same_model,1898,0.9340551181102362,134,0.06594488188976377,167,True,127,128,40,40,0,"[167, 40, 8]",0,True,40,True,128,167,40,0,0,40,"[128, 40, 8]",1,40,False,a5da9a819c4235a14b9c,"0,1",expected_aligned_shape,Qwen/Qwen3.6-35B-A3B-FP8,ok,32,127,254,189,0.7440944881889764,254,239,0.9409448818897638,69,0.5433070866141733,0.9868766404199476,250.66666666666666,0.9926181102362205,252.125,Qwen/Qwen3.6-35B-A3B-FP8
low_margin,2,127,8,2032,same_model,1907,0.9384842519685039,125,0.061515748031496065,167,True,127,128,40,40,0,"[167, 40, 8]",0,True,40,True,128,167,40,0,0,40,"[128, 40, 8]",1,40,False,a604cfcaefe73c13eeda,"0,1",expected_aligned_shape,Qwen/Qwen3.6-35B-A3B-FP8,ok,32,127,254,191,0.7519685039370079,254,239,0.9409448818897638,70,0.5511811023622047,0.9868766404199476,250.66666666666666,0.9926181102362205,252.125,Qwen/Qwen3.6-35B-A3B-FP8
needle,2,127,8,2032,same_model,1852,0.9114173228346457,180,0.08858267716535433,159,True,127,128,32,32,0,"[159, 40, 8]",0,True,32,True,128,159,32,0,0,32,"[128, 40, 8]",1,40,False,a61c802f4832f8e1b709,"0,1",expected_aligned_shape,Qwen/Qwen3.6-35B-A3B-FP8,ok,32,127,254,169,0.6653543307086615,254,232,0.9133858267716536,58,0.4566929133858268,0.9807524059492564,249.11111111111111,0.9891732283464567,251.25,Qwen/Qwen3.6-35B-A3B-FP8
summarization,2,127,8,2032,same_model,1903,0.9365157480314961,129,0.06348425196850394,167,True,127,128,40,40,0,"[167, 40, 8]",0,True,40,True,128,167,40,0,0,40,"[128, 40, 8]",1,40,False,a63b08eee0a4879e6c5e,"0,1",expected_aligned_shape,Qwen/Qwen3.6-35B-A3B-FP8,ok,32,127,254,194,0.7637795275590551,254,234,0.9212598425196851,73,0.5748031496062992,0.9825021872265967,249.55555555555554,0.9901574803149606,251.5,Qwen/Qwen3.6-35B-A3B-FP8
code,2,127,8,2032,same_model,1849,0.9099409448818898,183,0.09005905511811024,166,True,127,128,39,39,0,"[166, 40, 8]",0,True,39,True,128,166,39,0,0,39,"[128, 40, 8]",1,40,False,a6b8dd0077c6e10115d2,"0,1",expected_aligned_shape,Qwen/Qwen3.6-35B-A3B-FP8,ok,32,127,254,172,0.6771653543307087,254,235,0.9251968503937008,55,0.4330708661417323,0.9826771653543307,249.6,0.9901574803149606,251.5,Qwen/Qwen3.6-35B-A3B-FP8
mixed_language,2,127,8,2032,same_model,1856,0.9133858267716536,176,0.08661417322834646,159,True,127,128,32,32,0,"[159, 40, 8]",0,True,32,True,128,159,32,0,0,32,"[128, 40, 8]",1,40,False,a6c99c53dd3c996670c0,"0,1",expected_aligned_shape,Qwen/Qwen3.6-35B-A3B-FP8,ok,32,127,254,169,0.6653543307086615,254,225,0.8858267716535433,58,0.4566929133858268,0.9739282589676291,247.37777777777777,0.985236220472441,250.25,Qwen/Qwen3.6-35B-A3B-FP8
chat,2,127,8,2032,same_model,1882,0.9261811023622047,150,0.07381889763779527,159,True,127,128,32,32,0,"[159, 40, 8]",0,True,32,True,128,159,32,0,0,32,"[128, 40, 8]",1,40,False,a6cdc566e89f6f5b0567,"0,1",expected_aligned_shape,Qwen/Qwen3.6-35B-A3B-FP8,ok,32,127,254,181,0.7125984251968503,254,228,0.8976377952755905,61,0.48031496062992124,0.9772528433945757,248.22222222222223,0.9872047244094488,250.75,Qwen/Qwen3.6-35B-A3B-FP8
code,2,127,8,2032,same_model,1891,0.9306102362204725,141,0.06938976377952756,159,True,127,128,32,32,0,"[159, 40, 8]",0,True,32,True,128,159,32,0,0,32,"[128, 40, 8]",1,40,False,a6dd8f19ff8afb2e9f17,"0,1",expected_aligned_shape,Qwen/Qwen3.6-35B-A3B-FP8,ok,32,127,254,184,0.7244094488188977,254,234,0.9212598425196851,62,0.4881889763779528,0.9825021872265968,249.55555555555554,0.9901574803149606,251.5,Qwen/Qwen3.6-35B-A3B-FP8
short_qa,2,127,8,2032,same_model,1911,0.9404527559055118,121,0.05954724409448819,159,True,127,128,32,32,0,"[159, 40, 8]",0,True,32,True,128,159,32,0,0,32,"[128, 40, 8]",1,40,False,a71c96284f156c2f0f10,"0,1",expected_aligned_shape,Qwen/Qwen3.6-35B-A3B-FP8,ok,32,127,254,192,0.7559055118110236,254,238,0.937007874015748,70,0.5511811023622047,0.9860017497812773,250.44444444444446,0.9921259842519685,252.0,Qwen/Qwen3.6-35B-A3B-FP8
needle,2,127,8,2032,same_model,1891,0.9306102362204725,141,0.06938976377952756,159,True,127,128,32,32,0,"[159, 40, 8]",0,True,32,True,128,159,32,0,0,32,"[128, 40, 8]",1,40,False,a7306ab46e7f4d6174b9,"0,1",expected_aligned_shape,Qwen/Qwen3.6-35B-A3B-FP8,ok,32,127,254,185,0.7283464566929134,254,236,0.9291338582677166,67,0.5275590551181102,0.984251968503937,250.0,0.9911417322834646,251.75,Qwen/Qwen3.6-35B-A3B-FP8
short_qa,2,127,8,2032,same_model,1912,0.9409448818897638,120,0.05905511811023622,159,True,127,128,32,32,0,"[159, 40, 8]",0,True,32,True,128,159,32,0,0,32,"[128, 40, 8]",1,40,False,a746429d7594c84024a1,"0,1",expected_aligned_shape,Qwen/Qwen3.6-35B-A3B-FP8,ok,32,127,254,199,0.7834645669291339,254,243,0.9566929133858267,76,0.5984251968503937,0.9903762029746283,251.55555555555554,0.9945866141732284,252.625,Qwen/Qwen3.6-35B-A3B-FP8
mixed_language,2,91,8,1456,same_model,1350,0.9271978021978022,106,0.07280219780219781,123,True,91,92,32,32,0,"[123, 40, 8]",0,True,32,True,92,123,32,0,0,32,"[92, 40, 8]",1,40,False,a77a3b4960047bfde489,"0,1",expected_aligned_shape,Qwen/Qwen3.6-35B-A3B-FP8,ok,32,91,182,134,0.7362637362637363,182,172,0.945054945054945,46,0.5054945054945055,0.9877899877899879,179.77777777777777,0.9931318681318682,180.75,Qwen/Qwen3.6-35B-A3B-FP8
summarization,2,127,8,2032,same_model,1893,0.9315944881889764,139,0.06840551181102363,163,True,127,128,36,36,0,"[163, 40, 8]",0,True,36,True,128,163,36,0,0,36,"[128, 40, 8]",1,40,False,a79d54014aaa9464b718,"0,1",expected_aligned_shape,Qwen/Qwen3.6-35B-A3B-FP8,ok,32,127,254,189,0.7440944881889764,254,236,0.9291338582677166,66,0.5196850393700787,0.9835520559930009,249.82222222222222,0.9906496062992126,251.625,Qwen/Qwen3.6-35B-A3B-FP8
chat,2,127,8,2032,same_model,1899,0.9345472440944882,133,0.0654527559055118,159,True,127,128,32,32,0,"[159, 40, 8]",0,True,32,True,128,159,32,0,0,32,"[128, 40, 8]",1,40,False,a7a6733ca7f4b8aaaf17,"0,1",expected_aligned_shape,Qwen/Qwen3.6-35B-A3B-FP8,ok,32,127,254,192,0.7559055118110236,254,237,0.9330708661417323,70,0.5511811023622047,0.9851268591426072,250.22222222222223,0.9916338582677166,251.875,Qwen/Qwen3.6-35B-A3B-FP8
chat,2,127,8,2032,same_model,1880,0.9251968503937008,152,0.07480314960629922,167,True,127,128,40,40,0,"[167, 40, 8]",0,True,40,True,128,167,40,0,0,40,"[128, 40, 8]",1,40,False,a7f38dbbef53c4ea7814,"0,1",expected_aligned_shape,Qwen/Qwen3.6-35B-A3B-FP8,ok,32,127,254,179,0.7047244094488189,254,235,0.9251968503937008,62,0.4881889763779528,0.9833770778652668,249.77777777777777,0.9906496062992126,251.625,Qwen/Qwen3.6-35B-A3B-FP8
mixed_language,2,127,8,2032,same_model,1893,0.9315944881889764,139,0.06840551181102363,159,True,127,128,32,32,0,"[159, 40, 8]",0,True,32,True,128,159,32,0,0,32,"[128, 40, 8]",1,40,False,a8177d41ca048a2921d2,"0,1",expected_aligned_shape,Qwen/Qwen3.6-35B-A3B-FP8,ok,32,127,254,195,0.7677165354330708,254,236,0.9291338582677166,73,0.5748031496062992,0.984251968503937,250.0,0.9911417322834646,251.75,Qwen/Qwen3.6-35B-A3B-FP8
logs,2,127,8,2032,same_model,1819,0.8951771653543307,213,0.10482283464566929,159,True,127,128,32,32,0,"[159, 40, 8]",0,True,32,True,128,159,32,0,0,32,"[128, 40, 8]",1,40,False,a85c4f73e999509259af,"0,1",expected_aligned_shape,Qwen/Qwen3.6-35B-A3B-FP8,ok,32,127,254,162,0.6377952755905512,254,222,0.8740157480314961,53,0.41732283464566927,0.9713035870516186,246.7111111111111,0.9837598425196851,249.875,Qwen/Qwen3.6-35B-A3B-FP8
summarization,2,127,8,2032,same_model,1926,0.9478346456692913,106,0.05216535433070866,167,True,127,128,40,40,0,"[167, 40, 8]",0,True,40,True,128,167,40,0,0,40,"[128, 40, 8]",1,40,False,a8647af1539d81940692,"0,1",expected_aligned_shape,Qwen/Qwen3.6-35B-A3B-FP8,ok,32,127,254,197,0.7755905511811023,254,233,0.9173228346456693,75,0.5905511811023622,0.9816272965879266,249.33333333333334,0.9896653543307087,251.375,Qwen/Qwen3.6-35B-A3B-FP8
summarization,2,127,8,2032,same_model,1917,0.9434055118110236,115,0.056594488188976375,163,True,127,128,36,36,0,"[163, 40, 8]",0,True,36,True,128,163,36,0,0,36,"[128, 40, 8]",1,40,False,a8fef6811c042a3e5b99,"0,1",expected_aligned_shape,Qwen/Qwen3.6-35B-A3B-FP8,ok,32,127,254,196,0.7716535433070866,254,238,0.937007874015748,77,0.6062992125984252,0.9860017497812774,250.44444444444446,0.9921259842519685,252.0,Qwen/Qwen3.6-35B-A3B-FP8
low_margin,2,127,8,2032,same_model,1887,0.9286417322834646,145,0.07135826771653543,167,True,127,128,40,40,0,"[167, 40, 8]",0,True,40,True,128,167,40,0,0,40,"[128, 40, 8]",1,40,False,a90716353921ef94ee3b,"0,1",expected_aligned_shape,Qwen/Qwen3.6-35B-A3B-FP8,ok,32,127,254,188,0.7401574803149606,254,243,0.9566929133858267,66,0.5196850393700787,0.9903762029746281,251.55555555555554,0.9945866141732284,252.625,Qwen/Qwen3.6-35B-A3B-FP8
summarization,2,127,8,2032,same_model,1900,0.9350393700787402,132,0.06496062992125984,167,True,127,128,40,40,0,"[167, 40, 8]",0,True,40,True,128,167,40,0,0,40,"[128, 40, 8]",1,40,False,a93c5d160c771c7f2ddf,"0,1",expected_aligned_shape,Qwen/Qwen3.6-35B-A3B-FP8,ok,32,127,254,184,0.7244094488188977,254,233,0.9173228346456693,67,0.5275590551181102,0.9816272965879266,249.33333333333334,0.9896653543307087,251.375,Qwen/Qwen3.6-35B-A3B-FP8
low_margin,2,127,8,2032,same_model,1880,0.9251968503937008,152,0.07480314960629922,167,True,127,128,40,40,0,"[167, 40, 8]",0,True,40,True,128,167,40,0,0,40,"[128, 40, 8]",1,40,False,a93ef0f8c34edb643ab0,"0,1",expected_aligned_shape,Qwen/Qwen3.6-35B-A3B-FP8,ok,32,127,254,191,0.7519685039370079,254,233,0.9173228346456693,71,0.5590551181102362,0.9816272965879266,249.33333333333334,0.9896653543307087,251.375,Qwen/Qwen3.6-35B-A3B-FP8
json_structured,2,127,8,2032,same_model,1845,0.9079724409448819,187,0.09202755905511811,159,True,127,128,32,32,0,"[159, 40, 8]",0,True,32,True,128,159,32,0,0,32,"[128, 40, 8]",1,40,False,a95c10308006ff1bd6e7,"0,1",expected_aligned_shape,Qwen/Qwen3.6-35B-A3B-FP8,ok,32,127,254,172,0.6771653543307087,254,230,0.905511811023622,58,0.4566929133858268,0.979002624671916,248.66666666666666,0.9881889763779528,251.0,Qwen/Qwen3.6-35B-A3B-FP8
summarization,2,127,8,2032,same_model,1901,0.9355314960629921,131,0.06446850393700787,167,True,127,128,40,40,0,"[167, 40, 8]",0,True,40,True,128,167,40,0,0,40,"[128, 40, 8]",1,40,False,a96a34c6910a3b7fd989,"0,1",expected_aligned_shape,Qwen/Qwen3.6-35B-A3B-FP8,ok,32,127,254,192,0.7559055118110236,254,243,0.9566929133858267,73,0.5748031496062992,0.9903762029746283,251.55555555555554,0.9945866141732284,252.625,Qwen/Qwen3.6-35B-A3B-FP8
mixed_language,2,127,8,2032,same_model,1858,0.9143700787401575,174,0.08562992125984252,159,True,127,128,32,32,0,"[159, 40, 8]",0,True,32,True,128,159,32,0,0,32,"[128, 40, 8]",1,40,False,a9a82339f6906ae005a2,"0,1",expected_aligned_shape,Qwen/Qwen3.6-35B-A3B-FP8,ok,32,127,254,170,0.6692913385826772,254,231,0.9094488188976378,56,0.4409448818897638,0.9798775153105863,248.88888888888889,0.9886811023622047,251.125,Qwen/Qwen3.6-35B-A3B-FP8
math_numeric,2,127,8,2032,same_model,1844,0.90748031496063,188,0.09251968503937008,159,True,127,128,32,32,0,"[159, 40, 8]",0,True,32,True,128,159,32,0,0,32,"[128, 40, 8]",1,40,False,aa261b4a6e6449f298d0,"0,1",expected_aligned_shape,Qwen/Qwen3.6-35B-A3B-FP8,ok,32,127,254,171,0.6732283464566929,254,227,0.8937007874015748,57,0.44881889763779526,0.9763779527559056,248.0,0.9867125984251969,250.625,Qwen/Qwen3.6-35B-A3B-FP8
logs,2,109,8,1744,same_model,1612,0.9243119266055045,132,0.07568807339449542,141,True,109,110,32,32,0,"[141, 40, 8]",0,True,32,True,110,141,32,0,0,32,"[110, 40, 8]",1,40,False,aa3d4fec3562da72aa6a,"0,1",expected_aligned_shape,Qwen/Qwen3.6-35B-A3B-FP8,ok,32,109,218,153,0.7018348623853211,218,201,0.9220183486238532,52,0.47706422018348627,0.9826707441386341,214.22222222222223,0.9902522935779816,215.875,Qwen/Qwen3.6-35B-A3B-FP8
summarization,2,127,8,2032,same_model,1869,0.9197834645669292,163,0.08021653543307086,159,True,127,128,32,32,0,"[159, 40, 8]",0,True,32,True,128,159,32,0,0,32,"[128, 40, 8]",1,40,False,aacb92ed3f6e60fd9d5f,"0,1",expected_aligned_shape,Qwen/Qwen3.6-35B-A3B-FP8,ok,32,127,254,175,0.6889763779527559,254,240,0.9448818897637795,59,0.4645669291338583,0.9877515310586177,250.88888888888889,0.9931102362204725,252.25,Qwen/Qwen3.6-35B-A3B-FP8
code,2,127,8,2032,same_model,1865,0.9178149606299213,167,0.08218503937007875,159,True,127,128,32,32,0,"[159, 40, 8]",0,True,32,True,128,159,32,0,0,32,"[128, 40, 8]",1,40,False,aadd28b4886c5dbaa3d8,"0,1",expected_aligned_shape,Qwen/Qwen3.6-35B-A3B-FP8,ok,32,127,254,174,0.6850393700787402,254,231,0.9094488188976378,58,0.4566929133858268,0.9798775153105863,248.88888888888889,0.9886811023622047,251.125,Qwen/Qwen3.6-35B-A3B-FP8
needle,2,127,8,2032,same_model,1895,0.9325787401574803,137,0.06742125984251969,159,True,127,128,32,32,0,"[159, 40, 8]",0,True,32,True,128,159,32,0,0,32,"[128, 40, 8]",1,40,False,ab089e8514a0ce55fb66,"0,1",expected_aligned_shape,Qwen/Qwen3.6-35B-A3B-FP8,ok,32,127,254,189,0.7440944881889764,254,233,0.9173228346456693,70,0.5511811023622047,0.9816272965879266,249.33333333333334,0.9896653543307087,251.375,Qwen/Qwen3.6-35B-A3B-FP8
low_margin,2,127,8,2032,same_model,1904,0.937007874015748,128,0.06299212598425197,167,True,127,128,40,40,0,"[167, 40, 8]",0,True,40,True,128,167,40,0,0,40,"[128, 40, 8]",1,40,False,ab7dbeb8eba4ca95e6d6,"0,1",expected_aligned_shape,Qwen/Qwen3.6-35B-A3B-FP8,ok,32,127,254,191,0.7519685039370079,254,239,0.9409448818897638,71,0.5590551181102362,0.9868766404199475,250.66666666666666,0.9926181102362205,252.125,Qwen/Qwen3.6-35B-A3B-FP8
logs,2,16,8,256,same_model,243,0.94921875,13,0.05078125,48,True,16,17,32,32,0,"[48, 40, 8]",0,True,32,True,17,48,32,0,0,32,"[17, 40, 8]",1,40,False,abd1e5548284e0ba471e,"0,1",expected_aligned_shape,Qwen/Qwen3.6-35B-A3B-FP8,ok,32,16,32,25,0.78125,32,30,0.9375,9,0.5625,0.9861111111111112,31.555555555555557,0.9921875,31.75,Qwen/Qwen3.6-35B-A3B-FP8
json_structured,2,127,8,2032,same_model,1863,0.9168307086614174,169,0.08316929133858268,159,True,127,128,32,32,0,"[159, 40, 8]",0,True,32,True,128,159,32,0,0,32,"[128, 40, 8]",1,40,False,abf43694b67ef6c882b3,"0,1",expected_aligned_shape,Qwen/Qwen3.6-35B-A3B-FP8,ok,32,127,254,174,0.6850393700787402,254,232,0.9133858267716536,64,0.5039370078740157,0.9807524059492564,249.11111111111111,0.9891732283464567,251.25,Qwen/Qwen3.6-35B-A3B-FP8
math_numeric,2,127,8,2032,same_model,1847,0.9089566929133859,185,0.09104330708661418,159,True,127,128,32,32,0,"[159, 40, 8]",0,True,32,True,128,159,32,0,0,32,"[128, 40, 8]",1,40,False,ac1f922ed790b98b82b7,"0,1",expected_aligned_shape,Qwen/Qwen3.6-35B-A3B-FP8,ok,32,127,254,170,0.6692913385826772,254,236,0.9291338582677166,58,0.4566929133858268,0.9835520559930009,249.82222222222222,0.9906496062992126,251.625,Qwen/Qwen3.6-35B-A3B-FP8
needle,2,127,8,2032,same_model,1913,0.9414370078740157,119,0.05856299212598425,159,True,127,128,32,32,0,"[159, 40, 8]",0,True,32,True,128,159,32,0,0,32,"[128, 40, 8]",1,40,False,ac33f9d05160a51d246b,"0,1",expected_aligned_shape,Qwen/Qwen3.6-35B-A3B-FP8,ok,32,127,254,194,0.7637795275590551,254,238,0.937007874015748,74,0.5826771653543307,0.9860017497812774,250.44444444444446,0.9921259842519685,252.0,Qwen/Qwen3.6-35B-A3B-FP8
summarization,2,127,8,2032,same_model,1912,0.9409448818897638,120,0.05905511811023622,163,True,127,128,36,36,0,"[163, 40, 8]",0,True,36,True,128,163,36,0,0,36,"[128, 40, 8]",1,40,False,ac38bf1b34801bedfd6b,"0,1",expected_aligned_shape,Qwen/Qwen3.6-35B-A3B-FP8,ok,32,127,254,195,0.7677165354330708,254,243,0.9566929133858267,76,0.5984251968503937,0.9903762029746283,251.55555555555554,0.9945866141732284,252.625,Qwen/Qwen3.6-35B-A3B-FP8
json_structured,2,127,8,2032,same_model,1865,0.9178149606299213,167,0.08218503937007875,159,True,127,128,32,32,0,"[159, 40, 8]",0,True,32,True,128,159,32,0,0,32,"[128, 40, 8]",1,40,False,ad325d58a6b06e8a8fda,"0,1",expected_aligned_shape,Qwen/Qwen3.6-35B-A3B-FP8,ok,32,127,254,174,0.6850393700787402,254,229,0.9015748031496063,57,0.44881889763779526,0.9781277340332459,248.44444444444446,0.9876968503937008,250.875,Qwen/Qwen3.6-35B-A3B-FP8
mixed_language,2,127,8,2032,same_model,1863,0.9168307086614174,169,0.08316929133858268,159,True,127,128,32,32,0,"[159, 40, 8]",0,True,32,True,128,159,32,0,0,32,"[128, 40, 8]",1,40,False,ade10a397e45b8d14a5f,"0,1",expected_aligned_shape,Qwen/Qwen3.6-35B-A3B-FP8,ok,32,127,254,171,0.6732283464566929,254,221,0.8700787401574803,58,0.4566929133858268,0.9711286089238846,246.66666666666666,0.9837598425196851,249.875,Qwen/Qwen3.6-35B-A3B-FP8
logs,2,65,8,1040,same_model,964,0.926923076923077,76,0.07307692307692308,97,True,65,66,32,32,0,"[97, 40, 8]",0,True,32,True,66,97,32,0,0,32,"[66, 40, 8]",1,40,False,ae3339e3b7f858fb5ff5,"0,1",expected_aligned_shape,Qwen/Qwen3.6-35B-A3B-FP8,ok,32,65,130,91,0.7,130,119,0.9153846153846154,30,0.46153846153846156,0.9811965811965813,127.55555555555556,0.989423076923077,128.625,Qwen/Qwen3.6-35B-A3B-FP8
chat,2,127,8,2032,same_model,1921,0.9453740157480315,111,0.054625984251968504,159,True,127,128,32,32,0,"[159, 40, 8]",0,True,32,True,128,159,32,0,0,32,"[128, 40, 8]",1,40,False,ae76d8f1f70e1a22c2e0,"0,1",expected_aligned_shape,Qwen/Qwen3.6-35B-A3B-FP8,ok,32,127,254,201,0.7913385826771654,254,239,0.9409448818897638,80,0.6299212598425197,0.9868766404199475,250.66666666666666,0.9926181102362205,252.125,Qwen/Qwen3.6-35B-A3B-FP8
mixed_language,2,90,8,1440,same_model,1355,0.9409722222222222,85,0.059027777777777776,122,True,90,91,32,32,0,"[122, 40, 8]",0,True,32,True,91,122,32,0,0,32,"[91, 40, 8]",1,40,False,aea14acfc79450b0e99f,"0,1",expected_aligned_shape,Qwen/Qwen3.6-35B-A3B-FP8,ok,32,90,180,137,0.7611111111111111,180,166,0.9222222222222223,54,0.6,0.9827160493827162,176.88888888888889,0.9902777777777778,178.25,Qwen/Qwen3.6-35B-A3B-FP8
math_numeric,2,127,8,2032,same_model,1565,0.7701771653543307,467,0.2298228346456693,159,True,127,128,32,32,0,"[159, 40, 8]",0,True,32,True,128,159,32,0,0,32,"[128, 40, 8]",1,40,False,af53f4e1b8b71d383419,"0,1",expected_aligned_shape,Qwen/Qwen3.6-35B-A3B-FP8,ok,32,127,254,98,0.3858267716535433,254,225,0.8858267716535433,14,0.11023622047244094,0.9746281714785653,247.55555555555554,0.9857283464566929,250.375,Qwen/Qwen3.6-35B-A3B-FP8
math_numeric,2,127,8,2032,same_model,1880,0.9251968503937008,152,0.07480314960629922,159,True,127,128,32,32,0,"[159, 40, 8]",0,True,32,True,128,159,32,0,0,32,"[128, 40, 8]",1,40,False,afc743ef9a5874b2461d,"0,1",expected_aligned_shape,Qwen/Qwen3.6-35B-A3B-FP8,ok,32,127,254,182,0.7165354330708661,254,233,0.9173228346456693,67,0.5275590551181102,0.9816272965879266,249.33333333333334,0.9896653543307087,251.375,Qwen/Qwen3.6-35B-A3B-FP8
mixed_language,2,120,8,1920,same_model,1831,0.9536458333333333,89,0.04635416666666667,152,True,120,121,32,32,0,"[152, 40, 8]",0,True,32,True,121,152,32,0,0,32,"[121, 40, 8]",1,40,False,b034860f5bcabdf1a129,"0,1",expected_aligned_shape,Qwen/Qwen3.6-35B-A3B-FP8,ok,32,120,240,193,0.8041666666666667,240,227,0.9458333333333333,77,0.6416666666666667,0.987962962962963,237.11111111111111,0.9932291666666667,238.375,Qwen/Qwen3.6-35B-A3B-FP8
logs,2,127,8,2032,same_model,1865,0.9178149606299213,167,0.08218503937007875,159,True,127,128,32,32,0,"[159, 40, 8]",0,True,32,True,128,159,32,0,0,32,"[128, 40, 8]",1,40,False,b0a965647293db98058a,"0,1",expected_aligned_shape,Qwen/Qwen3.6-35B-A3B-FP8,ok,32,127,254,174,0.6850393700787402,254,225,0.8858267716535433,61,0.48031496062992124,0.9746281714785653,247.55555555555554,0.9857283464566929,250.375,Qwen/Qwen3.6-35B-A3B-FP8
code,2,127,8,2032,same_model,1869,0.9197834645669292,163,0.08021653543307086,159,True,127,128,32,32,0,"[159, 40, 8]",0,True,32,True,128,159,32,0,0,32,"[128, 40, 8]",1,40,False,b14149ddb8e202b613b7,"0,1",expected_aligned_shape,Qwen/Qwen3.6-35B-A3B-FP8,ok,32,127,254,170,0.6692913385826772,254,232,0.9133858267716536,56,0.4409448818897638,0.9807524059492565,249.11111111111111,0.9891732283464567,251.25,Qwen/Qwen3.6-35B-A3B-FP8
logs,2,127,8,2032,same_model,1895,0.9325787401574803,137,0.06742125984251969,159,True,127,128,32,32,0,"[159, 40, 8]",0,True,32,True,128,159,32,0,0,32,"[128, 40, 8]",1,40,False,b1fe15a6bacd9a8dd540,"0,1",expected_aligned_shape,Qwen/Qwen3.6-35B-A3B-FP8,ok,32,127,254,187,0.7362204724409449,254,230,0.905511811023622,72,0.5669291338582677,0.979002624671916,248.66666666666666,0.9881889763779528,251.0,Qwen/Qwen3.6-35B-A3B-FP8
mixed_language,2,127,8,2032,same_model,1880,0.9251968503937008,152,0.07480314960629922,159,True,127,128,32,32,0,"[159, 40, 8]",0,True,32,True,128,159,32,0,0,32,"[128, 40, 8]",1,40,False,b204a181e3e00826a19e,"0,1",expected_aligned_shape,Qwen/Qwen3.6-35B-A3B-FP8,ok,32,127,254,185,0.7283464566929134,254,237,0.9330708661417323,70,0.5511811023622047,0.9851268591426071,250.22222222222223,0.9916338582677166,251.875,Qwen/Qwen3.6-35B-A3B-FP8
short_qa,2,127,8,2032,same_model,1872,0.9212598425196851,160,0.07874015748031496,159,True,127,128,32,32,0,"[159, 40, 8]",0,True,32,True,128,159,32,0,0,32,"[128, 40, 8]",1,40,False,b270a59687c6d48c3e66,"0,1",expected_aligned_shape,Qwen/Qwen3.6-35B-A3B-FP8,ok,32,127,254,178,0.7007874015748031,254,239,0.9409448818897638,64,0.5039370078740157,0.9868766404199476,250.66666666666666,0.9926181102362205,252.125,Qwen/Qwen3.6-35B-A3B-FP8
low_margin,2,127,8,2032,same_model,1871,0.9207677165354331,161,0.07923228346456693,166,True,127,128,39,39,0,"[166, 40, 8]",0,True,39,True,128,166,39,0,0,39,"[128, 40, 8]",1,40,False,b28ee28fbe03bf979460,"0,1",expected_aligned_shape,Qwen/Qwen3.6-35B-A3B-FP8,ok,32,127,254,177,0.6968503937007874,254,232,0.9133858267716536,58,0.4566929133858268,0.9807524059492565,249.11111111111111,0.9891732283464567,251.25,Qwen/Qwen3.6-35B-A3B-FP8
chat,2,127,8,2032,same_model,1903,0.9365157480314961,129,0.06348425196850394,167,True,127,128,40,40,0,"[167, 40, 8]",0,True,40,True,128,167,40,0,0,40,"[128, 40, 8]",1,40,False,b2b8258c2c995965af4b,"0,1",expected_aligned_shape,Qwen/Qwen3.6-35B-A3B-FP8,ok,32,127,254,192,0.7559055118110236,254,233,0.9173228346456693,77,0.6062992125984252,0.9809273840769904,249.15555555555557,0.9891732283464567,251.25,Qwen/Qwen3.6-35B-A3B-FP8
short_qa,2,127,8,2032,same_model,1910,0.9399606299212598,122,0.060039370078740155,166,True,127,128,39,39,0,"[166, 40, 8]",0,True,39,True,128,166,39,0,0,39,"[128, 40, 8]",1,40,False,b3358a4643b0968c564f,"0,1",expected_aligned_shape,Qwen/Qwen3.6-35B-A3B-FP8,ok,32,127,254,195,0.7677165354330708,254,245,0.9645669291338582,75,0.5905511811023622,0.9921259842519685,252.0,0.9955708661417323,252.875,Qwen/Qwen3.6-35B-A3B-FP8
needle,2,127,8,2032,same_model,1860,0.9153543307086615,172,0.08464566929133858,159,True,127,128,32,32,0,"[159, 40, 8]",0,True,32,True,128,159,32,0,0,32,"[128, 40, 8]",1,40,False,b33de6a1f836f1abafd5,"0,1",expected_aligned_shape,Qwen/Qwen3.6-35B-A3B-FP8,ok,32,127,254,175,0.6889763779527559,254,232,0.9133858267716536,64,0.5039370078740157,0.9807524059492564,249.11111111111111,0.9891732283464567,251.25,Qwen/Qwen3.6-35B-A3B-FP8
logs,2,127,8,2032,same_model,1881,0.9256889763779528,151,0.07431102362204725,159,True,127,128,32,32,0,"[159, 40, 8]",0,True,32,True,128,159,32,0,0,32,"[128, 40, 8]",1,40,False,b3533fba0511179eb54e,"0,1",expected_aligned_shape,Qwen/Qwen3.6-35B-A3B-FP8,ok,32,127,254,181,0.7125984251968503,254,235,0.9251968503937008,62,0.4881889763779528,0.9833770778652668,249.77777777777777,0.9906496062992126,251.625,Qwen/Qwen3.6-35B-A3B-FP8
needle,2,127,8,2032,same_model,1892,0.9311023622047244,140,0.0688976377952756,159,True,127,128,32,32,0,"[159, 40, 8]",0,True,32,True,128,159,32,0,0,32,"[128, 40, 8]",1,40,False,b3952ae16ba147c8cd92,"0,1",expected_aligned_shape,Qwen/Qwen3.6-35B-A3B-FP8,ok,32,127,254,191,0.7519685039370079,254,239,0.9409448818897638,74,0.5826771653543307,0.9868766404199476,250.66666666666666,0.9926181102362205,252.125,Qwen/Qwen3.6-35B-A3B-FP8
mixed_language,2,127,8,2032,same_model,1899,0.9345472440944882,133,0.0654527559055118,159,True,127,128,32,32,0,"[159, 40, 8]",0,True,32,True,128,159,32,0,0,32,"[128, 40, 8]",1,40,False,b39ecdee70b98880a90c,"0,1",expected_aligned_shape,Qwen/Qwen3.6-35B-A3B-FP8,ok,32,127,254,192,0.7559055118110236,254,230,0.905511811023622,71,0.5590551181102362,0.979002624671916,248.66666666666666,0.9881889763779528,251.0,Qwen/Qwen3.6-35B-A3B-FP8
summarization,2,127,8,2032,same_model,1918,0.9438976377952756,114,0.05610236220472441,159,True,127,128,32,32,0,"[159, 40, 8]",0,True,32,True,128,159,32,0,0,32,"[128, 40, 8]",1,40,False,b438494eb80e2a33b051,"0,1",expected_aligned_shape,Qwen/Qwen3.6-35B-A3B-FP8,ok,32,127,254,199,0.7834645669291339,254,239,0.9409448818897638,76,0.5984251968503937,0.9868766404199475,250.66666666666666,0.9926181102362205,252.125,Qwen/Qwen3.6-35B-A3B-FP8
logs,2,127,8,2032,same_model,1869,0.9197834645669292,163,0.08021653543307086,159,True,127,128,32,32,0,"[159, 40, 8]",0,True,32,True,128,159,32,0,0,32,"[128, 40, 8]",1,40,False,b43e2b711aafe6f58ffa,"0,1",expected_aligned_shape,Qwen/Qwen3.6-35B-A3B-FP8,ok,32,127,254,180,0.7086614173228346,254,231,0.9094488188976378,65,0.5118110236220472,0.9798775153105862,248.88888888888889,0.9886811023622047,251.125,Qwen/Qwen3.6-35B-A3B-FP8
needle,2,127,8,2032,same_model,1919,0.9443897637795275,113,0.05561023622047244,159,True,127,128,32,32,0,"[159, 40, 8]",0,True,32,True,128,159,32,0,0,32,"[128, 40, 8]",1,40,False,b49734e89f704f2827c9,"0,1",expected_aligned_shape,Qwen/Qwen3.6-35B-A3B-FP8,ok,32,127,254,197,0.7755905511811023,254,236,0.9291338582677166,76,0.5984251968503937,0.9835520559930009,249.82222222222222,0.9906496062992126,251.625,Qwen/Qwen3.6-35B-A3B-FP8
needle,2,127,8,2032,same_model,1896,0.9330708661417323,136,0.06692913385826772,159,True,127,128,32,32,0,"[159, 40, 8]",0,True,32,True,128,159,32,0,0,32,"[128, 40, 8]",1,40,False,b54278f29f5bc64e9e22,"0,1",expected_aligned_shape,Qwen/Qwen3.6-35B-A3B-FP8,ok,32,127,254,187,0.7362204724409449,254,236,0.9291338582677166,68,0.5354330708661418,0.984251968503937,250.0,0.9911417322834646,251.75,Qwen/Qwen3.6-35B-A3B-FP8
low_margin,2,127,8,2032,same_model,1914,0.9419291338582677,118,0.058070866141732284,167,True,127,128,40,40,0,"[167, 40, 8]",0,True,40,True,128,167,40,0,0,40,"[128, 40, 8]",1,40,False,b641da231fe9bad7f85c,"0,1",expected_aligned_shape,Qwen/Qwen3.6-35B-A3B-FP8,ok,32,127,254,196,0.7716535433070866,254,238,0.937007874015748,76,0.5984251968503937,0.9860017497812774,250.44444444444446,0.9921259842519685,252.0,Qwen/Qwen3.6-35B-A3B-FP8
low_margin,2,127,8,2032,same_model,1915,0.9424212598425197,117,0.05757874015748032,167,True,127,128,40,40,0,"[167, 40, 8]",0,True,40,True,128,167,40,0,0,40,"[128, 40, 8]",1,40,False,b69f7e4585abe21bd34a,"0,1",expected_aligned_shape,Qwen/Qwen3.6-35B-A3B-FP8,ok,32,127,254,197,0.7755905511811023,254,243,0.9566929133858267,77,0.6062992125984252,0.9903762029746281,251.55555555555554,0.9945866141732284,252.625,Qwen/Qwen3.6-35B-A3B-FP8
mixed_language,2,127,8,2032,same_model,1921,0.9453740157480315,111,0.054625984251968504,159,True,127,128,32,32,0,"[159, 40, 8]",0,True,32,True,128,159,32,0,0,32,"[128, 40, 8]",1,40,False,b6b677ccaefa4ea5366c,"0,1",expected_aligned_shape,Qwen/Qwen3.6-35B-A3B-FP8,ok,32,127,254,195,0.7677165354330708,254,237,0.9330708661417323,76,0.5984251968503937,0.9851268591426072,250.22222222222223,0.9916338582677166,251.875,Qwen/Qwen3.6-35B-A3B-FP8
math_numeric,2,127,8,2032,same_model,1889,0.9296259842519685,143,0.0703740157480315,159,True,127,128,32,32,0,"[159, 40, 8]",0,True,32,True,128,159,32,0,0,32,"[128, 40, 8]",1,40,False,b7276f246137fc7db1bc,"0,1",expected_aligned_shape,Qwen/Qwen3.6-35B-A3B-FP8,ok,32,127,254,182,0.7165354330708661,254,237,0.9330708661417323,64,0.5039370078740157,0.9844269466316711,250.04444444444445,0.9911417322834646,251.75,Qwen/Qwen3.6-35B-A3B-FP8
mixed_language,2,127,8,2032,same_model,1884,0.9271653543307087,148,0.07283464566929133,159,True,127,128,32,32,0,"[159, 40, 8]",0,True,32,True,128,159,32,0,0,32,"[128, 40, 8]",1,40,False,b77295d8220def51e089,"0,1",expected_aligned_shape,Qwen/Qwen3.6-35B-A3B-FP8,ok,32,127,254,177,0.6968503937007874,254,223,0.8779527559055118,59,0.4645669291338583,0.9721784776902888,246.93333333333334,0.984251968503937,250.0,Qwen/Qwen3.6-35B-A3B-FP8
math_numeric,2,127,8,2032,same_model,1836,0.9035433070866141,196,0.09645669291338582,159,True,127,128,32,32,0,"[159, 40, 8]",0,True,32,True,128,159,32,0,0,32,"[128, 40, 8]",1,40,False,b79d83ec99e1695f39bf,"0,1",expected_aligned_shape,Qwen/Qwen3.6-35B-A3B-FP8,ok,32,127,254,167,0.65748031496063,254,230,0.905511811023622,51,0.4015748031496063,0.9783027121609799,248.48888888888888,0.9876968503937008,250.875,Qwen/Qwen3.6-35B-A3B-FP8
logs,2,68,8,1088,same_model,987,0.9071691176470589,101,0.09283088235294118,100,True,68,69,32,32,0,"[100, 40, 8]",0,True,32,True,69,100,32,0,0,32,"[69, 40, 8]",1,40,False,b8d050c146b8c154b37a,"0,1",expected_aligned_shape,Qwen/Qwen3.6-35B-A3B-FP8,ok,32,68,136,90,0.6617647058823529,136,121,0.8897058823529411,32,0.47058823529411764,0.9754901960784315,132.66666666666666,0.9862132352941176,134.125,Qwen/Qwen3.6-35B-A3B-FP8
mixed_language,2,127,8,2032,same_model,1834,0.9025590551181102,198,0.09744094488188976,159,True,127,128,32,32,0,"[159, 40, 8]",0,True,32,True,128,159,32,0,0,32,"[128, 40, 8]",1,40,False,b9616c5944d9819ba8e5,"0,1",expected_aligned_shape,Qwen/Qwen3.6-35B-A3B-FP8,ok,32,127,254,165,0.6496062992125984,254,229,0.9015748031496063,50,0.3937007874015748,0.9781277340332458,248.44444444444446,0.9876968503937008,250.875,Qwen/Qwen3.6-35B-A3B-FP8
math_numeric,2,127,8,2032,same_model,1710,0.8415354330708661,322,0.15846456692913385,159,True,127,128,32,32,0,"[159, 40, 8]",0,True,32,True,128,159,32,0,0,32,"[128, 40, 8]",1,40,False,b9de9336a7f6c1179e5d,"0,1",expected_aligned_shape,Qwen/Qwen3.6-35B-A3B-FP8,ok,32,127,254,132,0.5196850393700787,254,224,0.8818897637795275,28,0.2204724409448819,0.9737532808398951,247.33333333333334,0.985236220472441,250.25,Qwen/Qwen3.6-35B-A3B-FP8
needle,2,127,8,2032,same_model,1857,0.9138779527559056,175,0.08612204724409449,159,True,127,128,32,32,0,"[159, 40, 8]",0,True,32,True,128,159,32,0,0,32,"[128, 40, 8]",1,40,False,b9df8f328121db1a4ee4,"0,1",expected_aligned_shape,Qwen/Qwen3.6-35B-A3B-FP8,ok,32,127,254,173,0.6811023622047244,254,236,0.9291338582677166,61,0.48031496062992124,0.984251968503937,250.0,0.9911417322834646,251.75,Qwen/Qwen3.6-35B-A3B-FP8
needle,2,127,8,2032,same_model,1887,0.9286417322834646,145,0.07135826771653543,159,True,127,128,32,32,0,"[159, 40, 8]",0,True,32,True,128,159,32,0,0,32,"[128, 40, 8]",1,40,False,b9e14e0a1d863d6ecf11,"0,1",expected_aligned_shape,Qwen/Qwen3.6-35B-A3B-FP8,ok,32,127,254,184,0.7244094488188977,254,236,0.9291338582677166,65,0.5118110236220472,0.9842519685039371,250.0,0.9911417322834646,251.75,Qwen/Qwen3.6-35B-A3B-FP8
json_structured,2,127,8,2032,same_model,1874,0.922244094488189,158,0.07775590551181102,159,True,127,128,32,32,0,"[159, 40, 8]",0,True,32,True,128,159,32,0,0,32,"[128, 40, 8]",1,40,False,ba1335421606c497e994,"0,1",expected_aligned_shape,Qwen/Qwen3.6-35B-A3B-FP8,ok,32,127,254,182,0.7165354330708661,254,235,0.9251968503937008,67,0.5275590551181102,0.9833770778652668,249.77777777777777,0.9906496062992126,251.625,Qwen/Qwen3.6-35B-A3B-FP8
chat,2,127,8,2032,same_model,1919,0.9443897637795275,113,0.05561023622047244,159,True,127,128,32,32,0,"[159, 40, 8]",0,True,32,True,128,159,32,0,0,32,"[128, 40, 8]",1,40,False,ba1c8a360468d76679fe,"0,1",expected_aligned_shape,Qwen/Qwen3.6-35B-A3B-FP8,ok,32,127,254,196,0.7716535433070866,254,240,0.9448818897637795,73,0.5748031496062992,0.9877515310586177,250.88888888888889,0.9931102362204725,252.25,Qwen/Qwen3.6-35B-A3B-FP8
mixed_language,2,127,8,2032,same_model,1867,0.9187992125984252,165,0.0812007874015748,159,True,127,128,32,32,0,"[159, 40, 8]",0,True,32,True,128,159,32,0,0,32,"[128, 40, 8]",1,40,False,ba65def01d2b01694f98,"0,1",expected_aligned_shape,Qwen/Qwen3.6-35B-A3B-FP8,ok,32,127,254,175,0.6889763779527559,254,233,0.9173228346456693,58,0.4566929133858268,0.9802274715660543,248.9777777777778,0.9886811023622047,251.125,Qwen/Qwen3.6-35B-A3B-FP8
logs,2,127,8,2032,same_model,1903,0.9365157480314961,129,0.06348425196850394,159,True,127,128,32,32,0,"[159, 40, 8]",0,True,32,True,128,159,32,0,0,32,"[128, 40, 8]",1,40,False,ba90285f5d165222ce5e,"0,1",expected_aligned_shape,Qwen/Qwen3.6-35B-A3B-FP8,ok,32,127,254,195,0.7677165354330708,254,241,0.9488188976377953,77,0.6062992125984252,0.988626421697288,251.11111111111111,0.9936023622047244,252.375,Qwen/Qwen3.6-35B-A3B-FP8
low_margin,2,127,8,2032,same_model,1893,0.9315944881889764,139,0.06840551181102363,167,True,127,128,40,40,0,"[167, 40, 8]",0,True,40,True,128,167,40,0,0,40,"[128, 40, 8]",1,40,False,bb425ec9a493aabd03b9,"0,1",expected_aligned_shape,Qwen/Qwen3.6-35B-A3B-FP8,ok,32,127,254,188,0.7401574803149606,254,229,0.9015748031496063,70,0.5511811023622047,0.9781277340332459,248.44444444444446,0.9876968503937008,250.875,Qwen/Qwen3.6-35B-A3B-FP8
chat,2,127,8,2032,same_model,1835,0.9030511811023622,197,0.09694881889763779,159,True,127,128,32,32,0,"[159, 40, 8]",0,True,32,True,128,159,32,0,0,32,"[128, 40, 8]",1,40,False,bb9f3452352324fc3c52,"0,1",expected_aligned_shape,Qwen/Qwen3.6-35B-A3B-FP8,ok,32,127,254,162,0.6377952755905512,254,228,0.8976377952755905,55,0.4330708661417323,0.9772528433945756,248.22222222222223,0.9872047244094488,250.75,Qwen/Qwen3.6-35B-A3B-FP8
code,2,127,8,2032,same_model,1873,0.921751968503937,159,0.07824803149606299,166,True,127,128,39,39,0,"[166, 40, 8]",0,True,39,True,128,166,39,0,0,39,"[128, 40, 8]",1,40,False,bc0875d784a2de5a98a0,"0,1",expected_aligned_shape,Qwen/Qwen3.6-35B-A3B-FP8,ok,32,127,254,180,0.7086614173228346,254,231,0.9094488188976378,66,0.5196850393700787,0.9798775153105861,248.88888888888889,0.9886811023622047,251.125,Qwen/Qwen3.6-35B-A3B-FP8
math_numeric,2,127,8,2032,same_model,1563,0.7691929133858267,469,0.23080708661417323,159,True,127,128,32,32,0,"[159, 40, 8]",0,True,32,True,128,159,32,0,0,32,"[128, 40, 8]",1,40,False,bc09d97877043b0c280b,"0,1",expected_aligned_shape,Qwen/Qwen3.6-35B-A3B-FP8,ok,32,127,254,108,0.4251968503937008,254,174,0.6850393700787402,15,0.11811023622047244,0.9258092738407699,235.15555555555557,0.9576771653543307,243.25,Qwen/Qwen3.6-35B-A3B-FP8
short_qa,2,127,8,2032,same_model,1878,0.9242125984251969,154,0.07578740157480315,159,True,127,128,32,32,0,"[159, 40, 8]",0,True,32,True,128,159,32,0,0,32,"[128, 40, 8]",1,40,False,bc52ef6c6ead85290cd7,"0,1",expected_aligned_shape,Qwen/Qwen3.6-35B-A3B-FP8,ok,32,127,254,177,0.6968503937007874,254,235,0.9251968503937008,64,0.5039370078740157,0.9833770778652668,249.77777777777777,0.9906496062992126,251.625,Qwen/Qwen3.6-35B-A3B-FP8
chat,2,127,8,2032,same_model,1911,0.9404527559055118,121,0.05954724409448819,167,True,127,128,40,40,0,"[167, 40, 8]",0,True,40,True,128,167,40,0,0,40,"[128, 40, 8]",1,40,False,bcf9daa3b35111492e38,"0,1",expected_aligned_shape,Qwen/Qwen3.6-35B-A3B-FP8,ok,32,127,254,193,0.7598425196850394,254,241,0.9488188976377953,72,0.5669291338582677,0.9886264216972879,251.11111111111111,0.9936023622047244,252.375,Qwen/Qwen3.6-35B-A3B-FP8
needle,2,127,8,2032,same_model,1901,0.9355314960629921,131,0.06446850393700787,159,True,127,128,32,32,0,"[159, 40, 8]",0,True,32,True,128,159,32,0,0,32,"[128, 40, 8]",1,40,False,bd3bee2440df1baed4f2,"0,1",expected_aligned_shape,Qwen/Qwen3.6-35B-A3B-FP8,ok,32,127,254,188,0.7401574803149606,254,235,0.9251968503937008,71,0.5590551181102362,0.9833770778652668,249.77777777777777,0.9906496062992126,251.625,Qwen/Qwen3.6-35B-A3B-FP8
math_numeric,2,127,8,2032,same_model,1620,0.797244094488189,412,0.20275590551181102,159,True,127,128,32,32,0,"[159, 40, 8]",0,True,32,True,128,159,32,0,0,32,"[128, 40, 8]",1,40,False,bd8914833777db73e6d5,"0,1",expected_aligned_shape,Qwen/Qwen3.6-35B-A3B-FP8,ok,32,127,254,98,0.3858267716535433,254,200,0.7874015748031497,15,0.11811023622047244,0.952755905511811,242.0,0.9734251968503937,247.25,Qwen/Qwen3.6-35B-A3B-FP8
math_numeric,2,127,8,2032,same_model,1892,0.9311023622047244,140,0.0688976377952756,159,True,127,128,32,32,0,"[159, 40, 8]",0,True,32,True,128,159,32,0,0,32,"[128, 40, 8]",1,40,False,bde71631f9f7b4d568ac,"0,1",expected_aligned_shape,Qwen/Qwen3.6-35B-A3B-FP8,ok,32,127,254,187,0.7362204724409449,254,238,0.937007874015748,69,0.5433070866141733,0.9860017497812774,250.44444444444446,0.9921259842519685,252.0,Qwen/Qwen3.6-35B-A3B-FP8
mixed_language,2,127,8,2032,same_model,1879,0.9247047244094488,153,0.07529527559055119,159,True,127,128,32,32,0,"[159, 40, 8]",0,True,32,True,128,159,32,0,0,32,"[128, 40, 8]",1,40,False,be1123aa3ca70c1a5469,"0,1",expected_aligned_shape,Qwen/Qwen3.6-35B-A3B-FP8,ok,32,127,254,178,0.7007874015748031,254,237,0.9330708661417323,60,0.47244094488188976,0.9844269466316711,250.04444444444445,0.9911417322834646,251.75,Qwen/Qwen3.6-35B-A3B-FP8
code,2,127,8,2032,same_model,1891,0.9306102362204725,141,0.06938976377952756,159,True,127,128,32,32,0,"[159, 40, 8]",0,True,32,True,128,159,32,0,0,32,"[128, 40, 8]",1,40,False,be91132ff734fbb21c7f,"0,1",expected_aligned_shape,Qwen/Qwen3.6-35B-A3B-FP8,ok,32,127,254,192,0.7559055118110236,254,241,0.9488188976377953,77,0.6062992125984252,0.988626421697288,251.11111111111111,0.9936023622047244,252.375,Qwen/Qwen3.6-35B-A3B-FP8
needle,2,127,8,2032,same_model,1888,0.9291338582677166,144,0.07086614173228346,159,True,127,128,32,32,0,"[159, 40, 8]",0,True,32,True,128,159,32,0,0,32,"[128, 40, 8]",1,40,False,bf08480c2da63ae571d7,"0,1",expected_aligned_shape,Qwen/Qwen3.6-35B-A3B-FP8,ok,32,127,254,184,0.7244094488188977,254,233,0.9173228346456693,63,0.49606299212598426,0.9816272965879265,249.33333333333334,0.9896653543307087,251.375,Qwen/Qwen3.6-35B-A3B-FP8
code,2,127,8,2032,same_model,1876,0.9232283464566929,156,0.07677165354330709,166,True,127,128,39,39,0,"[166, 40, 8]",0,True,39,True,128,166,39,0,0,39,"[128, 40, 8]",1,40,False,bf0c65a32a736f320995,"0,1",expected_aligned_shape,Qwen/Qwen3.6-35B-A3B-FP8,ok,32,127,254,182,0.7165354330708661,254,236,0.9291338582677166,67,0.5275590551181102,0.984251968503937,250.0,0.9911417322834646,251.75,Qwen/Qwen3.6-35B-A3B-FP8
needle,2,127,8,2032,same_model,1863,0.9168307086614174,169,0.08316929133858268,159,True,127,128,32,32,0,"[159, 40, 8]",0,True,32,True,128,159,32,0,0,32,"[128, 40, 8]",1,40,False,bf0dc69d9f0f3d3976d7,"0,1",expected_aligned_shape,Qwen/Qwen3.6-35B-A3B-FP8,ok,32,127,254,169,0.6653543307086615,254,220,0.8661417322834646,52,0.4094488188976378,0.9702537182852145,246.44444444444446,0.9832677165354331,249.75,Qwen/Qwen3.6-35B-A3B-FP8
chat,2,127,8,2032,same_model,1906,0.937992125984252,126,0.06200787401574803,159,True,127,128,32,32,0,"[159, 40, 8]",0,True,32,True,128,159,32,0,0,32,"[128, 40, 8]",1,40,False,bfe9d8748090a0b3bf68,"0,1",expected_aligned_shape,Qwen/Qwen3.6-35B-A3B-FP8,ok,32,127,254,193,0.7598425196850394,254,237,0.9330708661417323,74,0.5826771653543307,0.9851268591426072,250.22222222222223,0.9916338582677166,251.875,Qwen/Qwen3.6-35B-A3B-FP8
logs,2,23,8,368,same_model,348,0.9456521739130435,20,0.05434782608695652,55,True,23,24,32,32,0,"[55, 40, 8]",0,True,32,True,24,55,32,0,0,32,"[24, 40, 8]",1,40,False,c000e33ffbec190dcaa3,"0,1",expected_aligned_shape,Qwen/Qwen3.6-35B-A3B-FP8,ok,32,23,46,35,0.7608695652173914,46,42,0.9130434782608695,12,0.5217391304347826,0.9806763285024155,45.111111111111114,0.9891304347826086,45.5,Qwen/Qwen3.6-35B-A3B-FP8
chat,2,127,8,2032,same_model,1879,0.9247047244094488,153,0.07529527559055119,159,True,127,128,32,32,0,"[159, 40, 8]",0,True,32,True,128,159,32,0,0,32,"[128, 40, 8]",1,40,False,c02450409eef8eb7d4d6,"0,1",expected_aligned_shape,Qwen/Qwen3.6-35B-A3B-FP8,ok,32,127,254,179,0.7047244094488189,254,230,0.905511811023622,62,0.4881889763779528,0.9790026246719161,248.66666666666666,0.9881889763779528,251.0,Qwen/Qwen3.6-35B-A3B-FP8
summarization,2,127,8,2032,same_model,1880,0.9251968503937008,152,0.07480314960629922,167,True,127,128,40,40,0,"[167, 40, 8]",0,True,40,True,128,167,40,0,0,40,"[128, 40, 8]",1,40,False,c025eac16347df535db1,"0,1",expected_aligned_shape,Qwen/Qwen3.6-35B-A3B-FP8,ok,32,127,254,181,0.7125984251968503,254,236,0.9291338582677166,65,0.5118110236220472,0.9842519685039371,250.0,0.9911417322834646,251.75,Qwen/Qwen3.6-35B-A3B-FP8
code,2,127,8,2032,same_model,1906,0.937992125984252,126,0.06200787401574803,159,True,127,128,32,32,0,"[159, 40, 8]",0,True,32,True,128,159,32,0,0,32,"[128, 40, 8]",1,40,False,c057fd9c1f2f5132233c,"0,1",expected_aligned_shape,Qwen/Qwen3.6-35B-A3B-FP8,ok,32,127,254,190,0.7480314960629921,254,232,0.9133858267716536,69,0.5433070866141733,0.9800524934383202,248.93333333333334,0.9886811023622047,251.125,Qwen/Qwen3.6-35B-A3B-FP8
low_margin,2,127,8,2032,same_model,1873,0.921751968503937,159,0.07824803149606299,166,True,127,128,39,39,0,"[166, 40, 8]",0,True,39,True,128,166,39,0,0,39,"[128, 40, 8]",1,40,False,c058e744ed61ad3635ee,"0,1",expected_aligned_shape,Qwen/Qwen3.6-35B-A3B-FP8,ok,32,127,254,178,0.7007874015748031,254,239,0.9409448818897638,62,0.4881889763779528,0.9868766404199476,250.66666666666666,0.9926181102362205,252.125,Qwen/Qwen3.6-35B-A3B-FP8
needle,2,127,8,2032,same_model,1860,0.9153543307086615,172,0.08464566929133858,159,True,127,128,32,32,0,"[159, 40, 8]",0,True,32,True,128,159,32,0,0,32,"[128, 40, 8]",1,40,False,c06ae4e7b644b76be239,"0,1",expected_aligned_shape,Qwen/Qwen3.6-35B-A3B-FP8,ok,32,127,254,169,0.6653543307086615,254,227,0.8937007874015748,60,0.47244094488188976,0.9763779527559056,248.0,0.9867125984251969,250.625,Qwen/Qwen3.6-35B-A3B-FP8
math_numeric,2,127,8,2032,same_model,1874,0.922244094488189,158,0.07775590551181102,159,True,127,128,32,32,0,"[159, 40, 8]",0,True,32,True,128,159,32,0,0,32,"[128, 40, 8]",1,40,False,c0715ef1a1d75dd588a1,"0,1",expected_aligned_shape,Qwen/Qwen3.6-35B-A3B-FP8,ok,32,127,254,183,0.7204724409448819,254,238,0.937007874015748,67,0.5275590551181102,0.9860017497812774,250.44444444444446,0.9921259842519685,252.0,Qwen/Qwen3.6-35B-A3B-FP8
code,2,127,8,2032,same_model,1861,0.9158464566929134,171,0.08415354330708662,165,True,127,128,38,38,0,"[165, 40, 8]",0,True,38,True,128,165,38,0,0,38,"[128, 40, 8]",1,40,False,c09cc454c37cd68fb6d9,"0,1",expected_aligned_shape,Qwen/Qwen3.6-35B-A3B-FP8,ok,32,127,254,173,0.6811023622047244,254,234,0.9212598425196851,58,0.4566929133858268,0.9825021872265968,249.55555555555554,0.9901574803149606,251.5,Qwen/Qwen3.6-35B-A3B-FP8
logs,2,127,8,2032,same_model,1864,0.9173228346456693,168,0.08267716535433071,159,True,127,128,32,32,0,"[159, 40, 8]",0,True,32,True,128,159,32,0,0,32,"[128, 40, 8]",1,40,False,c0ba3962279f7f0cca15,"0,1",expected_aligned_shape,Qwen/Qwen3.6-35B-A3B-FP8,ok,32,127,254,178,0.7007874015748031,254,234,0.9212598425196851,63,0.49606299212598426,0.9825021872265969,249.55555555555554,0.9901574803149606,251.5,Qwen/Qwen3.6-35B-A3B-FP8
logs,2,127,8,2032,same_model,1908,0.9389763779527559,124,0.0610236220472441,159,True,127,128,32,32,0,"[159, 40, 8]",0,True,32,True,128,159,32,0,0,32,"[128, 40, 8]",1,40,False,c0f30469870c1882f182,"0,1",expected_aligned_shape,Qwen/Qwen3.6-35B-A3B-FP8,ok,32,127,254,194,0.7637795275590551,254,243,0.9566929133858267,74,0.5826771653543307,0.9903762029746283,251.55555555555554,0.9945866141732284,252.625,Qwen/Qwen3.6-35B-A3B-FP8
low_margin,2,127,8,2032,same_model,1905,0.9375,127,0.0625,167,True,127,128,40,40,0,"[167, 40, 8]",0,True,40,True,128,167,40,0,0,40,"[128, 40, 8]",1,40,False,c0fdc8702bb662c9bdcd,"0,1",expected_aligned_shape,Qwen/Qwen3.6-35B-A3B-FP8,ok,32,127,254,188,0.7401574803149606,254,234,0.9212598425196851,69,0.5433070866141733,0.9825021872265968,249.55555555555554,0.9901574803149606,251.5,Qwen/Qwen3.6-35B-A3B-FP8
math_numeric,2,127,8,2032,same_model,1887,0.9286417322834646,145,0.07135826771653543,159,True,127,128,32,32,0,"[159, 40, 8]",0,True,32,True,128,159,32,0,0,32,"[128, 40, 8]",1,40,False,c173dc51d47cf438e861,"0,1",expected_aligned_shape,Qwen/Qwen3.6-35B-A3B-FP8,ok,32,127,254,187,0.7362204724409449,254,234,0.9212598425196851,70,0.5511811023622047,0.9825021872265968,249.55555555555554,0.9901574803149606,251.5,Qwen/Qwen3.6-35B-A3B-FP8
short_qa,2,127,8,2032,same_model,1901,0.9355314960629921,131,0.06446850393700787,159,True,127,128,32,32,0,"[159, 40, 8]",0,True,32,True,128,159,32,0,0,32,"[128, 40, 8]",1,40,False,c1d92ed66ff7504060bd,"0,1",expected_aligned_shape,Qwen/Qwen3.6-35B-A3B-FP8,ok,32,127,254,190,0.7480314960629921,254,235,0.9251968503937008,71,0.5590551181102362,0.9826771653543308,249.6,0.9901574803149606,251.5,Qwen/Qwen3.6-35B-A3B-FP8
code,2,127,8,2032,same_model,1868,0.9192913385826772,164,0.08070866141732283,159,True,127,128,32,32,0,"[159, 40, 8]",0,True,32,True,128,159,32,0,0,32,"[128, 40, 8]",1,40,False,c2334f66513a06d515e0,"0,1",expected_aligned_shape,Qwen/Qwen3.6-35B-A3B-FP8,ok,32,127,254,176,0.6929133858267716,254,233,0.9173228346456693,62,0.4881889763779528,0.9816272965879266,249.33333333333334,0.9896653543307087,251.375,Qwen/Qwen3.6-35B-A3B-FP8
math_numeric,2,127,8,2032,same_model,1884,0.9271653543307087,148,0.07283464566929133,159,True,127,128,32,32,0,"[159, 40, 8]",0,True,32,True,128,159,32,0,0,32,"[128, 40, 8]",1,40,False,c236ed6d3e66598d38ff,"0,1",expected_aligned_shape,Qwen/Qwen3.6-35B-A3B-FP8,ok,32,127,254,186,0.7322834645669292,254,237,0.9330708661417323,67,0.5275590551181102,0.9851268591426072,250.22222222222223,0.9916338582677166,251.875,Qwen/Qwen3.6-35B-A3B-FP8
low_margin,2,127,8,2032,same_model,1891,0.9306102362204725,141,0.06938976377952756,167,True,127,128,40,40,0,"[167, 40, 8]",0,True,40,True,128,167,40,0,0,40,"[128, 40, 8]",1,40,False,c23c9fd92a4530fe93e9,"0,1",expected_aligned_shape,Qwen/Qwen3.6-35B-A3B-FP8,ok,32,127,254,187,0.7362204724409449,254,238,0.937007874015748,72,0.5669291338582677,0.9860017497812773,250.44444444444446,0.9921259842519685,252.0,Qwen/Qwen3.6-35B-A3B-FP8
short_qa,2,127,8,2032,same_model,1876,0.9232283464566929,156,0.07677165354330709,159,True,127,128,32,32,0,"[159, 40, 8]",0,True,32,True,128,159,32,0,0,32,"[128, 40, 8]",1,40,False,c3c4c2e82943eae361d0,"0,1",expected_aligned_shape,Qwen/Qwen3.6-35B-A3B-FP8,ok,32,127,254,183,0.7204724409448819,254,236,0.9291338582677166,64,0.5039370078740157,0.9842519685039371,250.0,0.9911417322834646,251.75,Qwen/Qwen3.6-35B-A3B-FP8
needle,2,127,8,2032,same_model,1901,0.9355314960629921,131,0.06446850393700787,159,True,127,128,32,32,0,"[159, 40, 8]",0,True,32,True,128,159,32,0,0,32,"[128, 40, 8]",1,40,False,c4213b88ba1462fe5fad,"0,1",expected_aligned_shape,Qwen/Qwen3.6-35B-A3B-FP8,ok,32,127,254,193,0.7598425196850394,254,235,0.9251968503937008,72,0.5669291338582677,0.9833770778652668,249.77777777777777,0.9906496062992126,251.625,Qwen/Qwen3.6-35B-A3B-FP8
json_structured,2,127,8,2032,same_model,1890,0.9301181102362205,142,0.06988188976377953,159,True,127,128,32,32,0,"[159, 40, 8]",0,True,32,True,128,159,32,0,0,32,"[128, 40, 8]",1,40,False,c4eed7d508d06351658f,"0,1",expected_aligned_shape,Qwen/Qwen3.6-35B-A3B-FP8,ok,32,127,254,179,0.7047244094488189,254,226,0.889763779527559,66,0.5196850393700787,0.9755030621172354,247.77777777777777,0.9862204724409449,250.5,Qwen/Qwen3.6-35B-A3B-FP8
json_structured,2,127,8,2032,same_model,1905,0.9375,127,0.0625,159,True,127,128,32,32,0,"[159, 40, 8]",0,True,32,True,128,159,32,0,0,32,"[128, 40, 8]",1,40,False,c51ccd801ae84bae5d0f,"0,1",expected_aligned_shape,Qwen/Qwen3.6-35B-A3B-FP8,ok,32,127,254,190,0.7480314960629921,254,230,0.905511811023622,71,0.5590551181102362,0.979002624671916,248.66666666666666,0.9881889763779528,251.0,Qwen/Qwen3.6-35B-A3B-FP8
code,2,127,8,2032,same_model,1863,0.9168307086614174,169,0.08316929133858268,166,True,127,128,39,39,0,"[166, 40, 8]",0,True,39,True,128,166,39,0,0,39,"[128, 40, 8]",1,40,False,c59559f5c664cfd2045e,"0,1",expected_aligned_shape,Qwen/Qwen3.6-35B-A3B-FP8,ok,32,127,254,173,0.6811023622047244,254,240,0.9448818897637795,56,0.4409448818897638,0.9877515310586177,250.88888888888889,0.9931102362204725,252.25,Qwen/Qwen3.6-35B-A3B-FP8
short_qa,2,127,8,2032,same_model,1886,0.9281496062992126,146,0.0718503937007874,159,True,127,128,32,32,0,"[159, 40, 8]",0,True,32,True,128,159,32,0,0,32,"[128, 40, 8]",1,40,False,c6d418ee2c1362c7b544,"0,1",expected_aligned_shape,Qwen/Qwen3.6-35B-A3B-FP8,ok,32,127,254,185,0.7283464566929134,254,239,0.9409448818897638,70,0.5511811023622047,0.9868766404199476,250.66666666666666,0.9926181102362205,252.125,Qwen/Qwen3.6-35B-A3B-FP8
chat,2,127,8,2032,same_model,1888,0.9291338582677166,144,0.07086614173228346,167,True,127,128,40,40,0,"[167, 40, 8]",0,True,40,True,128,167,40,0,0,40,"[128, 40, 8]",1,40,False,c6e7a36b62f170637a5f,"0,1",expected_aligned_shape,Qwen/Qwen3.6-35B-A3B-FP8,ok,32,127,254,182,0.7165354330708661,254,234,0.9212598425196851,66,0.5196850393700787,0.9825021872265967,249.55555555555554,0.9901574803149606,251.5,Qwen/Qwen3.6-35B-A3B-FP8
chat,2,127,8,2032,same_model,1888,0.9291338582677166,144,0.07086614173228346,159,True,127,128,32,32,0,"[159, 40, 8]",0,True,32,True,128,159,32,0,0,32,"[128, 40, 8]",1,40,False,c71e3e89c6c0b3158b0b,"0,1",expected_aligned_shape,Qwen/Qwen3.6-35B-A3B-FP8,ok,32,127,254,186,0.7322834645669292,254,241,0.9488188976377953,66,0.5196850393700787,0.9886264216972878,251.11111111111111,0.9936023622047244,252.375,Qwen/Qwen3.6-35B-A3B-FP8
summarization,2,127,8,2032,same_model,1909,0.9394685039370079,123,0.06053149606299212,159,True,127,128,32,32,0,"[159, 40, 8]",0,True,32,True,128,159,32,0,0,32,"[128, 40, 8]",1,40,False,c7586011bab5daaf44a3,"0,1",expected_aligned_shape,Qwen/Qwen3.6-35B-A3B-FP8,ok,32,127,254,189,0.7440944881889764,254,235,0.9251968503937008,68,0.5354330708661418,0.9833770778652668,249.77777777777777,0.9906496062992126,251.625,Qwen/Qwen3.6-35B-A3B-FP8
json_structured,2,127,8,2032,same_model,1848,0.9094488188976378,184,0.09055118110236221,159,True,127,128,32,32,0,"[159, 40, 8]",0,True,32,True,128,159,32,0,0,32,"[128, 40, 8]",1,40,False,c77b9a21699d51f19d4d,"0,1",expected_aligned_shape,Qwen/Qwen3.6-35B-A3B-FP8,ok,32,127,254,164,0.6456692913385826,254,223,0.8779527559055118,50,0.3937007874015748,0.9728783902012249,247.11111111111111,0.984744094488189,250.125,Qwen/Qwen3.6-35B-A3B-FP8
code,2,127,8,2032,same_model,1895,0.9325787401574803,137,0.06742125984251969,159,True,127,128,32,32,0,"[159, 40, 8]",0,True,32,True,128,159,32,0,0,32,"[128, 40, 8]",1,40,False,c88100f0084d43a0dbc4,"0,1",expected_aligned_shape,Qwen/Qwen3.6-35B-A3B-FP8,ok,32,127,254,187,0.7362204724409449,254,236,0.9291338582677166,68,0.5354330708661418,0.984251968503937,250.0,0.9911417322834646,251.75,Qwen/Qwen3.6-35B-A3B-FP8
chat,2,127,8,2032,same_model,1860,0.9153543307086615,172,0.08464566929133858,167,True,127,128,40,40,0,"[167, 40, 8]",0,True,40,True,128,167,40,0,0,40,"[128, 40, 8]",1,40,False,c8f94099829018aa73be,"0,1",expected_aligned_shape,Qwen/Qwen3.6-35B-A3B-FP8,ok,32,127,254,169,0.6653543307086615,254,231,0.9094488188976378,57,0.44881889763779526,0.9798775153105863,248.88888888888889,0.9886811023622047,251.125,Qwen/Qwen3.6-35B-A3B-FP8
short_qa,2,127,8,2032,same_model,1900,0.9350393700787402,132,0.06496062992125984,166,True,127,128,39,39,0,"[166, 40, 8]",0,True,39,True,128,166,39,0,0,39,"[128, 40, 8]",1,40,False,c9054248f275923ce4b2,"0,1",expected_aligned_shape,Qwen/Qwen3.6-35B-A3B-FP8,ok,32,127,254,188,0.7401574803149606,254,241,0.9488188976377953,72,0.5669291338582677,0.988626421697288,251.11111111111111,0.9936023622047244,252.375,Qwen/Qwen3.6-35B-A3B-FP8
code,2,127,8,2032,same_model,1836,0.9035433070866141,196,0.09645669291338582,166,True,127,128,39,39,0,"[166, 40, 8]",0,True,39,True,128,166,39,0,0,39,"[128, 40, 8]",1,40,False,c93dd9262a72c4c1aa6f,"0,1",expected_aligned_shape,Qwen/Qwen3.6-35B-A3B-FP8,ok,32,127,254,168,0.6614173228346457,254,230,0.905511811023622,55,0.4330708661417323,0.9790026246719161,248.66666666666666,0.9881889763779528,251.0,Qwen/Qwen3.6-35B-A3B-FP8
summarization,2,127,8,2032,same_model,1864,0.9173228346456693,168,0.08267716535433071,159,True,127,128,32,32,0,"[159, 40, 8]",0,True,32,True,128,159,32,0,0,32,"[128, 40, 8]",1,40,False,c953ff4457bae7fd415c,"0,1",expected_aligned_shape,Qwen/Qwen3.6-35B-A3B-FP8,ok,32,127,254,171,0.6732283464566929,254,228,0.8976377952755905,60,0.47244094488188976,0.9772528433945757,248.22222222222223,0.9872047244094488,250.75,Qwen/Qwen3.6-35B-A3B-FP8
math_numeric,2,127,8,2032,same_model,1867,0.9187992125984252,165,0.0812007874015748,159,True,127,128,32,32,0,"[159, 40, 8]",0,True,32,True,128,159,32,0,0,32,"[128, 40, 8]",1,40,False,c960c8b157bc53ae29af,"0,1",expected_aligned_shape,Qwen/Qwen3.6-35B-A3B-FP8,ok,32,127,254,179,0.7047244094488189,254,231,0.9094488188976378,66,0.5196850393700787,0.9798775153105863,248.88888888888889,0.9886811023622047,251.125,Qwen/Qwen3.6-35B-A3B-FP8
low_margin,2,127,8,2032,same_model,1914,0.9419291338582677,118,0.058070866141732284,167,True,127,128,40,40,0,"[167, 40, 8]",0,True,40,True,128,167,40,0,0,40,"[128, 40, 8]",1,40,False,c964b37a792e62a95e31,"0,1",expected_aligned_shape,Qwen/Qwen3.6-35B-A3B-FP8,ok,32,127,254,195,0.7677165354330708,254,238,0.937007874015748,73,0.5748031496062992,0.9860017497812774,250.44444444444446,0.9921259842519685,252.0,Qwen/Qwen3.6-35B-A3B-FP8
logs,2,80,8,1280,same_model,1165,0.91015625,115,0.08984375,112,True,80,81,32,32,0,"[112, 40, 8]",0,True,32,True,81,112,32,0,0,32,"[81, 40, 8]",1,40,False,c980b50c45e629922e4c,"0,1",expected_aligned_shape,Qwen/Qwen3.6-35B-A3B-FP8,ok,32,80,160,105,0.65625,160,145,0.90625,34,0.425,0.9791666666666667,156.66666666666666,0.98828125,158.125,Qwen/Qwen3.6-35B-A3B-FP8
code,2,127,8,2032,same_model,1851,0.9109251968503937,181,0.0890748031496063,159,True,127,128,32,32,0,"[159, 40, 8]",0,True,32,True,128,159,32,0,0,32,"[128, 40, 8]",1,40,False,c9e56e820a2698b64186,"0,1",expected_aligned_shape,Qwen/Qwen3.6-35B-A3B-FP8,ok,32,127,254,169,0.6653543307086615,254,231,0.9094488188976378,55,0.4330708661417323,0.9798775153105863,248.88888888888889,0.9886811023622047,251.125,Qwen/Qwen3.6-35B-A3B-FP8
chat,2,127,8,2032,same_model,1865,0.9178149606299213,167,0.08218503937007875,159,True,127,128,32,32,0,"[159, 40, 8]",0,True,32,True,128,159,32,0,0,32,"[128, 40, 8]",1,40,False,c9f0a645a510e7b8b559,"0,1",expected_aligned_shape,Qwen/Qwen3.6-35B-A3B-FP8,ok,32,127,254,180,0.7086614173228346,254,241,0.9488188976377953,62,0.4881889763779528,0.988626421697288,251.11111111111111,0.9936023622047244,252.375,Qwen/Qwen3.6-35B-A3B-FP8
low_margin,2,127,8,2032,same_model,1886,0.9281496062992126,146,0.0718503937007874,167,True,127,128,40,40,0,"[167, 40, 8]",0,True,40,True,128,167,40,0,0,40,"[128, 40, 8]",1,40,False,c9f7df06aabfa856503d,"0,1",expected_aligned_shape,Qwen/Qwen3.6-35B-A3B-FP8,ok,32,127,254,183,0.7204724409448819,254,235,0.9251968503937008,62,0.4881889763779528,0.9833770778652668,249.77777777777777,0.9906496062992126,251.625,Qwen/Qwen3.6-35B-A3B-FP8
short_qa,2,127,8,2032,same_model,1890,0.9301181102362205,142,0.06988188976377953,166,True,127,128,39,39,0,"[166, 40, 8]",0,True,39,True,128,166,39,0,0,39,"[128, 40, 8]",1,40,False,ca551e87f31d183057fb,"0,1",expected_aligned_shape,Qwen/Qwen3.6-35B-A3B-FP8,ok,32,127,254,183,0.7204724409448819,254,238,0.937007874015748,63,0.49606299212598426,0.9860017497812774,250.44444444444446,0.9921259842519685,252.0,Qwen/Qwen3.6-35B-A3B-FP8
mixed_language,2,127,8,2032,same_model,1876,0.9232283464566929,156,0.07677165354330709,159,True,127,128,32,32,0,"[159, 40, 8]",0,True,32,True,128,159,32,0,0,32,"[128, 40, 8]",1,40,False,ca6f47b188d837f8f203,"0,1",expected_aligned_shape,Qwen/Qwen3.6-35B-A3B-FP8,ok,32,127,254,178,0.7007874015748031,254,230,0.905511811023622,63,0.49606299212598426,0.9790026246719161,248.66666666666666,0.9881889763779528,251.0,Qwen/Qwen3.6-35B-A3B-FP8
summarization,2,127,8,2032,same_model,1891,0.9306102362204725,141,0.06938976377952756,163,True,127,128,36,36,0,"[163, 40, 8]",0,True,36,True,128,163,36,0,0,36,"[128, 40, 8]",1,40,False,ca7521427e5b1d2fdbc4,"0,1",expected_aligned_shape,Qwen/Qwen3.6-35B-A3B-FP8,ok,32,127,254,184,0.7244094488188977,254,227,0.8937007874015748,67,0.5275590551181102,0.9763779527559054,248.0,0.9867125984251969,250.625,Qwen/Qwen3.6-35B-A3B-FP8
chat,2,127,8,2032,same_model,1892,0.9311023622047244,140,0.0688976377952756,159,True,127,128,32,32,0,"[159, 40, 8]",0,True,32,True,128,159,32,0,0,32,"[128, 40, 8]",1,40,False,ca9ed4a0b3a0658aa462,"0,1",expected_aligned_shape,Qwen/Qwen3.6-35B-A3B-FP8,ok,32,127,254,188,0.7401574803149606,254,240,0.9448818897637795,71,0.5590551181102362,0.9877515310586178,250.88888888888889,0.9931102362204725,252.25,Qwen/Qwen3.6-35B-A3B-FP8
short_qa,2,127,8,2032,same_model,1889,0.9296259842519685,143,0.0703740157480315,159,True,127,128,32,32,0,"[159, 40, 8]",0,True,32,True,128,159,32,0,0,32,"[128, 40, 8]",1,40,False,caaa05fc074ec7492074,"0,1",expected_aligned_shape,Qwen/Qwen3.6-35B-A3B-FP8,ok,32,127,254,183,0.7204724409448819,254,232,0.9133858267716536,65,0.5118110236220472,0.9807524059492563,249.11111111111111,0.9891732283464567,251.25,Qwen/Qwen3.6-35B-A3B-FP8
summarization,2,127,8,2032,same_model,1907,0.9384842519685039,125,0.061515748031496065,159,True,127,128,32,32,0,"[159, 40, 8]",0,True,32,True,128,159,32,0,0,32,"[128, 40, 8]",1,40,False,cac6fee02fd04e1964db,"0,1",expected_aligned_shape,Qwen/Qwen3.6-35B-A3B-FP8,ok,32,127,254,192,0.7559055118110236,254,234,0.9212598425196851,73,0.5748031496062992,0.9825021872265968,249.55555555555554,0.9901574803149606,251.5,Qwen/Qwen3.6-35B-A3B-FP8
math_numeric,2,127,8,2032,same_model,1867,0.9187992125984252,165,0.0812007874015748,159,True,127,128,32,32,0,"[159, 40, 8]",0,True,32,True,128,159,32,0,0,32,"[128, 40, 8]",1,40,False,cacdac01a1df5cf98e8c,"0,1",expected_aligned_shape,Qwen/Qwen3.6-35B-A3B-FP8,ok,32,127,254,180,0.7086614173228346,254,243,0.9566929133858267,68,0.5354330708661418,0.9903762029746284,251.55555555555554,0.9945866141732284,252.625,Qwen/Qwen3.6-35B-A3B-FP8
short_qa,2,127,8,2032,same_model,1904,0.937007874015748,128,0.06299212598425197,159,True,127,128,32,32,0,"[159, 40, 8]",0,True,32,True,128,159,32,0,0,32,"[128, 40, 8]",1,40,False,cb4f5e75566df4895a22,"0,1",expected_aligned_shape,Qwen/Qwen3.6-35B-A3B-FP8,ok,32,127,254,183,0.7204724409448819,254,229,0.9015748031496063,67,0.5275590551181102,0.9781277340332459,248.44444444444446,0.9876968503937008,250.875,Qwen/Qwen3.6-35B-A3B-FP8
chat,2,127,8,2032,same_model,1906,0.937992125984252,126,0.06200787401574803,159,True,127,128,32,32,0,"[159, 40, 8]",0,True,32,True,128,159,32,0,0,32,"[128, 40, 8]",1,40,False,cb5ad6bd2da7b7ac246a,"0,1",expected_aligned_shape,Qwen/Qwen3.6-35B-A3B-FP8,ok,32,127,254,190,0.7480314960629921,254,238,0.937007874015748,70,0.5511811023622047,0.9860017497812774,250.44444444444446,0.9921259842519685,252.0,Qwen/Qwen3.6-35B-A3B-FP8
short_qa,2,127,8,2032,same_model,1845,0.9079724409448819,187,0.09202755905511811,159,True,127,128,32,32,0,"[159, 40, 8]",0,True,32,True,128,159,32,0,0,32,"[128, 40, 8]",1,40,False,cb7ef85aeaf18ee8ce20,"0,1",expected_aligned_shape,Qwen/Qwen3.6-35B-A3B-FP8,ok,32,127,254,180,0.7086614173228346,254,233,0.9173228346456693,60,0.47244094488188976,0.9816272965879266,249.33333333333334,0.9896653543307087,251.375,Qwen/Qwen3.6-35B-A3B-FP8
code,2,127,8,2032,same_model,1867,0.9187992125984252,165,0.0812007874015748,166,True,127,128,39,39,0,"[166, 40, 8]",0,True,39,True,128,166,39,0,0,39,"[128, 40, 8]",1,40,False,cb95ee1e94b241aba4f9,"0,1",expected_aligned_shape,Qwen/Qwen3.6-35B-A3B-FP8,ok,32,127,254,180,0.7086614173228346,254,232,0.9133858267716536,64,0.5039370078740157,0.9807524059492564,249.11111111111111,0.9891732283464567,251.25,Qwen/Qwen3.6-35B-A3B-FP8
needle,2,127,8,2032,same_model,1845,0.9079724409448819,187,0.09202755905511811,159,True,127,128,32,32,0,"[159, 40, 8]",0,True,32,True,128,159,32,0,0,32,"[128, 40, 8]",1,40,False,cc05fb2fbe60c1e25c7c,"0,1",expected_aligned_shape,Qwen/Qwen3.6-35B-A3B-FP8,ok,32,127,254,162,0.6377952755905512,254,224,0.8818897637795275,54,0.4251968503937008,0.9737532808398952,247.33333333333334,0.985236220472441,250.25,Qwen/Qwen3.6-35B-A3B-FP8
chat,2,127,8,2032,same_model,1889,0.9296259842519685,143,0.0703740157480315,159,True,127,128,32,32,0,"[159, 40, 8]",0,True,32,True,128,159,32,0,0,32,"[128, 40, 8]",1,40,False,cc075064e2dcaf82ea11,"0,1",expected_aligned_shape,Qwen/Qwen3.6-35B-A3B-FP8,ok,32,127,254,185,0.7283464566929134,254,235,0.9251968503937008,68,0.5354330708661418,0.9833770778652668,249.77777777777777,0.9906496062992126,251.625,Qwen/Qwen3.6-35B-A3B-FP8
math_numeric,2,127,8,2032,same_model,1891,0.9306102362204725,141,0.06938976377952756,159,True,127,128,32,32,0,"[159, 40, 8]",0,True,32,True,128,159,32,0,0,32,"[128, 40, 8]",1,40,False,cc66fc7e655780f0ce4a,"0,1",expected_aligned_shape,Qwen/Qwen3.6-35B-A3B-FP8,ok,32,127,254,186,0.7322834645669292,254,236,0.9291338582677166,67,0.5275590551181102,0.984251968503937,250.0,0.9911417322834646,251.75,Qwen/Qwen3.6-35B-A3B-FP8
low_margin,2,127,8,2032,same_model,1894,0.9320866141732284,138,0.06791338582677166,167,True,127,128,40,40,0,"[167, 40, 8]",0,True,40,True,128,167,40,0,0,40,"[128, 40, 8]",1,40,False,cc92eea2f85060c2ef48,"0,1",expected_aligned_shape,Qwen/Qwen3.6-35B-A3B-FP8,ok,32,127,254,187,0.7362204724409449,254,238,0.937007874015748,69,0.5433070866141733,0.9853018372703414,250.26666666666668,0.9916338582677166,251.875,Qwen/Qwen3.6-35B-A3B-FP8
short_qa,2,127,8,2032,same_model,1898,0.9340551181102362,134,0.06594488188976377,166,True,127,128,39,39,0,"[166, 40, 8]",0,True,39,True,128,166,39,0,0,39,"[128, 40, 8]",1,40,False,cc968cd2910e4b042410,"0,1",expected_aligned_shape,Qwen/Qwen3.6-35B-A3B-FP8,ok,32,127,254,189,0.7440944881889764,254,237,0.9330708661417323,74,0.5826771653543307,0.9851268591426072,250.22222222222223,0.9916338582677166,251.875,Qwen/Qwen3.6-35B-A3B-FP8
json_structured,2,127,8,2032,same_model,1904,0.937007874015748,128,0.06299212598425197,167,True,127,128,40,40,0,"[167, 40, 8]",0,True,40,True,128,167,40,0,0,40,"[128, 40, 8]",1,40,False,cca742911a13c00aec34,"0,1",expected_aligned_shape,Qwen/Qwen3.6-35B-A3B-FP8,ok,32,127,254,193,0.7598425196850394,254,239,0.9409448818897638,73,0.5748031496062992,0.9861767279090116,250.48888888888888,0.9921259842519685,252.0,Qwen/Qwen3.6-35B-A3B-FP8
needle,2,127,8,2032,same_model,1873,0.921751968503937,159,0.07824803149606299,159,True,127,128,32,32,0,"[159, 40, 8]",0,True,32,True,128,159,32,0,0,32,"[128, 40, 8]",1,40,False,ccb10409682b5cac10c7,"0,1",expected_aligned_shape,Qwen/Qwen3.6-35B-A3B-FP8,ok,32,127,254,177,0.6968503937007874,254,228,0.8976377952755905,63,0.49606299212598426,0.9772528433945757,248.22222222222223,0.9872047244094488,250.75,Qwen/Qwen3.6-35B-A3B-FP8
summarization,2,127,8,2032,same_model,1910,0.9399606299212598,122,0.060039370078740155,159,True,127,128,32,32,0,"[159, 40, 8]",0,True,32,True,128,159,32,0,0,32,"[128, 40, 8]",1,40,False,ccde5d7b82ca11f23b09,"0,1",expected_aligned_shape,Qwen/Qwen3.6-35B-A3B-FP8,ok,32,127,254,196,0.7716535433070866,254,241,0.9488188976377953,77,0.6062992125984252,0.9886264216972879,251.11111111111111,0.9936023622047244,252.375,Qwen/Qwen3.6-35B-A3B-FP8
short_qa,2,127,8,2032,same_model,1904,0.937007874015748,128,0.06299212598425197,159,True,127,128,32,32,0,"[159, 40, 8]",0,True,32,True,128,159,32,0,0,32,"[128, 40, 8]",1,40,False,cd5e143f7557cfc96999,"0,1",expected_aligned_shape,Qwen/Qwen3.6-35B-A3B-FP8,ok,32,127,254,193,0.7598425196850394,254,239,0.9409448818897638,71,0.5590551181102362,0.9868766404199476,250.66666666666666,0.9926181102362205,252.125,Qwen/Qwen3.6-35B-A3B-FP8
chat,2,127,8,2032,same_model,1873,0.921751968503937,159,0.07824803149606299,167,True,127,128,40,40,0,"[167, 40, 8]",0,True,40,True,128,167,40,0,0,40,"[128, 40, 8]",1,40,False,cd748cc0523506c2997c,"0,1",expected_aligned_shape,Qwen/Qwen3.6-35B-A3B-FP8,ok,32,127,254,177,0.6968503937007874,254,235,0.9251968503937008,59,0.4645669291338583,0.983377077865267,249.77777777777777,0.9906496062992126,251.625,Qwen/Qwen3.6-35B-A3B-FP8
low_margin,2,127,8,2032,same_model,1885,0.9276574803149606,147,0.07234251968503937,167,True,127,128,40,40,0,"[167, 40, 8]",0,True,40,True,128,167,40,0,0,40,"[128, 40, 8]",1,40,False,ce3b621205a2f65dcaa1,"0,1",expected_aligned_shape,Qwen/Qwen3.6-35B-A3B-FP8,ok,32,127,254,184,0.7244094488188977,254,231,0.9094488188976378,69,0.5433070866141733,0.9798775153105861,248.88888888888889,0.9886811023622047,251.125,Qwen/Qwen3.6-35B-A3B-FP8
low_margin,2,127,8,2032,same_model,1853,0.9119094488188977,179,0.08809055118110236,167,True,127,128,40,40,0,"[167, 40, 8]",0,True,40,True,128,167,40,0,0,40,"[128, 40, 8]",1,40,False,ce8803bd786e747fc5da,"0,1",expected_aligned_shape,Qwen/Qwen3.6-35B-A3B-FP8,ok,32,127,254,169,0.6653543307086615,254,224,0.8818897637795275,54,0.4251968503937008,0.9737532808398951,247.33333333333334,0.985236220472441,250.25,Qwen/Qwen3.6-35B-A3B-FP8
json_structured,2,127,8,2032,same_model,1899,0.9345472440944882,133,0.0654527559055118,159,True,127,128,32,32,0,"[159, 40, 8]",0,True,32,True,128,159,32,0,0,32,"[128, 40, 8]",1,40,False,cef2ad578ccae2987bf5,"0,1",expected_aligned_shape,Qwen/Qwen3.6-35B-A3B-FP8,ok,32,127,254,190,0.7480314960629921,254,236,0.9291338582677166,73,0.5748031496062992,0.984251968503937,250.0,0.9911417322834646,251.75,Qwen/Qwen3.6-35B-A3B-FP8
math_numeric,2,6,8,96,same_model,88,0.9166666666666666,8,0.08333333333333333,38,True,6,7,32,32,0,"[38, 40, 8]",0,True,32,True,7,38,32,0,0,32,"[7, 40, 8]",1,40,False,cef9ccc3dede53da7cf5,"0,1",expected_aligned_shape,Qwen/Qwen3.6-35B-A3B-FP8,ok,32,6,12,9,0.75,12,12,1.0,4,0.6666666666666666,1.0,12.0,1.0,12.0,Qwen/Qwen3.6-35B-A3B-FP8
low_margin,2,127,8,2032,same_model,1891,0.9306102362204725,141,0.06938976377952756,166,True,127,128,39,39,0,"[166, 40, 8]",0,True,39,True,128,166,39,0,0,39,"[128, 40, 8]",1,40,False,cf09294076c02627a3a0,"0,1",expected_aligned_shape,Qwen/Qwen3.6-35B-A3B-FP8,ok,32,127,254,187,0.7362204724409449,254,241,0.9488188976377953,69,0.5433070866141733,0.9886264216972879,251.11111111111111,0.9936023622047244,252.375,Qwen/Qwen3.6-35B-A3B-FP8
needle,2,127,8,2032,same_model,1875,0.922736220472441,157,0.07726377952755906,159,True,127,128,32,32,0,"[159, 40, 8]",0,True,32,True,128,159,32,0,0,32,"[128, 40, 8]",1,40,False,cf7b6e98551fa0af3d01,"0,1",expected_aligned_shape,Qwen/Qwen3.6-35B-A3B-FP8,ok,32,127,254,176,0.6929133858267716,254,228,0.8976377952755905,62,0.4881889763779528,0.9772528433945757,248.22222222222223,0.9872047244094488,250.75,Qwen/Qwen3.6-35B-A3B-FP8
logs,2,127,8,2032,same_model,1861,0.9158464566929134,171,0.08415354330708662,159,True,127,128,32,32,0,"[159, 40, 8]",0,True,32,True,128,159,32,0,0,32,"[128, 40, 8]",1,40,False,d01ed33c5d8b4ebe4e68,"0,1",expected_aligned_shape,Qwen/Qwen3.6-35B-A3B-FP8,ok,32,127,254,180,0.7086614173228346,254,233,0.9173228346456693,69,0.5433070866141733,0.9816272965879266,249.33333333333334,0.9896653543307087,251.375,Qwen/Qwen3.6-35B-A3B-FP8
chat,2,127,8,2032,same_model,1873,0.921751968503937,159,0.07824803149606299,159,True,127,128,32,32,0,"[159, 40, 8]",0,True,32,True,128,159,32,0,0,32,"[128, 40, 8]",1,40,False,d1602404fdf9a687b17f,"0,1",expected_aligned_shape,Qwen/Qwen3.6-35B-A3B-FP8,ok,32,127,254,178,0.7007874015748031,254,231,0.9094488188976378,66,0.5196850393700787,0.9798775153105862,248.88888888888889,0.9886811023622047,251.125,Qwen/Qwen3.6-35B-A3B-FP8
chat,2,127,8,2032,same_model,1906,0.937992125984252,126,0.06200787401574803,167,True,127,128,40,40,0,"[167, 40, 8]",0,True,40,True,128,167,40,0,0,40,"[128, 40, 8]",1,40,False,d1edc02f59a4883e4d91,"0,1",expected_aligned_shape,Qwen/Qwen3.6-35B-A3B-FP8,ok,32,127,254,196,0.7716535433070866,254,241,0.9488188976377953,75,0.5905511811023622,0.9879265091863517,250.93333333333334,0.9931102362204725,252.25,Qwen/Qwen3.6-35B-A3B-FP8
chat,2,127,8,2032,same_model,1882,0.9261811023622047,150,0.07381889763779527,159,True,127,128,32,32,0,"[159, 40, 8]",0,True,32,True,128,159,32,0,0,32,"[128, 40, 8]",1,40,False,d2451c217ecf54d76ae3,"0,1",expected_aligned_shape,Qwen/Qwen3.6-35B-A3B-FP8,ok,32,127,254,183,0.7204724409448819,254,234,0.9212598425196851,64,0.5039370078740157,0.9825021872265968,249.55555555555554,0.9901574803149606,251.5,Qwen/Qwen3.6-35B-A3B-FP8
needle,2,127,8,2032,same_model,1867,0.9187992125984252,165,0.0812007874015748,159,True,127,128,32,32,0,"[159, 40, 8]",0,True,32,True,128,159,32,0,0,32,"[128, 40, 8]",1,40,False,d28e7cb28a862000f211,"0,1",expected_aligned_shape,Qwen/Qwen3.6-35B-A3B-FP8,ok,32,127,254,181,0.7125984251968503,254,231,0.9094488188976378,65,0.5118110236220472,0.9798775153105862,248.88888888888889,0.9886811023622047,251.125,Qwen/Qwen3.6-35B-A3B-FP8
needle,2,127,8,2032,same_model,1883,0.9266732283464567,149,0.0733267716535433,159,True,127,128,32,32,0,"[159, 40, 8]",0,True,32,True,128,159,32,0,0,32,"[128, 40, 8]",1,40,False,d2ad6a368500632341b5,"0,1",expected_aligned_shape,Qwen/Qwen3.6-35B-A3B-FP8,ok,32,127,254,186,0.7322834645669292,254,237,0.9330708661417323,65,0.5118110236220472,0.9851268591426072,250.22222222222223,0.9916338582677166,251.875,Qwen/Qwen3.6-35B-A3B-FP8
code,2,127,8,2032,same_model,1857,0.9138779527559056,175,0.08612204724409449,166,True,127,128,39,39,0,"[166, 40, 8]",0,True,39,True,128,166,39,0,0,39,"[128, 40, 8]",1,40,False,d2aef3de0a914cbd30cd,"0,1",expected_aligned_shape,Qwen/Qwen3.6-35B-A3B-FP8,ok,32,127,254,176,0.6929133858267716,254,236,0.9291338582677166,61,0.48031496062992124,0.9835520559930009,249.82222222222222,0.9906496062992126,251.625,Qwen/Qwen3.6-35B-A3B-FP8
code,2,127,8,2032,same_model,1863,0.9168307086614174,169,0.08316929133858268,159,True,127,128,32,32,0,"[159, 40, 8]",0,True,32,True,128,159,32,0,0,32,"[128, 40, 8]",1,40,False,d2c48184cc2e83155340,"0,1",expected_aligned_shape,Qwen/Qwen3.6-35B-A3B-FP8,ok,32,127,254,173,0.6811023622047244,254,235,0.9251968503937008,54,0.4251968503937008,0.9833770778652668,249.77777777777777,0.9906496062992126,251.625,Qwen/Qwen3.6-35B-A3B-FP8
chat,2,127,8,2032,same_model,1907,0.9384842519685039,125,0.061515748031496065,167,True,127,128,40,40,0,"[167, 40, 8]",0,True,40,True,128,167,40,0,0,40,"[128, 40, 8]",1,40,False,d33dbda788627764c00f,"0,1",expected_aligned_shape,Qwen/Qwen3.6-35B-A3B-FP8,ok,32,127,254,192,0.7559055118110236,254,238,0.937007874015748,73,0.5748031496062992,0.9860017497812774,250.44444444444446,0.9921259842519685,252.0,Qwen/Qwen3.6-35B-A3B-FP8
chat,2,127,8,2032,same_model,1896,0.9330708661417323,136,0.06692913385826772,167,True,127,128,40,40,0,"[167, 40, 8]",0,True,40,True,128,167,40,0,0,40,"[128, 40, 8]",1,40,False,d35a0a4817634dc7cc96,"0,1",expected_aligned_shape,Qwen/Qwen3.6-35B-A3B-FP8,ok,32,127,254,188,0.7401574803149606,254,237,0.9330708661417323,67,0.5275590551181102,0.9851268591426071,250.22222222222223,0.9916338582677166,251.875,Qwen/Qwen3.6-35B-A3B-FP8
needle,2,127,8,2032,same_model,1866,0.9183070866141733,166,0.08169291338582677,159,True,127,128,32,32,0,"[159, 40, 8]",0,True,32,True,128,159,32,0,0,32,"[128, 40, 8]",1,40,False,d37b2b30191e39ab55f9,"0,1",expected_aligned_shape,Qwen/Qwen3.6-35B-A3B-FP8,ok,32,127,254,176,0.6929133858267716,254,228,0.8976377952755905,61,0.48031496062992124,0.9772528433945757,248.22222222222223,0.9872047244094488,250.75,Qwen/Qwen3.6-35B-A3B-FP8
low_margin,2,127,8,2032,same_model,1911,0.9404527559055118,121,0.05954724409448819,167,True,127,128,40,40,0,"[167, 40, 8]",0,True,40,True,128,167,40,0,0,40,"[128, 40, 8]",1,40,False,d37c7290c5413ebd15e5,"0,1",expected_aligned_shape,Qwen/Qwen3.6-35B-A3B-FP8,ok,32,127,254,191,0.7519685039370079,254,232,0.9133858267716536,72,0.5669291338582677,0.9807524059492563,249.11111111111111,0.9891732283464567,251.25,Qwen/Qwen3.6-35B-A3B-FP8
summarization,2,127,8,2032,same_model,1884,0.9271653543307087,148,0.07283464566929133,163,True,127,128,36,36,0,"[163, 40, 8]",0,True,36,True,128,163,36,0,0,36,"[128, 40, 8]",1,40,False,d3931b16d449005faf35,"0,1",expected_aligned_shape,Qwen/Qwen3.6-35B-A3B-FP8,ok,32,127,254,185,0.7283464566929134,254,236,0.9291338582677166,67,0.5275590551181102,0.984251968503937,250.0,0.9911417322834646,251.75,Qwen/Qwen3.6-35B-A3B-FP8
mixed_language,2,127,8,2032,same_model,1844,0.90748031496063,188,0.09251968503937008,159,True,127,128,32,32,0,"[159, 40, 8]",0,True,32,True,128,159,32,0,0,32,"[128, 40, 8]",1,40,False,d3d427ca6ab184fc3dad,"0,1",expected_aligned_shape,Qwen/Qwen3.6-35B-A3B-FP8,ok,32,127,254,164,0.6456692913385826,254,230,0.905511811023622,54,0.4251968503937008,0.9783027121609799,248.48888888888888,0.9876968503937008,250.875,Qwen/Qwen3.6-35B-A3B-FP8
logs,2,127,8,2032,same_model,1898,0.9340551181102362,134,0.06594488188976377,159,True,127,128,32,32,0,"[159, 40, 8]",0,True,32,True,128,159,32,0,0,32,"[128, 40, 8]",1,40,False,d4cceaad88cb0529de4f,"0,1",expected_aligned_shape,Qwen/Qwen3.6-35B-A3B-FP8,ok,32,127,254,190,0.7480314960629921,254,239,0.9409448818897638,70,0.5511811023622047,0.9868766404199476,250.66666666666666,0.9926181102362205,252.125,Qwen/Qwen3.6-35B-A3B-FP8
math_numeric,2,127,8,2032,same_model,1919,0.9443897637795275,113,0.05561023622047244,159,True,127,128,32,32,0,"[159, 40, 8]",0,True,32,True,128,159,32,0,0,32,"[128, 40, 8]",1,40,False,d4d0c07197eaf2915900,"0,1",expected_aligned_shape,Qwen/Qwen3.6-35B-A3B-FP8,ok,32,127,254,197,0.7755905511811023,254,240,0.9448818897637795,79,0.6220472440944882,0.9870516185476815,250.7111111111111,0.9926181102362205,252.125,Qwen/Qwen3.6-35B-A3B-FP8
mixed_language,2,3,8,48,same_model,44,0.9166666666666666,4,0.08333333333333333,35,True,3,4,32,32,0,"[35, 40, 8]",0,True,32,True,4,35,32,0,0,32,"[4, 40, 8]",1,40,False,d4e41b234555351ee4da,"0,1",expected_aligned_shape,Qwen/Qwen3.6-35B-A3B-FP8,ok,32,3,6,4,0.6666666666666666,6,6,1.0,2,0.6666666666666666,1.0,6.0,1.0,6.0,Qwen/Qwen3.6-35B-A3B-FP8
json_structured,2,127,8,2032,same_model,1891,0.9306102362204725,141,0.06938976377952756,159,True,127,128,32,32,0,"[159, 40, 8]",0,True,32,True,128,159,32,0,0,32,"[128, 40, 8]",1,40,False,d51b06ab7dd13d4d81d4,"0,1",expected_aligned_shape,Qwen/Qwen3.6-35B-A3B-FP8,ok,32,127,254,182,0.7165354330708661,254,237,0.9330708661417323,65,0.5118110236220472,0.9851268591426072,250.22222222222223,0.9916338582677166,251.875,Qwen/Qwen3.6-35B-A3B-FP8
math_numeric,2,127,8,2032,same_model,1852,0.9114173228346457,180,0.08858267716535433,159,True,127,128,32,32,0,"[159, 40, 8]",0,True,32,True,128,159,32,0,0,32,"[128, 40, 8]",1,40,False,d54b9920df3289027f13,"0,1",expected_aligned_shape,Qwen/Qwen3.6-35B-A3B-FP8,ok,32,127,254,175,0.6889763779527559,254,234,0.9212598425196851,57,0.44881889763779526,0.9825021872265968,249.55555555555554,0.9901574803149606,251.5,Qwen/Qwen3.6-35B-A3B-FP8
math_numeric,2,127,8,2032,same_model,1683,0.828248031496063,349,0.171751968503937,159,True,127,128,32,32,0,"[159, 40, 8]",0,True,32,True,128,159,32,0,0,32,"[128, 40, 8]",1,40,False,d584c4cfa7779c6be42c,"0,1",expected_aligned_shape,Qwen/Qwen3.6-35B-A3B-FP8,ok,32,127,254,125,0.4921259842519685,254,175,0.6889763779527559,24,0.1889763779527559,0.9280839895013124,235.73333333333332,0.9591535433070866,243.625,Qwen/Qwen3.6-35B-A3B-FP8
chat,2,127,8,2032,same_model,1902,0.9360236220472441,130,0.0639763779527559,159,True,127,128,32,32,0,"[159, 40, 8]",0,True,32,True,128,159,32,0,0,32,"[128, 40, 8]",1,40,False,d5a2d0e1c881a72f54f4,"0,1",expected_aligned_shape,Qwen/Qwen3.6-35B-A3B-FP8,ok,32,127,254,188,0.7401574803149606,254,233,0.9173228346456693,67,0.5275590551181102,0.9816272965879265,249.33333333333334,0.9896653543307087,251.375,Qwen/Qwen3.6-35B-A3B-FP8
mixed_language,2,127,8,2032,same_model,1881,0.9256889763779528,151,0.07431102362204725,159,True,127,128,32,32,0,"[159, 40, 8]",0,True,32,True,128,159,32,0,0,32,"[128, 40, 8]",1,40,False,d64596be0221f3b70026,"0,1",expected_aligned_shape,Qwen/Qwen3.6-35B-A3B-FP8,ok,32,127,254,184,0.7244094488188977,254,231,0.9094488188976378,64,0.5039370078740157,0.9798775153105863,248.88888888888889,0.9886811023622047,251.125,Qwen/Qwen3.6-35B-A3B-FP8
mixed_language,2,127,8,2032,same_model,1863,0.9168307086614174,169,0.08316929133858268,159,True,127,128,32,32,0,"[159, 40, 8]",0,True,32,True,128,159,32,0,0,32,"[128, 40, 8]",1,40,False,d6e432fcfc894fcdf881,"0,1",expected_aligned_shape,Qwen/Qwen3.6-35B-A3B-FP8,ok,32,127,254,170,0.6692913385826772,254,227,0.8937007874015748,57,0.44881889763779526,0.9756780402449694,247.82222222222222,0.9862204724409449,250.5,Qwen/Qwen3.6-35B-A3B-FP8
code,2,127,8,2032,same_model,1857,0.9138779527559056,175,0.08612204724409449,166,True,127,128,39,39,0,"[166, 40, 8]",0,True,39,True,128,166,39,0,0,39,"[128, 40, 8]",1,40,False,d6f402d11078ae28b1f7,"0,1",expected_aligned_shape,Qwen/Qwen3.6-35B-A3B-FP8,ok,32,127,254,174,0.6850393700787402,254,233,0.9173228346456693,60,0.47244094488188976,0.9816272965879265,249.33333333333334,0.9896653543307087,251.375,Qwen/Qwen3.6-35B-A3B-FP8
code,2,127,8,2032,same_model,1868,0.9192913385826772,164,0.08070866141732283,166,True,127,128,39,39,0,"[166, 40, 8]",0,True,39,True,128,166,39,0,0,39,"[128, 40, 8]",1,40,False,d6f454eac4a53046e42e,"0,1",expected_aligned_shape,Qwen/Qwen3.6-35B-A3B-FP8,ok,32,127,254,174,0.6850393700787402,254,233,0.9173228346456693,63,0.49606299212598426,0.9816272965879266,249.33333333333334,0.9896653543307087,251.375,Qwen/Qwen3.6-35B-A3B-FP8
math_numeric,2,127,8,2032,same_model,1905,0.9375,127,0.0625,159,True,127,128,32,32,0,"[159, 40, 8]",0,True,32,True,128,159,32,0,0,32,"[128, 40, 8]",1,40,False,d73b80329b316dcdaf36,"0,1",expected_aligned_shape,Qwen/Qwen3.6-35B-A3B-FP8,ok,32,127,254,197,0.7755905511811023,254,238,0.937007874015748,78,0.6141732283464567,0.9860017497812773,250.44444444444446,0.9921259842519685,252.0,Qwen/Qwen3.6-35B-A3B-FP8
summarization,2,127,8,2032,same_model,1870,0.9202755905511811,162,0.0797244094488189,159,True,127,128,32,32,0,"[159, 40, 8]",0,True,32,True,128,159,32,0,0,32,"[128, 40, 8]",1,40,False,d76d3c32ef4c93167c51,"0,1",expected_aligned_shape,Qwen/Qwen3.6-35B-A3B-FP8,ok,32,127,254,176,0.6929133858267716,254,235,0.9251968503937008,58,0.4566929133858268,0.9826771653543308,249.6,0.9901574803149606,251.5,Qwen/Qwen3.6-35B-A3B-FP8
code,2,127,8,2032,same_model,1899,0.9345472440944882,133,0.0654527559055118,159,True,127,128,32,32,0,"[159, 40, 8]",0,True,32,True,128,159,32,0,0,32,"[128, 40, 8]",1,40,False,d7c98976ac96049f9f9c,"0,1",expected_aligned_shape,Qwen/Qwen3.6-35B-A3B-FP8,ok,32,127,254,192,0.7559055118110236,254,242,0.952755905511811,70,0.5511811023622047,0.989501312335958,251.33333333333334,0.9940944881889764,252.5,Qwen/Qwen3.6-35B-A3B-FP8
json_structured,2,127,8,2032,same_model,1910,0.9399606299212598,122,0.060039370078740155,167,True,127,128,40,40,0,"[167, 40, 8]",0,True,40,True,128,167,40,0,0,40,"[128, 40, 8]",1,40,False,d7eeb5c3a73a68a2c72c,"0,1",expected_aligned_shape,Qwen/Qwen3.6-35B-A3B-FP8,ok,32,127,254,193,0.7598425196850394,254,240,0.9448818897637795,71,0.5590551181102362,0.9877515310586177,250.88888888888889,0.9931102362204725,252.25,Qwen/Qwen3.6-35B-A3B-FP8
low_margin,2,127,8,2032,same_model,1881,0.9256889763779528,151,0.07431102362204725,166,True,127,128,39,39,0,"[166, 40, 8]",0,True,39,True,128,166,39,0,0,39,"[128, 40, 8]",1,40,False,d8edb7f1d9b6fb40cb72,"0,1",expected_aligned_shape,Qwen/Qwen3.6-35B-A3B-FP8,ok,32,127,254,182,0.7165354330708661,254,237,0.9330708661417323,67,0.5275590551181102,0.9851268591426072,250.22222222222223,0.9916338582677166,251.875,Qwen/Qwen3.6-35B-A3B-FP8
summarization,2,127,8,2032,same_model,1868,0.9192913385826772,164,0.08070866141732283,159,True,127,128,32,32,0,"[159, 40, 8]",0,True,32,True,128,159,32,0,0,32,"[128, 40, 8]",1,40,False,d9249bf90507eb60487d,"0,1",expected_aligned_shape,Qwen/Qwen3.6-35B-A3B-FP8,ok,32,127,254,172,0.6771653543307087,254,227,0.8937007874015748,55,0.4330708661417323,0.9763779527559056,248.0,0.9867125984251969,250.625,Qwen/Qwen3.6-35B-A3B-FP8
summarization,2,127,8,2032,same_model,1905,0.9375,127,0.0625,167,True,127,128,40,40,0,"[167, 40, 8]",0,True,40,True,128,167,40,0,0,40,"[128, 40, 8]",1,40,False,d9622fa2fc1017575ec2,"0,1",expected_aligned_shape,Qwen/Qwen3.6-35B-A3B-FP8,ok,32,127,254,192,0.7559055118110236,254,237,0.9330708661417323,71,0.5590551181102362,0.9851268591426073,250.22222222222223,0.9916338582677166,251.875,Qwen/Qwen3.6-35B-A3B-FP8
logs,2,127,8,2032,same_model,1873,0.921751968503937,159,0.07824803149606299,159,True,127,128,32,32,0,"[159, 40, 8]",0,True,32,True,128,159,32,0,0,32,"[128, 40, 8]",1,40,False,d97854ce673152a2e895,"0,1",expected_aligned_shape,Qwen/Qwen3.6-35B-A3B-FP8,ok,32,127,254,172,0.6771653543307087,254,220,0.8661417322834646,65,0.5118110236220472,0.9702537182852145,246.44444444444446,0.9832677165354331,249.75,Qwen/Qwen3.6-35B-A3B-FP8
summarization,2,127,8,2032,same_model,1875,0.922736220472441,157,0.07726377952755906,167,True,127,128,40,40,0,"[167, 40, 8]",0,True,40,True,128,167,40,0,0,40,"[128, 40, 8]",1,40,False,d9d3ecbdd05cb7446e3c,"0,1",expected_aligned_shape,Qwen/Qwen3.6-35B-A3B-FP8,ok,32,127,254,180,0.7086614173228346,254,232,0.9133858267716536,68,0.5354330708661418,0.9807524059492564,249.11111111111111,0.9891732283464567,251.25,Qwen/Qwen3.6-35B-A3B-FP8
chat,2,127,8,2032,same_model,1895,0.9325787401574803,137,0.06742125984251969,167,True,127,128,40,40,0,"[167, 40, 8]",0,True,40,True,128,167,40,0,0,40,"[128, 40, 8]",1,40,False,da1186af0fe4ead7b8a3,"0,1",expected_aligned_shape,Qwen/Qwen3.6-35B-A3B-FP8,ok,32,127,254,188,0.7401574803149606,254,234,0.9212598425196851,70,0.5511811023622047,0.9825021872265967,249.55555555555554,0.9901574803149606,251.5,Qwen/Qwen3.6-35B-A3B-FP8
json_structured,2,127,8,2032,same_model,1857,0.9138779527559056,175,0.08612204724409449,159,True,127,128,32,32,0,"[159, 40, 8]",0,True,32,True,128,159,32,0,0,32,"[128, 40, 8]",1,40,False,da278f853123e557b793,"0,1",expected_aligned_shape,Qwen/Qwen3.6-35B-A3B-FP8,ok,32,127,254,174,0.6850393700787402,254,228,0.8976377952755905,58,0.4566929133858268,0.9772528433945757,248.22222222222223,0.9872047244094488,250.75,Qwen/Qwen3.6-35B-A3B-FP8
chat,2,127,8,2032,same_model,1859,0.9148622047244095,173,0.08513779527559055,159,True,127,128,32,32,0,"[159, 40, 8]",0,True,32,True,128,159,32,0,0,32,"[128, 40, 8]",1,40,False,da761af310412e791b36,"0,1",expected_aligned_shape,Qwen/Qwen3.6-35B-A3B-FP8,ok,32,127,254,180,0.7086614173228346,254,235,0.9251968503937008,61,0.48031496062992124,0.9833770778652668,249.77777777777777,0.9906496062992126,251.625,Qwen/Qwen3.6-35B-A3B-FP8
needle,2,127,8,2032,same_model,1879,0.9247047244094488,153,0.07529527559055119,159,True,127,128,32,32,0,"[159, 40, 8]",0,True,32,True,128,159,32,0,0,32,"[128, 40, 8]",1,40,False,dad8f018d4c8500ae0be,"0,1",expected_aligned_shape,Qwen/Qwen3.6-35B-A3B-FP8,ok,32,127,254,182,0.7165354330708661,254,236,0.9291338582677166,65,0.5118110236220472,0.984251968503937,250.0,0.9911417322834646,251.75,Qwen/Qwen3.6-35B-A3B-FP8
needle,2,127,8,2032,same_model,1883,0.9266732283464567,149,0.0733267716535433,159,True,127,128,32,32,0,"[159, 40, 8]",0,True,32,True,128,159,32,0,0,32,"[128, 40, 8]",1,40,False,dba8a8da0a7ff9857eb7,"0,1",expected_aligned_shape,Qwen/Qwen3.6-35B-A3B-FP8,ok,32,127,254,177,0.6968503937007874,254,230,0.905511811023622,63,0.49606299212598426,0.9790026246719161,248.66666666666666,0.9881889763779528,251.0,Qwen/Qwen3.6-35B-A3B-FP8
needle,2,127,8,2032,same_model,1883,0.9266732283464567,149,0.0733267716535433,159,True,127,128,32,32,0,"[159, 40, 8]",0,True,32,True,128,159,32,0,0,32,"[128, 40, 8]",1,40,False,dbb8dced5bf7a78d07db,"0,1",expected_aligned_shape,Qwen/Qwen3.6-35B-A3B-FP8,ok,32,127,254,186,0.7322834645669292,254,232,0.9133858267716536,68,0.5354330708661418,0.9807524059492565,249.11111111111111,0.9891732283464567,251.25,Qwen/Qwen3.6-35B-A3B-FP8
low_margin,2,127,8,2032,same_model,1884,0.9271653543307087,148,0.07283464566929133,167,True,127,128,40,40,0,"[167, 40, 8]",0,True,40,True,128,167,40,0,0,40,"[128, 40, 8]",1,40,False,dc232ce0ff7df57e0ee4,"0,1",expected_aligned_shape,Qwen/Qwen3.6-35B-A3B-FP8,ok,32,127,254,185,0.7283464566929134,254,236,0.9291338582677166,68,0.5354330708661418,0.9842519685039371,250.0,0.9911417322834646,251.75,Qwen/Qwen3.6-35B-A3B-FP8
json_structured,2,127,8,2032,same_model,1901,0.9355314960629921,131,0.06446850393700787,159,True,127,128,32,32,0,"[159, 40, 8]",0,True,32,True,128,159,32,0,0,32,"[128, 40, 8]",1,40,False,dcb1a0658a182c9469db,"0,1",expected_aligned_shape,Qwen/Qwen3.6-35B-A3B-FP8,ok,32,127,254,184,0.7244094488188977,254,227,0.8937007874015748,68,0.5354330708661418,0.9763779527559057,248.0,0.9867125984251969,250.625,Qwen/Qwen3.6-35B-A3B-FP8
json_structured,2,127,8,2032,same_model,1886,0.9281496062992126,146,0.0718503937007874,159,True,127,128,32,32,0,"[159, 40, 8]",0,True,32,True,128,159,32,0,0,32,"[128, 40, 8]",1,40,False,dd327b9029b2db9a20ff,"0,1",expected_aligned_shape,Qwen/Qwen3.6-35B-A3B-FP8,ok,32,127,254,188,0.7401574803149606,254,235,0.9251968503937008,71,0.5590551181102362,0.983377077865267,249.77777777777777,0.9906496062992126,251.625,Qwen/Qwen3.6-35B-A3B-FP8
math_numeric,2,127,8,2032,same_model,1855,0.9128937007874016,177,0.08710629921259842,159,True,127,128,32,32,0,"[159, 40, 8]",0,True,32,True,128,159,32,0,0,32,"[128, 40, 8]",1,40,False,dd4699e3e2a3e9c2917e,"0,1",expected_aligned_shape,Qwen/Qwen3.6-35B-A3B-FP8,ok,32,127,254,175,0.6889763779527559,254,234,0.9212598425196851,54,0.4251968503937008,0.9825021872265967,249.55555555555554,0.9901574803149606,251.5,Qwen/Qwen3.6-35B-A3B-FP8
low_margin,2,127,8,2032,same_model,1891,0.9306102362204725,141,0.06938976377952756,167,True,127,128,40,40,0,"[167, 40, 8]",0,True,40,True,128,167,40,0,0,40,"[128, 40, 8]",1,40,False,de9fa8cbd33ab66d2de0,"0,1",expected_aligned_shape,Qwen/Qwen3.6-35B-A3B-FP8,ok,32,127,254,182,0.7165354330708661,254,228,0.8976377952755905,64,0.5039370078740157,0.9772528433945757,248.22222222222223,0.9872047244094488,250.75,Qwen/Qwen3.6-35B-A3B-FP8
chat,2,127,8,2032,same_model,1889,0.9296259842519685,143,0.0703740157480315,159,True,127,128,32,32,0,"[159, 40, 8]",0,True,32,True,128,159,32,0,0,32,"[128, 40, 8]",1,40,False,decffd4461aedc82affb,"0,1",expected_aligned_shape,Qwen/Qwen3.6-35B-A3B-FP8,ok,32,127,254,183,0.7204724409448819,254,236,0.9291338582677166,66,0.5196850393700787,0.984251968503937,250.0,0.9911417322834646,251.75,Qwen/Qwen3.6-35B-A3B-FP8
math_numeric,2,127,8,2032,same_model,1893,0.9315944881889764,139,0.06840551181102363,159,True,127,128,32,32,0,"[159, 40, 8]",0,True,32,True,128,159,32,0,0,32,"[128, 40, 8]",1,40,False,def6df610c33d0b1ced8,"0,1",expected_aligned_shape,Qwen/Qwen3.6-35B-A3B-FP8,ok,32,127,254,189,0.7440944881889764,254,238,0.937007874015748,69,0.5433070866141733,0.9860017497812774,250.44444444444446,0.9921259842519685,252.0,Qwen/Qwen3.6-35B-A3B-FP8
json_structured,2,127,8,2032,same_model,1873,0.921751968503937,159,0.07824803149606299,159,True,127,128,32,32,0,"[159, 40, 8]",0,True,32,True,128,159,32,0,0,32,"[128, 40, 8]",1,40,False,defca7881b9810bf23b4,"0,1",expected_aligned_shape,Qwen/Qwen3.6-35B-A3B-FP8,ok,32,127,254,174,0.6850393700787402,254,237,0.9330708661417323,61,0.48031496062992124,0.9851268591426071,250.22222222222223,0.9916338582677166,251.875,Qwen/Qwen3.6-35B-A3B-FP8
math_numeric,2,127,8,2032,same_model,1875,0.922736220472441,157,0.07726377952755906,159,True,127,128,32,32,0,"[159, 40, 8]",0,True,32,True,128,159,32,0,0,32,"[128, 40, 8]",1,40,False,df0b18235b03cb2ef7a0,"0,1",expected_aligned_shape,Qwen/Qwen3.6-35B-A3B-FP8,ok,32,127,254,181,0.7125984251968503,254,227,0.8937007874015748,63,0.49606299212598426,0.9763779527559056,248.0,0.9867125984251969,250.625,Qwen/Qwen3.6-35B-A3B-FP8
chat,2,127,8,2032,same_model,1890,0.9301181102362205,142,0.06988188976377953,159,True,127,128,32,32,0,"[159, 40, 8]",0,True,32,True,128,159,32,0,0,32,"[128, 40, 8]",1,40,False,df2178cb54106821c26a,"0,1",expected_aligned_shape,Qwen/Qwen3.6-35B-A3B-FP8,ok,32,127,254,184,0.7244094488188977,254,238,0.937007874015748,67,0.5275590551181102,0.9860017497812773,250.44444444444446,0.9921259842519685,252.0,Qwen/Qwen3.6-35B-A3B-FP8
mixed_language,2,127,8,2032,same_model,1861,0.9158464566929134,171,0.08415354330708662,159,True,127,128,32,32,0,"[159, 40, 8]",0,True,32,True,128,159,32,0,0,32,"[128, 40, 8]",1,40,False,df5699d2d0448cb5e647,"0,1",expected_aligned_shape,Qwen/Qwen3.6-35B-A3B-FP8,ok,32,127,254,172,0.6771653543307087,254,228,0.8976377952755905,58,0.4566929133858268,0.9772528433945757,248.22222222222223,0.9872047244094488,250.75,Qwen/Qwen3.6-35B-A3B-FP8
summarization,2,127,8,2032,same_model,1884,0.9271653543307087,148,0.07283464566929133,163,True,127,128,36,36,0,"[163, 40, 8]",0,True,36,True,128,163,36,0,0,36,"[128, 40, 8]",1,40,False,df729736b09d9cf6a0d1,"0,1",expected_aligned_shape,Qwen/Qwen3.6-35B-A3B-FP8,ok,32,127,254,188,0.7401574803149606,254,240,0.9448818897637795,67,0.5275590551181102,0.9870516185476815,250.7111111111111,0.9926181102362205,252.125,Qwen/Qwen3.6-35B-A3B-FP8
mixed_language,2,84,8,1344,same_model,1258,0.9360119047619048,86,0.06398809523809523,116,True,84,85,32,32,0,"[116, 40, 8]",0,True,32,True,85,116,32,0,0,32,"[85, 40, 8]",1,40,False,df97939370daa489e4f3,"0,1",expected_aligned_shape,Qwen/Qwen3.6-35B-A3B-FP8,ok,32,84,168,129,0.7678571428571429,168,157,0.9345238095238095,52,0.6190476190476191,0.9854497354497356,165.55555555555554,0.9918154761904762,166.625,Qwen/Qwen3.6-35B-A3B-FP8
chat,2,127,8,2032,same_model,1898,0.9340551181102362,134,0.06594488188976377,159,True,127,128,32,32,0,"[159, 40, 8]",0,True,32,True,128,159,32,0,0,32,"[128, 40, 8]",1,40,False,dfce7add325a33dbdf19,"0,1",expected_aligned_shape,Qwen/Qwen3.6-35B-A3B-FP8,ok,32,127,254,185,0.7283464566929134,254,230,0.905511811023622,63,0.49606299212598426,0.9790026246719159,248.66666666666666,0.9881889763779528,251.0,Qwen/Qwen3.6-35B-A3B-FP8
mixed_language,2,99,8,1584,same_model,1507,0.9513888888888888,77,0.04861111111111111,131,True,99,100,32,32,0,"[131, 40, 8]",0,True,32,True,100,131,32,0,0,32,"[100, 40, 8]",1,40,False,e0c0168a11064079fbc6,"0,1",expected_aligned_shape,Qwen/Qwen3.6-35B-A3B-FP8,ok,32,99,198,158,0.797979797979798,198,182,0.9191919191919192,63,0.6363636363636364,0.9820426487093155,194.44444444444446,0.98989898989899,196.0,Qwen/Qwen3.6-35B-A3B-FP8
needle,2,127,8,2032,same_model,1890,0.9301181102362205,142,0.06988188976377953,159,True,127,128,32,32,0,"[159, 40, 8]",0,True,32,True,128,159,32,0,0,32,"[128, 40, 8]",1,40,False,e0d97de9b8a261a96953,"0,1",expected_aligned_shape,Qwen/Qwen3.6-35B-A3B-FP8,ok,32,127,254,182,0.7165354330708661,254,238,0.937007874015748,64,0.5039370078740157,0.9860017497812774,250.44444444444446,0.9921259842519685,252.0,Qwen/Qwen3.6-35B-A3B-FP8
chat,2,127,8,2032,same_model,1885,0.9276574803149606,147,0.07234251968503937,159,True,127,128,32,32,0,"[159, 40, 8]",0,True,32,True,128,159,32,0,0,32,"[128, 40, 8]",1,40,False,e0dbb5e604abee3e9199,"0,1",expected_aligned_shape,Qwen/Qwen3.6-35B-A3B-FP8,ok,32,127,254,182,0.7165354330708661,254,234,0.9212598425196851,66,0.5196850393700787,0.9825021872265967,249.55555555555554,0.9901574803149606,251.5,Qwen/Qwen3.6-35B-A3B-FP8
chat,2,127,8,2032,same_model,1887,0.9286417322834646,145,0.07135826771653543,159,True,127,128,32,32,0,"[159, 40, 8]",0,True,32,True,128,159,32,0,0,32,"[128, 40, 8]",1,40,False,e1506bf7b8cccf5a1d59,"0,1",expected_aligned_shape,Qwen/Qwen3.6-35B-A3B-FP8,ok,32,127,254,187,0.7362204724409449,254,236,0.9291338582677166,69,0.5433070866141733,0.984251968503937,250.0,0.9911417322834646,251.75,Qwen/Qwen3.6-35B-A3B-FP8
short_qa,2,127,8,2032,same_model,1900,0.9350393700787402,132,0.06496062992125984,166,True,127,128,39,39,0,"[166, 40, 8]",0,True,39,True,128,166,39,0,0,39,"[128, 40, 8]",1,40,False,e182834c6c18fefcd829,"0,1",expected_aligned_shape,Qwen/Qwen3.6-35B-A3B-FP8,ok,32,127,254,187,0.7362204724409449,254,237,0.9330708661417323,66,0.5196850393700787,0.9851268591426072,250.22222222222223,0.9916338582677166,251.875,Qwen/Qwen3.6-35B-A3B-FP8
needle,2,127,8,2032,same_model,1880,0.9251968503937008,152,0.07480314960629922,159,True,127,128,32,32,0,"[159, 40, 8]",0,True,32,True,128,159,32,0,0,32,"[128, 40, 8]",1,40,False,e1e67e6b4f6a7359047a,"0,1",expected_aligned_shape,Qwen/Qwen3.6-35B-A3B-FP8,ok,32,127,254,183,0.7204724409448819,254,234,0.9212598425196851,64,0.5039370078740157,0.9825021872265967,249.55555555555554,0.9901574803149606,251.5,Qwen/Qwen3.6-35B-A3B-FP8
json_structured,2,127,8,2032,same_model,1875,0.922736220472441,157,0.07726377952755906,159,True,127,128,32,32,0,"[159, 40, 8]",0,True,32,True,128,159,32,0,0,32,"[128, 40, 8]",1,40,False,e21eec022c296b5ab070,"0,1",expected_aligned_shape,Qwen/Qwen3.6-35B-A3B-FP8,ok,32,127,254,183,0.7204724409448819,254,240,0.9448818897637795,65,0.5118110236220472,0.9877515310586178,250.88888888888889,0.9931102362204725,252.25,Qwen/Qwen3.6-35B-A3B-FP8
json_structured,2,127,8,2032,same_model,1848,0.9094488188976378,184,0.09055118110236221,167,True,127,128,40,40,0,"[167, 40, 8]",0,True,40,True,128,167,40,0,0,40,"[128, 40, 8]",1,40,False,e241a8275a2c1a96efb2,"0,1",expected_aligned_shape,Qwen/Qwen3.6-35B-A3B-FP8,ok,32,127,254,169,0.6653543307086615,254,226,0.889763779527559,58,0.4566929133858268,0.9755030621172354,247.77777777777777,0.9862204724409449,250.5,Qwen/Qwen3.6-35B-A3B-FP8
short_qa,2,127,8,2032,same_model,1879,0.9247047244094488,153,0.07529527559055119,159,True,127,128,32,32,0,"[159, 40, 8]",0,True,32,True,128,159,32,0,0,32,"[128, 40, 8]",1,40,False,e255b92f6ff86f29faa5,"0,1",expected_aligned_shape,Qwen/Qwen3.6-35B-A3B-FP8,ok,32,127,254,178,0.7007874015748031,254,229,0.9015748031496063,62,0.4881889763779528,0.9781277340332459,248.44444444444446,0.9876968503937008,250.875,Qwen/Qwen3.6-35B-A3B-FP8
summarization,2,8,8,128,same_model,120,0.9375,8,0.0625,40,True,8,9,32,32,0,"[40, 40, 8]",0,True,32,True,9,40,32,0,0,32,"[9, 40, 8]",1,40,False,e268aa0a1571b527df88,"0,1",expected_aligned_shape,Qwen/Qwen3.6-35B-A3B-FP8,ok,32,8,16,12,0.75,16,16,1.0,5,0.625,1.0,16.0,1.0,16.0,Qwen/Qwen3.6-35B-A3B-FP8
code,2,127,8,2032,same_model,1883,0.9266732283464567,149,0.0733267716535433,166,True,127,128,39,39,0,"[166, 40, 8]",0,True,39,True,128,166,39,0,0,39,"[128, 40, 8]",1,40,False,e2a2b97cb4cd3fb0ac63,"0,1",expected_aligned_shape,Qwen/Qwen3.6-35B-A3B-FP8,ok,32,127,254,183,0.7204724409448819,254,233,0.9173228346456693,69,0.5433070866141733,0.9809273840769904,249.15555555555557,0.9891732283464567,251.25,Qwen/Qwen3.6-35B-A3B-FP8
json_structured,2,127,8,2032,same_model,1829,0.9000984251968503,203,0.09990157480314961,159,True,127,128,32,32,0,"[159, 40, 8]",0,True,32,True,128,159,32,0,0,32,"[128, 40, 8]",1,40,False,e3048f45677a7f61e06c,"0,1",expected_aligned_shape,Qwen/Qwen3.6-35B-A3B-FP8,ok,32,127,254,164,0.6456692913385826,254,224,0.8818897637795275,55,0.4330708661417323,0.9737532808398952,247.33333333333334,0.985236220472441,250.25,Qwen/Qwen3.6-35B-A3B-FP8
code,2,127,8,2032,same_model,1901,0.9355314960629921,131,0.06446850393700787,166,True,127,128,39,39,0,"[166, 40, 8]",0,True,39,True,128,166,39,0,0,39,"[128, 40, 8]",1,40,False,e31ab73e5cc95c1d83a9,"0,1",expected_aligned_shape,Qwen/Qwen3.6-35B-A3B-FP8,ok,32,127,254,193,0.7598425196850394,254,238,0.937007874015748,73,0.5748031496062992,0.9860017497812774,250.44444444444446,0.9921259842519685,252.0,Qwen/Qwen3.6-35B-A3B-FP8
math_numeric,2,127,8,2032,same_model,1861,0.9158464566929134,171,0.08415354330708662,159,True,127,128,32,32,0,"[159, 40, 8]",0,True,32,True,128,159,32,0,0,32,"[128, 40, 8]",1,40,False,e371ee1102e9afc445d2,"0,1",expected_aligned_shape,Qwen/Qwen3.6-35B-A3B-FP8,ok,32,127,254,173,0.6811023622047244,254,230,0.905511811023622,57,0.44881889763779526,0.9783027121609799,248.48888888888888,0.9876968503937008,250.875,Qwen/Qwen3.6-35B-A3B-FP8
needle,2,127,8,2032,same_model,1883,0.9266732283464567,149,0.0733267716535433,159,True,127,128,32,32,0,"[159, 40, 8]",0,True,32,True,128,159,32,0,0,32,"[128, 40, 8]",1,40,False,e3b52879bd66047b12c7,"0,1",expected_aligned_shape,Qwen/Qwen3.6-35B-A3B-FP8,ok,32,127,254,180,0.7086614173228346,254,235,0.9251968503937008,62,0.4881889763779528,0.9833770778652668,249.77777777777777,0.9906496062992126,251.625,Qwen/Qwen3.6-35B-A3B-FP8
summarization,2,127,8,2032,same_model,1885,0.9276574803149606,147,0.07234251968503937,163,True,127,128,36,36,0,"[163, 40, 8]",0,True,36,True,128,163,36,0,0,36,"[128, 40, 8]",1,40,False,e3c9801e2e24a41181f4,"0,1",expected_aligned_shape,Qwen/Qwen3.6-35B-A3B-FP8,ok,32,127,254,185,0.7283464566929134,254,236,0.9291338582677166,69,0.5433070866141733,0.983552055993001,249.82222222222222,0.9906496062992126,251.625,Qwen/Qwen3.6-35B-A3B-FP8
math_numeric,2,127,8,2032,same_model,1879,0.9247047244094488,153,0.07529527559055119,159,True,127,128,32,32,0,"[159, 40, 8]",0,True,32,True,128,159,32,0,0,32,"[128, 40, 8]",1,40,False,e4393f3f574092a035dc,"0,1",expected_aligned_shape,Qwen/Qwen3.6-35B-A3B-FP8,ok,32,127,254,183,0.7204724409448819,254,234,0.9212598425196851,67,0.5275590551181102,0.9818022747156606,249.37777777777777,0.9896653543307087,251.375,Qwen/Qwen3.6-35B-A3B-FP8
code,2,127,8,2032,same_model,1888,0.9291338582677166,144,0.07086614173228346,159,True,127,128,32,32,0,"[159, 40, 8]",0,True,32,True,128,159,32,0,0,32,"[128, 40, 8]",1,40,False,e45406fdb262473d0618,"0,1",expected_aligned_shape,Qwen/Qwen3.6-35B-A3B-FP8,ok,32,127,254,185,0.7283464566929134,254,237,0.9330708661417323,67,0.5275590551181102,0.9851268591426072,250.22222222222223,0.9916338582677166,251.875,Qwen/Qwen3.6-35B-A3B-FP8
summarization,2,127,8,2032,same_model,1889,0.9296259842519685,143,0.0703740157480315,167,True,127,128,40,40,0,"[167, 40, 8]",0,True,40,True,128,167,40,0,0,40,"[128, 40, 8]",1,40,False,e45887176dc3dc67a26f,"0,1",expected_aligned_shape,Qwen/Qwen3.6-35B-A3B-FP8,ok,32,127,254,181,0.7125984251968503,254,236,0.9291338582677166,62,0.4881889763779528,0.9842519685039369,250.0,0.9911417322834646,251.75,Qwen/Qwen3.6-35B-A3B-FP8
json_structured,2,127,8,2032,same_model,1851,0.9109251968503937,181,0.0890748031496063,159,True,127,128,32,32,0,"[159, 40, 8]",0,True,32,True,128,159,32,0,0,32,"[128, 40, 8]",1,40,False,e4e26ee6c93d0b0c2b29,"0,1",expected_aligned_shape,Qwen/Qwen3.6-35B-A3B-FP8,ok,32,127,254,171,0.6732283464566929,254,231,0.9094488188976378,57,0.44881889763779526,0.9798775153105863,248.88888888888889,0.9886811023622047,251.125,Qwen/Qwen3.6-35B-A3B-FP8
code,2,127,8,2032,same_model,1859,0.9148622047244095,173,0.08513779527559055,159,True,127,128,32,32,0,"[159, 40, 8]",0,True,32,True,128,159,32,0,0,32,"[128, 40, 8]",1,40,False,e4f5ca71dd6c109ad385,"0,1",expected_aligned_shape,Qwen/Qwen3.6-35B-A3B-FP8,ok,32,127,254,175,0.6889763779527559,254,235,0.9251968503937008,59,0.4645669291338583,0.9833770778652668,249.77777777777777,0.9906496062992126,251.625,Qwen/Qwen3.6-35B-A3B-FP8
math_numeric,2,127,8,2032,same_model,1851,0.9109251968503937,181,0.0890748031496063,159,True,127,128,32,32,0,"[159, 40, 8]",0,True,32,True,128,159,32,0,0,32,"[128, 40, 8]",1,40,False,e50fa99f61491ecbb31a,"0,1",expected_aligned_shape,Qwen/Qwen3.6-35B-A3B-FP8,ok,32,127,254,179,0.7047244094488189,254,237,0.9330708661417323,61,0.48031496062992124,0.9851268591426073,250.22222222222223,0.9916338582677166,251.875,Qwen/Qwen3.6-35B-A3B-FP8
low_margin,2,127,8,2032,same_model,1896,0.9330708661417323,136,0.06692913385826772,167,True,127,128,40,40,0,"[167, 40, 8]",0,True,40,True,128,167,40,0,0,40,"[128, 40, 8]",1,40,False,e53e7c8bd9bc87e260cc,"0,1",expected_aligned_shape,Qwen/Qwen3.6-35B-A3B-FP8,ok,32,127,254,187,0.7362204724409449,254,229,0.9015748031496063,66,0.5196850393700787,0.9781277340332459,248.44444444444446,0.9876968503937008,250.875,Qwen/Qwen3.6-35B-A3B-FP8
low_margin,2,127,8,2032,same_model,1901,0.9355314960629921,131,0.06446850393700787,167,True,127,128,40,40,0,"[167, 40, 8]",0,True,40,True,128,167,40,0,0,40,"[128, 40, 8]",1,40,False,e552ee5adbb3501fcc29,"0,1",expected_aligned_shape,Qwen/Qwen3.6-35B-A3B-FP8,ok,32,127,254,192,0.7559055118110236,254,236,0.9291338582677166,75,0.5905511811023622,0.9835520559930009,249.82222222222222,0.9906496062992126,251.625,Qwen/Qwen3.6-35B-A3B-FP8
short_qa,2,127,8,2032,same_model,1911,0.9404527559055118,121,0.05954724409448819,159,True,127,128,32,32,0,"[159, 40, 8]",0,True,32,True,128,159,32,0,0,32,"[128, 40, 8]",1,40,False,e5668477658ddaf47f00,"0,1",expected_aligned_shape,Qwen/Qwen3.6-35B-A3B-FP8,ok,32,127,254,192,0.7559055118110236,254,237,0.9330708661417323,72,0.5669291338582677,0.9844269466316711,250.04444444444445,0.9911417322834646,251.75,Qwen/Qwen3.6-35B-A3B-FP8
short_qa,2,127,8,2032,same_model,1874,0.922244094488189,158,0.07775590551181102,159,True,127,128,32,32,0,"[159, 40, 8]",0,True,32,True,128,159,32,0,0,32,"[128, 40, 8]",1,40,False,e56a4ad163b2a7ad3ac7,"0,1",expected_aligned_shape,Qwen/Qwen3.6-35B-A3B-FP8,ok,32,127,254,175,0.6889763779527559,254,231,0.9094488188976378,58,0.4566929133858268,0.9798775153105862,248.88888888888889,0.9886811023622047,251.125,Qwen/Qwen3.6-35B-A3B-FP8
math_numeric,2,127,8,2032,same_model,1695,0.8341535433070866,337,0.1658464566929134,159,True,127,128,32,32,0,"[159, 40, 8]",0,True,32,True,128,159,32,0,0,32,"[128, 40, 8]",1,40,False,e58abda4f60d678d4a28,"0,1",expected_aligned_shape,Qwen/Qwen3.6-35B-A3B-FP8,ok,32,127,254,133,0.5236220472440944,254,219,0.8622047244094488,30,0.23622047244094488,0.968678915135608,246.04444444444445,0.9822834645669292,249.5,Qwen/Qwen3.6-35B-A3B-FP8
mixed_language,2,127,8,2032,same_model,1861,0.9158464566929134,171,0.08415354330708662,159,True,127,128,32,32,0,"[159, 40, 8]",0,True,32,True,128,159,32,0,0,32,"[128, 40, 8]",1,40,False,e61167965915dc828d21,"0,1",expected_aligned_shape,Qwen/Qwen3.6-35B-A3B-FP8,ok,32,127,254,177,0.6968503937007874,254,238,0.937007874015748,59,0.4645669291338583,0.9853018372703413,250.26666666666668,0.9916338582677166,251.875,Qwen/Qwen3.6-35B-A3B-FP8
mixed_language,2,127,8,2032,same_model,1916,0.9429133858267716,116,0.05708661417322835,159,True,127,128,32,32,0,"[159, 40, 8]",0,True,32,True,128,159,32,0,0,32,"[128, 40, 8]",1,40,False,e63507dd1e56d90fdb00,"0,1",expected_aligned_shape,Qwen/Qwen3.6-35B-A3B-FP8,ok,32,127,254,196,0.7716535433070866,254,237,0.9330708661417323,77,0.6062992125984252,0.9851268591426072,250.22222222222223,0.9916338582677166,251.875,Qwen/Qwen3.6-35B-A3B-FP8
math_numeric,2,127,8,2032,same_model,1735,0.8538385826771654,297,0.14616141732283464,159,True,127,128,32,32,0,"[159, 40, 8]",0,True,32,True,128,159,32,0,0,32,"[128, 40, 8]",1,40,False,e65a59f3b5949b96eb7a,"0,1",expected_aligned_shape,Qwen/Qwen3.6-35B-A3B-FP8,ok,32,127,254,146,0.5748031496062992,254,226,0.889763779527559,38,0.2992125984251969,0.9755030621172355,247.77777777777777,0.9862204724409449,250.5,Qwen/Qwen3.6-35B-A3B-FP8
json_structured,2,127,8,2032,same_model,1858,0.9143700787401575,174,0.08562992125984252,159,True,127,128,32,32,0,"[159, 40, 8]",0,True,32,True,128,159,32,0,0,32,"[128, 40, 8]",1,40,False,e6bafd5cab79097ea33e,"0,1",expected_aligned_shape,Qwen/Qwen3.6-35B-A3B-FP8,ok,32,127,254,173,0.6811023622047244,254,229,0.9015748031496063,56,0.4409448818897638,0.9774278215223097,248.26666666666668,0.9872047244094488,250.75,Qwen/Qwen3.6-35B-A3B-FP8
json_structured,2,127,8,2032,same_model,1857,0.9138779527559056,175,0.08612204724409449,159,True,127,128,32,32,0,"[159, 40, 8]",0,True,32,True,128,159,32,0,0,32,"[128, 40, 8]",1,40,False,e70fea41349e29ef36fe,"0,1",expected_aligned_shape,Qwen/Qwen3.6-35B-A3B-FP8,ok,32,127,254,165,0.6496062992125984,254,224,0.8818897637795275,50,0.3937007874015748,0.973053368328959,247.15555555555557,0.984744094488189,250.125,Qwen/Qwen3.6-35B-A3B-FP8
math_numeric,2,127,8,2032,same_model,1632,0.8031496062992126,400,0.1968503937007874,159,True,127,128,32,32,0,"[159, 40, 8]",0,True,32,True,128,159,32,0,0,32,"[128, 40, 8]",1,40,False,e74eaa24a6e9e411b43a,"0,1",expected_aligned_shape,Qwen/Qwen3.6-35B-A3B-FP8,ok,32,127,254,95,0.37401574803149606,254,207,0.8149606299212598,14,0.11023622047244094,0.95748031496063,243.2,0.9758858267716536,247.875,Qwen/Qwen3.6-35B-A3B-FP8
summarization,2,127,8,2032,same_model,1897,0.9335629921259843,135,0.06643700787401575,167,True,127,128,40,40,0,"[167, 40, 8]",0,True,40,True,128,167,40,0,0,40,"[128, 40, 8]",1,40,False,e7d0328add79dfef0719,"0,1",expected_aligned_shape,Qwen/Qwen3.6-35B-A3B-FP8,ok,32,127,254,190,0.7480314960629921,254,236,0.9291338582677166,70,0.5511811023622047,0.9842519685039371,250.0,0.9911417322834646,251.75,Qwen/Qwen3.6-35B-A3B-FP8
short_qa,2,127,8,2032,same_model,1890,0.9301181102362205,142,0.06988188976377953,166,True,127,128,39,39,0,"[166, 40, 8]",0,True,39,True,128,166,39,0,0,39,"[128, 40, 8]",1,40,False,e7f0ca1caecbbe89e953,"0,1",expected_aligned_shape,Qwen/Qwen3.6-35B-A3B-FP8,ok,32,127,254,184,0.7244094488188977,254,235,0.9251968503937008,66,0.5196850393700787,0.9833770778652668,249.77777777777777,0.9906496062992126,251.625,Qwen/Qwen3.6-35B-A3B-FP8
summarization,2,127,8,2032,same_model,1902,0.9360236220472441,130,0.0639763779527559,167,True,127,128,40,40,0,"[167, 40, 8]",0,True,40,True,128,167,40,0,0,40,"[128, 40, 8]",1,40,False,e824d93b1763a303ac0e,"0,1",expected_aligned_shape,Qwen/Qwen3.6-35B-A3B-FP8,ok,32,127,254,187,0.7362204724409449,254,235,0.9251968503937008,67,0.5275590551181102,0.9833770778652668,249.77777777777777,0.9906496062992126,251.625,Qwen/Qwen3.6-35B-A3B-FP8
math_numeric,2,127,8,2032,same_model,1583,0.7790354330708661,449,0.22096456692913385,159,True,127,128,32,32,0,"[159, 40, 8]",0,True,32,True,128,159,32,0,0,32,"[128, 40, 8]",1,40,False,e8d609e5d3a41266e100,"0,1",expected_aligned_shape,Qwen/Qwen3.6-35B-A3B-FP8,ok,32,127,254,118,0.4645669291338583,254,175,0.6889763779527559,23,0.18110236220472442,0.9212121212121213,233.9878787878788,0.9542322834645669,242.375,Qwen/Qwen3.6-35B-A3B-FP8
short_qa,2,127,8,2032,same_model,1870,0.9202755905511811,162,0.0797244094488189,159,True,127,128,32,32,0,"[159, 40, 8]",0,True,32,True,128,159,32,0,0,32,"[128, 40, 8]",1,40,False,e8f0931a3295abecd91d,"0,1",expected_aligned_shape,Qwen/Qwen3.6-35B-A3B-FP8,ok,32,127,254,172,0.6771653543307087,254,233,0.9173228346456693,60,0.47244094488188976,0.9816272965879267,249.33333333333334,0.9896653543307087,251.375,Qwen/Qwen3.6-35B-A3B-FP8
mixed_language,2,127,8,2032,same_model,1862,0.9163385826771654,170,0.08366141732283465,159,True,127,128,32,32,0,"[159, 40, 8]",0,True,32,True,128,159,32,0,0,32,"[128, 40, 8]",1,40,False,e94a7692fe73b8cd9add,"0,1",expected_aligned_shape,Qwen/Qwen3.6-35B-A3B-FP8,ok,32,127,254,174,0.6850393700787402,254,235,0.9251968503937008,58,0.4566929133858268,0.983377077865267,249.77777777777777,0.9906496062992126,251.625,Qwen/Qwen3.6-35B-A3B-FP8
json_structured,2,127,8,2032,same_model,1891,0.9306102362204725,141,0.06938976377952756,159,True,127,128,32,32,0,"[159, 40, 8]",0,True,32,True,128,159,32,0,0,32,"[128, 40, 8]",1,40,False,e9638fc4294228986f46,"0,1",expected_aligned_shape,Qwen/Qwen3.6-35B-A3B-FP8,ok,32,127,254,189,0.7440944881889764,254,236,0.9291338582677166,72,0.5669291338582677,0.984251968503937,250.0,0.9911417322834646,251.75,Qwen/Qwen3.6-35B-A3B-FP8
logs,2,127,8,2032,same_model,1879,0.9247047244094488,153,0.07529527559055119,159,True,127,128,32,32,0,"[159, 40, 8]",0,True,32,True,128,159,32,0,0,32,"[128, 40, 8]",1,40,False,e97cb33c46e2dfd641cd,"0,1",expected_aligned_shape,Qwen/Qwen3.6-35B-A3B-FP8,ok,32,127,254,184,0.7244094488188977,254,238,0.937007874015748,66,0.5196850393700787,0.9860017497812774,250.44444444444446,0.9921259842519685,252.0,Qwen/Qwen3.6-35B-A3B-FP8
mixed_language,2,127,8,2032,same_model,1879,0.9247047244094488,153,0.07529527559055119,159,True,127,128,32,32,0,"[159, 40, 8]",0,True,32,True,128,159,32,0,0,32,"[128, 40, 8]",1,40,False,e9c38d0c60f1ed8584a7,"0,1",expected_aligned_shape,Qwen/Qwen3.6-35B-A3B-FP8,ok,32,127,254,179,0.7047244094488189,254,241,0.9488188976377953,60,0.47244094488188976,0.9886264216972879,251.11111111111111,0.9936023622047244,252.375,Qwen/Qwen3.6-35B-A3B-FP8
code,2,127,8,2032,same_model,1856,0.9133858267716536,176,0.08661417322834646,166,True,127,128,39,39,0,"[166, 40, 8]",0,True,39,True,128,166,39,0,0,39,"[128, 40, 8]",1,40,False,ea20a6f7be1f5596ae81,"0,1",expected_aligned_shape,Qwen/Qwen3.6-35B-A3B-FP8,ok,32,127,254,177,0.6968503937007874,254,237,0.9330708661417323,59,0.4645669291338583,0.9851268591426072,250.22222222222223,0.9916338582677166,251.875,Qwen/Qwen3.6-35B-A3B-FP8
summarization,2,127,8,2032,same_model,1869,0.9197834645669292,163,0.08021653543307086,163,True,127,128,36,36,0,"[163, 40, 8]",0,True,36,True,128,163,36,0,0,36,"[128, 40, 8]",1,40,False,ea25c1dbc2cead686dbe,"0,1",expected_aligned_shape,Qwen/Qwen3.6-35B-A3B-FP8,ok,32,127,254,177,0.6968503937007874,254,231,0.9094488188976378,53,0.41732283464566927,0.9798775153105862,248.88888888888889,0.9886811023622047,251.125,Qwen/Qwen3.6-35B-A3B-FP8
low_margin,2,127,8,2032,same_model,1899,0.9345472440944882,133,0.0654527559055118,167,True,127,128,40,40,0,"[167, 40, 8]",0,True,40,True,128,167,40,0,0,40,"[128, 40, 8]",1,40,False,eac129bd5f579133420d,"0,1",expected_aligned_shape,Qwen/Qwen3.6-35B-A3B-FP8,ok,32,127,254,188,0.7401574803149606,254,239,0.9409448818897638,70,0.5511811023622047,0.9868766404199476,250.66666666666666,0.9926181102362205,252.125,Qwen/Qwen3.6-35B-A3B-FP8
logs,2,127,8,2032,same_model,1887,0.9286417322834646,145,0.07135826771653543,159,True,127,128,32,32,0,"[159, 40, 8]",0,True,32,True,128,159,32,0,0,32,"[128, 40, 8]",1,40,False,eadb01f9a1ea4898ec56,"0,1",expected_aligned_shape,Qwen/Qwen3.6-35B-A3B-FP8,ok,32,127,254,183,0.7204724409448819,254,236,0.9291338582677166,66,0.5196850393700787,0.984251968503937,250.0,0.9911417322834646,251.75,Qwen/Qwen3.6-35B-A3B-FP8
chat,2,127,8,2032,same_model,1882,0.9261811023622047,150,0.07381889763779527,167,True,127,128,40,40,0,"[167, 40, 8]",0,True,40,True,128,167,40,0,0,40,"[128, 40, 8]",1,40,False,eb559da02caf34b94f04,"0,1",expected_aligned_shape,Qwen/Qwen3.6-35B-A3B-FP8,ok,32,127,254,185,0.7283464566929134,254,236,0.9291338582677166,66,0.5196850393700787,0.984251968503937,250.0,0.9911417322834646,251.75,Qwen/Qwen3.6-35B-A3B-FP8
json_structured,2,127,8,2032,same_model,1873,0.921751968503937,159,0.07824803149606299,159,True,127,128,32,32,0,"[159, 40, 8]",0,True,32,True,128,159,32,0,0,32,"[128, 40, 8]",1,40,False,ec141180d7aba09cdfd7,"0,1",expected_aligned_shape,Qwen/Qwen3.6-35B-A3B-FP8,ok,32,127,254,175,0.6889763779527559,254,232,0.9133858267716536,60,0.47244094488188976,0.9807524059492564,249.11111111111111,0.9891732283464567,251.25,Qwen/Qwen3.6-35B-A3B-FP8
code,2,127,8,2032,same_model,1878,0.9242125984251969,154,0.07578740157480315,159,True,127,128,32,32,0,"[159, 40, 8]",0,True,32,True,128,159,32,0,0,32,"[128, 40, 8]",1,40,False,ec1fee35e147b28594e8,"0,1",expected_aligned_shape,Qwen/Qwen3.6-35B-A3B-FP8,ok,32,127,254,181,0.7125984251968503,254,234,0.9212598425196851,65,0.5118110236220472,0.9825021872265968,249.55555555555554,0.9901574803149606,251.5,Qwen/Qwen3.6-35B-A3B-FP8
short_qa,2,127,8,2032,same_model,1886,0.9281496062992126,146,0.0718503937007874,159,True,127,128,32,32,0,"[159, 40, 8]",0,True,32,True,128,159,32,0,0,32,"[128, 40, 8]",1,40,False,ec3c704bbdb9f984816b,"0,1",expected_aligned_shape,Qwen/Qwen3.6-35B-A3B-FP8,ok,32,127,254,184,0.7244094488188977,254,240,0.9448818897637795,63,0.49606299212598426,0.9877515310586177,250.88888888888889,0.9931102362204725,252.25,Qwen/Qwen3.6-35B-A3B-FP8
json_structured,2,127,8,2032,same_model,1859,0.9148622047244095,173,0.08513779527559055,159,True,127,128,32,32,0,"[159, 40, 8]",0,True,32,True,128,159,32,0,0,32,"[128, 40, 8]",1,40,False,ec597988254f8fe60485,"0,1",expected_aligned_shape,Qwen/Qwen3.6-35B-A3B-FP8,ok,32,127,254,173,0.6811023622047244,254,234,0.9212598425196851,57,0.44881889763779526,0.9825021872265967,249.55555555555554,0.9901574803149606,251.5,Qwen/Qwen3.6-35B-A3B-FP8
mixed_language,2,127,8,2032,same_model,1919,0.9443897637795275,113,0.05561023622047244,159,True,127,128,32,32,0,"[159, 40, 8]",0,True,32,True,128,159,32,0,0,32,"[128, 40, 8]",1,40,False,ec60a4f7786e2279a182,"0,1",expected_aligned_shape,Qwen/Qwen3.6-35B-A3B-FP8,ok,32,127,254,196,0.7716535433070866,254,231,0.9094488188976378,77,0.6062992125984252,0.9798775153105862,248.88888888888889,0.9886811023622047,251.125,Qwen/Qwen3.6-35B-A3B-FP8
chat,2,127,8,2032,same_model,1880,0.9251968503937008,152,0.07480314960629922,167,True,127,128,40,40,0,"[167, 40, 8]",0,True,40,True,128,167,40,0,0,40,"[128, 40, 8]",1,40,False,ec70019f85ed0df3b1c4,"0,1",expected_aligned_shape,Qwen/Qwen3.6-35B-A3B-FP8,ok,32,127,254,183,0.7204724409448819,254,239,0.9409448818897638,63,0.49606299212598426,0.9868766404199476,250.66666666666666,0.9926181102362205,252.125,Qwen/Qwen3.6-35B-A3B-FP8
json_structured,2,127,8,2032,same_model,1893,0.9315944881889764,139,0.06840551181102363,159,True,127,128,32,32,0,"[159, 40, 8]",0,True,32,True,128,159,32,0,0,32,"[128, 40, 8]",1,40,False,ed1695f55c50b1366194,"0,1",expected_aligned_shape,Qwen/Qwen3.6-35B-A3B-FP8,ok,32,127,254,187,0.7362204724409449,254,234,0.9212598425196851,70,0.5511811023622047,0.9825021872265967,249.55555555555554,0.9901574803149606,251.5,Qwen/Qwen3.6-35B-A3B-FP8
mixed_language,2,127,8,2032,same_model,1850,0.9104330708661418,182,0.08956692913385826,159,True,127,128,32,32,0,"[159, 40, 8]",0,True,32,True,128,159,32,0,0,32,"[128, 40, 8]",1,40,False,ed33d9d8f1a6628f8f41,"0,1",expected_aligned_shape,Qwen/Qwen3.6-35B-A3B-FP8,ok,32,127,254,172,0.6771653543307087,254,227,0.8937007874015748,58,0.4566929133858268,0.9763779527559057,248.0,0.9867125984251969,250.625,Qwen/Qwen3.6-35B-A3B-FP8
logs,2,127,8,2032,same_model,1866,0.9183070866141733,166,0.08169291338582677,159,True,127,128,32,32,0,"[159, 40, 8]",0,True,32,True,128,159,32,0,0,32,"[128, 40, 8]",1,40,False,ed4af850109e13dbffb7,"0,1",expected_aligned_shape,Qwen/Qwen3.6-35B-A3B-FP8,ok,32,127,254,175,0.6889763779527559,254,225,0.8858267716535433,62,0.4881889763779528,0.9746281714785654,247.55555555555554,0.9857283464566929,250.375,Qwen/Qwen3.6-35B-A3B-FP8
json_structured,2,127,8,2032,same_model,1896,0.9330708661417323,136,0.06692913385826772,167,True,127,128,40,40,0,"[167, 40, 8]",0,True,40,True,128,167,40,0,0,40,"[128, 40, 8]",1,40,False,ed5b42137a010acef8a9,"0,1",expected_aligned_shape,Qwen/Qwen3.6-35B-A3B-FP8,ok,32,127,254,183,0.7204724409448819,254,234,0.9212598425196851,65,0.5118110236220472,0.9825021872265967,249.55555555555554,0.9901574803149606,251.5,Qwen/Qwen3.6-35B-A3B-FP8
math_numeric,2,127,8,2032,same_model,1847,0.9089566929133859,185,0.09104330708661418,159,True,127,128,32,32,0,"[159, 40, 8]",0,True,32,True,128,159,32,0,0,32,"[128, 40, 8]",1,40,False,ed9cd460ff8cf112cf9b,"0,1",expected_aligned_shape,Qwen/Qwen3.6-35B-A3B-FP8,ok,32,127,254,169,0.6653543307086615,254,224,0.8818897637795275,55,0.4330708661417323,0.9737532808398951,247.33333333333334,0.985236220472441,250.25,Qwen/Qwen3.6-35B-A3B-FP8
logs,2,127,8,2032,same_model,1848,0.9094488188976378,184,0.09055118110236221,159,True,127,128,32,32,0,"[159, 40, 8]",0,True,32,True,128,159,32,0,0,32,"[128, 40, 8]",1,40,False,eda8a5523c042a26eee4,"0,1",expected_aligned_shape,Qwen/Qwen3.6-35B-A3B-FP8,ok,32,127,254,165,0.6496062992125984,254,232,0.9133858267716536,55,0.4330708661417323,0.9807524059492563,249.11111111111111,0.9891732283464567,251.25,Qwen/Qwen3.6-35B-A3B-FP8
json_structured,2,127,8,2032,same_model,1889,0.9296259842519685,143,0.0703740157480315,159,True,127,128,32,32,0,"[159, 40, 8]",0,True,32,True,128,159,32,0,0,32,"[128, 40, 8]",1,40,False,edcf5b2b115bf77ea26c,"0,1",expected_aligned_shape,Qwen/Qwen3.6-35B-A3B-FP8,ok,32,127,254,189,0.7440944881889764,254,240,0.9448818897637795,74,0.5826771653543307,0.9877515310586178,250.88888888888889,0.9931102362204725,252.25,Qwen/Qwen3.6-35B-A3B-FP8
summarization,2,127,8,2032,same_model,1914,0.9419291338582677,118,0.058070866141732284,167,True,127,128,40,40,0,"[167, 40, 8]",0,True,40,True,128,167,40,0,0,40,"[128, 40, 8]",1,40,False,ee4a6c86011c3e44ff62,"0,1",expected_aligned_shape,Qwen/Qwen3.6-35B-A3B-FP8,ok,32,127,254,192,0.7559055118110236,254,233,0.9173228346456693,71,0.5590551181102362,0.9816272965879265,249.33333333333334,0.9896653543307087,251.375,Qwen/Qwen3.6-35B-A3B-FP8
math_numeric,2,127,8,2032,same_model,1875,0.922736220472441,157,0.07726377952755906,159,True,127,128,32,32,0,"[159, 40, 8]",0,True,32,True,128,159,32,0,0,32,"[128, 40, 8]",1,40,False,ee7cfbc75d68a00d3394,"0,1",expected_aligned_shape,Qwen/Qwen3.6-35B-A3B-FP8,ok,32,127,254,188,0.7401574803149606,254,245,0.9645669291338582,69,0.5433070866141733,0.9921259842519685,252.0,0.9955708661417323,252.875,Qwen/Qwen3.6-35B-A3B-FP8
short_qa,2,127,8,2032,same_model,1908,0.9389763779527559,124,0.0610236220472441,159,True,127,128,32,32,0,"[159, 40, 8]",0,True,32,True,128,159,32,0,0,32,"[128, 40, 8]",1,40,False,ee7dabd94e62e0bf2b5e,"0,1",expected_aligned_shape,Qwen/Qwen3.6-35B-A3B-FP8,ok,32,127,254,189,0.7440944881889764,254,230,0.905511811023622,73,0.5748031496062992,0.9790026246719161,248.66666666666666,0.9881889763779528,251.0,Qwen/Qwen3.6-35B-A3B-FP8
code,2,127,8,2032,same_model,1875,0.922736220472441,157,0.07726377952755906,166,True,127,128,39,39,0,"[166, 40, 8]",0,True,39,True,128,166,39,0,0,39,"[128, 40, 8]",1,40,False,ee81963d22618d303935,"0,1",expected_aligned_shape,Qwen/Qwen3.6-35B-A3B-FP8,ok,32,127,254,181,0.7125984251968503,254,233,0.9173228346456693,66,0.5196850393700787,0.9816272965879265,249.33333333333334,0.9896653543307087,251.375,Qwen/Qwen3.6-35B-A3B-FP8
math_numeric,2,127,8,2032,same_model,1659,0.8164370078740157,373,0.18356299212598426,159,True,127,128,32,32,0,"[159, 40, 8]",0,True,32,True,128,159,32,0,0,32,"[128, 40, 8]",1,40,False,ef06424c58988163b7c9,"0,1",expected_aligned_shape,Qwen/Qwen3.6-35B-A3B-FP8,ok,32,127,254,102,0.4015748031496063,254,198,0.7795275590551181,19,0.14960629921259844,0.9503062117235346,241.37777777777777,0.9719488188976378,246.875,Qwen/Qwen3.6-35B-A3B-FP8
mixed_language,2,127,8,2032,same_model,1883,0.9266732283464567,149,0.0733267716535433,159,True,127,128,32,32,0,"[159, 40, 8]",0,True,32,True,128,159,32,0,0,32,"[128, 40, 8]",1,40,False,ef10a7183d48a63003df,"0,1",expected_aligned_shape,Qwen/Qwen3.6-35B-A3B-FP8,ok,32,127,254,181,0.7125984251968503,254,235,0.9251968503937008,64,0.5039370078740157,0.9833770778652668,249.77777777777777,0.9906496062992126,251.625,Qwen/Qwen3.6-35B-A3B-FP8
short_qa,2,127,8,2032,same_model,1897,0.9335629921259843,135,0.06643700787401575,159,True,127,128,32,32,0,"[159, 40, 8]",0,True,32,True,128,159,32,0,0,32,"[128, 40, 8]",1,40,False,efbbfc09ebc85a0198a7,"0,1",expected_aligned_shape,Qwen/Qwen3.6-35B-A3B-FP8,ok,32,127,254,184,0.7244094488188977,254,232,0.9133858267716536,66,0.5196850393700787,0.9807524059492563,249.11111111111111,0.9891732283464567,251.25,Qwen/Qwen3.6-35B-A3B-FP8
chat,2,127,8,2032,same_model,1905,0.9375,127,0.0625,159,True,127,128,32,32,0,"[159, 40, 8]",0,True,32,True,128,159,32,0,0,32,"[128, 40, 8]",1,40,False,f0038360238676bc6dc7,"0,1",expected_aligned_shape,Qwen/Qwen3.6-35B-A3B-FP8,ok,32,127,254,190,0.7480314960629921,254,233,0.9173228346456693,70,0.5511811023622047,0.9816272965879266,249.33333333333334,0.9896653543307087,251.375,Qwen/Qwen3.6-35B-A3B-FP8
short_qa,2,127,8,2032,same_model,1910,0.9399606299212598,122,0.060039370078740155,166,True,127,128,39,39,0,"[166, 40, 8]",0,True,39,True,128,166,39,0,0,39,"[128, 40, 8]",1,40,False,f04c751fc6cabeda634f,"0,1",expected_aligned_shape,Qwen/Qwen3.6-35B-A3B-FP8,ok,32,127,254,193,0.7598425196850394,254,238,0.937007874015748,71,0.5590551181102362,0.9860017497812773,250.44444444444446,0.9921259842519685,252.0,Qwen/Qwen3.6-35B-A3B-FP8
mixed_language,2,127,8,2032,same_model,1865,0.9178149606299213,167,0.08218503937007875,159,True,127,128,32,32,0,"[159, 40, 8]",0,True,32,True,128,159,32,0,0,32,"[128, 40, 8]",1,40,False,f071bdcbbbc3e959b867,"0,1",expected_aligned_shape,Qwen/Qwen3.6-35B-A3B-FP8,ok,32,127,254,182,0.7165354330708661,254,234,0.9212598425196851,67,0.5275590551181102,0.9825021872265968,249.55555555555554,0.9901574803149606,251.5,Qwen/Qwen3.6-35B-A3B-FP8
short_qa,2,127,8,2032,same_model,1893,0.9315944881889764,139,0.06840551181102363,166,True,127,128,39,39,0,"[166, 40, 8]",0,True,39,True,128,166,39,0,0,39,"[128, 40, 8]",1,40,False,f0a80145f6b08b42e75e,"0,1",expected_aligned_shape,Qwen/Qwen3.6-35B-A3B-FP8,ok,32,127,254,187,0.7362204724409449,254,236,0.9291338582677166,71,0.5590551181102362,0.984251968503937,250.0,0.9911417322834646,251.75,Qwen/Qwen3.6-35B-A3B-FP8
needle,2,127,8,2032,same_model,1894,0.9320866141732284,138,0.06791338582677166,159,True,127,128,32,32,0,"[159, 40, 8]",0,True,32,True,128,159,32,0,0,32,"[128, 40, 8]",1,40,False,f1319787940d241bd108,"0,1",expected_aligned_shape,Qwen/Qwen3.6-35B-A3B-FP8,ok,32,127,254,183,0.7204724409448819,254,233,0.9173228346456693,69,0.5433070866141733,0.9816272965879265,249.33333333333334,0.9896653543307087,251.375,Qwen/Qwen3.6-35B-A3B-FP8
chat,2,127,8,2032,same_model,1876,0.9232283464566929,156,0.07677165354330709,159,True,127,128,32,32,0,"[159, 40, 8]",0,True,32,True,128,159,32,0,0,32,"[128, 40, 8]",1,40,False,f14945b89c4aa87a2ec2,"0,1",expected_aligned_shape,Qwen/Qwen3.6-35B-A3B-FP8,ok,32,127,254,180,0.7086614173228346,254,235,0.9251968503937008,68,0.5354330708661418,0.9833770778652668,249.77777777777777,0.9906496062992126,251.625,Qwen/Qwen3.6-35B-A3B-FP8
low_margin,2,127,8,2032,same_model,1870,0.9202755905511811,162,0.0797244094488189,166,True,127,128,39,39,0,"[166, 40, 8]",0,True,39,True,128,166,39,0,0,39,"[128, 40, 8]",1,40,False,f16919d280bf2377108c,"0,1",expected_aligned_shape,Qwen/Qwen3.6-35B-A3B-FP8,ok,32,127,254,180,0.7086614173228346,254,235,0.9251968503937008,65,0.5118110236220472,0.983377077865267,249.77777777777777,0.9906496062992126,251.625,Qwen/Qwen3.6-35B-A3B-FP8
math_numeric,2,127,8,2032,same_model,1890,0.9301181102362205,142,0.06988188976377953,159,True,127,128,32,32,0,"[159, 40, 8]",0,True,32,True,128,159,32,0,0,32,"[128, 40, 8]",1,40,False,f1e40190bf0f306cc68f,"0,1",expected_aligned_shape,Qwen/Qwen3.6-35B-A3B-FP8,ok,32,127,254,183,0.7204724409448819,254,231,0.9094488188976378,67,0.5275590551181102,0.9798775153105863,248.88888888888889,0.9886811023622047,251.125,Qwen/Qwen3.6-35B-A3B-FP8
code,2,127,8,2032,same_model,1868,0.9192913385826772,164,0.08070866141732283,166,True,127,128,39,39,0,"[166, 40, 8]",0,True,39,True,128,166,39,0,0,39,"[128, 40, 8]",1,40,False,f1e595a9b1a4d7f427b2,"0,1",expected_aligned_shape,Qwen/Qwen3.6-35B-A3B-FP8,ok,32,127,254,176,0.6929133858267716,254,237,0.9330708661417323,57,0.44881889763779526,0.9851268591426073,250.22222222222223,0.9916338582677166,251.875,Qwen/Qwen3.6-35B-A3B-FP8
mixed_language,2,127,8,2032,same_model,1873,0.921751968503937,159,0.07824803149606299,159,True,127,128,32,32,0,"[159, 40, 8]",0,True,32,True,128,159,32,0,0,32,"[128, 40, 8]",1,40,False,f240b20adde5c5226f6b,"0,1",expected_aligned_shape,Qwen/Qwen3.6-35B-A3B-FP8,ok,32,127,254,177,0.6968503937007874,254,230,0.905511811023622,64,0.5039370078740157,0.979002624671916,248.66666666666666,0.9881889763779528,251.0,Qwen/Qwen3.6-35B-A3B-FP8
mixed_language,2,127,8,2032,same_model,1902,0.9360236220472441,130,0.0639763779527559,159,True,127,128,32,32,0,"[159, 40, 8]",0,True,32,True,128,159,32,0,0,32,"[128, 40, 8]",1,40,False,f2858e4fb41400dee486,"0,1",expected_aligned_shape,Qwen/Qwen3.6-35B-A3B-FP8,ok,32,127,254,190,0.7480314960629921,254,236,0.9291338582677166,75,0.5905511811023622,0.984251968503937,250.0,0.9911417322834646,251.75,Qwen/Qwen3.6-35B-A3B-FP8
math_numeric,2,127,8,2032,same_model,1876,0.9232283464566929,156,0.07677165354330709,159,True,127,128,32,32,0,"[159, 40, 8]",0,True,32,True,128,159,32,0,0,32,"[128, 40, 8]",1,40,False,f2f130fc01529df65039,"0,1",expected_aligned_shape,Qwen/Qwen3.6-35B-A3B-FP8,ok,32,127,254,187,0.7362204724409449,254,238,0.937007874015748,69,0.5433070866141733,0.9860017497812774,250.44444444444446,0.9921259842519685,252.0,Qwen/Qwen3.6-35B-A3B-FP8
short_qa,2,127,8,2032,same_model,1886,0.9281496062992126,146,0.0718503937007874,165,True,127,128,38,38,0,"[165, 40, 8]",0,True,38,True,128,165,38,0,0,38,"[128, 40, 8]",1,40,False,f3007c807c021e4181b1,"0,1",expected_aligned_shape,Qwen/Qwen3.6-35B-A3B-FP8,ok,32,127,254,185,0.7283464566929134,254,238,0.937007874015748,70,0.5511811023622047,0.9860017497812773,250.44444444444446,0.9921259842519685,252.0,Qwen/Qwen3.6-35B-A3B-FP8
short_qa,2,127,8,2032,same_model,1895,0.9325787401574803,137,0.06742125984251969,167,True,127,128,40,40,0,"[167, 40, 8]",0,True,40,True,128,167,40,0,0,40,"[128, 40, 8]",1,40,False,f30e6072f963aa16e457,"0,1",expected_aligned_shape,Qwen/Qwen3.6-35B-A3B-FP8,ok,32,127,254,193,0.7598425196850394,254,237,0.9330708661417323,74,0.5826771653543307,0.9851268591426072,250.22222222222223,0.9916338582677166,251.875,Qwen/Qwen3.6-35B-A3B-FP8
needle,2,127,8,2032,same_model,1860,0.9153543307086615,172,0.08464566929133858,159,True,127,128,32,32,0,"[159, 40, 8]",0,True,32,True,128,159,32,0,0,32,"[128, 40, 8]",1,40,False,f336add17ac143e81f5e,"0,1",expected_aligned_shape,Qwen/Qwen3.6-35B-A3B-FP8,ok,32,127,254,177,0.6968503937007874,254,240,0.9448818897637795,60,0.47244094488188976,0.9877515310586177,250.88888888888889,0.9931102362204725,252.25,Qwen/Qwen3.6-35B-A3B-FP8
chat,2,127,8,2032,same_model,1876,0.9232283464566929,156,0.07677165354330709,159,True,127,128,32,32,0,"[159, 40, 8]",0,True,32,True,128,159,32,0,0,32,"[128, 40, 8]",1,40,False,f33ed6f4a2cbbdc3df09,"0,1",expected_aligned_shape,Qwen/Qwen3.6-35B-A3B-FP8,ok,32,127,254,186,0.7322834645669292,254,239,0.9409448818897638,69,0.5433070866141733,0.9868766404199476,250.66666666666666,0.9926181102362205,252.125,Qwen/Qwen3.6-35B-A3B-FP8
json_structured,2,127,8,2032,same_model,1900,0.9350393700787402,132,0.06496062992125984,159,True,127,128,32,32,0,"[159, 40, 8]",0,True,32,True,128,159,32,0,0,32,"[128, 40, 8]",1,40,False,f34be65d1aaf6e9e9a85,"0,1",expected_aligned_shape,Qwen/Qwen3.6-35B-A3B-FP8,ok,32,127,254,191,0.7519685039370079,254,239,0.9409448818897638,75,0.5905511811023622,0.9868766404199476,250.66666666666666,0.9926181102362205,252.125,Qwen/Qwen3.6-35B-A3B-FP8
chat,2,127,8,2032,same_model,1883,0.9266732283464567,149,0.0733267716535433,159,True,127,128,32,32,0,"[159, 40, 8]",0,True,32,True,128,159,32,0,0,32,"[128, 40, 8]",1,40,False,f4bb1bc665aeca57833d,"0,1",expected_aligned_shape,Qwen/Qwen3.6-35B-A3B-FP8,ok,32,127,254,184,0.7244094488188977,254,234,0.9212598425196851,66,0.5196850393700787,0.9818022747156605,249.37777777777777,0.9896653543307087,251.375,Qwen/Qwen3.6-35B-A3B-FP8
summarization,2,127,8,2032,same_model,1899,0.9345472440944882,133,0.0654527559055118,167,True,127,128,40,40,0,"[167, 40, 8]",0,True,40,True,128,167,40,0,0,40,"[128, 40, 8]",1,40,False,f4cb1b6c567545e9c097,"0,1",expected_aligned_shape,Qwen/Qwen3.6-35B-A3B-FP8,ok,32,127,254,191,0.7519685039370079,254,240,0.9448818897637795,72,0.5669291338582677,0.9877515310586178,250.88888888888889,0.9931102362204725,252.25,Qwen/Qwen3.6-35B-A3B-FP8
mixed_language,2,127,8,2032,same_model,1873,0.921751968503937,159,0.07824803149606299,159,True,127,128,32,32,0,"[159, 40, 8]",0,True,32,True,128,159,32,0,0,32,"[128, 40, 8]",1,40,False,f57907551417f232924a,"0,1",expected_aligned_shape,Qwen/Qwen3.6-35B-A3B-FP8,ok,32,127,254,181,0.7125984251968503,254,234,0.9212598425196851,60,0.47244094488188976,0.9825021872265968,249.55555555555554,0.9901574803149606,251.5,Qwen/Qwen3.6-35B-A3B-FP8
mixed_language,2,127,8,2032,same_model,1896,0.9330708661417323,136,0.06692913385826772,159,True,127,128,32,32,0,"[159, 40, 8]",0,True,32,True,128,159,32,0,0,32,"[128, 40, 8]",1,40,False,f598a18bf78b83407716,"0,1",expected_aligned_shape,Qwen/Qwen3.6-35B-A3B-FP8,ok,32,127,254,185,0.7283464566929134,254,223,0.8779527559055118,68,0.5354330708661418,0.972878390201225,247.11111111111111,0.984744094488189,250.125,Qwen/Qwen3.6-35B-A3B-FP8
summarization,2,127,8,2032,same_model,1896,0.9330708661417323,136,0.06692913385826772,159,True,127,128,32,32,0,"[159, 40, 8]",0,True,32,True,128,159,32,0,0,32,"[128, 40, 8]",1,40,False,f5c971c02106745e8fc1,"0,1",expected_aligned_shape,Qwen/Qwen3.6-35B-A3B-FP8,ok,32,127,254,186,0.7322834645669292,254,228,0.8976377952755905,64,0.5039370078740157,0.9772528433945757,248.22222222222223,0.9872047244094488,250.75,Qwen/Qwen3.6-35B-A3B-FP8
code,2,127,8,2032,same_model,1854,0.9124015748031497,178,0.08759842519685039,159,True,127,128,32,32,0,"[159, 40, 8]",0,True,32,True,128,159,32,0,0,32,"[128, 40, 8]",1,40,False,f5c9a7b15992f59eb027,"0,1",expected_aligned_shape,Qwen/Qwen3.6-35B-A3B-FP8,ok,32,127,254,170,0.6692913385826772,254,225,0.8858267716535433,58,0.4566929133858268,0.9746281714785654,247.55555555555554,0.9857283464566929,250.375,Qwen/Qwen3.6-35B-A3B-FP8
summarization,2,127,8,2032,same_model,1894,0.9320866141732284,138,0.06791338582677166,159,True,127,128,32,32,0,"[159, 40, 8]",0,True,32,True,128,159,32,0,0,32,"[128, 40, 8]",1,40,False,f5e18fd11d8b2c589463,"0,1",expected_aligned_shape,Qwen/Qwen3.6-35B-A3B-FP8,ok,32,127,254,187,0.7362204724409449,254,238,0.937007874015748,66,0.5196850393700787,0.9860017497812774,250.44444444444446,0.9921259842519685,252.0,Qwen/Qwen3.6-35B-A3B-FP8
code,2,127,8,2032,same_model,1901,0.9355314960629921,131,0.06446850393700787,159,True,127,128,32,32,0,"[159, 40, 8]",0,True,32,True,128,159,32,0,0,32,"[128, 40, 8]",1,40,False,f5f097d365c9fe0e543f,"0,1",expected_aligned_shape,Qwen/Qwen3.6-35B-A3B-FP8,ok,32,127,254,191,0.7519685039370079,254,239,0.9409448818897638,73,0.5748031496062992,0.9861767279090115,250.48888888888888,0.9921259842519685,252.0,Qwen/Qwen3.6-35B-A3B-FP8
code,2,127,8,2032,same_model,1877,0.9237204724409449,155,0.07627952755905512,159,True,127,128,32,32,0,"[159, 40, 8]",0,True,32,True,128,159,32,0,0,32,"[128, 40, 8]",1,40,False,f607a25acb33f6d075c1,"0,1",expected_aligned_shape,Qwen/Qwen3.6-35B-A3B-FP8,ok,32,127,254,177,0.6968503937007874,254,229,0.9015748031496063,60,0.47244094488188976,0.9781277340332459,248.44444444444446,0.9876968503937008,250.875,Qwen/Qwen3.6-35B-A3B-FP8
short_qa,2,127,8,2032,same_model,1901,0.9355314960629921,131,0.06446850393700787,166,True,127,128,39,39,0,"[166, 40, 8]",0,True,39,True,128,166,39,0,0,39,"[128, 40, 8]",1,40,False,f6dd8ff341515260d4cb,"0,1",expected_aligned_shape,Qwen/Qwen3.6-35B-A3B-FP8,ok,32,127,254,192,0.7559055118110236,254,240,0.9448818897637795,75,0.5905511811023622,0.9877515310586176,250.88888888888889,0.9931102362204725,252.25,Qwen/Qwen3.6-35B-A3B-FP8
low_margin,2,127,8,2032,same_model,1892,0.9311023622047244,140,0.0688976377952756,167,True,127,128,40,40,0,"[167, 40, 8]",0,True,40,True,128,167,40,0,0,40,"[128, 40, 8]",1,40,False,f6f8677e1aeefc09a04f,"0,1",expected_aligned_shape,Qwen/Qwen3.6-35B-A3B-FP8,ok,32,127,254,190,0.7480314960629921,254,236,0.9291338582677166,69,0.5433070866141733,0.984251968503937,250.0,0.9911417322834646,251.75,Qwen/Qwen3.6-35B-A3B-FP8
summarization,2,127,8,2032,same_model,1845,0.9079724409448819,187,0.09202755905511811,159,True,127,128,32,32,0,"[159, 40, 8]",0,True,32,True,128,159,32,0,0,32,"[128, 40, 8]",1,40,False,f7161b47275b97c6fb82,"0,1",expected_aligned_shape,Qwen/Qwen3.6-35B-A3B-FP8,ok,32,127,254,173,0.6811023622047244,254,234,0.9212598425196851,62,0.4881889763779528,0.9825021872265967,249.55555555555554,0.9901574803149606,251.5,Qwen/Qwen3.6-35B-A3B-FP8
mixed_language,2,127,8,2032,same_model,1898,0.9340551181102362,134,0.06594488188976377,159,True,127,128,32,32,0,"[159, 40, 8]",0,True,32,True,128,159,32,0,0,32,"[128, 40, 8]",1,40,False,f7235228f8e221be40e0,"0,1",expected_aligned_shape,Qwen/Qwen3.6-35B-A3B-FP8,ok,32,127,254,190,0.7480314960629921,254,233,0.9173228346456693,72,0.5669291338582677,0.9816272965879267,249.33333333333334,0.9896653543307087,251.375,Qwen/Qwen3.6-35B-A3B-FP8
json_structured,2,127,8,2032,same_model,1900,0.9350393700787402,132,0.06496062992125984,167,True,127,128,40,40,0,"[167, 40, 8]",0,True,40,True,128,167,40,0,0,40,"[128, 40, 8]",1,40,False,f765a88495d61ef8fb00,"0,1",expected_aligned_shape,Qwen/Qwen3.6-35B-A3B-FP8,ok,32,127,254,187,0.7362204724409449,254,231,0.9094488188976378,69,0.5433070866141733,0.9798775153105862,248.88888888888889,0.9886811023622047,251.125,Qwen/Qwen3.6-35B-A3B-FP8
summarization,2,127,8,2032,same_model,1905,0.9375,127,0.0625,166,True,127,128,39,39,0,"[166, 40, 8]",0,True,39,True,128,166,39,0,0,39,"[128, 40, 8]",1,40,False,f7b04a9eb798f66c1982,"0,1",expected_aligned_shape,Qwen/Qwen3.6-35B-A3B-FP8,ok,32,127,254,191,0.7519685039370079,254,237,0.9330708661417323,74,0.5826771653543307,0.9851268591426072,250.22222222222223,0.9916338582677166,251.875,Qwen/Qwen3.6-35B-A3B-FP8
chat,2,127,8,2032,same_model,1908,0.9389763779527559,124,0.0610236220472441,159,True,127,128,32,32,0,"[159, 40, 8]",0,True,32,True,128,159,32,0,0,32,"[128, 40, 8]",1,40,False,f7b31d9c7603bfc99f41,"0,1",expected_aligned_shape,Qwen/Qwen3.6-35B-A3B-FP8,ok,32,127,254,189,0.7440944881889764,254,234,0.9212598425196851,69,0.5433070866141733,0.9825021872265968,249.55555555555554,0.9901574803149606,251.5,Qwen/Qwen3.6-35B-A3B-FP8
json_structured,2,127,8,2032,same_model,1861,0.9158464566929134,171,0.08415354330708662,159,True,127,128,32,32,0,"[159, 40, 8]",0,True,32,True,128,159,32,0,0,32,"[128, 40, 8]",1,40,False,f8161d92d5e0dcf1cce3,"0,1",expected_aligned_shape,Qwen/Qwen3.6-35B-A3B-FP8,ok,32,127,254,166,0.6535433070866141,254,228,0.8976377952755905,56,0.4409448818897638,0.9772528433945757,248.22222222222223,0.9872047244094488,250.75,Qwen/Qwen3.6-35B-A3B-FP8
code,2,127,8,2032,same_model,1890,0.9301181102362205,142,0.06988188976377953,159,True,127,128,32,32,0,"[159, 40, 8]",0,True,32,True,128,159,32,0,0,32,"[128, 40, 8]",1,40,False,f8522bf1b1649196dabf,"0,1",expected_aligned_shape,Qwen/Qwen3.6-35B-A3B-FP8,ok,32,127,254,188,0.7401574803149606,254,233,0.9173228346456693,68,0.5354330708661418,0.9816272965879266,249.33333333333334,0.9896653543307087,251.375,Qwen/Qwen3.6-35B-A3B-FP8
low_margin,2,127,8,2032,same_model,1899,0.9345472440944882,133,0.0654527559055118,166,True,127,128,39,39,0,"[166, 40, 8]",0,True,39,True,128,166,39,0,0,39,"[128, 40, 8]",1,40,False,f8b7d673208f4703d173,"0,1",expected_aligned_shape,Qwen/Qwen3.6-35B-A3B-FP8,ok,32,127,254,188,0.7401574803149606,254,239,0.9409448818897638,71,0.5590551181102362,0.9868766404199476,250.66666666666666,0.9926181102362205,252.125,Qwen/Qwen3.6-35B-A3B-FP8
mixed_language,2,127,8,2032,same_model,1853,0.9119094488188977,179,0.08809055118110236,159,True,127,128,32,32,0,"[159, 40, 8]",0,True,32,True,128,159,32,0,0,32,"[128, 40, 8]",1,40,False,f913721fcb7ea89e83db,"0,1",expected_aligned_shape,Qwen/Qwen3.6-35B-A3B-FP8,ok,32,127,254,170,0.6692913385826772,254,224,0.8818897637795275,58,0.4566929133858268,0.9737532808398951,247.33333333333334,0.985236220472441,250.25,Qwen/Qwen3.6-35B-A3B-FP8
needle,2,127,8,2032,same_model,1905,0.9375,127,0.0625,159,True,127,128,32,32,0,"[159, 40, 8]",0,True,32,True,128,159,32,0,0,32,"[128, 40, 8]",1,40,False,f9234eab6995d6951a8a,"0,1",expected_aligned_shape,Qwen/Qwen3.6-35B-A3B-FP8,ok,32,127,254,190,0.7480314960629921,254,239,0.9409448818897638,70,0.5511811023622047,0.9868766404199476,250.66666666666666,0.9926181102362205,252.125,Qwen/Qwen3.6-35B-A3B-FP8
short_qa,2,127,8,2032,same_model,1864,0.9173228346456693,168,0.08267716535433071,159,True,127,128,32,32,0,"[159, 40, 8]",0,True,32,True,128,159,32,0,0,32,"[128, 40, 8]",1,40,False,fa9d275badf610a1379e,"0,1",expected_aligned_shape,Qwen/Qwen3.6-35B-A3B-FP8,ok,32,127,254,178,0.7007874015748031,254,232,0.9133858267716536,62,0.4881889763779528,0.9807524059492565,249.11111111111111,0.9891732283464567,251.25,Qwen/Qwen3.6-35B-A3B-FP8
math_numeric,2,127,8,2032,same_model,1831,0.9010826771653543,201,0.09891732283464567,159,True,127,128,32,32,0,"[159, 40, 8]",0,True,32,True,128,159,32,0,0,32,"[128, 40, 8]",1,40,False,fad300d8fd6577e50bbc,"0,1",expected_aligned_shape,Qwen/Qwen3.6-35B-A3B-FP8,ok,32,127,254,162,0.6377952755905512,254,219,0.8622047244094488,48,0.3779527559055118,0.9686789151356081,246.04444444444445,0.9822834645669292,249.5,Qwen/Qwen3.6-35B-A3B-FP8
low_margin,2,127,8,2032,same_model,1864,0.9173228346456693,168,0.08267716535433071,165,True,127,128,38,38,0,"[165, 40, 8]",0,True,38,True,128,165,38,0,0,38,"[128, 40, 8]",1,40,False,fad7a7bed044b720b4b1,"0,1",expected_aligned_shape,Qwen/Qwen3.6-35B-A3B-FP8,ok,32,127,254,179,0.7047244094488189,254,237,0.9330708661417323,62,0.4881889763779528,0.9851268591426072,250.22222222222223,0.9916338582677166,251.875,Qwen/Qwen3.6-35B-A3B-FP8
json_structured,2,127,8,2032,same_model,1875,0.922736220472441,157,0.07726377952755906,159,True,127,128,32,32,0,"[159, 40, 8]",0,True,32,True,128,159,32,0,0,32,"[128, 40, 8]",1,40,False,fae09243181a7d6bf3ec,"0,1",expected_aligned_shape,Qwen/Qwen3.6-35B-A3B-FP8,ok,32,127,254,183,0.7204724409448819,254,236,0.9291338582677166,67,0.5275590551181102,0.984251968503937,250.0,0.9911417322834646,251.75,Qwen/Qwen3.6-35B-A3B-FP8
short_qa,2,127,8,2032,same_model,1888,0.9291338582677166,144,0.07086614173228346,159,True,127,128,32,32,0,"[159, 40, 8]",0,True,32,True,128,159,32,0,0,32,"[128, 40, 8]",1,40,False,fb4a2ad326742a7daba7,"0,1",expected_aligned_shape,Qwen/Qwen3.6-35B-A3B-FP8,ok,32,127,254,185,0.7283464566929134,254,237,0.9330708661417323,67,0.5275590551181102,0.9851268591426072,250.22222222222223,0.9916338582677166,251.875,Qwen/Qwen3.6-35B-A3B-FP8
logs,2,127,8,2032,same_model,1877,0.9237204724409449,155,0.07627952755905512,159,True,127,128,32,32,0,"[159, 40, 8]",0,True,32,True,128,159,32,0,0,32,"[128, 40, 8]",1,40,False,fb52f03e456f4681f727,"0,1",expected_aligned_shape,Qwen/Qwen3.6-35B-A3B-FP8,ok,32,127,254,181,0.7125984251968503,254,234,0.9212598425196851,69,0.5433070866141733,0.9825021872265968,249.55555555555554,0.9901574803149606,251.5,Qwen/Qwen3.6-35B-A3B-FP8
needle,2,127,8,2032,same_model,1889,0.9296259842519685,143,0.0703740157480315,159,True,127,128,32,32,0,"[159, 40, 8]",0,True,32,True,128,159,32,0,0,32,"[128, 40, 8]",1,40,False,fb7cd58efb77536b7e5a,"0,1",expected_aligned_shape,Qwen/Qwen3.6-35B-A3B-FP8,ok,32,127,254,188,0.7401574803149606,254,241,0.9488188976377953,68,0.5354330708661418,0.9886264216972879,251.11111111111111,0.9936023622047244,252.375,Qwen/Qwen3.6-35B-A3B-FP8
needle,2,127,8,2032,same_model,1886,0.9281496062992126,146,0.0718503937007874,159,True,127,128,32,32,0,"[159, 40, 8]",0,True,32,True,128,159,32,0,0,32,"[128, 40, 8]",1,40,False,fc015de10f6cf890ad72,"0,1",expected_aligned_shape,Qwen/Qwen3.6-35B-A3B-FP8,ok,32,127,254,177,0.6968503937007874,254,224,0.8818897637795275,61,0.48031496062992124,0.9737532808398951,247.33333333333334,0.985236220472441,250.25,Qwen/Qwen3.6-35B-A3B-FP8
logs,2,127,8,2032,same_model,1879,0.9247047244094488,153,0.07529527559055119,159,True,127,128,32,32,0,"[159, 40, 8]",0,True,32,True,128,159,32,0,0,32,"[128, 40, 8]",1,40,False,fd593d5b54a62fcffca1,"0,1",expected_aligned_shape,Qwen/Qwen3.6-35B-A3B-FP8,ok,32,127,254,178,0.7007874015748031,254,233,0.9173228346456693,66,0.5196850393700787,0.9816272965879267,249.33333333333334,0.9896653543307087,251.375,Qwen/Qwen3.6-35B-A3B-FP8
summarization,2,127,8,2032,same_model,1894,0.9320866141732284,138,0.06791338582677166,163,True,127,128,36,36,0,"[163, 40, 8]",0,True,36,True,128,163,36,0,0,36,"[128, 40, 8]",1,40,False,fd91b59bb2c549b95df7,"0,1",expected_aligned_shape,Qwen/Qwen3.6-35B-A3B-FP8,ok,32,127,254,186,0.7322834645669292,254,237,0.9330708661417323,66,0.5196850393700787,0.9851268591426072,250.22222222222223,0.9916338582677166,251.875,Qwen/Qwen3.6-35B-A3B-FP8
math_numeric,2,127,8,2032,same_model,1919,0.9443897637795275,113,0.05561023622047244,159,True,127,128,32,32,0,"[159, 40, 8]",0,True,32,True,128,159,32,0,0,32,"[128, 40, 8]",1,40,False,fdfcb33b753deea08692,"0,1",expected_aligned_shape,Qwen/Qwen3.6-35B-A3B-FP8,ok,32,127,254,197,0.7755905511811023,254,239,0.9409448818897638,78,0.6141732283464567,0.9868766404199476,250.66666666666666,0.9926181102362205,252.125,Qwen/Qwen3.6-35B-A3B-FP8
chat,2,127,8,2032,same_model,1900,0.9350393700787402,132,0.06496062992125984,167,True,127,128,40,40,0,"[167, 40, 8]",0,True,40,True,128,167,40,0,0,40,"[128, 40, 8]",1,40,False,fe4a3d67806d76a98fae,"0,1",expected_aligned_shape,Qwen/Qwen3.6-35B-A3B-FP8,ok,32,127,254,190,0.7480314960629921,254,238,0.937007874015748,69,0.5433070866141733,0.9860017497812774,250.44444444444446,0.9921259842519685,252.0,Qwen/Qwen3.6-35B-A3B-FP8
summarization,2,8,8,128,same_model,123,0.9609375,5,0.0390625,40,True,8,9,32,32,0,"[40, 40, 8]",0,True,32,True,9,40,32,0,0,32,"[9, 40, 8]",1,40,False,fe4cffdc58d7f1e1a293,"0,1",expected_aligned_shape,Qwen/Qwen3.6-35B-A3B-FP8,ok,32,8,16,13,0.8125,16,15,0.9375,5,0.625,0.9861111111111112,15.777777777777779,0.9921875,15.875,Qwen/Qwen3.6-35B-A3B-FP8
low_margin,2,127,8,2032,same_model,1900,0.9350393700787402,132,0.06496062992125984,166,True,127,128,39,39,0,"[166, 40, 8]",0,True,39,True,128,166,39,0,0,39,"[128, 40, 8]",1,40,False,fe6b5ef3198d755075f3,"0,1",expected_aligned_shape,Qwen/Qwen3.6-35B-A3B-FP8,ok,32,127,254,190,0.7480314960629921,254,238,0.937007874015748,75,0.5905511811023622,0.9860017497812774,250.44444444444446,0.9921259842519685,252.0,Qwen/Qwen3.6-35B-A3B-FP8
short_qa,2,127,8,2032,same_model,1897,0.9335629921259843,135,0.06643700787401575,166,True,127,128,39,39,0,"[166, 40, 8]",0,True,39,True,128,166,39,0,0,39,"[128, 40, 8]",1,40,False,ff1a9c5e2203db4473c6,"0,1",expected_aligned_shape,Qwen/Qwen3.6-35B-A3B-FP8,ok,32,127,254,189,0.7440944881889764,254,237,0.9330708661417323,70,0.5511811023622047,0.9851268591426072,250.22222222222223,0.9916338582677166,251.875,Qwen/Qwen3.6-35B-A3B-FP8
short_qa,2,127,8,2032,same_model,1902,0.9360236220472441,130,0.0639763779527559,159,True,127,128,32,32,0,"[159, 40, 8]",0,True,32,True,128,159,32,0,0,32,"[128, 40, 8]",1,40,False,ff6072c8813e42e04c48,"0,1",expected_aligned_shape,Qwen/Qwen3.6-35B-A3B-FP8,ok,32,127,254,192,0.7559055118110236,254,244,0.9606299212598425,76,0.5984251968503937,0.9912510936132984,251.77777777777777,0.9950787401574803,252.75,Qwen/Qwen3.6-35B-A3B-FP8
needle,2,127,8,2032,same_model,1901,0.9355314960629921,131,0.06446850393700787,159,True,127,128,32,32,0,"[159, 40, 8]",0,True,32,True,128,159,32,0,0,32,"[128, 40, 8]",1,40,False,ff63d5d0021722cb25c1,"0,1",expected_aligned_shape,Qwen/Qwen3.6-35B-A3B-FP8,ok,32,127,254,184,0.7244094488188977,254,227,0.8937007874015748,64,0.5039370078740157,0.9756780402449695,247.82222222222222,0.9862204724409449,250.5,Qwen/Qwen3.6-35B-A3B-FP8
code,2,127,8,2032,same_model,1879,0.9247047244094488,153,0.07529527559055119,159,True,127,128,32,32,0,"[159, 40, 8]",0,True,32,True,128,159,32,0,0,32,"[128, 40, 8]",1,40,False,ff695148bbfc18ebb614,"0,1",expected_aligned_shape,Qwen/Qwen3.6-35B-A3B-FP8,ok,32,127,254,180,0.7086614173228346,254,241,0.9488188976377953,63,0.49606299212598426,0.988626421697288,251.11111111111111,0.9936023622047244,252.375,Qwen/Qwen3.6-35B-A3B-FP8
mixed_language,2,101,8,1616,same_model,1514,0.9368811881188119,102,0.06311881188118812,133,True,101,102,32,32,0,"[133, 40, 8]",0,True,32,True,102,133,32,0,0,32,"[102, 40, 8]",1,40,False,ff7b7a3a96c67f89ba19,"0,1",expected_aligned_shape,Qwen/Qwen3.6-35B-A3B-FP8,ok,32,101,202,147,0.7277227722772277,202,180,0.8910891089108911,59,0.5841584158415841,0.974917491749175,196.93333333333334,0.9857673267326733,199.125,Qwen/Qwen3.6-35B-A3B-FP8
summarization,2,127,8,2032,same_model,1873,0.921751968503937,159,0.07824803149606299,159,True,127,128,32,32,0,"[159, 40, 8]",0,True,32,True,128,159,32,0,0,32,"[128, 40, 8]",1,40,False,ffa9abdf662cfcc625ac,"0,1",expected_aligned_shape,Qwen/Qwen3.6-35B-A3B-FP8,ok,32,127,254,179,0.7047244094488189,254,237,0.9330708661417323,63,0.49606299212598426,0.9851268591426072,250.22222222222223,0.9916338582677166,251.875,Qwen/Qwen3.6-35B-A3B-FP8
chat,2,127,8,2032,same_model,1899,0.9345472440944882,133,0.0654527559055118,159,True,127,128,32,32,0,"[159, 40, 8]",0,True,32,True,128,159,32,0,0,32,"[128, 40, 8]",1,40,False,ffc63ef1ee5b72090bcf,"0,1",expected_aligned_shape,Qwen/Qwen3.6-35B-A3B-FP8,ok,32,127,254,187,0.7362204724409449,254,233,0.9173228346456693,72,0.5669291338582677,0.9816272965879266,249.33333333333334,0.9896653543307087,251.375,Qwen/Qwen3.6-35B-A3B-FP8
json_structured,2,127,8,2032,same_model,1895,0.9325787401574803,137,0.06742125984251969,159,True,127,128,32,32,0,"[159, 40, 8]",0,True,32,True,128,159,32,0,0,32,"[128, 40, 8]",1,40,False,ffe9f5f93121cd2df5ca,"0,1",expected_aligned_shape,Qwen/Qwen3.6-35B-A3B-FP8,ok,32,127,254,192,0.7559055118110236,254,234,0.9212598425196851,75,0.5905511811023622,0.9825021872265967,249.55555555555554,0.9901574803149606,251.5,Qwen/Qwen3.6-35B-A3B-FP8
