common_len,common_topk,compared_entries,entry_match_count,entry_match_rate,entry_mismatch_count,entry_mismatch_rate,layer_idx,sample_id,token_layer_count,token_layer_match_count,token_layer_match_rate,token_layer_set_count,token_layer_set_match_count,token_layer_set_match_rate,topk_jaccard_mean,topk_jaccard_sum,topk_overlap_mean,topk_overlap_sum
64,8,512,457,0.892578125,55,0.107421875,0,0003c1ab20d811680fab,64,40,0.625,64,59,0.921875,0.9826388888888888,62.888888888888886,0.990234375,63.375
64,8,512,458,0.89453125,54,0.10546875,1,0003c1ab20d811680fab,64,39,0.609375,64,60,0.9375,0.9861111111111112,63.111111111111114,0.9921875,63.5
64,8,512,454,0.88671875,58,0.11328125,2,0003c1ab20d811680fab,64,35,0.546875,64,53,0.828125,0.9618055555555556,61.55555555555556,0.978515625,62.625
64,8,512,399,0.779296875,113,0.220703125,3,0003c1ab20d811680fab,64,21,0.328125,64,48,0.75,0.9444444444444444,60.44444444444444,0.96875,62.0
64,8,512,414,0.80859375,98,0.19140625,4,0003c1ab20d811680fab,64,25,0.390625,64,56,0.875,0.9722222222222223,62.22222222222222,0.984375,63.0
127,8,1016,927,0.9124015748031497,89,0.08759842519685039,0,00948d836971f053bbf9,127,85,0.6692913385826772,127,114,0.8976377952755905,0.9772528433945757,124.11111111111111,0.9872047244094488,125.375
127,8,1016,893,0.8789370078740157,123,0.12106299212598425,1,00948d836971f053bbf9,127,69,0.5433070866141733,127,108,0.8503937007874016,0.9667541557305336,122.77777777777777,0.9812992125984252,124.625
127,8,1016,867,0.8533464566929134,149,0.1466535433070866,2,00948d836971f053bbf9,127,62,0.4881889763779528,127,103,0.8110236220472441,0.958005249343832,121.66666666666667,0.9763779527559056,124.0
127,8,1016,816,0.8031496062992126,200,0.1968503937007874,3,00948d836971f053bbf9,127,42,0.33070866141732286,127,95,0.7480314960629921,0.9426071741032371,119.71111111111111,0.96751968503937,122.875
127,8,1016,853,0.8395669291338582,163,0.16043307086614172,4,00948d836971f053bbf9,127,58,0.4566929133858268,127,101,0.7952755905511811,0.9545056867891514,121.22222222222223,0.9744094488188977,123.75
127,8,1016,892,0.8779527559055118,124,0.1220472440944882,0,00afd811d2fb32cde01b,127,75,0.5905511811023622,127,118,0.9291338582677166,0.984251968503937,125.0,0.9911417322834646,125.875
127,8,1016,880,0.8661417322834646,136,0.13385826771653545,1,00afd811d2fb32cde01b,127,67,0.5275590551181102,127,111,0.8740157480314961,0.9720034995625548,123.44444444444444,0.984251968503937,125.0
127,8,1016,848,0.8346456692913385,168,0.16535433070866143,2,00afd811d2fb32cde01b,127,52,0.4094488188976378,127,101,0.7952755905511811,0.9545056867891514,121.22222222222223,0.9744094488188977,123.75
127,8,1016,804,0.7913385826771654,212,0.20866141732283464,3,00afd811d2fb32cde01b,127,40,0.31496062992125984,127,98,0.7716535433070866,0.947856517935258,120.37777777777778,0.9704724409448819,123.25
127,8,1016,828,0.8149606299212598,188,0.18503937007874016,4,00afd811d2fb32cde01b,127,51,0.4015748031496063,127,101,0.7952755905511811,0.9545056867891513,121.22222222222223,0.9744094488188977,123.75
127,8,1016,893,0.8789370078740157,123,0.12106299212598425,0,00c5b0bb8b418f1087d2,127,74,0.5826771653543307,127,113,0.889763779527559,0.9755030621172355,123.88888888888889,0.9862204724409449,125.25
127,8,1016,891,0.8769685039370079,125,0.12303149606299213,1,00c5b0bb8b418f1087d2,127,75,0.5905511811023622,127,116,0.9133858267716536,0.9807524059492565,124.55555555555556,0.9891732283464567,125.625
127,8,1016,830,0.8169291338582677,186,0.1830708661417323,2,00c5b0bb8b418f1087d2,127,58,0.4566929133858268,127,103,0.8110236220472441,0.9580052493438319,121.66666666666667,0.9763779527559056,124.0
127,8,1016,815,0.8021653543307087,201,0.19783464566929135,3,00c5b0bb8b418f1087d2,127,40,0.31496062992125984,127,101,0.7952755905511811,0.9519605503857472,120.8989898989899,0.9724409448818898,123.5
127,8,1016,845,0.8316929133858267,171,0.16830708661417323,4,00c5b0bb8b418f1087d2,127,57,0.44881889763779526,127,103,0.8110236220472441,0.958005249343832,121.66666666666667,0.9763779527559056,124.0
127,8,1016,886,0.8720472440944882,130,0.1279527559055118,0,00ea1d2b9e3c897033ae,127,66,0.5196850393700787,127,108,0.8503937007874016,0.9667541557305336,122.77777777777777,0.9812992125984252,124.625
127,8,1016,842,0.8287401574803149,174,0.17125984251968504,1,00ea1d2b9e3c897033ae,127,56,0.4409448818897638,127,104,0.8188976377952756,0.9597550306211724,121.88888888888889,0.9773622047244095,124.125
127,8,1016,842,0.8287401574803149,174,0.17125984251968504,2,00ea1d2b9e3c897033ae,127,53,0.41732283464566927,127,98,0.7716535433070866,0.9478565179352583,120.37777777777778,0.9704724409448819,123.25
127,8,1016,810,0.797244094488189,206,0.20275590551181102,3,00ea1d2b9e3c897033ae,127,53,0.41732283464566927,127,101,0.7952755905511811,0.953105861767279,121.04444444444445,0.9734251968503937,123.625
127,8,1016,800,0.7874015748031497,216,0.2125984251968504,4,00ea1d2b9e3c897033ae,127,49,0.3858267716535433,127,103,0.8110236220472441,0.9566054243219598,121.4888888888889,0.9753937007874016,123.875
127,8,1016,892,0.8779527559055118,124,0.1220472440944882,0,01159c067d84ad43a166,127,76,0.5984251968503937,127,118,0.9291338582677166,0.984251968503937,125.0,0.9911417322834646,125.875
127,8,1016,879,0.8651574803149606,137,0.13484251968503938,1,01159c067d84ad43a166,127,71,0.5590551181102362,127,113,0.889763779527559,0.9741032370953631,123.71111111111111,0.985236220472441,125.125
127,8,1016,860,0.8464566929133859,156,0.15354330708661418,2,01159c067d84ad43a166,127,58,0.4566929133858268,127,105,0.8267716535433071,0.9615048118985128,122.11111111111111,0.9783464566929134,124.25
127,8,1016,798,0.7854330708661418,218,0.21456692913385828,3,01159c067d84ad43a166,127,45,0.3543307086614173,127,91,0.7165354330708661,0.9356080489938756,118.82222222222222,0.9635826771653543,122.375
127,8,1016,860,0.8464566929133859,156,0.15354330708661418,4,01159c067d84ad43a166,127,61,0.48031496062992124,127,105,0.8267716535433071,0.9615048118985127,122.11111111111111,0.9783464566929134,124.25
127,8,1016,911,0.8966535433070866,105,0.10334645669291338,0,014c2c850a48d8d32f72,127,74,0.5826771653543307,127,109,0.8582677165354331,0.968503937007874,123.0,0.9822834645669292,124.75
127,8,1016,785,0.7726377952755905,231,0.22736220472440946,1,014c2c850a48d8d32f72,127,41,0.3228346456692913,127,92,0.7244094488188977,0.9387576552930883,119.22222222222223,0.9655511811023622,122.625
127,8,1016,772,0.7598425196850394,244,0.24015748031496062,2,014c2c850a48d8d32f72,127,40,0.31496062992125984,127,89,0.7007874015748031,0.932108486439195,118.37777777777778,0.9616141732283464,122.125
127,8,1016,719,0.7076771653543307,297,0.29232283464566927,3,014c2c850a48d8d32f72,127,20,0.15748031496062992,127,78,0.6141732283464567,0.9114610673665792,115.75555555555556,0.9498031496062992,120.625
127,8,1016,727,0.7155511811023622,289,0.2844488188976378,4,014c2c850a48d8d32f72,127,34,0.2677165354330709,127,87,0.6850393700787402,0.9286089238845142,117.93333333333334,0.9596456692913385,121.875
127,8,1016,902,0.8877952755905512,114,0.11220472440944881,0,014ff27d5116c25971aa,127,75,0.5905511811023622,127,116,0.9133858267716536,0.9807524059492564,124.55555555555556,0.9891732283464567,125.625
127,8,1016,884,0.8700787401574803,132,0.12992125984251968,1,014ff27d5116c25971aa,127,65,0.5118110236220472,127,112,0.8818897637795275,0.973753280839895,123.66666666666667,0.985236220472441,125.125
127,8,1016,861,0.8474409448818898,155,0.15255905511811024,2,014ff27d5116c25971aa,127,62,0.4881889763779528,127,103,0.8110236220472441,0.9566054243219597,121.4888888888889,0.9753937007874016,123.875
127,8,1016,809,0.7962598425196851,207,0.20374015748031496,3,014ff27d5116c25971aa,127,45,0.3543307086614173,127,93,0.7322834645669292,0.9377077865266841,119.08888888888889,0.9645669291338582,122.5
127,8,1016,831,0.8179133858267716,185,0.18208661417322836,4,014ff27d5116c25971aa,127,48,0.3779527559055118,127,97,0.7637795275590551,0.94750656167979,120.33333333333333,0.9704724409448819,123.25
127,8,1016,897,0.8828740157480315,119,0.1171259842519685,0,0167de77ade28a1387ba,127,73,0.5748031496062992,127,118,0.9291338582677166,0.984251968503937,125.0,0.9911417322834646,125.875
127,8,1016,880,0.8661417322834646,136,0.13385826771653545,1,0167de77ade28a1387ba,127,66,0.5196850393700787,127,100,0.7874015748031497,0.952755905511811,121.0,0.9734251968503937,123.625
127,8,1016,852,0.8385826771653543,164,0.16141732283464566,2,0167de77ade28a1387ba,127,53,0.41732283464566927,127,102,0.8031496062992126,0.9548556430446195,121.26666666666667,0.9744094488188977,123.75
127,8,1016,792,0.7795275590551181,224,0.2204724409448819,3,0167de77ade28a1387ba,127,43,0.33858267716535434,127,98,0.7716535433070866,0.9478565179352583,120.37777777777778,0.9704724409448819,123.25
127,8,1016,808,0.7952755905511811,208,0.2047244094488189,4,0167de77ade28a1387ba,127,46,0.36220472440944884,127,98,0.7716535433070866,0.9478565179352582,120.37777777777778,0.9704724409448819,123.25
127,8,1016,920,0.905511811023622,96,0.09448818897637795,0,022f9baa16bf97afecb7,127,84,0.6614173228346457,127,114,0.8976377952755905,0.9772528433945757,124.11111111111111,0.9872047244094488,125.375
127,8,1016,877,0.8631889763779528,139,0.13681102362204725,1,022f9baa16bf97afecb7,127,66,0.5196850393700787,127,113,0.889763779527559,0.9755030621172354,123.88888888888889,0.9862204724409449,125.25
127,8,1016,877,0.8631889763779528,139,0.13681102362204725,2,022f9baa16bf97afecb7,127,70,0.5511811023622047,127,105,0.8267716535433071,0.9601049868766405,121.93333333333334,0.9773622047244095,124.125
127,8,1016,823,0.8100393700787402,193,0.18996062992125984,3,022f9baa16bf97afecb7,127,50,0.3937007874015748,127,95,0.7480314960629921,0.942607174103237,119.71111111111111,0.96751968503937,122.875
127,8,1016,835,0.8218503937007874,181,0.1781496062992126,4,022f9baa16bf97afecb7,127,51,0.4015748031496063,127,101,0.7952755905511811,0.9545056867891514,121.22222222222223,0.9744094488188977,123.75
127,8,1016,918,0.9035433070866141,98,0.09645669291338582,0,0250f87838b3c4e749b5,127,82,0.6456692913385826,127,117,0.9212598425196851,0.9825021872265968,124.77777777777777,0.9901574803149606,125.75
127,8,1016,893,0.8789370078740157,123,0.12106299212598425,1,0250f87838b3c4e749b5,127,70,0.5511811023622047,127,113,0.889763779527559,0.9755030621172354,123.88888888888889,0.9862204724409449,125.25
127,8,1016,879,0.8651574803149606,137,0.13484251968503938,2,0250f87838b3c4e749b5,127,65,0.5118110236220472,127,111,0.8740157480314961,0.9720034995625546,123.44444444444444,0.984251968503937,125.0
127,8,1016,856,0.84251968503937,160,0.15748031496062992,3,0250f87838b3c4e749b5,127,55,0.4330708661417323,127,107,0.84251968503937,0.9650043744531932,122.55555555555556,0.9803149606299213,124.5
127,8,1016,830,0.8169291338582677,186,0.1830708661417323,4,0250f87838b3c4e749b5,127,54,0.4251968503937008,127,99,0.7795275590551181,0.9482064741907262,120.42222222222222,0.9704724409448819,123.25
127,8,1016,885,0.8710629921259843,131,0.12893700787401574,0,027150b07a186d142ae6,127,70,0.5511811023622047,127,110,0.8661417322834646,0.9702537182852145,123.22222222222223,0.9832677165354331,124.875
127,8,1016,876,0.8622047244094488,140,0.1377952755905512,1,027150b07a186d142ae6,127,65,0.5118110236220472,127,117,0.9212598425196851,0.9825021872265968,124.77777777777777,0.9901574803149606,125.75
127,8,1016,844,0.8307086614173228,172,0.16929133858267717,2,027150b07a186d142ae6,127,56,0.4409448818897638,127,97,0.7637795275590551,0.9475065616797899,120.33333333333333,0.9704724409448819,123.25
127,8,1016,819,0.8061023622047244,197,0.19389763779527558,3,027150b07a186d142ae6,127,47,0.3700787401574803,127,105,0.8267716535433071,0.9601049868766405,121.93333333333334,0.9773622047244095,124.125
127,8,1016,831,0.8179133858267716,185,0.18208661417322836,4,027150b07a186d142ae6,127,49,0.3858267716535433,127,96,0.7559055118110236,0.9443569553805775,119.93333333333334,0.968503937007874,123.0
127,8,1016,892,0.8779527559055118,124,0.1220472440944882,0,02a3fef10ad703b70508,127,71,0.5590551181102362,127,114,0.8976377952755905,0.9772528433945757,124.11111111111111,0.9872047244094488,125.375
127,8,1016,862,0.8484251968503937,154,0.1515748031496063,1,02a3fef10ad703b70508,127,59,0.4645669291338583,127,107,0.84251968503937,0.963604549431321,122.37777777777778,0.9793307086614174,124.375
127,8,1016,820,0.8070866141732284,196,0.19291338582677164,2,02a3fef10ad703b70508,127,52,0.4094488188976378,127,102,0.8031496062992126,0.9562554680664915,121.44444444444444,0.9753937007874016,123.875
127,8,1016,817,0.8041338582677166,199,0.19586614173228348,3,02a3fef10ad703b70508,127,41,0.3228346456692913,127,95,0.7480314960629921,0.9398075240594925,119.35555555555555,0.9655511811023622,122.625
127,8,1016,822,0.8090551181102362,194,0.19094488188976377,4,02a3fef10ad703b70508,127,43,0.33858267716535434,127,98,0.7716535433070866,0.9478565179352582,120.37777777777778,0.9704724409448819,123.25
127,8,1016,910,0.8956692913385826,106,0.10433070866141732,0,03475cd4ee88e0e9400a,127,76,0.5984251968503937,127,113,0.889763779527559,0.9741032370953631,123.71111111111111,0.985236220472441,125.125
127,8,1016,883,0.8690944881889764,133,0.1309055118110236,1,03475cd4ee88e0e9400a,127,71,0.5590551181102362,127,105,0.8267716535433071,0.9615048118985127,122.11111111111111,0.9783464566929134,124.25
127,8,1016,837,0.8238188976377953,179,0.17618110236220472,2,03475cd4ee88e0e9400a,127,46,0.36220472440944884,127,96,0.7559055118110236,0.9443569553805775,119.93333333333334,0.968503937007874,123.0
127,8,1016,828,0.8149606299212598,188,0.18503937007874016,3,03475cd4ee88e0e9400a,127,53,0.41732283464566927,127,99,0.7795275590551181,0.9482064741907261,120.42222222222222,0.9704724409448819,123.25
127,8,1016,834,0.8208661417322834,182,0.17913385826771652,4,03475cd4ee88e0e9400a,127,54,0.4251968503937008,127,102,0.8031496062992126,0.9562554680664916,121.44444444444444,0.9753937007874016,123.875
127,8,1016,919,0.9045275590551181,97,0.09547244094488189,0,0364b7d8d89c84a3bd6d,127,80,0.6299212598425197,127,114,0.8976377952755905,0.9772528433945757,124.11111111111111,0.9872047244094488,125.375
127,8,1016,891,0.8769685039370079,125,0.12303149606299213,1,0364b7d8d89c84a3bd6d,127,75,0.5905511811023622,127,113,0.889763779527559,0.9741032370953631,123.71111111111111,0.985236220472441,125.125
127,8,1016,850,0.8366141732283464,166,0.16338582677165353,2,0364b7d8d89c84a3bd6d,127,55,0.4330708661417323,127,101,0.7952755905511811,0.9517060367454067,120.86666666666666,0.9724409448818898,123.5
127,8,1016,786,0.7736220472440944,230,0.2263779527559055,3,0364b7d8d89c84a3bd6d,127,40,0.31496062992125984,127,93,0.7322834645669292,0.9405074365704286,119.44444444444444,0.9665354330708661,122.75
127,8,1016,835,0.8218503937007874,181,0.1781496062992126,4,0364b7d8d89c84a3bd6d,127,55,0.4330708661417323,127,101,0.7952755905511811,0.9545056867891514,121.22222222222223,0.9744094488188977,123.75
127,8,1016,907,0.8927165354330708,109,0.10728346456692914,0,0394d59a86c26188b0e5,127,76,0.5984251968503937,127,111,0.8740157480314961,0.9720034995625547,123.44444444444444,0.984251968503937,125.0
127,8,1016,893,0.8789370078740157,123,0.12106299212598425,1,0394d59a86c26188b0e5,127,68,0.5354330708661418,127,110,0.8661417322834646,0.9702537182852145,123.22222222222223,0.9832677165354331,124.875
127,8,1016,834,0.8208661417322834,182,0.17913385826771652,2,0394d59a86c26188b0e5,127,51,0.4015748031496063,127,106,0.8346456692913385,0.9632545931758528,122.33333333333333,0.9793307086614174,124.375
127,8,1016,840,0.8267716535433071,176,0.1732283464566929,3,0394d59a86c26188b0e5,127,54,0.4251968503937008,127,100,0.7874015748031497,0.952755905511811,121.0,0.9734251968503937,123.625
127,8,1016,803,0.7903543307086615,213,0.20964566929133857,4,0394d59a86c26188b0e5,127,48,0.3779527559055118,127,104,0.8188976377952756,0.9597550306211723,121.88888888888889,0.9773622047244095,124.125
127,8,1016,883,0.8690944881889764,133,0.1309055118110236,0,03abe1c0830e3621b532,127,67,0.5275590551181102,127,110,0.8661417322834646,0.9702537182852145,123.22222222222223,0.9832677165354331,124.875
127,8,1016,862,0.8484251968503937,154,0.1515748031496063,1,03abe1c0830e3621b532,127,61,0.48031496062992124,127,110,0.8661417322834646,0.9702537182852145,123.22222222222223,0.9832677165354331,124.875
127,8,1016,831,0.8179133858267716,185,0.18208661417322836,2,03abe1c0830e3621b532,127,45,0.3543307086614173,127,98,0.7716535433070866,0.9492563429571304,120.55555555555556,0.9714566929133859,123.375
127,8,1016,827,0.8139763779527559,189,0.1860236220472441,3,03abe1c0830e3621b532,127,54,0.4251968503937008,127,106,0.8346456692913385,0.9618547681539809,122.15555555555555,0.9783464566929134,124.25
127,8,1016,819,0.8061023622047244,197,0.19389763779527558,4,03abe1c0830e3621b532,127,52,0.4094488188976378,127,95,0.7480314960629921,0.942607174103237,119.71111111111111,0.96751968503937,122.875
127,8,1016,901,0.8868110236220472,115,0.11318897637795275,0,03adb09fa2be78c52cff,127,76,0.5984251968503937,127,114,0.8976377952755905,0.9758530183727034,123.93333333333334,0.9862204724409449,125.25
127,8,1016,910,0.8956692913385826,106,0.10433070866141732,1,03adb09fa2be78c52cff,127,75,0.5905511811023622,127,112,0.8818897637795275,0.9737532808398951,123.66666666666667,0.985236220472441,125.125
127,8,1016,865,0.8513779527559056,151,0.1486220472440945,2,03adb09fa2be78c52cff,127,62,0.4881889763779528,127,106,0.8346456692913385,0.963254593175853,122.33333333333333,0.9793307086614174,124.375
127,8,1016,849,0.8356299212598425,167,0.1643700787401575,3,03adb09fa2be78c52cff,127,56,0.4409448818897638,127,100,0.7874015748031497,0.9499562554680665,120.64444444444445,0.9714566929133859,123.375
127,8,1016,834,0.8208661417322834,182,0.17913385826771652,4,03adb09fa2be78c52cff,127,49,0.3858267716535433,127,106,0.8346456692913385,0.9632545931758529,122.33333333333333,0.9793307086614174,124.375
127,8,1016,895,0.8809055118110236,121,0.11909448818897637,0,03be0a1c2e15e0e45156,127,74,0.5826771653543307,127,113,0.889763779527559,0.9755030621172355,123.88888888888889,0.9862204724409449,125.25
127,8,1016,889,0.875,127,0.125,1,03be0a1c2e15e0e45156,127,73,0.5748031496062992,127,108,0.8503937007874016,0.9653543307086615,122.6,0.9803149606299213,124.5
127,8,1016,865,0.8513779527559056,151,0.1486220472440945,2,03be0a1c2e15e0e45156,127,60,0.47244094488188976,127,108,0.8503937007874016,0.9667541557305336,122.77777777777777,0.9812992125984252,124.625
127,8,1016,791,0.7785433070866141,225,0.22145669291338582,3,03be0a1c2e15e0e45156,127,39,0.30708661417322836,127,98,0.7716535433070866,0.9492563429571302,120.55555555555556,0.9714566929133859,123.375
127,8,1016,830,0.8169291338582677,186,0.1830708661417323,4,03be0a1c2e15e0e45156,127,48,0.3779527559055118,127,95,0.7480314960629921,0.9426071741032369,119.71111111111111,0.96751968503937,122.875
127,8,1016,888,0.8740157480314961,128,0.12598425196850394,0,03c274dea50b8653f42a,127,68,0.5354330708661418,127,115,0.905511811023622,0.9790026246719161,124.33333333333333,0.9881889763779528,125.5
127,8,1016,891,0.8769685039370079,125,0.12303149606299213,1,03c274dea50b8653f42a,127,74,0.5826771653543307,127,113,0.889763779527559,0.9741032370953631,123.71111111111111,0.985236220472441,125.125
127,8,1016,855,0.8415354330708661,161,0.15846456692913385,2,03c274dea50b8653f42a,127,57,0.44881889763779526,127,103,0.8110236220472441,0.958005249343832,121.66666666666667,0.9763779527559056,124.0
127,8,1016,821,0.8080708661417323,195,0.1919291338582677,3,03c274dea50b8653f42a,127,49,0.3858267716535433,127,103,0.8110236220472441,0.9580052493438319,121.66666666666667,0.9763779527559056,124.0
127,8,1016,848,0.8346456692913385,168,0.16535433070866143,4,03c274dea50b8653f42a,127,59,0.4645669291338583,127,107,0.84251968503937,0.9636045494313211,122.37777777777778,0.9793307086614174,124.375
127,8,1016,833,0.8198818897637795,183,0.18011811023622049,0,03d767a5e1b20a947895,127,56,0.4409448818897638,127,100,0.7874015748031497,0.9527559055118112,121.0,0.9734251968503937,123.625
127,8,1016,478,0.4704724409448819,538,0.5295275590551181,1,03d767a5e1b20a947895,127,13,0.10236220472440945,127,31,0.2440944881889764,0.7767915374214585,98.65252525252525,0.8661417322834646,110.0
127,8,1016,491,0.48326771653543305,525,0.5167322834645669,2,03d767a5e1b20a947895,127,12,0.09448818897637795,127,29,0.2283464566929134,0.7358784697367372,93.45656565656566,0.8356299212598425,106.125
127,8,1016,476,0.468503937007874,540,0.531496062992126,3,03d767a5e1b20a947895,127,7,0.05511811023622047,127,44,0.3464566929133858,0.8146822556271374,103.46464646464646,0.889763779527559,113.0
127,8,1016,534,0.5255905511811023,482,0.4744094488188976,4,03d767a5e1b20a947895,127,14,0.11023622047244094,127,47,0.3700787401574803,0.8269307245685199,105.02020202020202,0.8976377952755905,114.0
127,8,1016,928,0.9133858267716536,88,0.08661417322834646,0,043a64a79e93471ae3d3,127,81,0.6377952755905512,127,117,0.9212598425196851,0.9825021872265967,124.77777777777777,0.9901574803149606,125.75
127,8,1016,878,0.8641732283464567,138,0.13582677165354332,1,043a64a79e93471ae3d3,127,66,0.5196850393700787,127,110,0.8661417322834646,0.9688538932633421,123.04444444444445,0.9822834645669292,124.75
127,8,1016,868,0.8543307086614174,148,0.14566929133858267,2,043a64a79e93471ae3d3,127,66,0.5196850393700787,127,107,0.84251968503937,0.9636045494313211,122.37777777777778,0.9793307086614174,124.375
127,8,1016,796,0.7834645669291339,220,0.21653543307086615,3,043a64a79e93471ae3d3,127,48,0.3779527559055118,127,98,0.7716535433070866,0.9492563429571302,120.55555555555556,0.9714566929133859,123.375
127,8,1016,803,0.7903543307086615,213,0.20964566929133857,4,043a64a79e93471ae3d3,127,46,0.36220472440944884,127,100,0.7874015748031497,0.9513560804899388,120.82222222222222,0.9724409448818898,123.5
127,8,1016,890,0.8759842519685039,126,0.12401574803149606,0,0458db6cb441016028c1,127,72,0.5669291338582677,127,111,0.8740157480314961,0.9720034995625548,123.44444444444444,0.984251968503937,125.0
127,8,1016,887,0.8730314960629921,129,0.12696850393700787,1,0458db6cb441016028c1,127,71,0.5590551181102362,127,107,0.84251968503937,0.9650043744531933,122.55555555555556,0.9803149606299213,124.5
127,8,1016,858,0.844488188976378,158,0.15551181102362205,2,0458db6cb441016028c1,127,63,0.49606299212598426,127,106,0.8346456692913385,0.9632545931758528,122.33333333333333,0.9793307086614174,124.375
127,8,1016,801,0.7883858267716536,215,0.21161417322834647,3,0458db6cb441016028c1,127,47,0.3700787401574803,127,99,0.7795275590551181,0.9496062992125984,120.6,0.9714566929133859,123.375
127,8,1016,847,0.8336614173228346,169,0.16633858267716536,4,0458db6cb441016028c1,127,59,0.4645669291338583,127,103,0.8110236220472441,0.9538057742782152,121.13333333333334,0.9734251968503937,123.625
127,8,1016,893,0.8789370078740157,123,0.12106299212598425,0,052429e5e8da268aba0c,127,72,0.5669291338582677,127,115,0.905511811023622,0.9790026246719161,124.33333333333333,0.9881889763779528,125.5
127,8,1016,889,0.875,127,0.125,1,052429e5e8da268aba0c,127,73,0.5748031496062992,127,112,0.8818897637795275,0.9737532808398951,123.66666666666667,0.985236220472441,125.125
127,8,1016,840,0.8267716535433071,176,0.1732283464566929,2,052429e5e8da268aba0c,127,49,0.3858267716535433,127,99,0.7795275590551181,0.9510061242344705,120.77777777777777,0.9724409448818898,123.5
127,8,1016,812,0.7992125984251969,204,0.20078740157480315,3,052429e5e8da268aba0c,127,50,0.3937007874015748,127,91,0.7165354330708661,0.9356080489938755,118.82222222222222,0.9635826771653543,122.375
127,8,1016,869,0.8553149606299213,147,0.14468503937007873,4,052429e5e8da268aba0c,127,68,0.5354330708661418,127,101,0.7952755905511811,0.9517060367454068,120.86666666666666,0.9724409448818898,123.5
127,8,1016,895,0.8809055118110236,121,0.11909448818897637,0,0535c319f96a2e59930c,127,74,0.5826771653543307,127,111,0.8740157480314961,0.9720034995625548,123.44444444444444,0.984251968503937,125.0
127,8,1016,906,0.8917322834645669,110,0.10826771653543307,1,0535c319f96a2e59930c,127,76,0.5984251968503937,127,105,0.8267716535433071,0.9601049868766405,121.93333333333334,0.9773622047244095,124.125
127,8,1016,837,0.8238188976377953,179,0.17618110236220472,2,0535c319f96a2e59930c,127,50,0.3937007874015748,127,102,0.8031496062992126,0.9562554680664916,121.44444444444444,0.9753937007874016,123.875
127,8,1016,794,0.781496062992126,222,0.21850393700787402,3,0535c319f96a2e59930c,127,35,0.2755905511811024,127,91,0.7165354330708661,0.937007874015748,119.0,0.9645669291338582,122.5
127,8,1016,859,0.8454724409448819,157,0.1545275590551181,4,0535c319f96a2e59930c,127,60,0.47244094488188976,127,103,0.8110236220472441,0.9552055993000874,121.31111111111112,0.9744094488188977,123.75
127,8,1016,911,0.8966535433070866,105,0.10334645669291338,0,053a2c30dc8141a42ebd,127,77,0.6062992125984252,127,118,0.9291338582677166,0.984251968503937,125.0,0.9911417322834646,125.875
127,8,1016,896,0.8818897637795275,120,0.11811023622047244,1,053a2c30dc8141a42ebd,127,70,0.5511811023622047,127,112,0.8818897637795275,0.9737532808398952,123.66666666666667,0.985236220472441,125.125
127,8,1016,861,0.8474409448818898,155,0.15255905511811024,2,053a2c30dc8141a42ebd,127,61,0.48031496062992124,127,106,0.8346456692913385,0.963254593175853,122.33333333333333,0.9793307086614174,124.375
127,8,1016,826,0.812992125984252,190,0.18700787401574803,3,053a2c30dc8141a42ebd,127,51,0.4015748031496063,127,98,0.7716535433070866,0.9492563429571301,120.55555555555556,0.9714566929133859,123.375
127,8,1016,871,0.8572834645669292,145,0.14271653543307086,4,053a2c30dc8141a42ebd,127,69,0.5433070866141733,127,107,0.84251968503937,0.9650043744531932,122.55555555555556,0.9803149606299213,124.5
91,8,728,656,0.9010989010989011,72,0.0989010989010989,0,0550f5a69608c8b20c6c,91,62,0.6813186813186813,91,83,0.9120879120879121,0.9804639804639804,89.22222222222223,0.989010989010989,90.0
91,8,728,637,0.875,91,0.125,1,0550f5a69608c8b20c6c,91,53,0.5824175824175825,91,83,0.9120879120879121,0.9804639804639805,89.22222222222223,0.989010989010989,90.0
91,8,728,634,0.8708791208791209,94,0.12912087912087913,2,0550f5a69608c8b20c6c,91,51,0.5604395604395604,91,78,0.8571428571428571,0.9682539682539683,88.11111111111111,0.9821428571428571,89.375
91,8,728,618,0.8489010989010989,110,0.1510989010989011,3,0550f5a69608c8b20c6c,91,40,0.43956043956043955,91,69,0.7582417582417582,0.9423687423687425,85.75555555555556,0.967032967032967,88.0
91,8,728,606,0.8324175824175825,122,0.16758241758241757,4,0550f5a69608c8b20c6c,91,40,0.43956043956043955,91,75,0.8241758241758241,0.960927960927961,87.44444444444444,0.978021978021978,89.0
127,8,1016,932,0.9173228346456693,84,0.08267716535433071,0,05736d3838eb45691aa1,127,86,0.6771653543307087,127,116,0.9133858267716536,0.9807524059492565,124.55555555555556,0.9891732283464567,125.625
127,8,1016,876,0.8622047244094488,140,0.1377952755905512,1,05736d3838eb45691aa1,127,70,0.5511811023622047,127,106,0.8346456692913385,0.9618547681539809,122.15555555555555,0.9783464566929134,124.25
127,8,1016,855,0.8415354330708661,161,0.15846456692913385,2,05736d3838eb45691aa1,127,59,0.4645669291338583,127,107,0.84251968503937,0.9636045494313212,122.37777777777778,0.9793307086614174,124.375
127,8,1016,772,0.7598425196850394,244,0.24015748031496062,3,05736d3838eb45691aa1,127,38,0.2992125984251969,127,87,0.6850393700787402,0.9232641374373658,117.25454545454545,0.9557086614173228,121.375
127,8,1016,836,0.8228346456692913,180,0.17716535433070865,4,05736d3838eb45691aa1,127,52,0.4094488188976378,127,97,0.7637795275590551,0.9461067366579177,120.15555555555555,0.969488188976378,123.125
127,8,1016,912,0.8976377952755905,104,0.10236220472440945,0,05896e4c2e31c0463be8,127,83,0.6535433070866141,127,115,0.905511811023622,0.9790026246719161,124.33333333333333,0.9881889763779528,125.5
127,8,1016,909,0.8946850393700787,107,0.10531496062992125,1,05896e4c2e31c0463be8,127,77,0.6062992125984252,127,112,0.8818897637795275,0.9737532808398952,123.66666666666667,0.985236220472441,125.125
127,8,1016,869,0.8553149606299213,147,0.14468503937007873,2,05896e4c2e31c0463be8,127,61,0.48031496062992124,127,105,0.8267716535433071,0.9615048118985127,122.11111111111111,0.9783464566929134,124.25
127,8,1016,798,0.7854330708661418,218,0.21456692913385828,3,05896e4c2e31c0463be8,127,47,0.3700787401574803,127,101,0.7952755905511811,0.9545056867891514,121.22222222222223,0.9744094488188977,123.75
127,8,1016,875,0.8612204724409449,141,0.13877952755905512,4,05896e4c2e31c0463be8,127,62,0.4881889763779528,127,105,0.8267716535433071,0.9615048118985127,122.11111111111111,0.9783464566929134,124.25
127,8,1016,904,0.889763779527559,112,0.11023622047244094,0,0593f0e9c85452fe8e24,127,78,0.6141732283464567,127,118,0.9291338582677166,0.984251968503937,125.0,0.9911417322834646,125.875
127,8,1016,869,0.8553149606299213,147,0.14468503937007873,1,0593f0e9c85452fe8e24,127,58,0.4566929133858268,127,105,0.8267716535433071,0.9615048118985127,122.11111111111111,0.9783464566929134,124.25
127,8,1016,843,0.8297244094488189,173,0.1702755905511811,2,0593f0e9c85452fe8e24,127,54,0.4251968503937008,127,109,0.8582677165354331,0.9671041119860018,122.82222222222222,0.9812992125984252,124.625
127,8,1016,816,0.8031496062992126,200,0.1968503937007874,3,0593f0e9c85452fe8e24,127,43,0.33858267716535434,127,100,0.7874015748031497,0.9499562554680665,120.64444444444445,0.9714566929133859,123.375
127,8,1016,830,0.8169291338582677,186,0.1830708661417323,4,0593f0e9c85452fe8e24,127,51,0.4015748031496063,127,104,0.8188976377952756,0.9583552055993002,121.71111111111111,0.9763779527559056,124.0
127,8,1016,900,0.8858267716535433,116,0.1141732283464567,0,05cb08913232321b25ad,127,74,0.5826771653543307,127,112,0.8818897637795275,0.9737532808398951,123.66666666666667,0.985236220472441,125.125
127,8,1016,867,0.8533464566929134,149,0.1466535433070866,1,05cb08913232321b25ad,127,63,0.49606299212598426,127,112,0.8818897637795275,0.973753280839895,123.66666666666667,0.985236220472441,125.125
127,8,1016,842,0.8287401574803149,174,0.17125984251968504,2,05cb08913232321b25ad,127,53,0.41732283464566927,127,93,0.7322834645669292,0.9391076115485564,119.26666666666667,0.9655511811023622,122.625
127,8,1016,809,0.7962598425196851,207,0.20374015748031496,3,05cb08913232321b25ad,127,53,0.41732283464566927,127,99,0.7795275590551181,0.9482064741907262,120.42222222222222,0.9704724409448819,123.25
127,8,1016,817,0.8041338582677166,199,0.19586614173228348,4,05cb08913232321b25ad,127,50,0.3937007874015748,127,110,0.8661417322834646,0.9688538932633421,123.04444444444445,0.9822834645669292,124.75
127,8,1016,927,0.9124015748031497,89,0.08759842519685039,0,066466fff38704063913,127,87,0.6850393700787402,127,120,0.9448818897637795,0.9877515310586177,125.44444444444444,0.9931102362204725,126.125
127,8,1016,904,0.889763779527559,112,0.11023622047244094,1,066466fff38704063913,127,72,0.5669291338582677,127,113,0.889763779527559,0.9755030621172354,123.88888888888889,0.9862204724409449,125.25
127,8,1016,868,0.8543307086614174,148,0.14566929133858267,2,066466fff38704063913,127,60,0.47244094488188976,127,103,0.8110236220472441,0.958005249343832,121.66666666666667,0.9763779527559056,124.0
127,8,1016,811,0.7982283464566929,205,0.2017716535433071,3,066466fff38704063913,127,51,0.4015748031496063,127,107,0.84251968503937,0.9636045494313209,122.37777777777778,0.9793307086614174,124.375
127,8,1016,840,0.8267716535433071,176,0.1732283464566929,4,066466fff38704063913,127,46,0.36220472440944884,127,107,0.84251968503937,0.9650043744531933,122.55555555555556,0.9803149606299213,124.5
127,8,1016,934,0.9192913385826772,82,0.08070866141732283,0,067a5b649600bb1d1857,127,90,0.7086614173228346,127,117,0.9212598425196851,0.9825021872265967,124.77777777777777,0.9901574803149606,125.75
127,8,1016,878,0.8641732283464567,138,0.13582677165354332,1,067a5b649600bb1d1857,127,68,0.5354330708661418,127,110,0.8661417322834646,0.9688538932633421,123.04444444444445,0.9822834645669292,124.75
127,8,1016,821,0.8080708661417323,195,0.1919291338582677,2,067a5b649600bb1d1857,127,50,0.3937007874015748,127,105,0.8267716535433071,0.9615048118985127,122.11111111111111,0.9783464566929134,124.25
127,8,1016,792,0.7795275590551181,224,0.2204724409448819,3,067a5b649600bb1d1857,127,40,0.31496062992125984,127,98,0.7716535433070866,0.947856517935258,120.37777777777778,0.9704724409448819,123.25
127,8,1016,818,0.8051181102362205,198,0.19488188976377951,4,067a5b649600bb1d1857,127,46,0.36220472440944884,127,102,0.8031496062992126,0.9548556430446195,121.26666666666667,0.9744094488188977,123.75
127,8,1016,924,0.9094488188976378,92,0.09055118110236221,0,06a9a91525cb5e2f7857,127,88,0.6929133858267716,127,119,0.937007874015748,0.9860017497812774,125.22222222222223,0.9921259842519685,126.0
127,8,1016,871,0.8572834645669292,145,0.14271653543307086,1,06a9a91525cb5e2f7857,127,64,0.5039370078740157,127,106,0.8346456692913385,0.963254593175853,122.33333333333333,0.9793307086614174,124.375
127,8,1016,835,0.8218503937007874,181,0.1781496062992126,2,06a9a91525cb5e2f7857,127,59,0.4645669291338583,127,102,0.8031496062992126,0.9562554680664918,121.44444444444444,0.9753937007874016,123.875
127,8,1016,781,0.7687007874015748,235,0.2312992125984252,3,06a9a91525cb5e2f7857,127,40,0.31496062992125984,127,99,0.7795275590551181,0.9496062992125985,120.6,0.9714566929133859,123.375
127,8,1016,836,0.8228346456692913,180,0.17716535433070865,4,06a9a91525cb5e2f7857,127,55,0.4330708661417323,127,100,0.7874015748031497,0.9513560804899388,120.82222222222222,0.9724409448818898,123.5
104,8,832,743,0.8930288461538461,89,0.10697115384615384,0,06b3454c80bf47dde168,104,63,0.6057692307692307,104,95,0.9134615384615384,0.9807692307692307,102.0,0.9891826923076923,102.875
104,8,832,732,0.8798076923076923,100,0.1201923076923077,1,06b3454c80bf47dde168,104,56,0.5384615384615384,104,92,0.8846153846153846,0.9743589743589745,101.33333333333333,0.9855769230769231,102.5
104,8,832,735,0.8834134615384616,97,0.11658653846153846,2,06b3454c80bf47dde168,104,57,0.5480769230769231,104,79,0.7596153846153846,0.9465811965811967,98.44444444444444,0.9699519230769231,100.875
104,8,832,667,0.8016826923076923,165,0.19831730769230768,3,06b3454c80bf47dde168,104,40,0.38461538461538464,104,91,0.875,0.9722222222222222,101.11111111111111,0.984375,102.375
104,8,832,731,0.8786057692307693,101,0.12139423076923077,4,06b3454c80bf47dde168,104,53,0.5096153846153846,104,84,0.8076923076923077,0.9572649572649573,99.55555555555556,0.9759615384615384,101.5
127,8,1016,927,0.9124015748031497,89,0.08759842519685039,0,071a13009e9aea8f5165,127,86,0.6771653543307087,127,118,0.9291338582677166,0.984251968503937,125.0,0.9911417322834646,125.875
127,8,1016,877,0.8631889763779528,139,0.13681102362204725,1,071a13009e9aea8f5165,127,64,0.5039370078740157,127,110,0.8661417322834646,0.9702537182852145,123.22222222222223,0.9832677165354331,124.875
127,8,1016,847,0.8336614173228346,169,0.16633858267716536,2,071a13009e9aea8f5165,127,60,0.47244094488188976,127,102,0.8031496062992126,0.9562554680664918,121.44444444444444,0.9753937007874016,123.875
127,8,1016,845,0.8316929133858267,171,0.16830708661417323,3,071a13009e9aea8f5165,127,59,0.4645669291338583,127,104,0.8188976377952756,0.9569553805774278,121.53333333333333,0.9753937007874016,123.875
127,8,1016,870,0.8562992125984252,146,0.1437007874015748,4,071a13009e9aea8f5165,127,61,0.48031496062992124,127,103,0.8110236220472441,0.958005249343832,121.66666666666667,0.9763779527559056,124.0
127,8,1016,891,0.8769685039370079,125,0.12303149606299213,0,0736935a3f57cdd1e037,127,73,0.5748031496062992,127,110,0.8661417322834646,0.9688538932633421,123.04444444444445,0.9822834645669292,124.75
127,8,1016,911,0.8966535433070866,105,0.10334645669291338,1,0736935a3f57cdd1e037,127,76,0.5984251968503937,127,111,0.8740157480314961,0.9720034995625548,123.44444444444444,0.984251968503937,125.0
127,8,1016,839,0.8257874015748031,177,0.17421259842519685,2,0736935a3f57cdd1e037,127,53,0.41732283464566927,127,109,0.8582677165354331,0.968503937007874,123.0,0.9822834645669292,124.75
127,8,1016,841,0.827755905511811,175,0.17224409448818898,3,0736935a3f57cdd1e037,127,51,0.4015748031496063,127,101,0.7952755905511811,0.9545056867891514,121.22222222222223,0.9744094488188977,123.75
127,8,1016,833,0.8198818897637795,183,0.18011811023622049,4,0736935a3f57cdd1e037,127,51,0.4015748031496063,127,101,0.7952755905511811,0.9531058617672791,121.04444444444445,0.9734251968503937,123.625
127,8,1016,881,0.8671259842519685,135,0.1328740157480315,0,074ec475ad3f56370376,127,72,0.5669291338582677,127,112,0.8818897637795275,0.9737532808398952,123.66666666666667,0.985236220472441,125.125
127,8,1016,881,0.8671259842519685,135,0.1328740157480315,1,074ec475ad3f56370376,127,65,0.5118110236220472,127,107,0.84251968503937,0.9650043744531933,122.55555555555556,0.9803149606299213,124.5
127,8,1016,843,0.8297244094488189,173,0.1702755905511811,2,074ec475ad3f56370376,127,51,0.4015748031496063,127,100,0.7874015748031497,0.9513560804899388,120.82222222222222,0.9724409448818898,123.5
127,8,1016,756,0.7440944881889764,260,0.2559055118110236,3,074ec475ad3f56370376,127,40,0.31496062992125984,127,97,0.7637795275590551,0.94750656167979,120.33333333333333,0.9704724409448819,123.25
127,8,1016,829,0.8159448818897638,187,0.18405511811023623,4,074ec475ad3f56370376,127,44,0.3464566929133858,127,92,0.7244094488188977,0.9387576552930884,119.22222222222223,0.9655511811023622,122.625
127,8,1016,896,0.8818897637795275,120,0.11811023622047244,0,0762b3cc828308f2763c,127,80,0.6299212598425197,127,118,0.9291338582677166,0.9828521434820647,124.82222222222222,0.9901574803149606,125.75
127,8,1016,909,0.8946850393700787,107,0.10531496062992125,1,0762b3cc828308f2763c,127,72,0.5669291338582677,127,105,0.8267716535433071,0.9615048118985126,122.11111111111111,0.9783464566929134,124.25
127,8,1016,855,0.8415354330708661,161,0.15846456692913385,2,0762b3cc828308f2763c,127,57,0.44881889763779526,127,102,0.8031496062992126,0.9562554680664916,121.44444444444444,0.9753937007874016,123.875
127,8,1016,826,0.812992125984252,190,0.18700787401574803,3,0762b3cc828308f2763c,127,50,0.3937007874015748,127,110,0.8661417322834646,0.9688538932633421,123.04444444444445,0.9822834645669292,124.75
127,8,1016,849,0.8356299212598425,167,0.1643700787401575,4,0762b3cc828308f2763c,127,56,0.4409448818897638,127,95,0.7480314960629921,0.942607174103237,119.71111111111111,0.96751968503937,122.875
127,8,1016,742,0.7303149606299213,274,0.26968503937007876,0,083c33f4bd275d391520,127,42,0.33070866141732286,127,88,0.6929133858267716,0.9317585301837273,118.33333333333333,0.9616141732283464,122.125
127,8,1016,622,0.6122047244094488,394,0.38779527559055116,1,083c33f4bd275d391520,127,10,0.07874015748031496,127,41,0.3228346456692913,0.8439195100612426,107.17777777777778,0.9114173228346457,115.75
127,8,1016,533,0.5246062992125984,483,0.47539370078740156,2,083c33f4bd275d391520,127,11,0.08661417322834646,127,33,0.25984251968503935,0.8089238845144355,102.73333333333333,0.8887795275590551,112.875
127,8,1016,449,0.4419291338582677,567,0.5580708661417323,3,083c33f4bd275d391520,127,6,0.047244094488188976,127,41,0.3228346456692913,0.8257217847769026,104.86666666666667,0.8986220472440944,114.125
127,8,1016,484,0.4763779527559055,532,0.5236220472440944,4,083c33f4bd275d391520,127,5,0.03937007874015748,127,42,0.33070866141732286,0.8344706911636043,105.97777777777777,0.9045275590551181,114.875
127,8,1016,899,0.8848425196850394,117,0.11515748031496063,0,089c4d555dc2fc5c1001,127,81,0.6377952755905512,127,112,0.8818897637795275,0.973753280839895,123.66666666666667,0.985236220472441,125.125
127,8,1016,872,0.8582677165354331,144,0.14173228346456693,1,089c4d555dc2fc5c1001,127,62,0.4881889763779528,127,103,0.8110236220472441,0.9580052493438319,121.66666666666667,0.9763779527559056,124.0
127,8,1016,839,0.8257874015748031,177,0.17421259842519685,2,089c4d555dc2fc5c1001,127,54,0.4251968503937008,127,98,0.7716535433070866,0.9492563429571302,120.55555555555556,0.9714566929133859,123.375
127,8,1016,777,0.764763779527559,239,0.23523622047244094,3,089c4d555dc2fc5c1001,127,36,0.28346456692913385,127,96,0.7559055118110236,0.9457567804024497,120.11111111111111,0.969488188976378,123.125
127,8,1016,808,0.7952755905511811,208,0.2047244094488189,4,089c4d555dc2fc5c1001,127,45,0.3543307086614173,127,104,0.8188976377952756,0.9569553805774278,121.53333333333333,0.9753937007874016,123.875
127,8,1016,893,0.8789370078740157,123,0.12106299212598425,0,08a516ed65ded1d98939,127,71,0.5590551181102362,127,114,0.8976377952755905,0.9772528433945757,124.11111111111111,0.9872047244094488,125.375
127,8,1016,885,0.8710629921259843,131,0.12893700787401574,1,08a516ed65ded1d98939,127,68,0.5354330708661418,127,109,0.8582677165354331,0.968503937007874,123.0,0.9822834645669292,124.75
127,8,1016,850,0.8366141732283464,166,0.16338582677165353,2,08a516ed65ded1d98939,127,58,0.4566929133858268,127,107,0.84251968503937,0.9650043744531932,122.55555555555556,0.9803149606299213,124.5
127,8,1016,806,0.7933070866141733,210,0.20669291338582677,3,08a516ed65ded1d98939,127,39,0.30708661417322836,127,96,0.7559055118110236,0.9457567804024497,120.11111111111111,0.969488188976378,123.125
127,8,1016,865,0.8513779527559056,151,0.1486220472440945,4,08a516ed65ded1d98939,127,60,0.47244094488188976,127,109,0.8582677165354331,0.968503937007874,123.0,0.9822834645669292,124.75
127,8,1016,914,0.8996062992125984,102,0.10039370078740158,0,08a644a1ffe3bc02f01e,127,77,0.6062992125984252,127,111,0.8740157480314961,0.9720034995625547,123.44444444444444,0.984251968503937,125.0
127,8,1016,894,0.8799212598425197,122,0.12007874015748031,1,08a644a1ffe3bc02f01e,127,74,0.5826771653543307,127,116,0.9133858267716536,0.9793525809273842,124.37777777777778,0.9881889763779528,125.5
127,8,1016,876,0.8622047244094488,140,0.1377952755905512,2,08a644a1ffe3bc02f01e,127,63,0.49606299212598426,127,106,0.8346456692913385,0.9618547681539809,122.15555555555555,0.9783464566929134,124.25
127,8,1016,820,0.8070866141732284,196,0.19291338582677164,3,08a644a1ffe3bc02f01e,127,51,0.4015748031496063,127,106,0.8346456692913385,0.963254593175853,122.33333333333333,0.9793307086614174,124.375
127,8,1016,835,0.8218503937007874,181,0.1781496062992126,4,08a644a1ffe3bc02f01e,127,54,0.4251968503937008,127,110,0.8661417322834646,0.968853893263342,123.04444444444445,0.9822834645669292,124.75
127,8,1016,914,0.8996062992125984,102,0.10039370078740158,0,08ae3430f704796fb489,127,81,0.6377952755905512,127,117,0.9212598425196851,0.9825021872265967,124.77777777777777,0.9901574803149606,125.75
127,8,1016,877,0.8631889763779528,139,0.13681102362204725,1,08ae3430f704796fb489,127,70,0.5511811023622047,127,117,0.9212598425196851,0.9825021872265968,124.77777777777777,0.9901574803149606,125.75
127,8,1016,859,0.8454724409448819,157,0.1545275590551181,2,08ae3430f704796fb489,127,67,0.5275590551181102,127,111,0.8740157480314961,0.9720034995625548,123.44444444444444,0.984251968503937,125.0
127,8,1016,831,0.8179133858267716,185,0.18208661417322836,3,08ae3430f704796fb489,127,56,0.4409448818897638,127,100,0.7874015748031497,0.9513560804899388,120.82222222222222,0.9724409448818898,123.5
127,8,1016,813,0.8001968503937008,203,0.19980314960629922,4,08ae3430f704796fb489,127,43,0.33858267716535434,127,89,0.7007874015748031,0.9307086614173228,118.2,0.9606299212598425,122.0
127,8,1016,907,0.8927165354330708,109,0.10728346456692914,0,08c8f1ae4ca8bd819a8a,127,76,0.5984251968503937,127,118,0.9291338582677166,0.984251968503937,125.0,0.9911417322834646,125.875
127,8,1016,885,0.8710629921259843,131,0.12893700787401574,1,08c8f1ae4ca8bd819a8a,127,71,0.5590551181102362,127,114,0.8976377952755905,0.9772528433945757,124.11111111111111,0.9872047244094488,125.375
127,8,1016,847,0.8336614173228346,169,0.16633858267716536,2,08c8f1ae4ca8bd819a8a,127,62,0.4881889763779528,127,111,0.8740157480314961,0.9720034995625547,123.44444444444444,0.984251968503937,125.0
127,8,1016,828,0.8149606299212598,188,0.18503937007874016,3,08c8f1ae4ca8bd819a8a,127,49,0.3858267716535433,127,103,0.8110236220472441,0.9566054243219598,121.4888888888889,0.9753937007874016,123.875
127,8,1016,816,0.8031496062992126,200,0.1968503937007874,4,08c8f1ae4ca8bd819a8a,127,42,0.33070866141732286,127,97,0.7637795275590551,0.9461067366579177,120.15555555555555,0.969488188976378,123.125
127,8,1016,897,0.8828740157480315,119,0.1171259842519685,0,08d902e0c3d70a68f540,127,76,0.5984251968503937,127,117,0.9212598425196851,0.9811023622047244,124.6,0.9891732283464567,125.625
127,8,1016,898,0.8838582677165354,118,0.11614173228346457,1,08d902e0c3d70a68f540,127,68,0.5354330708661418,127,112,0.8818897637795275,0.9723534558180229,123.4888888888889,0.984251968503937,125.0
127,8,1016,878,0.8641732283464567,138,0.13582677165354332,2,08d902e0c3d70a68f540,127,67,0.5275590551181102,127,110,0.8661417322834646,0.9702537182852145,123.22222222222223,0.9832677165354331,124.875
127,8,1016,813,0.8001968503937008,203,0.19980314960629922,3,08d902e0c3d70a68f540,127,43,0.33858267716535434,127,99,0.7795275590551181,0.9496062992125985,120.6,0.9714566929133859,123.375
127,8,1016,825,0.812007874015748,191,0.18799212598425197,4,08d902e0c3d70a68f540,127,54,0.4251968503937008,127,91,0.7165354330708661,0.937007874015748,119.0,0.9645669291338582,122.5
127,8,1016,886,0.8720472440944882,130,0.1279527559055118,0,091705e70651d77aefc8,127,66,0.5196850393700787,127,110,0.8661417322834646,0.9702537182852145,123.22222222222223,0.9832677165354331,124.875
127,8,1016,812,0.7992125984251969,204,0.20078740157480315,1,091705e70651d77aefc8,127,50,0.3937007874015748,127,101,0.7952755905511811,0.9531058617672792,121.04444444444445,0.9734251968503937,123.625
127,8,1016,862,0.8484251968503937,154,0.1515748031496063,2,091705e70651d77aefc8,127,56,0.4409448818897638,127,102,0.8031496062992126,0.9562554680664918,121.44444444444444,0.9753937007874016,123.875
127,8,1016,819,0.8061023622047244,197,0.19389763779527558,3,091705e70651d77aefc8,127,49,0.3858267716535433,127,95,0.7480314960629921,0.9412073490813647,119.53333333333333,0.9665354330708661,122.75
127,8,1016,811,0.7982283464566929,205,0.2017716535433071,4,091705e70651d77aefc8,127,49,0.3858267716535433,127,97,0.7637795275590551,0.9461067366579179,120.15555555555555,0.969488188976378,123.125
127,8,1016,889,0.875,127,0.125,0,09270f39b1e71042f791,127,70,0.5511811023622047,127,112,0.8818897637795275,0.9737532808398951,123.66666666666667,0.985236220472441,125.125
127,8,1016,857,0.843503937007874,159,0.15649606299212598,1,09270f39b1e71042f791,127,61,0.48031496062992124,127,104,0.8188976377952756,0.9597550306211724,121.88888888888889,0.9773622047244095,124.125
127,8,1016,853,0.8395669291338582,163,0.16043307086614172,2,09270f39b1e71042f791,127,51,0.4015748031496063,127,111,0.8740157480314961,0.9720034995625548,123.44444444444444,0.984251968503937,125.0
127,8,1016,843,0.8297244094488189,173,0.1702755905511811,3,09270f39b1e71042f791,127,58,0.4566929133858268,127,104,0.8188976377952756,0.9597550306211723,121.88888888888889,0.9773622047244095,124.125
127,8,1016,843,0.8297244094488189,173,0.1702755905511811,4,09270f39b1e71042f791,127,56,0.4409448818897638,127,111,0.8740157480314961,0.9706036745406823,123.26666666666667,0.9832677165354331,124.875
127,8,1016,891,0.8769685039370079,125,0.12303149606299213,0,092fb725ed92d83c270d,127,75,0.5905511811023622,127,119,0.937007874015748,0.9860017497812774,125.22222222222223,0.9921259842519685,126.0
127,8,1016,879,0.8651574803149606,137,0.13484251968503938,1,092fb725ed92d83c270d,127,68,0.5354330708661418,127,106,0.8346456692913385,0.963254593175853,122.33333333333333,0.9793307086614174,124.375
127,8,1016,829,0.8159448818897638,187,0.18405511811023623,2,092fb725ed92d83c270d,127,52,0.4094488188976378,127,107,0.84251968503937,0.9650043744531934,122.55555555555556,0.9803149606299213,124.5
127,8,1016,816,0.8031496062992126,200,0.1968503937007874,3,092fb725ed92d83c270d,127,45,0.3543307086614173,127,93,0.7322834645669292,0.9391076115485565,119.26666666666667,0.9655511811023622,122.625
127,8,1016,822,0.8090551181102362,194,0.19094488188976377,4,092fb725ed92d83c270d,127,42,0.33070866141732286,127,97,0.7637795275590551,0.9475065616797899,120.33333333333333,0.9704724409448819,123.25
127,8,1016,915,0.9005905511811023,101,0.09940944881889764,0,094af980d2e4560ac60c,127,82,0.6456692913385826,127,116,0.9133858267716536,0.9807524059492565,124.55555555555556,0.9891732283464567,125.625
127,8,1016,878,0.8641732283464567,138,0.13582677165354332,1,094af980d2e4560ac60c,127,66,0.5196850393700787,127,114,0.8976377952755905,0.9772528433945757,124.11111111111111,0.9872047244094488,125.375
127,8,1016,820,0.8070866141732284,196,0.19291338582677164,2,094af980d2e4560ac60c,127,50,0.3937007874015748,127,102,0.8031496062992126,0.9548556430446193,121.26666666666667,0.9744094488188977,123.75
127,8,1016,828,0.8149606299212598,188,0.18503937007874016,3,094af980d2e4560ac60c,127,48,0.3779527559055118,127,101,0.7952755905511811,0.9531058617672792,121.04444444444445,0.9734251968503937,123.625
127,8,1016,862,0.8484251968503937,154,0.1515748031496063,4,094af980d2e4560ac60c,127,57,0.44881889763779526,127,98,0.7716535433070866,0.9492563429571304,120.55555555555556,0.9714566929133859,123.375
127,8,1016,906,0.8917322834645669,110,0.10826771653543307,0,098f8d40e91916047686,127,73,0.5748031496062992,127,106,0.8346456692913385,0.9632545931758529,122.33333333333333,0.9793307086614174,124.375
127,8,1016,833,0.8198818897637795,183,0.18011811023622049,1,098f8d40e91916047686,127,54,0.4251968503937008,127,99,0.7795275590551181,0.9496062992125984,120.6,0.9714566929133859,123.375
127,8,1016,868,0.8543307086614174,148,0.14566929133858267,2,098f8d40e91916047686,127,63,0.49606299212598426,127,105,0.8267716535433071,0.9601049868766405,121.93333333333334,0.9773622047244095,124.125
127,8,1016,811,0.7982283464566929,205,0.2017716535433071,3,098f8d40e91916047686,127,47,0.3700787401574803,127,94,0.7401574803149606,0.9394575678040246,119.31111111111112,0.9655511811023622,122.625
127,8,1016,806,0.7933070866141733,210,0.20669291338582677,4,098f8d40e91916047686,127,47,0.3700787401574803,127,107,0.84251968503937,0.9650043744531933,122.55555555555556,0.9803149606299213,124.5
88,8,704,632,0.8977272727272727,72,0.10227272727272728,0,09a5e6954731576a323b,88,55,0.625,88,80,0.9090909090909091,0.9797979797979799,86.22222222222223,0.9886363636363636,87.0
88,8,704,617,0.8764204545454546,87,0.12357954545454546,1,09a5e6954731576a323b,88,54,0.6136363636363636,88,81,0.9204545454545454,0.9823232323232325,86.44444444444444,0.9900568181818182,87.125
88,8,704,606,0.8607954545454546,98,0.13920454545454544,2,09a5e6954731576a323b,88,44,0.5,88,72,0.8181818181818182,0.9595959595959598,84.44444444444444,0.9772727272727273,86.0
88,8,704,565,0.8025568181818182,139,0.19744318181818182,3,09a5e6954731576a323b,88,31,0.3522727272727273,88,61,0.6931818181818182,0.9297979797979798,81.82222222222222,0.9602272727272727,84.5
88,8,704,571,0.8110795454545454,133,0.18892045454545456,4,09a5e6954731576a323b,88,33,0.375,88,74,0.8409090909090909,0.9646464646464646,84.88888888888889,0.9801136363636364,86.25
127,8,1016,928,0.9133858267716536,88,0.08661417322834646,0,09c942ef1a98da6659d1,127,87,0.6850393700787402,127,115,0.905511811023622,0.9790026246719161,124.33333333333333,0.9881889763779528,125.5
127,8,1016,896,0.8818897637795275,120,0.11811023622047244,1,09c942ef1a98da6659d1,127,70,0.5511811023622047,127,110,0.8661417322834646,0.9702537182852145,123.22222222222223,0.9832677165354331,124.875
127,8,1016,865,0.8513779527559056,151,0.1486220472440945,2,09c942ef1a98da6659d1,127,65,0.5118110236220472,127,105,0.8267716535433071,0.9601049868766405,121.93333333333334,0.9773622047244095,124.125
127,8,1016,839,0.8257874015748031,177,0.17421259842519685,3,09c942ef1a98da6659d1,127,54,0.4251968503937008,127,97,0.7637795275590551,0.9461067366579178,120.15555555555555,0.969488188976378,123.125
127,8,1016,877,0.8631889763779528,139,0.13681102362204725,4,09c942ef1a98da6659d1,127,66,0.5196850393700787,127,105,0.8267716535433071,0.9615048118985127,122.11111111111111,0.9783464566929134,124.25
127,8,1016,898,0.8838582677165354,118,0.11614173228346457,0,0a1d8a7c087c9dc3d2cd,127,76,0.5984251968503937,127,112,0.8818897637795275,0.973753280839895,123.66666666666667,0.985236220472441,125.125
127,8,1016,894,0.8799212598425197,122,0.12007874015748031,1,0a1d8a7c087c9dc3d2cd,127,73,0.5748031496062992,127,116,0.9133858267716536,0.9807524059492563,124.55555555555556,0.9891732283464567,125.625
127,8,1016,849,0.8356299212598425,167,0.1643700787401575,2,0a1d8a7c087c9dc3d2cd,127,53,0.41732283464566927,127,105,0.8267716535433071,0.9601049868766405,121.93333333333334,0.9773622047244095,124.125
127,8,1016,875,0.8612204724409449,141,0.13877952755905512,3,0a1d8a7c087c9dc3d2cd,127,65,0.5118110236220472,127,104,0.8188976377952756,0.9583552055993001,121.71111111111111,0.9763779527559056,124.0
127,8,1016,825,0.812007874015748,191,0.18799212598425197,4,0a1d8a7c087c9dc3d2cd,127,54,0.4251968503937008,127,105,0.8267716535433071,0.9615048118985127,122.11111111111111,0.9783464566929134,124.25
127,8,1016,897,0.8828740157480315,119,0.1171259842519685,0,0a2fd3a1b824cf221369,127,72,0.5669291338582677,127,110,0.8661417322834646,0.9702537182852145,123.22222222222223,0.9832677165354331,124.875
127,8,1016,874,0.860236220472441,142,0.13976377952755906,1,0a2fd3a1b824cf221369,127,66,0.5196850393700787,127,109,0.8582677165354331,0.968503937007874,123.0,0.9822834645669292,124.75
127,8,1016,840,0.8267716535433071,176,0.1732283464566929,2,0a2fd3a1b824cf221369,127,52,0.4094488188976378,127,101,0.7952755905511811,0.9545056867891514,121.22222222222223,0.9744094488188977,123.75
127,8,1016,766,0.7539370078740157,250,0.24606299212598426,3,0a2fd3a1b824cf221369,127,40,0.31496062992125984,127,103,0.8110236220472441,0.9566054243219599,121.4888888888889,0.9753937007874016,123.875
127,8,1016,833,0.8198818897637795,183,0.18011811023622049,4,0a2fd3a1b824cf221369,127,58,0.4566929133858268,127,104,0.8188976377952756,0.9597550306211723,121.88888888888889,0.9773622047244095,124.125
127,8,1016,918,0.9035433070866141,98,0.09645669291338582,0,0aa6cfc00ab1dd402f7e,127,80,0.6299212598425197,127,115,0.905511811023622,0.9790026246719161,124.33333333333333,0.9881889763779528,125.5
127,8,1016,866,0.8523622047244095,150,0.14763779527559054,1,0aa6cfc00ab1dd402f7e,127,62,0.4881889763779528,127,114,0.8976377952755905,0.9772528433945757,124.11111111111111,0.9872047244094488,125.375
127,8,1016,865,0.8513779527559056,151,0.1486220472440945,2,0aa6cfc00ab1dd402f7e,127,62,0.4881889763779528,127,100,0.7874015748031497,0.952755905511811,121.0,0.9734251968503937,123.625
127,8,1016,810,0.797244094488189,206,0.20275590551181102,3,0aa6cfc00ab1dd402f7e,127,48,0.3779527559055118,127,104,0.8188976377952756,0.9597550306211723,121.88888888888889,0.9773622047244095,124.125
127,8,1016,860,0.8464566929133859,156,0.15354330708661418,4,0aa6cfc00ab1dd402f7e,127,63,0.49606299212598426,127,102,0.8031496062992126,0.9548556430446195,121.26666666666667,0.9744094488188977,123.75
127,8,1016,874,0.860236220472441,142,0.13976377952755906,0,0ade38b56b4ba335d014,127,67,0.5275590551181102,127,116,0.9133858267716536,0.9807524059492565,124.55555555555556,0.9891732283464567,125.625
127,8,1016,881,0.8671259842519685,135,0.1328740157480315,1,0ade38b56b4ba335d014,127,70,0.5511811023622047,127,111,0.8740157480314961,0.9720034995625548,123.44444444444444,0.984251968503937,125.0
127,8,1016,845,0.8316929133858267,171,0.16830708661417323,2,0ade38b56b4ba335d014,127,58,0.4566929133858268,127,105,0.8267716535433071,0.9615048118985127,122.11111111111111,0.9783464566929134,124.25
127,8,1016,819,0.8061023622047244,197,0.19389763779527558,3,0ade38b56b4ba335d014,127,50,0.3937007874015748,127,90,0.7086614173228346,0.931058617672791,118.24444444444444,0.9606299212598425,122.0
127,8,1016,819,0.8061023622047244,197,0.19389763779527558,4,0ade38b56b4ba335d014,127,46,0.36220472440944884,127,105,0.8267716535433071,0.9615048118985127,122.11111111111111,0.9783464566929134,124.25
127,8,1016,896,0.8818897637795275,120,0.11811023622047244,0,0af61f659608984d5c05,127,72,0.5669291338582677,127,112,0.8818897637795275,0.9737532808398952,123.66666666666667,0.985236220472441,125.125
127,8,1016,881,0.8671259842519685,135,0.1328740157480315,1,0af61f659608984d5c05,127,66,0.5196850393700787,127,105,0.8267716535433071,0.9601049868766405,121.93333333333334,0.9773622047244095,124.125
127,8,1016,848,0.8346456692913385,168,0.16535433070866143,2,0af61f659608984d5c05,127,58,0.4566929133858268,127,103,0.8110236220472441,0.9580052493438319,121.66666666666667,0.9763779527559056,124.0
127,8,1016,802,0.7893700787401575,214,0.2106299212598425,3,0af61f659608984d5c05,127,48,0.3779527559055118,127,105,0.8267716535433071,0.9615048118985127,122.11111111111111,0.9783464566929134,124.25
127,8,1016,841,0.827755905511811,175,0.17224409448818898,4,0af61f659608984d5c05,127,58,0.4566929133858268,127,97,0.7637795275590551,0.9447069116360454,119.97777777777777,0.968503937007874,123.0
64,8,512,463,0.904296875,49,0.095703125,0,0b088b1c6405a99afcbf,64,42,0.65625,64,60,0.9375,0.9861111111111112,63.111111111111114,0.9921875,63.5
64,8,512,451,0.880859375,61,0.119140625,1,0b088b1c6405a99afcbf,64,37,0.578125,64,58,0.90625,0.9791666666666667,62.666666666666664,0.98828125,63.25
64,8,512,456,0.890625,56,0.109375,2,0b088b1c6405a99afcbf,64,34,0.53125,64,52,0.8125,0.9583333333333333,61.333333333333336,0.9765625,62.5
64,8,512,414,0.80859375,98,0.19140625,3,0b088b1c6405a99afcbf,64,26,0.40625,64,53,0.828125,0.9618055555555556,61.55555555555556,0.978515625,62.625
64,8,512,415,0.810546875,97,0.189453125,4,0b088b1c6405a99afcbf,64,26,0.40625,64,57,0.890625,0.9756944444444444,62.44444444444444,0.986328125,63.125
127,8,1016,910,0.8956692913385826,106,0.10433070866141732,0,0b17aa2bf14c69e49fde,127,78,0.6141732283464567,127,113,0.889763779527559,0.9755030621172355,123.88888888888889,0.9862204724409449,125.25
127,8,1016,881,0.8671259842519685,135,0.1328740157480315,1,0b17aa2bf14c69e49fde,127,71,0.5590551181102362,127,111,0.8740157480314961,0.9720034995625548,123.44444444444444,0.984251968503937,125.0
127,8,1016,844,0.8307086614173228,172,0.16929133858267717,2,0b17aa2bf14c69e49fde,127,56,0.4409448818897638,127,108,0.8503937007874016,0.9667541557305336,122.77777777777777,0.9812992125984252,124.625
127,8,1016,803,0.7903543307086615,213,0.20964566929133857,3,0b17aa2bf14c69e49fde,127,43,0.33858267716535434,127,101,0.7952755905511811,0.9545056867891513,121.22222222222223,0.9744094488188977,123.75
127,8,1016,860,0.8464566929133859,156,0.15354330708661418,4,0b17aa2bf14c69e49fde,127,61,0.48031496062992124,127,103,0.8110236220472441,0.9566054243219598,121.4888888888889,0.9753937007874016,123.875
33,8,264,235,0.8901515151515151,29,0.10984848484848485,0,0b78fd794493c2fce383,33,19,0.5757575757575758,33,27,0.8181818181818182,0.9595959595959596,31.666666666666668,0.9772727272727273,32.25
33,8,264,232,0.8787878787878788,32,0.12121212121212122,1,0b78fd794493c2fce383,33,16,0.48484848484848486,33,27,0.8181818181818182,0.9595959595959596,31.666666666666668,0.9772727272727273,32.25
33,8,264,222,0.8409090909090909,42,0.1590909090909091,2,0b78fd794493c2fce383,33,10,0.30303030303030304,33,22,0.6666666666666666,0.9259259259259259,30.555555555555557,0.9583333333333334,31.625
33,8,264,197,0.7462121212121212,67,0.2537878787878788,3,0b78fd794493c2fce383,33,10,0.30303030303030304,33,24,0.7272727272727273,0.9340067340067341,30.822222222222223,0.9621212121212122,31.75
33,8,264,206,0.7803030303030303,58,0.2196969696969697,4,0b78fd794493c2fce383,33,10,0.30303030303030304,33,24,0.7272727272727273,0.9340067340067341,30.822222222222223,0.9621212121212122,31.75
127,8,1016,905,0.890748031496063,111,0.10925196850393701,0,0b7937de7f83e5fbfed7,127,76,0.5984251968503937,127,116,0.9133858267716536,0.9807524059492564,124.55555555555556,0.9891732283464567,125.625
127,8,1016,877,0.8631889763779528,139,0.13681102362204725,1,0b7937de7f83e5fbfed7,127,66,0.5196850393700787,127,110,0.8661417322834646,0.9702537182852145,123.22222222222223,0.9832677165354331,124.875
127,8,1016,873,0.859251968503937,143,0.140748031496063,2,0b7937de7f83e5fbfed7,127,64,0.5039370078740157,127,101,0.7952755905511811,0.9545056867891514,121.22222222222223,0.9744094488188977,123.75
127,8,1016,821,0.8080708661417323,195,0.1919291338582677,3,0b7937de7f83e5fbfed7,127,52,0.4094488188976378,127,94,0.7401574803149606,0.9408573928258966,119.4888888888889,0.9665354330708661,122.75
127,8,1016,817,0.8041338582677166,199,0.19586614173228348,4,0b7937de7f83e5fbfed7,127,45,0.3543307086614173,127,100,0.7874015748031497,0.952755905511811,121.0,0.9734251968503937,123.625
127,8,1016,900,0.8858267716535433,116,0.1141732283464567,0,0bab1d5476a0f2e5495d,127,76,0.5984251968503937,127,111,0.8740157480314961,0.9720034995625548,123.44444444444444,0.984251968503937,125.0
127,8,1016,891,0.8769685039370079,125,0.12303149606299213,1,0bab1d5476a0f2e5495d,127,67,0.5275590551181102,127,111,0.8740157480314961,0.9720034995625547,123.44444444444444,0.984251968503937,125.0
127,8,1016,852,0.8385826771653543,164,0.16141732283464566,2,0bab1d5476a0f2e5495d,127,51,0.4015748031496063,127,105,0.8267716535433071,0.9615048118985127,122.11111111111111,0.9783464566929134,124.25
127,8,1016,844,0.8307086614173228,172,0.16929133858267717,3,0bab1d5476a0f2e5495d,127,55,0.4330708661417323,127,109,0.8582677165354331,0.9671041119860018,122.82222222222222,0.9812992125984252,124.625
127,8,1016,850,0.8366141732283464,166,0.16338582677165353,4,0bab1d5476a0f2e5495d,127,54,0.4251968503937008,127,103,0.8110236220472441,0.9580052493438319,121.66666666666667,0.9763779527559056,124.0
127,8,1016,830,0.8169291338582677,186,0.1830708661417323,0,0bbe66ae11d9e1f57a8d,127,43,0.33858267716535434,127,106,0.8346456692913385,0.963254593175853,122.33333333333333,0.9793307086614174,124.375
127,8,1016,516,0.5078740157480315,500,0.4921259842519685,1,0bbe66ae11d9e1f57a8d,127,13,0.10236220472440945,127,33,0.25984251968503935,0.80548795036984,102.2969696969697,0.8858267716535433,112.5
127,8,1016,529,0.5206692913385826,487,0.4793307086614173,2,0bbe66ae11d9e1f57a8d,127,10,0.07874015748031496,127,36,0.28346456692913385,0.7702059969776502,97.81616161616162,0.859251968503937,109.125
127,8,1016,476,0.468503937007874,540,0.531496062992126,3,0bbe66ae11d9e1f57a8d,127,11,0.08661417322834646,127,41,0.3228346456692913,0.8029428139664357,101.97373737373738,0.8818897637795275,112.0
127,8,1016,499,0.4911417322834646,517,0.5088582677165354,4,0bbe66ae11d9e1f57a8d,127,9,0.07086614173228346,127,48,0.3779527559055118,0.8247355444205835,104.74141414141414,0.8956692913385826,113.75
127,8,1016,905,0.890748031496063,111,0.10925196850393701,0,0bc6c80121aebeffed13,127,77,0.6062992125984252,127,113,0.889763779527559,0.9755030621172355,123.88888888888889,0.9862204724409449,125.25
127,8,1016,898,0.8838582677165354,118,0.11614173228346457,1,0bc6c80121aebeffed13,127,73,0.5748031496062992,127,111,0.8740157480314961,0.9720034995625548,123.44444444444444,0.984251968503937,125.0
127,8,1016,855,0.8415354330708661,161,0.15846456692913385,2,0bc6c80121aebeffed13,127,55,0.4330708661417323,127,105,0.8267716535433071,0.9615048118985127,122.11111111111111,0.9783464566929134,124.25
127,8,1016,870,0.8562992125984252,146,0.1437007874015748,3,0bc6c80121aebeffed13,127,62,0.4881889763779528,127,99,0.7795275590551181,0.9482064741907261,120.42222222222222,0.9704724409448819,123.25
127,8,1016,856,0.84251968503937,160,0.15748031496062992,4,0bc6c80121aebeffed13,127,63,0.49606299212598426,127,110,0.8661417322834646,0.9702537182852145,123.22222222222223,0.9832677165354331,124.875
127,8,1016,918,0.9035433070866141,98,0.09645669291338582,0,0bca64e6b6c04426713a,127,81,0.6377952755905512,127,112,0.8818897637795275,0.9737532808398952,123.66666666666667,0.985236220472441,125.125
127,8,1016,876,0.8622047244094488,140,0.1377952755905512,1,0bca64e6b6c04426713a,127,63,0.49606299212598426,127,102,0.8031496062992126,0.9548556430446195,121.26666666666667,0.9744094488188977,123.75
127,8,1016,861,0.8474409448818898,155,0.15255905511811024,2,0bca64e6b6c04426713a,127,64,0.5039370078740157,127,108,0.8503937007874016,0.9667541557305336,122.77777777777777,0.9812992125984252,124.625
127,8,1016,844,0.8307086614173228,172,0.16929133858267717,3,0bca64e6b6c04426713a,127,55,0.4330708661417323,127,101,0.7952755905511811,0.9545056867891514,121.22222222222223,0.9744094488188977,123.75
127,8,1016,846,0.8326771653543307,170,0.1673228346456693,4,0bca64e6b6c04426713a,127,51,0.4015748031496063,127,105,0.8267716535433071,0.9601049868766405,121.93333333333334,0.9773622047244095,124.125
127,8,1016,901,0.8868110236220472,115,0.11318897637795275,0,0bdf8afdc223d33a68b9,127,73,0.5748031496062992,127,114,0.8976377952755905,0.9772528433945757,124.11111111111111,0.9872047244094488,125.375
127,8,1016,848,0.8346456692913385,168,0.16535433070866143,1,0bdf8afdc223d33a68b9,127,60,0.47244094488188976,127,102,0.8031496062992126,0.9562554680664915,121.44444444444444,0.9753937007874016,123.875
127,8,1016,831,0.8179133858267716,185,0.18208661417322836,2,0bdf8afdc223d33a68b9,127,51,0.4015748031496063,127,109,0.8582677165354331,0.968503937007874,123.0,0.9822834645669292,124.75
127,8,1016,825,0.812007874015748,191,0.18799212598425197,3,0bdf8afdc223d33a68b9,127,47,0.3700787401574803,127,91,0.7165354330708661,0.9342082239720035,118.64444444444445,0.9625984251968503,122.25
127,8,1016,826,0.812992125984252,190,0.18700787401574803,4,0bdf8afdc223d33a68b9,127,51,0.4015748031496063,127,101,0.7952755905511811,0.9531058617672792,121.04444444444445,0.9734251968503937,123.625
127,8,1016,911,0.8966535433070866,105,0.10334645669291338,0,0c2792fd8b11e4492680,127,78,0.6141732283464567,127,109,0.8582677165354331,0.9685039370078742,123.0,0.9822834645669292,124.75
127,8,1016,882,0.8681102362204725,134,0.13188976377952755,1,0c2792fd8b11e4492680,127,68,0.5354330708661418,127,105,0.8267716535433071,0.9615048118985127,122.11111111111111,0.9783464566929134,124.25
127,8,1016,839,0.8257874015748031,177,0.17421259842519685,2,0c2792fd8b11e4492680,127,57,0.44881889763779526,127,107,0.84251968503937,0.9650043744531932,122.55555555555556,0.9803149606299213,124.5
127,8,1016,801,0.7883858267716536,215,0.21161417322834647,3,0c2792fd8b11e4492680,127,42,0.33070866141732286,127,97,0.7637795275590551,0.9475065616797899,120.33333333333333,0.9704724409448819,123.25
127,8,1016,794,0.781496062992126,222,0.21850393700787402,4,0c2792fd8b11e4492680,127,47,0.3700787401574803,127,101,0.7952755905511811,0.9505607253638749,120.72121212121212,0.9714566929133859,123.375
127,8,1016,882,0.8681102362204725,134,0.13188976377952755,0,0c65410d39676160e9eb,127,66,0.5196850393700787,127,111,0.8740157480314961,0.9720034995625548,123.44444444444444,0.984251968503937,125.0
127,8,1016,894,0.8799212598425197,122,0.12007874015748031,1,0c65410d39676160e9eb,127,69,0.5433070866141733,127,108,0.8503937007874016,0.9653543307086614,122.6,0.9803149606299213,124.5
127,8,1016,849,0.8356299212598425,167,0.1643700787401575,2,0c65410d39676160e9eb,127,56,0.4409448818897638,127,104,0.8188976377952756,0.9597550306211723,121.88888888888889,0.9773622047244095,124.125
127,8,1016,810,0.797244094488189,206,0.20275590551181102,3,0c65410d39676160e9eb,127,46,0.36220472440944884,127,98,0.7716535433070866,0.9492563429571305,120.55555555555556,0.9714566929133859,123.375
127,8,1016,836,0.8228346456692913,180,0.17716535433070865,4,0c65410d39676160e9eb,127,53,0.41732283464566927,127,104,0.8188976377952756,0.9583552055993001,121.71111111111111,0.9763779527559056,124.0
127,8,1016,898,0.8838582677165354,118,0.11614173228346457,0,0c6827cc5421d03e14d4,127,77,0.6062992125984252,127,114,0.8976377952755905,0.9772528433945757,124.11111111111111,0.9872047244094488,125.375
127,8,1016,896,0.8818897637795275,120,0.11811023622047244,1,0c6827cc5421d03e14d4,127,69,0.5433070866141733,127,110,0.8661417322834646,0.9702537182852143,123.22222222222223,0.9832677165354331,124.875
127,8,1016,852,0.8385826771653543,164,0.16141732283464566,2,0c6827cc5421d03e14d4,127,65,0.5118110236220472,127,104,0.8188976377952756,0.9597550306211723,121.88888888888889,0.9773622047244095,124.125
127,8,1016,800,0.7874015748031497,216,0.2125984251968504,3,0c6827cc5421d03e14d4,127,44,0.3464566929133858,127,98,0.7716535433070866,0.9492563429571305,120.55555555555556,0.9714566929133859,123.375
127,8,1016,838,0.8248031496062992,178,0.17519685039370078,4,0c6827cc5421d03e14d4,127,55,0.4330708661417323,127,110,0.8661417322834646,0.9702537182852143,123.22222222222223,0.9832677165354331,124.875
127,8,1016,904,0.889763779527559,112,0.11023622047244094,0,0c7897b0964b1bb87be0,127,76,0.5984251968503937,127,113,0.889763779527559,0.9755030621172354,123.88888888888889,0.9862204724409449,125.25
127,8,1016,892,0.8779527559055118,124,0.1220472440944882,1,0c7897b0964b1bb87be0,127,72,0.5669291338582677,127,114,0.8976377952755905,0.9772528433945756,124.11111111111111,0.9872047244094488,125.375
127,8,1016,838,0.8248031496062992,178,0.17519685039370078,2,0c7897b0964b1bb87be0,127,56,0.4409448818897638,127,110,0.8661417322834646,0.9688538932633421,123.04444444444445,0.9822834645669292,124.75
127,8,1016,822,0.8090551181102362,194,0.19094488188976377,3,0c7897b0964b1bb87be0,127,49,0.3858267716535433,127,100,0.7874015748031497,0.9499562554680665,120.64444444444445,0.9714566929133859,123.375
127,8,1016,814,0.8011811023622047,202,0.19881889763779528,4,0c7897b0964b1bb87be0,127,46,0.36220472440944884,127,90,0.7086614173228346,0.9352580927384078,118.77777777777777,0.9635826771653543,122.375
127,8,1016,903,0.8887795275590551,113,0.11122047244094488,0,0c930baa875d63a744ba,127,74,0.5826771653543307,127,113,0.889763779527559,0.9755030621172355,123.88888888888889,0.9862204724409449,125.25
127,8,1016,895,0.8809055118110236,121,0.11909448818897637,1,0c930baa875d63a744ba,127,70,0.5511811023622047,127,111,0.8740157480314961,0.9720034995625547,123.44444444444444,0.984251968503937,125.0
127,8,1016,866,0.8523622047244095,150,0.14763779527559054,2,0c930baa875d63a744ba,127,65,0.5118110236220472,127,102,0.8031496062992126,0.9548556430446195,121.26666666666667,0.9744094488188977,123.75
127,8,1016,832,0.8188976377952756,184,0.18110236220472442,3,0c930baa875d63a744ba,127,53,0.41732283464566927,127,102,0.8031496062992126,0.9562554680664918,121.44444444444444,0.9753937007874016,123.875
127,8,1016,845,0.8316929133858267,171,0.16830708661417323,4,0c930baa875d63a744ba,127,56,0.4409448818897638,127,99,0.7795275590551181,0.9510061242344706,120.77777777777777,0.9724409448818898,123.5
127,8,1016,912,0.8976377952755905,104,0.10236220472440945,0,0c9e2874d884c5e6a5d1,127,77,0.6062992125984252,127,108,0.8503937007874016,0.9667541557305337,122.77777777777777,0.9812992125984252,124.625
127,8,1016,872,0.8582677165354331,144,0.14173228346456693,1,0c9e2874d884c5e6a5d1,127,69,0.5433070866141733,127,115,0.905511811023622,0.9776027996500438,124.15555555555555,0.9872047244094488,125.375
127,8,1016,859,0.8454724409448819,157,0.1545275590551181,2,0c9e2874d884c5e6a5d1,127,57,0.44881889763779526,127,107,0.84251968503937,0.9650043744531933,122.55555555555556,0.9803149606299213,124.5
127,8,1016,806,0.7933070866141733,210,0.20669291338582677,3,0c9e2874d884c5e6a5d1,127,50,0.3937007874015748,127,106,0.8346456692913385,0.9604549431321086,121.97777777777777,0.9773622047244095,124.125
127,8,1016,834,0.8208661417322834,182,0.17913385826771652,4,0c9e2874d884c5e6a5d1,127,49,0.3858267716535433,127,90,0.7086614173228346,0.9338582677165355,118.6,0.9625984251968503,122.25
127,8,1016,904,0.889763779527559,112,0.11023622047244094,0,0ccf40440fce667b775e,127,75,0.5905511811023622,127,112,0.8818897637795275,0.9737532808398951,123.66666666666667,0.985236220472441,125.125
127,8,1016,869,0.8553149606299213,147,0.14468503937007873,1,0ccf40440fce667b775e,127,58,0.4566929133858268,127,108,0.8503937007874016,0.9667541557305337,122.77777777777777,0.9812992125984252,124.625
127,8,1016,849,0.8356299212598425,167,0.1643700787401575,2,0ccf40440fce667b775e,127,61,0.48031496062992124,127,103,0.8110236220472441,0.9566054243219598,121.4888888888889,0.9753937007874016,123.875
127,8,1016,821,0.8080708661417323,195,0.1919291338582677,3,0ccf40440fce667b775e,127,48,0.3779527559055118,127,102,0.8031496062992126,0.9523105066412152,120.94343434343435,0.9724409448818898,123.5
127,8,1016,834,0.8208661417322834,182,0.17913385826771652,4,0ccf40440fce667b775e,127,53,0.41732283464566927,127,96,0.7559055118110236,0.9443569553805774,119.93333333333334,0.968503937007874,123.0
127,8,1016,930,0.9153543307086615,86,0.08464566929133858,0,0d0abe33cb0a93561eef,127,87,0.6850393700787402,127,115,0.905511811023622,0.9790026246719161,124.33333333333333,0.9881889763779528,125.5
127,8,1016,859,0.8454724409448819,157,0.1545275590551181,1,0d0abe33cb0a93561eef,127,62,0.4881889763779528,127,111,0.8740157480314961,0.9720034995625548,123.44444444444444,0.984251968503937,125.0
127,8,1016,852,0.8385826771653543,164,0.16141732283464566,2,0d0abe33cb0a93561eef,127,61,0.48031496062992124,127,109,0.8582677165354331,0.968503937007874,123.0,0.9822834645669292,124.75
127,8,1016,794,0.781496062992126,222,0.21850393700787402,3,0d0abe33cb0a93561eef,127,47,0.3700787401574803,127,91,0.7165354330708661,0.9342082239720034,118.64444444444445,0.9625984251968503,122.25
127,8,1016,825,0.812007874015748,191,0.18799212598425197,4,0d0abe33cb0a93561eef,127,50,0.3937007874015748,127,96,0.7559055118110236,0.9457567804024497,120.11111111111111,0.969488188976378,123.125
127,8,1016,857,0.843503937007874,159,0.15649606299212598,0,0d1c31cceee1cd124de3,127,55,0.4330708661417323,127,95,0.7480314960629921,0.9440069991251091,119.88888888888889,0.968503937007874,123.0
127,8,1016,488,0.48031496062992124,528,0.5196850393700787,1,0d1c31cceee1cd124de3,127,13,0.10236220472440945,127,68,0.5354330708661418,0.8771653543307085,111.4,0.9281496062992126,117.875
127,8,1016,538,0.5295275590551181,478,0.4704724409448819,2,0d1c31cceee1cd124de3,127,11,0.08661417322834646,127,39,0.30708661417322836,0.7980434263898828,101.35151515151514,0.8789370078740157,111.625
127,8,1016,489,0.4812992125984252,527,0.5187007874015748,3,0d1c31cceee1cd124de3,127,6,0.047244094488188976,127,44,0.3464566929133858,0.8284259922055196,105.21010101010101,0.8996062992125984,114.25
127,8,1016,464,0.4566929133858268,552,0.5433070866141733,4,0d1c31cceee1cd124de3,127,10,0.07874015748031496,127,40,0.31496062992125984,0.8200270420742859,104.14343434343435,0.8946850393700787,113.625
127,8,1016,913,0.8986220472440944,103,0.10137795275590551,0,0d3f10028312e9552e64,127,81,0.6377952755905512,127,117,0.9212598425196851,0.9825021872265968,124.77777777777777,0.9901574803149606,125.75
127,8,1016,850,0.8366141732283464,166,0.16338582677165353,1,0d3f10028312e9552e64,127,61,0.48031496062992124,127,103,0.8110236220472441,0.958005249343832,121.66666666666667,0.9763779527559056,124.0
127,8,1016,843,0.8297244094488189,173,0.1702755905511811,2,0d3f10028312e9552e64,127,56,0.4409448818897638,127,108,0.8503937007874016,0.9653543307086615,122.6,0.9803149606299213,124.5
127,8,1016,810,0.797244094488189,206,0.20275590551181102,3,0d3f10028312e9552e64,127,44,0.3464566929133858,127,96,0.7559055118110236,0.9457567804024497,120.11111111111111,0.969488188976378,123.125
127,8,1016,839,0.8257874015748031,177,0.17421259842519685,4,0d3f10028312e9552e64,127,56,0.4409448818897638,127,105,0.8267716535433071,0.9615048118985127,122.11111111111111,0.9783464566929134,124.25
127,8,1016,898,0.8838582677165354,118,0.11614173228346457,0,0d521be2089875122065,127,74,0.5826771653543307,127,116,0.9133858267716536,0.9807524059492565,124.55555555555556,0.9891732283464567,125.625
127,8,1016,873,0.859251968503937,143,0.140748031496063,1,0d521be2089875122065,127,65,0.5118110236220472,127,108,0.8503937007874016,0.9667541557305336,122.77777777777777,0.9812992125984252,124.625
127,8,1016,854,0.8405511811023622,162,0.1594488188976378,2,0d521be2089875122065,127,67,0.5275590551181102,127,104,0.8188976377952756,0.9583552055993001,121.71111111111111,0.9763779527559056,124.0
127,8,1016,781,0.7687007874015748,235,0.2312992125984252,3,0d521be2089875122065,127,43,0.33858267716535434,127,101,0.7952755905511811,0.9531058617672792,121.04444444444445,0.9734251968503937,123.625
127,8,1016,816,0.8031496062992126,200,0.1968503937007874,4,0d521be2089875122065,127,49,0.3858267716535433,127,106,0.8346456692913385,0.9618547681539809,122.15555555555555,0.9783464566929134,124.25
98,8,784,667,0.8507653061224489,117,0.14923469387755103,0,0d87a5a28d1a75188930,98,49,0.5,98,86,0.8775510204081632,0.9709750566893425,95.15555555555555,0.9834183673469388,96.375
98,8,784,689,0.8788265306122449,95,0.1211734693877551,1,0d87a5a28d1a75188930,98,53,0.5408163265306123,98,88,0.8979591836734694,0.9755102040816326,95.6,0.985969387755102,96.625
98,8,784,649,0.8278061224489796,135,0.17219387755102042,2,0d87a5a28d1a75188930,98,43,0.4387755102040816,98,76,0.7755102040816326,0.9501133786848073,93.11111111111111,0.9719387755102041,95.25
98,8,784,612,0.7806122448979592,172,0.2193877551020408,3,0d87a5a28d1a75188930,98,32,0.32653061224489793,98,73,0.7448979591836735,0.9396825396825397,92.08888888888889,0.9655612244897959,94.625
98,8,784,607,0.7742346938775511,177,0.22576530612244897,4,0d87a5a28d1a75188930,98,34,0.3469387755102041,98,70,0.7142857142857143,0.9328798185941043,91.42222222222222,0.9617346938775511,94.25
127,8,1016,877,0.8631889763779528,139,0.13681102362204725,0,0e0edfb85d3e58490ea1,127,67,0.5275590551181102,127,109,0.8582677165354331,0.968503937007874,123.0,0.9822834645669292,124.75
127,8,1016,883,0.8690944881889764,133,0.1309055118110236,1,0e0edfb85d3e58490ea1,127,68,0.5354330708661418,127,104,0.8188976377952756,0.9597550306211723,121.88888888888889,0.9773622047244095,124.125
127,8,1016,828,0.8149606299212598,188,0.18503937007874016,2,0e0edfb85d3e58490ea1,127,52,0.4094488188976378,127,101,0.7952755905511811,0.9531058617672792,121.04444444444445,0.9734251968503937,123.625
127,8,1016,786,0.7736220472440944,230,0.2263779527559055,3,0e0edfb85d3e58490ea1,127,41,0.3228346456692913,127,100,0.7874015748031497,0.952755905511811,121.0,0.9734251968503937,123.625
127,8,1016,837,0.8238188976377953,179,0.17618110236220472,4,0e0edfb85d3e58490ea1,127,55,0.4330708661417323,127,104,0.8188976377952756,0.9597550306211724,121.88888888888889,0.9773622047244095,124.125
127,8,1016,917,0.9025590551181102,99,0.09744094488188976,0,0e17b1c5d9976b077d8e,127,84,0.6614173228346457,127,115,0.905511811023622,0.9790026246719161,124.33333333333333,0.9881889763779528,125.5
127,8,1016,898,0.8838582677165354,118,0.11614173228346457,1,0e17b1c5d9976b077d8e,127,75,0.5905511811023622,127,113,0.889763779527559,0.9755030621172354,123.88888888888889,0.9862204724409449,125.25
127,8,1016,861,0.8474409448818898,155,0.15255905511811024,2,0e17b1c5d9976b077d8e,127,60,0.47244094488188976,127,98,0.7716535433070866,0.9464566929133857,120.2,0.969488188976378,123.125
127,8,1016,857,0.843503937007874,159,0.15649606299212598,3,0e17b1c5d9976b077d8e,127,60,0.47244094488188976,127,99,0.7795275590551181,0.9510061242344706,120.77777777777777,0.9724409448818898,123.5
127,8,1016,833,0.8198818897637795,183,0.18011811023622049,4,0e17b1c5d9976b077d8e,127,52,0.4094488188976378,127,106,0.8346456692913385,0.963254593175853,122.33333333333333,0.9793307086614174,124.375
127,8,1016,888,0.8740157480314961,128,0.12598425196850394,0,0e24a4fcaf7510aeac91,127,71,0.5590551181102362,127,108,0.8503937007874016,0.9667541557305336,122.77777777777777,0.9812992125984252,124.625
127,8,1016,899,0.8848425196850394,117,0.11515748031496063,1,0e24a4fcaf7510aeac91,127,73,0.5748031496062992,127,107,0.84251968503937,0.9650043744531933,122.55555555555556,0.9803149606299213,124.5
127,8,1016,850,0.8366141732283464,166,0.16338582677165353,2,0e24a4fcaf7510aeac91,127,60,0.47244094488188976,127,112,0.8818897637795275,0.9709536307961505,123.31111111111112,0.9832677165354331,124.875
127,8,1016,816,0.8031496062992126,200,0.1968503937007874,3,0e24a4fcaf7510aeac91,127,50,0.3937007874015748,127,107,0.84251968503937,0.9650043744531933,122.55555555555556,0.9803149606299213,124.5
127,8,1016,878,0.8641732283464567,138,0.13582677165354332,4,0e24a4fcaf7510aeac91,127,66,0.5196850393700787,127,105,0.8267716535433071,0.9615048118985127,122.11111111111111,0.9783464566929134,124.25
127,8,1016,893,0.8789370078740157,123,0.12106299212598425,0,0e3007537351484bb9ca,127,69,0.5433070866141733,127,115,0.905511811023622,0.979002624671916,124.33333333333333,0.9881889763779528,125.5
127,8,1016,862,0.8484251968503937,154,0.1515748031496063,1,0e3007537351484bb9ca,127,61,0.48031496062992124,127,110,0.8661417322834646,0.9702537182852145,123.22222222222223,0.9832677165354331,124.875
127,8,1016,878,0.8641732283464567,138,0.13582677165354332,2,0e3007537351484bb9ca,127,63,0.49606299212598426,127,111,0.8740157480314961,0.9706036745406825,123.26666666666667,0.9832677165354331,124.875
127,8,1016,801,0.7883858267716536,215,0.21161417322834647,3,0e3007537351484bb9ca,127,42,0.33070866141732286,127,96,0.7559055118110236,0.9443569553805775,119.93333333333334,0.968503937007874,123.0
127,8,1016,836,0.8228346456692913,180,0.17716535433070865,4,0e3007537351484bb9ca,127,58,0.4566929133858268,127,101,0.7952755905511811,0.9545056867891513,121.22222222222223,0.9744094488188977,123.75
127,8,1016,898,0.8838582677165354,118,0.11614173228346457,0,0e4d3895cd35ccffb38e,127,70,0.5511811023622047,127,105,0.8267716535433071,0.9615048118985126,122.11111111111111,0.9783464566929134,124.25
127,8,1016,882,0.8681102362204725,134,0.13188976377952755,1,0e4d3895cd35ccffb38e,127,67,0.5275590551181102,127,110,0.8661417322834646,0.9702537182852145,123.22222222222223,0.9832677165354331,124.875
127,8,1016,848,0.8346456692913385,168,0.16535433070866143,2,0e4d3895cd35ccffb38e,127,55,0.4330708661417323,127,99,0.7795275590551181,0.9496062992125985,120.6,0.9714566929133859,123.375
127,8,1016,794,0.781496062992126,222,0.21850393700787402,3,0e4d3895cd35ccffb38e,127,44,0.3464566929133858,127,98,0.7716535433070866,0.9478565179352582,120.37777777777778,0.9704724409448819,123.25
127,8,1016,806,0.7933070866141733,210,0.20669291338582677,4,0e4d3895cd35ccffb38e,127,46,0.36220472440944884,127,108,0.8503937007874016,0.9653543307086614,122.6,0.9803149606299213,124.5
127,8,1016,877,0.8631889763779528,139,0.13681102362204725,0,0ef270f4870841ca3303,127,64,0.5039370078740157,127,104,0.8188976377952756,0.9597550306211723,121.88888888888889,0.9773622047244095,124.125
127,8,1016,801,0.7883858267716536,215,0.21161417322834647,1,0ef270f4870841ca3303,127,40,0.31496062992125984,127,103,0.8110236220472441,0.9580052493438319,121.66666666666667,0.9763779527559056,124.0
127,8,1016,816,0.8031496062992126,200,0.1968503937007874,2,0ef270f4870841ca3303,127,51,0.4015748031496063,127,107,0.84251968503937,0.963604549431321,122.37777777777778,0.9793307086614174,124.375
127,8,1016,801,0.7883858267716536,215,0.21161417322834647,3,0ef270f4870841ca3303,127,43,0.33858267716535434,127,97,0.7637795275590551,0.9475065616797899,120.33333333333333,0.9704724409448819,123.25
127,8,1016,796,0.7834645669291339,220,0.21653543307086615,4,0ef270f4870841ca3303,127,41,0.3228346456692913,127,100,0.7874015748031497,0.9513560804899388,120.82222222222222,0.9724409448818898,123.5
127,8,1016,903,0.8887795275590551,113,0.11122047244094488,0,0eff13644785a421ce32,127,77,0.6062992125984252,127,114,0.8976377952755905,0.9772528433945757,124.11111111111111,0.9872047244094488,125.375
127,8,1016,875,0.8612204724409449,141,0.13877952755905512,1,0eff13644785a421ce32,127,57,0.44881889763779526,127,109,0.8582677165354331,0.968503937007874,123.0,0.9822834645669292,124.75
127,8,1016,839,0.8257874015748031,177,0.17421259842519685,2,0eff13644785a421ce32,127,58,0.4566929133858268,127,103,0.8110236220472441,0.9552055993000874,121.31111111111112,0.9744094488188977,123.75
127,8,1016,837,0.8238188976377953,179,0.17618110236220472,3,0eff13644785a421ce32,127,48,0.3779527559055118,127,101,0.7952755905511811,0.9545056867891514,121.22222222222223,0.9744094488188977,123.75
127,8,1016,821,0.8080708661417323,195,0.1919291338582677,4,0eff13644785a421ce32,127,54,0.4251968503937008,127,98,0.7716535433070866,0.9492563429571305,120.55555555555556,0.9714566929133859,123.375
127,8,1016,872,0.8582677165354331,144,0.14173228346456693,0,0f09b01ca07b7a4c0c0b,127,67,0.5275590551181102,127,113,0.889763779527559,0.9755030621172355,123.88888888888889,0.9862204724409449,125.25
127,8,1016,894,0.8799212598425197,122,0.12007874015748031,1,0f09b01ca07b7a4c0c0b,127,70,0.5511811023622047,127,107,0.84251968503937,0.9650043744531934,122.55555555555556,0.9803149606299213,124.5
127,8,1016,857,0.843503937007874,159,0.15649606299212598,2,0f09b01ca07b7a4c0c0b,127,63,0.49606299212598426,127,109,0.8582677165354331,0.968503937007874,123.0,0.9822834645669292,124.75
127,8,1016,812,0.7992125984251969,204,0.20078740157480315,3,0f09b01ca07b7a4c0c0b,127,49,0.3858267716535433,127,105,0.8267716535433071,0.9601049868766405,121.93333333333334,0.9773622047244095,124.125
127,8,1016,863,0.8494094488188977,153,0.15059055118110237,4,0f09b01ca07b7a4c0c0b,127,56,0.4409448818897638,127,101,0.7952755905511811,0.9531058617672791,121.04444444444445,0.9734251968503937,123.625
127,8,1016,894,0.8799212598425197,122,0.12007874015748031,0,10c1472ae9ff5d5ea689,127,70,0.5511811023622047,127,110,0.8661417322834646,0.9702537182852145,123.22222222222223,0.9832677165354331,124.875
127,8,1016,883,0.8690944881889764,133,0.1309055118110236,1,10c1472ae9ff5d5ea689,127,67,0.5275590551181102,127,111,0.8740157480314961,0.9720034995625548,123.44444444444444,0.984251968503937,125.0
127,8,1016,854,0.8405511811023622,162,0.1594488188976378,2,10c1472ae9ff5d5ea689,127,57,0.44881889763779526,127,98,0.7716535433070866,0.9492563429571304,120.55555555555556,0.9714566929133859,123.375
127,8,1016,831,0.8179133858267716,185,0.18208661417322836,3,10c1472ae9ff5d5ea689,127,57,0.44881889763779526,127,106,0.8346456692913385,0.9632545931758529,122.33333333333333,0.9793307086614174,124.375
127,8,1016,799,0.7864173228346457,217,0.21358267716535434,4,10c1472ae9ff5d5ea689,127,47,0.3700787401574803,127,97,0.7637795275590551,0.94750656167979,120.33333333333333,0.9704724409448819,123.25
100,8,800,698,0.8725,102,0.1275,0,10de8fc688e061abc423,100,58,0.58,100,91,0.91,0.9782222222222222,97.82222222222222,0.9875,98.75
100,8,800,702,0.8775,98,0.1225,1,10de8fc688e061abc423,100,57,0.57,100,89,0.89,0.9755555555555557,97.55555555555556,0.98625,98.625
100,8,800,681,0.85125,119,0.14875,2,10de8fc688e061abc423,100,49,0.49,100,76,0.76,0.943111111111111,94.31111111111112,0.9675,96.75
100,8,800,637,0.79625,163,0.20375,3,10de8fc688e061abc423,100,33,0.33,100,71,0.71,0.9337777777777778,93.37777777777778,0.9625,96.25
100,8,800,633,0.79125,167,0.20875,4,10de8fc688e061abc423,100,31,0.31,100,70,0.7,0.9315555555555555,93.15555555555555,0.96125,96.125
127,8,1016,896,0.8818897637795275,120,0.11811023622047244,0,1122d467827925848144,127,68,0.5354330708661418,127,110,0.8661417322834646,0.9702537182852145,123.22222222222223,0.9832677165354331,124.875
127,8,1016,884,0.8700787401574803,132,0.12992125984251968,1,1122d467827925848144,127,67,0.5275590551181102,127,106,0.8346456692913385,0.9618547681539809,122.15555555555555,0.9783464566929134,124.25
127,8,1016,854,0.8405511811023622,162,0.1594488188976378,2,1122d467827925848144,127,51,0.4015748031496063,127,101,0.7952755905511811,0.9545056867891512,121.22222222222223,0.9744094488188977,123.75
127,8,1016,842,0.8287401574803149,174,0.17125984251968504,3,1122d467827925848144,127,58,0.4566929133858268,127,96,0.7559055118110236,0.9457567804024495,120.11111111111111,0.969488188976378,123.125
127,8,1016,840,0.8267716535433071,176,0.1732283464566929,4,1122d467827925848144,127,50,0.3937007874015748,127,100,0.7874015748031497,0.9513560804899388,120.82222222222222,0.9724409448818898,123.5
127,8,1016,891,0.8769685039370079,125,0.12303149606299213,0,118d375a14ceb470186d,127,70,0.5511811023622047,127,112,0.8818897637795275,0.973753280839895,123.66666666666667,0.985236220472441,125.125
127,8,1016,830,0.8169291338582677,186,0.1830708661417323,1,118d375a14ceb470186d,127,55,0.4330708661417323,127,105,0.8267716535433071,0.9615048118985127,122.11111111111111,0.9783464566929134,124.25
127,8,1016,843,0.8297244094488189,173,0.1702755905511811,2,118d375a14ceb470186d,127,59,0.4645669291338583,127,104,0.8188976377952756,0.9597550306211723,121.88888888888889,0.9773622047244095,124.125
127,8,1016,775,0.7627952755905512,241,0.2372047244094488,3,118d375a14ceb470186d,127,38,0.2992125984251969,127,96,0.7559055118110236,0.9429571303587052,119.75555555555556,0.96751968503937,122.875
127,8,1016,801,0.7883858267716536,215,0.21161417322834647,4,118d375a14ceb470186d,127,47,0.3700787401574803,127,107,0.84251968503937,0.9622047244094487,122.2,0.9783464566929134,124.25
127,8,1016,911,0.8966535433070866,105,0.10334645669291338,0,11c249e226600e973189,127,79,0.6220472440944882,127,109,0.8582677165354331,0.968503937007874,123.0,0.9822834645669292,124.75
127,8,1016,848,0.8346456692913385,168,0.16535433070866143,1,11c249e226600e973189,127,59,0.4645669291338583,127,101,0.7952755905511811,0.9531058617672792,121.04444444444445,0.9734251968503937,123.625
127,8,1016,820,0.8070866141732284,196,0.19291338582677164,2,11c249e226600e973189,127,54,0.4251968503937008,127,104,0.8188976377952756,0.9583552055993001,121.71111111111111,0.9763779527559056,124.0
127,8,1016,779,0.7667322834645669,237,0.23326771653543307,3,11c249e226600e973189,127,40,0.31496062992125984,127,95,0.7480314960629921,0.942607174103237,119.71111111111111,0.96751968503937,122.875
127,8,1016,802,0.7893700787401575,214,0.2106299212598425,4,11c249e226600e973189,127,55,0.4330708661417323,127,105,0.8267716535433071,0.9615048118985127,122.11111111111111,0.9783464566929134,124.25
127,8,1016,941,0.9261811023622047,75,0.07381889763779527,0,120aadbbf6387c2aa795,127,90,0.7086614173228346,127,114,0.8976377952755905,0.9772528433945757,124.11111111111111,0.9872047244094488,125.375
127,8,1016,861,0.8474409448818898,155,0.15255905511811024,1,120aadbbf6387c2aa795,127,61,0.48031496062992124,127,102,0.8031496062992126,0.9548556430446196,121.26666666666667,0.9744094488188977,123.75
127,8,1016,861,0.8474409448818898,155,0.15255905511811024,2,120aadbbf6387c2aa795,127,57,0.44881889763779526,127,107,0.84251968503937,0.9636045494313211,122.37777777777778,0.9793307086614174,124.375
127,8,1016,842,0.8287401574803149,174,0.17125984251968504,3,120aadbbf6387c2aa795,127,55,0.4330708661417323,127,101,0.7952755905511811,0.953105861767279,121.04444444444445,0.9734251968503937,123.625
127,8,1016,859,0.8454724409448819,157,0.1545275590551181,4,120aadbbf6387c2aa795,127,60,0.47244094488188976,127,100,0.7874015748031497,0.952755905511811,121.0,0.9734251968503937,123.625
127,8,1016,919,0.9045275590551181,97,0.09547244094488189,0,129f439411c691b717e8,127,79,0.6220472440944882,127,109,0.8582677165354331,0.968503937007874,123.0,0.9822834645669292,124.75
127,8,1016,853,0.8395669291338582,163,0.16043307086614172,1,129f439411c691b717e8,127,59,0.4645669291338583,127,104,0.8188976377952756,0.9569553805774278,121.53333333333333,0.9753937007874016,123.875
127,8,1016,860,0.8464566929133859,156,0.15354330708661418,2,129f439411c691b717e8,127,62,0.4881889763779528,127,108,0.8503937007874016,0.9667541557305336,122.77777777777777,0.9812992125984252,124.625
127,8,1016,783,0.7706692913385826,233,0.22933070866141733,3,129f439411c691b717e8,127,37,0.29133858267716534,127,92,0.7244094488188977,0.9359580052493439,118.86666666666666,0.9635826771653543,122.375
127,8,1016,796,0.7834645669291339,220,0.21653543307086615,4,129f439411c691b717e8,127,45,0.3543307086614173,127,99,0.7795275590551181,0.9468066491688538,120.24444444444444,0.969488188976378,123.125
60,8,480,428,0.8916666666666667,52,0.10833333333333334,0,12b7188759bdcd943c23,60,38,0.6333333333333333,60,53,0.8833333333333333,0.9740740740740741,58.44444444444444,0.9854166666666667,59.125
60,8,480,397,0.8270833333333333,83,0.17291666666666666,1,12b7188759bdcd943c23,60,27,0.45,60,50,0.8333333333333334,0.9629629629629629,57.77777777777778,0.9791666666666666,58.75
60,8,480,428,0.8916666666666667,52,0.10833333333333334,2,12b7188759bdcd943c23,60,35,0.5833333333333334,60,53,0.8833333333333333,0.9740740740740741,58.44444444444444,0.9854166666666667,59.125
60,8,480,395,0.8229166666666666,85,0.17708333333333334,3,12b7188759bdcd943c23,60,23,0.38333333333333336,60,48,0.8,0.9555555555555555,57.333333333333336,0.975,58.5
60,8,480,415,0.8645833333333334,65,0.13541666666666666,4,12b7188759bdcd943c23,60,34,0.5666666666666667,60,45,0.75,0.9414814814814815,56.48888888888889,0.9666666666666667,58.0
127,8,1016,893,0.8789370078740157,123,0.12106299212598425,0,12cf55e1f889dd99b109,127,68,0.5354330708661418,127,112,0.8818897637795275,0.9737532808398951,123.66666666666667,0.985236220472441,125.125
127,8,1016,873,0.859251968503937,143,0.140748031496063,1,12cf55e1f889dd99b109,127,64,0.5039370078740157,127,106,0.8346456692913385,0.963254593175853,122.33333333333333,0.9793307086614174,124.375
127,8,1016,846,0.8326771653543307,170,0.1673228346456693,2,12cf55e1f889dd99b109,127,56,0.4409448818897638,127,99,0.7795275590551181,0.9510061242344706,120.77777777777777,0.9724409448818898,123.5
127,8,1016,784,0.7716535433070866,232,0.2283464566929134,3,12cf55e1f889dd99b109,127,41,0.3228346456692913,127,100,0.7874015748031497,0.952755905511811,121.0,0.9734251968503937,123.625
127,8,1016,844,0.8307086614173228,172,0.16929133858267717,4,12cf55e1f889dd99b109,127,56,0.4409448818897638,127,103,0.8110236220472441,0.9580052493438319,121.66666666666667,0.9763779527559056,124.0
127,8,1016,894,0.8799212598425197,122,0.12007874015748031,0,12f67c12e8e714112d3a,127,80,0.6299212598425197,127,118,0.9291338582677166,0.984251968503937,125.0,0.9911417322834646,125.875
127,8,1016,856,0.84251968503937,160,0.15748031496062992,1,12f67c12e8e714112d3a,127,65,0.5118110236220472,127,112,0.8818897637795275,0.9723534558180228,123.4888888888889,0.984251968503937,125.0
127,8,1016,840,0.8267716535433071,176,0.1732283464566929,2,12f67c12e8e714112d3a,127,57,0.44881889763779526,127,103,0.8110236220472441,0.9580052493438319,121.66666666666667,0.9763779527559056,124.0
127,8,1016,818,0.8051181102362205,198,0.19488188976377951,3,12f67c12e8e714112d3a,127,49,0.3858267716535433,127,103,0.8110236220472441,0.958005249343832,121.66666666666667,0.9763779527559056,124.0
127,8,1016,890,0.8759842519685039,126,0.12401574803149606,4,12f67c12e8e714112d3a,127,65,0.5118110236220472,127,107,0.84251968503937,0.9650043744531934,122.55555555555556,0.9803149606299213,124.5
127,8,1016,891,0.8769685039370079,125,0.12303149606299213,0,131264d27978bac3c898,127,69,0.5433070866141733,127,111,0.8740157480314961,0.9706036745406825,123.26666666666667,0.9832677165354331,124.875
127,8,1016,878,0.8641732283464567,138,0.13582677165354332,1,131264d27978bac3c898,127,64,0.5039370078740157,127,104,0.8188976377952756,0.9597550306211723,121.88888888888889,0.9773622047244095,124.125
127,8,1016,841,0.827755905511811,175,0.17224409448818898,2,131264d27978bac3c898,127,48,0.3779527559055118,127,97,0.7637795275590551,0.9475065616797901,120.33333333333333,0.9704724409448819,123.25
127,8,1016,812,0.7992125984251969,204,0.20078740157480315,3,131264d27978bac3c898,127,51,0.4015748031496063,127,107,0.84251968503937,0.963604549431321,122.37777777777778,0.9793307086614174,124.375
127,8,1016,855,0.8415354330708661,161,0.15846456692913385,4,131264d27978bac3c898,127,52,0.4094488188976378,127,101,0.7952755905511811,0.9531058617672792,121.04444444444445,0.9734251968503937,123.625
127,8,1016,911,0.8966535433070866,105,0.10334645669291338,0,137c9b75239cdd79a6ea,127,76,0.5984251968503937,127,113,0.889763779527559,0.9755030621172354,123.88888888888889,0.9862204724409449,125.25
127,8,1016,867,0.8533464566929134,149,0.1466535433070866,1,137c9b75239cdd79a6ea,127,65,0.5118110236220472,127,105,0.8267716535433071,0.9615048118985127,122.11111111111111,0.9783464566929134,124.25
127,8,1016,849,0.8356299212598425,167,0.1643700787401575,2,137c9b75239cdd79a6ea,127,60,0.47244094488188976,127,107,0.84251968503937,0.9636045494313211,122.37777777777778,0.9793307086614174,124.375
127,8,1016,807,0.7942913385826772,209,0.20570866141732283,3,137c9b75239cdd79a6ea,127,49,0.3858267716535433,127,95,0.7480314960629921,0.9412073490813648,119.53333333333333,0.9665354330708661,122.75
127,8,1016,841,0.827755905511811,175,0.17224409448818898,4,137c9b75239cdd79a6ea,127,61,0.48031496062992124,127,99,0.7795275590551181,0.9510061242344707,120.77777777777777,0.9724409448818898,123.5
127,8,1016,905,0.890748031496063,111,0.10925196850393701,0,13dd5f1c1eac63e3962e,127,78,0.6141732283464567,127,112,0.8818897637795275,0.9723534558180228,123.4888888888889,0.984251968503937,125.0
127,8,1016,920,0.905511811023622,96,0.09448818897637795,1,13dd5f1c1eac63e3962e,127,81,0.6377952755905512,127,111,0.8740157480314961,0.9720034995625548,123.44444444444444,0.984251968503937,125.0
127,8,1016,837,0.8238188976377953,179,0.17618110236220472,2,13dd5f1c1eac63e3962e,127,53,0.41732283464566927,127,107,0.84251968503937,0.9650043744531934,122.55555555555556,0.9803149606299213,124.5
127,8,1016,826,0.812992125984252,190,0.18700787401574803,3,13dd5f1c1eac63e3962e,127,51,0.4015748031496063,127,104,0.8188976377952756,0.9597550306211723,121.88888888888889,0.9773622047244095,124.125
127,8,1016,819,0.8061023622047244,197,0.19389763779527558,4,13dd5f1c1eac63e3962e,127,49,0.3858267716535433,127,94,0.7401574803149606,0.942257217847769,119.66666666666667,0.96751968503937,122.875
82,8,656,578,0.8810975609756098,78,0.11890243902439024,0,1484ca9fc8e54c481909,82,52,0.6341463414634146,82,72,0.8780487804878049,0.9707317073170733,79.6,0.9832317073170732,80.625
82,8,656,574,0.875,82,0.125,1,1484ca9fc8e54c481909,82,43,0.524390243902439,82,68,0.8292682926829268,0.962059620596206,78.88888888888889,0.9786585365853658,80.25
82,8,656,547,0.8338414634146342,109,0.16615853658536586,2,1484ca9fc8e54c481909,82,36,0.43902439024390244,82,66,0.8048780487804879,0.9566395663956639,78.44444444444444,0.975609756097561,80.0
82,8,656,552,0.8414634146341463,104,0.15853658536585366,3,1484ca9fc8e54c481909,82,34,0.4146341463414634,82,60,0.7317073170731707,0.9382113821138212,76.93333333333334,0.9649390243902439,79.125
82,8,656,538,0.8201219512195121,118,0.1798780487804878,4,1484ca9fc8e54c481909,82,37,0.45121951219512196,82,67,0.8170731707317073,0.9571815718157182,78.4888888888889,0.975609756097561,80.0
127,8,1016,920,0.905511811023622,96,0.09448818897637795,0,1494e03e3667bc7156f1,127,82,0.6456692913385826,127,116,0.9133858267716536,0.9807524059492565,124.55555555555556,0.9891732283464567,125.625
127,8,1016,878,0.8641732283464567,138,0.13582677165354332,1,1494e03e3667bc7156f1,127,72,0.5669291338582677,127,112,0.8818897637795275,0.973753280839895,123.66666666666667,0.985236220472441,125.125
127,8,1016,887,0.8730314960629921,129,0.12696850393700787,2,1494e03e3667bc7156f1,127,70,0.5511811023622047,127,112,0.8818897637795275,0.9737532808398952,123.66666666666667,0.985236220472441,125.125
127,8,1016,780,0.7677165354330708,236,0.23228346456692914,3,1494e03e3667bc7156f1,127,40,0.31496062992125984,127,94,0.7401574803149606,0.9394575678040243,119.31111111111112,0.9655511811023622,122.625
127,8,1016,832,0.8188976377952756,184,0.18110236220472442,4,1494e03e3667bc7156f1,127,50,0.3937007874015748,127,102,0.8031496062992126,0.9562554680664915,121.44444444444444,0.9753937007874016,123.875
127,8,1016,907,0.8927165354330708,109,0.10728346456692914,0,155fa61b90c4dc567cb9,127,82,0.6456692913385826,127,112,0.8818897637795275,0.9737532808398952,123.66666666666667,0.985236220472441,125.125
127,8,1016,871,0.8572834645669292,145,0.14271653543307086,1,155fa61b90c4dc567cb9,127,67,0.5275590551181102,127,114,0.8976377952755905,0.9772528433945757,124.11111111111111,0.9872047244094488,125.375
127,8,1016,857,0.843503937007874,159,0.15649606299212598,2,155fa61b90c4dc567cb9,127,63,0.49606299212598426,127,114,0.8976377952755905,0.9772528433945757,124.11111111111111,0.9872047244094488,125.375
127,8,1016,876,0.8622047244094488,140,0.1377952755905512,3,155fa61b90c4dc567cb9,127,70,0.5511811023622047,127,113,0.889763779527559,0.9755030621172355,123.88888888888889,0.9862204724409449,125.25
127,8,1016,861,0.8474409448818898,155,0.15255905511811024,4,155fa61b90c4dc567cb9,127,56,0.4409448818897638,127,106,0.8346456692913385,0.963254593175853,122.33333333333333,0.9793307086614174,124.375
127,8,1016,895,0.8809055118110236,121,0.11909448818897637,0,158dfd5ba4f085b82055,127,75,0.5905511811023622,127,114,0.8976377952755905,0.9772528433945757,124.11111111111111,0.9872047244094488,125.375
127,8,1016,884,0.8700787401574803,132,0.12992125984251968,1,158dfd5ba4f085b82055,127,69,0.5433070866141733,127,106,0.8346456692913385,0.963254593175853,122.33333333333333,0.9793307086614174,124.375
127,8,1016,882,0.8681102362204725,134,0.13188976377952755,2,158dfd5ba4f085b82055,127,67,0.5275590551181102,127,113,0.889763779527559,0.9741032370953631,123.71111111111111,0.985236220472441,125.125
127,8,1016,792,0.7795275590551181,224,0.2204724409448819,3,158dfd5ba4f085b82055,127,49,0.3858267716535433,127,95,0.7480314960629921,0.9412073490813648,119.53333333333333,0.9665354330708661,122.75
127,8,1016,842,0.8287401574803149,174,0.17125984251968504,4,158dfd5ba4f085b82055,127,52,0.4094488188976378,127,97,0.7637795275590551,0.94750656167979,120.33333333333333,0.9704724409448819,123.25
127,8,1016,901,0.8868110236220472,115,0.11318897637795275,0,15d1d3f8ce2c30617539,127,77,0.6062992125984252,127,111,0.8740157480314961,0.9706036745406825,123.26666666666667,0.9832677165354331,124.875
127,8,1016,894,0.8799212598425197,122,0.12007874015748031,1,15d1d3f8ce2c30617539,127,69,0.5433070866141733,127,109,0.8582677165354331,0.968503937007874,123.0,0.9822834645669292,124.75
127,8,1016,865,0.8513779527559056,151,0.1486220472440945,2,15d1d3f8ce2c30617539,127,59,0.4645669291338583,127,108,0.8503937007874016,0.9667541557305338,122.77777777777777,0.9812992125984252,124.625
127,8,1016,783,0.7706692913385826,233,0.22933070866141733,3,15d1d3f8ce2c30617539,127,36,0.28346456692913385,127,96,0.7559055118110236,0.9443569553805775,119.93333333333334,0.968503937007874,123.0
127,8,1016,840,0.8267716535433071,176,0.1732283464566929,4,15d1d3f8ce2c30617539,127,53,0.41732283464566927,127,99,0.7795275590551181,0.9510061242344706,120.77777777777777,0.9724409448818898,123.5
127,8,1016,893,0.8789370078740157,123,0.12106299212598425,0,15d872b92f63f281fd73,127,70,0.5511811023622047,127,109,0.8582677165354331,0.968503937007874,123.0,0.9822834645669292,124.75
127,8,1016,873,0.859251968503937,143,0.140748031496063,1,15d872b92f63f281fd73,127,63,0.49606299212598426,127,105,0.8267716535433071,0.9615048118985127,122.11111111111111,0.9783464566929134,124.25
127,8,1016,815,0.8021653543307087,201,0.19783464566929135,2,15d872b92f63f281fd73,127,45,0.3543307086614173,127,98,0.7716535433070866,0.9492563429571305,120.55555555555556,0.9714566929133859,123.375
127,8,1016,807,0.7942913385826772,209,0.20570866141732283,3,15d872b92f63f281fd73,127,45,0.3543307086614173,127,102,0.8031496062992126,0.9548556430446196,121.26666666666667,0.9744094488188977,123.75
127,8,1016,856,0.84251968503937,160,0.15748031496062992,4,15d872b92f63f281fd73,127,59,0.4645669291338583,127,110,0.8661417322834646,0.9702537182852145,123.22222222222223,0.9832677165354331,124.875
127,8,1016,913,0.8986220472440944,103,0.10137795275590551,0,1624c2bae18e3d116f1f,127,78,0.6141732283464567,127,117,0.9212598425196851,0.9825021872265968,124.77777777777777,0.9901574803149606,125.75
127,8,1016,885,0.8710629921259843,131,0.12893700787401574,1,1624c2bae18e3d116f1f,127,68,0.5354330708661418,127,114,0.8976377952755905,0.9772528433945757,124.11111111111111,0.9872047244094488,125.375
127,8,1016,855,0.8415354330708661,161,0.15846456692913385,2,1624c2bae18e3d116f1f,127,58,0.4566929133858268,127,107,0.84251968503937,0.9650043744531934,122.55555555555556,0.9803149606299213,124.5
127,8,1016,860,0.8464566929133859,156,0.15354330708661418,3,1624c2bae18e3d116f1f,127,60,0.47244094488188976,127,103,0.8110236220472441,0.9566054243219599,121.4888888888889,0.9753937007874016,123.875
127,8,1016,866,0.8523622047244095,150,0.14763779527559054,4,1624c2bae18e3d116f1f,127,60,0.47244094488188976,127,103,0.8110236220472441,0.9566054243219598,121.4888888888889,0.9753937007874016,123.875
127,8,1016,841,0.827755905511811,175,0.17224409448818898,0,163f61eaff3724f0d9c9,127,51,0.4015748031496063,127,92,0.7244094488188977,0.9387576552930886,119.22222222222223,0.9655511811023622,122.625
127,8,1016,452,0.4448818897637795,564,0.5551181102362205,1,163f61eaff3724f0d9c9,127,9,0.07086614173228346,127,36,0.28346456692913385,0.799029666746202,101.47676767676768,0.8809055118110236,111.875
127,8,1016,547,0.5383858267716536,469,0.46161417322834647,2,163f61eaff3724f0d9c9,127,11,0.08661417322834646,127,29,0.2283464566929134,0.7600572655690763,96.52727272727273,0.8543307086614174,108.5
127,8,1016,458,0.4507874015748031,558,0.5492125984251969,3,163f61eaff3724f0d9c9,127,6,0.047244094488188976,127,39,0.30708661417322836,0.8111508788674141,103.01616161616161,0.8877952755905512,112.75
127,8,1016,505,0.4970472440944882,511,0.5029527559055118,4,163f61eaff3724f0d9c9,127,10,0.07874015748031496,127,40,0.31496062992125984,0.8104827805615205,102.93131313131313,0.8877952755905512,112.75
127,8,1016,933,0.9183070866141733,83,0.08169291338582677,0,1757a5dbdeca60120661,127,93,0.7322834645669292,127,119,0.937007874015748,0.9860017497812774,125.22222222222223,0.9921259842519685,126.0
127,8,1016,888,0.8740157480314961,128,0.12598425196850394,1,1757a5dbdeca60120661,127,68,0.5354330708661418,127,115,0.905511811023622,0.979002624671916,124.33333333333333,0.9881889763779528,125.5
127,8,1016,862,0.8484251968503937,154,0.1515748031496063,2,1757a5dbdeca60120661,127,63,0.49606299212598426,127,96,0.7559055118110236,0.9443569553805775,119.93333333333334,0.968503937007874,123.0
127,8,1016,834,0.8208661417322834,182,0.17913385826771652,3,1757a5dbdeca60120661,127,55,0.4330708661417323,127,106,0.8346456692913385,0.9618547681539807,122.15555555555555,0.9783464566929134,124.25
127,8,1016,852,0.8385826771653543,164,0.16141732283464566,4,1757a5dbdeca60120661,127,58,0.4566929133858268,127,104,0.8188976377952756,0.9597550306211723,121.88888888888889,0.9773622047244095,124.125
127,8,1016,914,0.8996062992125984,102,0.10039370078740158,0,177df6ae8def7d765bc4,127,80,0.6299212598425197,127,115,0.905511811023622,0.9790026246719161,124.33333333333333,0.9881889763779528,125.5
127,8,1016,890,0.8759842519685039,126,0.12401574803149606,1,177df6ae8def7d765bc4,127,66,0.5196850393700787,127,108,0.8503937007874016,0.9653543307086616,122.6,0.9803149606299213,124.5
127,8,1016,857,0.843503937007874,159,0.15649606299212598,2,177df6ae8def7d765bc4,127,60,0.47244094488188976,127,108,0.8503937007874016,0.9667541557305337,122.77777777777777,0.9812992125984252,124.625
127,8,1016,773,0.7608267716535433,243,0.23917322834645668,3,177df6ae8def7d765bc4,127,42,0.33070866141732286,127,95,0.7480314960629921,0.9440069991251093,119.88888888888889,0.968503937007874,123.0
127,8,1016,826,0.812992125984252,190,0.18700787401574803,4,177df6ae8def7d765bc4,127,59,0.4645669291338583,127,102,0.8031496062992126,0.9562554680664918,121.44444444444444,0.9753937007874016,123.875
127,8,1016,894,0.8799212598425197,122,0.12007874015748031,0,17d849f0e7369fbeca94,127,69,0.5433070866141733,127,110,0.8661417322834646,0.9702537182852145,123.22222222222223,0.9832677165354331,124.875
127,8,1016,880,0.8661417322834646,136,0.13385826771653545,1,17d849f0e7369fbeca94,127,67,0.5275590551181102,127,110,0.8661417322834646,0.9688538932633421,123.04444444444445,0.9822834645669292,124.75
127,8,1016,839,0.8257874015748031,177,0.17421259842519685,2,17d849f0e7369fbeca94,127,48,0.3779527559055118,127,103,0.8110236220472441,0.9580052493438319,121.66666666666667,0.9763779527559056,124.0
127,8,1016,814,0.8011811023622047,202,0.19881889763779528,3,17d849f0e7369fbeca94,127,51,0.4015748031496063,127,99,0.7795275590551181,0.9510061242344706,120.77777777777777,0.9724409448818898,123.5
127,8,1016,825,0.812007874015748,191,0.18799212598425197,4,17d849f0e7369fbeca94,127,45,0.3543307086614173,127,102,0.8031496062992126,0.9562554680664916,121.44444444444444,0.9753937007874016,123.875
127,8,1016,896,0.8818897637795275,120,0.11811023622047244,0,17f0aa1f8cdd2b19c2f5,127,75,0.5905511811023622,127,115,0.905511811023622,0.9790026246719161,124.33333333333333,0.9881889763779528,125.5
127,8,1016,890,0.8759842519685039,126,0.12401574803149606,1,17f0aa1f8cdd2b19c2f5,127,69,0.5433070866141733,127,117,0.9212598425196851,0.9825021872265968,124.77777777777777,0.9901574803149606,125.75
127,8,1016,847,0.8336614173228346,169,0.16633858267716536,2,17f0aa1f8cdd2b19c2f5,127,51,0.4015748031496063,127,102,0.8031496062992126,0.9562554680664918,121.44444444444444,0.9753937007874016,123.875
127,8,1016,834,0.8208661417322834,182,0.17913385826771652,3,17f0aa1f8cdd2b19c2f5,127,56,0.4409448818897638,127,105,0.8267716535433071,0.9601049868766405,121.93333333333334,0.9773622047244095,124.125
127,8,1016,845,0.8316929133858267,171,0.16830708661417323,4,17f0aa1f8cdd2b19c2f5,127,60,0.47244094488188976,127,102,0.8031496062992126,0.9562554680664918,121.44444444444444,0.9753937007874016,123.875
127,8,1016,906,0.8917322834645669,110,0.10826771653543307,0,181603dc14d532c96e6e,127,78,0.6141732283464567,127,115,0.905511811023622,0.9790026246719161,124.33333333333333,0.9881889763779528,125.5
127,8,1016,891,0.8769685039370079,125,0.12303149606299213,1,181603dc14d532c96e6e,127,67,0.5275590551181102,127,105,0.8267716535433071,0.9615048118985127,122.11111111111111,0.9783464566929134,124.25
127,8,1016,803,0.7903543307086615,213,0.20964566929133857,2,181603dc14d532c96e6e,127,47,0.3700787401574803,127,107,0.84251968503937,0.9650043744531933,122.55555555555556,0.9803149606299213,124.5
127,8,1016,835,0.8218503937007874,181,0.1781496062992126,3,181603dc14d532c96e6e,127,48,0.3779527559055118,127,104,0.8188976377952756,0.9597550306211723,121.88888888888889,0.9773622047244095,124.125
127,8,1016,870,0.8562992125984252,146,0.1437007874015748,4,181603dc14d532c96e6e,127,62,0.4881889763779528,127,106,0.8346456692913385,0.9632545931758529,122.33333333333333,0.9793307086614174,124.375
127,8,1016,908,0.8937007874015748,108,0.1062992125984252,0,181927b2f36456a6f411,127,82,0.6456692913385826,127,116,0.9133858267716536,0.9807524059492565,124.55555555555556,0.9891732283464567,125.625
127,8,1016,861,0.8474409448818898,155,0.15255905511811024,1,181927b2f36456a6f411,127,62,0.4881889763779528,127,112,0.8818897637795275,0.9723534558180229,123.4888888888889,0.984251968503937,125.0
127,8,1016,853,0.8395669291338582,163,0.16043307086614172,2,181927b2f36456a6f411,127,59,0.4645669291338583,127,107,0.84251968503937,0.9622047244094488,122.2,0.9783464566929134,124.25
127,8,1016,802,0.7893700787401575,214,0.2106299212598425,3,181927b2f36456a6f411,127,47,0.3700787401574803,127,94,0.7401574803149606,0.9408573928258968,119.4888888888889,0.9665354330708661,122.75
127,8,1016,854,0.8405511811023622,162,0.1594488188976378,4,181927b2f36456a6f411,127,63,0.49606299212598426,127,109,0.8582677165354331,0.9671041119860018,122.82222222222222,0.9812992125984252,124.625
127,8,1016,898,0.8838582677165354,118,0.11614173228346457,0,18452ec7ad9d29790e39,127,79,0.6220472440944882,127,117,0.9212598425196851,0.9825021872265968,124.77777777777777,0.9901574803149606,125.75
127,8,1016,885,0.8710629921259843,131,0.12893700787401574,1,18452ec7ad9d29790e39,127,67,0.5275590551181102,127,104,0.8188976377952756,0.9597550306211724,121.88888888888889,0.9773622047244095,124.125
127,8,1016,852,0.8385826771653543,164,0.16141732283464566,2,18452ec7ad9d29790e39,127,60,0.47244094488188976,127,107,0.84251968503937,0.9636045494313211,122.37777777777778,0.9793307086614174,124.375
127,8,1016,787,0.7746062992125984,229,0.22539370078740156,3,18452ec7ad9d29790e39,127,38,0.2992125984251969,127,91,0.7165354330708661,0.9356080489938757,118.82222222222222,0.9635826771653543,122.375
127,8,1016,817,0.8041338582677166,199,0.19586614173228348,4,18452ec7ad9d29790e39,127,50,0.3937007874015748,127,102,0.8031496062992126,0.9548556430446193,121.26666666666667,0.9744094488188977,123.75
127,8,1016,901,0.8868110236220472,115,0.11318897637795275,0,184dcb58a8183ef4b48e,127,73,0.5748031496062992,127,113,0.889763779527559,0.9755030621172354,123.88888888888889,0.9862204724409449,125.25
127,8,1016,899,0.8848425196850394,117,0.11515748031496063,1,184dcb58a8183ef4b48e,127,73,0.5748031496062992,127,110,0.8661417322834646,0.9702537182852145,123.22222222222223,0.9832677165354331,124.875
127,8,1016,859,0.8454724409448819,157,0.1545275590551181,2,184dcb58a8183ef4b48e,127,59,0.4645669291338583,127,100,0.7874015748031497,0.9513560804899388,120.82222222222222,0.9724409448818898,123.5
127,8,1016,827,0.8139763779527559,189,0.1860236220472441,3,184dcb58a8183ef4b48e,127,51,0.4015748031496063,127,98,0.7716535433070866,0.9492563429571302,120.55555555555556,0.9714566929133859,123.375
127,8,1016,851,0.8375984251968503,165,0.1624015748031496,4,184dcb58a8183ef4b48e,127,53,0.41732283464566927,127,106,0.8346456692913385,0.963254593175853,122.33333333333333,0.9793307086614174,124.375
127,8,1016,917,0.9025590551181102,99,0.09744094488188976,0,18c5d81ca5d4d7d522e7,127,79,0.6220472440944882,127,116,0.9133858267716536,0.9807524059492565,124.55555555555556,0.9891732283464567,125.625
127,8,1016,885,0.8710629921259843,131,0.12893700787401574,1,18c5d81ca5d4d7d522e7,127,73,0.5748031496062992,127,114,0.8976377952755905,0.9758530183727034,123.93333333333334,0.9862204724409449,125.25
127,8,1016,856,0.84251968503937,160,0.15748031496062992,2,18c5d81ca5d4d7d522e7,127,56,0.4409448818897638,127,99,0.7795275590551181,0.9496062992125984,120.6,0.9714566929133859,123.375
127,8,1016,842,0.8287401574803149,174,0.17125984251968504,3,18c5d81ca5d4d7d522e7,127,55,0.4330708661417323,127,98,0.7716535433070866,0.9492563429571305,120.55555555555556,0.9714566929133859,123.375
127,8,1016,844,0.8307086614173228,172,0.16929133858267717,4,18c5d81ca5d4d7d522e7,127,52,0.4094488188976378,127,100,0.7874015748031497,0.9513560804899387,120.82222222222222,0.9724409448818898,123.5
127,8,1016,907,0.8927165354330708,109,0.10728346456692914,0,18e04c17e1d39e4ee42a,127,76,0.5984251968503937,127,112,0.8818897637795275,0.9737532808398951,123.66666666666667,0.985236220472441,125.125
127,8,1016,890,0.8759842519685039,126,0.12401574803149606,1,18e04c17e1d39e4ee42a,127,70,0.5511811023622047,127,112,0.8818897637795275,0.973753280839895,123.66666666666667,0.985236220472441,125.125
127,8,1016,853,0.8395669291338582,163,0.16043307086614172,2,18e04c17e1d39e4ee42a,127,63,0.49606299212598426,127,107,0.84251968503937,0.9650043744531934,122.55555555555556,0.9803149606299213,124.5
127,8,1016,826,0.812992125984252,190,0.18700787401574803,3,18e04c17e1d39e4ee42a,127,48,0.3779527559055118,127,100,0.7874015748031497,0.952755905511811,121.0,0.9734251968503937,123.625
127,8,1016,807,0.7942913385826772,209,0.20570866141732283,4,18e04c17e1d39e4ee42a,127,42,0.33070866141732286,127,91,0.7165354330708661,0.9342082239720035,118.64444444444445,0.9625984251968503,122.25
127,8,1016,914,0.8996062992125984,102,0.10039370078740158,0,193afa86e725be46264b,127,79,0.6220472440944882,127,108,0.8503937007874016,0.9667541557305337,122.77777777777777,0.9812992125984252,124.625
127,8,1016,877,0.8631889763779528,139,0.13681102362204725,1,193afa86e725be46264b,127,64,0.5039370078740157,127,109,0.8582677165354331,0.968503937007874,123.0,0.9822834645669292,124.75
127,8,1016,879,0.8651574803149606,137,0.13484251968503938,2,193afa86e725be46264b,127,67,0.5275590551181102,127,108,0.8503937007874016,0.9667541557305336,122.77777777777777,0.9812992125984252,124.625
127,8,1016,847,0.8336614173228346,169,0.16633858267716536,3,193afa86e725be46264b,127,52,0.4094488188976378,127,94,0.7401574803149606,0.9422572178477691,119.66666666666667,0.96751968503937,122.875
127,8,1016,832,0.8188976377952756,184,0.18110236220472442,4,193afa86e725be46264b,127,53,0.41732283464566927,127,98,0.7716535433070866,0.9492563429571304,120.55555555555556,0.9714566929133859,123.375
127,8,1016,887,0.8730314960629921,129,0.12696850393700787,0,199e438dd5cdfb5dd22c,127,71,0.5590551181102362,127,113,0.889763779527559,0.9755030621172354,123.88888888888889,0.9862204724409449,125.25
127,8,1016,880,0.8661417322834646,136,0.13385826771653545,1,199e438dd5cdfb5dd22c,127,63,0.49606299212598426,127,106,0.8346456692913385,0.9632545931758529,122.33333333333333,0.9793307086614174,124.375
127,8,1016,866,0.8523622047244095,150,0.14763779527559054,2,199e438dd5cdfb5dd22c,127,65,0.5118110236220472,127,107,0.84251968503937,0.9636045494313212,122.37777777777778,0.9793307086614174,124.375
127,8,1016,807,0.7942913385826772,209,0.20570866141732283,3,199e438dd5cdfb5dd22c,127,43,0.33858267716535434,127,97,0.7637795275590551,0.9475065616797901,120.33333333333333,0.9704724409448819,123.25
127,8,1016,822,0.8090551181102362,194,0.19094488188976377,4,199e438dd5cdfb5dd22c,127,54,0.4251968503937008,127,101,0.7952755905511811,0.9531058617672792,121.04444444444445,0.9734251968503937,123.625
71,8,568,506,0.8908450704225352,62,0.10915492957746478,0,19c5ffc20eb2dda9a70e,71,42,0.5915492957746479,71,63,0.8873239436619719,0.9749608763693269,69.22222222222223,0.9859154929577465,70.0
71,8,568,471,0.829225352112676,97,0.17077464788732394,1,19c5ffc20eb2dda9a70e,71,29,0.4084507042253521,71,58,0.8169014084507042,0.9593114241001564,68.11111111111111,0.977112676056338,69.375
71,8,568,454,0.7992957746478874,114,0.2007042253521127,2,19c5ffc20eb2dda9a70e,71,22,0.30985915492957744,71,50,0.704225352112676,0.9342723004694837,66.33333333333333,0.9630281690140845,68.375
71,8,568,431,0.7588028169014085,137,0.24119718309859156,3,19c5ffc20eb2dda9a70e,71,20,0.28169014084507044,71,57,0.8028169014084507,0.9536776212832551,67.71111111111111,0.9735915492957746,69.125
71,8,568,445,0.7834507042253521,123,0.21654929577464788,4,19c5ffc20eb2dda9a70e,71,22,0.30985915492957744,71,59,0.8309859154929577,0.9624413145539905,68.33333333333333,0.9788732394366197,69.5
127,8,1016,929,0.9143700787401575,87,0.08562992125984252,0,1a103249091a561181f6,127,85,0.6692913385826772,127,114,0.8976377952755905,0.9772528433945757,124.11111111111111,0.9872047244094488,125.375
127,8,1016,885,0.8710629921259843,131,0.12893700787401574,1,1a103249091a561181f6,127,74,0.5826771653543307,127,113,0.889763779527559,0.9755030621172355,123.88888888888889,0.9862204724409449,125.25
127,8,1016,872,0.8582677165354331,144,0.14173228346456693,2,1a103249091a561181f6,127,66,0.5196850393700787,127,103,0.8110236220472441,0.958005249343832,121.66666666666667,0.9763779527559056,124.0
127,8,1016,814,0.8011811023622047,202,0.19881889763779528,3,1a103249091a561181f6,127,45,0.3543307086614173,127,97,0.7637795275590551,0.9461067366579179,120.15555555555555,0.969488188976378,123.125
127,8,1016,846,0.8326771653543307,170,0.1673228346456693,4,1a103249091a561181f6,127,52,0.4094488188976378,127,106,0.8346456692913385,0.9618547681539809,122.15555555555555,0.9783464566929134,124.25
127,8,1016,891,0.8769685039370079,125,0.12303149606299213,0,1a7c8839c36821963dbe,127,69,0.5433070866141733,127,113,0.889763779527559,0.9755030621172355,123.88888888888889,0.9862204724409449,125.25
127,8,1016,875,0.8612204724409449,141,0.13877952755905512,1,1a7c8839c36821963dbe,127,61,0.48031496062992124,127,98,0.7716535433070866,0.947856517935258,120.37777777777778,0.9704724409448819,123.25
127,8,1016,835,0.8218503937007874,181,0.1781496062992126,2,1a7c8839c36821963dbe,127,59,0.4645669291338583,127,103,0.8110236220472441,0.9566054243219598,121.4888888888889,0.9753937007874016,123.875
127,8,1016,787,0.7746062992125984,229,0.22539370078740156,3,1a7c8839c36821963dbe,127,46,0.36220472440944884,127,93,0.7322834645669292,0.9405074365704288,119.44444444444444,0.9665354330708661,122.75
127,8,1016,820,0.8070866141732284,196,0.19291338582677164,4,1a7c8839c36821963dbe,127,49,0.3858267716535433,127,103,0.8110236220472441,0.9566054243219597,121.4888888888889,0.9753937007874016,123.875
127,8,1016,909,0.8946850393700787,107,0.10531496062992125,0,1a88e28f0a8711b970f1,127,76,0.5984251968503937,127,108,0.8503937007874016,0.9667541557305337,122.77777777777777,0.9812992125984252,124.625
127,8,1016,862,0.8484251968503937,154,0.1515748031496063,1,1a88e28f0a8711b970f1,127,61,0.48031496062992124,127,110,0.8661417322834646,0.9702537182852145,123.22222222222223,0.9832677165354331,124.875
127,8,1016,822,0.8090551181102362,194,0.19094488188976377,2,1a88e28f0a8711b970f1,127,48,0.3779527559055118,127,100,0.7874015748031497,0.9499562554680664,120.64444444444445,0.9714566929133859,123.375
127,8,1016,808,0.7952755905511811,208,0.2047244094488189,3,1a88e28f0a8711b970f1,127,43,0.33858267716535434,127,98,0.7716535433070866,0.947856517935258,120.37777777777778,0.9704724409448819,123.25
127,8,1016,852,0.8385826771653543,164,0.16141732283464566,4,1a88e28f0a8711b970f1,127,55,0.4330708661417323,127,103,0.8110236220472441,0.9580052493438321,121.66666666666667,0.9763779527559056,124.0
127,8,1016,897,0.8828740157480315,119,0.1171259842519685,0,1abf9dfcb8082e6902a7,127,71,0.5590551181102362,127,107,0.84251968503937,0.9650043744531932,122.55555555555556,0.9803149606299213,124.5
127,8,1016,838,0.8248031496062992,178,0.17519685039370078,1,1abf9dfcb8082e6902a7,127,56,0.4409448818897638,127,100,0.7874015748031497,0.9513560804899387,120.82222222222222,0.9724409448818898,123.5
127,8,1016,820,0.8070866141732284,196,0.19291338582677164,2,1abf9dfcb8082e6902a7,127,46,0.36220472440944884,127,100,0.7874015748031497,0.9513560804899388,120.82222222222222,0.9724409448818898,123.5
127,8,1016,816,0.8031496062992126,200,0.1968503937007874,3,1abf9dfcb8082e6902a7,127,47,0.3700787401574803,127,94,0.7401574803149606,0.9394575678040246,119.31111111111112,0.9655511811023622,122.625
127,8,1016,850,0.8366141732283464,166,0.16338582677165353,4,1abf9dfcb8082e6902a7,127,55,0.4330708661417323,127,102,0.8031496062992126,0.9562554680664916,121.44444444444444,0.9753937007874016,123.875
127,8,1016,919,0.9045275590551181,97,0.09547244094488189,0,1ad5545112352c0eee4b,127,82,0.6456692913385826,127,119,0.937007874015748,0.9860017497812774,125.22222222222223,0.9921259842519685,126.0
127,8,1016,898,0.8838582677165354,118,0.11614173228346457,1,1ad5545112352c0eee4b,127,76,0.5984251968503937,127,111,0.8740157480314961,0.9706036745406824,123.26666666666667,0.9832677165354331,124.875
127,8,1016,852,0.8385826771653543,164,0.16141732283464566,2,1ad5545112352c0eee4b,127,56,0.4409448818897638,127,105,0.8267716535433071,0.9587051618547682,121.75555555555556,0.9763779527559056,124.0
127,8,1016,848,0.8346456692913385,168,0.16535433070866143,3,1ad5545112352c0eee4b,127,56,0.4409448818897638,127,102,0.8031496062992126,0.9548556430446196,121.26666666666667,0.9744094488188977,123.75
127,8,1016,826,0.812992125984252,190,0.18700787401574803,4,1ad5545112352c0eee4b,127,53,0.41732283464566927,127,102,0.8031496062992126,0.9534558180227471,121.08888888888889,0.9734251968503937,123.625
127,8,1016,850,0.8366141732283464,166,0.16338582677165353,0,1aea69803794900b5c6e,127,31,0.2440944881889764,127,53,0.41732283464566927,0.8635170603674538,109.66666666666667,0.922244094488189,117.125
127,8,1016,515,0.5068897637795275,501,0.49311023622047245,1,1aea69803794900b5c6e,127,11,0.08661417322834646,127,52,0.4094488188976378,0.8645669291338582,109.8,0.9232283464566929,117.25
127,8,1016,536,0.5275590551181102,480,0.47244094488188976,2,1aea69803794900b5c6e,127,9,0.07086614173228346,127,47,0.3700787401574803,0.8432195975503061,107.08888888888889,0.9094488188976378,115.5
127,8,1016,530,0.5216535433070866,486,0.47834645669291337,3,1aea69803794900b5c6e,127,8,0.06299212598425197,127,54,0.4251968503937008,0.8585222301757733,109.03232323232324,0.9183070866141733,116.625
127,8,1016,544,0.5354330708661418,472,0.4645669291338583,4,1aea69803794900b5c6e,127,17,0.13385826771653545,127,55,0.4330708661417323,0.8504732363000077,108.01010101010101,0.9124015748031497,115.875
127,8,1016,933,0.9183070866141733,83,0.08169291338582677,0,1be80d2c9e6f7b428345,127,88,0.6929133858267716,127,117,0.9212598425196851,0.9825021872265967,124.77777777777777,0.9901574803149606,125.75
127,8,1016,902,0.8877952755905512,114,0.11220472440944881,1,1be80d2c9e6f7b428345,127,77,0.6062992125984252,127,106,0.8346456692913385,0.963254593175853,122.33333333333333,0.9793307086614174,124.375
127,8,1016,830,0.8169291338582677,186,0.1830708661417323,2,1be80d2c9e6f7b428345,127,50,0.3937007874015748,127,99,0.7795275590551181,0.9496062992125985,120.6,0.9714566929133859,123.375
127,8,1016,841,0.827755905511811,175,0.17224409448818898,3,1be80d2c9e6f7b428345,127,53,0.41732283464566927,127,98,0.7716535433070866,0.9492563429571304,120.55555555555556,0.9714566929133859,123.375
127,8,1016,854,0.8405511811023622,162,0.1594488188976378,4,1be80d2c9e6f7b428345,127,58,0.4566929133858268,127,96,0.7559055118110236,0.942957130358705,119.75555555555556,0.96751968503937,122.875
127,8,1016,919,0.9045275590551181,97,0.09547244094488189,0,1c09787dd6896e7eda6c,127,80,0.6299212598425197,127,115,0.905511811023622,0.9790026246719161,124.33333333333333,0.9881889763779528,125.5
127,8,1016,852,0.8385826771653543,164,0.16141732283464566,1,1c09787dd6896e7eda6c,127,59,0.4645669291338583,127,102,0.8031496062992126,0.9562554680664918,121.44444444444444,0.9753937007874016,123.875
127,8,1016,874,0.860236220472441,142,0.13976377952755906,2,1c09787dd6896e7eda6c,127,62,0.4881889763779528,127,106,0.8346456692913385,0.9632545931758529,122.33333333333333,0.9793307086614174,124.375
127,8,1016,832,0.8188976377952756,184,0.18110236220472442,3,1c09787dd6896e7eda6c,127,57,0.44881889763779526,127,103,0.8110236220472441,0.9566054243219597,121.4888888888889,0.9753937007874016,123.875
127,8,1016,884,0.8700787401574803,132,0.12992125984251968,4,1c09787dd6896e7eda6c,127,61,0.48031496062992124,127,102,0.8031496062992126,0.9548556430446195,121.26666666666667,0.9744094488188977,123.75
127,8,1016,908,0.8937007874015748,108,0.1062992125984252,0,1c3179d3228bcd8084cd,127,78,0.6141732283464567,127,113,0.889763779527559,0.9755030621172355,123.88888888888889,0.9862204724409449,125.25
127,8,1016,892,0.8779527559055118,124,0.1220472440944882,1,1c3179d3228bcd8084cd,127,68,0.5354330708661418,127,108,0.8503937007874016,0.9653543307086614,122.6,0.9803149606299213,124.5
127,8,1016,850,0.8366141732283464,166,0.16338582677165353,2,1c3179d3228bcd8084cd,127,54,0.4251968503937008,127,105,0.8267716535433071,0.9615048118985127,122.11111111111111,0.9783464566929134,124.25
127,8,1016,814,0.8011811023622047,202,0.19881889763779528,3,1c3179d3228bcd8084cd,127,56,0.4409448818897638,127,101,0.7952755905511811,0.9531058617672792,121.04444444444445,0.9734251968503937,123.625
127,8,1016,813,0.8001968503937008,203,0.19980314960629922,4,1c3179d3228bcd8084cd,127,47,0.3700787401574803,127,100,0.7874015748031497,0.9513560804899388,120.82222222222222,0.9724409448818898,123.5
127,8,1016,912,0.8976377952755905,104,0.10236220472440945,0,1c358a5a8bd5c0d08c3c,127,78,0.6141732283464567,127,113,0.889763779527559,0.9755030621172355,123.88888888888889,0.9862204724409449,125.25
127,8,1016,838,0.8248031496062992,178,0.17519685039370078,1,1c358a5a8bd5c0d08c3c,127,54,0.4251968503937008,127,107,0.84251968503937,0.9650043744531934,122.55555555555556,0.9803149606299213,124.5
127,8,1016,845,0.8316929133858267,171,0.16830708661417323,2,1c358a5a8bd5c0d08c3c,127,52,0.4094488188976378,127,110,0.8661417322834646,0.9702537182852145,123.22222222222223,0.9832677165354331,124.875
127,8,1016,782,0.7696850393700787,234,0.23031496062992127,3,1c358a5a8bd5c0d08c3c,127,43,0.33858267716535434,127,87,0.6850393700787402,0.9286089238845143,117.93333333333334,0.9596456692913385,121.875
127,8,1016,826,0.812992125984252,190,0.18700787401574803,4,1c358a5a8bd5c0d08c3c,127,52,0.4094488188976378,127,101,0.7952755905511811,0.953105861767279,121.04444444444445,0.9734251968503937,123.625
127,8,1016,886,0.8720472440944882,130,0.1279527559055118,0,1c4bb7b1bdd70a96b67e,127,70,0.5511811023622047,127,115,0.905511811023622,0.9790026246719161,124.33333333333333,0.9881889763779528,125.5
127,8,1016,915,0.9005905511811023,101,0.09940944881889764,1,1c4bb7b1bdd70a96b67e,127,82,0.6456692913385826,127,113,0.889763779527559,0.9741032370953631,123.71111111111111,0.985236220472441,125.125
127,8,1016,865,0.8513779527559056,151,0.1486220472440945,2,1c4bb7b1bdd70a96b67e,127,63,0.49606299212598426,127,109,0.8582677165354331,0.9685039370078738,123.0,0.9822834645669292,124.75
127,8,1016,810,0.797244094488189,206,0.20275590551181102,3,1c4bb7b1bdd70a96b67e,127,49,0.3858267716535433,127,93,0.7322834645669292,0.9391076115485564,119.26666666666667,0.9655511811023622,122.625
127,8,1016,846,0.8326771653543307,170,0.1673228346456693,4,1c4bb7b1bdd70a96b67e,127,57,0.44881889763779526,127,102,0.8031496062992126,0.9562554680664916,121.44444444444444,0.9753937007874016,123.875
127,8,1016,674,0.6633858267716536,342,0.33661417322834647,0,1c4bf44a9277b43d18c2,127,11,0.08661417322834646,127,115,0.905511811023622,0.9790026246719161,124.33333333333333,0.9881889763779528,125.5
127,8,1016,593,0.5836614173228346,423,0.41633858267716534,1,1c4bf44a9277b43d18c2,127,13,0.10236220472440945,127,56,0.4409448818897638,0.8715660542432196,110.68888888888888,0.9271653543307087,117.75
127,8,1016,580,0.5708661417322834,436,0.42913385826771655,2,1c4bf44a9277b43d18c2,127,7,0.05511811023622047,127,42,0.33070866141732286,0.8232720909886262,104.55555555555556,0.8966535433070866,113.875
127,8,1016,443,0.4360236220472441,573,0.5639763779527559,3,1c4bf44a9277b43d18c2,127,4,0.031496062992125984,127,30,0.23622047244094488,0.7918396564065853,100.56363636363636,0.8769685039370079,111.375
127,8,1016,497,0.4891732283464567,519,0.5108267716535433,4,1c4bf44a9277b43d18c2,127,4,0.031496062992125984,127,48,0.3779527559055118,0.8466237174898591,107.52121212121212,0.9114173228346457,115.75
127,8,1016,886,0.8720472440944882,130,0.1279527559055118,0,1cd386c0e7972117e2df,127,69,0.5433070866141733,127,120,0.9448818897637795,0.9877515310586178,125.44444444444444,0.9931102362204725,126.125
127,8,1016,864,0.8503937007874016,152,0.14960629921259844,1,1cd386c0e7972117e2df,127,68,0.5354330708661418,127,109,0.8582677165354331,0.968503937007874,123.0,0.9822834645669292,124.75
127,8,1016,861,0.8474409448818898,155,0.15255905511811024,2,1cd386c0e7972117e2df,127,61,0.48031496062992124,127,104,0.8188976377952756,0.9597550306211723,121.88888888888889,0.9773622047244095,124.125
127,8,1016,808,0.7952755905511811,208,0.2047244094488189,3,1cd386c0e7972117e2df,127,51,0.4015748031496063,127,102,0.8031496062992126,0.9548556430446193,121.26666666666667,0.9744094488188977,123.75
127,8,1016,843,0.8297244094488189,173,0.1702755905511811,4,1cd386c0e7972117e2df,127,59,0.4645669291338583,127,102,0.8031496062992126,0.9534558180227471,121.08888888888889,0.9734251968503937,123.625
127,8,1016,914,0.8996062992125984,102,0.10039370078740158,0,1d0dc8c1a64af1c2a912,127,84,0.6614173228346457,127,117,0.9212598425196851,0.9825021872265968,124.77777777777777,0.9901574803149606,125.75
127,8,1016,841,0.827755905511811,175,0.17224409448818898,1,1d0dc8c1a64af1c2a912,127,58,0.4566929133858268,127,109,0.8582677165354331,0.9671041119860018,122.82222222222222,0.9812992125984252,124.625
127,8,1016,836,0.8228346456692913,180,0.17716535433070865,2,1d0dc8c1a64af1c2a912,127,53,0.41732283464566927,127,103,0.8110236220472441,0.9566054243219597,121.4888888888889,0.9753937007874016,123.875
127,8,1016,793,0.780511811023622,223,0.21948818897637795,3,1d0dc8c1a64af1c2a912,127,49,0.3858267716535433,127,96,0.7559055118110236,0.9415573053368328,119.57777777777778,0.9665354330708661,122.75
127,8,1016,826,0.812992125984252,190,0.18700787401574803,4,1d0dc8c1a64af1c2a912,127,49,0.3858267716535433,127,96,0.7559055118110236,0.9429571303587051,119.75555555555556,0.96751968503937,122.875
127,8,1016,910,0.8956692913385826,106,0.10433070866141732,0,1d7cf8dd9193d957f3c1,127,80,0.6299212598425197,127,123,0.968503937007874,0.9930008748906387,126.11111111111111,0.9960629921259843,126.5
127,8,1016,885,0.8710629921259843,131,0.12893700787401574,1,1d7cf8dd9193d957f3c1,127,68,0.5354330708661418,127,112,0.8818897637795275,0.9737532808398952,123.66666666666667,0.985236220472441,125.125
127,8,1016,836,0.8228346456692913,180,0.17716535433070865,2,1d7cf8dd9193d957f3c1,127,56,0.4409448818897638,127,106,0.8346456692913385,0.963254593175853,122.33333333333333,0.9793307086614174,124.375
127,8,1016,800,0.7874015748031497,216,0.2125984251968504,3,1d7cf8dd9193d957f3c1,127,44,0.3464566929133858,127,94,0.7401574803149606,0.9408573928258966,119.4888888888889,0.9665354330708661,122.75
127,8,1016,817,0.8041338582677166,199,0.19586614173228348,4,1d7cf8dd9193d957f3c1,127,44,0.3464566929133858,127,89,0.7007874015748031,0.932108486439195,118.37777777777778,0.9616141732283464,122.125
127,8,1016,822,0.8090551181102362,194,0.19094488188976377,0,1d9153c8703527204c89,127,47,0.3700787401574803,127,97,0.7637795275590551,0.9475065616797902,120.33333333333333,0.9704724409448819,123.25
127,8,1016,515,0.5068897637795275,501,0.49311023622047245,1,1d9153c8703527204c89,127,14,0.11023622047244094,127,46,0.36220472440944884,0.8347252048039447,106.01010101010101,0.9035433070866141,114.75
127,8,1016,538,0.5295275590551181,478,0.4704724409448819,2,1d9153c8703527204c89,127,13,0.10236220472440945,127,35,0.2755905511811024,0.7761552533206074,98.57171717171717,0.8641732283464567,109.75
127,8,1016,467,0.4596456692913386,549,0.5403543307086615,3,1d9153c8703527204c89,127,9,0.07086614173228346,127,51,0.4015748031496063,0.8404199475065613,106.73333333333333,0.906496062992126,115.125
127,8,1016,527,0.5187007874015748,489,0.4812992125984252,4,1d9153c8703527204c89,127,13,0.10236220472440945,127,52,0.4094488188976378,0.8440785810864548,107.1979797979798,0.9084645669291339,115.375
127,8,1016,897,0.8828740157480315,119,0.1171259842519685,0,1daef9ca6a62a9ddea6d,127,76,0.5984251968503937,127,118,0.9291338582677166,0.984251968503937,125.0,0.9911417322834646,125.875
127,8,1016,884,0.8700787401574803,132,0.12992125984251968,1,1daef9ca6a62a9ddea6d,127,65,0.5118110236220472,127,108,0.8503937007874016,0.9667541557305337,122.77777777777777,0.9812992125984252,124.625
127,8,1016,873,0.859251968503937,143,0.140748031496063,2,1daef9ca6a62a9ddea6d,127,64,0.5039370078740157,127,104,0.8188976377952756,0.9597550306211723,121.88888888888889,0.9773622047244095,124.125
127,8,1016,831,0.8179133858267716,185,0.18208661417322836,3,1daef9ca6a62a9ddea6d,127,53,0.41732283464566927,127,100,0.7874015748031497,0.9513560804899388,120.82222222222222,0.9724409448818898,123.5
127,8,1016,854,0.8405511811023622,162,0.1594488188976378,4,1daef9ca6a62a9ddea6d,127,54,0.4251968503937008,127,92,0.7244094488188977,0.937357830271216,119.04444444444445,0.9645669291338582,122.5
127,8,1016,913,0.8986220472440944,103,0.10137795275590551,0,1e1520b407293bce7083,127,75,0.5905511811023622,127,119,0.937007874015748,0.9860017497812774,125.22222222222223,0.9921259842519685,126.0
127,8,1016,886,0.8720472440944882,130,0.1279527559055118,1,1e1520b407293bce7083,127,66,0.5196850393700787,127,108,0.8503937007874016,0.9653543307086615,122.6,0.9803149606299213,124.5
127,8,1016,840,0.8267716535433071,176,0.1732283464566929,2,1e1520b407293bce7083,127,53,0.41732283464566927,127,97,0.7637795275590551,0.9461067366579177,120.15555555555555,0.969488188976378,123.125
127,8,1016,828,0.8149606299212598,188,0.18503937007874016,3,1e1520b407293bce7083,127,51,0.4015748031496063,127,100,0.7874015748031497,0.9527559055118111,121.0,0.9734251968503937,123.625
127,8,1016,853,0.8395669291338582,163,0.16043307086614172,4,1e1520b407293bce7083,127,59,0.4645669291338583,127,101,0.7952755905511811,0.9545056867891513,121.22222222222223,0.9744094488188977,123.75
127,8,1016,914,0.8996062992125984,102,0.10039370078740158,0,1e33fe88c9b72ac14558,127,76,0.5984251968503937,127,111,0.8740157480314961,0.9720034995625548,123.44444444444444,0.984251968503937,125.0
127,8,1016,869,0.8553149606299213,147,0.14468503937007873,1,1e33fe88c9b72ac14558,127,65,0.5118110236220472,127,108,0.8503937007874016,0.9653543307086615,122.6,0.9803149606299213,124.5
127,8,1016,872,0.8582677165354331,144,0.14173228346456693,2,1e33fe88c9b72ac14558,127,60,0.47244094488188976,127,106,0.8346456692913385,0.963254593175853,122.33333333333333,0.9793307086614174,124.375
127,8,1016,838,0.8248031496062992,178,0.17519685039370078,3,1e33fe88c9b72ac14558,127,51,0.4015748031496063,127,92,0.7244094488188977,0.9387576552930883,119.22222222222223,0.9655511811023622,122.625
127,8,1016,820,0.8070866141732284,196,0.19291338582677164,4,1e33fe88c9b72ac14558,127,48,0.3779527559055118,127,104,0.8188976377952756,0.9597550306211724,121.88888888888889,0.9773622047244095,124.125
127,8,1016,899,0.8848425196850394,117,0.11515748031496063,0,1e4cea9b2eaead43320c,127,77,0.6062992125984252,127,120,0.9448818897637795,0.9877515310586178,125.44444444444444,0.9931102362204725,126.125
127,8,1016,864,0.8503937007874016,152,0.14960629921259844,1,1e4cea9b2eaead43320c,127,55,0.4330708661417323,127,105,0.8267716535433071,0.9601049868766405,121.93333333333334,0.9773622047244095,124.125
127,8,1016,839,0.8257874015748031,177,0.17421259842519685,2,1e4cea9b2eaead43320c,127,56,0.4409448818897638,127,111,0.8740157480314961,0.9720034995625546,123.44444444444444,0.984251968503937,125.0
127,8,1016,814,0.8011811023622047,202,0.19881889763779528,3,1e4cea9b2eaead43320c,127,47,0.3700787401574803,127,98,0.7716535433070866,0.9464566929133859,120.2,0.969488188976378,123.125
127,8,1016,838,0.8248031496062992,178,0.17519685039370078,4,1e4cea9b2eaead43320c,127,55,0.4330708661417323,127,95,0.7480314960629921,0.9440069991251093,119.88888888888889,0.968503937007874,123.0
127,8,1016,893,0.8789370078740157,123,0.12106299212598425,0,1e7c7f9f219964a9768e,127,73,0.5748031496062992,127,113,0.889763779527559,0.9741032370953631,123.71111111111111,0.985236220472441,125.125
127,8,1016,875,0.8612204724409449,141,0.13877952755905512,1,1e7c7f9f219964a9768e,127,63,0.49606299212598426,127,106,0.8346456692913385,0.963254593175853,122.33333333333333,0.9793307086614174,124.375
127,8,1016,848,0.8346456692913385,168,0.16535433070866143,2,1e7c7f9f219964a9768e,127,61,0.48031496062992124,127,101,0.7952755905511811,0.9545056867891514,121.22222222222223,0.9744094488188977,123.75
127,8,1016,809,0.7962598425196851,207,0.20374015748031496,3,1e7c7f9f219964a9768e,127,45,0.3543307086614173,127,97,0.7637795275590551,0.9475065616797901,120.33333333333333,0.9704724409448819,123.25
127,8,1016,829,0.8159448818897638,187,0.18405511811023623,4,1e7c7f9f219964a9768e,127,48,0.3779527559055118,127,100,0.7874015748031497,0.952755905511811,121.0,0.9734251968503937,123.625
127,8,1016,906,0.8917322834645669,110,0.10826771653543307,0,1e8bb930c595fa6ac53e,127,76,0.5984251968503937,127,111,0.8740157480314961,0.9720034995625548,123.44444444444444,0.984251968503937,125.0
127,8,1016,888,0.8740157480314961,128,0.12598425196850394,1,1e8bb930c595fa6ac53e,127,71,0.5590551181102362,127,110,0.8661417322834646,0.9702537182852145,123.22222222222223,0.9832677165354331,124.875
127,8,1016,870,0.8562992125984252,146,0.1437007874015748,2,1e8bb930c595fa6ac53e,127,62,0.4881889763779528,127,100,0.7874015748031497,0.952755905511811,121.0,0.9734251968503937,123.625
127,8,1016,822,0.8090551181102362,194,0.19094488188976377,3,1e8bb930c595fa6ac53e,127,42,0.33070866141732286,127,93,0.7322834645669292,0.9405074365704288,119.44444444444444,0.9665354330708661,122.75
127,8,1016,838,0.8248031496062992,178,0.17519685039370078,4,1e8bb930c595fa6ac53e,127,56,0.4409448818897638,127,107,0.84251968503937,0.9650043744531934,122.55555555555556,0.9803149606299213,124.5
127,8,1016,895,0.8809055118110236,121,0.11909448818897637,0,1eab55664817769b2d2f,127,75,0.5905511811023622,127,113,0.889763779527559,0.9755030621172354,123.88888888888889,0.9862204724409449,125.25
127,8,1016,883,0.8690944881889764,133,0.1309055118110236,1,1eab55664817769b2d2f,127,71,0.5590551181102362,127,119,0.937007874015748,0.9860017497812774,125.22222222222223,0.9921259842519685,126.0
127,8,1016,900,0.8858267716535433,116,0.1141732283464567,2,1eab55664817769b2d2f,127,72,0.5669291338582677,127,106,0.8346456692913385,0.9618547681539809,122.15555555555555,0.9783464566929134,124.25
127,8,1016,832,0.8188976377952756,184,0.18110236220472442,3,1eab55664817769b2d2f,127,54,0.4251968503937008,127,96,0.7559055118110236,0.9429571303587051,119.75555555555556,0.96751968503937,122.875
127,8,1016,855,0.8415354330708661,161,0.15846456692913385,4,1eab55664817769b2d2f,127,56,0.4409448818897638,127,108,0.8503937007874016,0.9667541557305337,122.77777777777777,0.9812992125984252,124.625
127,8,1016,926,0.9114173228346457,90,0.08858267716535433,0,1eb26b097af2dc72a214,127,86,0.6771653543307087,127,120,0.9448818897637795,0.9877515310586177,125.44444444444444,0.9931102362204725,126.125
127,8,1016,880,0.8661417322834646,136,0.13385826771653545,1,1eb26b097af2dc72a214,127,74,0.5826771653543307,127,109,0.8582677165354331,0.9671041119860018,122.82222222222222,0.9812992125984252,124.625
127,8,1016,837,0.8238188976377953,179,0.17618110236220472,2,1eb26b097af2dc72a214,127,55,0.4330708661417323,127,97,0.7637795275590551,0.94750656167979,120.33333333333333,0.9704724409448819,123.25
127,8,1016,802,0.7893700787401575,214,0.2106299212598425,3,1eb26b097af2dc72a214,127,42,0.33070866141732286,127,99,0.7795275590551181,0.9468066491688537,120.24444444444444,0.969488188976378,123.125
127,8,1016,819,0.8061023622047244,197,0.19389763779527558,4,1eb26b097af2dc72a214,127,47,0.3700787401574803,127,95,0.7480314960629921,0.942607174103237,119.71111111111111,0.96751968503937,122.875
127,8,1016,926,0.9114173228346457,90,0.08858267716535433,0,1eccb479d98cb342d132,127,83,0.6535433070866141,127,115,0.905511811023622,0.9790026246719161,124.33333333333333,0.9881889763779528,125.5
127,8,1016,859,0.8454724409448819,157,0.1545275590551181,1,1eccb479d98cb342d132,127,63,0.49606299212598426,127,105,0.8267716535433071,0.9601049868766405,121.93333333333334,0.9773622047244095,124.125
127,8,1016,837,0.8238188976377953,179,0.17618110236220472,2,1eccb479d98cb342d132,127,52,0.4094488188976378,127,105,0.8267716535433071,0.9615048118985128,122.11111111111111,0.9783464566929134,124.25
127,8,1016,795,0.78248031496063,221,0.21751968503937008,3,1eccb479d98cb342d132,127,44,0.3464566929133858,127,93,0.7322834645669292,0.9391076115485563,119.26666666666667,0.9655511811023622,122.625
127,8,1016,821,0.8080708661417323,195,0.1919291338582677,4,1eccb479d98cb342d132,127,51,0.4015748031496063,127,98,0.7716535433070866,0.9464566929133857,120.2,0.969488188976378,123.125
127,8,1016,914,0.8996062992125984,102,0.10039370078740158,0,1f22f72c7202203035c2,127,84,0.6614173228346457,127,116,0.9133858267716536,0.9807524059492565,124.55555555555556,0.9891732283464567,125.625
127,8,1016,871,0.8572834645669292,145,0.14271653543307086,1,1f22f72c7202203035c2,127,67,0.5275590551181102,127,111,0.8740157480314961,0.9720034995625548,123.44444444444444,0.984251968503937,125.0
127,8,1016,816,0.8031496062992126,200,0.1968503937007874,2,1f22f72c7202203035c2,127,44,0.3464566929133858,127,100,0.7874015748031497,0.9527559055118111,121.0,0.9734251968503937,123.625
127,8,1016,817,0.8041338582677166,199,0.19586614173228348,3,1f22f72c7202203035c2,127,48,0.3779527559055118,127,96,0.7559055118110236,0.9443569553805772,119.93333333333334,0.968503937007874,123.0
127,8,1016,848,0.8346456692913385,168,0.16535433070866143,4,1f22f72c7202203035c2,127,57,0.44881889763779526,127,107,0.84251968503937,0.9650043744531933,122.55555555555556,0.9803149606299213,124.5
127,8,1016,910,0.8956692913385826,106,0.10433070866141732,0,1f4df8cdffbf438fda1a,127,79,0.6220472440944882,127,111,0.8740157480314961,0.9706036745406823,123.26666666666667,0.9832677165354331,124.875
127,8,1016,882,0.8681102362204725,134,0.13188976377952755,1,1f4df8cdffbf438fda1a,127,67,0.5275590551181102,127,108,0.8503937007874016,0.9667541557305336,122.77777777777777,0.9812992125984252,124.625
127,8,1016,852,0.8385826771653543,164,0.16141732283464566,2,1f4df8cdffbf438fda1a,127,54,0.4251968503937008,127,105,0.8267716535433071,0.9587051618547682,121.75555555555556,0.9763779527559056,124.0
127,8,1016,855,0.8415354330708661,161,0.15846456692913385,3,1f4df8cdffbf438fda1a,127,56,0.4409448818897638,127,101,0.7952755905511811,0.953105861767279,121.04444444444445,0.9734251968503937,123.625
127,8,1016,862,0.8484251968503937,154,0.1515748031496063,4,1f4df8cdffbf438fda1a,127,59,0.4645669291338583,127,103,0.8110236220472441,0.9580052493438318,121.66666666666667,0.9763779527559056,124.0
127,8,1016,885,0.8710629921259843,131,0.12893700787401574,0,206a7733fbf1a0879666,127,74,0.5826771653543307,127,116,0.9133858267716536,0.9807524059492564,124.55555555555556,0.9891732283464567,125.625
127,8,1016,862,0.8484251968503937,154,0.1515748031496063,1,206a7733fbf1a0879666,127,66,0.5196850393700787,127,113,0.889763779527559,0.9755030621172354,123.88888888888889,0.9862204724409449,125.25
127,8,1016,859,0.8454724409448819,157,0.1545275590551181,2,206a7733fbf1a0879666,127,62,0.4881889763779528,127,106,0.8346456692913385,0.963254593175853,122.33333333333333,0.9793307086614174,124.375
127,8,1016,836,0.8228346456692913,180,0.17716535433070865,3,206a7733fbf1a0879666,127,48,0.3779527559055118,127,96,0.7559055118110236,0.9443569553805775,119.93333333333334,0.968503937007874,123.0
127,8,1016,834,0.8208661417322834,182,0.17913385826771652,4,206a7733fbf1a0879666,127,51,0.4015748031496063,127,105,0.8267716535433071,0.9601049868766405,121.93333333333334,0.9773622047244095,124.125
127,8,1016,894,0.8799212598425197,122,0.12007874015748031,0,20d8dd0b65d5c0071954,127,73,0.5748031496062992,127,113,0.889763779527559,0.9755030621172354,123.88888888888889,0.9862204724409449,125.25
127,8,1016,887,0.8730314960629921,129,0.12696850393700787,1,20d8dd0b65d5c0071954,127,70,0.5511811023622047,127,113,0.889763779527559,0.9755030621172355,123.88888888888889,0.9862204724409449,125.25
127,8,1016,851,0.8375984251968503,165,0.1624015748031496,2,20d8dd0b65d5c0071954,127,51,0.4015748031496063,127,97,0.7637795275590551,0.9433070866141733,119.8,0.96751968503937,122.875
127,8,1016,829,0.8159448818897638,187,0.18405511811023623,3,20d8dd0b65d5c0071954,127,51,0.4015748031496063,127,104,0.8188976377952756,0.9597550306211723,121.88888888888889,0.9773622047244095,124.125
127,8,1016,836,0.8228346456692913,180,0.17716535433070865,4,20d8dd0b65d5c0071954,127,54,0.4251968503937008,127,112,0.8818897637795275,0.973753280839895,123.66666666666667,0.985236220472441,125.125
127,8,1016,914,0.8996062992125984,102,0.10039370078740158,0,20d92c0200af06bf88d2,127,81,0.6377952755905512,127,113,0.889763779527559,0.9755030621172354,123.88888888888889,0.9862204724409449,125.25
127,8,1016,874,0.860236220472441,142,0.13976377952755906,1,20d92c0200af06bf88d2,127,67,0.5275590551181102,127,112,0.8818897637795275,0.9737532808398951,123.66666666666667,0.985236220472441,125.125
127,8,1016,861,0.8474409448818898,155,0.15255905511811024,2,20d92c0200af06bf88d2,127,60,0.47244094488188976,127,104,0.8188976377952756,0.9597550306211723,121.88888888888889,0.9773622047244095,124.125
127,8,1016,787,0.7746062992125984,229,0.22539370078740156,3,20d92c0200af06bf88d2,127,44,0.3464566929133858,127,96,0.7559055118110236,0.9443569553805775,119.93333333333334,0.968503937007874,123.0
127,8,1016,802,0.7893700787401575,214,0.2106299212598425,4,20d92c0200af06bf88d2,127,48,0.3779527559055118,127,95,0.7480314960629921,0.942607174103237,119.71111111111111,0.96751968503937,122.875
127,8,1016,827,0.8139763779527559,189,0.1860236220472441,0,21712eb07f5746c62140,127,45,0.3543307086614173,127,97,0.7637795275590551,0.9475065616797902,120.33333333333333,0.9704724409448819,123.25
127,8,1016,530,0.5216535433070866,486,0.47834645669291337,1,21712eb07f5746c62140,127,16,0.12598425196850394,127,45,0.3543307086614173,0.8259762984172431,104.8989898989899,0.8976377952755905,114.0
127,8,1016,542,0.5334645669291339,474,0.46653543307086615,2,21712eb07f5746c62140,127,12,0.09448818897637795,127,32,0.25196850393700787,0.7495267636999917,95.18989898989899,0.844488188976378,107.25
127,8,1016,508,0.5,508,0.5,3,21712eb07f5746c62140,127,7,0.05511811023622047,127,39,0.30708661417322836,0.8112781356875842,103.03232323232324,0.8887795275590551,112.875
127,8,1016,515,0.5068897637795275,501,0.49311023622047245,4,21712eb07f5746c62140,127,10,0.07874015748031496,127,47,0.3700787401574803,0.8243855881651154,104.6969696969697,0.8956692913385826,113.75
127,8,1016,874,0.860236220472441,142,0.13976377952755906,0,21a1fd652b8ee4a01436,127,67,0.5275590551181102,127,115,0.905511811023622,0.979002624671916,124.33333333333333,0.9881889763779528,125.5
127,8,1016,886,0.8720472440944882,130,0.1279527559055118,1,21a1fd652b8ee4a01436,127,67,0.5275590551181102,127,107,0.84251968503937,0.9650043744531933,122.55555555555556,0.9803149606299213,124.5
127,8,1016,820,0.8070866141732284,196,0.19291338582677164,2,21a1fd652b8ee4a01436,127,48,0.3779527559055118,127,98,0.7716535433070866,0.9492563429571304,120.55555555555556,0.9714566929133859,123.375
127,8,1016,789,0.7765748031496063,227,0.2234251968503937,3,21a1fd652b8ee4a01436,127,44,0.3464566929133858,127,99,0.7795275590551181,0.9468066491688538,120.24444444444444,0.969488188976378,123.125
127,8,1016,824,0.8110236220472441,192,0.1889763779527559,4,21a1fd652b8ee4a01436,127,57,0.44881889763779526,127,106,0.8346456692913385,0.9632545931758529,122.33333333333333,0.9793307086614174,124.375
127,8,1016,899,0.8848425196850394,117,0.11515748031496063,0,21aacc5ffd220c26fe28,127,75,0.5905511811023622,127,116,0.9133858267716536,0.9807524059492564,124.55555555555556,0.9891732283464567,125.625
127,8,1016,881,0.8671259842519685,135,0.1328740157480315,1,21aacc5ffd220c26fe28,127,64,0.5039370078740157,127,105,0.8267716535433071,0.9615048118985128,122.11111111111111,0.9783464566929134,124.25
127,8,1016,867,0.8533464566929134,149,0.1466535433070866,2,21aacc5ffd220c26fe28,127,60,0.47244094488188976,127,104,0.8188976377952756,0.9597550306211724,121.88888888888889,0.9773622047244095,124.125
127,8,1016,805,0.7923228346456693,211,0.2076771653543307,3,21aacc5ffd220c26fe28,127,43,0.33858267716535434,127,98,0.7716535433070866,0.9492563429571302,120.55555555555556,0.9714566929133859,123.375
127,8,1016,840,0.8267716535433071,176,0.1732283464566929,4,21aacc5ffd220c26fe28,127,56,0.4409448818897638,127,104,0.8188976377952756,0.9597550306211723,121.88888888888889,0.9773622047244095,124.125
127,8,1016,889,0.875,127,0.125,0,21ee47798c809fb94dbe,127,75,0.5905511811023622,127,111,0.8740157480314961,0.9720034995625548,123.44444444444444,0.984251968503937,125.0
127,8,1016,890,0.8759842519685039,126,0.12401574803149606,1,21ee47798c809fb94dbe,127,70,0.5511811023622047,127,111,0.8740157480314961,0.9720034995625546,123.44444444444444,0.984251968503937,125.0
127,8,1016,873,0.859251968503937,143,0.140748031496063,2,21ee47798c809fb94dbe,127,62,0.4881889763779528,127,107,0.84251968503937,0.9650043744531933,122.55555555555556,0.9803149606299213,124.5
127,8,1016,850,0.8366141732283464,166,0.16338582677165353,3,21ee47798c809fb94dbe,127,61,0.48031496062992124,127,105,0.8267716535433071,0.9615048118985127,122.11111111111111,0.9783464566929134,124.25
127,8,1016,837,0.8238188976377953,179,0.17618110236220472,4,21ee47798c809fb94dbe,127,57,0.44881889763779526,127,100,0.7874015748031497,0.9513560804899387,120.82222222222222,0.9724409448818898,123.5
127,8,1016,927,0.9124015748031497,89,0.08759842519685039,0,22d976a544f1f7482895,127,83,0.6535433070866141,127,115,0.905511811023622,0.9790026246719161,124.33333333333333,0.9881889763779528,125.5
127,8,1016,908,0.8937007874015748,108,0.1062992125984252,1,22d976a544f1f7482895,127,79,0.6220472440944882,127,114,0.8976377952755905,0.9772528433945757,124.11111111111111,0.9872047244094488,125.375
127,8,1016,836,0.8228346456692913,180,0.17716535433070865,2,22d976a544f1f7482895,127,52,0.4094488188976378,127,102,0.8031496062992126,0.9562554680664918,121.44444444444444,0.9753937007874016,123.875
127,8,1016,816,0.8031496062992126,200,0.1968503937007874,3,22d976a544f1f7482895,127,51,0.4015748031496063,127,99,0.7795275590551181,0.9510061242344707,120.77777777777777,0.9724409448818898,123.5
127,8,1016,827,0.8139763779527559,189,0.1860236220472441,4,22d976a544f1f7482895,127,49,0.3858267716535433,127,103,0.8110236220472441,0.9566054243219599,121.4888888888889,0.9753937007874016,123.875
127,8,1016,904,0.889763779527559,112,0.11023622047244094,0,232125d1d806b13d8881,127,73,0.5748031496062992,127,113,0.889763779527559,0.9755030621172354,123.88888888888889,0.9862204724409449,125.25
127,8,1016,887,0.8730314960629921,129,0.12696850393700787,1,232125d1d806b13d8881,127,67,0.5275590551181102,127,115,0.905511811023622,0.979002624671916,124.33333333333333,0.9881889763779528,125.5
127,8,1016,850,0.8366141732283464,166,0.16338582677165353,2,232125d1d806b13d8881,127,63,0.49606299212598426,127,101,0.7952755905511811,0.953105861767279,121.04444444444445,0.9734251968503937,123.625
127,8,1016,837,0.8238188976377953,179,0.17618110236220472,3,232125d1d806b13d8881,127,54,0.4251968503937008,127,102,0.8031496062992126,0.9562554680664915,121.44444444444444,0.9753937007874016,123.875
127,8,1016,847,0.8336614173228346,169,0.16633858267716536,4,232125d1d806b13d8881,127,53,0.41732283464566927,127,96,0.7559055118110236,0.9457567804024495,120.11111111111111,0.969488188976378,123.125
127,8,1016,909,0.8946850393700787,107,0.10531496062992125,0,2328d7a464c9ea472612,127,77,0.6062992125984252,127,115,0.905511811023622,0.9790026246719161,124.33333333333333,0.9881889763779528,125.5
127,8,1016,883,0.8690944881889764,133,0.1309055118110236,1,2328d7a464c9ea472612,127,69,0.5433070866141733,127,108,0.8503937007874016,0.9667541557305337,122.77777777777777,0.9812992125984252,124.625
127,8,1016,842,0.8287401574803149,174,0.17125984251968504,2,2328d7a464c9ea472612,127,57,0.44881889763779526,127,102,0.8031496062992126,0.9562554680664918,121.44444444444444,0.9753937007874016,123.875
127,8,1016,828,0.8149606299212598,188,0.18503937007874016,3,2328d7a464c9ea472612,127,51,0.4015748031496063,127,106,0.8346456692913385,0.963254593175853,122.33333333333333,0.9793307086614174,124.375
127,8,1016,825,0.812007874015748,191,0.18799212598425197,4,2328d7a464c9ea472612,127,56,0.4409448818897638,127,104,0.8188976377952756,0.9597550306211724,121.88888888888889,0.9773622047244095,124.125
98,8,784,677,0.8635204081632653,107,0.1364795918367347,0,2343bd272f1ca7b3e208,98,51,0.5204081632653061,98,88,0.8979591836734694,0.9755102040816326,95.6,0.985969387755102,96.625
98,8,784,705,0.8992346938775511,79,0.10076530612244898,1,2343bd272f1ca7b3e208,98,60,0.6122448979591837,98,86,0.8775510204081632,0.9727891156462586,95.33333333333333,0.9846938775510204,96.5
98,8,784,662,0.8443877551020408,122,0.1556122448979592,2,2343bd272f1ca7b3e208,98,48,0.4897959183673469,98,80,0.8163265306122449,0.9591836734693877,94.0,0.9770408163265306,95.75
98,8,784,617,0.7869897959183674,167,0.21301020408163265,3,2343bd272f1ca7b3e208,98,34,0.3469387755102041,98,72,0.7346938775510204,0.9392290249433107,92.04444444444445,0.9655612244897959,94.625
98,8,784,612,0.7806122448979592,172,0.2193877551020408,4,2343bd272f1ca7b3e208,98,38,0.3877551020408163,98,73,0.7448979591836735,0.9433106575963717,92.44444444444444,0.9681122448979592,94.875
127,8,1016,890,0.8759842519685039,126,0.12401574803149606,0,23457c9343c9fdf0d351,127,71,0.5590551181102362,127,113,0.889763779527559,0.9755030621172354,123.88888888888889,0.9862204724409449,125.25
127,8,1016,868,0.8543307086614174,148,0.14566929133858267,1,23457c9343c9fdf0d351,127,66,0.5196850393700787,127,100,0.7874015748031497,0.9499562554680666,120.64444444444445,0.9714566929133859,123.375
127,8,1016,839,0.8257874015748031,177,0.17421259842519685,2,23457c9343c9fdf0d351,127,55,0.4330708661417323,127,106,0.8346456692913385,0.963254593175853,122.33333333333333,0.9793307086614174,124.375
127,8,1016,816,0.8031496062992126,200,0.1968503937007874,3,23457c9343c9fdf0d351,127,47,0.3700787401574803,127,102,0.8031496062992126,0.9548556430446193,121.26666666666667,0.9744094488188977,123.75
127,8,1016,834,0.8208661417322834,182,0.17913385826771652,4,23457c9343c9fdf0d351,127,54,0.4251968503937008,127,108,0.8503937007874016,0.9667541557305338,122.77777777777777,0.9812992125984252,124.625
127,8,1016,936,0.9212598425196851,80,0.07874015748031496,0,235b042d6e2b290a72f0,127,85,0.6692913385826772,127,113,0.889763779527559,0.9755030621172354,123.88888888888889,0.9862204724409449,125.25
127,8,1016,869,0.8553149606299213,147,0.14468503937007873,1,235b042d6e2b290a72f0,127,66,0.5196850393700787,127,105,0.8267716535433071,0.9615048118985128,122.11111111111111,0.9783464566929134,124.25
127,8,1016,859,0.8454724409448819,157,0.1545275590551181,2,235b042d6e2b290a72f0,127,63,0.49606299212598426,127,109,0.8582677165354331,0.9671041119860018,122.82222222222222,0.9812992125984252,124.625
127,8,1016,771,0.7588582677165354,245,0.24114173228346455,3,235b042d6e2b290a72f0,127,40,0.31496062992125984,127,88,0.6929133858267716,0.9275590551181103,117.8,0.9586614173228346,121.75
127,8,1016,799,0.7864173228346457,217,0.21358267716535434,4,235b042d6e2b290a72f0,127,48,0.3779527559055118,127,101,0.7952755905511811,0.9517060367454069,120.86666666666666,0.9724409448818898,123.5
127,8,1016,897,0.8828740157480315,119,0.1171259842519685,0,239fcde67aa71aae1332,127,76,0.5984251968503937,127,108,0.8503937007874016,0.9667541557305336,122.77777777777777,0.9812992125984252,124.625
127,8,1016,878,0.8641732283464567,138,0.13582677165354332,1,239fcde67aa71aae1332,127,72,0.5669291338582677,127,113,0.889763779527559,0.9755030621172354,123.88888888888889,0.9862204724409449,125.25
127,8,1016,840,0.8267716535433071,176,0.1732283464566929,2,239fcde67aa71aae1332,127,49,0.3858267716535433,127,100,0.7874015748031497,0.952755905511811,121.0,0.9734251968503937,123.625
127,8,1016,835,0.8218503937007874,181,0.1781496062992126,3,239fcde67aa71aae1332,127,55,0.4330708661417323,127,99,0.7795275590551181,0.9496062992125985,120.6,0.9714566929133859,123.375
127,8,1016,826,0.812992125984252,190,0.18700787401574803,4,239fcde67aa71aae1332,127,46,0.36220472440944884,127,105,0.8267716535433071,0.9615048118985127,122.11111111111111,0.9783464566929134,124.25
127,8,1016,891,0.8769685039370079,125,0.12303149606299213,0,23d1a4bb74f86f9ae72c,127,70,0.5511811023622047,127,115,0.905511811023622,0.9790026246719161,124.33333333333333,0.9881889763779528,125.5
127,8,1016,877,0.8631889763779528,139,0.13681102362204725,1,23d1a4bb74f86f9ae72c,127,68,0.5354330708661418,127,114,0.8976377952755905,0.9772528433945757,124.11111111111111,0.9872047244094488,125.375
127,8,1016,842,0.8287401574803149,174,0.17125984251968504,2,23d1a4bb74f86f9ae72c,127,54,0.4251968503937008,127,103,0.8110236220472441,0.9566054243219598,121.4888888888889,0.9753937007874016,123.875
127,8,1016,824,0.8110236220472441,192,0.1889763779527559,3,23d1a4bb74f86f9ae72c,127,49,0.3858267716535433,127,99,0.7795275590551181,0.9510061242344706,120.77777777777777,0.9724409448818898,123.5
127,8,1016,860,0.8464566929133859,156,0.15354330708661418,4,23d1a4bb74f86f9ae72c,127,54,0.4251968503937008,127,100,0.7874015748031497,0.9513560804899388,120.82222222222222,0.9724409448818898,123.5
127,8,1016,879,0.8651574803149606,137,0.13484251968503938,0,23db6fb46822445517d0,127,70,0.5511811023622047,127,111,0.8740157480314961,0.9720034995625547,123.44444444444444,0.984251968503937,125.0
127,8,1016,907,0.8927165354330708,109,0.10728346456692914,1,23db6fb46822445517d0,127,77,0.6062992125984252,127,108,0.8503937007874016,0.9653543307086615,122.6,0.9803149606299213,124.5
127,8,1016,873,0.859251968503937,143,0.140748031496063,2,23db6fb46822445517d0,127,68,0.5354330708661418,127,111,0.8740157480314961,0.9720034995625547,123.44444444444444,0.984251968503937,125.0
127,8,1016,812,0.7992125984251969,204,0.20078740157480315,3,23db6fb46822445517d0,127,50,0.3937007874015748,127,103,0.8110236220472441,0.9580052493438319,121.66666666666667,0.9763779527559056,124.0
127,8,1016,842,0.8287401574803149,174,0.17125984251968504,4,23db6fb46822445517d0,127,54,0.4251968503937008,127,97,0.7637795275590551,0.9433070866141733,119.8,0.96751968503937,122.875
127,8,1016,873,0.859251968503937,143,0.140748031496063,0,24350f673b6706a47238,127,62,0.4881889763779528,127,106,0.8346456692913385,0.963254593175853,122.33333333333333,0.9793307086614174,124.375
127,8,1016,870,0.8562992125984252,146,0.1437007874015748,1,24350f673b6706a47238,127,68,0.5354330708661418,127,110,0.8661417322834646,0.9702537182852145,123.22222222222223,0.9832677165354331,124.875
127,8,1016,860,0.8464566929133859,156,0.15354330708661418,2,24350f673b6706a47238,127,58,0.4566929133858268,127,100,0.7874015748031497,0.9513560804899388,120.82222222222222,0.9724409448818898,123.5
127,8,1016,763,0.7509842519685039,253,0.24901574803149606,3,24350f673b6706a47238,127,33,0.25984251968503935,127,97,0.7637795275590551,0.9447069116360454,119.97777777777777,0.968503937007874,123.0
127,8,1016,834,0.8208661417322834,182,0.17913385826771652,4,24350f673b6706a47238,127,48,0.3779527559055118,127,98,0.7716535433070866,0.9450568678915134,120.02222222222223,0.968503937007874,123.0
127,8,1016,926,0.9114173228346457,90,0.08858267716535433,0,24578ec3333bed79e961,127,85,0.6692913385826772,127,119,0.937007874015748,0.9860017497812774,125.22222222222223,0.9921259842519685,126.0
127,8,1016,869,0.8553149606299213,147,0.14468503937007873,1,24578ec3333bed79e961,127,61,0.48031496062992124,127,111,0.8740157480314961,0.9720034995625547,123.44444444444444,0.984251968503937,125.0
127,8,1016,848,0.8346456692913385,168,0.16535433070866143,2,24578ec3333bed79e961,127,60,0.47244094488188976,127,106,0.8346456692913385,0.9618547681539809,122.15555555555555,0.9783464566929134,124.25
127,8,1016,798,0.7854330708661418,218,0.21456692913385828,3,24578ec3333bed79e961,127,43,0.33858267716535434,127,101,0.7952755905511811,0.9545056867891513,121.22222222222223,0.9744094488188977,123.75
127,8,1016,832,0.8188976377952756,184,0.18110236220472442,4,24578ec3333bed79e961,127,52,0.4094488188976378,127,105,0.8267716535433071,0.9587051618547682,121.75555555555556,0.9763779527559056,124.0
127,8,1016,913,0.8986220472440944,103,0.10137795275590551,0,2469459cad19a519e761,127,77,0.6062992125984252,127,113,0.889763779527559,0.9741032370953631,123.71111111111111,0.985236220472441,125.125
127,8,1016,870,0.8562992125984252,146,0.1437007874015748,1,2469459cad19a519e761,127,69,0.5433070866141733,127,112,0.8818897637795275,0.973753280839895,123.66666666666667,0.985236220472441,125.125
127,8,1016,855,0.8415354330708661,161,0.15846456692913385,2,2469459cad19a519e761,127,66,0.5196850393700787,127,108,0.8503937007874016,0.9653543307086614,122.6,0.9803149606299213,124.5
127,8,1016,798,0.7854330708661418,218,0.21456692913385828,3,2469459cad19a519e761,127,47,0.3700787401574803,127,94,0.7401574803149606,0.9422572178477692,119.66666666666667,0.96751968503937,122.875
127,8,1016,877,0.8631889763779528,139,0.13681102362204725,4,2469459cad19a519e761,127,67,0.5275590551181102,127,104,0.8188976377952756,0.9583552055993001,121.71111111111111,0.9763779527559056,124.0
127,8,1016,840,0.8267716535433071,176,0.1732283464566929,0,253a58836fc704d92279,127,52,0.4094488188976378,127,103,0.8110236220472441,0.9580052493438321,121.66666666666667,0.9763779527559056,124.0
127,8,1016,451,0.4438976377952756,565,0.5561023622047244,1,253a58836fc704d92279,127,9,0.07086614173228346,127,41,0.3228346456692913,0.8063787481110313,102.41010101010102,0.8848425196850394,112.375
127,8,1016,551,0.5423228346456693,465,0.45767716535433073,2,253a58836fc704d92279,127,13,0.10236220472440945,127,32,0.25196850393700787,0.7681062594448418,97.54949494949494,0.859251968503937,109.125
127,8,1016,462,0.4547244094488189,554,0.5452755905511811,3,253a58836fc704d92279,127,12,0.09448818897637795,127,44,0.3464566929133858,0.8216813807364985,104.35353535353535,0.8946850393700787,113.625
127,8,1016,519,0.5108267716535433,497,0.4891732283464567,4,253a58836fc704d92279,127,10,0.07874015748031496,127,47,0.3700787401574803,0.8250218722659665,104.77777777777777,0.8966535433070866,113.875
127,8,1016,912,0.8976377952755905,104,0.10236220472440945,0,256c6dfa4f67e397387e,127,79,0.6220472440944882,127,116,0.9133858267716536,0.9807524059492564,124.55555555555556,0.9891732283464567,125.625
127,8,1016,877,0.8631889763779528,139,0.13681102362204725,1,256c6dfa4f67e397387e,127,61,0.48031496062992124,127,102,0.8031496062992126,0.9562554680664916,121.44444444444444,0.9753937007874016,123.875
127,8,1016,849,0.8356299212598425,167,0.1643700787401575,2,256c6dfa4f67e397387e,127,61,0.48031496062992124,127,100,0.7874015748031497,0.9499562554680665,120.64444444444445,0.9714566929133859,123.375
127,8,1016,826,0.812992125984252,190,0.18700787401574803,3,256c6dfa4f67e397387e,127,52,0.4094488188976378,127,98,0.7716535433070866,0.9464566929133857,120.2,0.969488188976378,123.125
127,8,1016,826,0.812992125984252,190,0.18700787401574803,4,256c6dfa4f67e397387e,127,46,0.36220472440944884,127,96,0.7559055118110236,0.9457567804024497,120.11111111111111,0.969488188976378,123.125
127,8,1016,921,0.906496062992126,95,0.09350393700787402,0,2622626bdd86b8db128d,127,83,0.6535433070866141,127,117,0.9212598425196851,0.9825021872265968,124.77777777777777,0.9901574803149606,125.75
127,8,1016,853,0.8395669291338582,163,0.16043307086614172,1,2622626bdd86b8db128d,127,59,0.4645669291338583,127,105,0.8267716535433071,0.9601049868766405,121.93333333333334,0.9773622047244095,124.125
127,8,1016,836,0.8228346456692913,180,0.17716535433070865,2,2622626bdd86b8db128d,127,52,0.4094488188976378,127,100,0.7874015748031497,0.9513560804899388,120.82222222222222,0.9724409448818898,123.5
127,8,1016,819,0.8061023622047244,197,0.19389763779527558,3,2622626bdd86b8db128d,127,44,0.3464566929133858,127,97,0.7637795275590551,0.94750656167979,120.33333333333333,0.9704724409448819,123.25
127,8,1016,829,0.8159448818897638,187,0.18405511811023623,4,2622626bdd86b8db128d,127,55,0.4330708661417323,127,101,0.7952755905511811,0.9517060367454069,120.86666666666666,0.9724409448818898,123.5
127,8,1016,906,0.8917322834645669,110,0.10826771653543307,0,262796788153eff2f6cd,127,79,0.6220472440944882,127,116,0.9133858267716536,0.9807524059492563,124.55555555555556,0.9891732283464567,125.625
127,8,1016,897,0.8828740157480315,119,0.1171259842519685,1,262796788153eff2f6cd,127,75,0.5905511811023622,127,114,0.8976377952755905,0.9772528433945757,124.11111111111111,0.9872047244094488,125.375
127,8,1016,886,0.8720472440944882,130,0.1279527559055118,2,262796788153eff2f6cd,127,69,0.5433070866141733,127,107,0.84251968503937,0.963604549431321,122.37777777777778,0.9793307086614174,124.375
127,8,1016,818,0.8051181102362205,198,0.19488188976377951,3,262796788153eff2f6cd,127,43,0.33858267716535434,127,106,0.8346456692913385,0.963254593175853,122.33333333333333,0.9793307086614174,124.375
127,8,1016,847,0.8336614173228346,169,0.16633858267716536,4,262796788153eff2f6cd,127,52,0.4094488188976378,127,93,0.7322834645669292,0.9391076115485564,119.26666666666667,0.9655511811023622,122.625
127,8,1016,914,0.8996062992125984,102,0.10039370078740158,0,263423e917e7d58ee86c,127,78,0.6141732283464567,127,110,0.8661417322834646,0.9674540682414698,122.86666666666666,0.9812992125984252,124.625
127,8,1016,864,0.8503937007874016,152,0.14960629921259844,1,263423e917e7d58ee86c,127,55,0.4330708661417323,127,105,0.8267716535433071,0.9615048118985126,122.11111111111111,0.9783464566929134,124.25
127,8,1016,844,0.8307086614173228,172,0.16929133858267717,2,263423e917e7d58ee86c,127,55,0.4330708661417323,127,99,0.7795275590551181,0.9510061242344708,120.77777777777777,0.9724409448818898,123.5
127,8,1016,774,0.7618110236220472,242,0.23818897637795275,3,263423e917e7d58ee86c,127,35,0.2755905511811024,127,83,0.6535433070866141,0.9202099737532807,116.86666666666667,0.9547244094488189,121.25
127,8,1016,824,0.8110236220472441,192,0.1889763779527559,4,263423e917e7d58ee86c,127,51,0.4015748031496063,127,97,0.7637795275590551,0.94750656167979,120.33333333333333,0.9704724409448819,123.25
127,8,1016,922,0.90748031496063,94,0.09251968503937008,0,263d0333a4f3da4051e5,127,82,0.6456692913385826,127,111,0.8740157480314961,0.9720034995625548,123.44444444444444,0.984251968503937,125.0
127,8,1016,877,0.8631889763779528,139,0.13681102362204725,1,263d0333a4f3da4051e5,127,67,0.5275590551181102,127,106,0.8346456692913385,0.963254593175853,122.33333333333333,0.9793307086614174,124.375
127,8,1016,885,0.8710629921259843,131,0.12893700787401574,2,263d0333a4f3da4051e5,127,69,0.5433070866141733,127,109,0.8582677165354331,0.968503937007874,123.0,0.9822834645669292,124.75
127,8,1016,839,0.8257874015748031,177,0.17421259842519685,3,263d0333a4f3da4051e5,127,49,0.3858267716535433,127,90,0.7086614173228346,0.9338582677165355,118.6,0.9625984251968503,122.25
127,8,1016,823,0.8100393700787402,193,0.18996062992125984,4,263d0333a4f3da4051e5,127,51,0.4015748031496063,127,103,0.8110236220472441,0.958005249343832,121.66666666666667,0.9763779527559056,124.0
127,8,1016,909,0.8946850393700787,107,0.10531496062992125,0,270d313aa3200ac96ec3,127,78,0.6141732283464567,127,114,0.8976377952755905,0.9772528433945757,124.11111111111111,0.9872047244094488,125.375
127,8,1016,889,0.875,127,0.125,1,270d313aa3200ac96ec3,127,69,0.5433070866141733,127,111,0.8740157480314961,0.9720034995625548,123.44444444444444,0.984251968503937,125.0
127,8,1016,840,0.8267716535433071,176,0.1732283464566929,2,270d313aa3200ac96ec3,127,51,0.4015748031496063,127,102,0.8031496062992126,0.9562554680664916,121.44444444444444,0.9753937007874016,123.875
127,8,1016,817,0.8041338582677166,199,0.19586614173228348,3,270d313aa3200ac96ec3,127,42,0.33070866141732286,127,98,0.7716535433070866,0.9492563429571302,120.55555555555556,0.9714566929133859,123.375
127,8,1016,857,0.843503937007874,159,0.15649606299212598,4,270d313aa3200ac96ec3,127,54,0.4251968503937008,127,98,0.7716535433070866,0.9492563429571302,120.55555555555556,0.9714566929133859,123.375
127,8,1016,922,0.90748031496063,94,0.09251968503937008,0,27c4d24f22e4a0ff0c38,127,84,0.6614173228346457,127,117,0.9212598425196851,0.9825021872265968,124.77777777777777,0.9901574803149606,125.75
127,8,1016,853,0.8395669291338582,163,0.16043307086614172,1,27c4d24f22e4a0ff0c38,127,55,0.4330708661417323,127,109,0.8582677165354331,0.968503937007874,123.0,0.9822834645669292,124.75
127,8,1016,881,0.8671259842519685,135,0.1328740157480315,2,27c4d24f22e4a0ff0c38,127,65,0.5118110236220472,127,106,0.8346456692913385,0.963254593175853,122.33333333333333,0.9793307086614174,124.375
127,8,1016,825,0.812007874015748,191,0.18799212598425197,3,27c4d24f22e4a0ff0c38,127,51,0.4015748031496063,127,100,0.7874015748031497,0.952755905511811,121.0,0.9734251968503937,123.625
127,8,1016,811,0.7982283464566929,205,0.2017716535433071,4,27c4d24f22e4a0ff0c38,127,47,0.3700787401574803,127,106,0.8346456692913385,0.9604549431321086,121.97777777777777,0.9773622047244095,124.125
127,8,1016,916,0.9015748031496063,100,0.0984251968503937,0,27cfd27b6f7be852ce3e,127,83,0.6535433070866141,127,118,0.9291338582677166,0.984251968503937,125.0,0.9911417322834646,125.875
127,8,1016,891,0.8769685039370079,125,0.12303149606299213,1,27cfd27b6f7be852ce3e,127,70,0.5511811023622047,127,108,0.8503937007874016,0.9667541557305336,122.77777777777777,0.9812992125984252,124.625
127,8,1016,833,0.8198818897637795,183,0.18011811023622049,2,27cfd27b6f7be852ce3e,127,55,0.4330708661417323,127,105,0.8267716535433071,0.9615048118985126,122.11111111111111,0.9783464566929134,124.25
127,8,1016,799,0.7864173228346457,217,0.21358267716535434,3,27cfd27b6f7be852ce3e,127,44,0.3464566929133858,127,97,0.7637795275590551,0.9475065616797901,120.33333333333333,0.9704724409448819,123.25
127,8,1016,825,0.812007874015748,191,0.18799212598425197,4,27cfd27b6f7be852ce3e,127,49,0.3858267716535433,127,98,0.7716535433070866,0.9478565179352582,120.37777777777778,0.9704724409448819,123.25
127,8,1016,937,0.922244094488189,79,0.07775590551181102,0,283563fec936c7c1a5c4,127,90,0.7086614173228346,127,113,0.889763779527559,0.9755030621172354,123.88888888888889,0.9862204724409449,125.25
127,8,1016,881,0.8671259842519685,135,0.1328740157480315,1,283563fec936c7c1a5c4,127,68,0.5354330708661418,127,114,0.8976377952755905,0.9772528433945757,124.11111111111111,0.9872047244094488,125.375
127,8,1016,870,0.8562992125984252,146,0.1437007874015748,2,283563fec936c7c1a5c4,127,61,0.48031496062992124,127,104,0.8188976377952756,0.9583552055993001,121.71111111111111,0.9763779527559056,124.0
127,8,1016,810,0.797244094488189,206,0.20275590551181102,3,283563fec936c7c1a5c4,127,42,0.33070866141732286,127,100,0.7874015748031497,0.9513560804899388,120.82222222222222,0.9724409448818898,123.5
127,8,1016,821,0.8080708661417323,195,0.1919291338582677,4,283563fec936c7c1a5c4,127,47,0.3700787401574803,127,102,0.8031496062992126,0.9562554680664916,121.44444444444444,0.9753937007874016,123.875
127,8,1016,920,0.905511811023622,96,0.09448818897637795,0,2875b005621c9a1ca52b,127,83,0.6535433070866141,127,117,0.9212598425196851,0.9825021872265968,124.77777777777777,0.9901574803149606,125.75
127,8,1016,878,0.8641732283464567,138,0.13582677165354332,1,2875b005621c9a1ca52b,127,64,0.5039370078740157,127,109,0.8582677165354331,0.968503937007874,123.0,0.9822834645669292,124.75
127,8,1016,851,0.8375984251968503,165,0.1624015748031496,2,2875b005621c9a1ca52b,127,61,0.48031496062992124,127,108,0.8503937007874016,0.9667541557305336,122.77777777777777,0.9812992125984252,124.625
127,8,1016,823,0.8100393700787402,193,0.18996062992125984,3,2875b005621c9a1ca52b,127,48,0.3779527559055118,127,99,0.7795275590551181,0.9510061242344706,120.77777777777777,0.9724409448818898,123.5
127,8,1016,818,0.8051181102362205,198,0.19488188976377951,4,2875b005621c9a1ca52b,127,49,0.3858267716535433,127,103,0.8110236220472441,0.958005249343832,121.66666666666667,0.9763779527559056,124.0
127,8,1016,908,0.8937007874015748,108,0.1062992125984252,0,296354faad4c255cfd2d,127,78,0.6141732283464567,127,109,0.8582677165354331,0.9685039370078742,123.0,0.9822834645669292,124.75
127,8,1016,858,0.844488188976378,158,0.15551181102362205,1,296354faad4c255cfd2d,127,59,0.4645669291338583,127,110,0.8661417322834646,0.9702537182852145,123.22222222222223,0.9832677165354331,124.875
127,8,1016,828,0.8149606299212598,188,0.18503937007874016,2,296354faad4c255cfd2d,127,48,0.3779527559055118,127,106,0.8346456692913385,0.963254593175853,122.33333333333333,0.9793307086614174,124.375
127,8,1016,825,0.812007874015748,191,0.18799212598425197,3,296354faad4c255cfd2d,127,45,0.3543307086614173,127,94,0.7401574803149606,0.942257217847769,119.66666666666667,0.96751968503937,122.875
127,8,1016,840,0.8267716535433071,176,0.1732283464566929,4,296354faad4c255cfd2d,127,63,0.49606299212598426,127,102,0.8031496062992126,0.9562554680664915,121.44444444444444,0.9753937007874016,123.875
127,8,1016,890,0.8759842519685039,126,0.12401574803149606,0,29969beda4473edae4db,127,64,0.5039370078740157,127,108,0.8503937007874016,0.9667541557305336,122.77777777777777,0.9812992125984252,124.625
127,8,1016,877,0.8631889763779528,139,0.13681102362204725,1,29969beda4473edae4db,127,66,0.5196850393700787,127,105,0.8267716535433071,0.9615048118985127,122.11111111111111,0.9783464566929134,124.25
127,8,1016,822,0.8090551181102362,194,0.19094488188976377,2,29969beda4473edae4db,127,39,0.30708661417322836,127,98,0.7716535433070866,0.9492563429571302,120.55555555555556,0.9714566929133859,123.375
127,8,1016,815,0.8021653543307087,201,0.19783464566929135,3,29969beda4473edae4db,127,37,0.29133858267716534,127,108,0.8503937007874016,0.9667541557305336,122.77777777777777,0.9812992125984252,124.625
127,8,1016,816,0.8031496062992126,200,0.1968503937007874,4,29969beda4473edae4db,127,51,0.4015748031496063,127,102,0.8031496062992126,0.9548556430446195,121.26666666666667,0.9744094488188977,123.75
127,8,1016,892,0.8779527559055118,124,0.1220472440944882,0,29df90da31edeb076100,127,73,0.5748031496062992,127,116,0.9133858267716536,0.9807524059492565,124.55555555555556,0.9891732283464567,125.625
127,8,1016,888,0.8740157480314961,128,0.12598425196850394,1,29df90da31edeb076100,127,69,0.5433070866141733,127,111,0.8740157480314961,0.9720034995625548,123.44444444444444,0.984251968503937,125.0
127,8,1016,841,0.827755905511811,175,0.17224409448818898,2,29df90da31edeb076100,127,55,0.4330708661417323,127,103,0.8110236220472441,0.9566054243219597,121.4888888888889,0.9753937007874016,123.875
127,8,1016,801,0.7883858267716536,215,0.21161417322834647,3,29df90da31edeb076100,127,55,0.4330708661417323,127,102,0.8031496062992126,0.9534558180227471,121.08888888888889,0.9734251968503937,123.625
127,8,1016,825,0.812007874015748,191,0.18799212598425197,4,29df90da31edeb076100,127,49,0.3858267716535433,127,99,0.7795275590551181,0.9496062992125984,120.6,0.9714566929133859,123.375
127,8,1016,908,0.8937007874015748,108,0.1062992125984252,0,29f2b9019a91ff75122a,127,74,0.5826771653543307,127,111,0.8740157480314961,0.9720034995625548,123.44444444444444,0.984251968503937,125.0
127,8,1016,862,0.8484251968503937,154,0.1515748031496063,1,29f2b9019a91ff75122a,127,61,0.48031496062992124,127,105,0.8267716535433071,0.9615048118985127,122.11111111111111,0.9783464566929134,124.25
127,8,1016,862,0.8484251968503937,154,0.1515748031496063,2,29f2b9019a91ff75122a,127,62,0.4881889763779528,127,101,0.7952755905511811,0.9531058617672792,121.04444444444445,0.9734251968503937,123.625
127,8,1016,786,0.7736220472440944,230,0.2263779527559055,3,29f2b9019a91ff75122a,127,39,0.30708661417322836,127,89,0.7007874015748031,0.932108486439195,118.37777777777778,0.9616141732283464,122.125
127,8,1016,812,0.7992125984251969,204,0.20078740157480315,4,29f2b9019a91ff75122a,127,42,0.33070866141732286,127,103,0.8110236220472441,0.9566054243219597,121.4888888888889,0.9753937007874016,123.875
127,8,1016,915,0.9005905511811023,101,0.09940944881889764,0,2a0da392f97bc56387a1,127,81,0.6377952755905512,127,113,0.889763779527559,0.9755030621172354,123.88888888888889,0.9862204724409449,125.25
127,8,1016,895,0.8809055118110236,121,0.11909448818897637,1,2a0da392f97bc56387a1,127,70,0.5511811023622047,127,113,0.889763779527559,0.9755030621172354,123.88888888888889,0.9862204724409449,125.25
127,8,1016,871,0.8572834645669292,145,0.14271653543307086,2,2a0da392f97bc56387a1,127,63,0.49606299212598426,127,105,0.8267716535433071,0.9615048118985127,122.11111111111111,0.9783464566929134,124.25
127,8,1016,819,0.8061023622047244,197,0.19389763779527558,3,2a0da392f97bc56387a1,127,47,0.3700787401574803,127,95,0.7480314960629921,0.942607174103237,119.71111111111111,0.96751968503937,122.875
127,8,1016,851,0.8375984251968503,165,0.1624015748031496,4,2a0da392f97bc56387a1,127,57,0.44881889763779526,127,103,0.8110236220472441,0.958005249343832,121.66666666666667,0.9763779527559056,124.0
103,8,824,733,0.8895631067961165,91,0.1104368932038835,0,2a4cb26fc9d198381d7c,103,64,0.6213592233009708,103,94,0.912621359223301,0.9805825242718447,101.0,0.9890776699029126,101.875
103,8,824,741,0.8992718446601942,83,0.10072815533980582,1,2a4cb26fc9d198381d7c,103,65,0.6310679611650486,103,89,0.8640776699029126,0.9697950377562028,99.88888888888889,0.9830097087378641,101.25
103,8,824,693,0.8410194174757282,131,0.15898058252427186,2,2a4cb26fc9d198381d7c,103,45,0.4368932038834951,103,86,0.8349514563106796,0.9633225458468178,99.22222222222223,0.9793689320388349,100.875
103,8,824,669,0.8118932038834952,155,0.18810679611650485,3,2a4cb26fc9d198381d7c,103,37,0.3592233009708738,103,78,0.7572815533980582,0.9443365695792879,97.26666666666667,0.9684466019417476,99.75
103,8,824,675,0.8191747572815534,149,0.1808252427184466,4,2a4cb26fc9d198381d7c,103,42,0.4077669902912621,103,80,0.7766990291262136,0.9503775620280475,97.88888888888889,0.9720873786407767,100.125
127,8,1016,723,0.7116141732283464,293,0.28838582677165353,0,2a8e0c56729920028938,127,28,0.2204724409448819,127,106,0.8346456692913385,0.963254593175853,122.33333333333333,0.9793307086614174,124.375
127,8,1016,566,0.5570866141732284,450,0.44291338582677164,1,2a8e0c56729920028938,127,3,0.023622047244094488,127,25,0.1968503937007874,0.8201224846894137,104.15555555555555,0.8986220472440944,114.125
127,8,1016,432,0.4251968503937008,584,0.5748031496062992,2,2a8e0c56729920028938,127,8,0.06299212598425197,127,38,0.2992125984251969,0.8246719160104986,104.73333333333333,0.8986220472440944,114.125
127,8,1016,426,0.41929133858267714,590,0.5807086614173228,3,2a8e0c56729920028938,127,4,0.031496062992125984,127,35,0.2755905511811024,0.8112781356875844,103.03232323232324,0.889763779527559,113.0
127,8,1016,494,0.4862204724409449,522,0.5137795275590551,4,2a8e0c56729920028938,127,3,0.023622047244094488,127,46,0.36220472440944884,0.8417243299133061,106.8989898989899,0.9084645669291339,115.375
127,8,1016,880,0.8661417322834646,136,0.13385826771653545,0,2a90d069c00b6726d1c9,127,62,0.4881889763779528,127,111,0.8740157480314961,0.9720034995625547,123.44444444444444,0.984251968503937,125.0
127,8,1016,884,0.8700787401574803,132,0.12992125984251968,1,2a90d069c00b6726d1c9,127,68,0.5354330708661418,127,111,0.8740157480314961,0.9720034995625548,123.44444444444444,0.984251968503937,125.0
127,8,1016,851,0.8375984251968503,165,0.1624015748031496,2,2a90d069c00b6726d1c9,127,51,0.4015748031496063,127,102,0.8031496062992126,0.9548556430446196,121.26666666666667,0.9744094488188977,123.75
127,8,1016,828,0.8149606299212598,188,0.18503937007874016,3,2a90d069c00b6726d1c9,127,48,0.3779527559055118,127,102,0.8031496062992126,0.9548556430446195,121.26666666666667,0.9744094488188977,123.75
127,8,1016,820,0.8070866141732284,196,0.19291338582677164,4,2a90d069c00b6726d1c9,127,43,0.33858267716535434,127,97,0.7637795275590551,0.9461067366579178,120.15555555555555,0.969488188976378,123.125
127,8,1016,919,0.9045275590551181,97,0.09547244094488189,0,2af65a7c16bf4ea4f9d6,127,74,0.5826771653543307,127,111,0.8740157480314961,0.9720034995625548,123.44444444444444,0.984251968503937,125.0
127,8,1016,881,0.8671259842519685,135,0.1328740157480315,1,2af65a7c16bf4ea4f9d6,127,66,0.5196850393700787,127,106,0.8346456692913385,0.9632545931758529,122.33333333333333,0.9793307086614174,124.375
127,8,1016,847,0.8336614173228346,169,0.16633858267716536,2,2af65a7c16bf4ea4f9d6,127,56,0.4409448818897638,127,109,0.8582677165354331,0.9671041119860018,122.82222222222222,0.9812992125984252,124.625
127,8,1016,814,0.8011811023622047,202,0.19881889763779528,3,2af65a7c16bf4ea4f9d6,127,47,0.3700787401574803,127,100,0.7874015748031497,0.9513560804899387,120.82222222222222,0.9724409448818898,123.5
127,8,1016,785,0.7726377952755905,231,0.22736220472440946,4,2af65a7c16bf4ea4f9d6,127,41,0.3228346456692913,127,97,0.7637795275590551,0.9407619502107691,119.47676767676768,0.9655511811023622,122.625
127,8,1016,896,0.8818897637795275,120,0.11811023622047244,0,2b115a45164b6f052a85,127,72,0.5669291338582677,127,114,0.8976377952755905,0.9772528433945757,124.11111111111111,0.9872047244094488,125.375
127,8,1016,868,0.8543307086614174,148,0.14566929133858267,1,2b115a45164b6f052a85,127,64,0.5039370078740157,127,108,0.8503937007874016,0.9667541557305336,122.77777777777777,0.9812992125984252,124.625
127,8,1016,842,0.8287401574803149,174,0.17125984251968504,2,2b115a45164b6f052a85,127,53,0.41732283464566927,127,100,0.7874015748031497,0.9527559055118111,121.0,0.9734251968503937,123.625
127,8,1016,843,0.8297244094488189,173,0.1702755905511811,3,2b115a45164b6f052a85,127,58,0.4566929133858268,127,100,0.7874015748031497,0.952755905511811,121.0,0.9734251968503937,123.625
127,8,1016,810,0.797244094488189,206,0.20275590551181102,4,2b115a45164b6f052a85,127,45,0.3543307086614173,127,110,0.8661417322834646,0.9688538932633421,123.04444444444445,0.9822834645669292,124.75
127,8,1016,902,0.8877952755905512,114,0.11220472440944881,0,2b3f6fc832e4ed6e419e,127,72,0.5669291338582677,127,115,0.905511811023622,0.979002624671916,124.33333333333333,0.9881889763779528,125.5
127,8,1016,885,0.8710629921259843,131,0.12893700787401574,1,2b3f6fc832e4ed6e419e,127,76,0.5984251968503937,127,117,0.9212598425196851,0.9825021872265967,124.77777777777777,0.9901574803149606,125.75
127,8,1016,883,0.8690944881889764,133,0.1309055118110236,2,2b3f6fc832e4ed6e419e,127,67,0.5275590551181102,127,105,0.8267716535433071,0.9615048118985126,122.11111111111111,0.9783464566929134,124.25
127,8,1016,841,0.827755905511811,175,0.17224409448818898,3,2b3f6fc832e4ed6e419e,127,58,0.4566929133858268,127,104,0.8188976377952756,0.9583552055993001,121.71111111111111,0.9763779527559056,124.0
127,8,1016,850,0.8366141732283464,166,0.16338582677165353,4,2b3f6fc832e4ed6e419e,127,55,0.4330708661417323,127,105,0.8267716535433071,0.9615048118985127,122.11111111111111,0.9783464566929134,124.25
127,8,1016,911,0.8966535433070866,105,0.10334645669291338,0,2ba6021a91efc5816cf2,127,77,0.6062992125984252,127,109,0.8582677165354331,0.968503937007874,123.0,0.9822834645669292,124.75
127,8,1016,896,0.8818897637795275,120,0.11811023622047244,1,2ba6021a91efc5816cf2,127,71,0.5590551181102362,127,111,0.8740157480314961,0.9706036745406825,123.26666666666667,0.9832677165354331,124.875
127,8,1016,876,0.8622047244094488,140,0.1377952755905512,2,2ba6021a91efc5816cf2,127,66,0.5196850393700787,127,108,0.8503937007874016,0.9667541557305336,122.77777777777777,0.9812992125984252,124.625
127,8,1016,820,0.8070866141732284,196,0.19291338582677164,3,2ba6021a91efc5816cf2,127,47,0.3700787401574803,127,94,0.7401574803149606,0.942257217847769,119.66666666666667,0.96751968503937,122.875
127,8,1016,836,0.8228346456692913,180,0.17716535433070865,4,2ba6021a91efc5816cf2,127,49,0.3858267716535433,127,106,0.8346456692913385,0.9618547681539809,122.15555555555555,0.9783464566929134,124.25
127,8,1016,912,0.8976377952755905,104,0.10236220472440945,0,2c18391176e2ce6188a6,127,77,0.6062992125984252,127,112,0.8818897637795275,0.9737532808398952,123.66666666666667,0.985236220472441,125.125
127,8,1016,878,0.8641732283464567,138,0.13582677165354332,1,2c18391176e2ce6188a6,127,66,0.5196850393700787,127,112,0.8818897637795275,0.9737532808398951,123.66666666666667,0.985236220472441,125.125
127,8,1016,855,0.8415354330708661,161,0.15846456692913385,2,2c18391176e2ce6188a6,127,63,0.49606299212598426,127,103,0.8110236220472441,0.9566054243219598,121.4888888888889,0.9753937007874016,123.875
127,8,1016,809,0.7962598425196851,207,0.20374015748031496,3,2c18391176e2ce6188a6,127,45,0.3543307086614173,127,97,0.7637795275590551,0.9475065616797901,120.33333333333333,0.9704724409448819,123.25
127,8,1016,832,0.8188976377952756,184,0.18110236220472442,4,2c18391176e2ce6188a6,127,52,0.4094488188976378,127,101,0.7952755905511811,0.9545056867891514,121.22222222222223,0.9744094488188977,123.75
127,8,1016,895,0.8809055118110236,121,0.11909448818897637,0,2c58121ecdf0c3b65467,127,68,0.5354330708661418,127,104,0.8188976377952756,0.9597550306211724,121.88888888888889,0.9773622047244095,124.125
127,8,1016,855,0.8415354330708661,161,0.15846456692913385,1,2c58121ecdf0c3b65467,127,59,0.4645669291338583,127,98,0.7716535433070866,0.9467112065537261,120.23232323232324,0.969488188976378,123.125
127,8,1016,842,0.8287401574803149,174,0.17125984251968504,2,2c58121ecdf0c3b65467,127,59,0.4645669291338583,127,107,0.84251968503937,0.9636045494313212,122.37777777777778,0.9793307086614174,124.375
127,8,1016,811,0.7982283464566929,205,0.2017716535433071,3,2c58121ecdf0c3b65467,127,47,0.3700787401574803,127,90,0.7086614173228346,0.9324584426946632,118.42222222222222,0.9616141732283464,122.125
127,8,1016,844,0.8307086614173228,172,0.16929133858267717,4,2c58121ecdf0c3b65467,127,55,0.4330708661417323,127,105,0.8267716535433071,0.9615048118985127,122.11111111111111,0.9783464566929134,124.25
127,8,1016,887,0.8730314960629921,129,0.12696850393700787,0,2cf1f67a6d6a938d71e4,127,70,0.5511811023622047,127,116,0.9133858267716536,0.9807524059492564,124.55555555555556,0.9891732283464567,125.625
127,8,1016,863,0.8494094488188977,153,0.15059055118110237,1,2cf1f67a6d6a938d71e4,127,58,0.4566929133858268,127,106,0.8346456692913385,0.9632545931758529,122.33333333333333,0.9793307086614174,124.375
127,8,1016,840,0.8267716535433071,176,0.1732283464566929,2,2cf1f67a6d6a938d71e4,127,56,0.4409448818897638,127,102,0.8031496062992126,0.9562554680664915,121.44444444444444,0.9753937007874016,123.875
127,8,1016,826,0.812992125984252,190,0.18700787401574803,3,2cf1f67a6d6a938d71e4,127,56,0.4409448818897638,127,103,0.8110236220472441,0.9566054243219597,121.4888888888889,0.9753937007874016,123.875
127,8,1016,848,0.8346456692913385,168,0.16535433070866143,4,2cf1f67a6d6a938d71e4,127,60,0.47244094488188976,127,106,0.8346456692913385,0.963254593175853,122.33333333333333,0.9793307086614174,124.375
127,8,1016,871,0.8572834645669292,145,0.14271653543307086,0,2d0d2ba850c9b5fccf0e,127,63,0.49606299212598426,127,105,0.8267716535433071,0.9615048118985126,122.11111111111111,0.9783464566929134,124.25
127,8,1016,838,0.8248031496062992,178,0.17519685039370078,1,2d0d2ba850c9b5fccf0e,127,51,0.4015748031496063,127,98,0.7716535433070866,0.947856517935258,120.37777777777778,0.9704724409448819,123.25
127,8,1016,846,0.8326771653543307,170,0.1673228346456693,2,2d0d2ba850c9b5fccf0e,127,57,0.44881889763779526,127,98,0.7716535433070866,0.9464566929133857,120.2,0.969488188976378,123.125
127,8,1016,776,0.7637795275590551,240,0.23622047244094488,3,2d0d2ba850c9b5fccf0e,127,37,0.29133858267716534,127,85,0.6692913385826772,0.9209098862642169,116.95555555555556,0.9547244094488189,121.25
127,8,1016,738,0.7263779527559056,278,0.2736220472440945,4,2d0d2ba850c9b5fccf0e,127,29,0.2283464566929134,127,90,0.7086614173228346,0.9352580927384078,118.77777777777777,0.9635826771653543,122.375
127,8,1016,879,0.8651574803149606,137,0.13484251968503938,0,2d0ef85729f78017baca,127,69,0.5433070866141733,127,108,0.8503937007874016,0.9667541557305337,122.77777777777777,0.9812992125984252,124.625
127,8,1016,869,0.8553149606299213,147,0.14468503937007873,1,2d0ef85729f78017baca,127,63,0.49606299212598426,127,105,0.8267716535433071,0.9615048118985127,122.11111111111111,0.9783464566929134,124.25
127,8,1016,833,0.8198818897637795,183,0.18011811023622049,2,2d0ef85729f78017baca,127,53,0.41732283464566927,127,103,0.8110236220472441,0.9566054243219597,121.4888888888889,0.9753937007874016,123.875
127,8,1016,801,0.7883858267716536,215,0.21161417322834647,3,2d0ef85729f78017baca,127,38,0.2992125984251969,127,96,0.7559055118110236,0.9457567804024497,120.11111111111111,0.969488188976378,123.125
127,8,1016,834,0.8208661417322834,182,0.17913385826771652,4,2d0ef85729f78017baca,127,52,0.4094488188976378,127,103,0.8110236220472441,0.9580052493438319,121.66666666666667,0.9763779527559056,124.0
127,8,1016,915,0.9005905511811023,101,0.09940944881889764,0,2d5b0dcf6053736ddef2,127,79,0.6220472440944882,127,114,0.8976377952755905,0.9772528433945757,124.11111111111111,0.9872047244094488,125.375
127,8,1016,845,0.8316929133858267,171,0.16830708661417323,1,2d5b0dcf6053736ddef2,127,57,0.44881889763779526,127,107,0.84251968503937,0.963604549431321,122.37777777777778,0.9793307086614174,124.375
127,8,1016,838,0.8248031496062992,178,0.17519685039370078,2,2d5b0dcf6053736ddef2,127,55,0.4330708661417323,127,107,0.84251968503937,0.9636045494313212,122.37777777777778,0.9793307086614174,124.375
127,8,1016,851,0.8375984251968503,165,0.1624015748031496,3,2d5b0dcf6053736ddef2,127,57,0.44881889763779526,127,109,0.8582677165354331,0.9671041119860018,122.82222222222222,0.9812992125984252,124.625
127,8,1016,847,0.8336614173228346,169,0.16633858267716536,4,2d5b0dcf6053736ddef2,127,59,0.4645669291338583,127,105,0.8267716535433071,0.9601049868766405,121.93333333333334,0.9773622047244095,124.125
127,8,1016,923,0.9084645669291339,93,0.09153543307086615,0,2d69d60265232caf677f,127,83,0.6535433070866141,127,118,0.9291338582677166,0.984251968503937,125.0,0.9911417322834646,125.875
127,8,1016,896,0.8818897637795275,120,0.11811023622047244,1,2d69d60265232caf677f,127,72,0.5669291338582677,127,111,0.8740157480314961,0.9720034995625548,123.44444444444444,0.984251968503937,125.0
127,8,1016,884,0.8700787401574803,132,0.12992125984251968,2,2d69d60265232caf677f,127,69,0.5433070866141733,127,111,0.8740157480314961,0.9720034995625547,123.44444444444444,0.984251968503937,125.0
127,8,1016,792,0.7795275590551181,224,0.2204724409448819,3,2d69d60265232caf677f,127,46,0.36220472440944884,127,101,0.7952755905511811,0.9517060367454068,120.86666666666666,0.9724409448818898,123.5
127,8,1016,856,0.84251968503937,160,0.15748031496062992,4,2d69d60265232caf677f,127,60,0.47244094488188976,127,110,0.8661417322834646,0.9702537182852145,123.22222222222223,0.9832677165354331,124.875
127,8,1016,892,0.8779527559055118,124,0.1220472440944882,0,2dd24a1c8445c2fab792,127,75,0.5905511811023622,127,110,0.8661417322834646,0.9702537182852145,123.22222222222223,0.9832677165354331,124.875
127,8,1016,890,0.8759842519685039,126,0.12401574803149606,1,2dd24a1c8445c2fab792,127,73,0.5748031496062992,127,113,0.889763779527559,0.9755030621172354,123.88888888888889,0.9862204724409449,125.25
127,8,1016,844,0.8307086614173228,172,0.16929133858267717,2,2dd24a1c8445c2fab792,127,53,0.41732283464566927,127,98,0.7716535433070866,0.9478565179352582,120.37777777777778,0.9704724409448819,123.25
127,8,1016,806,0.7933070866141733,210,0.20669291338582677,3,2dd24a1c8445c2fab792,127,43,0.33858267716535434,127,99,0.7795275590551181,0.9510061242344706,120.77777777777777,0.9724409448818898,123.5
127,8,1016,841,0.827755905511811,175,0.17224409448818898,4,2dd24a1c8445c2fab792,127,55,0.4330708661417323,127,107,0.84251968503937,0.9650043744531933,122.55555555555556,0.9803149606299213,124.5
11,8,88,77,0.875,11,0.125,0,2dd89ff7a506dbb6344a,11,7,0.6363636363636364,11,11,1.0,1.0,11.0,1.0,11.0
11,8,88,65,0.7386363636363636,23,0.26136363636363635,1,2dd89ff7a506dbb6344a,11,4,0.36363636363636365,11,10,0.9090909090909091,0.9797979797979799,10.777777777777779,0.9886363636363636,10.875
11,8,88,76,0.8636363636363636,12,0.13636363636363635,2,2dd89ff7a506dbb6344a,11,4,0.36363636363636365,11,7,0.6363636363636364,0.9191919191919191,10.11111111111111,0.9545454545454546,10.5
11,8,88,74,0.8409090909090909,14,0.1590909090909091,3,2dd89ff7a506dbb6344a,11,4,0.36363636363636365,11,8,0.7272727272727273,0.9393939393939394,10.333333333333334,0.9659090909090909,10.625
11,8,88,70,0.7954545454545454,18,0.20454545454545456,4,2dd89ff7a506dbb6344a,11,2,0.18181818181818182,11,9,0.8181818181818182,0.9595959595959596,10.555555555555555,0.9772727272727273,10.75
112,8,896,796,0.8883928571428571,100,0.11160714285714286,0,2de2e2e7087b0e6e04f9,112,62,0.5535714285714286,112,95,0.8482142857142857,0.9662698412698413,108.22222222222223,0.9810267857142857,109.875
112,8,896,775,0.8649553571428571,121,0.13504464285714285,1,2de2e2e7087b0e6e04f9,112,61,0.5446428571428571,112,103,0.9196428571428571,0.9821428571428571,110.0,0.9899553571428571,110.875
112,8,896,769,0.8582589285714286,127,0.14174107142857142,2,2de2e2e7087b0e6e04f9,112,57,0.5089285714285714,112,92,0.8214285714285714,0.9603174603174603,107.55555555555556,0.9776785714285714,109.5
112,8,896,728,0.8125,168,0.1875,3,2de2e2e7087b0e6e04f9,112,44,0.39285714285714285,112,87,0.7767857142857143,0.9503968253968255,106.44444444444444,0.9720982142857143,108.875
112,8,896,786,0.8772321428571429,110,0.12276785714285714,4,2de2e2e7087b0e6e04f9,112,58,0.5178571428571429,112,99,0.8839285714285714,0.9742063492063492,109.11111111111111,0.9854910714285714,110.375
127,8,1016,895,0.8809055118110236,121,0.11909448818897637,0,2e7575899bd304d2d2aa,127,75,0.5905511811023622,127,118,0.9291338582677166,0.984251968503937,125.0,0.9911417322834646,125.875
127,8,1016,864,0.8503937007874016,152,0.14960629921259844,1,2e7575899bd304d2d2aa,127,57,0.44881889763779526,127,106,0.8346456692913385,0.963254593175853,122.33333333333333,0.9793307086614174,124.375
127,8,1016,811,0.7982283464566929,205,0.2017716535433071,2,2e7575899bd304d2d2aa,127,53,0.41732283464566927,127,102,0.8031496062992126,0.9548556430446195,121.26666666666667,0.9744094488188977,123.75
127,8,1016,806,0.7933070866141733,210,0.20669291338582677,3,2e7575899bd304d2d2aa,127,42,0.33070866141732286,127,85,0.6692913385826772,0.9181102362204724,116.6,0.952755905511811,121.0
127,8,1016,830,0.8169291338582677,186,0.1830708661417323,4,2e7575899bd304d2d2aa,127,50,0.3937007874015748,127,99,0.7795275590551181,0.9496062992125984,120.6,0.9714566929133859,123.375
127,8,1016,908,0.8937007874015748,108,0.1062992125984252,0,2ec53ea436b55402e7f9,127,79,0.6220472440944882,127,114,0.8976377952755905,0.9772528433945757,124.11111111111111,0.9872047244094488,125.375
127,8,1016,892,0.8779527559055118,124,0.1220472440944882,1,2ec53ea436b55402e7f9,127,74,0.5826771653543307,127,105,0.8267716535433071,0.9601049868766405,121.93333333333334,0.9773622047244095,124.125
127,8,1016,867,0.8533464566929134,149,0.1466535433070866,2,2ec53ea436b55402e7f9,127,61,0.48031496062992124,127,105,0.8267716535433071,0.9615048118985127,122.11111111111111,0.9783464566929134,124.25
127,8,1016,851,0.8375984251968503,165,0.1624015748031496,3,2ec53ea436b55402e7f9,127,53,0.41732283464566927,127,101,0.7952755905511811,0.9545056867891514,121.22222222222223,0.9744094488188977,123.75
127,8,1016,879,0.8651574803149606,137,0.13484251968503938,4,2ec53ea436b55402e7f9,127,62,0.4881889763779528,127,105,0.8267716535433071,0.9615048118985127,122.11111111111111,0.9783464566929134,124.25
127,8,1016,912,0.8976377952755905,104,0.10236220472440945,0,2ed770e69773a3d4a410,127,73,0.5748031496062992,127,112,0.8818897637795275,0.9723534558180227,123.4888888888889,0.984251968503937,125.0
127,8,1016,908,0.8937007874015748,108,0.1062992125984252,1,2ed770e69773a3d4a410,127,78,0.6141732283464567,127,115,0.905511811023622,0.979002624671916,124.33333333333333,0.9881889763779528,125.5
127,8,1016,850,0.8366141732283464,166,0.16338582677165353,2,2ed770e69773a3d4a410,127,55,0.4330708661417323,127,94,0.7401574803149606,0.942257217847769,119.66666666666667,0.96751968503937,122.875
127,8,1016,803,0.7903543307086615,213,0.20964566929133857,3,2ed770e69773a3d4a410,127,45,0.3543307086614173,127,99,0.7795275590551181,0.9510061242344706,120.77777777777777,0.9724409448818898,123.5
127,8,1016,842,0.8287401574803149,174,0.17125984251968504,4,2ed770e69773a3d4a410,127,55,0.4330708661417323,127,97,0.7637795275590551,0.9461067366579178,120.15555555555555,0.969488188976378,123.125
127,8,1016,909,0.8946850393700787,107,0.10531496062992125,0,2efd61031f1c6cdea6a8,127,78,0.6141732283464567,127,110,0.8661417322834646,0.9702537182852145,123.22222222222223,0.9832677165354331,124.875
127,8,1016,887,0.8730314960629921,129,0.12696850393700787,1,2efd61031f1c6cdea6a8,127,67,0.5275590551181102,127,109,0.8582677165354331,0.9657042869641295,122.64444444444445,0.9803149606299213,124.5
127,8,1016,868,0.8543307086614174,148,0.14566929133858267,2,2efd61031f1c6cdea6a8,127,65,0.5118110236220472,127,111,0.8740157480314961,0.9720034995625547,123.44444444444444,0.984251968503937,125.0
127,8,1016,798,0.7854330708661418,218,0.21456692913385828,3,2efd61031f1c6cdea6a8,127,48,0.3779527559055118,127,103,0.8110236220472441,0.9566054243219597,121.4888888888889,0.9753937007874016,123.875
127,8,1016,820,0.8070866141732284,196,0.19291338582677164,4,2efd61031f1c6cdea6a8,127,50,0.3937007874015748,127,110,0.8661417322834646,0.9702537182852145,123.22222222222223,0.9832677165354331,124.875
127,8,1016,892,0.8779527559055118,124,0.1220472440944882,0,2f2a6f799f8866a2a2c5,127,73,0.5748031496062992,127,109,0.8582677165354331,0.9685039370078742,123.0,0.9822834645669292,124.75
127,8,1016,876,0.8622047244094488,140,0.1377952755905512,1,2f2a6f799f8866a2a2c5,127,62,0.4881889763779528,127,106,0.8346456692913385,0.9604549431321084,121.97777777777777,0.9773622047244095,124.125
127,8,1016,848,0.8346456692913385,168,0.16535433070866143,2,2f2a6f799f8866a2a2c5,127,58,0.4566929133858268,127,99,0.7795275590551181,0.9510061242344707,120.77777777777777,0.9724409448818898,123.5
127,8,1016,793,0.780511811023622,223,0.21948818897637795,3,2f2a6f799f8866a2a2c5,127,46,0.36220472440944884,127,99,0.7795275590551181,0.9510061242344706,120.77777777777777,0.9724409448818898,123.5
127,8,1016,837,0.8238188976377953,179,0.17618110236220472,4,2f2a6f799f8866a2a2c5,127,53,0.41732283464566927,127,100,0.7874015748031497,0.952755905511811,121.0,0.9734251968503937,123.625
127,8,1016,920,0.905511811023622,96,0.09448818897637795,0,2faff12ca5d596e9d497,127,80,0.6299212598425197,127,117,0.9212598425196851,0.9811023622047244,124.6,0.9891732283464567,125.625
127,8,1016,879,0.8651574803149606,137,0.13484251968503938,1,2faff12ca5d596e9d497,127,65,0.5118110236220472,127,107,0.84251968503937,0.9650043744531934,122.55555555555556,0.9803149606299213,124.5
127,8,1016,854,0.8405511811023622,162,0.1594488188976378,2,2faff12ca5d596e9d497,127,58,0.4566929133858268,127,104,0.8188976377952756,0.9583552055993002,121.71111111111111,0.9763779527559056,124.0
127,8,1016,844,0.8307086614173228,172,0.16929133858267717,3,2faff12ca5d596e9d497,127,57,0.44881889763779526,127,105,0.8267716535433071,0.9615048118985127,122.11111111111111,0.9783464566929134,124.25
127,8,1016,856,0.84251968503937,160,0.15748031496062992,4,2faff12ca5d596e9d497,127,60,0.47244094488188976,127,107,0.84251968503937,0.9636045494313211,122.37777777777778,0.9793307086614174,124.375
127,8,1016,880,0.8661417322834646,136,0.13385826771653545,0,3006b46ed5b9b78a3d4d,127,62,0.4881889763779528,127,109,0.8582677165354331,0.9685039370078738,123.0,0.9822834645669292,124.75
127,8,1016,837,0.8238188976377953,179,0.17618110236220472,1,3006b46ed5b9b78a3d4d,127,54,0.4251968503937008,127,100,0.7874015748031497,0.9513560804899388,120.82222222222222,0.9724409448818898,123.5
127,8,1016,821,0.8080708661417323,195,0.1919291338582677,2,3006b46ed5b9b78a3d4d,127,50,0.3937007874015748,127,104,0.8188976377952756,0.9597550306211724,121.88888888888889,0.9773622047244095,124.125
127,8,1016,800,0.7874015748031497,216,0.2125984251968504,3,3006b46ed5b9b78a3d4d,127,41,0.3228346456692913,127,99,0.7795275590551181,0.9482064741907261,120.42222222222222,0.9704724409448819,123.25
127,8,1016,782,0.7696850393700787,234,0.23031496062992127,4,3006b46ed5b9b78a3d4d,127,42,0.33070866141732286,127,98,0.7716535433070866,0.9478565179352582,120.37777777777778,0.9704724409448819,123.25
109,8,872,765,0.8772935779816514,107,0.12270642201834862,0,305cfdff6df3b5b4115f,109,61,0.5596330275229358,109,93,0.8532110091743119,0.9673802242609582,105.44444444444444,0.981651376146789,107.0
109,8,872,751,0.8612385321100917,121,0.13876146788990826,1,305cfdff6df3b5b4115f,109,58,0.5321100917431193,109,94,0.8623853211009175,0.9694189602446484,105.66666666666667,0.9827981651376146,107.125
109,8,872,746,0.8555045871559633,126,0.1444954128440367,2,305cfdff6df3b5b4115f,109,52,0.47706422018348627,109,89,0.8165137614678899,0.9592252803261979,104.55555555555556,0.9770642201834863,106.5
109,8,872,679,0.7786697247706422,193,0.2213302752293578,3,305cfdff6df3b5b4115f,109,34,0.3119266055045872,109,85,0.7798165137614679,0.9510703363914373,103.66666666666667,0.9724770642201835,106.0
109,8,872,697,0.7993119266055045,175,0.2006880733944954,4,305cfdff6df3b5b4115f,109,43,0.3944954128440367,109,92,0.8440366972477065,0.9653414882772681,105.22222222222223,0.9805045871559633,106.875
127,8,1016,905,0.890748031496063,111,0.10925196850393701,0,306d63201cc2d78c630e,127,71,0.5590551181102362,127,109,0.8582677165354331,0.9685039370078742,123.0,0.9822834645669292,124.75
127,8,1016,899,0.8848425196850394,117,0.11515748031496063,1,306d63201cc2d78c630e,127,77,0.6062992125984252,127,111,0.8740157480314961,0.9720034995625547,123.44444444444444,0.984251968503937,125.0
127,8,1016,840,0.8267716535433071,176,0.1732283464566929,2,306d63201cc2d78c630e,127,50,0.3937007874015748,127,95,0.7480314960629921,0.942607174103237,119.71111111111111,0.96751968503937,122.875
127,8,1016,788,0.7755905511811023,228,0.22440944881889763,3,306d63201cc2d78c630e,127,44,0.3464566929133858,127,104,0.8188976377952756,0.9583552055993001,121.71111111111111,0.9763779527559056,124.0
127,8,1016,834,0.8208661417322834,182,0.17913385826771652,4,306d63201cc2d78c630e,127,53,0.41732283464566927,127,103,0.8110236220472441,0.9566054243219599,121.4888888888889,0.9753937007874016,123.875
127,8,1016,921,0.906496062992126,95,0.09350393700787402,0,307fa84fbecadb909d8f,127,87,0.6850393700787402,127,115,0.905511811023622,0.9790026246719161,124.33333333333333,0.9881889763779528,125.5
127,8,1016,853,0.8395669291338582,163,0.16043307086614172,1,307fa84fbecadb909d8f,127,58,0.4566929133858268,127,110,0.8661417322834646,0.9702537182852145,123.22222222222223,0.9832677165354331,124.875
127,8,1016,840,0.8267716535433071,176,0.1732283464566929,2,307fa84fbecadb909d8f,127,53,0.41732283464566927,127,98,0.7716535433070866,0.9492563429571304,120.55555555555556,0.9714566929133859,123.375
127,8,1016,810,0.797244094488189,206,0.20275590551181102,3,307fa84fbecadb909d8f,127,47,0.3700787401574803,127,103,0.8110236220472441,0.958005249343832,121.66666666666667,0.9763779527559056,124.0
127,8,1016,843,0.8297244094488189,173,0.1702755905511811,4,307fa84fbecadb909d8f,127,52,0.4094488188976378,127,99,0.7795275590551181,0.9510061242344707,120.77777777777777,0.9724409448818898,123.5
127,8,1016,908,0.8937007874015748,108,0.1062992125984252,0,31a45aa7d5d2d392ef89,127,80,0.6299212598425197,127,116,0.9133858267716536,0.9807524059492564,124.55555555555556,0.9891732283464567,125.625
127,8,1016,867,0.8533464566929134,149,0.1466535433070866,1,31a45aa7d5d2d392ef89,127,60,0.47244094488188976,127,104,0.8188976377952756,0.9597550306211723,121.88888888888889,0.9773622047244095,124.125
127,8,1016,836,0.8228346456692913,180,0.17716535433070865,2,31a45aa7d5d2d392ef89,127,59,0.4645669291338583,127,104,0.8188976377952756,0.9597550306211724,121.88888888888889,0.9773622047244095,124.125
127,8,1016,830,0.8169291338582677,186,0.1830708661417323,3,31a45aa7d5d2d392ef89,127,53,0.41732283464566927,127,101,0.7952755905511811,0.9545056867891514,121.22222222222223,0.9744094488188977,123.75
127,8,1016,834,0.8208661417322834,182,0.17913385826771652,4,31a45aa7d5d2d392ef89,127,51,0.4015748031496063,127,100,0.7874015748031497,0.9527559055118112,121.0,0.9734251968503937,123.625
127,8,1016,919,0.9045275590551181,97,0.09547244094488189,0,31c3478fb78674e3cd4e,127,82,0.6456692913385826,127,112,0.8818897637795275,0.973753280839895,123.66666666666667,0.985236220472441,125.125
127,8,1016,873,0.859251968503937,143,0.140748031496063,1,31c3478fb78674e3cd4e,127,67,0.5275590551181102,127,109,0.8582677165354331,0.9685039370078742,123.0,0.9822834645669292,124.75
127,8,1016,829,0.8159448818897638,187,0.18405511811023623,2,31c3478fb78674e3cd4e,127,48,0.3779527559055118,127,95,0.7480314960629921,0.9440069991251093,119.88888888888889,0.968503937007874,123.0
127,8,1016,796,0.7834645669291339,220,0.21653543307086615,3,31c3478fb78674e3cd4e,127,41,0.3228346456692913,127,90,0.7086614173228346,0.9338582677165354,118.6,0.9625984251968503,122.25
127,8,1016,847,0.8336614173228346,169,0.16633858267716536,4,31c3478fb78674e3cd4e,127,58,0.4566929133858268,127,101,0.7952755905511811,0.9531058617672791,121.04444444444445,0.9734251968503937,123.625
127,8,1016,913,0.8986220472440944,103,0.10137795275590551,0,31fee49419bc1edfcbd2,127,83,0.6535433070866141,127,116,0.9133858267716536,0.9807524059492565,124.55555555555556,0.9891732283464567,125.625
127,8,1016,893,0.8789370078740157,123,0.12106299212598425,1,31fee49419bc1edfcbd2,127,72,0.5669291338582677,127,110,0.8661417322834646,0.9688538932633421,123.04444444444445,0.9822834645669292,124.75
127,8,1016,848,0.8346456692913385,168,0.16535433070866143,2,31fee49419bc1edfcbd2,127,60,0.47244094488188976,127,105,0.8267716535433071,0.9615048118985127,122.11111111111111,0.9783464566929134,124.25
127,8,1016,877,0.8631889763779528,139,0.13681102362204725,3,31fee49419bc1edfcbd2,127,64,0.5039370078740157,127,96,0.7559055118110236,0.9457567804024498,120.11111111111111,0.969488188976378,123.125
127,8,1016,854,0.8405511811023622,162,0.1594488188976378,4,31fee49419bc1edfcbd2,127,49,0.3858267716535433,127,94,0.7401574803149606,0.9422572178477691,119.66666666666667,0.96751968503937,122.875
127,8,1016,908,0.8937007874015748,108,0.1062992125984252,0,3290320c83683f6d462b,127,79,0.6220472440944882,127,115,0.905511811023622,0.9790026246719161,124.33333333333333,0.9881889763779528,125.5
127,8,1016,892,0.8779527559055118,124,0.1220472440944882,1,3290320c83683f6d462b,127,75,0.5905511811023622,127,114,0.8976377952755905,0.9758530183727034,123.93333333333334,0.9862204724409449,125.25
127,8,1016,880,0.8661417322834646,136,0.13385826771653545,2,3290320c83683f6d462b,127,71,0.5590551181102362,127,110,0.8661417322834646,0.9702537182852143,123.22222222222223,0.9832677165354331,124.875
127,8,1016,808,0.7952755905511811,208,0.2047244094488189,3,3290320c83683f6d462b,127,46,0.36220472440944884,127,96,0.7559055118110236,0.9457567804024497,120.11111111111111,0.969488188976378,123.125
127,8,1016,837,0.8238188976377953,179,0.17618110236220472,4,3290320c83683f6d462b,127,53,0.41732283464566927,127,93,0.7322834645669292,0.9405074365704286,119.44444444444444,0.9665354330708661,122.75
127,8,1016,925,0.9104330708661418,91,0.08956692913385826,0,32e043e23176d4c3411d,127,86,0.6771653543307087,127,121,0.952755905511811,0.9895013123359581,125.66666666666667,0.9940944881889764,126.25
127,8,1016,908,0.8937007874015748,108,0.1062992125984252,1,32e043e23176d4c3411d,127,76,0.5984251968503937,127,115,0.905511811023622,0.9790026246719161,124.33333333333333,0.9881889763779528,125.5
127,8,1016,876,0.8622047244094488,140,0.1377952755905512,2,32e043e23176d4c3411d,127,62,0.4881889763779528,127,114,0.8976377952755905,0.9772528433945757,124.11111111111111,0.9872047244094488,125.375
127,8,1016,800,0.7874015748031497,216,0.2125984251968504,3,32e043e23176d4c3411d,127,49,0.3858267716535433,127,108,0.8503937007874016,0.9667541557305336,122.77777777777777,0.9812992125984252,124.625
127,8,1016,854,0.8405511811023622,162,0.1594488188976378,4,32e043e23176d4c3411d,127,51,0.4015748031496063,127,100,0.7874015748031497,0.952755905511811,121.0,0.9734251968503937,123.625
127,8,1016,892,0.8779527559055118,124,0.1220472440944882,0,32f5ee73857974fea523,127,74,0.5826771653543307,127,111,0.8740157480314961,0.9706036745406824,123.26666666666667,0.9832677165354331,124.875
127,8,1016,882,0.8681102362204725,134,0.13188976377952755,1,32f5ee73857974fea523,127,67,0.5275590551181102,127,105,0.8267716535433071,0.9615048118985127,122.11111111111111,0.9783464566929134,124.25
127,8,1016,847,0.8336614173228346,169,0.16633858267716536,2,32f5ee73857974fea523,127,59,0.4645669291338583,127,110,0.8661417322834646,0.968853893263342,123.04444444444445,0.9822834645669292,124.75
127,8,1016,834,0.8208661417322834,182,0.17913385826771652,3,32f5ee73857974fea523,127,57,0.44881889763779526,127,106,0.8346456692913385,0.9618547681539807,122.15555555555555,0.9783464566929134,124.25
127,8,1016,831,0.8179133858267716,185,0.18208661417322836,4,32f5ee73857974fea523,127,47,0.3700787401574803,127,94,0.7401574803149606,0.942257217847769,119.66666666666667,0.96751968503937,122.875
127,8,1016,922,0.90748031496063,94,0.09251968503937008,0,3340908de9f496cba0e2,127,83,0.6535433070866141,127,117,0.9212598425196851,0.9825021872265968,124.77777777777777,0.9901574803149606,125.75
127,8,1016,897,0.8828740157480315,119,0.1171259842519685,1,3340908de9f496cba0e2,127,69,0.5433070866141733,127,106,0.8346456692913385,0.963254593175853,122.33333333333333,0.9793307086614174,124.375
127,8,1016,865,0.8513779527559056,151,0.1486220472440945,2,3340908de9f496cba0e2,127,63,0.49606299212598426,127,105,0.8267716535433071,0.9615048118985127,122.11111111111111,0.9783464566929134,124.25
127,8,1016,806,0.7933070866141733,210,0.20669291338582677,3,3340908de9f496cba0e2,127,43,0.33858267716535434,127,103,0.8110236220472441,0.9566054243219598,121.4888888888889,0.9753937007874016,123.875
127,8,1016,844,0.8307086614173228,172,0.16929133858267717,4,3340908de9f496cba0e2,127,54,0.4251968503937008,127,102,0.8031496062992126,0.9562554680664915,121.44444444444444,0.9753937007874016,123.875
127,8,1016,907,0.8927165354330708,109,0.10728346456692914,0,342272d1ab1e6d044aac,127,80,0.6299212598425197,127,118,0.9291338582677166,0.984251968503937,125.0,0.9911417322834646,125.875
127,8,1016,848,0.8346456692913385,168,0.16535433070866143,1,342272d1ab1e6d044aac,127,55,0.4330708661417323,127,108,0.8503937007874016,0.9667541557305336,122.77777777777777,0.9812992125984252,124.625
127,8,1016,850,0.8366141732283464,166,0.16338582677165353,2,342272d1ab1e6d044aac,127,56,0.4409448818897638,127,105,0.8267716535433071,0.9615048118985127,122.11111111111111,0.9783464566929134,124.25
127,8,1016,793,0.780511811023622,223,0.21948818897637795,3,342272d1ab1e6d044aac,127,41,0.3228346456692913,127,102,0.8031496062992126,0.9534558180227473,121.08888888888889,0.9734251968503937,123.625
127,8,1016,840,0.8267716535433071,176,0.1732283464566929,4,342272d1ab1e6d044aac,127,53,0.41732283464566927,127,100,0.7874015748031497,0.9513560804899388,120.82222222222222,0.9724409448818898,123.5
127,8,1016,901,0.8868110236220472,115,0.11318897637795275,0,348585452bc0a6e12b3a,127,76,0.5984251968503937,127,115,0.905511811023622,0.979002624671916,124.33333333333333,0.9881889763779528,125.5
127,8,1016,876,0.8622047244094488,140,0.1377952755905512,1,348585452bc0a6e12b3a,127,62,0.4881889763779528,127,101,0.7952755905511811,0.9531058617672792,121.04444444444445,0.9734251968503937,123.625
127,8,1016,845,0.8316929133858267,171,0.16830708661417323,2,348585452bc0a6e12b3a,127,55,0.4330708661417323,127,109,0.8582677165354331,0.968503937007874,123.0,0.9822834645669292,124.75
127,8,1016,844,0.8307086614173228,172,0.16929133858267717,3,348585452bc0a6e12b3a,127,58,0.4566929133858268,127,109,0.8582677165354331,0.9643044619422573,122.46666666666667,0.9793307086614174,124.375
127,8,1016,841,0.827755905511811,175,0.17224409448818898,4,348585452bc0a6e12b3a,127,50,0.3937007874015748,127,93,0.7322834645669292,0.9405074365704288,119.44444444444444,0.9665354330708661,122.75
127,8,1016,918,0.9035433070866141,98,0.09645669291338582,0,349a8e46aff51f574f44,127,84,0.6614173228346457,127,119,0.937007874015748,0.9860017497812774,125.22222222222223,0.9921259842519685,126.0
127,8,1016,867,0.8533464566929134,149,0.1466535433070866,1,349a8e46aff51f574f44,127,62,0.4881889763779528,127,113,0.889763779527559,0.9755030621172354,123.88888888888889,0.9862204724409449,125.25
127,8,1016,858,0.844488188976378,158,0.15551181102362205,2,349a8e46aff51f574f44,127,60,0.47244094488188976,127,104,0.8188976377952756,0.9597550306211723,121.88888888888889,0.9773622047244095,124.125
127,8,1016,809,0.7962598425196851,207,0.20374015748031496,3,349a8e46aff51f574f44,127,46,0.36220472440944884,127,101,0.7952755905511811,0.9531058617672792,121.04444444444445,0.9734251968503937,123.625
127,8,1016,852,0.8385826771653543,164,0.16141732283464566,4,349a8e46aff51f574f44,127,55,0.4330708661417323,127,103,0.8110236220472441,0.9580052493438319,121.66666666666667,0.9763779527559056,124.0
127,8,1016,899,0.8848425196850394,117,0.11515748031496063,0,34c0e905650e348632f9,127,72,0.5669291338582677,127,110,0.8661417322834646,0.9702537182852145,123.22222222222223,0.9832677165354331,124.875
127,8,1016,894,0.8799212598425197,122,0.12007874015748031,1,34c0e905650e348632f9,127,75,0.5905511811023622,127,112,0.8818897637795275,0.973753280839895,123.66666666666667,0.985236220472441,125.125
127,8,1016,880,0.8661417322834646,136,0.13385826771653545,2,34c0e905650e348632f9,127,65,0.5118110236220472,127,106,0.8346456692913385,0.9604549431321086,121.97777777777777,0.9773622047244095,124.125
127,8,1016,793,0.780511811023622,223,0.21948818897637795,3,34c0e905650e348632f9,127,46,0.36220472440944884,127,103,0.8110236220472441,0.958005249343832,121.66666666666667,0.9763779527559056,124.0
127,8,1016,849,0.8356299212598425,167,0.1643700787401575,4,34c0e905650e348632f9,127,60,0.47244094488188976,127,104,0.8188976377952756,0.9583552055993002,121.71111111111111,0.9763779527559056,124.0
127,8,1016,910,0.8956692913385826,106,0.10433070866141732,0,34dfad8ce9c74861ca07,127,78,0.6141732283464567,127,117,0.9212598425196851,0.9825021872265967,124.77777777777777,0.9901574803149606,125.75
127,8,1016,869,0.8553149606299213,147,0.14468503937007873,1,34dfad8ce9c74861ca07,127,65,0.5118110236220472,127,114,0.8976377952755905,0.9772528433945757,124.11111111111111,0.9872047244094488,125.375
127,8,1016,873,0.859251968503937,143,0.140748031496063,2,34dfad8ce9c74861ca07,127,66,0.5196850393700787,127,104,0.8188976377952756,0.9597550306211723,121.88888888888889,0.9773622047244095,124.125
127,8,1016,790,0.7775590551181102,226,0.22244094488188976,3,34dfad8ce9c74861ca07,127,40,0.31496062992125984,127,88,0.6929133858267716,0.9289588801399825,117.97777777777777,0.9596456692913385,121.875
127,8,1016,859,0.8454724409448819,157,0.1545275590551181,4,34dfad8ce9c74861ca07,127,62,0.4881889763779528,127,105,0.8267716535433071,0.9601049868766405,121.93333333333334,0.9773622047244095,124.125
127,8,1016,909,0.8946850393700787,107,0.10531496062992125,0,35047c6ea526d7ce48ba,127,79,0.6220472440944882,127,120,0.9448818897637795,0.9877515310586178,125.44444444444444,0.9931102362204725,126.125
127,8,1016,897,0.8828740157480315,119,0.1171259842519685,1,35047c6ea526d7ce48ba,127,74,0.5826771653543307,127,108,0.8503937007874016,0.9667541557305336,122.77777777777777,0.9812992125984252,124.625
127,8,1016,837,0.8238188976377953,179,0.17618110236220472,2,35047c6ea526d7ce48ba,127,54,0.4251968503937008,127,101,0.7952755905511811,0.9545056867891513,121.22222222222223,0.9744094488188977,123.75
127,8,1016,832,0.8188976377952756,184,0.18110236220472442,3,35047c6ea526d7ce48ba,127,53,0.41732283464566927,127,101,0.7952755905511811,0.9545056867891514,121.22222222222223,0.9744094488188977,123.75
127,8,1016,836,0.8228346456692913,180,0.17716535433070865,4,35047c6ea526d7ce48ba,127,51,0.4015748031496063,127,102,0.8031496062992126,0.9562554680664916,121.44444444444444,0.9753937007874016,123.875
127,8,1016,910,0.8956692913385826,106,0.10433070866141732,0,3532be8afd12073281c9,127,83,0.6535433070866141,127,111,0.8740157480314961,0.9720034995625547,123.44444444444444,0.984251968503937,125.0
127,8,1016,895,0.8809055118110236,121,0.11909448818897637,1,3532be8afd12073281c9,127,65,0.5118110236220472,127,106,0.8346456692913385,0.9632545931758529,122.33333333333333,0.9793307086614174,124.375
127,8,1016,870,0.8562992125984252,146,0.1437007874015748,2,3532be8afd12073281c9,127,66,0.5196850393700787,127,109,0.8582677165354331,0.968503937007874,123.0,0.9822834645669292,124.75
127,8,1016,810,0.797244094488189,206,0.20275590551181102,3,3532be8afd12073281c9,127,48,0.3779527559055118,127,99,0.7795275590551181,0.9482064741907261,120.42222222222222,0.9704724409448819,123.25
127,8,1016,839,0.8257874015748031,177,0.17421259842519685,4,3532be8afd12073281c9,127,50,0.3937007874015748,127,99,0.7795275590551181,0.9510061242344706,120.77777777777777,0.9724409448818898,123.5
103,8,824,738,0.8956310679611651,86,0.10436893203883495,0,35800655e45bb8995456,103,65,0.6310679611650486,103,91,0.883495145631068,0.9723840345199568,100.15555555555555,0.9842233009708737,101.375
103,8,824,743,0.9016990291262136,81,0.0983009708737864,1,35800655e45bb8995456,103,65,0.6310679611650486,103,90,0.8737864077669902,0.9719525350593312,100.11111111111111,0.9842233009708737,101.375
103,8,824,697,0.845873786407767,127,0.154126213592233,2,35800655e45bb8995456,103,46,0.44660194174757284,103,84,0.8155339805825242,0.9572815533980582,98.6,0.9757281553398058,100.5
103,8,824,700,0.8495145631067961,124,0.15048543689320387,3,35800655e45bb8995456,103,53,0.5145631067961165,103,82,0.7961165048543689,0.9495145631067959,97.8,0.970873786407767,100.0
103,8,824,688,0.8349514563106796,136,0.1650485436893204,4,35800655e45bb8995456,103,44,0.42718446601941745,103,83,0.8058252427184466,0.9551240560949298,98.37777777777778,0.9745145631067961,100.375
127,8,1016,912,0.8976377952755905,104,0.10236220472440945,0,35b365ba73f78ef0c33d,127,80,0.6299212598425197,127,113,0.889763779527559,0.9755030621172355,123.88888888888889,0.9862204724409449,125.25
127,8,1016,888,0.8740157480314961,128,0.12598425196850394,1,35b365ba73f78ef0c33d,127,66,0.5196850393700787,127,110,0.8661417322834646,0.9702537182852143,123.22222222222223,0.9832677165354331,124.875
127,8,1016,846,0.8326771653543307,170,0.1673228346456693,2,35b365ba73f78ef0c33d,127,57,0.44881889763779526,127,98,0.7716535433070866,0.9478565179352583,120.37777777777778,0.9704724409448819,123.25
127,8,1016,792,0.7795275590551181,224,0.2204724409448819,3,35b365ba73f78ef0c33d,127,34,0.2677165354330709,127,99,0.7795275590551181,0.9496062992125984,120.6,0.9714566929133859,123.375
127,8,1016,844,0.8307086614173228,172,0.16929133858267717,4,35b365ba73f78ef0c33d,127,57,0.44881889763779526,127,102,0.8031496062992126,0.9562554680664918,121.44444444444444,0.9753937007874016,123.875
127,8,1016,909,0.8946850393700787,107,0.10531496062992125,0,35e01e8dc621b92d0cdb,127,81,0.6377952755905512,127,113,0.889763779527559,0.9755030621172355,123.88888888888889,0.9862204724409449,125.25
127,8,1016,908,0.8937007874015748,108,0.1062992125984252,1,35e01e8dc621b92d0cdb,127,77,0.6062992125984252,127,110,0.8661417322834646,0.9702537182852145,123.22222222222223,0.9832677165354331,124.875
127,8,1016,856,0.84251968503937,160,0.15748031496062992,2,35e01e8dc621b92d0cdb,127,59,0.4645669291338583,127,110,0.8661417322834646,0.9702537182852145,123.22222222222223,0.9832677165354331,124.875
127,8,1016,819,0.8061023622047244,197,0.19389763779527558,3,35e01e8dc621b92d0cdb,127,41,0.3228346456692913,127,97,0.7637795275590551,0.9447069116360456,119.97777777777777,0.968503937007874,123.0
127,8,1016,821,0.8080708661417323,195,0.1919291338582677,4,35e01e8dc621b92d0cdb,127,45,0.3543307086614173,127,98,0.7716535433070866,0.947856517935258,120.37777777777778,0.9704724409448819,123.25
127,8,1016,885,0.8710629921259843,131,0.12893700787401574,0,36ec9c4c79cdab731b82,127,73,0.5748031496062992,127,118,0.9291338582677166,0.984251968503937,125.0,0.9911417322834646,125.875
127,8,1016,880,0.8661417322834646,136,0.13385826771653545,1,36ec9c4c79cdab731b82,127,68,0.5354330708661418,127,112,0.8818897637795275,0.9737532808398952,123.66666666666667,0.985236220472441,125.125
127,8,1016,812,0.7992125984251969,204,0.20078740157480315,2,36ec9c4c79cdab731b82,127,47,0.3700787401574803,127,104,0.8188976377952756,0.9597550306211723,121.88888888888889,0.9773622047244095,124.125
127,8,1016,801,0.7883858267716536,215,0.21161417322834647,3,36ec9c4c79cdab731b82,127,50,0.3937007874015748,127,99,0.7795275590551181,0.9510061242344706,120.77777777777777,0.9724409448818898,123.5
127,8,1016,831,0.8179133858267716,185,0.18208661417322836,4,36ec9c4c79cdab731b82,127,49,0.3858267716535433,127,98,0.7716535433070866,0.9492563429571302,120.55555555555556,0.9714566929133859,123.375
127,8,1016,926,0.9114173228346457,90,0.08858267716535433,0,370a59b5425e02e1f2b0,127,80,0.6299212598425197,127,106,0.8346456692913385,0.963254593175853,122.33333333333333,0.9793307086614174,124.375
127,8,1016,891,0.8769685039370079,125,0.12303149606299213,1,370a59b5425e02e1f2b0,127,73,0.5748031496062992,127,117,0.9212598425196851,0.9811023622047245,124.6,0.9891732283464567,125.625
127,8,1016,864,0.8503937007874016,152,0.14960629921259844,2,370a59b5425e02e1f2b0,127,61,0.48031496062992124,127,104,0.8188976377952756,0.9597550306211724,121.88888888888889,0.9773622047244095,124.125
127,8,1016,842,0.8287401574803149,174,0.17125984251968504,3,370a59b5425e02e1f2b0,127,51,0.4015748031496063,127,95,0.7480314960629921,0.9412073490813648,119.53333333333333,0.9665354330708661,122.75
127,8,1016,872,0.8582677165354331,144,0.14173228346456693,4,370a59b5425e02e1f2b0,127,66,0.5196850393700787,127,111,0.8740157480314961,0.9720034995625548,123.44444444444444,0.984251968503937,125.0
127,8,1016,909,0.8946850393700787,107,0.10531496062992125,0,371b5b44d66aefdf558d,127,78,0.6141732283464567,127,108,0.8503937007874016,0.9667541557305336,122.77777777777777,0.9812992125984252,124.625
127,8,1016,891,0.8769685039370079,125,0.12303149606299213,1,371b5b44d66aefdf558d,127,70,0.5511811023622047,127,109,0.8582677165354331,0.968503937007874,123.0,0.9822834645669292,124.75
127,8,1016,839,0.8257874015748031,177,0.17421259842519685,2,371b5b44d66aefdf558d,127,54,0.4251968503937008,127,110,0.8661417322834646,0.9702537182852145,123.22222222222223,0.9832677165354331,124.875
127,8,1016,843,0.8297244094488189,173,0.1702755905511811,3,371b5b44d66aefdf558d,127,53,0.41732283464566927,127,96,0.7559055118110236,0.9457567804024497,120.11111111111111,0.969488188976378,123.125
127,8,1016,864,0.8503937007874016,152,0.14960629921259844,4,371b5b44d66aefdf558d,127,60,0.47244094488188976,127,104,0.8188976377952756,0.9569553805774278,121.53333333333333,0.9753937007874016,123.875
127,8,1016,903,0.8887795275590551,113,0.11122047244094488,0,374b1d4945def4d4efd4,127,76,0.5984251968503937,127,112,0.8818897637795275,0.973753280839895,123.66666666666667,0.985236220472441,125.125
127,8,1016,896,0.8818897637795275,120,0.11811023622047244,1,374b1d4945def4d4efd4,127,72,0.5669291338582677,127,107,0.84251968503937,0.963604549431321,122.37777777777778,0.9793307086614174,124.375
127,8,1016,841,0.827755905511811,175,0.17224409448818898,2,374b1d4945def4d4efd4,127,53,0.41732283464566927,127,106,0.8346456692913385,0.963254593175853,122.33333333333333,0.9793307086614174,124.375
127,8,1016,793,0.780511811023622,223,0.21948818897637795,3,374b1d4945def4d4efd4,127,47,0.3700787401574803,127,97,0.7637795275590551,0.94750656167979,120.33333333333333,0.9704724409448819,123.25
127,8,1016,839,0.8257874015748031,177,0.17421259842519685,4,374b1d4945def4d4efd4,127,47,0.3700787401574803,127,100,0.7874015748031497,0.9527559055118111,121.0,0.9734251968503937,123.625
127,8,1016,895,0.8809055118110236,121,0.11909448818897637,0,379da29819a8088367dc,127,73,0.5748031496062992,127,118,0.9291338582677166,0.984251968503937,125.0,0.9911417322834646,125.875
127,8,1016,879,0.8651574803149606,137,0.13484251968503938,1,379da29819a8088367dc,127,59,0.4645669291338583,127,111,0.8740157480314961,0.9720034995625548,123.44444444444444,0.984251968503937,125.0
127,8,1016,876,0.8622047244094488,140,0.1377952755905512,2,379da29819a8088367dc,127,64,0.5039370078740157,127,100,0.7874015748031497,0.952755905511811,121.0,0.9734251968503937,123.625
127,8,1016,794,0.781496062992126,222,0.21850393700787402,3,379da29819a8088367dc,127,43,0.33858267716535434,127,89,0.7007874015748031,0.9307086614173228,118.2,0.9606299212598425,122.0
127,8,1016,821,0.8080708661417323,195,0.1919291338582677,4,379da29819a8088367dc,127,49,0.3858267716535433,127,99,0.7795275590551181,0.9496062992125984,120.6,0.9714566929133859,123.375
127,8,1016,892,0.8779527559055118,124,0.1220472440944882,0,37b9a01762e4f0996c56,127,74,0.5826771653543307,127,111,0.8740157480314961,0.9720034995625548,123.44444444444444,0.984251968503937,125.0
127,8,1016,880,0.8661417322834646,136,0.13385826771653545,1,37b9a01762e4f0996c56,127,62,0.4881889763779528,127,111,0.8740157480314961,0.9720034995625548,123.44444444444444,0.984251968503937,125.0
127,8,1016,862,0.8484251968503937,154,0.1515748031496063,2,37b9a01762e4f0996c56,127,59,0.4645669291338583,127,106,0.8346456692913385,0.9632545931758529,122.33333333333333,0.9793307086614174,124.375
127,8,1016,804,0.7913385826771654,212,0.20866141732283464,3,37b9a01762e4f0996c56,127,41,0.3228346456692913,127,99,0.7795275590551181,0.9496062992125984,120.6,0.9714566929133859,123.375
127,8,1016,817,0.8041338582677166,199,0.19586614173228348,4,37b9a01762e4f0996c56,127,50,0.3937007874015748,127,103,0.8110236220472441,0.9566054243219597,121.4888888888889,0.9753937007874016,123.875
127,8,1016,930,0.9153543307086615,86,0.08464566929133858,0,37d79710448be0c7fd7d,127,89,0.7007874015748031,127,121,0.952755905511811,0.9895013123359581,125.66666666666667,0.9940944881889764,126.25
127,8,1016,876,0.8622047244094488,140,0.1377952755905512,1,37d79710448be0c7fd7d,127,64,0.5039370078740157,127,108,0.8503937007874016,0.9667541557305337,122.77777777777777,0.9812992125984252,124.625
127,8,1016,839,0.8257874015748031,177,0.17421259842519685,2,37d79710448be0c7fd7d,127,58,0.4566929133858268,127,104,0.8188976377952756,0.9597550306211723,121.88888888888889,0.9773622047244095,124.125
127,8,1016,797,0.7844488188976378,219,0.2155511811023622,3,37d79710448be0c7fd7d,127,44,0.3464566929133858,127,97,0.7637795275590551,0.9475065616797901,120.33333333333333,0.9704724409448819,123.25
127,8,1016,827,0.8139763779527559,189,0.1860236220472441,4,37d79710448be0c7fd7d,127,47,0.3700787401574803,127,92,0.7244094488188977,0.9387576552930884,119.22222222222223,0.9655511811023622,122.625
127,8,1016,885,0.8710629921259843,131,0.12893700787401574,0,37e7fb39d385be54c1bd,127,67,0.5275590551181102,127,110,0.8661417322834646,0.9702537182852145,123.22222222222223,0.9832677165354331,124.875
127,8,1016,869,0.8553149606299213,147,0.14468503937007873,1,37e7fb39d385be54c1bd,127,68,0.5354330708661418,127,112,0.8818897637795275,0.9737532808398951,123.66666666666667,0.985236220472441,125.125
127,8,1016,839,0.8257874015748031,177,0.17421259842519685,2,37e7fb39d385be54c1bd,127,50,0.3937007874015748,127,100,0.7874015748031497,0.952755905511811,121.0,0.9734251968503937,123.625
127,8,1016,824,0.8110236220472441,192,0.1889763779527559,3,37e7fb39d385be54c1bd,127,46,0.36220472440944884,127,101,0.7952755905511811,0.9545056867891512,121.22222222222223,0.9744094488188977,123.75
127,8,1016,831,0.8179133858267716,185,0.18208661417322836,4,37e7fb39d385be54c1bd,127,49,0.3858267716535433,127,105,0.8267716535433071,0.9615048118985127,122.11111111111111,0.9783464566929134,124.25
127,8,1016,916,0.9015748031496063,100,0.0984251968503937,0,38366acf306e4da2179b,127,78,0.6141732283464567,127,110,0.8661417322834646,0.9688538932633421,123.04444444444445,0.9822834645669292,124.75
127,8,1016,874,0.860236220472441,142,0.13976377952755906,1,38366acf306e4da2179b,127,65,0.5118110236220472,127,111,0.8740157480314961,0.9720034995625548,123.44444444444444,0.984251968503937,125.0
127,8,1016,849,0.8356299212598425,167,0.1643700787401575,2,38366acf306e4da2179b,127,61,0.48031496062992124,127,102,0.8031496062992126,0.953455818022747,121.08888888888889,0.9734251968503937,123.625
127,8,1016,825,0.812007874015748,191,0.18799212598425197,3,38366acf306e4da2179b,127,47,0.3700787401574803,127,99,0.7795275590551181,0.9510061242344706,120.77777777777777,0.9724409448818898,123.5
127,8,1016,801,0.7883858267716536,215,0.21161417322834647,4,38366acf306e4da2179b,127,49,0.3858267716535433,127,97,0.7637795275590551,0.9461067366579177,120.15555555555555,0.969488188976378,123.125
127,8,1016,906,0.8917322834645669,110,0.10826771653543307,0,3962771a74f7b1e3a14d,127,76,0.5984251968503937,127,109,0.8582677165354331,0.9685039370078742,123.0,0.9822834645669292,124.75
127,8,1016,886,0.8720472440944882,130,0.1279527559055118,1,3962771a74f7b1e3a14d,127,68,0.5354330708661418,127,112,0.8818897637795275,0.973753280839895,123.66666666666667,0.985236220472441,125.125
127,8,1016,866,0.8523622047244095,150,0.14763779527559054,2,3962771a74f7b1e3a14d,127,61,0.48031496062992124,127,107,0.84251968503937,0.9650043744531933,122.55555555555556,0.9803149606299213,124.5
127,8,1016,818,0.8051181102362205,198,0.19488188976377951,3,3962771a74f7b1e3a14d,127,48,0.3779527559055118,127,96,0.7559055118110236,0.9457567804024497,120.11111111111111,0.969488188976378,123.125
127,8,1016,829,0.8159448818897638,187,0.18405511811023623,4,3962771a74f7b1e3a14d,127,49,0.3858267716535433,127,96,0.7559055118110236,0.9443569553805775,119.93333333333334,0.968503937007874,123.0
127,8,1016,910,0.8956692913385826,106,0.10433070866141732,0,39aa24beea20a0a0f346,127,79,0.6220472440944882,127,107,0.84251968503937,0.9650043744531934,122.55555555555556,0.9803149606299213,124.5
127,8,1016,864,0.8503937007874016,152,0.14960629921259844,1,39aa24beea20a0a0f346,127,58,0.4566929133858268,127,105,0.8267716535433071,0.9601049868766405,121.93333333333334,0.9773622047244095,124.125
127,8,1016,842,0.8287401574803149,174,0.17125984251968504,2,39aa24beea20a0a0f346,127,60,0.47244094488188976,127,113,0.889763779527559,0.9741032370953631,123.71111111111111,0.985236220472441,125.125
127,8,1016,818,0.8051181102362205,198,0.19488188976377951,3,39aa24beea20a0a0f346,127,52,0.4094488188976378,127,100,0.7874015748031497,0.9513560804899387,120.82222222222222,0.9724409448818898,123.5
127,8,1016,840,0.8267716535433071,176,0.1732283464566929,4,39aa24beea20a0a0f346,127,54,0.4251968503937008,127,101,0.7952755905511811,0.953105861767279,121.04444444444445,0.9734251968503937,123.625
127,8,1016,920,0.905511811023622,96,0.09448818897637795,0,39f750f3bae2e6b4885f,127,81,0.6377952755905512,127,112,0.8818897637795275,0.9737532808398952,123.66666666666667,0.985236220472441,125.125
127,8,1016,889,0.875,127,0.125,1,39f750f3bae2e6b4885f,127,76,0.5984251968503937,127,110,0.8661417322834646,0.9702537182852145,123.22222222222223,0.9832677165354331,124.875
127,8,1016,880,0.8661417322834646,136,0.13385826771653545,2,39f750f3bae2e6b4885f,127,62,0.4881889763779528,127,103,0.8110236220472441,0.9566054243219599,121.4888888888889,0.9753937007874016,123.875
127,8,1016,815,0.8021653543307087,201,0.19783464566929135,3,39f750f3bae2e6b4885f,127,48,0.3779527559055118,127,95,0.7480314960629921,0.942607174103237,119.71111111111111,0.96751968503937,122.875
127,8,1016,865,0.8513779527559056,151,0.1486220472440945,4,39f750f3bae2e6b4885f,127,58,0.4566929133858268,127,101,0.7952755905511811,0.9545056867891514,121.22222222222223,0.9744094488188977,123.75
127,8,1016,916,0.9015748031496063,100,0.0984251968503937,0,3a9dd230544180ec1b1a,127,81,0.6377952755905512,127,113,0.889763779527559,0.9755030621172354,123.88888888888889,0.9862204724409449,125.25
127,8,1016,895,0.8809055118110236,121,0.11909448818897637,1,3a9dd230544180ec1b1a,127,71,0.5590551181102362,127,116,0.9133858267716536,0.9793525809273842,124.37777777777778,0.9881889763779528,125.5
127,8,1016,814,0.8011811023622047,202,0.19881889763779528,2,3a9dd230544180ec1b1a,127,48,0.3779527559055118,127,108,0.8503937007874016,0.9667541557305336,122.77777777777777,0.9812992125984252,124.625
127,8,1016,801,0.7883858267716536,215,0.21161417322834647,3,3a9dd230544180ec1b1a,127,51,0.4015748031496063,127,103,0.8110236220472441,0.958005249343832,121.66666666666667,0.9763779527559056,124.0
127,8,1016,851,0.8375984251968503,165,0.1624015748031496,4,3a9dd230544180ec1b1a,127,52,0.4094488188976378,127,103,0.8110236220472441,0.9580052493438319,121.66666666666667,0.9763779527559056,124.0
113,8,904,784,0.8672566371681416,120,0.13274336283185842,0,3aac56d964f2f6e4b917,113,57,0.504424778761062,113,100,0.8849557522123894,0.9744346116027532,110.11111111111111,0.9856194690265486,111.375
113,8,904,815,0.9015486725663717,89,0.09845132743362832,1,3aac56d964f2f6e4b917,113,69,0.6106194690265486,113,102,0.9026548672566371,0.9783677482792529,110.55555555555556,0.9878318584070797,111.625
113,8,904,778,0.8606194690265486,126,0.13938053097345132,2,3aac56d964f2f6e4b917,113,52,0.46017699115044247,113,91,0.8053097345132744,0.9567354965585054,108.11111111111111,0.9756637168141593,110.25
113,8,904,744,0.8230088495575221,160,0.17699115044247787,3,3aac56d964f2f6e4b917,113,48,0.4247787610619469,113,92,0.8141592920353983,0.9587020648967552,108.33333333333333,0.9767699115044248,110.375
113,8,904,766,0.8473451327433629,138,0.15265486725663716,4,3aac56d964f2f6e4b917,113,56,0.49557522123893805,113,101,0.8938053097345132,0.9764011799410031,110.33333333333333,0.9867256637168141,111.5
127,8,1016,891,0.8769685039370079,125,0.12303149606299213,0,3ac07a800f6ef8842790,127,71,0.5590551181102362,127,116,0.9133858267716536,0.9807524059492564,124.55555555555556,0.9891732283464567,125.625
127,8,1016,898,0.8838582677165354,118,0.11614173228346457,1,3ac07a800f6ef8842790,127,73,0.5748031496062992,127,117,0.9212598425196851,0.9825021872265967,124.77777777777777,0.9901574803149606,125.75
127,8,1016,883,0.8690944881889764,133,0.1309055118110236,2,3ac07a800f6ef8842790,127,63,0.49606299212598426,127,105,0.8267716535433071,0.9601049868766405,121.93333333333334,0.9773622047244095,124.125
127,8,1016,837,0.8238188976377953,179,0.17618110236220472,3,3ac07a800f6ef8842790,127,51,0.4015748031496063,127,96,0.7559055118110236,0.9443569553805775,119.93333333333334,0.968503937007874,123.0
127,8,1016,851,0.8375984251968503,165,0.1624015748031496,4,3ac07a800f6ef8842790,127,58,0.4566929133858268,127,103,0.8110236220472441,0.9580052493438319,121.66666666666667,0.9763779527559056,124.0
127,8,1016,911,0.8966535433070866,105,0.10334645669291338,0,3ace71c6584958f77666,127,81,0.6377952755905512,127,119,0.937007874015748,0.9860017497812774,125.22222222222223,0.9921259842519685,126.0
127,8,1016,891,0.8769685039370079,125,0.12303149606299213,1,3ace71c6584958f77666,127,75,0.5905511811023622,127,122,0.9606299212598425,0.989851268591426,125.71111111111111,0.9940944881889764,126.25
127,8,1016,866,0.8523622047244095,150,0.14763779527559054,2,3ace71c6584958f77666,127,67,0.5275590551181102,127,105,0.8267716535433071,0.9601049868766405,121.93333333333334,0.9773622047244095,124.125
127,8,1016,858,0.844488188976378,158,0.15551181102362205,3,3ace71c6584958f77666,127,56,0.4409448818897638,127,101,0.7952755905511811,0.9517060367454069,120.86666666666666,0.9724409448818898,123.5
127,8,1016,855,0.8415354330708661,161,0.15846456692913385,4,3ace71c6584958f77666,127,59,0.4645669291338583,127,100,0.7874015748031497,0.9502107691084071,120.67676767676768,0.9714566929133859,123.375
127,8,1016,938,0.9232283464566929,78,0.07677165354330709,0,3b04696ac7024bf2773d,127,86,0.6771653543307087,127,116,0.9133858267716536,0.9807524059492565,124.55555555555556,0.9891732283464567,125.625
127,8,1016,882,0.8681102362204725,134,0.13188976377952755,1,3b04696ac7024bf2773d,127,64,0.5039370078740157,127,107,0.84251968503937,0.9650043744531933,122.55555555555556,0.9803149606299213,124.5
127,8,1016,828,0.8149606299212598,188,0.18503937007874016,2,3b04696ac7024bf2773d,127,51,0.4015748031496063,127,105,0.8267716535433071,0.9615048118985127,122.11111111111111,0.9783464566929134,124.25
127,8,1016,802,0.7893700787401575,214,0.2106299212598425,3,3b04696ac7024bf2773d,127,46,0.36220472440944884,127,98,0.7716535433070866,0.9492563429571305,120.55555555555556,0.9714566929133859,123.375
127,8,1016,804,0.7913385826771654,212,0.20866141732283464,4,3b04696ac7024bf2773d,127,49,0.3858267716535433,127,107,0.84251968503937,0.9650043744531932,122.55555555555556,0.9803149606299213,124.5
127,8,1016,899,0.8848425196850394,117,0.11515748031496063,0,3b55423e065febf6233a,127,72,0.5669291338582677,127,114,0.8976377952755905,0.9772528433945756,124.11111111111111,0.9872047244094488,125.375
127,8,1016,892,0.8779527559055118,124,0.1220472440944882,1,3b55423e065febf6233a,127,72,0.5669291338582677,127,119,0.937007874015748,0.9860017497812774,125.22222222222223,0.9921259842519685,126.0
127,8,1016,836,0.8228346456692913,180,0.17716535433070865,2,3b55423e065febf6233a,127,58,0.4566929133858268,127,104,0.8188976377952756,0.9597550306211723,121.88888888888889,0.9773622047244095,124.125
127,8,1016,807,0.7942913385826772,209,0.20570866141732283,3,3b55423e065febf6233a,127,42,0.33070866141732286,127,94,0.7401574803149606,0.9408573928258968,119.4888888888889,0.9665354330708661,122.75
127,8,1016,813,0.8001968503937008,203,0.19980314960629922,4,3b55423e065febf6233a,127,53,0.41732283464566927,127,98,0.7716535433070866,0.947856517935258,120.37777777777778,0.9704724409448819,123.25
127,8,1016,906,0.8917322834645669,110,0.10826771653543307,0,3c28139abdde31977464,127,73,0.5748031496062992,127,108,0.8503937007874016,0.9667541557305337,122.77777777777777,0.9812992125984252,124.625
127,8,1016,884,0.8700787401574803,132,0.12992125984251968,1,3c28139abdde31977464,127,62,0.4881889763779528,127,107,0.84251968503937,0.9650043744531934,122.55555555555556,0.9803149606299213,124.5
127,8,1016,849,0.8356299212598425,167,0.1643700787401575,2,3c28139abdde31977464,127,61,0.48031496062992124,127,105,0.8267716535433071,0.9615048118985127,122.11111111111111,0.9783464566929134,124.25
127,8,1016,845,0.8316929133858267,171,0.16830708661417323,3,3c28139abdde31977464,127,55,0.4330708661417323,127,101,0.7952755905511811,0.9531058617672792,121.04444444444445,0.9734251968503937,123.625
127,8,1016,841,0.827755905511811,175,0.17224409448818898,4,3c28139abdde31977464,127,54,0.4251968503937008,127,110,0.8661417322834646,0.9702537182852145,123.22222222222223,0.9832677165354331,124.875
127,8,1016,877,0.8631889763779528,139,0.13681102362204725,0,3c5721ebe26a4c364c84,127,65,0.5118110236220472,127,116,0.9133858267716536,0.9807524059492565,124.55555555555556,0.9891732283464567,125.625
127,8,1016,876,0.8622047244094488,140,0.1377952755905512,1,3c5721ebe26a4c364c84,127,63,0.49606299212598426,127,107,0.84251968503937,0.9650043744531933,122.55555555555556,0.9803149606299213,124.5
127,8,1016,856,0.84251968503937,160,0.15748031496062992,2,3c5721ebe26a4c364c84,127,63,0.49606299212598426,127,104,0.8188976377952756,0.9597550306211723,121.88888888888889,0.9773622047244095,124.125
127,8,1016,799,0.7864173228346457,217,0.21358267716535434,3,3c5721ebe26a4c364c84,127,41,0.3228346456692913,127,98,0.7716535433070866,0.9464566929133857,120.2,0.969488188976378,123.125
127,8,1016,820,0.8070866141732284,196,0.19291338582677164,4,3c5721ebe26a4c364c84,127,52,0.4094488188976378,127,99,0.7795275590551181,0.9496062992125985,120.6,0.9714566929133859,123.375
127,8,1016,893,0.8789370078740157,123,0.12106299212598425,0,3cdd9d9e1f76b4f73eda,127,69,0.5433070866141733,127,110,0.8661417322834646,0.9702537182852145,123.22222222222223,0.9832677165354331,124.875
127,8,1016,843,0.8297244094488189,173,0.1702755905511811,1,3cdd9d9e1f76b4f73eda,127,51,0.4015748031496063,127,99,0.7795275590551181,0.9510061242344706,120.77777777777777,0.9724409448818898,123.5
127,8,1016,845,0.8316929133858267,171,0.16830708661417323,2,3cdd9d9e1f76b4f73eda,127,53,0.41732283464566927,127,96,0.7559055118110236,0.9429571303587052,119.75555555555556,0.96751968503937,122.875
127,8,1016,809,0.7962598425196851,207,0.20374015748031496,3,3cdd9d9e1f76b4f73eda,127,43,0.33858267716535434,127,90,0.7086614173228346,0.9338582677165354,118.6,0.9625984251968503,122.25
127,8,1016,820,0.8070866141732284,196,0.19291338582677164,4,3cdd9d9e1f76b4f73eda,127,53,0.41732283464566927,127,100,0.7874015748031497,0.9513560804899388,120.82222222222222,0.9724409448818898,123.5
127,8,1016,899,0.8848425196850394,117,0.11515748031496063,0,3d28b665983e69f60a25,127,74,0.5826771653543307,127,109,0.8582677165354331,0.968503937007874,123.0,0.9822834645669292,124.75
127,8,1016,886,0.8720472440944882,130,0.1279527559055118,1,3d28b665983e69f60a25,127,72,0.5669291338582677,127,109,0.8582677165354331,0.968503937007874,123.0,0.9822834645669292,124.75
127,8,1016,843,0.8297244094488189,173,0.1702755905511811,2,3d28b665983e69f60a25,127,53,0.41732283464566927,127,95,0.7480314960629921,0.9440069991251092,119.88888888888889,0.968503937007874,123.0
127,8,1016,828,0.8149606299212598,188,0.18503937007874016,3,3d28b665983e69f60a25,127,57,0.44881889763779526,127,103,0.8110236220472441,0.9580052493438321,121.66666666666667,0.9763779527559056,124.0
127,8,1016,836,0.8228346456692913,180,0.17716535433070865,4,3d28b665983e69f60a25,127,52,0.4094488188976378,127,101,0.7952755905511811,0.9531058617672792,121.04444444444445,0.9734251968503937,123.625
127,8,1016,868,0.8543307086614174,148,0.14566929133858267,0,3d3cd44da6c8d94f2172,127,62,0.4881889763779528,127,115,0.905511811023622,0.9790026246719161,124.33333333333333,0.9881889763779528,125.5
127,8,1016,858,0.844488188976378,158,0.15551181102362205,1,3d3cd44da6c8d94f2172,127,58,0.4566929133858268,127,106,0.8346456692913385,0.963254593175853,122.33333333333333,0.9793307086614174,124.375
127,8,1016,841,0.827755905511811,175,0.17224409448818898,2,3d3cd44da6c8d94f2172,127,57,0.44881889763779526,127,104,0.8188976377952756,0.9583552055993001,121.71111111111111,0.9763779527559056,124.0
127,8,1016,811,0.7982283464566929,205,0.2017716535433071,3,3d3cd44da6c8d94f2172,127,47,0.3700787401574803,127,98,0.7716535433070866,0.947856517935258,120.37777777777778,0.9704724409448819,123.25
127,8,1016,862,0.8484251968503937,154,0.1515748031496063,4,3d3cd44da6c8d94f2172,127,63,0.49606299212598426,127,111,0.8740157480314961,0.9720034995625547,123.44444444444444,0.984251968503937,125.0
127,8,1016,887,0.8730314960629921,129,0.12696850393700787,0,3d856ad1b992bd493d08,127,70,0.5511811023622047,127,114,0.8976377952755905,0.9772528433945757,124.11111111111111,0.9872047244094488,125.375
127,8,1016,887,0.8730314960629921,129,0.12696850393700787,1,3d856ad1b992bd493d08,127,71,0.5590551181102362,127,109,0.8582677165354331,0.968503937007874,123.0,0.9822834645669292,124.75
127,8,1016,852,0.8385826771653543,164,0.16141732283464566,2,3d856ad1b992bd493d08,127,57,0.44881889763779526,127,105,0.8267716535433071,0.9615048118985127,122.11111111111111,0.9783464566929134,124.25
127,8,1016,803,0.7903543307086615,213,0.20964566929133857,3,3d856ad1b992bd493d08,127,42,0.33070866141732286,127,103,0.8110236220472441,0.9552055993000874,121.31111111111112,0.9744094488188977,123.75
127,8,1016,844,0.8307086614173228,172,0.16929133858267717,4,3d856ad1b992bd493d08,127,53,0.41732283464566927,127,100,0.7874015748031497,0.9513560804899387,120.82222222222222,0.9724409448818898,123.5
127,8,1016,890,0.8759842519685039,126,0.12401574803149606,0,3e5b299df901d38b178b,127,70,0.5511811023622047,127,113,0.889763779527559,0.9741032370953631,123.71111111111111,0.985236220472441,125.125
127,8,1016,892,0.8779527559055118,124,0.1220472440944882,1,3e5b299df901d38b178b,127,73,0.5748031496062992,127,115,0.905511811023622,0.9790026246719161,124.33333333333333,0.9881889763779528,125.5
127,8,1016,863,0.8494094488188977,153,0.15059055118110237,2,3e5b299df901d38b178b,127,59,0.4645669291338583,127,103,0.8110236220472441,0.9552055993000874,121.31111111111112,0.9744094488188977,123.75
127,8,1016,794,0.781496062992126,222,0.21850393700787402,3,3e5b299df901d38b178b,127,44,0.3464566929133858,127,97,0.7637795275590551,0.9475065616797899,120.33333333333333,0.9704724409448819,123.25
127,8,1016,862,0.8484251968503937,154,0.1515748031496063,4,3e5b299df901d38b178b,127,54,0.4251968503937008,127,104,0.8188976377952756,0.9569553805774278,121.53333333333333,0.9753937007874016,123.875
127,8,1016,888,0.8740157480314961,128,0.12598425196850394,0,3e5c46c6df321119cd26,127,69,0.5433070866141733,127,105,0.8267716535433071,0.9615048118985127,122.11111111111111,0.9783464566929134,124.25
127,8,1016,892,0.8779527559055118,124,0.1220472440944882,1,3e5c46c6df321119cd26,127,68,0.5354330708661418,127,111,0.8740157480314961,0.9720034995625548,123.44444444444444,0.984251968503937,125.0
127,8,1016,833,0.8198818897637795,183,0.18011811023622049,2,3e5c46c6df321119cd26,127,49,0.3858267716535433,127,99,0.7795275590551181,0.9482064741907261,120.42222222222222,0.9704724409448819,123.25
127,8,1016,819,0.8061023622047244,197,0.19389763779527558,3,3e5c46c6df321119cd26,127,52,0.4094488188976378,127,97,0.7637795275590551,0.9475065616797902,120.33333333333333,0.9704724409448819,123.25
127,8,1016,838,0.8248031496062992,178,0.17519685039370078,4,3e5c46c6df321119cd26,127,50,0.3937007874015748,127,100,0.7874015748031497,0.952755905511811,121.0,0.9734251968503937,123.625
127,8,1016,912,0.8976377952755905,104,0.10236220472440945,0,3f26a5c394be652f3767,127,78,0.6141732283464567,127,113,0.889763779527559,0.9755030621172354,123.88888888888889,0.9862204724409449,125.25
127,8,1016,897,0.8828740157480315,119,0.1171259842519685,1,3f26a5c394be652f3767,127,71,0.5590551181102362,127,113,0.889763779527559,0.9755030621172355,123.88888888888889,0.9862204724409449,125.25
127,8,1016,860,0.8464566929133859,156,0.15354330708661418,2,3f26a5c394be652f3767,127,65,0.5118110236220472,127,106,0.8346456692913385,0.963254593175853,122.33333333333333,0.9793307086614174,124.375
127,8,1016,831,0.8179133858267716,185,0.18208661417322836,3,3f26a5c394be652f3767,127,55,0.4330708661417323,127,102,0.8031496062992126,0.9562554680664918,121.44444444444444,0.9753937007874016,123.875
127,8,1016,849,0.8356299212598425,167,0.1643700787401575,4,3f26a5c394be652f3767,127,50,0.3937007874015748,127,100,0.7874015748031497,0.9513560804899388,120.82222222222222,0.9724409448818898,123.5
127,8,1016,918,0.9035433070866141,98,0.09645669291338582,0,3f3789f9c3fe422f9423,127,82,0.6456692913385826,127,119,0.937007874015748,0.9860017497812773,125.22222222222223,0.9921259842519685,126.0
127,8,1016,883,0.8690944881889764,133,0.1309055118110236,1,3f3789f9c3fe422f9423,127,75,0.5905511811023622,127,108,0.8503937007874016,0.9667541557305337,122.77777777777777,0.9812992125984252,124.625
127,8,1016,859,0.8454724409448819,157,0.1545275590551181,2,3f3789f9c3fe422f9423,127,58,0.4566929133858268,127,106,0.8346456692913385,0.9618547681539807,122.15555555555555,0.9783464566929134,124.25
127,8,1016,823,0.8100393700787402,193,0.18996062992125984,3,3f3789f9c3fe422f9423,127,51,0.4015748031496063,127,99,0.7795275590551181,0.9510061242344706,120.77777777777777,0.9724409448818898,123.5
127,8,1016,858,0.844488188976378,158,0.15551181102362205,4,3f3789f9c3fe422f9423,127,59,0.4645669291338583,127,103,0.8110236220472441,0.9580052493438321,121.66666666666667,0.9763779527559056,124.0
127,8,1016,910,0.8956692913385826,106,0.10433070866141732,0,3f3a25708cd822489f2a,127,78,0.6141732283464567,127,113,0.889763779527559,0.9755030621172355,123.88888888888889,0.9862204724409449,125.25
127,8,1016,870,0.8562992125984252,146,0.1437007874015748,1,3f3a25708cd822489f2a,127,66,0.5196850393700787,127,110,0.8661417322834646,0.9688538932633421,123.04444444444445,0.9822834645669292,124.75
127,8,1016,819,0.8061023622047244,197,0.19389763779527558,2,3f3a25708cd822489f2a,127,48,0.3779527559055118,127,99,0.7795275590551181,0.9496062992125984,120.6,0.9714566929133859,123.375
127,8,1016,795,0.78248031496063,221,0.21751968503937008,3,3f3a25708cd822489f2a,127,37,0.29133858267716534,127,98,0.7716535433070866,0.9478565179352579,120.37777777777778,0.9704724409448819,123.25
127,8,1016,834,0.8208661417322834,182,0.17913385826771652,4,3f3a25708cd822489f2a,127,50,0.3937007874015748,127,94,0.7401574803149606,0.9408573928258966,119.4888888888889,0.9665354330708661,122.75
127,8,1016,902,0.8877952755905512,114,0.11220472440944881,0,3ffb7f1f375f84864cfc,127,75,0.5905511811023622,127,121,0.952755905511811,0.9895013123359581,125.66666666666667,0.9940944881889764,126.25
127,8,1016,866,0.8523622047244095,150,0.14763779527559054,1,3ffb7f1f375f84864cfc,127,67,0.5275590551181102,127,111,0.8740157480314961,0.9706036745406825,123.26666666666667,0.9832677165354331,124.875
127,8,1016,833,0.8198818897637795,183,0.18011811023622049,2,3ffb7f1f375f84864cfc,127,57,0.44881889763779526,127,99,0.7795275590551181,0.9510061242344706,120.77777777777777,0.9724409448818898,123.5
127,8,1016,801,0.7883858267716536,215,0.21161417322834647,3,3ffb7f1f375f84864cfc,127,46,0.36220472440944884,127,99,0.7795275590551181,0.9482064741907261,120.42222222222222,0.9704724409448819,123.25
127,8,1016,839,0.8257874015748031,177,0.17421259842519685,4,3ffb7f1f375f84864cfc,127,51,0.4015748031496063,127,93,0.7322834645669292,0.9391076115485563,119.26666666666667,0.9655511811023622,122.625
127,8,1016,909,0.8946850393700787,107,0.10531496062992125,0,4009fcbf1638d3d23597,127,77,0.6062992125984252,127,109,0.8582677165354331,0.968503937007874,123.0,0.9822834645669292,124.75
127,8,1016,855,0.8415354330708661,161,0.15846456692913385,1,4009fcbf1638d3d23597,127,62,0.4881889763779528,127,113,0.889763779527559,0.9755030621172355,123.88888888888889,0.9862204724409449,125.25
127,8,1016,811,0.7982283464566929,205,0.2017716535433071,2,4009fcbf1638d3d23597,127,46,0.36220472440944884,127,95,0.7480314960629921,0.9440069991251093,119.88888888888889,0.968503937007874,123.0
127,8,1016,838,0.8248031496062992,178,0.17519685039370078,3,4009fcbf1638d3d23597,127,57,0.44881889763779526,127,101,0.7952755905511811,0.9545056867891514,121.22222222222223,0.9744094488188977,123.75
127,8,1016,842,0.8287401574803149,174,0.17125984251968504,4,4009fcbf1638d3d23597,127,53,0.41732283464566927,127,94,0.7401574803149606,0.9394575678040245,119.31111111111112,0.9655511811023622,122.625
127,8,1016,912,0.8976377952755905,104,0.10236220472440945,0,40b5ff7b4587f05b034f,127,79,0.6220472440944882,127,113,0.889763779527559,0.9755030621172354,123.88888888888889,0.9862204724409449,125.25
127,8,1016,875,0.8612204724409449,141,0.13877952755905512,1,40b5ff7b4587f05b034f,127,65,0.5118110236220472,127,110,0.8661417322834646,0.9702537182852143,123.22222222222223,0.9832677165354331,124.875
127,8,1016,828,0.8149606299212598,188,0.18503937007874016,2,40b5ff7b4587f05b034f,127,48,0.3779527559055118,127,103,0.8110236220472441,0.9580052493438319,121.66666666666667,0.9763779527559056,124.0
127,8,1016,819,0.8061023622047244,197,0.19389763779527558,3,40b5ff7b4587f05b034f,127,54,0.4251968503937008,127,92,0.7244094488188977,0.9387576552930882,119.22222222222223,0.9655511811023622,122.625
127,8,1016,822,0.8090551181102362,194,0.19094488188976377,4,40b5ff7b4587f05b034f,127,51,0.4015748031496063,127,97,0.7637795275590551,0.94750656167979,120.33333333333333,0.9704724409448819,123.25
127,8,1016,901,0.8868110236220472,115,0.11318897637795275,0,40ce23085418538e64c3,127,72,0.5669291338582677,127,116,0.9133858267716536,0.9807524059492564,124.55555555555556,0.9891732283464567,125.625
127,8,1016,852,0.8385826771653543,164,0.16141732283464566,1,40ce23085418538e64c3,127,58,0.4566929133858268,127,97,0.7637795275590551,0.9475065616797901,120.33333333333333,0.9704724409448819,123.25
127,8,1016,833,0.8198818897637795,183,0.18011811023622049,2,40ce23085418538e64c3,127,54,0.4251968503937008,127,105,0.8267716535433071,0.9615048118985127,122.11111111111111,0.9783464566929134,124.25
127,8,1016,809,0.7962598425196851,207,0.20374015748031496,3,40ce23085418538e64c3,127,46,0.36220472440944884,127,99,0.7795275590551181,0.9496062992125984,120.6,0.9714566929133859,123.375
127,8,1016,872,0.8582677165354331,144,0.14173228346456693,4,40ce23085418538e64c3,127,63,0.49606299212598426,127,111,0.8740157480314961,0.9706036745406823,123.26666666666667,0.9832677165354331,124.875
127,8,1016,920,0.905511811023622,96,0.09448818897637795,0,411ab2abee9987df2571,127,83,0.6535433070866141,127,121,0.952755905511811,0.989501312335958,125.66666666666667,0.9940944881889764,126.25
127,8,1016,845,0.8316929133858267,171,0.16830708661417323,1,411ab2abee9987df2571,127,56,0.4409448818897638,127,108,0.8503937007874016,0.9667541557305336,122.77777777777777,0.9812992125984252,124.625
127,8,1016,828,0.8149606299212598,188,0.18503937007874016,2,411ab2abee9987df2571,127,54,0.4251968503937008,127,99,0.7795275590551181,0.9510061242344706,120.77777777777777,0.9724409448818898,123.5
127,8,1016,812,0.7992125984251969,204,0.20078740157480315,3,411ab2abee9987df2571,127,45,0.3543307086614173,127,102,0.8031496062992126,0.9534558180227473,121.08888888888889,0.9734251968503937,123.625
127,8,1016,790,0.7775590551181102,226,0.22244094488188976,4,411ab2abee9987df2571,127,44,0.3464566929133858,127,84,0.6614173228346457,0.9219597550306211,117.08888888888889,0.9557086614173228,121.375
127,8,1016,899,0.8848425196850394,117,0.11515748031496063,0,415a0728ac9ea83b1309,127,76,0.5984251968503937,127,112,0.8818897637795275,0.9737532808398951,123.66666666666667,0.985236220472441,125.125
127,8,1016,863,0.8494094488188977,153,0.15059055118110237,1,415a0728ac9ea83b1309,127,61,0.48031496062992124,127,107,0.84251968503937,0.9650043744531932,122.55555555555556,0.9803149606299213,124.5
127,8,1016,871,0.8572834645669292,145,0.14271653543307086,2,415a0728ac9ea83b1309,127,64,0.5039370078740157,127,103,0.8110236220472441,0.9580052493438321,121.66666666666667,0.9763779527559056,124.0
127,8,1016,839,0.8257874015748031,177,0.17421259842519685,3,415a0728ac9ea83b1309,127,56,0.4409448818897638,127,94,0.7401574803149606,0.9394575678040245,119.31111111111112,0.9655511811023622,122.625
127,8,1016,806,0.7933070866141733,210,0.20669291338582677,4,415a0728ac9ea83b1309,127,43,0.33858267716535434,127,97,0.7637795275590551,0.9461067366579179,120.15555555555555,0.969488188976378,123.125
64,8,512,468,0.9140625,44,0.0859375,0,4165d787d379ea7a5ffa,64,45,0.703125,64,62,0.96875,0.9930555555555556,63.55555555555556,0.99609375,63.75
64,8,512,473,0.923828125,39,0.076171875,1,4165d787d379ea7a5ffa,64,46,0.71875,64,57,0.890625,0.9756944444444444,62.44444444444444,0.986328125,63.125
64,8,512,457,0.892578125,55,0.107421875,2,4165d787d379ea7a5ffa,64,35,0.546875,64,50,0.78125,0.9513888888888888,60.888888888888886,0.97265625,62.25
64,8,512,416,0.8125,96,0.1875,3,4165d787d379ea7a5ffa,64,26,0.40625,64,56,0.875,0.9722222222222222,62.22222222222222,0.984375,63.0
64,8,512,428,0.8359375,84,0.1640625,4,4165d787d379ea7a5ffa,64,30,0.46875,64,57,0.890625,0.9756944444444444,62.44444444444444,0.986328125,63.125
127,8,1016,917,0.9025590551181102,99,0.09744094488188976,0,41bce530715d20a74f04,127,80,0.6299212598425197,127,115,0.905511811023622,0.9790026246719161,124.33333333333333,0.9881889763779528,125.5
127,8,1016,898,0.8838582677165354,118,0.11614173228346457,1,41bce530715d20a74f04,127,73,0.5748031496062992,127,113,0.889763779527559,0.9755030621172355,123.88888888888889,0.9862204724409449,125.25
127,8,1016,864,0.8503937007874016,152,0.14960629921259844,2,41bce530715d20a74f04,127,60,0.47244094488188976,127,107,0.84251968503937,0.9650043744531933,122.55555555555556,0.9803149606299213,124.5
127,8,1016,830,0.8169291338582677,186,0.1830708661417323,3,41bce530715d20a74f04,127,51,0.4015748031496063,127,98,0.7716535433070866,0.947856517935258,120.37777777777778,0.9704724409448819,123.25
127,8,1016,820,0.8070866141732284,196,0.19291338582677164,4,41bce530715d20a74f04,127,47,0.3700787401574803,127,99,0.7795275590551181,0.9510061242344706,120.77777777777777,0.9724409448818898,123.5
127,8,1016,914,0.8996062992125984,102,0.10039370078740158,0,41d62da7fd8b816315fd,127,78,0.6141732283464567,127,109,0.8582677165354331,0.968503937007874,123.0,0.9822834645669292,124.75
127,8,1016,894,0.8799212598425197,122,0.12007874015748031,1,41d62da7fd8b816315fd,127,69,0.5433070866141733,127,110,0.8661417322834646,0.9702537182852145,123.22222222222223,0.9832677165354331,124.875
127,8,1016,855,0.8415354330708661,161,0.15846456692913385,2,41d62da7fd8b816315fd,127,62,0.4881889763779528,127,107,0.84251968503937,0.963604549431321,122.37777777777778,0.9793307086614174,124.375
127,8,1016,823,0.8100393700787402,193,0.18996062992125984,3,41d62da7fd8b816315fd,127,56,0.4409448818897638,127,98,0.7716535433070866,0.947856517935258,120.37777777777778,0.9704724409448819,123.25
127,8,1016,824,0.8110236220472441,192,0.1889763779527559,4,41d62da7fd8b816315fd,127,47,0.3700787401574803,127,98,0.7716535433070866,0.947856517935258,120.37777777777778,0.9704724409448819,123.25
127,8,1016,922,0.90748031496063,94,0.09251968503937008,0,41f4134c2ed868595966,127,80,0.6299212598425197,127,119,0.937007874015748,0.9860017497812774,125.22222222222223,0.9921259842519685,126.0
127,8,1016,863,0.8494094488188977,153,0.15059055118110237,1,41f4134c2ed868595966,127,57,0.44881889763779526,127,108,0.8503937007874016,0.9667541557305336,122.77777777777777,0.9812992125984252,124.625
127,8,1016,836,0.8228346456692913,180,0.17716535433070865,2,41f4134c2ed868595966,127,52,0.4094488188976378,127,105,0.8267716535433071,0.9601049868766405,121.93333333333334,0.9773622047244095,124.125
127,8,1016,785,0.7726377952755905,231,0.22736220472440946,3,41f4134c2ed868595966,127,45,0.3543307086614173,127,88,0.6929133858267716,0.9289588801399824,117.97777777777777,0.9596456692913385,121.875
127,8,1016,829,0.8159448818897638,187,0.18405511811023623,4,41f4134c2ed868595966,127,50,0.3937007874015748,127,98,0.7716535433070866,0.9492563429571304,120.55555555555556,0.9714566929133859,123.375
66,8,528,461,0.8731060606060606,67,0.1268939393939394,0,4220c67106fd28a2809c,66,35,0.5303030303030303,66,55,0.8333333333333334,0.962962962962963,63.55555555555556,0.9791666666666666,64.625
66,8,528,467,0.884469696969697,61,0.11553030303030302,1,4220c67106fd28a2809c,66,38,0.5757575757575758,66,58,0.8787878787878788,0.9730639730639732,64.22222222222223,0.9848484848484849,65.0
66,8,528,455,0.8617424242424242,73,0.13825757575757575,2,4220c67106fd28a2809c,66,32,0.48484848484848486,66,54,0.8181818181818182,0.9595959595959596,63.333333333333336,0.9772727272727273,64.5
66,8,528,420,0.7954545454545454,108,0.20454545454545456,3,4220c67106fd28a2809c,66,27,0.4090909090909091,66,57,0.8636363636363636,0.9696969696969697,64.0,0.9829545454545454,64.875
66,8,528,456,0.8636363636363636,72,0.13636363636363635,4,4220c67106fd28a2809c,66,34,0.5151515151515151,66,51,0.7727272727272727,0.9494949494949495,62.666666666666664,0.9715909090909091,64.125
127,8,1016,906,0.8917322834645669,110,0.10826771653543307,0,4261df1ce325d8114532,127,74,0.5826771653543307,127,118,0.9291338582677166,0.984251968503937,125.0,0.9911417322834646,125.875
127,8,1016,866,0.8523622047244095,150,0.14763779527559054,1,4261df1ce325d8114532,127,59,0.4645669291338583,127,106,0.8346456692913385,0.9604549431321086,121.97777777777777,0.9773622047244095,124.125
127,8,1016,844,0.8307086614173228,172,0.16929133858267717,2,4261df1ce325d8114532,127,55,0.4330708661417323,127,103,0.8110236220472441,0.958005249343832,121.66666666666667,0.9763779527559056,124.0
127,8,1016,796,0.7834645669291339,220,0.21653543307086615,3,4261df1ce325d8114532,127,48,0.3779527559055118,127,96,0.7559055118110236,0.9443569553805775,119.93333333333334,0.968503937007874,123.0
127,8,1016,817,0.8041338582677166,199,0.19586614173228348,4,4261df1ce325d8114532,127,46,0.36220472440944884,127,101,0.7952755905511811,0.9545056867891514,121.22222222222223,0.9744094488188977,123.75
127,8,1016,920,0.905511811023622,96,0.09448818897637795,0,427558f1540f9f15a1d6,127,81,0.6377952755905512,127,116,0.9133858267716536,0.9807524059492563,124.55555555555556,0.9891732283464567,125.625
127,8,1016,912,0.8976377952755905,104,0.10236220472440945,1,427558f1540f9f15a1d6,127,79,0.6220472440944882,127,112,0.8818897637795275,0.9737532808398952,123.66666666666667,0.985236220472441,125.125
127,8,1016,839,0.8257874015748031,177,0.17421259842519685,2,427558f1540f9f15a1d6,127,56,0.4409448818897638,127,103,0.8110236220472441,0.9566054243219599,121.4888888888889,0.9753937007874016,123.875
127,8,1016,853,0.8395669291338582,163,0.16043307086614172,3,427558f1540f9f15a1d6,127,50,0.3937007874015748,127,96,0.7559055118110236,0.9457567804024497,120.11111111111111,0.969488188976378,123.125
127,8,1016,839,0.8257874015748031,177,0.17421259842519685,4,427558f1540f9f15a1d6,127,52,0.4094488188976378,127,99,0.7795275590551181,0.9510061242344707,120.77777777777777,0.9724409448818898,123.5
127,8,1016,906,0.8917322834645669,110,0.10826771653543307,0,42abd1e418ebe6245bf3,127,83,0.6535433070866141,127,120,0.9448818897637795,0.9849518810148733,125.08888888888889,0.9911417322834646,125.875
127,8,1016,901,0.8868110236220472,115,0.11318897637795275,1,42abd1e418ebe6245bf3,127,74,0.5826771653543307,127,112,0.8818897637795275,0.9723534558180227,123.4888888888889,0.984251968503937,125.0
127,8,1016,848,0.8346456692913385,168,0.16535433070866143,2,42abd1e418ebe6245bf3,127,63,0.49606299212598426,127,113,0.889763779527559,0.9741032370953631,123.71111111111111,0.985236220472441,125.125
127,8,1016,798,0.7854330708661418,218,0.21456692913385828,3,42abd1e418ebe6245bf3,127,43,0.33858267716535434,127,96,0.7559055118110236,0.942957130358705,119.75555555555556,0.96751968503937,122.875
127,8,1016,816,0.8031496062992126,200,0.1968503937007874,4,42abd1e418ebe6245bf3,127,52,0.4094488188976378,127,102,0.8031496062992126,0.9562554680664915,121.44444444444444,0.9753937007874016,123.875
127,8,1016,894,0.8799212598425197,122,0.12007874015748031,0,42b8e417717225a898b1,127,71,0.5590551181102362,127,112,0.8818897637795275,0.973753280839895,123.66666666666667,0.985236220472441,125.125
127,8,1016,872,0.8582677165354331,144,0.14173228346456693,1,42b8e417717225a898b1,127,60,0.47244094488188976,127,99,0.7795275590551181,0.9496062992125984,120.6,0.9714566929133859,123.375
127,8,1016,832,0.8188976377952756,184,0.18110236220472442,2,42b8e417717225a898b1,127,50,0.3937007874015748,127,99,0.7795275590551181,0.9510061242344708,120.77777777777777,0.9724409448818898,123.5
127,8,1016,796,0.7834645669291339,220,0.21653543307086615,3,42b8e417717225a898b1,127,43,0.33858267716535434,127,97,0.7637795275590551,0.9447069116360454,119.97777777777777,0.968503937007874,123.0
127,8,1016,794,0.781496062992126,222,0.21850393700787402,4,42b8e417717225a898b1,127,39,0.30708661417322836,127,98,0.7716535433070866,0.9492563429571302,120.55555555555556,0.9714566929133859,123.375
127,8,1016,920,0.905511811023622,96,0.09448818897637795,0,42c364ec679d7133c006,127,85,0.6692913385826772,127,118,0.9291338582677166,0.984251968503937,125.0,0.9911417322834646,125.875
127,8,1016,891,0.8769685039370079,125,0.12303149606299213,1,42c364ec679d7133c006,127,68,0.5354330708661418,127,111,0.8740157480314961,0.9720034995625548,123.44444444444444,0.984251968503937,125.0
127,8,1016,823,0.8100393700787402,193,0.18996062992125984,2,42c364ec679d7133c006,127,49,0.3858267716535433,127,99,0.7795275590551181,0.9468066491688538,120.24444444444444,0.969488188976378,123.125
127,8,1016,805,0.7923228346456693,211,0.2076771653543307,3,42c364ec679d7133c006,127,47,0.3700787401574803,127,94,0.7401574803149606,0.9366579177602801,118.95555555555556,0.9635826771653543,122.375
127,8,1016,835,0.8218503937007874,181,0.1781496062992126,4,42c364ec679d7133c006,127,50,0.3937007874015748,127,100,0.7874015748031497,0.9513560804899388,120.82222222222222,0.9724409448818898,123.5
127,8,1016,898,0.8838582677165354,118,0.11614173228346457,0,42e391dcb5a629446173,127,76,0.5984251968503937,127,107,0.84251968503937,0.9650043744531933,122.55555555555556,0.9803149606299213,124.5
127,8,1016,878,0.8641732283464567,138,0.13582677165354332,1,42e391dcb5a629446173,127,69,0.5433070866141733,127,108,0.8503937007874016,0.9667541557305336,122.77777777777777,0.9812992125984252,124.625
127,8,1016,857,0.843503937007874,159,0.15649606299212598,2,42e391dcb5a629446173,127,54,0.4251968503937008,127,98,0.7716535433070866,0.9492563429571305,120.55555555555556,0.9714566929133859,123.375
127,8,1016,844,0.8307086614173228,172,0.16929133858267717,3,42e391dcb5a629446173,127,59,0.4645669291338583,127,106,0.8346456692913385,0.9632545931758529,122.33333333333333,0.9793307086614174,124.375
127,8,1016,880,0.8661417322834646,136,0.13385826771653545,4,42e391dcb5a629446173,127,71,0.5590551181102362,127,106,0.8346456692913385,0.9618547681539807,122.15555555555555,0.9783464566929134,124.25
127,8,1016,895,0.8809055118110236,121,0.11909448818897637,0,4418047bdabefce010fe,127,72,0.5669291338582677,127,117,0.9212598425196851,0.9825021872265967,124.77777777777777,0.9901574803149606,125.75
127,8,1016,846,0.8326771653543307,170,0.1673228346456693,1,4418047bdabefce010fe,127,55,0.4330708661417323,127,111,0.8740157480314961,0.9720034995625548,123.44444444444444,0.984251968503937,125.0
127,8,1016,841,0.827755905511811,175,0.17224409448818898,2,4418047bdabefce010fe,127,59,0.4645669291338583,127,107,0.84251968503937,0.9650043744531932,122.55555555555556,0.9803149606299213,124.5
127,8,1016,798,0.7854330708661418,218,0.21456692913385828,3,4418047bdabefce010fe,127,42,0.33070866141732286,127,96,0.7559055118110236,0.9429571303587052,119.75555555555556,0.96751968503937,122.875
127,8,1016,854,0.8405511811023622,162,0.1594488188976378,4,4418047bdabefce010fe,127,57,0.44881889763779526,127,103,0.8110236220472441,0.9580052493438321,121.66666666666667,0.9763779527559056,124.0
127,8,1016,882,0.8681102362204725,134,0.13188976377952755,0,44f20a853c811c28806e,127,65,0.5118110236220472,127,111,0.8740157480314961,0.9720034995625547,123.44444444444444,0.984251968503937,125.0
127,8,1016,853,0.8395669291338582,163,0.16043307086614172,1,44f20a853c811c28806e,127,55,0.4330708661417323,127,105,0.8267716535433071,0.9615048118985127,122.11111111111111,0.9783464566929134,124.25
127,8,1016,808,0.7952755905511811,208,0.2047244094488189,2,44f20a853c811c28806e,127,39,0.30708661417322836,127,94,0.7401574803149606,0.942257217847769,119.66666666666667,0.96751968503937,122.875
127,8,1016,827,0.8139763779527559,189,0.1860236220472441,3,44f20a853c811c28806e,127,49,0.3858267716535433,127,104,0.8188976377952756,0.9583552055993001,121.71111111111111,0.9763779527559056,124.0
127,8,1016,810,0.797244094488189,206,0.20275590551181102,4,44f20a853c811c28806e,127,44,0.3464566929133858,127,97,0.7637795275590551,0.9461067366579178,120.15555555555555,0.969488188976378,123.125
127,8,1016,880,0.8661417322834646,136,0.13385826771653545,0,451ad8eda986ccf73fbb,127,67,0.5275590551181102,127,115,0.905511811023622,0.9790026246719161,124.33333333333333,0.9881889763779528,125.5
127,8,1016,872,0.8582677165354331,144,0.14173228346456693,1,451ad8eda986ccf73fbb,127,63,0.49606299212598426,127,107,0.84251968503937,0.9650043744531933,122.55555555555556,0.9803149606299213,124.5
127,8,1016,836,0.8228346456692913,180,0.17716535433070865,2,451ad8eda986ccf73fbb,127,51,0.4015748031496063,127,102,0.8031496062992126,0.9562554680664918,121.44444444444444,0.9753937007874016,123.875
127,8,1016,795,0.78248031496063,221,0.21751968503937008,3,451ad8eda986ccf73fbb,127,47,0.3700787401574803,127,102,0.8031496062992126,0.9548556430446193,121.26666666666667,0.9744094488188977,123.75
127,8,1016,826,0.812992125984252,190,0.18700787401574803,4,451ad8eda986ccf73fbb,127,51,0.4015748031496063,127,99,0.7795275590551181,0.9510061242344706,120.77777777777777,0.9724409448818898,123.5
127,8,1016,885,0.8710629921259843,131,0.12893700787401574,0,451add3f8bf9cd993f41,127,72,0.5669291338582677,127,113,0.889763779527559,0.9755030621172354,123.88888888888889,0.9862204724409449,125.25
127,8,1016,828,0.8149606299212598,188,0.18503937007874016,1,451add3f8bf9cd993f41,127,56,0.4409448818897638,127,103,0.8110236220472441,0.958005249343832,121.66666666666667,0.9763779527559056,124.0
127,8,1016,837,0.8238188976377953,179,0.17618110236220472,2,451add3f8bf9cd993f41,127,57,0.44881889763779526,127,97,0.7637795275590551,0.9475065616797899,120.33333333333333,0.9704724409448819,123.25
127,8,1016,768,0.7559055118110236,248,0.2440944881889764,3,451add3f8bf9cd993f41,127,38,0.2992125984251969,127,96,0.7559055118110236,0.9457567804024497,120.11111111111111,0.969488188976378,123.125
127,8,1016,815,0.8021653543307087,201,0.19783464566929135,4,451add3f8bf9cd993f41,127,51,0.4015748031496063,127,101,0.7952755905511811,0.9531058617672792,121.04444444444445,0.9734251968503937,123.625
60,8,480,423,0.88125,57,0.11875,0,45465666bb6ce5aec200,60,35,0.5833333333333334,60,52,0.8666666666666667,0.9703703703703703,58.22222222222222,0.9833333333333333,59.0
60,8,480,397,0.8270833333333333,83,0.17291666666666666,1,45465666bb6ce5aec200,60,24,0.4,60,49,0.8166666666666667,0.9562962962962963,57.37777777777778,0.975,58.5
60,8,480,405,0.84375,75,0.15625,2,45465666bb6ce5aec200,60,23,0.38333333333333336,60,49,0.8166666666666667,0.9592592592592593,57.55555555555556,0.9770833333333333,58.625
60,8,480,387,0.80625,93,0.19375,3,45465666bb6ce5aec200,60,21,0.35,60,52,0.8666666666666667,0.9703703703703703,58.22222222222222,0.9833333333333333,59.0
60,8,480,420,0.875,60,0.125,4,45465666bb6ce5aec200,60,33,0.55,60,45,0.75,0.9444444444444444,56.666666666666664,0.96875,58.125
97,8,776,714,0.9201030927835051,62,0.07989690721649484,0,45b9f3408d1931033c5b,97,65,0.6701030927835051,97,82,0.845360824742268,0.9656357388316151,93.66666666666667,0.9806701030927835,95.125
97,8,776,681,0.8775773195876289,95,0.12242268041237113,1,45b9f3408d1931033c5b,97,53,0.5463917525773195,97,89,0.9175257731958762,0.9816723940435281,95.22222222222223,0.9896907216494846,96.0
97,8,776,663,0.854381443298969,113,0.14561855670103094,2,45b9f3408d1931033c5b,97,48,0.4948453608247423,97,75,0.7731958762886598,0.9495990836197022,92.11111111111111,0.9716494845360825,94.25
97,8,776,617,0.7951030927835051,159,0.20489690721649484,3,45b9f3408d1931033c5b,97,36,0.3711340206185567,97,77,0.7938144329896907,0.9541809851088202,92.55555555555556,0.9742268041237113,94.5
97,8,776,638,0.8221649484536082,138,0.17783505154639176,4,45b9f3408d1931033c5b,97,37,0.38144329896907214,97,75,0.7731958762886598,0.9495990836197022,92.11111111111111,0.9716494845360825,94.25
127,8,1016,904,0.889763779527559,112,0.11023622047244094,0,460f129abff27360b391,127,76,0.5984251968503937,127,114,0.8976377952755905,0.9772528433945757,124.11111111111111,0.9872047244094488,125.375
127,8,1016,888,0.8740157480314961,128,0.12598425196850394,1,460f129abff27360b391,127,70,0.5511811023622047,127,111,0.8740157480314961,0.9720034995625547,123.44444444444444,0.984251968503937,125.0
127,8,1016,869,0.8553149606299213,147,0.14468503937007873,2,460f129abff27360b391,127,67,0.5275590551181102,127,105,0.8267716535433071,0.9601049868766405,121.93333333333334,0.9773622047244095,124.125
127,8,1016,829,0.8159448818897638,187,0.18405511811023623,3,460f129abff27360b391,127,50,0.3937007874015748,127,104,0.8188976377952756,0.9597550306211724,121.88888888888889,0.9773622047244095,124.125
127,8,1016,863,0.8494094488188977,153,0.15059055118110237,4,460f129abff27360b391,127,62,0.4881889763779528,127,106,0.8346456692913385,0.9618547681539809,122.15555555555555,0.9783464566929134,124.25
127,8,1016,916,0.9015748031496063,100,0.0984251968503937,0,46af2cc3aae728098eb3,127,76,0.5984251968503937,127,109,0.8582677165354331,0.9671041119860018,122.82222222222222,0.9812992125984252,124.625
127,8,1016,881,0.8671259842519685,135,0.1328740157480315,1,46af2cc3aae728098eb3,127,68,0.5354330708661418,127,105,0.8267716535433071,0.9615048118985127,122.11111111111111,0.9783464566929134,124.25
127,8,1016,842,0.8287401574803149,174,0.17125984251968504,2,46af2cc3aae728098eb3,127,58,0.4566929133858268,127,111,0.8740157480314961,0.9706036745406824,123.26666666666667,0.9832677165354331,124.875
127,8,1016,805,0.7923228346456693,211,0.2076771653543307,3,46af2cc3aae728098eb3,127,48,0.3779527559055118,127,91,0.7165354330708661,0.937007874015748,119.0,0.9645669291338582,122.5
127,8,1016,796,0.7834645669291339,220,0.21653543307086615,4,46af2cc3aae728098eb3,127,38,0.2992125984251969,127,98,0.7716535433070866,0.9492563429571302,120.55555555555556,0.9714566929133859,123.375
127,8,1016,902,0.8877952755905512,114,0.11220472440944881,0,46c6f8325f85be337f2c,127,73,0.5748031496062992,127,114,0.8976377952755905,0.9772528433945757,124.11111111111111,0.9872047244094488,125.375
127,8,1016,885,0.8710629921259843,131,0.12893700787401574,1,46c6f8325f85be337f2c,127,66,0.5196850393700787,127,113,0.889763779527559,0.9741032370953631,123.71111111111111,0.985236220472441,125.125
127,8,1016,848,0.8346456692913385,168,0.16535433070866143,2,46c6f8325f85be337f2c,127,56,0.4409448818897638,127,98,0.7716535433070866,0.9478565179352579,120.37777777777778,0.9704724409448819,123.25
127,8,1016,817,0.8041338582677166,199,0.19586614173228348,3,46c6f8325f85be337f2c,127,50,0.3937007874015748,127,102,0.8031496062992126,0.9562554680664918,121.44444444444444,0.9753937007874016,123.875
127,8,1016,837,0.8238188976377953,179,0.17618110236220472,4,46c6f8325f85be337f2c,127,52,0.4094488188976378,127,94,0.7401574803149606,0.9422572178477691,119.66666666666667,0.96751968503937,122.875
127,8,1016,900,0.8858267716535433,116,0.1141732283464567,0,46fc3dfdf55cc80a2aa8,127,75,0.5905511811023622,127,111,0.8740157480314961,0.9720034995625548,123.44444444444444,0.984251968503937,125.0
127,8,1016,881,0.8671259842519685,135,0.1328740157480315,1,46fc3dfdf55cc80a2aa8,127,66,0.5196850393700787,127,108,0.8503937007874016,0.9667541557305336,122.77777777777777,0.9812992125984252,124.625
127,8,1016,860,0.8464566929133859,156,0.15354330708661418,2,46fc3dfdf55cc80a2aa8,127,63,0.49606299212598426,127,105,0.8267716535433071,0.9615048118985128,122.11111111111111,0.9783464566929134,124.25
127,8,1016,805,0.7923228346456693,211,0.2076771653543307,3,46fc3dfdf55cc80a2aa8,127,49,0.3858267716535433,127,100,0.7874015748031497,0.9499562554680666,120.64444444444445,0.9714566929133859,123.375
127,8,1016,866,0.8523622047244095,150,0.14763779527559054,4,46fc3dfdf55cc80a2aa8,127,64,0.5039370078740157,127,112,0.8818897637795275,0.9723534558180227,123.4888888888889,0.984251968503937,125.0
103,8,824,732,0.8883495145631068,92,0.11165048543689321,0,478e9c6d33a2bece3e83,103,63,0.6116504854368932,103,91,0.883495145631068,0.9741100323624596,100.33333333333333,0.9854368932038835,101.5
103,8,824,743,0.9016990291262136,81,0.0983009708737864,1,478e9c6d33a2bece3e83,103,63,0.6116504854368932,103,91,0.883495145631068,0.9723840345199569,100.15555555555555,0.9842233009708737,101.375
103,8,824,692,0.8398058252427184,132,0.16019417475728157,2,478e9c6d33a2bece3e83,103,42,0.4077669902912621,103,82,0.7961165048543689,0.954692556634304,98.33333333333333,0.9745145631067961,100.375
103,8,824,665,0.8070388349514563,159,0.1929611650485437,3,478e9c6d33a2bece3e83,103,39,0.3786407766990291,103,78,0.7572815533980582,0.9426105717367853,97.08888888888889,0.9672330097087378,99.625
103,8,824,680,0.8252427184466019,144,0.17475728155339806,4,478e9c6d33a2bece3e83,103,43,0.4174757281553398,103,79,0.7669902912621359,0.9464940668824163,97.4888888888889,0.9696601941747572,99.875
127,8,1016,922,0.90748031496063,94,0.09251968503937008,0,479793bea2533c2645f7,127,75,0.5905511811023622,127,107,0.84251968503937,0.9650043744531934,122.55555555555556,0.9803149606299213,124.5
127,8,1016,865,0.8513779527559056,151,0.1486220472440945,1,479793bea2533c2645f7,127,63,0.49606299212598426,127,109,0.8582677165354331,0.9671041119860018,122.82222222222222,0.9812992125984252,124.625
127,8,1016,843,0.8297244094488189,173,0.1702755905511811,2,479793bea2533c2645f7,127,61,0.48031496062992124,127,108,0.8503937007874016,0.9667541557305336,122.77777777777777,0.9812992125984252,124.625
127,8,1016,784,0.7716535433070866,232,0.2283464566929134,3,479793bea2533c2645f7,127,34,0.2677165354330709,127,94,0.7401574803149606,0.93665791776028,118.95555555555556,0.9635826771653543,122.375
127,8,1016,803,0.7903543307086615,213,0.20964566929133857,4,479793bea2533c2645f7,127,49,0.3858267716535433,127,97,0.7637795275590551,0.9447069116360454,119.97777777777777,0.968503937007874,123.0
127,8,1016,890,0.8759842519685039,126,0.12401574803149606,0,47c67a5c38c43dbe99ea,127,72,0.5669291338582677,127,115,0.905511811023622,0.979002624671916,124.33333333333333,0.9881889763779528,125.5
127,8,1016,862,0.8484251968503937,154,0.1515748031496063,1,47c67a5c38c43dbe99ea,127,63,0.49606299212598426,127,110,0.8661417322834646,0.9702537182852145,123.22222222222223,0.9832677165354331,124.875
127,8,1016,834,0.8208661417322834,182,0.17913385826771652,2,47c67a5c38c43dbe99ea,127,53,0.41732283464566927,127,102,0.8031496062992126,0.9548556430446195,121.26666666666667,0.9744094488188977,123.75
127,8,1016,797,0.7844488188976378,219,0.2155511811023622,3,47c67a5c38c43dbe99ea,127,45,0.3543307086614173,127,97,0.7637795275590551,0.9447069116360456,119.97777777777777,0.968503937007874,123.0
127,8,1016,807,0.7942913385826772,209,0.20570866141732283,4,47c67a5c38c43dbe99ea,127,48,0.3779527559055118,127,99,0.7795275590551181,0.9496062992125984,120.6,0.9714566929133859,123.375
127,8,1016,909,0.8946850393700787,107,0.10531496062992125,0,481f35627e74400c8fba,127,80,0.6299212598425197,127,117,0.9212598425196851,0.9825021872265967,124.77777777777777,0.9901574803149606,125.75
127,8,1016,885,0.8710629921259843,131,0.12893700787401574,1,481f35627e74400c8fba,127,65,0.5118110236220472,127,106,0.8346456692913385,0.963254593175853,122.33333333333333,0.9793307086614174,124.375
127,8,1016,830,0.8169291338582677,186,0.1830708661417323,2,481f35627e74400c8fba,127,49,0.3858267716535433,127,98,0.7716535433070866,0.9492563429571304,120.55555555555556,0.9714566929133859,123.375
127,8,1016,821,0.8080708661417323,195,0.1919291338582677,3,481f35627e74400c8fba,127,46,0.36220472440944884,127,101,0.7952755905511811,0.9545056867891514,121.22222222222223,0.9744094488188977,123.75
127,8,1016,868,0.8543307086614174,148,0.14566929133858267,4,481f35627e74400c8fba,127,62,0.4881889763779528,127,102,0.8031496062992126,0.9562554680664915,121.44444444444444,0.9753937007874016,123.875
127,8,1016,890,0.8759842519685039,126,0.12401574803149606,0,48717f584d2afa30bbf3,127,68,0.5354330708661418,127,114,0.8976377952755905,0.9772528433945757,124.11111111111111,0.9872047244094488,125.375
127,8,1016,834,0.8208661417322834,182,0.17913385826771652,1,48717f584d2afa30bbf3,127,52,0.4094488188976378,127,111,0.8740157480314961,0.9720034995625548,123.44444444444444,0.984251968503937,125.0
127,8,1016,863,0.8494094488188977,153,0.15059055118110237,2,48717f584d2afa30bbf3,127,64,0.5039370078740157,127,106,0.8346456692913385,0.9632545931758529,122.33333333333333,0.9793307086614174,124.375
127,8,1016,829,0.8159448818897638,187,0.18405511811023623,3,48717f584d2afa30bbf3,127,47,0.3700787401574803,127,97,0.7637795275590551,0.9461067366579179,120.15555555555555,0.969488188976378,123.125
127,8,1016,795,0.78248031496063,221,0.21751968503937008,4,48717f584d2afa30bbf3,127,39,0.30708661417322836,127,99,0.7795275590551181,0.9496062992125983,120.6,0.9714566929133859,123.375
127,8,1016,884,0.8700787401574803,132,0.12992125984251968,0,48a42ee1983e2e416ce5,127,66,0.5196850393700787,127,112,0.8818897637795275,0.973753280839895,123.66666666666667,0.985236220472441,125.125
127,8,1016,890,0.8759842519685039,126,0.12401574803149606,1,48a42ee1983e2e416ce5,127,71,0.5590551181102362,127,107,0.84251968503937,0.963604549431321,122.37777777777778,0.9793307086614174,124.375
127,8,1016,855,0.8415354330708661,161,0.15846456692913385,2,48a42ee1983e2e416ce5,127,60,0.47244094488188976,127,108,0.8503937007874016,0.9653543307086614,122.6,0.9803149606299213,124.5
127,8,1016,780,0.7677165354330708,236,0.23228346456692914,3,48a42ee1983e2e416ce5,127,39,0.30708661417322836,127,97,0.7637795275590551,0.9461067366579177,120.15555555555555,0.969488188976378,123.125
127,8,1016,828,0.8149606299212598,188,0.18503937007874016,4,48a42ee1983e2e416ce5,127,43,0.33858267716535434,127,100,0.7874015748031497,0.952755905511811,121.0,0.9734251968503937,123.625
127,8,1016,891,0.8769685039370079,125,0.12303149606299213,0,48be08c6b58230fff2a0,127,72,0.5669291338582677,127,104,0.8188976377952756,0.9583552055993001,121.71111111111111,0.9763779527559056,124.0
127,8,1016,811,0.7982283464566929,205,0.2017716535433071,1,48be08c6b58230fff2a0,127,49,0.3858267716535433,127,100,0.7874015748031497,0.952755905511811,121.0,0.9734251968503937,123.625
127,8,1016,825,0.812007874015748,191,0.18799212598425197,2,48be08c6b58230fff2a0,127,51,0.4015748031496063,127,103,0.8110236220472441,0.9538057742782151,121.13333333333334,0.9734251968503937,123.625
127,8,1016,786,0.7736220472440944,230,0.2263779527559055,3,48be08c6b58230fff2a0,127,45,0.3543307086614173,127,100,0.7874015748031497,0.952755905511811,121.0,0.9734251968503937,123.625
127,8,1016,814,0.8011811023622047,202,0.19881889763779528,4,48be08c6b58230fff2a0,127,53,0.41732283464566927,127,104,0.8188976377952756,0.9583552055993001,121.71111111111111,0.9763779527559056,124.0
127,8,1016,900,0.8858267716535433,116,0.1141732283464567,0,48f8722607f9778c8569,127,81,0.6377952755905512,127,119,0.937007874015748,0.9860017497812774,125.22222222222223,0.9921259842519685,126.0
127,8,1016,871,0.8572834645669292,145,0.14271653543307086,1,48f8722607f9778c8569,127,60,0.47244094488188976,127,103,0.8110236220472441,0.958005249343832,121.66666666666667,0.9763779527559056,124.0
127,8,1016,840,0.8267716535433071,176,0.1732283464566929,2,48f8722607f9778c8569,127,61,0.48031496062992124,127,103,0.8110236220472441,0.958005249343832,121.66666666666667,0.9763779527559056,124.0
127,8,1016,793,0.780511811023622,223,0.21948818897637795,3,48f8722607f9778c8569,127,43,0.33858267716535434,127,102,0.8031496062992126,0.9562554680664916,121.44444444444444,0.9753937007874016,123.875
127,8,1016,849,0.8356299212598425,167,0.1643700787401575,4,48f8722607f9778c8569,127,63,0.49606299212598426,127,107,0.84251968503937,0.9636045494313211,122.37777777777778,0.9793307086614174,124.375
127,8,1016,907,0.8927165354330708,109,0.10728346456692914,0,492f7dd12b2f17c40937,127,73,0.5748031496062992,127,111,0.8740157480314961,0.9706036745406824,123.26666666666667,0.9832677165354331,124.875
127,8,1016,857,0.843503937007874,159,0.15649606299212598,1,492f7dd12b2f17c40937,127,62,0.4881889763779528,127,108,0.8503937007874016,0.9667541557305337,122.77777777777777,0.9812992125984252,124.625
127,8,1016,828,0.8149606299212598,188,0.18503937007874016,2,492f7dd12b2f17c40937,127,48,0.3779527559055118,127,107,0.84251968503937,0.9650043744531934,122.55555555555556,0.9803149606299213,124.5
127,8,1016,820,0.8070866141732284,196,0.19291338582677164,3,492f7dd12b2f17c40937,127,48,0.3779527559055118,127,97,0.7637795275590551,0.9461067366579178,120.15555555555555,0.969488188976378,123.125
127,8,1016,837,0.8238188976377953,179,0.17618110236220472,4,492f7dd12b2f17c40937,127,54,0.4251968503937008,127,92,0.7244094488188977,0.9387576552930882,119.22222222222223,0.9655511811023622,122.625
127,8,1016,898,0.8838582677165354,118,0.11614173228346457,0,49896ed21249107ed120,127,74,0.5826771653543307,127,112,0.8818897637795275,0.973753280839895,123.66666666666667,0.985236220472441,125.125
127,8,1016,857,0.843503937007874,159,0.15649606299212598,1,49896ed21249107ed120,127,60,0.47244094488188976,127,98,0.7716535433070866,0.9478565179352582,120.37777777777778,0.9704724409448819,123.25
127,8,1016,852,0.8385826771653543,164,0.16141732283464566,2,49896ed21249107ed120,127,59,0.4645669291338583,127,104,0.8188976377952756,0.9583552055993002,121.71111111111111,0.9763779527559056,124.0
127,8,1016,818,0.8051181102362205,198,0.19488188976377951,3,49896ed21249107ed120,127,48,0.3779527559055118,127,100,0.7874015748031497,0.9499562554680665,120.64444444444445,0.9714566929133859,123.375
127,8,1016,860,0.8464566929133859,156,0.15354330708661418,4,49896ed21249107ed120,127,60,0.47244094488188976,127,108,0.8503937007874016,0.9667541557305336,122.77777777777777,0.9812992125984252,124.625
127,8,1016,914,0.8996062992125984,102,0.10039370078740158,0,49c8d8547fe08514992d,127,79,0.6220472440944882,127,110,0.8661417322834646,0.9702537182852145,123.22222222222223,0.9832677165354331,124.875
127,8,1016,884,0.8700787401574803,132,0.12992125984251968,1,49c8d8547fe08514992d,127,69,0.5433070866141733,127,109,0.8582677165354331,0.968503937007874,123.0,0.9822834645669292,124.75
127,8,1016,851,0.8375984251968503,165,0.1624015748031496,2,49c8d8547fe08514992d,127,56,0.4409448818897638,127,110,0.8661417322834646,0.9702537182852145,123.22222222222223,0.9832677165354331,124.875
127,8,1016,823,0.8100393700787402,193,0.18996062992125984,3,49c8d8547fe08514992d,127,49,0.3858267716535433,127,95,0.7480314960629921,0.9440069991251093,119.88888888888889,0.968503937007874,123.0
127,8,1016,842,0.8287401574803149,174,0.17125984251968504,4,49c8d8547fe08514992d,127,43,0.33858267716535434,127,89,0.7007874015748031,0.932108486439195,118.37777777777778,0.9616141732283464,122.125
106,8,848,750,0.8844339622641509,98,0.11556603773584906,0,49eef8f57b70a74351bb,106,63,0.5943396226415094,106,94,0.8867924528301887,0.9748427672955976,103.33333333333333,0.9858490566037735,104.5
106,8,848,729,0.8596698113207547,119,0.1403301886792453,1,49eef8f57b70a74351bb,106,55,0.5188679245283019,106,89,0.839622641509434,0.9643605870020965,102.22222222222223,0.9799528301886793,103.875
106,8,848,746,0.8797169811320755,102,0.12028301886792453,2,49eef8f57b70a74351bb,106,53,0.5,106,86,0.8113207547169812,0.958071278825996,101.55555555555556,0.9764150943396226,103.5
106,8,848,680,0.8018867924528302,168,0.19811320754716982,3,49eef8f57b70a74351bb,106,38,0.3584905660377358,106,80,0.7547169811320755,0.9454926624737946,100.22222222222223,0.9693396226415094,102.75
106,8,848,684,0.8066037735849056,164,0.19339622641509435,4,49eef8f57b70a74351bb,106,42,0.39622641509433965,106,89,0.839622641509434,0.9643605870020965,102.22222222222223,0.9799528301886793,103.875
127,8,1016,907,0.8927165354330708,109,0.10728346456692914,0,4a15bc0beb56b9e27d96,127,76,0.5984251968503937,127,114,0.8976377952755905,0.9772528433945757,124.11111111111111,0.9872047244094488,125.375
127,8,1016,899,0.8848425196850394,117,0.11515748031496063,1,4a15bc0beb56b9e27d96,127,72,0.5669291338582677,127,108,0.8503937007874016,0.9667541557305337,122.77777777777777,0.9812992125984252,124.625
127,8,1016,816,0.8031496062992126,200,0.1968503937007874,2,4a15bc0beb56b9e27d96,127,45,0.3543307086614173,127,98,0.7716535433070866,0.9492563429571304,120.55555555555556,0.9714566929133859,123.375
127,8,1016,803,0.7903543307086615,213,0.20964566929133857,3,4a15bc0beb56b9e27d96,127,44,0.3464566929133858,127,100,0.7874015748031497,0.9513560804899388,120.82222222222222,0.9724409448818898,123.5
127,8,1016,808,0.7952755905511811,208,0.2047244094488189,4,4a15bc0beb56b9e27d96,127,44,0.3464566929133858,127,95,0.7480314960629921,0.942607174103237,119.71111111111111,0.96751968503937,122.875
127,8,1016,909,0.8946850393700787,107,0.10531496062992125,0,4ab7d75936f6737dfa8a,127,76,0.5984251968503937,127,113,0.889763779527559,0.9755030621172355,123.88888888888889,0.9862204724409449,125.25
127,8,1016,880,0.8661417322834646,136,0.13385826771653545,1,4ab7d75936f6737dfa8a,127,66,0.5196850393700787,127,110,0.8661417322834646,0.9688538932633419,123.04444444444445,0.9822834645669292,124.75
127,8,1016,854,0.8405511811023622,162,0.1594488188976378,2,4ab7d75936f6737dfa8a,127,54,0.4251968503937008,127,102,0.8031496062992126,0.9562554680664918,121.44444444444444,0.9753937007874016,123.875
127,8,1016,833,0.8198818897637795,183,0.18011811023622049,3,4ab7d75936f6737dfa8a,127,56,0.4409448818897638,127,104,0.8188976377952756,0.9583552055993002,121.71111111111111,0.9763779527559056,124.0
127,8,1016,857,0.843503937007874,159,0.15649606299212598,4,4ab7d75936f6737dfa8a,127,54,0.4251968503937008,127,100,0.7874015748031497,0.9513560804899388,120.82222222222222,0.9724409448818898,123.5
127,8,1016,908,0.8937007874015748,108,0.1062992125984252,0,4af6e9ff83639932fee2,127,74,0.5826771653543307,127,111,0.8740157480314961,0.9706036745406825,123.26666666666667,0.9832677165354331,124.875
127,8,1016,878,0.8641732283464567,138,0.13582677165354332,1,4af6e9ff83639932fee2,127,66,0.5196850393700787,127,114,0.8976377952755905,0.9772528433945757,124.11111111111111,0.9872047244094488,125.375
127,8,1016,853,0.8395669291338582,163,0.16043307086614172,2,4af6e9ff83639932fee2,127,55,0.4330708661417323,127,111,0.8740157480314961,0.9720034995625546,123.44444444444444,0.984251968503937,125.0
127,8,1016,822,0.8090551181102362,194,0.19094488188976377,3,4af6e9ff83639932fee2,127,55,0.4330708661417323,127,101,0.7952755905511811,0.9531058617672791,121.04444444444445,0.9734251968503937,123.625
127,8,1016,820,0.8070866141732284,196,0.19291338582677164,4,4af6e9ff83639932fee2,127,49,0.3858267716535433,127,102,0.8031496062992126,0.9548556430446193,121.26666666666667,0.9744094488188977,123.75
127,8,1016,918,0.9035433070866141,98,0.09645669291338582,0,4b070e65a9f2f9f28546,127,85,0.6692913385826772,127,116,0.9133858267716536,0.9807524059492563,124.55555555555556,0.9891732283464567,125.625
127,8,1016,889,0.875,127,0.125,1,4b070e65a9f2f9f28546,127,75,0.5905511811023622,127,107,0.84251968503937,0.9650043744531933,122.55555555555556,0.9803149606299213,124.5
127,8,1016,866,0.8523622047244095,150,0.14763779527559054,2,4b070e65a9f2f9f28546,127,63,0.49606299212598426,127,111,0.8740157480314961,0.9706036745406825,123.26666666666667,0.9832677165354331,124.875
127,8,1016,792,0.7795275590551181,224,0.2204724409448819,3,4b070e65a9f2f9f28546,127,41,0.3228346456692913,127,89,0.7007874015748031,0.9307086614173229,118.2,0.9606299212598425,122.0
127,8,1016,846,0.8326771653543307,170,0.1673228346456693,4,4b070e65a9f2f9f28546,127,58,0.4566929133858268,127,107,0.84251968503937,0.9636045494313211,122.37777777777778,0.9793307086614174,124.375
127,8,1016,897,0.8828740157480315,119,0.1171259842519685,0,4b1738d355d1bee529de,127,72,0.5669291338582677,127,115,0.905511811023622,0.9790026246719161,124.33333333333333,0.9881889763779528,125.5
127,8,1016,877,0.8631889763779528,139,0.13681102362204725,1,4b1738d355d1bee529de,127,61,0.48031496062992124,127,108,0.8503937007874016,0.9653543307086615,122.6,0.9803149606299213,124.5
127,8,1016,833,0.8198818897637795,183,0.18011811023622049,2,4b1738d355d1bee529de,127,48,0.3779527559055118,127,105,0.8267716535433071,0.9601049868766405,121.93333333333334,0.9773622047244095,124.125
127,8,1016,803,0.7903543307086615,213,0.20964566929133857,3,4b1738d355d1bee529de,127,40,0.31496062992125984,127,102,0.8031496062992126,0.9548556430446193,121.26666666666667,0.9744094488188977,123.75
127,8,1016,827,0.8139763779527559,189,0.1860236220472441,4,4b1738d355d1bee529de,127,53,0.41732283464566927,127,98,0.7716535433070866,0.9492563429571304,120.55555555555556,0.9714566929133859,123.375
127,8,1016,905,0.890748031496063,111,0.10925196850393701,0,4b1e71db3e319a78014b,127,76,0.5984251968503937,127,116,0.9133858267716536,0.9793525809273842,124.37777777777778,0.9881889763779528,125.5
127,8,1016,880,0.8661417322834646,136,0.13385826771653545,1,4b1e71db3e319a78014b,127,65,0.5118110236220472,127,111,0.8740157480314961,0.9706036745406825,123.26666666666667,0.9832677165354331,124.875
127,8,1016,859,0.8454724409448819,157,0.1545275590551181,2,4b1e71db3e319a78014b,127,55,0.4330708661417323,127,108,0.8503937007874016,0.9667541557305337,122.77777777777777,0.9812992125984252,124.625
127,8,1016,785,0.7726377952755905,231,0.22736220472440946,3,4b1e71db3e319a78014b,127,41,0.3228346456692913,127,89,0.7007874015748031,0.932108486439195,118.37777777777778,0.9616141732283464,122.125
127,8,1016,835,0.8218503937007874,181,0.1781496062992126,4,4b1e71db3e319a78014b,127,53,0.41732283464566927,127,100,0.7874015748031497,0.952755905511811,121.0,0.9734251968503937,123.625
127,8,1016,911,0.8966535433070866,105,0.10334645669291338,0,4b6d1c78f81c7f849496,127,78,0.6141732283464567,127,116,0.9133858267716536,0.9793525809273841,124.37777777777778,0.9881889763779528,125.5
127,8,1016,880,0.8661417322834646,136,0.13385826771653545,1,4b6d1c78f81c7f849496,127,69,0.5433070866141733,127,115,0.905511811023622,0.9790026246719161,124.33333333333333,0.9881889763779528,125.5
127,8,1016,869,0.8553149606299213,147,0.14468503937007873,2,4b6d1c78f81c7f849496,127,61,0.48031496062992124,127,103,0.8110236220472441,0.9552055993000874,121.31111111111112,0.9744094488188977,123.75
127,8,1016,818,0.8051181102362205,198,0.19488188976377951,3,4b6d1c78f81c7f849496,127,41,0.3228346456692913,127,96,0.7559055118110236,0.9457567804024497,120.11111111111111,0.969488188976378,123.125
127,8,1016,848,0.8346456692913385,168,0.16535433070866143,4,4b6d1c78f81c7f849496,127,54,0.4251968503937008,127,103,0.8110236220472441,0.958005249343832,121.66666666666667,0.9763779527559056,124.0
127,8,1016,925,0.9104330708661418,91,0.08956692913385826,0,4b8d53caa72f39824115,127,81,0.6377952755905512,127,111,0.8740157480314961,0.9720034995625548,123.44444444444444,0.984251968503937,125.0
127,8,1016,859,0.8454724409448819,157,0.1545275590551181,1,4b8d53caa72f39824115,127,60,0.47244094488188976,127,105,0.8267716535433071,0.9601049868766406,121.93333333333334,0.9773622047244095,124.125
127,8,1016,856,0.84251968503937,160,0.15748031496062992,2,4b8d53caa72f39824115,127,60,0.47244094488188976,127,112,0.8818897637795275,0.9737532808398952,123.66666666666667,0.985236220472441,125.125
127,8,1016,774,0.7618110236220472,242,0.23818897637795275,3,4b8d53caa72f39824115,127,39,0.30708661417322836,127,91,0.7165354330708661,0.9342082239720035,118.64444444444445,0.9625984251968503,122.25
127,8,1016,841,0.827755905511811,175,0.17224409448818898,4,4b8d53caa72f39824115,127,54,0.4251968503937008,127,97,0.7637795275590551,0.9461067366579178,120.15555555555555,0.969488188976378,123.125
127,8,1016,915,0.9005905511811023,101,0.09940944881889764,0,4bc7a6d0cf90cb9b3e1a,127,78,0.6141732283464567,127,118,0.9291338582677166,0.984251968503937,125.0,0.9911417322834646,125.875
127,8,1016,897,0.8828740157480315,119,0.1171259842519685,1,4bc7a6d0cf90cb9b3e1a,127,67,0.5275590551181102,127,103,0.8110236220472441,0.9580052493438319,121.66666666666667,0.9763779527559056,124.0
127,8,1016,829,0.8159448818897638,187,0.18405511811023623,2,4bc7a6d0cf90cb9b3e1a,127,45,0.3543307086614173,127,95,0.7480314960629921,0.9440069991251094,119.88888888888889,0.968503937007874,123.0
127,8,1016,840,0.8267716535433071,176,0.1732283464566929,3,4bc7a6d0cf90cb9b3e1a,127,54,0.4251968503937008,127,98,0.7716535433070866,0.947856517935258,120.37777777777778,0.9704724409448819,123.25
127,8,1016,819,0.8061023622047244,197,0.19389763779527558,4,4bc7a6d0cf90cb9b3e1a,127,49,0.3858267716535433,127,97,0.7637795275590551,0.9461067366579178,120.15555555555555,0.969488188976378,123.125
127,8,1016,909,0.8946850393700787,107,0.10531496062992125,0,4bee0825edf1a723c761,127,73,0.5748031496062992,127,113,0.889763779527559,0.9755030621172354,123.88888888888889,0.9862204724409449,125.25
127,8,1016,870,0.8562992125984252,146,0.1437007874015748,1,4bee0825edf1a723c761,127,60,0.47244094488188976,127,100,0.7874015748031497,0.952755905511811,121.0,0.9734251968503937,123.625
127,8,1016,884,0.8700787401574803,132,0.12992125984251968,2,4bee0825edf1a723c761,127,66,0.5196850393700787,127,104,0.8188976377952756,0.9583552055993001,121.71111111111111,0.9763779527559056,124.0
127,8,1016,826,0.812992125984252,190,0.18700787401574803,3,4bee0825edf1a723c761,127,57,0.44881889763779526,127,97,0.7637795275590551,0.94750656167979,120.33333333333333,0.9704724409448819,123.25
127,8,1016,860,0.8464566929133859,156,0.15354330708661418,4,4bee0825edf1a723c761,127,60,0.47244094488188976,127,109,0.8582677165354331,0.9685039370078742,123.0,0.9822834645669292,124.75
127,8,1016,901,0.8868110236220472,115,0.11318897637795275,0,4ca850e833b40b17cd0c,127,78,0.6141732283464567,127,116,0.9133858267716536,0.9807524059492563,124.55555555555556,0.9891732283464567,125.625
127,8,1016,897,0.8828740157480315,119,0.1171259842519685,1,4ca850e833b40b17cd0c,127,72,0.5669291338582677,127,113,0.889763779527559,0.9755030621172354,123.88888888888889,0.9862204724409449,125.25
127,8,1016,860,0.8464566929133859,156,0.15354330708661418,2,4ca850e833b40b17cd0c,127,57,0.44881889763779526,127,99,0.7795275590551181,0.9510061242344706,120.77777777777777,0.9724409448818898,123.5
127,8,1016,845,0.8316929133858267,171,0.16830708661417323,3,4ca850e833b40b17cd0c,127,48,0.3779527559055118,127,96,0.7559055118110236,0.9457567804024496,120.11111111111111,0.969488188976378,123.125
127,8,1016,856,0.84251968503937,160,0.15748031496062992,4,4ca850e833b40b17cd0c,127,59,0.4645669291338583,127,101,0.7952755905511811,0.9545056867891514,121.22222222222223,0.9744094488188977,123.75
127,8,1016,888,0.8740157480314961,128,0.12598425196850394,0,4daa8c56c5bb4f5ed3ec,127,68,0.5354330708661418,127,104,0.8188976377952756,0.9597550306211723,121.88888888888889,0.9773622047244095,124.125
127,8,1016,882,0.8681102362204725,134,0.13188976377952755,1,4daa8c56c5bb4f5ed3ec,127,69,0.5433070866141733,127,107,0.84251968503937,0.9650043744531934,122.55555555555556,0.9803149606299213,124.5
127,8,1016,846,0.8326771653543307,170,0.1673228346456693,2,4daa8c56c5bb4f5ed3ec,127,61,0.48031496062992124,127,110,0.8661417322834646,0.9702537182852145,123.22222222222223,0.9832677165354331,124.875
127,8,1016,802,0.7893700787401575,214,0.2106299212598425,3,4daa8c56c5bb4f5ed3ec,127,48,0.3779527559055118,127,107,0.84251968503937,0.9650043744531932,122.55555555555556,0.9803149606299213,124.5
127,8,1016,837,0.8238188976377953,179,0.17618110236220472,4,4daa8c56c5bb4f5ed3ec,127,54,0.4251968503937008,127,102,0.8031496062992126,0.9562554680664918,121.44444444444444,0.9753937007874016,123.875
127,8,1016,883,0.8690944881889764,133,0.1309055118110236,0,4dcabae12895d0f3fe08,127,67,0.5275590551181102,127,111,0.8740157480314961,0.9720034995625547,123.44444444444444,0.984251968503937,125.0
127,8,1016,874,0.860236220472441,142,0.13976377952755906,1,4dcabae12895d0f3fe08,127,64,0.5039370078740157,127,110,0.8661417322834646,0.968853893263342,123.04444444444445,0.9822834645669292,124.75
127,8,1016,861,0.8474409448818898,155,0.15255905511811024,2,4dcabae12895d0f3fe08,127,57,0.44881889763779526,127,99,0.7795275590551181,0.9510061242344705,120.77777777777777,0.9724409448818898,123.5
127,8,1016,788,0.7755905511811023,228,0.22440944881889763,3,4dcabae12895d0f3fe08,127,40,0.31496062992125984,127,93,0.7322834645669292,0.9377077865266842,119.08888888888889,0.9645669291338582,122.5
127,8,1016,833,0.8198818897637795,183,0.18011811023622049,4,4dcabae12895d0f3fe08,127,56,0.4409448818897638,127,101,0.7952755905511811,0.9503062117235346,120.68888888888888,0.9714566929133859,123.375
127,8,1016,919,0.9045275590551181,97,0.09547244094488189,0,4de00c30231c5badb6c2,127,82,0.6456692913385826,127,119,0.937007874015748,0.9860017497812774,125.22222222222223,0.9921259842519685,126.0
127,8,1016,874,0.860236220472441,142,0.13976377952755906,1,4de00c30231c5badb6c2,127,71,0.5590551181102362,127,107,0.84251968503937,0.9650043744531933,122.55555555555556,0.9803149606299213,124.5
127,8,1016,832,0.8188976377952756,184,0.18110236220472442,2,4de00c30231c5badb6c2,127,50,0.3937007874015748,127,101,0.7952755905511811,0.9545056867891514,121.22222222222223,0.9744094488188977,123.75
127,8,1016,758,0.7460629921259843,258,0.25393700787401574,3,4de00c30231c5badb6c2,127,36,0.28346456692913385,127,96,0.7559055118110236,0.9429571303587051,119.75555555555556,0.96751968503937,122.875
127,8,1016,812,0.7992125984251969,204,0.20078740157480315,4,4de00c30231c5badb6c2,127,45,0.3543307086614173,127,90,0.7086614173228346,0.932458442694663,118.42222222222222,0.9616141732283464,122.125
111,8,888,788,0.8873873873873874,100,0.11261261261261261,0,4dec5f6f21729d9adc43,111,64,0.5765765765765766,111,96,0.8648648648648649,0.9699699699699699,107.66666666666667,0.9831081081081081,109.125
111,8,888,791,0.8907657657657657,97,0.10923423423423423,1,4dec5f6f21729d9adc43,111,67,0.6036036036036037,111,99,0.8918918918918919,0.9759759759759761,108.33333333333333,0.9864864864864865,109.5
111,8,888,785,0.884009009009009,103,0.11599099099099099,2,4dec5f6f21729d9adc43,111,65,0.5855855855855856,111,97,0.8738738738738738,0.9719719719719719,107.88888888888889,0.9842342342342343,109.25
111,8,888,724,0.8153153153153153,164,0.18468468468468469,3,4dec5f6f21729d9adc43,111,45,0.40540540540540543,111,87,0.7837837837837838,0.9503503503503503,105.4888888888889,0.9718468468468469,107.875
111,8,888,762,0.8581081081081081,126,0.14189189189189189,4,4dec5f6f21729d9adc43,111,57,0.5135135135135135,111,98,0.8828828828828829,0.9723723723723724,107.93333333333334,0.9842342342342343,109.25
127,8,1016,916,0.9015748031496063,100,0.0984251968503937,0,4eaaef10d8a8a867c0b8,127,76,0.5984251968503937,127,110,0.8661417322834646,0.9702537182852145,123.22222222222223,0.9832677165354331,124.875
127,8,1016,874,0.860236220472441,142,0.13976377952755906,1,4eaaef10d8a8a867c0b8,127,65,0.5118110236220472,127,105,0.8267716535433071,0.9601049868766405,121.93333333333334,0.9773622047244095,124.125
127,8,1016,844,0.8307086614173228,172,0.16929133858267717,2,4eaaef10d8a8a867c0b8,127,61,0.48031496062992124,127,109,0.8582677165354331,0.9671041119860018,122.82222222222222,0.9812992125984252,124.625
127,8,1016,773,0.7608267716535433,243,0.23917322834645668,3,4eaaef10d8a8a867c0b8,127,41,0.3228346456692913,127,94,0.7401574803149606,0.9408573928258966,119.4888888888889,0.9665354330708661,122.75
127,8,1016,807,0.7942913385826772,209,0.20570866141732283,4,4eaaef10d8a8a867c0b8,127,48,0.3779527559055118,127,93,0.7322834645669292,0.9391076115485565,119.26666666666667,0.9655511811023622,122.625
127,8,1016,892,0.8779527559055118,124,0.1220472440944882,0,4f3a35f066a064783511,127,73,0.5748031496062992,127,107,0.84251968503937,0.9650043744531933,122.55555555555556,0.9803149606299213,124.5
127,8,1016,911,0.8966535433070866,105,0.10334645669291338,1,4f3a35f066a064783511,127,79,0.6220472440944882,127,116,0.9133858267716536,0.9807524059492563,124.55555555555556,0.9891732283464567,125.625
127,8,1016,859,0.8454724409448819,157,0.1545275590551181,2,4f3a35f066a064783511,127,54,0.4251968503937008,127,107,0.84251968503937,0.9650043744531932,122.55555555555556,0.9803149606299213,124.5
127,8,1016,839,0.8257874015748031,177,0.17421259842519685,3,4f3a35f066a064783511,127,53,0.41732283464566927,127,99,0.7795275590551181,0.9496062992125985,120.6,0.9714566929133859,123.375
127,8,1016,829,0.8159448818897638,187,0.18405511811023623,4,4f3a35f066a064783511,127,52,0.4094488188976378,127,101,0.7952755905511811,0.953105861767279,121.04444444444445,0.9734251968503937,123.625
127,8,1016,915,0.9005905511811023,101,0.09940944881889764,0,4f93987d1e1102ae584d,127,78,0.6141732283464567,127,115,0.905511811023622,0.9790026246719161,124.33333333333333,0.9881889763779528,125.5
127,8,1016,888,0.8740157480314961,128,0.12598425196850394,1,4f93987d1e1102ae584d,127,68,0.5354330708661418,127,106,0.8346456692913385,0.963254593175853,122.33333333333333,0.9793307086614174,124.375
127,8,1016,880,0.8661417322834646,136,0.13385826771653545,2,4f93987d1e1102ae584d,127,63,0.49606299212598426,127,107,0.84251968503937,0.963604549431321,122.37777777777778,0.9793307086614174,124.375
127,8,1016,858,0.844488188976378,158,0.15551181102362205,3,4f93987d1e1102ae584d,127,55,0.4330708661417323,127,104,0.8188976377952756,0.9597550306211723,121.88888888888889,0.9773622047244095,124.125
127,8,1016,846,0.8326771653543307,170,0.1673228346456693,4,4f93987d1e1102ae584d,127,56,0.4409448818897638,127,99,0.7795275590551181,0.9496062992125984,120.6,0.9714566929133859,123.375
127,8,1016,840,0.8267716535433071,176,0.1732283464566929,0,4faa736147d5a6bc5c14,127,41,0.3228346456692913,127,102,0.8031496062992126,0.9562554680664918,121.44444444444444,0.9753937007874016,123.875
127,8,1016,490,0.4822834645669291,526,0.5177165354330708,1,4faa736147d5a6bc5c14,127,9,0.07086614173228346,127,27,0.2125984251968504,0.7779368488029903,98.79797979797979,0.8681102362204725,110.25
127,8,1016,491,0.48326771653543305,525,0.5167322834645669,2,4faa736147d5a6bc5c14,127,7,0.05511811023622047,127,25,0.1968503937007874,0.7307881969299289,92.81010101010101,0.8336614173228346,105.875
127,8,1016,473,0.4655511811023622,543,0.5344488188976378,3,4faa736147d5a6bc5c14,127,8,0.06299212598425197,127,36,0.28346456692913385,0.8011930326890956,101.75151515151515,0.8818897637795275,112.0
127,8,1016,482,0.4744094488188976,534,0.5255905511811023,4,4faa736147d5a6bc5c14,127,11,0.08661417322834646,127,44,0.3464566929133858,0.8101010101010099,102.88282828282829,0.8858267716535433,112.5
103,8,824,726,0.8810679611650486,98,0.11893203883495146,0,4faa7b982f056f5a6933,103,62,0.6019417475728155,103,91,0.883495145631068,0.9741100323624596,100.33333333333333,0.9854368932038835,101.5
103,8,824,740,0.8980582524271845,84,0.10194174757281553,1,4faa7b982f056f5a6933,103,65,0.6310679611650486,103,91,0.883495145631068,0.9723840345199569,100.15555555555555,0.9842233009708737,101.375
103,8,824,683,0.8288834951456311,141,0.17111650485436894,2,4faa7b982f056f5a6933,103,44,0.42718446601941745,103,85,0.8252427184466019,0.9611650485436893,99.0,0.9781553398058253,100.75
103,8,824,673,0.816747572815534,151,0.18325242718446602,3,4faa7b982f056f5a6933,103,37,0.3592233009708738,103,74,0.7184466019417476,0.9374325782092773,96.55555555555556,0.9648058252427184,99.375
103,8,824,670,0.8131067961165048,154,0.18689320388349515,4,4faa7b982f056f5a6933,103,42,0.4077669902912621,103,75,0.7281553398058253,0.9361380798274,96.42222222222222,0.9635922330097088,99.25
127,8,1016,912,0.8976377952755905,104,0.10236220472440945,0,501a5734ec3e8c33c36e,127,80,0.6299212598425197,127,116,0.9133858267716536,0.9807524059492565,124.55555555555556,0.9891732283464567,125.625
127,8,1016,896,0.8818897637795275,120,0.11811023622047244,1,501a5734ec3e8c33c36e,127,68,0.5354330708661418,127,106,0.8346456692913385,0.963254593175853,122.33333333333333,0.9793307086614174,124.375
127,8,1016,863,0.8494094488188977,153,0.15059055118110237,2,501a5734ec3e8c33c36e,127,64,0.5039370078740157,127,107,0.84251968503937,0.9650043744531934,122.55555555555556,0.9803149606299213,124.5
127,8,1016,818,0.8051181102362205,198,0.19488188976377951,3,501a5734ec3e8c33c36e,127,47,0.3700787401574803,127,102,0.8031496062992126,0.9548556430446193,121.26666666666667,0.9744094488188977,123.75
127,8,1016,820,0.8070866141732284,196,0.19291338582677164,4,501a5734ec3e8c33c36e,127,48,0.3779527559055118,127,101,0.7952755905511811,0.9517060367454069,120.86666666666666,0.9724409448818898,123.5
127,8,1016,911,0.8966535433070866,105,0.10334645669291338,0,505b1be32780f7e2b7ba,127,77,0.6062992125984252,127,115,0.905511811023622,0.9790026246719161,124.33333333333333,0.9881889763779528,125.5
127,8,1016,873,0.859251968503937,143,0.140748031496063,1,505b1be32780f7e2b7ba,127,65,0.5118110236220472,127,108,0.8503937007874016,0.9667541557305338,122.77777777777777,0.9812992125984252,124.625
127,8,1016,834,0.8208661417322834,182,0.17913385826771652,2,505b1be32780f7e2b7ba,127,56,0.4409448818897638,127,113,0.889763779527559,0.9727034120734908,123.53333333333333,0.984251968503937,125.0
127,8,1016,810,0.797244094488189,206,0.20275590551181102,3,505b1be32780f7e2b7ba,127,44,0.3464566929133858,127,97,0.7637795275590551,0.9461067366579178,120.15555555555555,0.969488188976378,123.125
127,8,1016,808,0.7952755905511811,208,0.2047244094488189,4,505b1be32780f7e2b7ba,127,44,0.3464566929133858,127,94,0.7401574803149606,0.9394575678040245,119.31111111111112,0.9655511811023622,122.625
127,8,1016,932,0.9173228346456693,84,0.08267716535433071,0,506348295d3fee666655,127,86,0.6771653543307087,127,121,0.952755905511811,0.989501312335958,125.66666666666667,0.9940944881889764,126.25
127,8,1016,835,0.8218503937007874,181,0.1781496062992126,1,506348295d3fee666655,127,53,0.41732283464566927,127,104,0.8188976377952756,0.9583552055993001,121.71111111111111,0.9763779527559056,124.0
127,8,1016,851,0.8375984251968503,165,0.1624015748031496,2,506348295d3fee666655,127,60,0.47244094488188976,127,106,0.8346456692913385,0.9618547681539809,122.15555555555555,0.9783464566929134,124.25
127,8,1016,776,0.7637795275590551,240,0.23622047244094488,3,506348295d3fee666655,127,41,0.3228346456692913,127,87,0.6850393700787402,0.921609798775153,117.04444444444445,0.9547244094488189,121.25
127,8,1016,839,0.8257874015748031,177,0.17421259842519685,4,506348295d3fee666655,127,53,0.41732283464566927,127,98,0.7716535433070866,0.9478565179352583,120.37777777777778,0.9704724409448819,123.25
127,8,1016,913,0.8986220472440944,103,0.10137795275590551,0,508b3ad69d2855161c4f,127,82,0.6456692913385826,127,112,0.8818897637795275,0.973753280839895,123.66666666666667,0.985236220472441,125.125
127,8,1016,862,0.8484251968503937,154,0.1515748031496063,1,508b3ad69d2855161c4f,127,62,0.4881889763779528,127,111,0.8740157480314961,0.9720034995625548,123.44444444444444,0.984251968503937,125.0
127,8,1016,854,0.8405511811023622,162,0.1594488188976378,2,508b3ad69d2855161c4f,127,61,0.48031496062992124,127,110,0.8661417322834646,0.9702537182852143,123.22222222222223,0.9832677165354331,124.875
127,8,1016,815,0.8021653543307087,201,0.19783464566929135,3,508b3ad69d2855161c4f,127,50,0.3937007874015748,127,97,0.7637795275590551,0.9475065616797901,120.33333333333333,0.9704724409448819,123.25
127,8,1016,842,0.8287401574803149,174,0.17125984251968504,4,508b3ad69d2855161c4f,127,45,0.3543307086614173,127,89,0.7007874015748031,0.9279090113735782,117.84444444444445,0.9586614173228346,121.75
127,8,1016,887,0.8730314960629921,129,0.12696850393700787,0,5092bff2da5bb61746c0,127,68,0.5354330708661418,127,116,0.9133858267716536,0.9807524059492563,124.55555555555556,0.9891732283464567,125.625
127,8,1016,887,0.8730314960629921,129,0.12696850393700787,1,5092bff2da5bb61746c0,127,72,0.5669291338582677,127,110,0.8661417322834646,0.9702537182852145,123.22222222222223,0.9832677165354331,124.875
127,8,1016,870,0.8562992125984252,146,0.1437007874015748,2,5092bff2da5bb61746c0,127,58,0.4566929133858268,127,102,0.8031496062992126,0.9562554680664918,121.44444444444444,0.9753937007874016,123.875
127,8,1016,834,0.8208661417322834,182,0.17913385826771652,3,5092bff2da5bb61746c0,127,50,0.3937007874015748,127,105,0.8267716535433071,0.9615048118985126,122.11111111111111,0.9783464566929134,124.25
127,8,1016,806,0.7933070866141733,210,0.20669291338582677,4,5092bff2da5bb61746c0,127,46,0.36220472440944884,127,107,0.84251968503937,0.963604549431321,122.37777777777778,0.9793307086614174,124.375
75,8,600,530,0.8833333333333333,70,0.11666666666666667,0,50edde4a1f33b4eed34e,75,43,0.5733333333333334,75,62,0.8266666666666667,0.9614814814814815,72.11111111111111,0.9783333333333334,73.375
75,8,600,519,0.865,81,0.135,1,50edde4a1f33b4eed34e,75,41,0.5466666666666666,75,69,0.92,0.9822222222222223,73.66666666666667,0.99,74.25
75,8,600,505,0.8416666666666667,95,0.15833333333333333,2,50edde4a1f33b4eed34e,75,33,0.44,75,65,0.8666666666666667,0.9703703703703703,72.77777777777777,0.9833333333333333,73.75
75,8,600,489,0.815,111,0.185,3,50edde4a1f33b4eed34e,75,33,0.44,75,67,0.8933333333333333,0.9762962962962963,73.22222222222223,0.9866666666666667,74.0
75,8,600,511,0.8516666666666667,89,0.14833333333333334,4,50edde4a1f33b4eed34e,75,37,0.49333333333333335,75,61,0.8133333333333334,0.9537777777777777,71.53333333333333,0.9733333333333334,73.0
127,8,1016,925,0.9104330708661418,91,0.08956692913385826,0,5197be5ad555a3fa4f56,127,86,0.6771653543307087,127,117,0.9212598425196851,0.9825021872265968,124.77777777777777,0.9901574803149606,125.75
127,8,1016,849,0.8356299212598425,167,0.1643700787401575,1,5197be5ad555a3fa4f56,127,56,0.4409448818897638,127,100,0.7874015748031497,0.952755905511811,121.0,0.9734251968503937,123.625
127,8,1016,865,0.8513779527559056,151,0.1486220472440945,2,5197be5ad555a3fa4f56,127,66,0.5196850393700787,127,102,0.8031496062992126,0.9534558180227471,121.08888888888889,0.9734251968503937,123.625
127,8,1016,823,0.8100393700787402,193,0.18996062992125984,3,5197be5ad555a3fa4f56,127,51,0.4015748031496063,127,96,0.7559055118110236,0.9443569553805775,119.93333333333334,0.968503937007874,123.0
127,8,1016,873,0.859251968503937,143,0.140748031496063,4,5197be5ad555a3fa4f56,127,66,0.5196850393700787,127,111,0.8740157480314961,0.9720034995625548,123.44444444444444,0.984251968503937,125.0
127,8,1016,884,0.8700787401574803,132,0.12992125984251968,0,51b8d0ce4c783f964b18,127,67,0.5275590551181102,127,113,0.889763779527559,0.9755030621172354,123.88888888888889,0.9862204724409449,125.25
127,8,1016,856,0.84251968503937,160,0.15748031496062992,1,51b8d0ce4c783f964b18,127,58,0.4566929133858268,127,115,0.905511811023622,0.9776027996500438,124.15555555555555,0.9872047244094488,125.375
127,8,1016,822,0.8090551181102362,194,0.19094488188976377,2,51b8d0ce4c783f964b18,127,54,0.4251968503937008,127,107,0.84251968503937,0.9650043744531933,122.55555555555556,0.9803149606299213,124.5
127,8,1016,800,0.7874015748031497,216,0.2125984251968504,3,51b8d0ce4c783f964b18,127,34,0.2677165354330709,127,92,0.7244094488188977,0.9387576552930884,119.22222222222223,0.9655511811023622,122.625
127,8,1016,837,0.8238188976377953,179,0.17618110236220472,4,51b8d0ce4c783f964b18,127,56,0.4409448818897638,127,104,0.8188976377952756,0.9583552055993001,121.71111111111111,0.9763779527559056,124.0
127,8,1016,897,0.8828740157480315,119,0.1171259842519685,0,51df8c62f9b3dac57eb8,127,73,0.5748031496062992,127,111,0.8740157480314961,0.9720034995625548,123.44444444444444,0.984251968503937,125.0
127,8,1016,883,0.8690944881889764,133,0.1309055118110236,1,51df8c62f9b3dac57eb8,127,69,0.5433070866141733,127,110,0.8661417322834646,0.9702537182852145,123.22222222222223,0.9832677165354331,124.875
127,8,1016,838,0.8248031496062992,178,0.17519685039370078,2,51df8c62f9b3dac57eb8,127,50,0.3937007874015748,127,99,0.7795275590551181,0.9510061242344706,120.77777777777777,0.9724409448818898,123.5
127,8,1016,804,0.7913385826771654,212,0.20866141732283464,3,51df8c62f9b3dac57eb8,127,42,0.33070866141732286,127,96,0.7559055118110236,0.9457567804024497,120.11111111111111,0.969488188976378,123.125
127,8,1016,823,0.8100393700787402,193,0.18996062992125984,4,51df8c62f9b3dac57eb8,127,49,0.3858267716535433,127,103,0.8110236220472441,0.9580052493438319,121.66666666666667,0.9763779527559056,124.0
127,8,1016,900,0.8858267716535433,116,0.1141732283464567,0,5202632d6cddd6a01c88,127,67,0.5275590551181102,127,109,0.8582677165354331,0.9685039370078742,123.0,0.9822834645669292,124.75
127,8,1016,867,0.8533464566929134,149,0.1466535433070866,1,5202632d6cddd6a01c88,127,62,0.4881889763779528,127,93,0.7322834645669292,0.9405074365704287,119.44444444444444,0.9665354330708661,122.75
127,8,1016,829,0.8159448818897638,187,0.18405511811023623,2,5202632d6cddd6a01c88,127,53,0.41732283464566927,127,100,0.7874015748031497,0.952755905511811,121.0,0.9734251968503937,123.625
127,8,1016,815,0.8021653543307087,201,0.19783464566929135,3,5202632d6cddd6a01c88,127,46,0.36220472440944884,127,99,0.7795275590551181,0.9482064741907261,120.42222222222222,0.9704724409448819,123.25
127,8,1016,849,0.8356299212598425,167,0.1643700787401575,4,5202632d6cddd6a01c88,127,48,0.3779527559055118,127,98,0.7716535433070866,0.9492563429571302,120.55555555555556,0.9714566929133859,123.375
127,8,1016,915,0.9005905511811023,101,0.09940944881889764,0,52354367b7055e4067de,127,79,0.6220472440944882,127,116,0.9133858267716536,0.9807524059492565,124.55555555555556,0.9891732283464567,125.625
127,8,1016,916,0.9015748031496063,100,0.0984251968503937,1,52354367b7055e4067de,127,76,0.5984251968503937,127,104,0.8188976377952756,0.9569553805774278,121.53333333333333,0.9753937007874016,123.875
127,8,1016,844,0.8307086614173228,172,0.16929133858267717,2,52354367b7055e4067de,127,55,0.4330708661417323,127,102,0.8031496062992126,0.9548556430446195,121.26666666666667,0.9744094488188977,123.75
127,8,1016,816,0.8031496062992126,200,0.1968503937007874,3,52354367b7055e4067de,127,53,0.41732283464566927,127,98,0.7716535433070866,0.9492563429571305,120.55555555555556,0.9714566929133859,123.375
127,8,1016,851,0.8375984251968503,165,0.1624015748031496,4,52354367b7055e4067de,127,58,0.4566929133858268,127,103,0.8110236220472441,0.9566054243219598,121.4888888888889,0.9753937007874016,123.875
127,8,1016,883,0.8690944881889764,133,0.1309055118110236,0,52a81ab9d905d863c300,127,65,0.5118110236220472,127,106,0.8346456692913385,0.9632545931758529,122.33333333333333,0.9793307086614174,124.375
127,8,1016,823,0.8100393700787402,193,0.18996062992125984,1,52a81ab9d905d863c300,127,50,0.3937007874015748,127,102,0.8031496062992126,0.9548556430446195,121.26666666666667,0.9744094488188977,123.75
127,8,1016,837,0.8238188976377953,179,0.17618110236220472,2,52a81ab9d905d863c300,127,56,0.4409448818897638,127,106,0.8346456692913385,0.9604549431321083,121.97777777777777,0.9773622047244095,124.125
127,8,1016,762,0.75,254,0.25,3,52a81ab9d905d863c300,127,37,0.29133858267716534,127,94,0.7401574803149606,0.9394575678040245,119.31111111111112,0.9655511811023622,122.625
127,8,1016,811,0.7982283464566929,205,0.2017716535433071,4,52a81ab9d905d863c300,127,48,0.3779527559055118,127,101,0.7952755905511811,0.9545056867891513,121.22222222222223,0.9744094488188977,123.75
127,8,1016,895,0.8809055118110236,121,0.11909448818897637,0,52ae350b56d887041750,127,71,0.5590551181102362,127,108,0.8503937007874016,0.9653543307086615,122.6,0.9803149606299213,124.5
127,8,1016,820,0.8070866141732284,196,0.19291338582677164,1,52ae350b56d887041750,127,51,0.4015748031496063,127,108,0.8503937007874016,0.9653543307086614,122.6,0.9803149606299213,124.5
127,8,1016,837,0.8238188976377953,179,0.17618110236220472,2,52ae350b56d887041750,127,55,0.4330708661417323,127,108,0.8503937007874016,0.9653543307086614,122.6,0.9803149606299213,124.5
127,8,1016,783,0.7706692913385826,233,0.22933070866141733,3,52ae350b56d887041750,127,43,0.33858267716535434,127,99,0.7795275590551181,0.9496062992125984,120.6,0.9714566929133859,123.375
127,8,1016,786,0.7736220472440944,230,0.2263779527559055,4,52ae350b56d887041750,127,46,0.36220472440944884,127,101,0.7952755905511811,0.953105861767279,121.04444444444445,0.9734251968503937,123.625
127,8,1016,914,0.8996062992125984,102,0.10039370078740158,0,52ec63a74226c3ca59f1,127,78,0.6141732283464567,127,115,0.905511811023622,0.9790026246719161,124.33333333333333,0.9881889763779528,125.5
127,8,1016,853,0.8395669291338582,163,0.16043307086614172,1,52ec63a74226c3ca59f1,127,58,0.4566929133858268,127,106,0.8346456692913385,0.9632545931758529,122.33333333333333,0.9793307086614174,124.375
127,8,1016,869,0.8553149606299213,147,0.14468503937007873,2,52ec63a74226c3ca59f1,127,65,0.5118110236220472,127,106,0.8346456692913385,0.9632545931758529,122.33333333333333,0.9793307086614174,124.375
127,8,1016,754,0.7421259842519685,262,0.2578740157480315,3,52ec63a74226c3ca59f1,127,34,0.2677165354330709,127,96,0.7559055118110236,0.9443569553805775,119.93333333333334,0.968503937007874,123.0
127,8,1016,847,0.8336614173228346,169,0.16633858267716536,4,52ec63a74226c3ca59f1,127,54,0.4251968503937008,127,97,0.7637795275590551,0.9475065616797899,120.33333333333333,0.9704724409448819,123.25
127,8,1016,888,0.8740157480314961,128,0.12598425196850394,0,52f1cb6b25e14ae20182,127,70,0.5511811023622047,127,114,0.8976377952755905,0.9772528433945757,124.11111111111111,0.9872047244094488,125.375
127,8,1016,856,0.84251968503937,160,0.15748031496062992,1,52f1cb6b25e14ae20182,127,60,0.47244094488188976,127,109,0.8582677165354331,0.968503937007874,123.0,0.9822834645669292,124.75
127,8,1016,845,0.8316929133858267,171,0.16830708661417323,2,52f1cb6b25e14ae20182,127,55,0.4330708661417323,127,98,0.7716535433070866,0.9492563429571302,120.55555555555556,0.9714566929133859,123.375
127,8,1016,822,0.8090551181102362,194,0.19094488188976377,3,52f1cb6b25e14ae20182,127,50,0.3937007874015748,127,96,0.7559055118110236,0.9457567804024497,120.11111111111111,0.969488188976378,123.125
127,8,1016,833,0.8198818897637795,183,0.18011811023622049,4,52f1cb6b25e14ae20182,127,59,0.4645669291338583,127,101,0.7952755905511811,0.9545056867891514,121.22222222222223,0.9744094488188977,123.75
127,8,1016,926,0.9114173228346457,90,0.08858267716535433,0,5356746cc1c277b556e8,127,85,0.6692913385826772,127,115,0.905511811023622,0.9790026246719161,124.33333333333333,0.9881889763779528,125.5
127,8,1016,863,0.8494094488188977,153,0.15059055118110237,1,5356746cc1c277b556e8,127,62,0.4881889763779528,127,109,0.8582677165354331,0.9657042869641295,122.64444444444445,0.9803149606299213,124.5
127,8,1016,822,0.8090551181102362,194,0.19094488188976377,2,5356746cc1c277b556e8,127,52,0.4094488188976378,127,104,0.8188976377952756,0.9597550306211724,121.88888888888889,0.9773622047244095,124.125
127,8,1016,774,0.7618110236220472,242,0.23818897637795275,3,5356746cc1c277b556e8,127,32,0.25196850393700787,127,95,0.7480314960629921,0.9440069991251094,119.88888888888889,0.968503937007874,123.0
127,8,1016,830,0.8169291338582677,186,0.1830708661417323,4,5356746cc1c277b556e8,127,50,0.3937007874015748,127,100,0.7874015748031497,0.9527559055118111,121.0,0.9734251968503937,123.625
127,8,1016,898,0.8838582677165354,118,0.11614173228346457,0,5363db1324c2551555da,127,71,0.5590551181102362,127,115,0.905511811023622,0.9790026246719161,124.33333333333333,0.9881889763779528,125.5
127,8,1016,889,0.875,127,0.125,1,5363db1324c2551555da,127,68,0.5354330708661418,127,109,0.8582677165354331,0.968503937007874,123.0,0.9822834645669292,124.75
127,8,1016,829,0.8159448818897638,187,0.18405511811023623,2,5363db1324c2551555da,127,49,0.3858267716535433,127,100,0.7874015748031497,0.952755905511811,121.0,0.9734251968503937,123.625
127,8,1016,831,0.8179133858267716,185,0.18208661417322836,3,5363db1324c2551555da,127,53,0.41732283464566927,127,100,0.7874015748031497,0.952755905511811,121.0,0.9734251968503937,123.625
127,8,1016,853,0.8395669291338582,163,0.16043307086614172,4,5363db1324c2551555da,127,61,0.48031496062992124,127,100,0.7874015748031497,0.9527559055118109,121.0,0.9734251968503937,123.625
127,8,1016,899,0.8848425196850394,117,0.11515748031496063,0,5372b90025ecc7c89d71,127,71,0.5590551181102362,127,121,0.952755905511811,0.9895013123359581,125.66666666666667,0.9940944881889764,126.25
127,8,1016,879,0.8651574803149606,137,0.13484251968503938,1,5372b90025ecc7c89d71,127,65,0.5118110236220472,127,109,0.8582677165354331,0.9685039370078742,123.0,0.9822834645669292,124.75
127,8,1016,871,0.8572834645669292,145,0.14271653543307086,2,5372b90025ecc7c89d71,127,59,0.4645669291338583,127,104,0.8188976377952756,0.9597550306211723,121.88888888888889,0.9773622047244095,124.125
127,8,1016,792,0.7795275590551181,224,0.2204724409448819,3,5372b90025ecc7c89d71,127,46,0.36220472440944884,127,96,0.7559055118110236,0.9443569553805772,119.93333333333334,0.968503937007874,123.0
127,8,1016,830,0.8169291338582677,186,0.1830708661417323,4,5372b90025ecc7c89d71,127,51,0.4015748031496063,127,105,0.8267716535433071,0.9615048118985126,122.11111111111111,0.9783464566929134,124.25
127,8,1016,908,0.8937007874015748,108,0.1062992125984252,0,53c62ce91bf8daf3c227,127,75,0.5905511811023622,127,116,0.9133858267716536,0.9807524059492565,124.55555555555556,0.9891732283464567,125.625
127,8,1016,860,0.8464566929133859,156,0.15354330708661418,1,53c62ce91bf8daf3c227,127,61,0.48031496062992124,127,110,0.8661417322834646,0.9702537182852145,123.22222222222223,0.9832677165354331,124.875
127,8,1016,831,0.8179133858267716,185,0.18208661417322836,2,53c62ce91bf8daf3c227,127,55,0.4330708661417323,127,114,0.8976377952755905,0.9772528433945757,124.11111111111111,0.9872047244094488,125.375
127,8,1016,819,0.8061023622047244,197,0.19389763779527558,3,53c62ce91bf8daf3c227,127,47,0.3700787401574803,127,100,0.7874015748031497,0.952755905511811,121.0,0.9734251968503937,123.625
127,8,1016,844,0.8307086614173228,172,0.16929133858267717,4,53c62ce91bf8daf3c227,127,50,0.3937007874015748,127,98,0.7716535433070866,0.9492563429571304,120.55555555555556,0.9714566929133859,123.375
127,8,1016,920,0.905511811023622,96,0.09448818897637795,0,542fa4892010bb7f7267,127,82,0.6456692913385826,127,117,0.9212598425196851,0.9825021872265967,124.77777777777777,0.9901574803149606,125.75
127,8,1016,921,0.906496062992126,95,0.09350393700787402,1,542fa4892010bb7f7267,127,82,0.6456692913385826,127,112,0.8818897637795275,0.9737532808398952,123.66666666666667,0.985236220472441,125.125
127,8,1016,872,0.8582677165354331,144,0.14173228346456693,2,542fa4892010bb7f7267,127,68,0.5354330708661418,127,108,0.8503937007874016,0.9667541557305337,122.77777777777777,0.9812992125984252,124.625
127,8,1016,815,0.8021653543307087,201,0.19783464566929135,3,542fa4892010bb7f7267,127,51,0.4015748031496063,127,103,0.8110236220472441,0.9580052493438319,121.66666666666667,0.9763779527559056,124.0
127,8,1016,846,0.8326771653543307,170,0.1673228346456693,4,542fa4892010bb7f7267,127,57,0.44881889763779526,127,107,0.84251968503937,0.9650043744531934,122.55555555555556,0.9803149606299213,124.5
86,8,688,615,0.8938953488372093,73,0.10610465116279069,0,546b10dcbb5d1cd53751,86,51,0.5930232558139535,86,74,0.8604651162790697,0.9689922480620156,83.33333333333333,0.9825581395348837,84.5
86,8,688,616,0.8953488372093024,72,0.10465116279069768,1,546b10dcbb5d1cd53751,86,52,0.6046511627906976,86,77,0.8953488372093024,0.9767441860465116,84.0,0.9869186046511628,84.875
86,8,688,595,0.8648255813953488,93,0.13517441860465115,2,546b10dcbb5d1cd53751,86,45,0.5232558139534884,86,69,0.8023255813953488,0.9540051679586564,82.04444444444445,0.9738372093023255,83.75
86,8,688,553,0.8037790697674418,135,0.19622093023255813,3,546b10dcbb5d1cd53751,86,29,0.3372093023255814,86,61,0.7093023255813954,0.9333333333333331,80.26666666666667,0.9622093023255814,82.75
86,8,688,550,0.7994186046511628,138,0.2005813953488372,4,546b10dcbb5d1cd53751,86,33,0.38372093023255816,86,63,0.7325581395348837,0.9405684754521964,80.88888888888889,0.9665697674418605,83.125
127,8,1016,903,0.8887795275590551,113,0.11122047244094488,0,54b2848c7ef398c72652,127,75,0.5905511811023622,127,115,0.905511811023622,0.9790026246719161,124.33333333333333,0.9881889763779528,125.5
127,8,1016,896,0.8818897637795275,120,0.11811023622047244,1,54b2848c7ef398c72652,127,72,0.5669291338582677,127,113,0.889763779527559,0.9755030621172354,123.88888888888889,0.9862204724409449,125.25
127,8,1016,871,0.8572834645669292,145,0.14271653543307086,2,54b2848c7ef398c72652,127,64,0.5039370078740157,127,105,0.8267716535433071,0.9615048118985127,122.11111111111111,0.9783464566929134,124.25
127,8,1016,792,0.7795275590551181,224,0.2204724409448819,3,54b2848c7ef398c72652,127,44,0.3464566929133858,127,95,0.7480314960629921,0.9412073490813648,119.53333333333333,0.9665354330708661,122.75
127,8,1016,822,0.8090551181102362,194,0.19094488188976377,4,54b2848c7ef398c72652,127,48,0.3779527559055118,127,98,0.7716535433070866,0.9464566929133859,120.2,0.969488188976378,123.125
15,8,120,112,0.9333333333333333,8,0.06666666666666667,0,54bdfad0f40a1aaf3b85,15,10,0.6666666666666666,15,13,0.8666666666666667,0.9703703703703704,14.555555555555555,0.9833333333333333,14.75
15,8,120,100,0.8333333333333334,20,0.16666666666666666,1,54bdfad0f40a1aaf3b85,15,5,0.3333333333333333,15,13,0.8666666666666667,0.9703703703703704,14.555555555555555,0.9833333333333333,14.75
15,8,120,104,0.8666666666666667,16,0.13333333333333333,2,54bdfad0f40a1aaf3b85,15,7,0.4666666666666667,15,14,0.9333333333333333,0.9851851851851853,14.777777777777779,0.9916666666666667,14.875
15,8,120,104,0.8666666666666667,16,0.13333333333333333,3,54bdfad0f40a1aaf3b85,15,7,0.4666666666666667,15,11,0.7333333333333333,0.940740740740741,14.11111111111111,0.9666666666666667,14.5
15,8,120,95,0.7916666666666666,25,0.20833333333333334,4,54bdfad0f40a1aaf3b85,15,4,0.26666666666666666,15,14,0.9333333333333333,0.9851851851851853,14.777777777777779,0.9916666666666667,14.875
127,8,1016,906,0.8917322834645669,110,0.10826771653543307,0,554e94bcafe28423c71f,127,80,0.6299212598425197,127,113,0.889763779527559,0.9755030621172354,123.88888888888889,0.9862204724409449,125.25
127,8,1016,870,0.8562992125984252,146,0.1437007874015748,1,554e94bcafe28423c71f,127,67,0.5275590551181102,127,109,0.8582677165354331,0.9685039370078742,123.0,0.9822834645669292,124.75
127,8,1016,838,0.8248031496062992,178,0.17519685039370078,2,554e94bcafe28423c71f,127,59,0.4645669291338583,127,105,0.8267716535433071,0.9601049868766406,121.93333333333334,0.9773622047244095,124.125
127,8,1016,828,0.8149606299212598,188,0.18503937007874016,3,554e94bcafe28423c71f,127,55,0.4330708661417323,127,100,0.7874015748031497,0.9499562554680665,120.64444444444445,0.9714566929133859,123.375
127,8,1016,828,0.8149606299212598,188,0.18503937007874016,4,554e94bcafe28423c71f,127,53,0.41732283464566927,127,96,0.7559055118110236,0.9457567804024498,120.11111111111111,0.969488188976378,123.125
127,8,1016,902,0.8877952755905512,114,0.11220472440944881,0,55870432e125f8cb97d8,127,75,0.5905511811023622,127,118,0.9291338582677166,0.984251968503937,125.0,0.9911417322834646,125.875
127,8,1016,868,0.8543307086614174,148,0.14566929133858267,1,55870432e125f8cb97d8,127,60,0.47244094488188976,127,111,0.8740157480314961,0.9720034995625547,123.44444444444444,0.984251968503937,125.0
127,8,1016,840,0.8267716535433071,176,0.1732283464566929,2,55870432e125f8cb97d8,127,49,0.3858267716535433,127,99,0.7795275590551181,0.9510061242344707,120.77777777777777,0.9724409448818898,123.5
127,8,1016,792,0.7795275590551181,224,0.2204724409448819,3,55870432e125f8cb97d8,127,41,0.3228346456692913,127,97,0.7637795275590551,0.9461067366579177,120.15555555555555,0.969488188976378,123.125
127,8,1016,823,0.8100393700787402,193,0.18996062992125984,4,55870432e125f8cb97d8,127,54,0.4251968503937008,127,106,0.8346456692913385,0.9632545931758529,122.33333333333333,0.9793307086614174,124.375
127,8,1016,918,0.9035433070866141,98,0.09645669291338582,0,560d79fc74bfcd50cbde,127,75,0.5905511811023622,127,110,0.8661417322834646,0.9702537182852143,123.22222222222223,0.9832677165354331,124.875
127,8,1016,872,0.8582677165354331,144,0.14173228346456693,1,560d79fc74bfcd50cbde,127,63,0.49606299212598426,127,105,0.8267716535433071,0.9615048118985127,122.11111111111111,0.9783464566929134,124.25
127,8,1016,820,0.8070866141732284,196,0.19291338582677164,2,560d79fc74bfcd50cbde,127,48,0.3779527559055118,127,98,0.7716535433070866,0.9492563429571302,120.55555555555556,0.9714566929133859,123.375
127,8,1016,794,0.781496062992126,222,0.21850393700787402,3,560d79fc74bfcd50cbde,127,43,0.33858267716535434,127,102,0.8031496062992126,0.9562554680664916,121.44444444444444,0.9753937007874016,123.875
127,8,1016,786,0.7736220472440944,230,0.2263779527559055,4,560d79fc74bfcd50cbde,127,41,0.3228346456692913,127,103,0.8110236220472441,0.9580052493438319,121.66666666666667,0.9763779527559056,124.0
127,8,1016,906,0.8917322834645669,110,0.10826771653543307,0,562f5ed543ce4a206118,127,79,0.6220472440944882,127,113,0.889763779527559,0.9741032370953631,123.71111111111111,0.985236220472441,125.125
127,8,1016,903,0.8887795275590551,113,0.11122047244094488,1,562f5ed543ce4a206118,127,73,0.5748031496062992,127,113,0.889763779527559,0.9755030621172354,123.88888888888889,0.9862204724409449,125.25
127,8,1016,860,0.8464566929133859,156,0.15354330708661418,2,562f5ed543ce4a206118,127,64,0.5039370078740157,127,111,0.8740157480314961,0.9720034995625548,123.44444444444444,0.984251968503937,125.0
127,8,1016,868,0.8543307086614174,148,0.14566929133858267,3,562f5ed543ce4a206118,127,65,0.5118110236220472,127,109,0.8582677165354331,0.9671041119860018,122.82222222222222,0.9812992125984252,124.625
127,8,1016,844,0.8307086614173228,172,0.16929133858267717,4,562f5ed543ce4a206118,127,57,0.44881889763779526,127,107,0.84251968503937,0.9650043744531934,122.55555555555556,0.9803149606299213,124.5
127,8,1016,929,0.9143700787401575,87,0.08562992125984252,0,5630de04f79e4bb72cb7,127,82,0.6456692913385826,127,111,0.8740157480314961,0.9720034995625546,123.44444444444444,0.984251968503937,125.0
127,8,1016,872,0.8582677165354331,144,0.14173228346456693,1,5630de04f79e4bb72cb7,127,63,0.49606299212598426,127,104,0.8188976377952756,0.9597550306211724,121.88888888888889,0.9773622047244095,124.125
127,8,1016,850,0.8366141732283464,166,0.16338582677165353,2,5630de04f79e4bb72cb7,127,60,0.47244094488188976,127,102,0.8031496062992126,0.9562554680664915,121.44444444444444,0.9753937007874016,123.875
127,8,1016,816,0.8031496062992126,200,0.1968503937007874,3,5630de04f79e4bb72cb7,127,44,0.3464566929133858,127,92,0.7244094488188977,0.9359580052493438,118.86666666666666,0.9635826771653543,122.375
127,8,1016,836,0.8228346456692913,180,0.17716535433070865,4,5630de04f79e4bb72cb7,127,50,0.3937007874015748,127,96,0.7559055118110236,0.9429571303587052,119.75555555555556,0.96751968503937,122.875
127,8,1016,937,0.922244094488189,79,0.07775590551181102,0,56477bd2ca116777e5c5,127,85,0.6692913385826772,127,115,0.905511811023622,0.9790026246719161,124.33333333333333,0.9881889763779528,125.5
127,8,1016,887,0.8730314960629921,129,0.12696850393700787,1,56477bd2ca116777e5c5,127,67,0.5275590551181102,127,106,0.8346456692913385,0.9632545931758529,122.33333333333333,0.9793307086614174,124.375
127,8,1016,826,0.812992125984252,190,0.18700787401574803,2,56477bd2ca116777e5c5,127,52,0.4094488188976378,127,106,0.8346456692913385,0.963254593175853,122.33333333333333,0.9793307086614174,124.375
127,8,1016,820,0.8070866141732284,196,0.19291338582677164,3,56477bd2ca116777e5c5,127,50,0.3937007874015748,127,100,0.7874015748031497,0.9513560804899388,120.82222222222222,0.9724409448818898,123.5
127,8,1016,778,0.765748031496063,238,0.234251968503937,4,56477bd2ca116777e5c5,127,41,0.3228346456692913,127,92,0.7244094488188977,0.9387576552930884,119.22222222222223,0.9655511811023622,122.625
127,8,1016,910,0.8956692913385826,106,0.10433070866141732,0,572daf95c833baf0dcec,127,79,0.6220472440944882,127,109,0.8582677165354331,0.9671041119860018,122.82222222222222,0.9812992125984252,124.625
127,8,1016,867,0.8533464566929134,149,0.1466535433070866,1,572daf95c833baf0dcec,127,61,0.48031496062992124,127,109,0.8582677165354331,0.968503937007874,123.0,0.9822834645669292,124.75
127,8,1016,856,0.84251968503937,160,0.15748031496062992,2,572daf95c833baf0dcec,127,56,0.4409448818897638,127,102,0.8031496062992126,0.9562554680664915,121.44444444444444,0.9753937007874016,123.875
127,8,1016,795,0.78248031496063,221,0.21751968503937008,3,572daf95c833baf0dcec,127,42,0.33070866141732286,127,102,0.8031496062992126,0.9534558180227473,121.08888888888889,0.9734251968503937,123.625
127,8,1016,849,0.8356299212598425,167,0.1643700787401575,4,572daf95c833baf0dcec,127,58,0.4566929133858268,127,107,0.84251968503937,0.9650043744531932,122.55555555555556,0.9803149606299213,124.5
127,8,1016,889,0.875,127,0.125,0,5750a3c2228713c9691c,127,71,0.5590551181102362,127,113,0.889763779527559,0.9755030621172354,123.88888888888889,0.9862204724409449,125.25
127,8,1016,864,0.8503937007874016,152,0.14960629921259844,1,5750a3c2228713c9691c,127,66,0.5196850393700787,127,109,0.8582677165354331,0.968503937007874,123.0,0.9822834645669292,124.75
127,8,1016,845,0.8316929133858267,171,0.16830708661417323,2,5750a3c2228713c9691c,127,56,0.4409448818897638,127,102,0.8031496062992126,0.9562554680664918,121.44444444444444,0.9753937007874016,123.875
127,8,1016,777,0.764763779527559,239,0.23523622047244094,3,5750a3c2228713c9691c,127,36,0.28346456692913385,127,90,0.7086614173228346,0.9338582677165354,118.6,0.9625984251968503,122.25
127,8,1016,790,0.7775590551181102,226,0.22244094488188976,4,5750a3c2228713c9691c,127,44,0.3464566929133858,127,101,0.7952755905511811,0.9503062117235346,120.68888888888888,0.9714566929133859,123.375
127,8,1016,898,0.8838582677165354,118,0.11614173228346457,0,5754022ce0fec55bb119,127,72,0.5669291338582677,127,109,0.8582677165354331,0.968503937007874,123.0,0.9822834645669292,124.75
127,8,1016,881,0.8671259842519685,135,0.1328740157480315,1,5754022ce0fec55bb119,127,63,0.49606299212598426,127,103,0.8110236220472441,0.9580052493438318,121.66666666666667,0.9763779527559056,124.0
127,8,1016,868,0.8543307086614174,148,0.14566929133858267,2,5754022ce0fec55bb119,127,62,0.4881889763779528,127,111,0.8740157480314961,0.9720034995625547,123.44444444444444,0.984251968503937,125.0
127,8,1016,794,0.781496062992126,222,0.21850393700787402,3,5754022ce0fec55bb119,127,39,0.30708661417322836,127,96,0.7559055118110236,0.9415573053368329,119.57777777777778,0.9665354330708661,122.75
127,8,1016,852,0.8385826771653543,164,0.16141732283464566,4,5754022ce0fec55bb119,127,56,0.4409448818897638,127,107,0.84251968503937,0.9650043744531934,122.55555555555556,0.9803149606299213,124.5
127,8,1016,881,0.8671259842519685,135,0.1328740157480315,0,576abc56eb013481cc99,127,67,0.5275590551181102,127,107,0.84251968503937,0.9650043744531933,122.55555555555556,0.9803149606299213,124.5
127,8,1016,885,0.8710629921259843,131,0.12893700787401574,1,576abc56eb013481cc99,127,71,0.5590551181102362,127,112,0.8818897637795275,0.9723534558180227,123.4888888888889,0.984251968503937,125.0
127,8,1016,841,0.827755905511811,175,0.17224409448818898,2,576abc56eb013481cc99,127,53,0.41732283464566927,127,99,0.7795275590551181,0.9510061242344706,120.77777777777777,0.9724409448818898,123.5
127,8,1016,800,0.7874015748031497,216,0.2125984251968504,3,576abc56eb013481cc99,127,43,0.33858267716535434,127,98,0.7716535433070866,0.9478565179352582,120.37777777777778,0.9704724409448819,123.25
127,8,1016,861,0.8474409448818898,155,0.15255905511811024,4,576abc56eb013481cc99,127,63,0.49606299212598426,127,102,0.8031496062992126,0.9562554680664916,121.44444444444444,0.9753937007874016,123.875
127,8,1016,902,0.8877952755905512,114,0.11220472440944881,0,577f7dc3d68b30d7d530,127,73,0.5748031496062992,127,112,0.8818897637795275,0.9737532808398952,123.66666666666667,0.985236220472441,125.125
127,8,1016,869,0.8553149606299213,147,0.14468503937007873,1,577f7dc3d68b30d7d530,127,62,0.4881889763779528,127,108,0.8503937007874016,0.9639545056867891,122.42222222222222,0.9793307086614174,124.375
127,8,1016,871,0.8572834645669292,145,0.14271653543307086,2,577f7dc3d68b30d7d530,127,58,0.4566929133858268,127,103,0.8110236220472441,0.9580052493438318,121.66666666666667,0.9763779527559056,124.0
127,8,1016,819,0.8061023622047244,197,0.19389763779527558,3,577f7dc3d68b30d7d530,127,46,0.36220472440944884,127,93,0.7322834645669292,0.9391076115485563,119.26666666666667,0.9655511811023622,122.625
127,8,1016,799,0.7864173228346457,217,0.21358267716535434,4,577f7dc3d68b30d7d530,127,42,0.33070866141732286,127,91,0.7165354330708661,0.9356080489938756,118.82222222222222,0.9635826771653543,122.375
127,8,1016,875,0.8612204724409449,141,0.13877952755905512,0,57af939a4f6a2c71354f,127,66,0.5196850393700787,127,111,0.8740157480314961,0.9720034995625547,123.44444444444444,0.984251968503937,125.0
127,8,1016,879,0.8651574803149606,137,0.13484251968503938,1,57af939a4f6a2c71354f,127,66,0.5196850393700787,127,105,0.8267716535433071,0.9615048118985126,122.11111111111111,0.9783464566929134,124.25
127,8,1016,857,0.843503937007874,159,0.15649606299212598,2,57af939a4f6a2c71354f,127,57,0.44881889763779526,127,101,0.7952755905511811,0.9545056867891514,121.22222222222223,0.9744094488188977,123.75
127,8,1016,826,0.812992125984252,190,0.18700787401574803,3,57af939a4f6a2c71354f,127,46,0.36220472440944884,127,100,0.7874015748031497,0.952755905511811,121.0,0.9734251968503937,123.625
127,8,1016,833,0.8198818897637795,183,0.18011811023622049,4,57af939a4f6a2c71354f,127,53,0.41732283464566927,127,99,0.7795275590551181,0.9510061242344706,120.77777777777777,0.9724409448818898,123.5
127,8,1016,893,0.8789370078740157,123,0.12106299212598425,0,57d451e1c5ecea5de61e,127,75,0.5905511811023622,127,118,0.9291338582677166,0.984251968503937,125.0,0.9911417322834646,125.875
127,8,1016,883,0.8690944881889764,133,0.1309055118110236,1,57d451e1c5ecea5de61e,127,68,0.5354330708661418,127,104,0.8188976377952756,0.9583552055993001,121.71111111111111,0.9763779527559056,124.0
127,8,1016,844,0.8307086614173228,172,0.16929133858267717,2,57d451e1c5ecea5de61e,127,57,0.44881889763779526,127,106,0.8346456692913385,0.9618547681539806,122.15555555555555,0.9783464566929134,124.25
127,8,1016,818,0.8051181102362205,198,0.19488188976377951,3,57d451e1c5ecea5de61e,127,54,0.4251968503937008,127,99,0.7795275590551181,0.9496062992125983,120.6,0.9714566929133859,123.375
127,8,1016,842,0.8287401574803149,174,0.17125984251968504,4,57d451e1c5ecea5de61e,127,58,0.4566929133858268,127,105,0.8267716535433071,0.9615048118985124,122.11111111111111,0.9783464566929134,124.25
127,8,1016,897,0.8828740157480315,119,0.1171259842519685,0,57d5b15e2cfbc32b03b6,127,74,0.5826771653543307,127,108,0.8503937007874016,0.9667541557305338,122.77777777777777,0.9812992125984252,124.625
127,8,1016,851,0.8375984251968503,165,0.1624015748031496,1,57d5b15e2cfbc32b03b6,127,57,0.44881889763779526,127,110,0.8661417322834646,0.9702537182852145,123.22222222222223,0.9832677165354331,124.875
127,8,1016,807,0.7942913385826772,209,0.20570866141732283,2,57d5b15e2cfbc32b03b6,127,50,0.3937007874015748,127,100,0.7874015748031497,0.952755905511811,121.0,0.9734251968503937,123.625
127,8,1016,816,0.8031496062992126,200,0.1968503937007874,3,57d5b15e2cfbc32b03b6,127,50,0.3937007874015748,127,101,0.7952755905511811,0.9545056867891512,121.22222222222223,0.9744094488188977,123.75
127,8,1016,848,0.8346456692913385,168,0.16535433070866143,4,57d5b15e2cfbc32b03b6,127,53,0.41732283464566927,127,100,0.7874015748031497,0.9513560804899388,120.82222222222222,0.9724409448818898,123.5
127,8,1016,895,0.8809055118110236,121,0.11909448818897637,0,57ddda820206cc96a7fb,127,74,0.5826771653543307,127,117,0.9212598425196851,0.9825021872265968,124.77777777777777,0.9901574803149606,125.75
127,8,1016,878,0.8641732283464567,138,0.13582677165354332,1,57ddda820206cc96a7fb,127,67,0.5275590551181102,127,106,0.8346456692913385,0.9632545931758528,122.33333333333333,0.9793307086614174,124.375
127,8,1016,857,0.843503937007874,159,0.15649606299212598,2,57ddda820206cc96a7fb,127,58,0.4566929133858268,127,99,0.7795275590551181,0.9510061242344707,120.77777777777777,0.9724409448818898,123.5
127,8,1016,798,0.7854330708661418,218,0.21456692913385828,3,57ddda820206cc96a7fb,127,41,0.3228346456692913,127,102,0.8031496062992126,0.9562554680664918,121.44444444444444,0.9753937007874016,123.875
127,8,1016,799,0.7864173228346457,217,0.21358267716535434,4,57ddda820206cc96a7fb,127,45,0.3543307086614173,127,102,0.8031496062992126,0.9548556430446196,121.26666666666667,0.9744094488188977,123.75
127,8,1016,928,0.9133858267716536,88,0.08661417322834646,0,57e5edfe4bfdc595b137,127,91,0.7165354330708661,127,117,0.9212598425196851,0.9825021872265968,124.77777777777777,0.9901574803149606,125.75
127,8,1016,882,0.8681102362204725,134,0.13188976377952755,1,57e5edfe4bfdc595b137,127,71,0.5590551181102362,127,114,0.8976377952755905,0.9772528433945757,124.11111111111111,0.9872047244094488,125.375
127,8,1016,843,0.8297244094488189,173,0.1702755905511811,2,57e5edfe4bfdc595b137,127,60,0.47244094488188976,127,101,0.7952755905511811,0.9503062117235344,120.68888888888888,0.9714566929133859,123.375
127,8,1016,806,0.7933070866141733,210,0.20669291338582677,3,57e5edfe4bfdc595b137,127,45,0.3543307086614173,127,97,0.7637795275590551,0.9475065616797901,120.33333333333333,0.9704724409448819,123.25
127,8,1016,837,0.8238188976377953,179,0.17618110236220472,4,57e5edfe4bfdc595b137,127,56,0.4409448818897638,127,102,0.8031496062992126,0.9548556430446193,121.26666666666667,0.9744094488188977,123.75
127,8,1016,914,0.8996062992125984,102,0.10039370078740158,0,582f0c06c4b95909a244,127,80,0.6299212598425197,127,119,0.937007874015748,0.9860017497812774,125.22222222222223,0.9921259842519685,126.0
127,8,1016,895,0.8809055118110236,121,0.11909448818897637,1,582f0c06c4b95909a244,127,70,0.5511811023622047,127,112,0.8818897637795275,0.9737532808398952,123.66666666666667,0.985236220472441,125.125
127,8,1016,876,0.8622047244094488,140,0.1377952755905512,2,582f0c06c4b95909a244,127,70,0.5511811023622047,127,109,0.8582677165354331,0.968503937007874,123.0,0.9822834645669292,124.75
127,8,1016,797,0.7844488188976378,219,0.2155511811023622,3,582f0c06c4b95909a244,127,51,0.4015748031496063,127,94,0.7401574803149606,0.942257217847769,119.66666666666667,0.96751968503937,122.875
127,8,1016,835,0.8218503937007874,181,0.1781496062992126,4,582f0c06c4b95909a244,127,52,0.4094488188976378,127,100,0.7874015748031497,0.952755905511811,121.0,0.9734251968503937,123.625
127,8,1016,873,0.859251968503937,143,0.140748031496063,0,599a31b37ae05ff0a075,127,62,0.4881889763779528,127,120,0.9448818897637795,0.9877515310586177,125.44444444444444,0.9931102362204725,126.125
127,8,1016,866,0.8523622047244095,150,0.14763779527559054,1,599a31b37ae05ff0a075,127,66,0.5196850393700787,127,107,0.84251968503937,0.9650043744531934,122.55555555555556,0.9803149606299213,124.5
127,8,1016,847,0.8336614173228346,169,0.16633858267716536,2,599a31b37ae05ff0a075,127,58,0.4566929133858268,127,100,0.7874015748031497,0.9513560804899388,120.82222222222222,0.9724409448818898,123.5
127,8,1016,793,0.780511811023622,223,0.21948818897637795,3,599a31b37ae05ff0a075,127,46,0.36220472440944884,127,106,0.8346456692913385,0.9590551181102361,121.8,0.9763779527559056,124.0
127,8,1016,826,0.812992125984252,190,0.18700787401574803,4,599a31b37ae05ff0a075,127,52,0.4094488188976378,127,100,0.7874015748031497,0.952755905511811,121.0,0.9734251968503937,123.625
127,8,1016,942,0.9271653543307087,74,0.07283464566929133,0,5a3c286bbd77c07c6f95,127,92,0.7244094488188977,127,119,0.937007874015748,0.9860017497812774,125.22222222222223,0.9921259842519685,126.0
127,8,1016,889,0.875,127,0.125,1,5a3c286bbd77c07c6f95,127,71,0.5590551181102362,127,109,0.8582677165354331,0.9685039370078742,123.0,0.9822834645669292,124.75
127,8,1016,847,0.8336614173228346,169,0.16633858267716536,2,5a3c286bbd77c07c6f95,127,54,0.4251968503937008,127,102,0.8031496062992126,0.9562554680664918,121.44444444444444,0.9753937007874016,123.875
127,8,1016,789,0.7765748031496063,227,0.2234251968503937,3,5a3c286bbd77c07c6f95,127,47,0.3700787401574803,127,103,0.8110236220472441,0.958005249343832,121.66666666666667,0.9763779527559056,124.0
127,8,1016,842,0.8287401574803149,174,0.17125984251968504,4,5a3c286bbd77c07c6f95,127,50,0.3937007874015748,127,92,0.7244094488188977,0.9359580052493439,118.86666666666666,0.9635826771653543,122.375
127,8,1016,900,0.8858267716535433,116,0.1141732283464567,0,5a7f4b624dd1ca1761ad,127,76,0.5984251968503937,127,114,0.8976377952755905,0.9772528433945757,124.11111111111111,0.9872047244094488,125.375
127,8,1016,882,0.8681102362204725,134,0.13188976377952755,1,5a7f4b624dd1ca1761ad,127,70,0.5511811023622047,127,112,0.8818897637795275,0.973753280839895,123.66666666666667,0.985236220472441,125.125
127,8,1016,832,0.8188976377952756,184,0.18110236220472442,2,5a7f4b624dd1ca1761ad,127,52,0.4094488188976378,127,107,0.84251968503937,0.9650043744531934,122.55555555555556,0.9803149606299213,124.5
127,8,1016,838,0.8248031496062992,178,0.17519685039370078,3,5a7f4b624dd1ca1761ad,127,49,0.3858267716535433,127,101,0.7952755905511811,0.9531058617672792,121.04444444444445,0.9734251968503937,123.625
127,8,1016,795,0.78248031496063,221,0.21751968503937008,4,5a7f4b624dd1ca1761ad,127,41,0.3228346456692913,127,95,0.7480314960629921,0.9440069991251093,119.88888888888889,0.968503937007874,123.0
127,8,1016,883,0.8690944881889764,133,0.1309055118110236,0,5ab0933af53af7ecae2c,127,65,0.5118110236220472,127,104,0.8188976377952756,0.9583552055993001,121.71111111111111,0.9763779527559056,124.0
127,8,1016,857,0.843503937007874,159,0.15649606299212598,1,5ab0933af53af7ecae2c,127,65,0.5118110236220472,127,108,0.8503937007874016,0.9653543307086614,122.6,0.9803149606299213,124.5
127,8,1016,839,0.8257874015748031,177,0.17421259842519685,2,5ab0933af53af7ecae2c,127,57,0.44881889763779526,127,107,0.84251968503937,0.963604549431321,122.37777777777778,0.9793307086614174,124.375
127,8,1016,813,0.8001968503937008,203,0.19980314960629922,3,5ab0933af53af7ecae2c,127,48,0.3779527559055118,127,92,0.7244094488188977,0.9373578302712161,119.04444444444445,0.9645669291338582,122.5
127,8,1016,783,0.7706692913385826,233,0.22933070866141733,4,5ab0933af53af7ecae2c,127,45,0.3543307086614173,127,101,0.7952755905511811,0.9545056867891514,121.22222222222223,0.9744094488188977,123.75
127,8,1016,897,0.8828740157480315,119,0.1171259842519685,0,5ab1ae48cf3d0e3431f0,127,72,0.5669291338582677,127,111,0.8740157480314961,0.9720034995625548,123.44444444444444,0.984251968503937,125.0
127,8,1016,892,0.8779527559055118,124,0.1220472440944882,1,5ab1ae48cf3d0e3431f0,127,72,0.5669291338582677,127,112,0.8818897637795275,0.9737532808398951,123.66666666666667,0.985236220472441,125.125
127,8,1016,832,0.8188976377952756,184,0.18110236220472442,2,5ab1ae48cf3d0e3431f0,127,50,0.3937007874015748,127,94,0.7401574803149606,0.942257217847769,119.66666666666667,0.96751968503937,122.875
127,8,1016,785,0.7726377952755905,231,0.22736220472440946,3,5ab1ae48cf3d0e3431f0,127,38,0.2992125984251969,127,105,0.8267716535433071,0.9615048118985127,122.11111111111111,0.9783464566929134,124.25
127,8,1016,850,0.8366141732283464,166,0.16338582677165353,4,5ab1ae48cf3d0e3431f0,127,55,0.4330708661417323,127,102,0.8031496062992126,0.9562554680664916,121.44444444444444,0.9753937007874016,123.875
127,8,1016,911,0.8966535433070866,105,0.10334645669291338,0,5ab8d349fa9b77ccf269,127,78,0.6141732283464567,127,113,0.889763779527559,0.9741032370953632,123.71111111111111,0.985236220472441,125.125
127,8,1016,870,0.8562992125984252,146,0.1437007874015748,1,5ab8d349fa9b77ccf269,127,67,0.5275590551181102,127,106,0.8346456692913385,0.9632545931758529,122.33333333333333,0.9793307086614174,124.375
127,8,1016,862,0.8484251968503937,154,0.1515748031496063,2,5ab8d349fa9b77ccf269,127,59,0.4645669291338583,127,102,0.8031496062992126,0.9548556430446195,121.26666666666667,0.9744094488188977,123.75
127,8,1016,836,0.8228346456692913,180,0.17716535433070865,3,5ab8d349fa9b77ccf269,127,56,0.4409448818897638,127,105,0.8267716535433071,0.957305336832896,121.57777777777778,0.9753937007874016,123.875
127,8,1016,873,0.859251968503937,143,0.140748031496063,4,5ab8d349fa9b77ccf269,127,63,0.49606299212598426,127,99,0.7795275590551181,0.9510061242344706,120.77777777777777,0.9724409448818898,123.5
127,8,1016,880,0.8661417322834646,136,0.13385826771653545,0,5abaf978363d8e88c99e,127,69,0.5433070866141733,127,113,0.889763779527559,0.9755030621172354,123.88888888888889,0.9862204724409449,125.25
127,8,1016,882,0.8681102362204725,134,0.13188976377952755,1,5abaf978363d8e88c99e,127,68,0.5354330708661418,127,112,0.8818897637795275,0.9737532808398951,123.66666666666667,0.985236220472441,125.125
127,8,1016,819,0.8061023622047244,197,0.19389763779527558,2,5abaf978363d8e88c99e,127,45,0.3543307086614173,127,100,0.7874015748031497,0.952755905511811,121.0,0.9734251968503937,123.625
127,8,1016,775,0.7627952755905512,241,0.2372047244094488,3,5abaf978363d8e88c99e,127,45,0.3543307086614173,127,103,0.8110236220472441,0.9566054243219598,121.4888888888889,0.9753937007874016,123.875
127,8,1016,836,0.8228346456692913,180,0.17716535433070865,4,5abaf978363d8e88c99e,127,56,0.4409448818897638,127,106,0.8346456692913385,0.9618547681539807,122.15555555555555,0.9783464566929134,124.25
127,8,1016,913,0.8986220472440944,103,0.10137795275590551,0,5b5d918703c22348809f,127,81,0.6377952755905512,127,116,0.9133858267716536,0.9807524059492565,124.55555555555556,0.9891732283464567,125.625
127,8,1016,881,0.8671259842519685,135,0.1328740157480315,1,5b5d918703c22348809f,127,74,0.5826771653543307,127,120,0.9448818897637795,0.9877515310586178,125.44444444444444,0.9931102362204725,126.125
127,8,1016,857,0.843503937007874,159,0.15649606299212598,2,5b5d918703c22348809f,127,66,0.5196850393700787,127,98,0.7716535433070866,0.9492563429571304,120.55555555555556,0.9714566929133859,123.375
127,8,1016,824,0.8110236220472441,192,0.1889763779527559,3,5b5d918703c22348809f,127,52,0.4094488188976378,127,98,0.7716535433070866,0.9478565179352583,120.37777777777778,0.9704724409448819,123.25
127,8,1016,837,0.8238188976377953,179,0.17618110236220472,4,5b5d918703c22348809f,127,56,0.4409448818897638,127,104,0.8188976377952756,0.9583552055993001,121.71111111111111,0.9763779527559056,124.0
127,8,1016,892,0.8779527559055118,124,0.1220472440944882,0,5b71b71b3bd4a0357b83,127,68,0.5354330708661418,127,111,0.8740157480314961,0.9706036745406824,123.26666666666667,0.9832677165354331,124.875
127,8,1016,868,0.8543307086614174,148,0.14566929133858267,1,5b71b71b3bd4a0357b83,127,66,0.5196850393700787,127,107,0.84251968503937,0.9650043744531934,122.55555555555556,0.9803149606299213,124.5
127,8,1016,848,0.8346456692913385,168,0.16535433070866143,2,5b71b71b3bd4a0357b83,127,53,0.41732283464566927,127,108,0.8503937007874016,0.9667541557305338,122.77777777777777,0.9812992125984252,124.625
127,8,1016,790,0.7775590551181102,226,0.22244094488188976,3,5b71b71b3bd4a0357b83,127,36,0.28346456692913385,127,95,0.7480314960629921,0.940062037699833,119.38787878787879,0.9655511811023622,122.625
127,8,1016,840,0.8267716535433071,176,0.1732283464566929,4,5b71b71b3bd4a0357b83,127,56,0.4409448818897638,127,101,0.7952755905511811,0.9503062117235346,120.68888888888888,0.9714566929133859,123.375
127,8,1016,920,0.905511811023622,96,0.09448818897637795,0,5b841a26c13cf33684e6,127,81,0.6377952755905512,127,114,0.8976377952755905,0.9772528433945757,124.11111111111111,0.9872047244094488,125.375
127,8,1016,878,0.8641732283464567,138,0.13582677165354332,1,5b841a26c13cf33684e6,127,71,0.5590551181102362,127,111,0.8740157480314961,0.9706036745406825,123.26666666666667,0.9832677165354331,124.875
127,8,1016,879,0.8651574803149606,137,0.13484251968503938,2,5b841a26c13cf33684e6,127,62,0.4881889763779528,127,107,0.84251968503937,0.9650043744531933,122.55555555555556,0.9803149606299213,124.5
127,8,1016,814,0.8011811023622047,202,0.19881889763779528,3,5b841a26c13cf33684e6,127,45,0.3543307086614173,127,95,0.7480314960629921,0.9440069991251095,119.88888888888889,0.968503937007874,123.0
127,8,1016,834,0.8208661417322834,182,0.17913385826771652,4,5b841a26c13cf33684e6,127,56,0.4409448818897638,127,105,0.8267716535433071,0.9601049868766405,121.93333333333334,0.9773622047244095,124.125
127,8,1016,893,0.8789370078740157,123,0.12106299212598425,0,5bb673414bc8cc2d2e9e,127,71,0.5590551181102362,127,114,0.8976377952755905,0.9772528433945757,124.11111111111111,0.9872047244094488,125.375
127,8,1016,898,0.8838582677165354,118,0.11614173228346457,1,5bb673414bc8cc2d2e9e,127,69,0.5433070866141733,127,107,0.84251968503937,0.9650043744531933,122.55555555555556,0.9803149606299213,124.5
127,8,1016,850,0.8366141732283464,166,0.16338582677165353,2,5bb673414bc8cc2d2e9e,127,56,0.4409448818897638,127,111,0.8740157480314961,0.9720034995625548,123.44444444444444,0.984251968503937,125.0
127,8,1016,867,0.8533464566929134,149,0.1466535433070866,3,5bb673414bc8cc2d2e9e,127,69,0.5433070866141733,127,104,0.8188976377952756,0.9597550306211723,121.88888888888889,0.9773622047244095,124.125
127,8,1016,841,0.827755905511811,175,0.17224409448818898,4,5bb673414bc8cc2d2e9e,127,56,0.4409448818897638,127,97,0.7637795275590551,0.94750656167979,120.33333333333333,0.9704724409448819,123.25
127,8,1016,925,0.9104330708661418,91,0.08956692913385826,0,5bb9a04de1014f32efd5,127,83,0.6535433070866141,127,112,0.8818897637795275,0.9737532808398951,123.66666666666667,0.985236220472441,125.125
127,8,1016,868,0.8543307086614174,148,0.14566929133858267,1,5bb9a04de1014f32efd5,127,64,0.5039370078740157,127,110,0.8661417322834646,0.9702537182852145,123.22222222222223,0.9832677165354331,124.875
127,8,1016,824,0.8110236220472441,192,0.1889763779527559,2,5bb9a04de1014f32efd5,127,50,0.3937007874015748,127,100,0.7874015748031497,0.952755905511811,121.0,0.9734251968503937,123.625
127,8,1016,828,0.8149606299212598,188,0.18503937007874016,3,5bb9a04de1014f32efd5,127,52,0.4094488188976378,127,103,0.8110236220472441,0.9580052493438319,121.66666666666667,0.9763779527559056,124.0
127,8,1016,835,0.8218503937007874,181,0.1781496062992126,4,5bb9a04de1014f32efd5,127,49,0.3858267716535433,127,101,0.7952755905511811,0.9545056867891512,121.22222222222223,0.9744094488188977,123.75
127,8,1016,900,0.8858267716535433,116,0.1141732283464567,0,5bcb6e9f461feb294c87,127,75,0.5905511811023622,127,115,0.905511811023622,0.9776027996500438,124.15555555555555,0.9872047244094488,125.375
127,8,1016,878,0.8641732283464567,138,0.13582677165354332,1,5bcb6e9f461feb294c87,127,64,0.5039370078740157,127,108,0.8503937007874016,0.9667541557305337,122.77777777777777,0.9812992125984252,124.625
127,8,1016,870,0.8562992125984252,146,0.1437007874015748,2,5bcb6e9f461feb294c87,127,63,0.49606299212598426,127,100,0.7874015748031497,0.952755905511811,121.0,0.9734251968503937,123.625
127,8,1016,815,0.8021653543307087,201,0.19783464566929135,3,5bcb6e9f461feb294c87,127,47,0.3700787401574803,127,98,0.7716535433070866,0.9492563429571302,120.55555555555556,0.9714566929133859,123.375
127,8,1016,863,0.8494094488188977,153,0.15059055118110237,4,5bcb6e9f461feb294c87,127,60,0.47244094488188976,127,108,0.8503937007874016,0.9653543307086614,122.6,0.9803149606299213,124.5
127,8,1016,885,0.8710629921259843,131,0.12893700787401574,0,5c3e9712863ad17fe87b,127,70,0.5511811023622047,127,114,0.8976377952755905,0.9772528433945757,124.11111111111111,0.9872047244094488,125.375
127,8,1016,880,0.8661417322834646,136,0.13385826771653545,1,5c3e9712863ad17fe87b,127,67,0.5275590551181102,127,105,0.8267716535433071,0.9601049868766405,121.93333333333334,0.9773622047244095,124.125
127,8,1016,850,0.8366141732283464,166,0.16338582677165353,2,5c3e9712863ad17fe87b,127,60,0.47244094488188976,127,98,0.7716535433070866,0.9492563429571302,120.55555555555556,0.9714566929133859,123.375
127,8,1016,783,0.7706692913385826,233,0.22933070866141733,3,5c3e9712863ad17fe87b,127,31,0.2440944881889764,127,95,0.7480314960629921,0.942607174103237,119.71111111111111,0.96751968503937,122.875
127,8,1016,806,0.7933070866141733,210,0.20669291338582677,4,5c3e9712863ad17fe87b,127,46,0.36220472440944884,127,101,0.7952755905511811,0.9545056867891514,121.22222222222223,0.9744094488188977,123.75
127,8,1016,888,0.8740157480314961,128,0.12598425196850394,0,5cc3b2ea8220fee25c5a,127,67,0.5275590551181102,127,110,0.8661417322834646,0.9702537182852145,123.22222222222223,0.9832677165354331,124.875
127,8,1016,894,0.8799212598425197,122,0.12007874015748031,1,5cc3b2ea8220fee25c5a,127,70,0.5511811023622047,127,111,0.8740157480314961,0.9720034995625547,123.44444444444444,0.984251968503937,125.0
127,8,1016,858,0.844488188976378,158,0.15551181102362205,2,5cc3b2ea8220fee25c5a,127,58,0.4566929133858268,127,103,0.8110236220472441,0.958005249343832,121.66666666666667,0.9763779527559056,124.0
127,8,1016,809,0.7962598425196851,207,0.20374015748031496,3,5cc3b2ea8220fee25c5a,127,46,0.36220472440944884,127,95,0.7480314960629921,0.9440069991251093,119.88888888888889,0.968503937007874,123.0
127,8,1016,831,0.8179133858267716,185,0.18208661417322836,4,5cc3b2ea8220fee25c5a,127,49,0.3858267716535433,127,97,0.7637795275590551,0.9447069116360455,119.97777777777777,0.968503937007874,123.0
100,8,800,702,0.8775,98,0.1225,0,5ccc53138865441b7e9c,100,59,0.59,100,89,0.89,0.9755555555555554,97.55555555555556,0.98625,98.625
100,8,800,714,0.8925,86,0.1075,1,5ccc53138865441b7e9c,100,57,0.57,100,90,0.9,0.9777777777777777,97.77777777777777,0.9875,98.75
100,8,800,679,0.84875,121,0.15125,2,5ccc53138865441b7e9c,100,48,0.48,100,81,0.81,0.9577777777777778,95.77777777777777,0.97625,97.625
100,8,800,637,0.79625,163,0.20375,3,5ccc53138865441b7e9c,100,31,0.31,100,67,0.67,0.9266666666666665,92.66666666666667,0.95875,95.875
100,8,800,671,0.83875,129,0.16125,4,5ccc53138865441b7e9c,100,47,0.47,100,82,0.82,0.96,96.0,0.9775,97.75
127,8,1016,895,0.8809055118110236,121,0.11909448818897637,0,5ce1aa69b2eabf0ab880,127,71,0.5590551181102362,127,116,0.9133858267716536,0.9807524059492564,124.55555555555556,0.9891732283464567,125.625
127,8,1016,875,0.8612204724409449,141,0.13877952755905512,1,5ce1aa69b2eabf0ab880,127,68,0.5354330708661418,127,106,0.8346456692913385,0.9618547681539809,122.15555555555555,0.9783464566929134,124.25
127,8,1016,843,0.8297244094488189,173,0.1702755905511811,2,5ce1aa69b2eabf0ab880,127,61,0.48031496062992124,127,106,0.8346456692913385,0.9632545931758529,122.33333333333333,0.9793307086614174,124.375
127,8,1016,798,0.7854330708661418,218,0.21456692913385828,3,5ce1aa69b2eabf0ab880,127,47,0.3700787401574803,127,98,0.7716535433070866,0.9464566929133856,120.2,0.969488188976378,123.125
127,8,1016,837,0.8238188976377953,179,0.17618110236220472,4,5ce1aa69b2eabf0ab880,127,52,0.4094488188976378,127,101,0.7952755905511811,0.9545056867891514,121.22222222222223,0.9744094488188977,123.75
127,8,1016,886,0.8720472440944882,130,0.1279527559055118,0,5d6436da268b099bc9ae,127,69,0.5433070866141733,127,113,0.889763779527559,0.9755030621172354,123.88888888888889,0.9862204724409449,125.25
127,8,1016,859,0.8454724409448819,157,0.1545275590551181,1,5d6436da268b099bc9ae,127,60,0.47244094488188976,127,110,0.8661417322834646,0.968853893263342,123.04444444444445,0.9822834645669292,124.75
127,8,1016,850,0.8366141732283464,166,0.16338582677165353,2,5d6436da268b099bc9ae,127,63,0.49606299212598426,127,104,0.8188976377952756,0.9597550306211721,121.88888888888889,0.9773622047244095,124.125
127,8,1016,839,0.8257874015748031,177,0.17421259842519685,3,5d6436da268b099bc9ae,127,57,0.44881889763779526,127,101,0.7952755905511811,0.9517060367454068,120.86666666666666,0.9724409448818898,123.5
127,8,1016,852,0.8385826771653543,164,0.16141732283464566,4,5d6436da268b099bc9ae,127,53,0.41732283464566927,127,101,0.7952755905511811,0.9545056867891514,121.22222222222223,0.9744094488188977,123.75
127,8,1016,915,0.9005905511811023,101,0.09940944881889764,0,5d954451505bcd01a0b6,127,82,0.6456692913385826,127,115,0.905511811023622,0.9790026246719161,124.33333333333333,0.9881889763779528,125.5
127,8,1016,875,0.8612204724409449,141,0.13877952755905512,1,5d954451505bcd01a0b6,127,64,0.5039370078740157,127,110,0.8661417322834646,0.9674540682414697,122.86666666666666,0.9812992125984252,124.625
127,8,1016,850,0.8366141732283464,166,0.16338582677165353,2,5d954451505bcd01a0b6,127,51,0.4015748031496063,127,110,0.8661417322834646,0.9702537182852145,123.22222222222223,0.9832677165354331,124.875
127,8,1016,802,0.7893700787401575,214,0.2106299212598425,3,5d954451505bcd01a0b6,127,45,0.3543307086614173,127,100,0.7874015748031497,0.9513560804899388,120.82222222222222,0.9724409448818898,123.5
127,8,1016,835,0.8218503937007874,181,0.1781496062992126,4,5d954451505bcd01a0b6,127,54,0.4251968503937008,127,99,0.7795275590551181,0.9510061242344707,120.77777777777777,0.9724409448818898,123.5
127,8,1016,897,0.8828740157480315,119,0.1171259842519685,0,5dc2433ac93e3f045e6f,127,72,0.5669291338582677,127,111,0.8740157480314961,0.9720034995625547,123.44444444444444,0.984251968503937,125.0
127,8,1016,883,0.8690944881889764,133,0.1309055118110236,1,5dc2433ac93e3f045e6f,127,68,0.5354330708661418,127,107,0.84251968503937,0.9650043744531932,122.55555555555556,0.9803149606299213,124.5
127,8,1016,864,0.8503937007874016,152,0.14960629921259844,2,5dc2433ac93e3f045e6f,127,60,0.47244094488188976,127,93,0.7322834645669292,0.9391076115485565,119.26666666666667,0.9655511811023622,122.625
127,8,1016,780,0.7677165354330708,236,0.23228346456692914,3,5dc2433ac93e3f045e6f,127,42,0.33070866141732286,127,83,0.6535433070866141,0.9188101487314086,116.68888888888888,0.9537401574803149,121.125
127,8,1016,808,0.7952755905511811,208,0.2047244094488189,4,5dc2433ac93e3f045e6f,127,50,0.3937007874015748,127,94,0.7401574803149606,0.9408573928258966,119.4888888888889,0.9665354330708661,122.75
127,8,1016,915,0.9005905511811023,101,0.09940944881889764,0,5dec9ebe264afa9af17b,127,82,0.6456692913385826,127,119,0.937007874015748,0.9860017497812774,125.22222222222223,0.9921259842519685,126.0
127,8,1016,878,0.8641732283464567,138,0.13582677165354332,1,5dec9ebe264afa9af17b,127,70,0.5511811023622047,127,105,0.8267716535433071,0.9615048118985128,122.11111111111111,0.9783464566929134,124.25
127,8,1016,819,0.8061023622047244,197,0.19389763779527558,2,5dec9ebe264afa9af17b,127,50,0.3937007874015748,127,104,0.8188976377952756,0.9583552055993003,121.71111111111111,0.9763779527559056,124.0
127,8,1016,799,0.7864173228346457,217,0.21358267716535434,3,5dec9ebe264afa9af17b,127,45,0.3543307086614173,127,91,0.7165354330708661,0.937007874015748,119.0,0.9645669291338582,122.5
127,8,1016,810,0.797244094488189,206,0.20275590551181102,4,5dec9ebe264afa9af17b,127,44,0.3464566929133858,127,87,0.6850393700787402,0.9272090988626421,117.75555555555556,0.9586614173228346,121.75
127,8,1016,909,0.8946850393700787,107,0.10531496062992125,0,5e4285f7c6a076ba71ba,127,78,0.6141732283464567,127,114,0.8976377952755905,0.9772528433945757,124.11111111111111,0.9872047244094488,125.375
127,8,1016,868,0.8543307086614174,148,0.14566929133858267,1,5e4285f7c6a076ba71ba,127,61,0.48031496062992124,127,106,0.8346456692913385,0.9632545931758529,122.33333333333333,0.9793307086614174,124.375
127,8,1016,846,0.8326771653543307,170,0.1673228346456693,2,5e4285f7c6a076ba71ba,127,59,0.4645669291338583,127,108,0.8503937007874016,0.9667541557305337,122.77777777777777,0.9812992125984252,124.625
127,8,1016,836,0.8228346456692913,180,0.17716535433070865,3,5e4285f7c6a076ba71ba,127,51,0.4015748031496063,127,103,0.8110236220472441,0.9538057742782151,121.13333333333334,0.9734251968503937,123.625
127,8,1016,846,0.8326771653543307,170,0.1673228346456693,4,5e4285f7c6a076ba71ba,127,59,0.4645669291338583,127,99,0.7795275590551181,0.9510061242344706,120.77777777777777,0.9724409448818898,123.5
127,8,1016,825,0.812007874015748,191,0.18799212598425197,0,5e60c1c8b6ea2c098870,127,55,0.4330708661417323,127,100,0.7874015748031497,0.9527559055118112,121.0,0.9734251968503937,123.625
127,8,1016,470,0.4625984251968504,546,0.5374015748031497,1,5e60c1c8b6ea2c098870,127,11,0.08661417322834646,127,34,0.2677165354330709,0.8125825180943289,103.1979797979798,0.890748031496063,113.125
127,8,1016,498,0.49015748031496065,518,0.5098425196850394,2,5e60c1c8b6ea2c098870,127,7,0.05511811023622047,127,29,0.2283464566929134,0.7375964368090349,93.67474747474748,0.8356299212598425,106.125
127,8,1016,456,0.44881889763779526,560,0.5511811023622047,3,5e60c1c8b6ea2c098870,127,5,0.03937007874015748,127,34,0.2677165354330709,0.8083830430287121,102.66464646464647,0.8877952755905512,112.75
127,8,1016,509,0.5009842519685039,507,0.49901574803149606,4,5e60c1c8b6ea2c098870,127,12,0.09448818897637795,127,47,0.3700787401574803,0.8297303746122642,105.37575757575758,0.8996062992125984,114.25
127,8,1016,916,0.9015748031496063,100,0.0984251968503937,0,5ec469aa0ce5140ec633,127,78,0.6141732283464567,127,116,0.9133858267716536,0.9807524059492564,124.55555555555556,0.9891732283464567,125.625
127,8,1016,879,0.8651574803149606,137,0.13484251968503938,1,5ec469aa0ce5140ec633,127,67,0.5275590551181102,127,110,0.8661417322834646,0.9702537182852145,123.22222222222223,0.9832677165354331,124.875
127,8,1016,869,0.8553149606299213,147,0.14468503937007873,2,5ec469aa0ce5140ec633,127,70,0.5511811023622047,127,112,0.8818897637795275,0.9723534558180228,123.4888888888889,0.984251968503937,125.0
127,8,1016,820,0.8070866141732284,196,0.19291338582677164,3,5ec469aa0ce5140ec633,127,45,0.3543307086614173,127,95,0.7480314960629921,0.9440069991251093,119.88888888888889,0.968503937007874,123.0
127,8,1016,833,0.8198818897637795,183,0.18011811023622049,4,5ec469aa0ce5140ec633,127,55,0.4330708661417323,127,100,0.7874015748031497,0.9499562554680665,120.64444444444445,0.9714566929133859,123.375
127,8,1016,769,0.7568897637795275,247,0.24311023622047245,0,5f2bea854f44d77c4f9e,127,49,0.3858267716535433,127,105,0.8267716535433071,0.9601049868766405,121.93333333333334,0.9773622047244095,124.125
127,8,1016,642,0.6318897637795275,374,0.36811023622047245,1,5f2bea854f44d77c4f9e,127,8,0.06299212598425197,127,43,0.33858267716535434,0.8488188976377952,107.8,0.9143700787401575,116.125
127,8,1016,521,0.5127952755905512,495,0.48720472440944884,2,5f2bea854f44d77c4f9e,127,11,0.08661417322834646,127,45,0.3543307086614173,0.8439195100612421,107.17777777777778,0.9104330708661418,115.625
127,8,1016,454,0.4468503937007874,562,0.5531496062992126,3,5f2bea854f44d77c4f9e,127,4,0.031496062992125984,127,43,0.33858267716535434,0.8306211723534558,105.4888888888889,0.9015748031496063,114.5
127,8,1016,493,0.48523622047244097,523,0.514763779527559,4,5f2bea854f44d77c4f9e,127,4,0.031496062992125984,127,42,0.33070866141732286,0.8344706911636044,105.97777777777777,0.9045275590551181,114.875
127,8,1016,933,0.9183070866141733,83,0.08169291338582677,0,5fa103d525773692e93e,127,90,0.7086614173228346,127,119,0.937007874015748,0.9860017497812774,125.22222222222223,0.9921259842519685,126.0
127,8,1016,862,0.8484251968503937,154,0.1515748031496063,1,5fa103d525773692e93e,127,60,0.47244094488188976,127,108,0.8503937007874016,0.9667541557305336,122.77777777777777,0.9812992125984252,124.625
127,8,1016,885,0.8710629921259843,131,0.12893700787401574,2,5fa103d525773692e93e,127,65,0.5118110236220472,127,99,0.7795275590551181,0.9510061242344706,120.77777777777777,0.9724409448818898,123.5
127,8,1016,804,0.7913385826771654,212,0.20866141732283464,3,5fa103d525773692e93e,127,45,0.3543307086614173,127,96,0.7559055118110236,0.9457567804024497,120.11111111111111,0.969488188976378,123.125
127,8,1016,852,0.8385826771653543,164,0.16141732283464566,4,5fa103d525773692e93e,127,55,0.4330708661417323,127,100,0.7874015748031497,0.952755905511811,121.0,0.9734251968503937,123.625
127,8,1016,914,0.8996062992125984,102,0.10039370078740158,0,60211dc01512519f5f6c,127,82,0.6456692913385826,127,117,0.9212598425196851,0.9825021872265968,124.77777777777777,0.9901574803149606,125.75
127,8,1016,848,0.8346456692913385,168,0.16535433070866143,1,60211dc01512519f5f6c,127,52,0.4094488188976378,127,105,0.8267716535433071,0.9615048118985127,122.11111111111111,0.9783464566929134,124.25
127,8,1016,834,0.8208661417322834,182,0.17913385826771652,2,60211dc01512519f5f6c,127,51,0.4015748031496063,127,105,0.8267716535433071,0.9601049868766405,121.93333333333334,0.9773622047244095,124.125
127,8,1016,816,0.8031496062992126,200,0.1968503937007874,3,60211dc01512519f5f6c,127,49,0.3858267716535433,127,99,0.7795275590551181,0.9510061242344706,120.77777777777777,0.9724409448818898,123.5
127,8,1016,868,0.8543307086614174,148,0.14566929133858267,4,60211dc01512519f5f6c,127,61,0.48031496062992124,127,108,0.8503937007874016,0.9667541557305337,122.77777777777777,0.9812992125984252,124.625
127,8,1016,942,0.9271653543307087,74,0.07283464566929133,0,60794c5d59c308b41cfb,127,92,0.7244094488188977,127,119,0.937007874015748,0.9860017497812774,125.22222222222223,0.9921259842519685,126.0
127,8,1016,888,0.8740157480314961,128,0.12598425196850394,1,60794c5d59c308b41cfb,127,68,0.5354330708661418,127,108,0.8503937007874016,0.9667541557305336,122.77777777777777,0.9812992125984252,124.625
127,8,1016,828,0.8149606299212598,188,0.18503937007874016,2,60794c5d59c308b41cfb,127,51,0.4015748031496063,127,100,0.7874015748031497,0.952755905511811,121.0,0.9734251968503937,123.625
127,8,1016,804,0.7913385826771654,212,0.20866141732283464,3,60794c5d59c308b41cfb,127,46,0.36220472440944884,127,96,0.7559055118110236,0.9443569553805775,119.93333333333334,0.968503937007874,123.0
127,8,1016,844,0.8307086614173228,172,0.16929133858267717,4,60794c5d59c308b41cfb,127,58,0.4566929133858268,127,104,0.8188976377952756,0.9583552055993001,121.71111111111111,0.9763779527559056,124.0
127,8,1016,923,0.9084645669291339,93,0.09153543307086615,0,60a014ca03d8b7493ef2,127,87,0.6850393700787402,127,117,0.9212598425196851,0.9825021872265967,124.77777777777777,0.9901574803149606,125.75
127,8,1016,887,0.8730314960629921,129,0.12696850393700787,1,60a014ca03d8b7493ef2,127,66,0.5196850393700787,127,108,0.8503937007874016,0.9667541557305336,122.77777777777777,0.9812992125984252,124.625
127,8,1016,868,0.8543307086614174,148,0.14566929133858267,2,60a014ca03d8b7493ef2,127,56,0.4409448818897638,127,105,0.8267716535433071,0.9615048118985127,122.11111111111111,0.9783464566929134,124.25
127,8,1016,833,0.8198818897637795,183,0.18011811023622049,3,60a014ca03d8b7493ef2,127,55,0.4330708661417323,127,97,0.7637795275590551,0.9433070866141731,119.8,0.96751968503937,122.875
127,8,1016,803,0.7903543307086615,213,0.20964566929133857,4,60a014ca03d8b7493ef2,127,42,0.33070866141732286,127,89,0.7007874015748031,0.9321084864391952,118.37777777777778,0.9616141732283464,122.125
127,8,1016,921,0.906496062992126,95,0.09350393700787402,0,60c5a4f41ae1be2940ff,127,84,0.6614173228346457,127,122,0.9606299212598425,0.9912510936132983,125.88888888888889,0.9950787401574803,126.375
127,8,1016,881,0.8671259842519685,135,0.1328740157480315,1,60c5a4f41ae1be2940ff,127,65,0.5118110236220472,127,108,0.8503937007874016,0.9653543307086614,122.6,0.9803149606299213,124.5
127,8,1016,867,0.8533464566929134,149,0.1466535433070866,2,60c5a4f41ae1be2940ff,127,61,0.48031496062992124,127,103,0.8110236220472441,0.9580052493438321,121.66666666666667,0.9763779527559056,124.0
127,8,1016,827,0.8139763779527559,189,0.1860236220472441,3,60c5a4f41ae1be2940ff,127,49,0.3858267716535433,127,99,0.7795275590551181,0.9496062992125984,120.6,0.9714566929133859,123.375
127,8,1016,824,0.8110236220472441,192,0.1889763779527559,4,60c5a4f41ae1be2940ff,127,50,0.3937007874015748,127,99,0.7795275590551181,0.9510061242344707,120.77777777777777,0.9724409448818898,123.5
127,8,1016,892,0.8779527559055118,124,0.1220472440944882,0,60da264064e9ae3d6aff,127,68,0.5354330708661418,127,108,0.8503937007874016,0.9667541557305338,122.77777777777777,0.9812992125984252,124.625
127,8,1016,884,0.8700787401574803,132,0.12992125984251968,1,60da264064e9ae3d6aff,127,71,0.5590551181102362,127,104,0.8188976377952756,0.9597550306211723,121.88888888888889,0.9773622047244095,124.125
127,8,1016,827,0.8139763779527559,189,0.1860236220472441,2,60da264064e9ae3d6aff,127,50,0.3937007874015748,127,100,0.7874015748031497,0.9499562554680664,120.64444444444445,0.9714566929133859,123.375
127,8,1016,784,0.7716535433070866,232,0.2283464566929134,3,60da264064e9ae3d6aff,127,43,0.33858267716535434,127,101,0.7952755905511811,0.9545056867891514,121.22222222222223,0.9744094488188977,123.75
127,8,1016,802,0.7893700787401575,214,0.2106299212598425,4,60da264064e9ae3d6aff,127,51,0.4015748031496063,127,96,0.7559055118110236,0.9432116439990456,119.78787878787878,0.96751968503937,122.875
127,8,1016,899,0.8848425196850394,117,0.11515748031496063,0,618efcb627bbc74f53f2,127,75,0.5905511811023622,127,116,0.9133858267716536,0.9807524059492565,124.55555555555556,0.9891732283464567,125.625
127,8,1016,871,0.8572834645669292,145,0.14271653543307086,1,618efcb627bbc74f53f2,127,65,0.5118110236220472,127,107,0.84251968503937,0.9650043744531932,122.55555555555556,0.9803149606299213,124.5
127,8,1016,827,0.8139763779527559,189,0.1860236220472441,2,618efcb627bbc74f53f2,127,46,0.36220472440944884,127,101,0.7952755905511811,0.9545056867891514,121.22222222222223,0.9744094488188977,123.75
127,8,1016,835,0.8218503937007874,181,0.1781496062992126,3,618efcb627bbc74f53f2,127,46,0.36220472440944884,127,98,0.7716535433070866,0.9478565179352582,120.37777777777778,0.9704724409448819,123.25
127,8,1016,860,0.8464566929133859,156,0.15354330708661418,4,618efcb627bbc74f53f2,127,57,0.44881889763779526,127,100,0.7874015748031497,0.9499562554680665,120.64444444444445,0.9714566929133859,123.375
119,8,952,858,0.9012605042016807,94,0.09873949579831932,0,61aa77e345b1f02cbb13,119,74,0.6218487394957983,119,110,0.9243697478991597,0.9831932773109243,117.0,0.990546218487395,117.875
119,8,952,819,0.8602941176470589,133,0.13970588235294118,1,61aa77e345b1f02cbb13,119,59,0.4957983193277311,119,103,0.865546218487395,0.9701213818860878,115.44444444444444,0.9831932773109243,117.0
119,8,952,813,0.8539915966386554,139,0.14600840336134455,2,61aa77e345b1f02cbb13,119,57,0.4789915966386555,119,96,0.8067226890756303,0.9570494864612511,113.88888888888889,0.9758403361344538,116.125
119,8,952,781,0.8203781512605042,171,0.1796218487394958,3,61aa77e345b1f02cbb13,119,50,0.42016806722689076,119,95,0.7983193277310925,0.9551820728291316,113.66666666666667,0.9747899159663865,116.0
119,8,952,798,0.8382352941176471,154,0.16176470588235295,4,61aa77e345b1f02cbb13,119,54,0.453781512605042,119,100,0.8403361344537815,0.9645191409897291,114.77777777777777,0.9800420168067226,116.625
127,8,1016,908,0.8937007874015748,108,0.1062992125984252,0,61d3849a193f9e7cabb2,127,79,0.6220472440944882,127,117,0.9212598425196851,0.9825021872265968,124.77777777777777,0.9901574803149606,125.75
127,8,1016,871,0.8572834645669292,145,0.14271653543307086,1,61d3849a193f9e7cabb2,127,63,0.49606299212598426,127,111,0.8740157480314961,0.9720034995625548,123.44444444444444,0.984251968503937,125.0
127,8,1016,856,0.84251968503937,160,0.15748031496062992,2,61d3849a193f9e7cabb2,127,55,0.4330708661417323,127,103,0.8110236220472441,0.9580052493438319,121.66666666666667,0.9763779527559056,124.0
127,8,1016,799,0.7864173228346457,217,0.21358267716535434,3,61d3849a193f9e7cabb2,127,46,0.36220472440944884,127,98,0.7716535433070866,0.9478565179352583,120.37777777777778,0.9704724409448819,123.25
127,8,1016,827,0.8139763779527559,189,0.1860236220472441,4,61d3849a193f9e7cabb2,127,56,0.4409448818897638,127,108,0.8503937007874016,0.9653543307086614,122.6,0.9803149606299213,124.5
127,8,1016,896,0.8818897637795275,120,0.11811023622047244,0,61dad56979eb7448dc31,127,71,0.5590551181102362,127,109,0.8582677165354331,0.968503937007874,123.0,0.9822834645669292,124.75
127,8,1016,885,0.8710629921259843,131,0.12893700787401574,1,61dad56979eb7448dc31,127,73,0.5748031496062992,127,107,0.84251968503937,0.9636045494313211,122.37777777777778,0.9793307086614174,124.375
127,8,1016,848,0.8346456692913385,168,0.16535433070866143,2,61dad56979eb7448dc31,127,53,0.41732283464566927,127,101,0.7952755905511811,0.9545056867891513,121.22222222222223,0.9744094488188977,123.75
127,8,1016,794,0.781496062992126,222,0.21850393700787402,3,61dad56979eb7448dc31,127,40,0.31496062992125984,127,97,0.7637795275590551,0.9435616002545136,119.83232323232323,0.96751968503937,122.875
127,8,1016,829,0.8159448818897638,187,0.18405511811023623,4,61dad56979eb7448dc31,127,55,0.4330708661417323,127,97,0.7637795275590551,0.94750656167979,120.33333333333333,0.9704724409448819,123.25
127,8,1016,918,0.9035433070866141,98,0.09645669291338582,0,62206ac3511509952e6a,127,81,0.6377952755905512,127,121,0.952755905511811,0.989501312335958,125.66666666666667,0.9940944881889764,126.25
127,8,1016,860,0.8464566929133859,156,0.15354330708661418,1,62206ac3511509952e6a,127,62,0.4881889763779528,127,110,0.8661417322834646,0.9702537182852143,123.22222222222223,0.9832677165354331,124.875
127,8,1016,880,0.8661417322834646,136,0.13385826771653545,2,62206ac3511509952e6a,127,72,0.5669291338582677,127,114,0.8976377952755905,0.9772528433945757,124.11111111111111,0.9872047244094488,125.375
127,8,1016,802,0.7893700787401575,214,0.2106299212598425,3,62206ac3511509952e6a,127,44,0.3464566929133858,127,94,0.7401574803149606,0.9408573928258966,119.4888888888889,0.9665354330708661,122.75
127,8,1016,801,0.7883858267716536,215,0.21161417322834647,4,62206ac3511509952e6a,127,46,0.36220472440944884,127,101,0.7952755905511811,0.9517060367454067,120.86666666666666,0.9724409448818898,123.5
127,8,1016,923,0.9084645669291339,93,0.09153543307086615,0,62349ed5700df0f9b090,127,79,0.6220472440944882,127,110,0.8661417322834646,0.9702537182852145,123.22222222222223,0.9832677165354331,124.875
127,8,1016,871,0.8572834645669292,145,0.14271653543307086,1,62349ed5700df0f9b090,127,69,0.5433070866141733,127,111,0.8740157480314961,0.9692038495188102,123.08888888888889,0.9822834645669292,124.75
127,8,1016,845,0.8316929133858267,171,0.16830708661417323,2,62349ed5700df0f9b090,127,59,0.4645669291338583,127,102,0.8031496062992126,0.9562554680664915,121.44444444444444,0.9753937007874016,123.875
127,8,1016,796,0.7834645669291339,220,0.21653543307086615,3,62349ed5700df0f9b090,127,43,0.33858267716535434,127,103,0.8110236220472441,0.958005249343832,121.66666666666667,0.9763779527559056,124.0
127,8,1016,803,0.7903543307086615,213,0.20964566929133857,4,62349ed5700df0f9b090,127,43,0.33858267716535434,127,92,0.7244094488188977,0.9387576552930884,119.22222222222223,0.9655511811023622,122.625
127,8,1016,824,0.8110236220472441,192,0.1889763779527559,0,625ba97508abd5ba47b3,127,46,0.36220472440944884,127,98,0.7716535433070866,0.9492563429571305,120.55555555555556,0.9714566929133859,123.375
127,8,1016,468,0.46062992125984253,548,0.5393700787401575,1,625ba97508abd5ba47b3,127,6,0.047244094488188976,127,28,0.2204724409448819,0.8034836554521592,102.04242424242425,0.8858267716535433,112.5
127,8,1016,508,0.5,508,0.5,2,625ba97508abd5ba47b3,127,10,0.07874015748031496,127,27,0.2125984251968504,0.7342877594846096,93.25454545454545,0.8346456692913385,106.0
127,8,1016,478,0.4704724409448819,538,0.5295275590551181,3,625ba97508abd5ba47b3,127,9,0.07086614173228346,127,43,0.33858267716535434,0.8148413266523501,103.48484848484848,0.889763779527559,113.0
127,8,1016,532,0.5236220472440944,484,0.4763779527559055,4,625ba97508abd5ba47b3,127,6,0.047244094488188976,127,49,0.3858267716535433,0.8257217847769027,104.86666666666666,0.8966535433070866,113.875
127,8,1016,923,0.9084645669291339,93,0.09153543307086615,0,635a84b1fcccb143191a,127,85,0.6692913385826772,127,116,0.9133858267716536,0.9807524059492564,124.55555555555556,0.9891732283464567,125.625
127,8,1016,906,0.8917322834645669,110,0.10826771653543307,1,635a84b1fcccb143191a,127,78,0.6141732283464567,127,117,0.9212598425196851,0.9825021872265968,124.77777777777777,0.9901574803149606,125.75
127,8,1016,887,0.8730314960629921,129,0.12696850393700787,2,635a84b1fcccb143191a,127,74,0.5826771653543307,127,112,0.8818897637795275,0.9737532808398952,123.66666666666667,0.985236220472441,125.125
127,8,1016,798,0.7854330708661418,218,0.21456692913385828,3,635a84b1fcccb143191a,127,48,0.3779527559055118,127,104,0.8188976377952756,0.9597550306211722,121.88888888888889,0.9773622047244095,124.125
127,8,1016,841,0.827755905511811,175,0.17224409448818898,4,635a84b1fcccb143191a,127,51,0.4015748031496063,127,104,0.8188976377952756,0.9597550306211723,121.88888888888889,0.9773622047244095,124.125
127,8,1016,916,0.9015748031496063,100,0.0984251968503937,0,63e60c51c3ab97ae4333,127,81,0.6377952755905512,127,112,0.8818897637795275,0.973753280839895,123.66666666666667,0.985236220472441,125.125
127,8,1016,863,0.8494094488188977,153,0.15059055118110237,1,63e60c51c3ab97ae4333,127,63,0.49606299212598426,127,106,0.8346456692913385,0.9618547681539807,122.15555555555555,0.9783464566929134,124.25
127,8,1016,827,0.8139763779527559,189,0.1860236220472441,2,63e60c51c3ab97ae4333,127,55,0.4330708661417323,127,110,0.8661417322834646,0.968853893263342,123.04444444444445,0.9822834645669292,124.75
127,8,1016,782,0.7696850393700787,234,0.23031496062992127,3,63e60c51c3ab97ae4333,127,35,0.2755905511811024,127,94,0.7401574803149606,0.9394575678040245,119.31111111111112,0.9655511811023622,122.625
127,8,1016,786,0.7736220472440944,230,0.2263779527559055,4,63e60c51c3ab97ae4333,127,43,0.33858267716535434,127,96,0.7559055118110236,0.9457567804024496,120.11111111111111,0.969488188976378,123.125
127,8,1016,916,0.9015748031496063,100,0.0984251968503937,0,64538eda0671b21a41c4,127,80,0.6299212598425197,127,117,0.9212598425196851,0.9825021872265968,124.77777777777777,0.9901574803149606,125.75
127,8,1016,847,0.8336614173228346,169,0.16633858267716536,1,64538eda0671b21a41c4,127,57,0.44881889763779526,127,102,0.8031496062992126,0.9562554680664916,121.44444444444444,0.9753937007874016,123.875
127,8,1016,823,0.8100393700787402,193,0.18996062992125984,2,64538eda0671b21a41c4,127,46,0.36220472440944884,127,97,0.7637795275590551,0.9461067366579178,120.15555555555555,0.969488188976378,123.125
127,8,1016,780,0.7677165354330708,236,0.23228346456692914,3,64538eda0671b21a41c4,127,42,0.33070866141732286,127,96,0.7559055118110236,0.9415573053368328,119.57777777777778,0.9665354330708661,122.75
127,8,1016,809,0.7962598425196851,207,0.20374015748031496,4,64538eda0671b21a41c4,127,49,0.3858267716535433,127,98,0.7716535433070866,0.947856517935258,120.37777777777778,0.9704724409448819,123.25
127,8,1016,885,0.8710629921259843,131,0.12893700787401574,0,64564143259d7ae5b3d4,127,66,0.5196850393700787,127,112,0.8818897637795275,0.973753280839895,123.66666666666667,0.985236220472441,125.125
127,8,1016,886,0.8720472440944882,130,0.1279527559055118,1,64564143259d7ae5b3d4,127,66,0.5196850393700787,127,114,0.8976377952755905,0.9772528433945757,124.11111111111111,0.9872047244094488,125.375
127,8,1016,826,0.812992125984252,190,0.18700787401574803,2,64564143259d7ae5b3d4,127,58,0.4566929133858268,127,109,0.8582677165354331,0.968503937007874,123.0,0.9822834645669292,124.75
127,8,1016,813,0.8001968503937008,203,0.19980314960629922,3,64564143259d7ae5b3d4,127,48,0.3779527559055118,127,98,0.7716535433070866,0.9492563429571305,120.55555555555556,0.9714566929133859,123.375
127,8,1016,811,0.7982283464566929,205,0.2017716535433071,4,64564143259d7ae5b3d4,127,50,0.3937007874015748,127,102,0.8031496062992126,0.9548556430446195,121.26666666666667,0.9744094488188977,123.75
127,8,1016,893,0.8789370078740157,123,0.12106299212598425,0,647c36c6afdb90483e6e,127,70,0.5511811023622047,127,108,0.8503937007874016,0.9667541557305336,122.77777777777777,0.9812992125984252,124.625
127,8,1016,889,0.875,127,0.125,1,647c36c6afdb90483e6e,127,74,0.5826771653543307,127,111,0.8740157480314961,0.9720034995625548,123.44444444444444,0.984251968503937,125.0
127,8,1016,817,0.8041338582677166,199,0.19586614173228348,2,647c36c6afdb90483e6e,127,48,0.3779527559055118,127,101,0.7952755905511811,0.9545056867891514,121.22222222222223,0.9744094488188977,123.75
127,8,1016,780,0.7677165354330708,236,0.23228346456692914,3,647c36c6afdb90483e6e,127,45,0.3543307086614173,127,95,0.7480314960629921,0.942607174103237,119.71111111111111,0.96751968503937,122.875
127,8,1016,818,0.8051181102362205,198,0.19488188976377951,4,647c36c6afdb90483e6e,127,46,0.36220472440944884,127,94,0.7401574803149606,0.9394575678040245,119.31111111111112,0.9655511811023622,122.625
127,8,1016,918,0.9035433070866141,98,0.09645669291338582,0,648175fcca5e2556c1df,127,82,0.6456692913385826,127,116,0.9133858267716536,0.9793525809273841,124.37777777777778,0.9881889763779528,125.5
127,8,1016,884,0.8700787401574803,132,0.12992125984251968,1,648175fcca5e2556c1df,127,66,0.5196850393700787,127,106,0.8346456692913385,0.9632545931758529,122.33333333333333,0.9793307086614174,124.375
127,8,1016,848,0.8346456692913385,168,0.16535433070866143,2,648175fcca5e2556c1df,127,56,0.4409448818897638,127,102,0.8031496062992126,0.9562554680664916,121.44444444444444,0.9753937007874016,123.875
127,8,1016,813,0.8001968503937008,203,0.19980314960629922,3,648175fcca5e2556c1df,127,43,0.33858267716535434,127,92,0.7244094488188977,0.9387576552930883,119.22222222222223,0.9655511811023622,122.625
127,8,1016,813,0.8001968503937008,203,0.19980314960629922,4,648175fcca5e2556c1df,127,45,0.3543307086614173,127,95,0.7480314960629921,0.942607174103237,119.71111111111111,0.96751968503937,122.875
127,8,1016,905,0.890748031496063,111,0.10925196850393701,0,6491221fae4e7da9bb37,127,78,0.6141732283464567,127,121,0.952755905511811,0.989501312335958,125.66666666666667,0.9940944881889764,126.25
127,8,1016,880,0.8661417322834646,136,0.13385826771653545,1,6491221fae4e7da9bb37,127,67,0.5275590551181102,127,106,0.8346456692913385,0.963254593175853,122.33333333333333,0.9793307086614174,124.375
127,8,1016,826,0.812992125984252,190,0.18700787401574803,2,6491221fae4e7da9bb37,127,51,0.4015748031496063,127,110,0.8661417322834646,0.9702537182852145,123.22222222222223,0.9832677165354331,124.875
127,8,1016,806,0.7933070866141733,210,0.20669291338582677,3,6491221fae4e7da9bb37,127,38,0.2992125984251969,127,86,0.6771653543307087,0.9268591426071741,117.71111111111111,0.9586614173228346,121.75
127,8,1016,803,0.7903543307086615,213,0.20964566929133857,4,6491221fae4e7da9bb37,127,42,0.33070866141732286,127,98,0.7716535433070866,0.9450568678915133,120.02222222222223,0.968503937007874,123.0
127,8,1016,927,0.9124015748031497,89,0.08759842519685039,0,649e0a93f32d42bfc05d,127,85,0.6692913385826772,127,118,0.9291338582677166,0.984251968503937,125.0,0.9911417322834646,125.875
127,8,1016,893,0.8789370078740157,123,0.12106299212598425,1,649e0a93f32d42bfc05d,127,74,0.5826771653543307,127,116,0.9133858267716536,0.9807524059492564,124.55555555555556,0.9891732283464567,125.625
127,8,1016,860,0.8464566929133859,156,0.15354330708661418,2,649e0a93f32d42bfc05d,127,61,0.48031496062992124,127,108,0.8503937007874016,0.9667541557305336,122.77777777777777,0.9812992125984252,124.625
127,8,1016,818,0.8051181102362205,198,0.19488188976377951,3,649e0a93f32d42bfc05d,127,47,0.3700787401574803,127,101,0.7952755905511811,0.9517060367454069,120.86666666666666,0.9724409448818898,123.5
127,8,1016,859,0.8454724409448819,157,0.1545275590551181,4,649e0a93f32d42bfc05d,127,57,0.44881889763779526,127,108,0.8503937007874016,0.9667541557305337,122.77777777777777,0.9812992125984252,124.625
127,8,1016,906,0.8917322834645669,110,0.10826771653543307,0,64bccc426add290c5c66,127,76,0.5984251968503937,127,113,0.889763779527559,0.9755030621172354,123.88888888888889,0.9862204724409449,125.25
127,8,1016,847,0.8336614173228346,169,0.16633858267716536,1,64bccc426add290c5c66,127,57,0.44881889763779526,127,103,0.8110236220472441,0.9566054243219598,121.4888888888889,0.9753937007874016,123.875
127,8,1016,831,0.8179133858267716,185,0.18208661417322836,2,64bccc426add290c5c66,127,60,0.47244094488188976,127,103,0.8110236220472441,0.9580052493438319,121.66666666666667,0.9763779527559056,124.0
127,8,1016,793,0.780511811023622,223,0.21948818897637795,3,64bccc426add290c5c66,127,37,0.29133858267716534,127,99,0.7795275590551181,0.9496062992125984,120.6,0.9714566929133859,123.375
127,8,1016,840,0.8267716535433071,176,0.1732283464566929,4,64bccc426add290c5c66,127,50,0.3937007874015748,127,92,0.7244094488188977,0.9373578302712159,119.04444444444445,0.9645669291338582,122.5
127,8,1016,871,0.8572834645669292,145,0.14271653543307086,0,64c832a40bb0a8a5122b,127,67,0.5275590551181102,127,112,0.8818897637795275,0.973753280839895,123.66666666666667,0.985236220472441,125.125
127,8,1016,880,0.8661417322834646,136,0.13385826771653545,1,64c832a40bb0a8a5122b,127,72,0.5669291338582677,127,108,0.8503937007874016,0.9667541557305336,122.77777777777777,0.9812992125984252,124.625
127,8,1016,830,0.8169291338582677,186,0.1830708661417323,2,64c832a40bb0a8a5122b,127,52,0.4094488188976378,127,108,0.8503937007874016,0.9667541557305337,122.77777777777777,0.9812992125984252,124.625
127,8,1016,774,0.7618110236220472,242,0.23818897637795275,3,64c832a40bb0a8a5122b,127,45,0.3543307086614173,127,97,0.7637795275590551,0.9461067366579177,120.15555555555555,0.969488188976378,123.125
127,8,1016,819,0.8061023622047244,197,0.19389763779527558,4,64c832a40bb0a8a5122b,127,52,0.4094488188976378,127,99,0.7795275590551181,0.9496062992125984,120.6,0.9714566929133859,123.375
127,8,1016,930,0.9153543307086615,86,0.08464566929133858,0,64d31e3be638fe6fcbd5,127,88,0.6929133858267716,127,121,0.952755905511811,0.9881014873140858,125.4888888888889,0.9931102362204725,126.125
127,8,1016,890,0.8759842519685039,126,0.12401574803149606,1,64d31e3be638fe6fcbd5,127,67,0.5275590551181102,127,112,0.8818897637795275,0.9737532808398951,123.66666666666667,0.985236220472441,125.125
127,8,1016,861,0.8474409448818898,155,0.15255905511811024,2,64d31e3be638fe6fcbd5,127,64,0.5039370078740157,127,109,0.8582677165354331,0.9671041119860018,122.82222222222222,0.9812992125984252,124.625
127,8,1016,797,0.7844488188976378,219,0.2155511811023622,3,64d31e3be638fe6fcbd5,127,41,0.3228346456692913,127,102,0.8031496062992126,0.9534558180227471,121.08888888888889,0.9734251968503937,123.625
127,8,1016,839,0.8257874015748031,177,0.17421259842519685,4,64d31e3be638fe6fcbd5,127,53,0.41732283464566927,127,103,0.8110236220472441,0.9566054243219598,121.4888888888889,0.9753937007874016,123.875
127,8,1016,906,0.8917322834645669,110,0.10826771653543307,0,64daa5bfff610e9e66ad,127,79,0.6220472440944882,127,114,0.8976377952755905,0.9772528433945757,124.11111111111111,0.9872047244094488,125.375
127,8,1016,879,0.8651574803149606,137,0.13484251968503938,1,64daa5bfff610e9e66ad,127,63,0.49606299212598426,127,116,0.9133858267716536,0.9807524059492563,124.55555555555556,0.9891732283464567,125.625
127,8,1016,856,0.84251968503937,160,0.15748031496062992,2,64daa5bfff610e9e66ad,127,59,0.4645669291338583,127,108,0.8503937007874016,0.9667541557305336,122.77777777777777,0.9812992125984252,124.625
127,8,1016,833,0.8198818897637795,183,0.18011811023622049,3,64daa5bfff610e9e66ad,127,50,0.3937007874015748,127,100,0.7874015748031497,0.9513560804899389,120.82222222222222,0.9724409448818898,123.5
127,8,1016,852,0.8385826771653543,164,0.16141732283464566,4,64daa5bfff610e9e66ad,127,56,0.4409448818897638,127,108,0.8503937007874016,0.9653543307086615,122.6,0.9803149606299213,124.5
127,8,1016,885,0.8710629921259843,131,0.12893700787401574,0,66e7499ea01736aa6aad,127,65,0.5118110236220472,127,112,0.8818897637795275,0.9737532808398952,123.66666666666667,0.985236220472441,125.125
127,8,1016,878,0.8641732283464567,138,0.13582677165354332,1,66e7499ea01736aa6aad,127,64,0.5039370078740157,127,111,0.8740157480314961,0.9720034995625547,123.44444444444444,0.984251968503937,125.0
127,8,1016,842,0.8287401574803149,174,0.17125984251968504,2,66e7499ea01736aa6aad,127,56,0.4409448818897638,127,108,0.8503937007874016,0.9667541557305335,122.77777777777777,0.9812992125984252,124.625
127,8,1016,780,0.7677165354330708,236,0.23228346456692914,3,66e7499ea01736aa6aad,127,35,0.2755905511811024,127,83,0.6535433070866141,0.9188101487314085,116.68888888888888,0.9537401574803149,121.125
127,8,1016,818,0.8051181102362205,198,0.19488188976377951,4,66e7499ea01736aa6aad,127,50,0.3937007874015748,127,100,0.7874015748031497,0.9485564304461942,120.46666666666667,0.9704724409448819,123.25
127,8,1016,904,0.889763779527559,112,0.11023622047244094,0,66f224dcb038a724920f,127,75,0.5905511811023622,127,119,0.937007874015748,0.9860017497812774,125.22222222222223,0.9921259842519685,126.0
127,8,1016,857,0.843503937007874,159,0.15649606299212598,1,66f224dcb038a724920f,127,60,0.47244094488188976,127,110,0.8661417322834646,0.9702537182852145,123.22222222222223,0.9832677165354331,124.875
127,8,1016,820,0.8070866141732284,196,0.19291338582677164,2,66f224dcb038a724920f,127,49,0.3858267716535433,127,103,0.8110236220472441,0.9566054243219597,121.4888888888889,0.9753937007874016,123.875
127,8,1016,789,0.7765748031496063,227,0.2234251968503937,3,66f224dcb038a724920f,127,39,0.30708661417322836,127,96,0.7559055118110236,0.9443569553805772,119.93333333333334,0.968503937007874,123.0
127,8,1016,847,0.8336614173228346,169,0.16633858267716536,4,66f224dcb038a724920f,127,52,0.4094488188976378,127,95,0.7480314960629921,0.9426071741032369,119.71111111111111,0.96751968503937,122.875
127,8,1016,926,0.9114173228346457,90,0.08858267716535433,0,66f56fe8b57a5be4db53,127,85,0.6692913385826772,127,113,0.889763779527559,0.9741032370953632,123.71111111111111,0.985236220472441,125.125
127,8,1016,892,0.8779527559055118,124,0.1220472440944882,1,66f56fe8b57a5be4db53,127,75,0.5905511811023622,127,111,0.8740157480314961,0.9720034995625548,123.44444444444444,0.984251968503937,125.0
127,8,1016,862,0.8484251968503937,154,0.1515748031496063,2,66f56fe8b57a5be4db53,127,64,0.5039370078740157,127,107,0.84251968503937,0.9650043744531934,122.55555555555556,0.9803149606299213,124.5
127,8,1016,828,0.8149606299212598,188,0.18503937007874016,3,66f56fe8b57a5be4db53,127,55,0.4330708661417323,127,109,0.8582677165354331,0.968503937007874,123.0,0.9822834645669292,124.75
127,8,1016,862,0.8484251968503937,154,0.1515748031496063,4,66f56fe8b57a5be4db53,127,62,0.4881889763779528,127,110,0.8661417322834646,0.968853893263342,123.04444444444445,0.9822834645669292,124.75
127,8,1016,911,0.8966535433070866,105,0.10334645669291338,0,67345eef265eb7d10e43,127,77,0.6062992125984252,127,112,0.8818897637795275,0.973753280839895,123.66666666666667,0.985236220472441,125.125
127,8,1016,861,0.8474409448818898,155,0.15255905511811024,1,67345eef265eb7d10e43,127,63,0.49606299212598426,127,106,0.8346456692913385,0.963254593175853,122.33333333333333,0.9793307086614174,124.375
127,8,1016,834,0.8208661417322834,182,0.17913385826771652,2,67345eef265eb7d10e43,127,54,0.4251968503937008,127,112,0.8818897637795275,0.9737532808398951,123.66666666666667,0.985236220472441,125.125
127,8,1016,807,0.7942913385826772,209,0.20570866141732283,3,67345eef265eb7d10e43,127,46,0.36220472440944884,127,94,0.7401574803149606,0.942257217847769,119.66666666666667,0.96751968503937,122.875
127,8,1016,841,0.827755905511811,175,0.17224409448818898,4,67345eef265eb7d10e43,127,58,0.4566929133858268,127,104,0.8188976377952756,0.9597550306211723,121.88888888888889,0.9773622047244095,124.125
127,8,1016,914,0.8996062992125984,102,0.10039370078740158,0,675ce1bac13b9c77eba6,127,82,0.6456692913385826,127,119,0.937007874015748,0.9860017497812774,125.22222222222223,0.9921259842519685,126.0
127,8,1016,882,0.8681102362204725,134,0.13188976377952755,1,675ce1bac13b9c77eba6,127,68,0.5354330708661418,127,107,0.84251968503937,0.9650043744531932,122.55555555555556,0.9803149606299213,124.5
127,8,1016,855,0.8415354330708661,161,0.15846456692913385,2,675ce1bac13b9c77eba6,127,60,0.47244094488188976,127,108,0.8503937007874016,0.9653543307086615,122.6,0.9803149606299213,124.5
127,8,1016,800,0.7874015748031497,216,0.2125984251968504,3,675ce1bac13b9c77eba6,127,45,0.3543307086614173,127,98,0.7716535433070866,0.945311381531854,120.05454545454546,0.968503937007874,123.0
127,8,1016,809,0.7962598425196851,207,0.20374015748031496,4,675ce1bac13b9c77eba6,127,47,0.3700787401574803,127,103,0.8110236220472441,0.9566054243219597,121.4888888888889,0.9753937007874016,123.875
127,8,1016,725,0.7135826771653543,291,0.28641732283464566,0,681642b7dbd11004c115,127,36,0.28346456692913385,127,86,0.6771653543307087,0.9282589676290466,117.88888888888889,0.9596456692913385,121.875
127,8,1016,579,0.5698818897637795,437,0.4301181102362205,1,681642b7dbd11004c115,127,7,0.05511811023622047,127,32,0.25196850393700787,0.8211723534558181,104.28888888888889,0.8976377952755905,114.0
127,8,1016,470,0.4625984251968504,546,0.5374015748031497,2,681642b7dbd11004c115,127,8,0.06299212598425197,127,32,0.25196850393700787,0.8071741032370953,102.5111111111111,0.8877952755905512,112.75
127,8,1016,385,0.37893700787401574,631,0.6210629921259843,3,681642b7dbd11004c115,127,1,0.007874015748031496,127,26,0.2047244094488189,0.792094170046926,100.5959595959596,0.8779527559055118,111.5
127,8,1016,468,0.46062992125984253,548,0.5393700787401575,4,681642b7dbd11004c115,127,5,0.03937007874015748,127,38,0.2992125984251969,0.8207269545852222,104.23232323232324,0.8956692913385826,113.75
127,8,1016,923,0.9084645669291339,93,0.09153543307086615,0,68607053dacf386c2ddd,127,84,0.6614173228346457,127,114,0.8976377952755905,0.9772528433945757,124.11111111111111,0.9872047244094488,125.375
127,8,1016,888,0.8740157480314961,128,0.12598425196850394,1,68607053dacf386c2ddd,127,68,0.5354330708661418,127,106,0.8346456692913385,0.9618547681539809,122.15555555555555,0.9783464566929134,124.25
127,8,1016,858,0.844488188976378,158,0.15551181102362205,2,68607053dacf386c2ddd,127,58,0.4566929133858268,127,109,0.8582677165354331,0.968503937007874,123.0,0.9822834645669292,124.75
127,8,1016,854,0.8405511811023622,162,0.1594488188976378,3,68607053dacf386c2ddd,127,55,0.4330708661417323,127,104,0.8188976377952756,0.9597550306211723,121.88888888888889,0.9773622047244095,124.125
127,8,1016,820,0.8070866141732284,196,0.19291338582677164,4,68607053dacf386c2ddd,127,50,0.3937007874015748,127,102,0.8031496062992126,0.9562554680664918,121.44444444444444,0.9753937007874016,123.875
127,8,1016,915,0.9005905511811023,101,0.09940944881889764,0,686174b9d82c11ff58c5,127,82,0.6456692913385826,127,114,0.8976377952755905,0.9772528433945757,124.11111111111111,0.9872047244094488,125.375
127,8,1016,878,0.8641732283464567,138,0.13582677165354332,1,686174b9d82c11ff58c5,127,61,0.48031496062992124,127,110,0.8661417322834646,0.9702537182852145,123.22222222222223,0.9832677165354331,124.875
127,8,1016,848,0.8346456692913385,168,0.16535433070866143,2,686174b9d82c11ff58c5,127,60,0.47244094488188976,127,103,0.8110236220472441,0.9580052493438321,121.66666666666667,0.9763779527559056,124.0
127,8,1016,827,0.8139763779527559,189,0.1860236220472441,3,686174b9d82c11ff58c5,127,49,0.3858267716535433,127,100,0.7874015748031497,0.9499562554680665,120.64444444444445,0.9714566929133859,123.375
127,8,1016,863,0.8494094488188977,153,0.15059055118110237,4,686174b9d82c11ff58c5,127,58,0.4566929133858268,127,105,0.8267716535433071,0.9615048118985127,122.11111111111111,0.9783464566929134,124.25
127,8,1016,917,0.9025590551181102,99,0.09744094488188976,0,68cf4ae41e4a4e18968d,127,80,0.6299212598425197,127,115,0.905511811023622,0.9790026246719161,124.33333333333333,0.9881889763779528,125.5
127,8,1016,897,0.8828740157480315,119,0.1171259842519685,1,68cf4ae41e4a4e18968d,127,75,0.5905511811023622,127,113,0.889763779527559,0.9741032370953631,123.71111111111111,0.985236220472441,125.125
127,8,1016,877,0.8631889763779528,139,0.13681102362204725,2,68cf4ae41e4a4e18968d,127,66,0.5196850393700787,127,107,0.84251968503937,0.9650043744531932,122.55555555555556,0.9803149606299213,124.5
127,8,1016,836,0.8228346456692913,180,0.17716535433070865,3,68cf4ae41e4a4e18968d,127,53,0.41732283464566927,127,95,0.7480314960629921,0.942607174103237,119.71111111111111,0.96751968503937,122.875
127,8,1016,839,0.8257874015748031,177,0.17421259842519685,4,68cf4ae41e4a4e18968d,127,56,0.4409448818897638,127,105,0.8267716535433071,0.9615048118985127,122.11111111111111,0.9783464566929134,124.25
127,8,1016,909,0.8946850393700787,107,0.10531496062992125,0,691dadfbe89de16b8efd,127,82,0.6456692913385826,127,117,0.9212598425196851,0.9825021872265967,124.77777777777777,0.9901574803149606,125.75
127,8,1016,879,0.8651574803149606,137,0.13484251968503938,1,691dadfbe89de16b8efd,127,65,0.5118110236220472,127,98,0.7716535433070866,0.9492563429571304,120.55555555555556,0.9714566929133859,123.375
127,8,1016,846,0.8326771653543307,170,0.1673228346456693,2,691dadfbe89de16b8efd,127,58,0.4566929133858268,127,100,0.7874015748031497,0.9527559055118111,121.0,0.9734251968503937,123.625
127,8,1016,781,0.7687007874015748,235,0.2312992125984252,3,691dadfbe89de16b8efd,127,40,0.31496062992125984,127,96,0.7559055118110236,0.9443569553805774,119.93333333333334,0.968503937007874,123.0
127,8,1016,848,0.8346456692913385,168,0.16535433070866143,4,691dadfbe89de16b8efd,127,56,0.4409448818897638,127,103,0.8110236220472441,0.9566054243219598,121.4888888888889,0.9753937007874016,123.875
127,8,1016,895,0.8809055118110236,121,0.11909448818897637,0,6922a8786e12ef51efb9,127,75,0.5905511811023622,127,114,0.8976377952755905,0.9772528433945757,124.11111111111111,0.9872047244094488,125.375
127,8,1016,861,0.8474409448818898,155,0.15255905511811024,1,6922a8786e12ef51efb9,127,60,0.47244094488188976,127,108,0.8503937007874016,0.9653543307086614,122.6,0.9803149606299213,124.5
127,8,1016,873,0.859251968503937,143,0.140748031496063,2,6922a8786e12ef51efb9,127,63,0.49606299212598426,127,105,0.8267716535433071,0.9601049868766405,121.93333333333334,0.9773622047244095,124.125
127,8,1016,808,0.7952755905511811,208,0.2047244094488189,3,6922a8786e12ef51efb9,127,48,0.3779527559055118,127,102,0.8031496062992126,0.9562554680664918,121.44444444444444,0.9753937007874016,123.875
127,8,1016,850,0.8366141732283464,166,0.16338582677165353,4,6922a8786e12ef51efb9,127,53,0.41732283464566927,127,96,0.7559055118110236,0.9457567804024496,120.11111111111111,0.969488188976378,123.125
89,8,712,633,0.8890449438202247,79,0.11095505617977527,0,694033e392836cbb1ca7,89,54,0.6067415730337079,89,79,0.8876404494382022,0.9750312109862671,86.77777777777777,0.9859550561797753,87.75
89,8,712,596,0.8370786516853933,116,0.16292134831460675,1,694033e392836cbb1ca7,89,40,0.449438202247191,89,72,0.8089887640449438,0.9575530586766543,85.22222222222223,0.976123595505618,86.875
89,8,712,607,0.8525280898876404,105,0.14747191011235955,2,694033e392836cbb1ca7,89,44,0.4943820224719101,89,70,0.7865168539325843,0.9505617977528089,84.6,0.9719101123595506,86.5
89,8,712,563,0.7907303370786517,149,0.20926966292134833,3,694033e392836cbb1ca7,89,26,0.29213483146067415,89,66,0.7415730337078652,0.9405742821473159,83.71111111111111,0.9662921348314607,86.0
89,8,712,577,0.8103932584269663,135,0.1896067415730337,4,694033e392836cbb1ca7,89,34,0.38202247191011235,89,66,0.7415730337078652,0.9425717852684145,83.88888888888889,0.9676966292134831,86.125
127,8,1016,722,0.7106299212598425,294,0.28937007874015747,0,69877842f87fc32699bb,127,36,0.28346456692913385,127,95,0.7480314960629921,0.9440069991251095,119.88888888888889,0.968503937007874,123.0
127,8,1016,596,0.5866141732283464,420,0.41338582677165353,1,69877842f87fc32699bb,127,2,0.015748031496062992,127,26,0.2047244094488189,0.8232720909886263,104.55555555555556,0.9005905511811023,114.375
127,8,1016,486,0.47834645669291337,530,0.5216535433070866,2,69877842f87fc32699bb,127,6,0.047244094488188976,127,32,0.25196850393700787,0.8099737532808398,102.86666666666667,0.889763779527559,113.0
127,8,1016,430,0.42322834645669294,586,0.5767716535433071,3,69877842f87fc32699bb,127,5,0.03937007874015748,127,37,0.29133858267716534,0.811087250457329,103.0080808080808,0.8887795275590551,112.875
127,8,1016,473,0.4655511811023622,543,0.5344488188976378,4,69877842f87fc32699bb,127,2,0.015748031496062992,127,48,0.3779527559055118,0.8323709536307959,105.71111111111111,0.9015748031496063,114.5
127,8,1016,891,0.8769685039370079,125,0.12303149606299213,0,69bb6f61611966bb3ee3,127,72,0.5669291338582677,127,115,0.905511811023622,0.9790026246719161,124.33333333333333,0.9881889763779528,125.5
127,8,1016,874,0.860236220472441,142,0.13976377952755906,1,69bb6f61611966bb3ee3,127,63,0.49606299212598426,127,110,0.8661417322834646,0.9702537182852145,123.22222222222223,0.9832677165354331,124.875
127,8,1016,893,0.8789370078740157,123,0.12106299212598425,2,69bb6f61611966bb3ee3,127,71,0.5590551181102362,127,99,0.7795275590551181,0.9510061242344706,120.77777777777777,0.9724409448818898,123.5
127,8,1016,796,0.7834645669291339,220,0.21653543307086615,3,69bb6f61611966bb3ee3,127,50,0.3937007874015748,127,98,0.7716535433070866,0.947856517935258,120.37777777777778,0.9704724409448819,123.25
127,8,1016,830,0.8169291338582677,186,0.1830708661417323,4,69bb6f61611966bb3ee3,127,58,0.4566929133858268,127,104,0.8188976377952756,0.9583552055993001,121.71111111111111,0.9763779527559056,124.0
127,8,1016,881,0.8671259842519685,135,0.1328740157480315,0,69ccc9036a52d9a887e9,127,66,0.5196850393700787,127,114,0.8976377952755905,0.9772528433945757,124.11111111111111,0.9872047244094488,125.375
127,8,1016,871,0.8572834645669292,145,0.14271653543307086,1,69ccc9036a52d9a887e9,127,65,0.5118110236220472,127,109,0.8582677165354331,0.9685039370078742,123.0,0.9822834645669292,124.75
127,8,1016,825,0.812007874015748,191,0.18799212598425197,2,69ccc9036a52d9a887e9,127,50,0.3937007874015748,127,107,0.84251968503937,0.9636045494313211,122.37777777777778,0.9793307086614174,124.375
127,8,1016,831,0.8179133858267716,185,0.18208661417322836,3,69ccc9036a52d9a887e9,127,59,0.4645669291338583,127,104,0.8188976377952756,0.9583552055993001,121.71111111111111,0.9763779527559056,124.0
127,8,1016,828,0.8149606299212598,188,0.18503937007874016,4,69ccc9036a52d9a887e9,127,55,0.4330708661417323,127,97,0.7637795275590551,0.9461067366579178,120.15555555555555,0.969488188976378,123.125
127,8,1016,912,0.8976377952755905,104,0.10236220472440945,0,6a0ce4764dcccddfaee9,127,78,0.6141732283464567,127,111,0.8740157480314961,0.9720034995625548,123.44444444444444,0.984251968503937,125.0
127,8,1016,878,0.8641732283464567,138,0.13582677165354332,1,6a0ce4764dcccddfaee9,127,72,0.5669291338582677,127,113,0.889763779527559,0.9755030621172354,123.88888888888889,0.9862204724409449,125.25
127,8,1016,807,0.7942913385826772,209,0.20570866141732283,2,6a0ce4764dcccddfaee9,127,41,0.3228346456692913,127,98,0.7716535433070866,0.9492563429571304,120.55555555555556,0.9714566929133859,123.375
127,8,1016,801,0.7883858267716536,215,0.21161417322834647,3,6a0ce4764dcccddfaee9,127,49,0.3858267716535433,127,96,0.7559055118110236,0.9443569553805775,119.93333333333334,0.968503937007874,123.0
127,8,1016,827,0.8139763779527559,189,0.1860236220472441,4,6a0ce4764dcccddfaee9,127,51,0.4015748031496063,127,107,0.84251968503937,0.9650043744531933,122.55555555555556,0.9803149606299213,124.5
127,8,1016,915,0.9005905511811023,101,0.09940944881889764,0,6a2aff23f5544a7af81f,127,80,0.6299212598425197,127,116,0.9133858267716536,0.9807524059492563,124.55555555555556,0.9891732283464567,125.625
127,8,1016,866,0.8523622047244095,150,0.14763779527559054,1,6a2aff23f5544a7af81f,127,61,0.48031496062992124,127,104,0.8188976377952756,0.9597550306211723,121.88888888888889,0.9773622047244095,124.125
127,8,1016,841,0.827755905511811,175,0.17224409448818898,2,6a2aff23f5544a7af81f,127,53,0.41732283464566927,127,108,0.8503937007874016,0.9653543307086614,122.6,0.9803149606299213,124.5
127,8,1016,811,0.7982283464566929,205,0.2017716535433071,3,6a2aff23f5544a7af81f,127,43,0.33858267716535434,127,94,0.7401574803149606,0.942257217847769,119.66666666666667,0.96751968503937,122.875
127,8,1016,833,0.8198818897637795,183,0.18011811023622049,4,6a2aff23f5544a7af81f,127,49,0.3858267716535433,127,101,0.7952755905511811,0.9545056867891513,121.22222222222223,0.9744094488188977,123.75
127,8,1016,878,0.8641732283464567,138,0.13582677165354332,0,6a36b437749c80f32e46,127,65,0.5118110236220472,127,104,0.8188976377952756,0.9583552055993001,121.71111111111111,0.9763779527559056,124.0
127,8,1016,843,0.8297244094488189,173,0.1702755905511811,1,6a36b437749c80f32e46,127,58,0.4566929133858268,127,102,0.8031496062992126,0.9548556430446195,121.26666666666667,0.9744094488188977,123.75
127,8,1016,838,0.8248031496062992,178,0.17519685039370078,2,6a36b437749c80f32e46,127,57,0.44881889763779526,127,106,0.8346456692913385,0.9632545931758529,122.33333333333333,0.9793307086614174,124.375
127,8,1016,793,0.780511811023622,223,0.21948818897637795,3,6a36b437749c80f32e46,127,38,0.2992125984251969,127,93,0.7322834645669292,0.9377077865266841,119.08888888888889,0.9645669291338582,122.5
127,8,1016,783,0.7706692913385826,233,0.22933070866141733,4,6a36b437749c80f32e46,127,40,0.31496062992125984,127,98,0.7716535433070866,0.9492563429571302,120.55555555555556,0.9714566929133859,123.375
127,8,1016,894,0.8799212598425197,122,0.12007874015748031,0,6a7988b4b265b4e81ecf,127,70,0.5511811023622047,127,113,0.889763779527559,0.9755030621172355,123.88888888888889,0.9862204724409449,125.25
127,8,1016,864,0.8503937007874016,152,0.14960629921259844,1,6a7988b4b265b4e81ecf,127,60,0.47244094488188976,127,111,0.8740157480314961,0.9720034995625547,123.44444444444444,0.984251968503937,125.0
127,8,1016,848,0.8346456692913385,168,0.16535433070866143,2,6a7988b4b265b4e81ecf,127,57,0.44881889763779526,127,94,0.7401574803149606,0.942257217847769,119.66666666666667,0.96751968503937,122.875
127,8,1016,805,0.7923228346456693,211,0.2076771653543307,3,6a7988b4b265b4e81ecf,127,47,0.3700787401574803,127,96,0.7559055118110236,0.9443569553805774,119.93333333333334,0.968503937007874,123.0
127,8,1016,827,0.8139763779527559,189,0.1860236220472441,4,6a7988b4b265b4e81ecf,127,51,0.4015748031496063,127,107,0.84251968503937,0.9650043744531932,122.55555555555556,0.9803149606299213,124.5
104,8,832,739,0.8882211538461539,93,0.11177884615384616,0,6bc25b6c09aab8061747,104,64,0.6153846153846154,104,90,0.8653846153846154,0.9700854700854702,100.88888888888889,0.9831730769230769,102.25
104,8,832,747,0.8978365384615384,85,0.10216346153846154,1,6bc25b6c09aab8061747,104,65,0.625,104,93,0.8942307692307693,0.9764957264957265,101.55555555555556,0.9867788461538461,102.625
104,8,832,697,0.8377403846153846,135,0.1622596153846154,2,6bc25b6c09aab8061747,104,43,0.41346153846153844,104,86,0.8269230769230769,0.9615384615384616,100.0,0.9783653846153846,101.75
104,8,832,715,0.859375,117,0.140625,3,6bc25b6c09aab8061747,104,45,0.4326923076923077,104,81,0.7788461538461539,0.9508547008547008,98.88888888888889,0.9723557692307693,101.125
104,8,832,713,0.8569711538461539,119,0.14302884615384615,4,6bc25b6c09aab8061747,104,52,0.5,104,85,0.8173076923076923,0.9559829059829059,99.42222222222222,0.9747596153846154,101.375
75,8,600,537,0.895,63,0.105,0,6bfa764cf50a09161751,75,44,0.5866666666666667,75,63,0.84,0.9644444444444443,72.33333333333333,0.98,73.5
75,8,600,476,0.7933333333333333,124,0.20666666666666667,1,6bfa764cf50a09161751,75,23,0.30666666666666664,75,60,0.8,0.9555555555555554,71.66666666666667,0.975,73.125
75,8,600,476,0.7933333333333333,124,0.20666666666666667,2,6bfa764cf50a09161751,75,29,0.38666666666666666,75,59,0.7866666666666666,0.9502222222222224,71.26666666666667,0.9716666666666667,72.875
75,8,600,463,0.7716666666666666,137,0.22833333333333333,3,6bfa764cf50a09161751,75,23,0.30666666666666664,75,55,0.7333333333333333,0.9383703703703702,70.37777777777778,0.965,72.375
75,8,600,484,0.8066666666666666,116,0.19333333333333333,4,6bfa764cf50a09161751,75,26,0.3466666666666667,75,55,0.7333333333333333,0.9383703703703702,70.37777777777778,0.965,72.375
127,8,1016,905,0.890748031496063,111,0.10925196850393701,0,6c186019ba6014af2732,127,72,0.5669291338582677,127,109,0.8582677165354331,0.968503937007874,123.0,0.9822834645669292,124.75
127,8,1016,888,0.8740157480314961,128,0.12598425196850394,1,6c186019ba6014af2732,127,67,0.5275590551181102,127,110,0.8661417322834646,0.9702537182852145,123.22222222222223,0.9832677165354331,124.875
127,8,1016,832,0.8188976377952756,184,0.18110236220472442,2,6c186019ba6014af2732,127,56,0.4409448818897638,127,102,0.8031496062992126,0.9562554680664918,121.44444444444444,0.9753937007874016,123.875
127,8,1016,842,0.8287401574803149,174,0.17125984251968504,3,6c186019ba6014af2732,127,52,0.4094488188976378,127,105,0.8267716535433071,0.9615048118985127,122.11111111111111,0.9783464566929134,124.25
127,8,1016,862,0.8484251968503937,154,0.1515748031496063,4,6c186019ba6014af2732,127,55,0.4330708661417323,127,109,0.8582677165354331,0.9671041119860018,122.82222222222222,0.9812992125984252,124.625
127,8,1016,902,0.8877952755905512,114,0.11220472440944881,0,6c6243b51d3892ec1757,127,75,0.5905511811023622,127,114,0.8976377952755905,0.9772528433945757,124.11111111111111,0.9872047244094488,125.375
127,8,1016,874,0.860236220472441,142,0.13976377952755906,1,6c6243b51d3892ec1757,127,66,0.5196850393700787,127,112,0.8818897637795275,0.973753280839895,123.66666666666667,0.985236220472441,125.125
127,8,1016,831,0.8179133858267716,185,0.18208661417322836,2,6c6243b51d3892ec1757,127,49,0.3858267716535433,127,103,0.8110236220472441,0.9580052493438319,121.66666666666667,0.9763779527559056,124.0
127,8,1016,788,0.7755905511811023,228,0.22440944881889763,3,6c6243b51d3892ec1757,127,42,0.33070866141732286,127,91,0.7165354330708661,0.9328083989501311,118.46666666666667,0.9616141732283464,122.125
127,8,1016,825,0.812007874015748,191,0.18799212598425197,4,6c6243b51d3892ec1757,127,53,0.41732283464566927,127,101,0.7952755905511811,0.9517060367454069,120.86666666666666,0.9724409448818898,123.5
127,8,1016,923,0.9084645669291339,93,0.09153543307086615,0,6c9d1a693268c2c187e6,127,82,0.6456692913385826,127,112,0.8818897637795275,0.9737532808398951,123.66666666666667,0.985236220472441,125.125
127,8,1016,867,0.8533464566929134,149,0.1466535433070866,1,6c9d1a693268c2c187e6,127,60,0.47244094488188976,127,107,0.84251968503937,0.9650043744531934,122.55555555555556,0.9803149606299213,124.5
127,8,1016,884,0.8700787401574803,132,0.12992125984251968,2,6c9d1a693268c2c187e6,127,65,0.5118110236220472,127,106,0.8346456692913385,0.9632545931758529,122.33333333333333,0.9793307086614174,124.375
127,8,1016,822,0.8090551181102362,194,0.19094488188976377,3,6c9d1a693268c2c187e6,127,50,0.3937007874015748,127,89,0.7007874015748031,0.9321084864391951,118.37777777777778,0.9616141732283464,122.125
127,8,1016,850,0.8366141732283464,166,0.16338582677165353,4,6c9d1a693268c2c187e6,127,53,0.41732283464566927,127,101,0.7952755905511811,0.9545056867891513,121.22222222222223,0.9744094488188977,123.75
127,8,1016,720,0.7086614173228346,296,0.29133858267716534,0,6cea5d5b7d7f59335fff,127,31,0.2440944881889764,127,102,0.8031496062992126,0.9548556430446196,121.26666666666667,0.9744094488188977,123.75
127,8,1016,612,0.6023622047244095,404,0.39763779527559057,1,6cea5d5b7d7f59335fff,127,2,0.015748031496062992,127,28,0.2204724409448819,0.8239720034995623,104.64444444444445,0.9005905511811023,114.375
127,8,1016,491,0.48326771653543305,525,0.5167322834645669,2,6cea5d5b7d7f59335fff,127,5,0.03937007874015748,127,32,0.25196850393700787,0.8155730533683287,103.57777777777778,0.8937007874015748,113.5
127,8,1016,398,0.39173228346456695,618,0.6082677165354331,3,6cea5d5b7d7f59335fff,127,3,0.023622047244094488,127,31,0.2440944881889764,0.8059333492404357,102.35353535353535,0.8868110236220472,112.625
127,8,1016,481,0.4734251968503937,535,0.5265748031496063,4,6cea5d5b7d7f59335fff,127,4,0.031496062992125984,127,46,0.36220472440944884,0.8277260796945834,105.12121212121212,0.8986220472440944,114.125
127,8,1016,917,0.9025590551181102,99,0.09744094488188976,0,6d79d94bc17e5a51f1dc,127,81,0.6377952755905512,127,115,0.905511811023622,0.9790026246719161,124.33333333333333,0.9881889763779528,125.5
127,8,1016,858,0.844488188976378,158,0.15551181102362205,1,6d79d94bc17e5a51f1dc,127,59,0.4645669291338583,127,110,0.8661417322834646,0.9702537182852145,123.22222222222223,0.9832677165354331,124.875
127,8,1016,834,0.8208661417322834,182,0.17913385826771652,2,6d79d94bc17e5a51f1dc,127,50,0.3937007874015748,127,98,0.7716535433070866,0.9478565179352583,120.37777777777778,0.9704724409448819,123.25
127,8,1016,790,0.7775590551181102,226,0.22244094488188976,3,6d79d94bc17e5a51f1dc,127,41,0.3228346456692913,127,104,0.8188976377952756,0.9583552055993001,121.71111111111111,0.9763779527559056,124.0
127,8,1016,794,0.781496062992126,222,0.21850393700787402,4,6d79d94bc17e5a51f1dc,127,49,0.3858267716535433,127,105,0.8267716535433071,0.9601049868766405,121.93333333333334,0.9773622047244095,124.125
127,8,1016,917,0.9025590551181102,99,0.09744094488188976,0,6dae6da34a01e6f16a93,127,83,0.6535433070866141,127,115,0.905511811023622,0.979002624671916,124.33333333333333,0.9881889763779528,125.5
127,8,1016,894,0.8799212598425197,122,0.12007874015748031,1,6dae6da34a01e6f16a93,127,71,0.5590551181102362,127,112,0.8818897637795275,0.973753280839895,123.66666666666667,0.985236220472441,125.125
127,8,1016,860,0.8464566929133859,156,0.15354330708661418,2,6dae6da34a01e6f16a93,127,58,0.4566929133858268,127,99,0.7795275590551181,0.9510061242344705,120.77777777777777,0.9724409448818898,123.5
127,8,1016,816,0.8031496062992126,200,0.1968503937007874,3,6dae6da34a01e6f16a93,127,50,0.3937007874015748,127,97,0.7637795275590551,0.9447069116360456,119.97777777777777,0.968503937007874,123.0
127,8,1016,883,0.8690944881889764,133,0.1309055118110236,4,6dae6da34a01e6f16a93,127,65,0.5118110236220472,127,108,0.8503937007874016,0.9667541557305337,122.77777777777777,0.9812992125984252,124.625
127,8,1016,921,0.906496062992126,95,0.09350393700787402,0,6dee65e8e51a78b80ab8,127,82,0.6456692913385826,127,119,0.937007874015748,0.9860017497812774,125.22222222222223,0.9921259842519685,126.0
127,8,1016,897,0.8828740157480315,119,0.1171259842519685,1,6dee65e8e51a78b80ab8,127,73,0.5748031496062992,127,112,0.8818897637795275,0.9737532808398952,123.66666666666667,0.985236220472441,125.125
127,8,1016,878,0.8641732283464567,138,0.13582677165354332,2,6dee65e8e51a78b80ab8,127,69,0.5433070866141733,127,105,0.8267716535433071,0.9615048118985127,122.11111111111111,0.9783464566929134,124.25
127,8,1016,805,0.7923228346456693,211,0.2076771653543307,3,6dee65e8e51a78b80ab8,127,48,0.3779527559055118,127,104,0.8188976377952756,0.9583552055993001,121.71111111111111,0.9763779527559056,124.0
127,8,1016,834,0.8208661417322834,182,0.17913385826771652,4,6dee65e8e51a78b80ab8,127,49,0.3858267716535433,127,101,0.7952755905511811,0.9545056867891514,121.22222222222223,0.9744094488188977,123.75
127,8,1016,839,0.8257874015748031,177,0.17421259842519685,0,6dfdd40485f50cb29df5,127,53,0.41732283464566927,127,103,0.8110236220472441,0.9580052493438321,121.66666666666667,0.9763779527559056,124.0
127,8,1016,526,0.5177165354330708,490,0.4822834645669291,1,6dfdd40485f50cb29df5,127,11,0.08661417322834646,127,48,0.3779527559055118,0.8393700787401572,106.6,0.906496062992126,115.125
127,8,1016,526,0.5177165354330708,490,0.4822834645669291,2,6dfdd40485f50cb29df5,127,10,0.07874015748031496,127,31,0.2440944881889764,0.7769824226517137,98.67676767676768,0.8661417322834646,110.0
127,8,1016,463,0.45570866141732286,553,0.5442913385826772,3,6dfdd40485f50cb29df5,127,10,0.07874015748031496,127,41,0.3228346456692913,0.8259762984172432,104.8989898989899,0.8986220472440944,114.125
127,8,1016,508,0.5,508,0.5,4,6dfdd40485f50cb29df5,127,11,0.08661417322834646,127,46,0.36220472440944884,0.8251809432911793,104.79797979797979,0.8966535433070866,113.875
104,8,832,742,0.8918269230769231,90,0.10817307692307693,0,6e24f66afea06ab899ca,104,61,0.5865384615384616,104,94,0.9038461538461539,0.976923076923077,101.6,0.9867788461538461,102.625
104,8,832,711,0.8545673076923077,121,0.14543269230769232,1,6e24f66afea06ab899ca,104,57,0.5480769230769231,104,85,0.8173076923076923,0.9594017094017094,99.77777777777777,0.9771634615384616,101.625
104,8,832,694,0.8341346153846154,138,0.1658653846153846,2,6e24f66afea06ab899ca,104,44,0.4230769230769231,104,83,0.7980769230769231,0.9534188034188035,99.15555555555555,0.9735576923076923,101.25
104,8,832,653,0.7848557692307693,179,0.21514423076923078,3,6e24f66afea06ab899ca,104,37,0.3557692307692308,104,75,0.7211538461538461,0.9363247863247863,97.37777777777778,0.9639423076923077,100.25
104,8,832,697,0.8377403846153846,135,0.1622596153846154,4,6e24f66afea06ab899ca,104,49,0.47115384615384615,104,86,0.8269230769230769,0.9581196581196583,99.64444444444445,0.9759615384615384,101.5
127,8,1016,912,0.8976377952755905,104,0.10236220472440945,0,6eadddab5a9d6357f016,127,80,0.6299212598425197,127,115,0.905511811023622,0.9790026246719161,124.33333333333333,0.9881889763779528,125.5
127,8,1016,876,0.8622047244094488,140,0.1377952755905512,1,6eadddab5a9d6357f016,127,65,0.5118110236220472,127,111,0.8740157480314961,0.9720034995625547,123.44444444444444,0.984251968503937,125.0
127,8,1016,814,0.8011811023622047,202,0.19881889763779528,2,6eadddab5a9d6357f016,127,49,0.3858267716535433,127,101,0.7952755905511811,0.9545056867891514,121.22222222222223,0.9744094488188977,123.75
127,8,1016,801,0.7883858267716536,215,0.21161417322834647,3,6eadddab5a9d6357f016,127,44,0.3464566929133858,127,92,0.7244094488188977,0.9345581802274716,118.68888888888888,0.9625984251968503,122.25
127,8,1016,805,0.7923228346456693,211,0.2076771653543307,4,6eadddab5a9d6357f016,127,41,0.3228346456692913,127,98,0.7716535433070866,0.9492563429571302,120.55555555555556,0.9714566929133859,123.375
127,8,1016,904,0.889763779527559,112,0.11023622047244094,0,6ff617258d39033f385d,127,72,0.5669291338582677,127,118,0.9291338582677166,0.984251968503937,125.0,0.9911417322834646,125.875
127,8,1016,893,0.8789370078740157,123,0.12106299212598425,1,6ff617258d39033f385d,127,76,0.5984251968503937,127,114,0.8976377952755905,0.9772528433945757,124.11111111111111,0.9872047244094488,125.375
127,8,1016,847,0.8336614173228346,169,0.16633858267716536,2,6ff617258d39033f385d,127,57,0.44881889763779526,127,94,0.7401574803149606,0.9408573928258966,119.4888888888889,0.9665354330708661,122.75
127,8,1016,828,0.8149606299212598,188,0.18503937007874016,3,6ff617258d39033f385d,127,53,0.41732283464566927,127,99,0.7795275590551181,0.9510061242344707,120.77777777777777,0.9724409448818898,123.5
127,8,1016,830,0.8169291338582677,186,0.1830708661417323,4,6ff617258d39033f385d,127,47,0.3700787401574803,127,97,0.7637795275590551,0.9475065616797901,120.33333333333333,0.9704724409448819,123.25
127,8,1016,888,0.8740157480314961,128,0.12598425196850394,0,70089cae37454b48fcb1,127,75,0.5905511811023622,127,106,0.8346456692913385,0.9632545931758529,122.33333333333333,0.9793307086614174,124.375
127,8,1016,868,0.8543307086614174,148,0.14566929133858267,1,70089cae37454b48fcb1,127,64,0.5039370078740157,127,109,0.8582677165354331,0.968503937007874,123.0,0.9822834645669292,124.75
127,8,1016,843,0.8297244094488189,173,0.1702755905511811,2,70089cae37454b48fcb1,127,52,0.4094488188976378,127,106,0.8346456692913385,0.9618547681539806,122.15555555555555,0.9783464566929134,124.25
127,8,1016,874,0.860236220472441,142,0.13976377952755906,3,70089cae37454b48fcb1,127,68,0.5354330708661418,127,111,0.8740157480314961,0.9720034995625547,123.44444444444444,0.984251968503937,125.0
127,8,1016,851,0.8375984251968503,165,0.1624015748031496,4,70089cae37454b48fcb1,127,60,0.47244094488188976,127,111,0.8740157480314961,0.9706036745406825,123.26666666666667,0.9832677165354331,124.875
127,8,1016,886,0.8720472440944882,130,0.1279527559055118,0,700c237a8f3d293ac64c,127,67,0.5275590551181102,127,114,0.8976377952755905,0.9772528433945757,124.11111111111111,0.9872047244094488,125.375
127,8,1016,903,0.8887795275590551,113,0.11122047244094488,1,700c237a8f3d293ac64c,127,71,0.5590551181102362,127,104,0.8188976377952756,0.9597550306211723,121.88888888888889,0.9773622047244095,124.125
127,8,1016,842,0.8287401574803149,174,0.17125984251968504,2,700c237a8f3d293ac64c,127,51,0.4015748031496063,127,106,0.8346456692913385,0.963254593175853,122.33333333333333,0.9793307086614174,124.375
127,8,1016,822,0.8090551181102362,194,0.19094488188976377,3,700c237a8f3d293ac64c,127,47,0.3700787401574803,127,91,0.7165354330708661,0.9356080489938757,118.82222222222222,0.9635826771653543,122.375
127,8,1016,836,0.8228346456692913,180,0.17716535433070865,4,700c237a8f3d293ac64c,127,46,0.36220472440944884,127,97,0.7637795275590551,0.9461067366579179,120.15555555555555,0.969488188976378,123.125
127,8,1016,909,0.8946850393700787,107,0.10531496062992125,0,70421ea8c307cc90eae3,127,79,0.6220472440944882,127,108,0.8503937007874016,0.9667541557305336,122.77777777777777,0.9812992125984252,124.625
127,8,1016,892,0.8779527559055118,124,0.1220472440944882,1,70421ea8c307cc90eae3,127,71,0.5590551181102362,127,111,0.8740157480314961,0.9720034995625548,123.44444444444444,0.984251968503937,125.0
127,8,1016,841,0.827755905511811,175,0.17224409448818898,2,70421ea8c307cc90eae3,127,54,0.4251968503937008,127,105,0.8267716535433071,0.9587051618547681,121.75555555555556,0.9763779527559056,124.0
127,8,1016,817,0.8041338582677166,199,0.19586614173228348,3,70421ea8c307cc90eae3,127,44,0.3464566929133858,127,98,0.7716535433070866,0.9492563429571302,120.55555555555556,0.9714566929133859,123.375
127,8,1016,833,0.8198818897637795,183,0.18011811023622049,4,70421ea8c307cc90eae3,127,52,0.4094488188976378,127,107,0.84251968503937,0.9650043744531932,122.55555555555556,0.9803149606299213,124.5
127,8,1016,887,0.8730314960629921,129,0.12696850393700787,0,7086e023532b893d4bae,127,61,0.48031496062992124,127,105,0.8267716535433071,0.9615048118985127,122.11111111111111,0.9783464566929134,124.25
127,8,1016,824,0.8110236220472441,192,0.1889763779527559,1,7086e023532b893d4bae,127,45,0.3543307086614173,127,104,0.8188976377952756,0.9597550306211723,121.88888888888889,0.9773622047244095,124.125
127,8,1016,891,0.8769685039370079,125,0.12303149606299213,2,7086e023532b893d4bae,127,74,0.5826771653543307,127,113,0.889763779527559,0.9741032370953631,123.71111111111111,0.985236220472441,125.125
127,8,1016,797,0.7844488188976378,219,0.2155511811023622,3,7086e023532b893d4bae,127,43,0.33858267716535434,127,93,0.7322834645669292,0.9391076115485564,119.26666666666667,0.9655511811023622,122.625
127,8,1016,771,0.7588582677165354,245,0.24114173228346455,4,7086e023532b893d4bae,127,42,0.33070866141732286,127,97,0.7637795275590551,0.9433070866141731,119.8,0.96751968503937,122.875
60,8,480,424,0.8833333333333333,56,0.11666666666666667,0,70d62d059b3550948736,60,38,0.6333333333333333,60,53,0.8833333333333333,0.9740740740740742,58.44444444444444,0.9854166666666667,59.125
60,8,480,401,0.8354166666666667,79,0.16458333333333333,1,70d62d059b3550948736,60,24,0.4,60,48,0.8,0.9555555555555555,57.333333333333336,0.975,58.5
60,8,480,410,0.8541666666666666,70,0.14583333333333334,2,70d62d059b3550948736,60,27,0.45,60,45,0.75,0.9444444444444444,56.666666666666664,0.96875,58.125
60,8,480,390,0.8125,90,0.1875,3,70d62d059b3550948736,60,21,0.35,60,45,0.75,0.9444444444444444,56.666666666666664,0.96875,58.125
60,8,480,404,0.8416666666666667,76,0.15833333333333333,4,70d62d059b3550948736,60,26,0.43333333333333335,60,42,0.7,0.9303703703703704,55.82222222222222,0.9604166666666667,57.625
127,8,1016,895,0.8809055118110236,121,0.11909448818897637,0,71015818094f5c36db00,127,74,0.5826771653543307,127,110,0.8661417322834646,0.9702537182852145,123.22222222222223,0.9832677165354331,124.875
127,8,1016,924,0.9094488188976378,92,0.09055118110236221,1,71015818094f5c36db00,127,80,0.6299212598425197,127,110,0.8661417322834646,0.9688538932633421,123.04444444444445,0.9822834645669292,124.75
127,8,1016,836,0.8228346456692913,180,0.17716535433070865,2,71015818094f5c36db00,127,52,0.4094488188976378,127,106,0.8346456692913385,0.963254593175853,122.33333333333333,0.9793307086614174,124.375
127,8,1016,829,0.8159448818897638,187,0.18405511811023623,3,71015818094f5c36db00,127,40,0.31496062992125984,127,96,0.7559055118110236,0.9443569553805775,119.93333333333334,0.968503937007874,123.0
127,8,1016,842,0.8287401574803149,174,0.17125984251968504,4,71015818094f5c36db00,127,57,0.44881889763779526,127,109,0.8582677165354331,0.9657042869641295,122.64444444444445,0.9803149606299213,124.5
127,8,1016,896,0.8818897637795275,120,0.11811023622047244,0,717a2dc5a64244109a91,127,75,0.5905511811023622,127,118,0.9291338582677166,0.984251968503937,125.0,0.9911417322834646,125.875
127,8,1016,861,0.8474409448818898,155,0.15255905511811024,1,717a2dc5a64244109a91,127,58,0.4566929133858268,127,105,0.8267716535433071,0.9615048118985127,122.11111111111111,0.9783464566929134,124.25
127,8,1016,819,0.8061023622047244,197,0.19389763779527558,2,717a2dc5a64244109a91,127,50,0.3937007874015748,127,109,0.8582677165354331,0.968503937007874,123.0,0.9822834645669292,124.75
127,8,1016,815,0.8021653543307087,201,0.19783464566929135,3,717a2dc5a64244109a91,127,44,0.3464566929133858,127,91,0.7165354330708661,0.9342082239720036,118.64444444444445,0.9625984251968503,122.25
127,8,1016,818,0.8051181102362205,198,0.19488188976377951,4,717a2dc5a64244109a91,127,49,0.3858267716535433,127,104,0.8188976377952756,0.9597550306211723,121.88888888888889,0.9773622047244095,124.125
127,8,1016,897,0.8828740157480315,119,0.1171259842519685,0,71dc0a1bd2869b85e777,127,72,0.5669291338582677,127,109,0.8582677165354331,0.968503937007874,123.0,0.9822834645669292,124.75
127,8,1016,836,0.8228346456692913,180,0.17716535433070865,1,71dc0a1bd2869b85e777,127,57,0.44881889763779526,127,116,0.9133858267716536,0.9807524059492564,124.55555555555556,0.9891732283464567,125.625
127,8,1016,851,0.8375984251968503,165,0.1624015748031496,2,71dc0a1bd2869b85e777,127,65,0.5118110236220472,127,108,0.8503937007874016,0.9653543307086614,122.6,0.9803149606299213,124.5
127,8,1016,801,0.7883858267716536,215,0.21161417322834647,3,71dc0a1bd2869b85e777,127,50,0.3937007874015748,127,104,0.8188976377952756,0.9583552055993002,121.71111111111111,0.9763779527559056,124.0
127,8,1016,806,0.7933070866141733,210,0.20669291338582677,4,71dc0a1bd2869b85e777,127,42,0.33070866141732286,127,87,0.6850393700787402,0.9300087489063867,118.11111111111111,0.9606299212598425,122.0
127,8,1016,921,0.906496062992126,95,0.09350393700787402,0,71ec93e425ed671ae88b,127,86,0.6771653543307087,127,119,0.937007874015748,0.9860017497812774,125.22222222222223,0.9921259842519685,126.0
127,8,1016,903,0.8887795275590551,113,0.11122047244094488,1,71ec93e425ed671ae88b,127,71,0.5590551181102362,127,110,0.8661417322834646,0.9702537182852145,123.22222222222223,0.9832677165354331,124.875
127,8,1016,871,0.8572834645669292,145,0.14271653543307086,2,71ec93e425ed671ae88b,127,62,0.4881889763779528,127,112,0.8818897637795275,0.9723534558180228,123.4888888888889,0.984251968503937,125.0
127,8,1016,800,0.7874015748031497,216,0.2125984251968504,3,71ec93e425ed671ae88b,127,53,0.41732283464566927,127,104,0.8188976377952756,0.9597550306211723,121.88888888888889,0.9773622047244095,124.125
127,8,1016,846,0.8326771653543307,170,0.1673228346456693,4,71ec93e425ed671ae88b,127,51,0.4015748031496063,127,112,0.8818897637795275,0.9723534558180228,123.4888888888889,0.984251968503937,125.0
127,8,1016,919,0.9045275590551181,97,0.09547244094488189,0,71f95c9f88e7f7e702d9,127,82,0.6456692913385826,127,108,0.8503937007874016,0.9667541557305337,122.77777777777777,0.9812992125984252,124.625
127,8,1016,859,0.8454724409448819,157,0.1545275590551181,1,71f95c9f88e7f7e702d9,127,64,0.5039370078740157,127,112,0.8818897637795275,0.973753280839895,123.66666666666667,0.985236220472441,125.125
127,8,1016,797,0.7844488188976378,219,0.2155511811023622,2,71f95c9f88e7f7e702d9,127,42,0.33070866141732286,127,98,0.7716535433070866,0.9492563429571305,120.55555555555556,0.9714566929133859,123.375
127,8,1016,818,0.8051181102362205,198,0.19488188976377951,3,71f95c9f88e7f7e702d9,127,50,0.3937007874015748,127,98,0.7716535433070866,0.9492563429571302,120.55555555555556,0.9714566929133859,123.375
127,8,1016,867,0.8533464566929134,149,0.1466535433070866,4,71f95c9f88e7f7e702d9,127,61,0.48031496062992124,127,99,0.7795275590551181,0.9496062992125984,120.6,0.9714566929133859,123.375
127,8,1016,891,0.8769685039370079,125,0.12303149606299213,0,72245f886f83f6bf4433,127,75,0.5905511811023622,127,116,0.9133858267716536,0.9807524059492563,124.55555555555556,0.9891732283464567,125.625
127,8,1016,895,0.8809055118110236,121,0.11909448818897637,1,72245f886f83f6bf4433,127,69,0.5433070866141733,127,106,0.8346456692913385,0.9632545931758529,122.33333333333333,0.9793307086614174,124.375
127,8,1016,853,0.8395669291338582,163,0.16043307086614172,2,72245f886f83f6bf4433,127,53,0.41732283464566927,127,101,0.7952755905511811,0.9545056867891514,121.22222222222223,0.9744094488188977,123.75
127,8,1016,787,0.7746062992125984,229,0.22539370078740156,3,72245f886f83f6bf4433,127,41,0.3228346456692913,127,97,0.7637795275590551,0.9461067366579178,120.15555555555555,0.969488188976378,123.125
127,8,1016,806,0.7933070866141733,210,0.20669291338582677,4,72245f886f83f6bf4433,127,46,0.36220472440944884,127,99,0.7795275590551181,0.9496062992125985,120.6,0.9714566929133859,123.375
127,8,1016,913,0.8986220472440944,103,0.10137795275590551,0,72345c62c39bdd81bcbd,127,82,0.6456692913385826,127,118,0.9291338582677166,0.984251968503937,125.0,0.9911417322834646,125.875
127,8,1016,875,0.8612204724409449,141,0.13877952755905512,1,72345c62c39bdd81bcbd,127,62,0.4881889763779528,127,104,0.8188976377952756,0.9597550306211723,121.88888888888889,0.9773622047244095,124.125
127,8,1016,833,0.8198818897637795,183,0.18011811023622049,2,72345c62c39bdd81bcbd,127,55,0.4330708661417323,127,110,0.8661417322834646,0.9674540682414697,122.86666666666666,0.9812992125984252,124.625
127,8,1016,809,0.7962598425196851,207,0.20374015748031496,3,72345c62c39bdd81bcbd,127,42,0.33070866141732286,127,100,0.7874015748031497,0.9513560804899388,120.82222222222222,0.9724409448818898,123.5
127,8,1016,824,0.8110236220472441,192,0.1889763779527559,4,72345c62c39bdd81bcbd,127,49,0.3858267716535433,127,101,0.7952755905511811,0.9545056867891514,121.22222222222223,0.9744094488188977,123.75
127,8,1016,913,0.8986220472440944,103,0.10137795275590551,0,727ec91316279b278313,127,82,0.6456692913385826,127,118,0.9291338582677166,0.984251968503937,125.0,0.9911417322834646,125.875
127,8,1016,889,0.875,127,0.125,1,727ec91316279b278313,127,71,0.5590551181102362,127,118,0.9291338582677166,0.984251968503937,125.0,0.9911417322834646,125.875
127,8,1016,861,0.8474409448818898,155,0.15255905511811024,2,727ec91316279b278313,127,63,0.49606299212598426,127,109,0.8582677165354331,0.9685039370078742,123.0,0.9822834645669292,124.75
127,8,1016,821,0.8080708661417323,195,0.1919291338582677,3,727ec91316279b278313,127,50,0.3937007874015748,127,105,0.8267716535433071,0.9601049868766405,121.93333333333334,0.9773622047244095,124.125
127,8,1016,844,0.8307086614173228,172,0.16929133858267717,4,727ec91316279b278313,127,49,0.3858267716535433,127,103,0.8110236220472441,0.9566054243219598,121.4888888888889,0.9753937007874016,123.875
127,8,1016,888,0.8740157480314961,128,0.12598425196850394,0,729a8ad812ae814a3814,127,71,0.5590551181102362,127,116,0.9133858267716536,0.9807524059492564,124.55555555555556,0.9891732283464567,125.625
127,8,1016,861,0.8474409448818898,155,0.15255905511811024,1,729a8ad812ae814a3814,127,61,0.48031496062992124,127,105,0.8267716535433071,0.9615048118985126,122.11111111111111,0.9783464566929134,124.25
127,8,1016,830,0.8169291338582677,186,0.1830708661417323,2,729a8ad812ae814a3814,127,61,0.48031496062992124,127,105,0.8267716535433071,0.9615048118985127,122.11111111111111,0.9783464566929134,124.25
127,8,1016,783,0.7706692913385826,233,0.22933070866141733,3,729a8ad812ae814a3814,127,40,0.31496062992125984,127,92,0.7244094488188977,0.9359580052493439,118.86666666666666,0.9635826771653543,122.375
127,8,1016,828,0.8149606299212598,188,0.18503937007874016,4,729a8ad812ae814a3814,127,54,0.4251968503937008,127,103,0.8110236220472441,0.958005249343832,121.66666666666667,0.9763779527559056,124.0
127,8,1016,901,0.8868110236220472,115,0.11318897637795275,0,72b0e522ab5a57483e76,127,75,0.5905511811023622,127,114,0.8976377952755905,0.9758530183727034,123.93333333333334,0.9862204724409449,125.25
127,8,1016,881,0.8671259842519685,135,0.1328740157480315,1,72b0e522ab5a57483e76,127,65,0.5118110236220472,127,109,0.8582677165354331,0.968503937007874,123.0,0.9822834645669292,124.75
127,8,1016,843,0.8297244094488189,173,0.1702755905511811,2,72b0e522ab5a57483e76,127,53,0.41732283464566927,127,106,0.8346456692913385,0.9604549431321086,121.97777777777777,0.9773622047244095,124.125
127,8,1016,808,0.7952755905511811,208,0.2047244094488189,3,72b0e522ab5a57483e76,127,48,0.3779527559055118,127,97,0.7637795275590551,0.9447069116360456,119.97777777777777,0.968503937007874,123.0
127,8,1016,860,0.8464566929133859,156,0.15354330708661418,4,72b0e522ab5a57483e76,127,61,0.48031496062992124,127,104,0.8188976377952756,0.9583552055993001,121.71111111111111,0.9763779527559056,124.0
127,8,1016,942,0.9271653543307087,74,0.07283464566929133,0,733eefede21779a0b909,127,96,0.7559055118110236,127,121,0.952755905511811,0.9895013123359581,125.66666666666667,0.9940944881889764,126.25
127,8,1016,891,0.8769685039370079,125,0.12303149606299213,1,733eefede21779a0b909,127,66,0.5196850393700787,127,110,0.8661417322834646,0.9702537182852145,123.22222222222223,0.9832677165354331,124.875
127,8,1016,871,0.8572834645669292,145,0.14271653543307086,2,733eefede21779a0b909,127,65,0.5118110236220472,127,107,0.84251968503937,0.9650043744531934,122.55555555555556,0.9803149606299213,124.5
127,8,1016,812,0.7992125984251969,204,0.20078740157480315,3,733eefede21779a0b909,127,49,0.3858267716535433,127,92,0.7244094488188977,0.9387576552930884,119.22222222222223,0.9655511811023622,122.625
127,8,1016,822,0.8090551181102362,194,0.19094488188976377,4,733eefede21779a0b909,127,56,0.4409448818897638,127,108,0.8503937007874016,0.9667541557305336,122.77777777777777,0.9812992125984252,124.625
127,8,1016,899,0.8848425196850394,117,0.11515748031496063,0,73a5afc136df69bf9b27,127,74,0.5826771653543307,127,113,0.889763779527559,0.9755030621172354,123.88888888888889,0.9862204724409449,125.25
127,8,1016,866,0.8523622047244095,150,0.14763779527559054,1,73a5afc136df69bf9b27,127,58,0.4566929133858268,127,104,0.8188976377952756,0.9597550306211723,121.88888888888889,0.9773622047244095,124.125
127,8,1016,855,0.8415354330708661,161,0.15846456692913385,2,73a5afc136df69bf9b27,127,55,0.4330708661417323,127,100,0.7874015748031497,0.9527559055118111,121.0,0.9734251968503937,123.625
127,8,1016,812,0.7992125984251969,204,0.20078740157480315,3,73a5afc136df69bf9b27,127,51,0.4015748031496063,127,101,0.7952755905511811,0.9517060367454067,120.86666666666666,0.9724409448818898,123.5
127,8,1016,878,0.8641732283464567,138,0.13582677165354332,4,73a5afc136df69bf9b27,127,67,0.5275590551181102,127,110,0.8661417322834646,0.9688538932633421,123.04444444444445,0.9822834645669292,124.75
127,8,1016,906,0.8917322834645669,110,0.10826771653543307,0,73aa88094428b6f9ee46,127,77,0.6062992125984252,127,113,0.889763779527559,0.9755030621172354,123.88888888888889,0.9862204724409449,125.25
127,8,1016,848,0.8346456692913385,168,0.16535433070866143,1,73aa88094428b6f9ee46,127,59,0.4645669291338583,127,106,0.8346456692913385,0.963254593175853,122.33333333333333,0.9793307086614174,124.375
127,8,1016,825,0.812007874015748,191,0.18799212598425197,2,73aa88094428b6f9ee46,127,48,0.3779527559055118,127,99,0.7795275590551181,0.9482064741907263,120.42222222222222,0.9704724409448819,123.25
127,8,1016,824,0.8110236220472441,192,0.1889763779527559,3,73aa88094428b6f9ee46,127,53,0.41732283464566927,127,100,0.7874015748031497,0.9527559055118111,121.0,0.9734251968503937,123.625
127,8,1016,835,0.8218503937007874,181,0.1781496062992126,4,73aa88094428b6f9ee46,127,49,0.3858267716535433,127,97,0.7637795275590551,0.9461067366579179,120.15555555555555,0.969488188976378,123.125
127,8,1016,892,0.8779527559055118,124,0.1220472440944882,0,73b1268564ada88cb2dd,127,76,0.5984251968503937,127,118,0.9291338582677166,0.984251968503937,125.0,0.9911417322834646,125.875
127,8,1016,877,0.8631889763779528,139,0.13681102362204725,1,73b1268564ada88cb2dd,127,65,0.5118110236220472,127,106,0.8346456692913385,0.9632545931758528,122.33333333333333,0.9793307086614174,124.375
127,8,1016,839,0.8257874015748031,177,0.17421259842519685,2,73b1268564ada88cb2dd,127,54,0.4251968503937008,127,107,0.84251968503937,0.9636045494313212,122.37777777777778,0.9793307086614174,124.375
127,8,1016,833,0.8198818897637795,183,0.18011811023622049,3,73b1268564ada88cb2dd,127,54,0.4251968503937008,127,100,0.7874015748031497,0.9513560804899388,120.82222222222222,0.9724409448818898,123.5
127,8,1016,836,0.8228346456692913,180,0.17716535433070865,4,73b1268564ada88cb2dd,127,57,0.44881889763779526,127,99,0.7795275590551181,0.9510061242344705,120.77777777777777,0.9724409448818898,123.5
127,8,1016,926,0.9114173228346457,90,0.08858267716535433,0,73fc4472907a4273738e,127,86,0.6771653543307087,127,118,0.9291338582677166,0.984251968503937,125.0,0.9911417322834646,125.875
127,8,1016,890,0.8759842519685039,126,0.12401574803149606,1,73fc4472907a4273738e,127,69,0.5433070866141733,127,112,0.8818897637795275,0.9723534558180229,123.4888888888889,0.984251968503937,125.0
127,8,1016,878,0.8641732283464567,138,0.13582677165354332,2,73fc4472907a4273738e,127,64,0.5039370078740157,127,107,0.84251968503937,0.9650043744531933,122.55555555555556,0.9803149606299213,124.5
127,8,1016,841,0.827755905511811,175,0.17224409448818898,3,73fc4472907a4273738e,127,54,0.4251968503937008,127,104,0.8188976377952756,0.9597550306211723,121.88888888888889,0.9773622047244095,124.125
127,8,1016,866,0.8523622047244095,150,0.14763779527559054,4,73fc4472907a4273738e,127,64,0.5039370078740157,127,107,0.84251968503937,0.9636045494313212,122.37777777777778,0.9793307086614174,124.375
127,8,1016,896,0.8818897637795275,120,0.11811023622047244,0,743bf9594672fea024f8,127,75,0.5905511811023622,127,118,0.9291338582677166,0.984251968503937,125.0,0.9911417322834646,125.875
127,8,1016,883,0.8690944881889764,133,0.1309055118110236,1,743bf9594672fea024f8,127,65,0.5118110236220472,127,105,0.8267716535433071,0.9615048118985127,122.11111111111111,0.9783464566929134,124.25
127,8,1016,843,0.8297244094488189,173,0.1702755905511811,2,743bf9594672fea024f8,127,58,0.4566929133858268,127,112,0.8818897637795275,0.9737532808398952,123.66666666666667,0.985236220472441,125.125
127,8,1016,817,0.8041338582677166,199,0.19586614173228348,3,743bf9594672fea024f8,127,41,0.3228346456692913,127,94,0.7401574803149606,0.9408573928258968,119.4888888888889,0.9665354330708661,122.75
127,8,1016,838,0.8248031496062992,178,0.17519685039370078,4,743bf9594672fea024f8,127,54,0.4251968503937008,127,103,0.8110236220472441,0.9566054243219597,121.4888888888889,0.9753937007874016,123.875
127,8,1016,892,0.8779527559055118,124,0.1220472440944882,0,748f138c259659a9df66,127,72,0.5669291338582677,127,115,0.905511811023622,0.979002624671916,124.33333333333333,0.9881889763779528,125.5
127,8,1016,833,0.8198818897637795,183,0.18011811023622049,1,748f138c259659a9df66,127,54,0.4251968503937008,127,104,0.8188976377952756,0.9597550306211721,121.88888888888889,0.9773622047244095,124.125
127,8,1016,860,0.8464566929133859,156,0.15354330708661418,2,748f138c259659a9df66,127,62,0.4881889763779528,127,109,0.8582677165354331,0.9685039370078738,123.0,0.9822834645669292,124.75
127,8,1016,766,0.7539370078740157,250,0.24606299212598426,3,748f138c259659a9df66,127,38,0.2992125984251969,127,88,0.6929133858267716,0.9303587051618547,118.15555555555555,0.9606299212598425,122.0
127,8,1016,810,0.797244094488189,206,0.20275590551181102,4,748f138c259659a9df66,127,48,0.3779527559055118,127,104,0.8188976377952756,0.9569553805774277,121.53333333333333,0.9753937007874016,123.875
127,8,1016,910,0.8956692913385826,106,0.10433070866141732,0,74b66bcd1e39f76e3513,127,78,0.6141732283464567,127,117,0.9212598425196851,0.9825021872265968,124.77777777777777,0.9901574803149606,125.75
127,8,1016,876,0.8622047244094488,140,0.1377952755905512,1,74b66bcd1e39f76e3513,127,63,0.49606299212598426,127,103,0.8110236220472441,0.958005249343832,121.66666666666667,0.9763779527559056,124.0
127,8,1016,859,0.8454724409448819,157,0.1545275590551181,2,74b66bcd1e39f76e3513,127,60,0.47244094488188976,127,109,0.8582677165354331,0.968503937007874,123.0,0.9822834645669292,124.75
127,8,1016,830,0.8169291338582677,186,0.1830708661417323,3,74b66bcd1e39f76e3513,127,56,0.4409448818897638,127,97,0.7637795275590551,0.9447069116360455,119.97777777777777,0.968503937007874,123.0
127,8,1016,840,0.8267716535433071,176,0.1732283464566929,4,74b66bcd1e39f76e3513,127,55,0.4330708661417323,127,98,0.7716535433070866,0.947856517935258,120.37777777777778,0.9704724409448819,123.25
127,8,1016,877,0.8631889763779528,139,0.13681102362204725,0,74ea1eeae3646fd0cf74,127,67,0.5275590551181102,127,115,0.905511811023622,0.979002624671916,124.33333333333333,0.9881889763779528,125.5
127,8,1016,877,0.8631889763779528,139,0.13681102362204725,1,74ea1eeae3646fd0cf74,127,67,0.5275590551181102,127,106,0.8346456692913385,0.963254593175853,122.33333333333333,0.9793307086614174,124.375
127,8,1016,829,0.8159448818897638,187,0.18405511811023623,2,74ea1eeae3646fd0cf74,127,51,0.4015748031496063,127,100,0.7874015748031497,0.952755905511811,121.0,0.9734251968503937,123.625
127,8,1016,776,0.7637795275590551,240,0.23622047244094488,3,74ea1eeae3646fd0cf74,127,39,0.30708661417322836,127,96,0.7559055118110236,0.9443569553805775,119.93333333333334,0.968503937007874,123.0
127,8,1016,831,0.8179133858267716,185,0.18208661417322836,4,74ea1eeae3646fd0cf74,127,52,0.4094488188976378,127,96,0.7559055118110236,0.9443569553805775,119.93333333333334,0.968503937007874,123.0
127,8,1016,923,0.9084645669291339,93,0.09153543307086615,0,7505918487c75fcdcc81,127,79,0.6220472440944882,127,111,0.8740157480314961,0.9706036745406825,123.26666666666667,0.9832677165354331,124.875
127,8,1016,889,0.875,127,0.125,1,7505918487c75fcdcc81,127,72,0.5669291338582677,127,119,0.937007874015748,0.9860017497812774,125.22222222222223,0.9921259842519685,126.0
127,8,1016,871,0.8572834645669292,145,0.14271653543307086,2,7505918487c75fcdcc81,127,58,0.4566929133858268,127,102,0.8031496062992126,0.9548556430446195,121.26666666666667,0.9744094488188977,123.75
127,8,1016,823,0.8100393700787402,193,0.18996062992125984,3,7505918487c75fcdcc81,127,48,0.3779527559055118,127,95,0.7480314960629921,0.9440069991251093,119.88888888888889,0.968503937007874,123.0
127,8,1016,827,0.8139763779527559,189,0.1860236220472441,4,7505918487c75fcdcc81,127,50,0.3937007874015748,127,104,0.8188976377952756,0.9583552055993002,121.71111111111111,0.9763779527559056,124.0
127,8,1016,907,0.8927165354330708,109,0.10728346456692914,0,75343c667f97f8ce537c,127,76,0.5984251968503937,127,111,0.8740157480314961,0.9720034995625548,123.44444444444444,0.984251968503937,125.0
127,8,1016,812,0.7992125984251969,204,0.20078740157480315,1,75343c667f97f8ce537c,127,47,0.3700787401574803,127,97,0.7637795275590551,0.94750656167979,120.33333333333333,0.9704724409448819,123.25
127,8,1016,825,0.812007874015748,191,0.18799212598425197,2,75343c667f97f8ce537c,127,45,0.3543307086614173,127,97,0.7637795275590551,0.9475065616797901,120.33333333333333,0.9704724409448819,123.25
127,8,1016,696,0.6850393700787402,320,0.31496062992125984,3,75343c667f97f8ce537c,127,30,0.23622047244094488,127,82,0.6456692913385826,0.9170603674540682,116.46666666666667,0.952755905511811,121.0
127,8,1016,718,0.7066929133858267,298,0.2933070866141732,4,75343c667f97f8ce537c,127,33,0.25984251968503935,127,79,0.6220472440944882,0.9120655372623877,115.83232323232323,0.9498031496062992,120.625
127,8,1016,907,0.8927165354330708,109,0.10728346456692914,0,7537a0387a0a7575b5ee,127,74,0.5826771653543307,127,113,0.889763779527559,0.9755030621172355,123.88888888888889,0.9862204724409449,125.25
127,8,1016,890,0.8759842519685039,126,0.12401574803149606,1,7537a0387a0a7575b5ee,127,71,0.5590551181102362,127,117,0.9212598425196851,0.9825021872265968,124.77777777777777,0.9901574803149606,125.75
127,8,1016,860,0.8464566929133859,156,0.15354330708661418,2,7537a0387a0a7575b5ee,127,57,0.44881889763779526,127,98,0.7716535433070866,0.947856517935258,120.37777777777778,0.9704724409448819,123.25
127,8,1016,776,0.7637795275590551,240,0.23622047244094488,3,7537a0387a0a7575b5ee,127,39,0.30708661417322836,127,92,0.7244094488188977,0.937357830271216,119.04444444444445,0.9645669291338582,122.5
127,8,1016,807,0.7942913385826772,209,0.20570866141732283,4,7537a0387a0a7575b5ee,127,47,0.3700787401574803,127,105,0.8267716535433071,0.9601049868766405,121.93333333333334,0.9773622047244095,124.125
127,8,1016,866,0.8523622047244095,150,0.14763779527559054,0,75ee2fdbc3a3b812c8eb,127,56,0.4409448818897638,127,104,0.8188976377952756,0.9597550306211723,121.88888888888889,0.9773622047244095,124.125
127,8,1016,826,0.812992125984252,190,0.18700787401574803,1,75ee2fdbc3a3b812c8eb,127,56,0.4409448818897638,127,109,0.8582677165354331,0.968503937007874,123.0,0.9822834645669292,124.75
127,8,1016,868,0.8543307086614174,148,0.14566929133858267,2,75ee2fdbc3a3b812c8eb,127,64,0.5039370078740157,127,100,0.7874015748031497,0.9527559055118109,121.0,0.9734251968503937,123.625
127,8,1016,811,0.7982283464566929,205,0.2017716535433071,3,75ee2fdbc3a3b812c8eb,127,46,0.36220472440944884,127,99,0.7795275590551181,0.9482064741907261,120.42222222222222,0.9704724409448819,123.25
127,8,1016,810,0.797244094488189,206,0.20275590551181102,4,75ee2fdbc3a3b812c8eb,127,49,0.3858267716535433,127,97,0.7637795275590551,0.9475065616797899,120.33333333333333,0.9704724409448819,123.25
127,8,1016,914,0.8996062992125984,102,0.10039370078740158,0,7604a7dbeb0433acc2b8,127,83,0.6535433070866141,127,115,0.905511811023622,0.9776027996500438,124.15555555555555,0.9872047244094488,125.375
127,8,1016,905,0.890748031496063,111,0.10925196850393701,1,7604a7dbeb0433acc2b8,127,76,0.5984251968503937,127,113,0.889763779527559,0.9755030621172355,123.88888888888889,0.9862204724409449,125.25
127,8,1016,843,0.8297244094488189,173,0.1702755905511811,2,7604a7dbeb0433acc2b8,127,58,0.4566929133858268,127,110,0.8661417322834646,0.9702537182852145,123.22222222222223,0.9832677165354331,124.875
127,8,1016,822,0.8090551181102362,194,0.19094488188976377,3,7604a7dbeb0433acc2b8,127,50,0.3937007874015748,127,99,0.7795275590551181,0.9496062992125984,120.6,0.9714566929133859,123.375
127,8,1016,847,0.8336614173228346,169,0.16633858267716536,4,7604a7dbeb0433acc2b8,127,55,0.4330708661417323,127,105,0.8267716535433071,0.9615048118985126,122.11111111111111,0.9783464566929134,124.25
127,8,1016,912,0.8976377952755905,104,0.10236220472440945,0,7663609c895eba90f0b3,127,83,0.6535433070866141,127,111,0.8740157480314961,0.9706036745406825,123.26666666666667,0.9832677165354331,124.875
127,8,1016,855,0.8415354330708661,161,0.15846456692913385,1,7663609c895eba90f0b3,127,67,0.5275590551181102,127,112,0.8818897637795275,0.9737532808398951,123.66666666666667,0.985236220472441,125.125
127,8,1016,850,0.8366141732283464,166,0.16338582677165353,2,7663609c895eba90f0b3,127,58,0.4566929133858268,127,107,0.84251968503937,0.9650043744531933,122.55555555555556,0.9803149606299213,124.5
127,8,1016,786,0.7736220472440944,230,0.2263779527559055,3,7663609c895eba90f0b3,127,38,0.2992125984251969,127,103,0.8110236220472441,0.9566054243219598,121.4888888888889,0.9753937007874016,123.875
127,8,1016,862,0.8484251968503937,154,0.1515748031496063,4,7663609c895eba90f0b3,127,62,0.4881889763779528,127,105,0.8267716535433071,0.9615048118985127,122.11111111111111,0.9783464566929134,124.25
127,8,1016,911,0.8966535433070866,105,0.10334645669291338,0,769347a97961f6aac03c,127,78,0.6141732283464567,127,114,0.8976377952755905,0.9772528433945757,124.11111111111111,0.9872047244094488,125.375
127,8,1016,874,0.860236220472441,142,0.13976377952755906,1,769347a97961f6aac03c,127,70,0.5511811023622047,127,108,0.8503937007874016,0.9667541557305336,122.77777777777777,0.9812992125984252,124.625
127,8,1016,860,0.8464566929133859,156,0.15354330708661418,2,769347a97961f6aac03c,127,58,0.4566929133858268,127,104,0.8188976377952756,0.9597550306211722,121.88888888888889,0.9773622047244095,124.125
127,8,1016,772,0.7598425196850394,244,0.24015748031496062,3,769347a97961f6aac03c,127,37,0.29133858267716534,127,100,0.7874015748031497,0.9513560804899388,120.82222222222222,0.9724409448818898,123.5
127,8,1016,814,0.8011811023622047,202,0.19881889763779528,4,769347a97961f6aac03c,127,48,0.3779527559055118,127,104,0.8188976377952756,0.9597550306211722,121.88888888888889,0.9773622047244095,124.125
127,8,1016,917,0.9025590551181102,99,0.09744094488188976,0,76c7d19b06bb657801f9,127,81,0.6377952755905512,127,112,0.8818897637795275,0.9737532808398952,123.66666666666667,0.985236220472441,125.125
127,8,1016,881,0.8671259842519685,135,0.1328740157480315,1,76c7d19b06bb657801f9,127,70,0.5511811023622047,127,110,0.8661417322834646,0.9702537182852145,123.22222222222223,0.9832677165354331,124.875
127,8,1016,857,0.843503937007874,159,0.15649606299212598,2,76c7d19b06bb657801f9,127,60,0.47244094488188976,127,108,0.8503937007874016,0.9667541557305336,122.77777777777777,0.9812992125984252,124.625
127,8,1016,785,0.7726377952755905,231,0.22736220472440946,3,76c7d19b06bb657801f9,127,38,0.2992125984251969,127,94,0.7401574803149606,0.9380577427821521,119.13333333333334,0.9645669291338582,122.5
127,8,1016,839,0.8257874015748031,177,0.17421259842519685,4,76c7d19b06bb657801f9,127,53,0.41732283464566927,127,93,0.7322834645669292,0.9391076115485563,119.26666666666667,0.9655511811023622,122.625
127,8,1016,905,0.890748031496063,111,0.10925196850393701,0,7712364c1254f0e189b6,127,72,0.5669291338582677,127,109,0.8582677165354331,0.968503937007874,123.0,0.9822834645669292,124.75
127,8,1016,866,0.8523622047244095,150,0.14763779527559054,1,7712364c1254f0e189b6,127,58,0.4566929133858268,127,105,0.8267716535433071,0.9615048118985126,122.11111111111111,0.9783464566929134,124.25
127,8,1016,826,0.812992125984252,190,0.18700787401574803,2,7712364c1254f0e189b6,127,54,0.4251968503937008,127,104,0.8188976377952756,0.9597550306211723,121.88888888888889,0.9773622047244095,124.125
127,8,1016,839,0.8257874015748031,177,0.17421259842519685,3,7712364c1254f0e189b6,127,56,0.4409448818897638,127,101,0.7952755905511811,0.9531058617672792,121.04444444444445,0.9734251968503937,123.625
127,8,1016,844,0.8307086614173228,172,0.16929133858267717,4,7712364c1254f0e189b6,127,52,0.4094488188976378,127,98,0.7716535433070866,0.947856517935258,120.37777777777778,0.9704724409448819,123.25
127,8,1016,892,0.8779527559055118,124,0.1220472440944882,0,7721c9f68025be2a24aa,127,71,0.5590551181102362,127,111,0.8740157480314961,0.9720034995625547,123.44444444444444,0.984251968503937,125.0
127,8,1016,869,0.8553149606299213,147,0.14468503937007873,1,7721c9f68025be2a24aa,127,61,0.48031496062992124,127,104,0.8188976377952756,0.9597550306211723,121.88888888888889,0.9773622047244095,124.125
127,8,1016,837,0.8238188976377953,179,0.17618110236220472,2,7721c9f68025be2a24aa,127,49,0.3858267716535433,127,98,0.7716535433070866,0.9492563429571302,120.55555555555556,0.9714566929133859,123.375
127,8,1016,799,0.7864173228346457,217,0.21358267716535434,3,7721c9f68025be2a24aa,127,49,0.3858267716535433,127,106,0.8346456692913385,0.9576552930883638,121.62222222222222,0.9753937007874016,123.875
127,8,1016,812,0.7992125984251969,204,0.20078740157480315,4,7721c9f68025be2a24aa,127,42,0.33070866141732286,127,92,0.7244094488188977,0.9345581802274715,118.68888888888888,0.9625984251968503,122.25
127,8,1016,897,0.8828740157480315,119,0.1171259842519685,0,772ba0713fb81acddd5f,127,75,0.5905511811023622,127,106,0.8346456692913385,0.963254593175853,122.33333333333333,0.9793307086614174,124.375
127,8,1016,865,0.8513779527559056,151,0.1486220472440945,1,772ba0713fb81acddd5f,127,65,0.5118110236220472,127,112,0.8818897637795275,0.973753280839895,123.66666666666667,0.985236220472441,125.125
127,8,1016,856,0.84251968503937,160,0.15748031496062992,2,772ba0713fb81acddd5f,127,56,0.4409448818897638,127,105,0.8267716535433071,0.9615048118985126,122.11111111111111,0.9783464566929134,124.25
127,8,1016,834,0.8208661417322834,182,0.17913385826771652,3,772ba0713fb81acddd5f,127,50,0.3937007874015748,127,99,0.7795275590551181,0.9496062992125984,120.6,0.9714566929133859,123.375
127,8,1016,864,0.8503937007874016,152,0.14960629921259844,4,772ba0713fb81acddd5f,127,63,0.49606299212598426,127,108,0.8503937007874016,0.9667541557305337,122.77777777777777,0.9812992125984252,124.625
127,8,1016,917,0.9025590551181102,99,0.09744094488188976,0,7760837853c02952953d,127,77,0.6062992125984252,127,114,0.8976377952755905,0.9772528433945757,124.11111111111111,0.9872047244094488,125.375
127,8,1016,878,0.8641732283464567,138,0.13582677165354332,1,7760837853c02952953d,127,66,0.5196850393700787,127,111,0.8740157480314961,0.9720034995625546,123.44444444444444,0.984251968503937,125.0
127,8,1016,840,0.8267716535433071,176,0.1732283464566929,2,7760837853c02952953d,127,56,0.4409448818897638,127,96,0.7559055118110236,0.9457567804024496,120.11111111111111,0.969488188976378,123.125
127,8,1016,820,0.8070866141732284,196,0.19291338582677164,3,7760837853c02952953d,127,45,0.3543307086614173,127,98,0.7716535433070866,0.9492563429571302,120.55555555555556,0.9714566929133859,123.375
127,8,1016,838,0.8248031496062992,178,0.17519685039370078,4,7760837853c02952953d,127,49,0.3858267716535433,127,97,0.7637795275590551,0.9461067366579178,120.15555555555555,0.969488188976378,123.125
127,8,1016,918,0.9035433070866141,98,0.09645669291338582,0,77c6404886525f7fdc4f,127,83,0.6535433070866141,127,118,0.9291338582677166,0.984251968503937,125.0,0.9911417322834646,125.875
127,8,1016,890,0.8759842519685039,126,0.12401574803149606,1,77c6404886525f7fdc4f,127,70,0.5511811023622047,127,114,0.8976377952755905,0.9772528433945757,124.11111111111111,0.9872047244094488,125.375
127,8,1016,883,0.8690944881889764,133,0.1309055118110236,2,77c6404886525f7fdc4f,127,69,0.5433070866141733,127,112,0.8818897637795275,0.973753280839895,123.66666666666667,0.985236220472441,125.125
127,8,1016,779,0.7667322834645669,237,0.23326771653543307,3,77c6404886525f7fdc4f,127,36,0.28346456692913385,127,97,0.7637795275590551,0.9433070866141732,119.8,0.96751968503937,122.875
127,8,1016,819,0.8061023622047244,197,0.19389763779527558,4,77c6404886525f7fdc4f,127,52,0.4094488188976378,127,100,0.7874015748031497,0.952755905511811,121.0,0.9734251968503937,123.625
127,8,1016,899,0.8848425196850394,117,0.11515748031496063,0,7802fac070269828d784,127,73,0.5748031496062992,127,119,0.937007874015748,0.9860017497812774,125.22222222222223,0.9921259842519685,126.0
127,8,1016,868,0.8543307086614174,148,0.14566929133858267,1,7802fac070269828d784,127,71,0.5590551181102362,127,117,0.9212598425196851,0.9825021872265967,124.77777777777777,0.9901574803149606,125.75
127,8,1016,844,0.8307086614173228,172,0.16929133858267717,2,7802fac070269828d784,127,58,0.4566929133858268,127,100,0.7874015748031497,0.9527559055118112,121.0,0.9734251968503937,123.625
127,8,1016,801,0.7883858267716536,215,0.21161417322834647,3,7802fac070269828d784,127,47,0.3700787401574803,127,105,0.8267716535433071,0.9601049868766403,121.93333333333334,0.9773622047244095,124.125
127,8,1016,834,0.8208661417322834,182,0.17913385826771652,4,7802fac070269828d784,127,53,0.41732283464566927,127,92,0.7244094488188977,0.9387576552930883,119.22222222222223,0.9655511811023622,122.625
127,8,1016,919,0.9045275590551181,97,0.09547244094488189,0,7812f0064bcbdaa374e5,127,86,0.6771653543307087,127,116,0.9133858267716536,0.9807524059492564,124.55555555555556,0.9891732283464567,125.625
127,8,1016,855,0.8415354330708661,161,0.15846456692913385,1,7812f0064bcbdaa374e5,127,61,0.48031496062992124,127,107,0.84251968503937,0.9650043744531933,122.55555555555556,0.9803149606299213,124.5
127,8,1016,862,0.8484251968503937,154,0.1515748031496063,2,7812f0064bcbdaa374e5,127,64,0.5039370078740157,127,114,0.8976377952755905,0.9772528433945757,124.11111111111111,0.9872047244094488,125.375
127,8,1016,781,0.7687007874015748,235,0.2312992125984252,3,7812f0064bcbdaa374e5,127,41,0.3228346456692913,127,94,0.7401574803149606,0.9394575678040243,119.31111111111112,0.9655511811023622,122.625
127,8,1016,807,0.7942913385826772,209,0.20570866141732283,4,7812f0064bcbdaa374e5,127,47,0.3700787401574803,127,91,0.7165354330708661,0.9370078740157479,119.0,0.9645669291338582,122.5
127,8,1016,845,0.8316929133858267,171,0.16830708661417323,0,783bfb18ad5ff63245cc,127,54,0.4251968503937008,127,100,0.7874015748031497,0.9527559055118112,121.0,0.9734251968503937,123.625
127,8,1016,490,0.4822834645669291,526,0.5177165354330708,1,783bfb18ad5ff63245cc,127,12,0.09448818897637795,127,59,0.4645669291338583,0.8558180227471565,108.68888888888888,0.9153543307086615,116.25
127,8,1016,558,0.5492125984251969,458,0.4507874015748031,2,783bfb18ad5ff63245cc,127,10,0.07874015748031496,127,36,0.28346456692913385,0.7955937326016064,101.04040404040404,0.8779527559055118,111.5
127,8,1016,471,0.46358267716535434,545,0.5364173228346457,3,783bfb18ad5ff63245cc,127,7,0.05511811023622047,127,46,0.36220472440944884,0.8263262546727111,104.94343434343435,0.8976377952755905,114.0
127,8,1016,530,0.5216535433070866,486,0.47834645669291337,4,783bfb18ad5ff63245cc,127,12,0.09448818897637795,127,49,0.3858267716535433,0.8278851507197962,105.14141414141415,0.8976377952755905,114.0
127,8,1016,904,0.889763779527559,112,0.11023622047244094,0,783f4fe965eb43786d8c,127,76,0.5984251968503937,127,115,0.905511811023622,0.9790026246719161,124.33333333333333,0.9881889763779528,125.5
127,8,1016,909,0.8946850393700787,107,0.10531496062992125,1,783f4fe965eb43786d8c,127,76,0.5984251968503937,127,118,0.9291338582677166,0.984251968503937,125.0,0.9911417322834646,125.875
127,8,1016,863,0.8494094488188977,153,0.15059055118110237,2,783f4fe965eb43786d8c,127,61,0.48031496062992124,127,107,0.84251968503937,0.9650043744531933,122.55555555555556,0.9803149606299213,124.5
127,8,1016,800,0.7874015748031497,216,0.2125984251968504,3,783f4fe965eb43786d8c,127,40,0.31496062992125984,127,94,0.7401574803149606,0.942257217847769,119.66666666666667,0.96751968503937,122.875
127,8,1016,828,0.8149606299212598,188,0.18503937007874016,4,783f4fe965eb43786d8c,127,48,0.3779527559055118,127,103,0.8110236220472441,0.9580052493438321,121.66666666666667,0.9763779527559056,124.0
127,8,1016,920,0.905511811023622,96,0.09448818897637795,0,78490188e0d23f1a73a7,127,84,0.6614173228346457,127,115,0.905511811023622,0.979002624671916,124.33333333333333,0.9881889763779528,125.5
127,8,1016,872,0.8582677165354331,144,0.14173228346456693,1,78490188e0d23f1a73a7,127,61,0.48031496062992124,127,99,0.7795275590551181,0.9496062992125984,120.6,0.9714566929133859,123.375
127,8,1016,838,0.8248031496062992,178,0.17519685039370078,2,78490188e0d23f1a73a7,127,52,0.4094488188976378,127,103,0.8110236220472441,0.9566054243219598,121.4888888888889,0.9753937007874016,123.875
127,8,1016,835,0.8218503937007874,181,0.1781496062992126,3,78490188e0d23f1a73a7,127,51,0.4015748031496063,127,102,0.8031496062992126,0.9548556430446195,121.26666666666667,0.9744094488188977,123.75
127,8,1016,841,0.827755905511811,175,0.17224409448818898,4,78490188e0d23f1a73a7,127,53,0.41732283464566927,127,98,0.7716535433070866,0.9492563429571302,120.55555555555556,0.9714566929133859,123.375
127,8,1016,871,0.8572834645669292,145,0.14271653543307086,0,78e810a2fb64f567ecc5,127,69,0.5433070866141733,127,118,0.9291338582677166,0.984251968503937,125.0,0.9911417322834646,125.875
127,8,1016,873,0.859251968503937,143,0.140748031496063,1,78e810a2fb64f567ecc5,127,65,0.5118110236220472,127,107,0.84251968503937,0.9650043744531934,122.55555555555556,0.9803149606299213,124.5
127,8,1016,830,0.8169291338582677,186,0.1830708661417323,2,78e810a2fb64f567ecc5,127,55,0.4330708661417323,127,108,0.8503937007874016,0.9667541557305336,122.77777777777777,0.9812992125984252,124.625
127,8,1016,772,0.7598425196850394,244,0.24015748031496062,3,78e810a2fb64f567ecc5,127,39,0.30708661417322836,127,89,0.7007874015748031,0.9293088363954505,118.02222222222223,0.9596456692913385,121.875
127,8,1016,847,0.8336614173228346,169,0.16633858267716536,4,78e810a2fb64f567ecc5,127,61,0.48031496062992124,127,105,0.8267716535433071,0.9601049868766405,121.93333333333334,0.9773622047244095,124.125
127,8,1016,901,0.8868110236220472,115,0.11318897637795275,0,78fad3014be7f4886277,127,71,0.5590551181102362,127,109,0.8582677165354331,0.968503937007874,123.0,0.9822834645669292,124.75
127,8,1016,864,0.8503937007874016,152,0.14960629921259844,1,78fad3014be7f4886277,127,59,0.4645669291338583,127,102,0.8031496062992126,0.9562554680664916,121.44444444444444,0.9753937007874016,123.875
127,8,1016,851,0.8375984251968503,165,0.1624015748031496,2,78fad3014be7f4886277,127,62,0.4881889763779528,127,111,0.8740157480314961,0.9720034995625547,123.44444444444444,0.984251968503937,125.0
127,8,1016,781,0.7687007874015748,235,0.2312992125984252,3,78fad3014be7f4886277,127,37,0.29133858267716534,127,93,0.7322834645669292,0.9377077865266842,119.08888888888889,0.9645669291338582,122.5
127,8,1016,795,0.78248031496063,221,0.21751968503937008,4,78fad3014be7f4886277,127,49,0.3858267716535433,127,95,0.7480314960629921,0.9412073490813649,119.53333333333333,0.9665354330708661,122.75
127,8,1016,911,0.8966535433070866,105,0.10334645669291338,0,791718ce6ec68cec36d7,127,81,0.6377952755905512,127,116,0.9133858267716536,0.9807524059492564,124.55555555555556,0.9891732283464567,125.625
127,8,1016,881,0.8671259842519685,135,0.1328740157480315,1,791718ce6ec68cec36d7,127,60,0.47244094488188976,127,105,0.8267716535433071,0.9615048118985127,122.11111111111111,0.9783464566929134,124.25
127,8,1016,833,0.8198818897637795,183,0.18011811023622049,2,791718ce6ec68cec36d7,127,54,0.4251968503937008,127,104,0.8188976377952756,0.9583552055993001,121.71111111111111,0.9763779527559056,124.0
127,8,1016,802,0.7893700787401575,214,0.2106299212598425,3,791718ce6ec68cec36d7,127,46,0.36220472440944884,127,86,0.6771653543307087,0.9268591426071738,117.71111111111111,0.9586614173228346,121.75
127,8,1016,824,0.8110236220472441,192,0.1889763779527559,4,791718ce6ec68cec36d7,127,49,0.3858267716535433,127,97,0.7637795275590551,0.9461067366579178,120.15555555555555,0.969488188976378,123.125
127,8,1016,899,0.8848425196850394,117,0.11515748031496063,0,791be2cb7fd1d5bdb4a6,127,73,0.5748031496062992,127,115,0.905511811023622,0.9790026246719161,124.33333333333333,0.9881889763779528,125.5
127,8,1016,882,0.8681102362204725,134,0.13188976377952755,1,791be2cb7fd1d5bdb4a6,127,65,0.5118110236220472,127,111,0.8740157480314961,0.9720034995625548,123.44444444444444,0.984251968503937,125.0
127,8,1016,848,0.8346456692913385,168,0.16535433070866143,2,791be2cb7fd1d5bdb4a6,127,61,0.48031496062992124,127,106,0.8346456692913385,0.963254593175853,122.33333333333333,0.9793307086614174,124.375
127,8,1016,814,0.8011811023622047,202,0.19881889763779528,3,791be2cb7fd1d5bdb4a6,127,47,0.3700787401574803,127,102,0.8031496062992126,0.9562554680664916,121.44444444444444,0.9753937007874016,123.875
127,8,1016,829,0.8159448818897638,187,0.18405511811023623,4,791be2cb7fd1d5bdb4a6,127,54,0.4251968503937008,127,102,0.8031496062992126,0.9548556430446195,121.26666666666667,0.9744094488188977,123.75
127,8,1016,864,0.8503937007874016,152,0.14960629921259844,0,7927b0fee7e5ab44ec63,127,66,0.5196850393700787,127,98,0.7716535433070866,0.9492563429571301,120.55555555555556,0.9714566929133859,123.375
127,8,1016,492,0.484251968503937,524,0.515748031496063,1,7927b0fee7e5ab44ec63,127,15,0.11811023622047244,127,60,0.47244094488188976,0.8645669291338581,109.8,0.9212598425196851,117.0
127,8,1016,520,0.5118110236220472,496,0.4881889763779528,2,7927b0fee7e5ab44ec63,127,10,0.07874015748031496,127,37,0.29133858267716534,0.8017338741748188,101.82020202020202,0.8818897637795275,112.0
127,8,1016,482,0.4744094488188976,534,0.5255905511811023,3,7927b0fee7e5ab44ec63,127,8,0.06299212598425197,127,50,0.3937007874015748,0.845923804978923,107.43232323232323,0.9104330708661418,115.625
127,8,1016,482,0.4744094488188976,534,0.5255905511811023,4,7927b0fee7e5ab44ec63,127,6,0.047244094488188976,127,49,0.3858267716535433,0.8295394893820089,105.35151515151516,0.8986220472440944,114.125
127,8,1016,929,0.9143700787401575,87,0.08562992125984252,0,79373235b11aee88a3e8,127,85,0.6692913385826772,127,117,0.9212598425196851,0.9825021872265967,124.77777777777777,0.9901574803149606,125.75
127,8,1016,896,0.8818897637795275,120,0.11811023622047244,1,79373235b11aee88a3e8,127,73,0.5748031496062992,127,109,0.8582677165354331,0.968503937007874,123.0,0.9822834645669292,124.75
127,8,1016,849,0.8356299212598425,167,0.1643700787401575,2,79373235b11aee88a3e8,127,52,0.4094488188976378,127,99,0.7795275590551181,0.9510061242344706,120.77777777777777,0.9724409448818898,123.5
127,8,1016,805,0.7923228346456693,211,0.2076771653543307,3,79373235b11aee88a3e8,127,45,0.3543307086614173,127,94,0.7401574803149606,0.9380577427821521,119.13333333333334,0.9645669291338582,122.5
127,8,1016,859,0.8454724409448819,157,0.1545275590551181,4,79373235b11aee88a3e8,127,57,0.44881889763779526,127,96,0.7559055118110236,0.9457567804024497,120.11111111111111,0.969488188976378,123.125
88,8,704,636,0.9034090909090909,68,0.09659090909090909,0,7956f0a50eedebcc95c2,88,57,0.6477272727272727,88,79,0.8977272727272727,0.9772727272727273,86.0,0.9872159090909091,86.875
88,8,704,617,0.8764204545454546,87,0.12357954545454546,1,7956f0a50eedebcc95c2,88,48,0.5454545454545454,88,74,0.8409090909090909,0.9626262626262626,84.71111111111111,0.9786931818181818,86.125
88,8,704,606,0.8607954545454546,98,0.13920454545454544,2,7956f0a50eedebcc95c2,88,47,0.5340909090909091,88,69,0.7840909090909091,0.952020202020202,83.77777777777777,0.9730113636363636,85.625
88,8,704,567,0.8053977272727273,137,0.19460227272727273,3,7956f0a50eedebcc95c2,88,32,0.36363636363636365,88,67,0.7613636363636364,0.9469696969696971,83.33333333333333,0.9701704545454546,85.375
88,8,704,548,0.7784090909090909,156,0.2215909090909091,4,7956f0a50eedebcc95c2,88,29,0.32954545454545453,88,64,0.7272727272727273,0.9373737373737373,82.4888888888889,0.9644886363636364,84.875
127,8,1016,887,0.8730314960629921,129,0.12696850393700787,0,796f52c19d79aa7195bc,127,66,0.5196850393700787,127,106,0.8346456692913385,0.9632545931758529,122.33333333333333,0.9793307086614174,124.375
127,8,1016,831,0.8179133858267716,185,0.18208661417322836,1,796f52c19d79aa7195bc,127,50,0.3937007874015748,127,105,0.8267716535433071,0.9615048118985126,122.11111111111111,0.9783464566929134,124.25
127,8,1016,805,0.7923228346456693,211,0.2076771653543307,2,796f52c19d79aa7195bc,127,50,0.3937007874015748,127,103,0.8110236220472441,0.9580052493438319,121.66666666666667,0.9763779527559056,124.0
127,8,1016,795,0.78248031496063,221,0.21751968503937008,3,796f52c19d79aa7195bc,127,45,0.3543307086614173,127,104,0.8188976377952756,0.9583552055993001,121.71111111111111,0.9763779527559056,124.0
127,8,1016,826,0.812992125984252,190,0.18700787401574803,4,796f52c19d79aa7195bc,127,49,0.3858267716535433,127,105,0.8267716535433071,0.9615048118985127,122.11111111111111,0.9783464566929134,124.25
127,8,1016,912,0.8976377952755905,104,0.10236220472440945,0,799a7be2ad198df53da5,127,78,0.6141732283464567,127,111,0.8740157480314961,0.9706036745406825,123.26666666666667,0.9832677165354331,124.875
127,8,1016,858,0.844488188976378,158,0.15551181102362205,1,799a7be2ad198df53da5,127,63,0.49606299212598426,127,98,0.7716535433070866,0.9492563429571302,120.55555555555556,0.9714566929133859,123.375
127,8,1016,843,0.8297244094488189,173,0.1702755905511811,2,799a7be2ad198df53da5,127,53,0.41732283464566927,127,99,0.7795275590551181,0.9496062992125984,120.6,0.9714566929133859,123.375
127,8,1016,831,0.8179133858267716,185,0.18208661417322836,3,799a7be2ad198df53da5,127,52,0.4094488188976378,127,102,0.8031496062992126,0.9548556430446193,121.26666666666667,0.9744094488188977,123.75
127,8,1016,833,0.8198818897637795,183,0.18011811023622049,4,799a7be2ad198df53da5,127,43,0.33858267716535434,127,104,0.8188976377952756,0.9583552055993001,121.71111111111111,0.9763779527559056,124.0
127,8,1016,876,0.8622047244094488,140,0.1377952755905512,0,79bacacdeafb7df40c6a,127,73,0.5748031496062992,127,106,0.8346456692913385,0.9632545931758529,122.33333333333333,0.9793307086614174,124.375
127,8,1016,903,0.8887795275590551,113,0.11122047244094488,1,79bacacdeafb7df40c6a,127,77,0.6062992125984252,127,118,0.9291338582677166,0.9828521434820647,124.82222222222222,0.9901574803149606,125.75
127,8,1016,851,0.8375984251968503,165,0.1624015748031496,2,79bacacdeafb7df40c6a,127,59,0.4645669291338583,127,103,0.8110236220472441,0.9580052493438321,121.66666666666667,0.9763779527559056,124.0
127,8,1016,799,0.7864173228346457,217,0.21358267716535434,3,79bacacdeafb7df40c6a,127,39,0.30708661417322836,127,95,0.7480314960629921,0.9426071741032371,119.71111111111111,0.96751968503937,122.875
127,8,1016,864,0.8503937007874016,152,0.14960629921259844,4,79bacacdeafb7df40c6a,127,59,0.4645669291338583,127,98,0.7716535433070866,0.9492563429571305,120.55555555555556,0.9714566929133859,123.375
127,8,1016,892,0.8779527559055118,124,0.1220472440944882,0,79e9ca2d65d04af19046,127,68,0.5354330708661418,127,112,0.8818897637795275,0.9737532808398951,123.66666666666667,0.985236220472441,125.125
127,8,1016,842,0.8287401574803149,174,0.17125984251968504,1,79e9ca2d65d04af19046,127,55,0.4330708661417323,127,110,0.8661417322834646,0.9702537182852145,123.22222222222223,0.9832677165354331,124.875
127,8,1016,848,0.8346456692913385,168,0.16535433070866143,2,79e9ca2d65d04af19046,127,59,0.4645669291338583,127,108,0.8503937007874016,0.9667541557305337,122.77777777777777,0.9812992125984252,124.625
127,8,1016,812,0.7992125984251969,204,0.20078740157480315,3,79e9ca2d65d04af19046,127,55,0.4330708661417323,127,98,0.7716535433070866,0.947856517935258,120.37777777777778,0.9704724409448819,123.25
127,8,1016,853,0.8395669291338582,163,0.16043307086614172,4,79e9ca2d65d04af19046,127,56,0.4409448818897638,127,99,0.7795275590551181,0.9496062992125985,120.6,0.9714566929133859,123.375
127,8,1016,874,0.860236220472441,142,0.13976377952755906,0,7a8f1bc6be61851820ec,127,64,0.5039370078740157,127,108,0.8503937007874016,0.9667541557305336,122.77777777777777,0.9812992125984252,124.625
127,8,1016,897,0.8828740157480315,119,0.1171259842519685,1,7a8f1bc6be61851820ec,127,74,0.5826771653543307,127,106,0.8346456692913385,0.963254593175853,122.33333333333333,0.9793307086614174,124.375
127,8,1016,834,0.8208661417322834,182,0.17913385826771652,2,7a8f1bc6be61851820ec,127,52,0.4094488188976378,127,107,0.84251968503937,0.9636045494313212,122.37777777777778,0.9793307086614174,124.375
127,8,1016,820,0.8070866141732284,196,0.19291338582677164,3,7a8f1bc6be61851820ec,127,55,0.4330708661417323,127,100,0.7874015748031497,0.9513560804899388,120.82222222222222,0.9724409448818898,123.5
127,8,1016,835,0.8218503937007874,181,0.1781496062992126,4,7a8f1bc6be61851820ec,127,55,0.4330708661417323,127,105,0.8267716535433071,0.9601049868766404,121.93333333333334,0.9773622047244095,124.125
127,8,1016,891,0.8769685039370079,125,0.12303149606299213,0,7ba8eef8b2cf600207a7,127,70,0.5511811023622047,127,112,0.8818897637795275,0.9737532808398952,123.66666666666667,0.985236220472441,125.125
127,8,1016,867,0.8533464566929134,149,0.1466535433070866,1,7ba8eef8b2cf600207a7,127,63,0.49606299212598426,127,106,0.8346456692913385,0.9604549431321086,121.97777777777777,0.9773622047244095,124.125
127,8,1016,842,0.8287401574803149,174,0.17125984251968504,2,7ba8eef8b2cf600207a7,127,53,0.41732283464566927,127,106,0.8346456692913385,0.9632545931758529,122.33333333333333,0.9793307086614174,124.375
127,8,1016,848,0.8346456692913385,168,0.16535433070866143,3,7ba8eef8b2cf600207a7,127,61,0.48031496062992124,127,98,0.7716535433070866,0.9478565179352582,120.37777777777778,0.9704724409448819,123.25
127,8,1016,869,0.8553149606299213,147,0.14468503937007873,4,7ba8eef8b2cf600207a7,127,59,0.4645669291338583,127,103,0.8110236220472441,0.9580052493438319,121.66666666666667,0.9763779527559056,124.0
127,8,1016,926,0.9114173228346457,90,0.08858267716535433,0,7be132b0daecc07a766e,127,89,0.7007874015748031,127,121,0.952755905511811,0.989501312335958,125.66666666666667,0.9940944881889764,126.25
127,8,1016,887,0.8730314960629921,129,0.12696850393700787,1,7be132b0daecc07a766e,127,71,0.5590551181102362,127,108,0.8503937007874016,0.9667541557305337,122.77777777777777,0.9812992125984252,124.625
127,8,1016,846,0.8326771653543307,170,0.1673228346456693,2,7be132b0daecc07a766e,127,56,0.4409448818897638,127,97,0.7637795275590551,0.9475065616797899,120.33333333333333,0.9704724409448819,123.25
127,8,1016,803,0.7903543307086615,213,0.20964566929133857,3,7be132b0daecc07a766e,127,35,0.2755905511811024,127,95,0.7480314960629921,0.9412073490813648,119.53333333333333,0.9665354330708661,122.75
127,8,1016,841,0.827755905511811,175,0.17224409448818898,4,7be132b0daecc07a766e,127,50,0.3937007874015748,127,102,0.8031496062992126,0.9548556430446196,121.26666666666667,0.9744094488188977,123.75
127,8,1016,834,0.8208661417322834,182,0.17913385826771652,0,7be85048e744dcc5c2f0,127,31,0.2440944881889764,127,56,0.4409448818897638,0.8757655293088362,111.22222222222223,0.9301181102362205,118.125
127,8,1016,533,0.5246062992125984,483,0.47539370078740156,1,7be85048e744dcc5c2f0,127,12,0.09448818897637795,127,49,0.3858267716535433,0.8481189851268591,107.71111111111111,0.9124015748031497,115.875
127,8,1016,493,0.48523622047244097,523,0.514763779527559,2,7be85048e744dcc5c2f0,127,11,0.08661417322834646,127,44,0.3464566929133858,0.8163365942893501,103.67474747474748,0.890748031496063,113.125
127,8,1016,522,0.5137795275590551,494,0.4862204724409449,3,7be85048e744dcc5c2f0,127,6,0.047244094488188976,127,50,0.3937007874015748,0.8475781436411357,107.64242424242424,0.9114173228346457,115.75
127,8,1016,538,0.5295275590551181,478,0.4704724409448819,4,7be85048e744dcc5c2f0,127,13,0.10236220472440945,127,53,0.41732283464566927,0.8472281873856675,107.5979797979798,0.9104330708661418,115.625
127,8,1016,885,0.8710629921259843,131,0.12893700787401574,0,7c04c7b333539a941a11,127,69,0.5433070866141733,127,115,0.905511811023622,0.979002624671916,124.33333333333333,0.9881889763779528,125.5
127,8,1016,889,0.875,127,0.125,1,7c04c7b333539a941a11,127,69,0.5433070866141733,127,106,0.8346456692913385,0.9618547681539809,122.15555555555555,0.9783464566929134,124.25
127,8,1016,822,0.8090551181102362,194,0.19094488188976377,2,7c04c7b333539a941a11,127,48,0.3779527559055118,127,95,0.7480314960629921,0.942607174103237,119.71111111111111,0.96751968503937,122.875
127,8,1016,802,0.7893700787401575,214,0.2106299212598425,3,7c04c7b333539a941a11,127,47,0.3700787401574803,127,100,0.7874015748031497,0.952755905511811,121.0,0.9734251968503937,123.625
127,8,1016,842,0.8287401574803149,174,0.17125984251968504,4,7c04c7b333539a941a11,127,56,0.4409448818897638,127,102,0.8031496062992126,0.9534558180227471,121.08888888888889,0.9734251968503937,123.625
127,8,1016,885,0.8710629921259843,131,0.12893700787401574,0,7c3ada951af1fb924874,127,72,0.5669291338582677,127,113,0.889763779527559,0.9755030621172354,123.88888888888889,0.9862204724409449,125.25
127,8,1016,873,0.859251968503937,143,0.140748031496063,1,7c3ada951af1fb924874,127,66,0.5196850393700787,127,110,0.8661417322834646,0.9702537182852143,123.22222222222223,0.9832677165354331,124.875
127,8,1016,822,0.8090551181102362,194,0.19094488188976377,2,7c3ada951af1fb924874,127,47,0.3700787401574803,127,99,0.7795275590551181,0.9510061242344706,120.77777777777777,0.9724409448818898,123.5
127,8,1016,816,0.8031496062992126,200,0.1968503937007874,3,7c3ada951af1fb924874,127,46,0.36220472440944884,127,103,0.8110236220472441,0.9566054243219598,121.4888888888889,0.9753937007874016,123.875
127,8,1016,804,0.7913385826771654,212,0.20866141732283464,4,7c3ada951af1fb924874,127,49,0.3858267716535433,127,108,0.8503937007874016,0.9667541557305336,122.77777777777777,0.9812992125984252,124.625
127,8,1016,928,0.9133858267716536,88,0.08661417322834646,0,7c451d122cec3072606c,127,86,0.6771653543307087,127,119,0.937007874015748,0.9860017497812774,125.22222222222223,0.9921259842519685,126.0
127,8,1016,900,0.8858267716535433,116,0.1141732283464567,1,7c451d122cec3072606c,127,69,0.5433070866141733,127,103,0.8110236220472441,0.9580052493438319,121.66666666666667,0.9763779527559056,124.0
127,8,1016,836,0.8228346456692913,180,0.17716535433070865,2,7c451d122cec3072606c,127,54,0.4251968503937008,127,108,0.8503937007874016,0.9653543307086614,122.6,0.9803149606299213,124.5
127,8,1016,812,0.7992125984251969,204,0.20078740157480315,3,7c451d122cec3072606c,127,55,0.4330708661417323,127,98,0.7716535433070866,0.9478565179352583,120.37777777777778,0.9704724409448819,123.25
127,8,1016,808,0.7952755905511811,208,0.2047244094488189,4,7c451d122cec3072606c,127,46,0.36220472440944884,127,105,0.8267716535433071,0.9615048118985126,122.11111111111111,0.9783464566929134,124.25
127,8,1016,909,0.8946850393700787,107,0.10531496062992125,0,7c7b9fe5e98f09866343,127,79,0.6220472440944882,127,109,0.8582677165354331,0.968503937007874,123.0,0.9822834645669292,124.75
127,8,1016,862,0.8484251968503937,154,0.1515748031496063,1,7c7b9fe5e98f09866343,127,66,0.5196850393700787,127,111,0.8740157480314961,0.9706036745406825,123.26666666666667,0.9832677165354331,124.875
127,8,1016,858,0.844488188976378,158,0.15551181102362205,2,7c7b9fe5e98f09866343,127,62,0.4881889763779528,127,107,0.84251968503937,0.9650043744531934,122.55555555555556,0.9803149606299213,124.5
127,8,1016,790,0.7775590551181102,226,0.22244094488188976,3,7c7b9fe5e98f09866343,127,45,0.3543307086614173,127,98,0.7716535433070866,0.947856517935258,120.37777777777778,0.9704724409448819,123.25
127,8,1016,850,0.8366141732283464,166,0.16338582677165353,4,7c7b9fe5e98f09866343,127,53,0.41732283464566927,127,96,0.7559055118110236,0.9429571303587051,119.75555555555556,0.96751968503937,122.875
127,8,1016,923,0.9084645669291339,93,0.09153543307086615,0,7ca59e22a5d5051b90ca,127,84,0.6614173228346457,127,114,0.8976377952755905,0.9758530183727033,123.93333333333334,0.9862204724409449,125.25
127,8,1016,912,0.8976377952755905,104,0.10236220472440945,1,7ca59e22a5d5051b90ca,127,79,0.6220472440944882,127,113,0.889763779527559,0.9755030621172355,123.88888888888889,0.9862204724409449,125.25
127,8,1016,875,0.8612204724409449,141,0.13877952755905512,2,7ca59e22a5d5051b90ca,127,67,0.5275590551181102,127,110,0.8661417322834646,0.9688538932633421,123.04444444444445,0.9822834645669292,124.75
127,8,1016,797,0.7844488188976378,219,0.2155511811023622,3,7ca59e22a5d5051b90ca,127,44,0.3464566929133858,127,106,0.8346456692913385,0.9632545931758529,122.33333333333333,0.9793307086614174,124.375
127,8,1016,841,0.827755905511811,175,0.17224409448818898,4,7ca59e22a5d5051b90ca,127,51,0.4015748031496063,127,108,0.8503937007874016,0.9667541557305336,122.77777777777777,0.9812992125984252,124.625
127,8,1016,899,0.8848425196850394,117,0.11515748031496063,0,7ccd6b8c6a0573d7e958,127,79,0.6220472440944882,127,114,0.8976377952755905,0.9772528433945757,124.11111111111111,0.9872047244094488,125.375
127,8,1016,873,0.859251968503937,143,0.140748031496063,1,7ccd6b8c6a0573d7e958,127,66,0.5196850393700787,127,109,0.8582677165354331,0.968503937007874,123.0,0.9822834645669292,124.75
127,8,1016,842,0.8287401574803149,174,0.17125984251968504,2,7ccd6b8c6a0573d7e958,127,53,0.41732283464566927,127,103,0.8110236220472441,0.958005249343832,121.66666666666667,0.9763779527559056,124.0
127,8,1016,773,0.7608267716535433,243,0.23917322834645668,3,7ccd6b8c6a0573d7e958,127,39,0.30708661417322836,127,95,0.7480314960629921,0.942607174103237,119.71111111111111,0.96751968503937,122.875
127,8,1016,838,0.8248031496062992,178,0.17519685039370078,4,7ccd6b8c6a0573d7e958,127,55,0.4330708661417323,127,100,0.7874015748031497,0.9499562554680666,120.64444444444445,0.9714566929133859,123.375
127,8,1016,914,0.8996062992125984,102,0.10039370078740158,0,7cddc6e40b15f1f4a127,127,78,0.6141732283464567,127,116,0.9133858267716536,0.9807524059492564,124.55555555555556,0.9891732283464567,125.625
127,8,1016,875,0.8612204724409449,141,0.13877952755905512,1,7cddc6e40b15f1f4a127,127,66,0.5196850393700787,127,103,0.8110236220472441,0.9552055993000875,121.31111111111112,0.9744094488188977,123.75
127,8,1016,836,0.8228346456692913,180,0.17716535433070865,2,7cddc6e40b15f1f4a127,127,59,0.4645669291338583,127,107,0.84251968503937,0.9636045494313211,122.37777777777778,0.9793307086614174,124.375
127,8,1016,815,0.8021653543307087,201,0.19783464566929135,3,7cddc6e40b15f1f4a127,127,50,0.3937007874015748,127,95,0.7480314960629921,0.9426071741032371,119.71111111111111,0.96751968503937,122.875
127,8,1016,828,0.8149606299212598,188,0.18503937007874016,4,7cddc6e40b15f1f4a127,127,52,0.4094488188976378,127,97,0.7637795275590551,0.9461067366579179,120.15555555555555,0.969488188976378,123.125
127,8,1016,908,0.8937007874015748,108,0.1062992125984252,0,7d1f80c46cc21f8ab679,127,76,0.5984251968503937,127,116,0.9133858267716536,0.9807524059492565,124.55555555555556,0.9891732283464567,125.625
127,8,1016,888,0.8740157480314961,128,0.12598425196850394,1,7d1f80c46cc21f8ab679,127,68,0.5354330708661418,127,109,0.8582677165354331,0.968503937007874,123.0,0.9822834645669292,124.75
127,8,1016,817,0.8041338582677166,199,0.19586614173228348,2,7d1f80c46cc21f8ab679,127,49,0.3858267716535433,127,104,0.8188976377952756,0.9583552055993,121.71111111111111,0.9763779527559056,124.0
127,8,1016,803,0.7903543307086615,213,0.20964566929133857,3,7d1f80c46cc21f8ab679,127,45,0.3543307086614173,127,93,0.7322834645669292,0.9363079615048119,118.91111111111111,0.9635826771653543,122.375
127,8,1016,802,0.7893700787401575,214,0.2106299212598425,4,7d1f80c46cc21f8ab679,127,44,0.3464566929133858,127,100,0.7874015748031497,0.9527559055118111,121.0,0.9734251968503937,123.625
127,8,1016,882,0.8681102362204725,134,0.13188976377952755,0,7dd771b97406c5b231c5,127,69,0.5433070866141733,127,119,0.937007874015748,0.9860017497812774,125.22222222222223,0.9921259842519685,126.0
127,8,1016,890,0.8759842519685039,126,0.12401574803149606,1,7dd771b97406c5b231c5,127,69,0.5433070866141733,127,112,0.8818897637795275,0.973753280839895,123.66666666666667,0.985236220472441,125.125
127,8,1016,837,0.8238188976377953,179,0.17618110236220472,2,7dd771b97406c5b231c5,127,60,0.47244094488188976,127,110,0.8661417322834646,0.9702537182852145,123.22222222222223,0.9832677165354331,124.875
127,8,1016,800,0.7874015748031497,216,0.2125984251968504,3,7dd771b97406c5b231c5,127,40,0.31496062992125984,127,87,0.6850393700787402,0.9286089238845144,117.93333333333334,0.9596456692913385,121.875
127,8,1016,837,0.8238188976377953,179,0.17618110236220472,4,7dd771b97406c5b231c5,127,54,0.4251968503937008,127,104,0.8188976377952756,0.9597550306211723,121.88888888888889,0.9773622047244095,124.125
127,8,1016,910,0.8956692913385826,106,0.10433070866141732,0,7df8cb86c874a77f324d,127,78,0.6141732283464567,127,110,0.8661417322834646,0.9702537182852145,123.22222222222223,0.9832677165354331,124.875
127,8,1016,884,0.8700787401574803,132,0.12992125984251968,1,7df8cb86c874a77f324d,127,70,0.5511811023622047,127,111,0.8740157480314961,0.9720034995625548,123.44444444444444,0.984251968503937,125.0
127,8,1016,860,0.8464566929133859,156,0.15354330708661418,2,7df8cb86c874a77f324d,127,62,0.4881889763779528,127,105,0.8267716535433071,0.9615048118985127,122.11111111111111,0.9783464566929134,124.25
127,8,1016,831,0.8179133858267716,185,0.18208661417322836,3,7df8cb86c874a77f324d,127,49,0.3858267716535433,127,93,0.7322834645669292,0.9391076115485565,119.26666666666667,0.9655511811023622,122.625
127,8,1016,840,0.8267716535433071,176,0.1732283464566929,4,7df8cb86c874a77f324d,127,54,0.4251968503937008,127,98,0.7716535433070866,0.9492563429571305,120.55555555555556,0.9714566929133859,123.375
127,8,1016,901,0.8868110236220472,115,0.11318897637795275,0,7e0372ad17efa4e4460e,127,75,0.5905511811023622,127,113,0.889763779527559,0.9741032370953632,123.71111111111111,0.985236220472441,125.125
127,8,1016,861,0.8474409448818898,155,0.15255905511811024,1,7e0372ad17efa4e4460e,127,61,0.48031496062992124,127,95,0.7480314960629921,0.9440069991251093,119.88888888888889,0.968503937007874,123.0
127,8,1016,864,0.8503937007874016,152,0.14960629921259844,2,7e0372ad17efa4e4460e,127,61,0.48031496062992124,127,107,0.84251968503937,0.9650043744531934,122.55555555555556,0.9803149606299213,124.5
127,8,1016,798,0.7854330708661418,218,0.21456692913385828,3,7e0372ad17efa4e4460e,127,41,0.3228346456692913,127,95,0.7480314960629921,0.9412073490813648,119.53333333333333,0.9665354330708661,122.75
127,8,1016,848,0.8346456692913385,168,0.16535433070866143,4,7e0372ad17efa4e4460e,127,58,0.4566929133858268,127,107,0.84251968503937,0.9650043744531932,122.55555555555556,0.9803149606299213,124.5
127,8,1016,920,0.905511811023622,96,0.09448818897637795,0,7e09867bebec1bc353e3,127,78,0.6141732283464567,127,110,0.8661417322834646,0.9702537182852145,123.22222222222223,0.9832677165354331,124.875
127,8,1016,883,0.8690944881889764,133,0.1309055118110236,1,7e09867bebec1bc353e3,127,65,0.5118110236220472,127,103,0.8110236220472441,0.958005249343832,121.66666666666667,0.9763779527559056,124.0
127,8,1016,813,0.8001968503937008,203,0.19980314960629922,2,7e09867bebec1bc353e3,127,46,0.36220472440944884,127,101,0.7952755905511811,0.9545056867891514,121.22222222222223,0.9744094488188977,123.75
127,8,1016,766,0.7539370078740157,250,0.24606299212598426,3,7e09867bebec1bc353e3,127,34,0.2677165354330709,127,93,0.7322834645669292,0.9377077865266841,119.08888888888889,0.9645669291338582,122.5
127,8,1016,843,0.8297244094488189,173,0.1702755905511811,4,7e09867bebec1bc353e3,127,53,0.41732283464566927,127,97,0.7637795275590551,0.9461067366579178,120.15555555555555,0.969488188976378,123.125
127,8,1016,908,0.8937007874015748,108,0.1062992125984252,0,7e161f0d7d774b6815d8,127,75,0.5905511811023622,127,114,0.8976377952755905,0.9772528433945757,124.11111111111111,0.9872047244094488,125.375
127,8,1016,860,0.8464566929133859,156,0.15354330708661418,1,7e161f0d7d774b6815d8,127,63,0.49606299212598426,127,102,0.8031496062992126,0.9548556430446193,121.26666666666667,0.9744094488188977,123.75
127,8,1016,861,0.8474409448818898,155,0.15255905511811024,2,7e161f0d7d774b6815d8,127,57,0.44881889763779526,127,110,0.8661417322834646,0.9702537182852142,123.22222222222223,0.9832677165354331,124.875
127,8,1016,813,0.8001968503937008,203,0.19980314960629922,3,7e161f0d7d774b6815d8,127,53,0.41732283464566927,127,106,0.8346456692913385,0.9632545931758529,122.33333333333333,0.9793307086614174,124.375
127,8,1016,847,0.8336614173228346,169,0.16633858267716536,4,7e161f0d7d774b6815d8,127,61,0.48031496062992124,127,109,0.8582677165354331,0.9671041119860018,122.82222222222222,0.9812992125984252,124.625
127,8,1016,906,0.8917322834645669,110,0.10826771653543307,0,7e5c194c81a597c858fa,127,77,0.6062992125984252,127,113,0.889763779527559,0.9755030621172355,123.88888888888889,0.9862204724409449,125.25
127,8,1016,897,0.8828740157480315,119,0.1171259842519685,1,7e5c194c81a597c858fa,127,72,0.5669291338582677,127,103,0.8110236220472441,0.9566054243219598,121.4888888888889,0.9753937007874016,123.875
127,8,1016,844,0.8307086614173228,172,0.16929133858267717,2,7e5c194c81a597c858fa,127,55,0.4330708661417323,127,107,0.84251968503937,0.9650043744531934,122.55555555555556,0.9803149606299213,124.5
127,8,1016,804,0.7913385826771654,212,0.20866141732283464,3,7e5c194c81a597c858fa,127,44,0.3464566929133858,127,95,0.7480314960629921,0.9440069991251093,119.88888888888889,0.968503937007874,123.0
127,8,1016,847,0.8336614173228346,169,0.16633858267716536,4,7e5c194c81a597c858fa,127,54,0.4251968503937008,127,98,0.7716535433070866,0.9492563429571302,120.55555555555556,0.9714566929133859,123.375
127,8,1016,900,0.8858267716535433,116,0.1141732283464567,0,7f2cfa73e83ead8dcd5a,127,73,0.5748031496062992,127,115,0.905511811023622,0.9790026246719159,124.33333333333333,0.9881889763779528,125.5
127,8,1016,861,0.8474409448818898,155,0.15255905511811024,1,7f2cfa73e83ead8dcd5a,127,60,0.47244094488188976,127,110,0.8661417322834646,0.9702537182852145,123.22222222222223,0.9832677165354331,124.875
127,8,1016,851,0.8375984251968503,165,0.1624015748031496,2,7f2cfa73e83ead8dcd5a,127,52,0.4094488188976378,127,101,0.7952755905511811,0.9545056867891514,121.22222222222223,0.9744094488188977,123.75
127,8,1016,854,0.8405511811023622,162,0.1594488188976378,3,7f2cfa73e83ead8dcd5a,127,52,0.4094488188976378,127,100,0.7874015748031497,0.952755905511811,121.0,0.9734251968503937,123.625
127,8,1016,838,0.8248031496062992,178,0.17519685039370078,4,7f2cfa73e83ead8dcd5a,127,53,0.41732283464566927,127,102,0.8031496062992126,0.9548556430446196,121.26666666666667,0.9744094488188977,123.75
127,8,1016,914,0.8996062992125984,102,0.10039370078740158,0,7f3f2f02fd3f4f5b2d6f,127,77,0.6062992125984252,127,111,0.8740157480314961,0.9720034995625548,123.44444444444444,0.984251968503937,125.0
127,8,1016,882,0.8681102362204725,134,0.13188976377952755,1,7f3f2f02fd3f4f5b2d6f,127,67,0.5275590551181102,127,109,0.8582677165354331,0.9671041119860019,122.82222222222222,0.9812992125984252,124.625
127,8,1016,877,0.8631889763779528,139,0.13681102362204725,2,7f3f2f02fd3f4f5b2d6f,127,63,0.49606299212598426,127,105,0.8267716535433071,0.9601049868766404,121.93333333333334,0.9773622047244095,124.125
127,8,1016,835,0.8218503937007874,181,0.1781496062992126,3,7f3f2f02fd3f4f5b2d6f,127,47,0.3700787401574803,127,99,0.7795275590551181,0.9510061242344708,120.77777777777777,0.9724409448818898,123.5
127,8,1016,856,0.84251968503937,160,0.15748031496062992,4,7f3f2f02fd3f4f5b2d6f,127,59,0.4645669291338583,127,108,0.8503937007874016,0.9667541557305337,122.77777777777777,0.9812992125984252,124.625
127,8,1016,916,0.9015748031496063,100,0.0984251968503937,0,7f4bce2b0b5d66822814,127,81,0.6377952755905512,127,119,0.937007874015748,0.9860017497812774,125.22222222222223,0.9921259842519685,126.0
127,8,1016,895,0.8809055118110236,121,0.11909448818897637,1,7f4bce2b0b5d66822814,127,72,0.5669291338582677,127,105,0.8267716535433071,0.9615048118985127,122.11111111111111,0.9783464566929134,124.25
127,8,1016,861,0.8474409448818898,155,0.15255905511811024,2,7f4bce2b0b5d66822814,127,60,0.47244094488188976,127,106,0.8346456692913385,0.9632545931758528,122.33333333333333,0.9793307086614174,124.375
127,8,1016,785,0.7726377952755905,231,0.22736220472440946,3,7f4bce2b0b5d66822814,127,45,0.3543307086614173,127,99,0.7795275590551181,0.9468066491688537,120.24444444444444,0.969488188976378,123.125
127,8,1016,823,0.8100393700787402,193,0.18996062992125984,4,7f4bce2b0b5d66822814,127,53,0.41732283464566927,127,97,0.7637795275590551,0.94750656167979,120.33333333333333,0.9704724409448819,123.25
127,8,1016,897,0.8828740157480315,119,0.1171259842519685,0,7f68b4e9e7aee90e9f92,127,69,0.5433070866141733,127,111,0.8740157480314961,0.9720034995625547,123.44444444444444,0.984251968503937,125.0
127,8,1016,865,0.8513779527559056,151,0.1486220472440945,1,7f68b4e9e7aee90e9f92,127,59,0.4645669291338583,127,100,0.7874015748031497,0.9527559055118111,121.0,0.9734251968503937,123.625
127,8,1016,846,0.8326771653543307,170,0.1673228346456693,2,7f68b4e9e7aee90e9f92,127,55,0.4330708661417323,127,105,0.8267716535433071,0.9615048118985127,122.11111111111111,0.9783464566929134,124.25
127,8,1016,799,0.7864173228346457,217,0.21358267716535434,3,7f68b4e9e7aee90e9f92,127,40,0.31496062992125984,127,97,0.7637795275590551,0.941907261592301,119.62222222222222,0.9665354330708661,122.75
127,8,1016,826,0.812992125984252,190,0.18700787401574803,4,7f68b4e9e7aee90e9f92,127,50,0.3937007874015748,127,95,0.7480314960629921,0.9440069991251093,119.88888888888889,0.968503937007874,123.0
127,8,1016,881,0.8671259842519685,135,0.1328740157480315,0,802ac0cd1c5da3fd99a6,127,70,0.5511811023622047,127,117,0.9212598425196851,0.9825021872265967,124.77777777777777,0.9901574803149606,125.75
127,8,1016,868,0.8543307086614174,148,0.14566929133858267,1,802ac0cd1c5da3fd99a6,127,66,0.5196850393700787,127,108,0.8503937007874016,0.9667541557305336,122.77777777777777,0.9812992125984252,124.625
127,8,1016,811,0.7982283464566929,205,0.2017716535433071,2,802ac0cd1c5da3fd99a6,127,48,0.3779527559055118,127,105,0.8267716535433071,0.9601049868766405,121.93333333333334,0.9773622047244095,124.125
127,8,1016,820,0.8070866141732284,196,0.19291338582677164,3,802ac0cd1c5da3fd99a6,127,41,0.3228346456692913,127,92,0.7244094488188977,0.937357830271216,119.04444444444445,0.9645669291338582,122.5
127,8,1016,789,0.7765748031496063,227,0.2234251968503937,4,802ac0cd1c5da3fd99a6,127,40,0.31496062992125984,127,97,0.7637795275590551,0.9461067366579179,120.15555555555555,0.969488188976378,123.125
64,8,512,465,0.908203125,47,0.091796875,0,80ef46c9ef5003b53f75,64,44,0.6875,64,60,0.9375,0.9861111111111112,63.111111111111114,0.9921875,63.5
64,8,512,464,0.90625,48,0.09375,1,80ef46c9ef5003b53f75,64,41,0.640625,64,56,0.875,0.9722222222222222,62.22222222222222,0.984375,63.0
64,8,512,452,0.8828125,60,0.1171875,2,80ef46c9ef5003b53f75,64,37,0.578125,64,57,0.890625,0.9756944444444444,62.44444444444444,0.986328125,63.125
64,8,512,403,0.787109375,109,0.212890625,3,80ef46c9ef5003b53f75,64,23,0.359375,64,51,0.796875,0.9548611111111112,61.111111111111114,0.974609375,62.375
64,8,512,413,0.806640625,99,0.193359375,4,80ef46c9ef5003b53f75,64,23,0.359375,64,54,0.84375,0.9652777777777777,61.77777777777778,0.98046875,62.75
127,8,1016,911,0.8966535433070866,105,0.10334645669291338,0,80f4713bc2bf1d7ca213,127,78,0.6141732283464567,127,111,0.8740157480314961,0.9720034995625548,123.44444444444444,0.984251968503937,125.0
127,8,1016,882,0.8681102362204725,134,0.13188976377952755,1,80f4713bc2bf1d7ca213,127,68,0.5354330708661418,127,115,0.905511811023622,0.9790026246719161,124.33333333333333,0.9881889763779528,125.5
127,8,1016,825,0.812007874015748,191,0.18799212598425197,2,80f4713bc2bf1d7ca213,127,52,0.4094488188976378,127,99,0.7795275590551181,0.9470611628091943,120.27676767676768,0.969488188976378,123.125
127,8,1016,786,0.7736220472440944,230,0.2263779527559055,3,80f4713bc2bf1d7ca213,127,43,0.33858267716535434,127,95,0.7480314960629921,0.9440069991251093,119.88888888888889,0.968503937007874,123.0
127,8,1016,770,0.7578740157480315,246,0.2421259842519685,4,80f4713bc2bf1d7ca213,127,44,0.3464566929133858,127,89,0.7007874015748031,0.9307086614173229,118.2,0.9606299212598425,122.0
127,8,1016,862,0.8484251968503937,154,0.1515748031496063,0,8146187d324548220b64,127,63,0.49606299212598426,127,113,0.889763779527559,0.9755030621172354,123.88888888888889,0.9862204724409449,125.25
127,8,1016,876,0.8622047244094488,140,0.1377952755905512,1,8146187d324548220b64,127,73,0.5748031496062992,127,113,0.889763779527559,0.9755030621172354,123.88888888888889,0.9862204724409449,125.25
127,8,1016,872,0.8582677165354331,144,0.14173228346456693,2,8146187d324548220b64,127,63,0.49606299212598426,127,104,0.8188976377952756,0.9597550306211723,121.88888888888889,0.9773622047244095,124.125
127,8,1016,801,0.7883858267716536,215,0.21161417322834647,3,8146187d324548220b64,127,46,0.36220472440944884,127,94,0.7401574803149606,0.9408573928258966,119.4888888888889,0.9665354330708661,122.75
127,8,1016,845,0.8316929133858267,171,0.16830708661417323,4,8146187d324548220b64,127,55,0.4330708661417323,127,96,0.7559055118110236,0.9457567804024497,120.11111111111111,0.969488188976378,123.125
127,8,1016,911,0.8966535433070866,105,0.10334645669291338,0,81acc552cd1d916b8a99,127,77,0.6062992125984252,127,119,0.937007874015748,0.9860017497812774,125.22222222222223,0.9921259842519685,126.0
127,8,1016,887,0.8730314960629921,129,0.12696850393700787,1,81acc552cd1d916b8a99,127,70,0.5511811023622047,127,108,0.8503937007874016,0.9653543307086615,122.6,0.9803149606299213,124.5
127,8,1016,826,0.812992125984252,190,0.18700787401574803,2,81acc552cd1d916b8a99,127,51,0.4015748031496063,127,108,0.8503937007874016,0.9667541557305336,122.77777777777777,0.9812992125984252,124.625
127,8,1016,836,0.8228346456692913,180,0.17716535433070865,3,81acc552cd1d916b8a99,127,50,0.3937007874015748,127,97,0.7637795275590551,0.9447069116360454,119.97777777777777,0.968503937007874,123.0
127,8,1016,847,0.8336614173228346,169,0.16633858267716536,4,81acc552cd1d916b8a99,127,58,0.4566929133858268,127,103,0.8110236220472441,0.9566054243219597,121.4888888888889,0.9753937007874016,123.875
127,8,1016,913,0.8986220472440944,103,0.10137795275590551,0,81d23e2ace0fb871566e,127,77,0.6062992125984252,127,108,0.8503937007874016,0.9667541557305338,122.77777777777777,0.9812992125984252,124.625
127,8,1016,915,0.9005905511811023,101,0.09940944881889764,1,81d23e2ace0fb871566e,127,80,0.6299212598425197,127,109,0.8582677165354331,0.968503937007874,123.0,0.9822834645669292,124.75
127,8,1016,855,0.8415354330708661,161,0.15846456692913385,2,81d23e2ace0fb871566e,127,60,0.47244094488188976,127,110,0.8661417322834646,0.9702537182852145,123.22222222222223,0.9832677165354331,124.875
127,8,1016,796,0.7834645669291339,220,0.21653543307086615,3,81d23e2ace0fb871566e,127,46,0.36220472440944884,127,98,0.7716535433070866,0.9492563429571305,120.55555555555556,0.9714566929133859,123.375
127,8,1016,839,0.8257874015748031,177,0.17421259842519685,4,81d23e2ace0fb871566e,127,54,0.4251968503937008,127,99,0.7795275590551181,0.9510061242344707,120.77777777777777,0.9724409448818898,123.5
127,8,1016,907,0.8927165354330708,109,0.10728346456692914,0,81d4a61b688a98be8a50,127,82,0.6456692913385826,127,114,0.8976377952755905,0.9772528433945757,124.11111111111111,0.9872047244094488,125.375
127,8,1016,880,0.8661417322834646,136,0.13385826771653545,1,81d4a61b688a98be8a50,127,62,0.4881889763779528,127,108,0.8503937007874016,0.9667541557305336,122.77777777777777,0.9812992125984252,124.625
127,8,1016,858,0.844488188976378,158,0.15551181102362205,2,81d4a61b688a98be8a50,127,59,0.4645669291338583,127,113,0.889763779527559,0.9755030621172354,123.88888888888889,0.9862204724409449,125.25
127,8,1016,787,0.7746062992125984,229,0.22539370078740156,3,81d4a61b688a98be8a50,127,36,0.28346456692913385,127,87,0.6850393700787402,0.9272090988626421,117.75555555555556,0.9586614173228346,121.75
127,8,1016,818,0.8051181102362205,198,0.19488188976377951,4,81d4a61b688a98be8a50,127,47,0.3700787401574803,127,100,0.7874015748031497,0.952755905511811,121.0,0.9734251968503937,123.625
127,8,1016,903,0.8887795275590551,113,0.11122047244094488,0,81de715e23a6fcf68fc3,127,76,0.5984251968503937,127,115,0.905511811023622,0.9790026246719161,124.33333333333333,0.9881889763779528,125.5
127,8,1016,877,0.8631889763779528,139,0.13681102362204725,1,81de715e23a6fcf68fc3,127,66,0.5196850393700787,127,113,0.889763779527559,0.9755030621172354,123.88888888888889,0.9862204724409449,125.25
127,8,1016,845,0.8316929133858267,171,0.16830708661417323,2,81de715e23a6fcf68fc3,127,53,0.41732283464566927,127,99,0.7795275590551181,0.9510061242344706,120.77777777777777,0.9724409448818898,123.5
127,8,1016,788,0.7755905511811023,228,0.22440944881889763,3,81de715e23a6fcf68fc3,127,45,0.3543307086614173,127,93,0.7322834645669292,0.9405074365704288,119.44444444444444,0.9665354330708661,122.75
127,8,1016,824,0.8110236220472441,192,0.1889763779527559,4,81de715e23a6fcf68fc3,127,46,0.36220472440944884,127,92,0.7244094488188977,0.9359580052493438,118.86666666666666,0.9635826771653543,122.375
127,8,1016,903,0.8887795275590551,113,0.11122047244094488,0,823fee738d51caf3d1f9,127,76,0.5984251968503937,127,113,0.889763779527559,0.9755030621172355,123.88888888888889,0.9862204724409449,125.25
127,8,1016,856,0.84251968503937,160,0.15748031496062992,1,823fee738d51caf3d1f9,127,58,0.4566929133858268,127,101,0.7952755905511811,0.9531058617672793,121.04444444444445,0.9734251968503937,123.625
127,8,1016,848,0.8346456692913385,168,0.16535433070866143,2,823fee738d51caf3d1f9,127,53,0.41732283464566927,127,100,0.7874015748031497,0.9513560804899388,120.82222222222222,0.9724409448818898,123.5
127,8,1016,836,0.8228346456692913,180,0.17716535433070865,3,823fee738d51caf3d1f9,127,56,0.4409448818897638,127,104,0.8188976377952756,0.9597550306211723,121.88888888888889,0.9773622047244095,124.125
127,8,1016,867,0.8533464566929134,149,0.1466535433070866,4,823fee738d51caf3d1f9,127,60,0.47244094488188976,127,105,0.8267716535433071,0.9601049868766405,121.93333333333334,0.9773622047244095,124.125
127,8,1016,921,0.906496062992126,95,0.09350393700787402,0,833fc2a56e4f75f8a697,127,81,0.6377952755905512,127,111,0.8740157480314961,0.9720034995625548,123.44444444444444,0.984251968503937,125.0
127,8,1016,885,0.8710629921259843,131,0.12893700787401574,1,833fc2a56e4f75f8a697,127,69,0.5433070866141733,127,114,0.8976377952755905,0.9772528433945757,124.11111111111111,0.9872047244094488,125.375
127,8,1016,838,0.8248031496062992,178,0.17519685039370078,2,833fc2a56e4f75f8a697,127,48,0.3779527559055118,127,104,0.8188976377952756,0.9597550306211724,121.88888888888889,0.9773622047244095,124.125
127,8,1016,827,0.8139763779527559,189,0.1860236220472441,3,833fc2a56e4f75f8a697,127,49,0.3858267716535433,127,97,0.7637795275590551,0.9433070866141733,119.8,0.96751968503937,122.875
127,8,1016,824,0.8110236220472441,192,0.1889763779527559,4,833fc2a56e4f75f8a697,127,49,0.3858267716535433,127,101,0.7952755905511811,0.9517060367454069,120.86666666666666,0.9724409448818898,123.5
127,8,1016,876,0.8622047244094488,140,0.1377952755905512,0,836ed2f17e0df581ffb1,127,69,0.5433070866141733,127,107,0.84251968503937,0.9650043744531934,122.55555555555556,0.9803149606299213,124.5
127,8,1016,885,0.8710629921259843,131,0.12893700787401574,1,836ed2f17e0df581ffb1,127,73,0.5748031496062992,127,111,0.8740157480314961,0.9706036745406824,123.26666666666667,0.9832677165354331,124.875
127,8,1016,851,0.8375984251968503,165,0.1624015748031496,2,836ed2f17e0df581ffb1,127,63,0.49606299212598426,127,107,0.84251968503937,0.9650043744531932,122.55555555555556,0.9803149606299213,124.5
127,8,1016,748,0.7362204724409449,268,0.2637795275590551,3,836ed2f17e0df581ffb1,127,31,0.2440944881889764,127,92,0.7244094488188977,0.9373578302712161,119.04444444444445,0.9645669291338582,122.5
127,8,1016,836,0.8228346456692913,180,0.17716535433070865,4,836ed2f17e0df581ffb1,127,54,0.4251968503937008,127,107,0.84251968503937,0.9650043744531934,122.55555555555556,0.9803149606299213,124.5
127,8,1016,889,0.875,127,0.125,0,839f919a63fdc2e822c2,127,69,0.5433070866141733,127,114,0.8976377952755905,0.9772528433945757,124.11111111111111,0.9872047244094488,125.375
127,8,1016,845,0.8316929133858267,171,0.16830708661417323,1,839f919a63fdc2e822c2,127,58,0.4566929133858268,127,99,0.7795275590551181,0.9510061242344706,120.77777777777777,0.9724409448818898,123.5
127,8,1016,820,0.8070866141732284,196,0.19291338582677164,2,839f919a63fdc2e822c2,127,50,0.3937007874015748,127,105,0.8267716535433071,0.9601049868766405,121.93333333333334,0.9773622047244095,124.125
127,8,1016,781,0.7687007874015748,235,0.2312992125984252,3,839f919a63fdc2e822c2,127,41,0.3228346456692913,127,92,0.7244094488188977,0.9331583552055993,118.5111111111111,0.9616141732283464,122.125
127,8,1016,772,0.7598425196850394,244,0.24015748031496062,4,839f919a63fdc2e822c2,127,37,0.29133858267716534,127,87,0.6850393700787402,0.9286089238845144,117.93333333333334,0.9596456692913385,121.875
127,8,1016,883,0.8690944881889764,133,0.1309055118110236,0,84225d5346509a6c6736,127,71,0.5590551181102362,127,118,0.9291338582677166,0.984251968503937,125.0,0.9911417322834646,125.875
127,8,1016,870,0.8562992125984252,146,0.1437007874015748,1,84225d5346509a6c6736,127,59,0.4645669291338583,127,103,0.8110236220472441,0.9580052493438319,121.66666666666667,0.9763779527559056,124.0
127,8,1016,858,0.844488188976378,158,0.15551181102362205,2,84225d5346509a6c6736,127,62,0.4881889763779528,127,110,0.8661417322834646,0.9702537182852145,123.22222222222223,0.9832677165354331,124.875
127,8,1016,824,0.8110236220472441,192,0.1889763779527559,3,84225d5346509a6c6736,127,44,0.3464566929133858,127,89,0.7007874015748031,0.932108486439195,118.37777777777778,0.9616141732283464,122.125
127,8,1016,833,0.8198818897637795,183,0.18011811023622049,4,84225d5346509a6c6736,127,51,0.4015748031496063,127,99,0.7795275590551181,0.948206474190726,120.42222222222222,0.9704724409448819,123.25
127,8,1016,913,0.8986220472440944,103,0.10137795275590551,0,84233959e23ab297f165,127,82,0.6456692913385826,127,112,0.8818897637795275,0.9737532808398951,123.66666666666667,0.985236220472441,125.125
127,8,1016,844,0.8307086614173228,172,0.16929133858267717,1,84233959e23ab297f165,127,55,0.4330708661417323,127,104,0.8188976377952756,0.9597550306211723,121.88888888888889,0.9773622047244095,124.125
127,8,1016,860,0.8464566929133859,156,0.15354330708661418,2,84233959e23ab297f165,127,60,0.47244094488188976,127,104,0.8188976377952756,0.9597550306211723,121.88888888888889,0.9773622047244095,124.125
127,8,1016,795,0.78248031496063,221,0.21751968503937008,3,84233959e23ab297f165,127,44,0.3464566929133858,127,90,0.7086614173228346,0.9296587926509183,118.06666666666666,0.9596456692913385,121.875
127,8,1016,801,0.7883858267716536,215,0.21161417322834647,4,84233959e23ab297f165,127,45,0.3543307086614173,127,94,0.7401574803149606,0.9394575678040245,119.31111111111112,0.9655511811023622,122.625
127,8,1016,915,0.9005905511811023,101,0.09940944881889764,0,8426b34cd35950627867,127,81,0.6377952755905512,127,112,0.8818897637795275,0.9737532808398951,123.66666666666667,0.985236220472441,125.125
127,8,1016,874,0.860236220472441,142,0.13976377952755906,1,8426b34cd35950627867,127,64,0.5039370078740157,127,113,0.889763779527559,0.9755030621172354,123.88888888888889,0.9862204724409449,125.25
127,8,1016,829,0.8159448818897638,187,0.18405511811023623,2,8426b34cd35950627867,127,52,0.4094488188976378,127,106,0.8346456692913385,0.963254593175853,122.33333333333333,0.9793307086614174,124.375
127,8,1016,845,0.8316929133858267,171,0.16830708661417323,3,8426b34cd35950627867,127,58,0.4566929133858268,127,102,0.8031496062992126,0.9562554680664915,121.44444444444444,0.9753937007874016,123.875
127,8,1016,842,0.8287401574803149,174,0.17125984251968504,4,8426b34cd35950627867,127,56,0.4409448818897638,127,111,0.8740157480314961,0.9720034995625547,123.44444444444444,0.984251968503937,125.0
127,8,1016,861,0.8474409448818898,155,0.15255905511811024,0,842a559378a4fa0ab83e,127,54,0.4251968503937008,127,102,0.8031496062992126,0.9548556430446196,121.26666666666667,0.9744094488188977,123.75
127,8,1016,835,0.8218503937007874,181,0.1781496062992126,1,842a559378a4fa0ab83e,127,58,0.4566929133858268,127,100,0.7874015748031497,0.9513560804899388,120.82222222222222,0.9724409448818898,123.5
127,8,1016,826,0.812992125984252,190,0.18700787401574803,2,842a559378a4fa0ab83e,127,57,0.44881889763779526,127,103,0.8110236220472441,0.9566054243219598,121.4888888888889,0.9753937007874016,123.875
127,8,1016,780,0.7677165354330708,236,0.23228346456692914,3,842a559378a4fa0ab83e,127,31,0.2440944881889764,127,90,0.7086614173228346,0.9324584426946632,118.42222222222222,0.9616141732283464,122.125
127,8,1016,765,0.7529527559055118,251,0.2470472440944882,4,842a559378a4fa0ab83e,127,37,0.29133858267716534,127,88,0.6929133858267716,0.9278135687584507,117.83232323232323,0.9586614173228346,121.75
127,8,1016,897,0.8828740157480315,119,0.1171259842519685,0,84399fdd946941f7bbb8,127,71,0.5590551181102362,127,114,0.8976377952755905,0.9772528433945757,124.11111111111111,0.9872047244094488,125.375
127,8,1016,853,0.8395669291338582,163,0.16043307086614172,1,84399fdd946941f7bbb8,127,56,0.4409448818897638,127,95,0.7480314960629921,0.9440069991251093,119.88888888888889,0.968503937007874,123.0
127,8,1016,859,0.8454724409448819,157,0.1545275590551181,2,84399fdd946941f7bbb8,127,62,0.4881889763779528,127,106,0.8346456692913385,0.963254593175853,122.33333333333333,0.9793307086614174,124.375
127,8,1016,801,0.7883858267716536,215,0.21161417322834647,3,84399fdd946941f7bbb8,127,49,0.3858267716535433,127,105,0.8267716535433071,0.9601049868766405,121.93333333333334,0.9773622047244095,124.125
127,8,1016,811,0.7982283464566929,205,0.2017716535433071,4,84399fdd946941f7bbb8,127,47,0.3700787401574803,127,96,0.7559055118110236,0.9443569553805775,119.93333333333334,0.968503937007874,123.0
127,8,1016,886,0.8720472440944882,130,0.1279527559055118,0,845558c63ab043e3c987,127,72,0.5669291338582677,127,112,0.8818897637795275,0.9737532808398952,123.66666666666667,0.985236220472441,125.125
127,8,1016,906,0.8917322834645669,110,0.10826771653543307,1,845558c63ab043e3c987,127,74,0.5826771653543307,127,111,0.8740157480314961,0.9720034995625547,123.44444444444444,0.984251968503937,125.0
127,8,1016,861,0.8474409448818898,155,0.15255905511811024,2,845558c63ab043e3c987,127,62,0.4881889763779528,127,109,0.8582677165354331,0.968503937007874,123.0,0.9822834645669292,124.75
127,8,1016,846,0.8326771653543307,170,0.1673228346456693,3,845558c63ab043e3c987,127,53,0.41732283464566927,127,103,0.8110236220472441,0.9552055993000875,121.31111111111112,0.9744094488188977,123.75
127,8,1016,842,0.8287401574803149,174,0.17125984251968504,4,845558c63ab043e3c987,127,56,0.4409448818897638,127,106,0.8346456692913385,0.9618547681539809,122.15555555555555,0.9783464566929134,124.25
127,8,1016,894,0.8799212598425197,122,0.12007874015748031,0,846009d191b38953fd2f,127,72,0.5669291338582677,127,118,0.9291338582677166,0.984251968503937,125.0,0.9911417322834646,125.875
127,8,1016,909,0.8946850393700787,107,0.10531496062992125,1,846009d191b38953fd2f,127,81,0.6377952755905512,127,110,0.8661417322834646,0.9702537182852145,123.22222222222223,0.9832677165354331,124.875
127,8,1016,864,0.8503937007874016,152,0.14960629921259844,2,846009d191b38953fd2f,127,59,0.4645669291338583,127,103,0.8110236220472441,0.958005249343832,121.66666666666667,0.9763779527559056,124.0
127,8,1016,812,0.7992125984251969,204,0.20078740157480315,3,846009d191b38953fd2f,127,44,0.3464566929133858,127,92,0.7244094488188977,0.937357830271216,119.04444444444445,0.9645669291338582,122.5
127,8,1016,869,0.8553149606299213,147,0.14468503937007873,4,846009d191b38953fd2f,127,65,0.5118110236220472,127,108,0.8503937007874016,0.9667541557305338,122.77777777777777,0.9812992125984252,124.625
127,8,1016,869,0.8553149606299213,147,0.14468503937007873,0,84bacdde8fd948eb8a49,127,64,0.5039370078740157,127,112,0.8818897637795275,0.9737532808398952,123.66666666666667,0.985236220472441,125.125
127,8,1016,842,0.8287401574803149,174,0.17125984251968504,1,84bacdde8fd948eb8a49,127,56,0.4409448818897638,127,98,0.7716535433070866,0.9478565179352582,120.37777777777778,0.9704724409448819,123.25
127,8,1016,829,0.8159448818897638,187,0.18405511811023623,2,84bacdde8fd948eb8a49,127,53,0.41732283464566927,127,103,0.8110236220472441,0.958005249343832,121.66666666666667,0.9763779527559056,124.0
127,8,1016,812,0.7992125984251969,204,0.20078740157480315,3,84bacdde8fd948eb8a49,127,48,0.3779527559055118,127,95,0.7480314960629921,0.9440069991251093,119.88888888888889,0.968503937007874,123.0
127,8,1016,849,0.8356299212598425,167,0.1643700787401575,4,84bacdde8fd948eb8a49,127,50,0.3937007874015748,127,103,0.8110236220472441,0.9580052493438319,121.66666666666667,0.9763779527559056,124.0
106,8,848,755,0.8903301886792453,93,0.10966981132075472,0,84ca8c732f93c58fe2a6,106,63,0.5943396226415094,106,90,0.8490566037735849,0.9664570230607967,102.44444444444444,0.9811320754716981,104.0
106,8,848,733,0.8643867924528302,115,0.13561320754716982,1,84ca8c732f93c58fe2a6,106,54,0.5094339622641509,106,93,0.8773584905660378,0.9727463312368974,103.11111111111111,0.9846698113207547,104.375
106,8,848,730,0.8608490566037735,118,0.1391509433962264,2,84ca8c732f93c58fe2a6,106,50,0.4716981132075472,106,88,0.8301886792452831,0.9622641509433962,102.0,0.9787735849056604,103.75
106,8,848,687,0.8101415094339622,161,0.18985849056603774,3,84ca8c732f93c58fe2a6,106,43,0.4056603773584906,106,89,0.839622641509434,0.9643605870020964,102.22222222222223,0.9799528301886793,103.875
106,8,848,718,0.8466981132075472,130,0.15330188679245282,4,84ca8c732f93c58fe2a6,106,48,0.4528301886792453,106,85,0.8018867924528302,0.9559748427672956,101.33333333333333,0.9752358490566038,103.375
127,8,1016,874,0.860236220472441,142,0.13976377952755906,0,8503edd10ae9b54a4533,127,66,0.5196850393700787,127,107,0.84251968503937,0.9650043744531932,122.55555555555556,0.9803149606299213,124.5
127,8,1016,872,0.8582677165354331,144,0.14173228346456693,1,8503edd10ae9b54a4533,127,69,0.5433070866141733,127,107,0.84251968503937,0.9650043744531933,122.55555555555556,0.9803149606299213,124.5
127,8,1016,867,0.8533464566929134,149,0.1466535433070866,2,8503edd10ae9b54a4533,127,62,0.4881889763779528,127,105,0.8267716535433071,0.9615048118985127,122.11111111111111,0.9783464566929134,124.25
127,8,1016,786,0.7736220472440944,230,0.2263779527559055,3,8503edd10ae9b54a4533,127,43,0.33858267716535434,127,102,0.8031496062992126,0.9548556430446195,121.26666666666667,0.9744094488188977,123.75
127,8,1016,801,0.7883858267716536,215,0.21161417322834647,4,8503edd10ae9b54a4533,127,52,0.4094488188976378,127,107,0.84251968503937,0.963604549431321,122.37777777777778,0.9793307086614174,124.375
127,8,1016,914,0.8996062992125984,102,0.10039370078740158,0,8540664f8428f872e8a9,127,80,0.6299212598425197,127,115,0.905511811023622,0.9790026246719161,124.33333333333333,0.9881889763779528,125.5
127,8,1016,882,0.8681102362204725,134,0.13188976377952755,1,8540664f8428f872e8a9,127,66,0.5196850393700787,127,111,0.8740157480314961,0.9720034995625548,123.44444444444444,0.984251968503937,125.0
127,8,1016,850,0.8366141732283464,166,0.16338582677165353,2,8540664f8428f872e8a9,127,62,0.4881889763779528,127,108,0.8503937007874016,0.9653543307086614,122.6,0.9803149606299213,124.5
127,8,1016,801,0.7883858267716536,215,0.21161417322834647,3,8540664f8428f872e8a9,127,46,0.36220472440944884,127,101,0.7952755905511811,0.9545056867891513,121.22222222222223,0.9744094488188977,123.75
127,8,1016,816,0.8031496062992126,200,0.1968503937007874,4,8540664f8428f872e8a9,127,48,0.3779527559055118,127,102,0.8031496062992126,0.9562554680664918,121.44444444444444,0.9753937007874016,123.875
127,8,1016,852,0.8385826771653543,164,0.16141732283464566,0,85996a9d6fe112cfacf4,127,58,0.4566929133858268,127,106,0.8346456692913385,0.963254593175853,122.33333333333333,0.9793307086614174,124.375
127,8,1016,527,0.5187007874015748,489,0.4812992125984252,1,85996a9d6fe112cfacf4,127,12,0.09448818897637795,127,62,0.4881889763779528,0.8778652668416449,111.4888888888889,0.9301181102362205,118.125
127,8,1016,585,0.5757874015748031,431,0.4242125984251969,2,85996a9d6fe112cfacf4,127,13,0.10236220472440945,127,40,0.31496062992125984,0.8014475463294358,101.78383838383839,0.8809055118110236,111.875
127,8,1016,499,0.4911417322834646,517,0.5088582677165354,3,85996a9d6fe112cfacf4,127,5,0.03937007874015748,127,51,0.4015748031496063,0.853018372703412,108.33333333333333,0.9153543307086615,116.25
127,8,1016,513,0.5049212598425197,503,0.4950787401574803,4,85996a9d6fe112cfacf4,127,10,0.07874015748031496,127,52,0.4094488188976378,0.8443330947267954,107.23030303030303,0.9084645669291339,115.375
127,8,1016,901,0.8868110236220472,115,0.11318897637795275,0,85f2760e16a765142a7f,127,74,0.5826771653543307,127,117,0.9212598425196851,0.9825021872265967,124.77777777777777,0.9901574803149606,125.75
127,8,1016,860,0.8464566929133859,156,0.15354330708661418,1,85f2760e16a765142a7f,127,66,0.5196850393700787,127,110,0.8661417322834646,0.9702537182852143,123.22222222222223,0.9832677165354331,124.875
127,8,1016,845,0.8316929133858267,171,0.16830708661417323,2,85f2760e16a765142a7f,127,54,0.4251968503937008,127,101,0.7952755905511811,0.9531058617672791,121.04444444444445,0.9734251968503937,123.625
127,8,1016,808,0.7952755905511811,208,0.2047244094488189,3,85f2760e16a765142a7f,127,45,0.3543307086614173,127,95,0.7480314960629921,0.9440069991251093,119.88888888888889,0.968503937007874,123.0
127,8,1016,830,0.8169291338582677,186,0.1830708661417323,4,85f2760e16a765142a7f,127,54,0.4251968503937008,127,105,0.8267716535433071,0.9601049868766405,121.93333333333334,0.9773622047244095,124.125
127,8,1016,900,0.8858267716535433,116,0.1141732283464567,0,860c3e874eff20982fe1,127,82,0.6456692913385826,127,121,0.952755905511811,0.9881014873140858,125.4888888888889,0.9931102362204725,126.125
127,8,1016,883,0.8690944881889764,133,0.1309055118110236,1,860c3e874eff20982fe1,127,68,0.5354330708661418,127,114,0.8976377952755905,0.9772528433945757,124.11111111111111,0.9872047244094488,125.375
127,8,1016,874,0.860236220472441,142,0.13976377952755906,2,860c3e874eff20982fe1,127,63,0.49606299212598426,127,111,0.8740157480314961,0.9720034995625548,123.44444444444444,0.984251968503937,125.0
127,8,1016,823,0.8100393700787402,193,0.18996062992125984,3,860c3e874eff20982fe1,127,47,0.3700787401574803,127,98,0.7716535433070866,0.9436570428696412,119.84444444444445,0.96751968503937,122.875
127,8,1016,828,0.8149606299212598,188,0.18503937007874016,4,860c3e874eff20982fe1,127,49,0.3858267716535433,127,95,0.7480314960629921,0.9440069991251093,119.88888888888889,0.968503937007874,123.0
103,8,824,727,0.8822815533980582,97,0.11771844660194175,0,867e7b95290bfb4ef084,103,59,0.5728155339805825,103,90,0.8737864077669902,0.9719525350593312,100.11111111111111,0.9842233009708737,101.375
103,8,824,723,0.8774271844660194,101,0.12257281553398058,1,867e7b95290bfb4ef084,103,57,0.5533980582524272,103,87,0.8446601941747572,0.9654800431499462,99.44444444444444,0.9805825242718447,101.0
103,8,824,696,0.8446601941747572,128,0.1553398058252427,2,867e7b95290bfb4ef084,103,44,0.42718446601941745,103,80,0.7766990291262136,0.9503775620280475,97.88888888888889,0.9720873786407767,100.125
103,8,824,696,0.8446601941747572,128,0.1553398058252427,3,867e7b95290bfb4ef084,103,46,0.44660194174757284,103,80,0.7766990291262136,0.946925566343042,97.53333333333333,0.9696601941747572,99.875
103,8,824,683,0.8288834951456311,141,0.17111650485436894,4,867e7b95290bfb4ef084,103,40,0.3883495145631068,103,82,0.7961165048543689,0.949514563106796,97.8,0.970873786407767,100.0
127,8,1016,926,0.9114173228346457,90,0.08858267716535433,0,8740771949897ec70ee2,127,85,0.6692913385826772,127,110,0.8661417322834646,0.9702537182852145,123.22222222222223,0.9832677165354331,124.875
127,8,1016,891,0.8769685039370079,125,0.12303149606299213,1,8740771949897ec70ee2,127,76,0.5984251968503937,127,115,0.905511811023622,0.979002624671916,124.33333333333333,0.9881889763779528,125.5
127,8,1016,822,0.8090551181102362,194,0.19094488188976377,2,8740771949897ec70ee2,127,51,0.4015748031496063,127,104,0.8188976377952756,0.9583552055993002,121.71111111111111,0.9763779527559056,124.0
127,8,1016,795,0.78248031496063,221,0.21751968503937008,3,8740771949897ec70ee2,127,40,0.31496062992125984,127,94,0.7401574803149606,0.9408573928258966,119.4888888888889,0.9665354330708661,122.75
127,8,1016,815,0.8021653543307087,201,0.19783464566929135,4,8740771949897ec70ee2,127,49,0.3858267716535433,127,94,0.7401574803149606,0.9408573928258966,119.4888888888889,0.9665354330708661,122.75
127,8,1016,893,0.8789370078740157,123,0.12106299212598425,0,87837c3d21d8aaeaee48,127,69,0.5433070866141733,127,107,0.84251968503937,0.9650043744531934,122.55555555555556,0.9803149606299213,124.5
127,8,1016,893,0.8789370078740157,123,0.12106299212598425,1,87837c3d21d8aaeaee48,127,69,0.5433070866141733,127,111,0.8740157480314961,0.9720034995625548,123.44444444444444,0.984251968503937,125.0
127,8,1016,847,0.8336614173228346,169,0.16633858267716536,2,87837c3d21d8aaeaee48,127,55,0.4330708661417323,127,102,0.8031496062992126,0.9562554680664916,121.44444444444444,0.9753937007874016,123.875
127,8,1016,861,0.8474409448818898,155,0.15255905511811024,3,87837c3d21d8aaeaee48,127,59,0.4645669291338583,127,111,0.8740157480314961,0.9720034995625548,123.44444444444444,0.984251968503937,125.0
127,8,1016,873,0.859251968503937,143,0.140748031496063,4,87837c3d21d8aaeaee48,127,65,0.5118110236220472,127,111,0.8740157480314961,0.9706036745406824,123.26666666666667,0.9832677165354331,124.875
127,8,1016,894,0.8799212598425197,122,0.12007874015748031,0,87b0143d83b8e2ea3fab,127,70,0.5511811023622047,127,118,0.9291338582677166,0.984251968503937,125.0,0.9911417322834646,125.875
127,8,1016,865,0.8513779527559056,151,0.1486220472440945,1,87b0143d83b8e2ea3fab,127,63,0.49606299212598426,127,106,0.8346456692913385,0.963254593175853,122.33333333333333,0.9793307086614174,124.375
127,8,1016,841,0.827755905511811,175,0.17224409448818898,2,87b0143d83b8e2ea3fab,127,51,0.4015748031496063,127,100,0.7874015748031497,0.9513560804899389,120.82222222222222,0.9724409448818898,123.5
127,8,1016,753,0.7411417322834646,263,0.2588582677165354,3,87b0143d83b8e2ea3fab,127,36,0.28346456692913385,127,97,0.7637795275590551,0.9461067366579179,120.15555555555555,0.969488188976378,123.125
127,8,1016,773,0.7608267716535433,243,0.23917322834645668,4,87b0143d83b8e2ea3fab,127,37,0.29133858267716534,127,93,0.7322834645669292,0.9405074365704287,119.44444444444444,0.9665354330708661,122.75
127,8,1016,887,0.8730314960629921,129,0.12696850393700787,0,881c84297e61741b5731,127,63,0.49606299212598426,127,109,0.8582677165354331,0.968503937007874,123.0,0.9822834645669292,124.75
127,8,1016,865,0.8513779527559056,151,0.1486220472440945,1,881c84297e61741b5731,127,59,0.4645669291338583,127,105,0.8267716535433071,0.9601049868766405,121.93333333333334,0.9773622047244095,124.125
127,8,1016,829,0.8159448818897638,187,0.18405511811023623,2,881c84297e61741b5731,127,53,0.41732283464566927,127,106,0.8346456692913385,0.963254593175853,122.33333333333333,0.9793307086614174,124.375
127,8,1016,845,0.8316929133858267,171,0.16830708661417323,3,881c84297e61741b5731,127,51,0.4015748031496063,127,103,0.8110236220472441,0.958005249343832,121.66666666666667,0.9763779527559056,124.0
127,8,1016,820,0.8070866141732284,196,0.19291338582677164,4,881c84297e61741b5731,127,51,0.4015748031496063,127,98,0.7716535433070866,0.9478565179352582,120.37777777777778,0.9704724409448819,123.25
127,8,1016,902,0.8877952755905512,114,0.11220472440944881,0,8896c20ee2df2e8b3133,127,73,0.5748031496062992,127,110,0.8661417322834646,0.9702537182852145,123.22222222222223,0.9832677165354331,124.875
127,8,1016,869,0.8553149606299213,147,0.14468503937007873,1,8896c20ee2df2e8b3133,127,60,0.47244094488188976,127,110,0.8661417322834646,0.9702537182852145,123.22222222222223,0.9832677165354331,124.875
127,8,1016,833,0.8198818897637795,183,0.18011811023622049,2,8896c20ee2df2e8b3133,127,53,0.41732283464566927,127,103,0.8110236220472441,0.9552055993000874,121.31111111111112,0.9744094488188977,123.75
127,8,1016,831,0.8179133858267716,185,0.18208661417322836,3,8896c20ee2df2e8b3133,127,52,0.4094488188976378,127,99,0.7795275590551181,0.9496062992125983,120.6,0.9714566929133859,123.375
127,8,1016,850,0.8366141732283464,166,0.16338582677165353,4,8896c20ee2df2e8b3133,127,59,0.4645669291338583,127,109,0.8582677165354331,0.9671041119860018,122.82222222222222,0.9812992125984252,124.625
127,8,1016,916,0.9015748031496063,100,0.0984251968503937,0,88ac2d2bf4cb11ea13c6,127,79,0.6220472440944882,127,116,0.9133858267716536,0.9793525809273841,124.37777777777778,0.9881889763779528,125.5
127,8,1016,890,0.8759842519685039,126,0.12401574803149606,1,88ac2d2bf4cb11ea13c6,127,68,0.5354330708661418,127,106,0.8346456692913385,0.9632545931758529,122.33333333333333,0.9793307086614174,124.375
127,8,1016,820,0.8070866141732284,196,0.19291338582677164,2,88ac2d2bf4cb11ea13c6,127,51,0.4015748031496063,127,105,0.8267716535433071,0.9615048118985127,122.11111111111111,0.9783464566929134,124.25
127,8,1016,824,0.8110236220472441,192,0.1889763779527559,3,88ac2d2bf4cb11ea13c6,127,51,0.4015748031496063,127,103,0.8110236220472441,0.9566054243219597,121.4888888888889,0.9753937007874016,123.875
127,8,1016,833,0.8198818897637795,183,0.18011811023622049,4,88ac2d2bf4cb11ea13c6,127,56,0.4409448818897638,127,108,0.8503937007874016,0.9653543307086614,122.6,0.9803149606299213,124.5
127,8,1016,926,0.9114173228346457,90,0.08858267716535433,0,88efd22bf016dd5e5ecc,127,84,0.6614173228346457,127,114,0.8976377952755905,0.9772528433945757,124.11111111111111,0.9872047244094488,125.375
127,8,1016,879,0.8651574803149606,137,0.13484251968503938,1,88efd22bf016dd5e5ecc,127,68,0.5354330708661418,127,115,0.905511811023622,0.9790026246719161,124.33333333333333,0.9881889763779528,125.5
127,8,1016,837,0.8238188976377953,179,0.17618110236220472,2,88efd22bf016dd5e5ecc,127,54,0.4251968503937008,127,103,0.8110236220472441,0.9538057742782151,121.13333333333334,0.9734251968503937,123.625
127,8,1016,796,0.7834645669291339,220,0.21653543307086615,3,88efd22bf016dd5e5ecc,127,39,0.30708661417322836,127,89,0.7007874015748031,0.932108486439195,118.37777777777778,0.9616141732283464,122.125
127,8,1016,816,0.8031496062992126,200,0.1968503937007874,4,88efd22bf016dd5e5ecc,127,52,0.4094488188976378,127,105,0.8267716535433071,0.9615048118985127,122.11111111111111,0.9783464566929134,124.25
127,8,1016,867,0.8533464566929134,149,0.1466535433070866,0,8926131c720f9266b8ae,127,63,0.49606299212598426,127,108,0.8503937007874016,0.9667541557305337,122.77777777777777,0.9812992125984252,124.625
127,8,1016,839,0.8257874015748031,177,0.17421259842519685,1,8926131c720f9266b8ae,127,52,0.4094488188976378,127,102,0.8031496062992126,0.9548556430446196,121.26666666666667,0.9744094488188977,123.75
127,8,1016,828,0.8149606299212598,188,0.18503937007874016,2,8926131c720f9266b8ae,127,60,0.47244094488188976,127,108,0.8503937007874016,0.9667541557305336,122.77777777777777,0.9812992125984252,124.625
127,8,1016,778,0.765748031496063,238,0.234251968503937,3,8926131c720f9266b8ae,127,38,0.2992125984251969,127,93,0.7322834645669292,0.9391076115485565,119.26666666666667,0.9655511811023622,122.625
127,8,1016,817,0.8041338582677166,199,0.19586614173228348,4,8926131c720f9266b8ae,127,44,0.3464566929133858,127,100,0.7874015748031497,0.9499562554680665,120.64444444444445,0.9714566929133859,123.375
127,8,1016,915,0.9005905511811023,101,0.09940944881889764,0,8a6acfe133d4645e5f08,127,78,0.6141732283464567,127,116,0.9133858267716536,0.9807524059492565,124.55555555555556,0.9891732283464567,125.625
127,8,1016,886,0.8720472440944882,130,0.1279527559055118,1,8a6acfe133d4645e5f08,127,69,0.5433070866141733,127,111,0.8740157480314961,0.9706036745406823,123.26666666666667,0.9832677165354331,124.875
127,8,1016,885,0.8710629921259843,131,0.12893700787401574,2,8a6acfe133d4645e5f08,127,73,0.5748031496062992,127,111,0.8740157480314961,0.9720034995625548,123.44444444444444,0.984251968503937,125.0
127,8,1016,824,0.8110236220472441,192,0.1889763779527559,3,8a6acfe133d4645e5f08,127,48,0.3779527559055118,127,97,0.7637795275590551,0.9461067366579178,120.15555555555555,0.969488188976378,123.125
127,8,1016,838,0.8248031496062992,178,0.17519685039370078,4,8a6acfe133d4645e5f08,127,52,0.4094488188976378,127,101,0.7952755905511811,0.9545056867891514,121.22222222222223,0.9744094488188977,123.75
127,8,1016,876,0.8622047244094488,140,0.1377952755905512,0,8ae848c8e1c8ca3c814a,127,65,0.5118110236220472,127,115,0.905511811023622,0.979002624671916,124.33333333333333,0.9881889763779528,125.5
127,8,1016,859,0.8454724409448819,157,0.1545275590551181,1,8ae848c8e1c8ca3c814a,127,57,0.44881889763779526,127,111,0.8740157480314961,0.9720034995625548,123.44444444444444,0.984251968503937,125.0
127,8,1016,824,0.8110236220472441,192,0.1889763779527559,2,8ae848c8e1c8ca3c814a,127,50,0.3937007874015748,127,96,0.7559055118110236,0.9457567804024497,120.11111111111111,0.969488188976378,123.125
127,8,1016,797,0.7844488188976378,219,0.2155511811023622,3,8ae848c8e1c8ca3c814a,127,44,0.3464566929133858,127,96,0.7559055118110236,0.9415573053368328,119.57777777777778,0.9665354330708661,122.75
127,8,1016,835,0.8218503937007874,181,0.1781496062992126,4,8ae848c8e1c8ca3c814a,127,54,0.4251968503937008,127,100,0.7874015748031497,0.9513560804899388,120.82222222222222,0.9724409448818898,123.5
127,8,1016,770,0.7578740157480315,246,0.2421259842519685,0,8bb89f3ce60c2fe4805c,127,41,0.3228346456692913,127,95,0.7480314960629921,0.9440069991251095,119.88888888888889,0.968503937007874,123.0
127,8,1016,590,0.5807086614173228,426,0.41929133858267714,1,8bb89f3ce60c2fe4805c,127,3,0.023622047244094488,127,34,0.2677165354330709,0.8316710411198599,105.62222222222222,0.9045275590551181,114.875
127,8,1016,495,0.48720472440944884,521,0.5127952755905512,2,8bb89f3ce60c2fe4805c,127,7,0.05511811023622047,127,37,0.29133858267716534,0.8049789230891592,102.23232323232324,0.8848425196850394,112.375
127,8,1016,422,0.4153543307086614,594,0.5846456692913385,3,8bb89f3ce60c2fe4805c,127,5,0.03937007874015748,127,43,0.33858267716535434,0.8266762109281793,104.98787878787878,0.8986220472440944,114.125
127,8,1016,482,0.4744094488188976,534,0.5255905511811023,4,8bb89f3ce60c2fe4805c,127,4,0.031496062992125984,127,40,0.31496062992125984,0.8258808558021155,104.88686868686868,0.8986220472440944,114.125
127,8,1016,906,0.8917322834645669,110,0.10826771653543307,0,8bece812b2966e60e8ad,127,72,0.5669291338582677,127,112,0.8818897637795275,0.9737532808398951,123.66666666666667,0.985236220472441,125.125
127,8,1016,868,0.8543307086614174,148,0.14566929133858267,1,8bece812b2966e60e8ad,127,64,0.5039370078740157,127,105,0.8267716535433071,0.9615048118985127,122.11111111111111,0.9783464566929134,124.25
127,8,1016,845,0.8316929133858267,171,0.16830708661417323,2,8bece812b2966e60e8ad,127,58,0.4566929133858268,127,105,0.8267716535433071,0.9615048118985127,122.11111111111111,0.9783464566929134,124.25
127,8,1016,801,0.7883858267716536,215,0.21161417322834647,3,8bece812b2966e60e8ad,127,44,0.3464566929133858,127,100,0.7874015748031497,0.9513560804899388,120.82222222222222,0.9724409448818898,123.5
127,8,1016,804,0.7913385826771654,212,0.20866141732283464,4,8bece812b2966e60e8ad,127,45,0.3543307086614173,127,98,0.7716535433070866,0.9464566929133857,120.2,0.969488188976378,123.125
127,8,1016,922,0.90748031496063,94,0.09251968503937008,0,8bed4f4810f56cc50293,127,79,0.6220472440944882,127,116,0.9133858267716536,0.9807524059492565,124.55555555555556,0.9891732283464567,125.625
127,8,1016,847,0.8336614173228346,169,0.16633858267716536,1,8bed4f4810f56cc50293,127,58,0.4566929133858268,127,105,0.8267716535433071,0.9573053368328959,121.57777777777778,0.9753937007874016,123.875
127,8,1016,862,0.8484251968503937,154,0.1515748031496063,2,8bed4f4810f56cc50293,127,58,0.4566929133858268,127,109,0.8582677165354331,0.968503937007874,123.0,0.9822834645669292,124.75
127,8,1016,792,0.7795275590551181,224,0.2204724409448819,3,8bed4f4810f56cc50293,127,43,0.33858267716535434,127,93,0.7322834645669292,0.9405074365704286,119.44444444444444,0.9665354330708661,122.75
127,8,1016,844,0.8307086614173228,172,0.16929133858267717,4,8bed4f4810f56cc50293,127,52,0.4094488188976378,127,100,0.7874015748031497,0.9527559055118109,121.0,0.9734251968503937,123.625
127,8,1016,919,0.9045275590551181,97,0.09547244094488189,0,8bf7f00e1a8446ea3b04,127,81,0.6377952755905512,127,112,0.8818897637795275,0.9737532808398951,123.66666666666667,0.985236220472441,125.125
127,8,1016,869,0.8553149606299213,147,0.14468503937007873,1,8bf7f00e1a8446ea3b04,127,66,0.5196850393700787,127,115,0.905511811023622,0.9790026246719161,124.33333333333333,0.9881889763779528,125.5
127,8,1016,870,0.8562992125984252,146,0.1437007874015748,2,8bf7f00e1a8446ea3b04,127,62,0.4881889763779528,127,109,0.8582677165354331,0.968503937007874,123.0,0.9822834645669292,124.75
127,8,1016,854,0.8405511811023622,162,0.1594488188976378,3,8bf7f00e1a8446ea3b04,127,56,0.4409448818897638,127,102,0.8031496062992126,0.952055993000875,120.91111111111111,0.9724409448818898,123.5
127,8,1016,858,0.844488188976378,158,0.15551181102362205,4,8bf7f00e1a8446ea3b04,127,60,0.47244094488188976,127,101,0.7952755905511811,0.9531058617672792,121.04444444444445,0.9734251968503937,123.625
127,8,1016,887,0.8730314960629921,129,0.12696850393700787,0,8bfb44b67e76fa2d1aeb,127,72,0.5669291338582677,127,115,0.905511811023622,0.9790026246719159,124.33333333333333,0.9881889763779528,125.5
127,8,1016,880,0.8661417322834646,136,0.13385826771653545,1,8bfb44b67e76fa2d1aeb,127,62,0.4881889763779528,127,111,0.8740157480314961,0.9720034995625546,123.44444444444444,0.984251968503937,125.0
127,8,1016,862,0.8484251968503937,154,0.1515748031496063,2,8bfb44b67e76fa2d1aeb,127,63,0.49606299212598426,127,108,0.8503937007874016,0.9667541557305336,122.77777777777777,0.9812992125984252,124.625
127,8,1016,839,0.8257874015748031,177,0.17421259842519685,3,8bfb44b67e76fa2d1aeb,127,53,0.41732283464566927,127,99,0.7795275590551181,0.9510061242344708,120.77777777777777,0.9724409448818898,123.5
127,8,1016,846,0.8326771653543307,170,0.1673228346456693,4,8bfb44b67e76fa2d1aeb,127,53,0.41732283464566927,127,100,0.7874015748031497,0.952755905511811,121.0,0.9734251968503937,123.625
127,8,1016,908,0.8937007874015748,108,0.1062992125984252,0,8c26b132a52e832bd0b3,127,79,0.6220472440944882,127,111,0.8740157480314961,0.9706036745406823,123.26666666666667,0.9832677165354331,124.875
127,8,1016,864,0.8503937007874016,152,0.14960629921259844,1,8c26b132a52e832bd0b3,127,66,0.5196850393700787,127,114,0.8976377952755905,0.9772528433945757,124.11111111111111,0.9872047244094488,125.375
127,8,1016,836,0.8228346456692913,180,0.17716535433070865,2,8c26b132a52e832bd0b3,127,52,0.4094488188976378,127,106,0.8346456692913385,0.963254593175853,122.33333333333333,0.9793307086614174,124.375
127,8,1016,808,0.7952755905511811,208,0.2047244094488189,3,8c26b132a52e832bd0b3,127,46,0.36220472440944884,127,102,0.8031496062992126,0.9562554680664916,121.44444444444444,0.9753937007874016,123.875
127,8,1016,844,0.8307086614173228,172,0.16929133858267717,4,8c26b132a52e832bd0b3,127,58,0.4566929133858268,127,101,0.7952755905511811,0.9531058617672792,121.04444444444445,0.9734251968503937,123.625
127,8,1016,925,0.9104330708661418,91,0.08956692913385826,0,8c52d05567920b9068cd,127,84,0.6614173228346457,127,117,0.9212598425196851,0.9825021872265967,124.77777777777777,0.9901574803149606,125.75
127,8,1016,784,0.7716535433070866,232,0.2283464566929134,1,8c52d05567920b9068cd,127,40,0.31496062992125984,127,99,0.7795275590551181,0.9496062992125984,120.6,0.9714566929133859,123.375
127,8,1016,734,0.7224409448818898,282,0.27755905511811024,2,8c52d05567920b9068cd,127,29,0.2283464566929134,127,90,0.7086614173228346,0.9352580927384077,118.77777777777777,0.9635826771653543,122.375
127,8,1016,690,0.6791338582677166,326,0.32086614173228345,3,8c52d05567920b9068cd,127,21,0.16535433070866143,127,66,0.5196850393700787,0.8848643919510062,112.37777777777778,0.9340551181102362,118.625
127,8,1016,753,0.7411417322834646,263,0.2588582677165354,4,8c52d05567920b9068cd,127,36,0.28346456692913385,127,85,0.6692913385826772,0.9251093613298337,117.4888888888889,0.9576771653543307,121.625
127,8,1016,888,0.8740157480314961,128,0.12598425196850394,0,8c7dc41fc40ddda41eef,127,71,0.5590551181102362,127,113,0.889763779527559,0.9755030621172354,123.88888888888889,0.9862204724409449,125.25
127,8,1016,888,0.8740157480314961,128,0.12598425196850394,1,8c7dc41fc40ddda41eef,127,69,0.5433070866141733,127,109,0.8582677165354331,0.968503937007874,123.0,0.9822834645669292,124.75
127,8,1016,844,0.8307086614173228,172,0.16929133858267717,2,8c7dc41fc40ddda41eef,127,56,0.4409448818897638,127,101,0.7952755905511811,0.9517060367454067,120.86666666666666,0.9724409448818898,123.5
127,8,1016,811,0.7982283464566929,205,0.2017716535433071,3,8c7dc41fc40ddda41eef,127,48,0.3779527559055118,127,99,0.7795275590551181,0.9496062992125984,120.6,0.9714566929133859,123.375
127,8,1016,811,0.7982283464566929,205,0.2017716535433071,4,8c7dc41fc40ddda41eef,127,55,0.4330708661417323,127,98,0.7716535433070866,0.9492563429571305,120.55555555555556,0.9714566929133859,123.375
127,8,1016,925,0.9104330708661418,91,0.08956692913385826,0,8c9b98b64a58814a2f39,127,88,0.6929133858267716,127,119,0.937007874015748,0.9860017497812774,125.22222222222223,0.9921259842519685,126.0
127,8,1016,860,0.8464566929133859,156,0.15354330708661418,1,8c9b98b64a58814a2f39,127,64,0.5039370078740157,127,113,0.889763779527559,0.9755030621172354,123.88888888888889,0.9862204724409449,125.25
127,8,1016,880,0.8661417322834646,136,0.13385826771653545,2,8c9b98b64a58814a2f39,127,70,0.5511811023622047,127,108,0.8503937007874016,0.9667541557305337,122.77777777777777,0.9812992125984252,124.625
127,8,1016,782,0.7696850393700787,234,0.23031496062992127,3,8c9b98b64a58814a2f39,127,40,0.31496062992125984,127,98,0.7716535433070866,0.9450568678915134,120.02222222222223,0.968503937007874,123.0
127,8,1016,843,0.8297244094488189,173,0.1702755905511811,4,8c9b98b64a58814a2f39,127,56,0.4409448818897638,127,109,0.8582677165354331,0.9671041119860018,122.82222222222222,0.9812992125984252,124.625
127,8,1016,842,0.8287401574803149,174,0.17125984251968504,0,8cbc6deb366a90598072,127,29,0.2283464566929134,127,65,0.5118110236220472,0.8915135608048992,113.22222222222223,0.9389763779527559,119.25
127,8,1016,520,0.5118110236220472,496,0.4881889763779528,1,8cbc6deb366a90598072,127,14,0.11023622047244094,127,61,0.48031496062992124,0.8705161854768151,110.55555555555556,0.9251968503937008,117.5
127,8,1016,531,0.5226377952755905,485,0.47736220472440943,2,8cbc6deb366a90598072,127,13,0.10236220472440945,127,49,0.3858267716535433,0.8306848007635406,105.4969696969697,0.8996062992125984,114.25
127,8,1016,521,0.5127952755905512,495,0.48720472440944884,3,8cbc6deb366a90598072,127,8,0.06299212598425197,127,59,0.4645669291338583,0.8698162729658792,110.46666666666667,0.9251968503937008,117.5
127,8,1016,537,0.5285433070866141,479,0.4714566929133858,4,8cbc6deb366a90598072,127,11,0.08661417322834646,127,57,0.44881889763779526,0.8593175853018371,109.13333333333334,0.9183070866141733,116.625
127,8,1016,888,0.8740157480314961,128,0.12598425196850394,0,8cef8dce1364c7587754,127,72,0.5669291338582677,127,113,0.889763779527559,0.9755030621172355,123.88888888888889,0.9862204724409449,125.25
127,8,1016,874,0.860236220472441,142,0.13976377952755906,1,8cef8dce1364c7587754,127,66,0.5196850393700787,127,103,0.8110236220472441,0.9580052493438319,121.66666666666667,0.9763779527559056,124.0
127,8,1016,837,0.8238188976377953,179,0.17618110236220472,2,8cef8dce1364c7587754,127,54,0.4251968503937008,127,101,0.7952755905511811,0.9517060367454069,120.86666666666666,0.9724409448818898,123.5
127,8,1016,776,0.7637795275590551,240,0.23622047244094488,3,8cef8dce1364c7587754,127,36,0.28346456692913385,127,99,0.7795275590551181,0.9510061242344706,120.77777777777777,0.9724409448818898,123.5
127,8,1016,818,0.8051181102362205,198,0.19488188976377951,4,8cef8dce1364c7587754,127,52,0.4094488188976378,127,98,0.7716535433070866,0.9464566929133857,120.2,0.969488188976378,123.125
127,8,1016,926,0.9114173228346457,90,0.08858267716535433,0,8d55514286def2bb6141,127,84,0.6614173228346457,127,114,0.8976377952755905,0.9772528433945757,124.11111111111111,0.9872047244094488,125.375
127,8,1016,884,0.8700787401574803,132,0.12992125984251968,1,8d55514286def2bb6141,127,67,0.5275590551181102,127,112,0.8818897637795275,0.9737532808398951,123.66666666666667,0.985236220472441,125.125
127,8,1016,872,0.8582677165354331,144,0.14173228346456693,2,8d55514286def2bb6141,127,62,0.4881889763779528,127,107,0.84251968503937,0.9650043744531934,122.55555555555556,0.9803149606299213,124.5
127,8,1016,847,0.8336614173228346,169,0.16633858267716536,3,8d55514286def2bb6141,127,50,0.3937007874015748,127,102,0.8031496062992126,0.9548556430446195,121.26666666666667,0.9744094488188977,123.75
127,8,1016,812,0.7992125984251969,204,0.20078740157480315,4,8d55514286def2bb6141,127,45,0.3543307086614173,127,103,0.8110236220472441,0.9566054243219597,121.4888888888889,0.9753937007874016,123.875
127,8,1016,885,0.8710629921259843,131,0.12893700787401574,0,8dc7a0e49d8054a4febf,127,68,0.5354330708661418,127,111,0.8740157480314961,0.9720034995625548,123.44444444444444,0.984251968503937,125.0
127,8,1016,893,0.8789370078740157,123,0.12106299212598425,1,8dc7a0e49d8054a4febf,127,72,0.5669291338582677,127,112,0.8818897637795275,0.973753280839895,123.66666666666667,0.985236220472441,125.125
127,8,1016,858,0.844488188976378,158,0.15551181102362205,2,8dc7a0e49d8054a4febf,127,59,0.4645669291338583,127,98,0.7716535433070866,0.947856517935258,120.37777777777778,0.9704724409448819,123.25
127,8,1016,806,0.7933070866141733,210,0.20669291338582677,3,8dc7a0e49d8054a4febf,127,47,0.3700787401574803,127,96,0.7559055118110236,0.9457567804024497,120.11111111111111,0.969488188976378,123.125
127,8,1016,834,0.8208661417322834,182,0.17913385826771652,4,8dc7a0e49d8054a4febf,127,50,0.3937007874015748,127,92,0.7244094488188977,0.9359580052493438,118.86666666666666,0.9635826771653543,122.375
127,8,1016,885,0.8710629921259843,131,0.12893700787401574,0,8df5f48dc72ff9b25245,127,67,0.5275590551181102,127,111,0.8740157480314961,0.9720034995625548,123.44444444444444,0.984251968503937,125.0
127,8,1016,867,0.8533464566929134,149,0.1466535433070866,1,8df5f48dc72ff9b25245,127,63,0.49606299212598426,127,103,0.8110236220472441,0.958005249343832,121.66666666666667,0.9763779527559056,124.0
127,8,1016,859,0.8454724409448819,157,0.1545275590551181,2,8df5f48dc72ff9b25245,127,57,0.44881889763779526,127,94,0.7401574803149606,0.942257217847769,119.66666666666667,0.96751968503937,122.875
127,8,1016,787,0.7746062992125984,229,0.22539370078740156,3,8df5f48dc72ff9b25245,127,42,0.33070866141732286,127,95,0.7480314960629921,0.942607174103237,119.71111111111111,0.96751968503937,122.875
127,8,1016,827,0.8139763779527559,189,0.1860236220472441,4,8df5f48dc72ff9b25245,127,54,0.4251968503937008,127,99,0.7795275590551181,0.9510061242344706,120.77777777777777,0.9724409448818898,123.5
127,8,1016,899,0.8848425196850394,117,0.11515748031496063,0,8e07a080e3fb068115b8,127,76,0.5984251968503937,127,114,0.8976377952755905,0.9772528433945757,124.11111111111111,0.9872047244094488,125.375
127,8,1016,873,0.859251968503937,143,0.140748031496063,1,8e07a080e3fb068115b8,127,67,0.5275590551181102,127,104,0.8188976377952756,0.9597550306211723,121.88888888888889,0.9773622047244095,124.125
127,8,1016,842,0.8287401574803149,174,0.17125984251968504,2,8e07a080e3fb068115b8,127,52,0.4094488188976378,127,100,0.7874015748031497,0.952755905511811,121.0,0.9734251968503937,123.625
127,8,1016,803,0.7903543307086615,213,0.20964566929133857,3,8e07a080e3fb068115b8,127,43,0.33858267716535434,127,95,0.7480314960629921,0.9440069991251093,119.88888888888889,0.968503937007874,123.0
127,8,1016,819,0.8061023622047244,197,0.19389763779527558,4,8e07a080e3fb068115b8,127,45,0.3543307086614173,127,101,0.7952755905511811,0.9545056867891514,121.22222222222223,0.9744094488188977,123.75
127,8,1016,921,0.906496062992126,95,0.09350393700787402,0,8e0dec58e940d3bca91d,127,81,0.6377952755905512,127,112,0.8818897637795275,0.973753280839895,123.66666666666667,0.985236220472441,125.125
127,8,1016,894,0.8799212598425197,122,0.12007874015748031,1,8e0dec58e940d3bca91d,127,71,0.5590551181102362,127,110,0.8661417322834646,0.9702537182852145,123.22222222222223,0.9832677165354331,124.875
127,8,1016,874,0.860236220472441,142,0.13976377952755906,2,8e0dec58e940d3bca91d,127,66,0.5196850393700787,127,109,0.8582677165354331,0.968503937007874,123.0,0.9822834645669292,124.75
127,8,1016,841,0.827755905511811,175,0.17224409448818898,3,8e0dec58e940d3bca91d,127,50,0.3937007874015748,127,100,0.7874015748031497,0.9499562554680665,120.64444444444445,0.9714566929133859,123.375
127,8,1016,825,0.812007874015748,191,0.18799212598425197,4,8e0dec58e940d3bca91d,127,48,0.3779527559055118,127,102,0.8031496062992126,0.9548556430446196,121.26666666666667,0.9744094488188977,123.75
127,8,1016,892,0.8779527559055118,124,0.1220472440944882,0,8e12b4849e3760c026ef,127,72,0.5669291338582677,127,112,0.8818897637795275,0.9737532808398951,123.66666666666667,0.985236220472441,125.125
127,8,1016,891,0.8769685039370079,125,0.12303149606299213,1,8e12b4849e3760c026ef,127,71,0.5590551181102362,127,113,0.889763779527559,0.9727034120734908,123.53333333333333,0.984251968503937,125.0
127,8,1016,854,0.8405511811023622,162,0.1594488188976378,2,8e12b4849e3760c026ef,127,57,0.44881889763779526,127,104,0.8188976377952756,0.9597550306211723,121.88888888888889,0.9773622047244095,124.125
127,8,1016,827,0.8139763779527559,189,0.1860236220472441,3,8e12b4849e3760c026ef,127,49,0.3858267716535433,127,104,0.8188976377952756,0.9583552055993001,121.71111111111111,0.9763779527559056,124.0
127,8,1016,824,0.8110236220472441,192,0.1889763779527559,4,8e12b4849e3760c026ef,127,51,0.4015748031496063,127,99,0.7795275590551181,0.9482064741907261,120.42222222222222,0.9704724409448819,123.25
127,8,1016,896,0.8818897637795275,120,0.11811023622047244,0,8e6325f69f2dede3825c,127,77,0.6062992125984252,127,114,0.8976377952755905,0.9772528433945757,124.11111111111111,0.9872047244094488,125.375
127,8,1016,858,0.844488188976378,158,0.15551181102362205,1,8e6325f69f2dede3825c,127,62,0.4881889763779528,127,113,0.889763779527559,0.9755030621172354,123.88888888888889,0.9862204724409449,125.25
127,8,1016,852,0.8385826771653543,164,0.16141732283464566,2,8e6325f69f2dede3825c,127,58,0.4566929133858268,127,107,0.84251968503937,0.9650043744531933,122.55555555555556,0.9803149606299213,124.5
127,8,1016,819,0.8061023622047244,197,0.19389763779527558,3,8e6325f69f2dede3825c,127,51,0.4015748031496063,127,97,0.7637795275590551,0.9461067366579179,120.15555555555555,0.969488188976378,123.125
127,8,1016,828,0.8149606299212598,188,0.18503937007874016,4,8e6325f69f2dede3825c,127,49,0.3858267716535433,127,102,0.8031496062992126,0.9562554680664918,121.44444444444444,0.9753937007874016,123.875
127,8,1016,915,0.9005905511811023,101,0.09940944881889764,0,8e676d49327d4d22552d,127,80,0.6299212598425197,127,112,0.8818897637795275,0.973753280839895,123.66666666666667,0.985236220472441,125.125
127,8,1016,878,0.8641732283464567,138,0.13582677165354332,1,8e676d49327d4d22552d,127,63,0.49606299212598426,127,107,0.84251968503937,0.9636045494313212,122.37777777777778,0.9793307086614174,124.375
127,8,1016,877,0.8631889763779528,139,0.13681102362204725,2,8e676d49327d4d22552d,127,67,0.5275590551181102,127,107,0.84251968503937,0.9650043744531932,122.55555555555556,0.9803149606299213,124.5
127,8,1016,820,0.8070866141732284,196,0.19291338582677164,3,8e676d49327d4d22552d,127,47,0.3700787401574803,127,95,0.7480314960629921,0.9426071741032369,119.71111111111111,0.96751968503937,122.875
127,8,1016,837,0.8238188976377953,179,0.17618110236220472,4,8e676d49327d4d22552d,127,52,0.4094488188976378,127,113,0.889763779527559,0.9755030621172354,123.88888888888889,0.9862204724409449,125.25
127,8,1016,916,0.9015748031496063,100,0.0984251968503937,0,8ec49816cc265f8b8294,127,79,0.6220472440944882,127,113,0.889763779527559,0.9755030621172355,123.88888888888889,0.9862204724409449,125.25
127,8,1016,896,0.8818897637795275,120,0.11811023622047244,1,8ec49816cc265f8b8294,127,73,0.5748031496062992,127,117,0.9212598425196851,0.9825021872265968,124.77777777777777,0.9901574803149606,125.75
127,8,1016,880,0.8661417322834646,136,0.13385826771653545,2,8ec49816cc265f8b8294,127,63,0.49606299212598426,127,106,0.8346456692913385,0.9618547681539809,122.15555555555555,0.9783464566929134,124.25
127,8,1016,820,0.8070866141732284,196,0.19291338582677164,3,8ec49816cc265f8b8294,127,48,0.3779527559055118,127,96,0.7559055118110236,0.9443569553805774,119.93333333333334,0.968503937007874,123.0
127,8,1016,843,0.8297244094488189,173,0.1702755905511811,4,8ec49816cc265f8b8294,127,58,0.4566929133858268,127,99,0.7795275590551181,0.9510061242344706,120.77777777777777,0.9724409448818898,123.5
127,8,1016,912,0.8976377952755905,104,0.10236220472440945,0,8f69f039471770707b7e,127,77,0.6062992125984252,127,114,0.8976377952755905,0.9758530183727034,123.93333333333334,0.9862204724409449,125.25
127,8,1016,887,0.8730314960629921,129,0.12696850393700787,1,8f69f039471770707b7e,127,71,0.5590551181102362,127,111,0.8740157480314961,0.9720034995625546,123.44444444444444,0.984251968503937,125.0
127,8,1016,844,0.8307086614173228,172,0.16929133858267717,2,8f69f039471770707b7e,127,62,0.4881889763779528,127,105,0.8267716535433071,0.9601049868766405,121.93333333333334,0.9773622047244095,124.125
127,8,1016,828,0.8149606299212598,188,0.18503937007874016,3,8f69f039471770707b7e,127,48,0.3779527559055118,127,88,0.6929133858267716,0.9289588801399825,117.97777777777777,0.9596456692913385,121.875
127,8,1016,861,0.8474409448818898,155,0.15255905511811024,4,8f69f039471770707b7e,127,61,0.48031496062992124,127,113,0.889763779527559,0.9755030621172355,123.88888888888889,0.9862204724409449,125.25
127,8,1016,907,0.8927165354330708,109,0.10728346456692914,0,8f7d10ec4ff11a647ee7,127,76,0.5984251968503937,127,117,0.9212598425196851,0.9825021872265967,124.77777777777777,0.9901574803149606,125.75
127,8,1016,896,0.8818897637795275,120,0.11811023622047244,1,8f7d10ec4ff11a647ee7,127,72,0.5669291338582677,127,109,0.8582677165354331,0.968503937007874,123.0,0.9822834645669292,124.75
127,8,1016,842,0.8287401574803149,174,0.17125984251968504,2,8f7d10ec4ff11a647ee7,127,55,0.4330708661417323,127,103,0.8110236220472441,0.9566054243219598,121.4888888888889,0.9753937007874016,123.875
127,8,1016,819,0.8061023622047244,197,0.19389763779527558,3,8f7d10ec4ff11a647ee7,127,50,0.3937007874015748,127,103,0.8110236220472441,0.9580052493438319,121.66666666666667,0.9763779527559056,124.0
127,8,1016,855,0.8415354330708661,161,0.15846456692913385,4,8f7d10ec4ff11a647ee7,127,53,0.41732283464566927,127,107,0.84251968503937,0.9650043744531933,122.55555555555556,0.9803149606299213,124.5
127,8,1016,920,0.905511811023622,96,0.09448818897637795,0,8f8115aa4a281d951a7c,127,84,0.6614173228346457,127,116,0.9133858267716536,0.9793525809273841,124.37777777777778,0.9881889763779528,125.5
127,8,1016,865,0.8513779527559056,151,0.1486220472440945,1,8f8115aa4a281d951a7c,127,59,0.4645669291338583,127,100,0.7874015748031497,0.952755905511811,121.0,0.9734251968503937,123.625
127,8,1016,835,0.8218503937007874,181,0.1781496062992126,2,8f8115aa4a281d951a7c,127,57,0.44881889763779526,127,106,0.8346456692913385,0.963254593175853,122.33333333333333,0.9793307086614174,124.375
127,8,1016,808,0.7952755905511811,208,0.2047244094488189,3,8f8115aa4a281d951a7c,127,53,0.41732283464566927,127,105,0.8267716535433071,0.9587051618547682,121.75555555555556,0.9763779527559056,124.0
127,8,1016,805,0.7923228346456693,211,0.2076771653543307,4,8f8115aa4a281d951a7c,127,44,0.3464566929133858,127,104,0.8188976377952756,0.9569553805774278,121.53333333333333,0.9753937007874016,123.875
127,8,1016,913,0.8986220472440944,103,0.10137795275590551,0,8f9070376249b3bc8557,127,81,0.6377952755905512,127,121,0.952755905511811,0.9895013123359581,125.66666666666667,0.9940944881889764,126.25
127,8,1016,895,0.8809055118110236,121,0.11909448818897637,1,8f9070376249b3bc8557,127,75,0.5905511811023622,127,110,0.8661417322834646,0.9702537182852143,123.22222222222223,0.9832677165354331,124.875
127,8,1016,840,0.8267716535433071,176,0.1732283464566929,2,8f9070376249b3bc8557,127,59,0.4645669291338583,127,108,0.8503937007874016,0.9667541557305336,122.77777777777777,0.9812992125984252,124.625
127,8,1016,792,0.7795275590551181,224,0.2204724409448819,3,8f9070376249b3bc8557,127,41,0.3228346456692913,127,94,0.7401574803149606,0.9408573928258965,119.4888888888889,0.9665354330708661,122.75
127,8,1016,816,0.8031496062992126,200,0.1968503937007874,4,8f9070376249b3bc8557,127,42,0.33070866141732286,127,86,0.6771653543307087,0.9254593175853018,117.53333333333333,0.9576771653543307,121.625
127,8,1016,922,0.90748031496063,94,0.09251968503937008,0,8fb265f41b57655fdaf6,127,82,0.6456692913385826,127,112,0.8818897637795275,0.9737532808398951,123.66666666666667,0.985236220472441,125.125
127,8,1016,899,0.8848425196850394,117,0.11515748031496063,1,8fb265f41b57655fdaf6,127,75,0.5905511811023622,127,117,0.9212598425196851,0.9825021872265967,124.77777777777777,0.9901574803149606,125.75
127,8,1016,862,0.8484251968503937,154,0.1515748031496063,2,8fb265f41b57655fdaf6,127,61,0.48031496062992124,127,107,0.84251968503937,0.9650043744531934,122.55555555555556,0.9803149606299213,124.5
127,8,1016,800,0.7874015748031497,216,0.2125984251968504,3,8fb265f41b57655fdaf6,127,46,0.36220472440944884,127,100,0.7874015748031497,0.952755905511811,121.0,0.9734251968503937,123.625
127,8,1016,842,0.8287401574803149,174,0.17125984251968504,4,8fb265f41b57655fdaf6,127,58,0.4566929133858268,127,98,0.7716535433070866,0.947856517935258,120.37777777777778,0.9704724409448819,123.25
127,8,1016,917,0.9025590551181102,99,0.09744094488188976,0,900f406d35eb6b62a9d6,127,83,0.6535433070866141,127,118,0.9291338582677166,0.984251968503937,125.0,0.9911417322834646,125.875
127,8,1016,900,0.8858267716535433,116,0.1141732283464567,1,900f406d35eb6b62a9d6,127,73,0.5748031496062992,127,116,0.9133858267716536,0.9807524059492565,124.55555555555556,0.9891732283464567,125.625
127,8,1016,872,0.8582677165354331,144,0.14173228346456693,2,900f406d35eb6b62a9d6,127,67,0.5275590551181102,127,105,0.8267716535433071,0.9615048118985127,122.11111111111111,0.9783464566929134,124.25
127,8,1016,820,0.8070866141732284,196,0.19291338582677164,3,900f406d35eb6b62a9d6,127,57,0.44881889763779526,127,105,0.8267716535433071,0.9615048118985127,122.11111111111111,0.9783464566929134,124.25
127,8,1016,843,0.8297244094488189,173,0.1702755905511811,4,900f406d35eb6b62a9d6,127,50,0.3937007874015748,127,99,0.7795275590551181,0.9510061242344706,120.77777777777777,0.9724409448818898,123.5
127,8,1016,917,0.9025590551181102,99,0.09744094488188976,0,901fbb039eb51be272f4,127,81,0.6377952755905512,127,118,0.9291338582677166,0.9828521434820647,124.82222222222222,0.9901574803149606,125.75
127,8,1016,873,0.859251968503937,143,0.140748031496063,1,901fbb039eb51be272f4,127,67,0.5275590551181102,127,105,0.8267716535433071,0.9615048118985127,122.11111111111111,0.9783464566929134,124.25
127,8,1016,852,0.8385826771653543,164,0.16141732283464566,2,901fbb039eb51be272f4,127,58,0.4566929133858268,127,107,0.84251968503937,0.9650043744531934,122.55555555555556,0.9803149606299213,124.5
127,8,1016,785,0.7726377952755905,231,0.22736220472440946,3,901fbb039eb51be272f4,127,43,0.33858267716535434,127,99,0.7795275590551181,0.9468066491688538,120.24444444444444,0.969488188976378,123.125
127,8,1016,799,0.7864173228346457,217,0.21358267716535434,4,901fbb039eb51be272f4,127,46,0.36220472440944884,127,96,0.7559055118110236,0.9457567804024496,120.11111111111111,0.969488188976378,123.125
127,8,1016,908,0.8937007874015748,108,0.1062992125984252,0,904d79524f4d042d53f9,127,79,0.6220472440944882,127,114,0.8976377952755905,0.9772528433945757,124.11111111111111,0.9872047244094488,125.375
127,8,1016,896,0.8818897637795275,120,0.11811023622047244,1,904d79524f4d042d53f9,127,73,0.5748031496062992,127,111,0.8740157480314961,0.9720034995625548,123.44444444444444,0.984251968503937,125.0
127,8,1016,854,0.8405511811023622,162,0.1594488188976378,2,904d79524f4d042d53f9,127,55,0.4330708661417323,127,104,0.8188976377952756,0.9597550306211724,121.88888888888889,0.9773622047244095,124.125
127,8,1016,828,0.8149606299212598,188,0.18503937007874016,3,904d79524f4d042d53f9,127,49,0.3858267716535433,127,100,0.7874015748031497,0.9513560804899388,120.82222222222222,0.9724409448818898,123.5
127,8,1016,850,0.8366141732283464,166,0.16338582677165353,4,904d79524f4d042d53f9,127,54,0.4251968503937008,127,97,0.7637795275590551,0.9475065616797901,120.33333333333333,0.9704724409448819,123.25
127,8,1016,922,0.90748031496063,94,0.09251968503937008,0,90d92c6b78f853e6b846,127,83,0.6535433070866141,127,116,0.9133858267716536,0.9807524059492564,124.55555555555556,0.9891732283464567,125.625
127,8,1016,894,0.8799212598425197,122,0.12007874015748031,1,90d92c6b78f853e6b846,127,76,0.5984251968503937,127,113,0.889763779527559,0.9755030621172354,123.88888888888889,0.9862204724409449,125.25
127,8,1016,854,0.8405511811023622,162,0.1594488188976378,2,90d92c6b78f853e6b846,127,60,0.47244094488188976,127,100,0.7874015748031497,0.9527559055118109,121.0,0.9734251968503937,123.625
127,8,1016,805,0.7923228346456693,211,0.2076771653543307,3,90d92c6b78f853e6b846,127,38,0.2992125984251969,127,98,0.7716535433070866,0.9492563429571302,120.55555555555556,0.9714566929133859,123.375
127,8,1016,832,0.8188976377952756,184,0.18110236220472442,4,90d92c6b78f853e6b846,127,49,0.3858267716535433,127,102,0.8031496062992126,0.9548556430446196,121.26666666666667,0.9744094488188977,123.75
127,8,1016,896,0.8818897637795275,120,0.11811023622047244,0,91a31847728383045e3a,127,71,0.5590551181102362,127,112,0.8818897637795275,0.9737532808398952,123.66666666666667,0.985236220472441,125.125
127,8,1016,847,0.8336614173228346,169,0.16633858267716536,1,91a31847728383045e3a,127,59,0.4645669291338583,127,111,0.8740157480314961,0.9720034995625548,123.44444444444444,0.984251968503937,125.0
127,8,1016,854,0.8405511811023622,162,0.1594488188976378,2,91a31847728383045e3a,127,57,0.44881889763779526,127,106,0.8346456692913385,0.963254593175853,122.33333333333333,0.9793307086614174,124.375
127,8,1016,826,0.812992125984252,190,0.18700787401574803,3,91a31847728383045e3a,127,52,0.4094488188976378,127,95,0.7480314960629921,0.9440069991251093,119.88888888888889,0.968503937007874,123.0
127,8,1016,823,0.8100393700787402,193,0.18996062992125984,4,91a31847728383045e3a,127,56,0.4409448818897638,127,98,0.7716535433070866,0.947856517935258,120.37777777777778,0.9704724409448819,123.25
127,8,1016,924,0.9094488188976378,92,0.09055118110236221,0,91f0bd8d1b2650d3ab83,127,78,0.6141732283464567,127,112,0.8818897637795275,0.973753280839895,123.66666666666667,0.985236220472441,125.125
127,8,1016,857,0.843503937007874,159,0.15649606299212598,1,91f0bd8d1b2650d3ab83,127,61,0.48031496062992124,127,107,0.84251968503937,0.9650043744531933,122.55555555555556,0.9803149606299213,124.5
127,8,1016,857,0.843503937007874,159,0.15649606299212598,2,91f0bd8d1b2650d3ab83,127,58,0.4566929133858268,127,98,0.7716535433070866,0.947856517935258,120.37777777777778,0.9704724409448819,123.25
127,8,1016,793,0.780511811023622,223,0.21948818897637795,3,91f0bd8d1b2650d3ab83,127,45,0.3543307086614173,127,96,0.7559055118110236,0.9429571303587051,119.75555555555556,0.96751968503937,122.875
127,8,1016,820,0.8070866141732284,196,0.19291338582677164,4,91f0bd8d1b2650d3ab83,127,48,0.3779527559055118,127,104,0.8188976377952756,0.9555555555555555,121.35555555555555,0.9744094488188977,123.75
127,8,1016,923,0.9084645669291339,93,0.09153543307086615,0,920487cdb3ea7356e413,127,81,0.6377952755905512,127,115,0.905511811023622,0.9790026246719161,124.33333333333333,0.9881889763779528,125.5
127,8,1016,869,0.8553149606299213,147,0.14468503937007873,1,920487cdb3ea7356e413,127,65,0.5118110236220472,127,103,0.8110236220472441,0.9580052493438319,121.66666666666667,0.9763779527559056,124.0
127,8,1016,841,0.827755905511811,175,0.17224409448818898,2,920487cdb3ea7356e413,127,54,0.4251968503937008,127,105,0.8267716535433071,0.9615048118985127,122.11111111111111,0.9783464566929134,124.25
127,8,1016,815,0.8021653543307087,201,0.19783464566929135,3,920487cdb3ea7356e413,127,51,0.4015748031496063,127,104,0.8188976377952756,0.9555555555555555,121.35555555555555,0.9744094488188977,123.75
127,8,1016,813,0.8001968503937008,203,0.19980314960629922,4,920487cdb3ea7356e413,127,52,0.4094488188976378,127,99,0.7795275590551181,0.9468066491688539,120.24444444444444,0.969488188976378,123.125
127,8,1016,887,0.8730314960629921,129,0.12696850393700787,0,923e8a0e4829c62a5409,127,73,0.5748031496062992,127,120,0.9448818897637795,0.9877515310586178,125.44444444444444,0.9931102362204725,126.125
127,8,1016,872,0.8582677165354331,144,0.14173228346456693,1,923e8a0e4829c62a5409,127,66,0.5196850393700787,127,106,0.8346456692913385,0.963254593175853,122.33333333333333,0.9793307086614174,124.375
127,8,1016,845,0.8316929133858267,171,0.16830708661417323,2,923e8a0e4829c62a5409,127,58,0.4566929133858268,127,108,0.8503937007874016,0.9667541557305337,122.77777777777777,0.9812992125984252,124.625
127,8,1016,816,0.8031496062992126,200,0.1968503937007874,3,923e8a0e4829c62a5409,127,42,0.33070866141732286,127,86,0.6771653543307087,0.9240594925634296,117.35555555555555,0.9566929133858267,121.5
127,8,1016,816,0.8031496062992126,200,0.1968503937007874,4,923e8a0e4829c62a5409,127,48,0.3779527559055118,127,104,0.8188976377952756,0.9555555555555555,121.35555555555555,0.9744094488188977,123.75
111,8,888,784,0.8828828828828829,104,0.11711711711711711,0,926b6f8891804d72864f,111,63,0.5675675675675675,111,97,0.8738738738738738,0.9703703703703703,107.71111111111111,0.9831081081081081,109.125
111,8,888,781,0.8795045045045045,107,0.1204954954954955,1,926b6f8891804d72864f,111,60,0.5405405405405406,111,98,0.8828828828828829,0.9739739739739739,108.11111111111111,0.9853603603603603,109.375
111,8,888,757,0.8524774774774775,131,0.14752252252252251,2,926b6f8891804d72864f,111,51,0.4594594594594595,111,90,0.8108108108108109,0.9579579579579579,106.33333333333333,0.9763513513513513,108.375
111,8,888,706,0.795045045045045,182,0.20495495495495494,3,926b6f8891804d72864f,111,46,0.4144144144144144,111,90,0.8108108108108109,0.9563563563563564,106.15555555555555,0.9752252252252253,108.25
111,8,888,768,0.8648648648648649,120,0.13513513513513514,4,926b6f8891804d72864f,111,56,0.5045045045045045,111,92,0.8288288288288288,0.9603603603603603,106.6,0.9774774774774775,108.5
24,8,192,174,0.90625,18,0.09375,0,92700be4ef3a5fb144b6,24,15,0.625,24,20,0.8333333333333334,0.9629629629629629,23.11111111111111,0.9791666666666666,23.5
24,8,192,165,0.859375,27,0.140625,1,92700be4ef3a5fb144b6,24,11,0.4583333333333333,24,19,0.7916666666666666,0.9537037037037037,22.88888888888889,0.9739583333333334,23.375
24,8,192,161,0.8385416666666666,31,0.16145833333333334,2,92700be4ef3a5fb144b6,24,14,0.5833333333333334,24,19,0.7916666666666666,0.9537037037037037,22.88888888888889,0.9739583333333334,23.375
24,8,192,147,0.765625,45,0.234375,3,92700be4ef3a5fb144b6,24,7,0.2916666666666667,24,18,0.75,0.9444444444444443,22.666666666666668,0.96875,23.25
24,8,192,144,0.75,48,0.25,4,92700be4ef3a5fb144b6,24,6,0.25,24,22,0.9166666666666666,0.9814814814814815,23.555555555555557,0.9895833333333334,23.75
127,8,1016,919,0.9045275590551181,97,0.09547244094488189,0,9275ef27e00389353e75,127,76,0.5984251968503937,127,110,0.8661417322834646,0.9702537182852145,123.22222222222223,0.9832677165354331,124.875
127,8,1016,872,0.8582677165354331,144,0.14173228346456693,1,9275ef27e00389353e75,127,60,0.47244094488188976,127,106,0.8346456692913385,0.963254593175853,122.33333333333333,0.9793307086614174,124.375
127,8,1016,840,0.8267716535433071,176,0.1732283464566929,2,9275ef27e00389353e75,127,58,0.4566929133858268,127,110,0.8661417322834646,0.9688538932633421,123.04444444444445,0.9822834645669292,124.75
127,8,1016,833,0.8198818897637795,183,0.18011811023622049,3,9275ef27e00389353e75,127,52,0.4094488188976378,127,95,0.7480314960629921,0.9440069991251094,119.88888888888889,0.968503937007874,123.0
127,8,1016,837,0.8238188976377953,179,0.17618110236220472,4,9275ef27e00389353e75,127,51,0.4015748031496063,127,93,0.7322834645669292,0.9405074365704286,119.44444444444444,0.9665354330708661,122.75
127,8,1016,925,0.9104330708661418,91,0.08956692913385826,0,92a2248985d77febb48f,127,83,0.6535433070866141,127,116,0.9133858267716536,0.9807524059492565,124.55555555555556,0.9891732283464567,125.625
127,8,1016,865,0.8513779527559056,151,0.1486220472440945,1,92a2248985d77febb48f,127,67,0.5275590551181102,127,116,0.9133858267716536,0.9807524059492565,124.55555555555556,0.9891732283464567,125.625
127,8,1016,837,0.8238188976377953,179,0.17618110236220472,2,92a2248985d77febb48f,127,53,0.41732283464566927,127,103,0.8110236220472441,0.9552055993000875,121.31111111111112,0.9744094488188977,123.75
127,8,1016,791,0.7785433070866141,225,0.22145669291338582,3,92a2248985d77febb48f,127,40,0.31496062992125984,127,87,0.6850393700787402,0.9258092738407697,117.57777777777778,0.9576771653543307,121.625
127,8,1016,793,0.780511811023622,223,0.21948818897637795,4,92a2248985d77febb48f,127,45,0.3543307086614173,127,100,0.7874015748031497,0.9513560804899387,120.82222222222222,0.9724409448818898,123.5
127,8,1016,889,0.875,127,0.125,0,93073cdcb586446bbee2,127,73,0.5748031496062992,127,118,0.9291338582677166,0.984251968503937,125.0,0.9911417322834646,125.875
127,8,1016,892,0.8779527559055118,124,0.1220472440944882,1,93073cdcb586446bbee2,127,71,0.5590551181102362,127,115,0.905511811023622,0.9790026246719161,124.33333333333333,0.9881889763779528,125.5
127,8,1016,841,0.827755905511811,175,0.17224409448818898,2,93073cdcb586446bbee2,127,50,0.3937007874015748,127,111,0.8740157480314961,0.9720034995625547,123.44444444444444,0.984251968503937,125.0
127,8,1016,807,0.7942913385826772,209,0.20570866141732283,3,93073cdcb586446bbee2,127,49,0.3858267716535433,127,101,0.7952755905511811,0.9545056867891513,121.22222222222223,0.9744094488188977,123.75
127,8,1016,820,0.8070866141732284,196,0.19291338582677164,4,93073cdcb586446bbee2,127,46,0.36220472440944884,127,104,0.8188976377952756,0.9597550306211723,121.88888888888889,0.9773622047244095,124.125
127,8,1016,701,0.6899606299212598,315,0.31003937007874016,0,931ae9fab340ba6d5feb,127,15,0.11811023622047244,127,113,0.889763779527559,0.9755030621172354,123.88888888888889,0.9862204724409449,125.25
127,8,1016,644,0.6338582677165354,372,0.3661417322834646,1,931ae9fab340ba6d5feb,127,11,0.08661417322834646,127,60,0.47244094488188976,0.8645669291338581,109.8,0.9212598425196851,117.0
127,8,1016,573,0.5639763779527559,443,0.4360236220472441,2,931ae9fab340ba6d5feb,127,12,0.09448818897637795,127,45,0.3543307086614173,0.8385747236140936,106.4989898989899,0.906496062992126,115.125
127,8,1016,451,0.4438976377952756,565,0.5561023622047244,3,931ae9fab340ba6d5feb,127,4,0.031496062992125984,127,46,0.36220472440944884,0.8361250298258172,106.18787878787879,0.9045275590551181,114.875
127,8,1016,487,0.4793307086614173,529,0.5206692913385826,4,931ae9fab340ba6d5feb,127,7,0.05511811023622047,127,49,0.3858267716535433,0.8427741986797104,107.03232323232324,0.9084645669291339,115.375
127,8,1016,931,0.9163385826771654,85,0.08366141732283465,0,936d2f4f34bc153938c7,127,88,0.6929133858267716,127,113,0.889763779527559,0.9755030621172354,123.88888888888889,0.9862204724409449,125.25
127,8,1016,880,0.8661417322834646,136,0.13385826771653545,1,936d2f4f34bc153938c7,127,69,0.5433070866141733,127,113,0.889763779527559,0.9755030621172354,123.88888888888889,0.9862204724409449,125.25
127,8,1016,836,0.8228346456692913,180,0.17716535433070865,2,936d2f4f34bc153938c7,127,55,0.4330708661417323,127,100,0.7874015748031497,0.952755905511811,121.0,0.9734251968503937,123.625
127,8,1016,844,0.8307086614173228,172,0.16929133858267717,3,936d2f4f34bc153938c7,127,58,0.4566929133858268,127,98,0.7716535433070866,0.9478565179352582,120.37777777777778,0.9704724409448819,123.25
127,8,1016,842,0.8287401574803149,174,0.17125984251968504,4,936d2f4f34bc153938c7,127,53,0.41732283464566927,127,108,0.8503937007874016,0.9667541557305337,122.77777777777777,0.9812992125984252,124.625
127,8,1016,887,0.8730314960629921,129,0.12696850393700787,0,93b60f37729f176e892a,127,67,0.5275590551181102,127,107,0.84251968503937,0.9650043744531933,122.55555555555556,0.9803149606299213,124.5
127,8,1016,875,0.8612204724409449,141,0.13877952755905512,1,93b60f37729f176e892a,127,62,0.4881889763779528,127,107,0.84251968503937,0.9650043744531934,122.55555555555556,0.9803149606299213,124.5
127,8,1016,842,0.8287401574803149,174,0.17125984251968504,2,93b60f37729f176e892a,127,47,0.3700787401574803,127,99,0.7795275590551181,0.9510061242344706,120.77777777777777,0.9724409448818898,123.5
127,8,1016,819,0.8061023622047244,197,0.19389763779527558,3,93b60f37729f176e892a,127,43,0.33858267716535434,127,106,0.8346456692913385,0.963254593175853,122.33333333333333,0.9793307086614174,124.375
127,8,1016,819,0.8061023622047244,197,0.19389763779527558,4,93b60f37729f176e892a,127,48,0.3779527559055118,127,103,0.8110236220472441,0.9580052493438319,121.66666666666667,0.9763779527559056,124.0
127,8,1016,852,0.8385826771653543,164,0.16141732283464566,0,93fabd5451c8ad06e5a6,127,59,0.4645669291338583,127,104,0.8188976377952756,0.9597550306211723,121.88888888888889,0.9773622047244095,124.125
127,8,1016,869,0.8553149606299213,147,0.14468503937007873,1,93fabd5451c8ad06e5a6,127,62,0.4881889763779528,127,99,0.7795275590551181,0.9510061242344706,120.77777777777777,0.9724409448818898,123.5
127,8,1016,824,0.8110236220472441,192,0.1889763779527559,2,93fabd5451c8ad06e5a6,127,47,0.3700787401574803,127,97,0.7637795275590551,0.9461067366579178,120.15555555555555,0.969488188976378,123.125
127,8,1016,753,0.7411417322834646,263,0.2588582677165354,3,93fabd5451c8ad06e5a6,127,32,0.25196850393700787,127,91,0.7165354330708661,0.9342082239720034,118.64444444444445,0.9625984251968503,122.25
127,8,1016,762,0.75,254,0.25,4,93fabd5451c8ad06e5a6,127,39,0.30708661417322836,127,83,0.6535433070866141,0.921609798775153,117.04444444444445,0.9557086614173228,121.375
127,8,1016,896,0.8818897637795275,120,0.11811023622047244,0,945435bd96bddc603b32,127,76,0.5984251968503937,127,116,0.9133858267716536,0.9807524059492564,124.55555555555556,0.9891732283464567,125.625
127,8,1016,872,0.8582677165354331,144,0.14173228346456693,1,945435bd96bddc603b32,127,62,0.4881889763779528,127,110,0.8661417322834646,0.9702537182852145,123.22222222222223,0.9832677165354331,124.875
127,8,1016,869,0.8553149606299213,147,0.14468503937007873,2,945435bd96bddc603b32,127,66,0.5196850393700787,127,107,0.84251968503937,0.9650043744531934,122.55555555555556,0.9803149606299213,124.5
127,8,1016,827,0.8139763779527559,189,0.1860236220472441,3,945435bd96bddc603b32,127,47,0.3700787401574803,127,100,0.7874015748031497,0.952755905511811,121.0,0.9734251968503937,123.625
127,8,1016,842,0.8287401574803149,174,0.17125984251968504,4,945435bd96bddc603b32,127,52,0.4094488188976378,127,98,0.7716535433070866,0.9492563429571304,120.55555555555556,0.9714566929133859,123.375
127,8,1016,890,0.8759842519685039,126,0.12401574803149606,0,9454c66d812ca8015f40,127,69,0.5433070866141733,127,112,0.8818897637795275,0.9737532808398952,123.66666666666667,0.985236220472441,125.125
127,8,1016,862,0.8484251968503937,154,0.1515748031496063,1,9454c66d812ca8015f40,127,60,0.47244094488188976,127,101,0.7952755905511811,0.9545056867891513,121.22222222222223,0.9744094488188977,123.75
127,8,1016,795,0.78248031496063,221,0.21751968503937008,2,9454c66d812ca8015f40,127,43,0.33858267716535434,127,107,0.84251968503937,0.9650043744531932,122.55555555555556,0.9803149606299213,124.5
127,8,1016,811,0.7982283464566929,205,0.2017716535433071,3,9454c66d812ca8015f40,127,48,0.3779527559055118,127,102,0.8031496062992126,0.9548556430446195,121.26666666666667,0.9744094488188977,123.75
127,8,1016,818,0.8051181102362205,198,0.19488188976377951,4,9454c66d812ca8015f40,127,52,0.4094488188976378,127,103,0.8110236220472441,0.9552055993000875,121.31111111111112,0.9744094488188977,123.75
127,8,1016,917,0.9025590551181102,99,0.09744094488188976,0,949662d1b45ab08be739,127,81,0.6377952755905512,127,110,0.8661417322834646,0.9702537182852143,123.22222222222223,0.9832677165354331,124.875
127,8,1016,846,0.8326771653543307,170,0.1673228346456693,1,949662d1b45ab08be739,127,59,0.4645669291338583,127,109,0.8582677165354331,0.968503937007874,123.0,0.9822834645669292,124.75
127,8,1016,845,0.8316929133858267,171,0.16830708661417323,2,949662d1b45ab08be739,127,57,0.44881889763779526,127,109,0.8582677165354331,0.968503937007874,123.0,0.9822834645669292,124.75
127,8,1016,809,0.7962598425196851,207,0.20374015748031496,3,949662d1b45ab08be739,127,46,0.36220472440944884,127,92,0.7244094488188977,0.9387576552930883,119.22222222222223,0.9655511811023622,122.625
127,8,1016,806,0.7933070866141733,210,0.20669291338582677,4,949662d1b45ab08be739,127,43,0.33858267716535434,127,105,0.8267716535433071,0.9601049868766405,121.93333333333334,0.9773622047244095,124.125
127,8,1016,902,0.8877952755905512,114,0.11220472440944881,0,94c3b64c6bf713d43706,127,78,0.6141732283464567,127,122,0.9606299212598425,0.9912510936132983,125.88888888888889,0.9950787401574803,126.375
127,8,1016,856,0.84251968503937,160,0.15748031496062992,1,94c3b64c6bf713d43706,127,59,0.4645669291338583,127,110,0.8661417322834646,0.968853893263342,123.04444444444445,0.9822834645669292,124.75
127,8,1016,869,0.8553149606299213,147,0.14468503937007873,2,94c3b64c6bf713d43706,127,61,0.48031496062992124,127,111,0.8740157480314961,0.9720034995625548,123.44444444444444,0.984251968503937,125.0
127,8,1016,789,0.7765748031496063,227,0.2234251968503937,3,94c3b64c6bf713d43706,127,41,0.3228346456692913,127,92,0.7244094488188977,0.9359580052493439,118.86666666666666,0.9635826771653543,122.375
127,8,1016,837,0.8238188976377953,179,0.17618110236220472,4,94c3b64c6bf713d43706,127,48,0.3779527559055118,127,102,0.8031496062992126,0.9562554680664916,121.44444444444444,0.9753937007874016,123.875
62,8,496,429,0.8649193548387096,67,0.1350806451612903,0,94c9b024e01262064ee8,62,36,0.5806451612903226,62,52,0.8387096774193549,0.96415770609319,59.77777777777778,0.9798387096774194,60.75
62,8,496,414,0.8346774193548387,82,0.16532258064516128,1,94c9b024e01262064ee8,62,27,0.43548387096774194,62,51,0.8225806451612904,0.9605734767025089,59.55555555555556,0.9778225806451613,60.625
62,8,496,438,0.8830645161290323,58,0.11693548387096774,2,94c9b024e01262064ee8,62,31,0.5,62,53,0.8548387096774194,0.967741935483871,60.0,0.9818548387096774,60.875
62,8,496,406,0.8185483870967742,90,0.1814516129032258,3,94c9b024e01262064ee8,62,24,0.3870967741935484,62,54,0.8709677419354839,0.9713261648745519,60.22222222222222,0.9838709677419355,61.0
62,8,496,428,0.8629032258064516,68,0.13709677419354838,4,94c9b024e01262064ee8,62,33,0.532258064516129,62,52,0.8387096774193549,0.9612903225806452,59.6,0.9778225806451613,60.625
127,8,1016,877,0.8631889763779528,139,0.13681102362204725,0,950f33e688fc0163fe83,127,66,0.5196850393700787,127,107,0.84251968503937,0.9636045494313212,122.37777777777778,0.9793307086614174,124.375
127,8,1016,870,0.8562992125984252,146,0.1437007874015748,1,950f33e688fc0163fe83,127,63,0.49606299212598426,127,102,0.8031496062992126,0.9562554680664918,121.44444444444444,0.9753937007874016,123.875
127,8,1016,831,0.8179133858267716,185,0.18208661417322836,2,950f33e688fc0163fe83,127,53,0.41732283464566927,127,106,0.8346456692913385,0.9632545931758529,122.33333333333333,0.9793307086614174,124.375
127,8,1016,768,0.7559055118110236,248,0.2440944881889764,3,950f33e688fc0163fe83,127,39,0.30708661417322836,127,92,0.7244094488188977,0.9373578302712161,119.04444444444445,0.9645669291338582,122.5
127,8,1016,790,0.7775590551181102,226,0.22244094488188976,4,950f33e688fc0163fe83,127,39,0.30708661417322836,127,92,0.7244094488188977,0.9373578302712161,119.04444444444445,0.9645669291338582,122.5
127,8,1016,881,0.8671259842519685,135,0.1328740157480315,0,956d9d561147514093ad,127,65,0.5118110236220472,127,117,0.9212598425196851,0.9825021872265967,124.77777777777777,0.9901574803149606,125.75
127,8,1016,890,0.8759842519685039,126,0.12401574803149606,1,956d9d561147514093ad,127,69,0.5433070866141733,127,107,0.84251968503937,0.9650043744531933,122.55555555555556,0.9803149606299213,124.5
127,8,1016,855,0.8415354330708661,161,0.15846456692913385,2,956d9d561147514093ad,127,59,0.4645669291338583,127,107,0.84251968503937,0.9650043744531933,122.55555555555556,0.9803149606299213,124.5
127,8,1016,779,0.7667322834645669,237,0.23326771653543307,3,956d9d561147514093ad,127,41,0.3228346456692913,127,99,0.7795275590551181,0.9496062992125986,120.6,0.9714566929133859,123.375
127,8,1016,800,0.7874015748031497,216,0.2125984251968504,4,956d9d561147514093ad,127,37,0.29133858267716534,127,98,0.7716535433070866,0.947856517935258,120.37777777777778,0.9704724409448819,123.25
127,8,1016,928,0.9133858267716536,88,0.08661417322834646,0,95af21ac53e5a74d9dc8,127,87,0.6850393700787402,127,117,0.9212598425196851,0.9825021872265967,124.77777777777777,0.9901574803149606,125.75
127,8,1016,878,0.8641732283464567,138,0.13582677165354332,1,95af21ac53e5a74d9dc8,127,65,0.5118110236220472,127,115,0.905511811023622,0.9790026246719161,124.33333333333333,0.9881889763779528,125.5
127,8,1016,874,0.860236220472441,142,0.13976377952755906,2,95af21ac53e5a74d9dc8,127,64,0.5039370078740157,127,100,0.7874015748031497,0.9527559055118112,121.0,0.9734251968503937,123.625
127,8,1016,826,0.812992125984252,190,0.18700787401574803,3,95af21ac53e5a74d9dc8,127,51,0.4015748031496063,127,105,0.8267716535433071,0.9601049868766405,121.93333333333334,0.9773622047244095,124.125
127,8,1016,829,0.8159448818897638,187,0.18405511811023623,4,95af21ac53e5a74d9dc8,127,53,0.41732283464566927,127,99,0.7795275590551181,0.9510061242344706,120.77777777777777,0.9724409448818898,123.5
100,8,800,715,0.89375,85,0.10625,0,95cdcf7639cf6452a717,100,58,0.58,100,86,0.86,0.968888888888889,96.88888888888889,0.9825,98.25
100,8,800,705,0.88125,95,0.11875,1,95cdcf7639cf6452a717,100,60,0.6,100,90,0.9,0.9777777777777779,97.77777777777777,0.9875,98.75
100,8,800,704,0.88,96,0.12,2,95cdcf7639cf6452a717,100,57,0.57,100,87,0.87,0.9711111111111111,97.11111111111111,0.98375,98.375
100,8,800,642,0.8025,158,0.1975,3,95cdcf7639cf6452a717,100,35,0.35,100,82,0.82,0.96,96.0,0.9775,97.75
100,8,800,705,0.88125,95,0.11875,4,95cdcf7639cf6452a717,100,58,0.58,100,87,0.87,0.971111111111111,97.11111111111111,0.98375,98.375
127,8,1016,898,0.8838582677165354,118,0.11614173228346457,0,95d8bd020621ee918a68,127,76,0.5984251968503937,127,113,0.889763779527559,0.9755030621172355,123.88888888888889,0.9862204724409449,125.25
127,8,1016,854,0.8405511811023622,162,0.1594488188976378,1,95d8bd020621ee918a68,127,65,0.5118110236220472,127,102,0.8031496062992126,0.9562554680664915,121.44444444444444,0.9753937007874016,123.875
127,8,1016,845,0.8316929133858267,171,0.16830708661417323,2,95d8bd020621ee918a68,127,53,0.41732283464566927,127,98,0.7716535433070866,0.9492563429571302,120.55555555555556,0.9714566929133859,123.375
127,8,1016,819,0.8061023622047244,197,0.19389763779527558,3,95d8bd020621ee918a68,127,43,0.33858267716535434,127,93,0.7322834645669292,0.9405074365704288,119.44444444444444,0.9665354330708661,122.75
127,8,1016,835,0.8218503937007874,181,0.1781496062992126,4,95d8bd020621ee918a68,127,48,0.3779527559055118,127,101,0.7952755905511811,0.9545056867891514,121.22222222222223,0.9744094488188977,123.75
127,8,1016,921,0.906496062992126,95,0.09350393700787402,0,96c2ea5592f2ccf72270,127,83,0.6535433070866141,127,115,0.905511811023622,0.9790026246719161,124.33333333333333,0.9881889763779528,125.5
127,8,1016,878,0.8641732283464567,138,0.13582677165354332,1,96c2ea5592f2ccf72270,127,71,0.5590551181102362,127,109,0.8582677165354331,0.968503937007874,123.0,0.9822834645669292,124.75
127,8,1016,867,0.8533464566929134,149,0.1466535433070866,2,96c2ea5592f2ccf72270,127,64,0.5039370078740157,127,104,0.8188976377952756,0.9597550306211723,121.88888888888889,0.9773622047244095,124.125
127,8,1016,810,0.797244094488189,206,0.20275590551181102,3,96c2ea5592f2ccf72270,127,48,0.3779527559055118,127,103,0.8110236220472441,0.9566054243219597,121.4888888888889,0.9753937007874016,123.875
127,8,1016,821,0.8080708661417323,195,0.1919291338582677,4,96c2ea5592f2ccf72270,127,51,0.4015748031496063,127,92,0.7244094488188977,0.9387576552930882,119.22222222222223,0.9655511811023622,122.625
127,8,1016,907,0.8927165354330708,109,0.10728346456692914,0,97635eef2c4a536f1a9c,127,77,0.6062992125984252,127,110,0.8661417322834646,0.9688538932633421,123.04444444444445,0.9822834645669292,124.75
127,8,1016,865,0.8513779527559056,151,0.1486220472440945,1,97635eef2c4a536f1a9c,127,58,0.4566929133858268,127,97,0.7637795275590551,0.94750656167979,120.33333333333333,0.9704724409448819,123.25
127,8,1016,845,0.8316929133858267,171,0.16830708661417323,2,97635eef2c4a536f1a9c,127,52,0.4094488188976378,127,100,0.7874015748031497,0.952755905511811,121.0,0.9734251968503937,123.625
127,8,1016,772,0.7598425196850394,244,0.24015748031496062,3,97635eef2c4a536f1a9c,127,36,0.28346456692913385,127,99,0.7795275590551181,0.9510061242344707,120.77777777777777,0.9724409448818898,123.5
127,8,1016,824,0.8110236220472441,192,0.1889763779527559,4,97635eef2c4a536f1a9c,127,49,0.3858267716535433,127,98,0.7716535433070866,0.9492563429571304,120.55555555555556,0.9714566929133859,123.375
127,8,1016,922,0.90748031496063,94,0.09251968503937008,0,9778cb7f4462c7e5a6bb,127,84,0.6614173228346457,127,114,0.8976377952755905,0.9758530183727034,123.93333333333334,0.9862204724409449,125.25
127,8,1016,899,0.8848425196850394,117,0.11515748031496063,1,9778cb7f4462c7e5a6bb,127,77,0.6062992125984252,127,113,0.889763779527559,0.9755030621172354,123.88888888888889,0.9862204724409449,125.25
127,8,1016,842,0.8287401574803149,174,0.17125984251968504,2,9778cb7f4462c7e5a6bb,127,51,0.4015748031496063,127,102,0.8031496062992126,0.9562554680664915,121.44444444444444,0.9753937007874016,123.875
127,8,1016,819,0.8061023622047244,197,0.19389763779527558,3,9778cb7f4462c7e5a6bb,127,48,0.3779527559055118,127,103,0.8110236220472441,0.9552055993000874,121.31111111111112,0.9744094488188977,123.75
127,8,1016,858,0.844488188976378,158,0.15551181102362205,4,9778cb7f4462c7e5a6bb,127,64,0.5039370078740157,127,106,0.8346456692913385,0.9618547681539809,122.15555555555555,0.9783464566929134,124.25
127,8,1016,917,0.9025590551181102,99,0.09744094488188976,0,977dba706199d097d6fe,127,78,0.6141732283464567,127,110,0.8661417322834646,0.9702537182852145,123.22222222222223,0.9832677165354331,124.875
127,8,1016,901,0.8868110236220472,115,0.11318897637795275,1,977dba706199d097d6fe,127,73,0.5748031496062992,127,108,0.8503937007874016,0.9667541557305338,122.77777777777777,0.9812992125984252,124.625
127,8,1016,888,0.8740157480314961,128,0.12598425196850394,2,977dba706199d097d6fe,127,68,0.5354330708661418,127,106,0.8346456692913385,0.963254593175853,122.33333333333333,0.9793307086614174,124.375
127,8,1016,829,0.8159448818897638,187,0.18405511811023623,3,977dba706199d097d6fe,127,48,0.3779527559055118,127,90,0.7086614173228346,0.9324584426946633,118.42222222222222,0.9616141732283464,122.125
127,8,1016,833,0.8198818897637795,183,0.18011811023622049,4,977dba706199d097d6fe,127,57,0.44881889763779526,127,107,0.84251968503937,0.9636045494313212,122.37777777777778,0.9793307086614174,124.375
127,8,1016,908,0.8937007874015748,108,0.1062992125984252,0,97c0d2ccb5929d573fb4,127,78,0.6141732283464567,127,116,0.9133858267716536,0.9807524059492564,124.55555555555556,0.9891732283464567,125.625
127,8,1016,871,0.8572834645669292,145,0.14271653543307086,1,97c0d2ccb5929d573fb4,127,67,0.5275590551181102,127,104,0.8188976377952756,0.9583552055993001,121.71111111111111,0.9763779527559056,124.0
127,8,1016,854,0.8405511811023622,162,0.1594488188976378,2,97c0d2ccb5929d573fb4,127,59,0.4645669291338583,127,114,0.8976377952755905,0.9772528433945757,124.11111111111111,0.9872047244094488,125.375
127,8,1016,848,0.8346456692913385,168,0.16535433070866143,3,97c0d2ccb5929d573fb4,127,60,0.47244094488188976,127,102,0.8031496062992126,0.9562554680664916,121.44444444444444,0.9753937007874016,123.875
127,8,1016,809,0.7962598425196851,207,0.20374015748031496,4,97c0d2ccb5929d573fb4,127,37,0.29133858267716534,127,94,0.7401574803149606,0.938057742782152,119.13333333333334,0.9645669291338582,122.5
127,8,1016,898,0.8838582677165354,118,0.11614173228346457,0,97e513b5080922851ec5,127,68,0.5354330708661418,127,105,0.8267716535433071,0.9615048118985127,122.11111111111111,0.9783464566929134,124.25
127,8,1016,870,0.8562992125984252,146,0.1437007874015748,1,97e513b5080922851ec5,127,61,0.48031496062992124,127,107,0.84251968503937,0.9650043744531934,122.55555555555556,0.9803149606299213,124.5
127,8,1016,833,0.8198818897637795,183,0.18011811023622049,2,97e513b5080922851ec5,127,46,0.36220472440944884,127,102,0.8031496062992126,0.9562554680664915,121.44444444444444,0.9753937007874016,123.875
127,8,1016,831,0.8179133858267716,185,0.18208661417322836,3,97e513b5080922851ec5,127,48,0.3779527559055118,127,102,0.8031496062992126,0.9548556430446193,121.26666666666667,0.9744094488188977,123.75
127,8,1016,837,0.8238188976377953,179,0.17618110236220472,4,97e513b5080922851ec5,127,58,0.4566929133858268,127,106,0.8346456692913385,0.9618547681539807,122.15555555555555,0.9783464566929134,124.25
127,8,1016,886,0.8720472440944882,130,0.1279527559055118,0,97eef9bf61d78dbe04cb,127,69,0.5433070866141733,127,104,0.8188976377952756,0.9597550306211723,121.88888888888889,0.9773622047244095,124.125
127,8,1016,890,0.8759842519685039,126,0.12401574803149606,1,97eef9bf61d78dbe04cb,127,67,0.5275590551181102,127,112,0.8818897637795275,0.9737532808398951,123.66666666666667,0.985236220472441,125.125
127,8,1016,858,0.844488188976378,158,0.15551181102362205,2,97eef9bf61d78dbe04cb,127,61,0.48031496062992124,127,109,0.8582677165354331,0.968503937007874,123.0,0.9822834645669292,124.75
127,8,1016,864,0.8503937007874016,152,0.14960629921259844,3,97eef9bf61d78dbe04cb,127,63,0.49606299212598426,127,104,0.8188976377952756,0.9597550306211723,121.88888888888889,0.9773622047244095,124.125
127,8,1016,856,0.84251968503937,160,0.15748031496062992,4,97eef9bf61d78dbe04cb,127,57,0.44881889763779526,127,100,0.7874015748031497,0.952755905511811,121.0,0.9734251968503937,123.625
127,8,1016,885,0.8710629921259843,131,0.12893700787401574,0,988fea42cce728b13a95,127,69,0.5433070866141733,127,112,0.8818897637795275,0.973753280839895,123.66666666666667,0.985236220472441,125.125
127,8,1016,909,0.8946850393700787,107,0.10531496062992125,1,988fea42cce728b13a95,127,77,0.6062992125984252,127,112,0.8818897637795275,0.9737532808398951,123.66666666666667,0.985236220472441,125.125
127,8,1016,862,0.8484251968503937,154,0.1515748031496063,2,988fea42cce728b13a95,127,58,0.4566929133858268,127,101,0.7952755905511811,0.9545056867891514,121.22222222222223,0.9744094488188977,123.75
127,8,1016,822,0.8090551181102362,194,0.19094488188976377,3,988fea42cce728b13a95,127,50,0.3937007874015748,127,100,0.7874015748031497,0.9513560804899388,120.82222222222222,0.9724409448818898,123.5
127,8,1016,812,0.7992125984251969,204,0.20078740157480315,4,988fea42cce728b13a95,127,46,0.36220472440944884,127,103,0.8110236220472441,0.958005249343832,121.66666666666667,0.9763779527559056,124.0
127,8,1016,906,0.8917322834645669,110,0.10826771653543307,0,989223a35c82a9c924d7,127,80,0.6299212598425197,127,115,0.905511811023622,0.9790026246719161,124.33333333333333,0.9881889763779528,125.5
127,8,1016,887,0.8730314960629921,129,0.12696850393700787,1,989223a35c82a9c924d7,127,66,0.5196850393700787,127,111,0.8740157480314961,0.9692038495188101,123.08888888888889,0.9822834645669292,124.75
127,8,1016,861,0.8474409448818898,155,0.15255905511811024,2,989223a35c82a9c924d7,127,66,0.5196850393700787,127,106,0.8346456692913385,0.963254593175853,122.33333333333333,0.9793307086614174,124.375
127,8,1016,828,0.8149606299212598,188,0.18503937007874016,3,989223a35c82a9c924d7,127,52,0.4094488188976378,127,110,0.8661417322834646,0.9702537182852145,123.22222222222223,0.9832677165354331,124.875
127,8,1016,868,0.8543307086614174,148,0.14566929133858267,4,989223a35c82a9c924d7,127,61,0.48031496062992124,127,108,0.8503937007874016,0.9667541557305336,122.77777777777777,0.9812992125984252,124.625
127,8,1016,919,0.9045275590551181,97,0.09547244094488189,0,98b5f162f676011fb726,127,84,0.6614173228346457,127,118,0.9291338582677166,0.984251968503937,125.0,0.9911417322834646,125.875
127,8,1016,863,0.8494094488188977,153,0.15059055118110237,1,98b5f162f676011fb726,127,61,0.48031496062992124,127,112,0.8818897637795275,0.973753280839895,123.66666666666667,0.985236220472441,125.125
127,8,1016,853,0.8395669291338582,163,0.16043307086614172,2,98b5f162f676011fb726,127,61,0.48031496062992124,127,102,0.8031496062992126,0.953455818022747,121.08888888888889,0.9734251968503937,123.625
127,8,1016,792,0.7795275590551181,224,0.2204724409448819,3,98b5f162f676011fb726,127,45,0.3543307086614173,127,97,0.7637795275590551,0.9433070866141731,119.8,0.96751968503937,122.875
127,8,1016,838,0.8248031496062992,178,0.17519685039370078,4,98b5f162f676011fb726,127,54,0.4251968503937008,127,101,0.7952755905511811,0.9489063867016624,120.5111111111111,0.9704724409448819,123.25
69,8,552,503,0.9112318840579711,49,0.08876811594202899,0,98f863bfa0adecb134b6,69,48,0.6956521739130435,69,62,0.8985507246376812,0.9774557165861514,67.44444444444444,0.9873188405797102,68.125
69,8,552,477,0.8641304347826086,75,0.1358695652173913,1,98f863bfa0adecb134b6,69,35,0.5072463768115942,69,61,0.8840579710144928,0.9742351046698874,67.22222222222223,0.9855072463768116,68.0
69,8,552,466,0.8442028985507246,86,0.15579710144927536,2,98f863bfa0adecb134b6,69,31,0.4492753623188406,69,58,0.8405797101449275,0.9645732689210949,66.55555555555556,0.980072463768116,67.625
69,8,552,438,0.7934782608695652,114,0.20652173913043478,3,98f863bfa0adecb134b6,69,25,0.36231884057971014,69,51,0.7391304347826086,0.9394524959742351,64.82222222222222,0.9655797101449275,66.625
69,8,552,445,0.8061594202898551,107,0.19384057971014493,4,98f863bfa0adecb134b6,69,21,0.30434782608695654,69,52,0.7536231884057971,0.9452495974235106,65.22222222222223,0.9692028985507246,66.875
127,8,1016,930,0.9153543307086615,86,0.08464566929133858,0,995ced5a07b811c64ec3,127,88,0.6929133858267716,127,114,0.8976377952755905,0.9772528433945757,124.11111111111111,0.9872047244094488,125.375
127,8,1016,864,0.8503937007874016,152,0.14960629921259844,1,995ced5a07b811c64ec3,127,61,0.48031496062992124,127,105,0.8267716535433071,0.9615048118985128,122.11111111111111,0.9783464566929134,124.25
127,8,1016,854,0.8405511811023622,162,0.1594488188976378,2,995ced5a07b811c64ec3,127,61,0.48031496062992124,127,104,0.8188976377952756,0.9583552055993002,121.71111111111111,0.9763779527559056,124.0
127,8,1016,817,0.8041338582677166,199,0.19586614173228348,3,995ced5a07b811c64ec3,127,49,0.3858267716535433,127,97,0.7637795275590551,0.9461067366579179,120.15555555555555,0.969488188976378,123.125
127,8,1016,860,0.8464566929133859,156,0.15354330708661418,4,995ced5a07b811c64ec3,127,59,0.4645669291338583,127,102,0.8031496062992126,0.9562554680664915,121.44444444444444,0.9753937007874016,123.875
127,8,1016,890,0.8759842519685039,126,0.12401574803149606,0,996641191bc8907bbda6,127,72,0.5669291338582677,127,112,0.8818897637795275,0.973753280839895,123.66666666666667,0.985236220472441,125.125
127,8,1016,881,0.8671259842519685,135,0.1328740157480315,1,996641191bc8907bbda6,127,63,0.49606299212598426,127,106,0.8346456692913385,0.963254593175853,122.33333333333333,0.9793307086614174,124.375
127,8,1016,846,0.8326771653543307,170,0.1673228346456693,2,996641191bc8907bbda6,127,52,0.4094488188976378,127,101,0.7952755905511811,0.9545056867891512,121.22222222222223,0.9744094488188977,123.75
127,8,1016,809,0.7962598425196851,207,0.20374015748031496,3,996641191bc8907bbda6,127,45,0.3543307086614173,127,98,0.7716535433070866,0.9478565179352583,120.37777777777778,0.9704724409448819,123.25
127,8,1016,820,0.8070866141732284,196,0.19291338582677164,4,996641191bc8907bbda6,127,51,0.4015748031496063,127,98,0.7716535433070866,0.9492563429571304,120.55555555555556,0.9714566929133859,123.375
127,8,1016,907,0.8927165354330708,109,0.10728346456692914,0,99a65da76e4ea87b0250,127,73,0.5748031496062992,127,117,0.9212598425196851,0.9825021872265967,124.77777777777777,0.9901574803149606,125.75
127,8,1016,893,0.8789370078740157,123,0.12106299212598425,1,99a65da76e4ea87b0250,127,73,0.5748031496062992,127,110,0.8661417322834646,0.9702537182852145,123.22222222222223,0.9832677165354331,124.875
127,8,1016,863,0.8494094488188977,153,0.15059055118110237,2,99a65da76e4ea87b0250,127,64,0.5039370078740157,127,106,0.8346456692913385,0.963254593175853,122.33333333333333,0.9793307086614174,124.375
127,8,1016,783,0.7706692913385826,233,0.22933070866141733,3,99a65da76e4ea87b0250,127,42,0.33070866141732286,127,100,0.7874015748031497,0.9513560804899389,120.82222222222222,0.9724409448818898,123.5
127,8,1016,853,0.8395669291338582,163,0.16043307086614172,4,99a65da76e4ea87b0250,127,55,0.4330708661417323,127,110,0.8661417322834646,0.9702537182852145,123.22222222222223,0.9832677165354331,124.875
127,8,1016,925,0.9104330708661418,91,0.08956692913385826,0,99a78f400e015cd2fba3,127,88,0.6929133858267716,127,117,0.9212598425196851,0.9825021872265968,124.77777777777777,0.9901574803149606,125.75
127,8,1016,862,0.8484251968503937,154,0.1515748031496063,1,99a78f400e015cd2fba3,127,57,0.44881889763779526,127,102,0.8031496062992126,0.9562554680664916,121.44444444444444,0.9753937007874016,123.875
127,8,1016,836,0.8228346456692913,180,0.17716535433070865,2,99a78f400e015cd2fba3,127,57,0.44881889763779526,127,104,0.8188976377952756,0.9597550306211723,121.88888888888889,0.9773622047244095,124.125
127,8,1016,833,0.8198818897637795,183,0.18011811023622049,3,99a78f400e015cd2fba3,127,46,0.36220472440944884,127,98,0.7716535433070866,0.9492563429571304,120.55555555555556,0.9714566929133859,123.375
127,8,1016,853,0.8395669291338582,163,0.16043307086614172,4,99a78f400e015cd2fba3,127,54,0.4251968503937008,127,101,0.7952755905511811,0.9531058617672792,121.04444444444445,0.9734251968503937,123.625
127,8,1016,896,0.8818897637795275,120,0.11811023622047244,0,99aa773428705b28a4d8,127,73,0.5748031496062992,127,108,0.8503937007874016,0.9667541557305336,122.77777777777777,0.9812992125984252,124.625
127,8,1016,879,0.8651574803149606,137,0.13484251968503938,1,99aa773428705b28a4d8,127,62,0.4881889763779528,127,106,0.8346456692913385,0.9632545931758528,122.33333333333333,0.9793307086614174,124.375
127,8,1016,844,0.8307086614173228,172,0.16929133858267717,2,99aa773428705b28a4d8,127,61,0.48031496062992124,127,107,0.84251968503937,0.9650043744531934,122.55555555555556,0.9803149606299213,124.5
127,8,1016,860,0.8464566929133859,156,0.15354330708661418,3,99aa773428705b28a4d8,127,59,0.4645669291338583,127,100,0.7874015748031497,0.952755905511811,121.0,0.9734251968503937,123.625
127,8,1016,862,0.8484251968503937,154,0.1515748031496063,4,99aa773428705b28a4d8,127,55,0.4330708661417323,127,100,0.7874015748031497,0.952755905511811,121.0,0.9734251968503937,123.625
127,8,1016,917,0.9025590551181102,99,0.09744094488188976,0,99c8e7d0f416023a1076,127,81,0.6377952755905512,127,114,0.8976377952755905,0.9772528433945757,124.11111111111111,0.9872047244094488,125.375
127,8,1016,893,0.8789370078740157,123,0.12106299212598425,1,99c8e7d0f416023a1076,127,71,0.5590551181102362,127,110,0.8661417322834646,0.9702537182852145,123.22222222222223,0.9832677165354331,124.875
127,8,1016,845,0.8316929133858267,171,0.16830708661417323,2,99c8e7d0f416023a1076,127,52,0.4094488188976378,127,101,0.7952755905511811,0.9545056867891514,121.22222222222223,0.9744094488188977,123.75
127,8,1016,811,0.7982283464566929,205,0.2017716535433071,3,99c8e7d0f416023a1076,127,44,0.3464566929133858,127,96,0.7559055118110236,0.9457567804024497,120.11111111111111,0.969488188976378,123.125
127,8,1016,858,0.844488188976378,158,0.15551181102362205,4,99c8e7d0f416023a1076,127,56,0.4409448818897638,127,102,0.8031496062992126,0.9548556430446196,121.26666666666667,0.9744094488188977,123.75
127,8,1016,936,0.9212598425196851,80,0.07874015748031496,0,9a2f9d506b9d5b97607c,127,92,0.7244094488188977,127,117,0.9212598425196851,0.9825021872265967,124.77777777777777,0.9901574803149606,125.75
127,8,1016,857,0.843503937007874,159,0.15649606299212598,1,9a2f9d506b9d5b97607c,127,58,0.4566929133858268,127,112,0.8818897637795275,0.9737532808398951,123.66666666666667,0.985236220472441,125.125
127,8,1016,856,0.84251968503937,160,0.15748031496062992,2,9a2f9d506b9d5b97607c,127,61,0.48031496062992124,127,101,0.7952755905511811,0.9545056867891514,121.22222222222223,0.9744094488188977,123.75
127,8,1016,826,0.812992125984252,190,0.18700787401574803,3,9a2f9d506b9d5b97607c,127,50,0.3937007874015748,127,94,0.7401574803149606,0.9408573928258969,119.4888888888889,0.9665354330708661,122.75
127,8,1016,825,0.812007874015748,191,0.18799212598425197,4,9a2f9d506b9d5b97607c,127,56,0.4409448818897638,127,104,0.8188976377952756,0.9597550306211723,121.88888888888889,0.9773622047244095,124.125
127,8,1016,871,0.8572834645669292,145,0.14271653543307086,0,9a8db0012177e738611b,127,68,0.5354330708661418,127,114,0.8976377952755905,0.9772528433945757,124.11111111111111,0.9872047244094488,125.375
127,8,1016,887,0.8730314960629921,129,0.12696850393700787,1,9a8db0012177e738611b,127,68,0.5354330708661418,127,111,0.8740157480314961,0.9706036745406824,123.26666666666667,0.9832677165354331,124.875
127,8,1016,842,0.8287401574803149,174,0.17125984251968504,2,9a8db0012177e738611b,127,57,0.44881889763779526,127,101,0.7952755905511811,0.9545056867891514,121.22222222222223,0.9744094488188977,123.75
127,8,1016,808,0.7952755905511811,208,0.2047244094488189,3,9a8db0012177e738611b,127,51,0.4015748031496063,127,98,0.7716535433070866,0.9492563429571304,120.55555555555556,0.9714566929133859,123.375
127,8,1016,835,0.8218503937007874,181,0.1781496062992126,4,9a8db0012177e738611b,127,52,0.4094488188976378,127,104,0.8188976377952756,0.9569553805774278,121.53333333333333,0.9753937007874016,123.875
127,8,1016,906,0.8917322834645669,110,0.10826771653543307,0,9a95484e1fd6565bd8c2,127,74,0.5826771653543307,127,109,0.8582677165354331,0.968503937007874,123.0,0.9822834645669292,124.75
127,8,1016,884,0.8700787401574803,132,0.12992125984251968,1,9a95484e1fd6565bd8c2,127,69,0.5433070866141733,127,106,0.8346456692913385,0.9618547681539806,122.15555555555555,0.9783464566929134,124.25
127,8,1016,845,0.8316929133858267,171,0.16830708661417323,2,9a95484e1fd6565bd8c2,127,58,0.4566929133858268,127,104,0.8188976377952756,0.9583552055993002,121.71111111111111,0.9763779527559056,124.0
127,8,1016,794,0.781496062992126,222,0.21850393700787402,3,9a95484e1fd6565bd8c2,127,42,0.33070866141732286,127,90,0.7086614173228346,0.9324584426946632,118.42222222222222,0.9616141732283464,122.125
127,8,1016,808,0.7952755905511811,208,0.2047244094488189,4,9a95484e1fd6565bd8c2,127,46,0.36220472440944884,127,100,0.7874015748031497,0.9527559055118108,121.0,0.9734251968503937,123.625
122,8,976,860,0.8811475409836066,116,0.11885245901639344,0,9ae88093def743519010,122,66,0.5409836065573771,122,107,0.8770491803278688,0.9726775956284155,118.66666666666667,0.9846311475409836,120.125
122,8,976,844,0.8647540983606558,132,0.13524590163934427,1,9ae88093def743519010,122,66,0.5409836065573771,122,111,0.9098360655737705,0.9799635701275047,119.55555555555556,0.9887295081967213,120.625
122,8,976,827,0.8473360655737705,149,0.1526639344262295,2,9ae88093def743519010,122,57,0.4672131147540984,122,103,0.8442622950819673,0.9653916211293261,117.77777777777777,0.9805327868852459,119.625
122,8,976,835,0.8555327868852459,141,0.1444672131147541,3,9ae88093def743519010,122,62,0.5081967213114754,122,98,0.8032786885245902,0.9562841530054645,116.66666666666667,0.9754098360655737,119.0
122,8,976,820,0.8401639344262295,156,0.1598360655737705,4,9ae88093def743519010,122,56,0.45901639344262296,122,104,0.8524590163934426,0.9672131147540983,118.0,0.9815573770491803,119.75
127,8,1016,886,0.8720472440944882,130,0.1279527559055118,0,9b0aaf167f9dba2230dc,127,72,0.5669291338582677,127,113,0.889763779527559,0.9755030621172354,123.88888888888889,0.9862204724409449,125.25
127,8,1016,886,0.8720472440944882,130,0.1279527559055118,1,9b0aaf167f9dba2230dc,127,68,0.5354330708661418,127,108,0.8503937007874016,0.9667541557305336,122.77777777777777,0.9812992125984252,124.625
127,8,1016,852,0.8385826771653543,164,0.16141732283464566,2,9b0aaf167f9dba2230dc,127,54,0.4251968503937008,127,103,0.8110236220472441,0.958005249343832,121.66666666666667,0.9763779527559056,124.0
127,8,1016,779,0.7667322834645669,237,0.23326771653543307,3,9b0aaf167f9dba2230dc,127,40,0.31496062992125984,127,105,0.8267716535433071,0.9615048118985127,122.11111111111111,0.9783464566929134,124.25
127,8,1016,845,0.8316929133858267,171,0.16830708661417323,4,9b0aaf167f9dba2230dc,127,54,0.4251968503937008,127,103,0.8110236220472441,0.958005249343832,121.66666666666667,0.9763779527559056,124.0
127,8,1016,914,0.8996062992125984,102,0.10039370078740158,0,9b621d1a22f073b4a89a,127,78,0.6141732283464567,127,116,0.9133858267716536,0.9807524059492563,124.55555555555556,0.9891732283464567,125.625
127,8,1016,878,0.8641732283464567,138,0.13582677165354332,1,9b621d1a22f073b4a89a,127,66,0.5196850393700787,127,108,0.8503937007874016,0.9667541557305336,122.77777777777777,0.9812992125984252,124.625
127,8,1016,868,0.8543307086614174,148,0.14566929133858267,2,9b621d1a22f073b4a89a,127,65,0.5118110236220472,127,109,0.8582677165354331,0.9671041119860018,122.82222222222222,0.9812992125984252,124.625
127,8,1016,826,0.812992125984252,190,0.18700787401574803,3,9b621d1a22f073b4a89a,127,52,0.4094488188976378,127,95,0.7480314960629921,0.9440069991251093,119.88888888888889,0.968503937007874,123.0
127,8,1016,840,0.8267716535433071,176,0.1732283464566929,4,9b621d1a22f073b4a89a,127,52,0.4094488188976378,127,99,0.7795275590551181,0.9496062992125984,120.6,0.9714566929133859,123.375
127,8,1016,909,0.8946850393700787,107,0.10531496062992125,0,9b99ba5424f38b6a222b,127,81,0.6377952755905512,127,120,0.9448818897637795,0.9877515310586177,125.44444444444444,0.9931102362204725,126.125
127,8,1016,874,0.860236220472441,142,0.13976377952755906,1,9b99ba5424f38b6a222b,127,65,0.5118110236220472,127,110,0.8661417322834646,0.9702537182852145,123.22222222222223,0.9832677165354331,124.875
127,8,1016,861,0.8474409448818898,155,0.15255905511811024,2,9b99ba5424f38b6a222b,127,58,0.4566929133858268,127,104,0.8188976377952756,0.9583552055993,121.71111111111111,0.9763779527559056,124.0
127,8,1016,827,0.8139763779527559,189,0.1860236220472441,3,9b99ba5424f38b6a222b,127,53,0.41732283464566927,127,97,0.7637795275590551,0.9461067366579178,120.15555555555555,0.969488188976378,123.125
127,8,1016,836,0.8228346456692913,180,0.17716535433070865,4,9b99ba5424f38b6a222b,127,49,0.3858267716535433,127,99,0.7795275590551181,0.9496062992125984,120.6,0.9714566929133859,123.375
127,8,1016,898,0.8838582677165354,118,0.11614173228346457,0,9b9b1228a280163107e6,127,75,0.5905511811023622,127,107,0.84251968503937,0.9650043744531932,122.55555555555556,0.9803149606299213,124.5
127,8,1016,831,0.8179133858267716,185,0.18208661417322836,1,9b9b1228a280163107e6,127,54,0.4251968503937008,127,100,0.7874015748031497,0.9485564304461942,120.46666666666667,0.9704724409448819,123.25
127,8,1016,779,0.7667322834645669,237,0.23326771653543307,2,9b9b1228a280163107e6,127,36,0.28346456692913385,127,100,0.7874015748031497,0.952755905511811,121.0,0.9734251968503937,123.625
127,8,1016,774,0.7618110236220472,242,0.23818897637795275,3,9b9b1228a280163107e6,127,38,0.2992125984251969,127,87,0.6850393700787402,0.9286089238845144,117.93333333333334,0.9596456692913385,121.875
127,8,1016,789,0.7765748031496063,227,0.2234251968503937,4,9b9b1228a280163107e6,127,40,0.31496062992125984,127,92,0.7244094488188977,0.9359580052493439,118.86666666666666,0.9635826771653543,122.375
127,8,1016,907,0.8927165354330708,109,0.10728346456692914,0,9bd67e1410071f0d7c35,127,76,0.5984251968503937,127,112,0.8818897637795275,0.973753280839895,123.66666666666667,0.985236220472441,125.125
127,8,1016,891,0.8769685039370079,125,0.12303149606299213,1,9bd67e1410071f0d7c35,127,72,0.5669291338582677,127,114,0.8976377952755905,0.9772528433945757,124.11111111111111,0.9872047244094488,125.375
127,8,1016,867,0.8533464566929134,149,0.1466535433070866,2,9bd67e1410071f0d7c35,127,65,0.5118110236220472,127,108,0.8503937007874016,0.9667541557305337,122.77777777777777,0.9812992125984252,124.625
127,8,1016,815,0.8021653543307087,201,0.19783464566929135,3,9bd67e1410071f0d7c35,127,47,0.3700787401574803,127,109,0.8582677165354331,0.9671041119860018,122.82222222222222,0.9812992125984252,124.625
127,8,1016,850,0.8366141732283464,166,0.16338582677165353,4,9bd67e1410071f0d7c35,127,59,0.4645669291338583,127,103,0.8110236220472441,0.9566054243219598,121.4888888888889,0.9753937007874016,123.875
127,8,1016,915,0.9005905511811023,101,0.09940944881889764,0,9c3f18c58adf55cc27bd,127,85,0.6692913385826772,127,118,0.9291338582677166,0.984251968503937,125.0,0.9911417322834646,125.875
127,8,1016,865,0.8513779527559056,151,0.1486220472440945,1,9c3f18c58adf55cc27bd,127,58,0.4566929133858268,127,107,0.84251968503937,0.9650043744531934,122.55555555555556,0.9803149606299213,124.5
127,8,1016,851,0.8375984251968503,165,0.1624015748031496,2,9c3f18c58adf55cc27bd,127,57,0.44881889763779526,127,101,0.7952755905511811,0.9545056867891513,121.22222222222223,0.9744094488188977,123.75
127,8,1016,794,0.781496062992126,222,0.21850393700787402,3,9c3f18c58adf55cc27bd,127,41,0.3228346456692913,127,95,0.7480314960629921,0.9412073490813648,119.53333333333333,0.9665354330708661,122.75
127,8,1016,824,0.8110236220472441,192,0.1889763779527559,4,9c3f18c58adf55cc27bd,127,57,0.44881889763779526,127,96,0.7559055118110236,0.9443569553805776,119.93333333333334,0.968503937007874,123.0
127,8,1016,898,0.8838582677165354,118,0.11614173228346457,0,9c4082ff8ebaef710bdc,127,75,0.5905511811023622,127,110,0.8661417322834646,0.9702537182852145,123.22222222222223,0.9832677165354331,124.875
127,8,1016,861,0.8474409448818898,155,0.15255905511811024,1,9c4082ff8ebaef710bdc,127,59,0.4645669291338583,127,110,0.8661417322834646,0.9702537182852143,123.22222222222223,0.9832677165354331,124.875
127,8,1016,855,0.8415354330708661,161,0.15846456692913385,2,9c4082ff8ebaef710bdc,127,62,0.4881889763779528,127,103,0.8110236220472441,0.9580052493438321,121.66666666666667,0.9763779527559056,124.0
127,8,1016,825,0.812007874015748,191,0.18799212598425197,3,9c4082ff8ebaef710bdc,127,51,0.4015748031496063,127,99,0.7795275590551181,0.9482064741907261,120.42222222222222,0.9704724409448819,123.25
127,8,1016,817,0.8041338582677166,199,0.19586614173228348,4,9c4082ff8ebaef710bdc,127,49,0.3858267716535433,127,97,0.7637795275590551,0.9461067366579179,120.15555555555555,0.969488188976378,123.125
127,8,1016,876,0.8622047244094488,140,0.1377952755905512,0,9c52346bbd0ac398b927,127,65,0.5118110236220472,127,116,0.9133858267716536,0.9807524059492564,124.55555555555556,0.9891732283464567,125.625
127,8,1016,882,0.8681102362204725,134,0.13188976377952755,1,9c52346bbd0ac398b927,127,67,0.5275590551181102,127,112,0.8818897637795275,0.9737532808398951,123.66666666666667,0.985236220472441,125.125
127,8,1016,831,0.8179133858267716,185,0.18208661417322836,2,9c52346bbd0ac398b927,127,55,0.4330708661417323,127,100,0.7874015748031497,0.9513560804899388,120.82222222222222,0.9724409448818898,123.5
127,8,1016,826,0.812992125984252,190,0.18700787401574803,3,9c52346bbd0ac398b927,127,53,0.41732283464566927,127,104,0.8188976377952756,0.9597550306211723,121.88888888888889,0.9773622047244095,124.125
127,8,1016,845,0.8316929133858267,171,0.16830708661417323,4,9c52346bbd0ac398b927,127,57,0.44881889763779526,127,104,0.8188976377952756,0.9597550306211723,121.88888888888889,0.9773622047244095,124.125
127,8,1016,911,0.8966535433070866,105,0.10334645669291338,0,9c9d0d55e64f4de84a34,127,79,0.6220472440944882,127,116,0.9133858267716536,0.9807524059492565,124.55555555555556,0.9891732283464567,125.625
127,8,1016,872,0.8582677165354331,144,0.14173228346456693,1,9c9d0d55e64f4de84a34,127,70,0.5511811023622047,127,105,0.8267716535433071,0.9587051618547682,121.75555555555556,0.9763779527559056,124.0
127,8,1016,832,0.8188976377952756,184,0.18110236220472442,2,9c9d0d55e64f4de84a34,127,47,0.3700787401574803,127,94,0.7401574803149606,0.942257217847769,119.66666666666667,0.96751968503937,122.875
127,8,1016,814,0.8011811023622047,202,0.19881889763779528,3,9c9d0d55e64f4de84a34,127,50,0.3937007874015748,127,92,0.7244094488188977,0.9373578302712161,119.04444444444445,0.9645669291338582,122.5
127,8,1016,862,0.8484251968503937,154,0.1515748031496063,4,9c9d0d55e64f4de84a34,127,67,0.5275590551181102,127,110,0.8661417322834646,0.9688538932633421,123.04444444444445,0.9822834645669292,124.75
100,8,800,721,0.90125,79,0.09875,0,9cb01dd67c3fba73b586,100,63,0.63,100,86,0.86,0.9688888888888889,96.88888888888889,0.9825,98.25
100,8,800,724,0.905,76,0.095,1,9cb01dd67c3fba73b586,100,63,0.63,100,90,0.9,0.976,97.6,0.98625,98.625
100,8,800,699,0.87375,101,0.12625,2,9cb01dd67c3fba73b586,100,57,0.57,100,87,0.87,0.9711111111111111,97.11111111111111,0.98375,98.375
100,8,800,650,0.8125,150,0.1875,3,9cb01dd67c3fba73b586,100,46,0.46,100,88,0.88,0.9715555555555556,97.15555555555555,0.98375,98.375
100,8,800,685,0.85625,115,0.14375,4,9cb01dd67c3fba73b586,100,48,0.48,100,83,0.83,0.9604444444444442,96.04444444444445,0.9775,97.75
127,8,1016,891,0.8769685039370079,125,0.12303149606299213,0,9cf343b1c0185f983372,127,77,0.6062992125984252,127,116,0.9133858267716536,0.9807524059492565,124.55555555555556,0.9891732283464567,125.625
127,8,1016,869,0.8553149606299213,147,0.14468503937007873,1,9cf343b1c0185f983372,127,62,0.4881889763779528,127,115,0.905511811023622,0.9776027996500437,124.15555555555555,0.9872047244094488,125.375
127,8,1016,842,0.8287401574803149,174,0.17125984251968504,2,9cf343b1c0185f983372,127,50,0.3937007874015748,127,101,0.7952755905511811,0.9545056867891513,121.22222222222223,0.9744094488188977,123.75
127,8,1016,786,0.7736220472440944,230,0.2263779527559055,3,9cf343b1c0185f983372,127,42,0.33070866141732286,127,92,0.7244094488188977,0.9373578302712161,119.04444444444445,0.9645669291338582,122.5
127,8,1016,808,0.7952755905511811,208,0.2047244094488189,4,9cf343b1c0185f983372,127,45,0.3543307086614173,127,104,0.8188976377952756,0.9597550306211723,121.88888888888889,0.9773622047244095,124.125
127,8,1016,908,0.8937007874015748,108,0.1062992125984252,0,9d063fad8bdbf2e4c12e,127,76,0.5984251968503937,127,111,0.8740157480314961,0.9720034995625547,123.44444444444444,0.984251968503937,125.0
127,8,1016,873,0.859251968503937,143,0.140748031496063,1,9d063fad8bdbf2e4c12e,127,61,0.48031496062992124,127,110,0.8661417322834646,0.9688538932633421,123.04444444444445,0.9822834645669292,124.75
127,8,1016,885,0.8710629921259843,131,0.12893700787401574,2,9d063fad8bdbf2e4c12e,127,69,0.5433070866141733,127,107,0.84251968503937,0.9650043744531933,122.55555555555556,0.9803149606299213,124.5
127,8,1016,843,0.8297244094488189,173,0.1702755905511811,3,9d063fad8bdbf2e4c12e,127,52,0.4094488188976378,127,96,0.7559055118110236,0.9457567804024497,120.11111111111111,0.969488188976378,123.125
127,8,1016,836,0.8228346456692913,180,0.17716535433070865,4,9d063fad8bdbf2e4c12e,127,55,0.4330708661417323,127,106,0.8346456692913385,0.963254593175853,122.33333333333333,0.9793307086614174,124.375
127,8,1016,929,0.9143700787401575,87,0.08562992125984252,0,9d4b803381a48c580983,127,90,0.7086614173228346,127,116,0.9133858267716536,0.9807524059492564,124.55555555555556,0.9891732283464567,125.625
127,8,1016,889,0.875,127,0.125,1,9d4b803381a48c580983,127,65,0.5118110236220472,127,111,0.8740157480314961,0.9720034995625548,123.44444444444444,0.984251968503937,125.0
127,8,1016,853,0.8395669291338582,163,0.16043307086614172,2,9d4b803381a48c580983,127,57,0.44881889763779526,127,110,0.8661417322834646,0.9688538932633421,123.04444444444445,0.9822834645669292,124.75
127,8,1016,821,0.8080708661417323,195,0.1919291338582677,3,9d4b803381a48c580983,127,45,0.3543307086614173,127,99,0.7795275590551181,0.9482064741907261,120.42222222222222,0.9704724409448819,123.25
127,8,1016,791,0.7785433070866141,225,0.22145669291338582,4,9d4b803381a48c580983,127,44,0.3464566929133858,127,97,0.7637795275590551,0.9475065616797899,120.33333333333333,0.9704724409448819,123.25
1,8,8,7,0.875,1,0.125,0,9d54838f66bf62752beb,1,0,0.0,1,0,0.0,0.7777777777777778,0.7777777777777778,0.875,0.875
1,8,8,5,0.625,3,0.375,1,9d54838f66bf62752beb,1,0,0.0,1,0,0.0,0.7777777777777778,0.7777777777777778,0.875,0.875
1,8,8,8,1.0,0,0.0,2,9d54838f66bf62752beb,1,1,1.0,1,1,1.0,1.0,1.0,1.0,1.0
1,8,8,3,0.375,5,0.625,3,9d54838f66bf62752beb,1,0,0.0,1,0,0.0,0.6,0.6,0.75,0.75
1,8,8,5,0.625,3,0.375,4,9d54838f66bf62752beb,1,0,0.0,1,0,0.0,0.7777777777777778,0.7777777777777778,0.875,0.875
127,8,1016,881,0.8671259842519685,135,0.1328740157480315,0,9d869805c2a756f51c65,127,65,0.5118110236220472,127,105,0.8267716535433071,0.9601049868766406,121.93333333333334,0.9773622047244095,124.125
127,8,1016,889,0.875,127,0.125,1,9d869805c2a756f51c65,127,66,0.5196850393700787,127,103,0.8110236220472441,0.958005249343832,121.66666666666667,0.9763779527559056,124.0
127,8,1016,848,0.8346456692913385,168,0.16535433070866143,2,9d869805c2a756f51c65,127,54,0.4251968503937008,127,104,0.8188976377952756,0.9583552055993001,121.71111111111111,0.9763779527559056,124.0
127,8,1016,821,0.8080708661417323,195,0.1919291338582677,3,9d869805c2a756f51c65,127,47,0.3700787401574803,127,108,0.8503937007874016,0.9667541557305337,122.77777777777777,0.9812992125984252,124.625
127,8,1016,820,0.8070866141732284,196,0.19291338582677164,4,9d869805c2a756f51c65,127,47,0.3700787401574803,127,98,0.7716535433070866,0.9492563429571302,120.55555555555556,0.9714566929133859,123.375
127,8,1016,900,0.8858267716535433,116,0.1141732283464567,0,9e05735e2b489e577b8d,127,73,0.5748031496062992,127,113,0.889763779527559,0.9755030621172355,123.88888888888889,0.9862204724409449,125.25
127,8,1016,899,0.8848425196850394,117,0.11515748031496063,1,9e05735e2b489e577b8d,127,72,0.5669291338582677,127,109,0.8582677165354331,0.968503937007874,123.0,0.9822834645669292,124.75
127,8,1016,837,0.8238188976377953,179,0.17618110236220472,2,9e05735e2b489e577b8d,127,53,0.41732283464566927,127,98,0.7716535433070866,0.9492563429571304,120.55555555555556,0.9714566929133859,123.375
127,8,1016,810,0.797244094488189,206,0.20275590551181102,3,9e05735e2b489e577b8d,127,46,0.36220472440944884,127,98,0.7716535433070866,0.9492563429571305,120.55555555555556,0.9714566929133859,123.375
127,8,1016,836,0.8228346456692913,180,0.17716535433070865,4,9e05735e2b489e577b8d,127,53,0.41732283464566927,127,99,0.7795275590551181,0.9510061242344706,120.77777777777777,0.9724409448818898,123.5
127,8,1016,912,0.8976377952755905,104,0.10236220472440945,0,9e12983f7b0c36eb5311,127,78,0.6141732283464567,127,112,0.8818897637795275,0.973753280839895,123.66666666666667,0.985236220472441,125.125
127,8,1016,870,0.8562992125984252,146,0.1437007874015748,1,9e12983f7b0c36eb5311,127,61,0.48031496062992124,127,105,0.8267716535433071,0.9615048118985127,122.11111111111111,0.9783464566929134,124.25
127,8,1016,833,0.8198818897637795,183,0.18011811023622049,2,9e12983f7b0c36eb5311,127,54,0.4251968503937008,127,101,0.7952755905511811,0.9517060367454069,120.86666666666666,0.9724409448818898,123.5
127,8,1016,792,0.7795275590551181,224,0.2204724409448819,3,9e12983f7b0c36eb5311,127,41,0.3228346456692913,127,102,0.8031496062992126,0.953455818022747,121.08888888888889,0.9734251968503937,123.625
127,8,1016,794,0.781496062992126,222,0.21850393700787402,4,9e12983f7b0c36eb5311,127,51,0.4015748031496063,127,92,0.7244094488188977,0.9387576552930884,119.22222222222223,0.9655511811023622,122.625
127,8,1016,895,0.8809055118110236,121,0.11909448818897637,0,9e2e70e523e9c354fe93,127,74,0.5826771653543307,127,114,0.8976377952755905,0.9772528433945757,124.11111111111111,0.9872047244094488,125.375
127,8,1016,886,0.8720472440944882,130,0.1279527559055118,1,9e2e70e523e9c354fe93,127,69,0.5433070866141733,127,112,0.8818897637795275,0.9737532808398951,123.66666666666667,0.985236220472441,125.125
127,8,1016,852,0.8385826771653543,164,0.16141732283464566,2,9e2e70e523e9c354fe93,127,57,0.44881889763779526,127,100,0.7874015748031497,0.9513560804899387,120.82222222222222,0.9724409448818898,123.5
127,8,1016,800,0.7874015748031497,216,0.2125984251968504,3,9e2e70e523e9c354fe93,127,46,0.36220472440944884,127,98,0.7716535433070866,0.9492563429571302,120.55555555555556,0.9714566929133859,123.375
127,8,1016,823,0.8100393700787402,193,0.18996062992125984,4,9e2e70e523e9c354fe93,127,49,0.3858267716535433,127,92,0.7244094488188977,0.9387576552930884,119.22222222222223,0.9655511811023622,122.625
127,8,1016,928,0.9133858267716536,88,0.08661417322834646,0,9e51bbcb1de85a3769a5,127,86,0.6771653543307087,127,115,0.905511811023622,0.979002624671916,124.33333333333333,0.9881889763779528,125.5
127,8,1016,889,0.875,127,0.125,1,9e51bbcb1de85a3769a5,127,69,0.5433070866141733,127,111,0.8740157480314961,0.9720034995625546,123.44444444444444,0.984251968503937,125.0
127,8,1016,869,0.8553149606299213,147,0.14468503937007873,2,9e51bbcb1de85a3769a5,127,61,0.48031496062992124,127,110,0.8661417322834646,0.9702537182852145,123.22222222222223,0.9832677165354331,124.875
127,8,1016,833,0.8198818897637795,183,0.18011811023622049,3,9e51bbcb1de85a3769a5,127,52,0.4094488188976378,127,103,0.8110236220472441,0.9566054243219597,121.4888888888889,0.9753937007874016,123.875
127,8,1016,849,0.8356299212598425,167,0.1643700787401575,4,9e51bbcb1de85a3769a5,127,54,0.4251968503937008,127,105,0.8267716535433071,0.9615048118985127,122.11111111111111,0.9783464566929134,124.25
127,8,1016,899,0.8848425196850394,117,0.11515748031496063,0,9e57e7c149c2525e0d02,127,79,0.6220472440944882,127,119,0.937007874015748,0.9860017497812774,125.22222222222223,0.9921259842519685,126.0
127,8,1016,889,0.875,127,0.125,1,9e57e7c149c2525e0d02,127,62,0.4881889763779528,127,101,0.7952755905511811,0.9545056867891513,121.22222222222223,0.9744094488188977,123.75
127,8,1016,853,0.8395669291338582,163,0.16043307086614172,2,9e57e7c149c2525e0d02,127,57,0.44881889763779526,127,105,0.8267716535433071,0.9587051618547681,121.75555555555556,0.9763779527559056,124.0
127,8,1016,833,0.8198818897637795,183,0.18011811023622049,3,9e57e7c149c2525e0d02,127,56,0.4409448818897638,127,103,0.8110236220472441,0.9566054243219597,121.4888888888889,0.9753937007874016,123.875
127,8,1016,806,0.7933070866141733,210,0.20669291338582677,4,9e57e7c149c2525e0d02,127,45,0.3543307086614173,127,101,0.7952755905511811,0.9545056867891514,121.22222222222223,0.9744094488188977,123.75
127,8,1016,905,0.890748031496063,111,0.10925196850393701,0,9e91e83c475e55620bed,127,79,0.6220472440944882,127,118,0.9291338582677166,0.984251968503937,125.0,0.9911417322834646,125.875
127,8,1016,866,0.8523622047244095,150,0.14763779527559054,1,9e91e83c475e55620bed,127,66,0.5196850393700787,127,115,0.905511811023622,0.9790026246719161,124.33333333333333,0.9881889763779528,125.5
127,8,1016,856,0.84251968503937,160,0.15748031496062992,2,9e91e83c475e55620bed,127,56,0.4409448818897638,127,109,0.8582677165354331,0.968503937007874,123.0,0.9822834645669292,124.75
127,8,1016,795,0.78248031496063,221,0.21751968503937008,3,9e91e83c475e55620bed,127,48,0.3779527559055118,127,97,0.7637795275590551,0.9461067366579177,120.15555555555555,0.969488188976378,123.125
127,8,1016,812,0.7992125984251969,204,0.20078740157480315,4,9e91e83c475e55620bed,127,49,0.3858267716535433,127,100,0.7874015748031497,0.952755905511811,121.0,0.9734251968503937,123.625
127,8,1016,911,0.8966535433070866,105,0.10334645669291338,0,9ecd0e9fec1ac918ebde,127,77,0.6062992125984252,127,113,0.889763779527559,0.9755030621172354,123.88888888888889,0.9862204724409449,125.25
127,8,1016,886,0.8720472440944882,130,0.1279527559055118,1,9ecd0e9fec1ac918ebde,127,71,0.5590551181102362,127,111,0.8740157480314961,0.9706036745406823,123.26666666666667,0.9832677165354331,124.875
127,8,1016,826,0.812992125984252,190,0.18700787401574803,2,9ecd0e9fec1ac918ebde,127,51,0.4015748031496063,127,101,0.7952755905511811,0.9545056867891513,121.22222222222223,0.9744094488188977,123.75
127,8,1016,814,0.8011811023622047,202,0.19881889763779528,3,9ecd0e9fec1ac918ebde,127,48,0.3779527559055118,127,106,0.8346456692913385,0.9618547681539809,122.15555555555555,0.9783464566929134,124.25
127,8,1016,848,0.8346456692913385,168,0.16535433070866143,4,9ecd0e9fec1ac918ebde,127,63,0.49606299212598426,127,100,0.7874015748031497,0.9513560804899388,120.82222222222222,0.9724409448818898,123.5
127,8,1016,912,0.8976377952755905,104,0.10236220472440945,0,9f22b2d409a204396384,127,79,0.6220472440944882,127,112,0.8818897637795275,0.9723534558180228,123.4888888888889,0.984251968503937,125.0
127,8,1016,840,0.8267716535433071,176,0.1732283464566929,1,9f22b2d409a204396384,127,53,0.41732283464566927,127,107,0.84251968503937,0.9650043744531933,122.55555555555556,0.9803149606299213,124.5
127,8,1016,868,0.8543307086614174,148,0.14566929133858267,2,9f22b2d409a204396384,127,63,0.49606299212598426,127,105,0.8267716535433071,0.9601049868766405,121.93333333333334,0.9773622047244095,124.125
127,8,1016,792,0.7795275590551181,224,0.2204724409448819,3,9f22b2d409a204396384,127,39,0.30708661417322836,127,102,0.8031496062992126,0.9562554680664918,121.44444444444444,0.9753937007874016,123.875
127,8,1016,834,0.8208661417322834,182,0.17913385826771652,4,9f22b2d409a204396384,127,53,0.41732283464566927,127,99,0.7795275590551181,0.9510061242344706,120.77777777777777,0.9724409448818898,123.5
127,8,1016,919,0.9045275590551181,97,0.09547244094488189,0,9f7c3794d470a93e2b55,127,81,0.6377952755905512,127,114,0.8976377952755905,0.9772528433945757,124.11111111111111,0.9872047244094488,125.375
127,8,1016,874,0.860236220472441,142,0.13976377952755906,1,9f7c3794d470a93e2b55,127,61,0.48031496062992124,127,109,0.8582677165354331,0.968503937007874,123.0,0.9822834645669292,124.75
127,8,1016,845,0.8316929133858267,171,0.16830708661417323,2,9f7c3794d470a93e2b55,127,58,0.4566929133858268,127,105,0.8267716535433071,0.9601049868766405,121.93333333333334,0.9773622047244095,124.125
127,8,1016,811,0.7982283464566929,205,0.2017716535433071,3,9f7c3794d470a93e2b55,127,43,0.33858267716535434,127,101,0.7952755905511811,0.9517060367454069,120.86666666666666,0.9724409448818898,123.5
127,8,1016,810,0.797244094488189,206,0.20275590551181102,4,9f7c3794d470a93e2b55,127,51,0.4015748031496063,127,98,0.7716535433070866,0.9464566929133857,120.2,0.969488188976378,123.125
127,8,1016,903,0.8887795275590551,113,0.11122047244094488,0,9fe5ec46337e59f8a266,127,76,0.5984251968503937,127,114,0.8976377952755905,0.9772528433945757,124.11111111111111,0.9872047244094488,125.375
127,8,1016,898,0.8838582677165354,118,0.11614173228346457,1,9fe5ec46337e59f8a266,127,72,0.5669291338582677,127,113,0.889763779527559,0.9755030621172354,123.88888888888889,0.9862204724409449,125.25
127,8,1016,844,0.8307086614173228,172,0.16929133858267717,2,9fe5ec46337e59f8a266,127,57,0.44881889763779526,127,105,0.8267716535433071,0.9615048118985127,122.11111111111111,0.9783464566929134,124.25
127,8,1016,787,0.7746062992125984,229,0.22539370078740156,3,9fe5ec46337e59f8a266,127,38,0.2992125984251969,127,103,0.8110236220472441,0.9580052493438319,121.66666666666667,0.9763779527559056,124.0
127,8,1016,835,0.8218503937007874,181,0.1781496062992126,4,9fe5ec46337e59f8a266,127,55,0.4330708661417323,127,101,0.7952755905511811,0.9517060367454067,120.86666666666666,0.9724409448818898,123.5
127,8,1016,885,0.8710629921259843,131,0.12893700787401574,0,a0318b7ae7b1f1b1216e,127,71,0.5590551181102362,127,111,0.8740157480314961,0.9720034995625548,123.44444444444444,0.984251968503937,125.0
127,8,1016,889,0.875,127,0.125,1,a0318b7ae7b1f1b1216e,127,71,0.5590551181102362,127,113,0.889763779527559,0.9755030621172354,123.88888888888889,0.9862204724409449,125.25
127,8,1016,846,0.8326771653543307,170,0.1673228346456693,2,a0318b7ae7b1f1b1216e,127,59,0.4645669291338583,127,103,0.8110236220472441,0.9552055993000874,121.31111111111112,0.9744094488188977,123.75
127,8,1016,793,0.780511811023622,223,0.21948818897637795,3,a0318b7ae7b1f1b1216e,127,45,0.3543307086614173,127,97,0.7637795275590551,0.9447069116360455,119.97777777777777,0.968503937007874,123.0
127,8,1016,843,0.8297244094488189,173,0.1702755905511811,4,a0318b7ae7b1f1b1216e,127,57,0.44881889763779526,127,102,0.8031496062992126,0.953455818022747,121.08888888888889,0.9734251968503937,123.625
127,8,1016,913,0.8986220472440944,103,0.10137795275590551,0,a0908cbd942c7afba57f,127,81,0.6377952755905512,127,112,0.8818897637795275,0.9737532808398951,123.66666666666667,0.985236220472441,125.125
127,8,1016,870,0.8562992125984252,146,0.1437007874015748,1,a0908cbd942c7afba57f,127,60,0.47244094488188976,127,110,0.8661417322834646,0.9702537182852145,123.22222222222223,0.9832677165354331,124.875
127,8,1016,858,0.844488188976378,158,0.15551181102362205,2,a0908cbd942c7afba57f,127,63,0.49606299212598426,127,111,0.8740157480314961,0.9720034995625547,123.44444444444444,0.984251968503937,125.0
127,8,1016,803,0.7903543307086615,213,0.20964566929133857,3,a0908cbd942c7afba57f,127,44,0.3464566929133858,127,96,0.7559055118110236,0.9457567804024497,120.11111111111111,0.969488188976378,123.125
127,8,1016,826,0.812992125984252,190,0.18700787401574803,4,a0908cbd942c7afba57f,127,52,0.4094488188976378,127,98,0.7716535433070866,0.947856517935258,120.37777777777778,0.9704724409448819,123.25
127,8,1016,910,0.8956692913385826,106,0.10433070866141732,0,a0af2e54f7e8536888b7,127,80,0.6299212598425197,127,113,0.889763779527559,0.9755030621172354,123.88888888888889,0.9862204724409449,125.25
127,8,1016,883,0.8690944881889764,133,0.1309055118110236,1,a0af2e54f7e8536888b7,127,68,0.5354330708661418,127,103,0.8110236220472441,0.9580052493438319,121.66666666666667,0.9763779527559056,124.0
127,8,1016,811,0.7982283464566929,205,0.2017716535433071,2,a0af2e54f7e8536888b7,127,46,0.36220472440944884,127,103,0.8110236220472441,0.9566054243219598,121.4888888888889,0.9753937007874016,123.875
127,8,1016,818,0.8051181102362205,198,0.19488188976377951,3,a0af2e54f7e8536888b7,127,50,0.3937007874015748,127,100,0.7874015748031497,0.9513560804899388,120.82222222222222,0.9724409448818898,123.5
127,8,1016,872,0.8582677165354331,144,0.14173228346456693,4,a0af2e54f7e8536888b7,127,59,0.4645669291338583,127,110,0.8661417322834646,0.9702537182852145,123.22222222222223,0.9832677165354331,124.875
104,8,832,737,0.8858173076923077,95,0.1141826923076923,0,a0ef74c9f5c4cdfb5339,104,63,0.6057692307692307,104,89,0.8557692307692307,0.9662393162393162,100.4888888888889,0.9807692307692307,102.0
104,8,832,751,0.9026442307692307,81,0.09735576923076923,1,a0ef74c9f5c4cdfb5339,104,67,0.6442307692307693,104,91,0.875,0.9722222222222222,101.11111111111111,0.984375,102.375
104,8,832,703,0.8449519230769231,129,0.15504807692307693,2,a0ef74c9f5c4cdfb5339,104,48,0.46153846153846156,104,85,0.8173076923076923,0.9594017094017094,99.77777777777777,0.9771634615384616,101.625
104,8,832,709,0.8521634615384616,123,0.14783653846153846,3,a0ef74c9f5c4cdfb5339,104,47,0.4519230769230769,104,80,0.7692307692307693,0.9452991452991453,98.31111111111112,0.96875,100.75
104,8,832,689,0.828125,143,0.171875,4,a0ef74c9f5c4cdfb5339,104,51,0.49038461538461536,104,88,0.8461538461538461,0.9641025641025642,100.26666666666667,0.9795673076923077,101.875
127,8,1016,887,0.8730314960629921,129,0.12696850393700787,0,a22087cc4b0a48639766,127,70,0.5511811023622047,127,120,0.9448818897637795,0.9877515310586178,125.44444444444444,0.9931102362204725,126.125
127,8,1016,889,0.875,127,0.125,1,a22087cc4b0a48639766,127,72,0.5669291338582677,127,111,0.8740157480314961,0.9720034995625546,123.44444444444444,0.984251968503937,125.0
127,8,1016,845,0.8316929133858267,171,0.16830708661417323,2,a22087cc4b0a48639766,127,54,0.4251968503937008,127,99,0.7795275590551181,0.9510061242344706,120.77777777777777,0.9724409448818898,123.5
127,8,1016,810,0.797244094488189,206,0.20275590551181102,3,a22087cc4b0a48639766,127,44,0.3464566929133858,127,98,0.7716535433070866,0.9492563429571302,120.55555555555556,0.9714566929133859,123.375
127,8,1016,822,0.8090551181102362,194,0.19094488188976377,4,a22087cc4b0a48639766,127,55,0.4330708661417323,127,105,0.8267716535433071,0.9601049868766404,121.93333333333334,0.9773622047244095,124.125
127,8,1016,893,0.8789370078740157,123,0.12106299212598425,0,a2cb8e5fe9bfcdf09c2e,127,68,0.5354330708661418,127,109,0.8582677165354331,0.968503937007874,123.0,0.9822834645669292,124.75
127,8,1016,877,0.8631889763779528,139,0.13681102362204725,1,a2cb8e5fe9bfcdf09c2e,127,61,0.48031496062992124,127,111,0.8740157480314961,0.9720034995625548,123.44444444444444,0.984251968503937,125.0
127,8,1016,829,0.8159448818897638,187,0.18405511811023623,2,a2cb8e5fe9bfcdf09c2e,127,48,0.3779527559055118,127,102,0.8031496062992126,0.9562554680664915,121.44444444444444,0.9753937007874016,123.875
127,8,1016,837,0.8238188976377953,179,0.17618110236220472,3,a2cb8e5fe9bfcdf09c2e,127,52,0.4094488188976378,127,102,0.8031496062992126,0.9562554680664916,121.44444444444444,0.9753937007874016,123.875
127,8,1016,792,0.7795275590551181,224,0.2204724409448819,4,a2cb8e5fe9bfcdf09c2e,127,43,0.33858267716535434,127,94,0.7401574803149606,0.9394575678040246,119.31111111111112,0.9655511811023622,122.625
127,8,1016,912,0.8976377952755905,104,0.10236220472440945,0,a2fc1379dfee4e2b71bb,127,81,0.6377952755905512,127,114,0.8976377952755905,0.9772528433945757,124.11111111111111,0.9872047244094488,125.375
127,8,1016,867,0.8533464566929134,149,0.1466535433070866,1,a2fc1379dfee4e2b71bb,127,64,0.5039370078740157,127,110,0.8661417322834646,0.9702537182852145,123.22222222222223,0.9832677165354331,124.875
127,8,1016,820,0.8070866141732284,196,0.19291338582677164,2,a2fc1379dfee4e2b71bb,127,50,0.3937007874015748,127,98,0.7716535433070866,0.947856517935258,120.37777777777778,0.9704724409448819,123.25
127,8,1016,805,0.7923228346456693,211,0.2076771653543307,3,a2fc1379dfee4e2b71bb,127,48,0.3779527559055118,127,98,0.7716535433070866,0.947856517935258,120.37777777777778,0.9704724409448819,123.25
127,8,1016,832,0.8188976377952756,184,0.18110236220472442,4,a2fc1379dfee4e2b71bb,127,52,0.4094488188976378,127,108,0.8503937007874016,0.9667541557305336,122.77777777777777,0.9812992125984252,124.625
127,8,1016,920,0.905511811023622,96,0.09448818897637795,0,a2fc55a2e666bdc1eaec,127,81,0.6377952755905512,127,108,0.8503937007874016,0.9667541557305337,122.77777777777777,0.9812992125984252,124.625
127,8,1016,817,0.8041338582677166,199,0.19586614173228348,1,a2fc55a2e666bdc1eaec,127,44,0.3464566929133858,127,93,0.7322834645669292,0.9405074365704288,119.44444444444444,0.9665354330708661,122.75
127,8,1016,798,0.7854330708661418,218,0.21456692913385828,2,a2fc55a2e666bdc1eaec,127,44,0.3464566929133858,127,96,0.7559055118110236,0.9401574803149606,119.4,0.9655511811023622,122.625
127,8,1016,699,0.687992125984252,317,0.31200787401574803,3,a2fc55a2e666bdc1eaec,127,24,0.1889763779527559,127,86,0.6771653543307087,0.9243140062037699,117.38787878787879,0.9566929133858267,121.5
127,8,1016,748,0.7362204724409449,268,0.2637795275590551,4,a2fc55a2e666bdc1eaec,127,33,0.25984251968503935,127,94,0.7401574803149606,0.9394575678040246,119.31111111111112,0.9655511811023622,122.625
127,8,1016,896,0.8818897637795275,120,0.11811023622047244,0,a301ba74b17f06f7166b,127,71,0.5590551181102362,127,115,0.905511811023622,0.9790026246719161,124.33333333333333,0.9881889763779528,125.5
127,8,1016,897,0.8828740157480315,119,0.1171259842519685,1,a301ba74b17f06f7166b,127,75,0.5905511811023622,127,112,0.8818897637795275,0.973753280839895,123.66666666666667,0.985236220472441,125.125
127,8,1016,858,0.844488188976378,158,0.15551181102362205,2,a301ba74b17f06f7166b,127,59,0.4645669291338583,127,102,0.8031496062992126,0.9562554680664918,121.44444444444444,0.9753937007874016,123.875
127,8,1016,814,0.8011811023622047,202,0.19881889763779528,3,a301ba74b17f06f7166b,127,47,0.3700787401574803,127,97,0.7637795275590551,0.9461067366579178,120.15555555555555,0.969488188976378,123.125
127,8,1016,824,0.8110236220472441,192,0.1889763779527559,4,a301ba74b17f06f7166b,127,56,0.4409448818897638,127,107,0.84251968503937,0.963604549431321,122.37777777777778,0.9793307086614174,124.375
103,8,824,728,0.883495145631068,96,0.11650485436893204,0,a349a39549bc82697949,103,62,0.6019417475728155,103,90,0.8737864077669902,0.9719525350593312,100.11111111111111,0.9842233009708737,101.375
103,8,824,735,0.8919902912621359,89,0.10800970873786407,1,a349a39549bc82697949,103,62,0.6019417475728155,103,92,0.8932038834951457,0.976267529665588,100.55555555555556,0.9866504854368932,101.625
103,8,824,697,0.845873786407767,127,0.154126213592233,2,a349a39549bc82697949,103,47,0.4563106796116505,103,82,0.7961165048543689,0.9546925566343042,98.33333333333333,0.9745145631067961,100.375
103,8,824,662,0.8033980582524272,162,0.1966019417475728,3,a349a39549bc82697949,103,32,0.3106796116504854,103,76,0.7378640776699029,0.9417475728155339,97.0,0.9672330097087378,99.625
103,8,824,670,0.8131067961165048,154,0.18689320388349515,4,a349a39549bc82697949,103,44,0.42718446601941745,103,81,0.7864077669902912,0.950809061488673,97.93333333333334,0.9720873786407767,100.125
127,8,1016,879,0.8651574803149606,137,0.13484251968503938,0,a39af40725e29a05b750,127,69,0.5433070866141733,127,112,0.8818897637795275,0.973753280839895,123.66666666666667,0.985236220472441,125.125
127,8,1016,890,0.8759842519685039,126,0.12401574803149606,1,a39af40725e29a05b750,127,65,0.5118110236220472,127,108,0.8503937007874016,0.9667541557305336,122.77777777777777,0.9812992125984252,124.625
127,8,1016,839,0.8257874015748031,177,0.17421259842519685,2,a39af40725e29a05b750,127,52,0.4094488188976378,127,108,0.8503937007874016,0.9667541557305336,122.77777777777777,0.9812992125984252,124.625
127,8,1016,806,0.7933070866141733,210,0.20669291338582677,3,a39af40725e29a05b750,127,47,0.3700787401574803,127,97,0.7637795275590551,0.94750656167979,120.33333333333333,0.9704724409448819,123.25
127,8,1016,834,0.8208661417322834,182,0.17913385826771652,4,a39af40725e29a05b750,127,57,0.44881889763779526,127,100,0.7874015748031497,0.952755905511811,121.0,0.9734251968503937,123.625
127,8,1016,919,0.9045275590551181,97,0.09547244094488189,0,a3b49ca38174e5ad8261,127,81,0.6377952755905512,127,113,0.889763779527559,0.9755030621172355,123.88888888888889,0.9862204724409449,125.25
127,8,1016,861,0.8474409448818898,155,0.15255905511811024,1,a3b49ca38174e5ad8261,127,67,0.5275590551181102,127,116,0.9133858267716536,0.9807524059492564,124.55555555555556,0.9891732283464567,125.625
127,8,1016,853,0.8395669291338582,163,0.16043307086614172,2,a3b49ca38174e5ad8261,127,60,0.47244094488188976,127,102,0.8031496062992126,0.9562554680664916,121.44444444444444,0.9753937007874016,123.875
127,8,1016,786,0.7736220472440944,230,0.2263779527559055,3,a3b49ca38174e5ad8261,127,43,0.33858267716535434,127,95,0.7480314960629921,0.942607174103237,119.71111111111111,0.96751968503937,122.875
127,8,1016,835,0.8218503937007874,181,0.1781496062992126,4,a3b49ca38174e5ad8261,127,55,0.4330708661417323,127,105,0.8267716535433071,0.9601049868766405,121.93333333333334,0.9773622047244095,124.125
127,8,1016,858,0.844488188976378,158,0.15551181102362205,0,a3f30b6155a3246d4bfa,127,52,0.4094488188976378,127,102,0.8031496062992126,0.9562554680664918,121.44444444444444,0.9753937007874016,123.875
127,8,1016,541,0.53248031496063,475,0.4675196850393701,1,a3f30b6155a3246d4bfa,127,14,0.11023622047244094,127,66,0.5196850393700787,0.8778652668416447,111.4888888888889,0.9291338582677166,118.0
127,8,1016,506,0.49803149606299213,510,0.5019685039370079,2,a3f30b6155a3246d4bfa,127,6,0.047244094488188976,127,31,0.2440944881889764,0.7510856597470768,95.38787878787879,0.8454724409448819,107.375
127,8,1016,473,0.4655511811023622,543,0.5344488188976378,3,a3f30b6155a3246d4bfa,127,8,0.06299212598425197,127,42,0.33070866141732286,0.8172910204406265,103.7959595959596,0.8917322834645669,113.25
127,8,1016,532,0.5236220472440944,484,0.4763779527559055,4,a3f30b6155a3246d4bfa,127,16,0.12598425196850394,127,52,0.4094488188976378,0.8317346695299449,105.63030303030303,0.8996062992125984,114.25
127,8,1016,909,0.8946850393700787,107,0.10531496062992125,0,a4a385417bb8a30907ef,127,77,0.6062992125984252,127,115,0.905511811023622,0.9790026246719161,124.33333333333333,0.9881889763779528,125.5
127,8,1016,854,0.8405511811023622,162,0.1594488188976378,1,a4a385417bb8a30907ef,127,58,0.4566929133858268,127,107,0.84251968503937,0.9650043744531934,122.55555555555556,0.9803149606299213,124.5
127,8,1016,836,0.8228346456692913,180,0.17716535433070865,2,a4a385417bb8a30907ef,127,56,0.4409448818897638,127,107,0.84251968503937,0.9650043744531934,122.55555555555556,0.9803149606299213,124.5
127,8,1016,795,0.78248031496063,221,0.21751968503937008,3,a4a385417bb8a30907ef,127,42,0.33070866141732286,127,98,0.7716535433070866,0.9492563429571302,120.55555555555556,0.9714566929133859,123.375
127,8,1016,837,0.8238188976377953,179,0.17618110236220472,4,a4a385417bb8a30907ef,127,55,0.4330708661417323,127,99,0.7795275590551181,0.9496062992125985,120.6,0.9714566929133859,123.375
127,8,1016,912,0.8976377952755905,104,0.10236220472440945,0,a4db91c77b740cc24343,127,78,0.6141732283464567,127,113,0.889763779527559,0.9755030621172355,123.88888888888889,0.9862204724409449,125.25
127,8,1016,881,0.8671259842519685,135,0.1328740157480315,1,a4db91c77b740cc24343,127,67,0.5275590551181102,127,105,0.8267716535433071,0.9615048118985127,122.11111111111111,0.9783464566929134,124.25
127,8,1016,857,0.843503937007874,159,0.15649606299212598,2,a4db91c77b740cc24343,127,59,0.4645669291338583,127,100,0.7874015748031497,0.9513560804899387,120.82222222222222,0.9724409448818898,123.5
127,8,1016,812,0.7992125984251969,204,0.20078740157480315,3,a4db91c77b740cc24343,127,44,0.3464566929133858,127,100,0.7874015748031497,0.9513560804899387,120.82222222222222,0.9724409448818898,123.5
127,8,1016,815,0.8021653543307087,201,0.19783464566929135,4,a4db91c77b740cc24343,127,46,0.36220472440944884,127,104,0.8188976377952756,0.9597550306211723,121.88888888888889,0.9773622047244095,124.125
127,8,1016,907,0.8927165354330708,109,0.10728346456692914,0,a5273b224ec8272a018b,127,75,0.5905511811023622,127,110,0.8661417322834646,0.9702537182852145,123.22222222222223,0.9832677165354331,124.875
127,8,1016,882,0.8681102362204725,134,0.13188976377952755,1,a5273b224ec8272a018b,127,73,0.5748031496062992,127,109,0.8582677165354331,0.9685039370078742,123.0,0.9822834645669292,124.75
127,8,1016,849,0.8356299212598425,167,0.1643700787401575,2,a5273b224ec8272a018b,127,54,0.4251968503937008,127,105,0.8267716535433071,0.9615048118985127,122.11111111111111,0.9783464566929134,124.25
127,8,1016,808,0.7952755905511811,208,0.2047244094488189,3,a5273b224ec8272a018b,127,46,0.36220472440944884,127,110,0.8661417322834646,0.9674540682414698,122.86666666666666,0.9812992125984252,124.625
127,8,1016,817,0.8041338582677166,199,0.19586614173228348,4,a5273b224ec8272a018b,127,52,0.4094488188976378,127,108,0.8503937007874016,0.9639545056867892,122.42222222222222,0.9793307086614174,124.375
127,8,1016,918,0.9035433070866141,98,0.09645669291338582,0,a541a60b3bd352716986,127,82,0.6456692913385826,127,114,0.8976377952755905,0.9772528433945757,124.11111111111111,0.9872047244094488,125.375
127,8,1016,894,0.8799212598425197,122,0.12007874015748031,1,a541a60b3bd352716986,127,74,0.5826771653543307,127,110,0.8661417322834646,0.9702537182852145,123.22222222222223,0.9832677165354331,124.875
127,8,1016,865,0.8513779527559056,151,0.1486220472440945,2,a541a60b3bd352716986,127,66,0.5196850393700787,127,106,0.8346456692913385,0.9618547681539809,122.15555555555555,0.9783464566929134,124.25
127,8,1016,834,0.8208661417322834,182,0.17913385826771652,3,a541a60b3bd352716986,127,52,0.4094488188976378,127,97,0.7637795275590551,0.94750656167979,120.33333333333333,0.9704724409448819,123.25
127,8,1016,855,0.8415354330708661,161,0.15846456692913385,4,a541a60b3bd352716986,127,57,0.44881889763779526,127,108,0.8503937007874016,0.9667541557305336,122.77777777777777,0.9812992125984252,124.625
127,8,1016,872,0.8582677165354331,144,0.14173228346456693,0,a59ebc54a55e378aa2ad,127,64,0.5039370078740157,127,109,0.8582677165354331,0.9685039370078738,123.0,0.9822834645669292,124.75
127,8,1016,852,0.8385826771653543,164,0.16141732283464566,1,a59ebc54a55e378aa2ad,127,57,0.44881889763779526,127,102,0.8031496062992126,0.9562554680664915,121.44444444444444,0.9753937007874016,123.875
127,8,1016,857,0.843503937007874,159,0.15649606299212598,2,a59ebc54a55e378aa2ad,127,56,0.4409448818897638,127,103,0.8110236220472441,0.958005249343832,121.66666666666667,0.9763779527559056,124.0
127,8,1016,796,0.7834645669291339,220,0.21653543307086615,3,a59ebc54a55e378aa2ad,127,42,0.33070866141732286,127,95,0.7480314960629921,0.9412073490813647,119.53333333333333,0.9665354330708661,122.75
127,8,1016,813,0.8001968503937008,203,0.19980314960629922,4,a59ebc54a55e378aa2ad,127,49,0.3858267716535433,127,107,0.84251968503937,0.9622047244094487,122.2,0.9783464566929134,124.25
127,8,1016,896,0.8818897637795275,120,0.11811023622047244,0,a5da9a819c4235a14b9c,127,76,0.5984251968503937,127,116,0.9133858267716536,0.9793525809273841,124.37777777777778,0.9881889763779528,125.5
127,8,1016,874,0.860236220472441,142,0.13976377952755906,1,a5da9a819c4235a14b9c,127,71,0.5590551181102362,127,118,0.9291338582677166,0.984251968503937,125.0,0.9911417322834646,125.875
127,8,1016,843,0.8297244094488189,173,0.1702755905511811,2,a5da9a819c4235a14b9c,127,53,0.41732283464566927,127,104,0.8188976377952756,0.9597550306211725,121.88888888888889,0.9773622047244095,124.125
127,8,1016,828,0.8149606299212598,188,0.18503937007874016,3,a5da9a819c4235a14b9c,127,50,0.3937007874015748,127,102,0.8031496062992126,0.9548556430446196,121.26666666666667,0.9744094488188977,123.75
127,8,1016,861,0.8474409448818898,155,0.15255905511811024,4,a5da9a819c4235a14b9c,127,59,0.4645669291338583,127,102,0.8031496062992126,0.9562554680664918,121.44444444444444,0.9753937007874016,123.875
127,8,1016,916,0.9015748031496063,100,0.0984251968503937,0,a604cfcaefe73c13eeda,127,82,0.6456692913385826,127,113,0.889763779527559,0.9755030621172354,123.88888888888889,0.9862204724409449,125.25
127,8,1016,853,0.8395669291338582,163,0.16043307086614172,1,a604cfcaefe73c13eeda,127,62,0.4881889763779528,127,112,0.8818897637795275,0.9723534558180229,123.4888888888889,0.984251968503937,125.0
127,8,1016,827,0.8139763779527559,189,0.1860236220472441,2,a604cfcaefe73c13eeda,127,49,0.3858267716535433,127,96,0.7559055118110236,0.9457567804024497,120.11111111111111,0.969488188976378,123.125
127,8,1016,825,0.812007874015748,191,0.18799212598425197,3,a604cfcaefe73c13eeda,127,54,0.4251968503937008,127,97,0.7637795275590551,0.9461067366579178,120.15555555555555,0.969488188976378,123.125
127,8,1016,841,0.827755905511811,175,0.17224409448818898,4,a604cfcaefe73c13eeda,127,58,0.4566929133858268,127,107,0.84251968503937,0.9650043744531932,122.55555555555556,0.9803149606299213,124.5
73,8,584,538,0.9212328767123288,46,0.07876712328767123,0,a61c802f4832f8e1b709,73,49,0.6712328767123288,73,65,0.8904109589041096,0.9732115677321158,71.04444444444445,0.9845890410958904,71.875
73,8,584,502,0.8595890410958904,82,0.1404109589041096,1,a61c802f4832f8e1b709,73,34,0.4657534246575342,73,66,0.9041095890410958,0.9786910197869104,71.44444444444444,0.988013698630137,72.125
73,8,584,501,0.8578767123287672,83,0.1421232876712329,2,a61c802f4832f8e1b709,73,38,0.5205479452054794,73,62,0.8493150684931506,0.9665144596651446,70.55555555555556,0.9811643835616438,71.625
73,8,584,475,0.8133561643835616,109,0.18664383561643835,3,a61c802f4832f8e1b709,73,28,0.3835616438356164,73,60,0.821917808219178,0.9604261796042618,70.11111111111111,0.9777397260273972,71.375
73,8,584,491,0.8407534246575342,93,0.15924657534246575,4,a61c802f4832f8e1b709,73,29,0.3972602739726027,73,58,0.7945205479452054,0.9494672754946728,69.31111111111112,0.9708904109589042,70.875
127,8,1016,915,0.9005905511811023,101,0.09940944881889764,0,a63b08eee0a4879e6c5e,127,79,0.6220472440944882,127,112,0.8818897637795275,0.9737532808398952,123.66666666666667,0.985236220472441,125.125
127,8,1016,886,0.8720472440944882,130,0.1279527559055118,1,a63b08eee0a4879e6c5e,127,72,0.5669291338582677,127,113,0.889763779527559,0.9755030621172355,123.88888888888889,0.9862204724409449,125.25
127,8,1016,881,0.8671259842519685,135,0.1328740157480315,2,a63b08eee0a4879e6c5e,127,65,0.5118110236220472,127,104,0.8188976377952756,0.9597550306211722,121.88888888888889,0.9773622047244095,124.125
127,8,1016,846,0.8326771653543307,170,0.1673228346456693,3,a63b08eee0a4879e6c5e,127,53,0.41732283464566927,127,98,0.7716535433070866,0.9492563429571305,120.55555555555556,0.9714566929133859,123.375
127,8,1016,848,0.8346456692913385,168,0.16535433070866143,4,a63b08eee0a4879e6c5e,127,51,0.4015748031496063,127,101,0.7952755905511811,0.9545056867891514,121.22222222222223,0.9744094488188977,123.75
127,8,1016,912,0.8976377952755905,104,0.10236220472440945,0,a6b8dd0077c6e10115d2,127,81,0.6377952755905512,127,114,0.8976377952755905,0.9772528433945757,124.11111111111111,0.9872047244094488,125.375
127,8,1016,866,0.8523622047244095,150,0.14763779527559054,1,a6b8dd0077c6e10115d2,127,62,0.4881889763779528,127,110,0.8661417322834646,0.9702537182852145,123.22222222222223,0.9832677165354331,124.875
127,8,1016,852,0.8385826771653543,164,0.16141732283464566,2,a6b8dd0077c6e10115d2,127,63,0.49606299212598426,127,103,0.8110236220472441,0.9580052493438319,121.66666666666667,0.9763779527559056,124.0
127,8,1016,809,0.7962598425196851,207,0.20374015748031496,3,a6b8dd0077c6e10115d2,127,46,0.36220472440944884,127,92,0.7244094488188977,0.9373578302712161,119.04444444444445,0.9645669291338582,122.5
127,8,1016,840,0.8267716535433071,176,0.1732283464566929,4,a6b8dd0077c6e10115d2,127,54,0.4251968503937008,127,105,0.8267716535433071,0.9587051618547682,121.75555555555556,0.9763779527559056,124.0
127,8,1016,882,0.8681102362204725,134,0.13188976377952755,0,a6c99c53dd3c996670c0,127,66,0.5196850393700787,127,113,0.889763779527559,0.9741032370953631,123.71111111111111,0.985236220472441,125.125
127,8,1016,848,0.8346456692913385,168,0.16535433070866143,1,a6c99c53dd3c996670c0,127,56,0.4409448818897638,127,106,0.8346456692913385,0.963254593175853,122.33333333333333,0.9793307086614174,124.375
127,8,1016,844,0.8307086614173228,172,0.16929133858267717,2,a6c99c53dd3c996670c0,127,64,0.5039370078740157,127,107,0.84251968503937,0.9650043744531932,122.55555555555556,0.9803149606299213,124.5
127,8,1016,797,0.7844488188976378,219,0.2155511811023622,3,a6c99c53dd3c996670c0,127,52,0.4094488188976378,127,96,0.7559055118110236,0.9415573053368329,119.57777777777778,0.9665354330708661,122.75
127,8,1016,804,0.7913385826771654,212,0.20866141732283464,4,a6c99c53dd3c996670c0,127,45,0.3543307086614173,127,92,0.7244094488188977,0.9345581802274714,118.68888888888888,0.9625984251968503,122.25
127,8,1016,916,0.9015748031496063,100,0.0984251968503937,0,a6cdc566e89f6f5b0567,127,83,0.6535433070866141,127,112,0.8818897637795275,0.973753280839895,123.66666666666667,0.985236220472441,125.125
127,8,1016,884,0.8700787401574803,132,0.12992125984251968,1,a6cdc566e89f6f5b0567,127,66,0.5196850393700787,127,115,0.905511811023622,0.979002624671916,124.33333333333333,0.9881889763779528,125.5
127,8,1016,859,0.8454724409448819,157,0.1545275590551181,2,a6cdc566e89f6f5b0567,127,62,0.4881889763779528,127,102,0.8031496062992126,0.9562554680664918,121.44444444444444,0.9753937007874016,123.875
127,8,1016,828,0.8149606299212598,188,0.18503937007874016,3,a6cdc566e89f6f5b0567,127,51,0.4015748031496063,127,99,0.7795275590551181,0.9496062992125984,120.6,0.9714566929133859,123.375
127,8,1016,834,0.8208661417322834,182,0.17913385826771652,4,a6cdc566e89f6f5b0567,127,51,0.4015748031496063,127,99,0.7795275590551181,0.9496062992125984,120.6,0.9714566929133859,123.375
127,8,1016,909,0.8946850393700787,107,0.10531496062992125,0,a6dd8f19ff8afb2e9f17,127,80,0.6299212598425197,127,117,0.9212598425196851,0.9825021872265967,124.77777777777777,0.9901574803149606,125.75
127,8,1016,899,0.8848425196850394,117,0.11515748031496063,1,a6dd8f19ff8afb2e9f17,127,73,0.5748031496062992,127,112,0.8818897637795275,0.9737532808398951,123.66666666666667,0.985236220472441,125.125
127,8,1016,881,0.8671259842519685,135,0.1328740157480315,2,a6dd8f19ff8afb2e9f17,127,67,0.5275590551181102,127,108,0.8503937007874016,0.9667541557305337,122.77777777777777,0.9812992125984252,124.625
127,8,1016,823,0.8100393700787402,193,0.18996062992125984,3,a6dd8f19ff8afb2e9f17,127,46,0.36220472440944884,127,102,0.8031496062992126,0.9548556430446195,121.26666666666667,0.9744094488188977,123.75
127,8,1016,847,0.8336614173228346,169,0.16633858267716536,4,a6dd8f19ff8afb2e9f17,127,52,0.4094488188976378,127,106,0.8346456692913385,0.963254593175853,122.33333333333333,0.9793307086614174,124.375
127,8,1016,917,0.9025590551181102,99,0.09744094488188976,0,a71c96284f156c2f0f10,127,84,0.6614173228346457,127,120,0.9448818897637795,0.9863517060367455,125.26666666666667,0.9921259842519685,126.0
127,8,1016,884,0.8700787401574803,132,0.12992125984251968,1,a71c96284f156c2f0f10,127,65,0.5118110236220472,127,110,0.8661417322834646,0.9702537182852142,123.22222222222223,0.9832677165354331,124.875
127,8,1016,852,0.8385826771653543,164,0.16141732283464566,2,a71c96284f156c2f0f10,127,56,0.4409448818897638,127,105,0.8267716535433071,0.9615048118985127,122.11111111111111,0.9783464566929134,124.25
127,8,1016,809,0.7962598425196851,207,0.20374015748031496,3,a71c96284f156c2f0f10,127,50,0.3937007874015748,127,96,0.7559055118110236,0.9443569553805775,119.93333333333334,0.968503937007874,123.0
127,8,1016,876,0.8622047244094488,140,0.1377952755905512,4,a71c96284f156c2f0f10,127,68,0.5354330708661418,127,106,0.8346456692913385,0.9618547681539809,122.15555555555555,0.9783464566929134,124.25
127,8,1016,882,0.8681102362204725,134,0.13188976377952755,0,a7306ab46e7f4d6174b9,127,68,0.5354330708661418,127,115,0.905511811023622,0.9790026246719161,124.33333333333333,0.9881889763779528,125.5
127,8,1016,886,0.8720472440944882,130,0.1279527559055118,1,a7306ab46e7f4d6174b9,127,69,0.5433070866141733,127,114,0.8976377952755905,0.9772528433945757,124.11111111111111,0.9872047244094488,125.375
127,8,1016,860,0.8464566929133859,156,0.15354330708661418,2,a7306ab46e7f4d6174b9,127,61,0.48031496062992124,127,101,0.7952755905511811,0.9545056867891513,121.22222222222223,0.9744094488188977,123.75
127,8,1016,804,0.7913385826771654,212,0.20866141732283464,3,a7306ab46e7f4d6174b9,127,42,0.33070866141732286,127,100,0.7874015748031497,0.9513560804899387,120.82222222222222,0.9724409448818898,123.5
127,8,1016,810,0.797244094488189,206,0.20275590551181102,4,a7306ab46e7f4d6174b9,127,46,0.36220472440944884,127,100,0.7874015748031497,0.952755905511811,121.0,0.9734251968503937,123.625
127,8,1016,932,0.9173228346456693,84,0.08267716535433071,0,a746429d7594c84024a1,127,85,0.6692913385826772,127,114,0.8976377952755905,0.9772528433945757,124.11111111111111,0.9872047244094488,125.375
127,8,1016,845,0.8316929133858267,171,0.16830708661417323,1,a746429d7594c84024a1,127,58,0.4566929133858268,127,106,0.8346456692913385,0.9618547681539807,122.15555555555555,0.9783464566929134,124.25
127,8,1016,876,0.8622047244094488,140,0.1377952755905512,2,a746429d7594c84024a1,127,64,0.5039370078740157,127,106,0.8346456692913385,0.9618547681539809,122.15555555555555,0.9783464566929134,124.25
127,8,1016,801,0.7883858267716536,215,0.21161417322834647,3,a746429d7594c84024a1,127,48,0.3779527559055118,127,92,0.7244094488188977,0.9373578302712161,119.04444444444445,0.9645669291338582,122.5
127,8,1016,840,0.8267716535433071,176,0.1732283464566929,4,a746429d7594c84024a1,127,53,0.41732283464566927,127,99,0.7795275590551181,0.9482064741907261,120.42222222222222,0.9704724409448819,123.25
82,8,656,570,0.8689024390243902,86,0.13109756097560976,0,a77a3b4960047bfde489,82,45,0.5487804878048781,82,72,0.8780487804878049,0.97289972899729,79.77777777777777,0.9847560975609756,80.75
82,8,656,589,0.8978658536585366,67,0.10213414634146341,1,a77a3b4960047bfde489,82,50,0.6097560975609756,82,72,0.8780487804878049,0.9728997289972899,79.77777777777777,0.9847560975609756,80.75
82,8,656,567,0.864329268292683,89,0.13567073170731708,2,a77a3b4960047bfde489,82,38,0.4634146341463415,82,66,0.8048780487804879,0.9566395663956642,78.44444444444444,0.975609756097561,80.0
82,8,656,532,0.8109756097560976,124,0.18902439024390244,3,a77a3b4960047bfde489,82,31,0.3780487804878049,82,58,0.7073170731707317,0.9349593495934958,76.66666666666667,0.9634146341463414,79.0
82,8,656,528,0.8048780487804879,128,0.1951219512195122,4,a77a3b4960047bfde489,82,28,0.34146341463414637,82,57,0.6951219512195121,0.9300813008130081,76.26666666666667,0.9603658536585366,78.75
127,8,1016,915,0.9005905511811023,101,0.09940944881889764,0,a79d54014aaa9464b718,127,80,0.6299212598425197,127,113,0.889763779527559,0.9755030621172354,123.88888888888889,0.9862204724409449,125.25
127,8,1016,896,0.8818897637795275,120,0.11811023622047244,1,a79d54014aaa9464b718,127,69,0.5433070866141733,127,102,0.8031496062992126,0.9548556430446195,121.26666666666667,0.9744094488188977,123.75
127,8,1016,858,0.844488188976378,158,0.15551181102362205,2,a79d54014aaa9464b718,127,66,0.5196850393700787,127,102,0.8031496062992126,0.9548556430446193,121.26666666666667,0.9744094488188977,123.75
127,8,1016,827,0.8139763779527559,189,0.1860236220472441,3,a79d54014aaa9464b718,127,46,0.36220472440944884,127,91,0.7165354330708661,0.9370078740157479,119.0,0.9645669291338582,122.5
127,8,1016,853,0.8395669291338582,163,0.16043307086614172,4,a79d54014aaa9464b718,127,53,0.41732283464566927,127,101,0.7952755905511811,0.9545056867891514,121.22222222222223,0.9744094488188977,123.75
127,8,1016,871,0.8572834645669292,145,0.14271653543307086,0,a7a6733ca7f4b8aaaf17,127,67,0.5275590551181102,127,112,0.8818897637795275,0.973753280839895,123.66666666666667,0.985236220472441,125.125
127,8,1016,880,0.8661417322834646,136,0.13385826771653545,1,a7a6733ca7f4b8aaaf17,127,64,0.5039370078740157,127,113,0.889763779527559,0.9755030621172355,123.88888888888889,0.9862204724409449,125.25
127,8,1016,843,0.8297244094488189,173,0.1702755905511811,2,a7a6733ca7f4b8aaaf17,127,52,0.4094488188976378,127,96,0.7559055118110236,0.9457567804024498,120.11111111111111,0.969488188976378,123.125
127,8,1016,825,0.812007874015748,191,0.18799212598425197,3,a7a6733ca7f4b8aaaf17,127,48,0.3779527559055118,127,90,0.7086614173228346,0.9352580927384077,118.77777777777777,0.9635826771653543,122.375
127,8,1016,852,0.8385826771653543,164,0.16141732283464566,4,a7a6733ca7f4b8aaaf17,127,63,0.49606299212598426,127,112,0.8818897637795275,0.9723534558180227,123.4888888888889,0.984251968503937,125.0
127,8,1016,891,0.8769685039370079,125,0.12303149606299213,0,a7f38dbbef53c4ea7814,127,70,0.5511811023622047,127,111,0.8740157480314961,0.9720034995625548,123.44444444444444,0.984251968503937,125.0
127,8,1016,884,0.8700787401574803,132,0.12992125984251968,1,a7f38dbbef53c4ea7814,127,67,0.5275590551181102,127,112,0.8818897637795275,0.9737532808398952,123.66666666666667,0.985236220472441,125.125
127,8,1016,846,0.8326771653543307,170,0.1673228346456693,2,a7f38dbbef53c4ea7814,127,54,0.4251968503937008,127,100,0.7874015748031497,0.952755905511811,121.0,0.9734251968503937,123.625
127,8,1016,802,0.7893700787401575,214,0.2106299212598425,3,a7f38dbbef53c4ea7814,127,43,0.33858267716535434,127,105,0.8267716535433071,0.9601049868766404,121.93333333333334,0.9773622047244095,124.125
127,8,1016,858,0.844488188976378,158,0.15551181102362205,4,a7f38dbbef53c4ea7814,127,58,0.4566929133858268,127,103,0.8110236220472441,0.958005249343832,121.66666666666667,0.9763779527559056,124.0
127,8,1016,893,0.8789370078740157,123,0.12106299212598425,0,a8177d41ca048a2921d2,127,73,0.5748031496062992,127,111,0.8740157480314961,0.9706036745406823,123.26666666666667,0.9832677165354331,124.875
127,8,1016,849,0.8356299212598425,167,0.1643700787401575,1,a8177d41ca048a2921d2,127,54,0.4251968503937008,127,104,0.8188976377952756,0.9583552055993001,121.71111111111111,0.9763779527559056,124.0
127,8,1016,867,0.8533464566929134,149,0.1466535433070866,2,a8177d41ca048a2921d2,127,63,0.49606299212598426,127,102,0.8031496062992126,0.9562554680664915,121.44444444444444,0.9753937007874016,123.875
127,8,1016,788,0.7755905511811023,228,0.22440944881889763,3,a8177d41ca048a2921d2,127,42,0.33070866141732286,127,99,0.7795275590551181,0.9496062992125984,120.6,0.9714566929133859,123.375
127,8,1016,807,0.7942913385826772,209,0.20570866141732283,4,a8177d41ca048a2921d2,127,51,0.4015748031496063,127,97,0.7637795275590551,0.9461067366579177,120.15555555555555,0.969488188976378,123.125
127,8,1016,922,0.90748031496063,94,0.09251968503937008,0,a85c4f73e999509259af,127,78,0.6141732283464567,127,113,0.889763779527559,0.9755030621172355,123.88888888888889,0.9862204724409449,125.25
127,8,1016,863,0.8494094488188977,153,0.15059055118110237,1,a85c4f73e999509259af,127,56,0.4409448818897638,127,108,0.8503937007874016,0.9667541557305336,122.77777777777777,0.9812992125984252,124.625
127,8,1016,870,0.8562992125984252,146,0.1437007874015748,2,a85c4f73e999509259af,127,61,0.48031496062992124,127,112,0.8818897637795275,0.9737532808398951,123.66666666666667,0.985236220472441,125.125
127,8,1016,819,0.8061023622047244,197,0.19389763779527558,3,a85c4f73e999509259af,127,47,0.3700787401574803,127,101,0.7952755905511811,0.9545056867891512,121.22222222222223,0.9744094488188977,123.75
127,8,1016,835,0.8218503937007874,181,0.1781496062992126,4,a85c4f73e999509259af,127,50,0.3937007874015748,127,104,0.8188976377952756,0.9597550306211723,121.88888888888889,0.9773622047244095,124.125
127,8,1016,924,0.9094488188976378,92,0.09055118110236221,0,a8647af1539d81940692,127,82,0.6456692913385826,127,111,0.8740157480314961,0.9720034995625548,123.44444444444444,0.984251968503937,125.0
127,8,1016,866,0.8523622047244095,150,0.14763779527559054,1,a8647af1539d81940692,127,60,0.47244094488188976,127,108,0.8503937007874016,0.9667541557305338,122.77777777777777,0.9812992125984252,124.625
127,8,1016,881,0.8671259842519685,135,0.1328740157480315,2,a8647af1539d81940692,127,64,0.5039370078740157,127,102,0.8031496062992126,0.9562554680664916,121.44444444444444,0.9753937007874016,123.875
127,8,1016,812,0.7992125984251969,204,0.20078740157480315,3,a8647af1539d81940692,127,38,0.2992125984251969,127,94,0.7401574803149606,0.9422572178477691,119.66666666666667,0.96751968503937,122.875
127,8,1016,839,0.8257874015748031,177,0.17421259842519685,4,a8647af1539d81940692,127,50,0.3937007874015748,127,104,0.8188976377952756,0.9583552055993001,121.71111111111111,0.9763779527559056,124.0
127,8,1016,927,0.9124015748031497,89,0.08759842519685039,0,a8fef6811c042a3e5b99,127,81,0.6377952755905512,127,109,0.8582677165354331,0.968503937007874,123.0,0.9822834645669292,124.75
127,8,1016,896,0.8818897637795275,120,0.11811023622047244,1,a8fef6811c042a3e5b99,127,70,0.5511811023622047,127,113,0.889763779527559,0.9755030621172354,123.88888888888889,0.9862204724409449,125.25
127,8,1016,845,0.8316929133858267,171,0.16830708661417323,2,a8fef6811c042a3e5b99,127,55,0.4330708661417323,127,103,0.8110236220472441,0.9580052493438321,121.66666666666667,0.9763779527559056,124.0
127,8,1016,824,0.8110236220472441,192,0.1889763779527559,3,a8fef6811c042a3e5b99,127,51,0.4015748031496063,127,103,0.8110236220472441,0.9566054243219599,121.4888888888889,0.9753937007874016,123.875
127,8,1016,854,0.8405511811023622,162,0.1594488188976378,4,a8fef6811c042a3e5b99,127,57,0.44881889763779526,127,101,0.7952755905511811,0.9531058617672792,121.04444444444445,0.9734251968503937,123.625
127,8,1016,910,0.8956692913385826,106,0.10433070866141732,0,a90716353921ef94ee3b,127,75,0.5905511811023622,127,114,0.8976377952755905,0.9772528433945757,124.11111111111111,0.9872047244094488,125.375
127,8,1016,878,0.8641732283464567,138,0.13582677165354332,1,a90716353921ef94ee3b,127,74,0.5826771653543307,127,113,0.889763779527559,0.9755030621172354,123.88888888888889,0.9862204724409449,125.25
127,8,1016,837,0.8238188976377953,179,0.17618110236220472,2,a90716353921ef94ee3b,127,52,0.4094488188976378,127,96,0.7559055118110236,0.9457567804024497,120.11111111111111,0.969488188976378,123.125
127,8,1016,827,0.8139763779527559,189,0.1860236220472441,3,a90716353921ef94ee3b,127,53,0.41732283464566927,127,101,0.7952755905511811,0.9545056867891514,121.22222222222223,0.9744094488188977,123.75
127,8,1016,845,0.8316929133858267,171,0.16830708661417323,4,a90716353921ef94ee3b,127,59,0.4645669291338583,127,110,0.8661417322834646,0.9688538932633421,123.04444444444445,0.9822834645669292,124.75
127,8,1016,917,0.9025590551181102,99,0.09744094488188976,0,a93c5d160c771c7f2ddf,127,77,0.6062992125984252,127,113,0.889763779527559,0.9755030621172354,123.88888888888889,0.9862204724409449,125.25
127,8,1016,889,0.875,127,0.125,1,a93c5d160c771c7f2ddf,127,67,0.5275590551181102,127,109,0.8582677165354331,0.9685039370078742,123.0,0.9822834645669292,124.75
127,8,1016,868,0.8543307086614174,148,0.14566929133858267,2,a93c5d160c771c7f2ddf,127,62,0.4881889763779528,127,107,0.84251968503937,0.9650043744531932,122.55555555555556,0.9803149606299213,124.5
127,8,1016,834,0.8208661417322834,182,0.17913385826771652,3,a93c5d160c771c7f2ddf,127,50,0.3937007874015748,127,94,0.7401574803149606,0.9394575678040246,119.31111111111112,0.9655511811023622,122.625
127,8,1016,832,0.8188976377952756,184,0.18110236220472442,4,a93c5d160c771c7f2ddf,127,53,0.41732283464566927,127,103,0.8110236220472441,0.958005249343832,121.66666666666667,0.9763779527559056,124.0
127,8,1016,920,0.905511811023622,96,0.09448818897637795,0,a93ef0f8c34edb643ab0,127,82,0.6456692913385826,127,113,0.889763779527559,0.9755030621172354,123.88888888888889,0.9862204724409449,125.25
127,8,1016,887,0.8730314960629921,129,0.12696850393700787,1,a93ef0f8c34edb643ab0,127,71,0.5590551181102362,127,113,0.889763779527559,0.9755030621172354,123.88888888888889,0.9862204724409449,125.25
127,8,1016,816,0.8031496062992126,200,0.1968503937007874,2,a93ef0f8c34edb643ab0,127,48,0.3779527559055118,127,101,0.7952755905511811,0.9545056867891514,121.22222222222223,0.9744094488188977,123.75
127,8,1016,789,0.7765748031496063,227,0.2234251968503937,3,a93ef0f8c34edb643ab0,127,36,0.28346456692913385,127,96,0.7559055118110236,0.9429571303587052,119.75555555555556,0.96751968503937,122.875
127,8,1016,826,0.812992125984252,190,0.18700787401574803,4,a93ef0f8c34edb643ab0,127,51,0.4015748031496063,127,98,0.7716535433070866,0.947856517935258,120.37777777777778,0.9704724409448819,123.25
127,8,1016,919,0.9045275590551181,97,0.09547244094488189,0,a95c10308006ff1bd6e7,127,84,0.6614173228346457,127,114,0.8976377952755905,0.9758530183727034,123.93333333333334,0.9862204724409449,125.25
127,8,1016,895,0.8809055118110236,121,0.11909448818897637,1,a95c10308006ff1bd6e7,127,70,0.5511811023622047,127,113,0.889763779527559,0.9755030621172354,123.88888888888889,0.9862204724409449,125.25
127,8,1016,859,0.8454724409448819,157,0.1545275590551181,2,a95c10308006ff1bd6e7,127,60,0.47244094488188976,127,102,0.8031496062992126,0.9562554680664916,121.44444444444444,0.9753937007874016,123.875
127,8,1016,784,0.7716535433070866,232,0.2283464566929134,3,a95c10308006ff1bd6e7,127,39,0.30708661417322836,127,91,0.7165354330708661,0.9342082239720034,118.64444444444445,0.9625984251968503,122.25
127,8,1016,809,0.7962598425196851,207,0.20374015748031496,4,a95c10308006ff1bd6e7,127,45,0.3543307086614173,127,102,0.8031496062992126,0.9548556430446193,121.26666666666667,0.9744094488188977,123.75
127,8,1016,927,0.9124015748031497,89,0.08759842519685039,0,a96a34c6910a3b7fd989,127,83,0.6535433070866141,127,111,0.8740157480314961,0.9720034995625548,123.44444444444444,0.984251968503937,125.0
127,8,1016,878,0.8641732283464567,138,0.13582677165354332,1,a96a34c6910a3b7fd989,127,64,0.5039370078740157,127,111,0.8740157480314961,0.9706036745406825,123.26666666666667,0.9832677165354331,124.875
127,8,1016,868,0.8543307086614174,148,0.14566929133858267,2,a96a34c6910a3b7fd989,127,64,0.5039370078740157,127,104,0.8188976377952756,0.9597550306211724,121.88888888888889,0.9773622047244095,124.125
127,8,1016,817,0.8041338582677166,199,0.19586614173228348,3,a96a34c6910a3b7fd989,127,46,0.36220472440944884,127,93,0.7322834645669292,0.9391076115485564,119.26666666666667,0.9655511811023622,122.625
127,8,1016,830,0.8169291338582677,186,0.1830708661417323,4,a96a34c6910a3b7fd989,127,49,0.3858267716535433,127,104,0.8188976377952756,0.9583552055993001,121.71111111111111,0.9763779527559056,124.0
127,8,1016,887,0.8730314960629921,129,0.12696850393700787,0,a9a82339f6906ae005a2,127,66,0.5196850393700787,127,103,0.8110236220472441,0.9580052493438319,121.66666666666667,0.9763779527559056,124.0
127,8,1016,837,0.8238188976377953,179,0.17618110236220472,1,a9a82339f6906ae005a2,127,54,0.4251968503937008,127,105,0.8267716535433071,0.9615048118985127,122.11111111111111,0.9783464566929134,124.25
127,8,1016,850,0.8366141732283464,166,0.16338582677165353,2,a9a82339f6906ae005a2,127,55,0.4330708661417323,127,108,0.8503937007874016,0.9667541557305336,122.77777777777777,0.9812992125984252,124.625
127,8,1016,795,0.78248031496063,221,0.21751968503937008,3,a9a82339f6906ae005a2,127,39,0.30708661417322836,127,94,0.7401574803149606,0.9422572178477691,119.66666666666667,0.96751968503937,122.875
127,8,1016,797,0.7844488188976378,219,0.2155511811023622,4,a9a82339f6906ae005a2,127,43,0.33858267716535434,127,103,0.8110236220472441,0.9566054243219597,121.4888888888889,0.9753937007874016,123.875
127,8,1016,914,0.8996062992125984,102,0.10039370078740158,0,aa261b4a6e6449f298d0,127,79,0.6220472440944882,127,116,0.9133858267716536,0.9807524059492565,124.55555555555556,0.9891732283464567,125.625
127,8,1016,849,0.8356299212598425,167,0.1643700787401575,1,aa261b4a6e6449f298d0,127,55,0.4330708661417323,127,95,0.7480314960629921,0.9440069991251093,119.88888888888889,0.968503937007874,123.0
127,8,1016,821,0.8080708661417323,195,0.1919291338582677,2,aa261b4a6e6449f298d0,127,48,0.3779527559055118,127,105,0.8267716535433071,0.9615048118985127,122.11111111111111,0.9783464566929134,124.25
127,8,1016,806,0.7933070866141733,210,0.20669291338582677,3,aa261b4a6e6449f298d0,127,55,0.4330708661417323,127,98,0.7716535433070866,0.9478565179352582,120.37777777777778,0.9704724409448819,123.25
127,8,1016,799,0.7864173228346457,217,0.21358267716535434,4,aa261b4a6e6449f298d0,127,43,0.33858267716535434,127,95,0.7480314960629921,0.9440069991251093,119.88888888888889,0.968503937007874,123.0
108,8,864,777,0.8993055555555556,87,0.10069444444444445,0,aa3d4fec3562da72aa6a,108,65,0.6018518518518519,108,92,0.8518518518518519,0.9670781893004117,104.44444444444444,0.9814814814814815,106.0
108,8,864,771,0.8923611111111112,93,0.1076388888888889,1,aa3d4fec3562da72aa6a,108,66,0.6111111111111112,108,98,0.9074074074074074,0.9794238683127573,105.77777777777777,0.9884259259259259,106.75
108,8,864,729,0.84375,135,0.15625,2,aa3d4fec3562da72aa6a,108,46,0.42592592592592593,108,87,0.8055555555555556,0.9567901234567903,103.33333333333333,0.9756944444444444,105.375
108,8,864,706,0.8171296296296297,158,0.18287037037037038,3,aa3d4fec3562da72aa6a,108,41,0.37962962962962965,108,82,0.7592592592592593,0.9465020576131687,102.22222222222223,0.9699074074074074,104.75
108,8,864,778,0.9004629629629629,86,0.09953703703703703,4,aa3d4fec3562da72aa6a,108,67,0.6203703703703703,108,97,0.8981481481481481,0.9773662551440331,105.55555555555556,0.9872685185185185,106.625
127,8,1016,920,0.905511811023622,96,0.09448818897637795,0,aacb92ed3f6e60fd9d5f,127,85,0.6692913385826772,127,118,0.9291338582677166,0.984251968503937,125.0,0.9911417322834646,125.875
127,8,1016,880,0.8661417322834646,136,0.13385826771653545,1,aacb92ed3f6e60fd9d5f,127,69,0.5433070866141733,127,108,0.8503937007874016,0.9667541557305336,122.77777777777777,0.9812992125984252,124.625
127,8,1016,837,0.8238188976377953,179,0.17618110236220472,2,aacb92ed3f6e60fd9d5f,127,53,0.41732283464566927,127,104,0.8188976377952756,0.9583552055993001,121.71111111111111,0.9763779527559056,124.0
127,8,1016,800,0.7874015748031497,216,0.2125984251968504,3,aacb92ed3f6e60fd9d5f,127,41,0.3228346456692913,127,93,0.7322834645669292,0.9391076115485563,119.26666666666667,0.9655511811023622,122.625
127,8,1016,828,0.8149606299212598,188,0.18503937007874016,4,aacb92ed3f6e60fd9d5f,127,56,0.4409448818897638,127,101,0.7952755905511811,0.953105861767279,121.04444444444445,0.9734251968503937,123.625
127,8,1016,900,0.8858267716535433,116,0.1141732283464567,0,aadd28b4886c5dbaa3d8,127,70,0.5511811023622047,127,106,0.8346456692913385,0.9632545931758529,122.33333333333333,0.9793307086614174,124.375
127,8,1016,855,0.8415354330708661,161,0.15846456692913385,1,aadd28b4886c5dbaa3d8,127,59,0.4645669291338583,127,105,0.8267716535433071,0.9615048118985127,122.11111111111111,0.9783464566929134,124.25
127,8,1016,830,0.8169291338582677,186,0.1830708661417323,2,aadd28b4886c5dbaa3d8,127,44,0.3464566929133858,127,96,0.7559055118110236,0.9457567804024497,120.11111111111111,0.969488188976378,123.125
127,8,1016,816,0.8031496062992126,200,0.1968503937007874,3,aadd28b4886c5dbaa3d8,127,46,0.36220472440944884,127,107,0.84251968503937,0.9650043744531933,122.55555555555556,0.9803149606299213,124.5
127,8,1016,807,0.7942913385826772,209,0.20570866141732283,4,aadd28b4886c5dbaa3d8,127,49,0.3858267716535433,127,98,0.7716535433070866,0.9492563429571304,120.55555555555556,0.9714566929133859,123.375
127,8,1016,889,0.875,127,0.125,0,ab089e8514a0ce55fb66,127,69,0.5433070866141733,127,117,0.9212598425196851,0.9825021872265967,124.77777777777777,0.9901574803149606,125.75
127,8,1016,863,0.8494094488188977,153,0.15059055118110237,1,ab089e8514a0ce55fb66,127,62,0.4881889763779528,127,104,0.8188976377952756,0.9597550306211724,121.88888888888889,0.9773622047244095,124.125
127,8,1016,837,0.8238188976377953,179,0.17618110236220472,2,ab089e8514a0ce55fb66,127,53,0.41732283464566927,127,101,0.7952755905511811,0.9531058617672792,121.04444444444445,0.9734251968503937,123.625
127,8,1016,809,0.7962598425196851,207,0.20374015748031496,3,ab089e8514a0ce55fb66,127,50,0.3937007874015748,127,105,0.8267716535433071,0.9587051618547682,121.75555555555556,0.9763779527559056,124.0
127,8,1016,829,0.8159448818897638,187,0.18405511811023623,4,ab089e8514a0ce55fb66,127,52,0.4094488188976378,127,98,0.7716535433070866,0.947856517935258,120.37777777777778,0.9704724409448819,123.25
127,8,1016,926,0.9114173228346457,90,0.08858267716535433,0,ab7dbeb8eba4ca95e6d6,127,86,0.6771653543307087,127,118,0.9291338582677166,0.984251968503937,125.0,0.9911417322834646,125.875
127,8,1016,899,0.8848425196850394,117,0.11515748031496063,1,ab7dbeb8eba4ca95e6d6,127,74,0.5826771653543307,127,110,0.8661417322834646,0.9702537182852145,123.22222222222223,0.9832677165354331,124.875
127,8,1016,899,0.8848425196850394,117,0.11515748031496063,2,ab7dbeb8eba4ca95e6d6,127,73,0.5748031496062992,127,101,0.7952755905511811,0.9531058617672792,121.04444444444445,0.9734251968503937,123.625
127,8,1016,830,0.8169291338582677,186,0.1830708661417323,3,ab7dbeb8eba4ca95e6d6,127,52,0.4094488188976378,127,105,0.8267716535433071,0.9615048118985127,122.11111111111111,0.9783464566929134,124.25
127,8,1016,813,0.8001968503937008,203,0.19980314960629922,4,ab7dbeb8eba4ca95e6d6,127,45,0.3543307086614173,127,100,0.7874015748031497,0.9513560804899388,120.82222222222222,0.9724409448818898,123.5
127,8,1016,927,0.9124015748031497,89,0.08759842519685039,0,abd1e5548284e0ba471e,127,87,0.6850393700787402,127,116,0.9133858267716536,0.9807524059492564,124.55555555555556,0.9891732283464567,125.625
127,8,1016,890,0.8759842519685039,126,0.12401574803149606,1,abd1e5548284e0ba471e,127,71,0.5590551181102362,127,113,0.889763779527559,0.9755030621172355,123.88888888888889,0.9862204724409449,125.25
127,8,1016,873,0.859251968503937,143,0.140748031496063,2,abd1e5548284e0ba471e,127,69,0.5433070866141733,127,107,0.84251968503937,0.9650043744531933,122.55555555555556,0.9803149606299213,124.5
127,8,1016,806,0.7933070866141733,210,0.20669291338582677,3,abd1e5548284e0ba471e,127,45,0.3543307086614173,127,97,0.7637795275590551,0.9447069116360455,119.97777777777777,0.968503937007874,123.0
127,8,1016,840,0.8267716535433071,176,0.1732283464566929,4,abd1e5548284e0ba471e,127,52,0.4094488188976378,127,102,0.8031496062992126,0.9548556430446195,121.26666666666667,0.9744094488188977,123.75
127,8,1016,898,0.8838582677165354,118,0.11614173228346457,0,abf43694b67ef6c882b3,127,77,0.6062992125984252,127,115,0.905511811023622,0.9790026246719161,124.33333333333333,0.9881889763779528,125.5
127,8,1016,875,0.8612204724409449,141,0.13877952755905512,1,abf43694b67ef6c882b3,127,67,0.5275590551181102,127,116,0.9133858267716536,0.979352580927384,124.37777777777778,0.9881889763779528,125.5
127,8,1016,847,0.8336614173228346,169,0.16633858267716536,2,abf43694b67ef6c882b3,127,57,0.44881889763779526,127,103,0.8110236220472441,0.9580052493438321,121.66666666666667,0.9763779527559056,124.0
127,8,1016,785,0.7726377952755905,231,0.22736220472440946,3,abf43694b67ef6c882b3,127,36,0.28346456692913385,127,88,0.6929133858267716,0.9289588801399825,117.97777777777777,0.9596456692913385,121.875
127,8,1016,809,0.7962598425196851,207,0.20374015748031496,4,abf43694b67ef6c882b3,127,48,0.3779527559055118,127,103,0.8110236220472441,0.9552055993000874,121.31111111111112,0.9744094488188977,123.75
127,8,1016,913,0.8986220472440944,103,0.10137795275590551,0,ac1f922ed790b98b82b7,127,81,0.6377952755905512,127,114,0.8976377952755905,0.9772528433945757,124.11111111111111,0.9872047244094488,125.375
127,8,1016,887,0.8730314960629921,129,0.12696850393700787,1,ac1f922ed790b98b82b7,127,72,0.5669291338582677,127,117,0.9212598425196851,0.9825021872265968,124.77777777777777,0.9901574803149606,125.75
127,8,1016,852,0.8385826771653543,164,0.16141732283464566,2,ac1f922ed790b98b82b7,127,58,0.4566929133858268,127,104,0.8188976377952756,0.9597550306211724,121.88888888888889,0.9773622047244095,124.125
127,8,1016,821,0.8080708661417323,195,0.1919291338582677,3,ac1f922ed790b98b82b7,127,51,0.4015748031496063,127,101,0.7952755905511811,0.9531058617672791,121.04444444444445,0.9734251968503937,123.625
127,8,1016,810,0.797244094488189,206,0.20275590551181102,4,ac1f922ed790b98b82b7,127,46,0.36220472440944884,127,91,0.7165354330708661,0.9342082239720035,118.64444444444445,0.9625984251968503,122.25
127,8,1016,898,0.8838582677165354,118,0.11614173228346457,0,ac33f9d05160a51d246b,127,76,0.5984251968503937,127,118,0.9291338582677166,0.984251968503937,125.0,0.9911417322834646,125.875
127,8,1016,854,0.8405511811023622,162,0.1594488188976378,1,ac33f9d05160a51d246b,127,61,0.48031496062992124,127,105,0.8267716535433071,0.9601049868766406,121.93333333333334,0.9773622047244095,124.125
127,8,1016,827,0.8139763779527559,189,0.1860236220472441,2,ac33f9d05160a51d246b,127,52,0.4094488188976378,127,108,0.8503937007874016,0.9667541557305338,122.77777777777777,0.9812992125984252,124.625
127,8,1016,800,0.7874015748031497,216,0.2125984251968504,3,ac33f9d05160a51d246b,127,44,0.3464566929133858,127,97,0.7637795275590551,0.9461067366579179,120.15555555555555,0.969488188976378,123.125
127,8,1016,852,0.8385826771653543,164,0.16141732283464566,4,ac33f9d05160a51d246b,127,54,0.4251968503937008,127,101,0.7952755905511811,0.9545056867891513,121.22222222222223,0.9744094488188977,123.75
127,8,1016,918,0.9035433070866141,98,0.09645669291338582,0,ac38bf1b34801bedfd6b,127,80,0.6299212598425197,127,111,0.8740157480314961,0.9706036745406825,123.26666666666667,0.9832677165354331,124.875
127,8,1016,919,0.9045275590551181,97,0.09547244094488189,1,ac38bf1b34801bedfd6b,127,81,0.6377952755905512,127,112,0.8818897637795275,0.9737532808398951,123.66666666666667,0.985236220472441,125.125
127,8,1016,862,0.8484251968503937,154,0.1515748031496063,2,ac38bf1b34801bedfd6b,127,64,0.5039370078740157,127,109,0.8582677165354331,0.968503937007874,123.0,0.9822834645669292,124.75
127,8,1016,828,0.8149606299212598,188,0.18503937007874016,3,ac38bf1b34801bedfd6b,127,50,0.3937007874015748,127,98,0.7716535433070866,0.9464566929133857,120.2,0.969488188976378,123.125
127,8,1016,872,0.8582677165354331,144,0.14173228346456693,4,ac38bf1b34801bedfd6b,127,62,0.4881889763779528,127,105,0.8267716535433071,0.9615048118985127,122.11111111111111,0.9783464566929134,124.25
127,8,1016,877,0.8631889763779528,139,0.13681102362204725,0,ad325d58a6b06e8a8fda,127,64,0.5039370078740157,127,108,0.8503937007874016,0.9667541557305338,122.77777777777777,0.9812992125984252,124.625
127,8,1016,855,0.8415354330708661,161,0.15846456692913385,1,ad325d58a6b06e8a8fda,127,60,0.47244094488188976,127,103,0.8110236220472441,0.9580052493438319,121.66666666666667,0.9763779527559056,124.0
127,8,1016,812,0.7992125984251969,204,0.20078740157480315,2,ad325d58a6b06e8a8fda,127,51,0.4015748031496063,127,93,0.7322834645669292,0.9363079615048118,118.91111111111111,0.9635826771653543,122.375
127,8,1016,782,0.7696850393700787,234,0.23031496062992127,3,ad325d58a6b06e8a8fda,127,41,0.3228346456692913,127,92,0.7244094488188977,0.9387576552930883,119.22222222222223,0.9655511811023622,122.625
127,8,1016,755,0.7431102362204725,261,0.25688976377952755,4,ad325d58a6b06e8a8fda,127,36,0.28346456692913385,127,87,0.6850393700787402,0.9300087489063867,118.11111111111111,0.9606299212598425,122.0
127,8,1016,883,0.8690944881889764,133,0.1309055118110236,0,ade10a397e45b8d14a5f,127,67,0.5275590551181102,127,111,0.8740157480314961,0.9720034995625547,123.44444444444444,0.984251968503937,125.0
127,8,1016,836,0.8228346456692913,180,0.17716535433070865,1,ade10a397e45b8d14a5f,127,50,0.3937007874015748,127,98,0.7716535433070866,0.947856517935258,120.37777777777778,0.9704724409448819,123.25
127,8,1016,833,0.8198818897637795,183,0.18011811023622049,2,ade10a397e45b8d14a5f,127,49,0.3858267716535433,127,105,0.8267716535433071,0.9587051618547682,121.75555555555556,0.9763779527559056,124.0
127,8,1016,790,0.7775590551181102,226,0.22244094488188976,3,ade10a397e45b8d14a5f,127,40,0.31496062992125984,127,87,0.6850393700787402,0.9272090988626422,117.75555555555556,0.9586614173228346,121.75
127,8,1016,844,0.8307086614173228,172,0.16929133858267717,4,ade10a397e45b8d14a5f,127,51,0.4015748031496063,127,100,0.7874015748031497,0.9513560804899388,120.82222222222222,0.9724409448818898,123.5
127,8,1016,907,0.8927165354330708,109,0.10728346456692914,0,ae3339e3b7f858fb5ff5,127,77,0.6062992125984252,127,113,0.889763779527559,0.9755030621172354,123.88888888888889,0.9862204724409449,125.25
127,8,1016,883,0.8690944881889764,133,0.1309055118110236,1,ae3339e3b7f858fb5ff5,127,70,0.5511811023622047,127,108,0.8503937007874016,0.9667541557305336,122.77777777777777,0.9812992125984252,124.625
127,8,1016,837,0.8238188976377953,179,0.17618110236220472,2,ae3339e3b7f858fb5ff5,127,53,0.41732283464566927,127,102,0.8031496062992126,0.9548556430446195,121.26666666666667,0.9744094488188977,123.75
127,8,1016,798,0.7854330708661418,218,0.21456692913385828,3,ae3339e3b7f858fb5ff5,127,41,0.3228346456692913,127,100,0.7874015748031497,0.952755905511811,121.0,0.9734251968503937,123.625
127,8,1016,811,0.7982283464566929,205,0.2017716535433071,4,ae3339e3b7f858fb5ff5,127,47,0.3700787401574803,127,105,0.8267716535433071,0.9615048118985127,122.11111111111111,0.9783464566929134,124.25
127,8,1016,904,0.889763779527559,112,0.11023622047244094,0,ae76d8f1f70e1a22c2e0,127,75,0.5905511811023622,127,115,0.905511811023622,0.9790026246719161,124.33333333333333,0.9881889763779528,125.5
127,8,1016,877,0.8631889763779528,139,0.13681102362204725,1,ae76d8f1f70e1a22c2e0,127,68,0.5354330708661418,127,110,0.8661417322834646,0.9702537182852145,123.22222222222223,0.9832677165354331,124.875
127,8,1016,824,0.8110236220472441,192,0.1889763779527559,2,ae76d8f1f70e1a22c2e0,127,51,0.4015748031496063,127,104,0.8188976377952756,0.9597550306211723,121.88888888888889,0.9773622047244095,124.125
127,8,1016,828,0.8149606299212598,188,0.18503937007874016,3,ae76d8f1f70e1a22c2e0,127,51,0.4015748031496063,127,96,0.7559055118110236,0.9457567804024498,120.11111111111111,0.969488188976378,123.125
127,8,1016,845,0.8316929133858267,171,0.16830708661417323,4,ae76d8f1f70e1a22c2e0,127,60,0.47244094488188976,127,104,0.8188976377952756,0.9583552055993002,121.71111111111111,0.9763779527559056,124.0
127,8,1016,912,0.8976377952755905,104,0.10236220472440945,0,aea14acfc79450b0e99f,127,80,0.6299212598425197,127,113,0.889763779527559,0.9741032370953631,123.71111111111111,0.985236220472441,125.125
127,8,1016,929,0.9143700787401575,87,0.08562992125984252,1,aea14acfc79450b0e99f,127,87,0.6850393700787402,127,114,0.8976377952755905,0.9772528433945757,124.11111111111111,0.9872047244094488,125.375
127,8,1016,879,0.8651574803149606,137,0.13484251968503938,2,aea14acfc79450b0e99f,127,67,0.5275590551181102,127,110,0.8661417322834646,0.9702537182852145,123.22222222222223,0.9832677165354331,124.875
127,8,1016,861,0.8474409448818898,155,0.15255905511811024,3,aea14acfc79450b0e99f,127,59,0.4645669291338583,127,108,0.8503937007874016,0.9653543307086614,122.6,0.9803149606299213,124.5
127,8,1016,836,0.8228346456692913,180,0.17716535433070865,4,aea14acfc79450b0e99f,127,50,0.3937007874015748,127,102,0.8031496062992126,0.9562554680664918,121.44444444444444,0.9753937007874016,123.875
127,8,1016,873,0.859251968503937,143,0.140748031496063,0,af53f4e1b8b71d383419,127,65,0.5118110236220472,127,113,0.889763779527559,0.9755030621172354,123.88888888888889,0.9862204724409449,125.25
127,8,1016,882,0.8681102362204725,134,0.13188976377952755,1,af53f4e1b8b71d383419,127,68,0.5354330708661418,127,104,0.8188976377952756,0.9597550306211723,121.88888888888889,0.9773622047244095,124.125
127,8,1016,870,0.8562992125984252,146,0.1437007874015748,2,af53f4e1b8b71d383419,127,66,0.5196850393700787,127,105,0.8267716535433071,0.9615048118985126,122.11111111111111,0.9783464566929134,124.25
127,8,1016,797,0.7844488188976378,219,0.2155511811023622,3,af53f4e1b8b71d383419,127,47,0.3700787401574803,127,101,0.7952755905511811,0.9517060367454069,120.86666666666666,0.9724409448818898,123.5
127,8,1016,812,0.7992125984251969,204,0.20078740157480315,4,af53f4e1b8b71d383419,127,44,0.3464566929133858,127,88,0.6929133858267716,0.931758530183727,118.33333333333333,0.9616141732283464,122.125
127,8,1016,892,0.8779527559055118,124,0.1220472440944882,0,afc743ef9a5874b2461d,127,73,0.5748031496062992,127,111,0.8740157480314961,0.9720034995625546,123.44444444444444,0.984251968503937,125.0
127,8,1016,882,0.8681102362204725,134,0.13188976377952755,1,afc743ef9a5874b2461d,127,66,0.5196850393700787,127,112,0.8818897637795275,0.973753280839895,123.66666666666667,0.985236220472441,125.125
127,8,1016,837,0.8238188976377953,179,0.17618110236220472,2,afc743ef9a5874b2461d,127,53,0.41732283464566927,127,103,0.8110236220472441,0.9566054243219598,121.4888888888889,0.9753937007874016,123.875
127,8,1016,830,0.8169291338582677,186,0.1830708661417323,3,afc743ef9a5874b2461d,127,57,0.44881889763779526,127,96,0.7559055118110236,0.9457567804024497,120.11111111111111,0.969488188976378,123.125
127,8,1016,823,0.8100393700787402,193,0.18996062992125984,4,afc743ef9a5874b2461d,127,43,0.33858267716535434,127,102,0.8031496062992126,0.9562554680664918,121.44444444444444,0.9753937007874016,123.875
81,8,648,575,0.8873456790123457,73,0.11265432098765432,0,b034860f5bcabdf1a129,81,44,0.5432098765432098,81,66,0.8148148148148148,0.9588477366255145,77.66666666666667,0.9768518518518519,79.125
81,8,648,562,0.8672839506172839,86,0.13271604938271606,1,b034860f5bcabdf1a129,81,42,0.5185185185185185,81,70,0.8641975308641975,0.9676268861454045,78.37777777777778,0.9814814814814815,79.5
81,8,648,544,0.8395061728395061,104,0.16049382716049382,2,b034860f5bcabdf1a129,81,37,0.4567901234567901,81,71,0.8765432098765432,0.9725651577503429,78.77777777777777,0.9845679012345679,79.75
81,8,648,534,0.8240740740740741,114,0.17592592592592593,3,b034860f5bcabdf1a129,81,30,0.37037037037037035,81,62,0.7654320987654321,0.9434842249657066,76.42222222222222,0.9675925925925926,78.375
81,8,648,541,0.8348765432098766,107,0.16512345679012347,4,b034860f5bcabdf1a129,81,29,0.35802469135802467,81,63,0.7777777777777778,0.9484224965706447,76.82222222222222,0.970679012345679,78.625
127,8,1016,916,0.9015748031496063,100,0.0984251968503937,0,b0a965647293db98058a,127,80,0.6299212598425197,127,117,0.9212598425196851,0.9825021872265967,124.77777777777777,0.9901574803149606,125.75
127,8,1016,860,0.8464566929133859,156,0.15354330708661418,1,b0a965647293db98058a,127,65,0.5118110236220472,127,104,0.8188976377952756,0.9583552055993001,121.71111111111111,0.9763779527559056,124.0
127,8,1016,817,0.8041338582677166,199,0.19586614173228348,2,b0a965647293db98058a,127,44,0.3464566929133858,127,105,0.8267716535433071,0.9615048118985127,122.11111111111111,0.9783464566929134,124.25
127,8,1016,826,0.812992125984252,190,0.18700787401574803,3,b0a965647293db98058a,127,50,0.3937007874015748,127,101,0.7952755905511811,0.9531058617672792,121.04444444444445,0.9734251968503937,123.625
127,8,1016,803,0.7903543307086615,213,0.20964566929133857,4,b0a965647293db98058a,127,48,0.3779527559055118,127,97,0.7637795275590551,0.9461067366579177,120.15555555555555,0.969488188976378,123.125
127,8,1016,895,0.8809055118110236,121,0.11909448818897637,0,b14149ddb8e202b613b7,127,70,0.5511811023622047,127,110,0.8661417322834646,0.968853893263342,123.04444444444445,0.9822834645669292,124.75
127,8,1016,860,0.8464566929133859,156,0.15354330708661418,1,b14149ddb8e202b613b7,127,60,0.47244094488188976,127,104,0.8188976377952756,0.9597550306211723,121.88888888888889,0.9773622047244095,124.125
127,8,1016,840,0.8267716535433071,176,0.1732283464566929,2,b14149ddb8e202b613b7,127,58,0.4566929133858268,127,108,0.8503937007874016,0.9667541557305337,122.77777777777777,0.9812992125984252,124.625
127,8,1016,775,0.7627952755905512,241,0.2372047244094488,3,b14149ddb8e202b613b7,127,34,0.2677165354330709,127,95,0.7480314960629921,0.9426071741032371,119.71111111111111,0.96751968503937,122.875
127,8,1016,807,0.7942913385826772,209,0.20570866141732283,4,b14149ddb8e202b613b7,127,44,0.3464566929133858,127,99,0.7795275590551181,0.9496062992125984,120.6,0.9714566929133859,123.375
21,8,168,148,0.8809523809523809,20,0.11904761904761904,0,b1fe15a6bacd9a8dd540,21,12,0.5714285714285714,21,20,0.9523809523809523,0.9894179894179894,20.77777777777778,0.9940476190476191,20.875
21,8,168,138,0.8214285714285714,30,0.17857142857142858,1,b1fe15a6bacd9a8dd540,21,8,0.38095238095238093,21,17,0.8095238095238095,0.9576719576719577,20.11111111111111,0.9761904761904762,20.5
21,8,168,138,0.8214285714285714,30,0.17857142857142858,2,b1fe15a6bacd9a8dd540,21,8,0.38095238095238093,21,18,0.8571428571428571,0.9682539682539684,20.333333333333332,0.9821428571428571,20.625
21,8,168,132,0.7857142857142857,36,0.21428571428571427,3,b1fe15a6bacd9a8dd540,21,6,0.2857142857142857,21,19,0.9047619047619048,0.9703703703703703,20.377777777777776,0.9821428571428571,20.625
21,8,168,139,0.8273809523809523,29,0.17261904761904762,4,b1fe15a6bacd9a8dd540,21,11,0.5238095238095238,21,20,0.9523809523809523,0.9894179894179894,20.77777777777778,0.9940476190476191,20.875
127,8,1016,909,0.8946850393700787,107,0.10531496062992125,0,b204a181e3e00826a19e,127,75,0.5905511811023622,127,108,0.8503937007874016,0.9667541557305337,122.77777777777777,0.9812992125984252,124.625
127,8,1016,849,0.8356299212598425,167,0.1643700787401575,1,b204a181e3e00826a19e,127,57,0.44881889763779526,127,106,0.8346456692913385,0.963254593175853,122.33333333333333,0.9793307086614174,124.375
127,8,1016,870,0.8562992125984252,146,0.1437007874015748,2,b204a181e3e00826a19e,127,63,0.49606299212598426,127,99,0.7795275590551181,0.9510061242344706,120.77777777777777,0.9724409448818898,123.5
127,8,1016,845,0.8316929133858267,171,0.16830708661417323,3,b204a181e3e00826a19e,127,55,0.4330708661417323,127,94,0.7401574803149606,0.942257217847769,119.66666666666667,0.96751968503937,122.875
127,8,1016,840,0.8267716535433071,176,0.1732283464566929,4,b204a181e3e00826a19e,127,56,0.4409448818897638,127,105,0.8267716535433071,0.9615048118985128,122.11111111111111,0.9783464566929134,124.25
127,8,1016,932,0.9173228346456693,84,0.08267716535433071,0,b270a59687c6d48c3e66,127,85,0.6692913385826772,127,113,0.889763779527559,0.9755030621172354,123.88888888888889,0.9862204724409449,125.25
127,8,1016,868,0.8543307086614174,148,0.14566929133858267,1,b270a59687c6d48c3e66,127,61,0.48031496062992124,127,110,0.8661417322834646,0.9702537182852145,123.22222222222223,0.9832677165354331,124.875
127,8,1016,850,0.8366141732283464,166,0.16338582677165353,2,b270a59687c6d48c3e66,127,63,0.49606299212598426,127,115,0.905511811023622,0.9790026246719161,124.33333333333333,0.9881889763779528,125.5
127,8,1016,826,0.812992125984252,190,0.18700787401574803,3,b270a59687c6d48c3e66,127,50,0.3937007874015748,127,94,0.7401574803149606,0.942257217847769,119.66666666666667,0.96751968503937,122.875
127,8,1016,838,0.8248031496062992,178,0.17519685039370078,4,b270a59687c6d48c3e66,127,55,0.4330708661417323,127,105,0.8267716535433071,0.9587051618547682,121.75555555555556,0.9763779527559056,124.0
127,8,1016,914,0.8996062992125984,102,0.10039370078740158,0,b28ee28fbe03bf979460,127,82,0.6456692913385826,127,111,0.8740157480314961,0.9720034995625548,123.44444444444444,0.984251968503937,125.0
127,8,1016,892,0.8779527559055118,124,0.1220472440944882,1,b28ee28fbe03bf979460,127,66,0.5196850393700787,127,106,0.8346456692913385,0.963254593175853,122.33333333333333,0.9793307086614174,124.375
127,8,1016,851,0.8375984251968503,165,0.1624015748031496,2,b28ee28fbe03bf979460,127,56,0.4409448818897638,127,102,0.8031496062992126,0.9562554680664918,121.44444444444444,0.9753937007874016,123.875
127,8,1016,855,0.8415354330708661,161,0.15846456692913385,3,b28ee28fbe03bf979460,127,65,0.5118110236220472,127,106,0.8346456692913385,0.9632545931758529,122.33333333333333,0.9793307086614174,124.375
127,8,1016,866,0.8523622047244095,150,0.14763779527559054,4,b28ee28fbe03bf979460,127,61,0.48031496062992124,127,110,0.8661417322834646,0.9702537182852145,123.22222222222223,0.9832677165354331,124.875
127,8,1016,892,0.8779527559055118,124,0.1220472440944882,0,b2b8258c2c995965af4b,127,69,0.5433070866141733,127,114,0.8976377952755905,0.9772528433945757,124.11111111111111,0.9872047244094488,125.375
127,8,1016,878,0.8641732283464567,138,0.13582677165354332,1,b2b8258c2c995965af4b,127,66,0.5196850393700787,127,108,0.8503937007874016,0.9667541557305336,122.77777777777777,0.9812992125984252,124.625
127,8,1016,871,0.8572834645669292,145,0.14271653543307086,2,b2b8258c2c995965af4b,127,68,0.5354330708661418,127,109,0.8582677165354331,0.968503937007874,123.0,0.9822834645669292,124.75
127,8,1016,823,0.8100393700787402,193,0.18996062992125984,3,b2b8258c2c995965af4b,127,52,0.4094488188976378,127,103,0.8110236220472441,0.9580052493438319,121.66666666666667,0.9763779527559056,124.0
127,8,1016,854,0.8405511811023622,162,0.1594488188976378,4,b2b8258c2c995965af4b,127,53,0.41732283464566927,127,101,0.7952755905511811,0.9545056867891513,121.22222222222223,0.9744094488188977,123.75
127,8,1016,926,0.9114173228346457,90,0.08858267716535433,0,b3358a4643b0968c564f,127,85,0.6692913385826772,127,119,0.937007874015748,0.9860017497812774,125.22222222222223,0.9921259842519685,126.0
127,8,1016,881,0.8671259842519685,135,0.1328740157480315,1,b3358a4643b0968c564f,127,66,0.5196850393700787,127,117,0.9212598425196851,0.9825021872265967,124.77777777777777,0.9901574803149606,125.75
127,8,1016,844,0.8307086614173228,172,0.16929133858267717,2,b3358a4643b0968c564f,127,52,0.4094488188976378,127,103,0.8110236220472441,0.9580052493438321,121.66666666666667,0.9763779527559056,124.0
127,8,1016,856,0.84251968503937,160,0.15748031496062992,3,b3358a4643b0968c564f,127,53,0.41732283464566927,127,100,0.7874015748031497,0.952755905511811,121.0,0.9734251968503937,123.625
127,8,1016,854,0.8405511811023622,162,0.1594488188976378,4,b3358a4643b0968c564f,127,57,0.44881889763779526,127,110,0.8661417322834646,0.9688538932633421,123.04444444444445,0.9822834645669292,124.75
127,8,1016,908,0.8937007874015748,108,0.1062992125984252,0,b33de6a1f836f1abafd5,127,75,0.5905511811023622,127,118,0.9291338582677166,0.984251968503937,125.0,0.9911417322834646,125.875
127,8,1016,886,0.8720472440944882,130,0.1279527559055118,1,b33de6a1f836f1abafd5,127,69,0.5433070866141733,127,113,0.889763779527559,0.9755030621172354,123.88888888888889,0.9862204724409449,125.25
127,8,1016,873,0.859251968503937,143,0.140748031496063,2,b33de6a1f836f1abafd5,127,62,0.4881889763779528,127,102,0.8031496062992126,0.9562554680664918,121.44444444444444,0.9753937007874016,123.875
127,8,1016,797,0.7844488188976378,219,0.2155511811023622,3,b33de6a1f836f1abafd5,127,46,0.36220472440944884,127,99,0.7795275590551181,0.9496062992125984,120.6,0.9714566929133859,123.375
127,8,1016,861,0.8474409448818898,155,0.15255905511811024,4,b33de6a1f836f1abafd5,127,64,0.5039370078740157,127,102,0.8031496062992126,0.9534558180227471,121.08888888888889,0.9734251968503937,123.625
64,8,512,458,0.89453125,54,0.10546875,0,b3533fba0511179eb54e,64,39,0.609375,64,60,0.9375,0.9861111111111112,63.111111111111114,0.9921875,63.5
64,8,512,457,0.892578125,55,0.107421875,1,b3533fba0511179eb54e,64,39,0.609375,64,58,0.90625,0.9791666666666667,62.666666666666664,0.98828125,63.25
64,8,512,438,0.85546875,74,0.14453125,2,b3533fba0511179eb54e,64,29,0.453125,64,48,0.75,0.9444444444444444,60.44444444444444,0.96875,62.0
64,8,512,403,0.787109375,109,0.212890625,3,b3533fba0511179eb54e,64,21,0.328125,64,54,0.84375,0.9652777777777777,61.77777777777778,0.98046875,62.75
64,8,512,429,0.837890625,83,0.162109375,4,b3533fba0511179eb54e,64,30,0.46875,64,56,0.875,0.9722222222222222,62.22222222222222,0.984375,63.0
127,8,1016,906,0.8917322834645669,110,0.10826771653543307,0,b3952ae16ba147c8cd92,127,78,0.6141732283464567,127,118,0.9291338582677166,0.984251968503937,125.0,0.9911417322834646,125.875
127,8,1016,896,0.8818897637795275,120,0.11811023622047244,1,b3952ae16ba147c8cd92,127,75,0.5905511811023622,127,112,0.8818897637795275,0.9737532808398952,123.66666666666667,0.985236220472441,125.125
127,8,1016,859,0.8454724409448819,157,0.1545275590551181,2,b3952ae16ba147c8cd92,127,65,0.5118110236220472,127,107,0.84251968503937,0.9650043744531934,122.55555555555556,0.9803149606299213,124.5
127,8,1016,779,0.7667322834645669,237,0.23326771653543307,3,b3952ae16ba147c8cd92,127,47,0.3700787401574803,127,97,0.7637795275590551,0.9461067366579178,120.15555555555555,0.969488188976378,123.125
127,8,1016,829,0.8159448818897638,187,0.18405511811023623,4,b3952ae16ba147c8cd92,127,52,0.4094488188976378,127,104,0.8188976377952756,0.9597550306211723,121.88888888888889,0.9773622047244095,124.125
99,8,792,708,0.8939393939393939,84,0.10606060606060606,0,b39ecdee70b98880a90c,99,63,0.6363636363636364,99,90,0.9090909090909091,0.9780022446689114,96.82222222222222,0.9873737373737373,97.75
99,8,792,711,0.8977272727272727,81,0.10227272727272728,1,b39ecdee70b98880a90c,99,60,0.6060606060606061,99,85,0.8585858585858586,0.9685746352413018,95.88888888888889,0.9823232323232324,97.25
99,8,792,654,0.8257575757575758,138,0.17424242424242425,2,b39ecdee70b98880a90c,99,39,0.3939393939393939,99,80,0.8080808080808081,0.9573512906846241,94.77777777777777,0.976010101010101,96.625
99,8,792,670,0.8459595959595959,122,0.15404040404040403,3,b39ecdee70b98880a90c,99,44,0.4444444444444444,99,74,0.7474747474747475,0.9438832772166106,93.44444444444444,0.9684343434343434,95.875
99,8,792,672,0.8484848484848485,120,0.15151515151515152,4,b39ecdee70b98880a90c,99,43,0.43434343434343436,99,78,0.7878787878787878,0.9510662177328845,94.15555555555555,0.9722222222222222,96.25
127,8,1016,933,0.9183070866141733,83,0.08169291338582677,0,b438494eb80e2a33b051,127,87,0.6850393700787402,127,117,0.9212598425196851,0.9825021872265967,124.77777777777777,0.9901574803149606,125.75
127,8,1016,890,0.8759842519685039,126,0.12401574803149606,1,b438494eb80e2a33b051,127,67,0.5275590551181102,127,109,0.8582677165354331,0.968503937007874,123.0,0.9822834645669292,124.75
127,8,1016,863,0.8494094488188977,153,0.15059055118110237,2,b438494eb80e2a33b051,127,65,0.5118110236220472,127,108,0.8503937007874016,0.9667541557305337,122.77777777777777,0.9812992125984252,124.625
127,8,1016,822,0.8090551181102362,194,0.19094488188976377,3,b438494eb80e2a33b051,127,52,0.4094488188976378,127,98,0.7716535433070866,0.9492563429571305,120.55555555555556,0.9714566929133859,123.375
127,8,1016,833,0.8198818897637795,183,0.18011811023622049,4,b438494eb80e2a33b051,127,54,0.4251968503937008,127,103,0.8110236220472441,0.9580052493438319,121.66666666666667,0.9763779527559056,124.0
127,8,1016,905,0.890748031496063,111,0.10925196850393701,0,b43e2b711aafe6f58ffa,127,74,0.5826771653543307,127,111,0.8740157480314961,0.9720034995625548,123.44444444444444,0.984251968503937,125.0
127,8,1016,885,0.8710629921259843,131,0.12893700787401574,1,b43e2b711aafe6f58ffa,127,71,0.5590551181102362,127,109,0.8582677165354331,0.968503937007874,123.0,0.9822834645669292,124.75
127,8,1016,831,0.8179133858267716,185,0.18208661417322836,2,b43e2b711aafe6f58ffa,127,56,0.4409448818897638,127,100,0.7874015748031497,0.952755905511811,121.0,0.9734251968503937,123.625
127,8,1016,784,0.7716535433070866,232,0.2283464566929134,3,b43e2b711aafe6f58ffa,127,41,0.3228346456692913,127,95,0.7480314960629921,0.942607174103237,119.71111111111111,0.96751968503937,122.875
127,8,1016,850,0.8366141732283464,166,0.16338582677165353,4,b43e2b711aafe6f58ffa,127,54,0.4251968503937008,127,100,0.7874015748031497,0.952755905511811,121.0,0.9734251968503937,123.625
127,8,1016,910,0.8956692913385826,106,0.10433070866141732,0,b49734e89f704f2827c9,127,84,0.6614173228346457,127,119,0.937007874015748,0.9860017497812774,125.22222222222223,0.9921259842519685,126.0
127,8,1016,878,0.8641732283464567,138,0.13582677165354332,1,b49734e89f704f2827c9,127,64,0.5039370078740157,127,105,0.8267716535433071,0.9615048118985127,122.11111111111111,0.9783464566929134,124.25
127,8,1016,879,0.8651574803149606,137,0.13484251968503938,2,b49734e89f704f2827c9,127,69,0.5433070866141733,127,112,0.8818897637795275,0.973753280839895,123.66666666666667,0.985236220472441,125.125
127,8,1016,792,0.7795275590551181,224,0.2204724409448819,3,b49734e89f704f2827c9,127,47,0.3700787401574803,127,96,0.7559055118110236,0.9429571303587052,119.75555555555556,0.96751968503937,122.875
127,8,1016,847,0.8336614173228346,169,0.16633858267716536,4,b49734e89f704f2827c9,127,57,0.44881889763779526,127,102,0.8031496062992126,0.9562554680664916,121.44444444444444,0.9753937007874016,123.875
127,8,1016,914,0.8996062992125984,102,0.10039370078740158,0,b54278f29f5bc64e9e22,127,82,0.6456692913385826,127,118,0.9291338582677166,0.984251968503937,125.0,0.9911417322834646,125.875
127,8,1016,904,0.889763779527559,112,0.11023622047244094,1,b54278f29f5bc64e9e22,127,76,0.5984251968503937,127,109,0.8582677165354331,0.968503937007874,123.0,0.9822834645669292,124.75
127,8,1016,858,0.844488188976378,158,0.15551181102362205,2,b54278f29f5bc64e9e22,127,61,0.48031496062992124,127,106,0.8346456692913385,0.9632545931758529,122.33333333333333,0.9793307086614174,124.375
127,8,1016,809,0.7962598425196851,207,0.20374015748031496,3,b54278f29f5bc64e9e22,127,52,0.4094488188976378,127,100,0.7874015748031497,0.9513560804899388,120.82222222222222,0.9724409448818898,123.5
127,8,1016,832,0.8188976377952756,184,0.18110236220472442,4,b54278f29f5bc64e9e22,127,55,0.4330708661417323,127,104,0.8188976377952756,0.9597550306211723,121.88888888888889,0.9773622047244095,124.125
127,8,1016,903,0.8887795275590551,113,0.11122047244094488,0,b641da231fe9bad7f85c,127,73,0.5748031496062992,127,109,0.8582677165354331,0.968503937007874,123.0,0.9822834645669292,124.75
127,8,1016,881,0.8671259842519685,135,0.1328740157480315,1,b641da231fe9bad7f85c,127,64,0.5039370078740157,127,105,0.8267716535433071,0.9601049868766405,121.93333333333334,0.9773622047244095,124.125
127,8,1016,842,0.8287401574803149,174,0.17125984251968504,2,b641da231fe9bad7f85c,127,56,0.4409448818897638,127,106,0.8346456692913385,0.9604549431321086,121.97777777777777,0.9773622047244095,124.125
127,8,1016,826,0.812992125984252,190,0.18700787401574803,3,b641da231fe9bad7f85c,127,54,0.4251968503937008,127,101,0.7952755905511811,0.9545056867891514,121.22222222222223,0.9744094488188977,123.75
127,8,1016,829,0.8159448818897638,187,0.18405511811023623,4,b641da231fe9bad7f85c,127,58,0.4566929133858268,127,108,0.8503937007874016,0.9667541557305336,122.77777777777777,0.9812992125984252,124.625
127,8,1016,905,0.890748031496063,111,0.10925196850393701,0,b69f7e4585abe21bd34a,127,77,0.6062992125984252,127,114,0.8976377952755905,0.9758530183727034,123.93333333333334,0.9862204724409449,125.25
127,8,1016,881,0.8671259842519685,135,0.1328740157480315,1,b69f7e4585abe21bd34a,127,70,0.5511811023622047,127,109,0.8582677165354331,0.968503937007874,123.0,0.9822834645669292,124.75
127,8,1016,834,0.8208661417322834,182,0.17913385826771652,2,b69f7e4585abe21bd34a,127,51,0.4015748031496063,127,106,0.8346456692913385,0.9632545931758529,122.33333333333333,0.9793307086614174,124.375
127,8,1016,795,0.78248031496063,221,0.21751968503937008,3,b69f7e4585abe21bd34a,127,43,0.33858267716535434,127,107,0.84251968503937,0.9650043744531932,122.55555555555556,0.9803149606299213,124.5
127,8,1016,807,0.7942913385826772,209,0.20570866141732283,4,b69f7e4585abe21bd34a,127,45,0.3543307086614173,127,104,0.8188976377952756,0.9597550306211723,121.88888888888889,0.9773622047244095,124.125
82,8,656,575,0.8765243902439024,81,0.12347560975609756,0,b6b677ccaefa4ea5366c,82,48,0.5853658536585366,82,68,0.8292682926829268,0.9598915989159891,78.71111111111111,0.9771341463414634,80.125
82,8,656,582,0.8871951219512195,74,0.11280487804878049,1,b6b677ccaefa4ea5366c,82,46,0.5609756097560976,82,70,0.8536585365853658,0.9674796747967481,79.33333333333333,0.9817073170731707,80.5
82,8,656,541,0.8246951219512195,115,0.17530487804878048,2,b6b677ccaefa4ea5366c,82,34,0.4146341463414634,82,67,0.8170731707317073,0.9593495934959351,78.66666666666667,0.9771341463414634,80.125
82,8,656,545,0.8307926829268293,111,0.16920731707317074,3,b6b677ccaefa4ea5366c,82,30,0.36585365853658536,82,63,0.7682926829268293,0.9463414634146341,77.6,0.9695121951219512,79.5
82,8,656,541,0.8246951219512195,115,0.17530487804878048,4,b6b677ccaefa4ea5366c,82,35,0.4268292682926829,82,67,0.8170731707317073,0.9593495934959348,78.66666666666667,0.9771341463414634,80.125
127,8,1016,932,0.9173228346456693,84,0.08267716535433071,0,b7276f246137fc7db1bc,127,77,0.6062992125984252,127,96,0.7559055118110236,0.9457567804024498,120.11111111111111,0.969488188976378,123.125
127,8,1016,765,0.7529527559055118,251,0.2470472440944882,1,b7276f246137fc7db1bc,127,30,0.23622047244094488,127,90,0.7086614173228346,0.9282589676290464,117.88888888888889,0.9586614173228346,121.75
127,8,1016,795,0.78248031496063,221,0.21751968503937008,2,b7276f246137fc7db1bc,127,41,0.3228346456692913,127,91,0.7165354330708661,0.9342082239720035,118.64444444444445,0.9625984251968503,122.25
127,8,1016,723,0.7116141732283464,293,0.28838582677165353,3,b7276f246137fc7db1bc,127,27,0.2125984251968504,127,79,0.6220472440944882,0.9146106736657916,116.15555555555555,0.9517716535433071,120.875
127,8,1016,758,0.7460629921259843,258,0.25393700787401574,4,b7276f246137fc7db1bc,127,31,0.2440944881889764,127,76,0.5984251968503937,0.9093613298337707,115.4888888888889,0.9488188976377953,120.5
127,8,1016,887,0.8730314960629921,129,0.12696850393700787,0,b77295d8220def51e089,127,66,0.5196850393700787,127,111,0.8740157480314961,0.9720034995625546,123.44444444444444,0.984251968503937,125.0
127,8,1016,878,0.8641732283464567,138,0.13582677165354332,1,b77295d8220def51e089,127,65,0.5118110236220472,127,107,0.84251968503937,0.9650043744531933,122.55555555555556,0.9803149606299213,124.5
127,8,1016,852,0.8385826771653543,164,0.16141732283464566,2,b77295d8220def51e089,127,54,0.4251968503937008,127,99,0.7795275590551181,0.9496062992125984,120.6,0.9714566929133859,123.375
127,8,1016,827,0.8139763779527559,189,0.1860236220472441,3,b77295d8220def51e089,127,52,0.4094488188976378,127,100,0.7874015748031497,0.9513560804899387,120.82222222222222,0.9724409448818898,123.5
127,8,1016,853,0.8395669291338582,163,0.16043307086614172,4,b77295d8220def51e089,127,56,0.4409448818897638,127,107,0.84251968503937,0.9650043744531933,122.55555555555556,0.9803149606299213,124.5
127,8,1016,913,0.8986220472440944,103,0.10137795275590551,0,b79d83ec99e1695f39bf,127,83,0.6535433070866141,127,116,0.9133858267716536,0.9807524059492565,124.55555555555556,0.9891732283464567,125.625
127,8,1016,866,0.8523622047244095,150,0.14763779527559054,1,b79d83ec99e1695f39bf,127,63,0.49606299212598426,127,106,0.8346456692913385,0.9618547681539809,122.15555555555555,0.9783464566929134,124.25
127,8,1016,877,0.8631889763779528,139,0.13681102362204725,2,b79d83ec99e1695f39bf,127,64,0.5039370078740157,127,104,0.8188976377952756,0.9597550306211723,121.88888888888889,0.9773622047244095,124.125
127,8,1016,756,0.7440944881889764,260,0.2559055118110236,3,b79d83ec99e1695f39bf,127,37,0.29133858267716534,127,92,0.7244094488188977,0.93366738248628,118.57575757575758,0.9616141732283464,122.125
127,8,1016,799,0.7864173228346457,217,0.21358267716535434,4,b79d83ec99e1695f39bf,127,46,0.36220472440944884,127,90,0.7086614173228346,0.9324584426946632,118.42222222222222,0.9616141732283464,122.125
127,8,1016,924,0.9094488188976378,92,0.09055118110236221,0,b8d050c146b8c154b37a,127,87,0.6850393700787402,127,121,0.952755905511811,0.9881014873140858,125.4888888888889,0.9931102362204725,126.125
127,8,1016,886,0.8720472440944882,130,0.1279527559055118,1,b8d050c146b8c154b37a,127,73,0.5748031496062992,127,114,0.8976377952755905,0.9758530183727034,123.93333333333334,0.9862204724409449,125.25
127,8,1016,842,0.8287401574803149,174,0.17125984251968504,2,b8d050c146b8c154b37a,127,55,0.4330708661417323,127,108,0.8503937007874016,0.9653543307086614,122.6,0.9803149606299213,124.5
127,8,1016,798,0.7854330708661418,218,0.21456692913385828,3,b8d050c146b8c154b37a,127,45,0.3543307086614173,127,95,0.7480314960629921,0.9426071741032369,119.71111111111111,0.96751968503937,122.875
127,8,1016,821,0.8080708661417323,195,0.1919291338582677,4,b8d050c146b8c154b37a,127,46,0.36220472440944884,127,97,0.7637795275590551,0.94750656167979,120.33333333333333,0.9704724409448819,123.25
127,8,1016,888,0.8740157480314961,128,0.12598425196850394,0,b9616c5944d9819ba8e5,127,66,0.5196850393700787,127,108,0.8503937007874016,0.9667541557305336,122.77777777777777,0.9812992125984252,124.625
127,8,1016,835,0.8218503937007874,181,0.1781496062992126,1,b9616c5944d9819ba8e5,127,57,0.44881889763779526,127,110,0.8661417322834646,0.9702537182852145,123.22222222222223,0.9832677165354331,124.875
127,8,1016,851,0.8375984251968503,165,0.1624015748031496,2,b9616c5944d9819ba8e5,127,59,0.4645669291338583,127,105,0.8267716535433071,0.9615048118985128,122.11111111111111,0.9783464566929134,124.25
127,8,1016,785,0.7726377952755905,231,0.22736220472440946,3,b9616c5944d9819ba8e5,127,36,0.28346456692913385,127,89,0.7007874015748031,0.9307086614173228,118.2,0.9606299212598425,122.0
127,8,1016,782,0.7696850393700787,234,0.23031496062992127,4,b9616c5944d9819ba8e5,127,38,0.2992125984251969,127,100,0.7874015748031497,0.9488109440865347,120.4989898989899,0.9704724409448819,123.25
127,8,1016,902,0.8877952755905512,114,0.11220472440944881,0,b9de9336a7f6c1179e5d,127,75,0.5905511811023622,127,121,0.952755905511811,0.9895013123359581,125.66666666666667,0.9940944881889764,126.25
127,8,1016,879,0.8651574803149606,137,0.13484251968503938,1,b9de9336a7f6c1179e5d,127,68,0.5354330708661418,127,111,0.8740157480314961,0.9720034995625547,123.44444444444444,0.984251968503937,125.0
127,8,1016,834,0.8208661417322834,182,0.17913385826771652,2,b9de9336a7f6c1179e5d,127,53,0.41732283464566927,127,101,0.7952755905511811,0.9545056867891514,121.22222222222223,0.9744094488188977,123.75
127,8,1016,802,0.7893700787401575,214,0.2106299212598425,3,b9de9336a7f6c1179e5d,127,44,0.3464566929133858,127,99,0.7795275590551181,0.9510061242344706,120.77777777777777,0.9724409448818898,123.5
127,8,1016,846,0.8326771653543307,170,0.1673228346456693,4,b9de9336a7f6c1179e5d,127,55,0.4330708661417323,127,87,0.6850393700787402,0.9258092738407697,117.57777777777778,0.9576771653543307,121.625
127,8,1016,897,0.8828740157480315,119,0.1171259842519685,0,b9df8f328121db1a4ee4,127,75,0.5905511811023622,127,121,0.952755905511811,0.989501312335958,125.66666666666667,0.9940944881889764,126.25
127,8,1016,872,0.8582677165354331,144,0.14173228346456693,1,b9df8f328121db1a4ee4,127,63,0.49606299212598426,127,111,0.8740157480314961,0.9720034995625548,123.44444444444444,0.984251968503937,125.0
127,8,1016,849,0.8356299212598425,167,0.1643700787401575,2,b9df8f328121db1a4ee4,127,52,0.4094488188976378,127,105,0.8267716535433071,0.9615048118985127,122.11111111111111,0.9783464566929134,124.25
127,8,1016,807,0.7942913385826772,209,0.20570866141732283,3,b9df8f328121db1a4ee4,127,42,0.33070866141732286,127,94,0.7401574803149606,0.9394575678040245,119.31111111111112,0.9655511811023622,122.625
127,8,1016,819,0.8061023622047244,197,0.19389763779527558,4,b9df8f328121db1a4ee4,127,53,0.41732283464566927,127,102,0.8031496062992126,0.9548556430446195,121.26666666666667,0.9744094488188977,123.75
127,8,1016,915,0.9005905511811023,101,0.09940944881889764,0,b9e14e0a1d863d6ecf11,127,82,0.6456692913385826,127,114,0.8976377952755905,0.9772528433945757,124.11111111111111,0.9872047244094488,125.375
127,8,1016,868,0.8543307086614174,148,0.14566929133858267,1,b9e14e0a1d863d6ecf11,127,60,0.47244094488188976,127,106,0.8346456692913385,0.963254593175853,122.33333333333333,0.9793307086614174,124.375
127,8,1016,862,0.8484251968503937,154,0.1515748031496063,2,b9e14e0a1d863d6ecf11,127,61,0.48031496062992124,127,110,0.8661417322834646,0.9702537182852145,123.22222222222223,0.9832677165354331,124.875
127,8,1016,809,0.7962598425196851,207,0.20374015748031496,3,b9e14e0a1d863d6ecf11,127,43,0.33858267716535434,127,93,0.7322834645669292,0.9377077865266842,119.08888888888889,0.9645669291338582,122.5
127,8,1016,829,0.8159448818897638,187,0.18405511811023623,4,b9e14e0a1d863d6ecf11,127,45,0.3543307086614173,127,95,0.7480314960629921,0.9398075240594925,119.35555555555555,0.9655511811023622,122.625
127,8,1016,890,0.8759842519685039,126,0.12401574803149606,0,ba1335421606c497e994,127,70,0.5511811023622047,127,108,0.8503937007874016,0.9667541557305336,122.77777777777777,0.9812992125984252,124.625
127,8,1016,876,0.8622047244094488,140,0.1377952755905512,1,ba1335421606c497e994,127,58,0.4566929133858268,127,112,0.8818897637795275,0.9737532808398952,123.66666666666667,0.985236220472441,125.125
127,8,1016,849,0.8356299212598425,167,0.1643700787401575,2,ba1335421606c497e994,127,55,0.4330708661417323,127,97,0.7637795275590551,0.9461067366579177,120.15555555555555,0.969488188976378,123.125
127,8,1016,831,0.8179133858267716,185,0.18208661417322836,3,ba1335421606c497e994,127,50,0.3937007874015748,127,99,0.7795275590551181,0.9510061242344705,120.77777777777777,0.9724409448818898,123.5
127,8,1016,820,0.8070866141732284,196,0.19291338582677164,4,ba1335421606c497e994,127,48,0.3779527559055118,127,97,0.7637795275590551,0.9475065616797901,120.33333333333333,0.9704724409448819,123.25
127,8,1016,913,0.8986220472440944,103,0.10137795275590551,0,ba1c8a360468d76679fe,127,81,0.6377952755905512,127,113,0.889763779527559,0.9755030621172355,123.88888888888889,0.9862204724409449,125.25
127,8,1016,878,0.8641732283464567,138,0.13582677165354332,1,ba1c8a360468d76679fe,127,62,0.4881889763779528,127,111,0.8740157480314961,0.9720034995625548,123.44444444444444,0.984251968503937,125.0
127,8,1016,832,0.8188976377952756,184,0.18110236220472442,2,ba1c8a360468d76679fe,127,54,0.4251968503937008,127,106,0.8346456692913385,0.963254593175853,122.33333333333333,0.9793307086614174,124.375
127,8,1016,824,0.8110236220472441,192,0.1889763779527559,3,ba1c8a360468d76679fe,127,46,0.36220472440944884,127,92,0.7244094488188977,0.9387576552930883,119.22222222222223,0.9655511811023622,122.625
127,8,1016,852,0.8385826771653543,164,0.16141732283464566,4,ba1c8a360468d76679fe,127,58,0.4566929133858268,127,102,0.8031496062992126,0.9548556430446193,121.26666666666667,0.9744094488188977,123.75
127,8,1016,883,0.8690944881889764,133,0.1309055118110236,0,ba65def01d2b01694f98,127,68,0.5354330708661418,127,109,0.8582677165354331,0.9685039370078742,123.0,0.9822834645669292,124.75
127,8,1016,855,0.8415354330708661,161,0.15846456692913385,1,ba65def01d2b01694f98,127,59,0.4645669291338583,127,102,0.8031496062992126,0.9562554680664918,121.44444444444444,0.9753937007874016,123.875
127,8,1016,852,0.8385826771653543,164,0.16141732283464566,2,ba65def01d2b01694f98,127,58,0.4566929133858268,127,111,0.8740157480314961,0.9706036745406824,123.26666666666667,0.9832677165354331,124.875
127,8,1016,816,0.8031496062992126,200,0.1968503937007874,3,ba65def01d2b01694f98,127,43,0.33858267716535434,127,94,0.7401574803149606,0.9408573928258969,119.4888888888889,0.9665354330708661,122.75
127,8,1016,865,0.8513779527559056,151,0.1486220472440945,4,ba65def01d2b01694f98,127,62,0.4881889763779528,127,102,0.8031496062992126,0.9562554680664915,121.44444444444444,0.9753937007874016,123.875
100,8,800,712,0.89,88,0.11,0,ba90285f5d165222ce5e,100,58,0.58,100,84,0.84,0.9644444444444445,96.44444444444444,0.98,98.0
100,8,800,709,0.88625,91,0.11375,1,ba90285f5d165222ce5e,100,62,0.62,100,90,0.9,0.9777777777777779,97.77777777777777,0.9875,98.75
100,8,800,686,0.8575,114,0.1425,2,ba90285f5d165222ce5e,100,48,0.48,100,87,0.87,0.9711111111111111,97.11111111111111,0.98375,98.375
100,8,800,630,0.7875,170,0.2125,3,ba90285f5d165222ce5e,100,36,0.36,100,79,0.79,0.9515555555555557,95.15555555555555,0.9725,97.25
100,8,800,687,0.85875,113,0.14125,4,ba90285f5d165222ce5e,100,51,0.51,100,89,0.89,0.9755555555555556,97.55555555555556,0.98625,98.625
127,8,1016,917,0.9025590551181102,99,0.09744094488188976,0,bb425ec9a493aabd03b9,127,82,0.6456692913385826,127,115,0.905511811023622,0.9790026246719161,124.33333333333333,0.9881889763779528,125.5
127,8,1016,856,0.84251968503937,160,0.15748031496062992,1,bb425ec9a493aabd03b9,127,60,0.47244094488188976,127,113,0.889763779527559,0.9755030621172354,123.88888888888889,0.9862204724409449,125.25
127,8,1016,853,0.8395669291338582,163,0.16043307086614172,2,bb425ec9a493aabd03b9,127,58,0.4566929133858268,127,101,0.7952755905511811,0.9545056867891514,121.22222222222223,0.9744094488188977,123.75
127,8,1016,816,0.8031496062992126,200,0.1968503937007874,3,bb425ec9a493aabd03b9,127,45,0.3543307086614173,127,93,0.7322834645669292,0.9391076115485563,119.26666666666667,0.9655511811023622,122.625
127,8,1016,849,0.8356299212598425,167,0.1643700787401575,4,bb425ec9a493aabd03b9,127,56,0.4409448818897638,127,99,0.7795275590551181,0.9496062992125984,120.6,0.9714566929133859,123.375
127,8,1016,913,0.8986220472440944,103,0.10137795275590551,0,bb9f3452352324fc3c52,127,80,0.6299212598425197,127,112,0.8818897637795275,0.9737532808398951,123.66666666666667,0.985236220472441,125.125
127,8,1016,863,0.8494094488188977,153,0.15059055118110237,1,bb9f3452352324fc3c52,127,57,0.44881889763779526,127,103,0.8110236220472441,0.9580052493438319,121.66666666666667,0.9763779527559056,124.0
127,8,1016,823,0.8100393700787402,193,0.18996062992125984,2,bb9f3452352324fc3c52,127,47,0.3700787401574803,127,100,0.7874015748031497,0.952755905511811,121.0,0.9734251968503937,123.625
127,8,1016,810,0.797244094488189,206,0.20275590551181102,3,bb9f3452352324fc3c52,127,43,0.33858267716535434,127,99,0.7795275590551181,0.9510061242344706,120.77777777777777,0.9724409448818898,123.5
127,8,1016,862,0.8484251968503937,154,0.1515748031496063,4,bb9f3452352324fc3c52,127,62,0.4881889763779528,127,101,0.7952755905511811,0.9531058617672791,121.04444444444445,0.9734251968503937,123.625
127,8,1016,898,0.8838582677165354,118,0.11614173228346457,0,bc0875d784a2de5a98a0,127,72,0.5669291338582677,127,113,0.889763779527559,0.9755030621172355,123.88888888888889,0.9862204724409449,125.25
127,8,1016,892,0.8779527559055118,124,0.1220472440944882,1,bc0875d784a2de5a98a0,127,71,0.5590551181102362,127,112,0.8818897637795275,0.973753280839895,123.66666666666667,0.985236220472441,125.125
127,8,1016,869,0.8553149606299213,147,0.14468503937007873,2,bc0875d784a2de5a98a0,127,61,0.48031496062992124,127,97,0.7637795275590551,0.9475065616797901,120.33333333333333,0.9704724409448819,123.25
127,8,1016,803,0.7903543307086615,213,0.20964566929133857,3,bc0875d784a2de5a98a0,127,42,0.33070866141732286,127,94,0.7401574803149606,0.9408573928258968,119.4888888888889,0.9665354330708661,122.75
127,8,1016,818,0.8051181102362205,198,0.19488188976377951,4,bc0875d784a2de5a98a0,127,53,0.41732283464566927,127,98,0.7716535433070866,0.9464566929133859,120.2,0.969488188976378,123.125
127,8,1016,827,0.8139763779527559,189,0.1860236220472441,0,bc09d97877043b0c280b,127,48,0.3779527559055118,127,98,0.7716535433070866,0.9492563429571305,120.55555555555556,0.9714566929133859,123.375
127,8,1016,441,0.4340551181102362,575,0.5659448818897638,1,bc09d97877043b0c280b,127,7,0.05511811023622047,127,40,0.31496062992125984,0.804628966833691,102.18787878787879,0.8838582677165354,112.25
127,8,1016,479,0.4714566929133858,537,0.5285433070866141,2,bc09d97877043b0c280b,127,10,0.07874015748031496,127,26,0.2047244094488189,0.7376282510140774,93.67878787878787,0.8385826771653543,106.5
127,8,1016,429,0.422244094488189,587,0.577755905511811,3,bc09d97877043b0c280b,127,6,0.047244094488188976,127,44,0.3464566929133858,0.8137914578859459,103.35151515151516,0.8887795275590551,112.875
127,8,1016,504,0.49606299212598426,512,0.5039370078740157,4,bc09d97877043b0c280b,127,8,0.06299212598425197,127,51,0.4015748031496063,0.8272488666189451,105.06060606060606,0.8956692913385826,113.75
127,8,1016,900,0.8858267716535433,116,0.1141732283464567,0,bc52ef6c6ead85290cd7,127,69,0.5433070866141733,127,109,0.8582677165354331,0.968503937007874,123.0,0.9822834645669292,124.75
127,8,1016,844,0.8307086614173228,172,0.16929133858267717,1,bc52ef6c6ead85290cd7,127,57,0.44881889763779526,127,108,0.8503937007874016,0.9667541557305338,122.77777777777777,0.9812992125984252,124.625
127,8,1016,835,0.8218503937007874,181,0.1781496062992126,2,bc52ef6c6ead85290cd7,127,57,0.44881889763779526,127,110,0.8661417322834646,0.9702537182852143,123.22222222222223,0.9832677165354331,124.875
127,8,1016,788,0.7755905511811023,228,0.22440944881889763,3,bc52ef6c6ead85290cd7,127,42,0.33070866141732286,127,98,0.7716535433070866,0.9478565179352582,120.37777777777778,0.9704724409448819,123.25
127,8,1016,824,0.8110236220472441,192,0.1889763779527559,4,bc52ef6c6ead85290cd7,127,46,0.36220472440944884,127,89,0.7007874015748031,0.9293088363954506,118.02222222222223,0.9596456692913385,121.875
127,8,1016,900,0.8858267716535433,116,0.1141732283464567,0,bcf9daa3b35111492e38,127,70,0.5511811023622047,127,111,0.8740157480314961,0.9720034995625548,123.44444444444444,0.984251968503937,125.0
127,8,1016,866,0.8523622047244095,150,0.14763779527559054,1,bcf9daa3b35111492e38,127,62,0.4881889763779528,127,111,0.8740157480314961,0.9720034995625547,123.44444444444444,0.984251968503937,125.0
127,8,1016,824,0.8110236220472441,192,0.1889763779527559,2,bcf9daa3b35111492e38,127,49,0.3858267716535433,127,102,0.8031496062992126,0.9562554680664915,121.44444444444444,0.9753937007874016,123.875
127,8,1016,806,0.7933070866141733,210,0.20669291338582677,3,bcf9daa3b35111492e38,127,46,0.36220472440944884,127,101,0.7952755905511811,0.9545056867891513,121.22222222222223,0.9744094488188977,123.75
127,8,1016,837,0.8238188976377953,179,0.17618110236220472,4,bcf9daa3b35111492e38,127,57,0.44881889763779526,127,101,0.7952755905511811,0.9531058617672792,121.04444444444445,0.9734251968503937,123.625
127,8,1016,911,0.8966535433070866,105,0.10334645669291338,0,bd3bee2440df1baed4f2,127,78,0.6141732283464567,127,116,0.9133858267716536,0.9807524059492564,124.55555555555556,0.9891732283464567,125.625
127,8,1016,860,0.8464566929133859,156,0.15354330708661418,1,bd3bee2440df1baed4f2,127,61,0.48031496062992124,127,106,0.8346456692913385,0.9632545931758529,122.33333333333333,0.9793307086614174,124.375
127,8,1016,841,0.827755905511811,175,0.17224409448818898,2,bd3bee2440df1baed4f2,127,54,0.4251968503937008,127,105,0.8267716535433071,0.9615048118985127,122.11111111111111,0.9783464566929134,124.25
127,8,1016,806,0.7933070866141733,210,0.20669291338582677,3,bd3bee2440df1baed4f2,127,44,0.3464566929133858,127,91,0.7165354330708661,0.9342082239720034,118.64444444444445,0.9625984251968503,122.25
127,8,1016,826,0.812992125984252,190,0.18700787401574803,4,bd3bee2440df1baed4f2,127,48,0.3779527559055118,127,102,0.8031496062992126,0.9562554680664918,121.44444444444444,0.9753937007874016,123.875
127,8,1016,739,0.7273622047244095,277,0.27263779527559057,0,bd8914833777db73e6d5,127,40,0.31496062992125984,127,94,0.7401574803149606,0.9408573928258969,119.4888888888889,0.9665354330708661,122.75
127,8,1016,551,0.5423228346456693,465,0.45767716535433073,1,bd8914833777db73e6d5,127,11,0.08661417322834646,127,53,0.41732283464566927,0.8705161854768154,110.55555555555556,0.9271653543307087,117.75
127,8,1016,542,0.5334645669291339,474,0.46653543307086615,2,bd8914833777db73e6d5,127,6,0.047244094488188976,127,36,0.28346456692913385,0.8085739282589675,102.68888888888888,0.8877952755905512,112.75
127,8,1016,419,0.4124015748031496,597,0.5875984251968503,3,bd8914833777db73e6d5,127,4,0.031496062992125984,127,40,0.31496062992125984,0.8253718285214346,104.82222222222222,0.8986220472440944,114.125
127,8,1016,518,0.5098425196850394,498,0.49015748031496065,4,bd8914833777db73e6d5,127,6,0.047244094488188976,127,51,0.4015748031496063,0.8420742861687741,106.94343434343435,0.90748031496063,115.25
127,8,1016,893,0.8789370078740157,123,0.12106299212598425,0,bde71631f9f7b4d568ac,127,68,0.5354330708661418,127,108,0.8503937007874016,0.9667541557305336,122.77777777777777,0.9812992125984252,124.625
127,8,1016,858,0.844488188976378,158,0.15551181102362205,1,bde71631f9f7b4d568ac,127,59,0.4645669291338583,127,103,0.8110236220472441,0.9580052493438319,121.66666666666667,0.9763779527559056,124.0
127,8,1016,827,0.8139763779527559,189,0.1860236220472441,2,bde71631f9f7b4d568ac,127,48,0.3779527559055118,127,100,0.7874015748031497,0.952755905511811,121.0,0.9734251968503937,123.625
127,8,1016,806,0.7933070866141733,210,0.20669291338582677,3,bde71631f9f7b4d568ac,127,47,0.3700787401574803,127,94,0.7401574803149606,0.9422572178477691,119.66666666666667,0.96751968503937,122.875
127,8,1016,807,0.7942913385826772,209,0.20570866141732283,4,bde71631f9f7b4d568ac,127,51,0.4015748031496063,127,98,0.7716535433070866,0.9478565179352582,120.37777777777778,0.9704724409448819,123.25
127,8,1016,884,0.8700787401574803,132,0.12992125984251968,0,be1123aa3ca70c1a5469,127,66,0.5196850393700787,127,108,0.8503937007874016,0.9667541557305337,122.77777777777777,0.9812992125984252,124.625
127,8,1016,842,0.8287401574803149,174,0.17125984251968504,1,be1123aa3ca70c1a5469,127,51,0.4015748031496063,127,97,0.7637795275590551,0.9461067366579179,120.15555555555555,0.969488188976378,123.125
127,8,1016,845,0.8316929133858267,171,0.16830708661417323,2,be1123aa3ca70c1a5469,127,60,0.47244094488188976,127,102,0.8031496062992126,0.9534558180227473,121.08888888888889,0.9734251968503937,123.625
127,8,1016,827,0.8139763779527559,189,0.1860236220472441,3,be1123aa3ca70c1a5469,127,49,0.3858267716535433,127,92,0.7244094488188977,0.9345581802274714,118.68888888888888,0.9625984251968503,122.25
127,8,1016,839,0.8257874015748031,177,0.17421259842519685,4,be1123aa3ca70c1a5469,127,49,0.3858267716535433,127,101,0.7952755905511811,0.9545056867891514,121.22222222222223,0.9744094488188977,123.75
127,8,1016,876,0.8622047244094488,140,0.1377952755905512,0,be91132ff734fbb21c7f,127,66,0.5196850393700787,127,109,0.8582677165354331,0.9671041119860018,122.82222222222222,0.9812992125984252,124.625
127,8,1016,868,0.8543307086614174,148,0.14566929133858267,1,be91132ff734fbb21c7f,127,64,0.5039370078740157,127,100,0.7874015748031497,0.952755905511811,121.0,0.9734251968503937,123.625
127,8,1016,845,0.8316929133858267,171,0.16830708661417323,2,be91132ff734fbb21c7f,127,59,0.4645669291338583,127,102,0.8031496062992126,0.9562554680664918,121.44444444444444,0.9753937007874016,123.875
127,8,1016,788,0.7755905511811023,228,0.22440944881889763,3,be91132ff734fbb21c7f,127,43,0.33858267716535434,127,91,0.7165354330708661,0.937007874015748,119.0,0.9645669291338582,122.5
127,8,1016,839,0.8257874015748031,177,0.17421259842519685,4,be91132ff734fbb21c7f,127,51,0.4015748031496063,127,100,0.7874015748031497,0.9513560804899388,120.82222222222222,0.9724409448818898,123.5
127,8,1016,907,0.8927165354330708,109,0.10728346456692914,0,bf08480c2da63ae571d7,127,76,0.5984251968503937,127,116,0.9133858267716536,0.9807524059492564,124.55555555555556,0.9891732283464567,125.625
127,8,1016,858,0.844488188976378,158,0.15551181102362205,1,bf08480c2da63ae571d7,127,66,0.5196850393700787,127,108,0.8503937007874016,0.9667541557305336,122.77777777777777,0.9812992125984252,124.625
127,8,1016,862,0.8484251968503937,154,0.1515748031496063,2,bf08480c2da63ae571d7,127,63,0.49606299212598426,127,107,0.84251968503937,0.9650043744531934,122.55555555555556,0.9803149606299213,124.5
127,8,1016,831,0.8179133858267716,185,0.18208661417322836,3,bf08480c2da63ae571d7,127,52,0.4094488188976378,127,91,0.7165354330708661,0.932808398950131,118.46666666666667,0.9616141732283464,122.125
127,8,1016,840,0.8267716535433071,176,0.1732283464566929,4,bf08480c2da63ae571d7,127,53,0.41732283464566927,127,94,0.7401574803149606,0.9380577427821521,119.13333333333334,0.9645669291338582,122.5
127,8,1016,876,0.8622047244094488,140,0.1377952755905512,0,bf0c65a32a736f320995,127,68,0.5354330708661418,127,109,0.8582677165354331,0.9685039370078742,123.0,0.9822834645669292,124.75
127,8,1016,898,0.8838582677165354,118,0.11614173228346457,1,bf0c65a32a736f320995,127,77,0.6062992125984252,127,114,0.8976377952755905,0.9772528433945757,124.11111111111111,0.9872047244094488,125.375
127,8,1016,868,0.8543307086614174,148,0.14566929133858267,2,bf0c65a32a736f320995,127,65,0.5118110236220472,127,109,0.8582677165354331,0.968503937007874,123.0,0.9822834645669292,124.75
127,8,1016,842,0.8287401574803149,174,0.17125984251968504,3,bf0c65a32a736f320995,127,61,0.48031496062992124,127,106,0.8346456692913385,0.963254593175853,122.33333333333333,0.9793307086614174,124.375
127,8,1016,831,0.8179133858267716,185,0.18208661417322836,4,bf0c65a32a736f320995,127,56,0.4409448818897638,127,103,0.8110236220472441,0.9566054243219598,121.4888888888889,0.9753937007874016,123.875
127,8,1016,875,0.8612204724409449,141,0.13877952755905512,0,bf0dc69d9f0f3d3976d7,127,63,0.49606299212598426,127,104,0.8188976377952756,0.9597550306211722,121.88888888888889,0.9773622047244095,124.125
127,8,1016,853,0.8395669291338582,163,0.16043307086614172,1,bf0dc69d9f0f3d3976d7,127,60,0.47244094488188976,127,110,0.8661417322834646,0.9702537182852145,123.22222222222223,0.9832677165354331,124.875
127,8,1016,818,0.8051181102362205,198,0.19488188976377951,2,bf0dc69d9f0f3d3976d7,127,52,0.4094488188976378,127,101,0.7952755905511811,0.9517060367454069,120.86666666666666,0.9724409448818898,123.5
127,8,1016,781,0.7687007874015748,235,0.2312992125984252,3,bf0dc69d9f0f3d3976d7,127,44,0.3464566929133858,127,92,0.7244094488188977,0.9334128688459397,118.54343434343434,0.9616141732283464,122.125
127,8,1016,795,0.78248031496063,221,0.21751968503937008,4,bf0dc69d9f0f3d3976d7,127,42,0.33070866141732286,127,91,0.7165354330708661,0.9356080489938757,118.82222222222222,0.9635826771653543,122.375
127,8,1016,914,0.8996062992125984,102,0.10039370078740158,0,bfe9d8748090a0b3bf68,127,80,0.6299212598425197,127,111,0.8740157480314961,0.9720034995625546,123.44444444444444,0.984251968503937,125.0
127,8,1016,861,0.8474409448818898,155,0.15255905511811024,1,bfe9d8748090a0b3bf68,127,62,0.4881889763779528,127,108,0.8503937007874016,0.9667541557305336,122.77777777777777,0.9812992125984252,124.625
127,8,1016,829,0.8159448818897638,187,0.18405511811023623,2,bfe9d8748090a0b3bf68,127,46,0.36220472440944884,127,98,0.7716535433070866,0.947856517935258,120.37777777777778,0.9704724409448819,123.25
127,8,1016,786,0.7736220472440944,230,0.2263779527559055,3,bfe9d8748090a0b3bf68,127,36,0.28346456692913385,127,96,0.7559055118110236,0.9429571303587051,119.75555555555556,0.96751968503937,122.875
127,8,1016,834,0.8208661417322834,182,0.17913385826771652,4,bfe9d8748090a0b3bf68,127,54,0.4251968503937008,127,107,0.84251968503937,0.9650043744531932,122.55555555555556,0.9803149606299213,124.5
127,8,1016,921,0.906496062992126,95,0.09350393700787402,0,c000e33ffbec190dcaa3,127,83,0.6535433070866141,127,115,0.905511811023622,0.9790026246719161,124.33333333333333,0.9881889763779528,125.5
127,8,1016,855,0.8415354330708661,161,0.15846456692913385,1,c000e33ffbec190dcaa3,127,58,0.4566929133858268,127,100,0.7874015748031497,0.9527559055118111,121.0,0.9734251968503937,123.625
127,8,1016,854,0.8405511811023622,162,0.1594488188976378,2,c000e33ffbec190dcaa3,127,59,0.4645669291338583,127,108,0.8503937007874016,0.9667541557305336,122.77777777777777,0.9812992125984252,124.625
127,8,1016,768,0.7559055118110236,248,0.2440944881889764,3,c000e33ffbec190dcaa3,127,36,0.28346456692913385,127,88,0.6929133858267716,0.9289588801399825,117.97777777777777,0.9596456692913385,121.875
127,8,1016,758,0.7460629921259843,258,0.25393700787401574,4,c000e33ffbec190dcaa3,127,32,0.25196850393700787,127,85,0.6692913385826772,0.9237095363079616,117.31111111111112,0.9566929133858267,121.5
127,8,1016,884,0.8700787401574803,132,0.12992125984251968,0,c02450409eef8eb7d4d6,127,70,0.5511811023622047,127,107,0.84251968503937,0.9650043744531934,122.55555555555556,0.9803149606299213,124.5
127,8,1016,887,0.8730314960629921,129,0.12696850393700787,1,c02450409eef8eb7d4d6,127,68,0.5354330708661418,127,111,0.8740157480314961,0.9720034995625548,123.44444444444444,0.984251968503937,125.0
127,8,1016,865,0.8513779527559056,151,0.1486220472440945,2,c02450409eef8eb7d4d6,127,70,0.5511811023622047,127,109,0.8582677165354331,0.9685039370078742,123.0,0.9822834645669292,124.75
127,8,1016,829,0.8159448818897638,187,0.18405511811023623,3,c02450409eef8eb7d4d6,127,46,0.36220472440944884,127,91,0.7165354330708661,0.937007874015748,119.0,0.9645669291338582,122.5
127,8,1016,855,0.8415354330708661,161,0.15846456692913385,4,c02450409eef8eb7d4d6,127,56,0.4409448818897638,127,101,0.7952755905511811,0.9531058617672792,121.04444444444445,0.9734251968503937,123.625
127,8,1016,908,0.8937007874015748,108,0.1062992125984252,0,c025eac16347df535db1,127,80,0.6299212598425197,127,115,0.905511811023622,0.9790026246719161,124.33333333333333,0.9881889763779528,125.5
127,8,1016,889,0.875,127,0.125,1,c025eac16347df535db1,127,73,0.5748031496062992,127,112,0.8818897637795275,0.9723534558180228,123.4888888888889,0.984251968503937,125.0
127,8,1016,839,0.8257874015748031,177,0.17421259842519685,2,c025eac16347df535db1,127,57,0.44881889763779526,127,98,0.7716535433070866,0.9492563429571304,120.55555555555556,0.9714566929133859,123.375
127,8,1016,819,0.8061023622047244,197,0.19389763779527558,3,c025eac16347df535db1,127,47,0.3700787401574803,127,94,0.7401574803149606,0.938057742782152,119.13333333333334,0.9645669291338582,122.5
127,8,1016,845,0.8316929133858267,171,0.16830708661417323,4,c025eac16347df535db1,127,54,0.4251968503937008,127,103,0.8110236220472441,0.958005249343832,121.66666666666667,0.9763779527559056,124.0
127,8,1016,915,0.9005905511811023,101,0.09940944881889764,0,c057fd9c1f2f5132233c,127,82,0.6456692913385826,127,118,0.9291338582677166,0.984251968503937,125.0,0.9911417322834646,125.875
127,8,1016,897,0.8828740157480315,119,0.1171259842519685,1,c057fd9c1f2f5132233c,127,71,0.5590551181102362,127,112,0.8818897637795275,0.973753280839895,123.66666666666667,0.985236220472441,125.125
127,8,1016,881,0.8671259842519685,135,0.1328740157480315,2,c057fd9c1f2f5132233c,127,67,0.5275590551181102,127,112,0.8818897637795275,0.9737532808398951,123.66666666666667,0.985236220472441,125.125
127,8,1016,817,0.8041338582677166,199,0.19586614173228348,3,c057fd9c1f2f5132233c,127,52,0.4094488188976378,127,107,0.84251968503937,0.9636045494313212,122.37777777777778,0.9793307086614174,124.375
127,8,1016,832,0.8188976377952756,184,0.18110236220472442,4,c057fd9c1f2f5132233c,127,50,0.3937007874015748,127,95,0.7480314960629921,0.942607174103237,119.71111111111111,0.96751968503937,122.875
127,8,1016,892,0.8779527559055118,124,0.1220472440944882,0,c058e744ed61ad3635ee,127,76,0.5984251968503937,127,113,0.889763779527559,0.9755030621172354,123.88888888888889,0.9862204724409449,125.25
127,8,1016,886,0.8720472440944882,130,0.1279527559055118,1,c058e744ed61ad3635ee,127,71,0.5590551181102362,127,110,0.8661417322834646,0.9702537182852142,123.22222222222223,0.9832677165354331,124.875
127,8,1016,834,0.8208661417322834,182,0.17913385826771652,2,c058e744ed61ad3635ee,127,51,0.4015748031496063,127,104,0.8188976377952756,0.9597550306211723,121.88888888888889,0.9773622047244095,124.125
127,8,1016,830,0.8169291338582677,186,0.1830708661417323,3,c058e744ed61ad3635ee,127,52,0.4094488188976378,127,102,0.8031496062992126,0.9562554680664916,121.44444444444444,0.9753937007874016,123.875
127,8,1016,854,0.8405511811023622,162,0.1594488188976378,4,c058e744ed61ad3635ee,127,53,0.41732283464566927,127,102,0.8031496062992126,0.9562554680664918,121.44444444444444,0.9753937007874016,123.875
127,8,1016,884,0.8700787401574803,132,0.12992125984251968,0,c06ae4e7b644b76be239,127,69,0.5433070866141733,127,120,0.9448818897637795,0.9877515310586177,125.44444444444444,0.9931102362204725,126.125
127,8,1016,888,0.8740157480314961,128,0.12598425196850394,1,c06ae4e7b644b76be239,127,75,0.5905511811023622,127,112,0.8818897637795275,0.9737532808398951,123.66666666666667,0.985236220472441,125.125
127,8,1016,813,0.8001968503937008,203,0.19980314960629922,2,c06ae4e7b644b76be239,127,49,0.3858267716535433,127,113,0.889763779527559,0.9741032370953632,123.71111111111111,0.985236220472441,125.125
127,8,1016,821,0.8080708661417323,195,0.1919291338582677,3,c06ae4e7b644b76be239,127,53,0.41732283464566927,127,98,0.7716535433070866,0.9464566929133859,120.2,0.969488188976378,123.125
127,8,1016,844,0.8307086614173228,172,0.16929133858267717,4,c06ae4e7b644b76be239,127,53,0.41732283464566927,127,106,0.8346456692913385,0.9618547681539807,122.15555555555555,0.9783464566929134,124.25
127,8,1016,925,0.9104330708661418,91,0.08956692913385826,0,c0715ef1a1d75dd588a1,127,84,0.6614173228346457,127,119,0.937007874015748,0.9860017497812774,125.22222222222223,0.9921259842519685,126.0
127,8,1016,869,0.8553149606299213,147,0.14468503937007873,1,c0715ef1a1d75dd588a1,127,59,0.4645669291338583,127,107,0.84251968503937,0.9650043744531933,122.55555555555556,0.9803149606299213,124.5
127,8,1016,842,0.8287401574803149,174,0.17125984251968504,2,c0715ef1a1d75dd588a1,127,57,0.44881889763779526,127,106,0.8346456692913385,0.963254593175853,122.33333333333333,0.9793307086614174,124.375
127,8,1016,792,0.7795275590551181,224,0.2204724409448819,3,c0715ef1a1d75dd588a1,127,43,0.33858267716535434,127,96,0.7559055118110236,0.9457567804024497,120.11111111111111,0.969488188976378,123.125
127,8,1016,833,0.8198818897637795,183,0.18011811023622049,4,c0715ef1a1d75dd588a1,127,52,0.4094488188976378,127,89,0.7007874015748031,0.9279090113735782,117.84444444444445,0.9586614173228346,121.75
127,8,1016,903,0.8887795275590551,113,0.11122047244094488,0,c09cc454c37cd68fb6d9,127,78,0.6141732283464567,127,116,0.9133858267716536,0.9807524059492564,124.55555555555556,0.9891732283464567,125.625
127,8,1016,872,0.8582677165354331,144,0.14173228346456693,1,c09cc454c37cd68fb6d9,127,62,0.4881889763779528,127,108,0.8503937007874016,0.9653543307086615,122.6,0.9803149606299213,124.5
127,8,1016,847,0.8336614173228346,169,0.16633858267716536,2,c09cc454c37cd68fb6d9,127,59,0.4645669291338583,127,102,0.8031496062992126,0.9562554680664915,121.44444444444444,0.9753937007874016,123.875
127,8,1016,800,0.7874015748031497,216,0.2125984251968504,3,c09cc454c37cd68fb6d9,127,45,0.3543307086614173,127,101,0.7952755905511811,0.9545056867891513,121.22222222222223,0.9744094488188977,123.75
127,8,1016,842,0.8287401574803149,174,0.17125984251968504,4,c09cc454c37cd68fb6d9,127,53,0.41732283464566927,127,98,0.7716535433070866,0.9464566929133859,120.2,0.969488188976378,123.125
127,8,1016,888,0.8740157480314961,128,0.12598425196850394,0,c0ba3962279f7f0cca15,127,74,0.5826771653543307,127,111,0.8740157480314961,0.9706036745406825,123.26666666666667,0.9832677165354331,124.875
127,8,1016,863,0.8494094488188977,153,0.15059055118110237,1,c0ba3962279f7f0cca15,127,64,0.5039370078740157,127,112,0.8818897637795275,0.973753280839895,123.66666666666667,0.985236220472441,125.125
127,8,1016,851,0.8375984251968503,165,0.1624015748031496,2,c0ba3962279f7f0cca15,127,61,0.48031496062992124,127,102,0.8031496062992126,0.9562554680664916,121.44444444444444,0.9753937007874016,123.875
127,8,1016,801,0.7883858267716536,215,0.21161417322834647,3,c0ba3962279f7f0cca15,127,48,0.3779527559055118,127,99,0.7795275590551181,0.9510061242344706,120.77777777777777,0.9724409448818898,123.5
127,8,1016,822,0.8090551181102362,194,0.19094488188976377,4,c0ba3962279f7f0cca15,127,50,0.3937007874015748,127,98,0.7716535433070866,0.9464566929133859,120.2,0.969488188976378,123.125
127,8,1016,913,0.8986220472440944,103,0.10137795275590551,0,c0f30469870c1882f182,127,81,0.6377952755905512,127,113,0.889763779527559,0.9741032370953632,123.71111111111111,0.985236220472441,125.125
127,8,1016,884,0.8700787401574803,132,0.12992125984251968,1,c0f30469870c1882f182,127,72,0.5669291338582677,127,111,0.8740157480314961,0.9720034995625548,123.44444444444444,0.984251968503937,125.0
127,8,1016,860,0.8464566929133859,156,0.15354330708661418,2,c0f30469870c1882f182,127,63,0.49606299212598426,127,108,0.8503937007874016,0.9667541557305337,122.77777777777777,0.9812992125984252,124.625
127,8,1016,803,0.7903543307086615,213,0.20964566929133857,3,c0f30469870c1882f182,127,48,0.3779527559055118,127,102,0.8031496062992126,0.9548556430446195,121.26666666666667,0.9744094488188977,123.75
127,8,1016,869,0.8553149606299213,147,0.14468503937007873,4,c0f30469870c1882f182,127,66,0.5196850393700787,127,103,0.8110236220472441,0.9580052493438319,121.66666666666667,0.9763779527559056,124.0
127,8,1016,911,0.8966535433070866,105,0.10334645669291338,0,c0fdc8702bb662c9bdcd,127,78,0.6141732283464567,127,112,0.8818897637795275,0.9723534558180229,123.4888888888889,0.984251968503937,125.0
127,8,1016,880,0.8661417322834646,136,0.13385826771653545,1,c0fdc8702bb662c9bdcd,127,70,0.5511811023622047,127,111,0.8740157480314961,0.9720034995625548,123.44444444444444,0.984251968503937,125.0
127,8,1016,860,0.8464566929133859,156,0.15354330708661418,2,c0fdc8702bb662c9bdcd,127,56,0.4409448818897638,127,101,0.7952755905511811,0.9517060367454068,120.86666666666666,0.9724409448818898,123.5
127,8,1016,833,0.8198818897637795,183,0.18011811023622049,3,c0fdc8702bb662c9bdcd,127,52,0.4094488188976378,127,91,0.7165354330708661,0.9356080489938758,118.82222222222222,0.9635826771653543,122.375
127,8,1016,821,0.8080708661417323,195,0.1919291338582677,4,c0fdc8702bb662c9bdcd,127,52,0.4094488188976378,127,102,0.8031496062992126,0.9562554680664916,121.44444444444444,0.9753937007874016,123.875
127,8,1016,920,0.905511811023622,96,0.09448818897637795,0,c173dc51d47cf438e861,127,79,0.6220472440944882,127,108,0.8503937007874016,0.9653543307086614,122.6,0.9803149606299213,124.5
127,8,1016,765,0.7529527559055118,251,0.2470472440944882,1,c173dc51d47cf438e861,127,35,0.2755905511811024,127,107,0.84251968503937,0.9636045494313211,122.37777777777778,0.9793307086614174,124.375
127,8,1016,770,0.7578740157480315,246,0.2421259842519685,2,c173dc51d47cf438e861,127,36,0.28346456692913385,127,89,0.7007874015748031,0.9335083114610675,118.55555555555556,0.9625984251968503,122.25
127,8,1016,719,0.7076771653543307,297,0.29232283464566927,3,c173dc51d47cf438e861,127,34,0.2677165354330709,127,90,0.7086614173228346,0.9282589676290464,117.88888888888889,0.9586614173228346,121.75
127,8,1016,730,0.718503937007874,286,0.281496062992126,4,c173dc51d47cf438e861,127,28,0.2204724409448819,127,84,0.6614173228346457,0.9180147936053449,116.5878787878788,0.952755905511811,121.0
127,8,1016,940,0.9251968503937008,76,0.07480314960629922,0,c1d92ed66ff7504060bd,127,91,0.7165354330708661,127,115,0.905511811023622,0.9790026246719161,124.33333333333333,0.9881889763779528,125.5
127,8,1016,867,0.8533464566929134,149,0.1466535433070866,1,c1d92ed66ff7504060bd,127,63,0.49606299212598426,127,105,0.8267716535433071,0.9615048118985127,122.11111111111111,0.9783464566929134,124.25
127,8,1016,867,0.8533464566929134,149,0.1466535433070866,2,c1d92ed66ff7504060bd,127,71,0.5590551181102362,127,114,0.8976377952755905,0.9772528433945757,124.11111111111111,0.9872047244094488,125.375
127,8,1016,785,0.7726377952755905,231,0.22736220472440946,3,c1d92ed66ff7504060bd,127,39,0.30708661417322836,127,86,0.6771653543307087,0.9268591426071741,117.71111111111111,0.9586614173228346,121.75
127,8,1016,824,0.8110236220472441,192,0.1889763779527559,4,c1d92ed66ff7504060bd,127,52,0.4094488188976378,127,103,0.8110236220472441,0.9552055993000874,121.31111111111112,0.9744094488188977,123.75
127,8,1016,901,0.8868110236220472,115,0.11318897637795275,0,c2334f66513a06d515e0,127,73,0.5748031496062992,127,109,0.8582677165354331,0.968503937007874,123.0,0.9822834645669292,124.75
127,8,1016,876,0.8622047244094488,140,0.1377952755905512,1,c2334f66513a06d515e0,127,66,0.5196850393700787,127,110,0.8661417322834646,0.9702537182852145,123.22222222222223,0.9832677165354331,124.875
127,8,1016,846,0.8326771653543307,170,0.1673228346456693,2,c2334f66513a06d515e0,127,53,0.41732283464566927,127,107,0.84251968503937,0.9650043744531933,122.55555555555556,0.9803149606299213,124.5
127,8,1016,831,0.8179133858267716,185,0.18208661417322836,3,c2334f66513a06d515e0,127,48,0.3779527559055118,127,103,0.8110236220472441,0.9580052493438319,121.66666666666667,0.9763779527559056,124.0
127,8,1016,816,0.8031496062992126,200,0.1968503937007874,4,c2334f66513a06d515e0,127,49,0.3858267716535433,127,100,0.7874015748031497,0.9513560804899388,120.82222222222222,0.9724409448818898,123.5
127,8,1016,944,0.9291338582677166,72,0.07086614173228346,0,c236ed6d3e66598d38ff,127,91,0.7165354330708661,127,120,0.9448818897637795,0.9877515310586177,125.44444444444444,0.9931102362204725,126.125
127,8,1016,883,0.8690944881889764,133,0.1309055118110236,1,c236ed6d3e66598d38ff,127,70,0.5511811023622047,127,120,0.9448818897637795,0.9877515310586178,125.44444444444444,0.9931102362204725,126.125
127,8,1016,881,0.8671259842519685,135,0.1328740157480315,2,c236ed6d3e66598d38ff,127,64,0.5039370078740157,127,103,0.8110236220472441,0.9580052493438321,121.66666666666667,0.9763779527559056,124.0
127,8,1016,853,0.8395669291338582,163,0.16043307086614172,3,c236ed6d3e66598d38ff,127,55,0.4330708661417323,127,100,0.7874015748031497,0.9513560804899388,120.82222222222222,0.9724409448818898,123.5
127,8,1016,864,0.8503937007874016,152,0.14960629921259844,4,c236ed6d3e66598d38ff,127,60,0.47244094488188976,127,102,0.8031496062992126,0.9562554680664915,121.44444444444444,0.9753937007874016,123.875
127,8,1016,908,0.8937007874015748,108,0.1062992125984252,0,c23c9fd92a4530fe93e9,127,78,0.6141732283464567,127,112,0.8818897637795275,0.9709536307961506,123.31111111111112,0.9832677165354331,124.875
127,8,1016,891,0.8769685039370079,125,0.12303149606299213,1,c23c9fd92a4530fe93e9,127,72,0.5669291338582677,127,113,0.889763779527559,0.9755030621172354,123.88888888888889,0.9862204724409449,125.25
127,8,1016,836,0.8228346456692913,180,0.17716535433070865,2,c23c9fd92a4530fe93e9,127,52,0.4094488188976378,127,103,0.8110236220472441,0.9566054243219599,121.4888888888889,0.9753937007874016,123.875
127,8,1016,846,0.8326771653543307,170,0.1673228346456693,3,c23c9fd92a4530fe93e9,127,51,0.4015748031496063,127,97,0.7637795275590551,0.9475065616797901,120.33333333333333,0.9704724409448819,123.25
127,8,1016,828,0.8149606299212598,188,0.18503937007874016,4,c23c9fd92a4530fe93e9,127,47,0.3700787401574803,127,98,0.7716535433070866,0.9464566929133857,120.2,0.969488188976378,123.125
127,8,1016,920,0.905511811023622,96,0.09448818897637795,0,c3c4c2e82943eae361d0,127,80,0.6299212598425197,127,113,0.889763779527559,0.9755030621172354,123.88888888888889,0.9862204724409449,125.25
127,8,1016,833,0.8198818897637795,183,0.18011811023622049,1,c3c4c2e82943eae361d0,127,54,0.4251968503937008,127,105,0.8267716535433071,0.9601049868766404,121.93333333333334,0.9773622047244095,124.125
127,8,1016,837,0.8238188976377953,179,0.17618110236220472,2,c3c4c2e82943eae361d0,127,56,0.4409448818897638,127,104,0.8188976377952756,0.9583552055993001,121.71111111111111,0.9763779527559056,124.0
127,8,1016,781,0.7687007874015748,235,0.2312992125984252,3,c3c4c2e82943eae361d0,127,40,0.31496062992125984,127,83,0.6535433070866141,0.9202099737532808,116.86666666666667,0.9547244094488189,121.25
127,8,1016,822,0.8090551181102362,194,0.19094488188976377,4,c3c4c2e82943eae361d0,127,46,0.36220472440944884,127,92,0.7244094488188977,0.9387576552930882,119.22222222222223,0.9655511811023622,122.625
127,8,1016,919,0.9045275590551181,97,0.09547244094488189,0,c4213b88ba1462fe5fad,127,82,0.6456692913385826,127,115,0.905511811023622,0.9790026246719161,124.33333333333333,0.9881889763779528,125.5
127,8,1016,877,0.8631889763779528,139,0.13681102362204725,1,c4213b88ba1462fe5fad,127,66,0.5196850393700787,127,108,0.8503937007874016,0.9667541557305336,122.77777777777777,0.9812992125984252,124.625
127,8,1016,850,0.8366141732283464,166,0.16338582677165353,2,c4213b88ba1462fe5fad,127,58,0.4566929133858268,127,110,0.8661417322834646,0.9688538932633421,123.04444444444445,0.9822834645669292,124.75
127,8,1016,821,0.8080708661417323,195,0.1919291338582677,3,c4213b88ba1462fe5fad,127,50,0.3937007874015748,127,107,0.84251968503937,0.9650043744531934,122.55555555555556,0.9803149606299213,124.5
127,8,1016,859,0.8454724409448819,157,0.1545275590551181,4,c4213b88ba1462fe5fad,127,62,0.4881889763779528,127,104,0.8188976377952756,0.9597550306211723,121.88888888888889,0.9773622047244095,124.125
127,8,1016,856,0.84251968503937,160,0.15748031496062992,0,c4eed7d508d06351658f,127,59,0.4645669291338583,127,104,0.8188976377952756,0.9583552055993001,121.71111111111111,0.9763779527559056,124.0
127,8,1016,845,0.8316929133858267,171,0.16830708661417323,1,c4eed7d508d06351658f,127,58,0.4566929133858268,127,100,0.7874015748031497,0.952755905511811,121.0,0.9734251968503937,123.625
127,8,1016,836,0.8228346456692913,180,0.17716535433070865,2,c4eed7d508d06351658f,127,53,0.41732283464566927,127,106,0.8346456692913385,0.9632545931758528,122.33333333333333,0.9793307086614174,124.375
127,8,1016,762,0.75,254,0.25,3,c4eed7d508d06351658f,127,34,0.2677165354330709,127,93,0.7322834645669292,0.9391076115485565,119.26666666666667,0.9655511811023622,122.625
127,8,1016,762,0.75,254,0.25,4,c4eed7d508d06351658f,127,36,0.28346456692913385,127,88,0.6929133858267716,0.926159230096238,117.62222222222222,0.9576771653543307,121.625
127,8,1016,893,0.8789370078740157,123,0.12106299212598425,0,c51ccd801ae84bae5d0f,127,70,0.5511811023622047,127,112,0.8818897637795275,0.9737532808398951,123.66666666666667,0.985236220472441,125.125
127,8,1016,872,0.8582677165354331,144,0.14173228346456693,1,c51ccd801ae84bae5d0f,127,65,0.5118110236220472,127,114,0.8976377952755905,0.9772528433945757,124.11111111111111,0.9872047244094488,125.375
127,8,1016,841,0.827755905511811,175,0.17224409448818898,2,c51ccd801ae84bae5d0f,127,50,0.3937007874015748,127,96,0.7559055118110236,0.9429571303587052,119.75555555555556,0.96751968503937,122.875
127,8,1016,787,0.7746062992125984,229,0.22539370078740156,3,c51ccd801ae84bae5d0f,127,42,0.33070866141732286,127,97,0.7637795275590551,0.9475065616797901,120.33333333333333,0.9704724409448819,123.25
127,8,1016,766,0.7539370078740157,250,0.24606299212598426,4,c51ccd801ae84bae5d0f,127,37,0.29133858267716534,127,94,0.7401574803149606,0.9380577427821521,119.13333333333334,0.9645669291338582,122.5
127,8,1016,886,0.8720472440944882,130,0.1279527559055118,0,c59559f5c664cfd2045e,127,71,0.5590551181102362,127,118,0.9291338582677166,0.984251968503937,125.0,0.9911417322834646,125.875
127,8,1016,861,0.8474409448818898,155,0.15255905511811024,1,c59559f5c664cfd2045e,127,62,0.4881889763779528,127,111,0.8740157480314961,0.9706036745406824,123.26666666666667,0.9832677165354331,124.875
127,8,1016,851,0.8375984251968503,165,0.1624015748031496,2,c59559f5c664cfd2045e,127,58,0.4566929133858268,127,100,0.7874015748031497,0.9513560804899388,120.82222222222222,0.9724409448818898,123.5
127,8,1016,804,0.7913385826771654,212,0.20866141732283464,3,c59559f5c664cfd2045e,127,44,0.3464566929133858,127,100,0.7874015748031497,0.9527559055118111,121.0,0.9734251968503937,123.625
127,8,1016,852,0.8385826771653543,164,0.16141732283464566,4,c59559f5c664cfd2045e,127,58,0.4566929133858268,127,110,0.8661417322834646,0.9702537182852145,123.22222222222223,0.9832677165354331,124.875
127,8,1016,903,0.8887795275590551,113,0.11122047244094488,0,c6d418ee2c1362c7b544,127,75,0.5905511811023622,127,112,0.8818897637795275,0.9737532808398952,123.66666666666667,0.985236220472441,125.125
127,8,1016,870,0.8562992125984252,146,0.1437007874015748,1,c6d418ee2c1362c7b544,127,64,0.5039370078740157,127,111,0.8740157480314961,0.9720034995625548,123.44444444444444,0.984251968503937,125.0
127,8,1016,826,0.812992125984252,190,0.18700787401574803,2,c6d418ee2c1362c7b544,127,56,0.4409448818897638,127,108,0.8503937007874016,0.9667541557305337,122.77777777777777,0.9812992125984252,124.625
127,8,1016,807,0.7942913385826772,209,0.20570866141732283,3,c6d418ee2c1362c7b544,127,49,0.3858267716535433,127,95,0.7480314960629921,0.942607174103237,119.71111111111111,0.96751968503937,122.875
127,8,1016,845,0.8316929133858267,171,0.16830708661417323,4,c6d418ee2c1362c7b544,127,62,0.4881889763779528,127,105,0.8267716535433071,0.9587051618547682,121.75555555555556,0.9763779527559056,124.0
127,8,1016,897,0.8828740157480315,119,0.1171259842519685,0,c6e7a36b62f170637a5f,127,71,0.5590551181102362,127,112,0.8818897637795275,0.9737532808398952,123.66666666666667,0.985236220472441,125.125
127,8,1016,894,0.8799212598425197,122,0.12007874015748031,1,c6e7a36b62f170637a5f,127,73,0.5748031496062992,127,114,0.8976377952755905,0.9772528433945757,124.11111111111111,0.9872047244094488,125.375
127,8,1016,845,0.8316929133858267,171,0.16830708661417323,2,c6e7a36b62f170637a5f,127,58,0.4566929133858268,127,103,0.8110236220472441,0.958005249343832,121.66666666666667,0.9763779527559056,124.0
127,8,1016,781,0.7687007874015748,235,0.2312992125984252,3,c6e7a36b62f170637a5f,127,44,0.3464566929133858,127,101,0.7952755905511811,0.9531058617672792,121.04444444444445,0.9734251968503937,123.625
127,8,1016,833,0.8198818897637795,183,0.18011811023622049,4,c6e7a36b62f170637a5f,127,52,0.4094488188976378,127,101,0.7952755905511811,0.9545056867891514,121.22222222222223,0.9744094488188977,123.75
127,8,1016,928,0.9133858267716536,88,0.08661417322834646,0,c71e3e89c6c0b3158b0b,127,86,0.6771653543307087,127,118,0.9291338582677166,0.984251968503937,125.0,0.9911417322834646,125.875
127,8,1016,893,0.8789370078740157,123,0.12106299212598425,1,c71e3e89c6c0b3158b0b,127,73,0.5748031496062992,127,112,0.8818897637795275,0.9737532808398952,123.66666666666667,0.985236220472441,125.125
127,8,1016,846,0.8326771653543307,170,0.1673228346456693,2,c71e3e89c6c0b3158b0b,127,54,0.4251968503937008,127,106,0.8346456692913385,0.963254593175853,122.33333333333333,0.9793307086614174,124.375
127,8,1016,835,0.8218503937007874,181,0.1781496062992126,3,c71e3e89c6c0b3158b0b,127,43,0.33858267716535434,127,93,0.7322834645669292,0.9405074365704286,119.44444444444444,0.9665354330708661,122.75
127,8,1016,834,0.8208661417322834,182,0.17913385826771652,4,c71e3e89c6c0b3158b0b,127,56,0.4409448818897638,127,101,0.7952755905511811,0.9545056867891513,121.22222222222223,0.9744094488188977,123.75
127,8,1016,913,0.8986220472440944,103,0.10137795275590551,0,c7586011bab5daaf44a3,127,78,0.6141732283464567,127,111,0.8740157480314961,0.9720034995625547,123.44444444444444,0.984251968503937,125.0
127,8,1016,893,0.8789370078740157,123,0.12106299212598425,1,c7586011bab5daaf44a3,127,71,0.5590551181102362,127,117,0.9212598425196851,0.9825021872265968,124.77777777777777,0.9901574803149606,125.75
127,8,1016,854,0.8405511811023622,162,0.1594488188976378,2,c7586011bab5daaf44a3,127,62,0.4881889763779528,127,108,0.8503937007874016,0.9667541557305337,122.77777777777777,0.9812992125984252,124.625
127,8,1016,799,0.7864173228346457,217,0.21358267716535434,3,c7586011bab5daaf44a3,127,46,0.36220472440944884,127,98,0.7716535433070866,0.946456692913386,120.2,0.969488188976378,123.125
127,8,1016,836,0.8228346456692913,180,0.17716535433070865,4,c7586011bab5daaf44a3,127,48,0.3779527559055118,127,96,0.7559055118110236,0.9443569553805775,119.93333333333334,0.968503937007874,123.0
127,8,1016,876,0.8622047244094488,140,0.1377952755905512,0,c77b9a21699d51f19d4d,127,67,0.5275590551181102,127,107,0.84251968503937,0.9636045494313212,122.37777777777778,0.9793307086614174,124.375
127,8,1016,834,0.8208661417322834,182,0.17913385826771652,1,c77b9a21699d51f19d4d,127,57,0.44881889763779526,127,102,0.8031496062992126,0.9548556430446196,121.26666666666667,0.9744094488188977,123.75
127,8,1016,819,0.8061023622047244,197,0.19389763779527558,2,c77b9a21699d51f19d4d,127,51,0.4015748031496063,127,104,0.8188976377952756,0.9597550306211724,121.88888888888889,0.9773622047244095,124.125
127,8,1016,769,0.7568897637795275,247,0.24311023622047245,3,c77b9a21699d51f19d4d,127,34,0.2677165354330709,127,93,0.7322834645669292,0.9391076115485563,119.26666666666667,0.9655511811023622,122.625
127,8,1016,787,0.7746062992125984,229,0.22539370078740156,4,c77b9a21699d51f19d4d,127,43,0.33858267716535434,127,97,0.7637795275590551,0.9461067366579179,120.15555555555555,0.969488188976378,123.125
127,8,1016,912,0.8976377952755905,104,0.10236220472440945,0,c88100f0084d43a0dbc4,127,77,0.6062992125984252,127,106,0.8346456692913385,0.9632545931758529,122.33333333333333,0.9793307086614174,124.375
127,8,1016,861,0.8474409448818898,155,0.15255905511811024,1,c88100f0084d43a0dbc4,127,60,0.47244094488188976,127,108,0.8503937007874016,0.9653543307086614,122.6,0.9803149606299213,124.5
127,8,1016,835,0.8218503937007874,181,0.1781496062992126,2,c88100f0084d43a0dbc4,127,51,0.4015748031496063,127,98,0.7716535433070866,0.9492563429571304,120.55555555555556,0.9714566929133859,123.375
127,8,1016,804,0.7913385826771654,212,0.20866141732283464,3,c88100f0084d43a0dbc4,127,42,0.33070866141732286,127,91,0.7165354330708661,0.9356080489938757,118.82222222222222,0.9635826771653543,122.375
127,8,1016,796,0.7834645669291339,220,0.21653543307086615,4,c88100f0084d43a0dbc4,127,47,0.3700787401574803,127,93,0.7322834645669292,0.9391076115485563,119.26666666666667,0.9655511811023622,122.625
127,8,1016,904,0.889763779527559,112,0.11023622047244094,0,c8f94099829018aa73be,127,73,0.5748031496062992,127,110,0.8661417322834646,0.9688538932633421,123.04444444444445,0.9822834645669292,124.75
127,8,1016,895,0.8809055118110236,121,0.11909448818897637,1,c8f94099829018aa73be,127,71,0.5590551181102362,127,110,0.8661417322834646,0.9702537182852143,123.22222222222223,0.9832677165354331,124.875
127,8,1016,822,0.8090551181102362,194,0.19094488188976377,2,c8f94099829018aa73be,127,47,0.3700787401574803,127,97,0.7637795275590551,0.9475065616797899,120.33333333333333,0.9704724409448819,123.25
127,8,1016,797,0.7844488188976378,219,0.2155511811023622,3,c8f94099829018aa73be,127,48,0.3779527559055118,127,103,0.8110236220472441,0.9566054243219599,121.4888888888889,0.9753937007874016,123.875
127,8,1016,847,0.8336614173228346,169,0.16633858267716536,4,c8f94099829018aa73be,127,59,0.4645669291338583,127,103,0.8110236220472441,0.958005249343832,121.66666666666667,0.9763779527559056,124.0
127,8,1016,901,0.8868110236220472,115,0.11318897637795275,0,c9054248f275923ce4b2,127,78,0.6141732283464567,127,119,0.937007874015748,0.9860017497812774,125.22222222222223,0.9921259842519685,126.0
127,8,1016,869,0.8553149606299213,147,0.14468503937007873,1,c9054248f275923ce4b2,127,67,0.5275590551181102,127,112,0.8818897637795275,0.973753280839895,123.66666666666667,0.985236220472441,125.125
127,8,1016,861,0.8474409448818898,155,0.15255905511811024,2,c9054248f275923ce4b2,127,65,0.5118110236220472,127,105,0.8267716535433071,0.9601049868766405,121.93333333333334,0.9773622047244095,124.125
127,8,1016,839,0.8257874015748031,177,0.17421259842519685,3,c9054248f275923ce4b2,127,47,0.3700787401574803,127,95,0.7480314960629921,0.942607174103237,119.71111111111111,0.96751968503937,122.875
127,8,1016,860,0.8464566929133859,156,0.15354330708661418,4,c9054248f275923ce4b2,127,60,0.47244094488188976,127,102,0.8031496062992126,0.9562554680664915,121.44444444444444,0.9753937007874016,123.875
127,8,1016,892,0.8779527559055118,124,0.1220472440944882,0,c93dd9262a72c4c1aa6f,127,70,0.5511811023622047,127,114,0.8976377952755905,0.9772528433945757,124.11111111111111,0.9872047244094488,125.375
127,8,1016,877,0.8631889763779528,139,0.13681102362204725,1,c93dd9262a72c4c1aa6f,127,67,0.5275590551181102,127,112,0.8818897637795275,0.9737532808398951,123.66666666666667,0.985236220472441,125.125
127,8,1016,848,0.8346456692913385,168,0.16535433070866143,2,c93dd9262a72c4c1aa6f,127,64,0.5039370078740157,127,99,0.7795275590551181,0.9510061242344706,120.77777777777777,0.9724409448818898,123.5
127,8,1016,776,0.7637795275590551,240,0.23622047244094488,3,c93dd9262a72c4c1aa6f,127,47,0.3700787401574803,127,95,0.7480314960629921,0.942607174103237,119.71111111111111,0.96751968503937,122.875
127,8,1016,829,0.8159448818897638,187,0.18405511811023623,4,c93dd9262a72c4c1aa6f,127,54,0.4251968503937008,127,104,0.8188976377952756,0.952755905511811,121.0,0.9724409448818898,123.5
127,8,1016,894,0.8799212598425197,122,0.12007874015748031,0,c953ff4457bae7fd415c,127,64,0.5039370078740157,127,107,0.84251968503937,0.9650043744531934,122.55555555555556,0.9803149606299213,124.5
127,8,1016,856,0.84251968503937,160,0.15748031496062992,1,c953ff4457bae7fd415c,127,59,0.4645669291338583,127,104,0.8188976377952756,0.9597550306211724,121.88888888888889,0.9773622047244095,124.125
127,8,1016,814,0.8011811023622047,202,0.19881889763779528,2,c953ff4457bae7fd415c,127,45,0.3543307086614173,127,95,0.7480314960629921,0.9440069991251092,119.88888888888889,0.968503937007874,123.0
127,8,1016,798,0.7854330708661418,218,0.21456692913385828,3,c953ff4457bae7fd415c,127,46,0.36220472440944884,127,95,0.7480314960629921,0.9412073490813648,119.53333333333333,0.9665354330708661,122.75
127,8,1016,810,0.797244094488189,206,0.20275590551181102,4,c953ff4457bae7fd415c,127,48,0.3779527559055118,127,96,0.7559055118110236,0.9457567804024497,120.11111111111111,0.969488188976378,123.125
127,8,1016,907,0.8927165354330708,109,0.10728346456692914,0,c960c8b157bc53ae29af,127,79,0.6220472440944882,127,114,0.8976377952755905,0.9772528433945757,124.11111111111111,0.9872047244094488,125.375
127,8,1016,831,0.8179133858267716,185,0.18208661417322836,1,c960c8b157bc53ae29af,127,55,0.4330708661417323,127,104,0.8188976377952756,0.9597550306211724,121.88888888888889,0.9773622047244095,124.125
127,8,1016,865,0.8513779527559056,151,0.1486220472440945,2,c960c8b157bc53ae29af,127,63,0.49606299212598426,127,109,0.8582677165354331,0.968503937007874,123.0,0.9822834645669292,124.75
127,8,1016,786,0.7736220472440944,230,0.2263779527559055,3,c960c8b157bc53ae29af,127,39,0.30708661417322836,127,95,0.7480314960629921,0.9440069991251094,119.88888888888889,0.968503937007874,123.0
127,8,1016,805,0.7923228346456693,211,0.2076771653543307,4,c960c8b157bc53ae29af,127,43,0.33858267716535434,127,95,0.7480314960629921,0.9412073490813648,119.53333333333333,0.9665354330708661,122.75
127,8,1016,923,0.9084645669291339,93,0.09153543307086615,0,c964b37a792e62a95e31,127,84,0.6614173228346457,127,118,0.9291338582677166,0.984251968503937,125.0,0.9911417322834646,125.875
127,8,1016,890,0.8759842519685039,126,0.12401574803149606,1,c964b37a792e62a95e31,127,71,0.5590551181102362,127,114,0.8976377952755905,0.9772528433945757,124.11111111111111,0.9872047244094488,125.375
127,8,1016,855,0.8415354330708661,161,0.15846456692913385,2,c964b37a792e62a95e31,127,56,0.4409448818897638,127,108,0.8503937007874016,0.9667541557305338,122.77777777777777,0.9812992125984252,124.625
127,8,1016,817,0.8041338582677166,199,0.19586614173228348,3,c964b37a792e62a95e31,127,47,0.3700787401574803,127,98,0.7716535433070866,0.9492563429571302,120.55555555555556,0.9714566929133859,123.375
127,8,1016,819,0.8061023622047244,197,0.19389763779527558,4,c964b37a792e62a95e31,127,51,0.4015748031496063,127,102,0.8031496062992126,0.9534558180227473,121.08888888888889,0.9734251968503937,123.625
51,8,408,369,0.9044117647058824,39,0.09558823529411764,0,c980b50c45e629922e4c,51,33,0.6470588235294118,51,47,0.9215686274509803,0.982570806100218,50.111111111111114,0.9901960784313726,50.5
51,8,408,358,0.8774509803921569,50,0.12254901960784313,1,c980b50c45e629922e4c,51,31,0.6078431372549019,51,45,0.8823529411764706,0.9738562091503269,49.666666666666664,0.9852941176470589,50.25
51,8,408,353,0.8651960784313726,55,0.13480392156862744,2,c980b50c45e629922e4c,51,26,0.5098039215686274,51,43,0.8431372549019608,0.9651416122004357,49.22222222222222,0.9803921568627451,50.0
51,8,408,326,0.7990196078431373,82,0.20098039215686275,3,c980b50c45e629922e4c,51,19,0.37254901960784315,51,41,0.803921568627451,0.9564270152505449,48.77777777777778,0.9754901960784313,49.75
51,8,408,361,0.8848039215686274,47,0.11519607843137254,4,c980b50c45e629922e4c,51,29,0.5686274509803921,51,46,0.9019607843137255,0.9782135076252724,49.888888888888886,0.9877450980392157,50.375
127,8,1016,912,0.8976377952755905,104,0.10236220472440945,0,c9e56e820a2698b64186,127,81,0.6377952755905512,127,111,0.8740157480314961,0.9720034995625548,123.44444444444444,0.984251968503937,125.0
127,8,1016,882,0.8681102362204725,134,0.13188976377952755,1,c9e56e820a2698b64186,127,67,0.5275590551181102,127,108,0.8503937007874016,0.9653543307086615,122.6,0.9803149606299213,124.5
127,8,1016,859,0.8454724409448819,157,0.1545275590551181,2,c9e56e820a2698b64186,127,64,0.5039370078740157,127,105,0.8267716535433071,0.9575598504732361,121.610101010101,0.9753937007874016,123.875
127,8,1016,798,0.7854330708661418,218,0.21456692913385828,3,c9e56e820a2698b64186,127,47,0.3700787401574803,127,99,0.7795275590551181,0.9510061242344706,120.77777777777777,0.9724409448818898,123.5
127,8,1016,829,0.8159448818897638,187,0.18405511811023623,4,c9e56e820a2698b64186,127,51,0.4015748031496063,127,104,0.8188976377952756,0.9569553805774277,121.53333333333333,0.9753937007874016,123.875
127,8,1016,899,0.8848425196850394,117,0.11515748031496063,0,c9f0a645a510e7b8b559,127,77,0.6062992125984252,127,110,0.8661417322834646,0.9702537182852145,123.22222222222223,0.9832677165354331,124.875
127,8,1016,855,0.8415354330708661,161,0.15846456692913385,1,c9f0a645a510e7b8b559,127,62,0.4881889763779528,127,114,0.8976377952755905,0.9772528433945757,124.11111111111111,0.9872047244094488,125.375
127,8,1016,827,0.8139763779527559,189,0.1860236220472441,2,c9f0a645a510e7b8b559,127,50,0.3937007874015748,127,106,0.8346456692913385,0.9618547681539807,122.15555555555555,0.9783464566929134,124.25
127,8,1016,826,0.812992125984252,190,0.18700787401574803,3,c9f0a645a510e7b8b559,127,47,0.3700787401574803,127,99,0.7795275590551181,0.9496062992125984,120.6,0.9714566929133859,123.375
127,8,1016,839,0.8257874015748031,177,0.17421259842519685,4,c9f0a645a510e7b8b559,127,49,0.3858267716535433,127,100,0.7874015748031497,0.952755905511811,121.0,0.9734251968503937,123.625
127,8,1016,901,0.8868110236220472,115,0.11318897637795275,0,c9f7df06aabfa856503d,127,74,0.5826771653543307,127,114,0.8976377952755905,0.9758530183727034,123.93333333333334,0.9862204724409449,125.25
127,8,1016,876,0.8622047244094488,140,0.1377952755905512,1,c9f7df06aabfa856503d,127,68,0.5354330708661418,127,104,0.8188976377952756,0.9597550306211725,121.88888888888889,0.9773622047244095,124.125
127,8,1016,871,0.8572834645669292,145,0.14271653543307086,2,c9f7df06aabfa856503d,127,58,0.4566929133858268,127,100,0.7874015748031497,0.9513560804899388,120.82222222222222,0.9724409448818898,123.5
127,8,1016,824,0.8110236220472441,192,0.1889763779527559,3,c9f7df06aabfa856503d,127,52,0.4094488188976378,127,103,0.8110236220472441,0.958005249343832,121.66666666666667,0.9763779527559056,124.0
127,8,1016,838,0.8248031496062992,178,0.17519685039370078,4,c9f7df06aabfa856503d,127,53,0.41732283464566927,127,105,0.8267716535433071,0.9601049868766405,121.93333333333334,0.9773622047244095,124.125
127,8,1016,917,0.9025590551181102,99,0.09744094488188976,0,ca551e87f31d183057fb,127,85,0.6692913385826772,127,118,0.9291338582677166,0.9842519685039369,125.0,0.9911417322834646,125.875
127,8,1016,901,0.8868110236220472,115,0.11318897637795275,1,ca551e87f31d183057fb,127,73,0.5748031496062992,127,108,0.8503937007874016,0.9667541557305338,122.77777777777777,0.9812992125984252,124.625
127,8,1016,875,0.8612204724409449,141,0.13877952755905512,2,ca551e87f31d183057fb,127,64,0.5039370078740157,127,100,0.7874015748031497,0.952755905511811,121.0,0.9734251968503937,123.625
127,8,1016,824,0.8110236220472441,192,0.1889763779527559,3,ca551e87f31d183057fb,127,47,0.3700787401574803,127,98,0.7716535433070866,0.9492563429571304,120.55555555555556,0.9714566929133859,123.375
127,8,1016,860,0.8464566929133859,156,0.15354330708661418,4,ca551e87f31d183057fb,127,62,0.4881889763779528,127,108,0.8503937007874016,0.9667541557305336,122.77777777777777,0.9812992125984252,124.625
127,8,1016,899,0.8848425196850394,117,0.11515748031496063,0,ca6f47b188d837f8f203,127,79,0.6220472440944882,127,115,0.905511811023622,0.9790026246719161,124.33333333333333,0.9881889763779528,125.5
127,8,1016,858,0.844488188976378,158,0.15551181102362205,1,ca6f47b188d837f8f203,127,64,0.5039370078740157,127,106,0.8346456692913385,0.963254593175853,122.33333333333333,0.9793307086614174,124.375
127,8,1016,871,0.8572834645669292,145,0.14271653543307086,2,ca6f47b188d837f8f203,127,67,0.5275590551181102,127,107,0.84251968503937,0.9636045494313211,122.37777777777778,0.9793307086614174,124.375
127,8,1016,804,0.7913385826771654,212,0.20866141732283464,3,ca6f47b188d837f8f203,127,44,0.3464566929133858,127,94,0.7401574803149606,0.9394575678040245,119.31111111111112,0.9655511811023622,122.625
127,8,1016,799,0.7864173228346457,217,0.21358267716535434,4,ca6f47b188d837f8f203,127,50,0.3937007874015748,127,98,0.7716535433070866,0.9492563429571304,120.55555555555556,0.9714566929133859,123.375
127,8,1016,917,0.9025590551181102,99,0.09744094488188976,0,ca7521427e5b1d2fdbc4,127,76,0.5984251968503937,127,109,0.8582677165354331,0.968503937007874,123.0,0.9822834645669292,124.75
127,8,1016,885,0.8710629921259843,131,0.12893700787401574,1,ca7521427e5b1d2fdbc4,127,64,0.5039370078740157,127,105,0.8267716535433071,0.9615048118985127,122.11111111111111,0.9783464566929134,124.25
127,8,1016,828,0.8149606299212598,188,0.18503937007874016,2,ca7521427e5b1d2fdbc4,127,52,0.4094488188976378,127,100,0.7874015748031497,0.9499562554680665,120.64444444444445,0.9714566929133859,123.375
127,8,1016,825,0.812007874015748,191,0.18799212598425197,3,ca7521427e5b1d2fdbc4,127,52,0.4094488188976378,127,108,0.8503937007874016,0.9653543307086615,122.6,0.9803149606299213,124.5
127,8,1016,861,0.8474409448818898,155,0.15255905511811024,4,ca7521427e5b1d2fdbc4,127,60,0.47244094488188976,127,104,0.8188976377952756,0.9597550306211723,121.88888888888889,0.9773622047244095,124.125
127,8,1016,927,0.9124015748031497,89,0.08759842519685039,0,ca9ed4a0b3a0658aa462,127,82,0.6456692913385826,127,111,0.8740157480314961,0.9720034995625547,123.44444444444444,0.984251968503937,125.0
127,8,1016,869,0.8553149606299213,147,0.14468503937007873,1,ca9ed4a0b3a0658aa462,127,64,0.5039370078740157,127,111,0.8740157480314961,0.9720034995625548,123.44444444444444,0.984251968503937,125.0
127,8,1016,824,0.8110236220472441,192,0.1889763779527559,2,ca9ed4a0b3a0658aa462,127,50,0.3937007874015748,127,98,0.7716535433070866,0.9492563429571302,120.55555555555556,0.9714566929133859,123.375
127,8,1016,850,0.8366141732283464,166,0.16338582677165353,3,ca9ed4a0b3a0658aa462,127,57,0.44881889763779526,127,103,0.8110236220472441,0.9554601129404279,121.34343434343434,0.9744094488188977,123.75
127,8,1016,850,0.8366141732283464,166,0.16338582677165353,4,ca9ed4a0b3a0658aa462,127,60,0.47244094488188976,127,105,0.8267716535433071,0.9615048118985127,122.11111111111111,0.9783464566929134,124.25
127,8,1016,915,0.9005905511811023,101,0.09940944881889764,0,caaa05fc074ec7492074,127,78,0.6141732283464567,127,115,0.905511811023622,0.9790026246719161,124.33333333333333,0.9881889763779528,125.5
127,8,1016,873,0.859251968503937,143,0.140748031496063,1,caaa05fc074ec7492074,127,66,0.5196850393700787,127,114,0.8976377952755905,0.9772528433945757,124.11111111111111,0.9872047244094488,125.375
127,8,1016,836,0.8228346456692913,180,0.17716535433070865,2,caaa05fc074ec7492074,127,54,0.4251968503937008,127,107,0.84251968503937,0.9650043744531934,122.55555555555556,0.9803149606299213,124.5
127,8,1016,822,0.8090551181102362,194,0.19094488188976377,3,caaa05fc074ec7492074,127,48,0.3779527559055118,127,93,0.7322834645669292,0.9363079615048118,118.91111111111111,0.9635826771653543,122.375
127,8,1016,829,0.8159448818897638,187,0.18405511811023623,4,caaa05fc074ec7492074,127,54,0.4251968503937008,127,101,0.7952755905511811,0.953105861767279,121.04444444444445,0.9734251968503937,123.625
127,8,1016,909,0.8946850393700787,107,0.10531496062992125,0,cac6fee02fd04e1964db,127,78,0.6141732283464567,127,109,0.8582677165354331,0.9671041119860018,122.82222222222222,0.9812992125984252,124.625
127,8,1016,895,0.8809055118110236,121,0.11909448818897637,1,cac6fee02fd04e1964db,127,75,0.5905511811023622,127,110,0.8661417322834646,0.9702537182852143,123.22222222222223,0.9832677165354331,124.875
127,8,1016,861,0.8474409448818898,155,0.15255905511811024,2,cac6fee02fd04e1964db,127,58,0.4566929133858268,127,109,0.8582677165354331,0.9685039370078742,123.0,0.9822834645669292,124.75
127,8,1016,832,0.8188976377952756,184,0.18110236220472442,3,cac6fee02fd04e1964db,127,46,0.36220472440944884,127,98,0.7716535433070866,0.9478565179352583,120.37777777777778,0.9704724409448819,123.25
127,8,1016,843,0.8297244094488189,173,0.1702755905511811,4,cac6fee02fd04e1964db,127,56,0.4409448818897638,127,93,0.7322834645669292,0.9405074365704288,119.44444444444444,0.9665354330708661,122.75
127,8,1016,914,0.8996062992125984,102,0.10039370078740158,0,cacdac01a1df5cf98e8c,127,78,0.6141732283464567,127,109,0.8582677165354331,0.9685039370078742,123.0,0.9822834645669292,124.75
127,8,1016,817,0.8041338582677166,199,0.19586614173228348,1,cacdac01a1df5cf98e8c,127,49,0.3858267716535433,127,106,0.8346456692913385,0.9618547681539806,122.15555555555555,0.9783464566929134,124.25
127,8,1016,831,0.8179133858267716,185,0.18208661417322836,2,cacdac01a1df5cf98e8c,127,53,0.41732283464566927,127,103,0.8110236220472441,0.9580052493438319,121.66666666666667,0.9763779527559056,124.0
127,8,1016,783,0.7706692913385826,233,0.22933070866141733,3,cacdac01a1df5cf98e8c,127,35,0.2755905511811024,127,86,0.6771653543307087,0.9282589676290464,117.88888888888889,0.9596456692913385,121.875
127,8,1016,777,0.764763779527559,239,0.23523622047244094,4,cacdac01a1df5cf98e8c,127,40,0.31496062992125984,127,108,0.8503937007874016,0.9653543307086615,122.6,0.9803149606299213,124.5
127,8,1016,900,0.8858267716535433,116,0.1141732283464567,0,cb4f5e75566df4895a22,127,73,0.5748031496062992,127,111,0.8740157480314961,0.9720034995625547,123.44444444444444,0.984251968503937,125.0
127,8,1016,862,0.8484251968503937,154,0.1515748031496063,1,cb4f5e75566df4895a22,127,66,0.5196850393700787,127,116,0.9133858267716536,0.9807524059492563,124.55555555555556,0.9891732283464567,125.625
127,8,1016,844,0.8307086614173228,172,0.16929133858267717,2,cb4f5e75566df4895a22,127,55,0.4330708661417323,127,106,0.8346456692913385,0.963254593175853,122.33333333333333,0.9793307086614174,124.375
127,8,1016,809,0.7962598425196851,207,0.20374015748031496,3,cb4f5e75566df4895a22,127,44,0.3464566929133858,127,93,0.7322834645669292,0.9405074365704288,119.44444444444444,0.9665354330708661,122.75
127,8,1016,883,0.8690944881889764,133,0.1309055118110236,4,cb4f5e75566df4895a22,127,73,0.5748031496062992,127,111,0.8740157480314961,0.9692038495188102,123.08888888888889,0.9822834645669292,124.75
127,8,1016,899,0.8848425196850394,117,0.11515748031496063,0,cb5ad6bd2da7b7ac246a,127,69,0.5433070866141733,127,115,0.905511811023622,0.9790026246719161,124.33333333333333,0.9881889763779528,125.5
127,8,1016,854,0.8405511811023622,162,0.1594488188976378,1,cb5ad6bd2da7b7ac246a,127,62,0.4881889763779528,127,107,0.84251968503937,0.9650043744531932,122.55555555555556,0.9803149606299213,124.5
127,8,1016,861,0.8474409448818898,155,0.15255905511811024,2,cb5ad6bd2da7b7ac246a,127,68,0.5354330708661418,127,113,0.889763779527559,0.9755030621172354,123.88888888888889,0.9862204724409449,125.25
127,8,1016,845,0.8316929133858267,171,0.16830708661417323,3,cb5ad6bd2da7b7ac246a,127,51,0.4015748031496063,127,100,0.7874015748031497,0.9499562554680665,120.64444444444445,0.9714566929133859,123.375
127,8,1016,850,0.8366141732283464,166,0.16338582677165353,4,cb5ad6bd2da7b7ac246a,127,55,0.4330708661417323,127,103,0.8110236220472441,0.9566054243219597,121.4888888888889,0.9753937007874016,123.875
127,8,1016,925,0.9104330708661418,91,0.08956692913385826,0,cb7ef85aeaf18ee8ce20,127,84,0.6614173228346457,127,117,0.9212598425196851,0.9825021872265967,124.77777777777777,0.9901574803149606,125.75
127,8,1016,828,0.8149606299212598,188,0.18503937007874016,1,cb7ef85aeaf18ee8ce20,127,55,0.4330708661417323,127,98,0.7716535433070866,0.9492563429571304,120.55555555555556,0.9714566929133859,123.375
127,8,1016,857,0.843503937007874,159,0.15649606299212598,2,cb7ef85aeaf18ee8ce20,127,59,0.4645669291338583,127,104,0.8188976377952756,0.9597550306211725,121.88888888888889,0.9773622047244095,124.125
127,8,1016,770,0.7578740157480315,246,0.2421259842519685,3,cb7ef85aeaf18ee8ce20,127,31,0.2440944881889764,127,89,0.7007874015748031,0.932108486439195,118.37777777777778,0.9616141732283464,122.125
127,8,1016,818,0.8051181102362205,198,0.19488188976377951,4,cb7ef85aeaf18ee8ce20,127,49,0.3858267716535433,127,97,0.7637795275590551,0.9461067366579178,120.15555555555555,0.969488188976378,123.125
127,8,1016,905,0.890748031496063,111,0.10925196850393701,0,cb95ee1e94b241aba4f9,127,76,0.5984251968503937,127,113,0.889763779527559,0.9755030621172355,123.88888888888889,0.9862204724409449,125.25
127,8,1016,888,0.8740157480314961,128,0.12598425196850394,1,cb95ee1e94b241aba4f9,127,71,0.5590551181102362,127,115,0.905511811023622,0.979002624671916,124.33333333333333,0.9881889763779528,125.5
127,8,1016,875,0.8612204724409449,141,0.13877952755905512,2,cb95ee1e94b241aba4f9,127,65,0.5118110236220472,127,95,0.7480314960629921,0.9426071741032371,119.71111111111111,0.96751968503937,122.875
127,8,1016,785,0.7726377952755905,231,0.22736220472440946,3,cb95ee1e94b241aba4f9,127,43,0.33858267716535434,127,92,0.7244094488188977,0.9359580052493439,118.86666666666666,0.9635826771653543,122.375
127,8,1016,837,0.8238188976377953,179,0.17618110236220472,4,cb95ee1e94b241aba4f9,127,57,0.44881889763779526,127,103,0.8110236220472441,0.9552055993000874,121.31111111111112,0.9744094488188977,123.75
127,8,1016,898,0.8838582677165354,118,0.11614173228346457,0,cc05fb2fbe60c1e25c7c,127,73,0.5748031496062992,127,111,0.8740157480314961,0.9720034995625547,123.44444444444444,0.984251968503937,125.0
127,8,1016,881,0.8671259842519685,135,0.1328740157480315,1,cc05fb2fbe60c1e25c7c,127,70,0.5511811023622047,127,114,0.8976377952755905,0.9772528433945757,124.11111111111111,0.9872047244094488,125.375
127,8,1016,845,0.8316929133858267,171,0.16830708661417323,2,cc05fb2fbe60c1e25c7c,127,49,0.3858267716535433,127,105,0.8267716535433071,0.9601049868766404,121.93333333333334,0.9773622047244095,124.125
127,8,1016,842,0.8287401574803149,174,0.17125984251968504,3,cc05fb2fbe60c1e25c7c,127,56,0.4409448818897638,127,98,0.7716535433070866,0.9492563429571305,120.55555555555556,0.9714566929133859,123.375
127,8,1016,877,0.8631889763779528,139,0.13681102362204725,4,cc05fb2fbe60c1e25c7c,127,63,0.49606299212598426,127,96,0.7559055118110236,0.9457567804024497,120.11111111111111,0.969488188976378,123.125
127,8,1016,912,0.8976377952755905,104,0.10236220472440945,0,cc075064e2dcaf82ea11,127,78,0.6141732283464567,127,109,0.8582677165354331,0.968503937007874,123.0,0.9822834645669292,124.75
127,8,1016,864,0.8503937007874016,152,0.14960629921259844,1,cc075064e2dcaf82ea11,127,62,0.4881889763779528,127,113,0.889763779527559,0.9755030621172355,123.88888888888889,0.9862204724409449,125.25
127,8,1016,840,0.8267716535433071,176,0.1732283464566929,2,cc075064e2dcaf82ea11,127,56,0.4409448818897638,127,106,0.8346456692913385,0.9632545931758529,122.33333333333333,0.9793307086614174,124.375
127,8,1016,836,0.8228346456692913,180,0.17716535433070865,3,cc075064e2dcaf82ea11,127,55,0.4330708661417323,127,105,0.8267716535433071,0.9601049868766405,121.93333333333334,0.9773622047244095,124.125
127,8,1016,844,0.8307086614173228,172,0.16929133858267717,4,cc075064e2dcaf82ea11,127,56,0.4409448818897638,127,104,0.8188976377952756,0.9583552055993001,121.71111111111111,0.9763779527559056,124.0
127,8,1016,716,0.7047244094488189,300,0.2952755905511811,0,cc66fc7e655780f0ce4a,127,43,0.33858267716535434,127,87,0.6850393700787402,0.9300087489063869,118.11111111111111,0.9606299212598425,122.0
127,8,1016,597,0.5875984251968503,419,0.4124015748031496,1,cc66fc7e655780f0ce4a,127,6,0.047244094488188976,127,53,0.41732283464566927,0.869116360454943,110.37777777777778,0.9261811023622047,117.625
127,8,1016,511,0.5029527559055118,505,0.4970472440944882,2,cc66fc7e655780f0ce4a,127,6,0.047244094488188976,127,35,0.2755905511811024,0.8168774357750734,103.74343434343434,0.8937007874015748,113.5
127,8,1016,420,0.41338582677165353,596,0.5866141732283464,3,cc66fc7e655780f0ce4a,127,4,0.031496062992125984,127,45,0.3543307086614173,0.8313210848643915,105.57777777777778,0.9015748031496063,114.5
127,8,1016,495,0.48720472440944884,521,0.5127952755905512,4,cc66fc7e655780f0ce4a,127,5,0.03937007874015748,127,52,0.4094488188976378,0.8449693788276463,107.31111111111112,0.9094488188976378,115.5
127,8,1016,917,0.9025590551181102,99,0.09744094488188976,0,cc92eea2f85060c2ef48,127,82,0.6456692913385826,127,110,0.8661417322834646,0.9702537182852145,123.22222222222223,0.9832677165354331,124.875
127,8,1016,887,0.8730314960629921,129,0.12696850393700787,1,cc92eea2f85060c2ef48,127,68,0.5354330708661418,127,107,0.84251968503937,0.9636045494313212,122.37777777777778,0.9793307086614174,124.375
127,8,1016,851,0.8375984251968503,165,0.1624015748031496,2,cc92eea2f85060c2ef48,127,56,0.4409448818897638,127,103,0.8110236220472441,0.9566054243219598,121.4888888888889,0.9753937007874016,123.875
127,8,1016,817,0.8041338582677166,199,0.19586614173228348,3,cc92eea2f85060c2ef48,127,51,0.4015748031496063,127,107,0.84251968503937,0.9650043744531934,122.55555555555556,0.9803149606299213,124.5
127,8,1016,847,0.8336614173228346,169,0.16633858267716536,4,cc92eea2f85060c2ef48,127,53,0.41732283464566927,127,97,0.7637795275590551,0.94750656167979,120.33333333333333,0.9704724409448819,123.25
127,8,1016,944,0.9291338582677166,72,0.07086614173228346,0,cc968cd2910e4b042410,127,92,0.7244094488188977,127,114,0.8976377952755905,0.9772528433945757,124.11111111111111,0.9872047244094488,125.375
127,8,1016,891,0.8769685039370079,125,0.12303149606299213,1,cc968cd2910e4b042410,127,66,0.5196850393700787,127,114,0.8976377952755905,0.9772528433945757,124.11111111111111,0.9872047244094488,125.375
127,8,1016,857,0.843503937007874,159,0.15649606299212598,2,cc968cd2910e4b042410,127,61,0.48031496062992124,127,100,0.7874015748031497,0.952755905511811,121.0,0.9734251968503937,123.625
127,8,1016,836,0.8228346456692913,180,0.17716535433070865,3,cc968cd2910e4b042410,127,55,0.4330708661417323,127,97,0.7637795275590551,0.9461067366579178,120.15555555555555,0.969488188976378,123.125
127,8,1016,846,0.8326771653543307,170,0.1673228346456693,4,cc968cd2910e4b042410,127,56,0.4409448818897638,127,105,0.8267716535433071,0.9615048118985126,122.11111111111111,0.9783464566929134,124.25
127,8,1016,920,0.905511811023622,96,0.09448818897637795,0,cca742911a13c00aec34,127,81,0.6377952755905512,127,116,0.9133858267716536,0.9807524059492563,124.55555555555556,0.9891732283464567,125.625
127,8,1016,899,0.8848425196850394,117,0.11515748031496063,1,cca742911a13c00aec34,127,79,0.6220472440944882,127,110,0.8661417322834646,0.9688538932633421,123.04444444444445,0.9822834645669292,124.75
127,8,1016,864,0.8503937007874016,152,0.14960629921259844,2,cca742911a13c00aec34,127,60,0.47244094488188976,127,104,0.8188976377952756,0.9597550306211723,121.88888888888889,0.9773622047244095,124.125
127,8,1016,816,0.8031496062992126,200,0.1968503937007874,3,cca742911a13c00aec34,127,50,0.3937007874015748,127,94,0.7401574803149606,0.942257217847769,119.66666666666667,0.96751968503937,122.875
127,8,1016,848,0.8346456692913385,168,0.16535433070866143,4,cca742911a13c00aec34,127,54,0.4251968503937008,127,95,0.7480314960629921,0.9440069991251093,119.88888888888889,0.968503937007874,123.0
127,8,1016,900,0.8858267716535433,116,0.1141732283464567,0,ccb10409682b5cac10c7,127,76,0.5984251968503937,127,115,0.905511811023622,0.9790026246719161,124.33333333333333,0.9881889763779528,125.5
127,8,1016,865,0.8513779527559056,151,0.1486220472440945,1,ccb10409682b5cac10c7,127,59,0.4645669291338583,127,106,0.8346456692913385,0.9632545931758528,122.33333333333333,0.9793307086614174,124.375
127,8,1016,832,0.8188976377952756,184,0.18110236220472442,2,ccb10409682b5cac10c7,127,57,0.44881889763779526,127,109,0.8582677165354331,0.968503937007874,123.0,0.9822834645669292,124.75
127,8,1016,792,0.7795275590551181,224,0.2204724409448819,3,ccb10409682b5cac10c7,127,41,0.3228346456692913,127,90,0.7086614173228346,0.9338582677165354,118.6,0.9625984251968503,122.25
127,8,1016,823,0.8100393700787402,193,0.18996062992125984,4,ccb10409682b5cac10c7,127,48,0.3779527559055118,127,105,0.8267716535433071,0.9601049868766405,121.93333333333334,0.9773622047244095,124.125
127,8,1016,905,0.890748031496063,111,0.10925196850393701,0,ccde5d7b82ca11f23b09,127,78,0.6141732283464567,127,116,0.9133858267716536,0.9807524059492565,124.55555555555556,0.9891732283464567,125.625
127,8,1016,887,0.8730314960629921,129,0.12696850393700787,1,ccde5d7b82ca11f23b09,127,68,0.5354330708661418,127,106,0.8346456692913385,0.963254593175853,122.33333333333333,0.9793307086614174,124.375
127,8,1016,856,0.84251968503937,160,0.15748031496062992,2,ccde5d7b82ca11f23b09,127,63,0.49606299212598426,127,104,0.8188976377952756,0.9569553805774278,121.53333333333333,0.9753937007874016,123.875
127,8,1016,779,0.7667322834645669,237,0.23326771653543307,3,ccde5d7b82ca11f23b09,127,41,0.3228346456692913,127,93,0.7322834645669292,0.9379623001670246,119.12121212121212,0.9645669291338582,122.5
127,8,1016,840,0.8267716535433071,176,0.1732283464566929,4,ccde5d7b82ca11f23b09,127,56,0.4409448818897638,127,100,0.7874015748031497,0.9527559055118111,121.0,0.9734251968503937,123.625
127,8,1016,892,0.8779527559055118,124,0.1220472440944882,0,cd5e143f7557cfc96999,127,74,0.5826771653543307,127,112,0.8818897637795275,0.9737532808398951,123.66666666666667,0.985236220472441,125.125
127,8,1016,888,0.8740157480314961,128,0.12598425196850394,1,cd5e143f7557cfc96999,127,69,0.5433070866141733,127,113,0.889763779527559,0.9755030621172355,123.88888888888889,0.9862204724409449,125.25
127,8,1016,854,0.8405511811023622,162,0.1594488188976378,2,cd5e143f7557cfc96999,127,58,0.4566929133858268,127,103,0.8110236220472441,0.9552055993000874,121.31111111111112,0.9744094488188977,123.75
127,8,1016,865,0.8513779527559056,151,0.1486220472440945,3,cd5e143f7557cfc96999,127,59,0.4645669291338583,127,101,0.7952755905511811,0.9545056867891514,121.22222222222223,0.9744094488188977,123.75
127,8,1016,863,0.8494094488188977,153,0.15059055118110237,4,cd5e143f7557cfc96999,127,61,0.48031496062992124,127,98,0.7716535433070866,0.9478565179352582,120.37777777777778,0.9704724409448819,123.25
127,8,1016,896,0.8818897637795275,120,0.11811023622047244,0,cd748cc0523506c2997c,127,70,0.5511811023622047,127,112,0.8818897637795275,0.9737532808398952,123.66666666666667,0.985236220472441,125.125
127,8,1016,880,0.8661417322834646,136,0.13385826771653545,1,cd748cc0523506c2997c,127,70,0.5511811023622047,127,116,0.9133858267716536,0.9807524059492564,124.55555555555556,0.9891732283464567,125.625
127,8,1016,857,0.843503937007874,159,0.15649606299212598,2,cd748cc0523506c2997c,127,61,0.48031496062992124,127,103,0.8110236220472441,0.958005249343832,121.66666666666667,0.9763779527559056,124.0
127,8,1016,814,0.8011811023622047,202,0.19881889763779528,3,cd748cc0523506c2997c,127,43,0.33858267716535434,127,99,0.7795275590551181,0.9482064741907261,120.42222222222222,0.9704724409448819,123.25
127,8,1016,837,0.8238188976377953,179,0.17618110236220472,4,cd748cc0523506c2997c,127,53,0.41732283464566927,127,104,0.8188976377952756,0.9583552055993,121.71111111111111,0.9763779527559056,124.0
127,8,1016,910,0.8956692913385826,106,0.10433070866141732,0,ce3b621205a2f65dcaa1,127,78,0.6141732283464567,127,111,0.8740157480314961,0.9720034995625547,123.44444444444444,0.984251968503937,125.0
127,8,1016,896,0.8818897637795275,120,0.11811023622047244,1,ce3b621205a2f65dcaa1,127,73,0.5748031496062992,127,106,0.8346456692913385,0.9618547681539809,122.15555555555555,0.9783464566929134,124.25
127,8,1016,832,0.8188976377952756,184,0.18110236220472442,2,ce3b621205a2f65dcaa1,127,45,0.3543307086614173,127,101,0.7952755905511811,0.9531058617672792,121.04444444444445,0.9734251968503937,123.625
127,8,1016,803,0.7903543307086615,213,0.20964566929133857,3,ce3b621205a2f65dcaa1,127,47,0.3700787401574803,127,99,0.7795275590551181,0.9482064741907261,120.42222222222222,0.9704724409448819,123.25
127,8,1016,830,0.8169291338582677,186,0.1830708661417323,4,ce3b621205a2f65dcaa1,127,50,0.3937007874015748,127,100,0.7874015748031497,0.952755905511811,121.0,0.9734251968503937,123.625
1,8,8,7,0.875,1,0.125,0,ce8803bd786e747fc5da,1,0,0.0,1,0,0.0,0.7777777777777778,0.7777777777777778,0.875,0.875
1,8,8,5,0.625,3,0.375,1,ce8803bd786e747fc5da,1,0,0.0,1,0,0.0,0.7777777777777778,0.7777777777777778,0.875,0.875
1,8,8,8,1.0,0,0.0,2,ce8803bd786e747fc5da,1,1,1.0,1,1,1.0,1.0,1.0,1.0,1.0
1,8,8,3,0.375,5,0.625,3,ce8803bd786e747fc5da,1,0,0.0,1,0,0.0,0.6,0.6,0.75,0.75
1,8,8,5,0.625,3,0.375,4,ce8803bd786e747fc5da,1,0,0.0,1,0,0.0,0.7777777777777778,0.7777777777777778,0.875,0.875
127,8,1016,905,0.890748031496063,111,0.10925196850393701,0,cef2ad578ccae2987bf5,127,78,0.6141732283464567,127,114,0.8976377952755905,0.9772528433945757,124.11111111111111,0.9872047244094488,125.375
127,8,1016,863,0.8494094488188977,153,0.15059055118110237,1,cef2ad578ccae2987bf5,127,62,0.4881889763779528,127,98,0.7716535433070866,0.9492563429571305,120.55555555555556,0.9714566929133859,123.375
127,8,1016,821,0.8080708661417323,195,0.1919291338582677,2,cef2ad578ccae2987bf5,127,48,0.3779527559055118,127,102,0.8031496062992126,0.9562554680664916,121.44444444444444,0.9753937007874016,123.875
127,8,1016,803,0.7903543307086615,213,0.20964566929133857,3,cef2ad578ccae2987bf5,127,48,0.3779527559055118,127,102,0.8031496062992126,0.9534558180227471,121.08888888888889,0.9734251968503937,123.625
127,8,1016,844,0.8307086614173228,172,0.16929133858267717,4,cef2ad578ccae2987bf5,127,51,0.4015748031496063,127,95,0.7480314960629921,0.9440069991251092,119.88888888888889,0.968503937007874,123.0
6,8,48,44,0.9166666666666666,4,0.08333333333333333,0,cef9ccc3dede53da7cf5,6,4,0.6666666666666666,6,6,1.0,1.0,6.0,1.0,6.0
6,8,48,40,0.8333333333333334,8,0.16666666666666666,1,cef9ccc3dede53da7cf5,6,3,0.5,6,5,0.8333333333333334,0.9629629629629629,5.777777777777778,0.9791666666666666,5.875
6,8,48,44,0.9166666666666666,4,0.08333333333333333,2,cef9ccc3dede53da7cf5,6,4,0.6666666666666666,6,6,1.0,1.0,6.0,1.0,6.0
6,8,48,35,0.7291666666666666,13,0.2708333333333333,3,cef9ccc3dede53da7cf5,6,0,0.0,6,3,0.5,0.8888888888888888,5.333333333333333,0.9375,5.625
6,8,48,45,0.9375,3,0.0625,4,cef9ccc3dede53da7cf5,6,4,0.6666666666666666,6,5,0.8333333333333334,0.9629629629629629,5.777777777777778,0.9791666666666666,5.875
127,8,1016,897,0.8828740157480315,119,0.1171259842519685,0,cf09294076c02627a3a0,127,78,0.6141732283464567,127,111,0.8740157480314961,0.9720034995625547,123.44444444444444,0.984251968503937,125.0
127,8,1016,885,0.8710629921259843,131,0.12893700787401574,1,cf09294076c02627a3a0,127,68,0.5354330708661418,127,112,0.8818897637795275,0.9723534558180228,123.4888888888889,0.984251968503937,125.0
127,8,1016,850,0.8366141732283464,166,0.16338582677165353,2,cf09294076c02627a3a0,127,59,0.4645669291338583,127,105,0.8267716535433071,0.9601049868766406,121.93333333333334,0.9773622047244095,124.125
127,8,1016,829,0.8159448818897638,187,0.18405511811023623,3,cf09294076c02627a3a0,127,51,0.4015748031496063,127,104,0.8188976377952756,0.9597550306211724,121.88888888888889,0.9773622047244095,124.125
127,8,1016,882,0.8681102362204725,134,0.13188976377952755,4,cf09294076c02627a3a0,127,60,0.47244094488188976,127,102,0.8031496062992126,0.9562554680664915,121.44444444444444,0.9753937007874016,123.875
127,8,1016,896,0.8818897637795275,120,0.11811023622047244,0,cf7b6e98551fa0af3d01,127,74,0.5826771653543307,127,117,0.9212598425196851,0.9825021872265967,124.77777777777777,0.9901574803149606,125.75
127,8,1016,860,0.8464566929133859,156,0.15354330708661418,1,cf7b6e98551fa0af3d01,127,55,0.4330708661417323,127,99,0.7795275590551181,0.9510061242344707,120.77777777777777,0.9724409448818898,123.5
127,8,1016,838,0.8248031496062992,178,0.17519685039370078,2,cf7b6e98551fa0af3d01,127,57,0.44881889763779526,127,111,0.8740157480314961,0.9720034995625548,123.44444444444444,0.984251968503937,125.0
127,8,1016,799,0.7864173228346457,217,0.21358267716535434,3,cf7b6e98551fa0af3d01,127,48,0.3779527559055118,127,98,0.7716535433070866,0.9450568678915134,120.02222222222223,0.968503937007874,123.0
127,8,1016,836,0.8228346456692913,180,0.17716535433070865,4,cf7b6e98551fa0af3d01,127,54,0.4251968503937008,127,104,0.8188976377952756,0.9597550306211723,121.88888888888889,0.9773622047244095,124.125
127,8,1016,879,0.8651574803149606,137,0.13484251968503938,0,d01ed33c5d8b4ebe4e68,127,63,0.49606299212598426,127,114,0.8976377952755905,0.9772528433945757,124.11111111111111,0.9872047244094488,125.375
127,8,1016,857,0.843503937007874,159,0.15649606299212598,1,d01ed33c5d8b4ebe4e68,127,55,0.4330708661417323,127,102,0.8031496062992126,0.9562554680664916,121.44444444444444,0.9753937007874016,123.875
127,8,1016,809,0.7962598425196851,207,0.20374015748031496,2,d01ed33c5d8b4ebe4e68,127,44,0.3464566929133858,127,97,0.7637795275590551,0.9461067366579179,120.15555555555555,0.969488188976378,123.125
127,8,1016,788,0.7755905511811023,228,0.22440944881889763,3,d01ed33c5d8b4ebe4e68,127,39,0.30708661417322836,127,95,0.7480314960629921,0.9412073490813648,119.53333333333333,0.9665354330708661,122.75
127,8,1016,793,0.780511811023622,223,0.21948818897637795,4,d01ed33c5d8b4ebe4e68,127,44,0.3464566929133858,127,95,0.7480314960629921,0.942607174103237,119.71111111111111,0.96751968503937,122.875
127,8,1016,894,0.8799212598425197,122,0.12007874015748031,0,d1602404fdf9a687b17f,127,72,0.5669291338582677,127,113,0.889763779527559,0.9755030621172354,123.88888888888889,0.9862204724409449,125.25
127,8,1016,834,0.8208661417322834,182,0.17913385826771652,1,d1602404fdf9a687b17f,127,53,0.41732283464566927,127,104,0.8188976377952756,0.9597550306211723,121.88888888888889,0.9773622047244095,124.125
127,8,1016,826,0.812992125984252,190,0.18700787401574803,2,d1602404fdf9a687b17f,127,52,0.4094488188976378,127,98,0.7716535433070866,0.9492563429571304,120.55555555555556,0.9714566929133859,123.375
127,8,1016,824,0.8110236220472441,192,0.1889763779527559,3,d1602404fdf9a687b17f,127,52,0.4094488188976378,127,100,0.7874015748031497,0.9499562554680665,120.64444444444445,0.9714566929133859,123.375
127,8,1016,837,0.8238188976377953,179,0.17618110236220472,4,d1602404fdf9a687b17f,127,53,0.41732283464566927,127,102,0.8031496062992126,0.9562554680664916,121.44444444444444,0.9753937007874016,123.875
127,8,1016,912,0.8976377952755905,104,0.10236220472440945,0,d1edc02f59a4883e4d91,127,80,0.6299212598425197,127,113,0.889763779527559,0.9755030621172354,123.88888888888889,0.9862204724409449,125.25
127,8,1016,889,0.875,127,0.125,1,d1edc02f59a4883e4d91,127,66,0.5196850393700787,127,107,0.84251968503937,0.9636045494313211,122.37777777777778,0.9793307086614174,124.375
127,8,1016,834,0.8208661417322834,182,0.17913385826771652,2,d1edc02f59a4883e4d91,127,51,0.4015748031496063,127,103,0.8110236220472441,0.958005249343832,121.66666666666667,0.9763779527559056,124.0
127,8,1016,812,0.7992125984251969,204,0.20078740157480315,3,d1edc02f59a4883e4d91,127,46,0.36220472440944884,127,96,0.7559055118110236,0.9457567804024497,120.11111111111111,0.969488188976378,123.125
127,8,1016,828,0.8149606299212598,188,0.18503937007874016,4,d1edc02f59a4883e4d91,127,59,0.4645669291338583,127,101,0.7952755905511811,0.9545056867891514,121.22222222222223,0.9744094488188977,123.75
127,8,1016,910,0.8956692913385826,106,0.10433070866141732,0,d2451c217ecf54d76ae3,127,82,0.6456692913385826,127,117,0.9212598425196851,0.9825021872265968,124.77777777777777,0.9901574803149606,125.75
127,8,1016,864,0.8503937007874016,152,0.14960629921259844,1,d2451c217ecf54d76ae3,127,63,0.49606299212598426,127,109,0.8582677165354331,0.9671041119860019,122.82222222222222,0.9812992125984252,124.625
127,8,1016,875,0.8612204724409449,141,0.13877952755905512,2,d2451c217ecf54d76ae3,127,65,0.5118110236220472,127,103,0.8110236220472441,0.9580052493438319,121.66666666666667,0.9763779527559056,124.0
127,8,1016,822,0.8090551181102362,194,0.19094488188976377,3,d2451c217ecf54d76ae3,127,50,0.3937007874015748,127,97,0.7637795275590551,0.9461067366579177,120.15555555555555,0.969488188976378,123.125
127,8,1016,846,0.8326771653543307,170,0.1673228346456693,4,d2451c217ecf54d76ae3,127,58,0.4566929133858268,127,107,0.84251968503937,0.963604549431321,122.37777777777778,0.9793307086614174,124.375
127,8,1016,896,0.8818897637795275,120,0.11811023622047244,0,d28e7cb28a862000f211,127,73,0.5748031496062992,127,116,0.9133858267716536,0.9807524059492563,124.55555555555556,0.9891732283464567,125.625
127,8,1016,894,0.8799212598425197,122,0.12007874015748031,1,d28e7cb28a862000f211,127,71,0.5590551181102362,127,109,0.8582677165354331,0.968503937007874,123.0,0.9822834645669292,124.75
127,8,1016,867,0.8533464566929134,149,0.1466535433070866,2,d28e7cb28a862000f211,127,64,0.5039370078740157,127,101,0.7952755905511811,0.9545056867891514,121.22222222222223,0.9744094488188977,123.75
127,8,1016,811,0.7982283464566929,205,0.2017716535433071,3,d28e7cb28a862000f211,127,50,0.3937007874015748,127,97,0.7637795275590551,0.9435616002545136,119.83232323232323,0.96751968503937,122.875
127,8,1016,807,0.7942913385826772,209,0.20570866141732283,4,d28e7cb28a862000f211,127,46,0.36220472440944884,127,102,0.8031496062992126,0.9548556430446196,121.26666666666667,0.9744094488188977,123.75
127,8,1016,899,0.8848425196850394,117,0.11515748031496063,0,d2ad6a368500632341b5,127,73,0.5748031496062992,127,113,0.889763779527559,0.9755030621172355,123.88888888888889,0.9862204724409449,125.25
127,8,1016,873,0.859251968503937,143,0.140748031496063,1,d2ad6a368500632341b5,127,66,0.5196850393700787,127,109,0.8582677165354331,0.968503937007874,123.0,0.9822834645669292,124.75
127,8,1016,837,0.8238188976377953,179,0.17618110236220472,2,d2ad6a368500632341b5,127,55,0.4330708661417323,127,104,0.8188976377952756,0.9597550306211723,121.88888888888889,0.9773622047244095,124.125
127,8,1016,780,0.7677165354330708,236,0.23228346456692914,3,d2ad6a368500632341b5,127,35,0.2755905511811024,127,96,0.7559055118110236,0.9457567804024496,120.11111111111111,0.969488188976378,123.125
127,8,1016,843,0.8297244094488189,173,0.1702755905511811,4,d2ad6a368500632341b5,127,55,0.4330708661417323,127,100,0.7874015748031497,0.9499562554680665,120.64444444444445,0.9714566929133859,123.375
127,8,1016,886,0.8720472440944882,130,0.1279527559055118,0,d2aef3de0a914cbd30cd,127,70,0.5511811023622047,127,109,0.8582677165354331,0.968503937007874,123.0,0.9822834645669292,124.75
127,8,1016,875,0.8612204724409449,141,0.13877952755905512,1,d2aef3de0a914cbd30cd,127,68,0.5354330708661418,127,111,0.8740157480314961,0.9720034995625546,123.44444444444444,0.984251968503937,125.0
127,8,1016,855,0.8415354330708661,161,0.15846456692913385,2,d2aef3de0a914cbd30cd,127,58,0.4566929133858268,127,103,0.8110236220472441,0.9580052493438321,121.66666666666667,0.9763779527559056,124.0
127,8,1016,812,0.7992125984251969,204,0.20078740157480315,3,d2aef3de0a914cbd30cd,127,51,0.4015748031496063,127,94,0.7401574803149606,0.9408573928258966,119.4888888888889,0.9665354330708661,122.75
127,8,1016,815,0.8021653543307087,201,0.19783464566929135,4,d2aef3de0a914cbd30cd,127,52,0.4094488188976378,127,102,0.8031496062992126,0.9520559930008748,120.91111111111111,0.9724409448818898,123.5
127,8,1016,899,0.8848425196850394,117,0.11515748031496063,0,d2c48184cc2e83155340,127,71,0.5590551181102362,127,111,0.8740157480314961,0.9720034995625548,123.44444444444444,0.984251968503937,125.0
127,8,1016,859,0.8454724409448819,157,0.1545275590551181,1,d2c48184cc2e83155340,127,55,0.4330708661417323,127,105,0.8267716535433071,0.9615048118985127,122.11111111111111,0.9783464566929134,124.25
127,8,1016,854,0.8405511811023622,162,0.1594488188976378,2,d2c48184cc2e83155340,127,56,0.4409448818897638,127,106,0.8346456692913385,0.9632545931758529,122.33333333333333,0.9793307086614174,124.375
127,8,1016,838,0.8248031496062992,178,0.17519685039370078,3,d2c48184cc2e83155340,127,53,0.41732283464566927,127,104,0.8188976377952756,0.9597550306211723,121.88888888888889,0.9773622047244095,124.125
127,8,1016,814,0.8011811023622047,202,0.19881889763779528,4,d2c48184cc2e83155340,127,46,0.36220472440944884,127,93,0.7322834645669292,0.9405074365704286,119.44444444444444,0.9665354330708661,122.75
127,8,1016,910,0.8956692913385826,106,0.10433070866141732,0,d33dbda788627764c00f,127,79,0.6220472440944882,127,112,0.8818897637795275,0.9737532808398952,123.66666666666667,0.985236220472441,125.125
127,8,1016,897,0.8828740157480315,119,0.1171259842519685,1,d33dbda788627764c00f,127,71,0.5590551181102362,127,105,0.8267716535433071,0.9615048118985127,122.11111111111111,0.9783464566929134,124.25
127,8,1016,844,0.8307086614173228,172,0.16929133858267717,2,d33dbda788627764c00f,127,63,0.49606299212598426,127,101,0.7952755905511811,0.9545056867891514,121.22222222222223,0.9744094488188977,123.75
127,8,1016,829,0.8159448818897638,187,0.18405511811023623,3,d33dbda788627764c00f,127,51,0.4015748031496063,127,104,0.8188976377952756,0.9597550306211723,121.88888888888889,0.9773622047244095,124.125
127,8,1016,836,0.8228346456692913,180,0.17716535433070865,4,d33dbda788627764c00f,127,57,0.44881889763779526,127,107,0.84251968503937,0.9650043744531932,122.55555555555556,0.9803149606299213,124.5
127,8,1016,887,0.8730314960629921,129,0.12696850393700787,0,d35a0a4817634dc7cc96,127,70,0.5511811023622047,127,116,0.9133858267716536,0.9807524059492565,124.55555555555556,0.9891732283464567,125.625
127,8,1016,861,0.8474409448818898,155,0.15255905511811024,1,d35a0a4817634dc7cc96,127,62,0.4881889763779528,127,107,0.84251968503937,0.9636045494313211,122.37777777777778,0.9793307086614174,124.375
127,8,1016,842,0.8287401574803149,174,0.17125984251968504,2,d35a0a4817634dc7cc96,127,63,0.49606299212598426,127,105,0.8267716535433071,0.9615048118985127,122.11111111111111,0.9783464566929134,124.25
127,8,1016,835,0.8218503937007874,181,0.1781496062992126,3,d35a0a4817634dc7cc96,127,51,0.4015748031496063,127,102,0.8031496062992126,0.9562554680664916,121.44444444444444,0.9753937007874016,123.875
127,8,1016,841,0.827755905511811,175,0.17224409448818898,4,d35a0a4817634dc7cc96,127,56,0.4409448818897638,127,103,0.8110236220472441,0.9552055993000873,121.31111111111112,0.9744094488188977,123.75
127,8,1016,903,0.8887795275590551,113,0.11122047244094488,0,d37b2b30191e39ab55f9,127,74,0.5826771653543307,127,111,0.8740157480314961,0.9720034995625548,123.44444444444444,0.984251968503937,125.0
127,8,1016,889,0.875,127,0.125,1,d37b2b30191e39ab55f9,127,70,0.5511811023622047,127,108,0.8503937007874016,0.9653543307086616,122.6,0.9803149606299213,124.5
127,8,1016,850,0.8366141732283464,166,0.16338582677165353,2,d37b2b30191e39ab55f9,127,60,0.47244094488188976,127,105,0.8267716535433071,0.9615048118985127,122.11111111111111,0.9783464566929134,124.25
127,8,1016,822,0.8090551181102362,194,0.19094488188976377,3,d37b2b30191e39ab55f9,127,45,0.3543307086614173,127,101,0.7952755905511811,0.9545056867891514,121.22222222222223,0.9744094488188977,123.75
127,8,1016,828,0.8149606299212598,188,0.18503937007874016,4,d37b2b30191e39ab55f9,127,51,0.4015748031496063,127,101,0.7952755905511811,0.9545056867891513,121.22222222222223,0.9744094488188977,123.75
127,8,1016,899,0.8848425196850394,117,0.11515748031496063,0,d37c7290c5413ebd15e5,127,70,0.5511811023622047,127,112,0.8818897637795275,0.9723534558180228,123.4888888888889,0.984251968503937,125.0
127,8,1016,899,0.8848425196850394,117,0.11515748031496063,1,d37c7290c5413ebd15e5,127,71,0.5590551181102362,127,104,0.8188976377952756,0.9583552055993001,121.71111111111111,0.9763779527559056,124.0
127,8,1016,828,0.8149606299212598,188,0.18503937007874016,2,d37c7290c5413ebd15e5,127,50,0.3937007874015748,127,101,0.7952755905511811,0.9531058617672792,121.04444444444445,0.9734251968503937,123.625
127,8,1016,798,0.7854330708661418,218,0.21456692913385828,3,d37c7290c5413ebd15e5,127,52,0.4094488188976378,127,99,0.7795275590551181,0.9496062992125984,120.6,0.9714566929133859,123.375
127,8,1016,811,0.7982283464566929,205,0.2017716535433071,4,d37c7290c5413ebd15e5,127,43,0.33858267716535434,127,94,0.7401574803149606,0.9422572178477692,119.66666666666667,0.96751968503937,122.875
127,8,1016,918,0.9035433070866141,98,0.09645669291338582,0,d3931b16d449005faf35,127,78,0.6141732283464567,127,112,0.8818897637795275,0.9737532808398951,123.66666666666667,0.985236220472441,125.125
127,8,1016,904,0.889763779527559,112,0.11023622047244094,1,d3931b16d449005faf35,127,76,0.5984251968503937,127,109,0.8582677165354331,0.968503937007874,123.0,0.9822834645669292,124.75
127,8,1016,851,0.8375984251968503,165,0.1624015748031496,2,d3931b16d449005faf35,127,61,0.48031496062992124,127,108,0.8503937007874016,0.9667541557305338,122.77777777777777,0.9812992125984252,124.625
127,8,1016,809,0.7962598425196851,207,0.20374015748031496,3,d3931b16d449005faf35,127,53,0.41732283464566927,127,100,0.7874015748031497,0.9499562554680665,120.64444444444445,0.9714566929133859,123.375
127,8,1016,828,0.8149606299212598,188,0.18503937007874016,4,d3931b16d449005faf35,127,52,0.4094488188976378,127,102,0.8031496062992126,0.9562554680664916,121.44444444444444,0.9753937007874016,123.875
127,8,1016,874,0.860236220472441,142,0.13976377952755906,0,d3d427ca6ab184fc3dad,127,66,0.5196850393700787,127,104,0.8188976377952756,0.9597550306211723,121.88888888888889,0.9773622047244095,124.125
127,8,1016,808,0.7952755905511811,208,0.2047244094488189,1,d3d427ca6ab184fc3dad,127,47,0.3700787401574803,127,103,0.8110236220472441,0.9552055993000874,121.31111111111112,0.9744094488188977,123.75
127,8,1016,872,0.8582677165354331,144,0.14173228346456693,2,d3d427ca6ab184fc3dad,127,65,0.5118110236220472,127,102,0.8031496062992126,0.9562554680664918,121.44444444444444,0.9753937007874016,123.875
127,8,1016,819,0.8061023622047244,197,0.19389763779527558,3,d3d427ca6ab184fc3dad,127,52,0.4094488188976378,127,98,0.7716535433070866,0.9478565179352582,120.37777777777778,0.9704724409448819,123.25
127,8,1016,803,0.7903543307086615,213,0.20964566929133857,4,d3d427ca6ab184fc3dad,127,48,0.3779527559055118,127,106,0.8346456692913385,0.963254593175853,122.33333333333333,0.9793307086614174,124.375
127,8,1016,905,0.890748031496063,111,0.10925196850393701,0,d4cceaad88cb0529de4f,127,74,0.5826771653543307,127,114,0.8976377952755905,0.9772528433945757,124.11111111111111,0.9872047244094488,125.375
127,8,1016,877,0.8631889763779528,139,0.13681102362204725,1,d4cceaad88cb0529de4f,127,68,0.5354330708661418,127,103,0.8110236220472441,0.9580052493438319,121.66666666666667,0.9763779527559056,124.0
127,8,1016,828,0.8149606299212598,188,0.18503937007874016,2,d4cceaad88cb0529de4f,127,48,0.3779527559055118,127,105,0.8267716535433071,0.9615048118985127,122.11111111111111,0.9783464566929134,124.25
127,8,1016,772,0.7598425196850394,244,0.24015748031496062,3,d4cceaad88cb0529de4f,127,41,0.3228346456692913,127,98,0.7716535433070866,0.9492563429571302,120.55555555555556,0.9714566929133859,123.375
127,8,1016,826,0.812992125984252,190,0.18700787401574803,4,d4cceaad88cb0529de4f,127,52,0.4094488188976378,127,97,0.7637795275590551,0.9461067366579179,120.15555555555555,0.969488188976378,123.125
127,8,1016,736,0.7244094488188977,280,0.2755905511811024,0,d4d0c07197eaf2915900,127,36,0.28346456692913385,127,88,0.6929133858267716,0.9289588801399827,117.97777777777777,0.9596456692913385,121.875
127,8,1016,652,0.6417322834645669,364,0.35826771653543305,1,d4d0c07197eaf2915900,127,4,0.031496062992125984,127,36,0.28346456692913385,0.8337707786526681,105.88888888888889,0.905511811023622,115.0
127,8,1016,484,0.4763779527559055,532,0.5236220472440944,2,d4d0c07197eaf2915900,127,5,0.03937007874015748,127,40,0.31496062992125984,0.8211723534558178,104.28888888888889,0.8956692913385826,113.75
127,8,1016,437,0.4301181102362205,579,0.5698818897637795,3,d4d0c07197eaf2915900,127,5,0.03937007874015748,127,44,0.3464566929133858,0.829825817227392,105.38787878787879,0.9005905511811023,114.375
127,8,1016,528,0.5196850393700787,488,0.48031496062992124,4,d4d0c07197eaf2915900,127,7,0.05511811023622047,127,56,0.4409448818897638,0.8631671041119858,109.62222222222222,0.9212598425196851,117.0
127,8,1016,907,0.8927165354330708,109,0.10728346456692914,0,d4e41b234555351ee4da,127,78,0.6141732283464567,127,112,0.8818897637795275,0.973753280839895,123.66666666666667,0.985236220472441,125.125
127,8,1016,868,0.8543307086614174,148,0.14566929133858267,1,d4e41b234555351ee4da,127,61,0.48031496062992124,127,97,0.7637795275590551,0.9461067366579177,120.15555555555555,0.969488188976378,123.125
127,8,1016,865,0.8513779527559056,151,0.1486220472440945,2,d4e41b234555351ee4da,127,61,0.48031496062992124,127,110,0.8661417322834646,0.9688538932633421,123.04444444444445,0.9822834645669292,124.75
127,8,1016,818,0.8051181102362205,198,0.19488188976377951,3,d4e41b234555351ee4da,127,46,0.36220472440944884,127,96,0.7559055118110236,0.9443569553805775,119.93333333333334,0.968503937007874,123.0
127,8,1016,862,0.8484251968503937,154,0.1515748031496063,4,d4e41b234555351ee4da,127,60,0.47244094488188976,127,107,0.84251968503937,0.9650043744531934,122.55555555555556,0.9803149606299213,124.5
127,8,1016,889,0.875,127,0.125,0,d51b06ab7dd13d4d81d4,127,75,0.5905511811023622,127,113,0.889763779527559,0.9755030621172355,123.88888888888889,0.9862204724409449,125.25
127,8,1016,890,0.8759842519685039,126,0.12401574803149606,1,d51b06ab7dd13d4d81d4,127,67,0.5275590551181102,127,104,0.8188976377952756,0.9597550306211723,121.88888888888889,0.9773622047244095,124.125
127,8,1016,854,0.8405511811023622,162,0.1594488188976378,2,d51b06ab7dd13d4d81d4,127,60,0.47244094488188976,127,106,0.8346456692913385,0.963254593175853,122.33333333333333,0.9793307086614174,124.375
127,8,1016,811,0.7982283464566929,205,0.2017716535433071,3,d51b06ab7dd13d4d81d4,127,47,0.3700787401574803,127,103,0.8110236220472441,0.9580052493438319,121.66666666666667,0.9763779527559056,124.0
127,8,1016,837,0.8238188976377953,179,0.17618110236220472,4,d51b06ab7dd13d4d81d4,127,62,0.4881889763779528,127,110,0.8661417322834646,0.9702537182852145,123.22222222222223,0.9832677165354331,124.875
127,8,1016,908,0.8937007874015748,108,0.1062992125984252,0,d54b9920df3289027f13,127,82,0.6456692913385826,127,119,0.937007874015748,0.9860017497812774,125.22222222222223,0.9921259842519685,126.0
127,8,1016,857,0.843503937007874,159,0.15649606299212598,1,d54b9920df3289027f13,127,61,0.48031496062992124,127,105,0.8267716535433071,0.9615048118985127,122.11111111111111,0.9783464566929134,124.25
127,8,1016,842,0.8287401574803149,174,0.17125984251968504,2,d54b9920df3289027f13,127,55,0.4330708661417323,127,107,0.84251968503937,0.9650043744531932,122.55555555555556,0.9803149606299213,124.5
127,8,1016,793,0.780511811023622,223,0.21948818897637795,3,d54b9920df3289027f13,127,41,0.3228346456692913,127,96,0.7559055118110236,0.9418118189771733,119.610101010101,0.9665354330708661,122.75
127,8,1016,806,0.7933070866141733,210,0.20669291338582677,4,d54b9920df3289027f13,127,49,0.3858267716535433,127,99,0.7795275590551181,0.9496062992125984,120.6,0.9714566929133859,123.375
127,8,1016,916,0.9015748031496063,100,0.0984251968503937,0,d584c4cfa7779c6be42c,127,83,0.6535433070866141,127,116,0.9133858267716536,0.9807524059492564,124.55555555555556,0.9891732283464567,125.625
127,8,1016,879,0.8651574803149606,137,0.13484251968503938,1,d584c4cfa7779c6be42c,127,71,0.5590551181102362,127,115,0.905511811023622,0.9790026246719161,124.33333333333333,0.9881889763779528,125.5
127,8,1016,865,0.8513779527559056,151,0.1486220472440945,2,d584c4cfa7779c6be42c,127,57,0.44881889763779526,127,104,0.8188976377952756,0.9572098942177684,121.56565656565657,0.9753937007874016,123.875
127,8,1016,788,0.7755905511811023,228,0.22440944881889763,3,d584c4cfa7779c6be42c,127,41,0.3228346456692913,127,94,0.7401574803149606,0.9408573928258966,119.4888888888889,0.9665354330708661,122.75
127,8,1016,852,0.8385826771653543,164,0.16141732283464566,4,d584c4cfa7779c6be42c,127,59,0.4645669291338583,127,99,0.7795275590551181,0.9510061242344706,120.77777777777777,0.9724409448818898,123.5
127,8,1016,895,0.8809055118110236,121,0.11909448818897637,0,d5a2d0e1c881a72f54f4,127,71,0.5590551181102362,127,117,0.9212598425196851,0.9825021872265968,124.77777777777777,0.9901574803149606,125.75
127,8,1016,873,0.859251968503937,143,0.140748031496063,1,d5a2d0e1c881a72f54f4,127,64,0.5039370078740157,127,108,0.8503937007874016,0.9667541557305337,122.77777777777777,0.9812992125984252,124.625
127,8,1016,844,0.8307086614173228,172,0.16929133858267717,2,d5a2d0e1c881a72f54f4,127,56,0.4409448818897638,127,109,0.8582677165354331,0.9657042869641295,122.64444444444445,0.9803149606299213,124.5
127,8,1016,817,0.8041338582677166,199,0.19586614173228348,3,d5a2d0e1c881a72f54f4,127,50,0.3937007874015748,127,93,0.7322834645669292,0.9405074365704286,119.44444444444444,0.9665354330708661,122.75
127,8,1016,847,0.8336614173228346,169,0.16633858267716536,4,d5a2d0e1c881a72f54f4,127,55,0.4330708661417323,127,102,0.8031496062992126,0.9562554680664916,121.44444444444444,0.9753937007874016,123.875
127,8,1016,881,0.8671259842519685,135,0.1328740157480315,0,d64596be0221f3b70026,127,67,0.5275590551181102,127,109,0.8582677165354331,0.968503937007874,123.0,0.9822834645669292,124.75
127,8,1016,852,0.8385826771653543,164,0.16141732283464566,1,d64596be0221f3b70026,127,56,0.4409448818897638,127,107,0.84251968503937,0.9650043744531933,122.55555555555556,0.9803149606299213,124.5
127,8,1016,824,0.8110236220472441,192,0.1889763779527559,2,d64596be0221f3b70026,127,53,0.41732283464566927,127,101,0.7952755905511811,0.9531058617672792,121.04444444444445,0.9734251968503937,123.625
127,8,1016,769,0.7568897637795275,247,0.24311023622047245,3,d64596be0221f3b70026,127,34,0.2677165354330709,127,90,0.7086614173228346,0.9310586176727909,118.24444444444444,0.9606299212598425,122.0
127,8,1016,800,0.7874015748031497,216,0.2125984251968504,4,d64596be0221f3b70026,127,48,0.3779527559055118,127,98,0.7716535433070866,0.9492563429571305,120.55555555555556,0.9714566929133859,123.375
127,8,1016,891,0.8769685039370079,125,0.12303149606299213,0,d6e432fcfc894fcdf881,127,65,0.5118110236220472,127,109,0.8582677165354331,0.968503937007874,123.0,0.9822834645669292,124.75
127,8,1016,877,0.8631889763779528,139,0.13681102362204725,1,d6e432fcfc894fcdf881,127,64,0.5039370078740157,127,102,0.8031496062992126,0.953455818022747,121.08888888888889,0.9734251968503937,123.625
127,8,1016,868,0.8543307086614174,148,0.14566929133858267,2,d6e432fcfc894fcdf881,127,63,0.49606299212598426,127,108,0.8503937007874016,0.9653543307086614,122.6,0.9803149606299213,124.5
127,8,1016,823,0.8100393700787402,193,0.18996062992125984,3,d6e432fcfc894fcdf881,127,46,0.36220472440944884,127,93,0.7322834645669292,0.9391076115485563,119.26666666666667,0.9655511811023622,122.625
127,8,1016,850,0.8366141732283464,166,0.16338582677165353,4,d6e432fcfc894fcdf881,127,56,0.4409448818897638,127,101,0.7952755905511811,0.9545056867891513,121.22222222222223,0.9744094488188977,123.75
127,8,1016,897,0.8828740157480315,119,0.1171259842519685,0,d6f402d11078ae28b1f7,127,72,0.5669291338582677,127,113,0.889763779527559,0.9755030621172354,123.88888888888889,0.9862204724409449,125.25
127,8,1016,876,0.8622047244094488,140,0.1377952755905512,1,d6f402d11078ae28b1f7,127,66,0.5196850393700787,127,113,0.889763779527559,0.9741032370953631,123.71111111111111,0.985236220472441,125.125
127,8,1016,863,0.8494094488188977,153,0.15059055118110237,2,d6f402d11078ae28b1f7,127,63,0.49606299212598426,127,105,0.8267716535433071,0.9601049868766405,121.93333333333334,0.9773622047244095,124.125
127,8,1016,789,0.7765748031496063,227,0.2234251968503937,3,d6f402d11078ae28b1f7,127,42,0.33070866141732286,127,103,0.8110236220472441,0.9566054243219597,121.4888888888889,0.9753937007874016,123.875
127,8,1016,814,0.8011811023622047,202,0.19881889763779528,4,d6f402d11078ae28b1f7,127,47,0.3700787401574803,127,100,0.7874015748031497,0.9513560804899388,120.82222222222222,0.9724409448818898,123.5
127,8,1016,890,0.8759842519685039,126,0.12401574803149606,0,d6f454eac4a53046e42e,127,67,0.5275590551181102,127,108,0.8503937007874016,0.9667541557305336,122.77777777777777,0.9812992125984252,124.625
127,8,1016,895,0.8809055118110236,121,0.11909448818897637,1,d6f454eac4a53046e42e,127,69,0.5433070866141733,127,108,0.8503937007874016,0.9667541557305336,122.77777777777777,0.9812992125984252,124.625
127,8,1016,843,0.8297244094488189,173,0.1702755905511811,2,d6f454eac4a53046e42e,127,50,0.3937007874015748,127,96,0.7559055118110236,0.9457567804024498,120.11111111111111,0.969488188976378,123.125
127,8,1016,778,0.765748031496063,238,0.234251968503937,3,d6f454eac4a53046e42e,127,42,0.33070866141732286,127,92,0.7244094488188977,0.937357830271216,119.04444444444445,0.9645669291338582,122.5
127,8,1016,821,0.8080708661417323,195,0.1919291338582677,4,d6f454eac4a53046e42e,127,49,0.3858267716535433,127,106,0.8346456692913385,0.9632545931758529,122.33333333333333,0.9793307086614174,124.375
127,8,1016,920,0.905511811023622,96,0.09448818897637795,0,d73b80329b316dcdaf36,127,80,0.6299212598425197,127,117,0.9212598425196851,0.9825021872265968,124.77777777777777,0.9901574803149606,125.75
127,8,1016,851,0.8375984251968503,165,0.1624015748031496,1,d73b80329b316dcdaf36,127,62,0.4881889763779528,127,111,0.8740157480314961,0.9720034995625548,123.44444444444444,0.984251968503937,125.0
127,8,1016,843,0.8297244094488189,173,0.1702755905511811,2,d73b80329b316dcdaf36,127,55,0.4330708661417323,127,101,0.7952755905511811,0.9531058617672792,121.04444444444445,0.9734251968503937,123.625
127,8,1016,798,0.7854330708661418,218,0.21456692913385828,3,d73b80329b316dcdaf36,127,44,0.3464566929133858,127,90,0.7086614173228346,0.9338582677165355,118.6,0.9625984251968503,122.25
127,8,1016,809,0.7962598425196851,207,0.20374015748031496,4,d73b80329b316dcdaf36,127,48,0.3779527559055118,127,99,0.7795275590551181,0.9482064741907259,120.42222222222222,0.9704724409448819,123.25
127,8,1016,942,0.9271653543307087,74,0.07283464566929133,0,d76d3c32ef4c93167c51,127,90,0.7086614173228346,127,117,0.9212598425196851,0.9825021872265968,124.77777777777777,0.9901574803149606,125.75
127,8,1016,888,0.8740157480314961,128,0.12598425196850394,1,d76d3c32ef4c93167c51,127,70,0.5511811023622047,127,106,0.8346456692913385,0.963254593175853,122.33333333333333,0.9793307086614174,124.375
127,8,1016,852,0.8385826771653543,164,0.16141732283464566,2,d76d3c32ef4c93167c51,127,61,0.48031496062992124,127,105,0.8267716535433071,0.9615048118985127,122.11111111111111,0.9783464566929134,124.25
127,8,1016,797,0.7844488188976378,219,0.2155511811023622,3,d76d3c32ef4c93167c51,127,45,0.3543307086614173,127,94,0.7401574803149606,0.9383122564224927,119.16565656565656,0.9645669291338582,122.5
127,8,1016,843,0.8297244094488189,173,0.1702755905511811,4,d76d3c32ef4c93167c51,127,62,0.4881889763779528,127,103,0.8110236220472441,0.9580052493438319,121.66666666666667,0.9763779527559056,124.0
48,8,384,350,0.9114583333333334,34,0.08854166666666667,0,d7c98976ac96049f9f9c,48,33,0.6875,48,45,0.9375,0.9861111111111112,47.333333333333336,0.9921875,47.625
48,8,384,333,0.8671875,51,0.1328125,1,d7c98976ac96049f9f9c,48,26,0.5416666666666666,48,45,0.9375,0.9861111111111112,47.333333333333336,0.9921875,47.625
48,8,384,327,0.8515625,57,0.1484375,2,d7c98976ac96049f9f9c,48,27,0.5625,48,43,0.8958333333333334,0.9768518518518517,46.888888888888886,0.9869791666666666,47.375
48,8,384,316,0.8229166666666666,68,0.17708333333333334,3,d7c98976ac96049f9f9c,48,18,0.375,48,39,0.8125,0.9583333333333334,46.0,0.9765625,46.875
48,8,384,330,0.859375,54,0.140625,4,d7c98976ac96049f9f9c,48,23,0.4791666666666667,48,37,0.7708333333333334,0.9490740740740741,45.55555555555556,0.9713541666666666,46.625
127,8,1016,904,0.889763779527559,112,0.11023622047244094,0,d7eeb5c3a73a68a2c72c,127,72,0.5669291338582677,127,110,0.8661417322834646,0.9702537182852145,123.22222222222223,0.9832677165354331,124.875
127,8,1016,879,0.8651574803149606,137,0.13484251968503938,1,d7eeb5c3a73a68a2c72c,127,64,0.5039370078740157,127,113,0.889763779527559,0.9727034120734908,123.53333333333333,0.984251968503937,125.0
127,8,1016,841,0.827755905511811,175,0.17224409448818898,2,d7eeb5c3a73a68a2c72c,127,47,0.3700787401574803,127,97,0.7637795275590551,0.9475065616797901,120.33333333333333,0.9704724409448819,123.25
127,8,1016,776,0.7637795275590551,240,0.23622047244094488,3,d7eeb5c3a73a68a2c72c,127,40,0.31496062992125984,127,98,0.7716535433070866,0.9492563429571304,120.55555555555556,0.9714566929133859,123.375
127,8,1016,835,0.8218503937007874,181,0.1781496062992126,4,d7eeb5c3a73a68a2c72c,127,46,0.36220472440944884,127,105,0.8267716535433071,0.9615048118985127,122.11111111111111,0.9783464566929134,124.25
127,8,1016,887,0.8730314960629921,129,0.12696850393700787,0,d8edb7f1d9b6fb40cb72,127,69,0.5433070866141733,127,108,0.8503937007874016,0.9667541557305336,122.77777777777777,0.9812992125984252,124.625
127,8,1016,872,0.8582677165354331,144,0.14173228346456693,1,d8edb7f1d9b6fb40cb72,127,64,0.5039370078740157,127,114,0.8976377952755905,0.9772528433945757,124.11111111111111,0.9872047244094488,125.375
127,8,1016,844,0.8307086614173228,172,0.16929133858267717,2,d8edb7f1d9b6fb40cb72,127,51,0.4015748031496063,127,95,0.7480314960629921,0.9440069991251093,119.88888888888889,0.968503937007874,123.0
127,8,1016,844,0.8307086614173228,172,0.16929133858267717,3,d8edb7f1d9b6fb40cb72,127,56,0.4409448818897638,127,105,0.8267716535433071,0.9615048118985127,122.11111111111111,0.9783464566929134,124.25
127,8,1016,831,0.8179133858267716,185,0.18208661417322836,4,d8edb7f1d9b6fb40cb72,127,52,0.4094488188976378,127,112,0.8818897637795275,0.9737532808398951,123.66666666666667,0.985236220472441,125.125
127,8,1016,890,0.8759842519685039,126,0.12401574803149606,0,d9249bf90507eb60487d,127,74,0.5826771653543307,127,109,0.8582677165354331,0.968503937007874,123.0,0.9822834645669292,124.75
127,8,1016,901,0.8868110236220472,115,0.11318897637795275,1,d9249bf90507eb60487d,127,76,0.5984251968503937,127,108,0.8503937007874016,0.9667541557305337,122.77777777777777,0.9812992125984252,124.625
127,8,1016,805,0.7923228346456693,211,0.2076771653543307,2,d9249bf90507eb60487d,127,48,0.3779527559055118,127,99,0.7795275590551181,0.9496062992125984,120.6,0.9714566929133859,123.375
127,8,1016,805,0.7923228346456693,211,0.2076771653543307,3,d9249bf90507eb60487d,127,49,0.3858267716535433,127,101,0.7952755905511811,0.9517060367454069,120.86666666666666,0.9724409448818898,123.5
127,8,1016,815,0.8021653543307087,201,0.19783464566929135,4,d9249bf90507eb60487d,127,42,0.33070866141732286,127,96,0.7559055118110236,0.9457567804024497,120.11111111111111,0.969488188976378,123.125
127,8,1016,914,0.8996062992125984,102,0.10039370078740158,0,d9622fa2fc1017575ec2,127,77,0.6062992125984252,127,107,0.84251968503937,0.9650043744531933,122.55555555555556,0.9803149606299213,124.5
127,8,1016,873,0.859251968503937,143,0.140748031496063,1,d9622fa2fc1017575ec2,127,63,0.49606299212598426,127,111,0.8740157480314961,0.9692038495188101,123.08888888888889,0.9822834645669292,124.75
127,8,1016,899,0.8848425196850394,117,0.11515748031496063,2,d9622fa2fc1017575ec2,127,77,0.6062992125984252,127,112,0.8818897637795275,0.9737532808398951,123.66666666666667,0.985236220472441,125.125
127,8,1016,826,0.812992125984252,190,0.18700787401574803,3,d9622fa2fc1017575ec2,127,50,0.3937007874015748,127,100,0.7874015748031497,0.9527559055118111,121.0,0.9734251968503937,123.625
127,8,1016,850,0.8366141732283464,166,0.16338582677165353,4,d9622fa2fc1017575ec2,127,56,0.4409448818897638,127,104,0.8188976377952756,0.9583552055993002,121.71111111111111,0.9763779527559056,124.0
127,8,1016,882,0.8681102362204725,134,0.13188976377952755,0,d97854ce673152a2e895,127,72,0.5669291338582677,127,114,0.8976377952755905,0.9772528433945757,124.11111111111111,0.9872047244094488,125.375
127,8,1016,878,0.8641732283464567,138,0.13582677165354332,1,d97854ce673152a2e895,127,68,0.5354330708661418,127,109,0.8582677165354331,0.9671041119860018,122.82222222222222,0.9812992125984252,124.625
127,8,1016,853,0.8395669291338582,163,0.16043307086614172,2,d97854ce673152a2e895,127,61,0.48031496062992124,127,109,0.8582677165354331,0.968503937007874,123.0,0.9822834645669292,124.75
127,8,1016,803,0.7903543307086615,213,0.20964566929133857,3,d97854ce673152a2e895,127,50,0.3937007874015748,127,108,0.8503937007874016,0.9667541557305336,122.77777777777777,0.9812992125984252,124.625
127,8,1016,838,0.8248031496062992,178,0.17519685039370078,4,d97854ce673152a2e895,127,52,0.4094488188976378,127,98,0.7716535433070866,0.9492563429571304,120.55555555555556,0.9714566929133859,123.375
127,8,1016,919,0.9045275590551181,97,0.09547244094488189,0,d9d3ecbdd05cb7446e3c,127,82,0.6456692913385826,127,113,0.889763779527559,0.9755030621172355,123.88888888888889,0.9862204724409449,125.25
127,8,1016,874,0.860236220472441,142,0.13976377952755906,1,d9d3ecbdd05cb7446e3c,127,67,0.5275590551181102,127,115,0.905511811023622,0.9790026246719161,124.33333333333333,0.9881889763779528,125.5
127,8,1016,869,0.8553149606299213,147,0.14468503937007873,2,d9d3ecbdd05cb7446e3c,127,57,0.44881889763779526,127,101,0.7952755905511811,0.9531058617672792,121.04444444444445,0.9734251968503937,123.625
127,8,1016,797,0.7844488188976378,219,0.2155511811023622,3,d9d3ecbdd05cb7446e3c,127,38,0.2992125984251969,127,96,0.7559055118110236,0.9443569553805775,119.93333333333334,0.968503937007874,123.0
127,8,1016,831,0.8179133858267716,185,0.18208661417322836,4,d9d3ecbdd05cb7446e3c,127,52,0.4094488188976378,127,103,0.8110236220472441,0.9552055993000874,121.31111111111112,0.9744094488188977,123.75
127,8,1016,894,0.8799212598425197,122,0.12007874015748031,0,da1186af0fe4ead7b8a3,127,71,0.5590551181102362,127,111,0.8740157480314961,0.9720034995625548,123.44444444444444,0.984251968503937,125.0
127,8,1016,880,0.8661417322834646,136,0.13385826771653545,1,da1186af0fe4ead7b8a3,127,66,0.5196850393700787,127,110,0.8661417322834646,0.9702537182852145,123.22222222222223,0.9832677165354331,124.875
127,8,1016,846,0.8326771653543307,170,0.1673228346456693,2,da1186af0fe4ead7b8a3,127,60,0.47244094488188976,127,108,0.8503937007874016,0.9667541557305337,122.77777777777777,0.9812992125984252,124.625
127,8,1016,833,0.8198818897637795,183,0.18011811023622049,3,da1186af0fe4ead7b8a3,127,52,0.4094488188976378,127,99,0.7795275590551181,0.9510061242344706,120.77777777777777,0.9724409448818898,123.5
127,8,1016,829,0.8159448818897638,187,0.18405511811023623,4,da1186af0fe4ead7b8a3,127,44,0.3464566929133858,127,95,0.7480314960629921,0.9426071741032369,119.71111111111111,0.96751968503937,122.875
127,8,1016,904,0.889763779527559,112,0.11023622047244094,0,da278f853123e557b793,127,73,0.5748031496062992,127,112,0.8818897637795275,0.9737532808398952,123.66666666666667,0.985236220472441,125.125
127,8,1016,890,0.8759842519685039,126,0.12401574803149606,1,da278f853123e557b793,127,72,0.5669291338582677,127,111,0.8740157480314961,0.9720034995625548,123.44444444444444,0.984251968503937,125.0
127,8,1016,842,0.8287401574803149,174,0.17125984251968504,2,da278f853123e557b793,127,57,0.44881889763779526,127,96,0.7559055118110236,0.9429571303587051,119.75555555555556,0.96751968503937,122.875
127,8,1016,820,0.8070866141732284,196,0.19291338582677164,3,da278f853123e557b793,127,48,0.3779527559055118,127,100,0.7874015748031497,0.952755905511811,121.0,0.9734251968503937,123.625
127,8,1016,840,0.8267716535433071,176,0.1732283464566929,4,da278f853123e557b793,127,56,0.4409448818897638,127,97,0.7637795275590551,0.9447069116360454,119.97777777777777,0.968503937007874,123.0
127,8,1016,912,0.8976377952755905,104,0.10236220472440945,0,da761af310412e791b36,127,75,0.5905511811023622,127,108,0.8503937007874016,0.9667541557305337,122.77777777777777,0.9812992125984252,124.625
127,8,1016,851,0.8375984251968503,165,0.1624015748031496,1,da761af310412e791b36,127,57,0.44881889763779526,127,108,0.8503937007874016,0.9667541557305336,122.77777777777777,0.9812992125984252,124.625
127,8,1016,843,0.8297244094488189,173,0.1702755905511811,2,da761af310412e791b36,127,60,0.47244094488188976,127,101,0.7952755905511811,0.9545056867891514,121.22222222222223,0.9744094488188977,123.75
127,8,1016,813,0.8001968503937008,203,0.19980314960629922,3,da761af310412e791b36,127,52,0.4094488188976378,127,99,0.7795275590551181,0.9468066491688538,120.24444444444444,0.969488188976378,123.125
127,8,1016,840,0.8267716535433071,176,0.1732283464566929,4,da761af310412e791b36,127,54,0.4251968503937008,127,101,0.7952755905511811,0.9503062117235346,120.68888888888888,0.9714566929133859,123.375
127,8,1016,880,0.8661417322834646,136,0.13385826771653545,0,dad8f018d4c8500ae0be,127,66,0.5196850393700787,127,112,0.8818897637795275,0.9737532808398951,123.66666666666667,0.985236220472441,125.125
127,8,1016,889,0.875,127,0.125,1,dad8f018d4c8500ae0be,127,69,0.5433070866141733,127,111,0.8740157480314961,0.9720034995625548,123.44444444444444,0.984251968503937,125.0
127,8,1016,852,0.8385826771653543,164,0.16141732283464566,2,dad8f018d4c8500ae0be,127,59,0.4645669291338583,127,100,0.7874015748031497,0.9513560804899388,120.82222222222222,0.9724409448818898,123.5
127,8,1016,811,0.7982283464566929,205,0.2017716535433071,3,dad8f018d4c8500ae0be,127,50,0.3937007874015748,127,100,0.7874015748031497,0.9527559055118109,121.0,0.9734251968503937,123.625
127,8,1016,851,0.8375984251968503,165,0.1624015748031496,4,dad8f018d4c8500ae0be,127,57,0.44881889763779526,127,98,0.7716535433070866,0.9492563429571302,120.55555555555556,0.9714566929133859,123.375
127,8,1016,905,0.890748031496063,111,0.10925196850393701,0,dba8a8da0a7ff9857eb7,127,76,0.5984251968503937,127,114,0.8976377952755905,0.9772528433945757,124.11111111111111,0.9872047244094488,125.375
127,8,1016,884,0.8700787401574803,132,0.12992125984251968,1,dba8a8da0a7ff9857eb7,127,69,0.5433070866141733,127,110,0.8661417322834646,0.9702537182852145,123.22222222222223,0.9832677165354331,124.875
127,8,1016,856,0.84251968503937,160,0.15748031496062992,2,dba8a8da0a7ff9857eb7,127,59,0.4645669291338583,127,107,0.84251968503937,0.9650043744531934,122.55555555555556,0.9803149606299213,124.5
127,8,1016,813,0.8001968503937008,203,0.19980314960629922,3,dba8a8da0a7ff9857eb7,127,49,0.3858267716535433,127,99,0.7795275590551181,0.9496062992125984,120.6,0.9714566929133859,123.375
127,8,1016,856,0.84251968503937,160,0.15748031496062992,4,dba8a8da0a7ff9857eb7,127,61,0.48031496062992124,127,99,0.7795275590551181,0.9510061242344706,120.77777777777777,0.9724409448818898,123.5
127,8,1016,878,0.8641732283464567,138,0.13582677165354332,0,dbb8dced5bf7a78d07db,127,66,0.5196850393700787,127,109,0.8582677165354331,0.968503937007874,123.0,0.9822834645669292,124.75
127,8,1016,880,0.8661417322834646,136,0.13385826771653545,1,dbb8dced5bf7a78d07db,127,66,0.5196850393700787,127,104,0.8188976377952756,0.9597550306211723,121.88888888888889,0.9773622047244095,124.125
127,8,1016,843,0.8297244094488189,173,0.1702755905511811,2,dbb8dced5bf7a78d07db,127,60,0.47244094488188976,127,108,0.8503937007874016,0.9667541557305336,122.77777777777777,0.9812992125984252,124.625
127,8,1016,802,0.7893700787401575,214,0.2106299212598425,3,dbb8dced5bf7a78d07db,127,49,0.3858267716535433,127,99,0.7795275590551181,0.9496062992125984,120.6,0.9714566929133859,123.375
127,8,1016,824,0.8110236220472441,192,0.1889763779527559,4,dbb8dced5bf7a78d07db,127,50,0.3937007874015748,127,99,0.7795275590551181,0.9510061242344706,120.77777777777777,0.9724409448818898,123.5
127,8,1016,904,0.889763779527559,112,0.11023622047244094,0,dc232ce0ff7df57e0ee4,127,76,0.5984251968503937,127,111,0.8740157480314961,0.9720034995625546,123.44444444444444,0.984251968503937,125.0
127,8,1016,855,0.8415354330708661,161,0.15846456692913385,1,dc232ce0ff7df57e0ee4,127,59,0.4645669291338583,127,102,0.8031496062992126,0.9548556430446193,121.26666666666667,0.9744094488188977,123.75
127,8,1016,849,0.8356299212598425,167,0.1643700787401575,2,dc232ce0ff7df57e0ee4,127,57,0.44881889763779526,127,105,0.8267716535433071,0.9615048118985127,122.11111111111111,0.9783464566929134,124.25
127,8,1016,774,0.7618110236220472,242,0.23818897637795275,3,dc232ce0ff7df57e0ee4,127,43,0.33858267716535434,127,92,0.7244094488188977,0.937357830271216,119.04444444444445,0.9645669291338582,122.5
127,8,1016,830,0.8169291338582677,186,0.1830708661417323,4,dc232ce0ff7df57e0ee4,127,53,0.41732283464566927,127,101,0.7952755905511811,0.9545056867891513,121.22222222222223,0.9744094488188977,123.75
127,8,1016,887,0.8730314960629921,129,0.12696850393700787,0,dcb1a0658a182c9469db,127,69,0.5433070866141733,127,110,0.8661417322834646,0.9702537182852145,123.22222222222223,0.9832677165354331,124.875
127,8,1016,893,0.8789370078740157,123,0.12106299212598425,1,dcb1a0658a182c9469db,127,69,0.5433070866141733,127,112,0.8818897637795275,0.9737532808398951,123.66666666666667,0.985236220472441,125.125
127,8,1016,861,0.8474409448818898,155,0.15255905511811024,2,dcb1a0658a182c9469db,127,57,0.44881889763779526,127,107,0.84251968503937,0.9650043744531932,122.55555555555556,0.9803149606299213,124.5
127,8,1016,803,0.7903543307086615,213,0.20964566929133857,3,dcb1a0658a182c9469db,127,42,0.33070866141732286,127,101,0.7952755905511811,0.9545056867891514,121.22222222222223,0.9744094488188977,123.75
127,8,1016,862,0.8484251968503937,154,0.1515748031496063,4,dcb1a0658a182c9469db,127,65,0.5118110236220472,127,105,0.8267716535433071,0.9601049868766404,121.93333333333334,0.9773622047244095,124.125
127,8,1016,899,0.8848425196850394,117,0.11515748031496063,0,dd327b9029b2db9a20ff,127,76,0.5984251968503937,127,116,0.9133858267716536,0.9807524059492565,124.55555555555556,0.9891732283464567,125.625
127,8,1016,880,0.8661417322834646,136,0.13385826771653545,1,dd327b9029b2db9a20ff,127,64,0.5039370078740157,127,106,0.8346456692913385,0.963254593175853,122.33333333333333,0.9793307086614174,124.375
127,8,1016,866,0.8523622047244095,150,0.14763779527559054,2,dd327b9029b2db9a20ff,127,59,0.4645669291338583,127,100,0.7874015748031497,0.9513560804899388,120.82222222222222,0.9724409448818898,123.5
127,8,1016,791,0.7785433070866141,225,0.22145669291338582,3,dd327b9029b2db9a20ff,127,46,0.36220472440944884,127,98,0.7716535433070866,0.947856517935258,120.37777777777778,0.9704724409448819,123.25
127,8,1016,848,0.8346456692913385,168,0.16535433070866143,4,dd327b9029b2db9a20ff,127,58,0.4566929133858268,127,103,0.8110236220472441,0.958005249343832,121.66666666666667,0.9763779527559056,124.0
127,8,1016,919,0.9045275590551181,97,0.09547244094488189,0,dd4699e3e2a3e9c2917e,127,84,0.6614173228346457,127,115,0.905511811023622,0.9790026246719161,124.33333333333333,0.9881889763779528,125.5
127,8,1016,884,0.8700787401574803,132,0.12992125984251968,1,dd4699e3e2a3e9c2917e,127,69,0.5433070866141733,127,111,0.8740157480314961,0.9720034995625546,123.44444444444444,0.984251968503937,125.0
127,8,1016,830,0.8169291338582677,186,0.1830708661417323,2,dd4699e3e2a3e9c2917e,127,49,0.3858267716535433,127,97,0.7637795275590551,0.9475065616797901,120.33333333333333,0.9704724409448819,123.25
127,8,1016,816,0.8031496062992126,200,0.1968503937007874,3,dd4699e3e2a3e9c2917e,127,43,0.33858267716535434,127,90,0.7086614173228346,0.9310586176727909,118.24444444444444,0.9606299212598425,122.0
127,8,1016,815,0.8021653543307087,201,0.19783464566929135,4,dd4699e3e2a3e9c2917e,127,48,0.3779527559055118,127,99,0.7795275590551181,0.9510061242344706,120.77777777777777,0.9724409448818898,123.5
1,8,8,8,1.0,0,0.0,0,de9fa8cbd33ab66d2de0,1,1,1.0,1,1,1.0,1.0,1.0,1.0,1.0
1,8,8,8,1.0,0,0.0,1,de9fa8cbd33ab66d2de0,1,1,1.0,1,1,1.0,1.0,1.0,1.0,1.0
1,8,8,6,0.75,2,0.25,2,de9fa8cbd33ab66d2de0,1,0,0.0,1,1,1.0,1.0,1.0,1.0,1.0
1,8,8,3,0.375,5,0.625,3,de9fa8cbd33ab66d2de0,1,0,0.0,1,1,1.0,1.0,1.0,1.0,1.0
1,8,8,6,0.75,2,0.25,4,de9fa8cbd33ab66d2de0,1,0,0.0,1,1,1.0,1.0,1.0,1.0,1.0
127,8,1016,897,0.8828740157480315,119,0.1171259842519685,0,decffd4461aedc82affb,127,76,0.5984251968503937,127,117,0.9212598425196851,0.9825021872265968,124.77777777777777,0.9901574803149606,125.75
127,8,1016,867,0.8533464566929134,149,0.1466535433070866,1,decffd4461aedc82affb,127,57,0.44881889763779526,127,107,0.84251968503937,0.9650043744531932,122.55555555555556,0.9803149606299213,124.5
127,8,1016,823,0.8100393700787402,193,0.18996062992125984,2,decffd4461aedc82affb,127,50,0.3937007874015748,127,100,0.7874015748031497,0.9513560804899388,120.82222222222222,0.9724409448818898,123.5
127,8,1016,825,0.812007874015748,191,0.18799212598425197,3,decffd4461aedc82affb,127,46,0.36220472440944884,127,104,0.8188976377952756,0.9583552055993001,121.71111111111111,0.9763779527559056,124.0
127,8,1016,839,0.8257874015748031,177,0.17421259842519685,4,decffd4461aedc82affb,127,48,0.3779527559055118,127,95,0.7480314960629921,0.9440069991251093,119.88888888888889,0.968503937007874,123.0
127,8,1016,803,0.7903543307086615,213,0.20964566929133857,0,def6df610c33d0b1ced8,127,44,0.3464566929133858,127,101,0.7952755905511811,0.9545056867891515,121.22222222222223,0.9744094488188977,123.75
127,8,1016,530,0.5216535433070866,486,0.47834645669291337,1,def6df610c33d0b1ced8,127,15,0.11811023622047244,127,39,0.30708661417322836,0.8087329992841802,102.7090909090909,0.8868110236220472,112.625
127,8,1016,529,0.5206692913385826,487,0.4793307086614173,2,def6df610c33d0b1ced8,127,10,0.07874015748031496,127,31,0.2440944881889764,0.7676926747792887,97.4969696969697,0.8582677165354331,109.0
127,8,1016,495,0.48720472440944884,521,0.5127952755905512,3,def6df610c33d0b1ced8,127,7,0.05511811023622047,127,42,0.33070866141732286,0.814491370396882,103.44040404040405,0.889763779527559,113.0
127,8,1016,553,0.5442913385826772,463,0.45570866141732286,4,def6df610c33d0b1ced8,127,12,0.09448818897637795,127,52,0.4094488188976378,0.8286805058458601,105.24242424242425,0.8976377952755905,114.0
127,8,1016,924,0.9094488188976378,92,0.09055118110236221,0,defca7881b9810bf23b4,127,82,0.6456692913385826,127,113,0.889763779527559,0.9755030621172354,123.88888888888889,0.9862204724409449,125.25
127,8,1016,878,0.8641732283464567,138,0.13582677165354332,1,defca7881b9810bf23b4,127,71,0.5590551181102362,127,114,0.8976377952755905,0.9772528433945757,124.11111111111111,0.9872047244094488,125.375
127,8,1016,861,0.8474409448818898,155,0.15255905511811024,2,defca7881b9810bf23b4,127,55,0.4330708661417323,127,101,0.7952755905511811,0.9545056867891514,121.22222222222223,0.9744094488188977,123.75
127,8,1016,823,0.8100393700787402,193,0.18996062992125984,3,defca7881b9810bf23b4,127,47,0.3700787401574803,127,98,0.7716535433070866,0.947856517935258,120.37777777777778,0.9704724409448819,123.25
127,8,1016,827,0.8139763779527559,189,0.1860236220472441,4,defca7881b9810bf23b4,127,49,0.3858267716535433,127,100,0.7874015748031497,0.952755905511811,121.0,0.9734251968503937,123.625
127,8,1016,899,0.8848425196850394,117,0.11515748031496063,0,df0b18235b03cb2ef7a0,127,77,0.6062992125984252,127,118,0.9291338582677166,0.9842519685039369,125.0,0.9911417322834646,125.875
127,8,1016,870,0.8562992125984252,146,0.1437007874015748,1,df0b18235b03cb2ef7a0,127,66,0.5196850393700787,127,108,0.8503937007874016,0.9667541557305336,122.77777777777777,0.9812992125984252,124.625
127,8,1016,854,0.8405511811023622,162,0.1594488188976378,2,df0b18235b03cb2ef7a0,127,57,0.44881889763779526,127,103,0.8110236220472441,0.958005249343832,121.66666666666667,0.9763779527559056,124.0
127,8,1016,802,0.7893700787401575,214,0.2106299212598425,3,df0b18235b03cb2ef7a0,127,47,0.3700787401574803,127,93,0.7322834645669292,0.9377077865266843,119.08888888888889,0.9645669291338582,122.5
127,8,1016,816,0.8031496062992126,200,0.1968503937007874,4,df0b18235b03cb2ef7a0,127,49,0.3858267716535433,127,95,0.7480314960629921,0.9440069991251092,119.88888888888889,0.968503937007874,123.0
127,8,1016,912,0.8976377952755905,104,0.10236220472440945,0,df2178cb54106821c26a,127,78,0.6141732283464567,127,113,0.889763779527559,0.9755030621172354,123.88888888888889,0.9862204724409449,125.25
127,8,1016,876,0.8622047244094488,140,0.1377952755905512,1,df2178cb54106821c26a,127,68,0.5354330708661418,127,111,0.8740157480314961,0.9720034995625548,123.44444444444444,0.984251968503937,125.0
127,8,1016,861,0.8474409448818898,155,0.15255905511811024,2,df2178cb54106821c26a,127,64,0.5039370078740157,127,109,0.8582677165354331,0.968503937007874,123.0,0.9822834645669292,124.75
127,8,1016,825,0.812007874015748,191,0.18799212598425197,3,df2178cb54106821c26a,127,53,0.41732283464566927,127,104,0.8188976377952756,0.9597550306211723,121.88888888888889,0.9773622047244095,124.125
127,8,1016,839,0.8257874015748031,177,0.17421259842519685,4,df2178cb54106821c26a,127,57,0.44881889763779526,127,102,0.8031496062992126,0.9562554680664916,121.44444444444444,0.9753937007874016,123.875
127,8,1016,896,0.8818897637795275,120,0.11811023622047244,0,df5699d2d0448cb5e647,127,71,0.5590551181102362,127,114,0.8976377952755905,0.9772528433945757,124.11111111111111,0.9872047244094488,125.375
127,8,1016,865,0.8513779527559056,151,0.1486220472440945,1,df5699d2d0448cb5e647,127,55,0.4330708661417323,127,105,0.8267716535433071,0.9615048118985127,122.11111111111111,0.9783464566929134,124.25
127,8,1016,858,0.844488188976378,158,0.15551181102362205,2,df5699d2d0448cb5e647,127,59,0.4645669291338583,127,103,0.8110236220472441,0.958005249343832,121.66666666666667,0.9763779527559056,124.0
127,8,1016,847,0.8336614173228346,169,0.16633858267716536,3,df5699d2d0448cb5e647,127,58,0.4566929133858268,127,102,0.8031496062992126,0.9548556430446195,121.26666666666667,0.9744094488188977,123.75
127,8,1016,864,0.8503937007874016,152,0.14960629921259844,4,df5699d2d0448cb5e647,127,56,0.4409448818897638,127,96,0.7559055118110236,0.9457567804024497,120.11111111111111,0.969488188976378,123.125
127,8,1016,926,0.9114173228346457,90,0.08858267716535433,0,df729736b09d9cf6a0d1,127,88,0.6929133858267716,127,113,0.889763779527559,0.9755030621172355,123.88888888888889,0.9862204724409449,125.25
127,8,1016,860,0.8464566929133859,156,0.15354330708661418,1,df729736b09d9cf6a0d1,127,59,0.4645669291338583,127,106,0.8346456692913385,0.963254593175853,122.33333333333333,0.9793307086614174,124.375
127,8,1016,857,0.843503937007874,159,0.15649606299212598,2,df729736b09d9cf6a0d1,127,61,0.48031496062992124,127,107,0.84251968503937,0.9650043744531933,122.55555555555556,0.9803149606299213,124.5
127,8,1016,800,0.7874015748031497,216,0.2125984251968504,3,df729736b09d9cf6a0d1,127,46,0.36220472440944884,127,103,0.8110236220472441,0.9566054243219598,121.4888888888889,0.9753937007874016,123.875
127,8,1016,819,0.8061023622047244,197,0.19389763779527558,4,df729736b09d9cf6a0d1,127,47,0.3700787401574803,127,97,0.7637795275590551,0.9461067366579179,120.15555555555555,0.969488188976378,123.125
88,8,704,623,0.8849431818181818,81,0.11505681818181818,0,df97939370daa489e4f3,88,51,0.5795454545454546,88,78,0.8863636363636364,0.9747474747474748,85.77777777777777,0.9857954545454546,86.75
88,8,704,625,0.8877840909090909,79,0.11221590909090909,1,df97939370daa489e4f3,88,51,0.5795454545454546,88,79,0.8977272727272727,0.9772727272727273,86.0,0.9872159090909091,86.875
88,8,704,602,0.8551136363636364,102,0.14488636363636365,2,df97939370daa489e4f3,88,44,0.5,88,73,0.8295454545454546,0.96010101010101,84.4888888888889,0.9772727272727273,86.0
88,8,704,558,0.7926136363636364,146,0.20738636363636365,3,df97939370daa489e4f3,88,27,0.3068181818181818,88,63,0.7159090909090909,0.9348484848484848,82.26666666666667,0.9630681818181818,84.75
88,8,704,563,0.7997159090909091,141,0.2002840909090909,4,df97939370daa489e4f3,88,31,0.3522727272727273,88,65,0.7386363636363636,0.9398989898989899,82.71111111111111,0.9659090909090909,85.0
127,8,1016,929,0.9143700787401575,87,0.08562992125984252,0,dfce7add325a33dbdf19,127,84,0.6614173228346457,127,113,0.889763779527559,0.9755030621172355,123.88888888888889,0.9862204724409449,125.25
127,8,1016,861,0.8474409448818898,155,0.15255905511811024,1,dfce7add325a33dbdf19,127,62,0.4881889763779528,127,111,0.8740157480314961,0.9720034995625548,123.44444444444444,0.984251968503937,125.0
127,8,1016,844,0.8307086614173228,172,0.16929133858267717,2,dfce7add325a33dbdf19,127,57,0.44881889763779526,127,103,0.8110236220472441,0.9580052493438319,121.66666666666667,0.9763779527559056,124.0
127,8,1016,812,0.7992125984251969,204,0.20078740157480315,3,dfce7add325a33dbdf19,127,50,0.3937007874015748,127,94,0.7401574803149606,0.9408573928258966,119.4888888888889,0.9665354330708661,122.75
127,8,1016,837,0.8238188976377953,179,0.17618110236220472,4,dfce7add325a33dbdf19,127,50,0.3937007874015748,127,96,0.7559055118110236,0.9429571303587052,119.75555555555556,0.96751968503937,122.875
127,8,1016,898,0.8838582677165354,118,0.11614173228346457,0,e0c0168a11064079fbc6,127,77,0.6062992125984252,127,110,0.8661417322834646,0.9702537182852145,123.22222222222223,0.9832677165354331,124.875
127,8,1016,890,0.8759842519685039,126,0.12401574803149606,1,e0c0168a11064079fbc6,127,74,0.5826771653543307,127,109,0.8582677165354331,0.968503937007874,123.0,0.9822834645669292,124.75
127,8,1016,861,0.8474409448818898,155,0.15255905511811024,2,e0c0168a11064079fbc6,127,58,0.4566929133858268,127,109,0.8582677165354331,0.968503937007874,123.0,0.9822834645669292,124.75
127,8,1016,861,0.8474409448818898,155,0.15255905511811024,3,e0c0168a11064079fbc6,127,53,0.41732283464566927,127,100,0.7874015748031497,0.9513560804899388,120.82222222222222,0.9724409448818898,123.5
127,8,1016,848,0.8346456692913385,168,0.16535433070866143,4,e0c0168a11064079fbc6,127,59,0.4645669291338583,127,102,0.8031496062992126,0.953455818022747,121.08888888888889,0.9734251968503937,123.625
127,8,1016,887,0.8730314960629921,129,0.12696850393700787,0,e0d97de9b8a261a96953,127,70,0.5511811023622047,127,110,0.8661417322834646,0.9702537182852145,123.22222222222223,0.9832677165354331,124.875
127,8,1016,876,0.8622047244094488,140,0.1377952755905512,1,e0d97de9b8a261a96953,127,67,0.5275590551181102,127,110,0.8661417322834646,0.9702537182852145,123.22222222222223,0.9832677165354331,124.875
127,8,1016,874,0.860236220472441,142,0.13976377952755906,2,e0d97de9b8a261a96953,127,64,0.5039370078740157,127,103,0.8110236220472441,0.9580052493438321,121.66666666666667,0.9763779527559056,124.0
127,8,1016,802,0.7893700787401575,214,0.2106299212598425,3,e0d97de9b8a261a96953,127,48,0.3779527559055118,127,100,0.7874015748031497,0.9513560804899388,120.82222222222222,0.9724409448818898,123.5
127,8,1016,880,0.8661417322834646,136,0.13385826771653545,4,e0d97de9b8a261a96953,127,67,0.5275590551181102,127,103,0.8110236220472441,0.9566054243219598,121.4888888888889,0.9753937007874016,123.875
127,8,1016,926,0.9114173228346457,90,0.08858267716535433,0,e0dbb5e604abee3e9199,127,84,0.6614173228346457,127,115,0.905511811023622,0.9790026246719161,124.33333333333333,0.9881889763779528,125.5
127,8,1016,882,0.8681102362204725,134,0.13188976377952755,1,e0dbb5e604abee3e9199,127,68,0.5354330708661418,127,112,0.8818897637795275,0.9737532808398952,123.66666666666667,0.985236220472441,125.125
127,8,1016,853,0.8395669291338582,163,0.16043307086614172,2,e0dbb5e604abee3e9199,127,57,0.44881889763779526,127,110,0.8661417322834646,0.9702537182852145,123.22222222222223,0.9832677165354331,124.875
127,8,1016,808,0.7952755905511811,208,0.2047244094488189,3,e0dbb5e604abee3e9199,127,41,0.3228346456692913,127,99,0.7795275590551181,0.9496062992125984,120.6,0.9714566929133859,123.375
127,8,1016,825,0.812007874015748,191,0.18799212598425197,4,e0dbb5e604abee3e9199,127,52,0.4094488188976378,127,110,0.8661417322834646,0.9702537182852145,123.22222222222223,0.9832677165354331,124.875
127,8,1016,922,0.90748031496063,94,0.09251968503937008,0,e1506bf7b8cccf5a1d59,127,83,0.6535433070866141,127,108,0.8503937007874016,0.9667541557305336,122.77777777777777,0.9812992125984252,124.625
127,8,1016,867,0.8533464566929134,149,0.1466535433070866,1,e1506bf7b8cccf5a1d59,127,69,0.5433070866141733,127,115,0.905511811023622,0.979002624671916,124.33333333333333,0.9881889763779528,125.5
127,8,1016,819,0.8061023622047244,197,0.19389763779527558,2,e1506bf7b8cccf5a1d59,127,46,0.36220472440944884,127,99,0.7795275590551181,0.9510061242344706,120.77777777777777,0.9724409448818898,123.5
127,8,1016,817,0.8041338582677166,199,0.19586614173228348,3,e1506bf7b8cccf5a1d59,127,46,0.36220472440944884,127,97,0.7637795275590551,0.94750656167979,120.33333333333333,0.9704724409448819,123.25
127,8,1016,855,0.8415354330708661,161,0.15846456692913385,4,e1506bf7b8cccf5a1d59,127,52,0.4094488188976378,127,104,0.8188976377952756,0.9597550306211724,121.88888888888889,0.9773622047244095,124.125
127,8,1016,918,0.9035433070866141,98,0.09645669291338582,0,e182834c6c18fefcd829,127,83,0.6535433070866141,127,118,0.9291338582677166,0.984251968503937,125.0,0.9911417322834646,125.875
127,8,1016,877,0.8631889763779528,139,0.13681102362204725,1,e182834c6c18fefcd829,127,64,0.5039370078740157,127,111,0.8740157480314961,0.9720034995625546,123.44444444444444,0.984251968503937,125.0
127,8,1016,860,0.8464566929133859,156,0.15354330708661418,2,e182834c6c18fefcd829,127,57,0.44881889763779526,127,100,0.7874015748031497,0.9513560804899388,120.82222222222222,0.9724409448818898,123.5
127,8,1016,821,0.8080708661417323,195,0.1919291338582677,3,e182834c6c18fefcd829,127,50,0.3937007874015748,127,97,0.7637795275590551,0.94750656167979,120.33333333333333,0.9704724409448819,123.25
127,8,1016,872,0.8582677165354331,144,0.14173228346456693,4,e182834c6c18fefcd829,127,64,0.5039370078740157,127,105,0.8267716535433071,0.9615048118985124,122.11111111111111,0.9783464566929134,124.25
127,8,1016,921,0.906496062992126,95,0.09350393700787402,0,e1e67e6b4f6a7359047a,127,83,0.6535433070866141,127,115,0.905511811023622,0.9790026246719161,124.33333333333333,0.9881889763779528,125.5
127,8,1016,860,0.8464566929133859,156,0.15354330708661418,1,e1e67e6b4f6a7359047a,127,63,0.49606299212598426,127,115,0.905511811023622,0.9790026246719161,124.33333333333333,0.9881889763779528,125.5
127,8,1016,860,0.8464566929133859,156,0.15354330708661418,2,e1e67e6b4f6a7359047a,127,63,0.49606299212598426,127,106,0.8346456692913385,0.9618547681539809,122.15555555555555,0.9783464566929134,124.25
127,8,1016,827,0.8139763779527559,189,0.1860236220472441,3,e1e67e6b4f6a7359047a,127,51,0.4015748031496063,127,102,0.8031496062992126,0.9548556430446196,121.26666666666667,0.9744094488188977,123.75
127,8,1016,843,0.8297244094488189,173,0.1702755905511811,4,e1e67e6b4f6a7359047a,127,54,0.4251968503937008,127,98,0.7716535433070866,0.947856517935258,120.37777777777778,0.9704724409448819,123.25
127,8,1016,905,0.890748031496063,111,0.10925196850393701,0,e21eec022c296b5ab070,127,73,0.5748031496062992,127,113,0.889763779527559,0.9755030621172354,123.88888888888889,0.9862204724409449,125.25
127,8,1016,882,0.8681102362204725,134,0.13188976377952755,1,e21eec022c296b5ab070,127,65,0.5118110236220472,127,111,0.8740157480314961,0.9720034995625547,123.44444444444444,0.984251968503937,125.0
127,8,1016,856,0.84251968503937,160,0.15748031496062992,2,e21eec022c296b5ab070,127,62,0.4881889763779528,127,107,0.84251968503937,0.9650043744531933,122.55555555555556,0.9803149606299213,124.5
127,8,1016,792,0.7795275590551181,224,0.2204724409448819,3,e21eec022c296b5ab070,127,41,0.3228346456692913,127,90,0.7086614173228346,0.9282589676290462,117.88888888888889,0.9586614173228346,121.75
127,8,1016,826,0.812992125984252,190,0.18700787401574803,4,e21eec022c296b5ab070,127,50,0.3937007874015748,127,99,0.7795275590551181,0.9482064741907261,120.42222222222222,0.9704724409448819,123.25
127,8,1016,917,0.9025590551181102,99,0.09744094488188976,0,e241a8275a2c1a96efb2,127,83,0.6535433070866141,127,118,0.9291338582677166,0.984251968503937,125.0,0.9911417322834646,125.875
127,8,1016,881,0.8671259842519685,135,0.1328740157480315,1,e241a8275a2c1a96efb2,127,67,0.5275590551181102,127,112,0.8818897637795275,0.973753280839895,123.66666666666667,0.985236220472441,125.125
127,8,1016,862,0.8484251968503937,154,0.1515748031496063,2,e241a8275a2c1a96efb2,127,61,0.48031496062992124,127,110,0.8661417322834646,0.9702537182852142,123.22222222222223,0.9832677165354331,124.875
127,8,1016,827,0.8139763779527559,189,0.1860236220472441,3,e241a8275a2c1a96efb2,127,48,0.3779527559055118,127,99,0.7795275590551181,0.9510061242344706,120.77777777777777,0.9724409448818898,123.5
127,8,1016,878,0.8641732283464567,138,0.13582677165354332,4,e241a8275a2c1a96efb2,127,60,0.47244094488188976,127,95,0.7480314960629921,0.9440069991251093,119.88888888888889,0.968503937007874,123.0
106,8,848,754,0.8891509433962265,94,0.11084905660377359,0,e255b92f6ff86f29faa5,106,64,0.6037735849056604,106,91,0.8584905660377359,0.9685534591194971,102.66666666666667,0.9823113207547169,104.125
106,8,848,723,0.8525943396226415,125,0.1474056603773585,1,e255b92f6ff86f29faa5,106,52,0.49056603773584906,106,91,0.8584905660377359,0.9685534591194969,102.66666666666667,0.9823113207547169,104.125
106,8,848,754,0.8891509433962265,94,0.11084905660377359,2,e255b92f6ff86f29faa5,106,61,0.5754716981132075,106,89,0.839622641509434,0.9643605870020965,102.22222222222223,0.9799528301886793,103.875
106,8,848,688,0.8113207547169812,160,0.18867924528301888,3,e255b92f6ff86f29faa5,106,42,0.39622641509433965,106,83,0.7830188679245284,0.9517819706498951,100.88888888888889,0.972877358490566,103.125
106,8,848,722,0.8514150943396226,126,0.14858490566037735,4,e255b92f6ff86f29faa5,106,50,0.4716981132075472,106,87,0.8207547169811321,0.9601677148846961,101.77777777777777,0.9775943396226415,103.625
127,8,1016,902,0.8877952755905512,114,0.11220472440944881,0,e268aa0a1571b527df88,127,76,0.5984251968503937,127,114,0.8976377952755905,0.9772528433945757,124.11111111111111,0.9872047244094488,125.375
127,8,1016,893,0.8789370078740157,123,0.12106299212598425,1,e268aa0a1571b527df88,127,71,0.5590551181102362,127,113,0.889763779527559,0.9755030621172355,123.88888888888889,0.9862204724409449,125.25
127,8,1016,852,0.8385826771653543,164,0.16141732283464566,2,e268aa0a1571b527df88,127,62,0.4881889763779528,127,105,0.8267716535433071,0.9615048118985126,122.11111111111111,0.9783464566929134,124.25
127,8,1016,786,0.7736220472440944,230,0.2263779527559055,3,e268aa0a1571b527df88,127,39,0.30708661417322836,127,101,0.7952755905511811,0.9545056867891514,121.22222222222223,0.9744094488188977,123.75
127,8,1016,850,0.8366141732283464,166,0.16338582677165353,4,e268aa0a1571b527df88,127,58,0.4566929133858268,127,107,0.84251968503937,0.9650043744531932,122.55555555555556,0.9803149606299213,124.5
127,8,1016,913,0.8986220472440944,103,0.10137795275590551,0,e2a2b97cb4cd3fb0ac63,127,78,0.6141732283464567,127,116,0.9133858267716536,0.9807524059492565,124.55555555555556,0.9891732283464567,125.625
127,8,1016,842,0.8287401574803149,174,0.17125984251968504,1,e2a2b97cb4cd3fb0ac63,127,56,0.4409448818897638,127,102,0.8031496062992126,0.9562554680664918,121.44444444444444,0.9753937007874016,123.875
127,8,1016,860,0.8464566929133859,156,0.15354330708661418,2,e2a2b97cb4cd3fb0ac63,127,59,0.4645669291338583,127,103,0.8110236220472441,0.958005249343832,121.66666666666667,0.9763779527559056,124.0
127,8,1016,790,0.7775590551181102,226,0.22244094488188976,3,e2a2b97cb4cd3fb0ac63,127,48,0.3779527559055118,127,101,0.7952755905511811,0.9531058617672792,121.04444444444445,0.9734251968503937,123.625
127,8,1016,821,0.8080708661417323,195,0.1919291338582677,4,e2a2b97cb4cd3fb0ac63,127,51,0.4015748031496063,127,100,0.7874015748031497,0.9513560804899388,120.82222222222222,0.9724409448818898,123.5
127,8,1016,904,0.889763779527559,112,0.11023622047244094,0,e3048f45677a7f61e06c,127,76,0.5984251968503937,127,112,0.8818897637795275,0.9737532808398951,123.66666666666667,0.985236220472441,125.125
127,8,1016,870,0.8562992125984252,146,0.1437007874015748,1,e3048f45677a7f61e06c,127,59,0.4645669291338583,127,100,0.7874015748031497,0.952755905511811,121.0,0.9734251968503937,123.625
127,8,1016,835,0.8218503937007874,181,0.1781496062992126,2,e3048f45677a7f61e06c,127,48,0.3779527559055118,127,102,0.8031496062992126,0.9562554680664916,121.44444444444444,0.9753937007874016,123.875
127,8,1016,818,0.8051181102362205,198,0.19488188976377951,3,e3048f45677a7f61e06c,127,49,0.3858267716535433,127,98,0.7716535433070866,0.9478565179352582,120.37777777777778,0.9704724409448819,123.25
127,8,1016,818,0.8051181102362205,198,0.19488188976377951,4,e3048f45677a7f61e06c,127,45,0.3543307086614173,127,98,0.7716535433070866,0.9492563429571302,120.55555555555556,0.9714566929133859,123.375
127,8,1016,884,0.8700787401574803,132,0.12992125984251968,0,e31ab73e5cc95c1d83a9,127,68,0.5354330708661418,127,115,0.905511811023622,0.9790026246719161,124.33333333333333,0.9881889763779528,125.5
127,8,1016,888,0.8740157480314961,128,0.12598425196850394,1,e31ab73e5cc95c1d83a9,127,70,0.5511811023622047,127,109,0.8582677165354331,0.968503937007874,123.0,0.9822834645669292,124.75
127,8,1016,863,0.8494094488188977,153,0.15059055118110237,2,e31ab73e5cc95c1d83a9,127,58,0.4566929133858268,127,97,0.7637795275590551,0.9461067366579179,120.15555555555555,0.969488188976378,123.125
127,8,1016,794,0.781496062992126,222,0.21850393700787402,3,e31ab73e5cc95c1d83a9,127,42,0.33070866141732286,127,102,0.8031496062992126,0.9506561679790027,120.73333333333333,0.9714566929133859,123.375
127,8,1016,843,0.8297244094488189,173,0.1702755905511811,4,e31ab73e5cc95c1d83a9,127,55,0.4330708661417323,127,102,0.8031496062992126,0.9562554680664916,121.44444444444444,0.9753937007874016,123.875
127,8,1016,931,0.9163385826771654,85,0.08366141732283465,0,e371ee1102e9afc445d2,127,88,0.6929133858267716,127,117,0.9212598425196851,0.9825021872265967,124.77777777777777,0.9901574803149606,125.75
127,8,1016,892,0.8779527559055118,124,0.1220472440944882,1,e371ee1102e9afc445d2,127,75,0.5905511811023622,127,104,0.8188976377952756,0.9569553805774278,121.53333333333333,0.9753937007874016,123.875
127,8,1016,851,0.8375984251968503,165,0.1624015748031496,2,e371ee1102e9afc445d2,127,54,0.4251968503937008,127,105,0.8267716535433071,0.9615048118985127,122.11111111111111,0.9783464566929134,124.25
127,8,1016,822,0.8090551181102362,194,0.19094488188976377,3,e371ee1102e9afc445d2,127,47,0.3700787401574803,127,100,0.7874015748031497,0.9513560804899388,120.82222222222222,0.9724409448818898,123.5
127,8,1016,841,0.827755905511811,175,0.17224409448818898,4,e371ee1102e9afc445d2,127,55,0.4330708661417323,127,104,0.8188976377952756,0.9569553805774278,121.53333333333333,0.9753937007874016,123.875
127,8,1016,897,0.8828740157480315,119,0.1171259842519685,0,e3b52879bd66047b12c7,127,72,0.5669291338582677,127,112,0.8818897637795275,0.9737532808398951,123.66666666666667,0.985236220472441,125.125
127,8,1016,854,0.8405511811023622,162,0.1594488188976378,1,e3b52879bd66047b12c7,127,62,0.4881889763779528,127,106,0.8346456692913385,0.963254593175853,122.33333333333333,0.9793307086614174,124.375
127,8,1016,817,0.8041338582677166,199,0.19586614173228348,2,e3b52879bd66047b12c7,127,51,0.4015748031496063,127,108,0.8503937007874016,0.9667541557305336,122.77777777777777,0.9812992125984252,124.625
127,8,1016,789,0.7765748031496063,227,0.2234251968503937,3,e3b52879bd66047b12c7,127,38,0.2992125984251969,127,97,0.7637795275590551,0.9461067366579179,120.15555555555555,0.969488188976378,123.125
127,8,1016,832,0.8188976377952756,184,0.18110236220472442,4,e3b52879bd66047b12c7,127,49,0.3858267716535433,127,99,0.7795275590551181,0.9496062992125983,120.6,0.9714566929133859,123.375
127,8,1016,915,0.9005905511811023,101,0.09940944881889764,0,e3c9801e2e24a41181f4,127,85,0.6692913385826772,127,118,0.9291338582677166,0.984251968503937,125.0,0.9911417322834646,125.875
127,8,1016,851,0.8375984251968503,165,0.1624015748031496,1,e3c9801e2e24a41181f4,127,60,0.47244094488188976,127,104,0.8188976377952756,0.9597550306211724,121.88888888888889,0.9773622047244095,124.125
127,8,1016,864,0.8503937007874016,152,0.14960629921259844,2,e3c9801e2e24a41181f4,127,62,0.4881889763779528,127,108,0.8503937007874016,0.9653543307086614,122.6,0.9803149606299213,124.5
127,8,1016,793,0.780511811023622,223,0.21948818897637795,3,e3c9801e2e24a41181f4,127,44,0.3464566929133858,127,87,0.6850393700787402,0.9286089238845144,117.93333333333334,0.9596456692913385,121.875
127,8,1016,850,0.8366141732283464,166,0.16338582677165353,4,e3c9801e2e24a41181f4,127,55,0.4330708661417323,127,100,0.7874015748031497,0.952755905511811,121.0,0.9734251968503937,123.625
127,8,1016,924,0.9094488188976378,92,0.09055118110236221,0,e4393f3f574092a035dc,127,81,0.6377952755905512,127,117,0.9212598425196851,0.9825021872265968,124.77777777777777,0.9901574803149606,125.75
127,8,1016,864,0.8503937007874016,152,0.14960629921259844,1,e4393f3f574092a035dc,127,63,0.49606299212598426,127,111,0.8740157480314961,0.9720034995625547,123.44444444444444,0.984251968503937,125.0
127,8,1016,866,0.8523622047244095,150,0.14763779527559054,2,e4393f3f574092a035dc,127,63,0.49606299212598426,127,111,0.8740157480314961,0.9720034995625546,123.44444444444444,0.984251968503937,125.0
127,8,1016,820,0.8070866141732284,196,0.19291338582677164,3,e4393f3f574092a035dc,127,52,0.4094488188976378,127,96,0.7559055118110236,0.9429571303587052,119.75555555555556,0.96751968503937,122.875
127,8,1016,861,0.8474409448818898,155,0.15255905511811024,4,e4393f3f574092a035dc,127,61,0.48031496062992124,127,110,0.8661417322834646,0.9702537182852145,123.22222222222223,0.9832677165354331,124.875
127,8,1016,895,0.8809055118110236,121,0.11909448818897637,0,e45406fdb262473d0618,127,75,0.5905511811023622,127,113,0.889763779527559,0.9741032370953631,123.71111111111111,0.985236220472441,125.125
127,8,1016,871,0.8572834645669292,145,0.14271653543307086,1,e45406fdb262473d0618,127,68,0.5354330708661418,127,112,0.8818897637795275,0.973753280839895,123.66666666666667,0.985236220472441,125.125
127,8,1016,843,0.8297244094488189,173,0.1702755905511811,2,e45406fdb262473d0618,127,57,0.44881889763779526,127,109,0.8582677165354331,0.9657042869641295,122.64444444444445,0.9803149606299213,124.5
127,8,1016,813,0.8001968503937008,203,0.19980314960629922,3,e45406fdb262473d0618,127,49,0.3858267716535433,127,102,0.8031496062992126,0.9548556430446196,121.26666666666667,0.9744094488188977,123.75
127,8,1016,839,0.8257874015748031,177,0.17421259842519685,4,e45406fdb262473d0618,127,55,0.4330708661417323,127,99,0.7795275590551181,0.9510061242344706,120.77777777777777,0.9724409448818898,123.5
127,8,1016,933,0.9183070866141733,83,0.08169291338582677,0,e45887176dc3dc67a26f,127,87,0.6850393700787402,127,114,0.8976377952755905,0.9772528433945757,124.11111111111111,0.9872047244094488,125.375
127,8,1016,888,0.8740157480314961,128,0.12598425196850394,1,e45887176dc3dc67a26f,127,70,0.5511811023622047,127,118,0.9291338582677166,0.984251968503937,125.0,0.9911417322834646,125.875
127,8,1016,862,0.8484251968503937,154,0.1515748031496063,2,e45887176dc3dc67a26f,127,62,0.4881889763779528,127,106,0.8346456692913385,0.9618547681539809,122.15555555555555,0.9783464566929134,124.25
127,8,1016,824,0.8110236220472441,192,0.1889763779527559,3,e45887176dc3dc67a26f,127,47,0.3700787401574803,127,92,0.7244094488188977,0.9373578302712161,119.04444444444445,0.9645669291338582,122.5
127,8,1016,856,0.84251968503937,160,0.15748031496062992,4,e45887176dc3dc67a26f,127,52,0.4094488188976378,127,95,0.7480314960629921,0.9440069991251093,119.88888888888889,0.968503937007874,123.0
127,8,1016,913,0.8986220472440944,103,0.10137795275590551,0,e4e26ee6c93d0b0c2b29,127,85,0.6692913385826772,127,116,0.9133858267716536,0.979352580927384,124.37777777777778,0.9881889763779528,125.5
127,8,1016,907,0.8927165354330708,109,0.10728346456692914,1,e4e26ee6c93d0b0c2b29,127,81,0.6377952755905512,127,116,0.9133858267716536,0.9807524059492565,124.55555555555556,0.9891732283464567,125.625
127,8,1016,849,0.8356299212598425,167,0.1643700787401575,2,e4e26ee6c93d0b0c2b29,127,60,0.47244094488188976,127,108,0.8503937007874016,0.9639545056867891,122.42222222222222,0.9793307086614174,124.375
127,8,1016,820,0.8070866141732284,196,0.19291338582677164,3,e4e26ee6c93d0b0c2b29,127,49,0.3858267716535433,127,93,0.7322834645669292,0.9377077865266841,119.08888888888889,0.9645669291338582,122.5
127,8,1016,813,0.8001968503937008,203,0.19980314960629922,4,e4e26ee6c93d0b0c2b29,127,46,0.36220472440944884,127,101,0.7952755905511811,0.9545056867891514,121.22222222222223,0.9744094488188977,123.75
127,8,1016,878,0.8641732283464567,138,0.13582677165354332,0,e4f5ca71dd6c109ad385,127,65,0.5118110236220472,127,115,0.905511811023622,0.9790026246719161,124.33333333333333,0.9881889763779528,125.5
127,8,1016,849,0.8356299212598425,167,0.1643700787401575,1,e4f5ca71dd6c109ad385,127,63,0.49606299212598426,127,113,0.889763779527559,0.9755030621172355,123.88888888888889,0.9862204724409449,125.25
127,8,1016,861,0.8474409448818898,155,0.15255905511811024,2,e4f5ca71dd6c109ad385,127,56,0.4409448818897638,127,107,0.84251968503937,0.9636045494313211,122.37777777777778,0.9793307086614174,124.375
127,8,1016,815,0.8021653543307087,201,0.19783464566929135,3,e4f5ca71dd6c109ad385,127,45,0.3543307086614173,127,101,0.7952755905511811,0.9545056867891514,121.22222222222223,0.9744094488188977,123.75
127,8,1016,825,0.812007874015748,191,0.18799212598425197,4,e4f5ca71dd6c109ad385,127,53,0.41732283464566927,127,103,0.8110236220472441,0.9552055993000874,121.31111111111112,0.9744094488188977,123.75
127,8,1016,917,0.9025590551181102,99,0.09744094488188976,0,e50fa99f61491ecbb31a,127,79,0.6220472440944882,127,116,0.9133858267716536,0.9807524059492563,124.55555555555556,0.9891732283464567,125.625
127,8,1016,853,0.8395669291338582,163,0.16043307086614172,1,e50fa99f61491ecbb31a,127,61,0.48031496062992124,127,108,0.8503937007874016,0.9667541557305337,122.77777777777777,0.9812992125984252,124.625
127,8,1016,852,0.8385826771653543,164,0.16141732283464566,2,e50fa99f61491ecbb31a,127,58,0.4566929133858268,127,99,0.7795275590551181,0.9510061242344708,120.77777777777777,0.9724409448818898,123.5
127,8,1016,789,0.7765748031496063,227,0.2234251968503937,3,e50fa99f61491ecbb31a,127,44,0.3464566929133858,127,92,0.7244094488188977,0.9331583552055992,118.5111111111111,0.9616141732283464,122.125
127,8,1016,817,0.8041338582677166,199,0.19586614173228348,4,e50fa99f61491ecbb31a,127,56,0.4409448818897638,127,107,0.84251968503937,0.9650043744531932,122.55555555555556,0.9803149606299213,124.5
127,8,1016,910,0.8956692913385826,106,0.10433070866141732,0,e53e7c8bd9bc87e260cc,127,77,0.6062992125984252,127,108,0.8503937007874016,0.9667541557305337,122.77777777777777,0.9812992125984252,124.625
127,8,1016,891,0.8769685039370079,125,0.12303149606299213,1,e53e7c8bd9bc87e260cc,127,66,0.5196850393700787,127,109,0.8582677165354331,0.9657042869641294,122.64444444444445,0.9803149606299213,124.5
127,8,1016,825,0.812007874015748,191,0.18799212598425197,2,e53e7c8bd9bc87e260cc,127,50,0.3937007874015748,127,102,0.8031496062992126,0.9548556430446195,121.26666666666667,0.9744094488188977,123.75
127,8,1016,816,0.8031496062992126,200,0.1968503937007874,3,e53e7c8bd9bc87e260cc,127,48,0.3779527559055118,127,103,0.8110236220472441,0.9580052493438319,121.66666666666667,0.9763779527559056,124.0
127,8,1016,857,0.843503937007874,159,0.15649606299212598,4,e53e7c8bd9bc87e260cc,127,60,0.47244094488188976,127,104,0.8188976377952756,0.9597550306211724,121.88888888888889,0.9773622047244095,124.125
127,8,1016,909,0.8946850393700787,107,0.10531496062992125,0,e552ee5adbb3501fcc29,127,75,0.5905511811023622,127,111,0.8740157480314961,0.9720034995625548,123.44444444444444,0.984251968503937,125.0
127,8,1016,884,0.8700787401574803,132,0.12992125984251968,1,e552ee5adbb3501fcc29,127,71,0.5590551181102362,127,114,0.8976377952755905,0.9772528433945757,124.11111111111111,0.9872047244094488,125.375
127,8,1016,847,0.8336614173228346,169,0.16633858267716536,2,e552ee5adbb3501fcc29,127,51,0.4015748031496063,127,99,0.7795275590551181,0.9510061242344706,120.77777777777777,0.9724409448818898,123.5
127,8,1016,814,0.8011811023622047,202,0.19881889763779528,3,e552ee5adbb3501fcc29,127,46,0.36220472440944884,127,99,0.7795275590551181,0.9510061242344706,120.77777777777777,0.9724409448818898,123.5
127,8,1016,807,0.7942913385826772,209,0.20570866141732283,4,e552ee5adbb3501fcc29,127,42,0.33070866141732286,127,97,0.7637795275590551,0.94750656167979,120.33333333333333,0.9704724409448819,123.25
113,8,904,810,0.8960176991150443,94,0.10398230088495575,0,e5668477658ddaf47f00,113,73,0.6460176991150443,113,105,0.9292035398230089,0.984267453294002,111.22222222222223,0.9911504424778761,112.0
113,8,904,778,0.8606194690265486,126,0.13938053097345132,1,e5668477658ddaf47f00,113,55,0.48672566371681414,113,89,0.7876106194690266,0.9496558505408065,107.31111111111112,0.9712389380530974,109.75
113,8,904,786,0.8694690265486725,118,0.13053097345132744,2,e5668477658ddaf47f00,113,60,0.5309734513274337,113,98,0.8672566371681416,0.9705014749262537,109.66666666666667,0.9834070796460177,111.125
113,8,904,697,0.7710176991150443,207,0.22898230088495575,3,e5668477658ddaf47f00,113,31,0.2743362831858407,113,83,0.7345132743362832,0.9410029498525073,106.33333333333333,0.9668141592920354,109.25
113,8,904,690,0.7632743362831859,214,0.23672566371681417,4,e5668477658ddaf47f00,113,36,0.3185840707964602,113,83,0.7345132743362832,0.9410029498525074,106.33333333333333,0.9668141592920354,109.25
127,8,1016,907,0.8927165354330708,109,0.10728346456692914,0,e56a4ad163b2a7ad3ac7,127,73,0.5748031496062992,127,108,0.8503937007874016,0.9653543307086615,122.6,0.9803149606299213,124.5
127,8,1016,866,0.8523622047244095,150,0.14763779527559054,1,e56a4ad163b2a7ad3ac7,127,66,0.5196850393700787,127,104,0.8188976377952756,0.9597550306211723,121.88888888888889,0.9773622047244095,124.125
127,8,1016,847,0.8336614173228346,169,0.16633858267716536,2,e56a4ad163b2a7ad3ac7,127,57,0.44881889763779526,127,106,0.8346456692913385,0.9632545931758529,122.33333333333333,0.9793307086614174,124.375
127,8,1016,817,0.8041338582677166,199,0.19586614173228348,3,e56a4ad163b2a7ad3ac7,127,47,0.3700787401574803,127,104,0.8188976377952756,0.9597550306211724,121.88888888888889,0.9773622047244095,124.125
127,8,1016,844,0.8307086614173228,172,0.16929133858267717,4,e56a4ad163b2a7ad3ac7,127,59,0.4645669291338583,127,99,0.7795275590551181,0.9510061242344707,120.77777777777777,0.9724409448818898,123.5
127,8,1016,830,0.8169291338582677,186,0.1830708661417323,0,e58abda4f60d678d4a28,127,56,0.4409448818897638,127,99,0.7795275590551181,0.9510061242344708,120.77777777777777,0.9724409448818898,123.5
127,8,1016,462,0.4547244094488189,554,0.5452755905511811,1,e58abda4f60d678d4a28,127,11,0.08661417322834646,127,33,0.25984251968503935,0.7940348365545212,100.84242424242424,0.8779527559055118,111.5
127,8,1016,515,0.5068897637795275,501,0.49311023622047245,2,e58abda4f60d678d4a28,127,15,0.11811023622047244,127,36,0.28346456692913385,0.758371112701821,96.31313131313131,0.8503937007874016,108.0
127,8,1016,451,0.4438976377952756,565,0.5561023622047244,3,e58abda4f60d678d4a28,127,6,0.047244094488188976,127,45,0.3543307086614173,0.8248309870357113,104.75353535353536,0.8966535433070866,113.875
127,8,1016,514,0.5059055118110236,502,0.4940944881889764,4,e58abda4f60d678d4a28,127,12,0.09448818897637795,127,46,0.36220472440944884,0.8282351069752644,105.18585858585858,0.8986220472440944,114.125
127,8,1016,894,0.8799212598425197,122,0.12007874015748031,0,e61167965915dc828d21,127,75,0.5905511811023622,127,105,0.8267716535433071,0.9615048118985127,122.11111111111111,0.9783464566929134,124.25
127,8,1016,843,0.8297244094488189,173,0.1702755905511811,1,e61167965915dc828d21,127,54,0.4251968503937008,127,109,0.8582677165354331,0.968503937007874,123.0,0.9822834645669292,124.75
127,8,1016,831,0.8179133858267716,185,0.18208661417322836,2,e61167965915dc828d21,127,53,0.41732283464566927,127,108,0.8503937007874016,0.9667541557305336,122.77777777777777,0.9812992125984252,124.625
127,8,1016,796,0.7834645669291339,220,0.21653543307086615,3,e61167965915dc828d21,127,46,0.36220472440944884,127,100,0.7874015748031497,0.9499562554680664,120.64444444444445,0.9714566929133859,123.375
127,8,1016,820,0.8070866141732284,196,0.19291338582677164,4,e61167965915dc828d21,127,53,0.41732283464566927,127,107,0.84251968503937,0.9650043744531933,122.55555555555556,0.9803149606299213,124.5
103,8,824,740,0.8980582524271845,84,0.10194174757281553,0,e63507dd1e56d90fdb00,103,68,0.6601941747572816,103,90,0.8737864077669902,0.9702265372168285,99.93333333333334,0.9830097087378641,101.25
103,8,824,758,0.9199029126213593,66,0.08009708737864078,1,e63507dd1e56d90fdb00,103,70,0.6796116504854369,103,94,0.912621359223301,0.9805825242718447,101.0,0.9890776699029126,101.875
103,8,824,692,0.8398058252427184,132,0.16019417475728157,2,e63507dd1e56d90fdb00,103,48,0.46601941747572817,103,83,0.8058252427184466,0.9568500539374325,98.55555555555556,0.9757281553398058,100.5
103,8,824,702,0.8519417475728155,122,0.14805825242718446,3,e63507dd1e56d90fdb00,103,46,0.44660194174757284,103,76,0.7378640776699029,0.941747572815534,97.0,0.9672330097087378,99.625
103,8,824,682,0.8276699029126213,142,0.17233009708737865,4,e63507dd1e56d90fdb00,103,45,0.4368932038834951,103,86,0.8349514563106796,0.9615965480043149,99.04444444444445,0.9781553398058253,100.75
127,8,1016,846,0.8326771653543307,170,0.1673228346456693,0,e65a59f3b5949b96eb7a,127,47,0.3700787401574803,127,109,0.8582677165354331,0.9685039370078742,123.0,0.9822834645669292,124.75
127,8,1016,476,0.468503937007874,540,0.531496062992126,1,e65a59f3b5949b96eb7a,127,11,0.08661417322834646,127,35,0.2755905511811024,0.7933349240435853,100.75353535353536,0.8769685039370079,111.375
127,8,1016,505,0.4970472440944882,511,0.5029527559055118,2,e65a59f3b5949b96eb7a,127,12,0.09448818897637795,127,40,0.31496062992125984,0.7692515708263736,97.6949494949495,0.8562992125984252,108.75
127,8,1016,467,0.4596456692913386,549,0.5403543307086615,3,e65a59f3b5949b96eb7a,127,7,0.05511811023622047,127,43,0.33858267716535434,0.8280760359500514,105.16565656565656,0.8996062992125984,114.25
127,8,1016,523,0.514763779527559,493,0.48523622047244097,4,e65a59f3b5949b96eb7a,127,10,0.07874015748031496,127,44,0.3464566929133858,0.8239720034995623,104.64444444444445,0.8966535433070866,113.875
127,8,1016,885,0.8710629921259843,131,0.12893700787401574,0,e6bafd5cab79097ea33e,127,67,0.5275590551181102,127,109,0.8582677165354331,0.968503937007874,123.0,0.9822834645669292,124.75
127,8,1016,872,0.8582677165354331,144,0.14173228346456693,1,e6bafd5cab79097ea33e,127,61,0.48031496062992124,127,105,0.8267716535433071,0.9615048118985127,122.11111111111111,0.9783464566929134,124.25
127,8,1016,837,0.8238188976377953,179,0.17618110236220472,2,e6bafd5cab79097ea33e,127,54,0.4251968503937008,127,98,0.7716535433070866,0.9450568678915134,120.02222222222223,0.968503937007874,123.0
127,8,1016,795,0.78248031496063,221,0.21751968503937008,3,e6bafd5cab79097ea33e,127,43,0.33858267716535434,127,100,0.7874015748031497,0.9499562554680665,120.64444444444445,0.9714566929133859,123.375
127,8,1016,768,0.7559055118110236,248,0.2440944881889764,4,e6bafd5cab79097ea33e,127,38,0.2992125984251969,127,85,0.6692913385826772,0.920909886264217,116.95555555555556,0.9547244094488189,121.25
127,8,1016,898,0.8838582677165354,118,0.11614173228346457,0,e70fea41349e29ef36fe,127,75,0.5905511811023622,127,113,0.889763779527559,0.9755030621172355,123.88888888888889,0.9862204724409449,125.25
127,8,1016,884,0.8700787401574803,132,0.12992125984251968,1,e70fea41349e29ef36fe,127,70,0.5511811023622047,127,110,0.8661417322834646,0.9702537182852143,123.22222222222223,0.9832677165354331,124.875
127,8,1016,861,0.8474409448818898,155,0.15255905511811024,2,e70fea41349e29ef36fe,127,64,0.5039370078740157,127,97,0.7637795275590551,0.9475065616797901,120.33333333333333,0.9704724409448819,123.25
127,8,1016,781,0.7687007874015748,235,0.2312992125984252,3,e70fea41349e29ef36fe,127,40,0.31496062992125984,127,94,0.7401574803149606,0.9408573928258966,119.4888888888889,0.9665354330708661,122.75
127,8,1016,820,0.8070866141732284,196,0.19291338582677164,4,e70fea41349e29ef36fe,127,49,0.3858267716535433,127,95,0.7480314960629921,0.9440069991251092,119.88888888888889,0.968503937007874,123.0
127,8,1016,798,0.7854330708661418,218,0.21456692913385828,0,e74eaa24a6e9e411b43a,127,46,0.36220472440944884,127,112,0.8818897637795275,0.9737532808398952,123.66666666666667,0.985236220472441,125.125
127,8,1016,635,0.625,381,0.375,1,e74eaa24a6e9e411b43a,127,6,0.047244094488188976,127,29,0.2283464566929134,0.8201224846894137,104.15555555555555,0.8976377952755905,114.0
127,8,1016,493,0.48523622047244097,523,0.514763779527559,2,e74eaa24a6e9e411b43a,127,7,0.05511811023622047,127,43,0.33858267716535434,0.8264216972878389,104.95555555555556,0.8986220472440944,114.125
127,8,1016,415,0.40846456692913385,601,0.5915354330708661,3,e74eaa24a6e9e411b43a,127,5,0.03937007874015748,127,34,0.2677165354330709,0.8067287043664996,102.45454545454545,0.8868110236220472,112.625
127,8,1016,500,0.4921259842519685,516,0.5078740157480315,4,e74eaa24a6e9e411b43a,127,5,0.03937007874015748,127,43,0.33858267716535434,0.8348206474190726,106.02222222222223,0.9045275590551181,114.875
127,8,1016,902,0.8877952755905512,114,0.11220472440944881,0,e7d0328add79dfef0719,127,76,0.5984251968503937,127,112,0.8818897637795275,0.9737532808398952,123.66666666666667,0.985236220472441,125.125
127,8,1016,885,0.8710629921259843,131,0.12893700787401574,1,e7d0328add79dfef0719,127,68,0.5354330708661418,127,108,0.8503937007874016,0.9667541557305337,122.77777777777777,0.9812992125984252,124.625
127,8,1016,876,0.8622047244094488,140,0.1377952755905512,2,e7d0328add79dfef0719,127,64,0.5039370078740157,127,107,0.84251968503937,0.9650043744531932,122.55555555555556,0.9803149606299213,124.5
127,8,1016,828,0.8149606299212598,188,0.18503937007874016,3,e7d0328add79dfef0719,127,47,0.3700787401574803,127,100,0.7874015748031497,0.952755905511811,121.0,0.9734251968503937,123.625
127,8,1016,826,0.812992125984252,190,0.18700787401574803,4,e7d0328add79dfef0719,127,46,0.36220472440944884,127,93,0.7322834645669292,0.9405074365704287,119.44444444444444,0.9665354330708661,122.75
127,8,1016,907,0.8927165354330708,109,0.10728346456692914,0,e7f0ca1caecbbe89e953,127,77,0.6062992125984252,127,117,0.9212598425196851,0.9825021872265967,124.77777777777777,0.9901574803149606,125.75
127,8,1016,895,0.8809055118110236,121,0.11909448818897637,1,e7f0ca1caecbbe89e953,127,69,0.5433070866141733,127,107,0.84251968503937,0.9650043744531934,122.55555555555556,0.9803149606299213,124.5
127,8,1016,862,0.8484251968503937,154,0.1515748031496063,2,e7f0ca1caecbbe89e953,127,61,0.48031496062992124,127,102,0.8031496062992126,0.9562554680664918,121.44444444444444,0.9753937007874016,123.875
127,8,1016,812,0.7992125984251969,204,0.20078740157480315,3,e7f0ca1caecbbe89e953,127,41,0.3228346456692913,127,101,0.7952755905511811,0.9531058617672791,121.04444444444445,0.9734251968503937,123.625
127,8,1016,851,0.8375984251968503,165,0.1624015748031496,4,e7f0ca1caecbbe89e953,127,59,0.4645669291338583,127,106,0.8346456692913385,0.9632545931758529,122.33333333333333,0.9793307086614174,124.375
127,8,1016,913,0.8986220472440944,103,0.10137795275590551,0,e824d93b1763a303ac0e,127,82,0.6456692913385826,127,112,0.8818897637795275,0.9737532808398952,123.66666666666667,0.985236220472441,125.125
127,8,1016,883,0.8690944881889764,133,0.1309055118110236,1,e824d93b1763a303ac0e,127,66,0.5196850393700787,127,113,0.889763779527559,0.9755030621172355,123.88888888888889,0.9862204724409449,125.25
127,8,1016,838,0.8248031496062992,178,0.17519685039370078,2,e824d93b1763a303ac0e,127,44,0.3464566929133858,127,100,0.7874015748031497,0.952755905511811,121.0,0.9734251968503937,123.625
127,8,1016,810,0.797244094488189,206,0.20275590551181102,3,e824d93b1763a303ac0e,127,47,0.3700787401574803,127,98,0.7716535433070866,0.9478565179352583,120.37777777777778,0.9704724409448819,123.25
127,8,1016,832,0.8188976377952756,184,0.18110236220472442,4,e824d93b1763a303ac0e,127,48,0.3779527559055118,127,105,0.8267716535433071,0.9615048118985127,122.11111111111111,0.9783464566929134,124.25
127,8,1016,830,0.8169291338582677,186,0.1830708661417323,0,e8d609e5d3a41266e100,127,43,0.33858267716535434,127,104,0.8188976377952756,0.9597550306211725,121.88888888888889,0.9773622047244095,124.125
127,8,1016,496,0.4881889763779528,520,0.5118110236220472,1,e8d609e5d3a41266e100,127,9,0.07086614173228346,127,45,0.3543307086614173,0.8245764733953709,104.72121212121212,0.8966535433070866,113.875
127,8,1016,539,0.530511811023622,477,0.46948818897637795,2,e8d609e5d3a41266e100,127,12,0.09448818897637795,127,31,0.2440944881889764,0.7575757575757572,96.21212121212122,0.8513779527559056,108.125
127,8,1016,486,0.47834645669291337,530,0.5216535433070866,3,e8d609e5d3a41266e100,127,8,0.06299212598425197,127,46,0.36220472440944884,0.830525729738328,105.47676767676768,0.9005905511811023,114.375
127,8,1016,517,0.5088582677165354,499,0.4911417322834646,4,e8d609e5d3a41266e100,127,12,0.09448818897637795,127,40,0.31496062992125984,0.8195816432036903,104.08686868686868,0.8937007874015748,113.5
127,8,1016,913,0.8986220472440944,103,0.10137795275590551,0,e8f0931a3295abecd91d,127,73,0.5748031496062992,127,110,0.8661417322834646,0.9702537182852145,123.22222222222223,0.9832677165354331,124.875
127,8,1016,879,0.8651574803149606,137,0.13484251968503938,1,e8f0931a3295abecd91d,127,69,0.5433070866141733,127,113,0.889763779527559,0.9741032370953631,123.71111111111111,0.985236220472441,125.125
127,8,1016,837,0.8238188976377953,179,0.17618110236220472,2,e8f0931a3295abecd91d,127,54,0.4251968503937008,127,101,0.7952755905511811,0.9531058617672792,121.04444444444445,0.9734251968503937,123.625
127,8,1016,813,0.8001968503937008,203,0.19980314960629922,3,e8f0931a3295abecd91d,127,50,0.3937007874015748,127,103,0.8110236220472441,0.9580052493438321,121.66666666666667,0.9763779527559056,124.0
127,8,1016,827,0.8139763779527559,189,0.1860236220472441,4,e8f0931a3295abecd91d,127,51,0.4015748031496063,127,93,0.7322834645669292,0.9391076115485563,119.26666666666667,0.9655511811023622,122.625
127,8,1016,888,0.8740157480314961,128,0.12598425196850394,0,e94a7692fe73b8cd9add,127,70,0.5511811023622047,127,111,0.8740157480314961,0.9720034995625547,123.44444444444444,0.984251968503937,125.0
127,8,1016,844,0.8307086614173228,172,0.16929133858267717,1,e94a7692fe73b8cd9add,127,57,0.44881889763779526,127,105,0.8267716535433071,0.9615048118985126,122.11111111111111,0.9783464566929134,124.25
127,8,1016,865,0.8513779527559056,151,0.1486220472440945,2,e94a7692fe73b8cd9add,127,56,0.4409448818897638,127,102,0.8031496062992126,0.9562554680664918,121.44444444444444,0.9753937007874016,123.875
127,8,1016,760,0.7480314960629921,256,0.25196850393700787,3,e94a7692fe73b8cd9add,127,32,0.25196850393700787,127,90,0.7086614173228346,0.9324584426946632,118.42222222222222,0.9616141732283464,122.125
127,8,1016,782,0.7696850393700787,234,0.23031496062992127,4,e94a7692fe73b8cd9add,127,43,0.33858267716535434,127,94,0.7401574803149606,0.9394575678040246,119.31111111111112,0.9655511811023622,122.625
127,8,1016,917,0.9025590551181102,99,0.09744094488188976,0,e9638fc4294228986f46,127,79,0.6220472440944882,127,113,0.889763779527559,0.9755030621172355,123.88888888888889,0.9862204724409449,125.25
127,8,1016,895,0.8809055118110236,121,0.11909448818897637,1,e9638fc4294228986f46,127,71,0.5590551181102362,127,103,0.8110236220472441,0.958005249343832,121.66666666666667,0.9763779527559056,124.0
127,8,1016,845,0.8316929133858267,171,0.16830708661417323,2,e9638fc4294228986f46,127,56,0.4409448818897638,127,102,0.8031496062992126,0.9534558180227471,121.08888888888889,0.9734251968503937,123.625
127,8,1016,836,0.8228346456692913,180,0.17716535433070865,3,e9638fc4294228986f46,127,51,0.4015748031496063,127,101,0.7952755905511811,0.9545056867891513,121.22222222222223,0.9744094488188977,123.75
127,8,1016,831,0.8179133858267716,185,0.18208661417322836,4,e9638fc4294228986f46,127,49,0.3858267716535433,127,95,0.7480314960629921,0.9412073490813648,119.53333333333333,0.9665354330708661,122.75
119,8,952,839,0.8813025210084033,113,0.11869747899159663,0,e97cb33c46e2dfd641cd,119,63,0.5294117647058824,119,101,0.8487394957983193,0.9663865546218487,115.0,0.9810924369747899,116.75
119,8,952,814,0.8550420168067226,138,0.14495798319327732,1,e97cb33c46e2dfd641cd,119,60,0.5042016806722689,119,106,0.8907563025210085,0.9757236227824463,116.11111111111111,0.9863445378151261,117.375
119,8,952,791,0.8308823529411765,161,0.16911764705882354,2,e97cb33c46e2dfd641cd,119,49,0.4117647058823529,119,101,0.8487394957983193,0.9663865546218487,115.0,0.9810924369747899,116.75
119,8,952,766,0.8046218487394958,186,0.1953781512605042,3,e97cb33c46e2dfd641cd,119,47,0.3949579831932773,119,96,0.8067226890756303,0.9570494864612511,113.88888888888889,0.9758403361344538,116.125
119,8,952,825,0.8665966386554622,127,0.1334033613445378,4,e97cb33c46e2dfd641cd,119,66,0.5546218487394958,119,107,0.8991596638655462,0.9760971055088703,116.15555555555555,0.9863445378151261,117.375
127,8,1016,905,0.890748031496063,111,0.10925196850393701,0,e9c38d0c60f1ed8584a7,127,73,0.5748031496062992,127,111,0.8740157480314961,0.9720034995625548,123.44444444444444,0.984251968503937,125.0
127,8,1016,876,0.8622047244094488,140,0.1377952755905512,1,e9c38d0c60f1ed8584a7,127,64,0.5039370078740157,127,104,0.8188976377952756,0.9569553805774278,121.53333333333333,0.9753937007874016,123.875
127,8,1016,863,0.8494094488188977,153,0.15059055118110237,2,e9c38d0c60f1ed8584a7,127,61,0.48031496062992124,127,104,0.8188976377952756,0.9597550306211723,121.88888888888889,0.9773622047244095,124.125
127,8,1016,815,0.8021653543307087,201,0.19783464566929135,3,e9c38d0c60f1ed8584a7,127,50,0.3937007874015748,127,102,0.8031496062992126,0.9562554680664916,121.44444444444444,0.9753937007874016,123.875
127,8,1016,885,0.8710629921259843,131,0.12893700787401574,4,e9c38d0c60f1ed8584a7,127,70,0.5511811023622047,127,110,0.8661417322834646,0.968853893263342,123.04444444444445,0.9822834645669292,124.75
127,8,1016,899,0.8848425196850394,117,0.11515748031496063,0,ea20a6f7be1f5596ae81,127,75,0.5905511811023622,127,111,0.8740157480314961,0.9720034995625548,123.44444444444444,0.984251968503937,125.0
127,8,1016,872,0.8582677165354331,144,0.14173228346456693,1,ea20a6f7be1f5596ae81,127,61,0.48031496062992124,127,108,0.8503937007874016,0.9667541557305338,122.77777777777777,0.9812992125984252,124.625
127,8,1016,830,0.8169291338582677,186,0.1830708661417323,2,ea20a6f7be1f5596ae81,127,50,0.3937007874015748,127,97,0.7637795275590551,0.94750656167979,120.33333333333333,0.9704724409448819,123.25
127,8,1016,807,0.7942913385826772,209,0.20570866141732283,3,ea20a6f7be1f5596ae81,127,46,0.36220472440944884,127,90,0.7086614173228346,0.9338582677165354,118.6,0.9625984251968503,122.25
127,8,1016,826,0.812992125984252,190,0.18700787401574803,4,ea20a6f7be1f5596ae81,127,48,0.3779527559055118,127,95,0.7480314960629921,0.9440069991251093,119.88888888888889,0.968503937007874,123.0
127,8,1016,914,0.8996062992125984,102,0.10039370078740158,0,ea25c1dbc2cead686dbe,127,85,0.6692913385826772,127,120,0.9448818897637795,0.9877515310586178,125.44444444444444,0.9931102362204725,126.125
127,8,1016,869,0.8553149606299213,147,0.14468503937007873,1,ea25c1dbc2cead686dbe,127,69,0.5433070866141733,127,111,0.8740157480314961,0.9720034995625547,123.44444444444444,0.984251968503937,125.0
127,8,1016,855,0.8415354330708661,161,0.15846456692913385,2,ea25c1dbc2cead686dbe,127,55,0.4330708661417323,127,103,0.8110236220472441,0.9580052493438319,121.66666666666667,0.9763779527559056,124.0
127,8,1016,787,0.7746062992125984,229,0.22539370078740156,3,ea25c1dbc2cead686dbe,127,43,0.33858267716535434,127,93,0.7322834645669292,0.9377077865266843,119.08888888888889,0.9645669291338582,122.5
127,8,1016,829,0.8159448818897638,187,0.18405511811023623,4,ea25c1dbc2cead686dbe,127,55,0.4330708661417323,127,101,0.7952755905511811,0.9545056867891514,121.22222222222223,0.9744094488188977,123.75
127,8,1016,902,0.8877952755905512,114,0.11220472440944881,0,eac129bd5f579133420d,127,71,0.5590551181102362,127,108,0.8503937007874016,0.9667541557305337,122.77777777777777,0.9812992125984252,124.625
127,8,1016,876,0.8622047244094488,140,0.1377952755905512,1,eac129bd5f579133420d,127,64,0.5039370078740157,127,112,0.8818897637795275,0.9723534558180229,123.4888888888889,0.984251968503937,125.0
127,8,1016,840,0.8267716535433071,176,0.1732283464566929,2,eac129bd5f579133420d,127,52,0.4094488188976378,127,103,0.8110236220472441,0.9566054243219597,121.4888888888889,0.9753937007874016,123.875
127,8,1016,819,0.8061023622047244,197,0.19389763779527558,3,eac129bd5f579133420d,127,52,0.4094488188976378,127,91,0.7165354330708661,0.9356080489938756,118.82222222222222,0.9635826771653543,122.375
127,8,1016,838,0.8248031496062992,178,0.17519685039370078,4,eac129bd5f579133420d,127,55,0.4330708661417323,127,101,0.7952755905511811,0.9545056867891514,121.22222222222223,0.9744094488188977,123.75
127,8,1016,921,0.906496062992126,95,0.09350393700787402,0,eadb01f9a1ea4898ec56,127,82,0.6456692913385826,127,114,0.8976377952755905,0.9758530183727034,123.93333333333334,0.9862204724409449,125.25
127,8,1016,872,0.8582677165354331,144,0.14173228346456693,1,eadb01f9a1ea4898ec56,127,65,0.5118110236220472,127,118,0.9291338582677166,0.984251968503937,125.0,0.9911417322834646,125.875
127,8,1016,859,0.8454724409448819,157,0.1545275590551181,2,eadb01f9a1ea4898ec56,127,55,0.4330708661417323,127,99,0.7795275590551181,0.9510061242344707,120.77777777777777,0.9724409448818898,123.5
127,8,1016,833,0.8198818897637795,183,0.18011811023622049,3,eadb01f9a1ea4898ec56,127,47,0.3700787401574803,127,97,0.7637795275590551,0.9475065616797901,120.33333333333333,0.9704724409448819,123.25
127,8,1016,814,0.8011811023622047,202,0.19881889763779528,4,eadb01f9a1ea4898ec56,127,51,0.4015748031496063,127,95,0.7480314960629921,0.9440069991251093,119.88888888888889,0.968503937007874,123.0
127,8,1016,907,0.8927165354330708,109,0.10728346456692914,0,eb559da02caf34b94f04,127,79,0.6220472440944882,127,119,0.937007874015748,0.9860017497812774,125.22222222222223,0.9921259842519685,126.0
127,8,1016,879,0.8651574803149606,137,0.13484251968503938,1,eb559da02caf34b94f04,127,67,0.5275590551181102,127,106,0.8346456692913385,0.963254593175853,122.33333333333333,0.9793307086614174,124.375
127,8,1016,837,0.8238188976377953,179,0.17618110236220472,2,eb559da02caf34b94f04,127,58,0.4566929133858268,127,99,0.7795275590551181,0.9510061242344706,120.77777777777777,0.9724409448818898,123.5
127,8,1016,848,0.8346456692913385,168,0.16535433070866143,3,eb559da02caf34b94f04,127,56,0.4409448818897638,127,94,0.7401574803149606,0.942257217847769,119.66666666666667,0.96751968503937,122.875
127,8,1016,855,0.8415354330708661,161,0.15846456692913385,4,eb559da02caf34b94f04,127,59,0.4645669291338583,127,104,0.8188976377952756,0.9597550306211723,121.88888888888889,0.9773622047244095,124.125
127,8,1016,883,0.8690944881889764,133,0.1309055118110236,0,ec141180d7aba09cdfd7,127,67,0.5275590551181102,127,106,0.8346456692913385,0.963254593175853,122.33333333333333,0.9793307086614174,124.375
127,8,1016,849,0.8356299212598425,167,0.1643700787401575,1,ec141180d7aba09cdfd7,127,60,0.47244094488188976,127,106,0.8346456692913385,0.9618547681539809,122.15555555555555,0.9783464566929134,124.25
127,8,1016,816,0.8031496062992126,200,0.1968503937007874,2,ec141180d7aba09cdfd7,127,52,0.4094488188976378,127,110,0.8661417322834646,0.9702537182852145,123.22222222222223,0.9832677165354331,124.875
127,8,1016,776,0.7637795275590551,240,0.23622047244094488,3,ec141180d7aba09cdfd7,127,36,0.28346456692913385,127,87,0.6850393700787402,0.9300087489063867,118.11111111111111,0.9606299212598425,122.0
127,8,1016,830,0.8169291338582677,186,0.1830708661417323,4,ec141180d7aba09cdfd7,127,54,0.4251968503937008,127,102,0.8031496062992126,0.9562554680664916,121.44444444444444,0.9753937007874016,123.875
127,8,1016,921,0.906496062992126,95,0.09350393700787402,0,ec1fee35e147b28594e8,127,79,0.6220472440944882,127,115,0.905511811023622,0.9790026246719161,124.33333333333333,0.9881889763779528,125.5
127,8,1016,881,0.8671259842519685,135,0.1328740157480315,1,ec1fee35e147b28594e8,127,70,0.5511811023622047,127,113,0.889763779527559,0.9755030621172354,123.88888888888889,0.9862204724409449,125.25
127,8,1016,873,0.859251968503937,143,0.140748031496063,2,ec1fee35e147b28594e8,127,64,0.5039370078740157,127,111,0.8740157480314961,0.9720034995625548,123.44444444444444,0.984251968503937,125.0
127,8,1016,784,0.7716535433070866,232,0.2283464566929134,3,ec1fee35e147b28594e8,127,40,0.31496062992125984,127,94,0.7401574803149606,0.942257217847769,119.66666666666667,0.96751968503937,122.875
127,8,1016,829,0.8159448818897638,187,0.18405511811023623,4,ec1fee35e147b28594e8,127,46,0.36220472440944884,127,101,0.7952755905511811,0.9545056867891514,121.22222222222223,0.9744094488188977,123.75
127,8,1016,930,0.9153543307086615,86,0.08464566929133858,0,ec3c704bbdb9f984816b,127,88,0.6929133858267716,127,117,0.9212598425196851,0.9825021872265968,124.77777777777777,0.9901574803149606,125.75
127,8,1016,887,0.8730314960629921,129,0.12696850393700787,1,ec3c704bbdb9f984816b,127,65,0.5118110236220472,127,106,0.8346456692913385,0.9632545931758528,122.33333333333333,0.9793307086614174,124.375
127,8,1016,886,0.8720472440944882,130,0.1279527559055118,2,ec3c704bbdb9f984816b,127,66,0.5196850393700787,127,99,0.7795275590551181,0.9510061242344706,120.77777777777777,0.9724409448818898,123.5
127,8,1016,843,0.8297244094488189,173,0.1702755905511811,3,ec3c704bbdb9f984816b,127,49,0.3858267716535433,127,96,0.7559055118110236,0.9457567804024495,120.11111111111111,0.969488188976378,123.125
127,8,1016,867,0.8533464566929134,149,0.1466535433070866,4,ec3c704bbdb9f984816b,127,66,0.5196850393700787,127,107,0.84251968503937,0.9636045494313211,122.37777777777778,0.9793307086614174,124.375
127,8,1016,907,0.8927165354330708,109,0.10728346456692914,0,ec597988254f8fe60485,127,80,0.6299212598425197,127,114,0.8976377952755905,0.9758530183727034,123.93333333333334,0.9862204724409449,125.25
127,8,1016,872,0.8582677165354331,144,0.14173228346456693,1,ec597988254f8fe60485,127,60,0.47244094488188976,127,101,0.7952755905511811,0.9545056867891513,121.22222222222223,0.9744094488188977,123.75
127,8,1016,833,0.8198818897637795,183,0.18011811023622049,2,ec597988254f8fe60485,127,49,0.3858267716535433,127,94,0.7401574803149606,0.9408573928258966,119.4888888888889,0.9665354330708661,122.75
127,8,1016,810,0.797244094488189,206,0.20275590551181102,3,ec597988254f8fe60485,127,41,0.3228346456692913,127,92,0.7244094488188977,0.9373578302712159,119.04444444444445,0.9645669291338582,122.5
127,8,1016,832,0.8188976377952756,184,0.18110236220472442,4,ec597988254f8fe60485,127,49,0.3858267716535433,127,107,0.84251968503937,0.963604549431321,122.37777777777778,0.9793307086614174,124.375
115,8,920,813,0.883695652173913,107,0.11630434782608695,0,ec60a4f7786e2279a182,115,71,0.6173913043478261,115,103,0.8956521739130435,0.9752657004830918,112.15555555555555,0.9858695652173913,113.375
115,8,920,800,0.8695652173913043,120,0.13043478260869565,1,ec60a4f7786e2279a182,115,62,0.5391304347826087,115,94,0.8173913043478261,0.9594202898550726,110.33333333333333,0.9771739130434782,112.375
115,8,920,772,0.8391304347826087,148,0.1608695652173913,2,ec60a4f7786e2279a182,115,56,0.48695652173913045,115,96,0.8347826086956521,0.9617391304347825,110.6,0.9782608695652174,112.5
115,8,920,760,0.8260869565217391,160,0.17391304347826086,3,ec60a4f7786e2279a182,115,43,0.3739130434782609,115,92,0.8,0.9540096618357488,109.71111111111111,0.9739130434782609,112.0
115,8,920,729,0.7923913043478261,191,0.2076086956521739,4,ec60a4f7786e2279a182,115,43,0.3739130434782609,115,87,0.7565217391304347,0.9458937198067632,108.77777777777777,0.9695652173913043,111.5
127,8,1016,891,0.8769685039370079,125,0.12303149606299213,0,ec70019f85ed0df3b1c4,127,70,0.5511811023622047,127,111,0.8740157480314961,0.9720034995625548,123.44444444444444,0.984251968503937,125.0
127,8,1016,870,0.8562992125984252,146,0.1437007874015748,1,ec70019f85ed0df3b1c4,127,64,0.5039370078740157,127,110,0.8661417322834646,0.9702537182852145,123.22222222222223,0.9832677165354331,124.875
127,8,1016,818,0.8051181102362205,198,0.19488188976377951,2,ec70019f85ed0df3b1c4,127,47,0.3700787401574803,127,99,0.7795275590551181,0.9510061242344706,120.77777777777777,0.9724409448818898,123.5
127,8,1016,833,0.8198818897637795,183,0.18011811023622049,3,ec70019f85ed0df3b1c4,127,61,0.48031496062992124,127,105,0.8267716535433071,0.9601049868766405,121.93333333333334,0.9773622047244095,124.125
127,8,1016,821,0.8080708661417323,195,0.1919291338582677,4,ec70019f85ed0df3b1c4,127,53,0.41732283464566927,127,103,0.8110236220472441,0.9580052493438319,121.66666666666667,0.9763779527559056,124.0
127,8,1016,884,0.8700787401574803,132,0.12992125984251968,0,ed1695f55c50b1366194,127,64,0.5039370078740157,127,105,0.8267716535433071,0.9615048118985127,122.11111111111111,0.9783464566929134,124.25
127,8,1016,856,0.84251968503937,160,0.15748031496062992,1,ed1695f55c50b1366194,127,59,0.4645669291338583,127,105,0.8267716535433071,0.9615048118985126,122.11111111111111,0.9783464566929134,124.25
127,8,1016,825,0.812007874015748,191,0.18799212598425197,2,ed1695f55c50b1366194,127,53,0.41732283464566927,127,103,0.8110236220472441,0.9538057742782151,121.13333333333334,0.9734251968503937,123.625
127,8,1016,781,0.7687007874015748,235,0.2312992125984252,3,ed1695f55c50b1366194,127,33,0.25984251968503935,127,94,0.7401574803149606,0.942257217847769,119.66666666666667,0.96751968503937,122.875
127,8,1016,810,0.797244094488189,206,0.20275590551181102,4,ed1695f55c50b1366194,127,41,0.3228346456692913,127,100,0.7874015748031497,0.9513560804899389,120.82222222222222,0.9724409448818898,123.5
127,8,1016,901,0.8868110236220472,115,0.11318897637795275,0,ed33d9d8f1a6628f8f41,127,73,0.5748031496062992,127,104,0.8188976377952756,0.9597550306211723,121.88888888888889,0.9773622047244095,124.125
127,8,1016,874,0.860236220472441,142,0.13976377952755906,1,ed33d9d8f1a6628f8f41,127,60,0.47244094488188976,127,98,0.7716535433070866,0.9492563429571304,120.55555555555556,0.9714566929133859,123.375
127,8,1016,854,0.8405511811023622,162,0.1594488188976378,2,ed33d9d8f1a6628f8f41,127,56,0.4409448818897638,127,106,0.8346456692913385,0.9618547681539807,122.15555555555555,0.9783464566929134,124.25
127,8,1016,799,0.7864173228346457,217,0.21358267716535434,3,ed33d9d8f1a6628f8f41,127,45,0.3543307086614173,127,100,0.7874015748031497,0.9499562554680664,120.64444444444445,0.9714566929133859,123.375
127,8,1016,838,0.8248031496062992,178,0.17519685039370078,4,ed33d9d8f1a6628f8f41,127,53,0.41732283464566927,127,100,0.7874015748031497,0.952755905511811,121.0,0.9734251968503937,123.625
127,8,1016,915,0.9005905511811023,101,0.09940944881889764,0,ed4af850109e13dbffb7,127,79,0.6220472440944882,127,109,0.8582677165354331,0.968503937007874,123.0,0.9822834645669292,124.75
127,8,1016,850,0.8366141732283464,166,0.16338582677165353,1,ed4af850109e13dbffb7,127,58,0.4566929133858268,127,104,0.8188976377952756,0.9597550306211723,121.88888888888889,0.9773622047244095,124.125
127,8,1016,852,0.8385826771653543,164,0.16141732283464566,2,ed4af850109e13dbffb7,127,63,0.49606299212598426,127,112,0.8818897637795275,0.973753280839895,123.66666666666667,0.985236220472441,125.125
127,8,1016,794,0.781496062992126,222,0.21850393700787402,3,ed4af850109e13dbffb7,127,41,0.3228346456692913,127,86,0.6771653543307087,0.9282589676290464,117.88888888888889,0.9596456692913385,121.875
127,8,1016,816,0.8031496062992126,200,0.1968503937007874,4,ed4af850109e13dbffb7,127,50,0.3937007874015748,127,105,0.8267716535433071,0.9601049868766405,121.93333333333334,0.9773622047244095,124.125
127,8,1016,905,0.890748031496063,111,0.10925196850393701,0,ed5b42137a010acef8a9,127,74,0.5826771653543307,127,114,0.8976377952755905,0.9772528433945757,124.11111111111111,0.9872047244094488,125.375
127,8,1016,882,0.8681102362204725,134,0.13188976377952755,1,ed5b42137a010acef8a9,127,68,0.5354330708661418,127,111,0.8740157480314961,0.9706036745406825,123.26666666666667,0.9832677165354331,124.875
127,8,1016,850,0.8366141732283464,166,0.16338582677165353,2,ed5b42137a010acef8a9,127,51,0.4015748031496063,127,98,0.7716535433070866,0.9492563429571304,120.55555555555556,0.9714566929133859,123.375
127,8,1016,817,0.8041338582677166,199,0.19586614173228348,3,ed5b42137a010acef8a9,127,45,0.3543307086614173,127,92,0.7244094488188977,0.9387576552930884,119.22222222222223,0.9655511811023622,122.625
127,8,1016,817,0.8041338582677166,199,0.19586614173228348,4,ed5b42137a010acef8a9,127,52,0.4094488188976378,127,105,0.8267716535433071,0.9615048118985127,122.11111111111111,0.9783464566929134,124.25
127,8,1016,907,0.8927165354330708,109,0.10728346456692914,0,ed9cd460ff8cf112cf9b,127,75,0.5905511811023622,127,112,0.8818897637795275,0.9737532808398951,123.66666666666667,0.985236220472441,125.125
127,8,1016,855,0.8415354330708661,161,0.15846456692913385,1,ed9cd460ff8cf112cf9b,127,60,0.47244094488188976,127,104,0.8188976377952756,0.9597550306211723,121.88888888888889,0.9773622047244095,124.125
127,8,1016,864,0.8503937007874016,152,0.14960629921259844,2,ed9cd460ff8cf112cf9b,127,59,0.4645669291338583,127,107,0.84251968503937,0.9636045494313212,122.37777777777778,0.9793307086614174,124.375
127,8,1016,804,0.7913385826771654,212,0.20866141732283464,3,ed9cd460ff8cf112cf9b,127,45,0.3543307086614173,127,93,0.7322834645669292,0.9391076115485563,119.26666666666667,0.9655511811023622,122.625
127,8,1016,811,0.7982283464566929,205,0.2017716535433071,4,ed9cd460ff8cf112cf9b,127,49,0.3858267716535433,127,102,0.8031496062992126,0.9562554680664915,121.44444444444444,0.9753937007874016,123.875
127,8,1016,921,0.906496062992126,95,0.09350393700787402,0,eda8a5523c042a26eee4,127,81,0.6377952755905512,127,118,0.9291338582677166,0.984251968503937,125.0,0.9911417322834646,125.875
127,8,1016,881,0.8671259842519685,135,0.1328740157480315,1,eda8a5523c042a26eee4,127,68,0.5354330708661418,127,112,0.8818897637795275,0.973753280839895,123.66666666666667,0.985236220472441,125.125
127,8,1016,860,0.8464566929133859,156,0.15354330708661418,2,eda8a5523c042a26eee4,127,57,0.44881889763779526,127,105,0.8267716535433071,0.9601049868766405,121.93333333333334,0.9773622047244095,124.125
127,8,1016,807,0.7942913385826772,209,0.20570866141732283,3,eda8a5523c042a26eee4,127,51,0.4015748031496063,127,104,0.8188976377952756,0.9569553805774279,121.53333333333333,0.9753937007874016,123.875
127,8,1016,824,0.8110236220472441,192,0.1889763779527559,4,eda8a5523c042a26eee4,127,57,0.44881889763779526,127,102,0.8031496062992126,0.9548556430446196,121.26666666666667,0.9744094488188977,123.75
127,8,1016,909,0.8946850393700787,107,0.10531496062992125,0,edcf5b2b115bf77ea26c,127,76,0.5984251968503937,127,112,0.8818897637795275,0.973753280839895,123.66666666666667,0.985236220472441,125.125
127,8,1016,893,0.8789370078740157,123,0.12106299212598425,1,edcf5b2b115bf77ea26c,127,72,0.5669291338582677,127,110,0.8661417322834646,0.9702537182852143,123.22222222222223,0.9832677165354331,124.875
127,8,1016,860,0.8464566929133859,156,0.15354330708661418,2,edcf5b2b115bf77ea26c,127,66,0.5196850393700787,127,99,0.7795275590551181,0.9482064741907261,120.42222222222222,0.9704724409448819,123.25
127,8,1016,807,0.7942913385826772,209,0.20570866141732283,3,edcf5b2b115bf77ea26c,127,45,0.3543307086614173,127,103,0.8110236220472441,0.9552055993000875,121.31111111111112,0.9744094488188977,123.75
127,8,1016,791,0.7785433070866141,225,0.22145669291338582,4,edcf5b2b115bf77ea26c,127,44,0.3464566929133858,127,96,0.7559055118110236,0.9443569553805775,119.93333333333334,0.968503937007874,123.0
127,8,1016,924,0.9094488188976378,92,0.09055118110236221,0,ee4a6c86011c3e44ff62,127,82,0.6456692913385826,127,114,0.8976377952755905,0.9772528433945757,124.11111111111111,0.9872047244094488,125.375
127,8,1016,887,0.8730314960629921,129,0.12696850393700787,1,ee4a6c86011c3e44ff62,127,69,0.5433070866141733,127,113,0.889763779527559,0.9755030621172354,123.88888888888889,0.9862204724409449,125.25
127,8,1016,879,0.8651574803149606,137,0.13484251968503938,2,ee4a6c86011c3e44ff62,127,60,0.47244094488188976,127,105,0.8267716535433071,0.9615048118985127,122.11111111111111,0.9783464566929134,124.25
127,8,1016,813,0.8001968503937008,203,0.19980314960629922,3,ee4a6c86011c3e44ff62,127,48,0.3779527559055118,127,98,0.7716535433070866,0.9492563429571304,120.55555555555556,0.9714566929133859,123.375
127,8,1016,823,0.8100393700787402,193,0.18996062992125984,4,ee4a6c86011c3e44ff62,127,45,0.3543307086614173,127,101,0.7952755905511811,0.953105861767279,121.04444444444445,0.9734251968503937,123.625
127,8,1016,887,0.8730314960629921,129,0.12696850393700787,0,ee7cfbc75d68a00d3394,127,71,0.5590551181102362,127,114,0.8976377952755905,0.9772528433945757,124.11111111111111,0.9872047244094488,125.375
127,8,1016,841,0.827755905511811,175,0.17224409448818898,1,ee7cfbc75d68a00d3394,127,54,0.4251968503937008,127,101,0.7952755905511811,0.9545056867891514,121.22222222222223,0.9744094488188977,123.75
127,8,1016,815,0.8021653543307087,201,0.19783464566929135,2,ee7cfbc75d68a00d3394,127,49,0.3858267716535433,127,100,0.7874015748031497,0.9499562554680665,120.64444444444445,0.9714566929133859,123.375
127,8,1016,783,0.7706692913385826,233,0.22933070866141733,3,ee7cfbc75d68a00d3394,127,40,0.31496062992125984,127,88,0.6929133858267716,0.9289588801399825,117.97777777777777,0.9596456692913385,121.875
127,8,1016,771,0.7588582677165354,245,0.24114173228346455,4,ee7cfbc75d68a00d3394,127,37,0.29133858267716534,127,94,0.7401574803149606,0.9408573928258966,119.4888888888889,0.9665354330708661,122.75
127,8,1016,921,0.906496062992126,95,0.09350393700787402,0,ee7dabd94e62e0bf2b5e,127,84,0.6614173228346457,127,121,0.952755905511811,0.9895013123359581,125.66666666666667,0.9940944881889764,126.25
127,8,1016,875,0.8612204724409449,141,0.13877952755905512,1,ee7dabd94e62e0bf2b5e,127,72,0.5669291338582677,127,105,0.8267716535433071,0.9615048118985127,122.11111111111111,0.9783464566929134,124.25
127,8,1016,865,0.8513779527559056,151,0.1486220472440945,2,ee7dabd94e62e0bf2b5e,127,53,0.41732283464566927,127,104,0.8188976377952756,0.9597550306211724,121.88888888888889,0.9773622047244095,124.125
127,8,1016,775,0.7627952755905512,241,0.2372047244094488,3,ee7dabd94e62e0bf2b5e,127,40,0.31496062992125984,127,92,0.7244094488188977,0.9373578302712161,119.04444444444445,0.9645669291338582,122.5
127,8,1016,858,0.844488188976378,158,0.15551181102362205,4,ee7dabd94e62e0bf2b5e,127,57,0.44881889763779526,127,96,0.7559055118110236,0.9457567804024496,120.11111111111111,0.969488188976378,123.125
127,8,1016,892,0.8779527559055118,124,0.1220472440944882,0,ee81963d22618d303935,127,71,0.5590551181102362,127,112,0.8818897637795275,0.9737532808398952,123.66666666666667,0.985236220472441,125.125
127,8,1016,884,0.8700787401574803,132,0.12992125984251968,1,ee81963d22618d303935,127,69,0.5433070866141733,127,117,0.9212598425196851,0.9825021872265967,124.77777777777777,0.9901574803149606,125.75
127,8,1016,879,0.8651574803149606,137,0.13484251968503938,2,ee81963d22618d303935,127,62,0.4881889763779528,127,100,0.7874015748031497,0.952755905511811,121.0,0.9734251968503937,123.625
127,8,1016,792,0.7795275590551181,224,0.2204724409448819,3,ee81963d22618d303935,127,40,0.31496062992125984,127,102,0.8031496062992126,0.9562554680664915,121.44444444444444,0.9753937007874016,123.875
127,8,1016,856,0.84251968503937,160,0.15748031496062992,4,ee81963d22618d303935,127,56,0.4409448818897638,127,102,0.8031496062992126,0.9534558180227473,121.08888888888889,0.9734251968503937,123.625
127,8,1016,917,0.9025590551181102,99,0.09744094488188976,0,ef06424c58988163b7c9,127,82,0.6456692913385826,127,115,0.905511811023622,0.9790026246719161,124.33333333333333,0.9881889763779528,125.5
127,8,1016,847,0.8336614173228346,169,0.16633858267716536,1,ef06424c58988163b7c9,127,52,0.4094488188976378,127,103,0.8110236220472441,0.9566054243219598,121.4888888888889,0.9753937007874016,123.875
127,8,1016,824,0.8110236220472441,192,0.1889763779527559,2,ef06424c58988163b7c9,127,52,0.4094488188976378,127,96,0.7559055118110236,0.9443569553805775,119.93333333333334,0.968503937007874,123.0
127,8,1016,788,0.7755905511811023,228,0.22440944881889763,3,ef06424c58988163b7c9,127,45,0.3543307086614173,127,97,0.7637795275590551,0.9461067366579179,120.15555555555555,0.969488188976378,123.125
127,8,1016,827,0.8139763779527559,189,0.1860236220472441,4,ef06424c58988163b7c9,127,45,0.3543307086614173,127,92,0.7244094488188977,0.9359580052493439,118.86666666666666,0.9635826771653543,122.375
127,8,1016,907,0.8927165354330708,109,0.10728346456692914,0,ef10a7183d48a63003df,127,79,0.6220472440944882,127,116,0.9133858267716536,0.9807524059492565,124.55555555555556,0.9891732283464567,125.625
127,8,1016,833,0.8198818897637795,183,0.18011811023622049,1,ef10a7183d48a63003df,127,58,0.4566929133858268,127,110,0.8661417322834646,0.9702537182852145,123.22222222222223,0.9832677165354331,124.875
127,8,1016,882,0.8681102362204725,134,0.13188976377952755,2,ef10a7183d48a63003df,127,67,0.5275590551181102,127,106,0.8346456692913385,0.9618547681539806,122.15555555555555,0.9783464566929134,124.25
127,8,1016,796,0.7834645669291339,220,0.21653543307086615,3,ef10a7183d48a63003df,127,42,0.33070866141732286,127,89,0.7007874015748031,0.932108486439195,118.37777777777778,0.9616141732283464,122.125
127,8,1016,798,0.7854330708661418,218,0.21456692913385828,4,ef10a7183d48a63003df,127,44,0.3464566929133858,127,98,0.7716535433070866,0.9492563429571305,120.55555555555556,0.9714566929133859,123.375
127,8,1016,921,0.906496062992126,95,0.09350393700787402,0,efbbfc09ebc85a0198a7,127,83,0.6535433070866141,127,115,0.905511811023622,0.9762029746281715,123.97777777777777,0.9862204724409449,125.25
127,8,1016,887,0.8730314960629921,129,0.12696850393700787,1,efbbfc09ebc85a0198a7,127,67,0.5275590551181102,127,113,0.889763779527559,0.9755030621172354,123.88888888888889,0.9862204724409449,125.25
127,8,1016,850,0.8366141732283464,166,0.16338582677165353,2,efbbfc09ebc85a0198a7,127,59,0.4645669291338583,127,103,0.8110236220472441,0.958005249343832,121.66666666666667,0.9763779527559056,124.0
127,8,1016,790,0.7775590551181102,226,0.22244094488188976,3,efbbfc09ebc85a0198a7,127,42,0.33070866141732286,127,96,0.7559055118110236,0.9457567804024497,120.11111111111111,0.969488188976378,123.125
127,8,1016,888,0.8740157480314961,128,0.12598425196850394,4,efbbfc09ebc85a0198a7,127,71,0.5590551181102362,127,103,0.8110236220472441,0.9566054243219597,121.4888888888889,0.9753937007874016,123.875
127,8,1016,916,0.9015748031496063,100,0.0984251968503937,0,f0038360238676bc6dc7,127,81,0.6377952755905512,127,113,0.889763779527559,0.9755030621172354,123.88888888888889,0.9862204724409449,125.25
127,8,1016,855,0.8415354330708661,161,0.15846456692913385,1,f0038360238676bc6dc7,127,57,0.44881889763779526,127,106,0.8346456692913385,0.963254593175853,122.33333333333333,0.9793307086614174,124.375
127,8,1016,843,0.8297244094488189,173,0.1702755905511811,2,f0038360238676bc6dc7,127,59,0.4645669291338583,127,106,0.8346456692913385,0.9618547681539807,122.15555555555555,0.9783464566929134,124.25
127,8,1016,827,0.8139763779527559,189,0.1860236220472441,3,f0038360238676bc6dc7,127,53,0.41732283464566927,127,103,0.8110236220472441,0.9580052493438319,121.66666666666667,0.9763779527559056,124.0
127,8,1016,850,0.8366141732283464,166,0.16338582677165353,4,f0038360238676bc6dc7,127,57,0.44881889763779526,127,102,0.8031496062992126,0.9548556430446193,121.26666666666667,0.9744094488188977,123.75
127,8,1016,911,0.8966535433070866,105,0.10334645669291338,0,f04c751fc6cabeda634f,127,79,0.6220472440944882,127,114,0.8976377952755905,0.9772528433945757,124.11111111111111,0.9872047244094488,125.375
127,8,1016,883,0.8690944881889764,133,0.1309055118110236,1,f04c751fc6cabeda634f,127,67,0.5275590551181102,127,114,0.8976377952755905,0.9772528433945757,124.11111111111111,0.9872047244094488,125.375
127,8,1016,855,0.8415354330708661,161,0.15846456692913385,2,f04c751fc6cabeda634f,127,60,0.47244094488188976,127,110,0.8661417322834646,0.9702537182852145,123.22222222222223,0.9832677165354331,124.875
127,8,1016,847,0.8336614173228346,169,0.16633858267716536,3,f04c751fc6cabeda634f,127,54,0.4251968503937008,127,99,0.7795275590551181,0.9510061242344706,120.77777777777777,0.9724409448818898,123.5
127,8,1016,854,0.8405511811023622,162,0.1594488188976378,4,f04c751fc6cabeda634f,127,63,0.49606299212598426,127,110,0.8661417322834646,0.9702537182852145,123.22222222222223,0.9832677165354331,124.875
127,8,1016,905,0.890748031496063,111,0.10925196850393701,0,f071bdcbbbc3e959b867,127,76,0.5984251968503937,127,110,0.8661417322834646,0.9702537182852145,123.22222222222223,0.9832677165354331,124.875
127,8,1016,878,0.8641732283464567,138,0.13582677165354332,1,f071bdcbbbc3e959b867,127,65,0.5118110236220472,127,104,0.8188976377952756,0.9597550306211724,121.88888888888889,0.9773622047244095,124.125
127,8,1016,864,0.8503937007874016,152,0.14960629921259844,2,f071bdcbbbc3e959b867,127,58,0.4566929133858268,127,103,0.8110236220472441,0.9566054243219598,121.4888888888889,0.9753937007874016,123.875
127,8,1016,795,0.78248031496063,221,0.21751968503937008,3,f071bdcbbbc3e959b867,127,43,0.33858267716535434,127,93,0.7322834645669292,0.9391076115485563,119.26666666666667,0.9655511811023622,122.625
127,8,1016,838,0.8248031496062992,178,0.17519685039370078,4,f071bdcbbbc3e959b867,127,55,0.4330708661417323,127,112,0.8818897637795275,0.9737532808398951,123.66666666666667,0.985236220472441,125.125
127,8,1016,918,0.9035433070866141,98,0.09645669291338582,0,f0a80145f6b08b42e75e,127,85,0.6692913385826772,127,116,0.9133858267716536,0.9807524059492564,124.55555555555556,0.9891732283464567,125.625
127,8,1016,875,0.8612204724409449,141,0.13877952755905512,1,f0a80145f6b08b42e75e,127,64,0.5039370078740157,127,114,0.8976377952755905,0.9772528433945757,124.11111111111111,0.9872047244094488,125.375
127,8,1016,850,0.8366141732283464,166,0.16338582677165353,2,f0a80145f6b08b42e75e,127,56,0.4409448818897638,127,95,0.7480314960629921,0.9426071741032369,119.71111111111111,0.96751968503937,122.875
127,8,1016,838,0.8248031496062992,178,0.17519685039370078,3,f0a80145f6b08b42e75e,127,53,0.41732283464566927,127,106,0.8346456692913385,0.9618547681539809,122.15555555555555,0.9783464566929134,124.25
127,8,1016,845,0.8316929133858267,171,0.16830708661417323,4,f0a80145f6b08b42e75e,127,55,0.4330708661417323,127,107,0.84251968503937,0.9650043744531933,122.55555555555556,0.9803149606299213,124.5
127,8,1016,888,0.8740157480314961,128,0.12598425196850394,0,f1319787940d241bd108,127,76,0.5984251968503937,127,118,0.9291338582677166,0.984251968503937,125.0,0.9911417322834646,125.875
127,8,1016,874,0.860236220472441,142,0.13976377952755906,1,f1319787940d241bd108,127,62,0.4881889763779528,127,107,0.84251968503937,0.9650043744531932,122.55555555555556,0.9803149606299213,124.5
127,8,1016,831,0.8179133858267716,185,0.18208661417322836,2,f1319787940d241bd108,127,57,0.44881889763779526,127,108,0.8503937007874016,0.9667541557305337,122.77777777777777,0.9812992125984252,124.625
127,8,1016,799,0.7864173228346457,217,0.21358267716535434,3,f1319787940d241bd108,127,47,0.3700787401574803,127,90,0.7086614173228346,0.9324584426946632,118.42222222222222,0.9616141732283464,122.125
127,8,1016,807,0.7942913385826772,209,0.20570866141732283,4,f1319787940d241bd108,127,43,0.33858267716535434,127,100,0.7874015748031497,0.952755905511811,121.0,0.9734251968503937,123.625
127,8,1016,882,0.8681102362204725,134,0.13188976377952755,0,f14945b89c4aa87a2ec2,127,72,0.5669291338582677,127,110,0.8661417322834646,0.9702537182852145,123.22222222222223,0.9832677165354331,124.875
127,8,1016,871,0.8572834645669292,145,0.14271653543307086,1,f14945b89c4aa87a2ec2,127,65,0.5118110236220472,127,109,0.8582677165354331,0.968503937007874,123.0,0.9822834645669292,124.75
127,8,1016,853,0.8395669291338582,163,0.16043307086614172,2,f14945b89c4aa87a2ec2,127,58,0.4566929133858268,127,107,0.84251968503937,0.9650043744531933,122.55555555555556,0.9803149606299213,124.5
127,8,1016,821,0.8080708661417323,195,0.1919291338582677,3,f14945b89c4aa87a2ec2,127,52,0.4094488188976378,127,98,0.7716535433070866,0.947856517935258,120.37777777777778,0.9704724409448819,123.25
127,8,1016,840,0.8267716535433071,176,0.1732283464566929,4,f14945b89c4aa87a2ec2,127,53,0.41732283464566927,127,99,0.7795275590551181,0.9510061242344706,120.77777777777777,0.9724409448818898,123.5
127,8,1016,916,0.9015748031496063,100,0.0984251968503937,0,f16919d280bf2377108c,127,80,0.6299212598425197,127,116,0.9133858267716536,0.9807524059492563,124.55555555555556,0.9891732283464567,125.625
127,8,1016,882,0.8681102362204725,134,0.13188976377952755,1,f16919d280bf2377108c,127,66,0.5196850393700787,127,113,0.889763779527559,0.9755030621172355,123.88888888888889,0.9862204724409449,125.25
127,8,1016,873,0.859251968503937,143,0.140748031496063,2,f16919d280bf2377108c,127,57,0.44881889763779526,127,105,0.8267716535433071,0.9615048118985127,122.11111111111111,0.9783464566929134,124.25
127,8,1016,833,0.8198818897637795,183,0.18011811023622049,3,f16919d280bf2377108c,127,47,0.3700787401574803,127,88,0.6929133858267716,0.9303587051618546,118.15555555555555,0.9606299212598425,122.0
127,8,1016,855,0.8415354330708661,161,0.15846456692913385,4,f16919d280bf2377108c,127,57,0.44881889763779526,127,106,0.8346456692913385,0.9618547681539807,122.15555555555555,0.9783464566929134,124.25
127,8,1016,929,0.9143700787401575,87,0.08562992125984252,0,f1e40190bf0f306cc68f,127,85,0.6692913385826772,127,112,0.8818897637795275,0.9737532808398951,123.66666666666667,0.985236220472441,125.125
127,8,1016,887,0.8730314960629921,129,0.12696850393700787,1,f1e40190bf0f306cc68f,127,73,0.5748031496062992,127,113,0.889763779527559,0.9755030621172355,123.88888888888889,0.9862204724409449,125.25
127,8,1016,885,0.8710629921259843,131,0.12893700787401574,2,f1e40190bf0f306cc68f,127,65,0.5118110236220472,127,103,0.8110236220472441,0.9566054243219597,121.4888888888889,0.9753937007874016,123.875
127,8,1016,822,0.8090551181102362,194,0.19094488188976377,3,f1e40190bf0f306cc68f,127,50,0.3937007874015748,127,97,0.7637795275590551,0.9475065616797899,120.33333333333333,0.9704724409448819,123.25
127,8,1016,874,0.860236220472441,142,0.13976377952755906,4,f1e40190bf0f306cc68f,127,65,0.5118110236220472,127,100,0.7874015748031497,0.9527559055118111,121.0,0.9734251968503937,123.625
127,8,1016,900,0.8858267716535433,116,0.1141732283464567,0,f1e595a9b1a4d7f427b2,127,80,0.6299212598425197,127,118,0.9291338582677166,0.984251968503937,125.0,0.9911417322834646,125.875
127,8,1016,865,0.8513779527559056,151,0.1486220472440945,1,f1e595a9b1a4d7f427b2,127,64,0.5039370078740157,127,110,0.8661417322834646,0.9702537182852145,123.22222222222223,0.9832677165354331,124.875
127,8,1016,861,0.8474409448818898,155,0.15255905511811024,2,f1e595a9b1a4d7f427b2,127,57,0.44881889763779526,127,100,0.7874015748031497,0.952755905511811,121.0,0.9734251968503937,123.625
127,8,1016,794,0.781496062992126,222,0.21850393700787402,3,f1e595a9b1a4d7f427b2,127,42,0.33070866141732286,127,96,0.7559055118110236,0.9443569553805775,119.93333333333334,0.968503937007874,123.0
127,8,1016,835,0.8218503937007874,181,0.1781496062992126,4,f1e595a9b1a4d7f427b2,127,52,0.4094488188976378,127,102,0.8031496062992126,0.9548556430446195,121.26666666666667,0.9744094488188977,123.75
127,8,1016,906,0.8917322834645669,110,0.10826771653543307,0,f240b20adde5c5226f6b,127,75,0.5905511811023622,127,107,0.84251968503937,0.9636045494313212,122.37777777777778,0.9793307086614174,124.375
127,8,1016,847,0.8336614173228346,169,0.16633858267716536,1,f240b20adde5c5226f6b,127,57,0.44881889763779526,127,101,0.7952755905511811,0.9545056867891514,121.22222222222223,0.9744094488188977,123.75
127,8,1016,876,0.8622047244094488,140,0.1377952755905512,2,f240b20adde5c5226f6b,127,63,0.49606299212598426,127,103,0.8110236220472441,0.958005249343832,121.66666666666667,0.9763779527559056,124.0
127,8,1016,824,0.8110236220472441,192,0.1889763779527559,3,f240b20adde5c5226f6b,127,47,0.3700787401574803,127,97,0.7637795275590551,0.9461067366579177,120.15555555555555,0.969488188976378,123.125
127,8,1016,847,0.8336614173228346,169,0.16633858267716536,4,f240b20adde5c5226f6b,127,55,0.4330708661417323,127,103,0.8110236220472441,0.9580052493438319,121.66666666666667,0.9763779527559056,124.0
103,8,824,735,0.8919902912621359,89,0.10800970873786407,0,f2858e4fb41400dee486,103,67,0.6504854368932039,103,92,0.8932038834951457,0.9762675296655879,100.55555555555556,0.9866504854368932,101.625
103,8,824,739,0.8968446601941747,85,0.10315533980582524,1,f2858e4fb41400dee486,103,63,0.6116504854368932,103,91,0.883495145631068,0.9741100323624596,100.33333333333333,0.9854368932038835,101.5
103,8,824,678,0.8228155339805825,146,0.17718446601941748,2,f2858e4fb41400dee486,103,41,0.39805825242718446,103,88,0.8543689320388349,0.9659115426105717,99.4888888888889,0.9805825242718447,101.0
103,8,824,681,0.8264563106796117,143,0.17354368932038836,3,f2858e4fb41400dee486,103,41,0.39805825242718446,103,78,0.7572815533980582,0.9443365695792881,97.26666666666667,0.9684466019417476,99.75
103,8,824,664,0.8058252427184466,160,0.1941747572815534,4,f2858e4fb41400dee486,103,37,0.3592233009708738,103,82,0.7961165048543689,0.9495145631067959,97.8,0.970873786407767,100.0
127,8,1016,929,0.9143700787401575,87,0.08562992125984252,0,f2f130fc01529df65039,127,80,0.6299212598425197,127,113,0.889763779527559,0.9755030621172354,123.88888888888889,0.9862204724409449,125.25
127,8,1016,870,0.8562992125984252,146,0.1437007874015748,1,f2f130fc01529df65039,127,66,0.5196850393700787,127,114,0.8976377952755905,0.9772528433945757,124.11111111111111,0.9872047244094488,125.375
127,8,1016,895,0.8809055118110236,121,0.11909448818897637,2,f2f130fc01529df65039,127,70,0.5511811023622047,127,109,0.8582677165354331,0.9671041119860018,122.82222222222222,0.9812992125984252,124.625
127,8,1016,777,0.764763779527559,239,0.23523622047244094,3,f2f130fc01529df65039,127,45,0.3543307086614173,127,87,0.6850393700787402,0.9286089238845143,117.93333333333334,0.9596456692913385,121.875
127,8,1016,819,0.8061023622047244,197,0.19389763779527558,4,f2f130fc01529df65039,127,56,0.4409448818897638,127,99,0.7795275590551181,0.9496062992125984,120.6,0.9714566929133859,123.375
127,8,1016,910,0.8956692913385826,106,0.10433070866141732,0,f3007c807c021e4181b1,127,77,0.6062992125984252,127,113,0.889763779527559,0.9755030621172354,123.88888888888889,0.9862204724409449,125.25
127,8,1016,887,0.8730314960629921,129,0.12696850393700787,1,f3007c807c021e4181b1,127,71,0.5590551181102362,127,103,0.8110236220472441,0.9580052493438319,121.66666666666667,0.9763779527559056,124.0
127,8,1016,864,0.8503937007874016,152,0.14960629921259844,2,f3007c807c021e4181b1,127,62,0.4881889763779528,127,108,0.8503937007874016,0.9625546806649169,122.24444444444444,0.9783464566929134,124.25
127,8,1016,856,0.84251968503937,160,0.15748031496062992,3,f3007c807c021e4181b1,127,58,0.4566929133858268,127,101,0.7952755905511811,0.9517060367454069,120.86666666666666,0.9724409448818898,123.5
127,8,1016,863,0.8494094488188977,153,0.15059055118110237,4,f3007c807c021e4181b1,127,58,0.4566929133858268,127,100,0.7874015748031497,0.9513560804899388,120.82222222222222,0.9724409448818898,123.5
127,8,1016,914,0.8996062992125984,102,0.10039370078740158,0,f30e6072f963aa16e457,127,80,0.6299212598425197,127,110,0.8661417322834646,0.9702537182852143,123.22222222222223,0.9832677165354331,124.875
127,8,1016,868,0.8543307086614174,148,0.14566929133858267,1,f30e6072f963aa16e457,127,62,0.4881889763779528,127,109,0.8582677165354331,0.968503937007874,123.0,0.9822834645669292,124.75
127,8,1016,841,0.827755905511811,175,0.17224409448818898,2,f30e6072f963aa16e457,127,59,0.4645669291338583,127,101,0.7952755905511811,0.9545056867891512,121.22222222222223,0.9744094488188977,123.75
127,8,1016,807,0.7942913385826772,209,0.20570866141732283,3,f30e6072f963aa16e457,127,42,0.33070866141732286,127,91,0.7165354330708661,0.9356080489938757,118.82222222222222,0.9635826771653543,122.375
127,8,1016,845,0.8316929133858267,171,0.16830708661417323,4,f30e6072f963aa16e457,127,57,0.44881889763779526,127,110,0.8661417322834646,0.9702537182852143,123.22222222222223,0.9832677165354331,124.875
127,8,1016,899,0.8848425196850394,117,0.11515748031496063,0,f336add17ac143e81f5e,127,71,0.5590551181102362,127,111,0.8740157480314961,0.9720034995625548,123.44444444444444,0.984251968503937,125.0
127,8,1016,882,0.8681102362204725,134,0.13188976377952755,1,f336add17ac143e81f5e,127,68,0.5354330708661418,127,110,0.8661417322834646,0.9702537182852145,123.22222222222223,0.9832677165354331,124.875
127,8,1016,850,0.8366141732283464,166,0.16338582677165353,2,f336add17ac143e81f5e,127,59,0.4645669291338583,127,108,0.8503937007874016,0.9667541557305336,122.77777777777777,0.9812992125984252,124.625
127,8,1016,818,0.8051181102362205,198,0.19488188976377951,3,f336add17ac143e81f5e,127,51,0.4015748031496063,127,98,0.7716535433070866,0.9492563429571304,120.55555555555556,0.9714566929133859,123.375
127,8,1016,819,0.8061023622047244,197,0.19389763779527558,4,f336add17ac143e81f5e,127,50,0.3937007874015748,127,97,0.7637795275590551,0.94750656167979,120.33333333333333,0.9704724409448819,123.25
127,8,1016,907,0.8927165354330708,109,0.10728346456692914,0,f33ed6f4a2cbbdc3df09,127,81,0.6377952755905512,127,112,0.8818897637795275,0.9737532808398951,123.66666666666667,0.985236220472441,125.125
127,8,1016,883,0.8690944881889764,133,0.1309055118110236,1,f33ed6f4a2cbbdc3df09,127,67,0.5275590551181102,127,113,0.889763779527559,0.9755030621172355,123.88888888888889,0.9862204724409449,125.25
127,8,1016,835,0.8218503937007874,181,0.1781496062992126,2,f33ed6f4a2cbbdc3df09,127,51,0.4015748031496063,127,106,0.8346456692913385,0.963254593175853,122.33333333333333,0.9793307086614174,124.375
127,8,1016,807,0.7942913385826772,209,0.20570866141732283,3,f33ed6f4a2cbbdc3df09,127,46,0.36220472440944884,127,104,0.8188976377952756,0.9597550306211723,121.88888888888889,0.9773622047244095,124.125
127,8,1016,855,0.8415354330708661,161,0.15846456692913385,4,f33ed6f4a2cbbdc3df09,127,59,0.4645669291338583,127,106,0.8346456692913385,0.9604549431321084,121.97777777777777,0.9773622047244095,124.125
127,8,1016,877,0.8631889763779528,139,0.13681102362204725,0,f34be65d1aaf6e9e9a85,127,67,0.5275590551181102,127,106,0.8346456692913385,0.9618547681539809,122.15555555555555,0.9783464566929134,124.25
127,8,1016,855,0.8415354330708661,161,0.15846456692913385,1,f34be65d1aaf6e9e9a85,127,59,0.4645669291338583,127,103,0.8110236220472441,0.9566054243219597,121.4888888888889,0.9753937007874016,123.875
127,8,1016,827,0.8139763779527559,189,0.1860236220472441,2,f34be65d1aaf6e9e9a85,127,57,0.44881889763779526,127,102,0.8031496062992126,0.9562554680664915,121.44444444444444,0.9753937007874016,123.875
127,8,1016,748,0.7362204724409449,268,0.2637795275590551,3,f34be65d1aaf6e9e9a85,127,33,0.25984251968503935,127,83,0.6535433070866141,0.9216097987751531,117.04444444444445,0.9557086614173228,121.375
127,8,1016,735,0.7234251968503937,281,0.2765748031496063,4,f34be65d1aaf6e9e9a85,127,28,0.2204724409448819,127,87,0.6850393700787402,0.9258092738407699,117.57777777777778,0.9576771653543307,121.625
127,8,1016,911,0.8966535433070866,105,0.10334645669291338,0,f4bb1bc665aeca57833d,127,81,0.6377952755905512,127,114,0.8976377952755905,0.9772528433945757,124.11111111111111,0.9872047244094488,125.375
127,8,1016,866,0.8523622047244095,150,0.14763779527559054,1,f4bb1bc665aeca57833d,127,58,0.4566929133858268,127,112,0.8818897637795275,0.973753280839895,123.66666666666667,0.985236220472441,125.125
127,8,1016,841,0.827755905511811,175,0.17224409448818898,2,f4bb1bc665aeca57833d,127,56,0.4409448818897638,127,102,0.8031496062992126,0.9562554680664916,121.44444444444444,0.9753937007874016,123.875
127,8,1016,819,0.8061023622047244,197,0.19389763779527558,3,f4bb1bc665aeca57833d,127,48,0.3779527559055118,127,99,0.7795275590551181,0.9496062992125984,120.6,0.9714566929133859,123.375
127,8,1016,855,0.8415354330708661,161,0.15846456692913385,4,f4bb1bc665aeca57833d,127,61,0.48031496062992124,127,100,0.7874015748031497,0.952755905511811,121.0,0.9734251968503937,123.625
127,8,1016,911,0.8966535433070866,105,0.10334645669291338,0,f4cb1b6c567545e9c097,127,79,0.6220472440944882,127,111,0.8740157480314961,0.9720034995625548,123.44444444444444,0.984251968503937,125.0
127,8,1016,882,0.8681102362204725,134,0.13188976377952755,1,f4cb1b6c567545e9c097,127,69,0.5433070866141733,127,109,0.8582677165354331,0.968503937007874,123.0,0.9822834645669292,124.75
127,8,1016,894,0.8799212598425197,122,0.12007874015748031,2,f4cb1b6c567545e9c097,127,72,0.5669291338582677,127,111,0.8740157480314961,0.9720034995625548,123.44444444444444,0.984251968503937,125.0
127,8,1016,799,0.7864173228346457,217,0.21358267716535434,3,f4cb1b6c567545e9c097,127,38,0.2992125984251969,127,86,0.6771653543307087,0.9268591426071741,117.71111111111111,0.9586614173228346,121.75
127,8,1016,832,0.8188976377952756,184,0.18110236220472442,4,f4cb1b6c567545e9c097,127,53,0.41732283464566927,127,97,0.7637795275590551,0.9447069116360456,119.97777777777777,0.968503937007874,123.0
127,8,1016,884,0.8700787401574803,132,0.12992125984251968,0,f57907551417f232924a,127,67,0.5275590551181102,127,108,0.8503937007874016,0.9667541557305337,122.77777777777777,0.9812992125984252,124.625
127,8,1016,849,0.8356299212598425,167,0.1643700787401575,1,f57907551417f232924a,127,58,0.4566929133858268,127,107,0.84251968503937,0.9650043744531933,122.55555555555556,0.9803149606299213,124.5
127,8,1016,829,0.8159448818897638,187,0.18405511811023623,2,f57907551417f232924a,127,50,0.3937007874015748,127,102,0.8031496062992126,0.9534558180227473,121.08888888888889,0.9734251968503937,123.625
127,8,1016,776,0.7637795275590551,240,0.23622047244094488,3,f57907551417f232924a,127,38,0.2992125984251969,127,96,0.7559055118110236,0.9443569553805775,119.93333333333334,0.968503937007874,123.0
127,8,1016,827,0.8139763779527559,189,0.1860236220472441,4,f57907551417f232924a,127,47,0.3700787401574803,127,98,0.7716535433070866,0.946456692913386,120.2,0.969488188976378,123.125
127,8,1016,896,0.8818897637795275,120,0.11811023622047244,0,f598a18bf78b83407716,127,71,0.5590551181102362,127,113,0.889763779527559,0.9755030621172354,123.88888888888889,0.9862204724409449,125.25
127,8,1016,918,0.9035433070866141,98,0.09645669291338582,1,f598a18bf78b83407716,127,79,0.6220472440944882,127,114,0.8976377952755905,0.9772528433945757,124.11111111111111,0.9872047244094488,125.375
127,8,1016,853,0.8395669291338582,163,0.16043307086614172,2,f598a18bf78b83407716,127,55,0.4330708661417323,127,114,0.8976377952755905,0.9772528433945757,124.11111111111111,0.9872047244094488,125.375
127,8,1016,845,0.8316929133858267,171,0.16830708661417323,3,f598a18bf78b83407716,127,53,0.41732283464566927,127,106,0.8346456692913385,0.9618547681539809,122.15555555555555,0.9783464566929134,124.25
127,8,1016,837,0.8238188976377953,179,0.17618110236220472,4,f598a18bf78b83407716,127,57,0.44881889763779526,127,105,0.8267716535433071,0.9601049868766404,121.93333333333334,0.9773622047244095,124.125
127,8,1016,931,0.9163385826771654,85,0.08366141732283465,0,f5c971c02106745e8fc1,127,84,0.6614173228346457,127,115,0.905511811023622,0.9790026246719161,124.33333333333333,0.9881889763779528,125.5
127,8,1016,889,0.875,127,0.125,1,f5c971c02106745e8fc1,127,70,0.5511811023622047,127,114,0.8976377952755905,0.9772528433945757,124.11111111111111,0.9872047244094488,125.375
127,8,1016,869,0.8553149606299213,147,0.14468503937007873,2,f5c971c02106745e8fc1,127,61,0.48031496062992124,127,108,0.8503937007874016,0.9667541557305338,122.77777777777777,0.9812992125984252,124.625
127,8,1016,830,0.8169291338582677,186,0.1830708661417323,3,f5c971c02106745e8fc1,127,48,0.3779527559055118,127,94,0.7401574803149606,0.942257217847769,119.66666666666667,0.96751968503937,122.875
127,8,1016,838,0.8248031496062992,178,0.17519685039370078,4,f5c971c02106745e8fc1,127,52,0.4094488188976378,127,99,0.7795275590551181,0.9482064741907262,120.42222222222222,0.9704724409448819,123.25
127,8,1016,898,0.8838582677165354,118,0.11614173228346457,0,f5c9a7b15992f59eb027,127,74,0.5826771653543307,127,112,0.8818897637795275,0.9737532808398951,123.66666666666667,0.985236220472441,125.125
127,8,1016,902,0.8877952755905512,114,0.11220472440944881,1,f5c9a7b15992f59eb027,127,77,0.6062992125984252,127,117,0.9212598425196851,0.9825021872265967,124.77777777777777,0.9901574803149606,125.75
127,8,1016,870,0.8562992125984252,146,0.1437007874015748,2,f5c9a7b15992f59eb027,127,62,0.4881889763779528,127,106,0.8346456692913385,0.963254593175853,122.33333333333333,0.9793307086614174,124.375
127,8,1016,834,0.8208661417322834,182,0.17913385826771652,3,f5c9a7b15992f59eb027,127,52,0.4094488188976378,127,105,0.8267716535433071,0.9601049868766405,121.93333333333334,0.9773622047244095,124.125
127,8,1016,844,0.8307086614173228,172,0.16929133858267717,4,f5c9a7b15992f59eb027,127,59,0.4645669291338583,127,103,0.8110236220472441,0.958005249343832,121.66666666666667,0.9763779527559056,124.0
127,8,1016,917,0.9025590551181102,99,0.09744094488188976,0,f5e18fd11d8b2c589463,127,84,0.6614173228346457,127,114,0.8976377952755905,0.9772528433945757,124.11111111111111,0.9872047244094488,125.375
127,8,1016,888,0.8740157480314961,128,0.12598425196850394,1,f5e18fd11d8b2c589463,127,67,0.5275590551181102,127,110,0.8661417322834646,0.9702537182852145,123.22222222222223,0.9832677165354331,124.875
127,8,1016,830,0.8169291338582677,186,0.1830708661417323,2,f5e18fd11d8b2c589463,127,47,0.3700787401574803,127,98,0.7716535433070866,0.9492563429571302,120.55555555555556,0.9714566929133859,123.375
127,8,1016,788,0.7755905511811023,228,0.22440944881889763,3,f5e18fd11d8b2c589463,127,40,0.31496062992125984,127,93,0.7322834645669292,0.9391076115485564,119.26666666666667,0.9655511811023622,122.625
127,8,1016,779,0.7667322834645669,237,0.23326771653543307,4,f5e18fd11d8b2c589463,127,33,0.25984251968503935,127,94,0.7401574803149606,0.9394575678040246,119.31111111111112,0.9655511811023622,122.625
127,8,1016,923,0.9084645669291339,93,0.09153543307086615,0,f5f097d365c9fe0e543f,127,81,0.6377952755905512,127,115,0.905511811023622,0.9790026246719161,124.33333333333333,0.9881889763779528,125.5
127,8,1016,900,0.8858267716535433,116,0.1141732283464567,1,f5f097d365c9fe0e543f,127,74,0.5826771653543307,127,111,0.8740157480314961,0.9720034995625548,123.44444444444444,0.984251968503937,125.0
127,8,1016,895,0.8809055118110236,121,0.11909448818897637,2,f5f097d365c9fe0e543f,127,75,0.5905511811023622,127,109,0.8582677165354331,0.9671041119860019,122.82222222222222,0.9812992125984252,124.625
127,8,1016,820,0.8070866141732284,196,0.19291338582677164,3,f5f097d365c9fe0e543f,127,53,0.41732283464566927,127,100,0.7874015748031497,0.9513560804899388,120.82222222222222,0.9724409448818898,123.5
127,8,1016,839,0.8257874015748031,177,0.17421259842519685,4,f5f097d365c9fe0e543f,127,50,0.3937007874015748,127,103,0.8110236220472441,0.958005249343832,121.66666666666667,0.9763779527559056,124.0
127,8,1016,891,0.8769685039370079,125,0.12303149606299213,0,f607a25acb33f6d075c1,127,64,0.5039370078740157,127,107,0.84251968503937,0.9650043744531932,122.55555555555556,0.9803149606299213,124.5
127,8,1016,879,0.8651574803149606,137,0.13484251968503938,1,f607a25acb33f6d075c1,127,67,0.5275590551181102,127,105,0.8267716535433071,0.9615048118985128,122.11111111111111,0.9783464566929134,124.25
127,8,1016,854,0.8405511811023622,162,0.1594488188976378,2,f607a25acb33f6d075c1,127,57,0.44881889763779526,127,99,0.7795275590551181,0.9510061242344706,120.77777777777777,0.9724409448818898,123.5
127,8,1016,847,0.8336614173228346,169,0.16633858267716536,3,f607a25acb33f6d075c1,127,58,0.4566929133858268,127,110,0.8661417322834646,0.9702537182852143,123.22222222222223,0.9832677165354331,124.875
127,8,1016,795,0.78248031496063,221,0.21751968503937008,4,f607a25acb33f6d075c1,127,41,0.3228346456692913,127,101,0.7952755905511811,0.953105861767279,121.04444444444445,0.9734251968503937,123.625
127,8,1016,911,0.8966535433070866,105,0.10334645669291338,0,f6dd8ff341515260d4cb,127,82,0.6456692913385826,127,115,0.905511811023622,0.9790026246719159,124.33333333333333,0.9881889763779528,125.5
127,8,1016,896,0.8818897637795275,120,0.11811023622047244,1,f6dd8ff341515260d4cb,127,70,0.5511811023622047,127,108,0.8503937007874016,0.9667541557305337,122.77777777777777,0.9812992125984252,124.625
127,8,1016,847,0.8336614173228346,169,0.16633858267716536,2,f6dd8ff341515260d4cb,127,55,0.4330708661417323,127,97,0.7637795275590551,0.9461067366579178,120.15555555555555,0.969488188976378,123.125
127,8,1016,836,0.8228346456692913,180,0.17716535433070865,3,f6dd8ff341515260d4cb,127,59,0.4645669291338583,127,105,0.8267716535433071,0.9601049868766406,121.93333333333334,0.9773622047244095,124.125
127,8,1016,864,0.8503937007874016,152,0.14960629921259844,4,f6dd8ff341515260d4cb,127,66,0.5196850393700787,127,106,0.8346456692913385,0.9618547681539806,122.15555555555555,0.9783464566929134,124.25
127,8,1016,905,0.890748031496063,111,0.10925196850393701,0,f6f8677e1aeefc09a04f,127,77,0.6062992125984252,127,111,0.8740157480314961,0.9706036745406824,123.26666666666667,0.9832677165354331,124.875
127,8,1016,885,0.8710629921259843,131,0.12893700787401574,1,f6f8677e1aeefc09a04f,127,71,0.5590551181102362,127,105,0.8267716535433071,0.9615048118985127,122.11111111111111,0.9783464566929134,124.25
127,8,1016,838,0.8248031496062992,178,0.17519685039370078,2,f6f8677e1aeefc09a04f,127,52,0.4094488188976378,127,105,0.8267716535433071,0.9601049868766405,121.93333333333334,0.9773622047244095,124.125
127,8,1016,835,0.8218503937007874,181,0.1781496062992126,3,f6f8677e1aeefc09a04f,127,56,0.4409448818897638,127,106,0.8346456692913385,0.9632545931758529,122.33333333333333,0.9793307086614174,124.375
127,8,1016,840,0.8267716535433071,176,0.1732283464566929,4,f6f8677e1aeefc09a04f,127,57,0.44881889763779526,127,105,0.8267716535433071,0.9615048118985127,122.11111111111111,0.9783464566929134,124.25
127,8,1016,918,0.9035433070866141,98,0.09645669291338582,0,f7161b47275b97c6fb82,127,83,0.6535433070866141,127,114,0.8976377952755905,0.9772528433945757,124.11111111111111,0.9872047244094488,125.375
127,8,1016,912,0.8976377952755905,104,0.10236220472440945,1,f7161b47275b97c6fb82,127,75,0.5905511811023622,127,105,0.8267716535433071,0.9615048118985126,122.11111111111111,0.9783464566929134,124.25
127,8,1016,836,0.8228346456692913,180,0.17716535433070865,2,f7161b47275b97c6fb82,127,50,0.3937007874015748,127,98,0.7716535433070866,0.9492563429571304,120.55555555555556,0.9714566929133859,123.375
127,8,1016,798,0.7854330708661418,218,0.21456692913385828,3,f7161b47275b97c6fb82,127,43,0.33858267716535434,127,91,0.7165354330708661,0.9342082239720035,118.64444444444445,0.9625984251968503,122.25
127,8,1016,810,0.797244094488189,206,0.20275590551181102,4,f7161b47275b97c6fb82,127,48,0.3779527559055118,127,105,0.8267716535433071,0.9615048118985127,122.11111111111111,0.9783464566929134,124.25
127,8,1016,900,0.8858267716535433,116,0.1141732283464567,0,f7235228f8e221be40e0,127,73,0.5748031496062992,127,115,0.905511811023622,0.9790026246719161,124.33333333333333,0.9881889763779528,125.5
127,8,1016,870,0.8562992125984252,146,0.1437007874015748,1,f7235228f8e221be40e0,127,63,0.49606299212598426,127,103,0.8110236220472441,0.9566054243219597,121.4888888888889,0.9753937007874016,123.875
127,8,1016,868,0.8543307086614174,148,0.14566929133858267,2,f7235228f8e221be40e0,127,60,0.47244094488188976,127,101,0.7952755905511811,0.9531058617672792,121.04444444444445,0.9734251968503937,123.625
127,8,1016,823,0.8100393700787402,193,0.18996062992125984,3,f7235228f8e221be40e0,127,55,0.4330708661417323,127,99,0.7795275590551181,0.9482064741907262,120.42222222222222,0.9704724409448819,123.25
127,8,1016,859,0.8454724409448819,157,0.1545275590551181,4,f7235228f8e221be40e0,127,61,0.48031496062992124,127,107,0.84251968503937,0.9650043744531933,122.55555555555556,0.9803149606299213,124.5
127,8,1016,905,0.890748031496063,111,0.10925196850393701,0,f765a88495d61ef8fb00,127,78,0.6141732283464567,127,111,0.8740157480314961,0.9720034995625548,123.44444444444444,0.984251968503937,125.0
127,8,1016,885,0.8710629921259843,131,0.12893700787401574,1,f765a88495d61ef8fb00,127,63,0.49606299212598426,127,111,0.8740157480314961,0.9720034995625548,123.44444444444444,0.984251968503937,125.0
127,8,1016,819,0.8061023622047244,197,0.19389763779527558,2,f765a88495d61ef8fb00,127,50,0.3937007874015748,127,103,0.8110236220472441,0.9580052493438319,121.66666666666667,0.9763779527559056,124.0
127,8,1016,812,0.7992125984251969,204,0.20078740157480315,3,f765a88495d61ef8fb00,127,48,0.3779527559055118,127,98,0.7716535433070866,0.9478565179352582,120.37777777777778,0.9704724409448819,123.25
127,8,1016,821,0.8080708661417323,195,0.1919291338582677,4,f765a88495d61ef8fb00,127,45,0.3543307086614173,127,99,0.7795275590551181,0.9510061242344706,120.77777777777777,0.9724409448818898,123.5
127,8,1016,916,0.9015748031496063,100,0.0984251968503937,0,f7b04a9eb798f66c1982,127,83,0.6535433070866141,127,112,0.8818897637795275,0.9737532808398951,123.66666666666667,0.985236220472441,125.125
127,8,1016,876,0.8622047244094488,140,0.1377952755905512,1,f7b04a9eb798f66c1982,127,63,0.49606299212598426,127,108,0.8503937007874016,0.9667541557305338,122.77777777777777,0.9812992125984252,124.625
127,8,1016,886,0.8720472440944882,130,0.1279527559055118,2,f7b04a9eb798f66c1982,127,69,0.5433070866141733,127,105,0.8267716535433071,0.9615048118985127,122.11111111111111,0.9783464566929134,124.25
127,8,1016,836,0.8228346456692913,180,0.17716535433070865,3,f7b04a9eb798f66c1982,127,55,0.4330708661417323,127,104,0.8188976377952756,0.9583552055993002,121.71111111111111,0.9763779527559056,124.0
127,8,1016,838,0.8248031496062992,178,0.17519685039370078,4,f7b04a9eb798f66c1982,127,58,0.4566929133858268,127,111,0.8740157480314961,0.9706036745406824,123.26666666666667,0.9832677165354331,124.875
127,8,1016,904,0.889763779527559,112,0.11023622047244094,0,f7b31d9c7603bfc99f41,127,76,0.5984251968503937,127,111,0.8740157480314961,0.9720034995625548,123.44444444444444,0.984251968503937,125.0
127,8,1016,892,0.8779527559055118,124,0.1220472440944882,1,f7b31d9c7603bfc99f41,127,69,0.5433070866141733,127,105,0.8267716535433071,0.9615048118985128,122.11111111111111,0.9783464566929134,124.25
127,8,1016,822,0.8090551181102362,194,0.19094488188976377,2,f7b31d9c7603bfc99f41,127,48,0.3779527559055118,127,102,0.8031496062992126,0.9562554680664918,121.44444444444444,0.9753937007874016,123.875
127,8,1016,793,0.780511811023622,223,0.21948818897637795,3,f7b31d9c7603bfc99f41,127,42,0.33070866141732286,127,98,0.7716535433070866,0.9464566929133857,120.2,0.969488188976378,123.125
127,8,1016,822,0.8090551181102362,194,0.19094488188976377,4,f7b31d9c7603bfc99f41,127,49,0.3858267716535433,127,101,0.7952755905511811,0.9531058617672792,121.04444444444445,0.9734251968503937,123.625
127,8,1016,879,0.8651574803149606,137,0.13484251968503938,0,f8161d92d5e0dcf1cce3,127,69,0.5433070866141733,127,113,0.889763779527559,0.9755030621172355,123.88888888888889,0.9862204724409449,125.25
127,8,1016,885,0.8710629921259843,131,0.12893700787401574,1,f8161d92d5e0dcf1cce3,127,71,0.5590551181102362,127,105,0.8267716535433071,0.9615048118985127,122.11111111111111,0.9783464566929134,124.25
127,8,1016,833,0.8198818897637795,183,0.18011811023622049,2,f8161d92d5e0dcf1cce3,127,55,0.4330708661417323,127,108,0.8503937007874016,0.9667541557305336,122.77777777777777,0.9812992125984252,124.625
127,8,1016,791,0.7785433070866141,225,0.22145669291338582,3,f8161d92d5e0dcf1cce3,127,43,0.33858267716535434,127,91,0.7165354330708661,0.937007874015748,119.0,0.9645669291338582,122.5
127,8,1016,822,0.8090551181102362,194,0.19094488188976377,4,f8161d92d5e0dcf1cce3,127,43,0.33858267716535434,127,100,0.7874015748031497,0.952755905511811,121.0,0.9734251968503937,123.625
127,8,1016,900,0.8858267716535433,116,0.1141732283464567,0,f8522bf1b1649196dabf,127,74,0.5826771653543307,127,112,0.8818897637795275,0.9737532808398951,123.66666666666667,0.985236220472441,125.125
127,8,1016,866,0.8523622047244095,150,0.14763779527559054,1,f8522bf1b1649196dabf,127,63,0.49606299212598426,127,110,0.8661417322834646,0.9688538932633421,123.04444444444445,0.9822834645669292,124.75
127,8,1016,881,0.8671259842519685,135,0.1328740157480315,2,f8522bf1b1649196dabf,127,69,0.5433070866141733,127,102,0.8031496062992126,0.9562554680664918,121.44444444444444,0.9753937007874016,123.875
127,8,1016,847,0.8336614173228346,169,0.16633858267716536,3,f8522bf1b1649196dabf,127,57,0.44881889763779526,127,102,0.8031496062992126,0.9548556430446195,121.26666666666667,0.9744094488188977,123.75
127,8,1016,882,0.8681102362204725,134,0.13188976377952755,4,f8522bf1b1649196dabf,127,63,0.49606299212598426,127,101,0.7952755905511811,0.9545056867891514,121.22222222222223,0.9744094488188977,123.75
127,8,1016,908,0.8937007874015748,108,0.1062992125984252,0,f8b7d673208f4703d173,127,77,0.6062992125984252,127,114,0.8976377952755905,0.9772528433945757,124.11111111111111,0.9872047244094488,125.375
127,8,1016,872,0.8582677165354331,144,0.14173228346456693,1,f8b7d673208f4703d173,127,59,0.4645669291338583,127,104,0.8188976377952756,0.9597550306211723,121.88888888888889,0.9773622047244095,124.125
127,8,1016,851,0.8375984251968503,165,0.1624015748031496,2,f8b7d673208f4703d173,127,60,0.47244094488188976,127,103,0.8110236220472441,0.9580052493438321,121.66666666666667,0.9763779527559056,124.0
127,8,1016,828,0.8149606299212598,188,0.18503937007874016,3,f8b7d673208f4703d173,127,47,0.3700787401574803,127,106,0.8346456692913385,0.963254593175853,122.33333333333333,0.9793307086614174,124.375
127,8,1016,852,0.8385826771653543,164,0.16141732283464566,4,f8b7d673208f4703d173,127,53,0.41732283464566927,127,99,0.7795275590551181,0.9510061242344706,120.77777777777777,0.9724409448818898,123.5
127,8,1016,898,0.8838582677165354,118,0.11614173228346457,0,f913721fcb7ea89e83db,127,72,0.5669291338582677,127,107,0.84251968503937,0.9650043744531933,122.55555555555556,0.9803149606299213,124.5
127,8,1016,846,0.8326771653543307,170,0.1673228346456693,1,f913721fcb7ea89e83db,127,60,0.47244094488188976,127,111,0.8740157480314961,0.9720034995625548,123.44444444444444,0.984251968503937,125.0
127,8,1016,830,0.8169291338582677,186,0.1830708661417323,2,f913721fcb7ea89e83db,127,57,0.44881889763779526,127,102,0.8031496062992126,0.9562554680664916,121.44444444444444,0.9753937007874016,123.875
127,8,1016,804,0.7913385826771654,212,0.20866141732283464,3,f913721fcb7ea89e83db,127,44,0.3464566929133858,127,90,0.7086614173228346,0.9352580927384077,118.77777777777777,0.9635826771653543,122.375
127,8,1016,785,0.7726377952755905,231,0.22736220472440946,4,f913721fcb7ea89e83db,127,43,0.33858267716535434,127,98,0.7716535433070866,0.9492563429571302,120.55555555555556,0.9714566929133859,123.375
127,8,1016,875,0.8612204724409449,141,0.13877952755905512,0,f9234eab6995d6951a8a,127,64,0.5039370078740157,127,114,0.8976377952755905,0.9772528433945757,124.11111111111111,0.9872047244094488,125.375
127,8,1016,889,0.875,127,0.125,1,f9234eab6995d6951a8a,127,65,0.5118110236220472,127,106,0.8346456692913385,0.963254593175853,122.33333333333333,0.9793307086614174,124.375
127,8,1016,864,0.8503937007874016,152,0.14960629921259844,2,f9234eab6995d6951a8a,127,59,0.4645669291338583,127,100,0.7874015748031497,0.952755905511811,121.0,0.9734251968503937,123.625
127,8,1016,792,0.7795275590551181,224,0.2204724409448819,3,f9234eab6995d6951a8a,127,49,0.3858267716535433,127,99,0.7795275590551181,0.9482064741907261,120.42222222222222,0.9704724409448819,123.25
127,8,1016,827,0.8139763779527559,189,0.1860236220472441,4,f9234eab6995d6951a8a,127,49,0.3858267716535433,127,104,0.8188976377952756,0.9597550306211723,121.88888888888889,0.9773622047244095,124.125
60,8,480,436,0.9083333333333333,44,0.09166666666666666,0,fa9d275badf610a1379e,60,40,0.6666666666666666,60,54,0.9,0.9777777777777777,58.666666666666664,0.9875,59.25
60,8,480,389,0.8104166666666667,91,0.18958333333333333,1,fa9d275badf610a1379e,60,22,0.36666666666666664,60,49,0.8166666666666667,0.9562962962962962,57.37777777777778,0.975,58.5
60,8,480,412,0.8583333333333333,68,0.14166666666666666,2,fa9d275badf610a1379e,60,30,0.5,60,54,0.9,0.9777777777777779,58.666666666666664,0.9875,59.25
60,8,480,389,0.8104166666666667,91,0.18958333333333333,3,fa9d275badf610a1379e,60,22,0.36666666666666664,60,47,0.7833333333333333,0.9518518518518518,57.111111111111114,0.9729166666666667,58.375
60,8,480,408,0.85,72,0.15,4,fa9d275badf610a1379e,60,28,0.4666666666666667,60,43,0.7166666666666667,0.937037037037037,56.22222222222222,0.9645833333333333,57.875
127,8,1016,917,0.9025590551181102,99,0.09744094488188976,0,fad300d8fd6577e50bbc,127,82,0.6456692913385826,127,113,0.889763779527559,0.9755030621172355,123.88888888888889,0.9862204724409449,125.25
127,8,1016,846,0.8326771653543307,170,0.1673228346456693,1,fad300d8fd6577e50bbc,127,57,0.44881889763779526,127,109,0.8582677165354331,0.9671041119860018,122.82222222222222,0.9812992125984252,124.625
127,8,1016,821,0.8080708661417323,195,0.1919291338582677,2,fad300d8fd6577e50bbc,127,48,0.3779527559055118,127,101,0.7952755905511811,0.9545056867891514,121.22222222222223,0.9744094488188977,123.75
127,8,1016,825,0.812007874015748,191,0.18799212598425197,3,fad300d8fd6577e50bbc,127,48,0.3779527559055118,127,96,0.7559055118110236,0.9457567804024497,120.11111111111111,0.969488188976378,123.125
127,8,1016,834,0.8208661417322834,182,0.17913385826771652,4,fad300d8fd6577e50bbc,127,53,0.41732283464566927,127,95,0.7480314960629921,0.942607174103237,119.71111111111111,0.96751968503937,122.875
127,8,1016,931,0.9163385826771654,85,0.08366141732283465,0,fad7a7bed044b720b4b1,127,83,0.6535433070866141,127,110,0.8661417322834646,0.9688538932633421,123.04444444444445,0.9822834645669292,124.75
127,8,1016,883,0.8690944881889764,133,0.1309055118110236,1,fad7a7bed044b720b4b1,127,66,0.5196850393700787,127,111,0.8740157480314961,0.9720034995625548,123.44444444444444,0.984251968503937,125.0
127,8,1016,833,0.8198818897637795,183,0.18011811023622049,2,fad7a7bed044b720b4b1,127,59,0.4645669291338583,127,107,0.84251968503937,0.9650043744531933,122.55555555555556,0.9803149606299213,124.5
127,8,1016,840,0.8267716535433071,176,0.1732283464566929,3,fad7a7bed044b720b4b1,127,49,0.3858267716535433,127,106,0.8346456692913385,0.9632545931758529,122.33333333333333,0.9793307086614174,124.375
127,8,1016,835,0.8218503937007874,181,0.1781496062992126,4,fad7a7bed044b720b4b1,127,57,0.44881889763779526,127,106,0.8346456692913385,0.9618547681539809,122.15555555555555,0.9783464566929134,124.25
127,8,1016,904,0.889763779527559,112,0.11023622047244094,0,fae09243181a7d6bf3ec,127,79,0.6220472440944882,127,115,0.905511811023622,0.9776027996500438,124.15555555555555,0.9872047244094488,125.375
127,8,1016,887,0.8730314960629921,129,0.12696850393700787,1,fae09243181a7d6bf3ec,127,67,0.5275590551181102,127,106,0.8346456692913385,0.9632545931758528,122.33333333333333,0.9793307086614174,124.375
127,8,1016,830,0.8169291338582677,186,0.1830708661417323,2,fae09243181a7d6bf3ec,127,53,0.41732283464566927,127,99,0.7795275590551181,0.9510061242344707,120.77777777777777,0.9724409448818898,123.5
127,8,1016,782,0.7696850393700787,234,0.23031496062992127,3,fae09243181a7d6bf3ec,127,43,0.33858267716535434,127,93,0.7322834645669292,0.9377077865266841,119.08888888888889,0.9645669291338582,122.5
127,8,1016,793,0.780511811023622,223,0.21948818897637795,4,fae09243181a7d6bf3ec,127,40,0.31496062992125984,127,106,0.8346456692913385,0.9618547681539809,122.15555555555555,0.9783464566929134,124.25
127,8,1016,929,0.9143700787401575,87,0.08562992125984252,0,fb4a2ad326742a7daba7,127,84,0.6614173228346457,127,116,0.9133858267716536,0.9807524059492565,124.55555555555556,0.9891732283464567,125.625
127,8,1016,837,0.8238188976377953,179,0.17618110236220472,1,fb4a2ad326742a7daba7,127,62,0.4881889763779528,127,104,0.8188976377952756,0.9597550306211723,121.88888888888889,0.9773622047244095,124.125
127,8,1016,848,0.8346456692913385,168,0.16535433070866143,2,fb4a2ad326742a7daba7,127,53,0.41732283464566927,127,104,0.8188976377952756,0.9583552055993001,121.71111111111111,0.9763779527559056,124.0
127,8,1016,798,0.7854330708661418,218,0.21456692913385828,3,fb4a2ad326742a7daba7,127,50,0.3937007874015748,127,97,0.7637795275590551,0.9475065616797901,120.33333333333333,0.9704724409448819,123.25
127,8,1016,830,0.8169291338582677,186,0.1830708661417323,4,fb4a2ad326742a7daba7,127,53,0.41732283464566927,127,100,0.7874015748031497,0.952755905511811,121.0,0.9734251968503937,123.625
127,8,1016,901,0.8868110236220472,115,0.11318897637795275,0,fb52f03e456f4681f727,127,73,0.5748031496062992,127,112,0.8818897637795275,0.9737532808398952,123.66666666666667,0.985236220472441,125.125
127,8,1016,867,0.8533464566929134,149,0.1466535433070866,1,fb52f03e456f4681f727,127,64,0.5039370078740157,127,101,0.7952755905511811,0.9545056867891514,121.22222222222223,0.9744094488188977,123.75
127,8,1016,864,0.8503937007874016,152,0.14960629921259844,2,fb52f03e456f4681f727,127,59,0.4645669291338583,127,105,0.8267716535433071,0.9615048118985127,122.11111111111111,0.9783464566929134,124.25
127,8,1016,754,0.7421259842519685,262,0.2578740157480315,3,fb52f03e456f4681f727,127,35,0.2755905511811024,127,99,0.7795275590551181,0.9496062992125984,120.6,0.9714566929133859,123.375
127,8,1016,828,0.8149606299212598,188,0.18503937007874016,4,fb52f03e456f4681f727,127,57,0.44881889763779526,127,102,0.8031496062992126,0.9548556430446195,121.26666666666667,0.9744094488188977,123.75
127,8,1016,889,0.875,127,0.125,0,fb7cd58efb77536b7e5a,127,72,0.5669291338582677,127,116,0.9133858267716536,0.9807524059492564,124.55555555555556,0.9891732283464567,125.625
127,8,1016,877,0.8631889763779528,139,0.13681102362204725,1,fb7cd58efb77536b7e5a,127,68,0.5354330708661418,127,114,0.8976377952755905,0.9758530183727034,123.93333333333334,0.9862204724409449,125.25
127,8,1016,849,0.8356299212598425,167,0.1643700787401575,2,fb7cd58efb77536b7e5a,127,55,0.4330708661417323,127,107,0.84251968503937,0.9622047244094487,122.2,0.9783464566929134,124.25
127,8,1016,805,0.7923228346456693,211,0.2076771653543307,3,fb7cd58efb77536b7e5a,127,44,0.3464566929133858,127,104,0.8188976377952756,0.9583552055993001,121.71111111111111,0.9763779527559056,124.0
127,8,1016,852,0.8385826771653543,164,0.16141732283464566,4,fb7cd58efb77536b7e5a,127,57,0.44881889763779526,127,99,0.7795275590551181,0.9510061242344706,120.77777777777777,0.9724409448818898,123.5
127,8,1016,908,0.8937007874015748,108,0.1062992125984252,0,fc015de10f6cf890ad72,127,72,0.5669291338582677,127,112,0.8818897637795275,0.9737532808398952,123.66666666666667,0.985236220472441,125.125
127,8,1016,875,0.8612204724409449,141,0.13877952755905512,1,fc015de10f6cf890ad72,127,66,0.5196850393700787,127,106,0.8346456692913385,0.9618547681539809,122.15555555555555,0.9783464566929134,124.25
127,8,1016,852,0.8385826771653543,164,0.16141732283464566,2,fc015de10f6cf890ad72,127,55,0.4330708661417323,127,105,0.8267716535433071,0.9615048118985127,122.11111111111111,0.9783464566929134,124.25
127,8,1016,811,0.7982283464566929,205,0.2017716535433071,3,fc015de10f6cf890ad72,127,42,0.33070866141732286,127,91,0.7165354330708661,0.9342082239720033,118.64444444444445,0.9625984251968503,122.25
127,8,1016,834,0.8208661417322834,182,0.17913385826771652,4,fc015de10f6cf890ad72,127,55,0.4330708661417323,127,102,0.8031496062992126,0.9562554680664918,121.44444444444444,0.9753937007874016,123.875
104,8,832,744,0.8942307692307693,88,0.10576923076923077,0,fd593d5b54a62fcffca1,104,63,0.6057692307692307,104,92,0.8846153846153846,0.9743589743589745,101.33333333333333,0.9855769230769231,102.5
104,8,832,718,0.8629807692307693,114,0.13701923076923078,1,fd593d5b54a62fcffca1,104,53,0.5096153846153846,104,93,0.8942307692307693,0.9764957264957267,101.55555555555556,0.9867788461538461,102.625
104,8,832,722,0.8677884615384616,110,0.13221153846153846,2,fd593d5b54a62fcffca1,104,55,0.5288461538461539,104,88,0.8461538461538461,0.9641025641025642,100.26666666666667,0.9795673076923077,101.875
104,8,832,676,0.8125,156,0.1875,3,fd593d5b54a62fcffca1,104,44,0.4230769230769231,104,88,0.8461538461538461,0.9658119658119659,100.44444444444444,0.9807692307692307,102.0
104,8,832,711,0.8545673076923077,121,0.14543269230769232,4,fd593d5b54a62fcffca1,104,51,0.49038461538461536,104,87,0.8365384615384616,0.9636752136752137,100.22222222222223,0.9795673076923077,101.875
127,8,1016,918,0.9035433070866141,98,0.09645669291338582,0,fd91b59bb2c549b95df7,127,82,0.6456692913385826,127,119,0.937007874015748,0.9860017497812774,125.22222222222223,0.9921259842519685,126.0
127,8,1016,877,0.8631889763779528,139,0.13681102362204725,1,fd91b59bb2c549b95df7,127,68,0.5354330708661418,127,112,0.8818897637795275,0.9737532808398951,123.66666666666667,0.985236220472441,125.125
127,8,1016,843,0.8297244094488189,173,0.1702755905511811,2,fd91b59bb2c549b95df7,127,52,0.4094488188976378,127,109,0.8582677165354331,0.968503937007874,123.0,0.9822834645669292,124.75
127,8,1016,807,0.7942913385826772,209,0.20570866141732283,3,fd91b59bb2c549b95df7,127,41,0.3228346456692913,127,93,0.7322834645669292,0.9405074365704286,119.44444444444444,0.9665354330708661,122.75
127,8,1016,852,0.8385826771653543,164,0.16141732283464566,4,fd91b59bb2c549b95df7,127,55,0.4330708661417323,127,99,0.7795275590551181,0.9510061242344707,120.77777777777777,0.9724409448818898,123.5
127,8,1016,905,0.890748031496063,111,0.10925196850393701,0,fdfcb33b753deea08692,127,78,0.6141732283464567,127,124,0.9763779527559056,0.9947506561679791,126.33333333333333,0.9970472440944882,126.625
127,8,1016,860,0.8464566929133859,156,0.15354330708661418,1,fdfcb33b753deea08692,127,60,0.47244094488188976,127,106,0.8346456692913385,0.9632545931758529,122.33333333333333,0.9793307086614174,124.375
127,8,1016,856,0.84251968503937,160,0.15748031496062992,2,fdfcb33b753deea08692,127,63,0.49606299212598426,127,111,0.8740157480314961,0.9720034995625548,123.44444444444444,0.984251968503937,125.0
127,8,1016,797,0.7844488188976378,219,0.2155511811023622,3,fdfcb33b753deea08692,127,46,0.36220472440944884,127,97,0.7637795275590551,0.9461067366579177,120.15555555555555,0.969488188976378,123.125
127,8,1016,817,0.8041338582677166,199,0.19586614173228348,4,fdfcb33b753deea08692,127,53,0.41732283464566927,127,93,0.7322834645669292,0.9349081364829396,118.73333333333333,0.9625984251968503,122.25
127,8,1016,901,0.8868110236220472,115,0.11318897637795275,0,fe4a3d67806d76a98fae,127,72,0.5669291338582677,127,116,0.9133858267716536,0.9807524059492564,124.55555555555556,0.9891732283464567,125.625
127,8,1016,890,0.8759842519685039,126,0.12401574803149606,1,fe4a3d67806d76a98fae,127,65,0.5118110236220472,127,107,0.84251968503937,0.9650043744531934,122.55555555555556,0.9803149606299213,124.5
127,8,1016,867,0.8533464566929134,149,0.1466535433070866,2,fe4a3d67806d76a98fae,127,64,0.5039370078740157,127,100,0.7874015748031497,0.9513560804899388,120.82222222222222,0.9724409448818898,123.5
127,8,1016,791,0.7785433070866141,225,0.22145669291338582,3,fe4a3d67806d76a98fae,127,39,0.30708661417322836,127,102,0.8031496062992126,0.9548556430446195,121.26666666666667,0.9744094488188977,123.75
127,8,1016,859,0.8454724409448819,157,0.1545275590551181,4,fe4a3d67806d76a98fae,127,60,0.47244094488188976,127,101,0.7952755905511811,0.9545056867891514,121.22222222222223,0.9744094488188977,123.75
127,8,1016,908,0.8937007874015748,108,0.1062992125984252,0,fe4cffdc58d7f1e1a293,127,83,0.6535433070866141,127,116,0.9133858267716536,0.9807524059492564,124.55555555555556,0.9891732283464567,125.625
127,8,1016,870,0.8562992125984252,146,0.1437007874015748,1,fe4cffdc58d7f1e1a293,127,63,0.49606299212598426,127,111,0.8740157480314961,0.9720034995625548,123.44444444444444,0.984251968503937,125.0
127,8,1016,855,0.8415354330708661,161,0.15846456692913385,2,fe4cffdc58d7f1e1a293,127,56,0.4409448818897638,127,103,0.8110236220472441,0.9580052493438319,121.66666666666667,0.9763779527559056,124.0
127,8,1016,807,0.7942913385826772,209,0.20570866141732283,3,fe4cffdc58d7f1e1a293,127,41,0.3228346456692913,127,98,0.7716535433070866,0.9492563429571302,120.55555555555556,0.9714566929133859,123.375
127,8,1016,799,0.7864173228346457,217,0.21358267716535434,4,fe4cffdc58d7f1e1a293,127,46,0.36220472440944884,127,102,0.8031496062992126,0.9548556430446196,121.26666666666667,0.9744094488188977,123.75
127,8,1016,918,0.9035433070866141,98,0.09645669291338582,0,fe6b5ef3198d755075f3,127,84,0.6614173228346457,127,116,0.9133858267716536,0.9807524059492564,124.55555555555556,0.9891732283464567,125.625
127,8,1016,901,0.8868110236220472,115,0.11318897637795275,1,fe6b5ef3198d755075f3,127,78,0.6141732283464567,127,112,0.8818897637795275,0.973753280839895,123.66666666666667,0.985236220472441,125.125
127,8,1016,882,0.8681102362204725,134,0.13188976377952755,2,fe6b5ef3198d755075f3,127,62,0.4881889763779528,127,102,0.8031496062992126,0.9562554680664918,121.44444444444444,0.9753937007874016,123.875
127,8,1016,853,0.8395669291338582,163,0.16043307086614172,3,fe6b5ef3198d755075f3,127,63,0.49606299212598426,127,109,0.8582677165354331,0.9671041119860018,122.82222222222222,0.9812992125984252,124.625
127,8,1016,879,0.8651574803149606,137,0.13484251968503938,4,fe6b5ef3198d755075f3,127,66,0.5196850393700787,127,106,0.8346456692913385,0.963254593175853,122.33333333333333,0.9793307086614174,124.375
127,8,1016,927,0.9124015748031497,89,0.08759842519685039,0,ff1a9c5e2203db4473c6,127,86,0.6771653543307087,127,119,0.937007874015748,0.9860017497812774,125.22222222222223,0.9921259842519685,126.0
127,8,1016,901,0.8868110236220472,115,0.11318897637795275,1,ff1a9c5e2203db4473c6,127,75,0.5905511811023622,127,112,0.8818897637795275,0.9737532808398951,123.66666666666667,0.985236220472441,125.125
127,8,1016,865,0.8513779527559056,151,0.1486220472440945,2,ff1a9c5e2203db4473c6,127,62,0.4881889763779528,127,101,0.7952755905511811,0.9545056867891514,121.22222222222223,0.9744094488188977,123.75
127,8,1016,808,0.7952755905511811,208,0.2047244094488189,3,ff1a9c5e2203db4473c6,127,48,0.3779527559055118,127,103,0.8110236220472441,0.9552055993000874,121.31111111111112,0.9744094488188977,123.75
127,8,1016,853,0.8395669291338582,163,0.16043307086614172,4,ff1a9c5e2203db4473c6,127,58,0.4566929133858268,127,106,0.8346456692913385,0.9632545931758528,122.33333333333333,0.9793307086614174,124.375
127,8,1016,903,0.8887795275590551,113,0.11122047244094488,0,ff6072c8813e42e04c48,127,75,0.5905511811023622,127,111,0.8740157480314961,0.9706036745406824,123.26666666666667,0.9832677165354331,124.875
127,8,1016,895,0.8809055118110236,121,0.11909448818897637,1,ff6072c8813e42e04c48,127,72,0.5669291338582677,127,115,0.905511811023622,0.9790026246719161,124.33333333333333,0.9881889763779528,125.5
127,8,1016,847,0.8336614173228346,169,0.16633858267716536,2,ff6072c8813e42e04c48,127,57,0.44881889763779526,127,101,0.7952755905511811,0.9545056867891514,121.22222222222223,0.9744094488188977,123.75
127,8,1016,831,0.8179133858267716,185,0.18208661417322836,3,ff6072c8813e42e04c48,127,54,0.4251968503937008,127,97,0.7637795275590551,0.9475065616797901,120.33333333333333,0.9704724409448819,123.25
127,8,1016,848,0.8346456692913385,168,0.16535433070866143,4,ff6072c8813e42e04c48,127,53,0.41732283464566927,127,100,0.7874015748031497,0.9527559055118111,121.0,0.9734251968503937,123.625
127,8,1016,904,0.889763779527559,112,0.11023622047244094,0,ff63d5d0021722cb25c1,127,78,0.6141732283464567,127,120,0.9448818897637795,0.9877515310586177,125.44444444444444,0.9931102362204725,126.125
127,8,1016,859,0.8454724409448819,157,0.1545275590551181,1,ff63d5d0021722cb25c1,127,65,0.5118110236220472,127,110,0.8661417322834646,0.9702537182852143,123.22222222222223,0.9832677165354331,124.875
127,8,1016,840,0.8267716535433071,176,0.1732283464566929,2,ff63d5d0021722cb25c1,127,51,0.4015748031496063,127,111,0.8740157480314961,0.9720034995625548,123.44444444444444,0.984251968503937,125.0
127,8,1016,809,0.7962598425196851,207,0.20374015748031496,3,ff63d5d0021722cb25c1,127,51,0.4015748031496063,127,87,0.6850393700787402,0.9246639624592381,117.43232323232323,0.9566929133858267,121.5
127,8,1016,822,0.8090551181102362,194,0.19094488188976377,4,ff63d5d0021722cb25c1,127,46,0.36220472440944884,127,102,0.8031496062992126,0.9562554680664916,121.44444444444444,0.9753937007874016,123.875
127,8,1016,869,0.8553149606299213,147,0.14468503937007873,0,ff695148bbfc18ebb614,127,60,0.47244094488188976,127,105,0.8267716535433071,0.9615048118985127,122.11111111111111,0.9783464566929134,124.25
127,8,1016,864,0.8503937007874016,152,0.14960629921259844,1,ff695148bbfc18ebb614,127,58,0.4566929133858268,127,106,0.8346456692913385,0.963254593175853,122.33333333333333,0.9793307086614174,124.375
127,8,1016,833,0.8198818897637795,183,0.18011811023622049,2,ff695148bbfc18ebb614,127,47,0.3700787401574803,127,92,0.7244094488188977,0.9387576552930883,119.22222222222223,0.9655511811023622,122.625
127,8,1016,837,0.8238188976377953,179,0.17618110236220472,3,ff695148bbfc18ebb614,127,57,0.44881889763779526,127,105,0.8267716535433071,0.9615048118985127,122.11111111111111,0.9783464566929134,124.25
127,8,1016,824,0.8110236220472441,192,0.1889763779527559,4,ff695148bbfc18ebb614,127,50,0.3937007874015748,127,96,0.7559055118110236,0.9443569553805774,119.93333333333334,0.968503937007874,123.0
88,8,704,628,0.8920454545454546,76,0.10795454545454546,0,ff7b7a3a96c67f89ba19,88,55,0.625,88,77,0.875,0.9722222222222224,85.55555555555556,0.984375,86.625
88,8,704,604,0.8579545454545454,100,0.14204545454545456,1,ff7b7a3a96c67f89ba19,88,44,0.5,88,75,0.8522727272727273,0.9671717171717172,85.11111111111111,0.9815340909090909,86.375
88,8,704,612,0.8693181818181818,92,0.13068181818181818,2,ff7b7a3a96c67f89ba19,88,47,0.5340909090909091,88,73,0.8295454545454546,0.9621212121212122,84.66666666666667,0.9786931818181818,86.125
88,8,704,562,0.7982954545454546,142,0.20170454545454544,3,ff7b7a3a96c67f89ba19,88,32,0.36363636363636365,88,70,0.7954545454545454,0.9525252525252526,83.82222222222222,0.9730113636363636,85.625
88,8,704,558,0.7926136363636364,146,0.20738636363636365,4,ff7b7a3a96c67f89ba19,88,29,0.32954545454545453,88,63,0.7159090909090909,0.936868686868687,82.44444444444444,0.9644886363636364,84.875
127,8,1016,901,0.8868110236220472,115,0.11318897637795275,0,ffa9abdf662cfcc625ac,127,75,0.5905511811023622,127,113,0.889763779527559,0.9755030621172354,123.88888888888889,0.9862204724409449,125.25
127,8,1016,880,0.8661417322834646,136,0.13385826771653545,1,ffa9abdf662cfcc625ac,127,60,0.47244094488188976,127,106,0.8346456692913385,0.963254593175853,122.33333333333333,0.9793307086614174,124.375
127,8,1016,832,0.8188976377952756,184,0.18110236220472442,2,ffa9abdf662cfcc625ac,127,49,0.3858267716535433,127,100,0.7874015748031497,0.9513560804899388,120.82222222222222,0.9724409448818898,123.5
127,8,1016,808,0.7952755905511811,208,0.2047244094488189,3,ffa9abdf662cfcc625ac,127,49,0.3858267716535433,127,97,0.7637795275590551,0.9461067366579178,120.15555555555555,0.969488188976378,123.125
127,8,1016,814,0.8011811023622047,202,0.19881889763779528,4,ffa9abdf662cfcc625ac,127,50,0.3937007874015748,127,99,0.7795275590551181,0.9496062992125984,120.6,0.9714566929133859,123.375
127,8,1016,911,0.8966535433070866,105,0.10334645669291338,0,ffc63ef1ee5b72090bcf,127,82,0.6456692913385826,127,115,0.905511811023622,0.9776027996500438,124.15555555555555,0.9872047244094488,125.375
127,8,1016,860,0.8464566929133859,156,0.15354330708661418,1,ffc63ef1ee5b72090bcf,127,59,0.4645669291338583,127,107,0.84251968503937,0.9650043744531934,122.55555555555556,0.9803149606299213,124.5
127,8,1016,843,0.8297244094488189,173,0.1702755905511811,2,ffc63ef1ee5b72090bcf,127,55,0.4330708661417323,127,104,0.8188976377952756,0.9569553805774278,121.53333333333333,0.9753937007874016,123.875
127,8,1016,802,0.7893700787401575,214,0.2106299212598425,3,ffc63ef1ee5b72090bcf,127,46,0.36220472440944884,127,100,0.7874015748031497,0.9499562554680665,120.64444444444445,0.9714566929133859,123.375
127,8,1016,851,0.8375984251968503,165,0.1624015748031496,4,ffc63ef1ee5b72090bcf,127,58,0.4566929133858268,127,104,0.8188976377952756,0.9597550306211724,121.88888888888889,0.9773622047244095,124.125
127,8,1016,890,0.8759842519685039,126,0.12401574803149606,0,ffe9f5f93121cd2df5ca,127,69,0.5433070866141733,127,110,0.8661417322834646,0.9702537182852145,123.22222222222223,0.9832677165354331,124.875
127,8,1016,869,0.8553149606299213,147,0.14468503937007873,1,ffe9f5f93121cd2df5ca,127,69,0.5433070866141733,127,112,0.8818897637795275,0.973753280839895,123.66666666666667,0.985236220472441,125.125
127,8,1016,831,0.8179133858267716,185,0.18208661417322836,2,ffe9f5f93121cd2df5ca,127,52,0.4094488188976378,127,92,0.7244094488188977,0.9359580052493437,118.86666666666666,0.9635826771653543,122.375
127,8,1016,782,0.7696850393700787,234,0.23031496062992127,3,ffe9f5f93121cd2df5ca,127,41,0.3228346456692913,127,93,0.7322834645669292,0.9405074365704288,119.44444444444444,0.9665354330708661,122.75
127,8,1016,787,0.7746062992125984,229,0.22539370078740156,4,ffe9f5f93121cd2df5ca,127,48,0.3779527559055118,127,88,0.6929133858267716,0.9261592300962379,117.62222222222222,0.9576771653543307,121.625
