abs_logprob_diff_p50,abs_logprob_diff_p90,abs_logprob_diff_p95,abs_logprob_diff_p99,abs_logprob_diff_p999,count,finite_count,group,max_abs_logprob_diff,mean_abs_logprob_diff,missing_selected_count,rank_delta_nonzero_rate,topk_jaccard_mean,topk_jaccard_p01,topk_jaccard_p05,union_js_max,union_js_p95,union_js_p99
0.00022390837108332562,0.9190133690834044,2.030089820921419,10.150170946657113,12.908001705289614,128,128,0003c1ab20d811680fab,13.08554333820939,0.48140813295076434,0,0.09375,0.4648039452904413,0.1519327731092437,0.21212121212121213,0.6930532767243482,0.30878810440072096,0.6743139831548435
0.00045139056362586416,0.6097764648497104,1.5721777476370329,12.394188735016808,14.538013656608216,128,128,0075ff6b39304f71726d,14.7344661206007,0.49443927134723803,0,0.1015625,0.49868118698478925,0.1519327731092437,0.21212121212121213,0.6930968727559029,0.2652162381555033,0.6911260448946136
0.020560190547257662,1.013523498550057,1.683416721224782,9.554849661287472,13.251519233274372,128,128,00948d836971f053bbf9,13.524480640888214,0.4780980170654696,0,0.140625,0.5079542530083325,0.16155844155844157,0.2903225806451613,0.6929852134625436,0.3567944162229715,0.6777256926904354
0.014334025856442167,1.8826688408851613,9.05408946900077,20.449542818292052,27.358476974320073,128,128,00b8c0aae3923a52d106,28.161134898662567,1.2220871443566934,0,0.171875,0.4695639906478403,0.14285714285714285,0.21212121212121213,0.6931372243961453,0.6715434827701859,0.6930815500573064
0.021970361238345504,1.2117812454700467,1.9789793930598525,8.547496485763135,13.364752343401156,128,128,0139d9f1e569416ec0f8,13.844675987958908,0.5100182513830401,0,0.15625,0.4921624946567742,0.21212121212121213,0.25,0.6926920210890083,0.300900018216413,0.626337651847902
0.009800790125609637,1.4264650136232373,2.0851401537656775,10.227362079058128,11.86905028911939,128,128,01cd757d0d163d7216cc,11.940903067588806,0.5344290342846996,0,0.125,0.4907468968608228,0.14285714285714285,0.21212121212121213,0.692958526297509,0.34048727008198393,0.6592932728508895
0.002885656780563295,2.1546087503433218,11.893349434354596,14.956225106418138,20.284615570470717,128,128,021e12e265147d55b2a8,21.01230989396572,1.199355385512833,0,0.1796875,0.43707179063548685,0.05932778932778933,0.14027777777777778,0.6931430848648914,0.646047045246654,0.6921809349879099
0.13875137955255923,1.1421679347753524,1.7516996026039116,4.499353766554269,9.605907175385305,128,128,021ea67fa95080a50cbd,10.340172726660967,0.49878562181416664,0,0.2109375,0.5154429284862022,0.20721062618595826,0.3333333333333333,0.6617389764575714,0.2470522260374055,0.573573133343746
0.00038790042754044407,0.9103315144777296,2.4688564449548718,9.881127159790204,12.957992803610498,128,128,022ffb0908ae56cf30e6,13.324553091078997,0.4864659429733504,0,0.125,0.5138713295526715,0.1764705882352941,0.2903225806451613,0.6929281930906754,0.29820914633804724,0.6861334036513588
2.0656950026750565,3.664791479706764,3.8646785393357277,4.024588187038899,4.060567857772112,2,2,025316aa6854867891b1,4.064565598964691,2.0656950026750565,0,0.5,0.2701612903225806,0.25040322580645163,0.25201612903225806,0.5993216667814896,0.5712638772270517,0.5937101088706019
0.04152513504959643,1.6023244291543954,3.129300928115841,9.966199592351925,11.35789756560326,128,128,027150b07a186d142ae6,11.43850725889206,0.6587584261017316,0,0.234375,0.45879763971061505,0.11968253968253967,0.18676470588235294,0.6538818222369489,0.3546169165306636,0.585082432583651
3.4033015708700987e-05,0.6108701088138332,1.2365883722901307,10.909504492408322,13.745975982387703,128,128,0279a304840f984552e8,13.98182076215744,0.43202556368419764,0,0.0703125,0.4864743930361771,0.1519327731092437,0.21212121212121213,0.6929965625459005,0.20171606381763718,0.6845803118204222
0.0005522889259879094,0.6911267455667249,1.7811713758856045,13.747512807208134,17.09040919085513,128,128,031b2a84868ba5e89400,17.374841345023015,0.5207170314620565,0,0.109375,0.4985833927794151,0.1764705882352941,0.2253787878787879,0.6927066303293021,0.23745061467685163,0.6832116476167309
8.409699239564361e-05,0.4765065938234322,1.672921156883232,12.014937678335727,14.532511178222256,128,128,031ef2be208f0b957b8f,14.628526665270329,0.4230992571883792,0,0.09375,0.5041926498847676,0.1519327731092437,0.21212121212121213,0.6916246337280283,0.3148946684080265,0.6787294367844792
0.05875140195712447,1.5598977416753765,5.7074675276875055,13.567379434853791,15.161493020176897,128,128,0338ae639b62bfce4f19,15.391616404056549,0.8901654797765843,0,0.1640625,0.45168351011096586,0.05973684210526316,0.15285714285714286,0.6929669615464181,0.5190140456224113,0.6876244917350969
0.0004719507396799827,0.9057911161333316,1.9049717247486102,7.160087951126078,13.726279585225548,128,128,03c274dea50b8653f42a,14.50464840233326,0.4293217859611048,0,0.1015625,0.4853413285369786,0.1764705882352941,0.25,0.6920369035152946,0.32267082838189654,0.6713781885302921
0.33359628915786743,0.33359628915786743,0.33359628915786743,0.33359628915786743,0.33359628915786743,1,1,04010c9c53b8812e787a,0.33359628915786743,0.33359628915786743,0,0.0,0.48148148148148145,0.48148148148148145,0.48148148148148145,0.11263765093425315,0.11263765093425315,0.11263765093425315
0.08560433238744736,1.6788104832172395,2.476083296537399,14.108816283075148,17.144621683594785,128,128,041205d341862b18b1c2,17.49942483473569,0.8025870178813372,0,0.2578125,0.4935132430983677,0.09776061776061776,0.21212121212121213,0.6927462683742187,0.3755126697023007,0.6824049440744466
2.4974017268419857e-05,0.22026313918177026,0.6093145038932548,2.1272728514671333,3.1799301413297707,128,128,044d7e5d9c527b4df03e,3.324987769126892,0.12543229383036852,0,0.046875,0.6200569556664947,0.3457471264367816,0.39655172413793105,0.2898949619043347,0.12607734955762,0.25619467670919827
0.00047056915354914963,0.6862212926149366,1.9440808176994322,11.297760748369637,13.913982859614661,128,128,046a42212c97abb204d0,14.12324650993105,0.4393688660631948,0,0.1015625,0.5073549366801682,0.21212121212121213,0.25,0.690511087322007,0.24376804004402197,0.6749997005751979
0.001210049031442395,1.466530618071556,2.7434436023235302,12.984038823462628,13.867143301392705,128,128,04bfebf0d3e08a8250c1,13.875384450311685,0.6235648493307945,0,0.1640625,0.48947098768878644,0.1764705882352941,0.2641129032258065,0.6930909799181744,0.31392422523006724,0.6854179706727436
0.0014016718632774428,1.731298452615738,2.9316862463951106,6.3958748490735875,7.601293755464256,65,65,05660fcddf1d110f4257,7.735229189507663,0.5182417282460704,0,0.16923076923076924,0.4843036541888546,0.1003003003003003,0.2196969696969697,0.6910682491921885,0.29516823748249266,0.656406850899125
0.002789756705169566,0.9275391653180123,1.6625063747167557,12.492013851928668,16.0011859536028,128,128,061379f869fe3e4f525f,16.249794746763655,0.517680384477038,0,0.1328125,0.5328909020308569,0.1764705882352941,0.2641129032258065,0.6922810874958133,0.24387762654451428,0.6809040565778941
0.007373976812232286,1.2812599629163741,1.9153805419802648,10.63429088101958,13.782928682193399,128,128,068afe6f947072dcf86e,13.951425030827522,0.5226946168099501,0,0.1640625,0.510764893222817,0.14285714285714285,0.21212121212121213,0.6917726917201401,0.27574334704422687,0.6510718047997782
0.00014601559450966306,0.791431951522827,1.9305471565574361,13.06564200241661,17.707045604201088,128,128,068ff782fdf51de7d3aa,18.00086784362793,0.5157280523002413,0,0.1328125,0.5295623695486767,0.15866161616161617,0.25,0.6925914233055952,0.3000298706424286,0.6034308343377108
4.184150301966838e-05,0.45050645619630814,1.5457560688257181,11.9394108486009,15.052031655715036,128,128,06ce9e49edd9b0d24d42,15.437483191744832,0.454832627782319,0,0.078125,0.47232664148297,0.1764705882352941,0.21212121212121213,0.6930560119246632,0.27773252608174304,0.6917709863154407
0.004484679375309497,1.2953564502298829,2.473988471925254,7.675814078476776,14.168105437119483,128,128,072d75253904a506c8c3,14.956100180745125,0.5327657841576166,0,0.15625,0.4670123202755513,0.16155844155844157,0.25,0.6923663869563264,0.3367052141757644,0.6757983319881912
0.031728354311781004,3.1120912000536913,10.714094053207734,19.519415531521684,20.913052822782817,128,128,0748ac4a78cfe7475fd8,20.924648168773274,1.3580364453365235,0,0.25,0.39799240014808374,0.10810810810810811,0.17647058823529413,0.6931442693430526,0.6742754712215987,0.6929875172298512
0.00212521077673955,1.030154362320899,4.277262292802334,15.048383626918417,22.66025829615994,128,128,078f9e1b121bfd188f4a,23.629166273400187,0.8038073600020861,0,0.125,0.4379240594132173,0.11861111111111111,0.18894830659536543,0.6930047874313329,0.4532385241365029,0.6928264019963026
0.0008901431531853632,0.7036782875657078,2.465503433346746,9.491860013061919,17.50282326815704,128,128,07d9a197c394626eddf5,18.430608509574085,0.4919770367087403,0,0.1015625,0.5462589622133623,0.1519327731092437,0.2903225806451613,0.6930366731362687,0.36057855116134785,0.619465118978453
0.004608937902048638,1.1445433488115664,2.106073683872818,11.173539489409338,14.065002599018483,128,128,08a516ed65ded1d98939,14.147131443023682,0.5118676641840073,0,0.15625,0.4972006431978596,0.11968253968253967,0.2903225806451613,0.69311155673182,0.375547099944286,0.6669748065926777
0.0015496381292940953,1.2465820733457802,2.474071386456486,11.77317351601542,13.019282330851338,128,128,08a644a1ffe3bc02f01e,13.031130880117416,0.5982815819406861,0,0.1953125,0.4755689967273665,0.1764705882352941,0.21212121212121213,0.693107869528899,0.31387041867531706,0.6871119704823959
0.31564789172261953,1.7223584473133091,1.9316027790307997,2.394626364707947,2.556486533641815,30,30,08b4d6c02050e0b323f4,2.5744709968566895,0.570886016562857,0,0.3333333333333333,0.5727648928970849,0.3027956989247312,0.3540229885057471,0.2227684091893889,0.21453602156505197,0.22127328929910603
1.1370341256260872,1.1370341256260872,1.1370341256260872,1.1370341256260872,1.1370341256260872,1,1,08e96da0219fefc13561,1.1370341256260872,1.1370341256260872,0,0.0,0.42857142857142855,0.42857142857142855,0.42857142857142855,0.26934497039172867,0.26934497039172867,0.26934497039172867
0.01620244343939703,2.6855290085077286,9.536009028740214,13.260158722773195,14.29608916585893,128,128,08fa4db637e7db368f5b,14.439986139535904,1.0973087241880721,0,0.1953125,0.4071510537086695,0.05973684210526316,0.14285714285714285,0.692257713093354,0.6170705893600346,0.6844664800846698
0.0019635669887065887,1.5716559290885923,3.4244212210178278,22.044841869509348,29.02416337758305,128,128,092df61dda531ccb8e4a,29.660427570343018,1.0866182450466275,0,0.15625,0.4951154686239662,0.07952347083926031,0.18894830659536543,0.6931421556544084,0.47968039151941355,0.6931087934707788
0.0028018292506999387,1.2157141439616674,2.289827719330786,12.866006042070824,14.866615131156552,128,128,09695cead6f436151fcb,14.956346333026886,0.6036073195051088,0,0.1796875,0.4939843079039617,0.1764705882352941,0.21212121212121213,0.6928880823215977,0.3532742747893495,0.6869379924667247
0.003923524100173381,1.2770139247179026,2.132809251546853,8.533504075643886,12.941672252673019,128,128,09c942ef1a98da6659d1,13.396814778447151,0.4993941348217357,0,0.1640625,0.49928816905620843,0.16155844155844157,0.25,0.6924495867516178,0.3388808529844704,0.6369749414938103
0.0005138924989296356,0.5514423802495002,1.4678897663950914,10.774311660982239,16.14481201798547,128,128,0a1d8a7c087c9dc3d2cd,16.562486887380146,0.4354498362826064,0,0.1015625,0.4721668408682835,0.14285714285714285,0.18894830659536543,0.693126398741224,0.2998150833320331,0.673803577780019
0.002923770866061659,0.7934509336948394,2.126728337258089,11.69443162998186,17.22147370529405,128,128,0a2ca0ea62764314ba62,17.874967575662595,0.6133795244652658,0,0.15625,0.48715317144996284,0.11968253968253967,0.2253787878787879,0.6929886411611327,0.2712902880131713,0.6822567005492206
0.0015957600116962567,1.3700827300548553,2.5662942126393293,9.560082011520873,12.001325303651402,128,128,0a2fd3a1b824cf221369,12.258969314396381,0.5435069775161323,0,0.1796875,0.45607491719401816,0.1111111111111111,0.17647058823529413,0.6768565115519092,0.33511779041008616,0.5784224301919484
0.029536403832025826,1.3007339432835578,2.4094717524945692,12.90170115105688,15.989989952867454,128,128,0a3f03cfcdb95564ba81,16.061278238892555,0.6834897615097527,0,0.2109375,0.4904322981209437,0.16155844155844157,0.25,0.6930822083593294,0.36996153133095744,0.6790589521172298
0.0012302703180466779,1.2947206735610948,3.1048993945121737,13.813911965971238,16.025026568569256,128,128,0a9e590f171be38dbb37,16.343251168727875,0.6727198860144661,0,0.15625,0.48301198575868814,0.1764705882352941,0.2903225806451613,0.6929393630494673,0.4994120446474358,0.6875955623627901
0.008462743367999792,1.2801747977733609,2.3521577551960884,12.473805279948728,14.42109134604105,128,128,0aa6cfc00ab1dd402f7e,14.625063300159127,0.6690010374871338,0,0.2109375,0.4815334976531285,0.1519327731092437,0.25,0.6931353291337186,0.333701397728012,0.688462625884396
0.0007934662482966814,1.528138104453682,5.17462992370128,18.71525215297982,25.751124311139325,128,128,0add4aaefcc457e40379,26.70591211320334,1.0843659888409112,0,0.1328125,0.4622427776374645,0.10810810810810811,0.25,0.6931372277471821,0.35048680444284813,0.6929380974386143
0.1327164899557829,0.9555175304412844,1.5010167956352234,2.881174260564151,3.3205860771983895,89,89,0ade38b56b4ba335d014,3.369409612379968,0.35283735391751914,0,0.16853932584269662,0.5731191645624878,0.23333333333333334,0.3793103448275862,0.5731201146061926,0.20780089384858152,0.434309231462351
0.002720974152907729,1.1901730298995967,2.4068349041044703,14.981462583169378,18.201522354457634,128,128,0aedebea70d2d3ed5a99,18.312418464323855,0.6111671709758935,0,0.171875,0.502254852532716,0.18609625668449198,0.25,0.692796018717242,0.26240333266204774,0.5706807116241968
0.002104641454934608,1.2581096465815782,2.9288584178313606,15.583960186319326,21.09849574092999,128,128,0b78fd794493c2fce383,21.749393767269794,0.7661367884887827,0,0.15625,0.47895326830518453,0.1764705882352941,0.21212121212121213,0.6928673506713312,0.4209590725652805,0.6910035599905044
0.025263480842113495,1.757249018549919,2.704249680787322,10.672652055505317,13.741398496657393,128,128,0bcb7805bbe16e1b312a,14.158332228660583,0.6373562408210058,0,0.1640625,0.49105294089386664,0.1764705882352941,0.2253787878787879,0.6929906718765244,0.4323367764397102,0.6785923176046174
0.00030343887374328915,0.6087503507733343,1.6376836987212284,7.160281552100929,11.385358110536453,128,128,0bdf8afdc223d33a68b9,11.768117055296898,0.33420760746058953,0,0.1171875,0.43169823806724394,0.11968253968253967,0.18894830659536543,0.6923594197023704,0.2543889047499527,0.634589894495665
0.016863848082721233,1.3463071823120114,2.6177093133330325,12.037285387452293,14.679097276973637,128,128,0beb793ff5aa39ffb8b3,14.987005770206451,0.6894525414945532,0,0.171875,0.4798852115698577,0.21212121212121213,0.25,0.6930782804869022,0.31533107476081856,0.6892416973511447
0.0012988959206268191,1.0983800292015073,1.9764050425961601,12.037217287124486,18.234617496704633,128,128,0c8249203350ed99ce18,18.677907794713974,0.5783406918207425,0,0.1640625,0.4788807566663247,0.11861111111111111,0.25,0.6929855187876142,0.3099889524308779,0.4609895724974082
0.0009721121859911364,1.0985681628808377,2.064597629010672,10.17877331489698,15.77251221579223,128,128,0d1c70f1a0b13900263d,16.501027166843414,0.568780774681417,0,0.125,0.5104881785339148,0.1519327731092437,0.2641129032258065,0.6925433994127497,0.3215876375010514,0.6802278042041109
1.859591890251977e-05,0.19640935324132427,0.5134703163057557,3.451088204681874,3.926641937196257,128,128,0d4f13e6031131cb65ff,3.9879276752471924,0.14684986093302843,0,0.046875,0.609999802674559,0.3333333333333333,0.3793103448275862,0.3605682374236212,0.11009629006895552,0.3405681803236403
0.004460244526853785,1.3104927957057952,3.111187130212773,16.07617328836117,17.488176245921096,128,128,0db999dafb052c243b7d,17.687178902357118,0.8192863970425968,0,0.1796875,0.5046665393895667,0.14285714285714285,0.2253787878787879,0.6927064850021836,0.3619240511820641,0.6877963310781046
0.0005223272382863797,1.2358445942401883,3.01968211084604,18.865885679739087,21.257419478944225,128,128,0dd5331f2bcab86bf20d,21.322145745158195,0.7769465598709033,0,0.1328125,0.5020484757654406,0.1361916461916462,0.25,0.69309686086681,0.4471879402274719,0.6867591257706765
0.0023758957013342297,1.244800955057144,2.352099585533138,8.799297507283779,14.501106092648303,128,128,0e17b1c5d9976b077d8e,15.273885190486908,0.5680597668116537,0,0.1484375,0.46105604121015886,0.1764705882352941,0.2253787878787879,0.6925642062745614,0.38970811809405986,0.6844003367022258
0.0015817585576769488,0.9217456737533208,1.869716964178949,15.009840388090385,27.07480008992559,128,128,0e1b0c33f00737b4b356,28.772259414196014,0.7171842197485903,0,0.140625,0.49641261653133145,0.14285714285714285,0.21212121212121213,0.693104262788097,0.4054858972198519,0.6823870398787932
0.004279447070075548,1.2233232535421847,2.2306346416473364,11.903872401925646,13.834265865358349,128,128,0e1ce9b91bc1cae46522,13.837508022785187,0.5481584409316759,0,0.1484375,0.4947468562484865,0.18609625668449198,0.2253787878787879,0.6926940792465017,0.3052917646160288,0.6643951473558452
0.045860757876653224,1.3019395172595976,1.904854504019022,8.656926800465154,12.004606862725009,128,128,0e3007537351484bb9ca,12.478292062878609,0.5620067754315354,0,0.1796875,0.5044040996894297,0.1519327731092437,0.25,0.69201598548708,0.3815106479963326,0.6762485446950202
0.006999585602898151,0.9553287982940669,2.3697218075394586,10.952884335351133,13.830838840096412,128,128,0e96f4721f0c64e73d7b,14.097202122211456,0.5264278435745846,0,0.1484375,0.5090862362554708,0.18609625668449198,0.25,0.6928829617387295,0.3124283715713418,0.6781573173963662
0.036145816557109356,4.56595460719545,12.486935669183717,20.366828154865665,21.611817058304325,128,128,0ec7480736925816cece,21.6775804720819,1.6816771263377872,0,0.2578125,0.4163414139061101,0.05973684210526316,0.1111111111111111,0.6929607850005697,0.6865123756798905,0.6925782971203005
0.0007540978496081152,1.010890479385852,3.179346773214638,13.330014745639932,19.24036382850024,128,128,0ef270f4870841ca3303,20.062215845973697,0.6501945784001621,0,0.1328125,0.4284043045937967,0.15057142857142858,0.21212121212121213,0.693046440202724,0.4947844069119688,0.6902161241511073
0.0005346285771601345,1.0707872658967967,2.2871388267725687,6.478482580104108,14.003057305991911,128,128,0f09b01ca07b7a4c0c0b,15.021560162305832,0.46691956135491014,0,0.1328125,0.47091246061888636,0.21212121212121213,0.25,0.6894794771425499,0.3940728105398263,0.6711079553359487
0.0015264306384779047,1.3731997679919004,3.4920118719339355,21.753105373646573,24.62787782877684,128,128,0f3a2ff35bd33407a008,24.719713270664215,0.9290144751967897,0,0.1484375,0.49110705377165115,0.11968253968253967,0.25,0.6925285238796977,0.3843582535367061,0.6700975610325023
0.0004428926476975903,1.0804934158921238,2.5929633736610382,11.479956910747338,15.84872847038387,128,128,0f6196af0b021d56184c,16.249995708498318,0.5590732922634485,0,0.1484375,0.509272019364094,0.21212121212121213,0.2903225806451613,0.6931181368193744,0.3177793750766791,0.6360474533966327
0.0008533777108823415,1.970144610852004,2.647211068030446,3.609499388933183,3.841917794346811,23,23,0f633c29638b856e27c4,3.8677420616149902,0.44981715620754753,0,0.17391304347826086,0.46314904208457436,0.16642857142857143,0.25833333333333336,0.5922718808443408,0.45370951109020174,0.5675721154271877
0.0022165632690303028,0.5928512066602705,1.5247731626033771,3.7252460625767787,5.269632311642175,128,128,0f6ad8d056fff12691c1,5.417980670928955,0.24364052176514073,0,0.09375,0.5710164725853013,0.2608870967741935,0.34942528735632183,0.3214838382388473,0.21782565255269087,0.2954958106982392
0.00017651016969466582,0.3585659827105697,0.5994828332215544,10.836907985726828,15.3394983083681,128,128,0f8d15d2a2afc62735ee,15.734358131885529,0.3821296707101788,0,0.078125,0.5310697199683939,0.18609625668449198,0.2641129032258065,0.6930983771006591,0.16721269382963158,0.6694420179815697
0.022306572223897092,1.208290582895278,6.283993582168455,14.036528301057812,16.568946419693656,128,128,0fbac7f00495a235a0f4,16.874853134155273,0.8745278850785704,0,0.125,0.4322958211276727,0.10810810810810811,0.17647058823529413,0.6930942686815575,0.5615117689604412,0.6928810274689463
0.0028486170467658667,1.96371777653694,3.006443306244907,14.203360715708124,15.140388368665796,128,128,0ffcddd50ebedd451966,15.179036848247051,0.7196235277153421,0,0.15625,0.4837240034504843,0.17278991596638654,0.25,0.69238634330874,0.3612394226009206,0.6890006314045243
1.0215256363153458,1.0215256363153458,1.0215256363153458,1.0215256363153458,1.0215256363153458,1,1,1065aace82b58ce9627c,1.0215256363153458,1.0215256363153458,0,0.0,0.42857142857142855,0.42857142857142855,0.42857142857142855,0.21691223610120672,0.21691223610120672,0.21691223610120672
0.8645161837339401,0.8645161837339401,0.8645161837339401,0.8645161837339401,0.8645161837339401,1,1,1074a21721ba6e164c45,0.8645161837339401,0.8645161837339401,0,0.0,0.25,0.25,0.25,0.2429557077257704,0.2429557077257704,0.2429557077257704
0.0002607943815746694,1.1148351825773717,2.015066657960412,11.24395242483417,14.51769121282164,128,128,108277fc599ecbe8e494,14.624994874081494,0.49884268606485505,0,0.125,0.4712699386490078,0.1519327731092437,0.25,0.6931184841260307,0.33271457204964616,0.6609446496014436
0.0010964723187498748,1.0462482666596766,2.1053327023982984,12.511514427081277,14.326082198376557,128,128,1083584048c3ccfb8eba,14.562510490548448,0.6373380281884395,0,0.1328125,0.4999387556991978,0.18609625668449198,0.25,0.693098376926079,0.3362660561271149,0.6758423863040721
8.385818227907293e-05,0.6808395802974699,1.8573817506432495,10.626334574988158,14.251696237228751,128,128,1095f8d8afe768edbe01,14.597418323159218,0.4482026154385874,0,0.125,0.516139396467655,0.18609625668449198,0.25,0.6930111202388054,0.31993878396016945,0.6820920254126875
0.0008040548009375925,1.2570002704858778,2.3370731823146325,11.604458910877012,13.884944228175048,128,128,10a258da274d150cb855,14.103396236896515,0.5666371663666645,0,0.15625,0.4827686732709865,0.18609625668449198,0.25,0.692995524121951,0.31732941678820015,0.6817163212593493
0.00010245265275443671,0.7925687184557313,2.1924460748210537,7.472492422548172,10.801401590757575,128,128,10c1472ae9ff5d5ea689,11.226705193519592,0.4356385540013376,0,0.1328125,0.4711980284817324,0.1287581699346405,0.25,0.6912941729144149,0.3387821823675986,0.6783025885685979
0.9225090742111206,0.9225090742111206,0.9225090742111206,0.9225090742111206,0.9225090742111206,1,1,10fcdffbfafa789163ac,0.9225090742111206,0.9225090742111206,0,0.0,0.48148148148148145,0.48148148148148145,0.48148148148148145,0.24669565355629997,0.24669565355629997,0.24669565355629997
0.0002544769445194106,0.9626938469707953,2.233515180647372,11.60991141628606,15.835800149593933,128,128,11c4721516e60aaa1cd7,15.984668761491776,0.4892767484242988,0,0.1171875,0.5540715415326278,0.1519327731092437,0.2253787878787879,0.6930990344036381,0.30048981978239875,0.6223526460492079
0.001288321744368659,1.3440852284431457,1.8084512919187543,8.356508951694725,13.574613109535006,128,128,11d0ba3da829826e26ee,14.140107661485672,0.4804580250184159,0,0.171875,0.5041472255787225,0.21212121212121213,0.2641129032258065,0.6917297223695396,0.28056288938620927,0.6204119956438587
0.0014850023526378209,0.3882769837975502,0.7642464056611047,3.192295592427258,10.246714664101637,128,128,12cf55e1f889dd99b109,11.228968858718872,0.2319214722361928,0,0.0859375,0.5116129800376171,0.14285714285714285,0.18894830659536543,0.6732008246361247,0.1405242341891268,0.22190162966595783
0.0006714824994560331,1.4403993442654608,2.4195358484983442,16.4956061254861,19.338682165592918,128,128,130d2fd53ea044343610,19.60418200492859,0.7465565866842946,0,0.15625,0.4582804811136347,0.13996031746031745,0.21212121212121213,0.6930833031022379,0.3479254536880095,0.6627874017015564
0.0002861743168978137,0.657229121972341,1.9068064920604144,11.79917438832406,14.883514596006204,128,128,131264d27978bac3c898,15.000152829576109,0.4517515235530373,0,0.1015625,0.4849987512019147,0.14285714285714285,0.2253787878787879,0.6930864767402867,0.2873966104411648,0.6770497175423305
2.6642508146323962e-05,0.36905500069260566,0.9063577875494953,8.88274955234135,14.36520668884271,128,128,1342a77adc07f21a1eae,15.054739192128181,0.37434201037165415,0,0.0625,0.5315791674530878,0.1764705882352941,0.25,0.6927629726782343,0.20653083684487142,0.6580939043804409
0.00027853268875333015,0.5440745592117308,1.4891395337879627,12.713786579147015,18.502636538637528,128,128,13790a5d222ce051ac41,18.999652685772162,0.482602295120048,0,0.1171875,0.5003314003124174,0.18609625668449198,0.25,0.6919387784783121,0.19667860885863012,0.6296288472311151
0.0001850129146987456,1.4866651743650436,1.9056541770696638,11.26895731559113,14.034901313725996,128,128,144ff3a5b10a9f999478,14.187466877061524,0.5470818134047748,0,0.15625,0.5221299079645456,0.11968253968253967,0.2641129032258065,0.6931189115011782,0.317237492547037,0.6876293605772218
0.00441914307884872,1.1793287187814712,2.6689942345023145,15.536348457967422,18.45749013611902,128,128,1484ca9fc8e54c481909,18.62449993257178,0.7126644795881952,0,0.171875,0.468009677364671,0.14285714285714285,0.25,0.6929873100663431,0.2719734876440879,0.6877909091158187
0.0483093120274134,1.8826688170433044,2.6908892616629574,11.68236129702305,16.881862627818688,128,128,148b1b5b33abf7a1db3c,17.31238151465368,0.7064833561046577,0,0.2421875,0.5052474485187465,0.12656597774244832,0.25,0.6930336796465304,0.3093770680525752,0.6702992899053888
0.0009483570465818048,1.441992837190626,8.987198032974263,15.920949989541441,21.569870935308543,128,128,14f1bcc14cb2e91e73ce,22.37236012960784,1.0177273347470306,0,0.109375,0.45085925562357587,0.08763157894736842,0.18676470588235294,0.6928957604741699,0.6133437841485989,0.6924699406146227
0.0001680665714047791,0.850037059187889,2.2908839154057192,15.448312652641919,20.444391217138552,128,128,150d249152b3ee8fe819,21.062465072289342,0.6261109498028152,0,0.109375,0.4713266700646224,0.18441176470588233,0.25,0.6929888079651285,0.3078621660333824,0.6871932469422083
0.0030832718247211233,1.3358398512005807,2.032788392156361,11.857371174906518,13.499375081544283,128,128,15102032c64e376b41a9,13.682147681713104,0.5506990430930704,0,0.125,0.5111918792992226,0.18609625668449198,0.25,0.6927780617676076,0.31633252335715323,0.6650499994609237
0.0028751472127623856,0.8949318945407861,1.851164457201956,10.635286215699633,14.936481722681924,128,128,1514e0b0267e2ad58584,15.200013596564531,0.476766034231898,0,0.1171875,0.5155792054699271,0.18609625668449198,0.25,0.6929089841586412,0.35934145202303547,0.6308721474900081
0.05076245821692282,2.0871408994949885,5.591762697137886,15.128985579246674,18.57655860361458,128,128,15955eaf6952c17c3ab9,18.891992062330246,0.9550303053183171,0,0.140625,0.3709123733611861,0.10810810810810811,0.14285714285714285,0.6929504098213992,0.6695326984815115,0.6925575900638402
0.009496829676209018,1.4653209447860716,2.0306101039052007,11.422368512753929,13.861423954583652,128,128,15d1d3f8ce2c30617539,14.032111823558807,0.5662207095766827,0,0.1640625,0.4844143581499135,0.11968253968253967,0.25,0.6931179773074959,0.3982004684435011,0.6810328283278766
0.009477159997913986,1.0520543452352284,2.1006104215979526,14.310833180248743,19.207535955246417,128,128,15f25ecac9b7b8d4ddef,19.874820249242475,0.6489469633027118,0,0.1484375,0.49964747343398763,0.1764705882352941,0.2253787878787879,0.6927956109179567,0.3461999015867202,0.683870168737815
0.052583069540560246,1.3425488114356992,2.091758212167769,11.407673832178144,13.9107326353425,128,128,1605df0c237c91436a6c,13.999978543037287,0.648662219445725,0,0.21875,0.4903217367148675,0.1764705882352941,0.25,0.6930840561599997,0.3828639692458431,0.6188464512129478
0.013776351843489465,1.8257740736023607,3.1403251200914353,9.217620360085865,11.655561118339154,128,128,1757a5dbdeca60120661,11.937972682368127,0.6139160583293897,0,0.1796875,0.4895861376104747,0.11968253968253967,0.2253787878787879,0.6930778588094321,0.5072845191432813,0.6908129381345605
0.0004118345036658866,0.5844313845038414,1.819051932543508,9.466442025218786,12.17281010008099,128,128,177df6ae8def7d765bc4,12.561576440930367,0.4183279103437051,0,0.0859375,0.479158782687503,0.1519327731092437,0.2903225806451613,0.6925407738030318,0.2900407705106709,0.6852439919002645
0.0018661681897356175,1.4720218196511254,7.0127883889479525,21.37492521021475,25.87465819917194,128,128,17c737242923a1a14975,26.166544694220647,1.0931606932840707,0,0.1875,0.4829619131081804,0.11641891891891892,0.21212121212121213,0.6924387898846796,0.6535316956969357,0.6921570682651534
0.009300088277086616,1.2465849515050647,1.6077985338866707,8.137525823563358,10.744960211951291,128,128,1826774499f051eb1f37,10.928567636758089,0.4285960339616708,0,0.1484375,0.5122912103508217,0.21212121212121213,0.2903225806451613,0.6529690800849421,0.29020009963546406,0.6037163335942014
0.03665620554238558,1.0776479996740815,1.9070430517196626,9.890169891036606,11.700934395274682,128,128,18452ec7ad9d29790e39,11.929771274328232,0.5349734473282244,0,0.15625,0.49382764145657726,0.09776061776061776,0.25,0.6928747880487138,0.3528242156495317,0.6768598539691293
9.869624045677483e-05,0.5679629519581795,1.0993264347314833,8.947035541800243,11.957770058061042,128,128,184dcb58a8183ef4b48e,12.297093868255615,0.36755365111053334,0,0.078125,0.4762384024889083,0.18609625668449198,0.25,0.6927701832486552,0.25640229804084036,0.6715692016706943
0.05750250443816185,1.9407479792833324,5.096395581343672,13.124075733125226,19.389722890220607,128,128,18c5d81ca5d4d7d522e7,20.13654026389122,0.8870910585810634,0,0.1953125,0.40313091700759934,0.05973684210526316,0.1111111111111111,0.6892482210761083,0.6341907153184007,0.6680207849687202
0.0322597703197971,2.155372440814972,3.151582323713228,3.6529660642147053,3.8559012097120275,46,46,18e04c17e1d39e4ee42a,3.878449559211731,0.5890047360596387,0,0.21739130434782608,0.4388015239305676,0.14052287581699346,0.2215909090909091,0.5453394245490814,0.2712975609430436,0.4913670353632813
3.52254548943165e-05,0.3404560714960091,1.6982907856814542,10.898221531561521,15.206733767182413,128,128,194709612fb7cba6504b,15.81881719827652,0.4387750375191545,0,0.0703125,0.47274393566835804,0.1383838383838384,0.25,0.6929899088040855,0.2822970028487639,0.6913521435439326
0.0016564590041525662,1.1269447714090344,1.9825335860252358,8.888569076287121,13.296505079814944,128,128,1a5977dc88a6e261f86a,13.666783809661865,0.4981219737998258,0,0.1796875,0.4834852730260969,0.1519327731092437,0.21212121212121213,0.6925208245098234,0.316787455035492,0.6559028158641337
0.004798304697033018,0.8899108514655378,4.837111413478834,14.702747745377824,20.25263097287457,128,128,1a6ffd0f45ad351c7989,21.007666029036045,0.8261361853320623,0,0.1015625,0.4491907772879264,0.13996031746031745,0.17647058823529413,0.693108880936786,0.5306595766095743,0.6904935183901258
0.24161604046821594,1.1715194344520574,1.9168035209178917,4.843887628316876,6.40631820571422,40,40,1a7829fcd27d53738d9c,6.57992160320282,0.5812138415389825,0,0.3,0.5522036272733606,0.2268939393939394,0.28830645161290325,0.33830686685894584,0.18185312556927508,0.2834674735456023
0.00020507683211690164,1.2047985839191822,2.376830049604176,13.251239131900618,14.544607365579509,128,128,1a88e28f0a8711b970f1,14.55108680576086,0.6165798206187624,0,0.1484375,0.4886524345321064,0.11968253968253967,0.21212121212121213,0.6931228026768244,0.3056631229741169,0.689406603788333
0.026109872474421536,1.6274531424045562,2.7244148045778207,11.40530317367999,13.04964533630445,128,128,1aa64de211caf78cdf84,13.256996989250183,0.6424906922211924,0,0.1640625,0.4868478437732565,0.1764705882352941,0.25,0.6929811364863113,0.3555125991165445,0.671507967944658
0.00025338940031360835,0.6352013215422627,1.7588825045662797,13.066239280067425,16.025105274900447,128,128,1b34d8fc85ef9b995654,16.06228306388948,0.4707153677232099,0,0.125,0.5188441062628906,0.21212121212121213,0.25,0.6922818885184996,0.31947684184356656,0.5870669695953694
0.013311190399690531,3.3520588328537984,9.962970365583894,16.344741407413967,17.10947699567833,128,128,1bb6e82f7d020f4e4c39,17.21117992530344,1.2427516859022063,0,0.171875,0.4087144789172719,0.10891891891891892,0.14285714285714285,0.6929397997617706,0.684535446625352,0.6925468389224461
0.11030336329713464,1.677145294100046,2.097910076379775,3.1828710538148894,3.664534614384176,128,128,1c09787dd6896e7eda6c,3.7200196981430054,0.4563843440072226,0,0.203125,0.5357266379991382,0.1287581699346405,0.2641129032258065,0.5629930740311505,0.3425877075029438,0.44921817550476983
0.018933361396193504,1.5338290154933927,4.455462157726281,11.564817243535366,14.609409969044858,128,128,1c4bf44a9277b43d18c2,14.881170779466629,0.7191347617270254,0,0.171875,0.4759239293568459,0.1111111111111111,0.18894830659536543,0.6920728957419477,0.48919960598604506,0.6797263310497195
0.00011323881972202798,0.3863739728927612,1.9481897130608494,13.265137530269579,19.02694443758525,128,128,1c5611fc945806d7c4d5,19.749989152013768,0.5306345455699074,0,0.078125,0.49647533726923626,0.1519327731092437,0.2641129032258065,0.6931023172323124,0.2925733429876559,0.6897660378587072
0.0018623596079123672,1.038365638256073,2.2890664964914316,11.44993902982217,15.909060868446455,128,128,1c781c39b7b8242f643d,16.124912863851932,0.5128465976340619,0,0.140625,0.5311339568855723,0.1519327731092437,0.21212121212121213,0.692946409139356,0.26634847708654935,0.651892339433257
1.7344689581477724e-05,0.15057271746991308,1.16643195785582,11.859872721582686,15.125969580950933,128,128,1cc50539d3ba189dd9a9,15.250085719060735,0.3984297960422254,0,0.0625,0.5008728802360654,0.14285714285714285,0.2903225806451613,0.6928942642556823,0.21867665596963076,0.6607487183689871
0.0005126953656287014,1.3241122771985825,3.6084425617475056,7.941223310365979,13.625176287743034,128,128,1cd386c0e7972117e2df,14.334307610988617,0.5565398108960307,0,0.125,0.47586997212365423,0.1764705882352941,0.21212121212121213,0.6923540912934247,0.33305421443720007,0.6854456033550885
0.0243340217275545,1.3808776795864097,4.468417164683324,16.470244098999657,17.92443970506367,128,128,1cdf029d7fc20c4892b4,18.00437343120575,0.7983194099538442,0,0.140625,0.49496812428935644,0.1111111111111111,0.21212121212121213,0.6930758345305759,0.4036779681647884,0.6909449989415329
0.0059236332308501005,1.0685934394598007,1.8804176348203288,10.277382857432864,12.135280103015,128,128,1d2a35eecdcd522a9103,12.182229444384575,0.5084185580209473,0,0.15625,0.47368807081332776,0.1068362480127186,0.18894830659536543,0.6930972101295854,0.26858781420761224,0.6829292819723793
0.0041591889876144705,1.5044587731361383,2.260549099743365,11.321640145145377,14.76668181525105,128,128,1e1520b407293bce7083,15.062334790854948,0.5762419682342567,0,0.140625,0.46910681958966527,0.1519327731092437,0.2253787878787879,0.69307294036034,0.3690562544583714,0.6714875306643535
0.04663772732601501,2.0125803470611574,3.282428830862043,18.302043823003796,21.92362082716384,128,128,1e4499b5a4a7ada43221,22.187492370634573,0.9583446182337865,0,0.25,0.5004513716441612,0.11749034749034748,0.21212121212121213,0.693111584709089,0.3900627405826456,0.6871236539919614
0.03607775457203388,1.0744654841721055,2.6076760940253725,7.524600718746662,12.967426678032702,128,128,1e4cea9b2eaead43320c,13.744451771955937,0.543690417258935,0,0.171875,0.5134185858637204,0.21212121212121213,0.25,0.6914413835956787,0.27372408374873053,0.6905224345204299
0.013566506677307189,1.7580739840865132,2.746027602255342,12.093511322148572,13.605415667547575,128,128,1e7c7f9f219964a9768e,13.625282645480183,0.6321821968762766,0,0.171875,0.4651838300200422,0.09776061776061776,0.2641129032258065,0.6931253107270336,0.3624579670600551,0.6813609550807457
0.20410145819187164,0.20410145819187164,0.20410145819187164,0.20410145819187164,0.20410145819187164,1,1,1edc681b1fc720190c20,0.20410145819187164,0.20410145819187164,0,0.0,0.3793103448275862,0.3793103448275862,0.3793103448275862,0.05223501552430551,0.05223501552430551,0.05223501552430551
0.005823777988553047,1.3746227249503131,1.9953012470155953,8.720601484776806,13.188619649013454,128,128,1f4df8cdffbf438fda1a,13.588756874203682,0.5680065772047412,0,0.1875,0.4860591383258252,0.18609625668449198,0.21212121212121213,0.6928490872657652,0.4423872550480532,0.6726248144460463
0.0004641159212042112,0.3626340091228484,1.5020683616399702,9.894131004199028,12.070078587973976,128,128,1fa83a2c7c3d8e32924d,12.189353257417679,0.3728926843791616,0,0.0859375,0.5287953614600622,0.1519327731092437,0.25,0.6927133746629748,0.17408033377180548,0.5902077449111328
0.0225067941355519,4.682326486520465,11.387319991266118,16.000272456184035,16.91206755582322,128,128,1fc93d3ec68322c14d8e,16.97640025531291,1.4370169868475386,0,0.1953125,0.38844340972970437,0.051646423751686904,0.10915915915915916,0.6930994674461448,0.6880498099587347,0.6924503298245382
0.0030127037589409156,0.9793075501918792,1.8572073727846132,14.293379657456972,16.965338125202482,128,128,201af2815b3871f3b686,17.342186510562897,0.6164746484430392,0,0.1484375,0.47052302530482076,0.1287581699346405,0.2253787878787879,0.6925251167980155,0.24435585561908058,0.6547426483497156
0.002634642100019846,0.9387234514579176,1.6620628692209714,10.137731402944054,13.69301807287689,128,128,20a4b1ac2c63d1fb2120,14.048161588609219,0.4927183770167668,0,0.1484375,0.5159173559722625,0.1519327731092437,0.2641129032258065,0.6930511587223163,0.29917978636212783,0.6854021458558193
0.003935450629796833,1.301249025017023,2.8087902398779954,10.85041001996957,17.784545151650942,128,128,20a5c96a8b9b028747f5,18.7882639169693,0.7068937922949385,0,0.1875,0.4635891290374209,0.1764705882352941,0.21212121212121213,0.6921146389508313,0.573175796712133,0.6900863206654713
0.011561051564058289,0.9926514534279705,2.5488383620977393,11.969771906835978,16.69371901918702,128,128,20c02235a81b26a84b5b,17.18734671137645,0.6157610384495937,0,0.171875,0.5436573927769865,0.1287581699346405,0.25,0.6929227679502531,0.28342931190536336,0.6802329891637965
0.0029398395272437483,1.3334980219602581,2.1847013279795604,10.721962717825082,14.077962783792918,128,128,20d8dd0b65d5c0071954,14.562305367930094,0.5503096652503142,0,0.171875,0.4976645150278973,0.1111111111111111,0.2903225806451613,0.6931118616453313,0.3405607667185325,0.6903630469359416
0.00044167504165670834,0.7615393757820128,2.366741291061042,12.024372779550045,14.52242629834436,128,128,211a9b262ccbe3bb402b,14.74995672847217,0.5101729337980618,0,0.109375,0.480569132201365,0.0891891891891892,0.2253787878787879,0.6930544904661904,0.42580146904383454,0.6895952442378555
0.04166108649224043,1.4088290005922315,2.2388712510466573,11.127847353614996,13.737561345501799,128,128,21aacc5ffd220c26fe28,13.781148299574852,0.6140435254068963,0,0.171875,0.4650496954891821,0.14285714285714285,0.2641129032258065,0.6931089670159383,0.30519162991188853,0.6662191630334955
0.28627075254917145,0.28627075254917145,0.28627075254917145,0.28627075254917145,0.28627075254917145,1,1,21b49849e6018fe0cf49,0.28627075254917145,0.28627075254917145,0,0.0,0.42857142857142855,0.42857142857142855,0.42857142857142855,0.05722160988067922,0.05722160988067922,0.05722160988067922
0.5044437646865845,15.20127466984559,19.786345276574135,23.454401761956976,24.27971447116812,5,5,223993f83f1ec71df0b4,24.37141588330269,5.279673355648993,0,0.4,0.2723215234894879,0.05771561771561771,0.08344988344988345,0.6904481275020852,0.6304416380318094,0.67844682960803
0.0004420094160195731,0.5181282073259351,1.8597166620194896,11.037415701704461,12.404178022914587,128,128,2287b0aa1c8c6701240c,12.500083566865214,0.4416797565722608,0,0.0859375,0.5252445022782984,0.18609625668449198,0.25,0.6928976773441167,0.25130146548083426,0.5914499481446568
0.02202277211472392,1.7559131950139997,5.036102150101206,18.12044413631228,20.672746095917486,128,128,228ece8a109f3c2d2886,20.797893404960632,0.9560046559910447,0,0.1796875,0.45802968109657577,0.1388888888888889,0.18894830659536543,0.6930838142252036,0.5790773381580292,0.6875093113303207
0.0003484521475911606,0.06056144810281694,0.12665356288198382,2.4623962044715957,3.7357704818248756,56,56,229083fb2543faa71757,3.8772565126419067,0.10592548737192788,0,0.03571428571428571,0.4583216022718765,0.2017857142857143,0.2903225806451613,0.46102173292895154,0.041814057670790654,0.3695042871658313
0.07875735685229301,1.9874022483825684,5.741340273618685,15.598489886820335,19.791862717889263,128,128,22d976a544f1f7482895,20.213730297982693,1.0062493912570147,0,0.203125,0.4113677035805852,0.08108108108108109,0.1111111111111111,0.6869252596573738,0.618108558521119,0.679807598142517
0.02152112126350403,0.936719013750553,2.2270680725574463,11.027298799988266,14.32927765291548,128,128,230e1f49bf39adf67e6e,14.368083849549294,0.5133827562924351,0,0.1484375,0.5198228104200547,0.18609625668449198,0.2903225806451613,0.6930838698311701,0.3602720734049941,0.6418857381821825
0.0003788315158317346,0.7279786553233858,1.8708210155367826,11.558047742950809,16.508366056207546,128,128,231852e9d15527dc8b07,16.809626638889313,0.46429154218122337,0,0.125,0.5433825259685804,0.1287581699346405,0.2641129032258065,0.693107032522723,0.3621835333793032,0.633865701765701
0.0041162227862514555,1.1300770953297614,1.8872542206197955,11.618753291101894,12.574549848482016,128,128,2363f0ccd68b04b488d8,12.697092428803444,0.5997094272208913,0,0.1640625,0.47236992672638634,0.21212121212121213,0.2253787878787879,0.69243571746136,0.3416980756514636,0.6890972175867072
0.0453045004978776,1.595279985666275,2.429105234146118,11.44287318594058,16.58687668647341,128,128,239fcde67aa71aae1332,17.062482595807523,0.6296951886753492,0,0.1953125,0.49037745994036364,0.11968253968253967,0.21212121212121213,0.6931341539063793,0.29111565806535433,0.68615810176969
0.015509674267377704,1.3756215035915371,2.4959689900279,14.771009538476356,16.99397290504271,128,128,23aa7bcd88f73bf75f38,17.312026633531787,0.7218505097030522,0,0.1875,0.5005880807455233,0.1519327731092437,0.25,0.6927908039827886,0.3405473319071054,0.6827867629424985
0.02738634223351255,1.5488525390624999,2.9309504091739655,9.453278957009326,12.031366747751843,128,128,23d1a4bb74f86f9ae72c,12.297085359692574,0.6333906122498261,0,0.1875,0.45054372528618025,0.09776061776061776,0.17647058823529413,0.6440950905166873,0.408783684444476,0.5497568466263156
0.004384065214253496,1.0148157511837779,1.6900313951075074,11.275342615842828,12.058167243869626,128,128,24578ec3333bed79e961,12.070721150026657,0.5223433313135313,0,0.1484375,0.43718434522233507,0.08108108108108109,0.17647058823529413,0.6894016582287414,0.3271070848695372,0.6772919441097306
0.000251826539169997,0.06727844054985331,0.800377060472963,2.507855904102322,3.0366097342967993,53,53,2480e4df54789a615be4,3.0953601598739624,0.14111314933274974,0,0.05660377358490566,0.46733224945526275,0.14285714285714285,0.27419354838709675,0.38146011524692447,0.1189134395502008,0.33978508129714324
0.0002783130012176116,1.172307927906513,1.6664084573741995,11.201809732948217,12.811862971579728,128,128,24dd5e0a3b7bacc95c0c,12.920873984694481,0.5124955614406479,0,0.1640625,0.4909542380460466,0.1764705882352941,0.25,0.6930716543699433,0.3014303445355153,0.6581480308367966
0.03289070166647434,1.787780648469925,4.680392814148206,11.223109083165184,13.577981359068433,128,128,256c5f1d43cb414f787b,13.907534927129745,0.7805827204519883,0,0.1875,0.4760766186568159,0.06761024182076814,0.17647058823529413,0.692928450606792,0.5079361427057195,0.6819849133365251
0.0007204624880614574,0.6725932057946912,2.482789462804792,9.824174217644849,16.951867377793242,128,128,25dd0941669fae45399b,17.73587633110583,0.48429439890765125,0,0.1171875,0.5511093456333289,0.11968253968253967,0.21212121212121213,0.6930671930285119,0.3354385013165912,0.6198849349693322
0.004658239631680772,1.7627621412277215,4.565128409862508,14.6225481329349,22.485869071736975,128,128,25e6603820976ca479ec,23.619827777147293,0.8857999508205808,0,0.1796875,0.4837505918982573,0.1519327731092437,0.21212121212121213,0.6929163814953485,0.49311256049278684,0.669631393715179
1.4901017436841357e-05,0.31339889038354135,1.1864347077906126,12.479548656091836,17.667369658377623,128,128,2627a711057257950ffa,17.999958039559715,0.39578243595511187,0,0.078125,0.4886088612539141,0.1519327731092437,0.21212121212121213,0.6931288717254225,0.2734482252101855,0.6658494665349908
0.07168031764149418,1.9837673604488368,3.116786429286,10.659299788419741,12.92939312970494,128,128,263423e917e7d58ee86c,13.245876044034958,0.8014390774905598,0,0.2734375,0.4839128374559893,0.11968253968253967,0.18894830659536543,0.6929369856607093,0.39029942172190535,0.6912804760340934
6.341642136931114e-05,0.3790048200753514,0.7772617802955208,2.858600224852564,3.304455910444261,128,128,2702db86d28fbd412e5d,3.3445679545402527,0.1547530531383371,0,0.078125,0.5817881555184778,0.19428571428571428,0.3793103448275862,0.538464654843157,0.19441953587082378,0.4248942228602606
0.00017265906240027107,0.8326671734452247,2.0674319401383356,6.69111652184922,11.083760988617149,128,128,271db6ca8c4a2e408f07,11.695880889892578,0.42326692525581683,0,0.109375,0.5108929227672375,0.1764705882352941,0.25,0.6890434338890634,0.2219225049310065,0.6127537956352114
0.01093569894148061,1.13689484745264,2.69081327954882,16.252555938959613,24.24339406180386,128,128,29458ce5e347499ca6fa,25.40572679042816,0.816491099893748,0,0.1171875,0.44505611634351927,0.0891891891891892,0.21212121212121213,0.6931452068654598,0.30522238792685424,0.6883165412162774
0.5190607011318207,0.5190607011318207,0.5190607011318207,0.5190607011318207,0.5190607011318207,1,1,295cc5b347607cc4a278,0.5190607011318207,0.5190607011318207,0,0.0,0.5384615384615384,0.5384615384615384,0.5384615384615384,0.11683123140778473,0.11683123140778473,0.11683123140778473
0.0006784832303310395,0.6817914754152296,1.6413003146648404,15.070406838266653,16.067857927596847,128,128,29611d525960b2f5452f,16.124906544464466,0.5396560189387771,0,0.109375,0.49865320870134777,0.1519327731092437,0.25,0.6928960503773243,0.22810710970841006,0.6862252718174471
0.0008857252360030543,0.9460605204105375,2.6220866417628654,11.909831158588648,12.60490339860521,128,128,29a0b6784fa3d21c4195,12.624751615716377,0.6014189979986795,0,0.1328125,0.4815359444479427,0.18609625668449198,0.21212121212121213,0.6928518450560026,0.40321973700280644,0.6919591129736261
0.013065075370832346,1.332852202653885,2.7073295176029197,13.533772827908397,16.66930165215851,128,128,29ad3b94b8e514ad1855,17.12488461274188,0.751733090585891,0,0.1484375,0.4853387164568397,0.14767460317460318,0.21212121212121213,0.6926537448729546,0.3493444209109441,0.6828517196844666
0.004601488269145193,1.5396621048450458,3.410887243039903,9.984851599377523,11.636873938962644,128,128,29d1ac875cbcad507fb8,11.647684670984745,0.6148335091298003,0,0.1640625,0.49046019633731736,0.1519327731092437,0.25,0.6930674154446317,0.3389150460942318,0.6365719426553877
0.0006243981861331349,0.963087913393974,2.3943737745285034,6.224103608811989,14.504062315184056,128,128,29df90da31edeb076100,15.649751335382462,0.4739043153836572,0,0.109375,0.47036203374062074,0.1519327731092437,0.25,0.6899049772404129,0.35766885048732744,0.6841882471705557
0.0004213012725955423,1.5591575205326076,2.9604807466268532,8.277084061503418,15.34170966231547,128,128,29f2b9019a91ff75122a,16.30325668025762,0.6525948066208644,0,0.21875,0.44490014557445234,0.08837837837837838,0.21212121212121213,0.6706164865340338,0.4748959749533427,0.6531459272573187
0.00022890585432833177,0.4486423298716544,2.149983692448573,9.715935901045448,13.39725381166651,128,128,2a60dee4493e2ecf4aab,13.7732570245862,0.43658018210397936,0,0.1015625,0.47477665398184693,0.14285714285714285,0.21212121212121213,0.6930218005353226,0.2560857965054363,0.6902721340284784
0.17648769915103912,1.2786294247023762,2.56027702987194,4.737132603060456,5.197958164824171,70,70,2a90d069c00b6726d1c9,5.249161005020142,0.5176772138327969,0,0.2714285714285714,0.5053472699003335,0.1018018018018018,0.15798319327731092,0.6589314649016244,0.34845925005435163,0.5421119746056926
0.07300946861505508,1.8421389192342759,3.584078338253309,16.709131948628947,22.63165596255482,128,128,2ad48ee41dd42f9328d1,23.31248629102538,0.9133520791073887,0,0.2421875,0.4908583251987367,0.13996031746031745,0.2253787878787879,0.6931294031595142,0.4178004996036385,0.68572412851466
0.005884386540856212,1.0939580976963041,2.3862582728266677,11.615268554030632,14.529130494953876,128,128,2b200309e3014b8b124d,14.906074598431587,0.6447380873683153,0,0.1640625,0.48772180607567134,0.14285714285714285,0.21212121212121213,0.6920009859788724,0.3286474733991935,0.6861958489073289
0.019693040921993088,1.799046340584754,3.2245505707338444,10.998746797880164,14.266351351264326,128,128,2ba6021a91efc5816cf2,14.687217654805863,0.6704677503782822,0,0.171875,0.48054078308149495,0.11968253968253967,0.25,0.693088641883887,0.4946972131572556,0.6881811973304013
0.001193790725665167,0.8915923920925707,1.4340567573904983,11.176934753025954,14.169078050020131,128,128,2bbb811c70b0b3fc1e23,14.31252598861829,0.45562546664619563,0,0.125,0.4993697437974102,0.16155844155844157,0.25,0.693119439786279,0.26049868493340467,0.6845016291529786
0.000953646665038832,1.6678738594055165,4.755729132401743,16.360419166928047,16.874983606114984,128,128,2bd10e5021311cbc8ac4,16.900136172771454,0.8463375129161714,0,0.1640625,0.4764948608379182,0.05128205128205128,0.18894830659536543,0.6918469340858121,0.6281882296564508,0.6907579958715706
0.04927714932364324,0.7889274470508096,1.785539294779298,8.430743510453985,13.291295433433131,128,128,2bd9776df6f33f891a32,13.91467972099781,0.4876779151239234,0,0.1484375,0.5177136213881328,0.1764705882352941,0.25,0.6923855855999643,0.33420561873335075,0.6823698910553334
0.00949639585451223,0.9699733659625047,2.4345096752047475,13.488886052072049,15.637924265783669,128,128,2bf4f7996e5f318dc13b,15.937415842112387,0.6813669990883414,0,0.109375,0.4898758163068707,0.1519327731092437,0.21212121212121213,0.6928956045530452,0.3211912682988885,0.6904739218812598
0.3580177538096905,0.3580177538096905,0.3580177538096905,0.3580177538096905,0.3580177538096905,1,1,2c7a87437c208507422d,0.3580177538096905,0.3580177538096905,0,0.0,0.3793103448275862,0.3793103448275862,0.3793103448275862,0.09049451292113948,0.09049451292113948,0.09049451292113948
0.008643184350148658,1.4427945673465727,1.7957243695855132,10.15051475842378,13.262604923895633,128,128,2dff426d87c900731f2e,13.518971592187881,0.5229336434416888,0,0.1796875,0.5167334551665416,0.1519327731092437,0.21212121212121213,0.6930537331437676,0.27340672731509574,0.678154441621161
0.027310108722303994,2.72629439383745,12.178072027095133,18.819646718661826,20.678616230509338,128,128,2e6f5c18682e31e515bf,20.9383281795308,1.3489128227271223,0,0.234375,0.40778650164037633,0.13996031746031745,0.17647058823529413,0.6929478851673345,0.6356199708852175,0.6920758860462881
0.0009209124805238389,0.566573691368103,1.6557392112910718,10.865972706686948,13.784046287530412,128,128,2ea99c5c41986f2091a8,13.87993948161602,0.42573351489987227,0,0.1015625,0.5185804734841175,0.1519327731092437,0.25,0.6927811187672988,0.23949458601817236,0.662501769295254
2.2410813926398987e-05,0.5471784219145774,1.697953696548936,10.644775346422534,13.616698605307436,128,128,2f333500cdc7e1ff41b9,13.779133148491383,0.4050903396018123,0,0.0859375,0.48936486760788445,0.25,0.25,0.6931176253576448,0.25471923120693013,0.6895837346910227
6.752914487151429e-05,0.19202260208548974,1.0707508498802738,12.619961457140647,18.086604125269073,128,128,2f6021aefb0ad897022d,18.399262130260468,0.384908506709196,0,0.0546875,0.46866041607296566,0.13996031746031745,0.25,0.6930437972598475,0.2740490712288378,0.6221546453449726
0.002330740240722662,1.9373964846134184,2.9657904684543586,8.492400806269304,14.233932886982231,128,128,2faff12ca5d596e9d497,14.922574311494827,0.6139814526644898,0,0.1640625,0.46174515477487516,0.11968253968253967,0.24507575757575759,0.6926923249773874,0.4343376159054541,0.6793928226647789
0.009659402538090944,1.0761058211326588,2.3222195535898154,9.728911046111527,14.29846118646298,128,128,30224ff229a9fd90330a,14.669178802520037,0.5236959858740131,0,0.140625,0.4933064285606579,0.1764705882352941,0.2641129032258065,0.6929813935937328,0.23825412803850055,0.6683417581301241
0.0001066174892230265,0.840844465792179,3.072553347842759,11.120277485996521,15.094793087443684,128,128,302b2d5a2ef3f37d1f2e,15.31249666218082,0.506248388007944,0,0.125,0.4923504010784504,0.1519327731092437,0.25,0.6931096752696921,0.3597625224331945,0.6692098678117095
0.016742238047299907,1.527725765365176,4.038774427771563,17.925097965952034,19.936952823053716,128,128,303303184ea2e2f1617b,19.999990105699,1.002203149666527,0,0.2421875,0.49204242375808915,0.058751686909581644,0.18894830659536543,0.693121985318192,0.4949158776781629,0.6926872234868606
7.164131920944783e-05,0.5778360575543957,1.0110467866063109,8.56048139810136,11.710460758115213,128,128,305cfdff6df3b5b4115f,12.05015754699707,0.3592756240708512,0,0.09375,0.47811585810910573,0.1519327731092437,0.25,0.6926789977840956,0.2592499124869226,0.6710248956749144
0.00034199134267964837,0.8442434966564178,2.073668986558914,13.756405062634453,15.014296461110245,128,128,3060df53a67ba5d04ece,15.062408809499175,0.5527102754234146,0,0.1484375,0.4863000508611456,0.14285714285714285,0.25,0.6929858223421513,0.35024447036708267,0.6617027421593573
0.01720200479030609,2.64120437502861,3.444001965224742,11.439770091515978,12.555549082040322,128,128,307fa84fbecadb909d8f,12.596542060375214,0.8036274310933978,0,0.234375,0.43743014606193514,0.08837837837837838,0.1546218487394958,0.6911911994878148,0.5248563199805787,0.676375081596593
4.511963828690568e-05,0.3172166243195533,1.1575064254924645,3.518355726823214,21.75402469155202,128,128,3096fe01b5ad44dcc598,24.37245264649391,0.34007548215531763,0,0.0703125,0.6035031711602448,0.2903225806451613,0.3793103448275862,0.6685609325149209,0.19947451761441728,0.5287166829587528
3.009983694823859e-05,0.22805884620174754,1.0479865893721567,8.710744403176463,12.609673814816519,128,128,31130e1fb3611a5d8e8f,12.87097293138504,0.2948243370249265,0,0.0546875,0.48295520848191054,0.1287581699346405,0.2253787878787879,0.6928986652030028,0.22322837500866227,0.5350024291387925
0.010487971361726522,1.2728261274052777,2.614657250046728,10.583382716902703,15.71234945996881,128,128,31333e270648efe8853a,16.12510973215103,0.5733492476193905,0,0.1953125,0.5179952496848299,0.1764705882352941,0.2253787878787879,0.6931101455743031,0.3610215200785666,0.6699493847317022
0.004919067665468901,1.2992321521043775,4.686858049532743,17.297452301603457,25.597424684205297,128,128,313ca3fe62b0efd8a903,26.70266616344452,1.0551703750382475,0,0.2109375,0.48421765252573634,0.06743589743589742,0.21212121212121213,0.6930759471641965,0.5835716663843267,0.6925563787695043
0.0003178629485773854,1.045792671944946,2.248818229185417,15.442422003050098,16.870844451233747,128,128,318431c74b2c20ccfbb2,16.974130243062973,0.5976274177369664,0,0.109375,0.47964341992942944,0.1287581699346405,0.24507575757575759,0.693117199212454,0.3627721884355976,0.681518438735879
2.0146090378148074e-05,0.8176704227924345,1.5061999169556648,13.927446481496451,14.649167884541386,128,128,31d40fa0f1542cc6c419,14.687440889130812,0.4931105237087666,0,0.1171875,0.5298680685349972,0.1111111111111111,0.25,0.69312262914713,0.33398460056838913,0.6923964223700739
0.005148613432538696,1.4109516352415086,2.239180454611776,8.601711591536164,14.712112741081725,128,128,31fee49419bc1edfcbd2,15.461080491542816,0.5824833550335065,0,0.1640625,0.49742549244207185,0.21212121212121213,0.2253787878787879,0.6927334618993959,0.35218904055902595,0.6845793066491584
0.730400025844574,0.730400025844574,0.730400025844574,0.730400025844574,0.730400025844574,1,1,320b93820444f47facaa,0.730400025844574,0.730400025844574,0,0.0,0.3333333333333333,0.3333333333333333,0.3333333333333333,0.17642195855879383,0.17642195855879383,0.17642195855879383
0.0022263777034368104,1.1263021447986827,3.3144210278987867,12.786020053327084,15.455761576801553,128,128,321e3e0a8012e178aff2,15.842408537864685,0.693602573289531,0,0.140625,0.46727154902166457,0.10891891891891892,0.21212121212121213,0.6931466813073038,0.3692072524192409,0.6828506721614083
0.013373632304137573,1.3961860775947568,2.7930778861045837,14.903568218904116,15.737412849661592,128,128,32c32998cc9f37e7a964,15.808336010668427,0.7357789865920756,0,0.2109375,0.47913447847764934,0.11968253968253967,0.21212121212121213,0.6929663475461394,0.3832315839612996,0.6798631647137534
0.0016833785721246386,0.7149200558662414,1.055605816841125,1.4516719704866412,2.6679698790907924,128,128,33c0137fa0d081d20c68,2.8421854972839355,0.1607920368655807,0,0.125,0.5072508220317036,0.22234848484848485,0.25,0.30698131070964013,0.17139397470599324,0.2776546746359094
0.0023694260853517335,0.9265386901795865,1.584416536986827,11.1099160483142,12.174678751459929,128,128,342272d1ab1e6d044aac,12.22433739900589,0.5026170191093793,0,0.140625,0.44041956590448633,0.08108108108108109,0.17647058823529413,0.6898191045597393,0.32438626650408975,0.6816514289198159
0.9267196506261826,0.9267196506261826,0.9267196506261826,0.9267196506261826,0.9267196506261826,1,1,34448483fb209f098b4d,0.9267196506261826,0.9267196506261826,0,0.0,0.25,0.25,0.25,0.268160426797384,0.268160426797384,0.268160426797384
0.06917531392537057,2.4038656681776045,3.484893216192721,15.668370668968139,17.06859285118446,128,128,34a329bb68fbac59af1a,17.160425126552582,0.9193711707773436,0,0.2421875,0.4902868187984326,0.10891891891891892,0.21212121212121213,0.6930821971471542,0.4008670836053191,0.690430368754302
0.04106037470046431,2.0641227275133134,8.17935954174025,18.187591469176123,18.92590307081863,128,128,34c280df596119ee103e,18.938826262950897,1.2343488451485882,0,0.2109375,0.40588659131163024,0.05128205128205128,0.10810810810810811,0.6926695738294415,0.6459429243676629,0.6915084632681345
0.0032528786978218704,0.38956709504127485,1.173493954811418,3.007746112085881,12.584062214374592,128,128,34c2fc668eda1804b344,13.957846879959106,0.26015635324878383,0,0.078125,0.49937120684793657,0.1688888888888889,0.2641129032258065,0.6884983972614037,0.2884816371740374,0.5178090109799187
0.0068712099055119324,1.221447417140007,2.2270424894988525,9.440884843168334,14.111860413966951,128,128,3532be8afd12073281c9,14.591812491416931,0.5740080146026922,0,0.1875,0.4713057452335054,0.21212121212121213,0.25,0.6929226167866449,0.35010518648495903,0.6843648172438329
0.03871357021853328,1.0157842636108398,2.1861174748279084,5.47374884977937,11.962910348237061,128,128,359809cf6f32462c0e92,12.888069089967757,0.45636897475199467,0,0.1328125,0.5057000660222302,0.1764705882352941,0.2903225806451613,0.6749676260584188,0.3292494222369877,0.5911555589414339
0.0015548361216133344,1.2407515294849867,2.6317309245467158,12.056702985591942,14.450611953741108,128,128,35dd1308ba1e1bfbd52b,14.479792028665543,0.5618615993639067,0,0.140625,0.4636665279010941,0.16155844155844157,0.2253787878787879,0.6930966420839186,0.353634005232867,0.6803727838593128
0.0010249515107716434,1.0106780562549826,1.4120729535818095,12.183409946612109,14.546859207852048,128,128,35f4aa6cec85f4c8b8fc,14.624882120871916,0.49612553971444345,0,0.125,0.511239873219424,0.14285714285714285,0.21212121212121213,0.6929602938527726,0.28909256537735356,0.6683375569803873
7.742124535070616e-05,1.3059407770633698,2.118984226882457,12.818357965573682,15.11851570968975,128,128,36e35215ed19a6cc4fc0,15.312502026573839,0.5647175765597054,0,0.1328125,0.502850588862069,0.1383838383838384,0.25,0.6931414187156147,0.3096395966385146,0.6795348586616382
0.00018296163807463017,1.0972688011825082,2.8281802967190703,6.251484017346156,13.347458066286535,128,128,374b1d4945def4d4efd4,14.379631459712982,0.48015228581854724,0,0.140625,0.472784577495441,0.1764705882352941,0.2253787878787879,0.6885953712353745,0.37135104454350687,0.6840388052311036
0.076261309790425,1.500857226550579,2.617678677290677,12.241586335841603,16.335948374264593,128,128,37859294bd613e4c4d03,16.56226329243509,0.7036864644313412,0,0.234375,0.5056866759625825,0.16155844155844157,0.25,0.6930018317466916,0.3785854290147477,0.6679524927593484
0.006010798970237374,1.4670295804913622,2.4112146794795986,15.872561391270631,18.411502772993757,128,128,37c1a637a9139f3ea14b,18.67139581340598,0.8728925937815004,0,0.1640625,0.4790582760973141,0.0891891891891892,0.21212121212121213,0.6930901738720767,0.44534914602118314,0.6930077382002672
0.020043126423843205,1.0769899696111676,2.1923330143094013,10.707311166003361,11.686117634841008,128,128,37d79710448be0c7fd7d,11.688795725582168,0.5308707435788247,0,0.140625,0.5074903006169135,0.1519327731092437,0.21212121212121213,0.6928618714535418,0.3091939508657495,0.6791046017882122
0.00015823396233827225,0.6236533425748347,2.4344309747219075,14.955730577842335,18.78956650230832,128,128,385841c9841bee4388ad,19.312342536926735,0.5889342506187081,0,0.1328125,0.505609151792931,0.1764705882352941,0.2253787878787879,0.6927071102768704,0.23179430341613555,0.6827394359121659
0.006635239813476801,1.248649862408637,3.548331451602276,17.307795914012832,28.01421058067522,128,128,38d078b8389182628dd3,29.471102833747864,1.0241912716970036,0,0.1640625,0.4740510224552032,0.06761024182076814,0.1546218487394958,0.6931400291279767,0.6325425149588243,0.693129324130682
0.05841436213813722,1.1013480573892591,2.416006037592886,5.267550232615329,13.987040144464045,128,128,392d05cabf757fc25442,15.18740775808692,0.5317957668841649,0,0.1796875,0.5398088976937909,0.21212121212121213,0.2903225806451613,0.6698762298410539,0.3073453842978074,0.6271438071458153
0.0151789822630235,1.1667402955470607,1.9330970048904417,8.216234895227052,13.61011501024522,128,128,39804cdfc1d2be39ffc1,14.144368004053831,0.5114613086632687,0,0.171875,0.4818017056035055,0.1519327731092437,0.21212121212121213,0.6926953907490976,0.28586130547745076,0.6328754180609847
0.0018853454967029393,0.5281231217086315,0.9876225218176842,1.6641370397061117,4.462949662931279,128,128,39a6a68d85ee5183149c,4.863096296787262,0.1946887768313395,0,0.109375,0.535122361095498,0.25,0.3333333333333333,0.38195312977819385,0.14012358217505724,0.34330988211340435
0.014894223131705076,2.8528361280914387,5.853560083627231,18.031813051379775,21.053826045588934,128,128,3a004a5683074a212158,21.343521654605865,1.152524539754625,0,0.2265625,0.47942393300330116,0.0868207681365576,0.1546218487394958,0.6930468116378605,0.6638175530071785,0.6900771557856986
0.00016187479195650667,0.7445218432694672,3.2614733129739735,8.846328648857616,11.61048814654488,128,128,3a3c91188483b433677c,11.826536118984222,0.46623231950884386,0,0.1171875,0.5353866791626364,0.14285714285714285,0.2641129032258065,0.6927237843080214,0.2930739117055935,0.6089011603799283
0.0002093633127060457,0.9358214847743509,2.047332119196652,10.31607270857103,13.160253622027456,128,128,3a9dd230544180ec1b1a,13.374468594789505,0.45432363483094285,0,0.1328125,0.4684230303635641,0.1764705882352941,0.21212121212121213,0.692863786946919,0.35987770985680734,0.6276936289184946
9.405079242696956e-05,1.1494100034236907,1.8467181801795933,14.862979756658905,18.390857749632342,128,128,3afcf894f04494b157b0,18.812260657316074,0.5800994210384238,0,0.125,0.507299826454797,0.14285714285714285,0.21212121212121213,0.6925949727691125,0.26531493355217717,0.6812690489454101
0.28356075286865234,0.28356075286865234,0.28356075286865234,0.28356075286865234,0.28356075286865234,1,1,3bb7d0b858a15c5dd2f7,0.28356075286865234,0.28356075286865234,0,0.0,0.5384615384615384,0.5384615384615384,0.5384615384615384,0.13048222965980633,0.13048222965980633,0.13048222965980633
0.013970058318591327,1.690687048435211,6.731358559909122,18.05836686246503,19.790090979389852,128,128,3bca31bdc353d1346b3b,19.98170457780361,1.0889707399794588,0,0.1328125,0.43725147171656426,0.07894736842105263,0.1111111111111111,0.6931436872040836,0.613941747469474,0.6909669031010582
0.30687811970710754,0.30687811970710754,0.30687811970710754,0.30687811970710754,0.30687811970710754,1,1,3bd69cda1e95203058cf,0.30687811970710754,0.30687811970710754,0,0.0,0.42857142857142855,0.42857142857142855,0.42857142857142855,0.06869457025269529,0.06869457025269529,0.06869457025269529
0.0005036475708948274,0.917924788594245,2.358488335832951,7.6677535765069464,14.628739043518468,128,128,3c5721ebe26a4c364c84,15.48387636244297,0.4796913174848523,0,0.1171875,0.47323639550108254,0.1764705882352941,0.21212121212121213,0.6923600321920739,0.39139305016299303,0.672183221028873
1.0013447138135234e-05,0.3353329140416458,1.1525790535226395,12.450395806502868,16.38453326715078,128,128,3ce230403c4c4cdc211b,16.476844519376755,0.3760212555097881,0,0.0703125,0.48753230777687967,0.1287581699346405,0.25,0.6931254435611083,0.3053244892771564,0.6300413640465183
4.273559915191072e-05,0.0978831173517391,0.9376930493861394,12.188649076998885,18.152428818544145,128,128,3d022ec76587cac1a1a2,18.620136559009552,0.3890353621318816,0,0.0546875,0.47663806762861627,0.15057142857142858,0.2641129032258065,0.693000349562995,0.24280629761504463,0.6205550295185238
7.480067097276333e-05,0.6322885984554882,1.3210429169237576,9.086954690328874,11.403070751966304,128,128,3d28b665983e69f60a25,11.579880103468895,0.38830685282730704,0,0.0859375,0.49925221380398266,0.1764705882352941,0.21212121212121213,0.692801938404908,0.2123616356977186,0.6794058050206561
0.000603580489041633,0.8667770285414003,1.8883860588073658,14.316201551921559,22.567862672129976,128,128,3d2937447b6570509261,23.68710958957672,0.6572588086590284,0,0.1328125,0.5145173473228829,0.17278991596638654,0.2253787878787879,0.6916251296944147,0.3139348146550074,0.6896362172252756
0.015920938225463033,1.9284088134765622,3.4348661363124804,11.638593448996549,12.093540411502122,128,128,3d3cd44da6c8d94f2172,12.11469891667366,0.6888564746665939,0,0.203125,0.43216312955241115,0.11968253968253967,0.18894830659536543,0.6497942547063211,0.3233161775484824,0.5409094644808462
0.0005349860905461412,1.610155959427356,3.7215752626769207,7.413495095752264,14.192059491883333,128,128,3d856ad1b992bd493d08,15.129068717360497,0.5744273052366895,0,0.140625,0.4734244700401272,0.21212121212121213,0.25,0.6912387353119942,0.38963892194676975,0.6881638969672873
1.1975322626531124,1.1975322626531124,1.1975322626531124,1.1975322626531124,1.1975322626531124,1,1,3e50d6c7f8dc0240ec3f,1.1975322626531124,1.1975322626531124,0,1.0,0.3793103448275862,0.3793103448275862,0.3793103448275862,0.3146336172798109,0.3146336172798109,0.3146336172798109
3.659632261587831e-05,0.3904307905584567,1.7973649844527229,11.748410078802863,19.27423452669545,128,128,3ea02b5b342a2a17ecfb,20.187484979742294,0.5165347412077506,0,0.0859375,0.4780884262625406,0.10891891891891892,0.25,0.6930967908783805,0.335854741659276,0.6915346883452206
3.7311732512534945e-05,0.4099245991557836,1.163205923140048,3.845433566197756,16.715078061129528,128,128,3ed2776fd1d5871bed66,18.552695287653478,0.30260994831014904,0,0.0703125,0.5855965655555535,0.22868121442125236,0.34942528735632183,0.6927105711767079,0.1872959659094296,0.5332112857807286
0.0037574556190520525,1.7080619215965265,2.7439297512173635,11.74142718860851,13.96650015167922,128,128,3ed7651bd6c34e973311,14.234444290399551,0.6529210830612306,0,0.1796875,0.4816195745474594,0.1764705882352941,0.21212121212121213,0.6929824962626363,0.40225151723857877,0.6893610216915732
0.0001638345823380405,0.9457232236862181,2.5137658566236487,9.947375925500111,14.688964120937952,128,128,3f1f0e57c9910278a066,15.179898530244827,0.4755435968208851,0,0.1328125,0.48925801899781807,0.14285714285714285,0.2253787878787879,0.693035658160618,0.31138074453646364,0.6836236816549683
0.0002501170692994492,0.6767366892774589,1.8936269197612994,8.609566744270856,13.493676538409195,128,128,3f96c7ad275efcdd6d66,14.164673447608948,0.4368273824928777,0,0.109375,0.5087672152038092,0.16155844155844157,0.25,0.6923378326778504,0.3314107268162675,0.6867452551049598
0.4115021526813507,0.4115021526813507,0.4115021526813507,0.4115021526813507,0.4115021526813507,1,1,3fa03f61fec2f0579fe8,0.4115021526813507,0.4115021526813507,0,0.0,0.5384615384615384,0.5384615384615384,0.5384615384615384,0.1092701598535713,0.1092701598535713,0.1092701598535713
4.9111758357867075e-05,0.47217805691761877,1.110642008860304,5.389891566969472,18.91347875161208,128,128,3fa1340d9c05139e3ec4,20.71331168722827,0.3466123770043591,0,0.0859375,0.592407535895167,0.18241558441558442,0.34942528735632183,0.691429886055442,0.24334424072499108,0.535476857530565
0.1274993233382702,0.9345975190401072,1.741880770772694,5.388968756620313,9.755707526997451,128,128,3ffb06ea11889a2b7ca7,10.32671046629548,0.4781252440646846,0,0.203125,0.500722740937573,0.1764705882352941,0.21212121212121213,0.6768306382783911,0.28784562785638784,0.6015968777359031
0.0001714576219455921,0.7411103428341446,2.480931359529487,10.581160457730306,12.643866597497448,128,128,409e45a9096708378963,12.812507867840395,0.5003678311027209,0,0.0859375,0.47866826401207474,0.11968253968253967,0.21212121212121213,0.6931082386992364,0.2831445107918032,0.6747194000799785
0.054785688407719135,2.1465428415685888,2.690008795261382,13.452248590875113,18.353312061294933,128,128,40ab7dcaa8757c120e6e,18.897418200969696,0.8900003298398937,0,0.234375,0.46892565506221867,0.1519327731092437,0.21212121212121213,0.6928906392919774,0.4455268618117145,0.6646445648989285
0.0007663850556127727,0.6978457033634184,1.5229762136936182,8.625424537160438,13.40650417456883,128,128,41232e9b43124c1ee565,14.061437826720066,0.4270472197846678,0,0.140625,0.519776617122891,0.21212121212121213,0.25,0.6923643611214108,0.24396214050865045,0.6837743973658685
0.0001153766365860065,0.5446128834038971,1.612090718315446,11.378255391921867,14.097900083285532,128,128,413681f00925fd02c8a5,14.310719220666215,0.41063405408768094,0,0.1015625,0.504980162061535,0.1764705882352941,0.21212121212121213,0.6905115832122888,0.2979251796998015,0.6611053754577325
0.012815968599170446,1.831964795291423,4.119178711250424,18.01669026161705,27.052122950401394,128,128,416c36cb7122f0dc9c52,28.284358978271484,1.0716642903435791,0,0.2109375,0.5003281572897877,0.10891891891891892,0.2253787878787879,0.693127358852301,0.5224412454079934,0.6926546189784062
0.08746283501386642,1.4430216848850261,1.705440929532051,2.6240527560189357,2.8411633495725686,22,22,41bce530715d20a74f04,2.865286748856306,0.3971545703884141,0,0.22727272727272727,0.5290943969487762,0.16535714285714284,0.25201612903225806,0.5555471192252391,0.23078966936114928,0.48831365464307835
8.558597755836672e-05,0.4330228954568155,1.508573435246943,11.775390458125628,16.01251691116907,128,128,41c8d8c4607d41bfbb8c,16.559513197746128,0.44158740075748526,0,0.0859375,0.5100489741520947,0.18609625668449198,0.2253787878787879,0.6898814158635388,0.26438437269557746,0.6752059096315528
0.002542478934628889,1.234768897294998,1.9826261341571794,9.125451285087937,13.168396529651638,128,128,427558f1540f9f15a1d6,13.51102128624916,0.489307274625921,0,0.1484375,0.49886756787036185,0.1519327731092437,0.25,0.6928462443104944,0.3546304629284074,0.6301151565720197
0.043935241643339396,3.6280341898265744,6.01058701733127,17.296180955765315,18.21740352474153,128,128,42abd1e418ebe6245bf3,18.253284849226475,1.2762061028312424,0,0.25,0.45366803080997103,0.08108108108108109,0.12083333333333335,0.6930865646369516,0.6505226066374377,0.6891650814356155
0.000202508905204013,0.06631244593299929,1.0515615254640565,4.681477838754644,6.266659724116327,53,53,431898ffea8a9e129884,6.442791044712067,0.23003424273045855,0,0.05660377358490566,0.481115781283224,0.11218045112781955,0.27419354838709675,0.6575858867276438,0.15982695390516774,0.5166970614744606
0.33174002170562744,1.250920799374581,1.6146001860499377,2.0121049046516424,2.1274969375133512,30,30,4320a45de99a257146ef,2.140318274497986,0.5028629354159914,0,0.36666666666666664,0.5360357143365638,0.33333333333333326,0.3333333333333333,0.28928718553854993,0.23632672986425896,0.2790675946076852
0.03314776418847032,1.190776006877422,1.8039872296678354,12.405032765015008,14.746911968210593,128,128,43299f940eecd167dbcf,14.855578299611807,0.6264752044077304,0,0.1953125,0.4797962167969605,0.14285714285714285,0.25,0.6929815206771995,0.40146933292622977,0.6283436737994583
0.0014646206400641404,0.6628759860992431,1.9715251550078325,12.733858118233055,14.372960869527454,128,128,43fbc7961727c4550e92,14.437360545416595,0.5033425118250264,0,0.1015625,0.5179217094125923,0.1519327731092437,0.18894830659536543,0.6928273253003363,0.23371969140985036,0.6864792697797338
0.0007559432451671455,1.5021583192050456,2.100457666814325,9.649533454179776,11.883398233443508,128,128,4418047bdabefce010fe,12.090136617422104,0.5119542872348457,0,0.1640625,0.45606960028467186,0.11968253968253967,0.21212121212121213,0.6601795847676604,0.3738906636392809,0.5554050674557527
0.010995577756148123,1.142762653529644,2.239228670299052,12.773719284565,13.972011560002072,128,128,442b294ecf26ef1e7aae,14.08611822500825,0.5848326039130707,0,0.171875,0.5122958386598807,0.16155844155844157,0.2903225806451613,0.6931198594766387,0.37558255124855267,0.681631593877942
0.005748880562066461,1.7116435408592219,2.353250570595264,12.263014653317686,14.828686388411024,128,128,4467361774f39f93171d,14.921969026327133,0.6706188003270837,0,0.1953125,0.4795964113865869,0.2203030303030303,0.2641129032258065,0.6929423231553657,0.3881917281726497,0.6759019180388561
0.00486883131088689,0.9323382660746573,2.0709299862384714,13.030862920701061,17.606945349913698,128,128,448f332ffbede614de8e,18.062402372546785,0.5619206563691244,0,0.1484375,0.4808908099669358,0.1111111111111111,0.2253787878787879,0.6927960437556333,0.30337205538254647,0.6667488022421434
0.0031701080579296104,0.8595679521560669,1.5154704332351674,11.024846801628902,13.75964794622179,128,128,45465666bb6ce5aec200,13.961102195084095,0.4713646990038979,0,0.1171875,0.496925188572293,0.1519327731092437,0.21212121212121213,0.6930040216733535,0.22959371794806716,0.6901832167294675
0.0032035704352892935,1.8712440788745879,2.5161983326077446,12.757884017843779,19.079554769097985,128,128,4587bbe5a30eda012e2d,19.74990058458934,0.7026701317604831,0,0.1796875,0.532142317651888,0.1287581699346405,0.2903225806451613,0.6929240679968696,0.3349046905161208,0.6744829645226266
0.0012727718858513981,0.7189569085836406,2.4363151468336577,10.295165893054516,13.984015719406573,128,128,45de800776a4df229615,14.437498569548552,0.5233494862695494,0,0.1171875,0.4959717179051001,0.09776061776061776,0.21212121212121213,0.6931318297411719,0.39057808562587026,0.6897040178069275
0.00026596916586640873,1.718985188007354,2.513712632656097,11.083080366574233,13.090589265923953,128,128,4699219926179d1094df,13.270560007542372,0.604569488289362,0,0.21875,0.4506005472471747,0.1519327731092437,0.2253787878787879,0.692495900094515,0.37073919743258493,0.6802634089240098
1.0946226119995117,1.0946226119995117,1.0946226119995117,1.0946226119995117,1.0946226119995117,1,1,46af2cc3aae728098eb3,1.0946226119995117,1.0946226119995117,0,1.0,0.6,0.6,0.6,0.10167064777039461,0.10167064777039461,0.10167064777039461
0.0016341608388756867,0.6400775797927052,1.4242726504802703,9.734483982925893,12.735027160245881,128,128,46c6f8325f85be337f2c,13.096281826496124,0.446093494748364,0,0.1171875,0.47574827582048346,0.1287581699346405,0.25,0.6917229344965494,0.23598138106153352,0.6494085154523164
0.006723818456521258,2.5013220027089087,6.730837523702929,14.947956940571077,23.50047065682899,128,128,46c80734720a98bd2fb5,24.549065500497818,1.0143496027418026,0,0.15625,0.47098764448692026,0.1764705882352941,0.21212121212121213,0.6930487145207758,0.6011219548270033,0.6893667842998181
0.000383574887564464,1.1811208166371212,2.433023837581276,10.424298698963913,16.6981972167376,128,128,46feedb08f672ec8c9ff,17.236188925802708,0.5111898697158357,0,0.1328125,0.5532342896144681,0.1287581699346405,0.2791666666666667,0.693118525986207,0.36246087541323385,0.6361744500095593
0.0005695878362530493,1.0543682299554347,1.787234053015708,11.465944490231209,14.753293605804044,128,128,47083e94e87bd4d576f5,14.917434133589268,0.49905367327014455,0,0.1484375,0.5270795264175434,0.1519327731092437,0.25,0.6931095097083777,0.29858491880188837,0.6564219357409099
0.0005560829386013211,0.9615586698055263,2.183023816347122,11.53227057827317,17.440330546785056,128,128,47625bbb9e9139797d84,18.249983430079737,0.6141403675066159,0,0.1640625,0.4708033873749092,0.14285714285714285,0.21212121212121213,0.693067329059815,0.33215440587683687,0.6927793678614904
0.012209256878122687,0.8566898043267428,2.248973932862281,10.343080485507386,15.494734475453992,128,128,47695335a3d5e2b78bd6,16.18649605626706,0.5973129536458959,0,0.1640625,0.5055018667860406,0.1519327731092437,0.25,0.6917944831558398,0.35372372625229276,0.6887907544503573
0.4828523099422455,0.4828523099422455,0.4828523099422455,0.4828523099422455,0.4828523099422455,1,1,47901bb7ba6f1696bf4f,0.4828523099422455,0.4828523099422455,0,0.0,0.42857142857142855,0.42857142857142855,0.42857142857142855,0.10071639537884029,0.10071639537884029,0.10071639537884029
0.0036048061156179756,1.2414842814207074,1.758422869443892,13.480417267940982,18.66806286891449,128,128,47acc538b0a0065aa99e,18.999696659535402,0.5868539342863792,0,0.1953125,0.5125097240653126,0.1519327731092437,0.21212121212121213,0.6924535431696233,0.26854669893833666,0.6573769381135466
2.9503839588329583e-05,0.2376422017812727,0.4756167910993092,1.659333913503217,3.616028297960768,128,128,47d24aff69d9d91c1442,3.8784390687942505,0.1058947882066339,0,0.0546875,0.6110831501040126,0.2332355816226784,0.4285714285714285,0.33189095820434467,0.1130688311154227,0.276731985099659
7.473796176782344e-05,0.5722538177215026,1.7294015914201712,7.523802494166226,10.467342141980124,128,128,492902ceb2d20d24813d,10.753443539142609,0.3456324151291577,0,0.0859375,0.5076869871281519,0.1764705882352941,0.21212121212121213,0.6920589188509898,0.17809270229260044,0.6099828736719372
0.04500746331177652,1.8406135380268087,2.6810099571943278,11.897943590655958,17.027350729749298,128,128,492a6fb0646eab1dffa1,17.437494635608346,0.71823497520558,0,0.203125,0.5181059532279625,0.1764705882352941,0.2253787878787879,0.6931151894474923,0.3658168046953226,0.670584760557386
0.06125846295617521,0.9733282845467328,2.0926260401494794,14.723323463648562,20.0777417827875,128,128,497bd9ed5a4df827090e,20.798733235347754,0.7528849217656841,0,0.1171875,0.3941349186522285,0.11749034749034748,0.17647058823529413,0.6930539842812102,0.4331807613893496,0.6787493749706754
0.20173341035842896,0.20173341035842896,0.20173341035842896,0.20173341035842896,0.20173341035842896,1,1,49b7ce0ff94c497b27d2,0.20173341035842896,0.20173341035842896,0,0.0,0.42857142857142855,0.42857142857142855,0.42857142857142855,0.21810949738479818,0.21810949738479818,0.21810949738479818
0.0011260191968176514,0.5769671994727105,2.0999763283063584,8.817762987005997,13.070137260790178,128,128,49ce59c0c7585e3e134a,13.624432753480505,0.44600102271897035,0,0.1015625,0.5050622947945111,0.18609625668449198,0.25,0.6925077293427923,0.29549005465903405,0.687013519506378
0.005473316181678456,0.732937947288155,1.7379489749670003,12.449813164640819,14.183359747777114,128,128,49eef8f57b70a74351bb,14.249882110743783,0.4939767602544323,0,0.1015625,0.5002842920233082,0.14285714285714285,0.21212121212121213,0.6930285588961553,0.21087065339491762,0.6910265971347631
0.06688288180157542,1.6130043148994444,2.3093100190162628,14.630375724923804,18.503889428390323,128,128,4a953ac82f83f7ccf6bc,18.999445253168233,0.799514529755615,0,0.2578125,0.4875024331506598,0.1519327731092437,0.21212121212121213,0.6927489714658941,0.40033197536364096,0.6803697503221778
0.09925427660346031,1.9315818250179286,2.726540879905223,11.901106798411654,14.18546062543568,128,128,4b1e71db3e319a78014b,14.375120043800962,0.7916957219208073,0,0.296875,0.5009688708558405,0.1764705882352941,0.25,0.6931276216580332,0.3973211509494023,0.6883525278013011
0.02405383262248506,1.3130988303571938,1.9501898050308217,12.44793079682335,12.756556933809831,128,128,4b2b16e7e0df8424af52,12.784394264221191,0.61996678158241,0,0.1640625,0.382379502314318,0.08763157894736842,0.17647058823529413,0.6910186576994225,0.33277719720191135,0.6711099585864513
0.10831427574157715,0.10831427574157715,0.10831427574157715,0.10831427574157715,0.10831427574157715,1,1,4b59c812a6b903f1871b,0.10831427574157715,0.10831427574157715,0,0.0,0.48148148148148145,0.48148148148148145,0.48148148148148145,0.043872854253576204,0.043872854253576204,0.043872854253576204
0.004891305353339703,1.3324490666389461,2.2000271569588197,7.812742403855536,13.557952727526988,128,128,4b6d1c78f81c7f849496,14.21180085837841,0.5063610262379232,0,0.171875,0.4939984599000128,0.1519327731092437,0.2253787878787879,0.6923775279156336,0.3122313162152162,0.6282271042340154
0.012059981934726238,0.9885624289512623,2.2429400086402875,13.515470332539277,21.10041608545188,128,128,4c3e953fcdadb0b8f446,22.065167665481567,0.6925687503178286,0,0.1484375,0.5163566132359684,0.17278991596638654,0.2253787878787879,0.6929602558322134,0.3857145251918138,0.6680895656174283
0.8008715286850929,0.8008715286850929,0.8008715286850929,0.8008715286850929,0.8008715286850929,1,1,4d2b06c461c01d92ca30,0.8008715286850929,0.8008715286850929,0,0.0,0.42857142857142855,0.42857142857142855,0.42857142857142855,0.24837565328122096,0.24837565328122096,0.24837565328122096
0.0025690203456179006,0.9489771548658608,2.7271783884352736,14.788646005180212,21.517405480079006,128,128,4d727fd15cd2148f09a0,22.37490261075436,0.6731211498171051,0,0.1484375,0.49562510597052584,0.1519327731092437,0.2641129032258065,0.692969637208551,0.41684261518162496,0.6833075583198964
0.028542156262119533,1.1505160573869937,7.323077941357218,18.22594993948937,22.526467506706737,128,128,4da9eaf9489a02d8f09e,23.088139474391937,0.9963866610974392,0,0.1328125,0.458935963491609,0.10810810810810811,0.1111111111111111,0.6925854336873511,0.5803123588653717,0.6907124564076292
0.0002175911720314616,0.8531362699344752,2.009622848936122,9.804620204489058,13.281867406450893,128,128,4daa8c56c5bb4f5ed3ec,13.586457908153534,0.45373674953531173,0,0.1328125,0.47190252837638685,0.0891891891891892,0.20220588235294124,0.692950897758444,0.3795688209053337,0.6527030371597415
0.0001771717106748838,0.8410139024257659,1.9791899442672718,10.165208994188514,12.53710089544063,128,128,4dcabae12895d0f3fe08,12.80591294169426,0.4314054009413603,0,0.1328125,0.4659601431957823,0.1519327731092437,0.2253787878787879,0.6929709704691727,0.2966238257693974,0.6793204396685083
0.010675525074475445,1.8975413084030146,6.767536662891505,14.753735295733607,20.778400548230888,128,128,4df08b73cda2d24f1afb,21.62773511558771,0.9394325873285017,0,0.140625,0.45925643536413413,0.09620300751879698,0.20806595365418895,0.6930297247851366,0.6116421648745654,0.6923769528935999
0.8611572161316872,0.8611572161316872,0.8611572161316872,0.8611572161316872,0.8611572161316872,1,1,4eb562f3394a5bce1fae,0.8611572161316872,0.8611572161316872,0,0.0,0.42857142857142855,0.42857142857142855,0.42857142857142855,0.25430589900780176,0.25430589900780176,0.25430589900780176
0.0031719521939521655,1.3300235047936437,2.3018551960587503,14.469471054765169,18.834742842462457,128,128,4f567cb768ded91cdbe5,19.401896653638687,0.6797621178033966,0,0.1328125,0.49253343048054155,0.0891891891891892,0.21212121212121213,0.6913881822650849,0.3180848987011102,0.6787775880280029
1.118986465036869,1.118986465036869,1.118986465036869,1.118986465036869,1.118986465036869,1,1,4f6e0c24f3fe4d2e17d6,1.118986465036869,1.118986465036869,0,0.0,0.3793103448275862,0.3793103448275862,0.3793103448275862,0.28025128317431813,0.28025128317431813,0.28025128317431813
0.020850622095167637,1.822362747788428,4.138346234761411,11.072778207248849,13.585089357592413,128,128,4f883f4acd500790ea0a,13.943321913480759,0.8603705745442354,0,0.2265625,0.4919653116454576,0.11968253968253967,0.18894830659536543,0.6929919884305568,0.5040246991875598,0.6877712700646998
0.0007709003584750462,0.9140652023255822,2.2193489015102337,12.644333644919131,15.416400610428443,128,128,4fbf6e246f43ad3aca49,15.499984026151651,0.5102261620994643,0,0.0859375,0.5001324476379035,0.1383838383838384,0.25,0.6930659106352732,0.26579798786245956,0.6404131790603852
0.00013886873222190843,0.655455508828163,1.7365404903888693,10.30374015272613,13.969105990932432,128,128,4fdfb47cce3107b34468,14.164643466472626,0.4111501079811313,0,0.109375,0.5153137325112618,0.1764705882352941,0.2253787878787879,0.6930718971136651,0.27757259383580163,0.6283260682718828
0.0008579155965549035,1.039594709873199,2.45043913424015,12.563356582318852,17.159300890460447,128,128,502ae5b6f51e66493ae4,17.42798137664795,0.5725313141392612,0,0.1484375,0.5109007060484354,0.13996031746031745,0.2641129032258065,0.6929453665640759,0.31416822897204066,0.6033205750412489
0.0059495959503692575,0.9003837220370758,2.6876104831695544,15.78761009036505,20.774771058165765,128,128,5101ae6675671e905d4e,21.34209480881691,0.7268090187311007,0,0.1171875,0.47281385574562274,0.11968253968253967,0.25,0.6930342217636327,0.44878991850833266,0.6884839064915875
0.0001886212448880542,0.4586068272590636,2.1702086806297225,12.607601100402974,20.584177055180113,128,128,510c29b503df73b3d4cf,21.715233251452446,0.5995204657357334,0,0.09375,0.48065321549647005,0.1519327731092437,0.21212121212121213,0.692806434321082,0.3475766102141482,0.6786078988361187
0.8661765828728676,0.8661765828728676,0.8661765828728676,0.8661765828728676,0.8661765828728676,1,1,513a8ec8cfe8f4525e03,0.8661765828728676,0.8661765828728676,0,0.0,0.2903225806451613,0.2903225806451613,0.2903225806451613,0.23004193304750697,0.23004193304750697,0.23004193304750697
0.0018977388813823381,1.6917319843079892,2.854903018580262,11.03776245594027,12.624293164689128,128,128,51628070b8cb2e24f220,12.625034451506053,0.653971121331532,0,0.2109375,0.4597805257513017,0.11968253968253967,0.25,0.6931237499078209,0.37281143265367667,0.6904048682252634
0.01831757149193436,1.381614011526107,3.4553965240716837,9.481002333387746,10.703064200384544,128,128,516cc209185edf99ef60,10.745533166453242,0.6251176088434764,0,0.203125,0.4553424196124934,0.11968253968253967,0.1546218487394958,0.6707052650593096,0.3698086501844926,0.6497218460898717
0.004098642826249943,1.503240171074867,3.3746213406324324,10.796746835923697,12.179830856043997,128,128,51b8d0ce4c783f964b18,12.369518353138119,0.6060765708841287,0,0.15625,0.4373568135152231,0.14285714285714285,0.17647058823529413,0.6927961819295936,0.3926465365629092,0.686131416271162
5.5012669236020884e-05,0.13135852895793482,1.2582236410584229,11.522515778075919,18.549119582280785,128,128,51cf56b9adb0dad91748,19.43526447401382,0.4112177244085083,0,0.0625,0.4405565962338646,0.17278991596638654,0.21212121212121213,0.6917972023542995,0.24347921497187286,0.6804884052992395
0.023125392151996493,1.639577868580818,3.788840232903019,11.545777095442688,13.753868766926239,128,128,51d0a0cd0af0dba86a83,14.012119017541409,0.7484699406755149,0,0.1796875,0.4727506290589291,0.08763157894736842,0.17647058823529413,0.6928726920520307,0.4788913162074967,0.6828968149599739
0.0007712439100941992,1.376593558490276,2.6201347589492756,10.058258007764824,11.182549418836835,128,128,51df8c62f9b3dac57eb8,11.275707632303238,0.5519979565195794,0,0.1484375,0.44571605269117637,0.11968253968253967,0.18676470588235294,0.676046907180417,0.3237764564255492,0.5539239192407462
0.0006207995652403042,0.9626119162887329,2.440914162993429,9.657055881619456,12.870516015757822,128,128,51e191813b81979fb265,13.303237897343934,0.5350662419588441,0,0.1328125,0.43783121921341933,0.1519327731092437,0.17647058823529413,0.6657499618242944,0.32160682269297386,0.6283449593823954
0.11624670401215553,1.3334306240081788,1.6214844539761541,3.411323031187061,7.9630788859129185,128,128,52b9dfe7a065d3028429,8.593104004859924,0.47183828451229815,0,0.234375,0.5708617366958307,0.2332355816226784,0.34942528735632183,0.40327652550357374,0.22282754667147947,0.3209127755721472
0.00033304793032939983,1.4455990642309193,2.540460780262946,4.189809544235468,4.224590501025319,58,58,52d8e75137bace8aa520,4.228455051779747,0.39310924092884686,0,0.1724137931034483,0.49784538206952417,0.19027777777777777,0.25,0.5904234391450599,0.23212182500906964,0.4050087288400069
0.006290779233495414,0.975304364491603,2.0302455913275477,11.127573564334334,15.877142322611254,128,128,52e7cb4aa252bd6db303,16.312318940355908,0.5637712596767828,0,0.171875,0.5112488712613082,0.1287581699346405,0.2253787878787879,0.6927941733708702,0.39370942333009973,0.6772215800854198
0.0001016174492178834,0.4465522711630905,1.3811430957517579,13.01675874903258,18.70220335876385,128,128,52ec63a74226c3ca59f1,19.333364248275757,0.47585287734923165,0,0.078125,0.4903908126382572,0.1764705882352941,0.21212121212121213,0.6926287879779092,0.2839748179796503,0.6900478171445309
0.00011383810330301003,0.6674931168556213,1.3591196698427663,10.7316941441539,13.541637105003208,128,128,5356746cc1c277b556e8,13.729514613747597,0.4247176979766274,0,0.109375,0.4554173005649129,0.11968253968253967,0.21212121212121213,0.693113500922377,0.20880707729444775,0.6898173649953406
0.0025749785199877806,1.8077693417668341,4.51566377880517,14.530823063887224,15.631993607163434,128,128,540b97cb61c44ac8684f,15.746817827224731,0.8546285707755353,0,0.1796875,0.4565964969855541,0.1111111111111111,0.18894830659536543,0.6928867835810502,0.5236298000119628,0.688061229507338
3.683472618831729e-05,0.7010803181678056,1.5438557330540776,6.664750821553184,11.125410051334669,128,128,542fa4892010bb7f7267,11.641077399253845,0.3660111444827587,0,0.1328125,0.4806289728581322,0.1764705882352941,0.2641129032258065,0.6777499366739649,0.31231137233325756,0.6101991546317893
0.00038300771348076523,1.0915914848446828,2.269651093333959,10.853916436864107,16.31416820048121,128,128,54635dc40b76cf158c0b,16.78720374405384,0.518994878662977,0,0.1328125,0.5504046568881813,0.11861111111111111,0.25,0.6931140785408371,0.35587445377601123,0.6469111689147489
0.0010109848958563816,0.9657985270023338,2.1279330074787093,13.880886104112152,14.788619477544062,128,128,5482906644491dc4a03c,14.81250023861503,0.564125249802129,0,0.125,0.4874843946511908,0.1764705882352941,0.21212121212121213,0.6930935991444769,0.32674429276263284,0.6818653362686896
8.838907513109007e-05,0.820626694522798,1.9016448553651566,12.797153122538296,13.539087161754727,128,128,554e94bcafe28423c71f,13.624305014964193,0.49525845034786503,0,0.125,0.4826082802223568,0.21212121212121213,0.25,0.6930601744719069,0.3553236839098734,0.6889361253750077
0.052097851410678686,1.2911435604095451,1.9768180783838034,11.368382914904675,12.986148574566425,128,128,560d79fc74bfcd50cbde,12.993195742368698,0.5968758431708923,0,0.203125,0.5062575345753884,0.1764705882352941,0.25,0.6931162379110987,0.3182232590440161,0.6859276361368266
0.006431676913052797,1.1221285664243623,5.65301963071612,17.62283772297205,19.858557068988688,128,128,5630de04f79e4bb72cb7,20.04633615911007,0.9373895028634238,0,0.171875,0.4700849719059101,0.1490359477124183,0.20806595365418895,0.6927072044368068,0.6149746556552387,0.6903873873446257
0.012320360052399337,1.3377218258683565,3.4810918152332295,19.007504658379197,22.226259484469903,128,128,563a0ff5a420c1b38830,22.54927521944046,0.9186223808013025,0,0.1484375,0.4292227257908868,0.11641891891891892,0.18676470588235294,0.6930229554214292,0.3882952813177496,0.6919253558071592
0.00010424115453133709,0.7110671065747737,1.7633139997720715,11.185383660886464,14.418819018846385,128,128,5682cf48fc9c5b3dff7d,14.623343033716083,0.4253079644977163,0,0.109375,0.5113774431499137,0.21212121212121213,0.25,0.69144681099805,0.30304621514572644,0.6737328754591912
2.074203098345606e-05,0.4397881863405927,1.890475910156964,12.053137385875637,14.775307939868433,128,128,56af530b208428cea64e,15.144922386854887,0.5509658846600101,0,0.09375,0.5082846535282808,0.1519327731092437,0.2641129032258065,0.6930419002132229,0.3337369944674279,0.6840718927115387
0.022668849681167558,2.8809641187544894,4.942814949154854,10.109474855917227,13.16844025420518,128,128,56bd9bbcc019b8c865d5,13.492946416139603,0.8867929077900729,0,0.2421875,0.4633419462996806,0.14285714285714285,0.17647058823529413,0.6929618917897211,0.5856978778173134,0.6747258761973236
0.2938322126865387,0.2938322126865387,0.2938322126865387,0.2938322126865387,0.2938322126865387,1,1,56ed68744eb0dbdd1e06,0.2938322126865387,0.2938322126865387,0,0.0,0.3333333333333333,0.3333333333333333,0.3333333333333333,0.06566200467124672,0.06566200467124672,0.06566200467124672
0.11699403822422028,0.9618205487728121,1.46815592944622,2.4615976176969694,2.6929684994723635,22,22,5754022ce0fec55bb119,2.7186763752251863,0.3502841059634534,0,0.2727272727272727,0.5394602981559503,0.16535714285714284,0.25,0.5417262544341575,0.17898348854121301,0.4661370374407728
0.0008212720381379768,0.7729810312390326,2.583127877477087,10.377742722742266,12.0069636185669,128,128,57b2378e30de63b5d88b,12.187219209416071,0.5496076829963563,0,0.1328125,0.48060127235250816,0.21212121212121213,0.2253787878787879,0.6927416267187556,0.3769912003705827,0.6916863528488111
8.463459914764826e-05,0.2843501180410385,1.1085277860984202,8.347569608224543,13.214879593566417,128,128,57ccc49f4ac439022aab,13.627953171730042,0.3068146348697596,0,0.0625,0.4924382057402211,0.1519327731092437,0.25,0.6929234785999328,0.2500766457035624,0.6230198023338365
0.012746990963933058,1.9379275769693773,2.5966486201621573,14.437749419821923,15.30537745846776,128,128,57e099e99204a5abab94,15.404368281410825,0.7930182095741463,0,0.1953125,0.490995234238928,0.11968253968253967,0.25,0.693114362867375,0.40220095425314395,0.6930504245619766
0.85211081802845,0.85211081802845,0.85211081802845,0.85211081802845,0.85211081802845,1,1,58272d3b2d47d45dd5f9,0.85211081802845,0.85211081802845,0,0.0,0.25,0.25,0.25,0.2734545365164277,0.2734545365164277,0.2734545365164277
0.03762459568679333,1.1790144756436343,2.157409600913524,11.5002439295594,18.57068883941788,128,128,5855f2b9e9201c0cf188,19.24984110725927,0.6194368979715899,0,0.1796875,0.5199618071684747,0.16155844155844157,0.2903225806451613,0.6927069489292658,0.34646226114949485,0.665326181509258
0.2673083245754242,0.2673083245754242,0.2673083245754242,0.2673083245754242,0.2673083245754242,1,1,587de734a21ef4de9dc0,0.2673083245754242,0.2673083245754242,0,0.0,0.42857142857142855,0.42857142857142855,0.42857142857142855,0.06462183897746,0.06462183897746,0.06462183897746
0.023220116854645312,1.1018088117241858,3.8786573231220185,15.335131302836087,20.226512810445822,128,128,58928d3aae0e2b11edfb,20.777723252773285,0.7910991154662879,0,0.140625,0.43117717234647907,0.0891891891891892,0.17647058823529413,0.6931471745234712,0.4391545282171708,0.6926399452209379
3.0124629139900208,3.0124629139900208,3.0124629139900208,3.0124629139900208,3.0124629139900208,1,1,58eaa09d571f319c9cf1,3.0124629139900208,3.0124629139900208,0,1.0,0.3333333333333333,0.3333333333333333,0.3333333333333333,0.38000281747616144,0.38000281747616144,0.38000281747616144
0.038043128326876285,1.2417972207069383,3.619729304313656,12.657016556207184,15.959594633312665,128,128,58fb660bbb05cded69ef,16.24999511244232,0.7238793341512787,0,0.2265625,0.49574036685613243,0.14285714285714285,0.21212121212121213,0.6931181094329661,0.3324420121243069,0.6805865999972419
0.0023783865362929646,0.659377260878682,1.6715758740901936,12.418149083191553,15.861744278663474,128,128,598f9e1c70ee71da6c29,16.124843376499484,0.4996182431522548,0,0.1171875,0.5128667494218742,0.14285714285714285,0.25,0.69300334713845,0.2278652609663266,0.6817498013502421
0.040274390019476414,2.731177752162329,12.98299206043448,18.585842771530153,21.086739510800705,128,128,59ee54a231ccae81cc90,21.447716530412436,1.5127170365495886,0,0.25,0.4006603238639453,0.07894736842105263,0.12027027027027029,0.6929399288246947,0.6483024768294825,0.69286267312725
0.001147634021435806,0.6501065611839292,1.6192075014114344,11.843074935979681,13.54065660026414,128,128,5a38faba6f656979660d,13.728794515132904,0.4988735658123247,0,0.09375,0.47615409698149863,0.1764705882352941,0.2253787878787879,0.6927309365023487,0.2732079799832532,0.6866442904125474
0.0004608941308106296,0.8678131669759749,1.7004834711551644,18.433271666057433,20.722832901049916,128,128,5a61bdc131eed78a4fda,20.812480449907525,0.7171619035369903,0,0.140625,0.5079782768105571,0.1252046332046332,0.21212121212121213,0.6930347834928625,0.30838947882553025,0.6914121260416463
0.08500065421685576,1.5627944663166993,3.101513943757163,12.033145267143869,19.402162071811077,128,128,5a63c1c5328dcea23eee,20.249970078974002,0.7809502454321142,0,0.203125,0.49830919053437067,0.1287581699346405,0.21212121212121213,0.6930347311122573,0.42025308770234676,0.6819646836946431
0.5906168222427368,0.5906168222427368,0.5906168222427368,0.5906168222427368,0.5906168222427368,1,1,5aaf01f8be28f9b3a053,0.5906168222427368,0.5906168222427368,0,0.0,0.42857142857142855,0.42857142857142855,0.42857142857142855,0.17947800247573098,0.17947800247573098,0.17947800247573098
0.1422153813764453,1.6480179786682128,2.2694993630051608,4.3871154054999435,6.288689025551088,128,128,5ab8d349fa9b77ccf269,6.482303619384766,0.5336178985200988,0,0.2890625,0.5071251707997695,0.11749034749034748,0.2253787878787879,0.6008230358977777,0.32614253398292625,0.5680480124699049
0.014619116962421685,1.1402836531400675,2.1015531301498394,12.16345158111889,14.997232292195026,128,128,5ad76e9aa5a9b985c639,15.124971867389831,0.5716635782027372,0,0.1484375,0.5010566369848423,0.16155844155844157,0.25,0.6929864749184973,0.3458743672362934,0.6812003435030365
0.017425403741071932,2.007928444072604,3.1878955392166954,10.340762531156653,12.078722055858155,128,128,5b841a26c13cf33684e6,12.313125394197414,0.662367175220621,0,0.1796875,0.49246043380548116,0.14285714285714285,0.2253787878787879,0.6930964945493974,0.5044515325363808,0.6904490799409653
0.008918387116864324,1.045752830058336,2.2863743714988187,14.19714114386589,17.4069957673586,128,128,5ba0090cd3790face0e3,17.81233359898033,0.6377100690785373,0,0.15625,0.49704618623204055,0.1764705882352941,0.25,0.6928327451933285,0.35099071771731394,0.6794747193032664
0.0003241276591552378,0.6740802331827578,1.6684049312025304,9.919741427448539,12.889229206957745,128,128,5bcb6e9f461feb294c87,13.29131742566824,0.4114859433268325,0,0.109375,0.46297974965996713,0.1764705882352941,0.2253787878787879,0.6928875025372858,0.33725793917532654,0.6774798249937525
0.0006198767387104454,0.8414678040891883,2.684397198259828,13.127672241330176,15.332672126199077,128,128,5c457f7db7f9008111ae,15.374882229443756,0.5798719926629947,0,0.140625,0.4850162080391694,0.18609625668449198,0.25,0.6925937192176206,0.3982483270107663,0.6357574666964311
0.17327593732625246,3.2079174697399138,6.602543212473382,14.65666797608139,20.689101600647,128,128,5c8f80508705c39cc62b,21.377913117408752,1.2360613455945497,0,0.28125,0.4098315714664237,0.0966891891891892,0.21212121212121213,0.6931471765899149,0.6439123384642741,0.6900763835893622
0.0014096092581894482,0.8266360461711884,2.765482397377483,12.331232848539965,15.502566879180272,128,128,5cae34c81a38ff26241c,15.812273290939629,0.6034496434692276,0,0.15625,0.48899514507973213,0.18609625668449198,0.25,0.6928173818416621,0.3373966554819524,0.6877215539933041
0.0032527247385587543,1.2362300425767891,2.2979201637208435,12.638019285074368,15.019544614443054,128,128,5d8769f0c66f8408ba95,15.022372491657734,0.5864625428283887,0,0.140625,0.5091552925720954,0.11646191646191648,0.25,0.6931160738961931,0.3455657016706719,0.6864268216078283
8.225026306263317e-05,0.8154974706470961,1.8427752777934057,5.255955199974275,11.852327000895418,128,128,5d954451505bcd01a0b6,12.757653079926968,0.36966825274969806,0,0.1328125,0.4628233960391285,0.1764705882352941,0.2641129032258065,0.6851353192272891,0.3274562467634994,0.66344492861536
0.18959688395261765,1.2613942205905913,2.3085283912718286,3.873460921049122,5.527963406205185,128,128,5debc63f4b395bf64290,5.72834575176239,0.5093678609670542,0,0.2890625,0.5461450556709131,0.18609625668449198,0.2641129032258065,0.5607611415357387,0.27127009873426555,0.4391425672360808
0.00022019187417754438,0.9052456481382248,2.1400500732896024,9.122142354458356,12.596071819585411,128,128,5dec9ebe264afa9af17b,12.919114828109741,0.43338222327154613,0,0.1328125,0.4729169731149807,0.0891891891891892,0.21212121212121213,0.6928985167933708,0.3863716065677809,0.6277530938477442
0.00030183466651578783,0.4821042535826561,1.3984403192996957,7.736667228416504,12.732597212261684,128,128,5e3511e0d5716b898640,13.239179477095604,0.34588019531733943,0,0.09375,0.5277749814712615,0.21212121212121213,0.25,0.6925287325521368,0.18704122904629314,0.645823337823268
1.555635663308408e-05,0.2645320627838372,0.629906006529925,1.2826871794462207,1.6259142436683196,128,128,5e954e4bb95b88eff3f1,1.673242837190628,0.084458079653846,0,0.0546875,0.608689990694301,0.3333333333333333,0.39655172413793105,0.31265287306232403,0.11575679592536495,0.2051257706433853
0.04560207878239453,1.0133493095636361,1.911464542150497,11.303288577944077,13.863048638754822,128,128,5eb003a8757aef2833c0,13.875114321786896,0.5545235398391493,0,0.1484375,0.5015063676838639,0.1764705882352941,0.2253787878787879,0.693114647173688,0.2739848804658611,0.6304802778654358
4.303353364321083e-05,0.545269532315433,1.7263287421315905,9.61266791258589,13.601026693606345,128,128,5eb57f1793ed107d8067,14.033961296081543,0.41350968320948683,0,0.078125,0.4734729522989756,0.1764705882352941,0.25,0.6929943987188133,0.29770327107206446,0.6865930721291323
0.026965836063027382,1.5432459354400632,4.537347340583788,9.763772408675951,13.443530888004528,128,128,5ec5cdf42d0f0fa5491e,13.88073005527258,0.7152209066138124,0,0.1484375,0.4684505778526253,0.11861111111111111,0.18894830659536543,0.6929011611841384,0.4817287071820807,0.6903181650406702
0.027105287415906787,1.4565422810614104,2.892234186828131,10.341832081500915,16.087197639584566,128,128,5f2bea854f44d77c4f9e,16.82926458120346,0.6687484344120094,0,0.1484375,0.49197519374818577,0.10891891891891892,0.16709956709956714,0.6918110893128719,0.3826056964996711,0.677336741624428
0.00048332266578654526,0.977767746150493,2.090938267111776,17.0319457076119,22.512151680262885,128,128,5f3a9717bbf8e662bb48,23.150398671627045,0.7325990201805097,0,0.125,0.5064571591939745,0.11861111111111111,0.25,0.6923744413631019,0.26165212311201874,0.6626054367253129
0.00017355473028146662,1.3624032914638518,2.689669752120969,11.271511793732682,15.135265133889494,128,128,5f9d5916f515299ca301,15.312495231664798,0.5245507055790912,0,0.125,0.4925563400057507,0.11968253968253967,0.2253787878787879,0.6931294806098673,0.3702430689954891,0.6718861902063444
0.07141784392297268,1.3448309659957882,2.4681832730770106,10.255409632578086,12.719401896476757,128,128,60a014ca03d8b7493ef2,13.06763869524002,0.7219752904697319,0,0.21875,0.476077911790477,0.11968253968253967,0.22272727272727275,0.6930154746469189,0.40699055524635197,0.6908942729526308
0.00030161159730823783,0.7967580676078794,1.8849562030416558,13.333307715058357,19.739274084540412,128,128,60aa9098ad41bc9db716,20.374871024119784,0.5871173090769446,0,0.1484375,0.5049187880137009,0.21212121212121213,0.2903225806451613,0.6925957213441087,0.2526647679326641,0.6016017003168612
0.005718570901080966,1.7184441946126745,3.012502503395075,18.263346286587094,20.320583051821504,128,128,60cced440e6cd0bc891b,20.43754869699478,0.9423826631951226,0,0.171875,0.4798092999976491,0.051646423751686904,0.17319327731092438,0.6931471462517734,0.46318302136896994,0.6929954156459891
0.008306487463414669,0.6728775560855864,2.87933359891176,13.283684343807408,19.10113247758898,128,128,60d3d340b55e7272cd9f,19.864544607698917,0.6737897536441093,0,0.125,0.49796117846456706,0.11968253968253967,0.18894830659536543,0.6930328847327434,0.38325214730465856,0.6889888552607156
0.0001056104957513071,0.8983530245721338,2.6310340819880276,13.41236621551661,18.804891986027386,128,128,6181c41578296a7e7db6,19.449523985385895,0.6073272875982239,0,0.109375,0.4888823848113864,0.0891891891891892,0.21212121212121213,0.6927403916498396,0.5258745741601287,0.6789697332521107
0.12509691990635474,3.1719625548052135,9.784030525309195,15.54213492918067,23.01532639521225,128,128,6183ca01105cebd57313,24.069958223728463,1.2910067404777146,0,0.1875,0.4023503868371605,0.0891891891891892,0.1546218487394958,0.6930880141679643,0.6767703729385944,0.6930076505580061
4.732728958129883,4.732728958129883,4.732728958129883,4.732728958129883,4.732728958129883,1,1,61a19b0b3e901c53b8a4,4.732728958129883,4.732728958129883,0,1.0,0.25,0.25,0.25,0.4277851866859015,0.4277851866859015,0.4277851866859015
0.010486474959179759,0.9583162218332288,3.763651150465,9.326757279634487,14.05239351952823,128,128,6228f941b7a311041111,14.625116594135761,0.6093813805616086,0,0.1328125,0.44043381489998923,0.11968253968253967,0.14285714285714285,0.6338337301425248,0.3126912702846646,0.5660311908213707
0.032946390099823475,1.1180774261578335,2.153047400712966,13.57077188065539,17.443252887663316,128,128,627050988f88f3b9603f,17.87499129777825,0.6371796160480218,0,0.171875,0.5232174773348617,0.11646191646191648,0.2903225806451613,0.6931344617285908,0.2958429649400582,0.6880068017397725
0.007617089824634604,0.8276801541447637,2.4597956478595715,14.31374850253109,20.803361685007847,128,128,627fd0069440943db883,21.737125724554062,0.725135784944438,0,0.1328125,0.48537779737060127,0.14285714285714285,0.21212121212121213,0.6930618109673963,0.42541504004274616,0.6908876702070682
0.003996829182142392,1.5366322875022889,1.890310296416282,8.85260072030275,13.149187853590455,128,128,62d0515e2412f963f3ac,13.533787727355957,0.5170563060278345,0,0.1796875,0.4900025331285826,0.1764705882352941,0.25,0.6929171457467226,0.31114246065787005,0.6476921450371642
0.009756231651408598,1.4702302813529968,2.986426313816626,14.836987147177576,17.92203947166838,128,128,62ee9b1c74d7c237449f,18.312107188336086,0.7948858066651336,0,0.2109375,0.4969449481461465,0.1273968253968254,0.2253787878787879,0.6928296442231947,0.4070573414521682,0.6807176968113101
0.006718895165249705,0.6005622267723081,2.1075473941862537,11.435710416007446,13.835449476440711,128,128,62f72e9a9e8fcecd4aef,13.966091513633728,0.48454499355294745,0,0.1484375,0.5106450142955264,0.16155844155844157,0.2253787878787879,0.6926370844130145,0.40384191307932793,0.6808299482034048
3.325880476268139e-05,0.28625191114842885,1.0868218161165704,2.485239794424271,3.4999402658862575,128,128,63098fa87c8126749829,3.631562829017639,0.15168117424463923,0,0.0625,0.6272470427934975,0.2188235294117647,0.3793103448275862,0.5520385092363959,0.1700651020878819,0.40577710794122934
0.019456164678558707,0.3173797998577356,1.8767983015859468,8.378036188269768,26.11904413074963,128,128,63413d27ba6a4cdcf4d7,28.63610388338566,0.512813189566238,0,0.0703125,0.45795305154694,0.1764705882352941,0.25,0.6899379927826161,0.21102422692346606,0.6607150595683072
7.783982169939918e-05,0.7253564417362209,1.8091338655649438,5.23518407121063,11.540803196903349,128,128,635a84b1fcccb143191a,12.405983664095402,0.3679039709731209,0,0.125,0.4726183171012897,0.1764705882352941,0.2641129032258065,0.6849775935054834,0.3513421094743028,0.6431893655974832
2.9742208482730348e-05,0.6951348210277493,2.0019259110093106,13.01905725672842,14.449998204208914,128,128,6368c64a3079e01cdb32,14.568411387503147,0.5997457594308779,0,0.1015625,0.5094306088089098,0.1764705882352941,0.2903225806451613,0.6928404009973479,0.4178791698978739,0.6870342668286389
0.004963532381225377,0.9678697168831831,1.778232870995994,12.726174411010035,15.978534420229993,128,128,636a7cb335f9be3afd5b,16.062329548673006,0.5464120370380674,0,0.1484375,0.486846817439743,0.21212121212121213,0.2253787878787879,0.6923732366034575,0.2742949938951829,0.654837469361889
0.0015488133467442822,1.0583066973835218,2.506138081848619,9.100027673157223,16.647971351732103,128,128,637cffe36c698d27bcb2,17.615005136467516,0.5200278247581289,0,0.1328125,0.5459237722048794,0.21212121212121213,0.21212121212121213,0.6928781465140483,0.3271974319029799,0.6563135056203979
0.011814556550234556,1.3156038732444357,2.4191612370137587,9.85283304182694,14.584795030328905,128,128,63875146dac4945ad07e,15.106281727552414,0.543348236868068,0,0.171875,0.47179406196587076,0.1519327731092437,0.25,0.6930455006330571,0.35364306159469094,0.6907745141722015
0.040417855605483055,1.7020873531699174,3.9935586035251616,17.838710461258913,19.78178852647543,128,128,639b0ad8afacf90dcd61,19.81186008453369,0.9130951510204788,0,0.1640625,0.4914175900150221,0.20756684491978608,0.2641129032258065,0.6872526809177146,0.4934615391346767,0.677336682797418
0.01648913088865811,2.4123410124331706,4.507184436917303,16.0029970958829,18.474244524002085,128,128,63fbe48b5f3bbde9ee0c,18.75741970539093,1.0068593236135182,0,0.2265625,0.45277689211823685,0.07952347083926031,0.21212121212121213,0.693001619357555,0.4871405529064411,0.6918469174402105
0.000733056170247437,1.0272855728864667,1.7277767363062577,6.970106827623975,12.786239677505101,128,128,64538eda0671b21a41c4,13.555113933980465,0.4202767376452015,0,0.1171875,0.47190792748996246,0.13996031746031745,0.21212121212121213,0.691740244522242,0.3375205758105851,0.6648875664920568
0.00020571907589328475,0.4159226953517645,0.9948337987065307,11.177894762456436,13.69112352070213,128,128,645413a8b0a8dc9960f3,13.875439286231995,0.36098844760660226,0,0.0703125,0.4443147991269978,0.11968253968253967,0.17647058823529413,0.6427403770313729,0.1832388611764013,0.5326667206089477
0.00020638050773413852,0.6268797831493429,1.950481873647725,12.165058723451622,15.357053379060915,128,128,64564143259d7ae5b3d4,15.436239153146744,0.45016666013643397,0,0.09375,0.4720173325133542,0.11968253968253967,0.25,0.6931157683851975,0.3719655357633332,0.6632602825706699
0.03004770646293764,1.6406797707080834,4.312599423527717,17.25754019005228,20.277951512441042,128,128,64bccc426add290c5c66,20.348143219947815,0.9094980769744438,0,0.1953125,0.4052269859559212,0.08108108108108109,0.14285714285714285,0.6894086121195628,0.6249835274662184,0.6868073089384737
0.0006605479120622704,0.9249968811869616,2.3735264570917884,6.722226819521135,13.54672937283235,128,128,64c832a40bb0a8a5122b,14.48065622150898,0.46364930406121846,0,0.1171875,0.46324240677710066,0.18609625668449198,0.2253787878787879,0.691968898567781,0.39012055863308837,0.6871285147645428
0.01876029465756801,1.6420702800154685,2.625440430641174,13.302964436201862,16.48800000787174,128,128,64e75fe5741940a2be2b,16.531715393066406,0.6489205978840296,0,0.1953125,0.5223383169828297,0.1764705882352941,0.2253787878787879,0.6931363318473986,0.3905247071059135,0.681439723804191
0.015970333945006132,3.624341303110123,7.085395097360005,15.28674927548812,22.28035907527156,128,128,653aa3eca8f9e8dc497d,23.194894015789032,1.145273754861467,0,0.1796875,0.48427329546330816,0.1764705882352941,0.21212121212121213,0.6930201246775518,0.5177457983868572,0.6755787718115016
0.004565412091324106,1.0805712610483167,1.5202769957482793,12.729285313910845,18.05199606505952,128,128,658f625aa7a25e969968,18.437454344064463,0.5599748802953386,0,0.1640625,0.505223064370312,0.1287581699346405,0.2641129032258065,0.6929685211803788,0.2839578109994169,0.6639170897894046
0.0011014862255933622,0.7536409718915819,2.1090467490255813,9.75308198754572,14.158472478116563,128,128,65aeeaaf6b8b15514277,14.617668375372887,0.45464706710672337,0,0.1328125,0.5107181079102094,0.1519327731092437,0.25,0.6929801362901511,0.318583069140309,0.6844198510792231
0.03895741008454934,2.5385432850918725,4.629379996471105,11.775181403135509,13.605951527061428,128,128,66c3055f9ae4298d4376,13.803196921944618,0.8948540515756589,0,0.25,0.4708329738132274,0.08763157894736842,0.21212121212121213,0.692987066760133,0.5993159815795812,0.6844692421826529
0.007725746982032433,0.9882106535136695,3.067529426701359,15.572667587262139,20.860928906373484,128,128,672a21c4f0f058ce1921,21.558984357630834,0.7582177442270392,0,0.1328125,0.44996067257019856,0.13996031746031745,0.21212121212121213,0.6930459635092103,0.4795111547677483,0.6926105340444333
0.46568575501441956,0.46568575501441956,0.46568575501441956,0.46568575501441956,0.46568575501441956,1,1,672aa6db4b144202c746,0.46568575501441956,0.46568575501441956,0,0.0,0.3793103448275862,0.3793103448275862,0.3793103448275862,0.11938448978372589,0.11938448978372589,0.11938448978372589
0.0031219030438478512,1.3156910484191031,2.3066982164978955,10.98948122692951,14.49337774101816,128,128,675a03c7ce025e142453,14.82882647588849,0.5185267427799936,0,0.1484375,0.5051071438036914,0.21212121212121213,0.2903225806451613,0.6930654896763646,0.29205477694229043,0.6739189317885923
0.016745288739912212,1.3421798888593903,2.479336434602737,16.381193505617034,24.620091024193172,128,128,678942545de94788f67f,25.73771896958351,0.7736013325741501,0,0.171875,0.4800881543003144,0.17278991596638654,0.2253787878787879,0.6931150592990407,0.43408140173617815,0.6694128661588091
0.5003392100334167,13.592702567577364,15.229247987270353,16.53848432302475,16.83306249856949,3,3,67b08abfa6f64ba4b163,16.86579340696335,5.903719504674275,0,0.6666666666666666,0.32301797819039196,0.05784261715296198,0.08408488063660477,0.6887288482723415,0.6395034984659604,0.6788837783110653
0.004875476929555589,1.2742755889892576,2.705756276100871,11.64962970083494,14.065248829112713,128,128,68067f225cf000e59cbe,14.220208078622818,0.6117817302426352,0,0.1640625,0.4824439248782835,0.21212121212121213,0.25,0.6930484616232004,0.3722380979050127,0.6731445378089835
0.017323277570540085,1.6196553647518157,3.309915745258319,15.343345606774093,20.311661780947684,128,128,6863ae1309b9d3c20cc5,20.99990642508783,0.8633909201870591,0,0.234375,0.4969333300749269,0.1490359477124183,0.2903225806451613,0.6927071972927739,0.320970505597675,0.683952808699816
0.00041612968561821617,0.9736168660223485,2.163363850116725,14.976480801105508,15.997269678877155,128,128,68bcc8d233d36b2bd9f4,16.06249737744838,0.6409283288447805,0,0.1328125,0.5059817149881343,0.1383838383838384,0.25,0.6931014192438806,0.2975984573045242,0.6700919548162992
0.11621528305113316,1.8037597894668578,2.450723516941065,12.412784316194038,15.720651494653573,128,128,68e77f6acc8091f973fd,15.937492013047631,0.6984642045813811,0,0.2421875,0.5189183826532461,0.14285714285714285,0.25,0.6931143535339996,0.2769945285634495,0.6755807083675236
0.003637245794379851,1.1368408381938933,2.5858095377683563,13.190559624169282,18.330503499761416,128,128,696206bd3e9bb883a25d,18.81237662647618,0.6003443788497949,0,0.1640625,0.5264600582225384,0.1287581699346405,0.2641129032258065,0.692833461896837,0.2550181986582125,0.6835446753635283
0.00017943983425539045,1.3030348314605356,2.1006278194487074,11.604844358614592,16.559529170484804,128,128,696a553954e684eec2dc,16.83186211436987,0.5031656208889037,0,0.140625,0.5498497719785672,0.11968253968253967,0.2641129032258065,0.6931311032455361,0.34430516578551607,0.5873046998294872
0.032378383446484804,1.4731691186316302,4.456288928445424,13.67731867135486,23.2901680515558,128,128,69fee1c2ff2531f960c4,24.51428735256195,0.858033474574688,0,0.1484375,0.41357699646588486,0.0868207681365576,0.17647058823529413,0.6929652397763506,0.5783027971978096,0.6909705494651803
0.2251246441155672,0.9432322278618812,1.360426257550714,2.4586447425000397,2.9123489600028853,78,78,6a2aff23f5544a7af81f,2.962760539725423,0.3804894574601372,0,0.20512820512820512,0.5930415462696468,0.24910394265232977,0.3724137931034483,0.5361750660362494,0.16910160479775646,0.2897003191339247
0.0049723242118489,1.6233608447015282,2.361815413832664,11.957938607861596,13.930895982891325,128,128,6a6a006fb0d43211f327,14.05581533908844,0.6052396759209728,0,0.171875,0.5097730363535435,0.18609625668449198,0.21212121212121213,0.6919300695256551,0.3638731909609553,0.672513505879198
0.015521539866313105,1.9741446778178213,2.668676388263702,9.70661314308645,11.27271251624823,128,128,6a7988b4b265b4e81ecf,11.341515600681305,0.610013907419118,0,0.1875,0.4436629958925496,0.14285714285714285,0.18676470588235294,0.6734195634053493,0.35732644608075215,0.5203692836100748
0.002051682429740964,1.0532784750685094,2.4937450513243666,14.733601987080192,18.001571107050804,128,128,6ab7df915cf3e97e1420,18.374903564901615,0.6300772314428673,0,0.140625,0.5011245649230469,0.1764705882352941,0.25,0.6929691884719931,0.3972149659314743,0.6860077199721939
0.05912731774151325,1.2493156552314757,2.2656637668609596,15.317156457481909,18.28167968369332,128,128,6afb3d0be67901529baf,18.687084298435366,0.7704384253961465,0,0.2265625,0.4931648655194118,0.1519327731092437,0.25,0.6928627955966465,0.3291310644119422,0.6826672299178216
0.01628717582207173,1.1593484222888941,2.598009133338923,16.499225048500318,21.88371139478615,128,128,6afcf431ce3b153572bc,22.530532866716385,0.7810849079964978,0,0.1640625,0.47827240125743126,0.14285714285714285,0.21212121212121213,0.6928668663809783,0.27955863150403915,0.6859658843495109
0.02466761197138112,1.947762394076561,8.194279274957069,19.24476872742177,20.48406200925261,128,128,6b580767fec9c0391b19,20.569914914667606,1.1523463307711412,0,0.1796875,0.4153763469720719,0.07894736842105263,0.14285714285714285,0.6931341992368859,0.629097118320999,0.692147222361631
0.009075555193703622,0.9686082676053047,2.3464385718107184,12.31203597687304,17.443023424808654,128,128,6b720365efe46253759a,17.937214418081567,0.5897721633118478,0,0.1328125,0.5098043629493382,0.1764705882352941,0.2253787878787879,0.6921799218857506,0.3501914171798223,0.6708464120569221
0.0010212875340585015,0.5763731235638261,2.0169623658060987,14.543316855767632,15.327275548407007,128,128,6b96802bd7741f43b018,15.374986768028975,0.5395481003152196,0,0.109375,0.5129142104870119,0.11968253968253967,0.25,0.6931135506860758,0.24939805256176456,0.6833283481792158
0.0284062271239236,1.0300740957260133,2.908092110604038,12.180454663336304,15.360625994497772,128,128,6bb247f991f632440a6d,15.5623915270844,0.647059707504259,0,0.1796875,0.5030847213570427,0.1287581699346405,0.21212121212121213,0.6929464548139609,0.3635321813870135,0.6711283000466426
0.004984064727295845,1.3165193527936936,2.6481762558221713,15.612329885270473,20.771176281751732,128,128,6bc25b6c09aab8061747,21.248853510827757,0.7248143363606497,0,0.15625,0.47232064458196,0.18441176470588233,0.25,0.6925953413242828,0.3429874497584684,0.6818428400666613
0.0718963302206248,4.250825728848575,11.015473122761968,13.519569270696087,15.630912703633319,128,128,6c047ecda2c1f5a33b9d,15.91688060760498,1.3970423753050483,0,0.2734375,0.4683830743362654,0.14285714285714285,0.18894830659536543,0.6929961640280193,0.6726348391019482,0.6928356622206779
0.007270389425684698,1.5685682892799375,2.151155937742441,11.611016139420705,14.568085624176113,128,128,6c21d1b0f2ef0be6fdcb,14.750006319751265,0.5862794698023835,0,0.171875,0.5031504484326939,0.1764705882352941,0.25,0.6930532274367724,0.40095757165836426,0.6835303449741723
0.0010863782954437795,0.968775200843811,1.7178839385509483,9.041285936310038,12.564305499507212,128,128,6db51f6d8091bb9afd74,12.846205681562424,0.43235287217129936,0,0.125,0.494038431857876,0.21212121212121213,0.25,0.6926802416027524,0.28530662175069305,0.6629503156202139
0.0004366285625110322,0.8315952926874159,1.946706052124498,12.898482439082692,13.370244116757503,128,128,6dd7801f5b78555cc6d6,13.42417098581791,0.5545165310731082,0,0.1328125,0.4948019068794834,0.1519327731092437,0.2253787878787879,0.6931040800286122,0.30030173156977774,0.6828946806175578
0.8579533994197845,0.8579533994197845,0.8579533994197845,0.8579533994197845,0.8579533994197845,1,1,6df8c6ece7ed784d9fbd,0.8579533994197845,0.8579533994197845,0,0.0,0.25,0.25,0.25,0.2594075541941044,0.2594075541941044,0.2594075541941044
0.3288431093096733,0.3288431093096733,0.3288431093096733,0.3288431093096733,0.3288431093096733,1,1,6e817f0214e342379a45,0.3288431093096733,0.3288431093096733,0,0.0,0.42857142857142855,0.42857142857142855,0.42857142857142855,0.08758176379524035,0.08758176379524035,0.08758176379524035
9.715406690702366e-06,0.22109370380640003,0.6409119526622806,1.3055208468437214,1.6938342304527774,128,128,6e8af4a76b802407ff50,1.7313205301761627,0.08409177323275951,0,0.0546875,0.6363488456476207,0.30193548387096775,0.39655172413793105,0.19763224207459884,0.12659004180706576,0.196399583547895
0.00022343222175891242,1.0164593337103724,2.4007518768310545,12.557347977235935,18.254642765254662,128,128,6f0864556d88cd26b9a7,18.87499070171907,0.5830357316761612,0,0.125,0.5011028513902495,0.11968253968253967,0.25,0.6931153835864383,0.2894480350707238,0.6568906675125982
0.08612485526828095,3.0167895853519404,11.367589727230358,16.88984491899261,19.287660105213533,128,128,6fe4e382b63828fd9fe4,19.61046551167965,1.4666849634086176,0,0.2265625,0.3490145325802331,0.07894736842105263,0.1188813813813814,0.69248860614778,0.6799419404628142,0.6919479023038768
0.0077160075306892395,1.8802053391933438,3.9774476672522643,12.989486838518223,18.49790694263059,128,128,7021df78dcb0feaec9ba,19.124938490014756,0.7874277818972346,0,0.1953125,0.49348702075719064,0.18609625668449198,0.25,0.6928337799775877,0.4103978887020778,0.6822428365870566
8.570648969907779e-05,0.7227489605545996,1.9237314581871023,9.54485367896895,13.449581143947757,128,128,702ee8f1e9629c3a0118,13.89677682518959,0.44587761942830767,0,0.1015625,0.5335317656463539,0.1519327731092437,0.2903225806451613,0.6926892403139826,0.2625804667131053,0.6258321359429312
0.00010785813947222778,0.939271399378776,2.2393482309278596,6.412673113896826,10.56991181722558,128,128,70421ea8c307cc90eae3,11.08766856789589,0.41180790422585517,0,0.1328125,0.48091463225563963,0.1764705882352941,0.25,0.6893197986433799,0.3250649844442145,0.6220319746271693
0.09732128586620092,1.6800778405275194,2.790220969915382,13.520119441079666,19.783567372448296,128,128,7086e023532b893d4bae,20.624942781178106,0.8503659627726565,0,0.28125,0.47643590160962995,0.08837837837837838,0.18894830659536543,0.6931369098931731,0.5194984150137192,0.6881222128803557
0.005572943718107126,1.3084996606223285,3.1358977355062905,15.051656388444849,20.387960801100206,128,128,71015818094f5c36db00,20.936729610257316,0.7602628897218608,0,0.1796875,0.47122848081432955,0.20756684491978608,0.25,0.6928334606498644,0.3476172403528488,0.6866973165896306
0.0005859130760654807,0.8010421335697173,1.5747018128633488,11.3866201779203,14.241987997654217,128,128,71233bd93521d84e3129,14.340790793299675,0.4624813244430703,0,0.125,0.5231297286847796,0.22234848484848485,0.2903225806451613,0.6930363178499857,0.21920375258473435,0.6703712517035311
0.002805120515432691,1.0951596781611441,1.6309981673955891,12.948631753623538,18.730054697490164,128,128,71be6c3eaba29b1a331c,19.062214058911195,0.5381946526479133,0,0.140625,0.5174952653971202,0.18241558441558442,0.25,0.692527276134213,0.26288610900231063,0.6187395913609016
0.0003613166339881957,0.540204114373773,1.9948057517409299,16.481137778088463,18.14788895052714,128,128,71c4b45ba6e197c7592c,18.249817150019226,0.6234910058072428,0,0.1171875,0.5054730248196144,0.1519327731092437,0.21212121212121213,0.6923744060399066,0.2838441842732451,0.6549491549667649
0.007571344205643982,2.69805144816637,5.599016196653233,15.55373867975403,21.19707413580318,128,128,7299bf1320c534419289,21.944528371095657,0.9418098681802118,0,0.1328125,0.44844337788458233,0.1111111111111111,0.21212121212121213,0.6930910110178448,0.5129591728534443,0.6832158140712377
0.024188689654693007,3.7892261490225785,11.1590471960604,21.29241450607777,22.569104247586402,128,128,72b4dfc6f78b2b3541b1,22.737260851135943,1.6363173511186346,0,0.25,0.4130116365091718,0.051646423751686904,0.09054054054054056,0.6931471777462492,0.6855027981804686,0.6928121453788608
0.016623515752144158,1.2694471776485443,2.643016137182711,14.451476008666845,22.094100485798766,128,128,72ea0d260fe7fc4c986a,23.080734133720398,0.78879427950633,0,0.1953125,0.47361054973495204,0.1287581699346405,0.25,0.6930105747272568,0.3439622452424275,0.6926411231942255
0.9229845330119133,0.9229845330119133,0.9229845330119133,0.9229845330119133,0.9229845330119133,1,1,73c65750a28fbaae8b6d,0.9229845330119133,0.9229845330119133,0,0.0,0.3333333333333333,0.3333333333333333,0.3333333333333333,0.23050605102992916,0.23050605102992916,0.23050605102992916
0.1280333511531353,1.363522051274776,2.519349059462545,3.5552963155508044,3.6315168186426163,128,128,7470ebff7ee250049a3b,3.638680398464203,0.4862394092411662,0,0.2109375,0.5489743166400716,0.1764705882352941,0.30537634408602155,0.4974545248509273,0.2711731171825009,0.4305063926743309
0.032691519969375804,0.49663189053535456,10.853172965720246,18.512505640387538,21.072815347970824,128,128,748871eb056454ad9a5a,21.40759075654205,1.0919643793993572,0,0.0859375,0.41583586402201356,0.10810810810810811,0.17319327731092438,0.6930900663371711,0.6758432889904028,0.6929399705794472
0.0003936703876235015,1.4890577726066112,3.742990132188418,7.15728243148949,13.763923885364083,128,128,74ea1eeae3646fd0cf74,14.584101393818855,0.5348452196059702,0,0.140625,0.4815571462151402,0.18609625668449198,0.2253787878787879,0.6917706536921522,0.34748952533652205,0.6806502622574395
3.433162225974229e-05,0.3485300123691554,2.194136271625757,10.507953252831074,13.445259545745998,128,128,75046bcacb40b48e1ff8,13.610029207542539,0.39494341919397313,0,0.0859375,0.4868172170002924,0.1764705882352941,0.25,0.6931164316433682,0.2573183620495829,0.6891219621098215
0.00041463278785158764,1.2955429136753076,2.3132398486137364,11.305409904932736,13.662288482480278,128,128,7505918487c75fcdcc81,13.867649242281914,0.5771923502196574,0,0.140625,0.48144952271600255,0.1519327731092437,0.25,0.6930947568223562,0.30800642348707064,0.6881131350066217
0.14625981578137726,1.4093934103846548,2.355048969760536,9.179564532451337,10.201587172159927,128,128,752dd79404e4bd7bd81f,10.285989904776216,0.6336986162790872,0,0.21875,0.4858187091889923,0.22234848484848485,0.2903225806451613,0.6885159959908025,0.3211328052909497,0.6170883708836619
4.3867946263986823e-05,0.6212840445339679,1.717726285289969,16.78117338747887,19.777270184405843,128,128,7595167789cebfe569e2,19.999992251442563,0.7102797377149084,0,0.1328125,0.48207749100739783,0.11749034749034748,0.21212121212121213,0.6931115055670642,0.3655328884442728,0.6927334054064027
0.00019099281780654564,0.9759671245235944,3.061934487405228,12.462393767354525,17.934875022977614,128,128,75f4cfefd3c80d81dde1,18.638864040374756,0.655167667827618,0,0.109375,0.45231900511271256,0.07952347083926031,0.17647058823529413,0.6928356752215223,0.43496151511516795,0.6885782170070647
0.023321606451645494,1.1049634265509662,3.9818241208791734,15.425317893280669,16.734578725485797,128,128,762d51f57309fd06c0d7,16.864961981773376,0.820871856854211,0,0.1171875,0.48090508056912945,0.10891891891891892,0.18676470588235294,0.6928923254574308,0.45087961293182577,0.6760123044020792
0.00028193771504447795,0.8150054596364498,1.8103674158453913,7.70462851011417,13.83800708001473,128,128,767c91ccb4e47ff9bc8f,14.469047203660011,0.40372862764218387,0,0.1328125,0.5038884063548239,0.22234848484848485,0.25,0.6926375474150437,0.25101853026360105,0.5243226202333722
0.0012722711289825384,1.1718914955854416,3.3594104493502472,13.426726746895016,17.469939445333573,128,128,768d3a0a7316a0584014,17.91410423256457,0.7304784235646523,0,0.1640625,0.4632130702260019,0.1111111111111111,0.21212121212121213,0.6927857993401794,0.6082423545730431,0.6923422612239858
3.4748567259157426e-05,0.1768412901787086,0.8925392583012576,7.933650959566686,12.818858032297468,128,128,76be8af42bf326c9ad56,13.246899336576462,0.29382535474725807,0,0.0703125,0.48036074365506454,0.1764705882352941,0.21212121212121213,0.6926820794701256,0.24068020263626022,0.6118066103271128
0.023068611742928624,1.691236329078674,6.479694859508884,14.329484381526719,16.033194789275534,128,128,76c7d19b06bb657801f9,16.198396489024162,0.9849271847570829,0,0.1796875,0.4546141825812584,0.14285714285714285,0.21212121212121213,0.6883807369990436,0.6352664025592619,0.6728069270011422
6.965782819179367e-05,0.6363206088600236,1.6658360868692343,10.705782346201056,12.058171557117575,128,128,772ba0713fb81acddd5f,12.175733834505081,0.4112535724324099,0,0.0859375,0.4787063652906059,0.16155844155844157,0.2253787878787879,0.6930490173451762,0.2707517315282085,0.6763502396034192
3.4440221786499023,3.4440221786499023,3.4440221786499023,3.4440221786499023,3.4440221786499023,1,1,775784ed722da8d61ee9,3.4440221786499023,3.4440221786499023,0,1.0,0.3333333333333333,0.3333333333333333,0.3333333333333333,0.37617314591201356,0.37617314591201356,0.37617314591201356
0.003606026148190722,1.1443173110485074,1.9267209963407312,12.685446355452301,16.52374304527046,128,128,7766ab9c2f6492a8489e,17.014829099178314,0.6573569481205204,0,0.15625,0.46950893923569786,0.1764705882352941,0.2253787878787879,0.6925724771152609,0.38832831080249786,0.6854730303292143
0.04631219577277079,1.8756154283881168,5.269048754312086,13.864024604182491,16.215902585438506,128,128,776b2eb168dc0ce2e101,16.51502877473831,0.8698570076040184,0,0.171875,0.5306582505454793,0.10527863777089783,0.2903225806451613,0.6927851021616657,0.5028137653159997,0.6897687546532381
0.00261226365728362,0.7389749974012365,1.8668269872665393,11.258035274334265,12.175793195388572,128,128,7799ebcf40cbabadf39c,12.187102946278173,0.4697320932524419,0,0.15625,0.5045311221568956,0.18609625668449198,0.2253787878787879,0.6912227735287522,0.2898844415910389,0.6515296410464183
0.0010209001970906684,0.39575902093201837,1.4743938016239535,11.659026759013397,12.395375466406344,128,128,77aed05f1025de1ddca0,12.488629221916199,0.4072867567002906,0,0.078125,0.4205607493754705,0.05263157894736842,0.17647058823529413,0.6930552271114764,0.2867025413685537,0.6776007668694489
0.008138207693264121,1.1068779290537347,2.0574545353651037,11.566934886286575,14.855168520073349,128,128,77c8994e77137dbab376,15.03411747701466,0.5500684806743483,0,0.15625,0.5218584977899973,0.1519327731092437,0.2253787878787879,0.6931178310542745,0.33854699732839216,0.6826351630912305
0.03157704463228583,0.5542310229502613,2.6993619956076116,7.693981439429345,19.97474731776078,128,128,781006261fc5f9409ad0,21.662806272506714,0.4991877743617579,0,0.0859375,0.7077189847850258,0.21212121212121213,0.2903225806451613,0.6898046930552584,0.5213424530604371,0.649965744769623
0.016089223616290838,1.6797031017020339,2.427561021596192,11.237850284341272,14.353539020527137,128,128,78852942426ade96b682,14.659479722380638,0.6033780416460809,0,0.1953125,0.5024321350616047,0.16155844155844157,0.2903225806451613,0.6931023188549661,0.33641196690667874,0.6836214055152408
0.060986864380538464,1.8755188852548597,3.1710493758320775,14.857312106229369,18.186013217260015,128,128,78a99083cf835dcfcdf8,18.62499129777825,0.8945269907854533,0,0.28125,0.48324815940679794,0.09776061776061776,0.21212121212121213,0.6930967938719428,0.44513909964885834,0.6882582917497901
0.0008669663610589851,0.7107669919729229,1.5466186255216585,11.966878778263949,16.448234695422165,128,128,78ace73282cc3d0f3fa0,16.874941231777484,0.48341876790641286,0,0.109375,0.5094938855955587,0.21212121212121213,0.25,0.6929475811337962,0.29855200804958626,0.6498960757081265
0.0005851094902027398,1.013942822813987,1.7718598178122162,11.082965755564263,15.534698963938876,128,128,78d6208be47703fddd98,15.749993443590029,0.46491001867232795,0,0.1171875,0.4982402747468773,0.18609625668449198,0.2641129032258065,0.6931010336581831,0.28960504197993986,0.584775772917774
0.0022317147813737392,1.4426628999412057,5.392330953571941,13.118827874092979,15.86458944585548,128,128,79ae20871f7ce7882f5c,16.163496550172567,0.7707736194199917,0,0.1484375,0.4784968770230862,0.09776061776061776,0.17647058823529413,0.6927444762311921,0.5312631417858218,0.6901445948217246
0.003769116068724543,1.2481276273727413,2.4661490723490695,8.57325261936365,14.424263077668272,128,128,7a5b24af08dd338cf99b,15.076848067343235,0.5202778133651792,0,0.1484375,0.4817833252663124,0.18609625668449198,0.2641129032258065,0.6927610968104568,0.34384757068407396,0.6687486421371471
0.06700696947518736,2.622729090380016,5.607408889243377,13.984241109364133,21.03598608748199,128,128,7ab0fed5a7007fe8b636,21.948362238239497,1.0757854530057376,0,0.234375,0.43712551871960886,0.11861111111111111,0.17647058823529413,0.6930597018112886,0.6489909674368131,0.6922993349903653
0.029788605868816376,1.2972911596298213,2.8384820222854588,12.443256817997332,13.767374558158046,128,128,7ad19e3eb4ce3a0c6b04,13.809640731662512,0.6246187955410378,0,0.140625,0.5339731655991315,0.21212121212121213,0.30537634408602155,0.6926306190167704,0.40766524250086,0.6553559298380099
0.0030732282903045416,0.37328425608575344,1.1311289827455737,13.247720071864345,15.64715512137165,128,128,7b41e2c1d81c3ecb76e8,15.687494039655576,0.4416751574838606,0,0.078125,0.5181132310724965,0.11968253968253967,0.21212121212121213,0.6930893511212326,0.3204554036563052,0.6653895341297235
5.8707117659650976e-05,0.3560007642241543,0.6298257999122141,7.911713060645724,12.616886973805409,128,128,7b9f08e243c73b4283fd,13.124773293733597,0.29846328113557463,0,0.046875,0.4594860714603959,0.18609625668449198,0.21212121212121213,0.6924668028209728,0.20377452717874,0.6507503901228772
0.09850862179882824,1.6651421785354612,2.025952738523483,3.0885356104373938,3.3648779581189165,128,128,7ba8eef8b2cf600207a7,3.4010996222496033,0.4853199667386079,0,0.25,0.5237271056398509,0.1287581699346405,0.2394916911045944,0.5905704589001917,0.33467498889882014,0.4729535168387978
0.008828884951981308,1.608054864406585,2.319885906064882,7.95320707017238,13.231293820991288,128,128,7be132b0daecc07a766e,13.773875743150711,0.5395300715293303,0,0.1953125,0.4847229160539217,0.1764705882352941,0.21212121212121213,0.6925260575983527,0.4736744289606473,0.6672583012793744
0.17288345098495483,0.17288345098495483,0.17288345098495483,0.17288345098495483,0.17288345098495483,1,1,7c142009fd26c8c8a4f4,0.17288345098495483,0.17288345098495483,0,0.0,0.3793103448275862,0.3793103448275862,0.3793103448275862,0.05437512287018812,0.05437512287018812,0.05437512287018812
0.0015690950704083662,0.5626415416598318,1.823024323582648,9.22942056702218,13.517829817968092,128,128,7c2856c5f0fe8c23ed91,14.06192237290088,0.41799454972050254,0,0.109375,0.5044248152771357,0.1519327731092437,0.2253787878787879,0.6925796269056048,0.22841480358066135,0.6858156658962337
0.017191862338222563,1.3304435491561888,2.524203997477888,9.385261321961881,15.062264796769743,128,128,7c3ada951af1fb924874,15.869398477021605,0.6311541467909687,0,0.140625,0.44337526409749767,0.1111111111111111,0.18894830659536543,0.6783349033691648,0.38874323263197347,0.6288737463382083
4.190103334167361e-05,0.347339512408416,2.1570599068887493,14.138201528396014,23.151587503884034,128,128,7c6adba9a7320cb9eeec,24.34782250970602,0.5887606613186834,0,0.0859375,0.4761268356553544,0.1764705882352941,0.25,0.6930900156347619,0.3930682898844249,0.6851514367795507
0.00014255608766688965,0.06834315858141052,0.29444487169384875,4.352095316211911,5.811057714657055,83,83,7c76461a433b22c65351,5.973164647817612,0.16885255197887758,0,0.04819277108433735,0.4495910580722921,0.15930047694753577,0.21590909090909094,0.6854171913816237,0.06831296713544173,0.6523414776605672
5.602463261311641e-05,0.7068261861801144,1.8327512368559784,4.627702460954973,11.876288014875348,128,128,7ca59e22a5d5051b90ca,12.893651068210602,0.36204014111711225,0,0.125,0.4763980072937334,0.1519327731092437,0.25,0.6820702666599161,0.30695677525451254,0.6603991896315803
0.0013547621420002542,0.7345752432942387,2.128226550973339,12.986236585825722,17.158132291540817,128,128,7d2f64bb175f6c1c261e,17.374797842654516,0.5151230061501276,0,0.140625,0.5337756731085874,0.22234848484848485,0.26093750000000004,0.6925952843704826,0.29720644145651326,0.5839021411469046
7.915109989653502e-05,0.6147393211722374,1.218111713975667,9.079934906683164,11.553985350075905,128,128,7e161f0d7d774b6815d8,11.834583915770054,0.39497359593194875,0,0.078125,0.49539301854556517,0.1764705882352941,0.2253787878787879,0.6926788242974395,0.22908651077852873,0.6786288243383567
0.0036953195522073656,1.087138447165489,1.586078664078377,10.521937313247511,14.342086646018556,128,128,7e8f1d536d211330d89a,14.52823942899704,0.4683428524067225,0,0.15625,0.5149596091192425,0.14285714285714285,0.25,0.6929321568067222,0.26558151355859777,0.6067882749362887
0.0003076251841918065,0.6490503501147031,2.082152599096297,8.682483938956677,12.162761789771933,128,128,7f59d3863db5edf63ef1,12.377326726913452,0.3814095800818086,0,0.1171875,0.5219982343714172,0.18609625668449198,0.2641129032258065,0.6929438697027387,0.2672248753758904,0.6387182840857554
0.0035986678194603883,0.9466917693614959,2.1268817341348014,11.65499084724007,17.67319911614638,128,128,7fabaaede84153f05891,18.271208345890045,0.5495370986007662,0,0.1796875,0.5061720578471338,0.14285714285714285,0.2903225806451613,0.6929924992984322,0.2952273563160178,0.5141285846548476
6.371500467139413e-05,0.5824287623167037,1.8830097697675197,10.83261281038793,13.683293543410077,128,128,7fc446b2b6611af86c18,13.891799975186586,0.43400296220098794,0,0.09375,0.4987440851331805,0.11968253968253967,0.21212121212121213,0.6929551739279664,0.27654096847449605,0.673632754469994
0.0004455352245713584,0.775366213917732,1.0021457485854621,7.754386033294567,11.71403027538245,128,128,80fe6a1b3cd20ad32a98,12.017727576196194,0.3209703258568638,0,0.1015625,0.5046232218128255,0.18609625668449198,0.25,0.6926499997719944,0.21256941547841546,0.5728832261413134
0.09024748555384576,1.72437579492107,10.855357575421884,16.33020104634111,22.803920910511195,128,128,8104c6a184054709168c,23.660317420959473,1.2353939097180842,0,0.1875,0.4366249646654452,0.058751686909581644,0.1388888888888889,0.6930350925495107,0.6248883836663537,0.6929960940813902
7.080767554157319e-05,1.1249568849802014,2.1285806421124986,11.39339331628522,15.028226463283456,128,128,810a2d7200d04ebc811d,15.241451762616634,0.5249828452969947,0,0.1328125,0.4862694920593298,0.17278991596638654,0.25,0.6931297009540356,0.3071191237576225,0.6759228743680034
0.0001655500384458719,0.7318489737808702,1.5834800362586972,10.087615128749977,12.881624992887303,128,128,8146187d324548220b64,13.182333126664162,0.423260800742931,0,0.1171875,0.47673105785830583,0.14285714285714285,0.25,0.6929949216005198,0.2745569973293199,0.6772839634605029
0.00020506511805251648,0.5993412993848323,1.2068307951092718,10.174536540965658,15.008449970105609,128,128,818cf782fdbc3437878b,15.50058600306511,0.4003155540085053,0,0.078125,0.5211433008205048,0.16155844155844157,0.25,0.6930569841162717,0.22409850664880815,0.6678542419061473
0.005781837389804423,1.7587716169655319,3.3881473302841156,14.15741458460689,19.19152579565349,128,128,8219f22dce066060b251,19.891401886940002,0.8157634794219583,0,0.171875,0.4955296003966289,0.0966891891891892,0.17647058823529413,0.6923378805620494,0.4608101945321057,0.6899816464374791
0.002031822123171878,0.5173583095485808,0.9548326276242721,11.862360889312262,12.56077779427868,128,128,823314579c697cff1fae,12.614508613944054,0.4103863263967054,0,0.0859375,0.4390355743330947,0.08837837837837838,0.1546218487394958,0.6929547381114699,0.21146860195974826,0.6781500786216889
0.5237400457262993,0.5237400457262993,0.5237400457262993,0.5237400457262993,0.5237400457262993,1,1,82d38eec638d8edf996b,0.5237400457262993,0.5237400457262993,0,0.0,0.42857142857142855,0.42857142857142855,0.42857142857142855,0.10465273108131609,0.10465273108131609,0.10465273108131609
0.21344222128391266,1.467655837535858,2.334293282032012,4.663157724811463,9.398179309755589,128,128,831d8e54a0c61eeba5f9,10.084035962820053,0.5754524423171712,0,0.2578125,0.5155155565159547,0.25,0.3333333333333333,0.6615267037101795,0.29184571923810554,0.5867686840236785
0.024349110666662455,1.1984979033470153,2.4099339594366005,10.283708421003862,15.028568538880213,128,128,83282edc510408a895b3,15.587339702993631,0.5974443233828521,0,0.171875,0.48661890995689144,0.1287581699346405,0.2641129032258065,0.6930586467885198,0.37112956321477253,0.6799365229339627
0.005498062091646716,0.853478597477078,2.171349692344664,11.493949599071357,13.26699989810043,128,128,833fc2a56e4f75f8a697,13.437806015463138,0.5528529422182696,0,0.1328125,0.5050655606029733,0.1764705882352941,0.25,0.6931053689321864,0.35874409989800315,0.6913405505549788
0.0010650082840584219,0.8069520486518736,4.723315684773829,15.280880692601212,16.949957474887377,128,128,836ed2f17e0df581ffb1,17.110247313976288,0.7795533056792237,0,0.1171875,0.4357520134395413,0.10891891891891892,0.1546218487394958,0.691885587225707,0.4369401547730966,0.629866333792232
0.0019308664923300967,1.1226799599826331,1.8877701759338374,13.890633457881638,17.523721010809346,128,128,8374d887b97c401a12e6,17.999995231639787,0.6273328388096171,0,0.1484375,0.5034130348829503,0.11968253968253967,0.21212121212121213,0.69313707367058,0.29490401150647816,0.6851700062781111
0.010593811515718699,1.0786492258310314,2.259533450007436,10.759464728832281,16.74274157208612,128,128,837a204e195a6fe0196f,17.249941112459055,0.5448387547117783,0,0.171875,0.5138089007751739,0.21212121212121213,0.25,0.6928969787268264,0.3263121200075559,0.5263635303817821
0.00028182403639220865,0.5932011976838112,1.9962843093089742,10.194517992154493,13.764720664392154,128,128,83a4cfae4331550e5dcc,13.994165606796741,0.4239600881523164,0,0.109375,0.4712019582086409,0.14285714285714285,0.21212121212121213,0.6931043961407581,0.3149737795004841,0.6296953657072532
0.022632266864093253,0.47161271125078175,7.369373987843555,22.848924182383353,23.789837360791804,128,128,848d0a1dd61434afacd0,23.829180956436176,1.0906247127314401,0,0.0859375,0.40724145681720836,0.05128205128205128,0.16491596638655465,0.6931457370511025,0.6841534721768879,0.6931236194147907
0.0004276758299965877,1.0803367346525188,1.9326760668307492,12.86568026104128,16.66447518266099,128,128,849d6ed6670c1dc78df3,17.124991536175912,0.5629646669580025,0,0.125,0.45990927536119236,0.1111111111111111,0.21212121212121213,0.6931268512535529,0.4051393264139973,0.6698377740597463
0.11317533161491156,1.4264253854751585,1.783239975571632,3.2112115198373825,4.016181668221954,128,128,84bacdde8fd948eb8a49,4.107241630554199,0.45527817717958824,0,0.2265625,0.5694735374396492,0.13996031746031745,0.25,0.5779531289749497,0.2931202800899918,0.5295505057187846
0.00046871849920648856,1.3167763255536553,2.480062882602214,9.11523419628751,12.702675249245255,128,128,84dcf40aa0d65efc7c83,13.05036863964051,0.5194263327594911,0,0.140625,0.4615064642549444,0.11968253968253967,0.25,0.6929578772225264,0.338105295924231,0.6879439094450804
0.0013228241659817286,0.5327097877860067,1.5630588471889495,9.141175951178186,11.689420860935078,128,128,85591dbf1aeb9be4931a,11.7805854678154,0.368806728554132,0,0.1015625,0.5217612484277098,0.21212121212121213,0.25,0.6927680133559799,0.21575763991550437,0.36039807674700924
1.8519700318574905,3.0791306644678116,3.2325257435441017,3.3552418068051337,3.382852921038866,2,2,85c64b36abcaeee4b259,3.385920822620392,1.8519700318574905,0,0.5,0.18055555555555555,0.11249999999999999,0.11805555555555554,0.45696994367366983,0.4465039318851848,0.45487674131597283
0.7723052799701691,0.7723052799701691,0.7723052799701691,0.7723052799701691,0.7723052799701691,1,1,85ed64d7e6e267dd7832,0.7723052799701691,0.7723052799701691,0,0.0,0.3793103448275862,0.3793103448275862,0.3793103448275862,0.1690387235323078,0.1690387235323078,0.1690387235323078
0.002573961995949503,0.6102878808975215,5.105005727708316,13.559095908887686,17.874221737276784,128,128,860c3e874eff20982fe1,18.48925319314003,0.7704258039689862,0,0.1171875,0.4505926001022867,0.1111111111111111,0.15285714285714286,0.6835223269494043,0.37006662324368167,0.6439064263317421
0.00138893061739509,1.382168196048587,2.8552191793918578,16.172739635664072,20.6652039828949,128,128,867e7b95290bfb4ef084,20.9992201999994,0.7382394236293308,0,0.1484375,0.46513586998859513,0.18441176470588233,0.21212121212121213,0.6927959138272868,0.36841962670070416,0.6844659794388489
0.0009136141425187816,0.7552236020565033,1.792524653626605,7.701232352742469,13.068809941855315,128,128,8712422eff7c48118786,13.605643548071384,0.39189967465133846,0,0.125,0.4901824974978485,0.1764705882352941,0.2641129032258065,0.6925453064690053,0.30886807418524237,0.6475840918033073
0.0003282338220742531,0.9955346334725612,2.708936004340646,14.637018139365022,24.936518146317503,128,128,873f5cafa798bc5e916c,26.299694180488586,0.6811607178242495,0,0.125,0.5489994345403963,0.14285714285714285,0.25,0.693060578167633,0.37749967090945197,0.6770765289222835
0.0006073761869629379,0.9837627232074735,2.966373790835488,11.673337322617908,16.94853615118418,128,128,87987f1ac8cdc40aa218,17.43737042839348,0.5627920828909165,0,0.109375,0.504480186986776,0.1519327731092437,0.25,0.6928968600871316,0.34233847783711,0.6682655543053082
0.9224063456058502,0.9224063456058502,0.9224063456058502,0.9224063456058502,0.9224063456058502,1,1,87c082a6f800daea9634,0.9224063456058502,0.9224063456058502,0,0.0,0.48148148148148145,0.48148148148148145,0.48148148148148145,0.2762243852551673,0.2762243852551673,0.2762243852551673
7.432415168651119e-05,0.6136436134576797,1.4825989495962855,13.755149330054412,19.276154236243457,128,128,87dbe201a5afe8bec1d6,20.06235183411627,0.53973440476511,0,0.109375,0.4979446504192992,0.1519327731092437,0.18894830659536543,0.6928333495243602,0.27330988179217375,0.6851238872597745
5.668110441092722e-05,0.8181915521621704,2.5993148872628793,8.155396484170128,12.499154442389866,128,128,87eda6cd4831cfce1316,13.0992631316185,0.46173774265141476,0,0.109375,0.49366293732938904,0.1519327731092437,0.21212121212121213,0.6907650946477257,0.30377946682429235,0.6562710068733613
0.00032276309354983823,0.810113459825515,1.817025491595268,12.572828137555065,15.089615648676514,128,128,87fc0a100d9573fe733a,15.250042796191337,0.48960855043455637,0,0.1171875,0.47189918734510006,0.1111111111111111,0.21212121212121213,0.6931396648240278,0.3023700924369772,0.6842694582738147
7.271737871406003e-06,0.28585445415228594,0.8166623011231418,3.2241686557233367,3.8087812296748176,128,128,882d6c6ee5322082daea,3.8585232198238373,0.1448950708227988,0,0.0703125,0.6069738828903601,0.30193548387096775,0.39655172413793105,0.39118421895895816,0.2015834938572414,0.37181709116137684
0.013125049911650422,1.9609261363744723,2.7521014273166653,12.013914179354948,15.209626032976617,128,128,88376bff59253431c83e,15.24999237096199,0.594952118194648,0,0.1796875,0.4937307361201135,0.14285714285714285,0.25,0.6930814985625071,0.30952836710028137,0.6464156215852918
0.0027646827838907484,1.2191488862037658,2.2149148285388933,12.896891296311669,21.24195706189428,128,128,884561cc5bbadc493775,22.367345307022333,0.6754118152673052,0,0.1640625,0.4828898735735136,0.14285714285714285,0.21212121212121213,0.6930518987777917,0.34960134703480095,0.6796948130006211
0.0001266511604853804,0.7698806779924778,1.6331416450440872,11.251857725143019,14.233043098548363,128,128,8875cfa8fbaff95798a4,14.485054552555084,0.479513450212779,0,0.140625,0.5004175195455504,0.1764705882352941,0.25,0.6931062622627737,0.27404811377730276,0.690924958495033
0.19778253138065338,0.19778253138065338,0.19778253138065338,0.19778253138065338,0.19778253138065338,1,1,8886e53e0f2464d17a6c,0.19778253138065338,0.19778253138065338,0,0.0,0.42857142857142855,0.42857142857142855,0.42857142857142855,0.048820381174955116,0.048820381174955116,0.048820381174955116
0.006126822387159336,1.3168027579784387,3.610878783464429,11.794692870363658,14.74325462486023,128,128,8896c20ee2df2e8b3133,15.115004503168166,0.6587198028584186,0,0.140625,0.4412974252003211,0.14285714285714285,0.17647058823529413,0.6929771882326807,0.39932084572800397,0.6835883804613515
0.329513818025589,4.54443806204945,9.12833250155672,15.379959286432705,16.78657531302981,14,14,894601a41a058a9de2ab,16.94286598265171,2.206470287082531,0,0.5,0.4080460542283202,0.12655405405405407,0.20033783783783785,0.6928499983081973,0.6732921795330645,0.6889384345531707
0.0013839833100064425,0.8743234902620315,2.025839778780935,10.932663147329254,14.323969426661481,128,128,8954f8105325c25301b5,14.498395204544067,0.47762617642884964,0,0.1640625,0.49198899162873566,0.1764705882352941,0.2903225806451613,0.6929312141284019,0.2569673450210873,0.6616458772210264
0.00020870785738225095,0.537564626894891,2.3851477447897103,10.284250081181549,14.103327629029735,67,67,8967311efa9849b79f35,14.527669578790665,0.5388234511098297,0,0.08955223880597014,0.4730842392121526,0.13206349206349205,0.18363636363636365,0.6437299410162065,0.41171844199559016,0.5915321635878003
3.14110770887055e-05,0.36502930130809536,1.462525716423987,8.352362233203683,13.396428088814568,128,128,8991117e98d0854ce753,14.054193139076233,0.36028381966578193,0,0.078125,0.5093577391685268,0.21212121212121213,0.25,0.6918988695124247,0.2438354743675738,0.6192504531054651
0.013426438330498058,1.0175358220934856,1.9996660441160192,13.003340607828337,17.144226792041774,128,128,8a06d79a528541e218f5,17.24998724471334,0.5419190400160173,0,0.15625,0.4953827407917877,0.1287581699346405,0.25,0.6931112207646208,0.27661904039233265,0.6749886881110113
1.2039982777878322e-05,0.21289981864392732,1.1778058815747485,12.138642273346392,15.947730542253414,128,128,8b23aae89e2b97cbbe51,16.000023245986085,0.35790201297290486,0,0.078125,0.48827419802360167,0.1068362480127186,0.25,0.6931390274016183,0.2811086810515348,0.6198315107102427
0.0021546285124713904,1.3267523407936093,3.058368233591313,15.92922372365517,26.4843959799252,128,128,8b2dfb8747d89db9d2d5,27.90056088194251,0.7868833310982564,0,0.1484375,0.4798276574089402,0.09776061776061776,0.21212121212121213,0.6931056115380413,0.45036043692937394,0.6852921869679359
1.4662443845736561e-05,0.3011430753394957,1.5117209644988123,11.74836023158981,17.69645772277005,128,128,8b91c95ec8e031f1ac62,18.062489032918165,0.385695464122075,0,0.0859375,0.4816273876639386,0.1068362480127186,0.21212121212121213,0.6931397823246005,0.3500118694822328,0.568400386411513
0.07989688869565725,2.2632054813206195,6.71229766132018,18.802366701439038,21.105656820759183,128,128,8bb3d900e8717ce5b1cb,21.299979865550995,1.220505863274891,0,0.25,0.4385911839741466,0.06031294452347084,0.15285714285714286,0.6931202519545709,0.6272411209262649,0.6930842272740247
0.00010281217259944242,0.7719951385632156,1.5285798579454422,10.789205983788944,13.276135364571056,128,128,8bece812b2966e60e8ad,13.407213903963566,0.44195743717252306,0,0.1015625,0.44832883007369423,0.11968253968253967,0.18894830659536543,0.6931123292371628,0.24177180429077855,0.689369478190773
0.0044947052374482155,1.2344912409782407,2.60925627350807,11.7248669552524,18.718934584526924,128,128,8befc4301d1546372307,19.37483753156266,0.548575903455883,0,0.1484375,0.524819495764782,0.1490359477124183,0.2253787878787879,0.6927958568423882,0.297607901819238,0.6622315956088416
0.002254052844364196,0.9282962398137891,1.9591086894273733,9.196751659942775,13.469920248613116,128,128,8c1e5aa15fd819f3f594,13.820130616426468,0.47409737880150493,0,0.1328125,0.49005306895071093,0.1519327731092437,0.21212121212121213,0.6929790920858507,0.26434846335323614,0.6308590236697272
0.07871553301811218,1.0361564680933948,2.096123120933771,3.457065820544961,4.079579726636412,128,128,8c52d05567920b9068cd,4.144403100013733,0.3660550374918912,0,0.171875,0.5630098231812174,0.14285714285714285,0.30537634408602155,0.5889690011053016,0.2953795628123134,0.546534233369816
0.00742974230524851,0.789626470208168,2.007978656888003,10.521512895329726,13.46960397444085,128,128,8ca696608976085b57a6,13.883910089731216,0.47466415200847856,0,0.1484375,0.530490160832736,0.1287581699346405,0.2253787878787879,0.6927926366872661,0.2372782509027062,0.6742365148692914
0.042477104813769984,1.318976718187332,2.9030343833379417,12.957901735084395,16.98596513535829,128,128,8cdedbec5dcb3607a810,17.406083397567272,0.6935283156247365,0,0.1328125,0.4660159137001335,0.14285714285714285,0.17647058823529413,0.6928105098104906,0.49810564456967504,0.6763725639256952
0.00022479092149652047,1.0973649851977814,2.4382818324491327,10.265184440432975,15.088517207315277,128,128,8d45273c7baca355e50b,15.528717070817947,0.5072633256963206,0,0.125,0.5027847192641814,0.13996031746031745,0.25,0.6930516729536838,0.3650405663372871,0.6689378139676974
0.01786062214523554,1.3148047789931296,3.0422122590243745,13.673291480634054,14.219177652698011,128,128,8d58d7ecd015e1009d55,14.279179941862822,0.6640057254202552,0,0.1640625,0.4903796559245227,0.11968253968253967,0.21212121212121213,0.6930349006199901,0.36260346774117,0.6695510379702839
0.050518827978521585,0.7127729058265686,1.8531727194786072,2.4473669484257687,2.703500023037198,36,36,8d9d27ac89f477708268,2.731959253549576,0.3191768898893012,0,0.1111111111111111,0.5450290997807681,0.18894830659536543,0.24053030303030304,0.2958790846726679,0.16565473392987023,0.27759239998866114
0.061323825269937515,1.628118589520454,2.8813515067100517,13.318885628904686,23.287481765925936,128,128,8e449e172e5914a2ed53,24.686868861317635,0.8811154392660516,0,0.2265625,0.45235242470459286,0.08108108108108109,0.14285714285714285,0.6927209306013349,0.3941672790403725,0.6888731057092906
0.0038032918264434556,0.9366996586322782,2.8841506607830514,13.881980751534002,20.174161140799974,128,128,8e594cb22054f230205b,20.99992740417656,0.65377583243509,0,0.1484375,0.4953121602782189,0.1519327731092437,0.25,0.6930468832929263,0.4188521601056468,0.6854013158576449
0.00025030123447322694,0.9729179934831332,1.773732644319534,12.99893826556772,14.221953467097453,128,128,8ea630f80d77b6088029,14.245155721902847,0.5091069051477195,0,0.1171875,0.510082284967124,0.14285714285714285,0.2253787878787879,0.6931125168986171,0.2862473782970304,0.6884826794187515
0.005760931162512861,1.1228139847517011,1.7966351673007002,12.816170605798554,15.262080607012047,128,128,8f4588481e3676a1eadc,15.499995112449142,0.5542653329211717,0,0.140625,0.5192291764686425,0.1764705882352941,0.25,0.6931255647235084,0.32858586136882045,0.6811164830037665
0.00020799759954570618,0.983253023028372,3.421463852934528,12.891267377937918,15.931606829914799,128,128,8f67fdbf721ad3636bc4,16.31248378773671,0.6752280032061062,0,0.125,0.49397268573161385,0.11968253968253967,0.25,0.6930569533070803,0.4458698547534763,0.6913658022323802
0.0435063187032938,1.8858610332012176,4.171525654196733,11.461422801166792,13.35300968257125,128,128,8f69f039471770707b7e,13.43768000608452,0.8195165919285254,0,0.2734375,0.4808657756988094,0.1519327731092437,0.2253787878787879,0.6931100611751437,0.33645467340658197,0.6850938162544288
0.00021955048805466504,0.9463939018547531,1.8222837597131696,10.348988920072097,12.41685693178586,128,128,8f7d10ec4ff11a647ee7,12.55023117363453,0.48612979594641953,0,0.1015625,0.46767054460739155,0.1764705882352941,0.2253787878787879,0.6930381697094806,0.33318891010273577,0.6759412095045689
0.00010006880711443955,0.7767097684554753,1.91149726815056,9.311355409344657,12.752251254297478,128,128,8f8115aa4a281d951a7c,13.188938643783331,0.43420039980463,0,0.140625,0.4840829106707701,0.1764705882352941,0.25,0.6927460080241975,0.30726610498883006,0.684868995976583
0.004953382653184235,0.9339645981788629,2.9062604427337635,15.332816974573817,21.057781632343257,128,128,90a604f7864eadd63fa1,21.72082808613777,0.7939591236194807,0,0.125,0.4369036986976979,0.14285714285714285,0.18894830659536543,0.6931065743657958,0.45689935526989733,0.690759682184739
0.004077017627423629,1.1006239298731089,2.6023178353905627,12.75776363444052,16.840730568878108,128,128,90c6e66847e6ce2989e0,17.12491441207385,0.5842921959704683,0,0.140625,0.5237075395267347,0.1490359477124183,0.2253787878787879,0.6928965226597342,0.2751741280564513,0.6810369064382659
0.545307457447052,0.545307457447052,0.545307457447052,0.545307457447052,0.545307457447052,1,1,90cb09757c43708ed3ea,0.545307457447052,0.545307457447052,0,0.0,0.42857142857142855,0.42857142857142855,0.42857142857142855,0.1577006340691065,0.1577006340691065,0.1577006340691065
0.0022023093742973288,0.9535667359828948,1.8926023334264752,11.268372562423542,15.128843631467058,128,128,90d9108ea3f50a7fa1ca,15.293061347678304,0.5143272078946883,0,0.15625,0.4814292187454241,0.1519327731092437,0.2641129032258065,0.6930400643591569,0.33239760610502056,0.6567484771640746
0.00029440212836107094,0.7634845525026321,1.413727673888204,11.401581082688661,12.7872634129651,128,128,913a7010a88cb3a05782,12.812327050822205,0.432959956991237,0,0.125,0.5170644635246225,0.18609625668449198,0.25,0.6924343355445582,0.2364342942100915,0.6703977541497002
0.0002188671351177618,0.4757131531834602,1.8408411681652057,11.662021683128005,14.288558552189619,128,128,919fc529c3a9593bc270,14.312544346528739,0.42566591775410495,0,0.0859375,0.5091464177741984,0.1764705882352941,0.25,0.6930614292754057,0.22164037268998352,0.668404621631263
0.08247569715604186,1.3403683722019195,2.056025464273987,11.655186707824493,13.486491584433155,128,128,91a49406078beb7e97a1,13.49997498994344,0.6103135900740085,0,0.2109375,0.4930971159780576,0.16155844155844157,0.25,0.69293302310909,0.31151556053171486,0.6501345361454594
0.03951064217835665,1.6308017373085018,2.1407890424132314,11.96173276273769,15.533140687066687,128,128,91c9e7555e6cc0e33a95,15.812454821680149,0.6727310693044889,0,0.234375,0.5049468065196436,0.1519327731092437,0.21212121212121213,0.6930889969594178,0.3211730243324461,0.6796605694080634
0.05776697397232056,1.9265784740447998,3.001350034773346,15.371468765386386,18.913926376714446,128,128,921aac59e16f0e3999c3,19.374615288397763,0.8798621546232296,0,0.2578125,0.4954000115769222,0.1273968253968254,0.2253787878787879,0.6928933145528642,0.3206177709387015,0.6859146623162153
0.002483981016666803,1.1761062204837798,2.9290502429474117,14.959006813160393,20.536159542350124,128,128,92700be4ef3a5fb144b6,21.18711800791789,0.7395065474713846,0,0.15625,0.48241434776065645,0.18241558441558442,0.25,0.6928973125006639,0.4240487605969353,0.6902550086862249
0.002106758300215006,1.7155711846426125,3.0087443947792023,14.095009001280706,18.106687302108526,128,128,9283ed42974bc22c2d1a,18.685165377915837,0.7837309760010456,0,0.1953125,0.487954301099477,0.11641891891891892,0.21212121212121213,0.6923675057138048,0.46430027107912564,0.6914350600173154
0.003654717482277192,0.8841815814375875,8.858657126598647,21.720963545028308,24.608417280117024,128,128,929e71f53e0e9b972e90,24.77239434720832,1.1555196691756546,0,0.1328125,0.44713733170827286,0.09513157894736843,0.21212121212121213,0.6930257850924701,0.6291101977067493,0.6924570321774756
1.060841217637062,1.060841217637062,1.060841217637062,1.060841217637062,1.060841217637062,1,1,9300853c0890d31aab84,1.060841217637062,1.060841217637062,0,0.0,0.2903225806451613,0.2903225806451613,0.2903225806451613,0.267376188303162,0.267376188303162,0.267376188303162
0.000702982465554669,0.6648986132815476,2.011132830544371,8.170761203784476,11.274425547364618,128,128,931ae9fab340ba6d5feb,11.568503618240356,0.4063579827399829,0,0.1015625,0.46111028943647225,0.11968253968253967,0.18676470588235294,0.692640766922559,0.284505166469855,0.6398324553680921
0.001065160047801328,1.5280358240008352,2.8296756096184246,12.019632009479123,14.974017969193659,128,128,936d2f4f34bc153938c7,15.187532425057725,0.6220448329307138,0,0.1640625,0.4702109328961733,0.1519327731092437,0.21212121212121213,0.6931288145176417,0.37937154914424775,0.6872923732467197
0.012817417308269796,1.5019243538379667,3.031784296035762,10.33892024820729,13.710399374755525,128,128,9389f0351fc1ddeb54ac,14.177353471517563,0.6956421671739264,0,0.203125,0.48955959938482785,0.07952347083926031,0.21212121212121213,0.692836848470044,0.4714219348127183,0.6784314115810836
0.004911743031243532,1.3669125493899625,2.2032406792044634,11.86826920511131,14.87989162677019,128,128,93fabd5451c8ad06e5a6,15.089716784656048,0.6059990347022368,0,0.171875,0.4879104264071214,0.1287581699346405,0.25,0.6931262988290978,0.36566658740885016,0.6909237397975977
0.7485774755477905,0.7485774755477905,0.7485774755477905,0.7485774755477905,0.7485774755477905,1,1,9406eb6de8dd6e57f948,0.7485774755477905,0.7485774755477905,0,0.0,0.42857142857142855,0.42857142857142855,0.42857142857142855,0.11269870952469616,0.11269870952469616,0.11269870952469616
0.10931896057445556,2.2512646794319133,5.30808310504071,12.18125471632463,13.041122055456508,128,128,9454c66d812ca8015f40,13.047883480787277,0.9493949679082396,0,0.2890625,0.4582728263666432,0.10891891891891892,0.1546218487394958,0.6927139045218507,0.5464001541764221,0.6881183556832193
0.002930150782049168,0.7075853332877153,2.04744898080825,10.68825104195782,13.696532547318204,128,128,94af068ca3cc03a43838,14.043283820152283,0.48732873128327403,0,0.1171875,0.5436482802431858,0.1764705882352941,0.2253787878787879,0.6929988010062598,0.2368388921161475,0.6601809402076764
0.006156193631113638,0.8091568507254123,1.6186362653970696,10.769493109359201,14.024939933297144,128,128,94c9b024e01262064ee8,14.228604918345809,0.47205620956586813,0,0.1171875,0.5018535211920242,0.1519327731092437,0.2253787878787879,0.6930600485219494,0.24151073471065265,0.688423438260213
0.015087112042238005,1.798702438455075,2.7137431576848003,9.165796351360346,15.317712601017952,128,128,94cf79c923820fb44fd3,15.982175290584564,0.6293364326541487,0,0.234375,0.46300902164377344,0.1764705882352941,0.25,0.6930131317793844,0.37786876062477587,0.6854584956593273
0.05492684990167618,2.4105854034423824,3.984937697590789,17.206544275358322,19.732701517760766,128,128,95570564b0d86bc4ec83,20.067918300628662,0.9887355537446751,0,0.2421875,0.4529714284330568,0.05973684210526316,0.17647058823529413,0.6931471730659178,0.611619621043677,0.6912533863385013
6.788613063690718e-05,0.9835479140281662,1.9758899059146628,16.35043760575238,18.572311272001954,128,128,957e647409d483dcce3f,18.873799681663513,0.6248796428638745,0,0.140625,0.4933413716471277,0.17278991596638654,0.21212121212121213,0.6927946626535736,0.31903389696603557,0.6654107926513209
0.014052441692911088,1.7208947122096991,9.56975588255445,15.686509348764085,15.92686324953288,128,128,961c4a69028b1e314bac,15.956195525825024,1.0485414964992406,0,0.1171875,0.4238876468087971,0.10810810810810811,0.14027777777777778,0.692636034729842,0.6406266636688381,0.6925358142445824
0.0036895759112667292,0.9959699369966983,2.407005354762074,13.87160718046362,18.173111634850525,128,128,9626d3af8356ea2c6fef,18.758591204881668,0.7242100757479468,0,0.125,0.479041916055422,0.17278991596638654,0.2253787878787879,0.6929351190614046,0.333361804385188,0.684392166013735
0.0015768716402817518,3.2845951713621635,3.8480994142591953,12.307227383404948,14.706855476930727,25,25,965fd55450bb9cdf7a3a,14.973480820655823,1.0878784415315932,0,0.2,0.40621502891921,0.08132730015082956,0.1836007130124777,0.6871668522100598,0.5926871395101246,0.6660936765672432
0.12027174234390259,1.5359097838401792,2.1929271578788754,14.385411574143223,15.439814315475411,128,128,967d564946aa99428b1c,15.540310118347406,0.7656216147456296,0,0.2734375,0.4913962063245914,0.1111111111111111,0.25,0.6920486806749275,0.3681578061157676,0.6652485400674387
0.001202265699248528,0.7900716597214341,1.6485640089958895,3.3130230060219743,3.5617782001793405,80,80,969bcf6dc5b30ce679ab,3.589417666196823,0.2981242449743844,0,0.175,0.478254062641909,0.1111111111111111,0.2481060606060606,0.5957757470667688,0.23780897723149363,0.4227356107839798
0.0004071162741183798,1.9057651445269577,3.2904233112931243,16.72429812403891,22.932630085855752,128,128,96b96e81b7bf8748754b,23.800180196762085,0.872365093523752,0,0.171875,0.46542120351769206,0.0891891891891892,0.2253787878787879,0.693095923116119,0.4574433033217653,0.6872735773643173
0.00044992015273237485,1.3261956144124265,2.414837828278541,11.914021870344918,17.685544846220548,128,128,96fc9667746cffd347d4,18.124989628892763,0.5462917578035658,0,0.1484375,0.4991676069688309,0.18609625668449198,0.25,0.6931022040466964,0.2695227624432316,0.6341646255972995
0.007410864222038072,2.8721862047910696,4.3204142093658415,13.353604995608325,16.543613541960713,33,33,976788ae5ea5adcb5753,16.89805893599987,0.9777356336249575,0,0.15151515151515152,0.48709598763090695,0.1336842105263158,0.27419354838709675,0.6915199299760215,0.45681992364615764,0.6481381113119813
0.00052669601427624,0.47888001501560207,1.8971481233835186,6.826496193464759,11.798290319020335,128,128,97c0d2ccb5929d573fb4,12.295664474368095,0.33318449717926635,0,0.09375,0.4418126551718148,0.11968253968253967,0.21212121212121213,0.6920406458137247,0.2605228996389335,0.6377914817479735
0.14550146460533142,1.1131576180458067,1.4900776714086532,2.4155404227972035,3.8015932569503854,128,128,97e513b5080922851ec5,3.9972071647644043,0.41450880596925016,0,0.2890625,0.5631994376130373,0.18267281105990785,0.3793103448275862,0.4061438541090332,0.17456459633315688,0.357438156935182
0.00032276401728381643,1.0039942476898431,1.5690594613552076,11.340738906263175,15.906596047069996,128,128,97eef9bf61d78dbe04cb,16.2499995237049,0.48362651282105823,0,0.1328125,0.4837901188379279,0.1519327731092437,0.20220588235294124,0.693117770272287,0.2973038039791946,0.6845603836743674
0.011394724249839783,1.0834343105554578,2.156874185800551,9.800564590278583,13.648331380584619,128,128,98364003f9d14bce5bb1,13.915372632443905,0.506707977162024,0,0.1484375,0.5057025862052881,0.14285714285714285,0.25,0.6928978960496353,0.30493737609596083,0.6510492627088941
0.011196011328138411,1.911345314979552,3.160328977182503,10.678632801817743,12.422172928425487,128,128,98b5f162f676011fb726,12.545945227146149,0.6894573831137332,0,0.203125,0.4375695491572347,0.08837837837837838,0.17647058823529413,0.6913944300550561,0.4554388216227859,0.6822949448959222
0.00014780709261685843,0.8186720443889486,2.080211711674928,12.288017154266683,15.507487423401916,128,128,98e0addd309acdf860e5,15.517674505710602,0.4871175932297855,0,0.1015625,0.5153299922891627,0.1383838383838384,0.2641129032258065,0.6931091090295062,0.3532933019945352,0.6360032406923437
0.00562515717547285,1.506703058630228,3.0797615835763246,14.164981713390969,17.107892952174467,128,128,99240c86f99d4b9aef87,17.374977469842634,0.7292931247986859,0,0.1953125,0.5022697268908867,0.11968253968253967,0.24507575757575759,0.6930574313929079,0.422728236861182,0.6920012910754293
2.6285067633580184e-05,0.2531281000003214,0.9280093360692252,9.610838283901424,13.94340483731218,128,128,995aac7f4f9abac25762,14.453362494707108,0.3589112347446128,0,0.0625,0.5248994696804499,0.14285714285714285,0.25,0.69289606669962,0.1863577321982201,0.6699556379476759
9.929194266078412e-05,0.5222599922679363,1.344427146017546,11.929919235197769,14.064320867118907,128,128,996641191bc8907bbda6,14.082730293273926,0.40509419957873916,0,0.09375,0.49089297940110727,0.1519327731092437,0.25,0.6931178472610927,0.23063307967074825,0.6823869692879629
0.0024539799269405194,0.7880478218197822,2.134289610385893,12.92130098164927,16.61525253380883,128,128,999359f383b8e9ea831d,16.999808449763805,0.6374894849478656,0,0.1171875,0.49386376292188755,0.14285714285714285,0.2641129032258065,0.6922826321164622,0.3872706018790227,0.6918488147220508
0.040435485541820526,0.793849122524261,1.5411985248327245,2.609816015362742,3.4792603294253386,128,128,99b6cb8b077a56f6dd79,3.5809890627861023,0.2943745945621521,0,0.2109375,0.5608727793930366,0.22234848484848485,0.34942528735632183,0.48636792440543036,0.16704027783012193,0.30280944347516636
0.001904962807202537,1.032624804973602,2.8022220148530295,14.885085604817151,20.15330805840327,128,128,9a2f6504c0730ef2af93,20.81242502031091,0.6729725331985663,0,0.1640625,0.4919494112844992,0.1490359477124183,0.25,0.693005750031327,0.49056394048919183,0.6837425751233345
0.017795312738599023,1.03888849831128,1.6195420458912848,7.796821905831408,12.668542224192901,128,128,9a2f9d506b9d5b97607c,13.147486343979836,0.4590828997754649,0,0.140625,0.5024480911113136,0.21212121212121213,0.2641129032258065,0.6925004081101173,0.37834385823128647,0.6671192252666638
0.00036988411864058435,0.7326185125857589,2.544625319540498,9.90852965206874,18.685495877555184,128,128,9a89886f597b566b05c1,19.621678641764447,0.47403791297816766,0,0.1171875,0.5495170179397082,0.14285714285714285,0.25,0.6931083330168022,0.2965687231321208,0.6410100481994109
0.002946385184486644,0.5565187367490578,2.504023215174667,11.436284156967632,14.866561375490866,128,128,9a95484e1fd6565bd8c2,15.17405766248703,0.49875960905731703,0,0.1015625,0.47662239584507443,0.11968253968253967,0.21212121212121213,0.6913883358073715,0.33539580858235685,0.6875016766950935
0.006927764639840461,1.976124730706213,8.706096774531272,23.249818093434797,26.21229889877286,128,128,9ab35f8ac307a8675dc2,26.364665662724292,1.2822905735141468,0,0.171875,0.4572199757686218,0.13996031746031745,0.21212121212121213,0.6931359853688782,0.6592840681149472,0.6930327525593456
0.2882304787635803,0.2882304787635803,0.2882304787635803,0.2882304787635803,0.2882304787635803,1,1,9ac43b6ff5ba315ece1e,0.2882304787635803,0.2882304787635803,0,0.0,0.48148148148148145,0.48148148148148145,0.48148148148148145,0.07281681472638142,0.07281681472638142,0.07281681472638142
0.049788154661655426,1.2487015068531035,2.396571530401701,11.601980663173325,14.425437291020565,128,128,9ad7500312f609d675d8,14.669182360172272,0.627091003091846,0,0.203125,0.5005219942314147,0.16155844155844157,0.25,0.6930570513791724,0.38139729832028213,0.6857619675555197
0.003370160731719807,0.8537871167063713,1.3671111017465587,9.969490132163296,15.223072281353462,128,128,9b9ef644c32991aa20c1,15.682856947183609,0.4704338972920495,0,0.15625,0.5110518003610901,0.1764705882352941,0.2641129032258065,0.6928555522577864,0.28640743365169374,0.5803380976115649
0.8605558946728706,0.8605558946728706,0.8605558946728706,0.8605558946728706,0.8605558946728706,1,1,9c3b8b31da7b1c4b9bb8,0.8605558946728706,0.8605558946728706,0,1.0,0.3793103448275862,0.3793103448275862,0.3793103448275862,0.1689788626151839,0.1689788626151839,0.1689788626151839
0.022718529427947942,1.7895541250705715,6.257824111427157,17.72196118271331,22.60751049011295,128,128,9c3f7afc53df738c5d77,22.952560977078974,0.9281997456884405,0,0.140625,0.4331472606214846,0.14285714285714285,0.18676470588235294,0.692608417428539,0.630638302511655,0.6920276091660931
0.0008531353633713934,1.8812265634536742,2.5810640922747528,7.946897109460874,13.844660539711137,128,128,9c4082ff8ebaef710bdc,14.56750264018774,0.570409556805076,0,0.1640625,0.46314586434483346,0.18609625668449198,0.25,0.6924443296396359,0.435203221117702,0.6723907486553468
0.0006055319681763649,0.9600088231265542,2.0075190812349306,11.142175487876063,13.9884311642594,128,128,9c802a9a9324078179e9,14.159494239836931,0.4675704190850839,0,0.1015625,0.4821767033368645,0.0891891891891892,0.18894830659536543,0.6931220961044386,0.3137953613219362,0.6910579726250653
0.02598601207137108,0.9171657532453531,1.749711370468138,3.808667050218213,4.221987250403502,128,128,9ca3747946a8a6241472,4.2515323013067245,0.324656245404297,0,0.1796875,0.5384506473932112,0.1287581699346405,0.25,0.6367785994428921,0.21857765038306548,0.4505223294894821
0.0011504597059683874,0.457993495836854,0.9990916386246681,1.8097094982862476,2.1724108652472514,128,128,9cab429adafb28176730,2.2226545810699463,0.16000371139885305,0,0.09375,0.5835239029630023,0.2608870967741935,0.3333333333333333,0.3986824251059772,0.1406041184419159,0.2862853239638506
0.0003181173183861574,0.7209102791734039,1.6845783874392506,9.503633566750036,12.97515642687968,128,128,9cb01dd67c3fba73b586,13.253378704190254,0.42682640451775805,0,0.109375,0.4636381901317607,0.1764705882352941,0.21212121212121213,0.6930160986580551,0.36138094586152214,0.6701621737906271
0.011479444743599743,1.4859122782945633,2.63605768829584,10.040786924008327,13.740060193594818,128,128,9cdf3ba74b5a0ee3b82d,14.175028711557388,0.6054983790237202,0,0.1796875,0.4734745029932184,0.1764705882352941,0.25,0.6930048460525335,0.3753969202273848,0.6892358775081477
0.7010027132928371,0.7010027132928371,0.7010027132928371,0.7010027132928371,0.7010027132928371,1,1,9d0138a8e3e579ef5d0a,0.7010027132928371,0.7010027132928371,0,0.0,0.3333333333333333,0.3333333333333333,0.3333333333333333,0.16273496687635203,0.16273496687635203,0.16273496687635203
0.31526218354701996,0.31526218354701996,0.31526218354701996,0.31526218354701996,0.31526218354701996,1,1,9d3a3fb2a4c0240904d0,0.31526218354701996,0.31526218354701996,0,0.0,0.3793103448275862,0.3793103448275862,0.3793103448275862,0.1125969969239578,0.1125969969239578,0.1125969969239578
0.09116055071353912,1.7237113490671598,3.6218246668577194,9.299938667118555,14.81785347178581,128,128,9d4b803381a48c580983,15.567745566368103,0.7459259401532279,0,0.1875,0.5130379038741393,0.1111111111111111,0.17319327731092438,0.6656828776319406,0.4575791026093816,0.6583227704433811
0.06546209566295147,1.946562060713768,2.4218473777174943,2.802075631320476,2.8876269883811476,8,8,9dd138670c5cbedd70db,2.897132694721222,0.6225257880764694,0,0.375,0.42284368728334243,0.2558333333333333,0.2791666666666667,0.24594088871690076,0.23604476940525043,0.2439616648545707
0.09330855429288931,3.4222078949213026,3.651758766546845,3.8053052795678375,3.839853244997561,18,18,9de31f2ceccf49d53ae3,3.843691907823086,0.7277963866645918,0,0.16666666666666666,0.4474385911538303,0.2976344086021505,0.3268817204301075,0.6273047019143556,0.6045888059835546,0.6227615227281954
0.00241509621264413,1.2205165088176715,2.796300791203975,12.495840806922088,17.759651043341513,128,128,9dfe92325c6d5dea652c,18.249874361790717,0.6436073858484515,0,0.1875,0.5144154242419974,0.12656597774244832,0.2641129032258065,0.6928670593543113,0.2650834126090363,0.6729160199225679
0.5643575340509415,0.5643575340509415,0.5643575340509415,0.5643575340509415,0.5643575340509415,1,1,9e5081764b11d20de8d1,0.5643575340509415,0.5643575340509415,0,0.0,0.42857142857142855,0.42857142857142855,0.42857142857142855,0.09986448459568818,0.09986448459568818,0.09986448459568818
0.04522428475320339,1.5474694296717644,2.792456831037996,10.171847960335725,12.665546987924358,128,128,9e57e7c149c2525e0d02,13.025423154234886,0.6709495244989472,0,0.2265625,0.5044626695293801,0.11968253968253967,0.25,0.692894302477796,0.35011861409822415,0.6662503467339971
0.0012971647084079052,1.152062015980482,2.380311487615102,12.84778254177425,19.41576955551566,128,128,9e883909390ab8de87a5,19.999568437953712,0.5817515489920279,0,0.140625,0.5472394806470934,0.18609625668449198,0.2903225806451613,0.6916378288829175,0.28758612615332724,0.6268105773244282
0.0009500611366775047,0.883850975940004,1.9326492136344289,14.334349838769995,16.731551673725463,128,128,9ea6ef4def1dee751ab2,17.062154620391084,0.6211774069875091,0,0.140625,0.497638107163882,0.14285714285714285,0.21212121212121213,0.6929648167787151,0.4096986760468679,0.6849532849724052
0.008589864402893,0.730923679471016,2.7005164425820105,12.052074197810667,13.821002640654804,128,128,9ef31e011066b1bf1745,13.941347658634186,0.5507000825699971,0,0.1171875,0.49707774111288017,0.11968253968253967,0.21212121212121213,0.692554760751643,0.40283713311163527,0.6801832073487026
6.079637671518867e-06,0.27755176331847903,0.6881159968674182,1.262659882381559,1.615249219767751,128,128,9f86b8b0b0607a0837de,1.6620729565620422,0.08616816222567586,0,0.0625,0.6387569656948294,0.3457471264367816,0.39655172413793105,0.2731157817430898,0.15574931626009547,0.23285226988129834
0.0031655820821470115,0.9492239256389436,2.3237664699554372,12.123813467321495,17.085419236954312,128,128,9fa3bbd8817f8b07f0f2,17.371006190776825,0.544694003833387,0,0.140625,0.47683545401407107,0.22234848484848485,0.25,0.6899425225008635,0.3524320491880251,0.6156074759638587
0.0001413711287341357,0.6625350132584569,2.008494080434319,11.204725087713477,13.374331564526193,128,128,a07210bbd9deb8649d3b,13.436137212556787,0.4129008581727435,0,0.109375,0.5096078209296927,0.21212121212121213,0.25,0.6912348331281284,0.29877569686213074,0.6652243179355612
0.0023126179657992907,1.489808905124664,2.4986765936017035,14.080330226369778,17.518786394035168,128,128,a089cb3887a7078bfef2,17.58516961336136,0.6879310845434845,0,0.21875,0.48923350780810443,0.1490359477124183,0.2641129032258065,0.6930566786896616,0.36966552717905954,0.5865059508353501
0.0005176031008886639,0.894563990878487,1.813107123365624,12.03694942726651,15.429334538912258,128,128,a16b67dfd210253216a1,15.625001549752596,0.5467704265294047,0,0.1640625,0.4956837034042983,0.18609625668449198,0.25,0.6931102089057319,0.3152859238462835,0.6679328898832164
0.0007899899064796045,1.0807767253369092,1.9603251353488265,14.168822108316238,16.820967973471166,128,128,a188ea11c8e9e0c5345b,17.183189436793327,0.6291716979017528,0,0.1328125,0.44362943987348386,0.13996031746031745,0.14285714285714285,0.6860070076760174,0.2674317518264467,0.6113371465748862
0.00021233796519481984,1.1186723839491606,2.849759677331892,14.583030859753507,16.899663757071405,128,128,a1adc7b5c2136520c05f,17.062488317609677,0.6221317958587016,0,0.1484375,0.46676760801212336,0.1519327731092437,0.21212121212121213,0.6930964305011702,0.29595752197811864,0.6685261016412407
1.0897080600261688,1.0897080600261688,1.0897080600261688,1.0897080600261688,1.0897080600261688,1,1,a1e01f646e2005de342b,1.0897080600261688,1.0897080600261688,0,0.0,0.3333333333333333,0.3333333333333333,0.3333333333333333,0.25248173443864835,0.25248173443864835,0.25248173443864835
0.002147204802923852,0.6807146273553372,1.3926887959241865,12.284830109422726,14.94577229021097,128,128,a1f1a4c1781b8ac85ad4,15.001550644636154,0.47613925667564816,0,0.1015625,0.5544010644124557,0.1519327731092437,0.2253787878787879,0.6926504402190679,0.2676940565385366,0.6790676259396051
0.005114102117659058,0.8935407772660249,1.971950474381443,14.323119232541362,15.175877353703955,128,128,a257f61788656214c125,15.248911626054905,0.5961240907183902,0,0.1328125,0.4679321296549736,0.1764705882352941,0.25,0.6928204949811463,0.2826085374717473,0.6902248813558574
0.0035562003031373024,1.7512360572814938,2.6796403929591164,10.530472506278972,13.81797906989311,128,128,a263aa43a300710d8f6e,14.227325364947319,0.5958632415861737,0,0.1953125,0.4956379017064374,0.1764705882352941,0.21212121212121213,0.6930276547565697,0.38334797151801614,0.6817301813290233
0.16719528287649155,0.16719528287649155,0.16719528287649155,0.16719528287649155,0.16719528287649155,1,1,a2ab58d1072aa115130a,0.16719528287649155,0.16719528287649155,0,0.0,0.3793103448275862,0.3793103448275862,0.3793103448275862,0.052622144575372246,0.052622144575372246,0.052622144575372246
0.0012331937723502051,1.404836122691631,3.343073957413433,10.012156317532074,12.222767620563515,128,128,a301ba74b17f06f7166b,12.435378462076187,0.6201725935063713,0,0.1875,0.4424642302324255,0.11968253968253967,0.18676470588235294,0.6621836449177325,0.37556654456419125,0.5451591413137858
0.001527411203369411,0.5687242686748503,1.770406284625638,9.823383166030421,13.980219015440248,128,128,a3f66b9b5cba0a23448e,14.359218001365662,0.42710653160851586,0,0.09375,0.5103368291747392,0.14285714285714285,0.21212121212121213,0.6927219948680622,0.29953606850398423,0.666920418320136
0.0005627962900689454,0.5511890444904564,2.4283242881298026,9.878820841965581,16.980531146923727,128,128,a40207274322b3e1c223,17.741417437791824,0.46519568640398185,0,0.1015625,0.5406542854353668,0.1519327731092437,0.2903225806451613,0.6930781719932895,0.26377919752599316,0.621163366659202
0.003447676630457863,1.0567295658984215,2.337981912493704,13.734868595041338,16.654784677516943,128,128,a44bd9b365c254c90973,17.062483430079737,0.6806838230443838,0,0.15625,0.5131843708160266,0.11968253968253967,0.21212121212121213,0.6930964407813571,0.4014440160113574,0.6929826627980094
0.34369173645973206,0.34369173645973206,0.34369173645973206,0.34369173645973206,0.34369173645973206,1,1,a45a8ad71ac273feb96b,0.34369173645973206,0.34369173645973206,0,0.0,0.48148148148148145,0.48148148148148145,0.48148148148148145,0.0774768173143173,0.0774768173143173,0.0774768173143173
0.0007356915612035664,0.5378112872131167,2.5230783079809003,8.377786912531594,14.012298566481011,128,128,a4e8417ddd276771e59c,14.81133792817127,0.4761420146610798,0,0.1015625,0.5070254402662232,0.1287581699346405,0.25,0.6919324704132672,0.28501533259751594,0.6868950135739045
7.30845740690711e-05,0.9697637602686882,2.6732520754318068,6.861378766490175,9.877041319878048,128,128,a5273b224ec8272a018b,10.185878217220306,0.41681303981368617,0,0.125,0.47691487197537774,0.1764705882352941,0.25,0.6910998956440563,0.3786996279225451,0.640006370247197
0.00012408794100338127,0.8668385185301302,2.235526291280985,5.286503597962293,10.256040380179908,128,128,a541a60b3bd352716986,10.964821994304657,0.40510826016196555,0,0.140625,0.4725404369433165,0.1519327731092437,0.25,0.6729764747615465,0.3826436361082763,0.6339953306989214
0.0001497151295097865,0.8196949461718759,2.442322199139741,13.099611427146744,14.866888623625323,128,128,a5ddcca58fe524a182e2,15.062477708255756,0.6335971240595081,0,0.1171875,0.49758765495855106,0.11749034749034748,0.20220588235294124,0.6930186590862536,0.45281160991868236,0.6896550902245947
0.0009401775320760919,1.4623275458839988,2.0631345212459564,7.583930323290427,15.01048194391761,128,128,a61c802f4832f8e1b709,15.88511148095131,0.5424511192317722,0,0.1796875,0.44416331340594833,0.1764705882352941,0.21212121212121213,0.6884664059004175,0.39312435112384003,0.659166698618145
0.0003211491157344426,0.6405033960938453,1.545716667175288,13.386268656601057,17.174248102025313,128,128,a6268e59a9293ae28462,17.374993205174178,0.4866618165900642,0,0.1015625,0.5068619461999325,0.1519327731092437,0.25,0.6931327722473266,0.231317160682057,0.6784715345024196
0.002906620502471924,0.1281212918460371,0.9210022057406565,6.418362202644449,24.00216763639464,89,89,a63f03ec53811afb463e,25.955923795700073,0.4149917228620683,0,0.056179775280898875,0.4739992233107849,0.07766714082503556,0.17647058823529413,0.5705729119515454,0.23744854784155028,0.4977567976698377
0.00693883839994669,1.3676596038043494,3.9758073476026663,22.270736383957566,23.444917499537375,128,128,a6575005446cfdac3373,23.514432704920182,1.0250043014554184,0,0.1640625,0.4839432498300764,0.1388888888888889,0.21212121212121213,0.6924335520094109,0.5358589457501904,0.6917351502500736
0.001860152844528784,1.1169865250587458,2.851376844663172,8.973915661424414,12.437667471135049,128,128,a6a9c247b989bd66f29b,12.802119025960565,0.5101916272594411,0,0.125,0.4452402863122732,0.1111111111111111,0.17647058823529413,0.6628041138991612,0.38590234942667667,0.6190363239837059
0.0002793622679746477,0.12548142657615247,0.43438430652022164,2.41480585515499,3.1781391825079885,40,40,a6be8e14617c62b57e1a,3.262953996658325,0.1311543154060148,0,0.075,0.6307514467052344,0.11828298887122418,0.3254901960784314,0.1936527272119281,0.14620329087226142,0.17968411215884067
0.07470148714492097,1.287824738025665,1.8840349256992308,4.52854831519537,5.015546241402628,128,128,a6c99c53dd3c996670c0,5.0538119077682495,0.41940793397563253,0,0.2109375,0.5528151723637872,0.2203030303030303,0.3333333333333333,0.6143842546988578,0.2832710400806015,0.5645126115051757
5.3284671480469115e-05,0.8144557993859052,1.9180283889174419,5.26241843606855,11.557339213362768,128,128,a6dd8f19ff8afb2e9f17,12.437955364584923,0.3729296877296303,0,0.125,0.47346213504732027,0.21212121212121213,0.25,0.6796821793251664,0.3452268468155816,0.6628964072957593
0.002167591089346388,1.0520562037825583,1.7708091126300123,12.13524229618179,15.465713774213475,128,128,a6e010d44fe9ae79f6f7,15.551658034324646,0.5474604302052186,0,0.1875,0.4891025301202587,0.1764705882352941,0.25,0.6928296207918092,0.3439792719841766,0.532408738525855
0.013086092213370648,1.4794908285140984,2.847066333098335,11.477794985743248,13.203437870988367,128,128,a76e4dff0c698f31708b,13.374699321546359,0.6383627702491437,0,0.1796875,0.5002093314676728,0.1764705882352941,0.21212121212121213,0.6929516739247507,0.3972964854022569,0.671573819947025
0.012134996533859521,3.356766749173403,9.32951633721529,17.280992657542235,19.177847839564095,128,128,a7732562999b53e8356a,19.39652371406555,1.2404598154206132,0,0.1953125,0.38203764109776217,0.1111111111111111,0.17142857142857143,0.6928396658452944,0.6168868570680484,0.6925510040931859
0.25475725531578064,0.8382815659046174,3.59651236832141,14.028658495345123,20.507787905732606,64,64,a7dfe50f4b929c1dae5c,21.227691173553467,0.9895326252207326,0,0.3125,0.5023230750940425,0.1511764705882353,0.3333333333333333,0.6833904214428406,0.34761176812519423,0.5314485389278643
0.048723403367034734,2.529894331889227,4.797371435165398,13.144612325134236,21.99260103017096,128,128,a81d72d476f9bee90ff5,23.1306072473526,1.0085099751508582,0,0.2578125,0.48663240391166784,0.1519327731092437,0.21212121212121213,0.692876332386736,0.4138437957641,0.6633570993191045
0.004238941301082377,0.9152590319514274,2.2857105016708283,11.39075547385498,14.800405828269904,128,128,a8580230fe48daacc4c5,14.999709416879341,0.5409824224822622,0,0.1484375,0.5396374679296667,0.18609625668449198,0.2641129032258065,0.6919357193287,0.32233527583461297,0.6483242595260624
0.00039559340439154766,0.7134031504392622,1.5708341069519496,10.022846207305108,14.954348418112648,128,128,a8ecd7bea4700a787349,15.42955008149147,0.4587753748514931,0,0.140625,0.5238768096821529,0.1764705882352941,0.2253787878787879,0.6930677262503468,0.24450621378653947,0.675453018251824
0.00010810651428982965,0.5444739878177641,1.9881228208541863,11.590600329246396,15.04219863323356,128,128,aa0021b1dec95776b60a,15.310346154961735,0.42699881574055987,0,0.1015625,0.5016169350129138,0.1764705882352941,0.25,0.6910353200155914,0.2641964744886991,0.6753960299077036
0.6220927201211452,0.6220927201211452,0.6220927201211452,0.6220927201211452,0.6220927201211452,1,1,aa0ef6ec2757eb9b5384,0.6220927201211452,0.6220927201211452,0,0.0,0.3333333333333333,0.3333333333333333,0.3333333333333333,0.1488044724685706,0.1488044724685706,0.1488044724685706
8.64199610077776e-05,0.052700150082819176,0.9835255131125431,3.6860937082767466,3.9941838046312337,53,53,aa1fa589ac2da2fd2632,4.028416037559509,0.1876436254232001,0,0.05660377358490566,0.48873195487146415,0.06742532005689901,0.3161290322580645,0.680710413902319,0.17851508936657656,0.5360841313906295
0.001490395266955602,1.1425353952683506,1.7719598948955535,10.906573729687404,13.623122080454664,128,128,aa33bff500df7c110865,13.687241948733572,0.523983174043499,0,0.1484375,0.5110422028690658,0.1764705882352941,0.25,0.6925864049654142,0.3253049267630816,0.6537266022192969
0.001077714832035781,0.5047214895486827,0.801549208164215,1.7145882632583398,2.0830828145816938,128,128,aa7fdc9f6792e0702f0d,2.1189594864845276,0.14987158313411775,0,0.109375,0.5793242090860515,0.22234848484848485,0.3333333333333333,0.39973814209027736,0.09077758937687226,0.3249801929165185
4.970829380113173e-05,0.35999487475492054,1.416729860752815,10.462738935042182,14.575380145361262,128,128,aa9eed7972487501f260,14.777283549308777,0.3636081190039667,0,0.0625,0.49921165972753667,0.14285714285714285,0.2641129032258065,0.6930074907460891,0.18735565840432444,0.46890813964407774
0.0006646052802352642,0.7506647652015084,2.5295640915632185,14.88539893970825,19.032344597046986,128,128,aacdb2fa0cfc8cf69fd2,19.624684035545215,0.5829495631779338,0,0.109375,0.5010173135457676,0.11968253968253967,0.18894830659536543,0.6929452762717971,0.32845962844666954,0.6833559784906457
0.000982774611657078,0.9468061211984596,2.7402769923210126,11.754464170695313,16.330997655741534,128,128,ab4d5a34d4802255916c,16.687245166511275,0.5364329338347741,0,0.1328125,0.4984153900931403,0.1287581699346405,0.25,0.6927061136982211,0.30967416115647917,0.6734780827669284
0.01341203921037959,1.1446525931358336,2.4655080365948336,9.549084427693467,17.82790644868144,128,128,ab5327f0f03033c3ab78,18.8749905825307,0.6105490887009744,0,0.15625,0.48436749569166343,0.1287581699346405,0.2253787878787879,0.6931114805517478,0.31702379711448375,0.677789145486856
0.00013151941311662085,0.4153132952749728,0.8407947348430749,12.34441419534442,16.12938253920105,128,128,abd35a4fb5342b41ec47,16.466423079371452,0.41703799001620695,0,0.0859375,0.5319671224582554,0.16155844155844157,0.25,0.6931216945223528,0.17927449267176,0.665387119806298
7.164169119278085e-05,0.2522616863250731,0.9905440306429214,9.08643739443232,12.918301480566786,128,128,ac0dd47b06151340476f,13.160914063453674,0.31422342236761,0,0.046875,0.48032261512531244,0.1287581699346405,0.2253787878787879,0.6929510062003285,0.27576981883589335,0.6260559785308724
0.023598337429575622,1.9401075231842677,11.388232006918399,16.92577231149917,19.932506513791612,128,128,ac15e5601e1bcc9efaa4,20.33773162961006,1.2259049840672844,0,0.1328125,0.41282953815632006,0.10810810810810811,0.14285714285714285,0.6926187376208766,0.6656015951030636,0.6924842727939851
0.00012581066221173387,0.6516968689946221,1.6180488924961534,9.351208638733608,13.350470869170378,128,128,ac6d97352839b263211e,13.72835323214531,0.4226456948450044,0,0.1015625,0.5107097628680847,0.1764705882352941,0.2253787878787879,0.6929591029212057,0.332486637797767,0.6742545456084006
0.0009690988811712486,0.9204838620498768,1.504408082133158,9.92683561093628,13.99459411166087,128,128,acbcad92b5ea369d147f,14.284763842821121,0.45106800575133377,0,0.171875,0.4986303244599218,0.1519327731092437,0.21212121212121213,0.6927922702288674,0.3029377084610139,0.6470950755296054
0.009020907556987368,1.2048083320260041,2.17186962366104,15.325466661967935,20.527509058419263,128,128,acd255280116b0034b6e,21.24070529639721,0.7274043064089935,0,0.125,0.48338762768790694,0.13996031746031745,0.25,0.6930747194896616,0.3870416854793015,0.6837219781919162
0.0001467334811877663,0.8849048774689433,1.7989088594913454,11.303767140670361,15.641744754137985,128,128,acd9df34d2b7516bf52a,15.862392842769623,0.4424306917963637,0,0.1171875,0.4752462999832488,0.18441176470588233,0.25,0.6931353772141247,0.32627414401054006,0.6470338359965483
0.08674217388033867,1.2974474430084222,1.7856532245874397,5.861200950052596,15.808139591099746,128,128,acf61ecfc22328f5522d,17.18791057355702,0.5680180150390073,0,0.1796875,0.5335221467978648,0.2332355816226784,0.3333333333333333,0.6880219919757662,0.2550814286925286,0.5819187461425115
0.0020411431905813515,1.756875623017549,4.446701398983707,11.73832471765345,14.071830687485647,128,128,acfc6b337ad661fd5fc8,14.405108168721199,0.762424959320309,0,0.15625,0.5034288776492212,0.11968253968253967,0.18894830659536543,0.6929944633142746,0.5557498520098884,0.6914561786220206
0.001534893882308097,1.3996328353881835,2.445483285188673,12.316250969408411,16.616003378637362,128,128,ad3864187ac1c66ce7c4,16.874975324082698,0.6254398869363206,0,0.1875,0.4760550605903227,0.1519327731092437,0.25,0.6930054355535482,0.406912257634935,0.6672547928605687
0.008428911220107693,1.3222089156508443,2.3544632905162843,13.46560066526151,16.00300015972676,128,128,ad7850c1819c4b1a3905,16.00343719869852,0.629003310285227,0,0.1796875,0.5219452883618755,0.1287581699346405,0.25,0.6931284026919468,0.37629749078008046,0.6771621108332097
0.02576969313668087,1.0785738106817007,2.13354197144508,12.533263656295336,15.597227768834516,128,128,adb1a95cbe5883885c12,15.81249415889397,0.6163979571530566,0,0.1484375,0.5182886196233449,0.1519327731092437,0.25,0.6931102444077766,0.3512624842432941,0.6794204563381868
0.010037805812316947,0.18715902082622055,0.22310725059360256,0.2518658344075083,0.2583365157656371,4,4,adea85cac28535807490,0.2590554803609848,0.0699457531227381,0,0.0,0.3333333333333333,0.14857142857142858,0.17142857142857143,0.08712824140397143,0.07457803471965235,0.0846182000671076
9.60107718128711e-05,0.8470707565546032,1.3046696692705138,11.810773325596042,13.568449876832494,128,128,ae1c36af6cd036462698,13.60567094385624,0.4569648655419003,0,0.109375,0.5136495826334437,0.11968253968253967,0.21212121212121213,0.693114440516299,0.27964469393557523,0.6902969171440725
0.0007504548539145617,1.3685923039913177,2.11485140621662,11.495837392457787,15.444272185519749,128,128,ae1d3c3ebd37de909450,15.749910717124294,0.583673979568073,0,0.1875,0.4902726775287193,0.1764705882352941,0.25,0.6927525808703001,0.2822588344115998,0.6633995084740176
4.845732422609217e-05,0.9098695278167723,2.4638394653797144,10.999245249033002,14.84235265460949,128,128,ae4deb49b720719f3794,15.124998211864522,0.4889463705064281,0,0.1171875,0.46039800215324633,0.1519327731092437,0.25,0.6931445635405448,0.23309135517111212,0.6757832730461457
0.0004383916640051666,0.6078416250646114,2.228350463509557,17.98074116818316,19.63889364046041,128,128,ae64f920171458ed51da,19.850036468356848,0.7232114954199353,0,0.1015625,0.44604169884629324,0.13996031746031745,0.21212121212121213,0.693111399952083,0.4259867983499197,0.6834080803389259
0.08296504057943821,1.451144969463348,1.994222311675545,8.564883731538435,9.70546829439828,128,128,aed7606ab3e13cffdc71,9.820208678371273,0.5670927577976435,0,0.2265625,0.46250183202301604,0.18609625668449198,0.2641129032258065,0.687299509328916,0.33278060346001287,0.6134386670816274
0.02133490890264511,0.02133490890264511,0.02133490890264511,0.02133490890264511,0.02133490890264511,1,1,af5113a1465fed7cd13a,0.02133490890264511,0.02133490890264511,0,0.0,0.25,0.25,0.25,0.014354757663933177,0.014354757663933177,0.014354757663933177
0.05071757489349693,1.3040076464414596,2.3336061596870397,4.548909786939622,15.034206471979672,128,128,af6db32e97dc2fb5486d,16.55015343427658,0.5449504069141611,0,0.1953125,0.5484447034623592,0.18609625668449198,0.3793103448275862,0.6901291274396936,0.20334625095262554,0.4311864728233443
0.17186561261769384,1.9776011109352107,3.607409600727258,9.20898933708668,16.133864672102536,128,128,afc743ef9a5874b2461d,17.119367618579417,0.8849378077811529,0,0.28125,0.49117164934571184,0.10810810810810811,0.21212121212121213,0.6931431106392105,0.3900399370597592,0.6724243738829405
0.001617302951842703,1.2683478206396093,3.415260422322899,14.524148280501844,20.50325321022302,128,128,b034860f5bcabdf1a129,21.249507191067096,0.7655812245065304,0,0.1484375,0.4753425990708411,0.20756684491978608,0.2641129032258065,0.6928337528440118,0.4496796847407856,0.6903965132121859
0.26471737027168274,1.4861659338697801,2.049968152027577,2.5919407710433,2.7151325832307336,22,22,b071910cea16795cbdd8,2.728820562362671,0.558416986881086,0,0.22727272727272727,0.48366165394176314,0.21212121212121215,0.21603128054740958,0.385175604628689,0.35547153399059245,0.3805915182671633
0.0008396390876441728,0.8331233020653592,2.85757553577423,8.96620790574643,14.12697253670016,128,128,b09000fac23e363e3fd8,14.718169197440147,0.5019146066665516,0,0.125,0.4999476139188733,0.1519327731092437,0.25,0.6923353061230296,0.2581026022971443,0.6755168176526365
0.0574069214053452,2.187156798690557,5.3302699908614155,17.23516443042088,20.354174709789458,128,128,b0a965647293db98058a,20.458188951015472,0.9764516687089326,0,0.203125,0.39796104725777426,0.08108108108108109,0.12083333333333335,0.6896220784396665,0.5876566340965736,0.6806293162078405
0.0003034569722331071,0.9289699241518972,2.1135644259957136,13.433522090922343,14.583363536284194,128,128,b0a9bb0afb7b481d5721,14.740996272303164,0.5707414704241089,0,0.1640625,0.501666918478541,0.14285714285714285,0.25,0.6926569255474151,0.3128507694996853,0.6789836952884368
0.012926086521474645,2.505310242436826,8.906399965938174,17.264753218069686,18.361468671627343,128,128,b12a6a59c09d9bad5ef6,18.39948558807373,1.1685537130420052,0,0.1796875,0.41485064996579585,0.07894736842105263,0.14285714285714285,0.692072983892124,0.6721183728678284,0.6904337550182289
0.0007195641228463501,1.0922290682792664,2.6253498271107585,12.789884732589137,14.170192014312782,128,128,b198a0f99d432c1a33ae,14.249858756491449,0.5819209802720523,0,0.140625,0.5003223199158938,0.21212121212121213,0.2253787878787879,0.6926940720388219,0.2610411743192519,0.6502779252176466
0.01665522565599531,1.5106470227241515,2.5100258004502387,11.898124976971118,14.200882955309899,128,128,b1fe0419402db21c5a4e,14.211919836699963,0.6465373549804754,0,0.1953125,0.4690222419979139,0.11968253968253967,0.25,0.6931380471396829,0.3676886317042168,0.6895596320659368
0.008608134463429451,1.3932348132133483,2.5011081278324085,11.813561798292218,14.43194627457612,128,128,b204a181e3e00826a19e,14.749980093572958,0.6320935343354803,0,0.1640625,0.4404329830631782,0.14285714285714285,0.17647058823529413,0.6930584515039138,0.4068318545466464,0.6809181481321807
0.0018878935516113415,1.895471125515177,3.2863056380301714,13.512574975319122,14.684892866335812,128,128,b217461f90bb5f1d65e1,14.757237434387207,0.7652392870745652,0,0.1875,0.4597999712404089,0.12656597774244832,0.21212121212121213,0.6930536114508983,0.4515768645197702,0.6844629385975023
0.11973391473293304,0.11973391473293304,0.11973391473293304,0.11973391473293304,0.11973391473293304,1,1,b223c585663fb9113d4d,0.11973391473293304,0.11973391473293304,0,0.0,0.3793103448275862,0.3793103448275862,0.3793103448275862,0.03660736378200698,0.03660736378200698,0.03660736378200698
0.003010379929037299,0.9497225314378739,2.5147787250578397,11.684276020840338,13.618064900815117,128,128,b267b1d8fdb1682a8503,13.86256867647171,0.5850300705782677,0,0.1328125,0.49294164232157683,0.21212121212121213,0.25,0.6924733197781402,0.3501178095901173,0.6621512142895594
0.029687440022826195,1.5415179818868636,3.7091096168674955,22.2174237343773,23.44938943893057,128,128,b2a55e9ede85154e09ca,23.603457456469187,1.089086796038647,0,0.203125,0.4779656971824532,0.06662508662508662,0.21212121212121213,0.693147178708837,0.46246901540190877,0.6930701467053766
0.02151279809186235,0.8435344606637949,1.8867651849985116,9.961306520704017,14.064973290801746,128,128,b2d2cc5f889eba3a6362,14.328998118638992,0.482778383220001,0,0.1484375,0.5086048853935765,0.21212121212121213,0.25,0.6929723418778577,0.29715909604566654,0.6518346674299299
0.05549831222742796,1.2231263130903245,2.0287081599235517,12.720388533317031,15.105323034485606,128,128,b2fa3880d28f9084e55d,15.312485507252859,0.6184411473372824,0,0.171875,0.49886509574212046,0.18609625668449198,0.25,0.6930300565109762,0.2881898870377357,0.6858930947759714
0.0005757219423685456,1.2196323812007903,2.9659611880779257,14.212399715324867,14.880709300507503,128,128,b38502456d186988ae50,14.93723157903878,0.6819978706084888,0,0.1640625,0.4926162562176716,0.1519327731092437,0.25,0.6922778911475904,0.30554933319880495,0.6896878703800524
0.0010703473526518792,1.504880602657793,13.355190707743143,20.07240425526165,27.38193136052046,128,128,b388ad7ac53f3337113e,28.38575169444084,1.36260999853671,0,0.125,0.47517724775325226,0.0868207681365576,0.20806595365418895,0.6925949522269874,0.6739798718453772,0.6908985111906749
0.007461932062142296,1.1920544283435444,2.3526331050939886,9.546283278483887,12.421673263407758,128,128,b4160018816b653e91d0,12.573923531919718,0.5344951044390296,0,0.15625,0.4793000629341035,0.11968253968253967,0.18894830659536543,0.6930530005017352,0.32005533244883433,0.607018481824221
0.12934529362246394,1.1265756011009214,2.64467600220814,4.906754574712254,9.084854414500608,128,128,b45cc3aca2d6e7f0120f,9.649299591779709,0.5087432644269541,0,0.1796875,0.5049523606216344,0.1764705882352941,0.21212121212121213,0.673248873426455,0.3547409652195016,0.5891320673024019
0.0007431577519128041,0.5358144678175449,2.3082351687364144,14.683975872229801,20.369148974031233,128,128,b4c48d83a09d9463dcfe,21.0181325674057,0.648707799013507,0,0.0859375,0.5095842793616768,0.15057142857142858,0.2253787878787879,0.6930522318467005,0.20684265685005726,0.6894187533194349
0.09251904487609863,0.9964215755462646,1.829174391925335,2.450783087313174,2.6721171928942224,36,36,b4cf9e238a262ba78803,2.6967098712921143,0.35338259117028453,0,0.19444444444444445,0.527719401171855,0.2121212121212121,0.24053030303030304,0.372197860051061,0.1944634368461997,0.32139119546085776
2.1636050433926357e-05,0.3358927775174379,1.0565348327159874,8.551411317604511,13.13367341441224,128,128,b4e3fcec2214baefc401,13.616784512996674,0.33240184863325356,0,0.0703125,0.5238341648927975,0.1519327731092437,0.21212121212121213,0.692830538439263,0.20652359357169425,0.642009655534799
0.02185719681824594,0.9069530814886088,1.9088113170117114,11.603134694614859,13.730964991431694,128,128,b518504084fdf1366efd,14.001546144485474,0.5298625146064453,0,0.140625,0.493632847015594,0.1519327731092437,0.21212121212121213,0.6928083169365395,0.2621289773574465,0.6821054151186663
0.023945415290654637,3.724066667584702,10.32914891541001,21.584009459915833,24.032368021194195,128,128,b575bb31ce7c36d57ea6,24.373718749557156,1.434704922390633,0,0.171875,0.4211367186301094,0.08837837837837838,0.14027777777777778,0.6929889412986169,0.6811592194287202,0.6927849239625605
0.01645329456368927,0.9885492622852321,1.7455515280365943,12.036313004566942,15.729746444319398,128,128,b5e003ce3c7ed4050d58,15.945016421377659,0.5684311628592214,0,0.1328125,0.510864110065593,0.1383838383838384,0.25,0.6930008068386158,0.30248777225135803,0.671739488867229
0.0012520379932539072,0.8994036806747334,4.97371060748118,18.013148005341645,18.357012788595163,65,65,b616511e9e573c0e2d55,18.395219986734446,0.8901940576669558,0,0.1076923076923077,0.442600431255426,0.09953216374269006,0.172436974789916,0.6915709307260096,0.5928476125875372,0.690067997996332
0.00026078425980813336,0.739934543520212,2.4865582437254456,12.207254507772769,14.66576591899273,128,128,b626ba92c6a2f11a7ec1,14.749992490096702,0.5276474211554536,0,0.109375,0.49059000955755155,0.11968253968253967,0.2253787878787879,0.6930435826978733,0.35516667342041175,0.67732080019002
1.7940697375706804e-05,0.3867362881312145,0.7582679659128182,11.48631365993268,13.900406093285604,128,128,b628ae1f1feeb4f3610f,14.195192039012909,0.40433864991187696,0,0.078125,0.528554843208492,0.1764705882352941,0.2253787878787879,0.6929186511641503,0.1970250909954867,0.6762955122042649
0.0069724503555335104,2.1838026294950397,5.224385196343057,14.561320466194308,22.43284652072754,128,128,b645cc818595bfb8c669,23.51674123108387,0.9897775040895866,0,0.1640625,0.4871692163099525,0.1519327731092437,0.2253787878787879,0.6930711978909617,0.5319431017312181,0.6752826465171484
0.11859797779470682,1.8348934888839712,2.8752663910388914,12.975080066343214,13.89300170381818,128,128,b69f7e4585abe21bd34a,13.977427080273628,0.7823756937012354,0,0.2265625,0.5103090527836165,0.1963235294117647,0.25,0.6931175569860271,0.34265097249202314,0.6891328436277089
9.417309684067732e-06,0.2793693669140337,1.0742070676758868,12.77345106029135,17.873835483075315,128,128,b6d2ea6a87cf26831602,18.124988794541423,0.38491013700478544,0,0.0703125,0.49070893794493964,0.1273968253968254,0.25,0.6931406627567651,0.27108927212085077,0.6317458064077711
0.001701840856412673,1.7445874661207195,2.692899627517906,10.403156474269963,14.568887246097084,128,128,b7276f246137fc7db1bc,14.81244790762139,0.5607047476762467,0,0.1640625,0.47161798493018964,0.14285714285714285,0.25,0.6928641357485323,0.43062760730801286,0.5777769801235033
0.0030912157749298785,1.1993701547384261,2.1477480849251114,9.751805391715974,13.772734826079144,128,128,b72a3233d577327650f5,14.176073079928756,0.5231269390996129,0,0.1640625,0.4883335973433095,0.1963235294117647,0.2641129032258065,0.6930459173466481,0.29765728122174007,0.6907675345500166
7.843438106647227e-05,0.1549111161555627,0.8633996328804627,12.401879336643042,17.420095681549306,128,128,b752c673f8851f03ce3c,18.060836642282084,0.40125527783293174,0,0.046875,0.43973137089447545,0.1764705882352941,0.21212121212121213,0.6916366119205475,0.2250681579260232,0.6798133206431005
0.008678862937813392,1.2045527219772338,2.687044927477833,12.155157240526115,14.46327461405193,128,128,b77295d8220def51e089,14.621587641071528,0.6004982879387466,0,0.1640625,0.45106647846288644,0.11968253968253967,0.18894830659536543,0.6930778324952133,0.35990456683926697,0.6851774390940238
6.967223816900514e-05,0.4064238077960908,0.8061876753345121,11.41898001208905,14.516672513983844,128,128,b787f812a0f484d476bd,14.62526476457424,0.36432234140567415,0,0.0625,0.46793045377031417,0.11968253968253967,0.2253787878787879,0.6931028599743203,0.21190850391523663,0.6499740026736671
4.3032639268858475e-05,0.14463919056579433,1.0706295251846298,11.809123290514119,18.952000804323156,128,128,b8d212fe0cc11ca2d611,19.873491596779786,0.41452471953851294,0,0.0546875,0.4425911845750569,0.1519327731092437,0.21212121212121213,0.6922830203848612,0.21034511620759205,0.6869115886709678
7.509846727771219e-05,0.9514905661344527,1.7627326518297144,14.758836541090869,16.018711420863056,128,128,b9925756fe5a63d251ca,16.112479410134256,0.5095114605322271,0,0.1171875,0.5052301294565117,0.14285714285714285,0.21212121212121213,0.6922708171601524,0.25374741602172096,0.672438124304613
0.00691602081496967,1.2548641562461853,2.289386333525177,11.564328359130684,16.60554960601767,128,128,b9944190cb64ba69b93b,17.187500476862624,0.5775482359665398,0,0.1640625,0.4870149406586273,0.1764705882352941,0.21212121212121213,0.6931216700815204,0.3611177616376317,0.6796476495003031
0.06914482917636633,2.8283937931060787,6.1527306082847115,26.29062614027294,27.190249610129634,57,57,ba01c89739c4bf8682c4,27.290207773447037,1.7325577628513729,0,0.2631578947368421,0.4598626744452763,0.12534534534534536,0.2,0.6931356581980426,0.45494568442137623,0.692998759640082
0.05040705291321501,1.3136776968836785,2.56850846484303,13.87866059496941,14.734540031313491,128,128,ba83654c6db4c4cda557,14.819486677646637,0.6979665731384443,0,0.125,0.4418045910140907,0.14767460317460318,0.2253787878787879,0.6921947581821739,0.4398536691416519,0.6836788744613888
0.0031746128847771615,1.0543142220005393,2.0527863321825834,11.259333104690333,14.103504449081234,128,128,bb8ce4684ce6e426b000,14.227698028087616,0.5302086515293899,0,0.1328125,0.4914581073555299,0.1287581699346405,0.25,0.6925823437508464,0.3889046739130826,0.6736318954444324
0.00020405683244462125,0.5353214821778236,2.2881522651237853,13.398733368515977,14.583687627104812,128,128,bba721733ded75f1170e,14.686325900023803,0.542524228127613,0,0.09375,0.5124638863962061,0.17278991596638654,0.25,0.6914532348765878,0.2790403720454497,0.689313470289901
5.471455733641051e-05,0.045700540614780044,1.1941798761486984,3.972604819536199,5.4838095971345915,53,53,bc9219c4fac4c2044ddc,5.651721239089966,0.20948859577555903,0,0.05660377358490566,0.48236110392451415,0.15526315789473685,0.27419354838709675,0.6786730194876267,0.1335270972743109,0.5718064972852341
0.00015978512692527147,1.0068144559860228,2.2862371206283547,10.818549346124726,14.467352802585468,128,128,bd53884ccd5ee3180a61,14.82630005478859,0.5154993619969271,0,0.125,0.49240676083776114,0.11968253968253967,0.25,0.6927537184550467,0.3102302189968217,0.6622323035571235
0.015284895906233942,0.9271215975284575,2.3534525662660584,12.443677254903621,17.50306027975136,128,128,bdd3e214dd93f3c0bd4b,17.99985684073181,0.6016299101951883,0,0.1484375,0.5185650190688846,0.1490359477124183,0.25,0.6929474633539082,0.2873123500058643,0.67905035026239
0.024282172322273254,0.024282172322273254,0.024282172322273254,0.024282172322273254,0.024282172322273254,1,1,be4c947cc3d85710ce19,0.024282172322273254,0.024282172322273254,0,0.0,0.3333333333333333,0.3333333333333333,0.3333333333333333,0.01422776758058271,0.01422776758058271,0.01422776758058271
0.002535784926294582,0.6101793319045097,1.6668211191892581,12.847340532709508,13.848972315083259,128,128,be7ff1f59474eefba88e,13.881828308105469,0.5300193804151944,0,0.1015625,0.4810470637737418,0.18609625668449198,0.25,0.6924632467579059,0.2837560034765751,0.6886163235173375
0.00013123961230121495,0.8342944882810113,1.718740731477737,9.01894119650903,12.25573926319369,128,128,be91132ff734fbb21c7f,12.471091436222196,0.4185781283204721,0,0.1171875,0.48374052462470407,0.14285714285714285,0.2253787878787879,0.6560852201084149,0.28201778447178544,0.6477131178296802
0.19306275248527527,1.9644698441028594,2.580783891677856,6.703811480086301,10.590970393918532,128,128,bec7cc3e445ff83d419f,11.110473965818528,0.7068687983877346,0,0.25,0.49323891279746807,0.18609625668449198,0.2903225806451613,0.6905353638745502,0.3742487266917366,0.6265495268698713
0.00045037900326860836,0.8423128940165041,1.5806736886501311,9.689709864305051,12.263922353583194,128,128,becef82711a16a82a1db,12.538502514362335,0.41159651525866325,0,0.1015625,0.4718578225665159,0.11968253968253967,0.2253787878787879,0.692761319813997,0.25138287288732564,0.6460222673167458
0.0003111274527327623,0.4123512180522084,1.511580084450539,12.306811524567337,17.88463829766162,128,128,bed9c21b0ed2162db531,18.437434914099867,0.4700933415460364,0,0.1015625,0.5198130155351712,0.1764705882352941,0.25,0.6929693916922072,0.252562539321368,0.683650102128557
0.0003771053037553429,0.9123097598552703,2.121797970216715,8.81994093085543,13.942456714050909,128,128,bf08480c2da63ae571d7,14.515932098031044,0.4574004136758863,0,0.109375,0.4615281000559009,0.1764705882352941,0.25,0.6928864486583131,0.348347071585184,0.6790549393006988
0.0016023118841985706,1.2062417499721048,3.317920921742914,11.258912227206032,12.910563740369883,128,128,bf08c6b10779c97c8ca4,13.015747666358948,0.6041459800022224,0,0.125,0.48165232770511146,0.1519327731092437,0.2253787878787879,0.6930532583975608,0.33003687021103234,0.6784544608534748
0.011041088524507359,1.2904883198440074,2.246356613934039,16.537551178587538,25.933020918772087,128,128,bf44443e3c285ae53128,27.19618753856048,0.9320445207450976,0,0.1953125,0.4726119609914695,0.06031294452347084,0.25,0.6931471805382816,0.44791675918739504,0.6930887813418279
0.02715545883984305,0.7999547533690929,1.471010992676019,15.567618448138246,18.047961652576934,128,128,bf469589b76ea27c8ca2,18.305854439735413,0.6489264055713875,0,0.1171875,0.4657779979874484,0.17142857142857143,0.21212121212121213,0.6924295640618865,0.26816045703159636,0.5504223795539784
0.004481628129724413,1.353184484550729,2.5990104310214477,12.045582177731589,15.393766769386223,128,128,bf63fa3677346376fc53,15.562370190018555,0.6307051903063883,0,0.1953125,0.47188940062772144,0.1519327731092437,0.2903225806451613,0.6925939233492622,0.4072157892116944,0.6589393297481345
0.05790278230688273,2.060732800420373,9.425866521395406,17.856306498865614,20.806674010280997,128,128,bf8f0089365cad4d6114,21.060840129852295,1.239074066198952,0,0.2265625,0.44662811992346274,0.11861111111111111,0.15285714285714286,0.6914252568883739,0.640186468877114,0.6885031866214646
4.3331445567673654e-05,0.8147351756691925,2.61811729073524,13.911586627215177,18.01732524011166,128,128,bfe8a9798aee085a1c86,18.312476754554154,0.5862896470340014,0,0.109375,0.5046243401842316,0.1111111111111111,0.2641129032258065,0.6930467746002484,0.30611249940651947,0.6592846355609308
6.80053553878679e-05,0.7896979749202722,2.5970665805041784,12.6688776333191,17.196549149247797,128,128,c020196944c01846750b,17.470637172460556,0.5418322576516998,0,0.125,0.48733199531879073,0.15866161616161617,0.25,0.6929868767806695,0.3384562587784525,0.6427146695955355
0.014375408762134612,1.7479751709848634,4.639554923772797,15.09593668353264,20.371912919878987,128,128,c038239dde553577c4b2,21.104005694389343,0.9551844874644444,0,0.1640625,0.4843573579454642,0.14285714285714285,0.21212121212121213,0.692942630177726,0.5391067796978368,0.6802474431396993
0.00131500942495677,0.7039254324743522,2.738401271402827,16.277810501456266,18.4097827975414,128,128,c07310bb794929f18b23,18.687451721496473,0.7600123989984569,0,0.1171875,0.49099702648499693,0.09776061776061776,0.2253787878787879,0.6929240510701564,0.39134832209460296,0.6912087006446728
0.001864005098468624,0.7135437637567518,2.3835188494937,7.04097948677839,9.112128926865763,128,128,c09cc454c37cd68fb6d9,9.297511339187622,0.4201897383881753,0,0.1171875,0.5056844774056984,0.21212121212121213,0.25,0.6631002836125945,0.4095337342993668,0.6124216228631131
0.0036050094895472284,1.1979227513074868,2.4548882260918603,14.280592521694494,19.709736837543225,128,128,c0c47e3171abe1ef6d44,20.43710406741593,0.6743182722247931,0,0.1640625,0.5130627727588805,0.1519327731092437,0.25,0.6928649971683152,0.3619882112517656,0.685841394914136
0.0012208362386445515,1.0913332931697366,2.963299405574796,12.3093456580758,17.84699822811423,128,128,c1319949b1b59eb5dd1c,18.270265519618988,0.61895594763807,0,0.171875,0.4994159437133256,0.15057142857142858,0.2253787878787879,0.6930927466491763,0.3113455093994426,0.610605951464432
0.04252087511122227,1.7076916635036468,5.740237456560118,17.74889192335015,20.1233158901684,128,128,c15f2056c137db74bdd0,20.250364480365533,1.007844888592837,0,0.21875,0.4798747556414478,0.10810810810810811,0.17647058823529413,0.6931429250355918,0.6211936869969368,0.6927794733975282
0.02080140996258706,1.5540172383189206,2.139843368530272,8.341505836769988,17.003542072705994,89,89,c16b0f2b43220f626cda,17.96599054336548,0.6116494296419311,0,0.1797752808988764,0.47413170554643974,0.13904761904761903,0.21212121212121213,0.6902675147161947,0.3212077696360396,0.6874364290982954
0.07774916477501392,1.1562980949878687,2.0036218047142027,2.5709604156017303,3.365602551877503,128,128,c173dc51d47cf438e861,3.4793997406959534,0.3758483378891078,0,0.203125,0.5686648317434795,0.21212121212121213,0.25,0.4653582435508992,0.298267386301324,0.43685734922690145
0.0018267215527885128,0.8347785845398898,2.819414420425884,15.060750952382662,22.066578259840643,128,128,c1dcfe7dade83f545312,23.069024235010147,0.6898746665572493,0,0.140625,0.5018620700383494,0.1519327731092437,0.25,0.692452848611475,0.3440528556265514,0.6835456214895599
0.0017167367800539068,1.0723240690305826,2.2082397118210766,10.749504154468923,13.297608334537735,128,128,c236ed6d3e66598d38ff,13.312498331266397,0.47936466960270785,0,0.140625,0.4629732141435089,0.1519327731092437,0.25,0.6930456041281304,0.3216911408292179,0.6250663870974619
0.0030443974974332377,1.2332117319107054,1.8146371215581867,12.345468452093233,16.159260698059565,128,128,c2a1e3ecf2b13e8ca109,16.312276511089294,0.5703689144738924,0,0.1953125,0.5136661446451456,0.18609625668449198,0.25,0.692701747738701,0.2787681878788572,0.6647571353603325
0.0037710170436184853,1.0008779438212512,2.222280183061956,16.15190452456565,22.570093002477616,128,128,c2cd68f1cf2dd4ea90a8,23.325854420661926,0.7419752812474019,0,0.1171875,0.4641200290458694,0.08763157894736842,0.21212121212121213,0.6930575370371113,0.43554796933347906,0.6919159641222907
0.04809074231889099,1.3418210715055463,1.948834273219108,9.140859584808364,11.123649004538084,128,128,c436bcc068ddb3b53b17,11.276678503025323,0.5299255533305409,0,0.1640625,0.49258531839328135,0.14285714285714285,0.25,0.6820265703199782,0.27491532308281025,0.5319734665359414
0.028664899291470647,1.3487679392099379,2.045941844582552,9.223325820378967,10.90536713162065,128,128,c4b883901c621b2b3e62,11.062108188867569,0.5451261281658919,0,0.1796875,0.4573783127945659,0.1519327731092437,0.25,0.6848982638111007,0.29179710818746807,0.5770671559909412
0.04300941340625286,1.7426477670669553,2.1668237626552576,13.975741123063495,15.183686885922455,128,128,c4c7616ed15535165b44,15.311811946565285,0.7375781854704146,0,0.234375,0.49820829511834264,0.11968253968253967,0.2253787878787879,0.692744447578986,0.35759993103220933,0.6733367104144451
0.007290001905630561,1.2908310099141078,2.100524611771105,11.322743818913587,12.88010748864525,128,128,c4ddad4581d1566a99a5,13.099400639533997,0.5725064114893659,0,0.15625,0.5029384666286733,0.1764705882352941,0.25,0.6928764167450839,0.3330670642284531,0.6808413719261062
0.0004784389172414194,1.2103481411933896,2.317714802920817,11.30510758949515,13.480154197178146,128,128,c5846209b133ce331013,13.504543736577034,0.5161599735768543,0,0.15625,0.4890980717144541,0.18441176470588233,0.2903225806451613,0.6931034921086703,0.299530697450868,0.6321664519184076
0.45130540430545807,0.45130540430545807,0.45130540430545807,0.45130540430545807,0.45130540430545807,1,1,c63fe28fbbac45ffef9d,0.45130540430545807,0.45130540430545807,0,0.0,0.42857142857142855,0.42857142857142855,0.42857142857142855,0.09923225255208316,0.09923225255208316,0.09923225255208316
0.00032595150696579367,0.16176602840423587,0.24666860875804547,12.213300341069715,19.62997908827664,84,84,c659e79d36a5e7d5a7f0,20.45405450463295,0.49618615177234443,0,0.05952380952380952,0.4561510273441665,0.1111111111111111,0.21780303030303033,0.6928065868232813,0.32335922281929397,0.689894141615596
0.00014107140304986387,1.6820824950933453,3.0708732306957187,11.583862790690715,13.56656452701578,128,128,c66f5f34d8bf673878d3,13.62172156572342,0.5770763641422739,0,0.1484375,0.4990956928161272,0.16155844155844157,0.25,0.6928830281313902,0.38602330093242376,0.6442531614750414
0.00011180572255398147,0.06312492378056053,0.8179245106875875,7.4728260207176005,10.485596467733385,53,53,c6fe187bdaa20f4b8fdd,10.820348739624023,0.3297212767535653,0,0.05660377358490566,0.4907276094973938,0.12761904761904763,0.27419354838709675,0.4111135952819047,0.16540059311054756,0.39379684878662224
2.1755383158961195e-05,0.1211499703698791,0.8382752418583548,8.922580837560657,12.712638396934025,128,128,c722fba2ce43eac25846,13.061691105365753,0.28905662725371634,0,0.0546875,0.48247361438676306,0.1764705882352941,0.2253787878787879,0.6929202345367491,0.18894348435270153,0.6456658316719391
0.008660694118589163,1.9749608824960876,11.986804315447795,14.854714311957363,19.962388205401627,128,128,c75c8201cf609fe99361,20.67655896395445,1.1544895234962491,0,0.1484375,0.46995436887263725,0.07894736842105263,0.1546218487394958,0.6931471696386271,0.6872622385451765,0.6929815687804776
0.0005386689990700688,1.485697108131717,2.7705150932073592,12.23911366857957,13.117740277539879,128,128,c77b9a21699d51f19d4d,13.125080823911048,0.6132700172748196,0,0.1796875,0.4732915091704069,0.16155844155844157,0.25,0.6931278052534673,0.3755014301562909,0.6913215547445483
0.001420950899273521,1.3111470848321911,3.2475703852251137,13.836206909343604,15.856662992900088,128,128,c79201140cdda1db274f,16.12496757572808,0.8194522977851298,0,0.109375,0.4608554983149278,0.10891891891891892,0.18894830659536543,0.6930665462179159,0.44138692429432425,0.6928334031799681
0.15975376963615417,0.15975376963615417,0.15975376963615417,0.15975376963615417,0.15975376963615417,1,1,c87711faa95c56f848b5,0.15975376963615417,0.15975376963615417,0,0.0,0.25,0.25,0.25,0.0414507225905692,0.0414507225905692,0.0414507225905692
0.0001212865325896928,0.6426372837275266,2.087804782390589,6.778792896910032,10.057860741499256,128,128,c88100f0084d43a0dbc4,10.392947852611542,0.3560477231103116,0,0.1015625,0.4929575681567851,0.18609625668449198,0.25,0.6909436865379377,0.29964345173927115,0.6489160023973941
0.0017650241061346605,0.9420676380395889,2.348885372013319,15.525918148696672,20.60780577917338,128,128,c8b3dbfe510e4faf8895,21.18740141877788,0.6618039758363137,0,0.1328125,0.49652337422979276,0.1490359477124183,0.21212121212121213,0.6929481539559024,0.3939829572887522,0.6869167247185038
0.016527358442544937,1.1791851878166197,2.6968867661431393,11.716196755762226,15.534995311252235,128,128,c8d7d9e50b9a815aee40,15.937423966039205,0.6448290065877731,0,0.1796875,0.4928020834261677,0.1764705882352941,0.2253787878787879,0.6928946285219011,0.44821347740671946,0.6834743340137667
0.00039144515903899446,0.872137477993965,4.486077961698173,12.230891321499481,16.66205112086594,128,128,c8f5faf5449d35910d4b,17.24998760233575,0.7118592373793118,0,0.1171875,0.4990991840516908,0.1287581699346405,0.21212121212121213,0.6930903696535324,0.5309074292429031,0.6928714059024433
1.6093072758849303e-05,0.33746708024264066,1.0880194029770784,12.328296579233186,16.389206664628055,128,128,c91d40d23ba77e2631d7,16.499979735810484,0.3714770524131749,0,0.0625,0.4814695777292196,0.1287581699346405,0.21212121212121213,0.6931136547430834,0.27155458636970087,0.6077978626896913
0.0007321780531128752,1.1994295954704286,1.8214886266738173,2.7394714999198895,3.0417514090538043,60,60,c97afc09cded37de7076,3.075338065624237,0.32236890519294076,0,0.18333333333333332,0.49648608330194954,0.15839475839475842,0.25,0.3998167011055602,0.24711404844079887,0.3451184225286368
4.3331584265615675e-05,0.30351374580059176,1.3025118891149712,12.93641418516641,24.89225260174906,128,128,c9dd37596b055bfe7eed,26.130875830873265,0.4590020258986545,0,0.078125,0.6073482481374544,0.17977598566308245,0.3793103448275862,0.6930231515880769,0.15812195825137845,0.6079801813264318
9.577997499832236e-05,1.0334580421447754,2.4418492022901734,6.791136103871293,10.636746070240594,128,128,c9e56e820a2698b64186,11.126959353685379,0.43896961776197146,0,0.1484375,0.46657830171523207,0.1764705882352941,0.21212121212121213,0.6901547486385161,0.3364602376785165,0.6706815862091416
0.012318182278249878,1.5244567945599554,2.6833701953291866,12.665387592288463,13.346748636735665,128,128,c9e8cd884d60f56390ef,13.43697133247042,0.6992529006802894,0,0.171875,0.4853100822404006,0.14285714285714285,0.21212121212121213,0.6930788576974238,0.34193309125015947,0.6894456017186238
0.6605227440595627,0.8467152208089829,0.8699892804026603,0.8886085280776024,0.8927978588044644,2,2,ca383bde600d3c34d0a1,0.8932633399963379,0.6605227440595627,0,0.0,0.425,0.2535,0.26749999999999996,0.17243955827915297,0.16789427393629391,0.17153050141058115
0.002489570928446483,0.728142450749874,1.6201915621757494,12.133073035409355,15.712964449032217,128,128,cab3799388081c44ac8c,15.937413460575044,0.4729572521656732,0,0.109375,0.5437525822983392,0.1519327731092437,0.25,0.6927522531399255,0.2108905494986318,0.6744671086153392
0.00017181812927447027,0.4036411443783434,2.622927515860647,10.051305223023627,14.667971732383918,128,128,cb1514c39bdf19fb1077,15.256096959114075,0.46522501610631134,0,0.078125,0.4630625636733633,0.0891891891891892,0.1546218487394958,0.6930013851852366,0.46225333610562586,0.6913778999168209
0.029377066646702588,3.461889080237593,8.621959767745274,21.066128465347013,27.554598607361342,128,128,cb2ee031ddcc2fca4f45,28.292663514614105,1.4196279199317132,0,0.1953125,0.4136105998799527,0.10810810810810811,0.14285714285714285,0.6924478648826597,0.6765163998087976,0.6922482714813656
6.484751429525204e-05,0.8492825239896774,1.8358143188059286,7.831970051999527,12.317326788260667,128,128,cc075064e2dcaf82ea11,12.945260785520077,0.40234751425604043,0,0.15625,0.48080506883409124,0.18609625668449198,0.25,0.6915220810493772,0.3436668665069389,0.6861378346715586
0.006338145409245044,1.3598582968115807,3.1537426799535746,15.734055589857018,22.291364907355316,128,128,cc4bb927f17411441687,23.232692069606856,0.8710864212885621,0,0.1875,0.45839302118414993,0.14285714285714285,0.18894830659536543,0.692652658616701,0.533661667594141,0.6907713607333104
0.023912110278615728,1.4409718424081799,1.9747405819594839,14.390725773806928,16.234409676764166,128,128,ccca185bd47b49024f1b,16.38066804781556,0.7375602305696551,0,0.1953125,0.4188037714511943,0.11749034749034748,0.21212121212121213,0.6929183047637851,0.44354261042142734,0.6905169019743225
0.06281669437885284,1.8452439934015272,2.400988426804542,14.275223009596813,16.555401707600698,128,128,ccd5aaba7d7e374c859c,16.863609839230776,0.8067259448266352,0,0.2734375,0.4917431324939069,0.14285714285714285,0.25,0.69244069959734,0.37404211067779414,0.6736532430435709
0.020158443367108703,1.4200927555561065,2.492710019648074,10.99160782918838,12.525465934028551,128,128,ccde5d7b82ca11f23b09,12.54729862511158,0.613570326466421,0,0.171875,0.496431357269361,0.1519327731092437,0.2253787878787879,0.6930996699602494,0.32865509898177675,0.6896253215934829
0.6898379735648632,0.6898379735648632,0.6898379735648632,0.6898379735648632,0.6898379735648632,1,1,ccf30b799f89a8f48a62,0.6898379735648632,0.6898379735648632,0,0.0,0.42857142857142855,0.42857142857142855,0.42857142857142855,0.21525524519700806,0.21525524519700806,0.21525524519700806
3.3079864380169965e-05,0.2815574844367801,0.8949066657572959,2.6266801506280917,3.3605756659507784,128,128,cd3fce29b49a27534caf,3.447890043258667,0.13872886032545528,0,0.0625,0.6110353083195829,0.1963235294117647,0.34942528735632183,0.4875745509939863,0.17812111823516794,0.39686753802601155
0.0019276654220448108,1.1151426929980508,2.39512328803539,9.098349552057055,14.272069622848177,128,128,cd5e143f7557cfc96999,14.911669492721558,0.5611659223222961,0,0.1328125,0.46559598213420106,0.1764705882352941,0.21212121212121213,0.6927985564165502,0.3779519573489875,0.6833968950533326
0.0029782424098812044,0.9199601948261259,2.67137448340654,12.841445300268267,15.220112927970494,128,128,cd5fc8b58457a23ebf04,15.312315486735315,0.5580311380749646,0,0.1640625,0.5182339385252075,0.14285714285714285,0.25,0.692702742702979,0.3469615281507092,0.6764913299319207
0.0007607120433021919,0.9306164462119337,3.2116684461943703,15.742099753826354,20.052195333550735,128,128,cd769bbb980dc1004db5,20.55986136198044,0.720014888709124,0,0.109375,0.4893492790445875,0.1519327731092437,0.25,0.6930961817020799,0.4616523721485215,0.69015003833573
0.00016584628247073852,0.8765306573361158,2.250684910701236,10.898338198959868,13.617939768593217,128,128,ce0c96b8287a38ab8c67,13.625001072998202,0.4683961381250916,0,0.1328125,0.5059587113338782,0.1764705882352941,0.24507575757575759,0.693097967246075,0.24579502250218221,0.5149951231703609
0.021766398184809077,2.278308290243148,5.119975872291244,13.181669184575822,14.980455277143049,128,128,ce12cc2d6807bce06840,15.057589462026954,0.9038859746398433,0,0.2421875,0.4781138201902466,0.1287581699346405,0.25,0.6927376558093513,0.4323580706810926,0.6779874913210382
0.008332653436809778,1.5727283500134939,3.3131806470453613,10.977171271021975,16.891569432226873,128,128,ce1502f32904149ddf44,17.437232890777523,0.6443720078245642,0,0.171875,0.5321766580991117,0.1519327731092437,0.25,0.6929227508867422,0.3863850458707768,0.6596608083747946
0.059137397445738316,1.5047857582569115,2.7636245064437324,9.300293901011814,13.081798708744763,128,128,ce1e5a62e75efa26ec78,13.402825057506561,0.6414225002900623,0,0.203125,0.4723840290300226,0.22234848484848485,0.2903225806451613,0.6930256266010593,0.3758907834013344,0.682118312618742
0.0002337382593395887,0.8957915306091306,2.3073283041361705,10.874527942562864,12.872712622851326,128,128,ce8803bd786e747fc5da,13.062538027780647,0.49506398797657064,0,0.125,0.4476590509402991,0.11968253968253967,0.20220588235294124,0.6931263461155324,0.30259410042460255,0.6919550534993993
0.0002487446154191275,1.0164859008044003,1.7530732470215291,9.401915028364828,14.15203669678268,128,128,cef2ad578ccae2987bf5,14.592033538967371,0.4549394027248265,0,0.1328125,0.4995658545211708,0.1764705882352941,0.25,0.693024102912025,0.29320656958832736,0.644613178098449
0.00866036955267191,1.4322292506694794,1.9474126562476148,11.9369254160696,14.975447463171994,128,128,cf025ca1f2762f00cf02,15.125006437718184,0.5527019098404753,0,0.1484375,0.5180677755679225,0.1287581699346405,0.25,0.6930323961188354,0.2961250182594186,0.6822028728486265
0.026467190589755774,13.615884292009284,17.999969527497882,21.195944695672964,24.153375005884573,128,128,cf576a38453be9edd88e,24.47029600525275,2.550918267597922,0,0.2578125,0.36905091854426103,0.05128205128205128,0.07894736842105263,0.6931416669071988,0.6925084875071883,0.6928793579721968
0.0004899987598037114,0.84001615345478,2.3356393158435806,6.5899731855026875,14.872264051431749,128,128,cf7b6e98551fa0af3d01,15.962716445326805,0.45711373579463666,0,0.109375,0.4739958775115092,0.18609625668449198,0.2253787878787879,0.6908305668072547,0.3856472769271201,0.6742765154416152
0.00017610946486001922,0.9902572289109228,3.565440446138375,12.546778879722781,17.682253621556576,128,128,cf8cb8744ad71ea30c76,18.312484145357303,0.633155011593583,0,0.1328125,0.486457365186546,0.11968253968253967,0.21212121212121213,0.6930468396593705,0.32804181676334493,0.6785109262737612
0.0030978227819105086,0.9772732093930243,2.3856449067592527,12.847953085062809,16.187571226337184,128,128,d00c14833b2b5317e556,16.233062878251076,0.5524517472906978,0,0.15625,0.4956686221869599,0.1764705882352941,0.25,0.6928289151433215,0.32260348720904986,0.6356354964827853
0.00025797065245569684,1.1895150810480115,2.278318947367365,10.648216362600996,13.963101679661364,128,128,d03098f1db0405f1d489,14.2759620398283,0.5609692601707406,0,0.1171875,0.500278271338227,0.1764705882352941,0.2641129032258065,0.6928484648006819,0.39613980006349947,0.6891935556865633
0.0005030857866472616,0.9542026102542875,2.670329569280136,18.512233173935996,21.432026346298606,128,128,d09a2db93a69758bce75,21.558528125286102,0.7127285695909451,0,0.140625,0.5200325248392696,0.10891891891891892,0.25,0.6929242961371072,0.3200940367798326,0.6658058880428199
0.004025887232273817,0.7823561024852095,2.210400755703447,13.299912099711698,16.790577275574957,128,128,d0fae1bc48df230582c1,16.805572740733624,0.5258282158288088,0,0.15625,0.5165924133182284,0.1287581699346405,0.25,0.6931266455478964,0.2970233690690865,0.6680071422080546
0.0019892386626452208,0.8466906964778895,2.5915620457380983,14.085690497584554,15.239054393373433,128,128,d102596e3b71fda4f646,15.324886858463287,0.6818264188820309,0,0.125,0.48592115769782906,0.1519327731092437,0.2253787878787879,0.693077091395252,0.3878957576732616,0.6854281159844404
0.02501564472913742,0.9969282627105709,2.3413306474685585,13.227428133102954,14.903651063871344,128,128,d2451c217ecf54d76ae3,15.10831481218338,0.6839271228072957,0,0.1953125,0.4816063711630708,0.1490359477124183,0.25,0.6929415234369947,0.23736863122722396,0.6920493201003872
0.002029782233876176,0.7857115209102624,3.3279238534405495,16.936866636439596,21.082136544134276,128,128,d246a78ec6439aa009a2,21.60325586795807,0.7993660127631725,0,0.1171875,0.4619826762421227,0.08763157894736842,0.17647058823529413,0.6930056402219732,0.39613186099346753,0.6876112813444919
0.0037597293840008206,1.1176234304904935,1.6973762389272418,10.638328713472442,13.101397683848012,128,128,d284cec913c917f1939f,13.425237447023392,0.5267669028416104,0,0.1328125,0.5112889917427483,0.14285714285714285,0.25,0.6929481885310181,0.3264318200357257,0.6697192766525197
0.0004174651362518489,0.991287213563919,2.2486107468605026,13.392497380327152,22.749092588338463,128,128,d2f6df5a26eccca56856,24.005072284839116,0.6433371103398182,0,0.140625,0.4608194135004793,0.1111111111111111,0.2253787878787879,0.6930399931962492,0.2752989256534588,0.6910663027888584
0.008188370935386047,2.6284479916095753,4.311460714042183,14.57049463823435,17.408853291109192,25,25,d318588e85d24ee05e53,17.724226474761963,1.188567276116613,0,0.24,0.48308938571007537,0.11897435897435896,0.3333333333333333,0.6915501798999946,0.5587155306134675,0.6777943227023389
0.0004171398832113482,0.7140679448842996,2.119603594613726,11.765063422369451,15.952364404485389,128,128,d3352925dd658ee0be26,16.181819297373295,0.5008962786247834,0,0.109375,0.47988384995229055,0.14285714285714285,0.2253787878787879,0.6931313625529993,0.2738137047967053,0.6597430045314623
0.0860789529979229,1.1712156325578689,1.7938606709241864,3.691439383029939,13.968470067694838,128,128,d33ae9dcf573ab9e174d,15.454293325543404,0.46642834482467777,0,0.21875,0.5679454255634169,0.22234848484848485,0.3333333333333333,0.5724200853547576,0.20311682723151875,0.4218837819172155
0.07577013038098812,1.7380132112652062,3.3422923415899217,14.58444822046906,15.238566961615843,128,128,d360b957213260723000,15.31205415565637,0.8313743154765593,0,0.2578125,0.484895041184578,0.11968253968253967,0.21212121212121213,0.6926971353287886,0.39543172245983976,0.6649474621111571
0.001319117699722483,1.2885601848363861,3.047870100336149,8.003490951460517,14.564466877450904,128,128,d37b2b30191e39ab55f9,15.337699607014656,0.5618959893832143,0,0.1796875,0.4491398977163155,0.18609625668449198,0.21212121212121213,0.6905498505441573,0.3974710165203802,0.6792322439930809
0.008043373093642003,1.607537931203842,2.820991886407136,12.580028643240837,15.406561058947469,128,128,d37d8895889135b4187d,15.483933761715889,0.6789098724248743,0,0.203125,0.47821440145517596,0.1764705882352941,0.25,0.691793303695821,0.3790261083456218,0.6850306734110101
1.1324805427648243e-05,0.20701864659786223,0.7893985971808433,1.9076079812645919,3.2572900651991437,128,128,d3993d617256ef71b8d0,3.4478753805160522,0.11252813029482567,0,0.0546875,0.6207686588601032,0.2608870967741935,0.4285714285714285,0.31106783037130775,0.12969660002456165,0.2582644091336629
0.09303187485784292,1.2347368180751797,1.7795609235763543,3.7198362822458155,4.333677174527201,128,128,d3d427ca6ab184fc3dad,4.419038116931915,0.4471197159252292,0,0.234375,0.5616085865347386,0.2608870967741935,0.3333333333333333,0.5838633149012724,0.22474507132856156,0.47832398116403996
0.017392779933288693,1.1019619941711425,2.5924968078732453,16.080623009071,19.105265387083765,128,128,d3f63a6261ebb4d9a402,19.411557883024216,0.8438792632045987,0,0.1875,0.49217461263136675,0.14285714285714285,0.28442540322580645,0.692986521400023,0.4022271450240218,0.6921255890514086
0.006256568245589733,1.1592459861189126,2.4564474299550048,14.369144529998307,15.834544307166025,128,128,d41baf274db35f3551a2,15.999961853907735,0.7024853821934254,0,0.1484375,0.49942114095574724,0.1764705882352941,0.25,0.6930452112945831,0.3137018496110446,0.6924355010890129
6.234137254068628e-05,0.5461171999573706,2.162344533205032,10.78328654177374,13.913750548272514,128,128,d48737fc103c67c2c033,14.028509847819805,0.45781466932892084,0,0.0859375,0.4926963903493476,0.14285714285714285,0.18894830659536543,0.6927390499698476,0.2906614351862,0.6536948756305784
0.001657291943047312,1.136022627353668,2.0918343037366864,13.244544239339898,17.143014050075845,128,128,d4a48f5c6b6afef108cb,17.562319535922143,0.588761496780102,0,0.15625,0.5072660031204441,0.13996031746031745,0.25,0.6929683433834125,0.2972945120713729,0.6801066015428008
0.011030661407858133,1.184373354911804,2.7214080471545454,15.011649710083574,18.909970051354584,128,128,d4d0c07197eaf2915900,19.46968322992325,0.7902665268691631,0,0.1640625,0.4756780407665569,0.1519327731092437,0.2253787878787879,0.6931333072913644,0.3954014807541194,0.692084653006261
0.0437893383204937,1.434267890453338,5.675638686865546,13.788546350598338,15.367288309581586,128,128,d5222b2a131e622daa2a,15.582904048264027,0.9009572841323417,0,0.15625,0.4274649392241177,0.07952347083926031,0.14285714285714285,0.6929452621557903,0.5594823128525533,0.6893443029366793
0.0014144043761916691,2.076413297653198,3.010340428352351,13.399161623418363,17.629627207442123,128,128,d546c64b50f05cfcd808,17.93750202657384,0.6751240741241464,0,0.1484375,0.5102175599725338,0.1383838383838384,0.2903225806451613,0.69313815094154,0.3210406274111562,0.662636382182806
0.04429301433265209,1.4364179704338311,2.3150269720703345,12.023688586428792,17.781226385997897,128,128,d554f2609638c4290566,18.312465072354826,0.6568244174404723,0,0.21875,0.5024836937127957,0.15866161616161617,0.25,0.693075996680268,0.34349610773764017,0.6464689507834761
0.006406346387848316,1.2481907457113262,1.993587526679038,13.771171554139002,14.572474438619512,128,128,d59ed1ea251d206c8ff2,14.66491881199181,0.641688866621861,0,0.203125,0.4886248323387643,0.1519327731092437,0.25,0.6925772908059397,0.34162123634855734,0.6657097040888729
0.02910478147100548,0.28132322970777746,0.6723075151443481,10.388452586829688,13.803293505579243,128,128,d650c546ef54d64b093c,14.044442534446716,0.3801934012524235,0,0.0546875,0.43287523269790235,0.10547490347490349,0.21212121212121213,0.6916775894274496,0.19316951058468113,0.6542114873584766
0.0002977979474962922,0.7384035974275317,1.6139933154001467,8.621453378957757,14.453599946659207,128,128,d65f2ff5ba64eff918ca,15.128730952739716,0.4208944504018897,0,0.109375,0.4977524641048192,0.17278991596638654,0.25,0.6925330820559265,0.2750050732739439,0.44705043428165603
0.00022797935525886714,0.34945706538856025,1.470902426540851,13.280476557391255,18.20770740480979,128,128,d6685db25bf669d4027e,18.68740785564296,0.49402998162248707,0,0.1015625,0.5181672007262933,0.1111111111111111,0.2253787878787879,0.6929240408089765,0.2540723291324184,0.6824127079700828
0.0009475532569922507,1.2681007325649256,2.1256141070865824,12.994866391420404,16.494195164207884,128,128,d67913f1e7574cda2b3a,16.624780918165925,0.5631254729059985,0,0.171875,0.5211042463610265,0.1519327731092437,0.2903225806451613,0.6922822980248704,0.3286479351558296,0.6340357392024236
0.03869839198887348,1.5947368562221524,3.5178957651019904,13.419630590416498,15.889957408172506,128,128,d6b2c6d61bcc5ec8f837,16.187491655402482,0.7647997308872974,0,0.203125,0.4878815827771671,0.1764705882352941,0.25,0.6931014383742435,0.383193790521154,0.6807189895981961
0.015514778206124902,1.4778237570077173,4.608682216266591,13.964194212131048,21.454194133421442,128,128,d73b80329b316dcdaf36,22.50537347793579,0.9074169353041399,0,0.1640625,0.4642881385512025,0.10891891891891892,0.18894830659536543,0.6931471798211486,0.602395534109889,0.6903323638682807
0.0026832755720533896,1.0628228858113276,2.098989325761791,14.483761155453978,16.912420882337564,128,128,d7879d8a1d561ec6637f,17.249620296352077,0.6249123100448779,0,0.1484375,0.51354903856584,0.11968253968253967,0.25,0.692891717832111,0.38980630137912586,0.6863696680989639
0.006465800106525421,2.0516789689660073,2.3073306150734423,2.5118519319593906,2.557869228258729,3,3,d7e294c886b016727e3a,2.5629822611808777,0.8574600014108,0,0.3333333333333333,0.35802469135802467,0.11851851851851851,0.14814814814814814,0.5237643663684006,0.4720172784676695,0.5134149487882544
0.01830829563550651,1.6105555415153503,2.755580897629259,12.9316050468199,14.403559702219448,128,128,d8032ab32c4c6f4f5c0e,14.580558717250824,0.745375927754931,0,0.1875,0.47978153880038515,0.06743589743589742,0.21212121212121213,0.69102488936796,0.41739977092288094,0.6884377078608854
0.0016332630475517362,0.621734789572656,5.115262698021239,14.471346493756874,23.63959152901154,128,128,d80392aa4b745e2485fb,24.8754603266716,0.7982409358759888,0,0.0859375,0.4504156824793196,0.13996031746031745,0.17647058823529413,0.692970657328327,0.6004951837353322,0.6911799521091018
0.00041653148377918114,0.8899399101734158,2.6777490766893597,9.767278008796278,15.846075869082998,128,128,d847a51ec9ef76e70ccb,16.687176281848224,0.5411178996426936,0,0.1484375,0.48419429661877733,0.1764705882352941,0.25,0.6925287810571963,0.3800992161997606,0.6876132589620523
0.028201490844367072,4.849973355093969,9.873691162097366,20.945671080712938,23.161678221898217,128,128,d8bd3c27f001c09e1408,23.37743194360519,1.5601940294358512,0,0.2109375,0.3834210110583113,0.10810810810810811,0.12083333333333335,0.6924312805467308,0.6842906995881086,0.6921376949172499
0.002786579897019692,0.7454145900905133,2.7026635427959174,8.34015360011859,15.732380778187025,128,128,d8ebd6ec83e905aeccc7,16.657182931900024,0.46380242296452884,0,0.1328125,0.542094681728415,0.11968253968253967,0.21212121212121213,0.692482367297706,0.4055447048837464,0.6617938389945307
0.00026535391225479543,1.0232591927051544,2.050966840982433,10.65263724824823,15.529385754016014,128,128,d9115c4498953de51b4c,16.062482953375365,0.5148255996759227,0,0.125,0.4640486846084244,0.1519327731092437,0.21212121212121213,0.6930458672022479,0.3221591474613964,0.6577867667854421
0.33055664598941803,0.33055664598941803,0.33055664598941803,0.33055664598941803,0.33055664598941803,1,1,d92bc437d1f8e5a0f2ce,0.33055664598941803,0.33055664598941803,0,0.0,0.3793103448275862,0.3793103448275862,0.3793103448275862,0.0674601186777335,0.0674601186777335,0.0674601186777335
0.004964852072589565,1.2872362911701194,2.342179022729394,12.255237512653409,13.156835996136596,128,128,d9ea07cd1cc3d10aa416,13.234299570322037,0.6034088363860484,0,0.1796875,0.4984691947665102,0.11968253968253967,0.21212121212121213,0.692986964583732,0.4122907473995703,0.6826979877556549
0.021054837852716446,1.9213841140270225,3.772717245289817,14.804058204139222,18.00126700738002,128,128,da04fd9c5698778f5477,18.43788880109787,0.9253686272384267,0,0.25,0.4858573260800515,0.08108108108108109,0.2253787878787879,0.6928308575201907,0.5307034889929807,0.6885909817378186
0.0004912829463137314,1.5667218327522276,3.722901278734202,15.135353047379768,17.82236548161729,128,128,da92699a4dd77e98db16,18.114775774185546,0.7609538440880357,0,0.1796875,0.5044057448716707,0.11968253968253967,0.18894830659536543,0.6923733740475357,0.5083894317458878,0.682340799040789
0.0007883007992859348,1.0402884006500241,2.4309442917816337,7.158474690547022,14.475679508962397,128,128,dad8f018d4c8500ae0be,15.417622089385986,0.48403377270124903,0,0.125,0.4735740870748249,0.21212121212121213,0.25,0.6916119791594288,0.38375166124393795,0.6843170758689323
0.055687326937913895,1.2882922559976575,2.0608189191669224,8.750334669731108,17.319663860440293,128,128,daed38ca9fd569a11338,18.401568949222565,0.614284822653532,0,0.1796875,0.5046161718087381,0.13996031746031745,0.2253787878787879,0.6744691712220225,0.41221569895365096,0.5472512723663234
0.0030123063170321984,1.2511917531490324,3.050588390231124,14.183870981049774,22.456089878886978,128,128,db3bba3a5af9bbb7e81a,23.60588002204895,0.8245356640136232,0,0.1953125,0.4777403963455933,0.09620300751879698,0.25,0.6928482926880244,0.396136363955182,0.6914464142406922
8.338148836628534e-05,0.8212651073932642,2.0280949722975476,9.825989996431097,13.409228147281105,128,128,db5f1eeb507a8d23f796,13.67786503303796,0.45051265765708504,0,0.1171875,0.49680073148848464,0.21212121212121213,0.2903225806451613,0.6930854042625093,0.3457457773620862,0.6875079541167133
0.0003552967784798966,0.9585124168545005,2.7209756872296547,13.302498905565615,15.123165136524799,128,128,db7e3fc340bb05090c83,15.125000953690687,0.5852701215523501,0,0.1328125,0.49375863699612565,0.1519327731092437,0.25,0.6931399832948251,0.32092240591405385,0.6589878560103168
0.31523045897483826,0.31523045897483826,0.31523045897483826,0.31523045897483826,0.31523045897483826,1,1,db981b3e4235f29c1bfe,0.31523045897483826,0.31523045897483826,0,0.0,0.42857142857142855,0.42857142857142855,0.42857142857142855,0.10747122713033459,0.10747122713033459,0.10747122713033459
0.5791685283184052,0.5791685283184052,0.5791685283184052,0.5791685283184052,0.5791685283184052,1,1,dbb7fc44d485ea97aafa,0.5791685283184052,0.5791685283184052,0,0.0,0.25,0.25,0.25,0.19735350842864996,0.19735350842864996,0.19735350842864996
0.005085969016363379,1.4924618263095903,4.7830573022365215,13.735083140413053,18.41286329121356,128,128,dbd75bac268f4e1cda91,18.999973655201757,0.807705979833885,0,0.1484375,0.4686560378182562,0.0868207681365576,0.17647058823529413,0.6930904673092733,0.48628074269307536,0.6921431519351625
0.013255192432552576,1.9233086913824078,3.4850166969001237,11.322026006982217,13.72993029502215,128,128,dbd88b7428cf2901f3e5,13.874542940815445,0.6565184062453678,0,0.1640625,0.478292327165041,0.1519327731092437,0.21212121212121213,0.6912550068463683,0.3647064438774246,0.6781286662145039
0.011700972710968927,1.365440386161208,3.98610265702008,11.978180198054778,13.622362854155671,128,128,dc0578387ba0e62414c0,13.687359229501453,0.6909681828902804,0,0.21875,0.4803365625523317,0.11968253968253967,0.21212121212121213,0.6925843104199114,0.37054763555688264,0.6813748373208799
0.018116999928679434,1.3566538989543913,2.0167037174105635,13.972868404688967,24.076577104164702,128,128,dc0dde0921c2c735f80f,25.48784428834915,0.7023035408904359,0,0.140625,0.49918592876289636,0.14285714285714285,0.2253787878787879,0.6931421324217558,0.3118212567864659,0.682880060834961
0.005035838001731463,1.0692284181714053,2.2078906446695283,12.364724963627161,13.622858882514977,128,128,dc769064b8bb20eac65e,13.7862149477005,0.6534304929070378,0,0.171875,0.46694423125545464,0.1764705882352941,0.21212121212121213,0.6930141684482154,0.3618542462961748,0.6889530153278198
0.11046191956847906,1.8139845456462353,6.068030689220905,18.227282609012747,22.370606721301126,36,36,dc8ffd9fdb5f6317c60d,22.830976067110896,1.3114362087403069,0,0.25,0.4210211846142655,0.17319327731092438,0.20320855614973263,0.692163149703171,0.5134457365414831,0.689867020607168
0.005211532979046751,1.550786341616913,2.6413686960935516,12.418974211823322,15.267593828343351,128,128,dd327b9029b2db9a20ff,15.437521457681214,0.6204976112168964,0,0.15625,0.4819408008459811,0.1068362480127186,0.25,0.6931398632074929,0.3750935702596874,0.6907758632260206
2.5688619530228607e-05,0.34028340373188215,1.40066528767347,7.703909708751314,12.72478292232862,128,128,ddb04134f96006564151,13.393929421901703,0.3497178751979137,0,0.0859375,0.5138758103809508,0.22234848484848485,0.25,0.690257752940598,0.19839239080935606,0.6163257784957831
0.0009567972865625052,0.6718402385711666,1.8512386862188543,12.860013122949185,14.49815960080833,128,128,ddb87d87554d43ee2818,14.562378422517213,0.5093983588373987,0,0.1015625,0.5188073120429115,0.1519327731092437,0.21212121212121213,0.6928624081696725,0.20456249672281157,0.6823122022723911
3.0040188448765548e-05,0.5167956233024598,1.1364601731300334,7.220772486508456,12.91426842977463,128,128,ddc8c94abd088cf0c7bb,13.4926016330719,0.3113577334717669,0,0.0859375,0.4876652422199431,0.1764705882352941,0.21212121212121213,0.6924115270810249,0.2623804995602159,0.6095200944945235
9.291882838624588e-05,0.6233186453580855,1.6403194471262355,11.482586641609705,17.107070723806434,128,128,dddaa58be0ebb8d6276e,17.56250250340031,0.45878665736223856,0,0.109375,0.4768214592440521,0.11749034749034748,0.25,0.6931390715695073,0.20177352348629224,0.5560751025822301
0.002820667636200369,1.2170475095510482,1.9312138900160782,14.264389769984453,18.054042846242307,128,128,de2915b8c7a35c9fb90f,18.187292478964082,0.5981939458864607,0,0.1875,0.5131845506303979,0.1764705882352941,0.2253787878787879,0.6927046711835094,0.2647142807435451,0.6732979437062292
0.00035582024042923877,0.745809009671211,2.4022181034088117,9.363803293406974,12.742532979242982,128,128,de4547f714d7e5e2c01f,13.120470140594989,0.4642933457151861,0,0.1328125,0.43457108559016844,0.14285714285714285,0.17647058823529413,0.6784145180793847,0.37711445546415023,0.580549064454589
0.029258731039590202,1.0189962375909087,2.7370502457022665,13.985658585464117,17.776060567254454,128,128,de65848be22e72e982bc,18.32562516629696,0.7179970786226155,0,0.1640625,0.48423091684032815,0.1764705882352941,0.2253787878787879,0.6921890625595939,0.4077701195285104,0.6879254102534763
0.02800903283059597,1.6319533050060262,2.9253785267472256,10.3720576375723,19.275030918896242,128,128,de70de4a76e816a9a305,20.464370727539062,0.7522954384392442,0,0.2109375,0.4603278434111625,0.13996031746031745,0.2253787878787879,0.6855420716883036,0.47170612484875324,0.6266196419124781
0.0026062623292091303,1.0349880754947647,2.4802091687917684,11.504601819822602,16.788479327962225,128,128,debae695895d40c11ad4,17.18726184865227,0.574155556005529,0,0.15625,0.5010230299616448,0.14285714285714285,0.2641129032258065,0.6923742265275973,0.3473582084393372,0.6581040598352572
0.07300687208771706,2.102127915620803,6.482300664770424,19.20831632830204,21.326116758160296,128,128,ded382c8e32e1d1c670d,21.497807532548904,1.2745796789367816,0,0.2578125,0.41992518608584184,0.032096153846153844,0.08915362731152207,0.6931468014343996,0.6814577061732632,0.6926619839393932
7.486043239168794e-05,0.31533063858805643,2.6987398847937514,12.860182880759243,15.366293063415315,128,128,dee21e57516f77ef5043,15.68732466021902,0.5036912640724472,0,0.09375,0.49297822661855145,0.11968253968253967,0.2253787878787879,0.6924548462009658,0.2929194741590932,0.6245990853878948
0.0190591998398304,0.0190591998398304,0.0190591998398304,0.0190591998398304,0.0190591998398304,1,1,df5a5944bc7f217cec2e,0.0190591998398304,0.0190591998398304,0,0.0,0.25,0.25,0.25,0.011568337709811773,0.011568337709811773,0.011568337709811773
0.00023855334302425035,1.0447959840299403,1.9827156811952587,11.462913734591286,14.207522262405062,128,128,df8d81cc413c6733b1df,14.501111567020416,0.52026849206226,0,0.125,0.4865606470279599,0.1519327731092437,0.21212121212121213,0.6930556918217512,0.3348800776927518,0.68550214742298
0.0016978470594040118,1.5943347632884979,2.3997385658323753,11.836281031567113,14.1504916612924,128,128,dffb61858344a0ae1c0d,14.226915627717972,0.533521357377774,0,0.1484375,0.48510814310355316,0.21212121212121213,0.25,0.6931077519447525,0.3561978762813694,0.6749585870202238
0.05922343023121357,0.8787214517593378,1.5885798007249816,5.676587707232693,16.074130072541585,128,128,e0323f844ab258415b35,17.49668139964342,0.4711565177392494,0,0.15625,0.5411257619411607,0.21212121212121213,0.30537634408602155,0.6894415657677313,0.25198549765309575,0.5647618878753901
0.011420895345509052,1.4323916628956792,2.480609220266341,12.529835442770642,15.53291393651842,128,128,e068cc9079e30e747052,15.564979672431946,0.6231930517032228,0,0.203125,0.5324374765521509,0.1519327731092437,0.25,0.6931167727734608,0.32671626668711284,0.6781879392682129
0.0038490687766170595,1.6729843556880943,10.648360475922491,17.98368693642319,22.06925754071029,128,128,e0820b7debb5a84a4cd6,22.605014204978943,1.155474463821595,0,0.140625,0.4205334229725084,0.07894736842105263,0.1111111111111111,0.6928873752429661,0.6332476664404156,0.6918177727576885
0.0004492562640052711,0.7773779273033142,2.7919024080038066,14.248183736730066,18.238902722259603,128,128,e0d8856fdc86d26004ab,18.764643520116806,0.629126304507843,0,0.109375,0.49958301680815254,0.18609625668449198,0.25,0.6929205513289762,0.2482884792552989,0.676346800064928
9.119066021412436e-05,0.9820679783821106,2.2983843401074386,13.46674344272271,19.0988621214554,128,128,e0ef2cc1ca93e605a17b,19.913260236382484,0.6326828655714342,0,0.1328125,0.4890267453075233,0.1490359477124183,0.2641129032258065,0.69300967976316,0.3885891128683151,0.6653688728356096
0.0004291650300274341,1.0718704931437963,2.6975935608148527,12.957274431288242,14.087876790651942,128,128,e1580fa5a0e74e2c1e90,14.248999385978095,0.6508137935245448,0,0.1171875,0.49958943341701006,0.1519327731092437,0.25,0.6930704808337533,0.29905494456387116,0.6883287351330125
0.0002892724178309436,0.9428287219256156,1.9998309001326526,8.147949980704412,13.11078542948655,128,128,e1e67e6b4f6a7359047a,13.690478630363941,0.42717237208472064,0,0.1328125,0.4704596203414401,0.1764705882352941,0.25,0.6925872052417399,0.3423665208320507,0.6764254871339757
0.0029337213454709854,0.9836105853319168,1.6543201372027392,10.1236252561641,14.179254380600966,128,128,e2581197fe9bffab1570,14.6415344029665,0.5018456552479358,0,0.140625,0.4944871192794832,0.22234848484848485,0.2903225806451613,0.6928776235914897,0.20872538903242638,0.6850465203022764
0.06635155921958358,1.321177548170089,2.6325229436159123,10.629012182477311,12.711400943240147,128,128,e268aa0a1571b527df88,12.995638221502304,0.7273254310496386,0,0.1953125,0.47344253590012775,0.1111111111111111,0.21212121212121213,0.6929596546610466,0.4229022616013133,0.691280440754039
0.5581285804510117,0.5581285804510117,0.5581285804510117,0.5581285804510117,0.5581285804510117,1,1,e2b3db078593e70829b7,0.5581285804510117,0.5581285804510117,0,0.0,0.2903225806451613,0.2903225806451613,0.2903225806451613,0.13811240012104523,0.13811240012104523,0.13811240012104523
0.46802207827568054,0.46802207827568054,0.46802207827568054,0.46802207827568054,0.46802207827568054,1,1,e2bd9ed01704070018bf,0.46802207827568054,0.46802207827568054,0,0.0,0.42857142857142855,0.42857142857142855,0.42857142857142855,0.14839513906882884,0.14839513906882884,0.14839513906882884
7.348884980729053e-05,0.8163442734214182,2.1780706100165843,11.336015282297222,15.322791557949481,128,128,e2d2f9f3e87ee90ad2fe,15.642515756189823,0.46923857176082406,0,0.1171875,0.48112461853273564,0.14285714285714285,0.2253787878787879,0.6931268156333938,0.34806733231364245,0.6418309776557666
0.00023731453256914392,0.9098433822393415,2.407397982478139,12.649676384835052,16.39052821001064,128,128,e3113d5155d7758a04e2,16.437508225611964,0.4964056079366594,0,0.125,0.5178839573858255,0.1287581699346405,0.25,0.6931401395814467,0.3641702174761586,0.6412016404480048
0.0007645935111213475,0.9428494341671456,2.1213846638798692,7.499451716467752,10.256718722082685,128,128,e31ab73e5cc95c1d83a9,10.516639173030853,0.4153441036386199,0,0.125,0.4870285667190927,0.18609625668449198,0.2253787878787879,0.6695897530195016,0.3252196025320586,0.6304354193534689
0.005393716739490628,1.289054717676481,6.138498229737115,12.782649329565471,15.107016616096963,128,128,e31d14ee2ccc9927e1f3,15.399678215384483,0.8158304888930231,0,0.1796875,0.4673893774230743,0.17278991596638654,0.21212121212121213,0.6928544405817624,0.5981630600914702,0.6921693278367537
2.8311706842032436e-05,0.25656692534685127,1.5909566402435296,6.429691387819048,12.16009975277302,128,128,e39ac33446269233cea3,12.910472333431244,0.3270154589335698,0,0.078125,0.5198554588120994,0.1519327731092437,0.2253787878787879,0.6889910568628037,0.18185771018821167,0.5997573658040743
0.008014030736376299,1.2853390961885451,2.0697262719273564,13.857284183306046,17.683260018268637,128,128,e4234d17647a7612f1c3,17.809940919280052,0.5942335009585601,0,0.1640625,0.5028142258687776,0.17278991596638654,0.2903225806451613,0.692947648956528,0.26914882214971314,0.5405383767117681
1.8477229275504214e-05,0.6145299762494573,1.006836149934678,11.961120033258961,15.231131897605115,128,128,e430b1531350d2df7c64,15.312608006730443,0.3958957896981394,0,0.078125,0.5046840055385897,0.08108108108108109,0.21212121212121213,0.6931308468487003,0.22048212848276533,0.6805183699296914
0.00028842028791586927,0.5572915688157075,2.171083671599625,8.040482913201128,12.97027045324793,128,128,e4393f3f574092a035dc,13.438554555177689,0.39664501223651666,0,0.1171875,0.46453561146631106,0.11968253968253967,0.21212121212121213,0.6928058887480267,0.29503119220569896,0.6229612003508952
0.0008103928630589508,1.4394246935844415,2.324278089404106,10.789051230003468,14.422793959815632,128,128,e4532019182828d3f920,14.875241614878178,0.5684067756619826,0,0.140625,0.4803091874378964,0.18609625668449198,0.21212121212121213,0.6929334352660884,0.35176191495386,0.6824020318104801
0.024258918972918764,1.1309754729270933,1.983566588163373,13.417411082045884,16.089466711919965,128,128,e46ba152131f5faad8f8,16.374984622185366,0.637094225323693,0,0.1953125,0.5013615730194533,0.1287581699346405,0.2903225806451613,0.6931147653129335,0.27151193373430393,0.6848661044789287
0.00030071262403907895,0.7002648148685693,1.695377308658499,12.767852737233088,17.136091322040905,128,128,e46cf02320bfe38fb49b,17.31241977600439,0.47956817206075864,0,0.109375,0.5084268337651262,0.16155844155844157,0.25,0.6928333586584647,0.23184712763958898,0.5775211753826441
0.005978029104880989,1.5467636659741393,4.03095510834828,9.413587319468867,12.653482731048033,128,128,e4f5ca71dd6c109ad385,13.06226533651352,0.632960228450284,0,0.1875,0.4745929976226321,0.1490359477124183,0.21212121212121213,0.6917220645362497,0.5947846268512647,0.655518199477219
0.005575332008447731,1.188700722157955,2.9151580315083256,11.672236579049967,15.077566986274578,128,128,e50340d0e5446268f5a7,15.23432543873787,0.5878993937569761,0,0.1875,0.501827508507145,0.21212121212121213,0.25,0.6930769975747546,0.30603411822928833,0.6722376877276959
0.0007661006839043694,0.5052677866071462,1.6349532723426814,7.004285898252462,11.956637037478579,128,128,e50fa99f61491ecbb31a,12.440811708569527,0.33236812697551943,0,0.109375,0.434494748932099,0.1111111111111111,0.14285714285714285,0.692262076440517,0.23310937998699136,0.6241026401721729
0.052622504357714206,1.9735057055950163,8.12777704298493,22.989397808725347,25.668971727292675,128,128,e523f045a6aec40fe443,25.93787723965943,1.2737984586755715,0,0.1640625,0.3616148096763948,0.1111111111111111,0.15285714285714286,0.6926712124161469,0.5883534146288595,0.6917529556091769
0.00011677476277327514,0.5980779752135275,1.7899848010390964,13.301956232349067,17.313232506720798,128,128,e53c6c0474a54eebf9a9,17.624922517425148,0.47264686809924333,0,0.1015625,0.5243725247025893,0.1764705882352941,0.25,0.69294769812865,0.22547758383317248,0.6809039828493969
0.09645044011995196,1.2417117938399314,2.1127874758094545,12.053246432446898,13.885274050868764,128,128,e552ee5adbb3501fcc29,14.0412977039814,0.6402813458590981,0,0.203125,0.5088825871781297,0.1764705882352941,0.25,0.693112490709706,0.3177277434316044,0.6888741979521571
0.0003789179536397569,0.5933126363903284,1.1158876128494724,15.077436595559142,16.839034186780232,128,128,e55689ad298b0c65fe82,16.87500524548159,0.5149376363475959,0,0.09375,0.5222104527644845,0.11968253968253967,0.2253787878787879,0.6930463041494122,0.18294488048268018,0.4859785402995399
0.00020523841635622375,0.43856224417686457,0.7893555276095846,12.745058273110534,15.247357082504177,128,128,e59dc656a1de488bacb1,15.356074467301369,0.39410092060465596,0,0.09375,0.5242614021043892,0.18609625668449198,0.25,0.6931251859224561,0.1563538359390458,0.678055283726618
0.0005831650743743921,0.9815017755376172,4.787016265140833,14.771336423233153,18.03862028506193,128,128,e5af1aefc061dff90eb7,18.499945880550513,0.7408331136159656,0,0.1328125,0.5096630856849531,0.0966891891891892,0.21212121212121213,0.6929242215276876,0.6199108928654908,0.6872830831655323
0.9873514771461487,0.9873514771461487,0.9873514771461487,0.9873514771461487,0.9873514771461487,1,1,e5d322302abf9fdf3ea6,0.9873514771461487,0.9873514771461487,0,0.0,0.6,0.6,0.6,0.18807642976592273,0.18807642976592273,0.18807642976592273
0.18634581565856934,0.18634581565856934,0.18634581565856934,0.18634581565856934,0.18634581565856934,1,1,e60341c246572297cd83,0.18634581565856934,0.18634581565856934,0,0.0,0.3793103448275862,0.3793103448275862,0.3793103448275862,0.05764767633411368,0.05764767633411368,0.05764767633411368
4.4999472265772056e-05,0.14412930902035437,1.345470178592948,12.630496322308648,17.631834112115506,128,128,e6db5670162ea575fc19,17.9692599773407,0.40394102720398806,0,0.0703125,0.47064285928327254,0.15057142857142858,0.2253787878787879,0.693080049494872,0.3330760665210375,0.6436125871097101
0.025538558373227715,1.7408375404775138,4.0338243559002755,14.071045266389856,16.47431247663499,128,128,e74eaa24a6e9e411b43a,16.743699073791504,0.8491240151503234,0,0.140625,0.496802757544749,0.10891891891891892,0.21212121212121213,0.6804082782383604,0.5392211957026469,0.664958375901206
0.10788433626294136,1.3337897342629725,2.3454407066106784,9.178852449208508,11.027279835820437,128,128,e83c8cf06a73c296556d,11.198768859962001,0.6107511297493793,0,0.234375,0.4784807111751565,0.22234848484848485,0.2903225806451613,0.6875880969646668,0.29771894659636267,0.5176308349595423
0.0007959050635690801,0.45780265852808943,1.2757832370698434,2.016591362953188,3.74039068675042,128,128,e855cadcf252aa8c1099,3.9739036560058594,0.18267459042874568,0,0.0859375,0.5157467720784444,0.18609625668449198,0.2641129032258065,0.38197306365447525,0.15704042453124462,0.3581673827835687
0.009343532612547278,1.251849031075835,2.2328329548239694,15.325433145030411,21.94615092866711,128,128,e91f07be8cfe44402bcf,22.812269475805806,0.7026514852159667,0,0.15625,0.5041452693770184,0.15057142857142858,0.2641129032258065,0.692530083249437,0.3507290705184157,0.6766398032577646
0.06478092260658741,1.1486560676246877,2.2231869935989366,7.573580551147486,10.926401766598232,128,128,e94a7692fe73b8cd9add,11.175606191158295,0.4938282190353509,0,0.21875,0.5388053267449414,0.13996031746031745,0.25,0.652711837855071,0.3249570003081381,0.5357733175534308
0.031036444008350372,1.7245735734701146,14.048591020703302,19.337465854631738,27.585113574611995,128,128,e9b17c6c2f59e65604d5,28.764953136444092,1.530303689498135,0,0.1875,0.46630478141546156,0.058751686909581644,0.12083333333333335,0.6931469203824433,0.6780608906280934,0.6920148442463151
0.004164569893418957,1.1028394147753708,2.26588614732027,10.048437777769584,12.92453024251315,128,128,ea13a674514817adb80f,13.28632067143917,0.5282440874815173,0,0.1484375,0.4999515710157087,0.1764705882352941,0.25,0.6926597442616669,0.3199493422745,0.6685968567270988
0.1726270504295826,0.1726270504295826,0.1726270504295826,0.1726270504295826,0.1726270504295826,1,1,ea258c1485b8f90f4351,0.1726270504295826,0.1726270504295826,0,0.0,0.3333333333333333,0.3333333333333333,0.3333333333333333,0.05008558543351231,0.05008558543351231,0.05008558543351231
0.002126016595866531,1.2708262112457305,1.9347452007234052,11.29209811571487,13.799254460638753,128,128,ea75fb2caafe09cc2e3a,13.81243872900086,0.5305321254543136,0,0.15625,0.49408958676029474,0.1764705882352941,0.25,0.692825835841123,0.3219923655673784,0.6676931185075647
0.060598554904572666,1.1638808429243908,2.245988348871469,9.182460725849976,13.223558693173823,128,128,ea7706c8575c994f3ee0,13.646974451839924,0.6148353606942529,0,0.1640625,0.5075866115612908,0.1519327731092437,0.25,0.6929101637515453,0.3974820550280545,0.6759989418667065
0.09425735473632812,1.5998480820097027,2.517220374196767,12.100671689023008,14.127405655703347,128,128,eac129bd5f579133420d,14.28229732811451,0.7238543133183903,0,0.2578125,0.49699386424900344,0.1519327731092437,0.25,0.693115054184348,0.3570448241760431,0.6891698204505685
0.012854492524638772,1.1065037131309505,3.27185432910919,9.271621385406775,11.868703196752708,128,128,eadb01f9a1ea4898ec56,12.104158703237772,0.5510228408569261,0,0.140625,0.4318607382988244,0.11968253968253967,0.21212121212121213,0.6928975829881112,0.5132478006792047,0.6855768963217153
0.003402560090762563,0.7185376882553098,4.565076258778555,12.857241120270057,14.374410406653395,128,128,eaea27f0e6e8c564c122,14.492524970322847,0.6425171282934659,0,0.109375,0.4715417885168238,0.17278991596638654,0.21212121212121213,0.6929945792300538,0.3556122827029991,0.6681052031167006
0.016203591832891107,0.9733561754226683,1.6522638252936268,11.338042939287119,14.966154385113384,128,128,eb34255063df2baee100,15.106704406440258,0.5055088778258785,0,0.1484375,0.5069611019235754,0.16155844155844157,0.2641129032258065,0.6930764769750795,0.2722429316608081,0.6630899665061132
0.019193359767086804,2.4161456911824635,5.4997156500408755,16.245849690567738,19.420551642179497,128,128,eb9acae5af76729ecfd1,19.533261120319366,0.8802605928920535,0,0.1796875,0.45315111378767464,0.11861111111111111,0.17647058823529413,0.6910070286236216,0.6297593045791323,0.6884641487562256
0.00223211724369321,1.2083692029118516,3.4436107486486387,8.471556669943688,14.137075130430338,128,128,ec3c704bbdb9f984816b,14.82980240881443,0.574005437009488,0,0.1328125,0.46914165387106666,0.14285714285714285,0.25,0.6926583029785274,0.49081124971763734,0.6803273120080267
0.01613764583999,0.9141481190919877,2.0483220051973974,9.901176266670237,11.646950486227874,128,128,ec70019f85ed0df3b1c4,11.800966784358025,0.5131484586298138,0,0.1484375,0.4533354891952837,0.11968253968253967,0.17319327731092438,0.666262297368742,0.29908580014493696,0.5550911687535726
0.011090847663581371,1.0597817063331603,1.7902827285230147,11.905492909693667,14.053097547743784,128,128,ec88f37b2f824c6ed08d,14.088093414902687,0.5378426333775473,0,0.1640625,0.4930155260145633,0.16155844155844157,0.21212121212121213,0.693099235229333,0.33104293631092646,0.6753842442015746
5.1198743335589825e-05,0.14133198326453555,1.173092396091668,12.036928276140861,17.273242614201575,128,128,ed310e48cd8496641570,17.676719814538956,0.38836126255916237,0,0.0625,0.47380140312780233,0.17278991596638654,0.25,0.69289003563379,0.2958464385605064,0.6348528783134619
0.04166636802256107,1.4075139343738554,3.2524773996323315,12.15356644440119,15.761761204444378,128,128,ed5b42137a010acef8a9,15.899841457605362,0.6521998431267093,0,0.203125,0.4858384903482566,0.16155844155844157,0.25,0.6931056733060479,0.32580249416519586,0.6385097617002957
0.027841361126775155,2.0364072471857066,7.902823469022403,22.973246989704208,23.862755477877684,128,128,ed9b379151b4f44e4434,23.916493237135,1.2596247528574147,0,0.2265625,0.4510559558134442,0.13996031746031745,0.18894830659536543,0.6929721363880466,0.6234742709935652,0.6905478822887254
0.003299983451142907,1.2754190295934675,1.604587346315383,12.079438487463815,16.50851345625112,128,128,edb22e428c404862c8eb,16.782533034682274,0.5377342409632448,0,0.1875,0.5093300855953115,0.1764705882352941,0.25,0.692750317647234,0.30667128281305434,0.5657252260076306
0.19191935658454895,0.19191935658454895,0.19191935658454895,0.19191935658454895,0.19191935658454895,1,1,ee6d94d7a5fd60756b12,0.19191935658454895,0.19191935658454895,0,0.0,0.5384615384615384,0.5384615384615384,0.5384615384615384,0.1251568942320688,0.1251568942320688,0.1251568942320688
0.003677559841889888,0.5327180564403532,2.5563428163528354,11.06632932135659,13.52215279974533,128,128,ee7cfbc75d68a00d3394,13.687632146524265,0.4675776424112799,0,0.1015625,0.47373422741750126,0.11861111111111111,0.18894830659536543,0.690715040437401,0.46738163438954095,0.6830681735458661
9.184606688350527e-05,0.661331968572631,1.51468926668167,13.862328217385807,18.980682440826527,128,128,ef56366f6a7d829082f1,19.687408690580924,0.570928868493968,0,0.125,0.49899496729850157,0.14285714285714285,0.2253787878787879,0.6929881621343003,0.2667240292658765,0.6844038020170506
0.012383783119730651,0.3812551514070944,0.7791105030657487,9.711814520657086,20.876855424046568,128,128,ef5cc700c265341777f6,22.265517860651016,0.43206933456973573,0,0.046875,0.449623777367586,0.17278991596638654,0.21212121212121213,0.652349583921735,0.23153152488360457,0.6275767979089597
0.02077696204651147,1.190260799229145,2.802537934482097,9.636763289870121,12.041052458432858,128,128,f0038360238676bc6dc7,12.228958578780293,0.5591888107366156,0,0.1484375,0.4994917627490202,0.16155844155844157,0.25,0.6921976057870793,0.32620290958115156,0.6896095059184953
0.001224522970005637,1.0298246353864666,2.008837762579786,12.357729811610728,15.563571113233373,128,128,f053fa89b7d749305450,15.918320916593075,0.618611575264395,0,0.125,0.5286498194389988,0.11968253968253967,0.2253787878787879,0.6930963765592651,0.31797995911861227,0.6875498123290994
0.011869110399857163,0.9976806938648224,1.8325925501791023,13.887289566942494,20.750396427297535,128,128,f0c8e7524e007dfc9b68,21.714902639389038,0.7378637106429659,0,0.1875,0.4974728698038825,0.13996031746031745,0.2253787878787879,0.6928430018634031,0.37336638916215703,0.6869544043945239
0.008865071082254872,2.302503449318465,4.411075747758149,14.813532148124365,18.948911036482826,128,128,f0d6b70000380173c9c3,19.496144957840443,0.9166991534041399,0,0.21875,0.47370405712606445,0.1519327731092437,0.25,0.6919361589936077,0.5302168431147458,0.684320405640962
0.022314971341984347,1.5680680453777311,2.229263590648769,11.398059692636764,14.144653008054565,128,128,f10503a5e58fd118ce92,14.15659200400114,0.5847248516436334,0,0.1640625,0.5015649834347844,0.16155844155844157,0.25,0.6931137097772724,0.3492540687153869,0.6705592666989614
3.915860315828468e-05,0.130104197876062,1.0613654290289518,11.451128772320232,17.818045011576764,128,128,f12d041770df659d74be,18.686028853524476,0.3995430215210248,0,0.0546875,0.4461289473125641,0.15057142857142858,0.21212121212121213,0.6917965039964695,0.28291007372210875,0.6790373651682503
0.04063877050066367,0.6934872031211847,4.792300400137885,13.494329653602179,22.11505460166681,128,128,f1990f18fd8a98ee303a,23.368336588144302,0.8396816970969794,0,0.125,0.38660403495013973,0.0868207681365576,0.1546218487394958,0.6929785307461376,0.5994635505609249,0.6923338048260759
0.15456271823495626,1.7756634950637817,2.8472403883933985,9.195036844089636,10.020696544639769,128,128,f23a1b87905bb9d3d023,10.060538679361343,0.7382051887411658,0,0.2578125,0.4859625606788862,0.18609625668449198,0.28442540322580645,0.6741400226027054,0.35389690813269625,0.5059073760844554
0.01634339801967144,0.8758336307946591,1.4100699573755264,13.104804688692123,15.816929649043832,128,128,f2f130fc01529df65039,15.913829941302538,0.5187594605908998,0,0.125,0.4976853307570891,0.17278991596638654,0.24507575757575759,0.6540938506986999,0.2632777158148236,0.6263806241118139
0.00399150586235919,1.438941292464733,2.1496002801693956,9.308952315580273,13.279150286864603,128,128,f3007c807c021e4181b1,13.592491954565048,0.503390091010286,0,0.15625,0.4961357530799495,0.1764705882352941,0.21212121212121213,0.6928558226861843,0.3577802966731717,0.6366281993910259
0.00506444647180615,1.2545736162457612,2.1085463603492816,11.518294908580456,14.177935970537689,128,128,f30e6072f963aa16e457,14.294672414660454,0.5540357632079247,0,0.15625,0.489311117036884,0.1764705882352941,0.2641129032258065,0.6930995117378667,0.3544235070241811,0.6703377270979258
0.6751034706830978,0.6751034706830978,0.6751034706830978,0.6751034706830978,0.6751034706830978,1,1,f362e80b4f889b4fd5cb,0.6751034706830978,0.6751034706830978,0,0.0,0.3333333333333333,0.3333333333333333,0.3333333333333333,0.15906180687213609,0.15906180687213609,0.15906180687213609
0.0017235381828868412,1.2839599251747131,2.847413137406685,13.03327607318763,18.467325419470072,128,128,f3991be89e55132f10ab,18.87469987719669,0.6428306896219724,0,0.1640625,0.5018695145291121,0.21212121212121213,0.2253787878787879,0.692180388265961,0.33308960402178844,0.6032329302881683
0.0003116645357295056,0.8630770832300181,2.2737856514751864,11.409630292123186,13.265440629825179,128,128,f3d64b07b7cda0733c90,13.499893792613875,0.535553617194216,0,0.140625,0.48186872948636805,0.18609625668449198,0.25,0.6929038814897888,0.3065734827525577,0.6885378111310425
0.34100428223609924,0.34100428223609924,0.34100428223609924,0.34100428223609924,0.34100428223609924,1,1,f3e3026d35376ae83852,0.34100428223609924,0.34100428223609924,0,0.0,0.3793103448275862,0.3793103448275862,0.3793103448275862,0.08717161409916427,0.08717161409916427,0.08717161409916427
0.027700665209522413,2.177912628650665,11.892258760984987,18.68921585299076,21.90952616517992,128,128,f41b0fc1731b2c478eee,22.23710772395134,1.3485177997605817,0,0.1640625,0.4230265091046952,0.0868207681365576,0.17319327731092438,0.6930822805804164,0.6650539154622935,0.6926780340907455
0.017894718213938177,1.3223121941089615,4.593182377424081,13.2806420403719,18.39296095616373,128,128,f48f7f6a10f33ebfd8f5,19.08010207861662,0.8286262769486519,0,0.1328125,0.47742713601520054,0.18609625668449198,0.21212121212121213,0.6929066122569303,0.5243538030593048,0.6791546462218181
0.1621269731549546,4.589982949197292,6.579470973461866,8.171061392873527,8.529169237241149,6,6,f4f3457bea72ead8367a,8.56895899772644,1.5850810330933502,0,0.16666666666666666,0.371799515562193,0.20808823529411763,0.21691176470588236,0.5033584899356396,0.4108536589403218,0.4848575237365761
0.00018469488168548764,0.5606486223638056,1.7574929982423755,9.812989516585256,13.060150794666047,128,128,f512515ebbcfb902359c,13.195914402604103,0.3932863618769297,0,0.078125,0.48218931390396347,0.1764705882352941,0.2253787878787879,0.6929766478442481,0.21382378877711367,0.6183898766854925
0.0024288762620017224,1.5424746453765228,2.4827049374580343,13.46836788899849,14.61759603813983,128,128,f578f8fbf82e548bab77,14.625018836082745,0.6527436209892078,0,0.1796875,0.5110906359537496,0.11968253968253967,0.21212121212121213,0.6931208487994702,0.3283236251155864,0.6891684989602374
0.00854284450178966,0.2003236941993236,0.36215956285595846,19.33876654312016,20.560748590543866,128,128,f5be12b5b0f93b7dd5cf,20.637217164039612,0.6165022768617376,0,0.0625,0.45677390968688736,0.17278991596638654,0.26093750000000004,0.6913324027389276,0.1233805434071209,0.6742025211535828
0.0005589468200923875,1.3869960628449916,3.281021079234767,10.961851864923958,13.276840886294854,128,128,f5e18fd11d8b2c589463,13.605849608778954,0.6931295744345825,0,0.171875,0.4713163708056825,0.11968253968253967,0.21212121212121213,0.6930666875658176,0.3932008063851181,0.6920294369597718
0.06457510590553284,0.06457510590553284,0.06457510590553284,0.06457510590553284,0.06457510590553284,1,1,f5e4866be00d0a68d89f,0.06457510590553284,0.06457510590553284,0,0.0,0.3333333333333333,0.3333333333333333,0.3333333333333333,0.025505191089532704,0.025505191089532704,0.025505191089532704
6.597987402301442e-05,1.3152641177177413,2.4729186579585063,6.817068892806138,10.168596140707594,128,128,f607a25acb33f6d075c1,10.556308567523956,0.4485403445939359,0,0.125,0.47651997944723046,0.1519327731092437,0.2253787878787879,0.6905644058087059,0.45776520436458473,0.6137321140178442
0.0021727494313381612,0.8692834287881848,2.4738166540861113,10.150068863666835,14.663418242177773,128,128,f61a7012cbf491964f2c,15.069056585431099,0.4929576993004565,0,0.1328125,0.4941023630998863,0.11968253968253967,0.25,0.6931000990372617,0.31482349147954225,0.6669847716957131
0.04764310456812382,1.8619963556528087,7.982055392861322,18.37841639439821,21.981930510501954,128,128,f6cc1b8308791fa80bdb,22.488467000424862,1.2735884036266605,0,0.2578125,0.4744924637458183,0.10810810810810811,0.17647058823529413,0.6931312186552028,0.47890167043980025,0.6682526477620088
0.016130875563248992,0.970920658111572,3.497643271088598,5.818051662382205,11.77448495541586,128,128,f6fad6ab7b184c648612,12.63235867023468,0.5356694772303107,0,0.1640625,0.5107402315929638,0.18609625668449198,0.25,0.6825544618091568,0.39122487069297435,0.6505251485213672
0.00010173778605349071,0.09657504420611084,1.1112604089081142,5.118269725441928,7.1712982340455165,54,54,f71d8d1864b0a1a27759,7.399412512779236,0.26056001579012195,0,0.05555555555555555,0.47759928360960074,0.17647058823529413,0.27620967741935487,0.46004676683117873,0.14358910998169705,0.4488977039864555
0.006531502587563409,1.1437626779079437,2.327101391553877,9.753952423776514,16.80927904827318,128,128,f721a796150c4045d402,17.687457204865495,0.5694901806295007,0,0.15625,0.487509160261746,0.1519327731092437,0.2253787878787879,0.6929692573942184,0.27402783977169876,0.6730637733692314
0.0012203470565737007,0.8753504544496534,1.8684959439560769,11.782409724891203,13.588358450030183,128,128,f724bf59092b8d5963eb,13.687280204583658,0.5195232244471766,0,0.125,0.5081203697052749,0.1519327731092437,0.25,0.6921721531251488,0.3097103023559505,0.6574187994960309
0.015244384994730353,1.0813615176128222,2.725068460858889,12.428898791088725,17.759266438136372,128,128,f74ae88f760250ad5b59,18.515015602111816,0.6189918392967684,0,0.125,0.43761885804637773,0.10810810810810811,0.17319327731092438,0.693005240370471,0.4153442419962413,0.6847425896787525
0.04095630720257759,1.4208192385733123,2.961547413561492,11.14653171600192,12.995953619305853,128,128,f7b04a9eb798f66c1982,13.25034119047632,0.6636453634999044,0,0.1953125,0.505886248465148,0.1111111111111111,0.2903225806451613,0.6931135038858566,0.34571833952724473,0.6919460547911825
0.6281208395957947,9.35132483243943,15.534769627451881,20.481525463461864,21.594545526564115,7,7,f80b92986f371152e009,21.71821442246437,3.5082393763773974,0,0.5714285714285714,0.3672947811603274,0.20852941176470585,0.21911764705882353,0.6801051357176913,0.616294609972154,0.6673430305685837
0.006102219223976135,0.8816367417573927,1.7548352181911449,3.8639538002014073,8.036796826243407,93,93,f81102e9cfb49bd922b7,8.500446051359177,0.3978194967896396,0,0.17204301075268819,0.5307809253795157,0.1379150579150579,0.25,0.6913426562114853,0.24067621819706353,0.39885093498695634
0.4708283394575119,0.4708283394575119,0.4708283394575119,0.4708283394575119,0.4708283394575119,1,1,f83e5e35c3094a31c6ab,0.4708283394575119,0.4708283394575119,0,0.0,0.42857142857142855,0.42857142857142855,0.42857142857142855,0.07273661706756422,0.07273661706756422,0.07273661706756422
0.0031618373322999105,1.1624152600765227,2.624128833413123,14.468904037955225,18.936000661236154,128,128,f862732cddfa5e8f43bc,19.499877937851124,0.6510261904468222,0,0.1484375,0.4927559666534433,0.14285714285714285,0.25,0.6928971108511651,0.42363900248486763,0.6856094295917904
0.9781942665576935,0.9781942665576935,0.9781942665576935,0.9781942665576935,0.9781942665576935,1,1,f86a6b7eed81d1d007e1,0.9781942665576935,0.9781942665576935,0,0.0,0.3333333333333333,0.3333333333333333,0.3333333333333333,0.252435153226141,0.252435153226141,0.252435153226141
2.14574119468125e-05,0.15287446677684782,0.39674594963435067,1.747924057245256,3.3522464103698812,128,128,f959d98036dfca6f503f,3.571005344390869,0.09492120034117996,0,0.0390625,0.6121636525409249,0.27249999999999996,0.39655172413793105,0.2039834883056102,0.1277586365011901,0.18004817272774654
0.006292617374128895,1.1085546910762785,2.5985884847585092,12.551775489524033,17.0310896225794,128,128,f980c71d85b5362d2815,17.43737090517243,0.5981594003498489,0,0.140625,0.4738204879036966,0.1519327731092437,0.25,0.6928328631458419,0.29688179206913273,0.6782171529305143
0.0025286398695243406,1.0386078789830202,2.1666606517042966,11.457671032663427,15.867595626241672,128,128,f9ab1a5f257a81d3f684,16.43742132542684,0.609093389842255,0,0.140625,0.4995021334163941,0.14285714285714285,0.2253787878787879,0.6929471993996238,0.3793581515036335,0.6794954831527187
1.2337919088167837e-05,0.2307373617775738,1.0929122976958736,13.462238636482766,16.8582573618067,128,128,fa3bd8fc3fac2670ec3c,16.937499165696863,0.4004135761489553,0,0.0703125,0.48899003896810794,0.1068362480127186,0.25,0.6931431817189191,0.24958145134860588,0.6755494292811437
3.9337956764029514e-05,0.9267791491001843,2.109012964367865,13.343567003292693,23.955257946111317,128,128,fa48b67bfa073f1e6a34,25.406533896923065,0.7089932665712624,0,0.1328125,0.4915195587664422,0.1519327731092437,0.25,0.6930575106753604,0.39221242770912373,0.6919244298674068
0.00845931310323067,1.1822164356708527,2.174381911754603,8.51246899706355,14.268625824600223,128,128,fa9b2f99efaaabba8a7f,14.944109734147787,0.5024889646823402,0,0.1640625,0.48346618023459953,0.1519327731092437,0.25,0.692793545490848,0.3160287098347751,0.6881699711870155
0.03859691321849823,1.7919813852407969,1.8691318860102908,1.9308522866258864,1.9447393767643952,8,8,fad7a7bed044b720b4b1,1.9462823867797852,0.534623691496904,0,0.375,0.4109691186152955,0.12666666666666665,0.18888888888888888,0.43169058604317123,0.32748665764874474,0.41084980036428587
0.001267775331143639,0.6485678076744078,1.2951754048466668,10.372173306576624,13.180693483516881,128,128,fb1409e113ec4b09ae87,13.234198540449142,0.40607177413667417,0,0.1015625,0.5265533259709118,0.22234848484848485,0.2641129032258065,0.6930954446299028,0.2510413300171752,0.6742478590276745
0.4416019767522812,0.4416019767522812,0.4416019767522812,0.4416019767522812,0.4416019767522812,1,1,fb745a68a88601218b25,0.4416019767522812,0.4416019767522812,0,0.0,0.48148148148148145,0.48148148148148145,0.48148148148148145,0.09302979271971415,0.09302979271971415,0.09302979271971415
0.00023643624808755703,0.8102093905210488,2.0004073083400726,11.720445596492068,12.550010261035915,128,128,fb899f6585a170864b52,12.625194191991795,0.5473937516646343,0,0.1328125,0.480059075408591,0.1764705882352941,0.25,0.6930953276363134,0.36704078990982925,0.6775092494575297
0.5692260712385178,0.5692260712385178,0.5692260712385178,0.5692260712385178,0.5692260712385178,1,1,fbbbb035a12491fbd90b,0.5692260712385178,0.5692260712385178,0,0.0,0.3333333333333333,0.3333333333333333,0.3333333333333333,0.14202441597141835,0.14202441597141835,0.14202441597141835
0.0019550270153558813,1.4885788351297378,2.5918655082583406,10.95189081570948,12.259659657848756,128,128,fc015de10f6cf890ad72,12.324694316834211,0.5580737990108838,0,0.15625,0.4351661419106438,0.14285714285714285,0.21212121212121213,0.693089654538687,0.3941600948206549,0.6834810140031544
0.0009454187238588929,1.3402431696653356,3.9997505158185938,13.307445184648769,14.605866268394434,128,128,fc7a5c9b42d970b6a96d,14.784981787204742,0.6873026259214201,0,0.140625,0.48499932094929255,0.14285714285714285,0.18894830659536543,0.6931166163858123,0.595452726492314,0.6829901752770049
0.008792579057626426,0.7977993875741959,1.6552002564072559,11.979853247542204,15.483830901494327,128,128,fca58dc4c4cf26621642,15.64513847231865,0.4932178398016953,0,0.15625,0.4916085895102657,0.1519327731092437,0.25,0.693086251821271,0.2511462703003646,0.6786946205671764
0.079015570183401,0.973982781171798,2.1428696006536456,11.556929921975462,12.744338326959854,128,128,fcadc4efce6406d27c29,12.907179862260818,0.639091766482552,0,0.15625,0.4739479334604755,0.1519327731092437,0.21212121212121213,0.6929425318438973,0.32424208177385266,0.6850951733151759
0.2527236044406891,9.887716263532646,16.120738044381127,21.107155469059933,22.22909938961267,7,7,fcd042f40fda45fec8c2,22.353759825229645,3.545880292567225,0,0.42857142857142855,0.4156998442712728,0.12162162162162163,0.17567567567567569,0.576014412782037,0.5123966833456243,0.5632908668947544
0.006898056974932842,1.0890350006520746,2.7020933240652014,10.95901934229073,13.737598749224247,128,128,fd21d951e014a925747b,13.875098233955214,0.587447967014139,0,0.140625,0.5006956272099565,0.1519327731092437,0.25,0.6930377201578632,0.3295045824504389,0.6814005717876016
0.0003629759253414022,0.8149299964308737,1.3505750432610506,13.701648926457722,14.79911361406262,128,128,fd4ed46be717d9f5463e,14.833541482686996,0.4948287381422468,0,0.1015625,0.47590405015566817,0.11968253968253967,0.21212121212121213,0.6931256059579749,0.27246356275811434,0.6874872957972491
0.0015477873384952545,0.0015477873384952545,0.0015477873384952545,0.0015477873384952545,0.0015477873384952545,1,1,fdd95d9eb93459bd3ae0,0.0015477873384952545,0.0015477873384952545,0,0.0,0.48148148148148145,0.48148148148148145,0.48148148148148145,0.008304911991487716,0.008304911991487716,0.008304911991487716
0.09158261469565332,1.9957055465318252,3.2712798953056286,11.571659622840816,12.79137887731882,128,128,fe4cffdc58d7f1e1a293,12.961225911974907,0.8786278601688848,0,0.25,0.4762671223003946,0.11968253968253967,0.21212121212121213,0.6930578077192435,0.4386651004204445,0.6921336911336435
1.8834829234037898e-05,0.16263933479785903,0.58158234921284,1.4368852865695958,2.18507927834988,128,128,fe695ddf0cfa8b745027,2.2888543605804443,0.09484548276585819,0,0.046875,0.6236692569250333,0.30193548387096775,0.39655172413793105,0.24476871518888957,0.15264770283555212,0.22663410923747376
0.00016640103786258464,0.5200588613748549,1.4999454811215376,11.214209730583276,16.1145465279105,128,128,fe6b5ef3198d755075f3,16.499974847509293,0.426854026038908,0,0.0703125,0.4739099143648729,0.14285714285714285,0.21212121212121213,0.693118039798593,0.2603806495718999,0.6812711333812591
0.19289439916610718,1.3798824839293955,3.106138731539242,8.96625387489798,15.175375975012804,128,128,fedd938d69d7864afdc8,15.848779320716858,0.6809067195603085,0,0.2265625,0.4885685333462086,0.13996031746031745,0.21212121212121213,0.585784288789268,0.3584170371036832,0.5136706465176538
0.000840753104967007,0.7834452666342251,2.7045851809671135,9.515315719678183,11.739391760711978,128,128,ff02b3c7741bead7dec9,12.062108855636325,0.5191046545325089,0,0.140625,0.48144919426261196,0.21212121212121213,0.25,0.6927304839358627,0.39067727388333395,0.688856749605563
0.00023181051392384688,1.192463257908821,2.556709328293799,9.93867159369478,13.865173986039641,128,128,ff0dbe8207131d330108,14.081976935267448,0.48218967044116123,0,0.125,0.5001483730933058,0.1764705882352941,0.2253787878787879,0.6924991506011217,0.2537559946919644,0.6050562817490464
0.04382701963186264,0.04382701963186264,0.04382701963186264,0.04382701963186264,0.04382701963186264,1,1,ff2d36168a506c775b7f,0.04382701963186264,0.04382701963186264,0,0.0,0.25,0.25,0.25,0.020817815882830566,0.020817815882830566,0.020817815882830566
0.029576053842902184,1.9969070613384234,6.9029968139482545,16.112654885351663,18.252464394676508,128,128,ff47bdbe4502fcd63102,18.50559627544135,1.062867289589728,0,0.203125,0.42458970982244415,0.05973684210526316,0.14285714285714285,0.6931470893447329,0.6210095039448933,0.6930154736597327
0.0015857902709512928,1.1034899704158299,2.3503664657473533,8.264446792267565,15.042943539820847,128,128,ff6072c8813e42e04c48,15.921779036521912,0.5528823046992075,0,0.1171875,0.4663407461702844,0.1764705882352941,0.21212121212121213,0.6924638871607633,0.3730255315180218,0.6843771812958037
0.013588695532234851,1.8693674266338347,3.3868639108259204,12.242039232730608,12.894127000427996,128,128,ffa9abdf662cfcc625ac,12.942309394478798,0.7072888299573061,0,0.2109375,0.443859419521847,0.1519327731092437,0.21212121212121213,0.6930827111638407,0.4048399196984295,0.6900547970765094
0.06689651578199118,0.9876535490155218,1.8763320423662657,11.491401706950038,13.541579563240928,128,128,ffaef15a503af6af7130,13.638531986624002,0.5894212051480267,0,0.1796875,0.5230700799142926,0.1764705882352941,0.2903225806451613,0.693057000844016,0.3174413171807493,0.68323508592507
0.00035456417754531344,0.5197838846594091,2.378481912612913,12.504870283848152,15.01863396398564,128,128,ffc63ef1ee5b72090bcf,15.249554495356278,0.5059755399907145,0,0.0859375,0.48628951804514053,0.1519327731092437,0.25,0.6927384110346015,0.28153100364074124,0.6869062219205009
0.000961458030360518,0.8590447776019572,1.9114320803433635,9.567412889396415,15.176120240621698,128,128,fffc4567e87e3ebb4bad,15.847213670611382,0.482699487991509,0,0.1328125,0.5414371398526754,0.18609625668449198,0.25,0.6929787005611758,0.22755960626760277,0.6719356623015516
