common_len,common_topk,compared_entries,entry_match_count,entry_match_rate,entry_mismatch_count,entry_mismatch_rate,layer_idx,sample_id,token_layer_count,token_layer_match_count,token_layer_match_rate,token_layer_set_count,token_layer_set_match_count,token_layer_set_match_rate,topk_jaccard_mean,topk_jaccard_sum,topk_overlap_mean,topk_overlap_sum
64,8,512,457,0.892578125,55,0.107421875,0,0003c1ab20d811680fab,64,40,0.625,64,59,0.921875,0.9826388888888888,62.888888888888886,0.990234375,63.375
64,8,512,458,0.89453125,54,0.10546875,1,0003c1ab20d811680fab,64,39,0.609375,64,60,0.9375,0.9861111111111112,63.111111111111114,0.9921875,63.5
127,8,1016,927,0.9124015748031497,89,0.08759842519685039,0,00948d836971f053bbf9,127,85,0.6692913385826772,127,114,0.8976377952755905,0.9772528433945757,124.11111111111111,0.9872047244094488,125.375
127,8,1016,893,0.8789370078740157,123,0.12106299212598425,1,00948d836971f053bbf9,127,69,0.5433070866141733,127,108,0.8503937007874016,0.9667541557305336,122.77777777777777,0.9812992125984252,124.625
127,8,1016,892,0.8779527559055118,124,0.1220472440944882,0,00afd811d2fb32cde01b,127,75,0.5905511811023622,127,118,0.9291338582677166,0.984251968503937,125.0,0.9911417322834646,125.875
127,8,1016,880,0.8661417322834646,136,0.13385826771653545,1,00afd811d2fb32cde01b,127,67,0.5275590551181102,127,111,0.8740157480314961,0.9720034995625548,123.44444444444444,0.984251968503937,125.0
127,8,1016,893,0.8789370078740157,123,0.12106299212598425,0,00c5b0bb8b418f1087d2,127,74,0.5826771653543307,127,113,0.889763779527559,0.9755030621172355,123.88888888888889,0.9862204724409449,125.25
127,8,1016,891,0.8769685039370079,125,0.12303149606299213,1,00c5b0bb8b418f1087d2,127,75,0.5905511811023622,127,116,0.9133858267716536,0.9807524059492565,124.55555555555556,0.9891732283464567,125.625
127,8,1016,886,0.8720472440944882,130,0.1279527559055118,0,00ea1d2b9e3c897033ae,127,66,0.5196850393700787,127,108,0.8503937007874016,0.9667541557305336,122.77777777777777,0.9812992125984252,124.625
127,8,1016,842,0.8287401574803149,174,0.17125984251968504,1,00ea1d2b9e3c897033ae,127,56,0.4409448818897638,127,104,0.8188976377952756,0.9597550306211724,121.88888888888889,0.9773622047244095,124.125
127,8,1016,892,0.8779527559055118,124,0.1220472440944882,0,01159c067d84ad43a166,127,76,0.5984251968503937,127,118,0.9291338582677166,0.984251968503937,125.0,0.9911417322834646,125.875
127,8,1016,879,0.8651574803149606,137,0.13484251968503938,1,01159c067d84ad43a166,127,71,0.5590551181102362,127,113,0.889763779527559,0.9741032370953631,123.71111111111111,0.985236220472441,125.125
127,8,1016,911,0.8966535433070866,105,0.10334645669291338,0,014c2c850a48d8d32f72,127,74,0.5826771653543307,127,109,0.8582677165354331,0.968503937007874,123.0,0.9822834645669292,124.75
127,8,1016,785,0.7726377952755905,231,0.22736220472440946,1,014c2c850a48d8d32f72,127,41,0.3228346456692913,127,92,0.7244094488188977,0.9387576552930883,119.22222222222223,0.9655511811023622,122.625
127,8,1016,902,0.8877952755905512,114,0.11220472440944881,0,014ff27d5116c25971aa,127,75,0.5905511811023622,127,116,0.9133858267716536,0.9807524059492564,124.55555555555556,0.9891732283464567,125.625
127,8,1016,884,0.8700787401574803,132,0.12992125984251968,1,014ff27d5116c25971aa,127,65,0.5118110236220472,127,112,0.8818897637795275,0.973753280839895,123.66666666666667,0.985236220472441,125.125
127,8,1016,897,0.8828740157480315,119,0.1171259842519685,0,0167de77ade28a1387ba,127,73,0.5748031496062992,127,118,0.9291338582677166,0.984251968503937,125.0,0.9911417322834646,125.875
127,8,1016,880,0.8661417322834646,136,0.13385826771653545,1,0167de77ade28a1387ba,127,66,0.5196850393700787,127,100,0.7874015748031497,0.952755905511811,121.0,0.9734251968503937,123.625
127,8,1016,920,0.905511811023622,96,0.09448818897637795,0,022f9baa16bf97afecb7,127,84,0.6614173228346457,127,114,0.8976377952755905,0.9772528433945757,124.11111111111111,0.9872047244094488,125.375
127,8,1016,877,0.8631889763779528,139,0.13681102362204725,1,022f9baa16bf97afecb7,127,66,0.5196850393700787,127,113,0.889763779527559,0.9755030621172354,123.88888888888889,0.9862204724409449,125.25
127,8,1016,918,0.9035433070866141,98,0.09645669291338582,0,0250f87838b3c4e749b5,127,82,0.6456692913385826,127,117,0.9212598425196851,0.9825021872265968,124.77777777777777,0.9901574803149606,125.75
127,8,1016,893,0.8789370078740157,123,0.12106299212598425,1,0250f87838b3c4e749b5,127,70,0.5511811023622047,127,113,0.889763779527559,0.9755030621172354,123.88888888888889,0.9862204724409449,125.25
127,8,1016,885,0.8710629921259843,131,0.12893700787401574,0,027150b07a186d142ae6,127,70,0.5511811023622047,127,110,0.8661417322834646,0.9702537182852145,123.22222222222223,0.9832677165354331,124.875
127,8,1016,876,0.8622047244094488,140,0.1377952755905512,1,027150b07a186d142ae6,127,65,0.5118110236220472,127,117,0.9212598425196851,0.9825021872265968,124.77777777777777,0.9901574803149606,125.75
127,8,1016,892,0.8779527559055118,124,0.1220472440944882,0,02a3fef10ad703b70508,127,71,0.5590551181102362,127,114,0.8976377952755905,0.9772528433945757,124.11111111111111,0.9872047244094488,125.375
127,8,1016,862,0.8484251968503937,154,0.1515748031496063,1,02a3fef10ad703b70508,127,59,0.4645669291338583,127,107,0.84251968503937,0.963604549431321,122.37777777777778,0.9793307086614174,124.375
127,8,1016,910,0.8956692913385826,106,0.10433070866141732,0,03475cd4ee88e0e9400a,127,76,0.5984251968503937,127,113,0.889763779527559,0.9741032370953631,123.71111111111111,0.985236220472441,125.125
127,8,1016,883,0.8690944881889764,133,0.1309055118110236,1,03475cd4ee88e0e9400a,127,71,0.5590551181102362,127,105,0.8267716535433071,0.9615048118985127,122.11111111111111,0.9783464566929134,124.25
127,8,1016,919,0.9045275590551181,97,0.09547244094488189,0,0364b7d8d89c84a3bd6d,127,80,0.6299212598425197,127,114,0.8976377952755905,0.9772528433945757,124.11111111111111,0.9872047244094488,125.375
127,8,1016,891,0.8769685039370079,125,0.12303149606299213,1,0364b7d8d89c84a3bd6d,127,75,0.5905511811023622,127,113,0.889763779527559,0.9741032370953631,123.71111111111111,0.985236220472441,125.125
127,8,1016,907,0.8927165354330708,109,0.10728346456692914,0,0394d59a86c26188b0e5,127,76,0.5984251968503937,127,111,0.8740157480314961,0.9720034995625547,123.44444444444444,0.984251968503937,125.0
127,8,1016,893,0.8789370078740157,123,0.12106299212598425,1,0394d59a86c26188b0e5,127,68,0.5354330708661418,127,110,0.8661417322834646,0.9702537182852145,123.22222222222223,0.9832677165354331,124.875
127,8,1016,883,0.8690944881889764,133,0.1309055118110236,0,03abe1c0830e3621b532,127,67,0.5275590551181102,127,110,0.8661417322834646,0.9702537182852145,123.22222222222223,0.9832677165354331,124.875
127,8,1016,862,0.8484251968503937,154,0.1515748031496063,1,03abe1c0830e3621b532,127,61,0.48031496062992124,127,110,0.8661417322834646,0.9702537182852145,123.22222222222223,0.9832677165354331,124.875
127,8,1016,901,0.8868110236220472,115,0.11318897637795275,0,03adb09fa2be78c52cff,127,76,0.5984251968503937,127,114,0.8976377952755905,0.9758530183727034,123.93333333333334,0.9862204724409449,125.25
127,8,1016,910,0.8956692913385826,106,0.10433070866141732,1,03adb09fa2be78c52cff,127,75,0.5905511811023622,127,112,0.8818897637795275,0.9737532808398951,123.66666666666667,0.985236220472441,125.125
127,8,1016,895,0.8809055118110236,121,0.11909448818897637,0,03be0a1c2e15e0e45156,127,74,0.5826771653543307,127,113,0.889763779527559,0.9755030621172355,123.88888888888889,0.9862204724409449,125.25
127,8,1016,889,0.875,127,0.125,1,03be0a1c2e15e0e45156,127,73,0.5748031496062992,127,108,0.8503937007874016,0.9653543307086615,122.6,0.9803149606299213,124.5
127,8,1016,888,0.8740157480314961,128,0.12598425196850394,0,03c274dea50b8653f42a,127,68,0.5354330708661418,127,115,0.905511811023622,0.9790026246719161,124.33333333333333,0.9881889763779528,125.5
127,8,1016,891,0.8769685039370079,125,0.12303149606299213,1,03c274dea50b8653f42a,127,74,0.5826771653543307,127,113,0.889763779527559,0.9741032370953631,123.71111111111111,0.985236220472441,125.125
127,8,1016,833,0.8198818897637795,183,0.18011811023622049,0,03d767a5e1b20a947895,127,56,0.4409448818897638,127,100,0.7874015748031497,0.9527559055118112,121.0,0.9734251968503937,123.625
127,8,1016,478,0.4704724409448819,538,0.5295275590551181,1,03d767a5e1b20a947895,127,13,0.10236220472440945,127,31,0.2440944881889764,0.7767915374214585,98.65252525252525,0.8661417322834646,110.0
127,8,1016,928,0.9133858267716536,88,0.08661417322834646,0,043a64a79e93471ae3d3,127,81,0.6377952755905512,127,117,0.9212598425196851,0.9825021872265967,124.77777777777777,0.9901574803149606,125.75
127,8,1016,878,0.8641732283464567,138,0.13582677165354332,1,043a64a79e93471ae3d3,127,66,0.5196850393700787,127,110,0.8661417322834646,0.9688538932633421,123.04444444444445,0.9822834645669292,124.75
127,8,1016,890,0.8759842519685039,126,0.12401574803149606,0,0458db6cb441016028c1,127,72,0.5669291338582677,127,111,0.8740157480314961,0.9720034995625548,123.44444444444444,0.984251968503937,125.0
127,8,1016,887,0.8730314960629921,129,0.12696850393700787,1,0458db6cb441016028c1,127,71,0.5590551181102362,127,107,0.84251968503937,0.9650043744531933,122.55555555555556,0.9803149606299213,124.5
127,8,1016,893,0.8789370078740157,123,0.12106299212598425,0,052429e5e8da268aba0c,127,72,0.5669291338582677,127,115,0.905511811023622,0.9790026246719161,124.33333333333333,0.9881889763779528,125.5
127,8,1016,889,0.875,127,0.125,1,052429e5e8da268aba0c,127,73,0.5748031496062992,127,112,0.8818897637795275,0.9737532808398951,123.66666666666667,0.985236220472441,125.125
127,8,1016,895,0.8809055118110236,121,0.11909448818897637,0,0535c319f96a2e59930c,127,74,0.5826771653543307,127,111,0.8740157480314961,0.9720034995625548,123.44444444444444,0.984251968503937,125.0
127,8,1016,906,0.8917322834645669,110,0.10826771653543307,1,0535c319f96a2e59930c,127,76,0.5984251968503937,127,105,0.8267716535433071,0.9601049868766405,121.93333333333334,0.9773622047244095,124.125
127,8,1016,911,0.8966535433070866,105,0.10334645669291338,0,053a2c30dc8141a42ebd,127,77,0.6062992125984252,127,118,0.9291338582677166,0.984251968503937,125.0,0.9911417322834646,125.875
127,8,1016,896,0.8818897637795275,120,0.11811023622047244,1,053a2c30dc8141a42ebd,127,70,0.5511811023622047,127,112,0.8818897637795275,0.9737532808398952,123.66666666666667,0.985236220472441,125.125
91,8,728,656,0.9010989010989011,72,0.0989010989010989,0,0550f5a69608c8b20c6c,91,62,0.6813186813186813,91,83,0.9120879120879121,0.9804639804639804,89.22222222222223,0.989010989010989,90.0
91,8,728,637,0.875,91,0.125,1,0550f5a69608c8b20c6c,91,53,0.5824175824175825,91,83,0.9120879120879121,0.9804639804639805,89.22222222222223,0.989010989010989,90.0
127,8,1016,932,0.9173228346456693,84,0.08267716535433071,0,05736d3838eb45691aa1,127,86,0.6771653543307087,127,116,0.9133858267716536,0.9807524059492565,124.55555555555556,0.9891732283464567,125.625
127,8,1016,876,0.8622047244094488,140,0.1377952755905512,1,05736d3838eb45691aa1,127,70,0.5511811023622047,127,106,0.8346456692913385,0.9618547681539809,122.15555555555555,0.9783464566929134,124.25
127,8,1016,912,0.8976377952755905,104,0.10236220472440945,0,05896e4c2e31c0463be8,127,83,0.6535433070866141,127,115,0.905511811023622,0.9790026246719161,124.33333333333333,0.9881889763779528,125.5
127,8,1016,909,0.8946850393700787,107,0.10531496062992125,1,05896e4c2e31c0463be8,127,77,0.6062992125984252,127,112,0.8818897637795275,0.9737532808398952,123.66666666666667,0.985236220472441,125.125
127,8,1016,904,0.889763779527559,112,0.11023622047244094,0,0593f0e9c85452fe8e24,127,78,0.6141732283464567,127,118,0.9291338582677166,0.984251968503937,125.0,0.9911417322834646,125.875
127,8,1016,869,0.8553149606299213,147,0.14468503937007873,1,0593f0e9c85452fe8e24,127,58,0.4566929133858268,127,105,0.8267716535433071,0.9615048118985127,122.11111111111111,0.9783464566929134,124.25
127,8,1016,900,0.8858267716535433,116,0.1141732283464567,0,05cb08913232321b25ad,127,74,0.5826771653543307,127,112,0.8818897637795275,0.9737532808398951,123.66666666666667,0.985236220472441,125.125
127,8,1016,867,0.8533464566929134,149,0.1466535433070866,1,05cb08913232321b25ad,127,63,0.49606299212598426,127,112,0.8818897637795275,0.973753280839895,123.66666666666667,0.985236220472441,125.125
127,8,1016,927,0.9124015748031497,89,0.08759842519685039,0,066466fff38704063913,127,87,0.6850393700787402,127,120,0.9448818897637795,0.9877515310586177,125.44444444444444,0.9931102362204725,126.125
127,8,1016,904,0.889763779527559,112,0.11023622047244094,1,066466fff38704063913,127,72,0.5669291338582677,127,113,0.889763779527559,0.9755030621172354,123.88888888888889,0.9862204724409449,125.25
127,8,1016,934,0.9192913385826772,82,0.08070866141732283,0,067a5b649600bb1d1857,127,90,0.7086614173228346,127,117,0.9212598425196851,0.9825021872265967,124.77777777777777,0.9901574803149606,125.75
127,8,1016,878,0.8641732283464567,138,0.13582677165354332,1,067a5b649600bb1d1857,127,68,0.5354330708661418,127,110,0.8661417322834646,0.9688538932633421,123.04444444444445,0.9822834645669292,124.75
127,8,1016,924,0.9094488188976378,92,0.09055118110236221,0,06a9a91525cb5e2f7857,127,88,0.6929133858267716,127,119,0.937007874015748,0.9860017497812774,125.22222222222223,0.9921259842519685,126.0
127,8,1016,871,0.8572834645669292,145,0.14271653543307086,1,06a9a91525cb5e2f7857,127,64,0.5039370078740157,127,106,0.8346456692913385,0.963254593175853,122.33333333333333,0.9793307086614174,124.375
104,8,832,743,0.8930288461538461,89,0.10697115384615384,0,06b3454c80bf47dde168,104,63,0.6057692307692307,104,95,0.9134615384615384,0.9807692307692307,102.0,0.9891826923076923,102.875
104,8,832,732,0.8798076923076923,100,0.1201923076923077,1,06b3454c80bf47dde168,104,56,0.5384615384615384,104,92,0.8846153846153846,0.9743589743589745,101.33333333333333,0.9855769230769231,102.5
127,8,1016,927,0.9124015748031497,89,0.08759842519685039,0,071a13009e9aea8f5165,127,86,0.6771653543307087,127,118,0.9291338582677166,0.984251968503937,125.0,0.9911417322834646,125.875
127,8,1016,877,0.8631889763779528,139,0.13681102362204725,1,071a13009e9aea8f5165,127,64,0.5039370078740157,127,110,0.8661417322834646,0.9702537182852145,123.22222222222223,0.9832677165354331,124.875
127,8,1016,891,0.8769685039370079,125,0.12303149606299213,0,0736935a3f57cdd1e037,127,73,0.5748031496062992,127,110,0.8661417322834646,0.9688538932633421,123.04444444444445,0.9822834645669292,124.75
127,8,1016,911,0.8966535433070866,105,0.10334645669291338,1,0736935a3f57cdd1e037,127,76,0.5984251968503937,127,111,0.8740157480314961,0.9720034995625548,123.44444444444444,0.984251968503937,125.0
127,8,1016,881,0.8671259842519685,135,0.1328740157480315,0,074ec475ad3f56370376,127,72,0.5669291338582677,127,112,0.8818897637795275,0.9737532808398952,123.66666666666667,0.985236220472441,125.125
127,8,1016,881,0.8671259842519685,135,0.1328740157480315,1,074ec475ad3f56370376,127,65,0.5118110236220472,127,107,0.84251968503937,0.9650043744531933,122.55555555555556,0.9803149606299213,124.5
127,8,1016,896,0.8818897637795275,120,0.11811023622047244,0,0762b3cc828308f2763c,127,80,0.6299212598425197,127,118,0.9291338582677166,0.9828521434820647,124.82222222222222,0.9901574803149606,125.75
127,8,1016,909,0.8946850393700787,107,0.10531496062992125,1,0762b3cc828308f2763c,127,72,0.5669291338582677,127,105,0.8267716535433071,0.9615048118985126,122.11111111111111,0.9783464566929134,124.25
127,8,1016,742,0.7303149606299213,274,0.26968503937007876,0,083c33f4bd275d391520,127,42,0.33070866141732286,127,88,0.6929133858267716,0.9317585301837273,118.33333333333333,0.9616141732283464,122.125
127,8,1016,622,0.6122047244094488,394,0.38779527559055116,1,083c33f4bd275d391520,127,10,0.07874015748031496,127,41,0.3228346456692913,0.8439195100612426,107.17777777777778,0.9114173228346457,115.75
127,8,1016,899,0.8848425196850394,117,0.11515748031496063,0,089c4d555dc2fc5c1001,127,81,0.6377952755905512,127,112,0.8818897637795275,0.973753280839895,123.66666666666667,0.985236220472441,125.125
127,8,1016,872,0.8582677165354331,144,0.14173228346456693,1,089c4d555dc2fc5c1001,127,62,0.4881889763779528,127,103,0.8110236220472441,0.9580052493438319,121.66666666666667,0.9763779527559056,124.0
127,8,1016,893,0.8789370078740157,123,0.12106299212598425,0,08a516ed65ded1d98939,127,71,0.5590551181102362,127,114,0.8976377952755905,0.9772528433945757,124.11111111111111,0.9872047244094488,125.375
127,8,1016,885,0.8710629921259843,131,0.12893700787401574,1,08a516ed65ded1d98939,127,68,0.5354330708661418,127,109,0.8582677165354331,0.968503937007874,123.0,0.9822834645669292,124.75
127,8,1016,914,0.8996062992125984,102,0.10039370078740158,0,08a644a1ffe3bc02f01e,127,77,0.6062992125984252,127,111,0.8740157480314961,0.9720034995625547,123.44444444444444,0.984251968503937,125.0
127,8,1016,894,0.8799212598425197,122,0.12007874015748031,1,08a644a1ffe3bc02f01e,127,74,0.5826771653543307,127,116,0.9133858267716536,0.9793525809273842,124.37777777777778,0.9881889763779528,125.5
127,8,1016,914,0.8996062992125984,102,0.10039370078740158,0,08ae3430f704796fb489,127,81,0.6377952755905512,127,117,0.9212598425196851,0.9825021872265967,124.77777777777777,0.9901574803149606,125.75
127,8,1016,877,0.8631889763779528,139,0.13681102362204725,1,08ae3430f704796fb489,127,70,0.5511811023622047,127,117,0.9212598425196851,0.9825021872265968,124.77777777777777,0.9901574803149606,125.75
127,8,1016,907,0.8927165354330708,109,0.10728346456692914,0,08c8f1ae4ca8bd819a8a,127,76,0.5984251968503937,127,118,0.9291338582677166,0.984251968503937,125.0,0.9911417322834646,125.875
127,8,1016,885,0.8710629921259843,131,0.12893700787401574,1,08c8f1ae4ca8bd819a8a,127,71,0.5590551181102362,127,114,0.8976377952755905,0.9772528433945757,124.11111111111111,0.9872047244094488,125.375
127,8,1016,897,0.8828740157480315,119,0.1171259842519685,0,08d902e0c3d70a68f540,127,76,0.5984251968503937,127,117,0.9212598425196851,0.9811023622047244,124.6,0.9891732283464567,125.625
127,8,1016,898,0.8838582677165354,118,0.11614173228346457,1,08d902e0c3d70a68f540,127,68,0.5354330708661418,127,112,0.8818897637795275,0.9723534558180229,123.4888888888889,0.984251968503937,125.0
127,8,1016,886,0.8720472440944882,130,0.1279527559055118,0,091705e70651d77aefc8,127,66,0.5196850393700787,127,110,0.8661417322834646,0.9702537182852145,123.22222222222223,0.9832677165354331,124.875
127,8,1016,812,0.7992125984251969,204,0.20078740157480315,1,091705e70651d77aefc8,127,50,0.3937007874015748,127,101,0.7952755905511811,0.9531058617672792,121.04444444444445,0.9734251968503937,123.625
127,8,1016,889,0.875,127,0.125,0,09270f39b1e71042f791,127,70,0.5511811023622047,127,112,0.8818897637795275,0.9737532808398951,123.66666666666667,0.985236220472441,125.125
127,8,1016,857,0.843503937007874,159,0.15649606299212598,1,09270f39b1e71042f791,127,61,0.48031496062992124,127,104,0.8188976377952756,0.9597550306211724,121.88888888888889,0.9773622047244095,124.125
127,8,1016,891,0.8769685039370079,125,0.12303149606299213,0,092fb725ed92d83c270d,127,75,0.5905511811023622,127,119,0.937007874015748,0.9860017497812774,125.22222222222223,0.9921259842519685,126.0
127,8,1016,879,0.8651574803149606,137,0.13484251968503938,1,092fb725ed92d83c270d,127,68,0.5354330708661418,127,106,0.8346456692913385,0.963254593175853,122.33333333333333,0.9793307086614174,124.375
127,8,1016,915,0.9005905511811023,101,0.09940944881889764,0,094af980d2e4560ac60c,127,82,0.6456692913385826,127,116,0.9133858267716536,0.9807524059492565,124.55555555555556,0.9891732283464567,125.625
127,8,1016,878,0.8641732283464567,138,0.13582677165354332,1,094af980d2e4560ac60c,127,66,0.5196850393700787,127,114,0.8976377952755905,0.9772528433945757,124.11111111111111,0.9872047244094488,125.375
127,8,1016,906,0.8917322834645669,110,0.10826771653543307,0,098f8d40e91916047686,127,73,0.5748031496062992,127,106,0.8346456692913385,0.9632545931758529,122.33333333333333,0.9793307086614174,124.375
127,8,1016,833,0.8198818897637795,183,0.18011811023622049,1,098f8d40e91916047686,127,54,0.4251968503937008,127,99,0.7795275590551181,0.9496062992125984,120.6,0.9714566929133859,123.375
88,8,704,632,0.8977272727272727,72,0.10227272727272728,0,09a5e6954731576a323b,88,55,0.625,88,80,0.9090909090909091,0.9797979797979799,86.22222222222223,0.9886363636363636,87.0
88,8,704,617,0.8764204545454546,87,0.12357954545454546,1,09a5e6954731576a323b,88,54,0.6136363636363636,88,81,0.9204545454545454,0.9823232323232325,86.44444444444444,0.9900568181818182,87.125
127,8,1016,928,0.9133858267716536,88,0.08661417322834646,0,09c942ef1a98da6659d1,127,87,0.6850393700787402,127,115,0.905511811023622,0.9790026246719161,124.33333333333333,0.9881889763779528,125.5
127,8,1016,896,0.8818897637795275,120,0.11811023622047244,1,09c942ef1a98da6659d1,127,70,0.5511811023622047,127,110,0.8661417322834646,0.9702537182852145,123.22222222222223,0.9832677165354331,124.875
127,8,1016,898,0.8838582677165354,118,0.11614173228346457,0,0a1d8a7c087c9dc3d2cd,127,76,0.5984251968503937,127,112,0.8818897637795275,0.973753280839895,123.66666666666667,0.985236220472441,125.125
127,8,1016,894,0.8799212598425197,122,0.12007874015748031,1,0a1d8a7c087c9dc3d2cd,127,73,0.5748031496062992,127,116,0.9133858267716536,0.9807524059492563,124.55555555555556,0.9891732283464567,125.625
127,8,1016,897,0.8828740157480315,119,0.1171259842519685,0,0a2fd3a1b824cf221369,127,72,0.5669291338582677,127,110,0.8661417322834646,0.9702537182852145,123.22222222222223,0.9832677165354331,124.875
127,8,1016,874,0.860236220472441,142,0.13976377952755906,1,0a2fd3a1b824cf221369,127,66,0.5196850393700787,127,109,0.8582677165354331,0.968503937007874,123.0,0.9822834645669292,124.75
127,8,1016,918,0.9035433070866141,98,0.09645669291338582,0,0aa6cfc00ab1dd402f7e,127,80,0.6299212598425197,127,115,0.905511811023622,0.9790026246719161,124.33333333333333,0.9881889763779528,125.5
127,8,1016,866,0.8523622047244095,150,0.14763779527559054,1,0aa6cfc00ab1dd402f7e,127,62,0.4881889763779528,127,114,0.8976377952755905,0.9772528433945757,124.11111111111111,0.9872047244094488,125.375
127,8,1016,874,0.860236220472441,142,0.13976377952755906,0,0ade38b56b4ba335d014,127,67,0.5275590551181102,127,116,0.9133858267716536,0.9807524059492565,124.55555555555556,0.9891732283464567,125.625
127,8,1016,881,0.8671259842519685,135,0.1328740157480315,1,0ade38b56b4ba335d014,127,70,0.5511811023622047,127,111,0.8740157480314961,0.9720034995625548,123.44444444444444,0.984251968503937,125.0
127,8,1016,896,0.8818897637795275,120,0.11811023622047244,0,0af61f659608984d5c05,127,72,0.5669291338582677,127,112,0.8818897637795275,0.9737532808398952,123.66666666666667,0.985236220472441,125.125
127,8,1016,881,0.8671259842519685,135,0.1328740157480315,1,0af61f659608984d5c05,127,66,0.5196850393700787,127,105,0.8267716535433071,0.9601049868766405,121.93333333333334,0.9773622047244095,124.125
64,8,512,463,0.904296875,49,0.095703125,0,0b088b1c6405a99afcbf,64,42,0.65625,64,60,0.9375,0.9861111111111112,63.111111111111114,0.9921875,63.5
64,8,512,451,0.880859375,61,0.119140625,1,0b088b1c6405a99afcbf,64,37,0.578125,64,58,0.90625,0.9791666666666667,62.666666666666664,0.98828125,63.25
127,8,1016,910,0.8956692913385826,106,0.10433070866141732,0,0b17aa2bf14c69e49fde,127,78,0.6141732283464567,127,113,0.889763779527559,0.9755030621172355,123.88888888888889,0.9862204724409449,125.25
127,8,1016,881,0.8671259842519685,135,0.1328740157480315,1,0b17aa2bf14c69e49fde,127,71,0.5590551181102362,127,111,0.8740157480314961,0.9720034995625548,123.44444444444444,0.984251968503937,125.0
33,8,264,235,0.8901515151515151,29,0.10984848484848485,0,0b78fd794493c2fce383,33,19,0.5757575757575758,33,27,0.8181818181818182,0.9595959595959596,31.666666666666668,0.9772727272727273,32.25
33,8,264,232,0.8787878787878788,32,0.12121212121212122,1,0b78fd794493c2fce383,33,16,0.48484848484848486,33,27,0.8181818181818182,0.9595959595959596,31.666666666666668,0.9772727272727273,32.25
127,8,1016,905,0.890748031496063,111,0.10925196850393701,0,0b7937de7f83e5fbfed7,127,76,0.5984251968503937,127,116,0.9133858267716536,0.9807524059492564,124.55555555555556,0.9891732283464567,125.625
127,8,1016,877,0.8631889763779528,139,0.13681102362204725,1,0b7937de7f83e5fbfed7,127,66,0.5196850393700787,127,110,0.8661417322834646,0.9702537182852145,123.22222222222223,0.9832677165354331,124.875
127,8,1016,900,0.8858267716535433,116,0.1141732283464567,0,0bab1d5476a0f2e5495d,127,76,0.5984251968503937,127,111,0.8740157480314961,0.9720034995625548,123.44444444444444,0.984251968503937,125.0
127,8,1016,891,0.8769685039370079,125,0.12303149606299213,1,0bab1d5476a0f2e5495d,127,67,0.5275590551181102,127,111,0.8740157480314961,0.9720034995625547,123.44444444444444,0.984251968503937,125.0
127,8,1016,830,0.8169291338582677,186,0.1830708661417323,0,0bbe66ae11d9e1f57a8d,127,43,0.33858267716535434,127,106,0.8346456692913385,0.963254593175853,122.33333333333333,0.9793307086614174,124.375
127,8,1016,516,0.5078740157480315,500,0.4921259842519685,1,0bbe66ae11d9e1f57a8d,127,13,0.10236220472440945,127,33,0.25984251968503935,0.80548795036984,102.2969696969697,0.8858267716535433,112.5
127,8,1016,905,0.890748031496063,111,0.10925196850393701,0,0bc6c80121aebeffed13,127,77,0.6062992125984252,127,113,0.889763779527559,0.9755030621172355,123.88888888888889,0.9862204724409449,125.25
127,8,1016,898,0.8838582677165354,118,0.11614173228346457,1,0bc6c80121aebeffed13,127,73,0.5748031496062992,127,111,0.8740157480314961,0.9720034995625548,123.44444444444444,0.984251968503937,125.0
127,8,1016,918,0.9035433070866141,98,0.09645669291338582,0,0bca64e6b6c04426713a,127,81,0.6377952755905512,127,112,0.8818897637795275,0.9737532808398952,123.66666666666667,0.985236220472441,125.125
127,8,1016,876,0.8622047244094488,140,0.1377952755905512,1,0bca64e6b6c04426713a,127,63,0.49606299212598426,127,102,0.8031496062992126,0.9548556430446195,121.26666666666667,0.9744094488188977,123.75
127,8,1016,901,0.8868110236220472,115,0.11318897637795275,0,0bdf8afdc223d33a68b9,127,73,0.5748031496062992,127,114,0.8976377952755905,0.9772528433945757,124.11111111111111,0.9872047244094488,125.375
127,8,1016,848,0.8346456692913385,168,0.16535433070866143,1,0bdf8afdc223d33a68b9,127,60,0.47244094488188976,127,102,0.8031496062992126,0.9562554680664915,121.44444444444444,0.9753937007874016,123.875
127,8,1016,911,0.8966535433070866,105,0.10334645669291338,0,0c2792fd8b11e4492680,127,78,0.6141732283464567,127,109,0.8582677165354331,0.9685039370078742,123.0,0.9822834645669292,124.75
127,8,1016,882,0.8681102362204725,134,0.13188976377952755,1,0c2792fd8b11e4492680,127,68,0.5354330708661418,127,105,0.8267716535433071,0.9615048118985127,122.11111111111111,0.9783464566929134,124.25
127,8,1016,882,0.8681102362204725,134,0.13188976377952755,0,0c65410d39676160e9eb,127,66,0.5196850393700787,127,111,0.8740157480314961,0.9720034995625548,123.44444444444444,0.984251968503937,125.0
127,8,1016,894,0.8799212598425197,122,0.12007874015748031,1,0c65410d39676160e9eb,127,69,0.5433070866141733,127,108,0.8503937007874016,0.9653543307086614,122.6,0.9803149606299213,124.5
127,8,1016,898,0.8838582677165354,118,0.11614173228346457,0,0c6827cc5421d03e14d4,127,77,0.6062992125984252,127,114,0.8976377952755905,0.9772528433945757,124.11111111111111,0.9872047244094488,125.375
127,8,1016,896,0.8818897637795275,120,0.11811023622047244,1,0c6827cc5421d03e14d4,127,69,0.5433070866141733,127,110,0.8661417322834646,0.9702537182852143,123.22222222222223,0.9832677165354331,124.875
127,8,1016,904,0.889763779527559,112,0.11023622047244094,0,0c7897b0964b1bb87be0,127,76,0.5984251968503937,127,113,0.889763779527559,0.9755030621172354,123.88888888888889,0.9862204724409449,125.25
127,8,1016,892,0.8779527559055118,124,0.1220472440944882,1,0c7897b0964b1bb87be0,127,72,0.5669291338582677,127,114,0.8976377952755905,0.9772528433945756,124.11111111111111,0.9872047244094488,125.375
127,8,1016,903,0.8887795275590551,113,0.11122047244094488,0,0c930baa875d63a744ba,127,74,0.5826771653543307,127,113,0.889763779527559,0.9755030621172355,123.88888888888889,0.9862204724409449,125.25
127,8,1016,895,0.8809055118110236,121,0.11909448818897637,1,0c930baa875d63a744ba,127,70,0.5511811023622047,127,111,0.8740157480314961,0.9720034995625547,123.44444444444444,0.984251968503937,125.0
127,8,1016,912,0.8976377952755905,104,0.10236220472440945,0,0c9e2874d884c5e6a5d1,127,77,0.6062992125984252,127,108,0.8503937007874016,0.9667541557305337,122.77777777777777,0.9812992125984252,124.625
127,8,1016,872,0.8582677165354331,144,0.14173228346456693,1,0c9e2874d884c5e6a5d1,127,69,0.5433070866141733,127,115,0.905511811023622,0.9776027996500438,124.15555555555555,0.9872047244094488,125.375
127,8,1016,904,0.889763779527559,112,0.11023622047244094,0,0ccf40440fce667b775e,127,75,0.5905511811023622,127,112,0.8818897637795275,0.9737532808398951,123.66666666666667,0.985236220472441,125.125
127,8,1016,869,0.8553149606299213,147,0.14468503937007873,1,0ccf40440fce667b775e,127,58,0.4566929133858268,127,108,0.8503937007874016,0.9667541557305337,122.77777777777777,0.9812992125984252,124.625
127,8,1016,930,0.9153543307086615,86,0.08464566929133858,0,0d0abe33cb0a93561eef,127,87,0.6850393700787402,127,115,0.905511811023622,0.9790026246719161,124.33333333333333,0.9881889763779528,125.5
127,8,1016,859,0.8454724409448819,157,0.1545275590551181,1,0d0abe33cb0a93561eef,127,62,0.4881889763779528,127,111,0.8740157480314961,0.9720034995625548,123.44444444444444,0.984251968503937,125.0
127,8,1016,857,0.843503937007874,159,0.15649606299212598,0,0d1c31cceee1cd124de3,127,55,0.4330708661417323,127,95,0.7480314960629921,0.9440069991251091,119.88888888888889,0.968503937007874,123.0
127,8,1016,488,0.48031496062992124,528,0.5196850393700787,1,0d1c31cceee1cd124de3,127,13,0.10236220472440945,127,68,0.5354330708661418,0.8771653543307085,111.4,0.9281496062992126,117.875
127,8,1016,913,0.8986220472440944,103,0.10137795275590551,0,0d3f10028312e9552e64,127,81,0.6377952755905512,127,117,0.9212598425196851,0.9825021872265968,124.77777777777777,0.9901574803149606,125.75
127,8,1016,850,0.8366141732283464,166,0.16338582677165353,1,0d3f10028312e9552e64,127,61,0.48031496062992124,127,103,0.8110236220472441,0.958005249343832,121.66666666666667,0.9763779527559056,124.0
127,8,1016,898,0.8838582677165354,118,0.11614173228346457,0,0d521be2089875122065,127,74,0.5826771653543307,127,116,0.9133858267716536,0.9807524059492565,124.55555555555556,0.9891732283464567,125.625
127,8,1016,873,0.859251968503937,143,0.140748031496063,1,0d521be2089875122065,127,65,0.5118110236220472,127,108,0.8503937007874016,0.9667541557305336,122.77777777777777,0.9812992125984252,124.625
98,8,784,667,0.8507653061224489,117,0.14923469387755103,0,0d87a5a28d1a75188930,98,49,0.5,98,86,0.8775510204081632,0.9709750566893425,95.15555555555555,0.9834183673469388,96.375
98,8,784,689,0.8788265306122449,95,0.1211734693877551,1,0d87a5a28d1a75188930,98,53,0.5408163265306123,98,88,0.8979591836734694,0.9755102040816326,95.6,0.985969387755102,96.625
127,8,1016,877,0.8631889763779528,139,0.13681102362204725,0,0e0edfb85d3e58490ea1,127,67,0.5275590551181102,127,109,0.8582677165354331,0.968503937007874,123.0,0.9822834645669292,124.75
127,8,1016,883,0.8690944881889764,133,0.1309055118110236,1,0e0edfb85d3e58490ea1,127,68,0.5354330708661418,127,104,0.8188976377952756,0.9597550306211723,121.88888888888889,0.9773622047244095,124.125
127,8,1016,917,0.9025590551181102,99,0.09744094488188976,0,0e17b1c5d9976b077d8e,127,84,0.6614173228346457,127,115,0.905511811023622,0.9790026246719161,124.33333333333333,0.9881889763779528,125.5
127,8,1016,898,0.8838582677165354,118,0.11614173228346457,1,0e17b1c5d9976b077d8e,127,75,0.5905511811023622,127,113,0.889763779527559,0.9755030621172354,123.88888888888889,0.9862204724409449,125.25
127,8,1016,888,0.8740157480314961,128,0.12598425196850394,0,0e24a4fcaf7510aeac91,127,71,0.5590551181102362,127,108,0.8503937007874016,0.9667541557305336,122.77777777777777,0.9812992125984252,124.625
127,8,1016,899,0.8848425196850394,117,0.11515748031496063,1,0e24a4fcaf7510aeac91,127,73,0.5748031496062992,127,107,0.84251968503937,0.9650043744531933,122.55555555555556,0.9803149606299213,124.5
127,8,1016,893,0.8789370078740157,123,0.12106299212598425,0,0e3007537351484bb9ca,127,69,0.5433070866141733,127,115,0.905511811023622,0.979002624671916,124.33333333333333,0.9881889763779528,125.5
127,8,1016,862,0.8484251968503937,154,0.1515748031496063,1,0e3007537351484bb9ca,127,61,0.48031496062992124,127,110,0.8661417322834646,0.9702537182852145,123.22222222222223,0.9832677165354331,124.875
127,8,1016,898,0.8838582677165354,118,0.11614173228346457,0,0e4d3895cd35ccffb38e,127,70,0.5511811023622047,127,105,0.8267716535433071,0.9615048118985126,122.11111111111111,0.9783464566929134,124.25
127,8,1016,882,0.8681102362204725,134,0.13188976377952755,1,0e4d3895cd35ccffb38e,127,67,0.5275590551181102,127,110,0.8661417322834646,0.9702537182852145,123.22222222222223,0.9832677165354331,124.875
127,8,1016,877,0.8631889763779528,139,0.13681102362204725,0,0ef270f4870841ca3303,127,64,0.5039370078740157,127,104,0.8188976377952756,0.9597550306211723,121.88888888888889,0.9773622047244095,124.125
127,8,1016,801,0.7883858267716536,215,0.21161417322834647,1,0ef270f4870841ca3303,127,40,0.31496062992125984,127,103,0.8110236220472441,0.9580052493438319,121.66666666666667,0.9763779527559056,124.0
127,8,1016,903,0.8887795275590551,113,0.11122047244094488,0,0eff13644785a421ce32,127,77,0.6062992125984252,127,114,0.8976377952755905,0.9772528433945757,124.11111111111111,0.9872047244094488,125.375
127,8,1016,875,0.8612204724409449,141,0.13877952755905512,1,0eff13644785a421ce32,127,57,0.44881889763779526,127,109,0.8582677165354331,0.968503937007874,123.0,0.9822834645669292,124.75
127,8,1016,872,0.8582677165354331,144,0.14173228346456693,0,0f09b01ca07b7a4c0c0b,127,67,0.5275590551181102,127,113,0.889763779527559,0.9755030621172355,123.88888888888889,0.9862204724409449,125.25
127,8,1016,894,0.8799212598425197,122,0.12007874015748031,1,0f09b01ca07b7a4c0c0b,127,70,0.5511811023622047,127,107,0.84251968503937,0.9650043744531934,122.55555555555556,0.9803149606299213,124.5
127,8,1016,894,0.8799212598425197,122,0.12007874015748031,0,10c1472ae9ff5d5ea689,127,70,0.5511811023622047,127,110,0.8661417322834646,0.9702537182852145,123.22222222222223,0.9832677165354331,124.875
127,8,1016,883,0.8690944881889764,133,0.1309055118110236,1,10c1472ae9ff5d5ea689,127,67,0.5275590551181102,127,111,0.8740157480314961,0.9720034995625548,123.44444444444444,0.984251968503937,125.0
100,8,800,698,0.8725,102,0.1275,0,10de8fc688e061abc423,100,58,0.58,100,91,0.91,0.9782222222222222,97.82222222222222,0.9875,98.75
100,8,800,702,0.8775,98,0.1225,1,10de8fc688e061abc423,100,57,0.57,100,89,0.89,0.9755555555555557,97.55555555555556,0.98625,98.625
127,8,1016,896,0.8818897637795275,120,0.11811023622047244,0,1122d467827925848144,127,68,0.5354330708661418,127,110,0.8661417322834646,0.9702537182852145,123.22222222222223,0.9832677165354331,124.875
127,8,1016,884,0.8700787401574803,132,0.12992125984251968,1,1122d467827925848144,127,67,0.5275590551181102,127,106,0.8346456692913385,0.9618547681539809,122.15555555555555,0.9783464566929134,124.25
127,8,1016,891,0.8769685039370079,125,0.12303149606299213,0,118d375a14ceb470186d,127,70,0.5511811023622047,127,112,0.8818897637795275,0.973753280839895,123.66666666666667,0.985236220472441,125.125
127,8,1016,830,0.8169291338582677,186,0.1830708661417323,1,118d375a14ceb470186d,127,55,0.4330708661417323,127,105,0.8267716535433071,0.9615048118985127,122.11111111111111,0.9783464566929134,124.25
127,8,1016,911,0.8966535433070866,105,0.10334645669291338,0,11c249e226600e973189,127,79,0.6220472440944882,127,109,0.8582677165354331,0.968503937007874,123.0,0.9822834645669292,124.75
127,8,1016,848,0.8346456692913385,168,0.16535433070866143,1,11c249e226600e973189,127,59,0.4645669291338583,127,101,0.7952755905511811,0.9531058617672792,121.04444444444445,0.9734251968503937,123.625
127,8,1016,941,0.9261811023622047,75,0.07381889763779527,0,120aadbbf6387c2aa795,127,90,0.7086614173228346,127,114,0.8976377952755905,0.9772528433945757,124.11111111111111,0.9872047244094488,125.375
127,8,1016,861,0.8474409448818898,155,0.15255905511811024,1,120aadbbf6387c2aa795,127,61,0.48031496062992124,127,102,0.8031496062992126,0.9548556430446196,121.26666666666667,0.9744094488188977,123.75
127,8,1016,919,0.9045275590551181,97,0.09547244094488189,0,129f439411c691b717e8,127,79,0.6220472440944882,127,109,0.8582677165354331,0.968503937007874,123.0,0.9822834645669292,124.75
127,8,1016,853,0.8395669291338582,163,0.16043307086614172,1,129f439411c691b717e8,127,59,0.4645669291338583,127,104,0.8188976377952756,0.9569553805774278,121.53333333333333,0.9753937007874016,123.875
60,8,480,428,0.8916666666666667,52,0.10833333333333334,0,12b7188759bdcd943c23,60,38,0.6333333333333333,60,53,0.8833333333333333,0.9740740740740741,58.44444444444444,0.9854166666666667,59.125
60,8,480,397,0.8270833333333333,83,0.17291666666666666,1,12b7188759bdcd943c23,60,27,0.45,60,50,0.8333333333333334,0.9629629629629629,57.77777777777778,0.9791666666666666,58.75
127,8,1016,893,0.8789370078740157,123,0.12106299212598425,0,12cf55e1f889dd99b109,127,68,0.5354330708661418,127,112,0.8818897637795275,0.9737532808398951,123.66666666666667,0.985236220472441,125.125
127,8,1016,873,0.859251968503937,143,0.140748031496063,1,12cf55e1f889dd99b109,127,64,0.5039370078740157,127,106,0.8346456692913385,0.963254593175853,122.33333333333333,0.9793307086614174,124.375
127,8,1016,894,0.8799212598425197,122,0.12007874015748031,0,12f67c12e8e714112d3a,127,80,0.6299212598425197,127,118,0.9291338582677166,0.984251968503937,125.0,0.9911417322834646,125.875
127,8,1016,856,0.84251968503937,160,0.15748031496062992,1,12f67c12e8e714112d3a,127,65,0.5118110236220472,127,112,0.8818897637795275,0.9723534558180228,123.4888888888889,0.984251968503937,125.0
127,8,1016,891,0.8769685039370079,125,0.12303149606299213,0,131264d27978bac3c898,127,69,0.5433070866141733,127,111,0.8740157480314961,0.9706036745406825,123.26666666666667,0.9832677165354331,124.875
127,8,1016,878,0.8641732283464567,138,0.13582677165354332,1,131264d27978bac3c898,127,64,0.5039370078740157,127,104,0.8188976377952756,0.9597550306211723,121.88888888888889,0.9773622047244095,124.125
127,8,1016,911,0.8966535433070866,105,0.10334645669291338,0,137c9b75239cdd79a6ea,127,76,0.5984251968503937,127,113,0.889763779527559,0.9755030621172354,123.88888888888889,0.9862204724409449,125.25
127,8,1016,867,0.8533464566929134,149,0.1466535433070866,1,137c9b75239cdd79a6ea,127,65,0.5118110236220472,127,105,0.8267716535433071,0.9615048118985127,122.11111111111111,0.9783464566929134,124.25
127,8,1016,905,0.890748031496063,111,0.10925196850393701,0,13dd5f1c1eac63e3962e,127,78,0.6141732283464567,127,112,0.8818897637795275,0.9723534558180228,123.4888888888889,0.984251968503937,125.0
127,8,1016,920,0.905511811023622,96,0.09448818897637795,1,13dd5f1c1eac63e3962e,127,81,0.6377952755905512,127,111,0.8740157480314961,0.9720034995625548,123.44444444444444,0.984251968503937,125.0
82,8,656,578,0.8810975609756098,78,0.11890243902439024,0,1484ca9fc8e54c481909,82,52,0.6341463414634146,82,72,0.8780487804878049,0.9707317073170733,79.6,0.9832317073170732,80.625
82,8,656,574,0.875,82,0.125,1,1484ca9fc8e54c481909,82,43,0.524390243902439,82,68,0.8292682926829268,0.962059620596206,78.88888888888889,0.9786585365853658,80.25
127,8,1016,920,0.905511811023622,96,0.09448818897637795,0,1494e03e3667bc7156f1,127,82,0.6456692913385826,127,116,0.9133858267716536,0.9807524059492565,124.55555555555556,0.9891732283464567,125.625
127,8,1016,878,0.8641732283464567,138,0.13582677165354332,1,1494e03e3667bc7156f1,127,72,0.5669291338582677,127,112,0.8818897637795275,0.973753280839895,123.66666666666667,0.985236220472441,125.125
127,8,1016,907,0.8927165354330708,109,0.10728346456692914,0,155fa61b90c4dc567cb9,127,82,0.6456692913385826,127,112,0.8818897637795275,0.9737532808398952,123.66666666666667,0.985236220472441,125.125
127,8,1016,871,0.8572834645669292,145,0.14271653543307086,1,155fa61b90c4dc567cb9,127,67,0.5275590551181102,127,114,0.8976377952755905,0.9772528433945757,124.11111111111111,0.9872047244094488,125.375
127,8,1016,895,0.8809055118110236,121,0.11909448818897637,0,158dfd5ba4f085b82055,127,75,0.5905511811023622,127,114,0.8976377952755905,0.9772528433945757,124.11111111111111,0.9872047244094488,125.375
127,8,1016,884,0.8700787401574803,132,0.12992125984251968,1,158dfd5ba4f085b82055,127,69,0.5433070866141733,127,106,0.8346456692913385,0.963254593175853,122.33333333333333,0.9793307086614174,124.375
127,8,1016,901,0.8868110236220472,115,0.11318897637795275,0,15d1d3f8ce2c30617539,127,77,0.6062992125984252,127,111,0.8740157480314961,0.9706036745406825,123.26666666666667,0.9832677165354331,124.875
127,8,1016,894,0.8799212598425197,122,0.12007874015748031,1,15d1d3f8ce2c30617539,127,69,0.5433070866141733,127,109,0.8582677165354331,0.968503937007874,123.0,0.9822834645669292,124.75
127,8,1016,893,0.8789370078740157,123,0.12106299212598425,0,15d872b92f63f281fd73,127,70,0.5511811023622047,127,109,0.8582677165354331,0.968503937007874,123.0,0.9822834645669292,124.75
127,8,1016,873,0.859251968503937,143,0.140748031496063,1,15d872b92f63f281fd73,127,63,0.49606299212598426,127,105,0.8267716535433071,0.9615048118985127,122.11111111111111,0.9783464566929134,124.25
127,8,1016,913,0.8986220472440944,103,0.10137795275590551,0,1624c2bae18e3d116f1f,127,78,0.6141732283464567,127,117,0.9212598425196851,0.9825021872265968,124.77777777777777,0.9901574803149606,125.75
127,8,1016,885,0.8710629921259843,131,0.12893700787401574,1,1624c2bae18e3d116f1f,127,68,0.5354330708661418,127,114,0.8976377952755905,0.9772528433945757,124.11111111111111,0.9872047244094488,125.375
127,8,1016,841,0.827755905511811,175,0.17224409448818898,0,163f61eaff3724f0d9c9,127,51,0.4015748031496063,127,92,0.7244094488188977,0.9387576552930886,119.22222222222223,0.9655511811023622,122.625
127,8,1016,452,0.4448818897637795,564,0.5551181102362205,1,163f61eaff3724f0d9c9,127,9,0.07086614173228346,127,36,0.28346456692913385,0.799029666746202,101.47676767676768,0.8809055118110236,111.875
127,8,1016,933,0.9183070866141733,83,0.08169291338582677,0,1757a5dbdeca60120661,127,93,0.7322834645669292,127,119,0.937007874015748,0.9860017497812774,125.22222222222223,0.9921259842519685,126.0
127,8,1016,888,0.8740157480314961,128,0.12598425196850394,1,1757a5dbdeca60120661,127,68,0.5354330708661418,127,115,0.905511811023622,0.979002624671916,124.33333333333333,0.9881889763779528,125.5
127,8,1016,914,0.8996062992125984,102,0.10039370078740158,0,177df6ae8def7d765bc4,127,80,0.6299212598425197,127,115,0.905511811023622,0.9790026246719161,124.33333333333333,0.9881889763779528,125.5
127,8,1016,890,0.8759842519685039,126,0.12401574803149606,1,177df6ae8def7d765bc4,127,66,0.5196850393700787,127,108,0.8503937007874016,0.9653543307086616,122.6,0.9803149606299213,124.5
127,8,1016,894,0.8799212598425197,122,0.12007874015748031,0,17d849f0e7369fbeca94,127,69,0.5433070866141733,127,110,0.8661417322834646,0.9702537182852145,123.22222222222223,0.9832677165354331,124.875
127,8,1016,880,0.8661417322834646,136,0.13385826771653545,1,17d849f0e7369fbeca94,127,67,0.5275590551181102,127,110,0.8661417322834646,0.9688538932633421,123.04444444444445,0.9822834645669292,124.75
127,8,1016,896,0.8818897637795275,120,0.11811023622047244,0,17f0aa1f8cdd2b19c2f5,127,75,0.5905511811023622,127,115,0.905511811023622,0.9790026246719161,124.33333333333333,0.9881889763779528,125.5
127,8,1016,890,0.8759842519685039,126,0.12401574803149606,1,17f0aa1f8cdd2b19c2f5,127,69,0.5433070866141733,127,117,0.9212598425196851,0.9825021872265968,124.77777777777777,0.9901574803149606,125.75
127,8,1016,906,0.8917322834645669,110,0.10826771653543307,0,181603dc14d532c96e6e,127,78,0.6141732283464567,127,115,0.905511811023622,0.9790026246719161,124.33333333333333,0.9881889763779528,125.5
127,8,1016,891,0.8769685039370079,125,0.12303149606299213,1,181603dc14d532c96e6e,127,67,0.5275590551181102,127,105,0.8267716535433071,0.9615048118985127,122.11111111111111,0.9783464566929134,124.25
127,8,1016,908,0.8937007874015748,108,0.1062992125984252,0,181927b2f36456a6f411,127,82,0.6456692913385826,127,116,0.9133858267716536,0.9807524059492565,124.55555555555556,0.9891732283464567,125.625
127,8,1016,861,0.8474409448818898,155,0.15255905511811024,1,181927b2f36456a6f411,127,62,0.4881889763779528,127,112,0.8818897637795275,0.9723534558180229,123.4888888888889,0.984251968503937,125.0
127,8,1016,898,0.8838582677165354,118,0.11614173228346457,0,18452ec7ad9d29790e39,127,79,0.6220472440944882,127,117,0.9212598425196851,0.9825021872265968,124.77777777777777,0.9901574803149606,125.75
127,8,1016,885,0.8710629921259843,131,0.12893700787401574,1,18452ec7ad9d29790e39,127,67,0.5275590551181102,127,104,0.8188976377952756,0.9597550306211724,121.88888888888889,0.9773622047244095,124.125
127,8,1016,901,0.8868110236220472,115,0.11318897637795275,0,184dcb58a8183ef4b48e,127,73,0.5748031496062992,127,113,0.889763779527559,0.9755030621172354,123.88888888888889,0.9862204724409449,125.25
127,8,1016,899,0.8848425196850394,117,0.11515748031496063,1,184dcb58a8183ef4b48e,127,73,0.5748031496062992,127,110,0.8661417322834646,0.9702537182852145,123.22222222222223,0.9832677165354331,124.875
127,8,1016,917,0.9025590551181102,99,0.09744094488188976,0,18c5d81ca5d4d7d522e7,127,79,0.6220472440944882,127,116,0.9133858267716536,0.9807524059492565,124.55555555555556,0.9891732283464567,125.625
127,8,1016,885,0.8710629921259843,131,0.12893700787401574,1,18c5d81ca5d4d7d522e7,127,73,0.5748031496062992,127,114,0.8976377952755905,0.9758530183727034,123.93333333333334,0.9862204724409449,125.25
127,8,1016,907,0.8927165354330708,109,0.10728346456692914,0,18e04c17e1d39e4ee42a,127,76,0.5984251968503937,127,112,0.8818897637795275,0.9737532808398951,123.66666666666667,0.985236220472441,125.125
127,8,1016,890,0.8759842519685039,126,0.12401574803149606,1,18e04c17e1d39e4ee42a,127,70,0.5511811023622047,127,112,0.8818897637795275,0.973753280839895,123.66666666666667,0.985236220472441,125.125
127,8,1016,914,0.8996062992125984,102,0.10039370078740158,0,193afa86e725be46264b,127,79,0.6220472440944882,127,108,0.8503937007874016,0.9667541557305337,122.77777777777777,0.9812992125984252,124.625
127,8,1016,877,0.8631889763779528,139,0.13681102362204725,1,193afa86e725be46264b,127,64,0.5039370078740157,127,109,0.8582677165354331,0.968503937007874,123.0,0.9822834645669292,124.75
127,8,1016,887,0.8730314960629921,129,0.12696850393700787,0,199e438dd5cdfb5dd22c,127,71,0.5590551181102362,127,113,0.889763779527559,0.9755030621172354,123.88888888888889,0.9862204724409449,125.25
127,8,1016,880,0.8661417322834646,136,0.13385826771653545,1,199e438dd5cdfb5dd22c,127,63,0.49606299212598426,127,106,0.8346456692913385,0.9632545931758529,122.33333333333333,0.9793307086614174,124.375
71,8,568,506,0.8908450704225352,62,0.10915492957746478,0,19c5ffc20eb2dda9a70e,71,42,0.5915492957746479,71,63,0.8873239436619719,0.9749608763693269,69.22222222222223,0.9859154929577465,70.0
71,8,568,471,0.829225352112676,97,0.17077464788732394,1,19c5ffc20eb2dda9a70e,71,29,0.4084507042253521,71,58,0.8169014084507042,0.9593114241001564,68.11111111111111,0.977112676056338,69.375
127,8,1016,929,0.9143700787401575,87,0.08562992125984252,0,1a103249091a561181f6,127,85,0.6692913385826772,127,114,0.8976377952755905,0.9772528433945757,124.11111111111111,0.9872047244094488,125.375
127,8,1016,885,0.8710629921259843,131,0.12893700787401574,1,1a103249091a561181f6,127,74,0.5826771653543307,127,113,0.889763779527559,0.9755030621172355,123.88888888888889,0.9862204724409449,125.25
127,8,1016,891,0.8769685039370079,125,0.12303149606299213,0,1a7c8839c36821963dbe,127,69,0.5433070866141733,127,113,0.889763779527559,0.9755030621172355,123.88888888888889,0.9862204724409449,125.25
127,8,1016,875,0.8612204724409449,141,0.13877952755905512,1,1a7c8839c36821963dbe,127,61,0.48031496062992124,127,98,0.7716535433070866,0.947856517935258,120.37777777777778,0.9704724409448819,123.25
127,8,1016,909,0.8946850393700787,107,0.10531496062992125,0,1a88e28f0a8711b970f1,127,76,0.5984251968503937,127,108,0.8503937007874016,0.9667541557305337,122.77777777777777,0.9812992125984252,124.625
127,8,1016,862,0.8484251968503937,154,0.1515748031496063,1,1a88e28f0a8711b970f1,127,61,0.48031496062992124,127,110,0.8661417322834646,0.9702537182852145,123.22222222222223,0.9832677165354331,124.875
127,8,1016,897,0.8828740157480315,119,0.1171259842519685,0,1abf9dfcb8082e6902a7,127,71,0.5590551181102362,127,107,0.84251968503937,0.9650043744531932,122.55555555555556,0.9803149606299213,124.5
127,8,1016,838,0.8248031496062992,178,0.17519685039370078,1,1abf9dfcb8082e6902a7,127,56,0.4409448818897638,127,100,0.7874015748031497,0.9513560804899387,120.82222222222222,0.9724409448818898,123.5
127,8,1016,919,0.9045275590551181,97,0.09547244094488189,0,1ad5545112352c0eee4b,127,82,0.6456692913385826,127,119,0.937007874015748,0.9860017497812774,125.22222222222223,0.9921259842519685,126.0
127,8,1016,898,0.8838582677165354,118,0.11614173228346457,1,1ad5545112352c0eee4b,127,76,0.5984251968503937,127,111,0.8740157480314961,0.9706036745406824,123.26666666666667,0.9832677165354331,124.875
127,8,1016,850,0.8366141732283464,166,0.16338582677165353,0,1aea69803794900b5c6e,127,31,0.2440944881889764,127,53,0.41732283464566927,0.8635170603674538,109.66666666666667,0.922244094488189,117.125
127,8,1016,515,0.5068897637795275,501,0.49311023622047245,1,1aea69803794900b5c6e,127,11,0.08661417322834646,127,52,0.4094488188976378,0.8645669291338582,109.8,0.9232283464566929,117.25
127,8,1016,933,0.9183070866141733,83,0.08169291338582677,0,1be80d2c9e6f7b428345,127,88,0.6929133858267716,127,117,0.9212598425196851,0.9825021872265967,124.77777777777777,0.9901574803149606,125.75
127,8,1016,902,0.8877952755905512,114,0.11220472440944881,1,1be80d2c9e6f7b428345,127,77,0.6062992125984252,127,106,0.8346456692913385,0.963254593175853,122.33333333333333,0.9793307086614174,124.375
127,8,1016,919,0.9045275590551181,97,0.09547244094488189,0,1c09787dd6896e7eda6c,127,80,0.6299212598425197,127,115,0.905511811023622,0.9790026246719161,124.33333333333333,0.9881889763779528,125.5
127,8,1016,852,0.8385826771653543,164,0.16141732283464566,1,1c09787dd6896e7eda6c,127,59,0.4645669291338583,127,102,0.8031496062992126,0.9562554680664918,121.44444444444444,0.9753937007874016,123.875
127,8,1016,908,0.8937007874015748,108,0.1062992125984252,0,1c3179d3228bcd8084cd,127,78,0.6141732283464567,127,113,0.889763779527559,0.9755030621172355,123.88888888888889,0.9862204724409449,125.25
127,8,1016,892,0.8779527559055118,124,0.1220472440944882,1,1c3179d3228bcd8084cd,127,68,0.5354330708661418,127,108,0.8503937007874016,0.9653543307086614,122.6,0.9803149606299213,124.5
127,8,1016,912,0.8976377952755905,104,0.10236220472440945,0,1c358a5a8bd5c0d08c3c,127,78,0.6141732283464567,127,113,0.889763779527559,0.9755030621172355,123.88888888888889,0.9862204724409449,125.25
127,8,1016,838,0.8248031496062992,178,0.17519685039370078,1,1c358a5a8bd5c0d08c3c,127,54,0.4251968503937008,127,107,0.84251968503937,0.9650043744531934,122.55555555555556,0.9803149606299213,124.5
127,8,1016,886,0.8720472440944882,130,0.1279527559055118,0,1c4bb7b1bdd70a96b67e,127,70,0.5511811023622047,127,115,0.905511811023622,0.9790026246719161,124.33333333333333,0.9881889763779528,125.5
127,8,1016,915,0.9005905511811023,101,0.09940944881889764,1,1c4bb7b1bdd70a96b67e,127,82,0.6456692913385826,127,113,0.889763779527559,0.9741032370953631,123.71111111111111,0.985236220472441,125.125
127,8,1016,674,0.6633858267716536,342,0.33661417322834647,0,1c4bf44a9277b43d18c2,127,11,0.08661417322834646,127,115,0.905511811023622,0.9790026246719161,124.33333333333333,0.9881889763779528,125.5
127,8,1016,593,0.5836614173228346,423,0.41633858267716534,1,1c4bf44a9277b43d18c2,127,13,0.10236220472440945,127,56,0.4409448818897638,0.8715660542432196,110.68888888888888,0.9271653543307087,117.75
127,8,1016,886,0.8720472440944882,130,0.1279527559055118,0,1cd386c0e7972117e2df,127,69,0.5433070866141733,127,120,0.9448818897637795,0.9877515310586178,125.44444444444444,0.9931102362204725,126.125
127,8,1016,864,0.8503937007874016,152,0.14960629921259844,1,1cd386c0e7972117e2df,127,68,0.5354330708661418,127,109,0.8582677165354331,0.968503937007874,123.0,0.9822834645669292,124.75
127,8,1016,914,0.8996062992125984,102,0.10039370078740158,0,1d0dc8c1a64af1c2a912,127,84,0.6614173228346457,127,117,0.9212598425196851,0.9825021872265968,124.77777777777777,0.9901574803149606,125.75
127,8,1016,841,0.827755905511811,175,0.17224409448818898,1,1d0dc8c1a64af1c2a912,127,58,0.4566929133858268,127,109,0.8582677165354331,0.9671041119860018,122.82222222222222,0.9812992125984252,124.625
127,8,1016,910,0.8956692913385826,106,0.10433070866141732,0,1d7cf8dd9193d957f3c1,127,80,0.6299212598425197,127,123,0.968503937007874,0.9930008748906387,126.11111111111111,0.9960629921259843,126.5
127,8,1016,885,0.8710629921259843,131,0.12893700787401574,1,1d7cf8dd9193d957f3c1,127,68,0.5354330708661418,127,112,0.8818897637795275,0.9737532808398952,123.66666666666667,0.985236220472441,125.125
127,8,1016,822,0.8090551181102362,194,0.19094488188976377,0,1d9153c8703527204c89,127,47,0.3700787401574803,127,97,0.7637795275590551,0.9475065616797902,120.33333333333333,0.9704724409448819,123.25
127,8,1016,515,0.5068897637795275,501,0.49311023622047245,1,1d9153c8703527204c89,127,14,0.11023622047244094,127,46,0.36220472440944884,0.8347252048039447,106.01010101010101,0.9035433070866141,114.75
127,8,1016,897,0.8828740157480315,119,0.1171259842519685,0,1daef9ca6a62a9ddea6d,127,76,0.5984251968503937,127,118,0.9291338582677166,0.984251968503937,125.0,0.9911417322834646,125.875
127,8,1016,884,0.8700787401574803,132,0.12992125984251968,1,1daef9ca6a62a9ddea6d,127,65,0.5118110236220472,127,108,0.8503937007874016,0.9667541557305337,122.77777777777777,0.9812992125984252,124.625
127,8,1016,913,0.8986220472440944,103,0.10137795275590551,0,1e1520b407293bce7083,127,75,0.5905511811023622,127,119,0.937007874015748,0.9860017497812774,125.22222222222223,0.9921259842519685,126.0
127,8,1016,886,0.8720472440944882,130,0.1279527559055118,1,1e1520b407293bce7083,127,66,0.5196850393700787,127,108,0.8503937007874016,0.9653543307086615,122.6,0.9803149606299213,124.5
127,8,1016,914,0.8996062992125984,102,0.10039370078740158,0,1e33fe88c9b72ac14558,127,76,0.5984251968503937,127,111,0.8740157480314961,0.9720034995625548,123.44444444444444,0.984251968503937,125.0
127,8,1016,869,0.8553149606299213,147,0.14468503937007873,1,1e33fe88c9b72ac14558,127,65,0.5118110236220472,127,108,0.8503937007874016,0.9653543307086615,122.6,0.9803149606299213,124.5
127,8,1016,899,0.8848425196850394,117,0.11515748031496063,0,1e4cea9b2eaead43320c,127,77,0.6062992125984252,127,120,0.9448818897637795,0.9877515310586178,125.44444444444444,0.9931102362204725,126.125
127,8,1016,864,0.8503937007874016,152,0.14960629921259844,1,1e4cea9b2eaead43320c,127,55,0.4330708661417323,127,105,0.8267716535433071,0.9601049868766405,121.93333333333334,0.9773622047244095,124.125
127,8,1016,893,0.8789370078740157,123,0.12106299212598425,0,1e7c7f9f219964a9768e,127,73,0.5748031496062992,127,113,0.889763779527559,0.9741032370953631,123.71111111111111,0.985236220472441,125.125
127,8,1016,875,0.8612204724409449,141,0.13877952755905512,1,1e7c7f9f219964a9768e,127,63,0.49606299212598426,127,106,0.8346456692913385,0.963254593175853,122.33333333333333,0.9793307086614174,124.375
127,8,1016,906,0.8917322834645669,110,0.10826771653543307,0,1e8bb930c595fa6ac53e,127,76,0.5984251968503937,127,111,0.8740157480314961,0.9720034995625548,123.44444444444444,0.984251968503937,125.0
127,8,1016,888,0.8740157480314961,128,0.12598425196850394,1,1e8bb930c595fa6ac53e,127,71,0.5590551181102362,127,110,0.8661417322834646,0.9702537182852145,123.22222222222223,0.9832677165354331,124.875
127,8,1016,895,0.8809055118110236,121,0.11909448818897637,0,1eab55664817769b2d2f,127,75,0.5905511811023622,127,113,0.889763779527559,0.9755030621172354,123.88888888888889,0.9862204724409449,125.25
127,8,1016,883,0.8690944881889764,133,0.1309055118110236,1,1eab55664817769b2d2f,127,71,0.5590551181102362,127,119,0.937007874015748,0.9860017497812774,125.22222222222223,0.9921259842519685,126.0
127,8,1016,926,0.9114173228346457,90,0.08858267716535433,0,1eb26b097af2dc72a214,127,86,0.6771653543307087,127,120,0.9448818897637795,0.9877515310586177,125.44444444444444,0.9931102362204725,126.125
127,8,1016,880,0.8661417322834646,136,0.13385826771653545,1,1eb26b097af2dc72a214,127,74,0.5826771653543307,127,109,0.8582677165354331,0.9671041119860018,122.82222222222222,0.9812992125984252,124.625
127,8,1016,926,0.9114173228346457,90,0.08858267716535433,0,1eccb479d98cb342d132,127,83,0.6535433070866141,127,115,0.905511811023622,0.9790026246719161,124.33333333333333,0.9881889763779528,125.5
127,8,1016,859,0.8454724409448819,157,0.1545275590551181,1,1eccb479d98cb342d132,127,63,0.49606299212598426,127,105,0.8267716535433071,0.9601049868766405,121.93333333333334,0.9773622047244095,124.125
127,8,1016,914,0.8996062992125984,102,0.10039370078740158,0,1f22f72c7202203035c2,127,84,0.6614173228346457,127,116,0.9133858267716536,0.9807524059492565,124.55555555555556,0.9891732283464567,125.625
127,8,1016,871,0.8572834645669292,145,0.14271653543307086,1,1f22f72c7202203035c2,127,67,0.5275590551181102,127,111,0.8740157480314961,0.9720034995625548,123.44444444444444,0.984251968503937,125.0
127,8,1016,910,0.8956692913385826,106,0.10433070866141732,0,1f4df8cdffbf438fda1a,127,79,0.6220472440944882,127,111,0.8740157480314961,0.9706036745406823,123.26666666666667,0.9832677165354331,124.875
127,8,1016,882,0.8681102362204725,134,0.13188976377952755,1,1f4df8cdffbf438fda1a,127,67,0.5275590551181102,127,108,0.8503937007874016,0.9667541557305336,122.77777777777777,0.9812992125984252,124.625
127,8,1016,885,0.8710629921259843,131,0.12893700787401574,0,206a7733fbf1a0879666,127,74,0.5826771653543307,127,116,0.9133858267716536,0.9807524059492564,124.55555555555556,0.9891732283464567,125.625
127,8,1016,862,0.8484251968503937,154,0.1515748031496063,1,206a7733fbf1a0879666,127,66,0.5196850393700787,127,113,0.889763779527559,0.9755030621172354,123.88888888888889,0.9862204724409449,125.25
127,8,1016,894,0.8799212598425197,122,0.12007874015748031,0,20d8dd0b65d5c0071954,127,73,0.5748031496062992,127,113,0.889763779527559,0.9755030621172354,123.88888888888889,0.9862204724409449,125.25
127,8,1016,887,0.8730314960629921,129,0.12696850393700787,1,20d8dd0b65d5c0071954,127,70,0.5511811023622047,127,113,0.889763779527559,0.9755030621172355,123.88888888888889,0.9862204724409449,125.25
127,8,1016,914,0.8996062992125984,102,0.10039370078740158,0,20d92c0200af06bf88d2,127,81,0.6377952755905512,127,113,0.889763779527559,0.9755030621172354,123.88888888888889,0.9862204724409449,125.25
127,8,1016,874,0.860236220472441,142,0.13976377952755906,1,20d92c0200af06bf88d2,127,67,0.5275590551181102,127,112,0.8818897637795275,0.9737532808398951,123.66666666666667,0.985236220472441,125.125
127,8,1016,827,0.8139763779527559,189,0.1860236220472441,0,21712eb07f5746c62140,127,45,0.3543307086614173,127,97,0.7637795275590551,0.9475065616797902,120.33333333333333,0.9704724409448819,123.25
127,8,1016,530,0.5216535433070866,486,0.47834645669291337,1,21712eb07f5746c62140,127,16,0.12598425196850394,127,45,0.3543307086614173,0.8259762984172431,104.8989898989899,0.8976377952755905,114.0
127,8,1016,874,0.860236220472441,142,0.13976377952755906,0,21a1fd652b8ee4a01436,127,67,0.5275590551181102,127,115,0.905511811023622,0.979002624671916,124.33333333333333,0.9881889763779528,125.5
127,8,1016,886,0.8720472440944882,130,0.1279527559055118,1,21a1fd652b8ee4a01436,127,67,0.5275590551181102,127,107,0.84251968503937,0.9650043744531933,122.55555555555556,0.9803149606299213,124.5
127,8,1016,899,0.8848425196850394,117,0.11515748031496063,0,21aacc5ffd220c26fe28,127,75,0.5905511811023622,127,116,0.9133858267716536,0.9807524059492564,124.55555555555556,0.9891732283464567,125.625
127,8,1016,881,0.8671259842519685,135,0.1328740157480315,1,21aacc5ffd220c26fe28,127,64,0.5039370078740157,127,105,0.8267716535433071,0.9615048118985128,122.11111111111111,0.9783464566929134,124.25
127,8,1016,889,0.875,127,0.125,0,21ee47798c809fb94dbe,127,75,0.5905511811023622,127,111,0.8740157480314961,0.9720034995625548,123.44444444444444,0.984251968503937,125.0
127,8,1016,890,0.8759842519685039,126,0.12401574803149606,1,21ee47798c809fb94dbe,127,70,0.5511811023622047,127,111,0.8740157480314961,0.9720034995625546,123.44444444444444,0.984251968503937,125.0
127,8,1016,927,0.9124015748031497,89,0.08759842519685039,0,22d976a544f1f7482895,127,83,0.6535433070866141,127,115,0.905511811023622,0.9790026246719161,124.33333333333333,0.9881889763779528,125.5
127,8,1016,908,0.8937007874015748,108,0.1062992125984252,1,22d976a544f1f7482895,127,79,0.6220472440944882,127,114,0.8976377952755905,0.9772528433945757,124.11111111111111,0.9872047244094488,125.375
127,8,1016,904,0.889763779527559,112,0.11023622047244094,0,232125d1d806b13d8881,127,73,0.5748031496062992,127,113,0.889763779527559,0.9755030621172354,123.88888888888889,0.9862204724409449,125.25
127,8,1016,887,0.8730314960629921,129,0.12696850393700787,1,232125d1d806b13d8881,127,67,0.5275590551181102,127,115,0.905511811023622,0.979002624671916,124.33333333333333,0.9881889763779528,125.5
127,8,1016,909,0.8946850393700787,107,0.10531496062992125,0,2328d7a464c9ea472612,127,77,0.6062992125984252,127,115,0.905511811023622,0.9790026246719161,124.33333333333333,0.9881889763779528,125.5
127,8,1016,883,0.8690944881889764,133,0.1309055118110236,1,2328d7a464c9ea472612,127,69,0.5433070866141733,127,108,0.8503937007874016,0.9667541557305337,122.77777777777777,0.9812992125984252,124.625
98,8,784,677,0.8635204081632653,107,0.1364795918367347,0,2343bd272f1ca7b3e208,98,51,0.5204081632653061,98,88,0.8979591836734694,0.9755102040816326,95.6,0.985969387755102,96.625
98,8,784,705,0.8992346938775511,79,0.10076530612244898,1,2343bd272f1ca7b3e208,98,60,0.6122448979591837,98,86,0.8775510204081632,0.9727891156462586,95.33333333333333,0.9846938775510204,96.5
127,8,1016,890,0.8759842519685039,126,0.12401574803149606,0,23457c9343c9fdf0d351,127,71,0.5590551181102362,127,113,0.889763779527559,0.9755030621172354,123.88888888888889,0.9862204724409449,125.25
127,8,1016,868,0.8543307086614174,148,0.14566929133858267,1,23457c9343c9fdf0d351,127,66,0.5196850393700787,127,100,0.7874015748031497,0.9499562554680666,120.64444444444445,0.9714566929133859,123.375
127,8,1016,936,0.9212598425196851,80,0.07874015748031496,0,235b042d6e2b290a72f0,127,85,0.6692913385826772,127,113,0.889763779527559,0.9755030621172354,123.88888888888889,0.9862204724409449,125.25
127,8,1016,869,0.8553149606299213,147,0.14468503937007873,1,235b042d6e2b290a72f0,127,66,0.5196850393700787,127,105,0.8267716535433071,0.9615048118985128,122.11111111111111,0.9783464566929134,124.25
127,8,1016,897,0.8828740157480315,119,0.1171259842519685,0,239fcde67aa71aae1332,127,76,0.5984251968503937,127,108,0.8503937007874016,0.9667541557305336,122.77777777777777,0.9812992125984252,124.625
127,8,1016,878,0.8641732283464567,138,0.13582677165354332,1,239fcde67aa71aae1332,127,72,0.5669291338582677,127,113,0.889763779527559,0.9755030621172354,123.88888888888889,0.9862204724409449,125.25
127,8,1016,891,0.8769685039370079,125,0.12303149606299213,0,23d1a4bb74f86f9ae72c,127,70,0.5511811023622047,127,115,0.905511811023622,0.9790026246719161,124.33333333333333,0.9881889763779528,125.5
127,8,1016,877,0.8631889763779528,139,0.13681102362204725,1,23d1a4bb74f86f9ae72c,127,68,0.5354330708661418,127,114,0.8976377952755905,0.9772528433945757,124.11111111111111,0.9872047244094488,125.375
127,8,1016,879,0.8651574803149606,137,0.13484251968503938,0,23db6fb46822445517d0,127,70,0.5511811023622047,127,111,0.8740157480314961,0.9720034995625547,123.44444444444444,0.984251968503937,125.0
127,8,1016,907,0.8927165354330708,109,0.10728346456692914,1,23db6fb46822445517d0,127,77,0.6062992125984252,127,108,0.8503937007874016,0.9653543307086615,122.6,0.9803149606299213,124.5
127,8,1016,873,0.859251968503937,143,0.140748031496063,0,24350f673b6706a47238,127,62,0.4881889763779528,127,106,0.8346456692913385,0.963254593175853,122.33333333333333,0.9793307086614174,124.375
127,8,1016,870,0.8562992125984252,146,0.1437007874015748,1,24350f673b6706a47238,127,68,0.5354330708661418,127,110,0.8661417322834646,0.9702537182852145,123.22222222222223,0.9832677165354331,124.875
127,8,1016,926,0.9114173228346457,90,0.08858267716535433,0,24578ec3333bed79e961,127,85,0.6692913385826772,127,119,0.937007874015748,0.9860017497812774,125.22222222222223,0.9921259842519685,126.0
127,8,1016,869,0.8553149606299213,147,0.14468503937007873,1,24578ec3333bed79e961,127,61,0.48031496062992124,127,111,0.8740157480314961,0.9720034995625547,123.44444444444444,0.984251968503937,125.0
127,8,1016,913,0.8986220472440944,103,0.10137795275590551,0,2469459cad19a519e761,127,77,0.6062992125984252,127,113,0.889763779527559,0.9741032370953631,123.71111111111111,0.985236220472441,125.125
127,8,1016,870,0.8562992125984252,146,0.1437007874015748,1,2469459cad19a519e761,127,69,0.5433070866141733,127,112,0.8818897637795275,0.973753280839895,123.66666666666667,0.985236220472441,125.125
127,8,1016,840,0.8267716535433071,176,0.1732283464566929,0,253a58836fc704d92279,127,52,0.4094488188976378,127,103,0.8110236220472441,0.9580052493438321,121.66666666666667,0.9763779527559056,124.0
127,8,1016,451,0.4438976377952756,565,0.5561023622047244,1,253a58836fc704d92279,127,9,0.07086614173228346,127,41,0.3228346456692913,0.8063787481110313,102.41010101010102,0.8848425196850394,112.375
127,8,1016,912,0.8976377952755905,104,0.10236220472440945,0,256c6dfa4f67e397387e,127,79,0.6220472440944882,127,116,0.9133858267716536,0.9807524059492564,124.55555555555556,0.9891732283464567,125.625
127,8,1016,877,0.8631889763779528,139,0.13681102362204725,1,256c6dfa4f67e397387e,127,61,0.48031496062992124,127,102,0.8031496062992126,0.9562554680664916,121.44444444444444,0.9753937007874016,123.875
127,8,1016,921,0.906496062992126,95,0.09350393700787402,0,2622626bdd86b8db128d,127,83,0.6535433070866141,127,117,0.9212598425196851,0.9825021872265968,124.77777777777777,0.9901574803149606,125.75
127,8,1016,853,0.8395669291338582,163,0.16043307086614172,1,2622626bdd86b8db128d,127,59,0.4645669291338583,127,105,0.8267716535433071,0.9601049868766405,121.93333333333334,0.9773622047244095,124.125
127,8,1016,906,0.8917322834645669,110,0.10826771653543307,0,262796788153eff2f6cd,127,79,0.6220472440944882,127,116,0.9133858267716536,0.9807524059492563,124.55555555555556,0.9891732283464567,125.625
127,8,1016,897,0.8828740157480315,119,0.1171259842519685,1,262796788153eff2f6cd,127,75,0.5905511811023622,127,114,0.8976377952755905,0.9772528433945757,124.11111111111111,0.9872047244094488,125.375
127,8,1016,914,0.8996062992125984,102,0.10039370078740158,0,263423e917e7d58ee86c,127,78,0.6141732283464567,127,110,0.8661417322834646,0.9674540682414698,122.86666666666666,0.9812992125984252,124.625
127,8,1016,864,0.8503937007874016,152,0.14960629921259844,1,263423e917e7d58ee86c,127,55,0.4330708661417323,127,105,0.8267716535433071,0.9615048118985126,122.11111111111111,0.9783464566929134,124.25
127,8,1016,922,0.90748031496063,94,0.09251968503937008,0,263d0333a4f3da4051e5,127,82,0.6456692913385826,127,111,0.8740157480314961,0.9720034995625548,123.44444444444444,0.984251968503937,125.0
127,8,1016,877,0.8631889763779528,139,0.13681102362204725,1,263d0333a4f3da4051e5,127,67,0.5275590551181102,127,106,0.8346456692913385,0.963254593175853,122.33333333333333,0.9793307086614174,124.375
127,8,1016,909,0.8946850393700787,107,0.10531496062992125,0,270d313aa3200ac96ec3,127,78,0.6141732283464567,127,114,0.8976377952755905,0.9772528433945757,124.11111111111111,0.9872047244094488,125.375
127,8,1016,889,0.875,127,0.125,1,270d313aa3200ac96ec3,127,69,0.5433070866141733,127,111,0.8740157480314961,0.9720034995625548,123.44444444444444,0.984251968503937,125.0
127,8,1016,922,0.90748031496063,94,0.09251968503937008,0,27c4d24f22e4a0ff0c38,127,84,0.6614173228346457,127,117,0.9212598425196851,0.9825021872265968,124.77777777777777,0.9901574803149606,125.75
127,8,1016,853,0.8395669291338582,163,0.16043307086614172,1,27c4d24f22e4a0ff0c38,127,55,0.4330708661417323,127,109,0.8582677165354331,0.968503937007874,123.0,0.9822834645669292,124.75
127,8,1016,916,0.9015748031496063,100,0.0984251968503937,0,27cfd27b6f7be852ce3e,127,83,0.6535433070866141,127,118,0.9291338582677166,0.984251968503937,125.0,0.9911417322834646,125.875
127,8,1016,891,0.8769685039370079,125,0.12303149606299213,1,27cfd27b6f7be852ce3e,127,70,0.5511811023622047,127,108,0.8503937007874016,0.9667541557305336,122.77777777777777,0.9812992125984252,124.625
127,8,1016,937,0.922244094488189,79,0.07775590551181102,0,283563fec936c7c1a5c4,127,90,0.7086614173228346,127,113,0.889763779527559,0.9755030621172354,123.88888888888889,0.9862204724409449,125.25
127,8,1016,881,0.8671259842519685,135,0.1328740157480315,1,283563fec936c7c1a5c4,127,68,0.5354330708661418,127,114,0.8976377952755905,0.9772528433945757,124.11111111111111,0.9872047244094488,125.375
127,8,1016,920,0.905511811023622,96,0.09448818897637795,0,2875b005621c9a1ca52b,127,83,0.6535433070866141,127,117,0.9212598425196851,0.9825021872265968,124.77777777777777,0.9901574803149606,125.75
127,8,1016,878,0.8641732283464567,138,0.13582677165354332,1,2875b005621c9a1ca52b,127,64,0.5039370078740157,127,109,0.8582677165354331,0.968503937007874,123.0,0.9822834645669292,124.75
127,8,1016,908,0.8937007874015748,108,0.1062992125984252,0,296354faad4c255cfd2d,127,78,0.6141732283464567,127,109,0.8582677165354331,0.9685039370078742,123.0,0.9822834645669292,124.75
127,8,1016,858,0.844488188976378,158,0.15551181102362205,1,296354faad4c255cfd2d,127,59,0.4645669291338583,127,110,0.8661417322834646,0.9702537182852145,123.22222222222223,0.9832677165354331,124.875
127,8,1016,890,0.8759842519685039,126,0.12401574803149606,0,29969beda4473edae4db,127,64,0.5039370078740157,127,108,0.8503937007874016,0.9667541557305336,122.77777777777777,0.9812992125984252,124.625
127,8,1016,877,0.8631889763779528,139,0.13681102362204725,1,29969beda4473edae4db,127,66,0.5196850393700787,127,105,0.8267716535433071,0.9615048118985127,122.11111111111111,0.9783464566929134,124.25
127,8,1016,892,0.8779527559055118,124,0.1220472440944882,0,29df90da31edeb076100,127,73,0.5748031496062992,127,116,0.9133858267716536,0.9807524059492565,124.55555555555556,0.9891732283464567,125.625
127,8,1016,888,0.8740157480314961,128,0.12598425196850394,1,29df90da31edeb076100,127,69,0.5433070866141733,127,111,0.8740157480314961,0.9720034995625548,123.44444444444444,0.984251968503937,125.0
127,8,1016,908,0.8937007874015748,108,0.1062992125984252,0,29f2b9019a91ff75122a,127,74,0.5826771653543307,127,111,0.8740157480314961,0.9720034995625548,123.44444444444444,0.984251968503937,125.0
127,8,1016,862,0.8484251968503937,154,0.1515748031496063,1,29f2b9019a91ff75122a,127,61,0.48031496062992124,127,105,0.8267716535433071,0.9615048118985127,122.11111111111111,0.9783464566929134,124.25
127,8,1016,915,0.9005905511811023,101,0.09940944881889764,0,2a0da392f97bc56387a1,127,81,0.6377952755905512,127,113,0.889763779527559,0.9755030621172354,123.88888888888889,0.9862204724409449,125.25
127,8,1016,895,0.8809055118110236,121,0.11909448818897637,1,2a0da392f97bc56387a1,127,70,0.5511811023622047,127,113,0.889763779527559,0.9755030621172354,123.88888888888889,0.9862204724409449,125.25
103,8,824,733,0.8895631067961165,91,0.1104368932038835,0,2a4cb26fc9d198381d7c,103,64,0.6213592233009708,103,94,0.912621359223301,0.9805825242718447,101.0,0.9890776699029126,101.875
103,8,824,741,0.8992718446601942,83,0.10072815533980582,1,2a4cb26fc9d198381d7c,103,65,0.6310679611650486,103,89,0.8640776699029126,0.9697950377562028,99.88888888888889,0.9830097087378641,101.25
127,8,1016,723,0.7116141732283464,293,0.28838582677165353,0,2a8e0c56729920028938,127,28,0.2204724409448819,127,106,0.8346456692913385,0.963254593175853,122.33333333333333,0.9793307086614174,124.375
127,8,1016,566,0.5570866141732284,450,0.44291338582677164,1,2a8e0c56729920028938,127,3,0.023622047244094488,127,25,0.1968503937007874,0.8201224846894137,104.15555555555555,0.8986220472440944,114.125
127,8,1016,880,0.8661417322834646,136,0.13385826771653545,0,2a90d069c00b6726d1c9,127,62,0.4881889763779528,127,111,0.8740157480314961,0.9720034995625547,123.44444444444444,0.984251968503937,125.0
127,8,1016,884,0.8700787401574803,132,0.12992125984251968,1,2a90d069c00b6726d1c9,127,68,0.5354330708661418,127,111,0.8740157480314961,0.9720034995625548,123.44444444444444,0.984251968503937,125.0
127,8,1016,919,0.9045275590551181,97,0.09547244094488189,0,2af65a7c16bf4ea4f9d6,127,74,0.5826771653543307,127,111,0.8740157480314961,0.9720034995625548,123.44444444444444,0.984251968503937,125.0
127,8,1016,881,0.8671259842519685,135,0.1328740157480315,1,2af65a7c16bf4ea4f9d6,127,66,0.5196850393700787,127,106,0.8346456692913385,0.9632545931758529,122.33333333333333,0.9793307086614174,124.375
127,8,1016,896,0.8818897637795275,120,0.11811023622047244,0,2b115a45164b6f052a85,127,72,0.5669291338582677,127,114,0.8976377952755905,0.9772528433945757,124.11111111111111,0.9872047244094488,125.375
127,8,1016,868,0.8543307086614174,148,0.14566929133858267,1,2b115a45164b6f052a85,127,64,0.5039370078740157,127,108,0.8503937007874016,0.9667541557305336,122.77777777777777,0.9812992125984252,124.625
127,8,1016,902,0.8877952755905512,114,0.11220472440944881,0,2b3f6fc832e4ed6e419e,127,72,0.5669291338582677,127,115,0.905511811023622,0.979002624671916,124.33333333333333,0.9881889763779528,125.5
127,8,1016,885,0.8710629921259843,131,0.12893700787401574,1,2b3f6fc832e4ed6e419e,127,76,0.5984251968503937,127,117,0.9212598425196851,0.9825021872265967,124.77777777777777,0.9901574803149606,125.75
127,8,1016,911,0.8966535433070866,105,0.10334645669291338,0,2ba6021a91efc5816cf2,127,77,0.6062992125984252,127,109,0.8582677165354331,0.968503937007874,123.0,0.9822834645669292,124.75
127,8,1016,896,0.8818897637795275,120,0.11811023622047244,1,2ba6021a91efc5816cf2,127,71,0.5590551181102362,127,111,0.8740157480314961,0.9706036745406825,123.26666666666667,0.9832677165354331,124.875
127,8,1016,912,0.8976377952755905,104,0.10236220472440945,0,2c18391176e2ce6188a6,127,77,0.6062992125984252,127,112,0.8818897637795275,0.9737532808398952,123.66666666666667,0.985236220472441,125.125
127,8,1016,878,0.8641732283464567,138,0.13582677165354332,1,2c18391176e2ce6188a6,127,66,0.5196850393700787,127,112,0.8818897637795275,0.9737532808398951,123.66666666666667,0.985236220472441,125.125
127,8,1016,895,0.8809055118110236,121,0.11909448818897637,0,2c58121ecdf0c3b65467,127,68,0.5354330708661418,127,104,0.8188976377952756,0.9597550306211724,121.88888888888889,0.9773622047244095,124.125
127,8,1016,855,0.8415354330708661,161,0.15846456692913385,1,2c58121ecdf0c3b65467,127,59,0.4645669291338583,127,98,0.7716535433070866,0.9467112065537261,120.23232323232324,0.969488188976378,123.125
127,8,1016,887,0.8730314960629921,129,0.12696850393700787,0,2cf1f67a6d6a938d71e4,127,70,0.5511811023622047,127,116,0.9133858267716536,0.9807524059492564,124.55555555555556,0.9891732283464567,125.625
127,8,1016,863,0.8494094488188977,153,0.15059055118110237,1,2cf1f67a6d6a938d71e4,127,58,0.4566929133858268,127,106,0.8346456692913385,0.9632545931758529,122.33333333333333,0.9793307086614174,124.375
127,8,1016,871,0.8572834645669292,145,0.14271653543307086,0,2d0d2ba850c9b5fccf0e,127,63,0.49606299212598426,127,105,0.8267716535433071,0.9615048118985126,122.11111111111111,0.9783464566929134,124.25
127,8,1016,838,0.8248031496062992,178,0.17519685039370078,1,2d0d2ba850c9b5fccf0e,127,51,0.4015748031496063,127,98,0.7716535433070866,0.947856517935258,120.37777777777778,0.9704724409448819,123.25
127,8,1016,879,0.8651574803149606,137,0.13484251968503938,0,2d0ef85729f78017baca,127,69,0.5433070866141733,127,108,0.8503937007874016,0.9667541557305337,122.77777777777777,0.9812992125984252,124.625
127,8,1016,869,0.8553149606299213,147,0.14468503937007873,1,2d0ef85729f78017baca,127,63,0.49606299212598426,127,105,0.8267716535433071,0.9615048118985127,122.11111111111111,0.9783464566929134,124.25
127,8,1016,915,0.9005905511811023,101,0.09940944881889764,0,2d5b0dcf6053736ddef2,127,79,0.6220472440944882,127,114,0.8976377952755905,0.9772528433945757,124.11111111111111,0.9872047244094488,125.375
127,8,1016,845,0.8316929133858267,171,0.16830708661417323,1,2d5b0dcf6053736ddef2,127,57,0.44881889763779526,127,107,0.84251968503937,0.963604549431321,122.37777777777778,0.9793307086614174,124.375
127,8,1016,923,0.9084645669291339,93,0.09153543307086615,0,2d69d60265232caf677f,127,83,0.6535433070866141,127,118,0.9291338582677166,0.984251968503937,125.0,0.9911417322834646,125.875
127,8,1016,896,0.8818897637795275,120,0.11811023622047244,1,2d69d60265232caf677f,127,72,0.5669291338582677,127,111,0.8740157480314961,0.9720034995625548,123.44444444444444,0.984251968503937,125.0
127,8,1016,892,0.8779527559055118,124,0.1220472440944882,0,2dd24a1c8445c2fab792,127,75,0.5905511811023622,127,110,0.8661417322834646,0.9702537182852145,123.22222222222223,0.9832677165354331,124.875
127,8,1016,890,0.8759842519685039,126,0.12401574803149606,1,2dd24a1c8445c2fab792,127,73,0.5748031496062992,127,113,0.889763779527559,0.9755030621172354,123.88888888888889,0.9862204724409449,125.25
11,8,88,77,0.875,11,0.125,0,2dd89ff7a506dbb6344a,11,7,0.6363636363636364,11,11,1.0,1.0,11.0,1.0,11.0
11,8,88,65,0.7386363636363636,23,0.26136363636363635,1,2dd89ff7a506dbb6344a,11,4,0.36363636363636365,11,10,0.9090909090909091,0.9797979797979799,10.777777777777779,0.9886363636363636,10.875
112,8,896,796,0.8883928571428571,100,0.11160714285714286,0,2de2e2e7087b0e6e04f9,112,62,0.5535714285714286,112,95,0.8482142857142857,0.9662698412698413,108.22222222222223,0.9810267857142857,109.875
112,8,896,775,0.8649553571428571,121,0.13504464285714285,1,2de2e2e7087b0e6e04f9,112,61,0.5446428571428571,112,103,0.9196428571428571,0.9821428571428571,110.0,0.9899553571428571,110.875
127,8,1016,895,0.8809055118110236,121,0.11909448818897637,0,2e7575899bd304d2d2aa,127,75,0.5905511811023622,127,118,0.9291338582677166,0.984251968503937,125.0,0.9911417322834646,125.875
127,8,1016,864,0.8503937007874016,152,0.14960629921259844,1,2e7575899bd304d2d2aa,127,57,0.44881889763779526,127,106,0.8346456692913385,0.963254593175853,122.33333333333333,0.9793307086614174,124.375
127,8,1016,908,0.8937007874015748,108,0.1062992125984252,0,2ec53ea436b55402e7f9,127,79,0.6220472440944882,127,114,0.8976377952755905,0.9772528433945757,124.11111111111111,0.9872047244094488,125.375
127,8,1016,892,0.8779527559055118,124,0.1220472440944882,1,2ec53ea436b55402e7f9,127,74,0.5826771653543307,127,105,0.8267716535433071,0.9601049868766405,121.93333333333334,0.9773622047244095,124.125
127,8,1016,912,0.8976377952755905,104,0.10236220472440945,0,2ed770e69773a3d4a410,127,73,0.5748031496062992,127,112,0.8818897637795275,0.9723534558180227,123.4888888888889,0.984251968503937,125.0
127,8,1016,908,0.8937007874015748,108,0.1062992125984252,1,2ed770e69773a3d4a410,127,78,0.6141732283464567,127,115,0.905511811023622,0.979002624671916,124.33333333333333,0.9881889763779528,125.5
127,8,1016,909,0.8946850393700787,107,0.10531496062992125,0,2efd61031f1c6cdea6a8,127,78,0.6141732283464567,127,110,0.8661417322834646,0.9702537182852145,123.22222222222223,0.9832677165354331,124.875
127,8,1016,887,0.8730314960629921,129,0.12696850393700787,1,2efd61031f1c6cdea6a8,127,67,0.5275590551181102,127,109,0.8582677165354331,0.9657042869641295,122.64444444444445,0.9803149606299213,124.5
127,8,1016,892,0.8779527559055118,124,0.1220472440944882,0,2f2a6f799f8866a2a2c5,127,73,0.5748031496062992,127,109,0.8582677165354331,0.9685039370078742,123.0,0.9822834645669292,124.75
127,8,1016,876,0.8622047244094488,140,0.1377952755905512,1,2f2a6f799f8866a2a2c5,127,62,0.4881889763779528,127,106,0.8346456692913385,0.9604549431321084,121.97777777777777,0.9773622047244095,124.125
127,8,1016,920,0.905511811023622,96,0.09448818897637795,0,2faff12ca5d596e9d497,127,80,0.6299212598425197,127,117,0.9212598425196851,0.9811023622047244,124.6,0.9891732283464567,125.625
127,8,1016,879,0.8651574803149606,137,0.13484251968503938,1,2faff12ca5d596e9d497,127,65,0.5118110236220472,127,107,0.84251968503937,0.9650043744531934,122.55555555555556,0.9803149606299213,124.5
127,8,1016,880,0.8661417322834646,136,0.13385826771653545,0,3006b46ed5b9b78a3d4d,127,62,0.4881889763779528,127,109,0.8582677165354331,0.9685039370078738,123.0,0.9822834645669292,124.75
127,8,1016,837,0.8238188976377953,179,0.17618110236220472,1,3006b46ed5b9b78a3d4d,127,54,0.4251968503937008,127,100,0.7874015748031497,0.9513560804899388,120.82222222222222,0.9724409448818898,123.5
109,8,872,765,0.8772935779816514,107,0.12270642201834862,0,305cfdff6df3b5b4115f,109,61,0.5596330275229358,109,93,0.8532110091743119,0.9673802242609582,105.44444444444444,0.981651376146789,107.0
109,8,872,751,0.8612385321100917,121,0.13876146788990826,1,305cfdff6df3b5b4115f,109,58,0.5321100917431193,109,94,0.8623853211009175,0.9694189602446484,105.66666666666667,0.9827981651376146,107.125
127,8,1016,905,0.890748031496063,111,0.10925196850393701,0,306d63201cc2d78c630e,127,71,0.5590551181102362,127,109,0.8582677165354331,0.9685039370078742,123.0,0.9822834645669292,124.75
127,8,1016,899,0.8848425196850394,117,0.11515748031496063,1,306d63201cc2d78c630e,127,77,0.6062992125984252,127,111,0.8740157480314961,0.9720034995625547,123.44444444444444,0.984251968503937,125.0
127,8,1016,921,0.906496062992126,95,0.09350393700787402,0,307fa84fbecadb909d8f,127,87,0.6850393700787402,127,115,0.905511811023622,0.9790026246719161,124.33333333333333,0.9881889763779528,125.5
127,8,1016,853,0.8395669291338582,163,0.16043307086614172,1,307fa84fbecadb909d8f,127,58,0.4566929133858268,127,110,0.8661417322834646,0.9702537182852145,123.22222222222223,0.9832677165354331,124.875
127,8,1016,908,0.8937007874015748,108,0.1062992125984252,0,31a45aa7d5d2d392ef89,127,80,0.6299212598425197,127,116,0.9133858267716536,0.9807524059492564,124.55555555555556,0.9891732283464567,125.625
127,8,1016,867,0.8533464566929134,149,0.1466535433070866,1,31a45aa7d5d2d392ef89,127,60,0.47244094488188976,127,104,0.8188976377952756,0.9597550306211723,121.88888888888889,0.9773622047244095,124.125
127,8,1016,919,0.9045275590551181,97,0.09547244094488189,0,31c3478fb78674e3cd4e,127,82,0.6456692913385826,127,112,0.8818897637795275,0.973753280839895,123.66666666666667,0.985236220472441,125.125
127,8,1016,873,0.859251968503937,143,0.140748031496063,1,31c3478fb78674e3cd4e,127,67,0.5275590551181102,127,109,0.8582677165354331,0.9685039370078742,123.0,0.9822834645669292,124.75
127,8,1016,913,0.8986220472440944,103,0.10137795275590551,0,31fee49419bc1edfcbd2,127,83,0.6535433070866141,127,116,0.9133858267716536,0.9807524059492565,124.55555555555556,0.9891732283464567,125.625
127,8,1016,893,0.8789370078740157,123,0.12106299212598425,1,31fee49419bc1edfcbd2,127,72,0.5669291338582677,127,110,0.8661417322834646,0.9688538932633421,123.04444444444445,0.9822834645669292,124.75
127,8,1016,908,0.8937007874015748,108,0.1062992125984252,0,3290320c83683f6d462b,127,79,0.6220472440944882,127,115,0.905511811023622,0.9790026246719161,124.33333333333333,0.9881889763779528,125.5
127,8,1016,892,0.8779527559055118,124,0.1220472440944882,1,3290320c83683f6d462b,127,75,0.5905511811023622,127,114,0.8976377952755905,0.9758530183727034,123.93333333333334,0.9862204724409449,125.25
127,8,1016,925,0.9104330708661418,91,0.08956692913385826,0,32e043e23176d4c3411d,127,86,0.6771653543307087,127,121,0.952755905511811,0.9895013123359581,125.66666666666667,0.9940944881889764,126.25
127,8,1016,908,0.8937007874015748,108,0.1062992125984252,1,32e043e23176d4c3411d,127,76,0.5984251968503937,127,115,0.905511811023622,0.9790026246719161,124.33333333333333,0.9881889763779528,125.5
127,8,1016,892,0.8779527559055118,124,0.1220472440944882,0,32f5ee73857974fea523,127,74,0.5826771653543307,127,111,0.8740157480314961,0.9706036745406824,123.26666666666667,0.9832677165354331,124.875
127,8,1016,882,0.8681102362204725,134,0.13188976377952755,1,32f5ee73857974fea523,127,67,0.5275590551181102,127,105,0.8267716535433071,0.9615048118985127,122.11111111111111,0.9783464566929134,124.25
127,8,1016,922,0.90748031496063,94,0.09251968503937008,0,3340908de9f496cba0e2,127,83,0.6535433070866141,127,117,0.9212598425196851,0.9825021872265968,124.77777777777777,0.9901574803149606,125.75
127,8,1016,897,0.8828740157480315,119,0.1171259842519685,1,3340908de9f496cba0e2,127,69,0.5433070866141733,127,106,0.8346456692913385,0.963254593175853,122.33333333333333,0.9793307086614174,124.375
127,8,1016,907,0.8927165354330708,109,0.10728346456692914,0,342272d1ab1e6d044aac,127,80,0.6299212598425197,127,118,0.9291338582677166,0.984251968503937,125.0,0.9911417322834646,125.875
127,8,1016,848,0.8346456692913385,168,0.16535433070866143,1,342272d1ab1e6d044aac,127,55,0.4330708661417323,127,108,0.8503937007874016,0.9667541557305336,122.77777777777777,0.9812992125984252,124.625
127,8,1016,901,0.8868110236220472,115,0.11318897637795275,0,348585452bc0a6e12b3a,127,76,0.5984251968503937,127,115,0.905511811023622,0.979002624671916,124.33333333333333,0.9881889763779528,125.5
127,8,1016,876,0.8622047244094488,140,0.1377952755905512,1,348585452bc0a6e12b3a,127,62,0.4881889763779528,127,101,0.7952755905511811,0.9531058617672792,121.04444444444445,0.9734251968503937,123.625
127,8,1016,918,0.9035433070866141,98,0.09645669291338582,0,349a8e46aff51f574f44,127,84,0.6614173228346457,127,119,0.937007874015748,0.9860017497812774,125.22222222222223,0.9921259842519685,126.0
127,8,1016,867,0.8533464566929134,149,0.1466535433070866,1,349a8e46aff51f574f44,127,62,0.4881889763779528,127,113,0.889763779527559,0.9755030621172354,123.88888888888889,0.9862204724409449,125.25
127,8,1016,899,0.8848425196850394,117,0.11515748031496063,0,34c0e905650e348632f9,127,72,0.5669291338582677,127,110,0.8661417322834646,0.9702537182852145,123.22222222222223,0.9832677165354331,124.875
127,8,1016,894,0.8799212598425197,122,0.12007874015748031,1,34c0e905650e348632f9,127,75,0.5905511811023622,127,112,0.8818897637795275,0.973753280839895,123.66666666666667,0.985236220472441,125.125
127,8,1016,910,0.8956692913385826,106,0.10433070866141732,0,34dfad8ce9c74861ca07,127,78,0.6141732283464567,127,117,0.9212598425196851,0.9825021872265967,124.77777777777777,0.9901574803149606,125.75
127,8,1016,869,0.8553149606299213,147,0.14468503937007873,1,34dfad8ce9c74861ca07,127,65,0.5118110236220472,127,114,0.8976377952755905,0.9772528433945757,124.11111111111111,0.9872047244094488,125.375
127,8,1016,909,0.8946850393700787,107,0.10531496062992125,0,35047c6ea526d7ce48ba,127,79,0.6220472440944882,127,120,0.9448818897637795,0.9877515310586178,125.44444444444444,0.9931102362204725,126.125
127,8,1016,897,0.8828740157480315,119,0.1171259842519685,1,35047c6ea526d7ce48ba,127,74,0.5826771653543307,127,108,0.8503937007874016,0.9667541557305336,122.77777777777777,0.9812992125984252,124.625
127,8,1016,910,0.8956692913385826,106,0.10433070866141732,0,3532be8afd12073281c9,127,83,0.6535433070866141,127,111,0.8740157480314961,0.9720034995625547,123.44444444444444,0.984251968503937,125.0
127,8,1016,895,0.8809055118110236,121,0.11909448818897637,1,3532be8afd12073281c9,127,65,0.5118110236220472,127,106,0.8346456692913385,0.9632545931758529,122.33333333333333,0.9793307086614174,124.375
103,8,824,738,0.8956310679611651,86,0.10436893203883495,0,35800655e45bb8995456,103,65,0.6310679611650486,103,91,0.883495145631068,0.9723840345199568,100.15555555555555,0.9842233009708737,101.375
103,8,824,743,0.9016990291262136,81,0.0983009708737864,1,35800655e45bb8995456,103,65,0.6310679611650486,103,90,0.8737864077669902,0.9719525350593312,100.11111111111111,0.9842233009708737,101.375
127,8,1016,912,0.8976377952755905,104,0.10236220472440945,0,35b365ba73f78ef0c33d,127,80,0.6299212598425197,127,113,0.889763779527559,0.9755030621172355,123.88888888888889,0.9862204724409449,125.25
127,8,1016,888,0.8740157480314961,128,0.12598425196850394,1,35b365ba73f78ef0c33d,127,66,0.5196850393700787,127,110,0.8661417322834646,0.9702537182852143,123.22222222222223,0.9832677165354331,124.875
127,8,1016,909,0.8946850393700787,107,0.10531496062992125,0,35e01e8dc621b92d0cdb,127,81,0.6377952755905512,127,113,0.889763779527559,0.9755030621172355,123.88888888888889,0.9862204724409449,125.25
127,8,1016,908,0.8937007874015748,108,0.1062992125984252,1,35e01e8dc621b92d0cdb,127,77,0.6062992125984252,127,110,0.8661417322834646,0.9702537182852145,123.22222222222223,0.9832677165354331,124.875
127,8,1016,885,0.8710629921259843,131,0.12893700787401574,0,36ec9c4c79cdab731b82,127,73,0.5748031496062992,127,118,0.9291338582677166,0.984251968503937,125.0,0.9911417322834646,125.875
127,8,1016,880,0.8661417322834646,136,0.13385826771653545,1,36ec9c4c79cdab731b82,127,68,0.5354330708661418,127,112,0.8818897637795275,0.9737532808398952,123.66666666666667,0.985236220472441,125.125
127,8,1016,926,0.9114173228346457,90,0.08858267716535433,0,370a59b5425e02e1f2b0,127,80,0.6299212598425197,127,106,0.8346456692913385,0.963254593175853,122.33333333333333,0.9793307086614174,124.375
127,8,1016,891,0.8769685039370079,125,0.12303149606299213,1,370a59b5425e02e1f2b0,127,73,0.5748031496062992,127,117,0.9212598425196851,0.9811023622047245,124.6,0.9891732283464567,125.625
127,8,1016,909,0.8946850393700787,107,0.10531496062992125,0,371b5b44d66aefdf558d,127,78,0.6141732283464567,127,108,0.8503937007874016,0.9667541557305336,122.77777777777777,0.9812992125984252,124.625
127,8,1016,891,0.8769685039370079,125,0.12303149606299213,1,371b5b44d66aefdf558d,127,70,0.5511811023622047,127,109,0.8582677165354331,0.968503937007874,123.0,0.9822834645669292,124.75
127,8,1016,903,0.8887795275590551,113,0.11122047244094488,0,374b1d4945def4d4efd4,127,76,0.5984251968503937,127,112,0.8818897637795275,0.973753280839895,123.66666666666667,0.985236220472441,125.125
127,8,1016,896,0.8818897637795275,120,0.11811023622047244,1,374b1d4945def4d4efd4,127,72,0.5669291338582677,127,107,0.84251968503937,0.963604549431321,122.37777777777778,0.9793307086614174,124.375
127,8,1016,895,0.8809055118110236,121,0.11909448818897637,0,379da29819a8088367dc,127,73,0.5748031496062992,127,118,0.9291338582677166,0.984251968503937,125.0,0.9911417322834646,125.875
127,8,1016,879,0.8651574803149606,137,0.13484251968503938,1,379da29819a8088367dc,127,59,0.4645669291338583,127,111,0.8740157480314961,0.9720034995625548,123.44444444444444,0.984251968503937,125.0
127,8,1016,892,0.8779527559055118,124,0.1220472440944882,0,37b9a01762e4f0996c56,127,74,0.5826771653543307,127,111,0.8740157480314961,0.9720034995625548,123.44444444444444,0.984251968503937,125.0
127,8,1016,880,0.8661417322834646,136,0.13385826771653545,1,37b9a01762e4f0996c56,127,62,0.4881889763779528,127,111,0.8740157480314961,0.9720034995625548,123.44444444444444,0.984251968503937,125.0
127,8,1016,930,0.9153543307086615,86,0.08464566929133858,0,37d79710448be0c7fd7d,127,89,0.7007874015748031,127,121,0.952755905511811,0.9895013123359581,125.66666666666667,0.9940944881889764,126.25
127,8,1016,876,0.8622047244094488,140,0.1377952755905512,1,37d79710448be0c7fd7d,127,64,0.5039370078740157,127,108,0.8503937007874016,0.9667541557305337,122.77777777777777,0.9812992125984252,124.625
127,8,1016,885,0.8710629921259843,131,0.12893700787401574,0,37e7fb39d385be54c1bd,127,67,0.5275590551181102,127,110,0.8661417322834646,0.9702537182852145,123.22222222222223,0.9832677165354331,124.875
127,8,1016,869,0.8553149606299213,147,0.14468503937007873,1,37e7fb39d385be54c1bd,127,68,0.5354330708661418,127,112,0.8818897637795275,0.9737532808398951,123.66666666666667,0.985236220472441,125.125
127,8,1016,916,0.9015748031496063,100,0.0984251968503937,0,38366acf306e4da2179b,127,78,0.6141732283464567,127,110,0.8661417322834646,0.9688538932633421,123.04444444444445,0.9822834645669292,124.75
127,8,1016,874,0.860236220472441,142,0.13976377952755906,1,38366acf306e4da2179b,127,65,0.5118110236220472,127,111,0.8740157480314961,0.9720034995625548,123.44444444444444,0.984251968503937,125.0
127,8,1016,906,0.8917322834645669,110,0.10826771653543307,0,3962771a74f7b1e3a14d,127,76,0.5984251968503937,127,109,0.8582677165354331,0.9685039370078742,123.0,0.9822834645669292,124.75
127,8,1016,886,0.8720472440944882,130,0.1279527559055118,1,3962771a74f7b1e3a14d,127,68,0.5354330708661418,127,112,0.8818897637795275,0.973753280839895,123.66666666666667,0.985236220472441,125.125
127,8,1016,910,0.8956692913385826,106,0.10433070866141732,0,39aa24beea20a0a0f346,127,79,0.6220472440944882,127,107,0.84251968503937,0.9650043744531934,122.55555555555556,0.9803149606299213,124.5
127,8,1016,864,0.8503937007874016,152,0.14960629921259844,1,39aa24beea20a0a0f346,127,58,0.4566929133858268,127,105,0.8267716535433071,0.9601049868766405,121.93333333333334,0.9773622047244095,124.125
127,8,1016,920,0.905511811023622,96,0.09448818897637795,0,39f750f3bae2e6b4885f,127,81,0.6377952755905512,127,112,0.8818897637795275,0.9737532808398952,123.66666666666667,0.985236220472441,125.125
127,8,1016,889,0.875,127,0.125,1,39f750f3bae2e6b4885f,127,76,0.5984251968503937,127,110,0.8661417322834646,0.9702537182852145,123.22222222222223,0.9832677165354331,124.875
127,8,1016,916,0.9015748031496063,100,0.0984251968503937,0,3a9dd230544180ec1b1a,127,81,0.6377952755905512,127,113,0.889763779527559,0.9755030621172354,123.88888888888889,0.9862204724409449,125.25
127,8,1016,895,0.8809055118110236,121,0.11909448818897637,1,3a9dd230544180ec1b1a,127,71,0.5590551181102362,127,116,0.9133858267716536,0.9793525809273842,124.37777777777778,0.9881889763779528,125.5
113,8,904,784,0.8672566371681416,120,0.13274336283185842,0,3aac56d964f2f6e4b917,113,57,0.504424778761062,113,100,0.8849557522123894,0.9744346116027532,110.11111111111111,0.9856194690265486,111.375
113,8,904,815,0.9015486725663717,89,0.09845132743362832,1,3aac56d964f2f6e4b917,113,69,0.6106194690265486,113,102,0.9026548672566371,0.9783677482792529,110.55555555555556,0.9878318584070797,111.625
127,8,1016,891,0.8769685039370079,125,0.12303149606299213,0,3ac07a800f6ef8842790,127,71,0.5590551181102362,127,116,0.9133858267716536,0.9807524059492564,124.55555555555556,0.9891732283464567,125.625
127,8,1016,898,0.8838582677165354,118,0.11614173228346457,1,3ac07a800f6ef8842790,127,73,0.5748031496062992,127,117,0.9212598425196851,0.9825021872265967,124.77777777777777,0.9901574803149606,125.75
127,8,1016,911,0.8966535433070866,105,0.10334645669291338,0,3ace71c6584958f77666,127,81,0.6377952755905512,127,119,0.937007874015748,0.9860017497812774,125.22222222222223,0.9921259842519685,126.0
127,8,1016,891,0.8769685039370079,125,0.12303149606299213,1,3ace71c6584958f77666,127,75,0.5905511811023622,127,122,0.9606299212598425,0.989851268591426,125.71111111111111,0.9940944881889764,126.25
127,8,1016,938,0.9232283464566929,78,0.07677165354330709,0,3b04696ac7024bf2773d,127,86,0.6771653543307087,127,116,0.9133858267716536,0.9807524059492565,124.55555555555556,0.9891732283464567,125.625
127,8,1016,882,0.8681102362204725,134,0.13188976377952755,1,3b04696ac7024bf2773d,127,64,0.5039370078740157,127,107,0.84251968503937,0.9650043744531933,122.55555555555556,0.9803149606299213,124.5
127,8,1016,899,0.8848425196850394,117,0.11515748031496063,0,3b55423e065febf6233a,127,72,0.5669291338582677,127,114,0.8976377952755905,0.9772528433945756,124.11111111111111,0.9872047244094488,125.375
127,8,1016,892,0.8779527559055118,124,0.1220472440944882,1,3b55423e065febf6233a,127,72,0.5669291338582677,127,119,0.937007874015748,0.9860017497812774,125.22222222222223,0.9921259842519685,126.0
127,8,1016,906,0.8917322834645669,110,0.10826771653543307,0,3c28139abdde31977464,127,73,0.5748031496062992,127,108,0.8503937007874016,0.9667541557305337,122.77777777777777,0.9812992125984252,124.625
127,8,1016,884,0.8700787401574803,132,0.12992125984251968,1,3c28139abdde31977464,127,62,0.4881889763779528,127,107,0.84251968503937,0.9650043744531934,122.55555555555556,0.9803149606299213,124.5
127,8,1016,877,0.8631889763779528,139,0.13681102362204725,0,3c5721ebe26a4c364c84,127,65,0.5118110236220472,127,116,0.9133858267716536,0.9807524059492565,124.55555555555556,0.9891732283464567,125.625
127,8,1016,876,0.8622047244094488,140,0.1377952755905512,1,3c5721ebe26a4c364c84,127,63,0.49606299212598426,127,107,0.84251968503937,0.9650043744531933,122.55555555555556,0.9803149606299213,124.5
127,8,1016,893,0.8789370078740157,123,0.12106299212598425,0,3cdd9d9e1f76b4f73eda,127,69,0.5433070866141733,127,110,0.8661417322834646,0.9702537182852145,123.22222222222223,0.9832677165354331,124.875
127,8,1016,843,0.8297244094488189,173,0.1702755905511811,1,3cdd9d9e1f76b4f73eda,127,51,0.4015748031496063,127,99,0.7795275590551181,0.9510061242344706,120.77777777777777,0.9724409448818898,123.5
127,8,1016,899,0.8848425196850394,117,0.11515748031496063,0,3d28b665983e69f60a25,127,74,0.5826771653543307,127,109,0.8582677165354331,0.968503937007874,123.0,0.9822834645669292,124.75
127,8,1016,886,0.8720472440944882,130,0.1279527559055118,1,3d28b665983e69f60a25,127,72,0.5669291338582677,127,109,0.8582677165354331,0.968503937007874,123.0,0.9822834645669292,124.75
127,8,1016,868,0.8543307086614174,148,0.14566929133858267,0,3d3cd44da6c8d94f2172,127,62,0.4881889763779528,127,115,0.905511811023622,0.9790026246719161,124.33333333333333,0.9881889763779528,125.5
127,8,1016,858,0.844488188976378,158,0.15551181102362205,1,3d3cd44da6c8d94f2172,127,58,0.4566929133858268,127,106,0.8346456692913385,0.963254593175853,122.33333333333333,0.9793307086614174,124.375
127,8,1016,887,0.8730314960629921,129,0.12696850393700787,0,3d856ad1b992bd493d08,127,70,0.5511811023622047,127,114,0.8976377952755905,0.9772528433945757,124.11111111111111,0.9872047244094488,125.375
127,8,1016,887,0.8730314960629921,129,0.12696850393700787,1,3d856ad1b992bd493d08,127,71,0.5590551181102362,127,109,0.8582677165354331,0.968503937007874,123.0,0.9822834645669292,124.75
127,8,1016,890,0.8759842519685039,126,0.12401574803149606,0,3e5b299df901d38b178b,127,70,0.5511811023622047,127,113,0.889763779527559,0.9741032370953631,123.71111111111111,0.985236220472441,125.125
127,8,1016,892,0.8779527559055118,124,0.1220472440944882,1,3e5b299df901d38b178b,127,73,0.5748031496062992,127,115,0.905511811023622,0.9790026246719161,124.33333333333333,0.9881889763779528,125.5
127,8,1016,888,0.8740157480314961,128,0.12598425196850394,0,3e5c46c6df321119cd26,127,69,0.5433070866141733,127,105,0.8267716535433071,0.9615048118985127,122.11111111111111,0.9783464566929134,124.25
127,8,1016,892,0.8779527559055118,124,0.1220472440944882,1,3e5c46c6df321119cd26,127,68,0.5354330708661418,127,111,0.8740157480314961,0.9720034995625548,123.44444444444444,0.984251968503937,125.0
127,8,1016,912,0.8976377952755905,104,0.10236220472440945,0,3f26a5c394be652f3767,127,78,0.6141732283464567,127,113,0.889763779527559,0.9755030621172354,123.88888888888889,0.9862204724409449,125.25
127,8,1016,897,0.8828740157480315,119,0.1171259842519685,1,3f26a5c394be652f3767,127,71,0.5590551181102362,127,113,0.889763779527559,0.9755030621172355,123.88888888888889,0.9862204724409449,125.25
127,8,1016,918,0.9035433070866141,98,0.09645669291338582,0,3f3789f9c3fe422f9423,127,82,0.6456692913385826,127,119,0.937007874015748,0.9860017497812773,125.22222222222223,0.9921259842519685,126.0
127,8,1016,883,0.8690944881889764,133,0.1309055118110236,1,3f3789f9c3fe422f9423,127,75,0.5905511811023622,127,108,0.8503937007874016,0.9667541557305337,122.77777777777777,0.9812992125984252,124.625
127,8,1016,910,0.8956692913385826,106,0.10433070866141732,0,3f3a25708cd822489f2a,127,78,0.6141732283464567,127,113,0.889763779527559,0.9755030621172355,123.88888888888889,0.9862204724409449,125.25
127,8,1016,870,0.8562992125984252,146,0.1437007874015748,1,3f3a25708cd822489f2a,127,66,0.5196850393700787,127,110,0.8661417322834646,0.9688538932633421,123.04444444444445,0.9822834645669292,124.75
127,8,1016,902,0.8877952755905512,114,0.11220472440944881,0,3ffb7f1f375f84864cfc,127,75,0.5905511811023622,127,121,0.952755905511811,0.9895013123359581,125.66666666666667,0.9940944881889764,126.25
127,8,1016,866,0.8523622047244095,150,0.14763779527559054,1,3ffb7f1f375f84864cfc,127,67,0.5275590551181102,127,111,0.8740157480314961,0.9706036745406825,123.26666666666667,0.9832677165354331,124.875
127,8,1016,909,0.8946850393700787,107,0.10531496062992125,0,4009fcbf1638d3d23597,127,77,0.6062992125984252,127,109,0.8582677165354331,0.968503937007874,123.0,0.9822834645669292,124.75
127,8,1016,855,0.8415354330708661,161,0.15846456692913385,1,4009fcbf1638d3d23597,127,62,0.4881889763779528,127,113,0.889763779527559,0.9755030621172355,123.88888888888889,0.9862204724409449,125.25
127,8,1016,912,0.8976377952755905,104,0.10236220472440945,0,40b5ff7b4587f05b034f,127,79,0.6220472440944882,127,113,0.889763779527559,0.9755030621172354,123.88888888888889,0.9862204724409449,125.25
127,8,1016,875,0.8612204724409449,141,0.13877952755905512,1,40b5ff7b4587f05b034f,127,65,0.5118110236220472,127,110,0.8661417322834646,0.9702537182852143,123.22222222222223,0.9832677165354331,124.875
127,8,1016,901,0.8868110236220472,115,0.11318897637795275,0,40ce23085418538e64c3,127,72,0.5669291338582677,127,116,0.9133858267716536,0.9807524059492564,124.55555555555556,0.9891732283464567,125.625
127,8,1016,852,0.8385826771653543,164,0.16141732283464566,1,40ce23085418538e64c3,127,58,0.4566929133858268,127,97,0.7637795275590551,0.9475065616797901,120.33333333333333,0.9704724409448819,123.25
127,8,1016,920,0.905511811023622,96,0.09448818897637795,0,411ab2abee9987df2571,127,83,0.6535433070866141,127,121,0.952755905511811,0.989501312335958,125.66666666666667,0.9940944881889764,126.25
127,8,1016,845,0.8316929133858267,171,0.16830708661417323,1,411ab2abee9987df2571,127,56,0.4409448818897638,127,108,0.8503937007874016,0.9667541557305336,122.77777777777777,0.9812992125984252,124.625
127,8,1016,899,0.8848425196850394,117,0.11515748031496063,0,415a0728ac9ea83b1309,127,76,0.5984251968503937,127,112,0.8818897637795275,0.9737532808398951,123.66666666666667,0.985236220472441,125.125
127,8,1016,863,0.8494094488188977,153,0.15059055118110237,1,415a0728ac9ea83b1309,127,61,0.48031496062992124,127,107,0.84251968503937,0.9650043744531932,122.55555555555556,0.9803149606299213,124.5
64,8,512,468,0.9140625,44,0.0859375,0,4165d787d379ea7a5ffa,64,45,0.703125,64,62,0.96875,0.9930555555555556,63.55555555555556,0.99609375,63.75
64,8,512,473,0.923828125,39,0.076171875,1,4165d787d379ea7a5ffa,64,46,0.71875,64,57,0.890625,0.9756944444444444,62.44444444444444,0.986328125,63.125
127,8,1016,917,0.9025590551181102,99,0.09744094488188976,0,41bce530715d20a74f04,127,80,0.6299212598425197,127,115,0.905511811023622,0.9790026246719161,124.33333333333333,0.9881889763779528,125.5
127,8,1016,898,0.8838582677165354,118,0.11614173228346457,1,41bce530715d20a74f04,127,73,0.5748031496062992,127,113,0.889763779527559,0.9755030621172355,123.88888888888889,0.9862204724409449,125.25
127,8,1016,914,0.8996062992125984,102,0.10039370078740158,0,41d62da7fd8b816315fd,127,78,0.6141732283464567,127,109,0.8582677165354331,0.968503937007874,123.0,0.9822834645669292,124.75
127,8,1016,894,0.8799212598425197,122,0.12007874015748031,1,41d62da7fd8b816315fd,127,69,0.5433070866141733,127,110,0.8661417322834646,0.9702537182852145,123.22222222222223,0.9832677165354331,124.875
127,8,1016,922,0.90748031496063,94,0.09251968503937008,0,41f4134c2ed868595966,127,80,0.6299212598425197,127,119,0.937007874015748,0.9860017497812774,125.22222222222223,0.9921259842519685,126.0
127,8,1016,863,0.8494094488188977,153,0.15059055118110237,1,41f4134c2ed868595966,127,57,0.44881889763779526,127,108,0.8503937007874016,0.9667541557305336,122.77777777777777,0.9812992125984252,124.625
66,8,528,461,0.8731060606060606,67,0.1268939393939394,0,4220c67106fd28a2809c,66,35,0.5303030303030303,66,55,0.8333333333333334,0.962962962962963,63.55555555555556,0.9791666666666666,64.625
66,8,528,467,0.884469696969697,61,0.11553030303030302,1,4220c67106fd28a2809c,66,38,0.5757575757575758,66,58,0.8787878787878788,0.9730639730639732,64.22222222222223,0.9848484848484849,65.0
127,8,1016,906,0.8917322834645669,110,0.10826771653543307,0,4261df1ce325d8114532,127,74,0.5826771653543307,127,118,0.9291338582677166,0.984251968503937,125.0,0.9911417322834646,125.875
127,8,1016,866,0.8523622047244095,150,0.14763779527559054,1,4261df1ce325d8114532,127,59,0.4645669291338583,127,106,0.8346456692913385,0.9604549431321086,121.97777777777777,0.9773622047244095,124.125
127,8,1016,920,0.905511811023622,96,0.09448818897637795,0,427558f1540f9f15a1d6,127,81,0.6377952755905512,127,116,0.9133858267716536,0.9807524059492563,124.55555555555556,0.9891732283464567,125.625
127,8,1016,912,0.8976377952755905,104,0.10236220472440945,1,427558f1540f9f15a1d6,127,79,0.6220472440944882,127,112,0.8818897637795275,0.9737532808398952,123.66666666666667,0.985236220472441,125.125
127,8,1016,906,0.8917322834645669,110,0.10826771653543307,0,42abd1e418ebe6245bf3,127,83,0.6535433070866141,127,120,0.9448818897637795,0.9849518810148733,125.08888888888889,0.9911417322834646,125.875
127,8,1016,901,0.8868110236220472,115,0.11318897637795275,1,42abd1e418ebe6245bf3,127,74,0.5826771653543307,127,112,0.8818897637795275,0.9723534558180227,123.4888888888889,0.984251968503937,125.0
127,8,1016,894,0.8799212598425197,122,0.12007874015748031,0,42b8e417717225a898b1,127,71,0.5590551181102362,127,112,0.8818897637795275,0.973753280839895,123.66666666666667,0.985236220472441,125.125
127,8,1016,872,0.8582677165354331,144,0.14173228346456693,1,42b8e417717225a898b1,127,60,0.47244094488188976,127,99,0.7795275590551181,0.9496062992125984,120.6,0.9714566929133859,123.375
127,8,1016,920,0.905511811023622,96,0.09448818897637795,0,42c364ec679d7133c006,127,85,0.6692913385826772,127,118,0.9291338582677166,0.984251968503937,125.0,0.9911417322834646,125.875
127,8,1016,891,0.8769685039370079,125,0.12303149606299213,1,42c364ec679d7133c006,127,68,0.5354330708661418,127,111,0.8740157480314961,0.9720034995625548,123.44444444444444,0.984251968503937,125.0
127,8,1016,898,0.8838582677165354,118,0.11614173228346457,0,42e391dcb5a629446173,127,76,0.5984251968503937,127,107,0.84251968503937,0.9650043744531933,122.55555555555556,0.9803149606299213,124.5
127,8,1016,878,0.8641732283464567,138,0.13582677165354332,1,42e391dcb5a629446173,127,69,0.5433070866141733,127,108,0.8503937007874016,0.9667541557305336,122.77777777777777,0.9812992125984252,124.625
127,8,1016,895,0.8809055118110236,121,0.11909448818897637,0,4418047bdabefce010fe,127,72,0.5669291338582677,127,117,0.9212598425196851,0.9825021872265967,124.77777777777777,0.9901574803149606,125.75
127,8,1016,846,0.8326771653543307,170,0.1673228346456693,1,4418047bdabefce010fe,127,55,0.4330708661417323,127,111,0.8740157480314961,0.9720034995625548,123.44444444444444,0.984251968503937,125.0
127,8,1016,882,0.8681102362204725,134,0.13188976377952755,0,44f20a853c811c28806e,127,65,0.5118110236220472,127,111,0.8740157480314961,0.9720034995625547,123.44444444444444,0.984251968503937,125.0
127,8,1016,853,0.8395669291338582,163,0.16043307086614172,1,44f20a853c811c28806e,127,55,0.4330708661417323,127,105,0.8267716535433071,0.9615048118985127,122.11111111111111,0.9783464566929134,124.25
127,8,1016,880,0.8661417322834646,136,0.13385826771653545,0,451ad8eda986ccf73fbb,127,67,0.5275590551181102,127,115,0.905511811023622,0.9790026246719161,124.33333333333333,0.9881889763779528,125.5
127,8,1016,872,0.8582677165354331,144,0.14173228346456693,1,451ad8eda986ccf73fbb,127,63,0.49606299212598426,127,107,0.84251968503937,0.9650043744531933,122.55555555555556,0.9803149606299213,124.5
127,8,1016,885,0.8710629921259843,131,0.12893700787401574,0,451add3f8bf9cd993f41,127,72,0.5669291338582677,127,113,0.889763779527559,0.9755030621172354,123.88888888888889,0.9862204724409449,125.25
127,8,1016,828,0.8149606299212598,188,0.18503937007874016,1,451add3f8bf9cd993f41,127,56,0.4409448818897638,127,103,0.8110236220472441,0.958005249343832,121.66666666666667,0.9763779527559056,124.0
60,8,480,423,0.88125,57,0.11875,0,45465666bb6ce5aec200,60,35,0.5833333333333334,60,52,0.8666666666666667,0.9703703703703703,58.22222222222222,0.9833333333333333,59.0
60,8,480,397,0.8270833333333333,83,0.17291666666666666,1,45465666bb6ce5aec200,60,24,0.4,60,49,0.8166666666666667,0.9562962962962963,57.37777777777778,0.975,58.5
97,8,776,714,0.9201030927835051,62,0.07989690721649484,0,45b9f3408d1931033c5b,97,65,0.6701030927835051,97,82,0.845360824742268,0.9656357388316151,93.66666666666667,0.9806701030927835,95.125
97,8,776,681,0.8775773195876289,95,0.12242268041237113,1,45b9f3408d1931033c5b,97,53,0.5463917525773195,97,89,0.9175257731958762,0.9816723940435281,95.22222222222223,0.9896907216494846,96.0
127,8,1016,904,0.889763779527559,112,0.11023622047244094,0,460f129abff27360b391,127,76,0.5984251968503937,127,114,0.8976377952755905,0.9772528433945757,124.11111111111111,0.9872047244094488,125.375
127,8,1016,888,0.8740157480314961,128,0.12598425196850394,1,460f129abff27360b391,127,70,0.5511811023622047,127,111,0.8740157480314961,0.9720034995625547,123.44444444444444,0.984251968503937,125.0
127,8,1016,916,0.9015748031496063,100,0.0984251968503937,0,46af2cc3aae728098eb3,127,76,0.5984251968503937,127,109,0.8582677165354331,0.9671041119860018,122.82222222222222,0.9812992125984252,124.625
127,8,1016,881,0.8671259842519685,135,0.1328740157480315,1,46af2cc3aae728098eb3,127,68,0.5354330708661418,127,105,0.8267716535433071,0.9615048118985127,122.11111111111111,0.9783464566929134,124.25
127,8,1016,902,0.8877952755905512,114,0.11220472440944881,0,46c6f8325f85be337f2c,127,73,0.5748031496062992,127,114,0.8976377952755905,0.9772528433945757,124.11111111111111,0.9872047244094488,125.375
127,8,1016,885,0.8710629921259843,131,0.12893700787401574,1,46c6f8325f85be337f2c,127,66,0.5196850393700787,127,113,0.889763779527559,0.9741032370953631,123.71111111111111,0.985236220472441,125.125
127,8,1016,900,0.8858267716535433,116,0.1141732283464567,0,46fc3dfdf55cc80a2aa8,127,75,0.5905511811023622,127,111,0.8740157480314961,0.9720034995625548,123.44444444444444,0.984251968503937,125.0
127,8,1016,881,0.8671259842519685,135,0.1328740157480315,1,46fc3dfdf55cc80a2aa8,127,66,0.5196850393700787,127,108,0.8503937007874016,0.9667541557305336,122.77777777777777,0.9812992125984252,124.625
103,8,824,732,0.8883495145631068,92,0.11165048543689321,0,478e9c6d33a2bece3e83,103,63,0.6116504854368932,103,91,0.883495145631068,0.9741100323624596,100.33333333333333,0.9854368932038835,101.5
103,8,824,743,0.9016990291262136,81,0.0983009708737864,1,478e9c6d33a2bece3e83,103,63,0.6116504854368932,103,91,0.883495145631068,0.9723840345199569,100.15555555555555,0.9842233009708737,101.375
127,8,1016,922,0.90748031496063,94,0.09251968503937008,0,479793bea2533c2645f7,127,75,0.5905511811023622,127,107,0.84251968503937,0.9650043744531934,122.55555555555556,0.9803149606299213,124.5
127,8,1016,865,0.8513779527559056,151,0.1486220472440945,1,479793bea2533c2645f7,127,63,0.49606299212598426,127,109,0.8582677165354331,0.9671041119860018,122.82222222222222,0.9812992125984252,124.625
127,8,1016,890,0.8759842519685039,126,0.12401574803149606,0,47c67a5c38c43dbe99ea,127,72,0.5669291338582677,127,115,0.905511811023622,0.979002624671916,124.33333333333333,0.9881889763779528,125.5
127,8,1016,862,0.8484251968503937,154,0.1515748031496063,1,47c67a5c38c43dbe99ea,127,63,0.49606299212598426,127,110,0.8661417322834646,0.9702537182852145,123.22222222222223,0.9832677165354331,124.875
127,8,1016,909,0.8946850393700787,107,0.10531496062992125,0,481f35627e74400c8fba,127,80,0.6299212598425197,127,117,0.9212598425196851,0.9825021872265967,124.77777777777777,0.9901574803149606,125.75
127,8,1016,885,0.8710629921259843,131,0.12893700787401574,1,481f35627e74400c8fba,127,65,0.5118110236220472,127,106,0.8346456692913385,0.963254593175853,122.33333333333333,0.9793307086614174,124.375
127,8,1016,890,0.8759842519685039,126,0.12401574803149606,0,48717f584d2afa30bbf3,127,68,0.5354330708661418,127,114,0.8976377952755905,0.9772528433945757,124.11111111111111,0.9872047244094488,125.375
127,8,1016,834,0.8208661417322834,182,0.17913385826771652,1,48717f584d2afa30bbf3,127,52,0.4094488188976378,127,111,0.8740157480314961,0.9720034995625548,123.44444444444444,0.984251968503937,125.0
127,8,1016,884,0.8700787401574803,132,0.12992125984251968,0,48a42ee1983e2e416ce5,127,66,0.5196850393700787,127,112,0.8818897637795275,0.973753280839895,123.66666666666667,0.985236220472441,125.125
127,8,1016,890,0.8759842519685039,126,0.12401574803149606,1,48a42ee1983e2e416ce5,127,71,0.5590551181102362,127,107,0.84251968503937,0.963604549431321,122.37777777777778,0.9793307086614174,124.375
127,8,1016,891,0.8769685039370079,125,0.12303149606299213,0,48be08c6b58230fff2a0,127,72,0.5669291338582677,127,104,0.8188976377952756,0.9583552055993001,121.71111111111111,0.9763779527559056,124.0
127,8,1016,811,0.7982283464566929,205,0.2017716535433071,1,48be08c6b58230fff2a0,127,49,0.3858267716535433,127,100,0.7874015748031497,0.952755905511811,121.0,0.9734251968503937,123.625
127,8,1016,900,0.8858267716535433,116,0.1141732283464567,0,48f8722607f9778c8569,127,81,0.6377952755905512,127,119,0.937007874015748,0.9860017497812774,125.22222222222223,0.9921259842519685,126.0
127,8,1016,871,0.8572834645669292,145,0.14271653543307086,1,48f8722607f9778c8569,127,60,0.47244094488188976,127,103,0.8110236220472441,0.958005249343832,121.66666666666667,0.9763779527559056,124.0
127,8,1016,907,0.8927165354330708,109,0.10728346456692914,0,492f7dd12b2f17c40937,127,73,0.5748031496062992,127,111,0.8740157480314961,0.9706036745406824,123.26666666666667,0.9832677165354331,124.875
127,8,1016,857,0.843503937007874,159,0.15649606299212598,1,492f7dd12b2f17c40937,127,62,0.4881889763779528,127,108,0.8503937007874016,0.9667541557305337,122.77777777777777,0.9812992125984252,124.625
127,8,1016,898,0.8838582677165354,118,0.11614173228346457,0,49896ed21249107ed120,127,74,0.5826771653543307,127,112,0.8818897637795275,0.973753280839895,123.66666666666667,0.985236220472441,125.125
127,8,1016,857,0.843503937007874,159,0.15649606299212598,1,49896ed21249107ed120,127,60,0.47244094488188976,127,98,0.7716535433070866,0.9478565179352582,120.37777777777778,0.9704724409448819,123.25
127,8,1016,914,0.8996062992125984,102,0.10039370078740158,0,49c8d8547fe08514992d,127,79,0.6220472440944882,127,110,0.8661417322834646,0.9702537182852145,123.22222222222223,0.9832677165354331,124.875
127,8,1016,884,0.8700787401574803,132,0.12992125984251968,1,49c8d8547fe08514992d,127,69,0.5433070866141733,127,109,0.8582677165354331,0.968503937007874,123.0,0.9822834645669292,124.75
106,8,848,750,0.8844339622641509,98,0.11556603773584906,0,49eef8f57b70a74351bb,106,63,0.5943396226415094,106,94,0.8867924528301887,0.9748427672955976,103.33333333333333,0.9858490566037735,104.5
106,8,848,729,0.8596698113207547,119,0.1403301886792453,1,49eef8f57b70a74351bb,106,55,0.5188679245283019,106,89,0.839622641509434,0.9643605870020965,102.22222222222223,0.9799528301886793,103.875
127,8,1016,907,0.8927165354330708,109,0.10728346456692914,0,4a15bc0beb56b9e27d96,127,76,0.5984251968503937,127,114,0.8976377952755905,0.9772528433945757,124.11111111111111,0.9872047244094488,125.375
127,8,1016,899,0.8848425196850394,117,0.11515748031496063,1,4a15bc0beb56b9e27d96,127,72,0.5669291338582677,127,108,0.8503937007874016,0.9667541557305337,122.77777777777777,0.9812992125984252,124.625
127,8,1016,909,0.8946850393700787,107,0.10531496062992125,0,4ab7d75936f6737dfa8a,127,76,0.5984251968503937,127,113,0.889763779527559,0.9755030621172355,123.88888888888889,0.9862204724409449,125.25
127,8,1016,880,0.8661417322834646,136,0.13385826771653545,1,4ab7d75936f6737dfa8a,127,66,0.5196850393700787,127,110,0.8661417322834646,0.9688538932633419,123.04444444444445,0.9822834645669292,124.75
127,8,1016,908,0.8937007874015748,108,0.1062992125984252,0,4af6e9ff83639932fee2,127,74,0.5826771653543307,127,111,0.8740157480314961,0.9706036745406825,123.26666666666667,0.9832677165354331,124.875
127,8,1016,878,0.8641732283464567,138,0.13582677165354332,1,4af6e9ff83639932fee2,127,66,0.5196850393700787,127,114,0.8976377952755905,0.9772528433945757,124.11111111111111,0.9872047244094488,125.375
127,8,1016,918,0.9035433070866141,98,0.09645669291338582,0,4b070e65a9f2f9f28546,127,85,0.6692913385826772,127,116,0.9133858267716536,0.9807524059492563,124.55555555555556,0.9891732283464567,125.625
127,8,1016,889,0.875,127,0.125,1,4b070e65a9f2f9f28546,127,75,0.5905511811023622,127,107,0.84251968503937,0.9650043744531933,122.55555555555556,0.9803149606299213,124.5
127,8,1016,897,0.8828740157480315,119,0.1171259842519685,0,4b1738d355d1bee529de,127,72,0.5669291338582677,127,115,0.905511811023622,0.9790026246719161,124.33333333333333,0.9881889763779528,125.5
127,8,1016,877,0.8631889763779528,139,0.13681102362204725,1,4b1738d355d1bee529de,127,61,0.48031496062992124,127,108,0.8503937007874016,0.9653543307086615,122.6,0.9803149606299213,124.5
127,8,1016,905,0.890748031496063,111,0.10925196850393701,0,4b1e71db3e319a78014b,127,76,0.5984251968503937,127,116,0.9133858267716536,0.9793525809273842,124.37777777777778,0.9881889763779528,125.5
127,8,1016,880,0.8661417322834646,136,0.13385826771653545,1,4b1e71db3e319a78014b,127,65,0.5118110236220472,127,111,0.8740157480314961,0.9706036745406825,123.26666666666667,0.9832677165354331,124.875
127,8,1016,911,0.8966535433070866,105,0.10334645669291338,0,4b6d1c78f81c7f849496,127,78,0.6141732283464567,127,116,0.9133858267716536,0.9793525809273841,124.37777777777778,0.9881889763779528,125.5
127,8,1016,880,0.8661417322834646,136,0.13385826771653545,1,4b6d1c78f81c7f849496,127,69,0.5433070866141733,127,115,0.905511811023622,0.9790026246719161,124.33333333333333,0.9881889763779528,125.5
127,8,1016,925,0.9104330708661418,91,0.08956692913385826,0,4b8d53caa72f39824115,127,81,0.6377952755905512,127,111,0.8740157480314961,0.9720034995625548,123.44444444444444,0.984251968503937,125.0
127,8,1016,859,0.8454724409448819,157,0.1545275590551181,1,4b8d53caa72f39824115,127,60,0.47244094488188976,127,105,0.8267716535433071,0.9601049868766406,121.93333333333334,0.9773622047244095,124.125
127,8,1016,915,0.9005905511811023,101,0.09940944881889764,0,4bc7a6d0cf90cb9b3e1a,127,78,0.6141732283464567,127,118,0.9291338582677166,0.984251968503937,125.0,0.9911417322834646,125.875
127,8,1016,897,0.8828740157480315,119,0.1171259842519685,1,4bc7a6d0cf90cb9b3e1a,127,67,0.5275590551181102,127,103,0.8110236220472441,0.9580052493438319,121.66666666666667,0.9763779527559056,124.0
127,8,1016,909,0.8946850393700787,107,0.10531496062992125,0,4bee0825edf1a723c761,127,73,0.5748031496062992,127,113,0.889763779527559,0.9755030621172354,123.88888888888889,0.9862204724409449,125.25
127,8,1016,870,0.8562992125984252,146,0.1437007874015748,1,4bee0825edf1a723c761,127,60,0.47244094488188976,127,100,0.7874015748031497,0.952755905511811,121.0,0.9734251968503937,123.625
127,8,1016,901,0.8868110236220472,115,0.11318897637795275,0,4ca850e833b40b17cd0c,127,78,0.6141732283464567,127,116,0.9133858267716536,0.9807524059492563,124.55555555555556,0.9891732283464567,125.625
127,8,1016,897,0.8828740157480315,119,0.1171259842519685,1,4ca850e833b40b17cd0c,127,72,0.5669291338582677,127,113,0.889763779527559,0.9755030621172354,123.88888888888889,0.9862204724409449,125.25
127,8,1016,888,0.8740157480314961,128,0.12598425196850394,0,4daa8c56c5bb4f5ed3ec,127,68,0.5354330708661418,127,104,0.8188976377952756,0.9597550306211723,121.88888888888889,0.9773622047244095,124.125
127,8,1016,882,0.8681102362204725,134,0.13188976377952755,1,4daa8c56c5bb4f5ed3ec,127,69,0.5433070866141733,127,107,0.84251968503937,0.9650043744531934,122.55555555555556,0.9803149606299213,124.5
127,8,1016,883,0.8690944881889764,133,0.1309055118110236,0,4dcabae12895d0f3fe08,127,67,0.5275590551181102,127,111,0.8740157480314961,0.9720034995625547,123.44444444444444,0.984251968503937,125.0
127,8,1016,874,0.860236220472441,142,0.13976377952755906,1,4dcabae12895d0f3fe08,127,64,0.5039370078740157,127,110,0.8661417322834646,0.968853893263342,123.04444444444445,0.9822834645669292,124.75
127,8,1016,919,0.9045275590551181,97,0.09547244094488189,0,4de00c30231c5badb6c2,127,82,0.6456692913385826,127,119,0.937007874015748,0.9860017497812774,125.22222222222223,0.9921259842519685,126.0
127,8,1016,874,0.860236220472441,142,0.13976377952755906,1,4de00c30231c5badb6c2,127,71,0.5590551181102362,127,107,0.84251968503937,0.9650043744531933,122.55555555555556,0.9803149606299213,124.5
111,8,888,788,0.8873873873873874,100,0.11261261261261261,0,4dec5f6f21729d9adc43,111,64,0.5765765765765766,111,96,0.8648648648648649,0.9699699699699699,107.66666666666667,0.9831081081081081,109.125
111,8,888,791,0.8907657657657657,97,0.10923423423423423,1,4dec5f6f21729d9adc43,111,67,0.6036036036036037,111,99,0.8918918918918919,0.9759759759759761,108.33333333333333,0.9864864864864865,109.5
127,8,1016,916,0.9015748031496063,100,0.0984251968503937,0,4eaaef10d8a8a867c0b8,127,76,0.5984251968503937,127,110,0.8661417322834646,0.9702537182852145,123.22222222222223,0.9832677165354331,124.875
127,8,1016,874,0.860236220472441,142,0.13976377952755906,1,4eaaef10d8a8a867c0b8,127,65,0.5118110236220472,127,105,0.8267716535433071,0.9601049868766405,121.93333333333334,0.9773622047244095,124.125
127,8,1016,892,0.8779527559055118,124,0.1220472440944882,0,4f3a35f066a064783511,127,73,0.5748031496062992,127,107,0.84251968503937,0.9650043744531933,122.55555555555556,0.9803149606299213,124.5
127,8,1016,911,0.8966535433070866,105,0.10334645669291338,1,4f3a35f066a064783511,127,79,0.6220472440944882,127,116,0.9133858267716536,0.9807524059492563,124.55555555555556,0.9891732283464567,125.625
127,8,1016,915,0.9005905511811023,101,0.09940944881889764,0,4f93987d1e1102ae584d,127,78,0.6141732283464567,127,115,0.905511811023622,0.9790026246719161,124.33333333333333,0.9881889763779528,125.5
127,8,1016,888,0.8740157480314961,128,0.12598425196850394,1,4f93987d1e1102ae584d,127,68,0.5354330708661418,127,106,0.8346456692913385,0.963254593175853,122.33333333333333,0.9793307086614174,124.375
127,8,1016,840,0.8267716535433071,176,0.1732283464566929,0,4faa736147d5a6bc5c14,127,41,0.3228346456692913,127,102,0.8031496062992126,0.9562554680664918,121.44444444444444,0.9753937007874016,123.875
127,8,1016,490,0.4822834645669291,526,0.5177165354330708,1,4faa736147d5a6bc5c14,127,9,0.07086614173228346,127,27,0.2125984251968504,0.7779368488029903,98.79797979797979,0.8681102362204725,110.25
103,8,824,726,0.8810679611650486,98,0.11893203883495146,0,4faa7b982f056f5a6933,103,62,0.6019417475728155,103,91,0.883495145631068,0.9741100323624596,100.33333333333333,0.9854368932038835,101.5
103,8,824,740,0.8980582524271845,84,0.10194174757281553,1,4faa7b982f056f5a6933,103,65,0.6310679611650486,103,91,0.883495145631068,0.9723840345199569,100.15555555555555,0.9842233009708737,101.375
127,8,1016,912,0.8976377952755905,104,0.10236220472440945,0,501a5734ec3e8c33c36e,127,80,0.6299212598425197,127,116,0.9133858267716536,0.9807524059492565,124.55555555555556,0.9891732283464567,125.625
127,8,1016,896,0.8818897637795275,120,0.11811023622047244,1,501a5734ec3e8c33c36e,127,68,0.5354330708661418,127,106,0.8346456692913385,0.963254593175853,122.33333333333333,0.9793307086614174,124.375
127,8,1016,911,0.8966535433070866,105,0.10334645669291338,0,505b1be32780f7e2b7ba,127,77,0.6062992125984252,127,115,0.905511811023622,0.9790026246719161,124.33333333333333,0.9881889763779528,125.5
127,8,1016,873,0.859251968503937,143,0.140748031496063,1,505b1be32780f7e2b7ba,127,65,0.5118110236220472,127,108,0.8503937007874016,0.9667541557305338,122.77777777777777,0.9812992125984252,124.625
127,8,1016,932,0.9173228346456693,84,0.08267716535433071,0,506348295d3fee666655,127,86,0.6771653543307087,127,121,0.952755905511811,0.989501312335958,125.66666666666667,0.9940944881889764,126.25
127,8,1016,835,0.8218503937007874,181,0.1781496062992126,1,506348295d3fee666655,127,53,0.41732283464566927,127,104,0.8188976377952756,0.9583552055993001,121.71111111111111,0.9763779527559056,124.0
127,8,1016,913,0.8986220472440944,103,0.10137795275590551,0,508b3ad69d2855161c4f,127,82,0.6456692913385826,127,112,0.8818897637795275,0.973753280839895,123.66666666666667,0.985236220472441,125.125
127,8,1016,862,0.8484251968503937,154,0.1515748031496063,1,508b3ad69d2855161c4f,127,62,0.4881889763779528,127,111,0.8740157480314961,0.9720034995625548,123.44444444444444,0.984251968503937,125.0
127,8,1016,887,0.8730314960629921,129,0.12696850393700787,0,5092bff2da5bb61746c0,127,68,0.5354330708661418,127,116,0.9133858267716536,0.9807524059492563,124.55555555555556,0.9891732283464567,125.625
127,8,1016,887,0.8730314960629921,129,0.12696850393700787,1,5092bff2da5bb61746c0,127,72,0.5669291338582677,127,110,0.8661417322834646,0.9702537182852145,123.22222222222223,0.9832677165354331,124.875
75,8,600,530,0.8833333333333333,70,0.11666666666666667,0,50edde4a1f33b4eed34e,75,43,0.5733333333333334,75,62,0.8266666666666667,0.9614814814814815,72.11111111111111,0.9783333333333334,73.375
75,8,600,519,0.865,81,0.135,1,50edde4a1f33b4eed34e,75,41,0.5466666666666666,75,69,0.92,0.9822222222222223,73.66666666666667,0.99,74.25
127,8,1016,925,0.9104330708661418,91,0.08956692913385826,0,5197be5ad555a3fa4f56,127,86,0.6771653543307087,127,117,0.9212598425196851,0.9825021872265968,124.77777777777777,0.9901574803149606,125.75
127,8,1016,849,0.8356299212598425,167,0.1643700787401575,1,5197be5ad555a3fa4f56,127,56,0.4409448818897638,127,100,0.7874015748031497,0.952755905511811,121.0,0.9734251968503937,123.625
127,8,1016,884,0.8700787401574803,132,0.12992125984251968,0,51b8d0ce4c783f964b18,127,67,0.5275590551181102,127,113,0.889763779527559,0.9755030621172354,123.88888888888889,0.9862204724409449,125.25
127,8,1016,856,0.84251968503937,160,0.15748031496062992,1,51b8d0ce4c783f964b18,127,58,0.4566929133858268,127,115,0.905511811023622,0.9776027996500438,124.15555555555555,0.9872047244094488,125.375
127,8,1016,897,0.8828740157480315,119,0.1171259842519685,0,51df8c62f9b3dac57eb8,127,73,0.5748031496062992,127,111,0.8740157480314961,0.9720034995625548,123.44444444444444,0.984251968503937,125.0
127,8,1016,883,0.8690944881889764,133,0.1309055118110236,1,51df8c62f9b3dac57eb8,127,69,0.5433070866141733,127,110,0.8661417322834646,0.9702537182852145,123.22222222222223,0.9832677165354331,124.875
127,8,1016,900,0.8858267716535433,116,0.1141732283464567,0,5202632d6cddd6a01c88,127,67,0.5275590551181102,127,109,0.8582677165354331,0.9685039370078742,123.0,0.9822834645669292,124.75
127,8,1016,867,0.8533464566929134,149,0.1466535433070866,1,5202632d6cddd6a01c88,127,62,0.4881889763779528,127,93,0.7322834645669292,0.9405074365704287,119.44444444444444,0.9665354330708661,122.75
127,8,1016,915,0.9005905511811023,101,0.09940944881889764,0,52354367b7055e4067de,127,79,0.6220472440944882,127,116,0.9133858267716536,0.9807524059492565,124.55555555555556,0.9891732283464567,125.625
127,8,1016,916,0.9015748031496063,100,0.0984251968503937,1,52354367b7055e4067de,127,76,0.5984251968503937,127,104,0.8188976377952756,0.9569553805774278,121.53333333333333,0.9753937007874016,123.875
127,8,1016,883,0.8690944881889764,133,0.1309055118110236,0,52a81ab9d905d863c300,127,65,0.5118110236220472,127,106,0.8346456692913385,0.9632545931758529,122.33333333333333,0.9793307086614174,124.375
127,8,1016,823,0.8100393700787402,193,0.18996062992125984,1,52a81ab9d905d863c300,127,50,0.3937007874015748,127,102,0.8031496062992126,0.9548556430446195,121.26666666666667,0.9744094488188977,123.75
127,8,1016,895,0.8809055118110236,121,0.11909448818897637,0,52ae350b56d887041750,127,71,0.5590551181102362,127,108,0.8503937007874016,0.9653543307086615,122.6,0.9803149606299213,124.5
127,8,1016,820,0.8070866141732284,196,0.19291338582677164,1,52ae350b56d887041750,127,51,0.4015748031496063,127,108,0.8503937007874016,0.9653543307086614,122.6,0.9803149606299213,124.5
127,8,1016,914,0.8996062992125984,102,0.10039370078740158,0,52ec63a74226c3ca59f1,127,78,0.6141732283464567,127,115,0.905511811023622,0.9790026246719161,124.33333333333333,0.9881889763779528,125.5
127,8,1016,853,0.8395669291338582,163,0.16043307086614172,1,52ec63a74226c3ca59f1,127,58,0.4566929133858268,127,106,0.8346456692913385,0.9632545931758529,122.33333333333333,0.9793307086614174,124.375
127,8,1016,888,0.8740157480314961,128,0.12598425196850394,0,52f1cb6b25e14ae20182,127,70,0.5511811023622047,127,114,0.8976377952755905,0.9772528433945757,124.11111111111111,0.9872047244094488,125.375
127,8,1016,856,0.84251968503937,160,0.15748031496062992,1,52f1cb6b25e14ae20182,127,60,0.47244094488188976,127,109,0.8582677165354331,0.968503937007874,123.0,0.9822834645669292,124.75
127,8,1016,926,0.9114173228346457,90,0.08858267716535433,0,5356746cc1c277b556e8,127,85,0.6692913385826772,127,115,0.905511811023622,0.9790026246719161,124.33333333333333,0.9881889763779528,125.5
127,8,1016,863,0.8494094488188977,153,0.15059055118110237,1,5356746cc1c277b556e8,127,62,0.4881889763779528,127,109,0.8582677165354331,0.9657042869641295,122.64444444444445,0.9803149606299213,124.5
127,8,1016,898,0.8838582677165354,118,0.11614173228346457,0,5363db1324c2551555da,127,71,0.5590551181102362,127,115,0.905511811023622,0.9790026246719161,124.33333333333333,0.9881889763779528,125.5
127,8,1016,889,0.875,127,0.125,1,5363db1324c2551555da,127,68,0.5354330708661418,127,109,0.8582677165354331,0.968503937007874,123.0,0.9822834645669292,124.75
127,8,1016,899,0.8848425196850394,117,0.11515748031496063,0,5372b90025ecc7c89d71,127,71,0.5590551181102362,127,121,0.952755905511811,0.9895013123359581,125.66666666666667,0.9940944881889764,126.25
127,8,1016,879,0.8651574803149606,137,0.13484251968503938,1,5372b90025ecc7c89d71,127,65,0.5118110236220472,127,109,0.8582677165354331,0.9685039370078742,123.0,0.9822834645669292,124.75
127,8,1016,908,0.8937007874015748,108,0.1062992125984252,0,53c62ce91bf8daf3c227,127,75,0.5905511811023622,127,116,0.9133858267716536,0.9807524059492565,124.55555555555556,0.9891732283464567,125.625
127,8,1016,860,0.8464566929133859,156,0.15354330708661418,1,53c62ce91bf8daf3c227,127,61,0.48031496062992124,127,110,0.8661417322834646,0.9702537182852145,123.22222222222223,0.9832677165354331,124.875
127,8,1016,920,0.905511811023622,96,0.09448818897637795,0,542fa4892010bb7f7267,127,82,0.6456692913385826,127,117,0.9212598425196851,0.9825021872265967,124.77777777777777,0.9901574803149606,125.75
127,8,1016,921,0.906496062992126,95,0.09350393700787402,1,542fa4892010bb7f7267,127,82,0.6456692913385826,127,112,0.8818897637795275,0.9737532808398952,123.66666666666667,0.985236220472441,125.125
86,8,688,615,0.8938953488372093,73,0.10610465116279069,0,546b10dcbb5d1cd53751,86,51,0.5930232558139535,86,74,0.8604651162790697,0.9689922480620156,83.33333333333333,0.9825581395348837,84.5
86,8,688,616,0.8953488372093024,72,0.10465116279069768,1,546b10dcbb5d1cd53751,86,52,0.6046511627906976,86,77,0.8953488372093024,0.9767441860465116,84.0,0.9869186046511628,84.875
127,8,1016,903,0.8887795275590551,113,0.11122047244094488,0,54b2848c7ef398c72652,127,75,0.5905511811023622,127,115,0.905511811023622,0.9790026246719161,124.33333333333333,0.9881889763779528,125.5
127,8,1016,896,0.8818897637795275,120,0.11811023622047244,1,54b2848c7ef398c72652,127,72,0.5669291338582677,127,113,0.889763779527559,0.9755030621172354,123.88888888888889,0.9862204724409449,125.25
15,8,120,112,0.9333333333333333,8,0.06666666666666667,0,54bdfad0f40a1aaf3b85,15,10,0.6666666666666666,15,13,0.8666666666666667,0.9703703703703704,14.555555555555555,0.9833333333333333,14.75
15,8,120,100,0.8333333333333334,20,0.16666666666666666,1,54bdfad0f40a1aaf3b85,15,5,0.3333333333333333,15,13,0.8666666666666667,0.9703703703703704,14.555555555555555,0.9833333333333333,14.75
127,8,1016,906,0.8917322834645669,110,0.10826771653543307,0,554e94bcafe28423c71f,127,80,0.6299212598425197,127,113,0.889763779527559,0.9755030621172354,123.88888888888889,0.9862204724409449,125.25
127,8,1016,870,0.8562992125984252,146,0.1437007874015748,1,554e94bcafe28423c71f,127,67,0.5275590551181102,127,109,0.8582677165354331,0.9685039370078742,123.0,0.9822834645669292,124.75
127,8,1016,902,0.8877952755905512,114,0.11220472440944881,0,55870432e125f8cb97d8,127,75,0.5905511811023622,127,118,0.9291338582677166,0.984251968503937,125.0,0.9911417322834646,125.875
127,8,1016,868,0.8543307086614174,148,0.14566929133858267,1,55870432e125f8cb97d8,127,60,0.47244094488188976,127,111,0.8740157480314961,0.9720034995625547,123.44444444444444,0.984251968503937,125.0
127,8,1016,918,0.9035433070866141,98,0.09645669291338582,0,560d79fc74bfcd50cbde,127,75,0.5905511811023622,127,110,0.8661417322834646,0.9702537182852143,123.22222222222223,0.9832677165354331,124.875
127,8,1016,872,0.8582677165354331,144,0.14173228346456693,1,560d79fc74bfcd50cbde,127,63,0.49606299212598426,127,105,0.8267716535433071,0.9615048118985127,122.11111111111111,0.9783464566929134,124.25
127,8,1016,906,0.8917322834645669,110,0.10826771653543307,0,562f5ed543ce4a206118,127,79,0.6220472440944882,127,113,0.889763779527559,0.9741032370953631,123.71111111111111,0.985236220472441,125.125
127,8,1016,903,0.8887795275590551,113,0.11122047244094488,1,562f5ed543ce4a206118,127,73,0.5748031496062992,127,113,0.889763779527559,0.9755030621172354,123.88888888888889,0.9862204724409449,125.25
127,8,1016,929,0.9143700787401575,87,0.08562992125984252,0,5630de04f79e4bb72cb7,127,82,0.6456692913385826,127,111,0.8740157480314961,0.9720034995625546,123.44444444444444,0.984251968503937,125.0
127,8,1016,872,0.8582677165354331,144,0.14173228346456693,1,5630de04f79e4bb72cb7,127,63,0.49606299212598426,127,104,0.8188976377952756,0.9597550306211724,121.88888888888889,0.9773622047244095,124.125
127,8,1016,937,0.922244094488189,79,0.07775590551181102,0,56477bd2ca116777e5c5,127,85,0.6692913385826772,127,115,0.905511811023622,0.9790026246719161,124.33333333333333,0.9881889763779528,125.5
127,8,1016,887,0.8730314960629921,129,0.12696850393700787,1,56477bd2ca116777e5c5,127,67,0.5275590551181102,127,106,0.8346456692913385,0.9632545931758529,122.33333333333333,0.9793307086614174,124.375
127,8,1016,910,0.8956692913385826,106,0.10433070866141732,0,572daf95c833baf0dcec,127,79,0.6220472440944882,127,109,0.8582677165354331,0.9671041119860018,122.82222222222222,0.9812992125984252,124.625
127,8,1016,867,0.8533464566929134,149,0.1466535433070866,1,572daf95c833baf0dcec,127,61,0.48031496062992124,127,109,0.8582677165354331,0.968503937007874,123.0,0.9822834645669292,124.75
127,8,1016,889,0.875,127,0.125,0,5750a3c2228713c9691c,127,71,0.5590551181102362,127,113,0.889763779527559,0.9755030621172354,123.88888888888889,0.9862204724409449,125.25
127,8,1016,864,0.8503937007874016,152,0.14960629921259844,1,5750a3c2228713c9691c,127,66,0.5196850393700787,127,109,0.8582677165354331,0.968503937007874,123.0,0.9822834645669292,124.75
127,8,1016,898,0.8838582677165354,118,0.11614173228346457,0,5754022ce0fec55bb119,127,72,0.5669291338582677,127,109,0.8582677165354331,0.968503937007874,123.0,0.9822834645669292,124.75
127,8,1016,881,0.8671259842519685,135,0.1328740157480315,1,5754022ce0fec55bb119,127,63,0.49606299212598426,127,103,0.8110236220472441,0.9580052493438318,121.66666666666667,0.9763779527559056,124.0
127,8,1016,881,0.8671259842519685,135,0.1328740157480315,0,576abc56eb013481cc99,127,67,0.5275590551181102,127,107,0.84251968503937,0.9650043744531933,122.55555555555556,0.9803149606299213,124.5
127,8,1016,885,0.8710629921259843,131,0.12893700787401574,1,576abc56eb013481cc99,127,71,0.5590551181102362,127,112,0.8818897637795275,0.9723534558180227,123.4888888888889,0.984251968503937,125.0
127,8,1016,902,0.8877952755905512,114,0.11220472440944881,0,577f7dc3d68b30d7d530,127,73,0.5748031496062992,127,112,0.8818897637795275,0.9737532808398952,123.66666666666667,0.985236220472441,125.125
127,8,1016,869,0.8553149606299213,147,0.14468503937007873,1,577f7dc3d68b30d7d530,127,62,0.4881889763779528,127,108,0.8503937007874016,0.9639545056867891,122.42222222222222,0.9793307086614174,124.375
127,8,1016,875,0.8612204724409449,141,0.13877952755905512,0,57af939a4f6a2c71354f,127,66,0.5196850393700787,127,111,0.8740157480314961,0.9720034995625547,123.44444444444444,0.984251968503937,125.0
127,8,1016,879,0.8651574803149606,137,0.13484251968503938,1,57af939a4f6a2c71354f,127,66,0.5196850393700787,127,105,0.8267716535433071,0.9615048118985126,122.11111111111111,0.9783464566929134,124.25
127,8,1016,893,0.8789370078740157,123,0.12106299212598425,0,57d451e1c5ecea5de61e,127,75,0.5905511811023622,127,118,0.9291338582677166,0.984251968503937,125.0,0.9911417322834646,125.875
127,8,1016,883,0.8690944881889764,133,0.1309055118110236,1,57d451e1c5ecea5de61e,127,68,0.5354330708661418,127,104,0.8188976377952756,0.9583552055993001,121.71111111111111,0.9763779527559056,124.0
127,8,1016,897,0.8828740157480315,119,0.1171259842519685,0,57d5b15e2cfbc32b03b6,127,74,0.5826771653543307,127,108,0.8503937007874016,0.9667541557305338,122.77777777777777,0.9812992125984252,124.625
127,8,1016,851,0.8375984251968503,165,0.1624015748031496,1,57d5b15e2cfbc32b03b6,127,57,0.44881889763779526,127,110,0.8661417322834646,0.9702537182852145,123.22222222222223,0.9832677165354331,124.875
127,8,1016,895,0.8809055118110236,121,0.11909448818897637,0,57ddda820206cc96a7fb,127,74,0.5826771653543307,127,117,0.9212598425196851,0.9825021872265968,124.77777777777777,0.9901574803149606,125.75
127,8,1016,878,0.8641732283464567,138,0.13582677165354332,1,57ddda820206cc96a7fb,127,67,0.5275590551181102,127,106,0.8346456692913385,0.9632545931758528,122.33333333333333,0.9793307086614174,124.375
127,8,1016,928,0.9133858267716536,88,0.08661417322834646,0,57e5edfe4bfdc595b137,127,91,0.7165354330708661,127,117,0.9212598425196851,0.9825021872265968,124.77777777777777,0.9901574803149606,125.75
127,8,1016,882,0.8681102362204725,134,0.13188976377952755,1,57e5edfe4bfdc595b137,127,71,0.5590551181102362,127,114,0.8976377952755905,0.9772528433945757,124.11111111111111,0.9872047244094488,125.375
127,8,1016,914,0.8996062992125984,102,0.10039370078740158,0,582f0c06c4b95909a244,127,80,0.6299212598425197,127,119,0.937007874015748,0.9860017497812774,125.22222222222223,0.9921259842519685,126.0
127,8,1016,895,0.8809055118110236,121,0.11909448818897637,1,582f0c06c4b95909a244,127,70,0.5511811023622047,127,112,0.8818897637795275,0.9737532808398952,123.66666666666667,0.985236220472441,125.125
127,8,1016,873,0.859251968503937,143,0.140748031496063,0,599a31b37ae05ff0a075,127,62,0.4881889763779528,127,120,0.9448818897637795,0.9877515310586177,125.44444444444444,0.9931102362204725,126.125
127,8,1016,866,0.8523622047244095,150,0.14763779527559054,1,599a31b37ae05ff0a075,127,66,0.5196850393700787,127,107,0.84251968503937,0.9650043744531934,122.55555555555556,0.9803149606299213,124.5
127,8,1016,942,0.9271653543307087,74,0.07283464566929133,0,5a3c286bbd77c07c6f95,127,92,0.7244094488188977,127,119,0.937007874015748,0.9860017497812774,125.22222222222223,0.9921259842519685,126.0
127,8,1016,889,0.875,127,0.125,1,5a3c286bbd77c07c6f95,127,71,0.5590551181102362,127,109,0.8582677165354331,0.9685039370078742,123.0,0.9822834645669292,124.75
127,8,1016,900,0.8858267716535433,116,0.1141732283464567,0,5a7f4b624dd1ca1761ad,127,76,0.5984251968503937,127,114,0.8976377952755905,0.9772528433945757,124.11111111111111,0.9872047244094488,125.375
127,8,1016,882,0.8681102362204725,134,0.13188976377952755,1,5a7f4b624dd1ca1761ad,127,70,0.5511811023622047,127,112,0.8818897637795275,0.973753280839895,123.66666666666667,0.985236220472441,125.125
127,8,1016,883,0.8690944881889764,133,0.1309055118110236,0,5ab0933af53af7ecae2c,127,65,0.5118110236220472,127,104,0.8188976377952756,0.9583552055993001,121.71111111111111,0.9763779527559056,124.0
127,8,1016,857,0.843503937007874,159,0.15649606299212598,1,5ab0933af53af7ecae2c,127,65,0.5118110236220472,127,108,0.8503937007874016,0.9653543307086614,122.6,0.9803149606299213,124.5
127,8,1016,897,0.8828740157480315,119,0.1171259842519685,0,5ab1ae48cf3d0e3431f0,127,72,0.5669291338582677,127,111,0.8740157480314961,0.9720034995625548,123.44444444444444,0.984251968503937,125.0
127,8,1016,892,0.8779527559055118,124,0.1220472440944882,1,5ab1ae48cf3d0e3431f0,127,72,0.5669291338582677,127,112,0.8818897637795275,0.9737532808398951,123.66666666666667,0.985236220472441,125.125
127,8,1016,911,0.8966535433070866,105,0.10334645669291338,0,5ab8d349fa9b77ccf269,127,78,0.6141732283464567,127,113,0.889763779527559,0.9741032370953632,123.71111111111111,0.985236220472441,125.125
127,8,1016,870,0.8562992125984252,146,0.1437007874015748,1,5ab8d349fa9b77ccf269,127,67,0.5275590551181102,127,106,0.8346456692913385,0.9632545931758529,122.33333333333333,0.9793307086614174,124.375
127,8,1016,880,0.8661417322834646,136,0.13385826771653545,0,5abaf978363d8e88c99e,127,69,0.5433070866141733,127,113,0.889763779527559,0.9755030621172354,123.88888888888889,0.9862204724409449,125.25
127,8,1016,882,0.8681102362204725,134,0.13188976377952755,1,5abaf978363d8e88c99e,127,68,0.5354330708661418,127,112,0.8818897637795275,0.9737532808398951,123.66666666666667,0.985236220472441,125.125
127,8,1016,913,0.8986220472440944,103,0.10137795275590551,0,5b5d918703c22348809f,127,81,0.6377952755905512,127,116,0.9133858267716536,0.9807524059492565,124.55555555555556,0.9891732283464567,125.625
127,8,1016,881,0.8671259842519685,135,0.1328740157480315,1,5b5d918703c22348809f,127,74,0.5826771653543307,127,120,0.9448818897637795,0.9877515310586178,125.44444444444444,0.9931102362204725,126.125
127,8,1016,892,0.8779527559055118,124,0.1220472440944882,0,5b71b71b3bd4a0357b83,127,68,0.5354330708661418,127,111,0.8740157480314961,0.9706036745406824,123.26666666666667,0.9832677165354331,124.875
127,8,1016,868,0.8543307086614174,148,0.14566929133858267,1,5b71b71b3bd4a0357b83,127,66,0.5196850393700787,127,107,0.84251968503937,0.9650043744531934,122.55555555555556,0.9803149606299213,124.5
127,8,1016,920,0.905511811023622,96,0.09448818897637795,0,5b841a26c13cf33684e6,127,81,0.6377952755905512,127,114,0.8976377952755905,0.9772528433945757,124.11111111111111,0.9872047244094488,125.375
127,8,1016,878,0.8641732283464567,138,0.13582677165354332,1,5b841a26c13cf33684e6,127,71,0.5590551181102362,127,111,0.8740157480314961,0.9706036745406825,123.26666666666667,0.9832677165354331,124.875
127,8,1016,893,0.8789370078740157,123,0.12106299212598425,0,5bb673414bc8cc2d2e9e,127,71,0.5590551181102362,127,114,0.8976377952755905,0.9772528433945757,124.11111111111111,0.9872047244094488,125.375
127,8,1016,898,0.8838582677165354,118,0.11614173228346457,1,5bb673414bc8cc2d2e9e,127,69,0.5433070866141733,127,107,0.84251968503937,0.9650043744531933,122.55555555555556,0.9803149606299213,124.5
127,8,1016,925,0.9104330708661418,91,0.08956692913385826,0,5bb9a04de1014f32efd5,127,83,0.6535433070866141,127,112,0.8818897637795275,0.9737532808398951,123.66666666666667,0.985236220472441,125.125
127,8,1016,868,0.8543307086614174,148,0.14566929133858267,1,5bb9a04de1014f32efd5,127,64,0.5039370078740157,127,110,0.8661417322834646,0.9702537182852145,123.22222222222223,0.9832677165354331,124.875
127,8,1016,900,0.8858267716535433,116,0.1141732283464567,0,5bcb6e9f461feb294c87,127,75,0.5905511811023622,127,115,0.905511811023622,0.9776027996500438,124.15555555555555,0.9872047244094488,125.375
127,8,1016,878,0.8641732283464567,138,0.13582677165354332,1,5bcb6e9f461feb294c87,127,64,0.5039370078740157,127,108,0.8503937007874016,0.9667541557305337,122.77777777777777,0.9812992125984252,124.625
127,8,1016,885,0.8710629921259843,131,0.12893700787401574,0,5c3e9712863ad17fe87b,127,70,0.5511811023622047,127,114,0.8976377952755905,0.9772528433945757,124.11111111111111,0.9872047244094488,125.375
127,8,1016,880,0.8661417322834646,136,0.13385826771653545,1,5c3e9712863ad17fe87b,127,67,0.5275590551181102,127,105,0.8267716535433071,0.9601049868766405,121.93333333333334,0.9773622047244095,124.125
127,8,1016,888,0.8740157480314961,128,0.12598425196850394,0,5cc3b2ea8220fee25c5a,127,67,0.5275590551181102,127,110,0.8661417322834646,0.9702537182852145,123.22222222222223,0.9832677165354331,124.875
127,8,1016,894,0.8799212598425197,122,0.12007874015748031,1,5cc3b2ea8220fee25c5a,127,70,0.5511811023622047,127,111,0.8740157480314961,0.9720034995625547,123.44444444444444,0.984251968503937,125.0
100,8,800,702,0.8775,98,0.1225,0,5ccc53138865441b7e9c,100,59,0.59,100,89,0.89,0.9755555555555554,97.55555555555556,0.98625,98.625
100,8,800,714,0.8925,86,0.1075,1,5ccc53138865441b7e9c,100,57,0.57,100,90,0.9,0.9777777777777777,97.77777777777777,0.9875,98.75
127,8,1016,895,0.8809055118110236,121,0.11909448818897637,0,5ce1aa69b2eabf0ab880,127,71,0.5590551181102362,127,116,0.9133858267716536,0.9807524059492564,124.55555555555556,0.9891732283464567,125.625
127,8,1016,875,0.8612204724409449,141,0.13877952755905512,1,5ce1aa69b2eabf0ab880,127,68,0.5354330708661418,127,106,0.8346456692913385,0.9618547681539809,122.15555555555555,0.9783464566929134,124.25
127,8,1016,886,0.8720472440944882,130,0.1279527559055118,0,5d6436da268b099bc9ae,127,69,0.5433070866141733,127,113,0.889763779527559,0.9755030621172354,123.88888888888889,0.9862204724409449,125.25
127,8,1016,859,0.8454724409448819,157,0.1545275590551181,1,5d6436da268b099bc9ae,127,60,0.47244094488188976,127,110,0.8661417322834646,0.968853893263342,123.04444444444445,0.9822834645669292,124.75
127,8,1016,915,0.9005905511811023,101,0.09940944881889764,0,5d954451505bcd01a0b6,127,82,0.6456692913385826,127,115,0.905511811023622,0.9790026246719161,124.33333333333333,0.9881889763779528,125.5
127,8,1016,875,0.8612204724409449,141,0.13877952755905512,1,5d954451505bcd01a0b6,127,64,0.5039370078740157,127,110,0.8661417322834646,0.9674540682414697,122.86666666666666,0.9812992125984252,124.625
127,8,1016,897,0.8828740157480315,119,0.1171259842519685,0,5dc2433ac93e3f045e6f,127,72,0.5669291338582677,127,111,0.8740157480314961,0.9720034995625547,123.44444444444444,0.984251968503937,125.0
127,8,1016,883,0.8690944881889764,133,0.1309055118110236,1,5dc2433ac93e3f045e6f,127,68,0.5354330708661418,127,107,0.84251968503937,0.9650043744531932,122.55555555555556,0.9803149606299213,124.5
127,8,1016,915,0.9005905511811023,101,0.09940944881889764,0,5dec9ebe264afa9af17b,127,82,0.6456692913385826,127,119,0.937007874015748,0.9860017497812774,125.22222222222223,0.9921259842519685,126.0
127,8,1016,878,0.8641732283464567,138,0.13582677165354332,1,5dec9ebe264afa9af17b,127,70,0.5511811023622047,127,105,0.8267716535433071,0.9615048118985128,122.11111111111111,0.9783464566929134,124.25
127,8,1016,909,0.8946850393700787,107,0.10531496062992125,0,5e4285f7c6a076ba71ba,127,78,0.6141732283464567,127,114,0.8976377952755905,0.9772528433945757,124.11111111111111,0.9872047244094488,125.375
127,8,1016,868,0.8543307086614174,148,0.14566929133858267,1,5e4285f7c6a076ba71ba,127,61,0.48031496062992124,127,106,0.8346456692913385,0.9632545931758529,122.33333333333333,0.9793307086614174,124.375
127,8,1016,825,0.812007874015748,191,0.18799212598425197,0,5e60c1c8b6ea2c098870,127,55,0.4330708661417323,127,100,0.7874015748031497,0.9527559055118112,121.0,0.9734251968503937,123.625
127,8,1016,470,0.4625984251968504,546,0.5374015748031497,1,5e60c1c8b6ea2c098870,127,11,0.08661417322834646,127,34,0.2677165354330709,0.8125825180943289,103.1979797979798,0.890748031496063,113.125
127,8,1016,916,0.9015748031496063,100,0.0984251968503937,0,5ec469aa0ce5140ec633,127,78,0.6141732283464567,127,116,0.9133858267716536,0.9807524059492564,124.55555555555556,0.9891732283464567,125.625
127,8,1016,879,0.8651574803149606,137,0.13484251968503938,1,5ec469aa0ce5140ec633,127,67,0.5275590551181102,127,110,0.8661417322834646,0.9702537182852145,123.22222222222223,0.9832677165354331,124.875
127,8,1016,769,0.7568897637795275,247,0.24311023622047245,0,5f2bea854f44d77c4f9e,127,49,0.3858267716535433,127,105,0.8267716535433071,0.9601049868766405,121.93333333333334,0.9773622047244095,124.125
127,8,1016,642,0.6318897637795275,374,0.36811023622047245,1,5f2bea854f44d77c4f9e,127,8,0.06299212598425197,127,43,0.33858267716535434,0.8488188976377952,107.8,0.9143700787401575,116.125
127,8,1016,933,0.9183070866141733,83,0.08169291338582677,0,5fa103d525773692e93e,127,90,0.7086614173228346,127,119,0.937007874015748,0.9860017497812774,125.22222222222223,0.9921259842519685,126.0
127,8,1016,862,0.8484251968503937,154,0.1515748031496063,1,5fa103d525773692e93e,127,60,0.47244094488188976,127,108,0.8503937007874016,0.9667541557305336,122.77777777777777,0.9812992125984252,124.625
127,8,1016,914,0.8996062992125984,102,0.10039370078740158,0,60211dc01512519f5f6c,127,82,0.6456692913385826,127,117,0.9212598425196851,0.9825021872265968,124.77777777777777,0.9901574803149606,125.75
127,8,1016,848,0.8346456692913385,168,0.16535433070866143,1,60211dc01512519f5f6c,127,52,0.4094488188976378,127,105,0.8267716535433071,0.9615048118985127,122.11111111111111,0.9783464566929134,124.25
127,8,1016,942,0.9271653543307087,74,0.07283464566929133,0,60794c5d59c308b41cfb,127,92,0.7244094488188977,127,119,0.937007874015748,0.9860017497812774,125.22222222222223,0.9921259842519685,126.0
127,8,1016,888,0.8740157480314961,128,0.12598425196850394,1,60794c5d59c308b41cfb,127,68,0.5354330708661418,127,108,0.8503937007874016,0.9667541557305336,122.77777777777777,0.9812992125984252,124.625
127,8,1016,923,0.9084645669291339,93,0.09153543307086615,0,60a014ca03d8b7493ef2,127,87,0.6850393700787402,127,117,0.9212598425196851,0.9825021872265967,124.77777777777777,0.9901574803149606,125.75
127,8,1016,887,0.8730314960629921,129,0.12696850393700787,1,60a014ca03d8b7493ef2,127,66,0.5196850393700787,127,108,0.8503937007874016,0.9667541557305336,122.77777777777777,0.9812992125984252,124.625
127,8,1016,921,0.906496062992126,95,0.09350393700787402,0,60c5a4f41ae1be2940ff,127,84,0.6614173228346457,127,122,0.9606299212598425,0.9912510936132983,125.88888888888889,0.9950787401574803,126.375
127,8,1016,881,0.8671259842519685,135,0.1328740157480315,1,60c5a4f41ae1be2940ff,127,65,0.5118110236220472,127,108,0.8503937007874016,0.9653543307086614,122.6,0.9803149606299213,124.5
127,8,1016,892,0.8779527559055118,124,0.1220472440944882,0,60da264064e9ae3d6aff,127,68,0.5354330708661418,127,108,0.8503937007874016,0.9667541557305338,122.77777777777777,0.9812992125984252,124.625
127,8,1016,884,0.8700787401574803,132,0.12992125984251968,1,60da264064e9ae3d6aff,127,71,0.5590551181102362,127,104,0.8188976377952756,0.9597550306211723,121.88888888888889,0.9773622047244095,124.125
127,8,1016,899,0.8848425196850394,117,0.11515748031496063,0,618efcb627bbc74f53f2,127,75,0.5905511811023622,127,116,0.9133858267716536,0.9807524059492565,124.55555555555556,0.9891732283464567,125.625
127,8,1016,871,0.8572834645669292,145,0.14271653543307086,1,618efcb627bbc74f53f2,127,65,0.5118110236220472,127,107,0.84251968503937,0.9650043744531932,122.55555555555556,0.9803149606299213,124.5
119,8,952,858,0.9012605042016807,94,0.09873949579831932,0,61aa77e345b1f02cbb13,119,74,0.6218487394957983,119,110,0.9243697478991597,0.9831932773109243,117.0,0.990546218487395,117.875
119,8,952,819,0.8602941176470589,133,0.13970588235294118,1,61aa77e345b1f02cbb13,119,59,0.4957983193277311,119,103,0.865546218487395,0.9701213818860878,115.44444444444444,0.9831932773109243,117.0
127,8,1016,908,0.8937007874015748,108,0.1062992125984252,0,61d3849a193f9e7cabb2,127,79,0.6220472440944882,127,117,0.9212598425196851,0.9825021872265968,124.77777777777777,0.9901574803149606,125.75
127,8,1016,871,0.8572834645669292,145,0.14271653543307086,1,61d3849a193f9e7cabb2,127,63,0.49606299212598426,127,111,0.8740157480314961,0.9720034995625548,123.44444444444444,0.984251968503937,125.0
127,8,1016,896,0.8818897637795275,120,0.11811023622047244,0,61dad56979eb7448dc31,127,71,0.5590551181102362,127,109,0.8582677165354331,0.968503937007874,123.0,0.9822834645669292,124.75
127,8,1016,885,0.8710629921259843,131,0.12893700787401574,1,61dad56979eb7448dc31,127,73,0.5748031496062992,127,107,0.84251968503937,0.9636045494313211,122.37777777777778,0.9793307086614174,124.375
127,8,1016,918,0.9035433070866141,98,0.09645669291338582,0,62206ac3511509952e6a,127,81,0.6377952755905512,127,121,0.952755905511811,0.989501312335958,125.66666666666667,0.9940944881889764,126.25
127,8,1016,860,0.8464566929133859,156,0.15354330708661418,1,62206ac3511509952e6a,127,62,0.4881889763779528,127,110,0.8661417322834646,0.9702537182852143,123.22222222222223,0.9832677165354331,124.875
127,8,1016,923,0.9084645669291339,93,0.09153543307086615,0,62349ed5700df0f9b090,127,79,0.6220472440944882,127,110,0.8661417322834646,0.9702537182852145,123.22222222222223,0.9832677165354331,124.875
127,8,1016,871,0.8572834645669292,145,0.14271653543307086,1,62349ed5700df0f9b090,127,69,0.5433070866141733,127,111,0.8740157480314961,0.9692038495188102,123.08888888888889,0.9822834645669292,124.75
127,8,1016,824,0.8110236220472441,192,0.1889763779527559,0,625ba97508abd5ba47b3,127,46,0.36220472440944884,127,98,0.7716535433070866,0.9492563429571305,120.55555555555556,0.9714566929133859,123.375
127,8,1016,468,0.46062992125984253,548,0.5393700787401575,1,625ba97508abd5ba47b3,127,6,0.047244094488188976,127,28,0.2204724409448819,0.8034836554521592,102.04242424242425,0.8858267716535433,112.5
127,8,1016,923,0.9084645669291339,93,0.09153543307086615,0,635a84b1fcccb143191a,127,85,0.6692913385826772,127,116,0.9133858267716536,0.9807524059492564,124.55555555555556,0.9891732283464567,125.625
127,8,1016,906,0.8917322834645669,110,0.10826771653543307,1,635a84b1fcccb143191a,127,78,0.6141732283464567,127,117,0.9212598425196851,0.9825021872265968,124.77777777777777,0.9901574803149606,125.75
127,8,1016,916,0.9015748031496063,100,0.0984251968503937,0,63e60c51c3ab97ae4333,127,81,0.6377952755905512,127,112,0.8818897637795275,0.973753280839895,123.66666666666667,0.985236220472441,125.125
127,8,1016,863,0.8494094488188977,153,0.15059055118110237,1,63e60c51c3ab97ae4333,127,63,0.49606299212598426,127,106,0.8346456692913385,0.9618547681539807,122.15555555555555,0.9783464566929134,124.25
127,8,1016,916,0.9015748031496063,100,0.0984251968503937,0,64538eda0671b21a41c4,127,80,0.6299212598425197,127,117,0.9212598425196851,0.9825021872265968,124.77777777777777,0.9901574803149606,125.75
127,8,1016,847,0.8336614173228346,169,0.16633858267716536,1,64538eda0671b21a41c4,127,57,0.44881889763779526,127,102,0.8031496062992126,0.9562554680664916,121.44444444444444,0.9753937007874016,123.875
127,8,1016,885,0.8710629921259843,131,0.12893700787401574,0,64564143259d7ae5b3d4,127,66,0.5196850393700787,127,112,0.8818897637795275,0.973753280839895,123.66666666666667,0.985236220472441,125.125
127,8,1016,886,0.8720472440944882,130,0.1279527559055118,1,64564143259d7ae5b3d4,127,66,0.5196850393700787,127,114,0.8976377952755905,0.9772528433945757,124.11111111111111,0.9872047244094488,125.375
127,8,1016,893,0.8789370078740157,123,0.12106299212598425,0,647c36c6afdb90483e6e,127,70,0.5511811023622047,127,108,0.8503937007874016,0.9667541557305336,122.77777777777777,0.9812992125984252,124.625
127,8,1016,889,0.875,127,0.125,1,647c36c6afdb90483e6e,127,74,0.5826771653543307,127,111,0.8740157480314961,0.9720034995625548,123.44444444444444,0.984251968503937,125.0
127,8,1016,918,0.9035433070866141,98,0.09645669291338582,0,648175fcca5e2556c1df,127,82,0.6456692913385826,127,116,0.9133858267716536,0.9793525809273841,124.37777777777778,0.9881889763779528,125.5
127,8,1016,884,0.8700787401574803,132,0.12992125984251968,1,648175fcca5e2556c1df,127,66,0.5196850393700787,127,106,0.8346456692913385,0.9632545931758529,122.33333333333333,0.9793307086614174,124.375
127,8,1016,905,0.890748031496063,111,0.10925196850393701,0,6491221fae4e7da9bb37,127,78,0.6141732283464567,127,121,0.952755905511811,0.989501312335958,125.66666666666667,0.9940944881889764,126.25
127,8,1016,880,0.8661417322834646,136,0.13385826771653545,1,6491221fae4e7da9bb37,127,67,0.5275590551181102,127,106,0.8346456692913385,0.963254593175853,122.33333333333333,0.9793307086614174,124.375
127,8,1016,927,0.9124015748031497,89,0.08759842519685039,0,649e0a93f32d42bfc05d,127,85,0.6692913385826772,127,118,0.9291338582677166,0.984251968503937,125.0,0.9911417322834646,125.875
127,8,1016,893,0.8789370078740157,123,0.12106299212598425,1,649e0a93f32d42bfc05d,127,74,0.5826771653543307,127,116,0.9133858267716536,0.9807524059492564,124.55555555555556,0.9891732283464567,125.625
127,8,1016,906,0.8917322834645669,110,0.10826771653543307,0,64bccc426add290c5c66,127,76,0.5984251968503937,127,113,0.889763779527559,0.9755030621172354,123.88888888888889,0.9862204724409449,125.25
127,8,1016,847,0.8336614173228346,169,0.16633858267716536,1,64bccc426add290c5c66,127,57,0.44881889763779526,127,103,0.8110236220472441,0.9566054243219598,121.4888888888889,0.9753937007874016,123.875
127,8,1016,871,0.8572834645669292,145,0.14271653543307086,0,64c832a40bb0a8a5122b,127,67,0.5275590551181102,127,112,0.8818897637795275,0.973753280839895,123.66666666666667,0.985236220472441,125.125
127,8,1016,880,0.8661417322834646,136,0.13385826771653545,1,64c832a40bb0a8a5122b,127,72,0.5669291338582677,127,108,0.8503937007874016,0.9667541557305336,122.77777777777777,0.9812992125984252,124.625
127,8,1016,930,0.9153543307086615,86,0.08464566929133858,0,64d31e3be638fe6fcbd5,127,88,0.6929133858267716,127,121,0.952755905511811,0.9881014873140858,125.4888888888889,0.9931102362204725,126.125
127,8,1016,890,0.8759842519685039,126,0.12401574803149606,1,64d31e3be638fe6fcbd5,127,67,0.5275590551181102,127,112,0.8818897637795275,0.9737532808398951,123.66666666666667,0.985236220472441,125.125
127,8,1016,906,0.8917322834645669,110,0.10826771653543307,0,64daa5bfff610e9e66ad,127,79,0.6220472440944882,127,114,0.8976377952755905,0.9772528433945757,124.11111111111111,0.9872047244094488,125.375
127,8,1016,879,0.8651574803149606,137,0.13484251968503938,1,64daa5bfff610e9e66ad,127,63,0.49606299212598426,127,116,0.9133858267716536,0.9807524059492563,124.55555555555556,0.9891732283464567,125.625
127,8,1016,885,0.8710629921259843,131,0.12893700787401574,0,66e7499ea01736aa6aad,127,65,0.5118110236220472,127,112,0.8818897637795275,0.9737532808398952,123.66666666666667,0.985236220472441,125.125
127,8,1016,878,0.8641732283464567,138,0.13582677165354332,1,66e7499ea01736aa6aad,127,64,0.5039370078740157,127,111,0.8740157480314961,0.9720034995625547,123.44444444444444,0.984251968503937,125.0
127,8,1016,904,0.889763779527559,112,0.11023622047244094,0,66f224dcb038a724920f,127,75,0.5905511811023622,127,119,0.937007874015748,0.9860017497812774,125.22222222222223,0.9921259842519685,126.0
127,8,1016,857,0.843503937007874,159,0.15649606299212598,1,66f224dcb038a724920f,127,60,0.47244094488188976,127,110,0.8661417322834646,0.9702537182852145,123.22222222222223,0.9832677165354331,124.875
127,8,1016,926,0.9114173228346457,90,0.08858267716535433,0,66f56fe8b57a5be4db53,127,85,0.6692913385826772,127,113,0.889763779527559,0.9741032370953632,123.71111111111111,0.985236220472441,125.125
127,8,1016,892,0.8779527559055118,124,0.1220472440944882,1,66f56fe8b57a5be4db53,127,75,0.5905511811023622,127,111,0.8740157480314961,0.9720034995625548,123.44444444444444,0.984251968503937,125.0
127,8,1016,911,0.8966535433070866,105,0.10334645669291338,0,67345eef265eb7d10e43,127,77,0.6062992125984252,127,112,0.8818897637795275,0.973753280839895,123.66666666666667,0.985236220472441,125.125
127,8,1016,861,0.8474409448818898,155,0.15255905511811024,1,67345eef265eb7d10e43,127,63,0.49606299212598426,127,106,0.8346456692913385,0.963254593175853,122.33333333333333,0.9793307086614174,124.375
127,8,1016,914,0.8996062992125984,102,0.10039370078740158,0,675ce1bac13b9c77eba6,127,82,0.6456692913385826,127,119,0.937007874015748,0.9860017497812774,125.22222222222223,0.9921259842519685,126.0
127,8,1016,882,0.8681102362204725,134,0.13188976377952755,1,675ce1bac13b9c77eba6,127,68,0.5354330708661418,127,107,0.84251968503937,0.9650043744531932,122.55555555555556,0.9803149606299213,124.5
127,8,1016,725,0.7135826771653543,291,0.28641732283464566,0,681642b7dbd11004c115,127,36,0.28346456692913385,127,86,0.6771653543307087,0.9282589676290466,117.88888888888889,0.9596456692913385,121.875
127,8,1016,579,0.5698818897637795,437,0.4301181102362205,1,681642b7dbd11004c115,127,7,0.05511811023622047,127,32,0.25196850393700787,0.8211723534558181,104.28888888888889,0.8976377952755905,114.0
127,8,1016,923,0.9084645669291339,93,0.09153543307086615,0,68607053dacf386c2ddd,127,84,0.6614173228346457,127,114,0.8976377952755905,0.9772528433945757,124.11111111111111,0.9872047244094488,125.375
127,8,1016,888,0.8740157480314961,128,0.12598425196850394,1,68607053dacf386c2ddd,127,68,0.5354330708661418,127,106,0.8346456692913385,0.9618547681539809,122.15555555555555,0.9783464566929134,124.25
127,8,1016,915,0.9005905511811023,101,0.09940944881889764,0,686174b9d82c11ff58c5,127,82,0.6456692913385826,127,114,0.8976377952755905,0.9772528433945757,124.11111111111111,0.9872047244094488,125.375
127,8,1016,878,0.8641732283464567,138,0.13582677165354332,1,686174b9d82c11ff58c5,127,61,0.48031496062992124,127,110,0.8661417322834646,0.9702537182852145,123.22222222222223,0.9832677165354331,124.875
127,8,1016,917,0.9025590551181102,99,0.09744094488188976,0,68cf4ae41e4a4e18968d,127,80,0.6299212598425197,127,115,0.905511811023622,0.9790026246719161,124.33333333333333,0.9881889763779528,125.5
127,8,1016,897,0.8828740157480315,119,0.1171259842519685,1,68cf4ae41e4a4e18968d,127,75,0.5905511811023622,127,113,0.889763779527559,0.9741032370953631,123.71111111111111,0.985236220472441,125.125
127,8,1016,909,0.8946850393700787,107,0.10531496062992125,0,691dadfbe89de16b8efd,127,82,0.6456692913385826,127,117,0.9212598425196851,0.9825021872265967,124.77777777777777,0.9901574803149606,125.75
127,8,1016,879,0.8651574803149606,137,0.13484251968503938,1,691dadfbe89de16b8efd,127,65,0.5118110236220472,127,98,0.7716535433070866,0.9492563429571304,120.55555555555556,0.9714566929133859,123.375
127,8,1016,895,0.8809055118110236,121,0.11909448818897637,0,6922a8786e12ef51efb9,127,75,0.5905511811023622,127,114,0.8976377952755905,0.9772528433945757,124.11111111111111,0.9872047244094488,125.375
127,8,1016,861,0.8474409448818898,155,0.15255905511811024,1,6922a8786e12ef51efb9,127,60,0.47244094488188976,127,108,0.8503937007874016,0.9653543307086614,122.6,0.9803149606299213,124.5
89,8,712,633,0.8890449438202247,79,0.11095505617977527,0,694033e392836cbb1ca7,89,54,0.6067415730337079,89,79,0.8876404494382022,0.9750312109862671,86.77777777777777,0.9859550561797753,87.75
89,8,712,596,0.8370786516853933,116,0.16292134831460675,1,694033e392836cbb1ca7,89,40,0.449438202247191,89,72,0.8089887640449438,0.9575530586766543,85.22222222222223,0.976123595505618,86.875
127,8,1016,722,0.7106299212598425,294,0.28937007874015747,0,69877842f87fc32699bb,127,36,0.28346456692913385,127,95,0.7480314960629921,0.9440069991251095,119.88888888888889,0.968503937007874,123.0
127,8,1016,596,0.5866141732283464,420,0.41338582677165353,1,69877842f87fc32699bb,127,2,0.015748031496062992,127,26,0.2047244094488189,0.8232720909886263,104.55555555555556,0.9005905511811023,114.375
127,8,1016,891,0.8769685039370079,125,0.12303149606299213,0,69bb6f61611966bb3ee3,127,72,0.5669291338582677,127,115,0.905511811023622,0.9790026246719161,124.33333333333333,0.9881889763779528,125.5
127,8,1016,874,0.860236220472441,142,0.13976377952755906,1,69bb6f61611966bb3ee3,127,63,0.49606299212598426,127,110,0.8661417322834646,0.9702537182852145,123.22222222222223,0.9832677165354331,124.875
127,8,1016,881,0.8671259842519685,135,0.1328740157480315,0,69ccc9036a52d9a887e9,127,66,0.5196850393700787,127,114,0.8976377952755905,0.9772528433945757,124.11111111111111,0.9872047244094488,125.375
127,8,1016,871,0.8572834645669292,145,0.14271653543307086,1,69ccc9036a52d9a887e9,127,65,0.5118110236220472,127,109,0.8582677165354331,0.9685039370078742,123.0,0.9822834645669292,124.75
127,8,1016,912,0.8976377952755905,104,0.10236220472440945,0,6a0ce4764dcccddfaee9,127,78,0.6141732283464567,127,111,0.8740157480314961,0.9720034995625548,123.44444444444444,0.984251968503937,125.0
127,8,1016,878,0.8641732283464567,138,0.13582677165354332,1,6a0ce4764dcccddfaee9,127,72,0.5669291338582677,127,113,0.889763779527559,0.9755030621172354,123.88888888888889,0.9862204724409449,125.25
127,8,1016,915,0.9005905511811023,101,0.09940944881889764,0,6a2aff23f5544a7af81f,127,80,0.6299212598425197,127,116,0.9133858267716536,0.9807524059492563,124.55555555555556,0.9891732283464567,125.625
127,8,1016,866,0.8523622047244095,150,0.14763779527559054,1,6a2aff23f5544a7af81f,127,61,0.48031496062992124,127,104,0.8188976377952756,0.9597550306211723,121.88888888888889,0.9773622047244095,124.125
127,8,1016,878,0.8641732283464567,138,0.13582677165354332,0,6a36b437749c80f32e46,127,65,0.5118110236220472,127,104,0.8188976377952756,0.9583552055993001,121.71111111111111,0.9763779527559056,124.0
127,8,1016,843,0.8297244094488189,173,0.1702755905511811,1,6a36b437749c80f32e46,127,58,0.4566929133858268,127,102,0.8031496062992126,0.9548556430446195,121.26666666666667,0.9744094488188977,123.75
127,8,1016,894,0.8799212598425197,122,0.12007874015748031,0,6a7988b4b265b4e81ecf,127,70,0.5511811023622047,127,113,0.889763779527559,0.9755030621172355,123.88888888888889,0.9862204724409449,125.25
127,8,1016,864,0.8503937007874016,152,0.14960629921259844,1,6a7988b4b265b4e81ecf,127,60,0.47244094488188976,127,111,0.8740157480314961,0.9720034995625547,123.44444444444444,0.984251968503937,125.0
104,8,832,739,0.8882211538461539,93,0.11177884615384616,0,6bc25b6c09aab8061747,104,64,0.6153846153846154,104,90,0.8653846153846154,0.9700854700854702,100.88888888888889,0.9831730769230769,102.25
104,8,832,747,0.8978365384615384,85,0.10216346153846154,1,6bc25b6c09aab8061747,104,65,0.625,104,93,0.8942307692307693,0.9764957264957265,101.55555555555556,0.9867788461538461,102.625
75,8,600,537,0.895,63,0.105,0,6bfa764cf50a09161751,75,44,0.5866666666666667,75,63,0.84,0.9644444444444443,72.33333333333333,0.98,73.5
75,8,600,476,0.7933333333333333,124,0.20666666666666667,1,6bfa764cf50a09161751,75,23,0.30666666666666664,75,60,0.8,0.9555555555555554,71.66666666666667,0.975,73.125
127,8,1016,905,0.890748031496063,111,0.10925196850393701,0,6c186019ba6014af2732,127,72,0.5669291338582677,127,109,0.8582677165354331,0.968503937007874,123.0,0.9822834645669292,124.75
127,8,1016,888,0.8740157480314961,128,0.12598425196850394,1,6c186019ba6014af2732,127,67,0.5275590551181102,127,110,0.8661417322834646,0.9702537182852145,123.22222222222223,0.9832677165354331,124.875
127,8,1016,902,0.8877952755905512,114,0.11220472440944881,0,6c6243b51d3892ec1757,127,75,0.5905511811023622,127,114,0.8976377952755905,0.9772528433945757,124.11111111111111,0.9872047244094488,125.375
127,8,1016,874,0.860236220472441,142,0.13976377952755906,1,6c6243b51d3892ec1757,127,66,0.5196850393700787,127,112,0.8818897637795275,0.973753280839895,123.66666666666667,0.985236220472441,125.125
127,8,1016,923,0.9084645669291339,93,0.09153543307086615,0,6c9d1a693268c2c187e6,127,82,0.6456692913385826,127,112,0.8818897637795275,0.9737532808398951,123.66666666666667,0.985236220472441,125.125
127,8,1016,867,0.8533464566929134,149,0.1466535433070866,1,6c9d1a693268c2c187e6,127,60,0.47244094488188976,127,107,0.84251968503937,0.9650043744531934,122.55555555555556,0.9803149606299213,124.5
127,8,1016,720,0.7086614173228346,296,0.29133858267716534,0,6cea5d5b7d7f59335fff,127,31,0.2440944881889764,127,102,0.8031496062992126,0.9548556430446196,121.26666666666667,0.9744094488188977,123.75
127,8,1016,612,0.6023622047244095,404,0.39763779527559057,1,6cea5d5b7d7f59335fff,127,2,0.015748031496062992,127,28,0.2204724409448819,0.8239720034995623,104.64444444444445,0.9005905511811023,114.375
127,8,1016,917,0.9025590551181102,99,0.09744094488188976,0,6d79d94bc17e5a51f1dc,127,81,0.6377952755905512,127,115,0.905511811023622,0.9790026246719161,124.33333333333333,0.9881889763779528,125.5
127,8,1016,858,0.844488188976378,158,0.15551181102362205,1,6d79d94bc17e5a51f1dc,127,59,0.4645669291338583,127,110,0.8661417322834646,0.9702537182852145,123.22222222222223,0.9832677165354331,124.875
127,8,1016,917,0.9025590551181102,99,0.09744094488188976,0,6dae6da34a01e6f16a93,127,83,0.6535433070866141,127,115,0.905511811023622,0.979002624671916,124.33333333333333,0.9881889763779528,125.5
127,8,1016,894,0.8799212598425197,122,0.12007874015748031,1,6dae6da34a01e6f16a93,127,71,0.5590551181102362,127,112,0.8818897637795275,0.973753280839895,123.66666666666667,0.985236220472441,125.125
127,8,1016,921,0.906496062992126,95,0.09350393700787402,0,6dee65e8e51a78b80ab8,127,82,0.6456692913385826,127,119,0.937007874015748,0.9860017497812774,125.22222222222223,0.9921259842519685,126.0
127,8,1016,897,0.8828740157480315,119,0.1171259842519685,1,6dee65e8e51a78b80ab8,127,73,0.5748031496062992,127,112,0.8818897637795275,0.9737532808398952,123.66666666666667,0.985236220472441,125.125
127,8,1016,839,0.8257874015748031,177,0.17421259842519685,0,6dfdd40485f50cb29df5,127,53,0.41732283464566927,127,103,0.8110236220472441,0.9580052493438321,121.66666666666667,0.9763779527559056,124.0
127,8,1016,526,0.5177165354330708,490,0.4822834645669291,1,6dfdd40485f50cb29df5,127,11,0.08661417322834646,127,48,0.3779527559055118,0.8393700787401572,106.6,0.906496062992126,115.125
104,8,832,742,0.8918269230769231,90,0.10817307692307693,0,6e24f66afea06ab899ca,104,61,0.5865384615384616,104,94,0.9038461538461539,0.976923076923077,101.6,0.9867788461538461,102.625
104,8,832,711,0.8545673076923077,121,0.14543269230769232,1,6e24f66afea06ab899ca,104,57,0.5480769230769231,104,85,0.8173076923076923,0.9594017094017094,99.77777777777777,0.9771634615384616,101.625
127,8,1016,912,0.8976377952755905,104,0.10236220472440945,0,6eadddab5a9d6357f016,127,80,0.6299212598425197,127,115,0.905511811023622,0.9790026246719161,124.33333333333333,0.9881889763779528,125.5
127,8,1016,876,0.8622047244094488,140,0.1377952755905512,1,6eadddab5a9d6357f016,127,65,0.5118110236220472,127,111,0.8740157480314961,0.9720034995625547,123.44444444444444,0.984251968503937,125.0
127,8,1016,904,0.889763779527559,112,0.11023622047244094,0,6ff617258d39033f385d,127,72,0.5669291338582677,127,118,0.9291338582677166,0.984251968503937,125.0,0.9911417322834646,125.875
127,8,1016,893,0.8789370078740157,123,0.12106299212598425,1,6ff617258d39033f385d,127,76,0.5984251968503937,127,114,0.8976377952755905,0.9772528433945757,124.11111111111111,0.9872047244094488,125.375
127,8,1016,888,0.8740157480314961,128,0.12598425196850394,0,70089cae37454b48fcb1,127,75,0.5905511811023622,127,106,0.8346456692913385,0.9632545931758529,122.33333333333333,0.9793307086614174,124.375
127,8,1016,868,0.8543307086614174,148,0.14566929133858267,1,70089cae37454b48fcb1,127,64,0.5039370078740157,127,109,0.8582677165354331,0.968503937007874,123.0,0.9822834645669292,124.75
127,8,1016,886,0.8720472440944882,130,0.1279527559055118,0,700c237a8f3d293ac64c,127,67,0.5275590551181102,127,114,0.8976377952755905,0.9772528433945757,124.11111111111111,0.9872047244094488,125.375
127,8,1016,903,0.8887795275590551,113,0.11122047244094488,1,700c237a8f3d293ac64c,127,71,0.5590551181102362,127,104,0.8188976377952756,0.9597550306211723,121.88888888888889,0.9773622047244095,124.125
127,8,1016,909,0.8946850393700787,107,0.10531496062992125,0,70421ea8c307cc90eae3,127,79,0.6220472440944882,127,108,0.8503937007874016,0.9667541557305336,122.77777777777777,0.9812992125984252,124.625
127,8,1016,892,0.8779527559055118,124,0.1220472440944882,1,70421ea8c307cc90eae3,127,71,0.5590551181102362,127,111,0.8740157480314961,0.9720034995625548,123.44444444444444,0.984251968503937,125.0
127,8,1016,887,0.8730314960629921,129,0.12696850393700787,0,7086e023532b893d4bae,127,61,0.48031496062992124,127,105,0.8267716535433071,0.9615048118985127,122.11111111111111,0.9783464566929134,124.25
127,8,1016,824,0.8110236220472441,192,0.1889763779527559,1,7086e023532b893d4bae,127,45,0.3543307086614173,127,104,0.8188976377952756,0.9597550306211723,121.88888888888889,0.9773622047244095,124.125
60,8,480,424,0.8833333333333333,56,0.11666666666666667,0,70d62d059b3550948736,60,38,0.6333333333333333,60,53,0.8833333333333333,0.9740740740740742,58.44444444444444,0.9854166666666667,59.125
60,8,480,401,0.8354166666666667,79,0.16458333333333333,1,70d62d059b3550948736,60,24,0.4,60,48,0.8,0.9555555555555555,57.333333333333336,0.975,58.5
127,8,1016,895,0.8809055118110236,121,0.11909448818897637,0,71015818094f5c36db00,127,74,0.5826771653543307,127,110,0.8661417322834646,0.9702537182852145,123.22222222222223,0.9832677165354331,124.875
127,8,1016,924,0.9094488188976378,92,0.09055118110236221,1,71015818094f5c36db00,127,80,0.6299212598425197,127,110,0.8661417322834646,0.9688538932633421,123.04444444444445,0.9822834645669292,124.75
127,8,1016,896,0.8818897637795275,120,0.11811023622047244,0,717a2dc5a64244109a91,127,75,0.5905511811023622,127,118,0.9291338582677166,0.984251968503937,125.0,0.9911417322834646,125.875
127,8,1016,861,0.8474409448818898,155,0.15255905511811024,1,717a2dc5a64244109a91,127,58,0.4566929133858268,127,105,0.8267716535433071,0.9615048118985127,122.11111111111111,0.9783464566929134,124.25
127,8,1016,897,0.8828740157480315,119,0.1171259842519685,0,71dc0a1bd2869b85e777,127,72,0.5669291338582677,127,109,0.8582677165354331,0.968503937007874,123.0,0.9822834645669292,124.75
127,8,1016,836,0.8228346456692913,180,0.17716535433070865,1,71dc0a1bd2869b85e777,127,57,0.44881889763779526,127,116,0.9133858267716536,0.9807524059492564,124.55555555555556,0.9891732283464567,125.625
127,8,1016,921,0.906496062992126,95,0.09350393700787402,0,71ec93e425ed671ae88b,127,86,0.6771653543307087,127,119,0.937007874015748,0.9860017497812774,125.22222222222223,0.9921259842519685,126.0
127,8,1016,903,0.8887795275590551,113,0.11122047244094488,1,71ec93e425ed671ae88b,127,71,0.5590551181102362,127,110,0.8661417322834646,0.9702537182852145,123.22222222222223,0.9832677165354331,124.875
127,8,1016,919,0.9045275590551181,97,0.09547244094488189,0,71f95c9f88e7f7e702d9,127,82,0.6456692913385826,127,108,0.8503937007874016,0.9667541557305337,122.77777777777777,0.9812992125984252,124.625
127,8,1016,859,0.8454724409448819,157,0.1545275590551181,1,71f95c9f88e7f7e702d9,127,64,0.5039370078740157,127,112,0.8818897637795275,0.973753280839895,123.66666666666667,0.985236220472441,125.125
127,8,1016,891,0.8769685039370079,125,0.12303149606299213,0,72245f886f83f6bf4433,127,75,0.5905511811023622,127,116,0.9133858267716536,0.9807524059492563,124.55555555555556,0.9891732283464567,125.625
127,8,1016,895,0.8809055118110236,121,0.11909448818897637,1,72245f886f83f6bf4433,127,69,0.5433070866141733,127,106,0.8346456692913385,0.9632545931758529,122.33333333333333,0.9793307086614174,124.375
127,8,1016,913,0.8986220472440944,103,0.10137795275590551,0,72345c62c39bdd81bcbd,127,82,0.6456692913385826,127,118,0.9291338582677166,0.984251968503937,125.0,0.9911417322834646,125.875
127,8,1016,875,0.8612204724409449,141,0.13877952755905512,1,72345c62c39bdd81bcbd,127,62,0.4881889763779528,127,104,0.8188976377952756,0.9597550306211723,121.88888888888889,0.9773622047244095,124.125
127,8,1016,913,0.8986220472440944,103,0.10137795275590551,0,727ec91316279b278313,127,82,0.6456692913385826,127,118,0.9291338582677166,0.984251968503937,125.0,0.9911417322834646,125.875
127,8,1016,889,0.875,127,0.125,1,727ec91316279b278313,127,71,0.5590551181102362,127,118,0.9291338582677166,0.984251968503937,125.0,0.9911417322834646,125.875
127,8,1016,888,0.8740157480314961,128,0.12598425196850394,0,729a8ad812ae814a3814,127,71,0.5590551181102362,127,116,0.9133858267716536,0.9807524059492564,124.55555555555556,0.9891732283464567,125.625
127,8,1016,861,0.8474409448818898,155,0.15255905511811024,1,729a8ad812ae814a3814,127,61,0.48031496062992124,127,105,0.8267716535433071,0.9615048118985126,122.11111111111111,0.9783464566929134,124.25
127,8,1016,901,0.8868110236220472,115,0.11318897637795275,0,72b0e522ab5a57483e76,127,75,0.5905511811023622,127,114,0.8976377952755905,0.9758530183727034,123.93333333333334,0.9862204724409449,125.25
127,8,1016,881,0.8671259842519685,135,0.1328740157480315,1,72b0e522ab5a57483e76,127,65,0.5118110236220472,127,109,0.8582677165354331,0.968503937007874,123.0,0.9822834645669292,124.75
127,8,1016,942,0.9271653543307087,74,0.07283464566929133,0,733eefede21779a0b909,127,96,0.7559055118110236,127,121,0.952755905511811,0.9895013123359581,125.66666666666667,0.9940944881889764,126.25
127,8,1016,891,0.8769685039370079,125,0.12303149606299213,1,733eefede21779a0b909,127,66,0.5196850393700787,127,110,0.8661417322834646,0.9702537182852145,123.22222222222223,0.9832677165354331,124.875
127,8,1016,899,0.8848425196850394,117,0.11515748031496063,0,73a5afc136df69bf9b27,127,74,0.5826771653543307,127,113,0.889763779527559,0.9755030621172354,123.88888888888889,0.9862204724409449,125.25
127,8,1016,866,0.8523622047244095,150,0.14763779527559054,1,73a5afc136df69bf9b27,127,58,0.4566929133858268,127,104,0.8188976377952756,0.9597550306211723,121.88888888888889,0.9773622047244095,124.125
127,8,1016,906,0.8917322834645669,110,0.10826771653543307,0,73aa88094428b6f9ee46,127,77,0.6062992125984252,127,113,0.889763779527559,0.9755030621172354,123.88888888888889,0.9862204724409449,125.25
127,8,1016,848,0.8346456692913385,168,0.16535433070866143,1,73aa88094428b6f9ee46,127,59,0.4645669291338583,127,106,0.8346456692913385,0.963254593175853,122.33333333333333,0.9793307086614174,124.375
127,8,1016,892,0.8779527559055118,124,0.1220472440944882,0,73b1268564ada88cb2dd,127,76,0.5984251968503937,127,118,0.9291338582677166,0.984251968503937,125.0,0.9911417322834646,125.875
127,8,1016,877,0.8631889763779528,139,0.13681102362204725,1,73b1268564ada88cb2dd,127,65,0.5118110236220472,127,106,0.8346456692913385,0.9632545931758528,122.33333333333333,0.9793307086614174,124.375
127,8,1016,926,0.9114173228346457,90,0.08858267716535433,0,73fc4472907a4273738e,127,86,0.6771653543307087,127,118,0.9291338582677166,0.984251968503937,125.0,0.9911417322834646,125.875
127,8,1016,890,0.8759842519685039,126,0.12401574803149606,1,73fc4472907a4273738e,127,69,0.5433070866141733,127,112,0.8818897637795275,0.9723534558180229,123.4888888888889,0.984251968503937,125.0
127,8,1016,896,0.8818897637795275,120,0.11811023622047244,0,743bf9594672fea024f8,127,75,0.5905511811023622,127,118,0.9291338582677166,0.984251968503937,125.0,0.9911417322834646,125.875
127,8,1016,883,0.8690944881889764,133,0.1309055118110236,1,743bf9594672fea024f8,127,65,0.5118110236220472,127,105,0.8267716535433071,0.9615048118985127,122.11111111111111,0.9783464566929134,124.25
127,8,1016,892,0.8779527559055118,124,0.1220472440944882,0,748f138c259659a9df66,127,72,0.5669291338582677,127,115,0.905511811023622,0.979002624671916,124.33333333333333,0.9881889763779528,125.5
127,8,1016,833,0.8198818897637795,183,0.18011811023622049,1,748f138c259659a9df66,127,54,0.4251968503937008,127,104,0.8188976377952756,0.9597550306211721,121.88888888888889,0.9773622047244095,124.125
127,8,1016,910,0.8956692913385826,106,0.10433070866141732,0,74b66bcd1e39f76e3513,127,78,0.6141732283464567,127,117,0.9212598425196851,0.9825021872265968,124.77777777777777,0.9901574803149606,125.75
127,8,1016,876,0.8622047244094488,140,0.1377952755905512,1,74b66bcd1e39f76e3513,127,63,0.49606299212598426,127,103,0.8110236220472441,0.958005249343832,121.66666666666667,0.9763779527559056,124.0
127,8,1016,877,0.8631889763779528,139,0.13681102362204725,0,74ea1eeae3646fd0cf74,127,67,0.5275590551181102,127,115,0.905511811023622,0.979002624671916,124.33333333333333,0.9881889763779528,125.5
127,8,1016,877,0.8631889763779528,139,0.13681102362204725,1,74ea1eeae3646fd0cf74,127,67,0.5275590551181102,127,106,0.8346456692913385,0.963254593175853,122.33333333333333,0.9793307086614174,124.375
127,8,1016,923,0.9084645669291339,93,0.09153543307086615,0,7505918487c75fcdcc81,127,79,0.6220472440944882,127,111,0.8740157480314961,0.9706036745406825,123.26666666666667,0.9832677165354331,124.875
127,8,1016,889,0.875,127,0.125,1,7505918487c75fcdcc81,127,72,0.5669291338582677,127,119,0.937007874015748,0.9860017497812774,125.22222222222223,0.9921259842519685,126.0
127,8,1016,907,0.8927165354330708,109,0.10728346456692914,0,75343c667f97f8ce537c,127,76,0.5984251968503937,127,111,0.8740157480314961,0.9720034995625548,123.44444444444444,0.984251968503937,125.0
127,8,1016,812,0.7992125984251969,204,0.20078740157480315,1,75343c667f97f8ce537c,127,47,0.3700787401574803,127,97,0.7637795275590551,0.94750656167979,120.33333333333333,0.9704724409448819,123.25
127,8,1016,907,0.8927165354330708,109,0.10728346456692914,0,7537a0387a0a7575b5ee,127,74,0.5826771653543307,127,113,0.889763779527559,0.9755030621172355,123.88888888888889,0.9862204724409449,125.25
127,8,1016,890,0.8759842519685039,126,0.12401574803149606,1,7537a0387a0a7575b5ee,127,71,0.5590551181102362,127,117,0.9212598425196851,0.9825021872265968,124.77777777777777,0.9901574803149606,125.75
127,8,1016,866,0.8523622047244095,150,0.14763779527559054,0,75ee2fdbc3a3b812c8eb,127,56,0.4409448818897638,127,104,0.8188976377952756,0.9597550306211723,121.88888888888889,0.9773622047244095,124.125
127,8,1016,826,0.812992125984252,190,0.18700787401574803,1,75ee2fdbc3a3b812c8eb,127,56,0.4409448818897638,127,109,0.8582677165354331,0.968503937007874,123.0,0.9822834645669292,124.75
127,8,1016,914,0.8996062992125984,102,0.10039370078740158,0,7604a7dbeb0433acc2b8,127,83,0.6535433070866141,127,115,0.905511811023622,0.9776027996500438,124.15555555555555,0.9872047244094488,125.375
127,8,1016,905,0.890748031496063,111,0.10925196850393701,1,7604a7dbeb0433acc2b8,127,76,0.5984251968503937,127,113,0.889763779527559,0.9755030621172355,123.88888888888889,0.9862204724409449,125.25
127,8,1016,912,0.8976377952755905,104,0.10236220472440945,0,7663609c895eba90f0b3,127,83,0.6535433070866141,127,111,0.8740157480314961,0.9706036745406825,123.26666666666667,0.9832677165354331,124.875
127,8,1016,855,0.8415354330708661,161,0.15846456692913385,1,7663609c895eba90f0b3,127,67,0.5275590551181102,127,112,0.8818897637795275,0.9737532808398951,123.66666666666667,0.985236220472441,125.125
127,8,1016,911,0.8966535433070866,105,0.10334645669291338,0,769347a97961f6aac03c,127,78,0.6141732283464567,127,114,0.8976377952755905,0.9772528433945757,124.11111111111111,0.9872047244094488,125.375
127,8,1016,874,0.860236220472441,142,0.13976377952755906,1,769347a97961f6aac03c,127,70,0.5511811023622047,127,108,0.8503937007874016,0.9667541557305336,122.77777777777777,0.9812992125984252,124.625
127,8,1016,917,0.9025590551181102,99,0.09744094488188976,0,76c7d19b06bb657801f9,127,81,0.6377952755905512,127,112,0.8818897637795275,0.9737532808398952,123.66666666666667,0.985236220472441,125.125
127,8,1016,881,0.8671259842519685,135,0.1328740157480315,1,76c7d19b06bb657801f9,127,70,0.5511811023622047,127,110,0.8661417322834646,0.9702537182852145,123.22222222222223,0.9832677165354331,124.875
127,8,1016,905,0.890748031496063,111,0.10925196850393701,0,7712364c1254f0e189b6,127,72,0.5669291338582677,127,109,0.8582677165354331,0.968503937007874,123.0,0.9822834645669292,124.75
127,8,1016,866,0.8523622047244095,150,0.14763779527559054,1,7712364c1254f0e189b6,127,58,0.4566929133858268,127,105,0.8267716535433071,0.9615048118985126,122.11111111111111,0.9783464566929134,124.25
127,8,1016,892,0.8779527559055118,124,0.1220472440944882,0,7721c9f68025be2a24aa,127,71,0.5590551181102362,127,111,0.8740157480314961,0.9720034995625547,123.44444444444444,0.984251968503937,125.0
127,8,1016,869,0.8553149606299213,147,0.14468503937007873,1,7721c9f68025be2a24aa,127,61,0.48031496062992124,127,104,0.8188976377952756,0.9597550306211723,121.88888888888889,0.9773622047244095,124.125
127,8,1016,897,0.8828740157480315,119,0.1171259842519685,0,772ba0713fb81acddd5f,127,75,0.5905511811023622,127,106,0.8346456692913385,0.963254593175853,122.33333333333333,0.9793307086614174,124.375
127,8,1016,865,0.8513779527559056,151,0.1486220472440945,1,772ba0713fb81acddd5f,127,65,0.5118110236220472,127,112,0.8818897637795275,0.973753280839895,123.66666666666667,0.985236220472441,125.125
127,8,1016,917,0.9025590551181102,99,0.09744094488188976,0,7760837853c02952953d,127,77,0.6062992125984252,127,114,0.8976377952755905,0.9772528433945757,124.11111111111111,0.9872047244094488,125.375
127,8,1016,878,0.8641732283464567,138,0.13582677165354332,1,7760837853c02952953d,127,66,0.5196850393700787,127,111,0.8740157480314961,0.9720034995625546,123.44444444444444,0.984251968503937,125.0
127,8,1016,918,0.9035433070866141,98,0.09645669291338582,0,77c6404886525f7fdc4f,127,83,0.6535433070866141,127,118,0.9291338582677166,0.984251968503937,125.0,0.9911417322834646,125.875
127,8,1016,890,0.8759842519685039,126,0.12401574803149606,1,77c6404886525f7fdc4f,127,70,0.5511811023622047,127,114,0.8976377952755905,0.9772528433945757,124.11111111111111,0.9872047244094488,125.375
127,8,1016,899,0.8848425196850394,117,0.11515748031496063,0,7802fac070269828d784,127,73,0.5748031496062992,127,119,0.937007874015748,0.9860017497812774,125.22222222222223,0.9921259842519685,126.0
127,8,1016,868,0.8543307086614174,148,0.14566929133858267,1,7802fac070269828d784,127,71,0.5590551181102362,127,117,0.9212598425196851,0.9825021872265967,124.77777777777777,0.9901574803149606,125.75
127,8,1016,919,0.9045275590551181,97,0.09547244094488189,0,7812f0064bcbdaa374e5,127,86,0.6771653543307087,127,116,0.9133858267716536,0.9807524059492564,124.55555555555556,0.9891732283464567,125.625
127,8,1016,855,0.8415354330708661,161,0.15846456692913385,1,7812f0064bcbdaa374e5,127,61,0.48031496062992124,127,107,0.84251968503937,0.9650043744531933,122.55555555555556,0.9803149606299213,124.5
127,8,1016,845,0.8316929133858267,171,0.16830708661417323,0,783bfb18ad5ff63245cc,127,54,0.4251968503937008,127,100,0.7874015748031497,0.9527559055118112,121.0,0.9734251968503937,123.625
127,8,1016,490,0.4822834645669291,526,0.5177165354330708,1,783bfb18ad5ff63245cc,127,12,0.09448818897637795,127,59,0.4645669291338583,0.8558180227471565,108.68888888888888,0.9153543307086615,116.25
127,8,1016,904,0.889763779527559,112,0.11023622047244094,0,783f4fe965eb43786d8c,127,76,0.5984251968503937,127,115,0.905511811023622,0.9790026246719161,124.33333333333333,0.9881889763779528,125.5
127,8,1016,909,0.8946850393700787,107,0.10531496062992125,1,783f4fe965eb43786d8c,127,76,0.5984251968503937,127,118,0.9291338582677166,0.984251968503937,125.0,0.9911417322834646,125.875
127,8,1016,920,0.905511811023622,96,0.09448818897637795,0,78490188e0d23f1a73a7,127,84,0.6614173228346457,127,115,0.905511811023622,0.979002624671916,124.33333333333333,0.9881889763779528,125.5
127,8,1016,872,0.8582677165354331,144,0.14173228346456693,1,78490188e0d23f1a73a7,127,61,0.48031496062992124,127,99,0.7795275590551181,0.9496062992125984,120.6,0.9714566929133859,123.375
127,8,1016,871,0.8572834645669292,145,0.14271653543307086,0,78e810a2fb64f567ecc5,127,69,0.5433070866141733,127,118,0.9291338582677166,0.984251968503937,125.0,0.9911417322834646,125.875
127,8,1016,873,0.859251968503937,143,0.140748031496063,1,78e810a2fb64f567ecc5,127,65,0.5118110236220472,127,107,0.84251968503937,0.9650043744531934,122.55555555555556,0.9803149606299213,124.5
127,8,1016,901,0.8868110236220472,115,0.11318897637795275,0,78fad3014be7f4886277,127,71,0.5590551181102362,127,109,0.8582677165354331,0.968503937007874,123.0,0.9822834645669292,124.75
127,8,1016,864,0.8503937007874016,152,0.14960629921259844,1,78fad3014be7f4886277,127,59,0.4645669291338583,127,102,0.8031496062992126,0.9562554680664916,121.44444444444444,0.9753937007874016,123.875
127,8,1016,911,0.8966535433070866,105,0.10334645669291338,0,791718ce6ec68cec36d7,127,81,0.6377952755905512,127,116,0.9133858267716536,0.9807524059492564,124.55555555555556,0.9891732283464567,125.625
127,8,1016,881,0.8671259842519685,135,0.1328740157480315,1,791718ce6ec68cec36d7,127,60,0.47244094488188976,127,105,0.8267716535433071,0.9615048118985127,122.11111111111111,0.9783464566929134,124.25
127,8,1016,899,0.8848425196850394,117,0.11515748031496063,0,791be2cb7fd1d5bdb4a6,127,73,0.5748031496062992,127,115,0.905511811023622,0.9790026246719161,124.33333333333333,0.9881889763779528,125.5
127,8,1016,882,0.8681102362204725,134,0.13188976377952755,1,791be2cb7fd1d5bdb4a6,127,65,0.5118110236220472,127,111,0.8740157480314961,0.9720034995625548,123.44444444444444,0.984251968503937,125.0
127,8,1016,864,0.8503937007874016,152,0.14960629921259844,0,7927b0fee7e5ab44ec63,127,66,0.5196850393700787,127,98,0.7716535433070866,0.9492563429571301,120.55555555555556,0.9714566929133859,123.375
127,8,1016,492,0.484251968503937,524,0.515748031496063,1,7927b0fee7e5ab44ec63,127,15,0.11811023622047244,127,60,0.47244094488188976,0.8645669291338581,109.8,0.9212598425196851,117.0
127,8,1016,929,0.9143700787401575,87,0.08562992125984252,0,79373235b11aee88a3e8,127,85,0.6692913385826772,127,117,0.9212598425196851,0.9825021872265967,124.77777777777777,0.9901574803149606,125.75
127,8,1016,896,0.8818897637795275,120,0.11811023622047244,1,79373235b11aee88a3e8,127,73,0.5748031496062992,127,109,0.8582677165354331,0.968503937007874,123.0,0.9822834645669292,124.75
88,8,704,636,0.9034090909090909,68,0.09659090909090909,0,7956f0a50eedebcc95c2,88,57,0.6477272727272727,88,79,0.8977272727272727,0.9772727272727273,86.0,0.9872159090909091,86.875
88,8,704,617,0.8764204545454546,87,0.12357954545454546,1,7956f0a50eedebcc95c2,88,48,0.5454545454545454,88,74,0.8409090909090909,0.9626262626262626,84.71111111111111,0.9786931818181818,86.125
127,8,1016,887,0.8730314960629921,129,0.12696850393700787,0,796f52c19d79aa7195bc,127,66,0.5196850393700787,127,106,0.8346456692913385,0.9632545931758529,122.33333333333333,0.9793307086614174,124.375
127,8,1016,831,0.8179133858267716,185,0.18208661417322836,1,796f52c19d79aa7195bc,127,50,0.3937007874015748,127,105,0.8267716535433071,0.9615048118985126,122.11111111111111,0.9783464566929134,124.25
127,8,1016,912,0.8976377952755905,104,0.10236220472440945,0,799a7be2ad198df53da5,127,78,0.6141732283464567,127,111,0.8740157480314961,0.9706036745406825,123.26666666666667,0.9832677165354331,124.875
127,8,1016,858,0.844488188976378,158,0.15551181102362205,1,799a7be2ad198df53da5,127,63,0.49606299212598426,127,98,0.7716535433070866,0.9492563429571302,120.55555555555556,0.9714566929133859,123.375
127,8,1016,876,0.8622047244094488,140,0.1377952755905512,0,79bacacdeafb7df40c6a,127,73,0.5748031496062992,127,106,0.8346456692913385,0.9632545931758529,122.33333333333333,0.9793307086614174,124.375
127,8,1016,903,0.8887795275590551,113,0.11122047244094488,1,79bacacdeafb7df40c6a,127,77,0.6062992125984252,127,118,0.9291338582677166,0.9828521434820647,124.82222222222222,0.9901574803149606,125.75
127,8,1016,892,0.8779527559055118,124,0.1220472440944882,0,79e9ca2d65d04af19046,127,68,0.5354330708661418,127,112,0.8818897637795275,0.9737532808398951,123.66666666666667,0.985236220472441,125.125
127,8,1016,842,0.8287401574803149,174,0.17125984251968504,1,79e9ca2d65d04af19046,127,55,0.4330708661417323,127,110,0.8661417322834646,0.9702537182852145,123.22222222222223,0.9832677165354331,124.875
127,8,1016,874,0.860236220472441,142,0.13976377952755906,0,7a8f1bc6be61851820ec,127,64,0.5039370078740157,127,108,0.8503937007874016,0.9667541557305336,122.77777777777777,0.9812992125984252,124.625
127,8,1016,897,0.8828740157480315,119,0.1171259842519685,1,7a8f1bc6be61851820ec,127,74,0.5826771653543307,127,106,0.8346456692913385,0.963254593175853,122.33333333333333,0.9793307086614174,124.375
127,8,1016,891,0.8769685039370079,125,0.12303149606299213,0,7ba8eef8b2cf600207a7,127,70,0.5511811023622047,127,112,0.8818897637795275,0.9737532808398952,123.66666666666667,0.985236220472441,125.125
127,8,1016,867,0.8533464566929134,149,0.1466535433070866,1,7ba8eef8b2cf600207a7,127,63,0.49606299212598426,127,106,0.8346456692913385,0.9604549431321086,121.97777777777777,0.9773622047244095,124.125
127,8,1016,926,0.9114173228346457,90,0.08858267716535433,0,7be132b0daecc07a766e,127,89,0.7007874015748031,127,121,0.952755905511811,0.989501312335958,125.66666666666667,0.9940944881889764,126.25
127,8,1016,887,0.8730314960629921,129,0.12696850393700787,1,7be132b0daecc07a766e,127,71,0.5590551181102362,127,108,0.8503937007874016,0.9667541557305337,122.77777777777777,0.9812992125984252,124.625
127,8,1016,834,0.8208661417322834,182,0.17913385826771652,0,7be85048e744dcc5c2f0,127,31,0.2440944881889764,127,56,0.4409448818897638,0.8757655293088362,111.22222222222223,0.9301181102362205,118.125
127,8,1016,533,0.5246062992125984,483,0.47539370078740156,1,7be85048e744dcc5c2f0,127,12,0.09448818897637795,127,49,0.3858267716535433,0.8481189851268591,107.71111111111111,0.9124015748031497,115.875
127,8,1016,885,0.8710629921259843,131,0.12893700787401574,0,7c04c7b333539a941a11,127,69,0.5433070866141733,127,115,0.905511811023622,0.979002624671916,124.33333333333333,0.9881889763779528,125.5
127,8,1016,889,0.875,127,0.125,1,7c04c7b333539a941a11,127,69,0.5433070866141733,127,106,0.8346456692913385,0.9618547681539809,122.15555555555555,0.9783464566929134,124.25
127,8,1016,885,0.8710629921259843,131,0.12893700787401574,0,7c3ada951af1fb924874,127,72,0.5669291338582677,127,113,0.889763779527559,0.9755030621172354,123.88888888888889,0.9862204724409449,125.25
127,8,1016,873,0.859251968503937,143,0.140748031496063,1,7c3ada951af1fb924874,127,66,0.5196850393700787,127,110,0.8661417322834646,0.9702537182852143,123.22222222222223,0.9832677165354331,124.875
127,8,1016,928,0.9133858267716536,88,0.08661417322834646,0,7c451d122cec3072606c,127,86,0.6771653543307087,127,119,0.937007874015748,0.9860017497812774,125.22222222222223,0.9921259842519685,126.0
127,8,1016,900,0.8858267716535433,116,0.1141732283464567,1,7c451d122cec3072606c,127,69,0.5433070866141733,127,103,0.8110236220472441,0.9580052493438319,121.66666666666667,0.9763779527559056,124.0
127,8,1016,909,0.8946850393700787,107,0.10531496062992125,0,7c7b9fe5e98f09866343,127,79,0.6220472440944882,127,109,0.8582677165354331,0.968503937007874,123.0,0.9822834645669292,124.75
127,8,1016,862,0.8484251968503937,154,0.1515748031496063,1,7c7b9fe5e98f09866343,127,66,0.5196850393700787,127,111,0.8740157480314961,0.9706036745406825,123.26666666666667,0.9832677165354331,124.875
127,8,1016,923,0.9084645669291339,93,0.09153543307086615,0,7ca59e22a5d5051b90ca,127,84,0.6614173228346457,127,114,0.8976377952755905,0.9758530183727033,123.93333333333334,0.9862204724409449,125.25
127,8,1016,912,0.8976377952755905,104,0.10236220472440945,1,7ca59e22a5d5051b90ca,127,79,0.6220472440944882,127,113,0.889763779527559,0.9755030621172355,123.88888888888889,0.9862204724409449,125.25
127,8,1016,899,0.8848425196850394,117,0.11515748031496063,0,7ccd6b8c6a0573d7e958,127,79,0.6220472440944882,127,114,0.8976377952755905,0.9772528433945757,124.11111111111111,0.9872047244094488,125.375
127,8,1016,873,0.859251968503937,143,0.140748031496063,1,7ccd6b8c6a0573d7e958,127,66,0.5196850393700787,127,109,0.8582677165354331,0.968503937007874,123.0,0.9822834645669292,124.75
127,8,1016,914,0.8996062992125984,102,0.10039370078740158,0,7cddc6e40b15f1f4a127,127,78,0.6141732283464567,127,116,0.9133858267716536,0.9807524059492564,124.55555555555556,0.9891732283464567,125.625
127,8,1016,875,0.8612204724409449,141,0.13877952755905512,1,7cddc6e40b15f1f4a127,127,66,0.5196850393700787,127,103,0.8110236220472441,0.9552055993000875,121.31111111111112,0.9744094488188977,123.75
127,8,1016,908,0.8937007874015748,108,0.1062992125984252,0,7d1f80c46cc21f8ab679,127,76,0.5984251968503937,127,116,0.9133858267716536,0.9807524059492565,124.55555555555556,0.9891732283464567,125.625
127,8,1016,888,0.8740157480314961,128,0.12598425196850394,1,7d1f80c46cc21f8ab679,127,68,0.5354330708661418,127,109,0.8582677165354331,0.968503937007874,123.0,0.9822834645669292,124.75
127,8,1016,882,0.8681102362204725,134,0.13188976377952755,0,7dd771b97406c5b231c5,127,69,0.5433070866141733,127,119,0.937007874015748,0.9860017497812774,125.22222222222223,0.9921259842519685,126.0
127,8,1016,890,0.8759842519685039,126,0.12401574803149606,1,7dd771b97406c5b231c5,127,69,0.5433070866141733,127,112,0.8818897637795275,0.973753280839895,123.66666666666667,0.985236220472441,125.125
127,8,1016,910,0.8956692913385826,106,0.10433070866141732,0,7df8cb86c874a77f324d,127,78,0.6141732283464567,127,110,0.8661417322834646,0.9702537182852145,123.22222222222223,0.9832677165354331,124.875
127,8,1016,884,0.8700787401574803,132,0.12992125984251968,1,7df8cb86c874a77f324d,127,70,0.5511811023622047,127,111,0.8740157480314961,0.9720034995625548,123.44444444444444,0.984251968503937,125.0
127,8,1016,901,0.8868110236220472,115,0.11318897637795275,0,7e0372ad17efa4e4460e,127,75,0.5905511811023622,127,113,0.889763779527559,0.9741032370953632,123.71111111111111,0.985236220472441,125.125
127,8,1016,861,0.8474409448818898,155,0.15255905511811024,1,7e0372ad17efa4e4460e,127,61,0.48031496062992124,127,95,0.7480314960629921,0.9440069991251093,119.88888888888889,0.968503937007874,123.0
127,8,1016,920,0.905511811023622,96,0.09448818897637795,0,7e09867bebec1bc353e3,127,78,0.6141732283464567,127,110,0.8661417322834646,0.9702537182852145,123.22222222222223,0.9832677165354331,124.875
127,8,1016,883,0.8690944881889764,133,0.1309055118110236,1,7e09867bebec1bc353e3,127,65,0.5118110236220472,127,103,0.8110236220472441,0.958005249343832,121.66666666666667,0.9763779527559056,124.0
127,8,1016,908,0.8937007874015748,108,0.1062992125984252,0,7e161f0d7d774b6815d8,127,75,0.5905511811023622,127,114,0.8976377952755905,0.9772528433945757,124.11111111111111,0.9872047244094488,125.375
127,8,1016,860,0.8464566929133859,156,0.15354330708661418,1,7e161f0d7d774b6815d8,127,63,0.49606299212598426,127,102,0.8031496062992126,0.9548556430446193,121.26666666666667,0.9744094488188977,123.75
127,8,1016,906,0.8917322834645669,110,0.10826771653543307,0,7e5c194c81a597c858fa,127,77,0.6062992125984252,127,113,0.889763779527559,0.9755030621172355,123.88888888888889,0.9862204724409449,125.25
127,8,1016,897,0.8828740157480315,119,0.1171259842519685,1,7e5c194c81a597c858fa,127,72,0.5669291338582677,127,103,0.8110236220472441,0.9566054243219598,121.4888888888889,0.9753937007874016,123.875
127,8,1016,900,0.8858267716535433,116,0.1141732283464567,0,7f2cfa73e83ead8dcd5a,127,73,0.5748031496062992,127,115,0.905511811023622,0.9790026246719159,124.33333333333333,0.9881889763779528,125.5
127,8,1016,861,0.8474409448818898,155,0.15255905511811024,1,7f2cfa73e83ead8dcd5a,127,60,0.47244094488188976,127,110,0.8661417322834646,0.9702537182852145,123.22222222222223,0.9832677165354331,124.875
127,8,1016,914,0.8996062992125984,102,0.10039370078740158,0,7f3f2f02fd3f4f5b2d6f,127,77,0.6062992125984252,127,111,0.8740157480314961,0.9720034995625548,123.44444444444444,0.984251968503937,125.0
127,8,1016,882,0.8681102362204725,134,0.13188976377952755,1,7f3f2f02fd3f4f5b2d6f,127,67,0.5275590551181102,127,109,0.8582677165354331,0.9671041119860019,122.82222222222222,0.9812992125984252,124.625
127,8,1016,916,0.9015748031496063,100,0.0984251968503937,0,7f4bce2b0b5d66822814,127,81,0.6377952755905512,127,119,0.937007874015748,0.9860017497812774,125.22222222222223,0.9921259842519685,126.0
127,8,1016,895,0.8809055118110236,121,0.11909448818897637,1,7f4bce2b0b5d66822814,127,72,0.5669291338582677,127,105,0.8267716535433071,0.9615048118985127,122.11111111111111,0.9783464566929134,124.25
127,8,1016,897,0.8828740157480315,119,0.1171259842519685,0,7f68b4e9e7aee90e9f92,127,69,0.5433070866141733,127,111,0.8740157480314961,0.9720034995625547,123.44444444444444,0.984251968503937,125.0
127,8,1016,865,0.8513779527559056,151,0.1486220472440945,1,7f68b4e9e7aee90e9f92,127,59,0.4645669291338583,127,100,0.7874015748031497,0.9527559055118111,121.0,0.9734251968503937,123.625
127,8,1016,881,0.8671259842519685,135,0.1328740157480315,0,802ac0cd1c5da3fd99a6,127,70,0.5511811023622047,127,117,0.9212598425196851,0.9825021872265967,124.77777777777777,0.9901574803149606,125.75
127,8,1016,868,0.8543307086614174,148,0.14566929133858267,1,802ac0cd1c5da3fd99a6,127,66,0.5196850393700787,127,108,0.8503937007874016,0.9667541557305336,122.77777777777777,0.9812992125984252,124.625
64,8,512,465,0.908203125,47,0.091796875,0,80ef46c9ef5003b53f75,64,44,0.6875,64,60,0.9375,0.9861111111111112,63.111111111111114,0.9921875,63.5
64,8,512,464,0.90625,48,0.09375,1,80ef46c9ef5003b53f75,64,41,0.640625,64,56,0.875,0.9722222222222222,62.22222222222222,0.984375,63.0
127,8,1016,911,0.8966535433070866,105,0.10334645669291338,0,80f4713bc2bf1d7ca213,127,78,0.6141732283464567,127,111,0.8740157480314961,0.9720034995625548,123.44444444444444,0.984251968503937,125.0
127,8,1016,882,0.8681102362204725,134,0.13188976377952755,1,80f4713bc2bf1d7ca213,127,68,0.5354330708661418,127,115,0.905511811023622,0.9790026246719161,124.33333333333333,0.9881889763779528,125.5
127,8,1016,862,0.8484251968503937,154,0.1515748031496063,0,8146187d324548220b64,127,63,0.49606299212598426,127,113,0.889763779527559,0.9755030621172354,123.88888888888889,0.9862204724409449,125.25
127,8,1016,876,0.8622047244094488,140,0.1377952755905512,1,8146187d324548220b64,127,73,0.5748031496062992,127,113,0.889763779527559,0.9755030621172354,123.88888888888889,0.9862204724409449,125.25
127,8,1016,911,0.8966535433070866,105,0.10334645669291338,0,81acc552cd1d916b8a99,127,77,0.6062992125984252,127,119,0.937007874015748,0.9860017497812774,125.22222222222223,0.9921259842519685,126.0
127,8,1016,887,0.8730314960629921,129,0.12696850393700787,1,81acc552cd1d916b8a99,127,70,0.5511811023622047,127,108,0.8503937007874016,0.9653543307086615,122.6,0.9803149606299213,124.5
127,8,1016,913,0.8986220472440944,103,0.10137795275590551,0,81d23e2ace0fb871566e,127,77,0.6062992125984252,127,108,0.8503937007874016,0.9667541557305338,122.77777777777777,0.9812992125984252,124.625
127,8,1016,915,0.9005905511811023,101,0.09940944881889764,1,81d23e2ace0fb871566e,127,80,0.6299212598425197,127,109,0.8582677165354331,0.968503937007874,123.0,0.9822834645669292,124.75
127,8,1016,907,0.8927165354330708,109,0.10728346456692914,0,81d4a61b688a98be8a50,127,82,0.6456692913385826,127,114,0.8976377952755905,0.9772528433945757,124.11111111111111,0.9872047244094488,125.375
127,8,1016,880,0.8661417322834646,136,0.13385826771653545,1,81d4a61b688a98be8a50,127,62,0.4881889763779528,127,108,0.8503937007874016,0.9667541557305336,122.77777777777777,0.9812992125984252,124.625
127,8,1016,903,0.8887795275590551,113,0.11122047244094488,0,81de715e23a6fcf68fc3,127,76,0.5984251968503937,127,115,0.905511811023622,0.9790026246719161,124.33333333333333,0.9881889763779528,125.5
127,8,1016,877,0.8631889763779528,139,0.13681102362204725,1,81de715e23a6fcf68fc3,127,66,0.5196850393700787,127,113,0.889763779527559,0.9755030621172354,123.88888888888889,0.9862204724409449,125.25
127,8,1016,903,0.8887795275590551,113,0.11122047244094488,0,823fee738d51caf3d1f9,127,76,0.5984251968503937,127,113,0.889763779527559,0.9755030621172355,123.88888888888889,0.9862204724409449,125.25
127,8,1016,856,0.84251968503937,160,0.15748031496062992,1,823fee738d51caf3d1f9,127,58,0.4566929133858268,127,101,0.7952755905511811,0.9531058617672793,121.04444444444445,0.9734251968503937,123.625
127,8,1016,921,0.906496062992126,95,0.09350393700787402,0,833fc2a56e4f75f8a697,127,81,0.6377952755905512,127,111,0.8740157480314961,0.9720034995625548,123.44444444444444,0.984251968503937,125.0
127,8,1016,885,0.8710629921259843,131,0.12893700787401574,1,833fc2a56e4f75f8a697,127,69,0.5433070866141733,127,114,0.8976377952755905,0.9772528433945757,124.11111111111111,0.9872047244094488,125.375
127,8,1016,876,0.8622047244094488,140,0.1377952755905512,0,836ed2f17e0df581ffb1,127,69,0.5433070866141733,127,107,0.84251968503937,0.9650043744531934,122.55555555555556,0.9803149606299213,124.5
127,8,1016,885,0.8710629921259843,131,0.12893700787401574,1,836ed2f17e0df581ffb1,127,73,0.5748031496062992,127,111,0.8740157480314961,0.9706036745406824,123.26666666666667,0.9832677165354331,124.875
127,8,1016,889,0.875,127,0.125,0,839f919a63fdc2e822c2,127,69,0.5433070866141733,127,114,0.8976377952755905,0.9772528433945757,124.11111111111111,0.9872047244094488,125.375
127,8,1016,845,0.8316929133858267,171,0.16830708661417323,1,839f919a63fdc2e822c2,127,58,0.4566929133858268,127,99,0.7795275590551181,0.9510061242344706,120.77777777777777,0.9724409448818898,123.5
127,8,1016,883,0.8690944881889764,133,0.1309055118110236,0,84225d5346509a6c6736,127,71,0.5590551181102362,127,118,0.9291338582677166,0.984251968503937,125.0,0.9911417322834646,125.875
127,8,1016,870,0.8562992125984252,146,0.1437007874015748,1,84225d5346509a6c6736,127,59,0.4645669291338583,127,103,0.8110236220472441,0.9580052493438319,121.66666666666667,0.9763779527559056,124.0
127,8,1016,913,0.8986220472440944,103,0.10137795275590551,0,84233959e23ab297f165,127,82,0.6456692913385826,127,112,0.8818897637795275,0.9737532808398951,123.66666666666667,0.985236220472441,125.125
127,8,1016,844,0.8307086614173228,172,0.16929133858267717,1,84233959e23ab297f165,127,55,0.4330708661417323,127,104,0.8188976377952756,0.9597550306211723,121.88888888888889,0.9773622047244095,124.125
127,8,1016,915,0.9005905511811023,101,0.09940944881889764,0,8426b34cd35950627867,127,81,0.6377952755905512,127,112,0.8818897637795275,0.9737532808398951,123.66666666666667,0.985236220472441,125.125
127,8,1016,874,0.860236220472441,142,0.13976377952755906,1,8426b34cd35950627867,127,64,0.5039370078740157,127,113,0.889763779527559,0.9755030621172354,123.88888888888889,0.9862204724409449,125.25
127,8,1016,861,0.8474409448818898,155,0.15255905511811024,0,842a559378a4fa0ab83e,127,54,0.4251968503937008,127,102,0.8031496062992126,0.9548556430446196,121.26666666666667,0.9744094488188977,123.75
127,8,1016,835,0.8218503937007874,181,0.1781496062992126,1,842a559378a4fa0ab83e,127,58,0.4566929133858268,127,100,0.7874015748031497,0.9513560804899388,120.82222222222222,0.9724409448818898,123.5
127,8,1016,897,0.8828740157480315,119,0.1171259842519685,0,84399fdd946941f7bbb8,127,71,0.5590551181102362,127,114,0.8976377952755905,0.9772528433945757,124.11111111111111,0.9872047244094488,125.375
127,8,1016,853,0.8395669291338582,163,0.16043307086614172,1,84399fdd946941f7bbb8,127,56,0.4409448818897638,127,95,0.7480314960629921,0.9440069991251093,119.88888888888889,0.968503937007874,123.0
127,8,1016,886,0.8720472440944882,130,0.1279527559055118,0,845558c63ab043e3c987,127,72,0.5669291338582677,127,112,0.8818897637795275,0.9737532808398952,123.66666666666667,0.985236220472441,125.125
127,8,1016,906,0.8917322834645669,110,0.10826771653543307,1,845558c63ab043e3c987,127,74,0.5826771653543307,127,111,0.8740157480314961,0.9720034995625547,123.44444444444444,0.984251968503937,125.0
127,8,1016,894,0.8799212598425197,122,0.12007874015748031,0,846009d191b38953fd2f,127,72,0.5669291338582677,127,118,0.9291338582677166,0.984251968503937,125.0,0.9911417322834646,125.875
127,8,1016,909,0.8946850393700787,107,0.10531496062992125,1,846009d191b38953fd2f,127,81,0.6377952755905512,127,110,0.8661417322834646,0.9702537182852145,123.22222222222223,0.9832677165354331,124.875
127,8,1016,869,0.8553149606299213,147,0.14468503937007873,0,84bacdde8fd948eb8a49,127,64,0.5039370078740157,127,112,0.8818897637795275,0.9737532808398952,123.66666666666667,0.985236220472441,125.125
127,8,1016,842,0.8287401574803149,174,0.17125984251968504,1,84bacdde8fd948eb8a49,127,56,0.4409448818897638,127,98,0.7716535433070866,0.9478565179352582,120.37777777777778,0.9704724409448819,123.25
106,8,848,755,0.8903301886792453,93,0.10966981132075472,0,84ca8c732f93c58fe2a6,106,63,0.5943396226415094,106,90,0.8490566037735849,0.9664570230607967,102.44444444444444,0.9811320754716981,104.0
106,8,848,733,0.8643867924528302,115,0.13561320754716982,1,84ca8c732f93c58fe2a6,106,54,0.5094339622641509,106,93,0.8773584905660378,0.9727463312368974,103.11111111111111,0.9846698113207547,104.375
127,8,1016,874,0.860236220472441,142,0.13976377952755906,0,8503edd10ae9b54a4533,127,66,0.5196850393700787,127,107,0.84251968503937,0.9650043744531932,122.55555555555556,0.9803149606299213,124.5
127,8,1016,872,0.8582677165354331,144,0.14173228346456693,1,8503edd10ae9b54a4533,127,69,0.5433070866141733,127,107,0.84251968503937,0.9650043744531933,122.55555555555556,0.9803149606299213,124.5
127,8,1016,914,0.8996062992125984,102,0.10039370078740158,0,8540664f8428f872e8a9,127,80,0.6299212598425197,127,115,0.905511811023622,0.9790026246719161,124.33333333333333,0.9881889763779528,125.5
127,8,1016,882,0.8681102362204725,134,0.13188976377952755,1,8540664f8428f872e8a9,127,66,0.5196850393700787,127,111,0.8740157480314961,0.9720034995625548,123.44444444444444,0.984251968503937,125.0
127,8,1016,852,0.8385826771653543,164,0.16141732283464566,0,85996a9d6fe112cfacf4,127,58,0.4566929133858268,127,106,0.8346456692913385,0.963254593175853,122.33333333333333,0.9793307086614174,124.375
127,8,1016,527,0.5187007874015748,489,0.4812992125984252,1,85996a9d6fe112cfacf4,127,12,0.09448818897637795,127,62,0.4881889763779528,0.8778652668416449,111.4888888888889,0.9301181102362205,118.125
127,8,1016,901,0.8868110236220472,115,0.11318897637795275,0,85f2760e16a765142a7f,127,74,0.5826771653543307,127,117,0.9212598425196851,0.9825021872265967,124.77777777777777,0.9901574803149606,125.75
127,8,1016,860,0.8464566929133859,156,0.15354330708661418,1,85f2760e16a765142a7f,127,66,0.5196850393700787,127,110,0.8661417322834646,0.9702537182852143,123.22222222222223,0.9832677165354331,124.875
127,8,1016,900,0.8858267716535433,116,0.1141732283464567,0,860c3e874eff20982fe1,127,82,0.6456692913385826,127,121,0.952755905511811,0.9881014873140858,125.4888888888889,0.9931102362204725,126.125
127,8,1016,883,0.8690944881889764,133,0.1309055118110236,1,860c3e874eff20982fe1,127,68,0.5354330708661418,127,114,0.8976377952755905,0.9772528433945757,124.11111111111111,0.9872047244094488,125.375
103,8,824,727,0.8822815533980582,97,0.11771844660194175,0,867e7b95290bfb4ef084,103,59,0.5728155339805825,103,90,0.8737864077669902,0.9719525350593312,100.11111111111111,0.9842233009708737,101.375
103,8,824,723,0.8774271844660194,101,0.12257281553398058,1,867e7b95290bfb4ef084,103,57,0.5533980582524272,103,87,0.8446601941747572,0.9654800431499462,99.44444444444444,0.9805825242718447,101.0
127,8,1016,926,0.9114173228346457,90,0.08858267716535433,0,8740771949897ec70ee2,127,85,0.6692913385826772,127,110,0.8661417322834646,0.9702537182852145,123.22222222222223,0.9832677165354331,124.875
127,8,1016,891,0.8769685039370079,125,0.12303149606299213,1,8740771949897ec70ee2,127,76,0.5984251968503937,127,115,0.905511811023622,0.979002624671916,124.33333333333333,0.9881889763779528,125.5
127,8,1016,893,0.8789370078740157,123,0.12106299212598425,0,87837c3d21d8aaeaee48,127,69,0.5433070866141733,127,107,0.84251968503937,0.9650043744531934,122.55555555555556,0.9803149606299213,124.5
127,8,1016,893,0.8789370078740157,123,0.12106299212598425,1,87837c3d21d8aaeaee48,127,69,0.5433070866141733,127,111,0.8740157480314961,0.9720034995625548,123.44444444444444,0.984251968503937,125.0
127,8,1016,894,0.8799212598425197,122,0.12007874015748031,0,87b0143d83b8e2ea3fab,127,70,0.5511811023622047,127,118,0.9291338582677166,0.984251968503937,125.0,0.9911417322834646,125.875
127,8,1016,865,0.8513779527559056,151,0.1486220472440945,1,87b0143d83b8e2ea3fab,127,63,0.49606299212598426,127,106,0.8346456692913385,0.963254593175853,122.33333333333333,0.9793307086614174,124.375
127,8,1016,887,0.8730314960629921,129,0.12696850393700787,0,881c84297e61741b5731,127,63,0.49606299212598426,127,109,0.8582677165354331,0.968503937007874,123.0,0.9822834645669292,124.75
127,8,1016,865,0.8513779527559056,151,0.1486220472440945,1,881c84297e61741b5731,127,59,0.4645669291338583,127,105,0.8267716535433071,0.9601049868766405,121.93333333333334,0.9773622047244095,124.125
127,8,1016,902,0.8877952755905512,114,0.11220472440944881,0,8896c20ee2df2e8b3133,127,73,0.5748031496062992,127,110,0.8661417322834646,0.9702537182852145,123.22222222222223,0.9832677165354331,124.875
127,8,1016,869,0.8553149606299213,147,0.14468503937007873,1,8896c20ee2df2e8b3133,127,60,0.47244094488188976,127,110,0.8661417322834646,0.9702537182852145,123.22222222222223,0.9832677165354331,124.875
127,8,1016,916,0.9015748031496063,100,0.0984251968503937,0,88ac2d2bf4cb11ea13c6,127,79,0.6220472440944882,127,116,0.9133858267716536,0.9793525809273841,124.37777777777778,0.9881889763779528,125.5
127,8,1016,890,0.8759842519685039,126,0.12401574803149606,1,88ac2d2bf4cb11ea13c6,127,68,0.5354330708661418,127,106,0.8346456692913385,0.9632545931758529,122.33333333333333,0.9793307086614174,124.375
127,8,1016,926,0.9114173228346457,90,0.08858267716535433,0,88efd22bf016dd5e5ecc,127,84,0.6614173228346457,127,114,0.8976377952755905,0.9772528433945757,124.11111111111111,0.9872047244094488,125.375
127,8,1016,879,0.8651574803149606,137,0.13484251968503938,1,88efd22bf016dd5e5ecc,127,68,0.5354330708661418,127,115,0.905511811023622,0.9790026246719161,124.33333333333333,0.9881889763779528,125.5
127,8,1016,867,0.8533464566929134,149,0.1466535433070866,0,8926131c720f9266b8ae,127,63,0.49606299212598426,127,108,0.8503937007874016,0.9667541557305337,122.77777777777777,0.9812992125984252,124.625
127,8,1016,839,0.8257874015748031,177,0.17421259842519685,1,8926131c720f9266b8ae,127,52,0.4094488188976378,127,102,0.8031496062992126,0.9548556430446196,121.26666666666667,0.9744094488188977,123.75
127,8,1016,915,0.9005905511811023,101,0.09940944881889764,0,8a6acfe133d4645e5f08,127,78,0.6141732283464567,127,116,0.9133858267716536,0.9807524059492565,124.55555555555556,0.9891732283464567,125.625
127,8,1016,886,0.8720472440944882,130,0.1279527559055118,1,8a6acfe133d4645e5f08,127,69,0.5433070866141733,127,111,0.8740157480314961,0.9706036745406823,123.26666666666667,0.9832677165354331,124.875
127,8,1016,876,0.8622047244094488,140,0.1377952755905512,0,8ae848c8e1c8ca3c814a,127,65,0.5118110236220472,127,115,0.905511811023622,0.979002624671916,124.33333333333333,0.9881889763779528,125.5
127,8,1016,859,0.8454724409448819,157,0.1545275590551181,1,8ae848c8e1c8ca3c814a,127,57,0.44881889763779526,127,111,0.8740157480314961,0.9720034995625548,123.44444444444444,0.984251968503937,125.0
127,8,1016,770,0.7578740157480315,246,0.2421259842519685,0,8bb89f3ce60c2fe4805c,127,41,0.3228346456692913,127,95,0.7480314960629921,0.9440069991251095,119.88888888888889,0.968503937007874,123.0
127,8,1016,590,0.5807086614173228,426,0.41929133858267714,1,8bb89f3ce60c2fe4805c,127,3,0.023622047244094488,127,34,0.2677165354330709,0.8316710411198599,105.62222222222222,0.9045275590551181,114.875
127,8,1016,906,0.8917322834645669,110,0.10826771653543307,0,8bece812b2966e60e8ad,127,72,0.5669291338582677,127,112,0.8818897637795275,0.9737532808398951,123.66666666666667,0.985236220472441,125.125
127,8,1016,868,0.8543307086614174,148,0.14566929133858267,1,8bece812b2966e60e8ad,127,64,0.5039370078740157,127,105,0.8267716535433071,0.9615048118985127,122.11111111111111,0.9783464566929134,124.25
127,8,1016,922,0.90748031496063,94,0.09251968503937008,0,8bed4f4810f56cc50293,127,79,0.6220472440944882,127,116,0.9133858267716536,0.9807524059492565,124.55555555555556,0.9891732283464567,125.625
127,8,1016,847,0.8336614173228346,169,0.16633858267716536,1,8bed4f4810f56cc50293,127,58,0.4566929133858268,127,105,0.8267716535433071,0.9573053368328959,121.57777777777778,0.9753937007874016,123.875
127,8,1016,919,0.9045275590551181,97,0.09547244094488189,0,8bf7f00e1a8446ea3b04,127,81,0.6377952755905512,127,112,0.8818897637795275,0.9737532808398951,123.66666666666667,0.985236220472441,125.125
127,8,1016,869,0.8553149606299213,147,0.14468503937007873,1,8bf7f00e1a8446ea3b04,127,66,0.5196850393700787,127,115,0.905511811023622,0.9790026246719161,124.33333333333333,0.9881889763779528,125.5
127,8,1016,887,0.8730314960629921,129,0.12696850393700787,0,8bfb44b67e76fa2d1aeb,127,72,0.5669291338582677,127,115,0.905511811023622,0.9790026246719159,124.33333333333333,0.9881889763779528,125.5
127,8,1016,880,0.8661417322834646,136,0.13385826771653545,1,8bfb44b67e76fa2d1aeb,127,62,0.4881889763779528,127,111,0.8740157480314961,0.9720034995625546,123.44444444444444,0.984251968503937,125.0
127,8,1016,908,0.8937007874015748,108,0.1062992125984252,0,8c26b132a52e832bd0b3,127,79,0.6220472440944882,127,111,0.8740157480314961,0.9706036745406823,123.26666666666667,0.9832677165354331,124.875
127,8,1016,864,0.8503937007874016,152,0.14960629921259844,1,8c26b132a52e832bd0b3,127,66,0.5196850393700787,127,114,0.8976377952755905,0.9772528433945757,124.11111111111111,0.9872047244094488,125.375
127,8,1016,925,0.9104330708661418,91,0.08956692913385826,0,8c52d05567920b9068cd,127,84,0.6614173228346457,127,117,0.9212598425196851,0.9825021872265967,124.77777777777777,0.9901574803149606,125.75
127,8,1016,784,0.7716535433070866,232,0.2283464566929134,1,8c52d05567920b9068cd,127,40,0.31496062992125984,127,99,0.7795275590551181,0.9496062992125984,120.6,0.9714566929133859,123.375
127,8,1016,888,0.8740157480314961,128,0.12598425196850394,0,8c7dc41fc40ddda41eef,127,71,0.5590551181102362,127,113,0.889763779527559,0.9755030621172354,123.88888888888889,0.9862204724409449,125.25
127,8,1016,888,0.8740157480314961,128,0.12598425196850394,1,8c7dc41fc40ddda41eef,127,69,0.5433070866141733,127,109,0.8582677165354331,0.968503937007874,123.0,0.9822834645669292,124.75
127,8,1016,925,0.9104330708661418,91,0.08956692913385826,0,8c9b98b64a58814a2f39,127,88,0.6929133858267716,127,119,0.937007874015748,0.9860017497812774,125.22222222222223,0.9921259842519685,126.0
127,8,1016,860,0.8464566929133859,156,0.15354330708661418,1,8c9b98b64a58814a2f39,127,64,0.5039370078740157,127,113,0.889763779527559,0.9755030621172354,123.88888888888889,0.9862204724409449,125.25
127,8,1016,842,0.8287401574803149,174,0.17125984251968504,0,8cbc6deb366a90598072,127,29,0.2283464566929134,127,65,0.5118110236220472,0.8915135608048992,113.22222222222223,0.9389763779527559,119.25
127,8,1016,520,0.5118110236220472,496,0.4881889763779528,1,8cbc6deb366a90598072,127,14,0.11023622047244094,127,61,0.48031496062992124,0.8705161854768151,110.55555555555556,0.9251968503937008,117.5
127,8,1016,888,0.8740157480314961,128,0.12598425196850394,0,8cef8dce1364c7587754,127,72,0.5669291338582677,127,113,0.889763779527559,0.9755030621172355,123.88888888888889,0.9862204724409449,125.25
127,8,1016,874,0.860236220472441,142,0.13976377952755906,1,8cef8dce1364c7587754,127,66,0.5196850393700787,127,103,0.8110236220472441,0.9580052493438319,121.66666666666667,0.9763779527559056,124.0
127,8,1016,926,0.9114173228346457,90,0.08858267716535433,0,8d55514286def2bb6141,127,84,0.6614173228346457,127,114,0.8976377952755905,0.9772528433945757,124.11111111111111,0.9872047244094488,125.375
127,8,1016,884,0.8700787401574803,132,0.12992125984251968,1,8d55514286def2bb6141,127,67,0.5275590551181102,127,112,0.8818897637795275,0.9737532808398951,123.66666666666667,0.985236220472441,125.125
127,8,1016,885,0.8710629921259843,131,0.12893700787401574,0,8dc7a0e49d8054a4febf,127,68,0.5354330708661418,127,111,0.8740157480314961,0.9720034995625548,123.44444444444444,0.984251968503937,125.0
127,8,1016,893,0.8789370078740157,123,0.12106299212598425,1,8dc7a0e49d8054a4febf,127,72,0.5669291338582677,127,112,0.8818897637795275,0.973753280839895,123.66666666666667,0.985236220472441,125.125
127,8,1016,885,0.8710629921259843,131,0.12893700787401574,0,8df5f48dc72ff9b25245,127,67,0.5275590551181102,127,111,0.8740157480314961,0.9720034995625548,123.44444444444444,0.984251968503937,125.0
127,8,1016,867,0.8533464566929134,149,0.1466535433070866,1,8df5f48dc72ff9b25245,127,63,0.49606299212598426,127,103,0.8110236220472441,0.958005249343832,121.66666666666667,0.9763779527559056,124.0
127,8,1016,899,0.8848425196850394,117,0.11515748031496063,0,8e07a080e3fb068115b8,127,76,0.5984251968503937,127,114,0.8976377952755905,0.9772528433945757,124.11111111111111,0.9872047244094488,125.375
127,8,1016,873,0.859251968503937,143,0.140748031496063,1,8e07a080e3fb068115b8,127,67,0.5275590551181102,127,104,0.8188976377952756,0.9597550306211723,121.88888888888889,0.9773622047244095,124.125
127,8,1016,921,0.906496062992126,95,0.09350393700787402,0,8e0dec58e940d3bca91d,127,81,0.6377952755905512,127,112,0.8818897637795275,0.973753280839895,123.66666666666667,0.985236220472441,125.125
127,8,1016,894,0.8799212598425197,122,0.12007874015748031,1,8e0dec58e940d3bca91d,127,71,0.5590551181102362,127,110,0.8661417322834646,0.9702537182852145,123.22222222222223,0.9832677165354331,124.875
127,8,1016,892,0.8779527559055118,124,0.1220472440944882,0,8e12b4849e3760c026ef,127,72,0.5669291338582677,127,112,0.8818897637795275,0.9737532808398951,123.66666666666667,0.985236220472441,125.125
127,8,1016,891,0.8769685039370079,125,0.12303149606299213,1,8e12b4849e3760c026ef,127,71,0.5590551181102362,127,113,0.889763779527559,0.9727034120734908,123.53333333333333,0.984251968503937,125.0
127,8,1016,896,0.8818897637795275,120,0.11811023622047244,0,8e6325f69f2dede3825c,127,77,0.6062992125984252,127,114,0.8976377952755905,0.9772528433945757,124.11111111111111,0.9872047244094488,125.375
127,8,1016,858,0.844488188976378,158,0.15551181102362205,1,8e6325f69f2dede3825c,127,62,0.4881889763779528,127,113,0.889763779527559,0.9755030621172354,123.88888888888889,0.9862204724409449,125.25
127,8,1016,915,0.9005905511811023,101,0.09940944881889764,0,8e676d49327d4d22552d,127,80,0.6299212598425197,127,112,0.8818897637795275,0.973753280839895,123.66666666666667,0.985236220472441,125.125
127,8,1016,878,0.8641732283464567,138,0.13582677165354332,1,8e676d49327d4d22552d,127,63,0.49606299212598426,127,107,0.84251968503937,0.9636045494313212,122.37777777777778,0.9793307086614174,124.375
127,8,1016,916,0.9015748031496063,100,0.0984251968503937,0,8ec49816cc265f8b8294,127,79,0.6220472440944882,127,113,0.889763779527559,0.9755030621172355,123.88888888888889,0.9862204724409449,125.25
127,8,1016,896,0.8818897637795275,120,0.11811023622047244,1,8ec49816cc265f8b8294,127,73,0.5748031496062992,127,117,0.9212598425196851,0.9825021872265968,124.77777777777777,0.9901574803149606,125.75
127,8,1016,912,0.8976377952755905,104,0.10236220472440945,0,8f69f039471770707b7e,127,77,0.6062992125984252,127,114,0.8976377952755905,0.9758530183727034,123.93333333333334,0.9862204724409449,125.25
127,8,1016,887,0.8730314960629921,129,0.12696850393700787,1,8f69f039471770707b7e,127,71,0.5590551181102362,127,111,0.8740157480314961,0.9720034995625546,123.44444444444444,0.984251968503937,125.0
127,8,1016,907,0.8927165354330708,109,0.10728346456692914,0,8f7d10ec4ff11a647ee7,127,76,0.5984251968503937,127,117,0.9212598425196851,0.9825021872265967,124.77777777777777,0.9901574803149606,125.75
127,8,1016,896,0.8818897637795275,120,0.11811023622047244,1,8f7d10ec4ff11a647ee7,127,72,0.5669291338582677,127,109,0.8582677165354331,0.968503937007874,123.0,0.9822834645669292,124.75
127,8,1016,920,0.905511811023622,96,0.09448818897637795,0,8f8115aa4a281d951a7c,127,84,0.6614173228346457,127,116,0.9133858267716536,0.9793525809273841,124.37777777777778,0.9881889763779528,125.5
127,8,1016,865,0.8513779527559056,151,0.1486220472440945,1,8f8115aa4a281d951a7c,127,59,0.4645669291338583,127,100,0.7874015748031497,0.952755905511811,121.0,0.9734251968503937,123.625
127,8,1016,913,0.8986220472440944,103,0.10137795275590551,0,8f9070376249b3bc8557,127,81,0.6377952755905512,127,121,0.952755905511811,0.9895013123359581,125.66666666666667,0.9940944881889764,126.25
127,8,1016,895,0.8809055118110236,121,0.11909448818897637,1,8f9070376249b3bc8557,127,75,0.5905511811023622,127,110,0.8661417322834646,0.9702537182852143,123.22222222222223,0.9832677165354331,124.875
127,8,1016,922,0.90748031496063,94,0.09251968503937008,0,8fb265f41b57655fdaf6,127,82,0.6456692913385826,127,112,0.8818897637795275,0.9737532808398951,123.66666666666667,0.985236220472441,125.125
127,8,1016,899,0.8848425196850394,117,0.11515748031496063,1,8fb265f41b57655fdaf6,127,75,0.5905511811023622,127,117,0.9212598425196851,0.9825021872265967,124.77777777777777,0.9901574803149606,125.75
127,8,1016,917,0.9025590551181102,99,0.09744094488188976,0,900f406d35eb6b62a9d6,127,83,0.6535433070866141,127,118,0.9291338582677166,0.984251968503937,125.0,0.9911417322834646,125.875
127,8,1016,900,0.8858267716535433,116,0.1141732283464567,1,900f406d35eb6b62a9d6,127,73,0.5748031496062992,127,116,0.9133858267716536,0.9807524059492565,124.55555555555556,0.9891732283464567,125.625
127,8,1016,917,0.9025590551181102,99,0.09744094488188976,0,901fbb039eb51be272f4,127,81,0.6377952755905512,127,118,0.9291338582677166,0.9828521434820647,124.82222222222222,0.9901574803149606,125.75
127,8,1016,873,0.859251968503937,143,0.140748031496063,1,901fbb039eb51be272f4,127,67,0.5275590551181102,127,105,0.8267716535433071,0.9615048118985127,122.11111111111111,0.9783464566929134,124.25
127,8,1016,908,0.8937007874015748,108,0.1062992125984252,0,904d79524f4d042d53f9,127,79,0.6220472440944882,127,114,0.8976377952755905,0.9772528433945757,124.11111111111111,0.9872047244094488,125.375
127,8,1016,896,0.8818897637795275,120,0.11811023622047244,1,904d79524f4d042d53f9,127,73,0.5748031496062992,127,111,0.8740157480314961,0.9720034995625548,123.44444444444444,0.984251968503937,125.0
127,8,1016,922,0.90748031496063,94,0.09251968503937008,0,90d92c6b78f853e6b846,127,83,0.6535433070866141,127,116,0.9133858267716536,0.9807524059492564,124.55555555555556,0.9891732283464567,125.625
127,8,1016,894,0.8799212598425197,122,0.12007874015748031,1,90d92c6b78f853e6b846,127,76,0.5984251968503937,127,113,0.889763779527559,0.9755030621172354,123.88888888888889,0.9862204724409449,125.25
127,8,1016,896,0.8818897637795275,120,0.11811023622047244,0,91a31847728383045e3a,127,71,0.5590551181102362,127,112,0.8818897637795275,0.9737532808398952,123.66666666666667,0.985236220472441,125.125
127,8,1016,847,0.8336614173228346,169,0.16633858267716536,1,91a31847728383045e3a,127,59,0.4645669291338583,127,111,0.8740157480314961,0.9720034995625548,123.44444444444444,0.984251968503937,125.0
127,8,1016,924,0.9094488188976378,92,0.09055118110236221,0,91f0bd8d1b2650d3ab83,127,78,0.6141732283464567,127,112,0.8818897637795275,0.973753280839895,123.66666666666667,0.985236220472441,125.125
127,8,1016,857,0.843503937007874,159,0.15649606299212598,1,91f0bd8d1b2650d3ab83,127,61,0.48031496062992124,127,107,0.84251968503937,0.9650043744531933,122.55555555555556,0.9803149606299213,124.5
127,8,1016,923,0.9084645669291339,93,0.09153543307086615,0,920487cdb3ea7356e413,127,81,0.6377952755905512,127,115,0.905511811023622,0.9790026246719161,124.33333333333333,0.9881889763779528,125.5
127,8,1016,869,0.8553149606299213,147,0.14468503937007873,1,920487cdb3ea7356e413,127,65,0.5118110236220472,127,103,0.8110236220472441,0.9580052493438319,121.66666666666667,0.9763779527559056,124.0
127,8,1016,887,0.8730314960629921,129,0.12696850393700787,0,923e8a0e4829c62a5409,127,73,0.5748031496062992,127,120,0.9448818897637795,0.9877515310586178,125.44444444444444,0.9931102362204725,126.125
127,8,1016,872,0.8582677165354331,144,0.14173228346456693,1,923e8a0e4829c62a5409,127,66,0.5196850393700787,127,106,0.8346456692913385,0.963254593175853,122.33333333333333,0.9793307086614174,124.375
111,8,888,784,0.8828828828828829,104,0.11711711711711711,0,926b6f8891804d72864f,111,63,0.5675675675675675,111,97,0.8738738738738738,0.9703703703703703,107.71111111111111,0.9831081081081081,109.125
111,8,888,781,0.8795045045045045,107,0.1204954954954955,1,926b6f8891804d72864f,111,60,0.5405405405405406,111,98,0.8828828828828829,0.9739739739739739,108.11111111111111,0.9853603603603603,109.375
24,8,192,174,0.90625,18,0.09375,0,92700be4ef3a5fb144b6,24,15,0.625,24,20,0.8333333333333334,0.9629629629629629,23.11111111111111,0.9791666666666666,23.5
24,8,192,165,0.859375,27,0.140625,1,92700be4ef3a5fb144b6,24,11,0.4583333333333333,24,19,0.7916666666666666,0.9537037037037037,22.88888888888889,0.9739583333333334,23.375
127,8,1016,919,0.9045275590551181,97,0.09547244094488189,0,9275ef27e00389353e75,127,76,0.5984251968503937,127,110,0.8661417322834646,0.9702537182852145,123.22222222222223,0.9832677165354331,124.875
127,8,1016,872,0.8582677165354331,144,0.14173228346456693,1,9275ef27e00389353e75,127,60,0.47244094488188976,127,106,0.8346456692913385,0.963254593175853,122.33333333333333,0.9793307086614174,124.375
127,8,1016,925,0.9104330708661418,91,0.08956692913385826,0,92a2248985d77febb48f,127,83,0.6535433070866141,127,116,0.9133858267716536,0.9807524059492565,124.55555555555556,0.9891732283464567,125.625
127,8,1016,865,0.8513779527559056,151,0.1486220472440945,1,92a2248985d77febb48f,127,67,0.5275590551181102,127,116,0.9133858267716536,0.9807524059492565,124.55555555555556,0.9891732283464567,125.625
127,8,1016,889,0.875,127,0.125,0,93073cdcb586446bbee2,127,73,0.5748031496062992,127,118,0.9291338582677166,0.984251968503937,125.0,0.9911417322834646,125.875
127,8,1016,892,0.8779527559055118,124,0.1220472440944882,1,93073cdcb586446bbee2,127,71,0.5590551181102362,127,115,0.905511811023622,0.9790026246719161,124.33333333333333,0.9881889763779528,125.5
127,8,1016,701,0.6899606299212598,315,0.31003937007874016,0,931ae9fab340ba6d5feb,127,15,0.11811023622047244,127,113,0.889763779527559,0.9755030621172354,123.88888888888889,0.9862204724409449,125.25
127,8,1016,644,0.6338582677165354,372,0.3661417322834646,1,931ae9fab340ba6d5feb,127,11,0.08661417322834646,127,60,0.47244094488188976,0.8645669291338581,109.8,0.9212598425196851,117.0
127,8,1016,931,0.9163385826771654,85,0.08366141732283465,0,936d2f4f34bc153938c7,127,88,0.6929133858267716,127,113,0.889763779527559,0.9755030621172354,123.88888888888889,0.9862204724409449,125.25
127,8,1016,880,0.8661417322834646,136,0.13385826771653545,1,936d2f4f34bc153938c7,127,69,0.5433070866141733,127,113,0.889763779527559,0.9755030621172354,123.88888888888889,0.9862204724409449,125.25
127,8,1016,887,0.8730314960629921,129,0.12696850393700787,0,93b60f37729f176e892a,127,67,0.5275590551181102,127,107,0.84251968503937,0.9650043744531933,122.55555555555556,0.9803149606299213,124.5
127,8,1016,875,0.8612204724409449,141,0.13877952755905512,1,93b60f37729f176e892a,127,62,0.4881889763779528,127,107,0.84251968503937,0.9650043744531934,122.55555555555556,0.9803149606299213,124.5
127,8,1016,852,0.8385826771653543,164,0.16141732283464566,0,93fabd5451c8ad06e5a6,127,59,0.4645669291338583,127,104,0.8188976377952756,0.9597550306211723,121.88888888888889,0.9773622047244095,124.125
127,8,1016,869,0.8553149606299213,147,0.14468503937007873,1,93fabd5451c8ad06e5a6,127,62,0.4881889763779528,127,99,0.7795275590551181,0.9510061242344706,120.77777777777777,0.9724409448818898,123.5
127,8,1016,896,0.8818897637795275,120,0.11811023622047244,0,945435bd96bddc603b32,127,76,0.5984251968503937,127,116,0.9133858267716536,0.9807524059492564,124.55555555555556,0.9891732283464567,125.625
127,8,1016,872,0.8582677165354331,144,0.14173228346456693,1,945435bd96bddc603b32,127,62,0.4881889763779528,127,110,0.8661417322834646,0.9702537182852145,123.22222222222223,0.9832677165354331,124.875
127,8,1016,890,0.8759842519685039,126,0.12401574803149606,0,9454c66d812ca8015f40,127,69,0.5433070866141733,127,112,0.8818897637795275,0.9737532808398952,123.66666666666667,0.985236220472441,125.125
127,8,1016,862,0.8484251968503937,154,0.1515748031496063,1,9454c66d812ca8015f40,127,60,0.47244094488188976,127,101,0.7952755905511811,0.9545056867891513,121.22222222222223,0.9744094488188977,123.75
127,8,1016,917,0.9025590551181102,99,0.09744094488188976,0,949662d1b45ab08be739,127,81,0.6377952755905512,127,110,0.8661417322834646,0.9702537182852143,123.22222222222223,0.9832677165354331,124.875
127,8,1016,846,0.8326771653543307,170,0.1673228346456693,1,949662d1b45ab08be739,127,59,0.4645669291338583,127,109,0.8582677165354331,0.968503937007874,123.0,0.9822834645669292,124.75
127,8,1016,902,0.8877952755905512,114,0.11220472440944881,0,94c3b64c6bf713d43706,127,78,0.6141732283464567,127,122,0.9606299212598425,0.9912510936132983,125.88888888888889,0.9950787401574803,126.375
127,8,1016,856,0.84251968503937,160,0.15748031496062992,1,94c3b64c6bf713d43706,127,59,0.4645669291338583,127,110,0.8661417322834646,0.968853893263342,123.04444444444445,0.9822834645669292,124.75
62,8,496,429,0.8649193548387096,67,0.1350806451612903,0,94c9b024e01262064ee8,62,36,0.5806451612903226,62,52,0.8387096774193549,0.96415770609319,59.77777777777778,0.9798387096774194,60.75
62,8,496,414,0.8346774193548387,82,0.16532258064516128,1,94c9b024e01262064ee8,62,27,0.43548387096774194,62,51,0.8225806451612904,0.9605734767025089,59.55555555555556,0.9778225806451613,60.625
127,8,1016,877,0.8631889763779528,139,0.13681102362204725,0,950f33e688fc0163fe83,127,66,0.5196850393700787,127,107,0.84251968503937,0.9636045494313212,122.37777777777778,0.9793307086614174,124.375
127,8,1016,870,0.8562992125984252,146,0.1437007874015748,1,950f33e688fc0163fe83,127,63,0.49606299212598426,127,102,0.8031496062992126,0.9562554680664918,121.44444444444444,0.9753937007874016,123.875
127,8,1016,881,0.8671259842519685,135,0.1328740157480315,0,956d9d561147514093ad,127,65,0.5118110236220472,127,117,0.9212598425196851,0.9825021872265967,124.77777777777777,0.9901574803149606,125.75
127,8,1016,890,0.8759842519685039,126,0.12401574803149606,1,956d9d561147514093ad,127,69,0.5433070866141733,127,107,0.84251968503937,0.9650043744531933,122.55555555555556,0.9803149606299213,124.5
127,8,1016,928,0.9133858267716536,88,0.08661417322834646,0,95af21ac53e5a74d9dc8,127,87,0.6850393700787402,127,117,0.9212598425196851,0.9825021872265967,124.77777777777777,0.9901574803149606,125.75
127,8,1016,878,0.8641732283464567,138,0.13582677165354332,1,95af21ac53e5a74d9dc8,127,65,0.5118110236220472,127,115,0.905511811023622,0.9790026246719161,124.33333333333333,0.9881889763779528,125.5
100,8,800,715,0.89375,85,0.10625,0,95cdcf7639cf6452a717,100,58,0.58,100,86,0.86,0.968888888888889,96.88888888888889,0.9825,98.25
100,8,800,705,0.88125,95,0.11875,1,95cdcf7639cf6452a717,100,60,0.6,100,90,0.9,0.9777777777777779,97.77777777777777,0.9875,98.75
127,8,1016,898,0.8838582677165354,118,0.11614173228346457,0,95d8bd020621ee918a68,127,76,0.5984251968503937,127,113,0.889763779527559,0.9755030621172355,123.88888888888889,0.9862204724409449,125.25
127,8,1016,854,0.8405511811023622,162,0.1594488188976378,1,95d8bd020621ee918a68,127,65,0.5118110236220472,127,102,0.8031496062992126,0.9562554680664915,121.44444444444444,0.9753937007874016,123.875
127,8,1016,921,0.906496062992126,95,0.09350393700787402,0,96c2ea5592f2ccf72270,127,83,0.6535433070866141,127,115,0.905511811023622,0.9790026246719161,124.33333333333333,0.9881889763779528,125.5
127,8,1016,878,0.8641732283464567,138,0.13582677165354332,1,96c2ea5592f2ccf72270,127,71,0.5590551181102362,127,109,0.8582677165354331,0.968503937007874,123.0,0.9822834645669292,124.75
127,8,1016,907,0.8927165354330708,109,0.10728346456692914,0,97635eef2c4a536f1a9c,127,77,0.6062992125984252,127,110,0.8661417322834646,0.9688538932633421,123.04444444444445,0.9822834645669292,124.75
127,8,1016,865,0.8513779527559056,151,0.1486220472440945,1,97635eef2c4a536f1a9c,127,58,0.4566929133858268,127,97,0.7637795275590551,0.94750656167979,120.33333333333333,0.9704724409448819,123.25
127,8,1016,922,0.90748031496063,94,0.09251968503937008,0,9778cb7f4462c7e5a6bb,127,84,0.6614173228346457,127,114,0.8976377952755905,0.9758530183727034,123.93333333333334,0.9862204724409449,125.25
127,8,1016,899,0.8848425196850394,117,0.11515748031496063,1,9778cb7f4462c7e5a6bb,127,77,0.6062992125984252,127,113,0.889763779527559,0.9755030621172354,123.88888888888889,0.9862204724409449,125.25
127,8,1016,917,0.9025590551181102,99,0.09744094488188976,0,977dba706199d097d6fe,127,78,0.6141732283464567,127,110,0.8661417322834646,0.9702537182852145,123.22222222222223,0.9832677165354331,124.875
127,8,1016,901,0.8868110236220472,115,0.11318897637795275,1,977dba706199d097d6fe,127,73,0.5748031496062992,127,108,0.8503937007874016,0.9667541557305338,122.77777777777777,0.9812992125984252,124.625
127,8,1016,908,0.8937007874015748,108,0.1062992125984252,0,97c0d2ccb5929d573fb4,127,78,0.6141732283464567,127,116,0.9133858267716536,0.9807524059492564,124.55555555555556,0.9891732283464567,125.625
127,8,1016,871,0.8572834645669292,145,0.14271653543307086,1,97c0d2ccb5929d573fb4,127,67,0.5275590551181102,127,104,0.8188976377952756,0.9583552055993001,121.71111111111111,0.9763779527559056,124.0
127,8,1016,898,0.8838582677165354,118,0.11614173228346457,0,97e513b5080922851ec5,127,68,0.5354330708661418,127,105,0.8267716535433071,0.9615048118985127,122.11111111111111,0.9783464566929134,124.25
127,8,1016,870,0.8562992125984252,146,0.1437007874015748,1,97e513b5080922851ec5,127,61,0.48031496062992124,127,107,0.84251968503937,0.9650043744531934,122.55555555555556,0.9803149606299213,124.5
127,8,1016,886,0.8720472440944882,130,0.1279527559055118,0,97eef9bf61d78dbe04cb,127,69,0.5433070866141733,127,104,0.8188976377952756,0.9597550306211723,121.88888888888889,0.9773622047244095,124.125
127,8,1016,890,0.8759842519685039,126,0.12401574803149606,1,97eef9bf61d78dbe04cb,127,67,0.5275590551181102,127,112,0.8818897637795275,0.9737532808398951,123.66666666666667,0.985236220472441,125.125
127,8,1016,885,0.8710629921259843,131,0.12893700787401574,0,988fea42cce728b13a95,127,69,0.5433070866141733,127,112,0.8818897637795275,0.973753280839895,123.66666666666667,0.985236220472441,125.125
127,8,1016,909,0.8946850393700787,107,0.10531496062992125,1,988fea42cce728b13a95,127,77,0.6062992125984252,127,112,0.8818897637795275,0.9737532808398951,123.66666666666667,0.985236220472441,125.125
127,8,1016,906,0.8917322834645669,110,0.10826771653543307,0,989223a35c82a9c924d7,127,80,0.6299212598425197,127,115,0.905511811023622,0.9790026246719161,124.33333333333333,0.9881889763779528,125.5
127,8,1016,887,0.8730314960629921,129,0.12696850393700787,1,989223a35c82a9c924d7,127,66,0.5196850393700787,127,111,0.8740157480314961,0.9692038495188101,123.08888888888889,0.9822834645669292,124.75
127,8,1016,919,0.9045275590551181,97,0.09547244094488189,0,98b5f162f676011fb726,127,84,0.6614173228346457,127,118,0.9291338582677166,0.984251968503937,125.0,0.9911417322834646,125.875
127,8,1016,863,0.8494094488188977,153,0.15059055118110237,1,98b5f162f676011fb726,127,61,0.48031496062992124,127,112,0.8818897637795275,0.973753280839895,123.66666666666667,0.985236220472441,125.125
69,8,552,503,0.9112318840579711,49,0.08876811594202899,0,98f863bfa0adecb134b6,69,48,0.6956521739130435,69,62,0.8985507246376812,0.9774557165861514,67.44444444444444,0.9873188405797102,68.125
69,8,552,477,0.8641304347826086,75,0.1358695652173913,1,98f863bfa0adecb134b6,69,35,0.5072463768115942,69,61,0.8840579710144928,0.9742351046698874,67.22222222222223,0.9855072463768116,68.0
127,8,1016,930,0.9153543307086615,86,0.08464566929133858,0,995ced5a07b811c64ec3,127,88,0.6929133858267716,127,114,0.8976377952755905,0.9772528433945757,124.11111111111111,0.9872047244094488,125.375
127,8,1016,864,0.8503937007874016,152,0.14960629921259844,1,995ced5a07b811c64ec3,127,61,0.48031496062992124,127,105,0.8267716535433071,0.9615048118985128,122.11111111111111,0.9783464566929134,124.25
127,8,1016,890,0.8759842519685039,126,0.12401574803149606,0,996641191bc8907bbda6,127,72,0.5669291338582677,127,112,0.8818897637795275,0.973753280839895,123.66666666666667,0.985236220472441,125.125
127,8,1016,881,0.8671259842519685,135,0.1328740157480315,1,996641191bc8907bbda6,127,63,0.49606299212598426,127,106,0.8346456692913385,0.963254593175853,122.33333333333333,0.9793307086614174,124.375
127,8,1016,907,0.8927165354330708,109,0.10728346456692914,0,99a65da76e4ea87b0250,127,73,0.5748031496062992,127,117,0.9212598425196851,0.9825021872265967,124.77777777777777,0.9901574803149606,125.75
127,8,1016,893,0.8789370078740157,123,0.12106299212598425,1,99a65da76e4ea87b0250,127,73,0.5748031496062992,127,110,0.8661417322834646,0.9702537182852145,123.22222222222223,0.9832677165354331,124.875
127,8,1016,925,0.9104330708661418,91,0.08956692913385826,0,99a78f400e015cd2fba3,127,88,0.6929133858267716,127,117,0.9212598425196851,0.9825021872265968,124.77777777777777,0.9901574803149606,125.75
127,8,1016,862,0.8484251968503937,154,0.1515748031496063,1,99a78f400e015cd2fba3,127,57,0.44881889763779526,127,102,0.8031496062992126,0.9562554680664916,121.44444444444444,0.9753937007874016,123.875
127,8,1016,896,0.8818897637795275,120,0.11811023622047244,0,99aa773428705b28a4d8,127,73,0.5748031496062992,127,108,0.8503937007874016,0.9667541557305336,122.77777777777777,0.9812992125984252,124.625
127,8,1016,879,0.8651574803149606,137,0.13484251968503938,1,99aa773428705b28a4d8,127,62,0.4881889763779528,127,106,0.8346456692913385,0.9632545931758528,122.33333333333333,0.9793307086614174,124.375
127,8,1016,917,0.9025590551181102,99,0.09744094488188976,0,99c8e7d0f416023a1076,127,81,0.6377952755905512,127,114,0.8976377952755905,0.9772528433945757,124.11111111111111,0.9872047244094488,125.375
127,8,1016,893,0.8789370078740157,123,0.12106299212598425,1,99c8e7d0f416023a1076,127,71,0.5590551181102362,127,110,0.8661417322834646,0.9702537182852145,123.22222222222223,0.9832677165354331,124.875
127,8,1016,936,0.9212598425196851,80,0.07874015748031496,0,9a2f9d506b9d5b97607c,127,92,0.7244094488188977,127,117,0.9212598425196851,0.9825021872265967,124.77777777777777,0.9901574803149606,125.75
127,8,1016,857,0.843503937007874,159,0.15649606299212598,1,9a2f9d506b9d5b97607c,127,58,0.4566929133858268,127,112,0.8818897637795275,0.9737532808398951,123.66666666666667,0.985236220472441,125.125
127,8,1016,871,0.8572834645669292,145,0.14271653543307086,0,9a8db0012177e738611b,127,68,0.5354330708661418,127,114,0.8976377952755905,0.9772528433945757,124.11111111111111,0.9872047244094488,125.375
127,8,1016,887,0.8730314960629921,129,0.12696850393700787,1,9a8db0012177e738611b,127,68,0.5354330708661418,127,111,0.8740157480314961,0.9706036745406824,123.26666666666667,0.9832677165354331,124.875
127,8,1016,906,0.8917322834645669,110,0.10826771653543307,0,9a95484e1fd6565bd8c2,127,74,0.5826771653543307,127,109,0.8582677165354331,0.968503937007874,123.0,0.9822834645669292,124.75
127,8,1016,884,0.8700787401574803,132,0.12992125984251968,1,9a95484e1fd6565bd8c2,127,69,0.5433070866141733,127,106,0.8346456692913385,0.9618547681539806,122.15555555555555,0.9783464566929134,124.25
122,8,976,860,0.8811475409836066,116,0.11885245901639344,0,9ae88093def743519010,122,66,0.5409836065573771,122,107,0.8770491803278688,0.9726775956284155,118.66666666666667,0.9846311475409836,120.125
122,8,976,844,0.8647540983606558,132,0.13524590163934427,1,9ae88093def743519010,122,66,0.5409836065573771,122,111,0.9098360655737705,0.9799635701275047,119.55555555555556,0.9887295081967213,120.625
127,8,1016,886,0.8720472440944882,130,0.1279527559055118,0,9b0aaf167f9dba2230dc,127,72,0.5669291338582677,127,113,0.889763779527559,0.9755030621172354,123.88888888888889,0.9862204724409449,125.25
127,8,1016,886,0.8720472440944882,130,0.1279527559055118,1,9b0aaf167f9dba2230dc,127,68,0.5354330708661418,127,108,0.8503937007874016,0.9667541557305336,122.77777777777777,0.9812992125984252,124.625
127,8,1016,914,0.8996062992125984,102,0.10039370078740158,0,9b621d1a22f073b4a89a,127,78,0.6141732283464567,127,116,0.9133858267716536,0.9807524059492563,124.55555555555556,0.9891732283464567,125.625
127,8,1016,878,0.8641732283464567,138,0.13582677165354332,1,9b621d1a22f073b4a89a,127,66,0.5196850393700787,127,108,0.8503937007874016,0.9667541557305336,122.77777777777777,0.9812992125984252,124.625
127,8,1016,909,0.8946850393700787,107,0.10531496062992125,0,9b99ba5424f38b6a222b,127,81,0.6377952755905512,127,120,0.9448818897637795,0.9877515310586177,125.44444444444444,0.9931102362204725,126.125
127,8,1016,874,0.860236220472441,142,0.13976377952755906,1,9b99ba5424f38b6a222b,127,65,0.5118110236220472,127,110,0.8661417322834646,0.9702537182852145,123.22222222222223,0.9832677165354331,124.875
127,8,1016,898,0.8838582677165354,118,0.11614173228346457,0,9b9b1228a280163107e6,127,75,0.5905511811023622,127,107,0.84251968503937,0.9650043744531932,122.55555555555556,0.9803149606299213,124.5
127,8,1016,831,0.8179133858267716,185,0.18208661417322836,1,9b9b1228a280163107e6,127,54,0.4251968503937008,127,100,0.7874015748031497,0.9485564304461942,120.46666666666667,0.9704724409448819,123.25
127,8,1016,907,0.8927165354330708,109,0.10728346456692914,0,9bd67e1410071f0d7c35,127,76,0.5984251968503937,127,112,0.8818897637795275,0.973753280839895,123.66666666666667,0.985236220472441,125.125
127,8,1016,891,0.8769685039370079,125,0.12303149606299213,1,9bd67e1410071f0d7c35,127,72,0.5669291338582677,127,114,0.8976377952755905,0.9772528433945757,124.11111111111111,0.9872047244094488,125.375
127,8,1016,915,0.9005905511811023,101,0.09940944881889764,0,9c3f18c58adf55cc27bd,127,85,0.6692913385826772,127,118,0.9291338582677166,0.984251968503937,125.0,0.9911417322834646,125.875
127,8,1016,865,0.8513779527559056,151,0.1486220472440945,1,9c3f18c58adf55cc27bd,127,58,0.4566929133858268,127,107,0.84251968503937,0.9650043744531934,122.55555555555556,0.9803149606299213,124.5
127,8,1016,898,0.8838582677165354,118,0.11614173228346457,0,9c4082ff8ebaef710bdc,127,75,0.5905511811023622,127,110,0.8661417322834646,0.9702537182852145,123.22222222222223,0.9832677165354331,124.875
127,8,1016,861,0.8474409448818898,155,0.15255905511811024,1,9c4082ff8ebaef710bdc,127,59,0.4645669291338583,127,110,0.8661417322834646,0.9702537182852143,123.22222222222223,0.9832677165354331,124.875
127,8,1016,876,0.8622047244094488,140,0.1377952755905512,0,9c52346bbd0ac398b927,127,65,0.5118110236220472,127,116,0.9133858267716536,0.9807524059492564,124.55555555555556,0.9891732283464567,125.625
127,8,1016,882,0.8681102362204725,134,0.13188976377952755,1,9c52346bbd0ac398b927,127,67,0.5275590551181102,127,112,0.8818897637795275,0.9737532808398951,123.66666666666667,0.985236220472441,125.125
127,8,1016,911,0.8966535433070866,105,0.10334645669291338,0,9c9d0d55e64f4de84a34,127,79,0.6220472440944882,127,116,0.9133858267716536,0.9807524059492565,124.55555555555556,0.9891732283464567,125.625
127,8,1016,872,0.8582677165354331,144,0.14173228346456693,1,9c9d0d55e64f4de84a34,127,70,0.5511811023622047,127,105,0.8267716535433071,0.9587051618547682,121.75555555555556,0.9763779527559056,124.0
100,8,800,721,0.90125,79,0.09875,0,9cb01dd67c3fba73b586,100,63,0.63,100,86,0.86,0.9688888888888889,96.88888888888889,0.9825,98.25
100,8,800,724,0.905,76,0.095,1,9cb01dd67c3fba73b586,100,63,0.63,100,90,0.9,0.976,97.6,0.98625,98.625
127,8,1016,891,0.8769685039370079,125,0.12303149606299213,0,9cf343b1c0185f983372,127,77,0.6062992125984252,127,116,0.9133858267716536,0.9807524059492565,124.55555555555556,0.9891732283464567,125.625
127,8,1016,869,0.8553149606299213,147,0.14468503937007873,1,9cf343b1c0185f983372,127,62,0.4881889763779528,127,115,0.905511811023622,0.9776027996500437,124.15555555555555,0.9872047244094488,125.375
127,8,1016,908,0.8937007874015748,108,0.1062992125984252,0,9d063fad8bdbf2e4c12e,127,76,0.5984251968503937,127,111,0.8740157480314961,0.9720034995625547,123.44444444444444,0.984251968503937,125.0
127,8,1016,873,0.859251968503937,143,0.140748031496063,1,9d063fad8bdbf2e4c12e,127,61,0.48031496062992124,127,110,0.8661417322834646,0.9688538932633421,123.04444444444445,0.9822834645669292,124.75
127,8,1016,929,0.9143700787401575,87,0.08562992125984252,0,9d4b803381a48c580983,127,90,0.7086614173228346,127,116,0.9133858267716536,0.9807524059492564,124.55555555555556,0.9891732283464567,125.625
127,8,1016,889,0.875,127,0.125,1,9d4b803381a48c580983,127,65,0.5118110236220472,127,111,0.8740157480314961,0.9720034995625548,123.44444444444444,0.984251968503937,125.0
1,8,8,7,0.875,1,0.125,0,9d54838f66bf62752beb,1,0,0.0,1,0,0.0,0.7777777777777778,0.7777777777777778,0.875,0.875
1,8,8,5,0.625,3,0.375,1,9d54838f66bf62752beb,1,0,0.0,1,0,0.0,0.7777777777777778,0.7777777777777778,0.875,0.875
127,8,1016,881,0.8671259842519685,135,0.1328740157480315,0,9d869805c2a756f51c65,127,65,0.5118110236220472,127,105,0.8267716535433071,0.9601049868766406,121.93333333333334,0.9773622047244095,124.125
127,8,1016,889,0.875,127,0.125,1,9d869805c2a756f51c65,127,66,0.5196850393700787,127,103,0.8110236220472441,0.958005249343832,121.66666666666667,0.9763779527559056,124.0
127,8,1016,900,0.8858267716535433,116,0.1141732283464567,0,9e05735e2b489e577b8d,127,73,0.5748031496062992,127,113,0.889763779527559,0.9755030621172355,123.88888888888889,0.9862204724409449,125.25
127,8,1016,899,0.8848425196850394,117,0.11515748031496063,1,9e05735e2b489e577b8d,127,72,0.5669291338582677,127,109,0.8582677165354331,0.968503937007874,123.0,0.9822834645669292,124.75
127,8,1016,912,0.8976377952755905,104,0.10236220472440945,0,9e12983f7b0c36eb5311,127,78,0.6141732283464567,127,112,0.8818897637795275,0.973753280839895,123.66666666666667,0.985236220472441,125.125
127,8,1016,870,0.8562992125984252,146,0.1437007874015748,1,9e12983f7b0c36eb5311,127,61,0.48031496062992124,127,105,0.8267716535433071,0.9615048118985127,122.11111111111111,0.9783464566929134,124.25
127,8,1016,895,0.8809055118110236,121,0.11909448818897637,0,9e2e70e523e9c354fe93,127,74,0.5826771653543307,127,114,0.8976377952755905,0.9772528433945757,124.11111111111111,0.9872047244094488,125.375
127,8,1016,886,0.8720472440944882,130,0.1279527559055118,1,9e2e70e523e9c354fe93,127,69,0.5433070866141733,127,112,0.8818897637795275,0.9737532808398951,123.66666666666667,0.985236220472441,125.125
127,8,1016,928,0.9133858267716536,88,0.08661417322834646,0,9e51bbcb1de85a3769a5,127,86,0.6771653543307087,127,115,0.905511811023622,0.979002624671916,124.33333333333333,0.9881889763779528,125.5
127,8,1016,889,0.875,127,0.125,1,9e51bbcb1de85a3769a5,127,69,0.5433070866141733,127,111,0.8740157480314961,0.9720034995625546,123.44444444444444,0.984251968503937,125.0
127,8,1016,899,0.8848425196850394,117,0.11515748031496063,0,9e57e7c149c2525e0d02,127,79,0.6220472440944882,127,119,0.937007874015748,0.9860017497812774,125.22222222222223,0.9921259842519685,126.0
127,8,1016,889,0.875,127,0.125,1,9e57e7c149c2525e0d02,127,62,0.4881889763779528,127,101,0.7952755905511811,0.9545056867891513,121.22222222222223,0.9744094488188977,123.75
127,8,1016,905,0.890748031496063,111,0.10925196850393701,0,9e91e83c475e55620bed,127,79,0.6220472440944882,127,118,0.9291338582677166,0.984251968503937,125.0,0.9911417322834646,125.875
127,8,1016,866,0.8523622047244095,150,0.14763779527559054,1,9e91e83c475e55620bed,127,66,0.5196850393700787,127,115,0.905511811023622,0.9790026246719161,124.33333333333333,0.9881889763779528,125.5
127,8,1016,911,0.8966535433070866,105,0.10334645669291338,0,9ecd0e9fec1ac918ebde,127,77,0.6062992125984252,127,113,0.889763779527559,0.9755030621172354,123.88888888888889,0.9862204724409449,125.25
127,8,1016,886,0.8720472440944882,130,0.1279527559055118,1,9ecd0e9fec1ac918ebde,127,71,0.5590551181102362,127,111,0.8740157480314961,0.9706036745406823,123.26666666666667,0.9832677165354331,124.875
127,8,1016,912,0.8976377952755905,104,0.10236220472440945,0,9f22b2d409a204396384,127,79,0.6220472440944882,127,112,0.8818897637795275,0.9723534558180228,123.4888888888889,0.984251968503937,125.0
127,8,1016,840,0.8267716535433071,176,0.1732283464566929,1,9f22b2d409a204396384,127,53,0.41732283464566927,127,107,0.84251968503937,0.9650043744531933,122.55555555555556,0.9803149606299213,124.5
127,8,1016,919,0.9045275590551181,97,0.09547244094488189,0,9f7c3794d470a93e2b55,127,81,0.6377952755905512,127,114,0.8976377952755905,0.9772528433945757,124.11111111111111,0.9872047244094488,125.375
127,8,1016,874,0.860236220472441,142,0.13976377952755906,1,9f7c3794d470a93e2b55,127,61,0.48031496062992124,127,109,0.8582677165354331,0.968503937007874,123.0,0.9822834645669292,124.75
127,8,1016,903,0.8887795275590551,113,0.11122047244094488,0,9fe5ec46337e59f8a266,127,76,0.5984251968503937,127,114,0.8976377952755905,0.9772528433945757,124.11111111111111,0.9872047244094488,125.375
127,8,1016,898,0.8838582677165354,118,0.11614173228346457,1,9fe5ec46337e59f8a266,127,72,0.5669291338582677,127,113,0.889763779527559,0.9755030621172354,123.88888888888889,0.9862204724409449,125.25
127,8,1016,885,0.8710629921259843,131,0.12893700787401574,0,a0318b7ae7b1f1b1216e,127,71,0.5590551181102362,127,111,0.8740157480314961,0.9720034995625548,123.44444444444444,0.984251968503937,125.0
127,8,1016,889,0.875,127,0.125,1,a0318b7ae7b1f1b1216e,127,71,0.5590551181102362,127,113,0.889763779527559,0.9755030621172354,123.88888888888889,0.9862204724409449,125.25
127,8,1016,913,0.8986220472440944,103,0.10137795275590551,0,a0908cbd942c7afba57f,127,81,0.6377952755905512,127,112,0.8818897637795275,0.9737532808398951,123.66666666666667,0.985236220472441,125.125
127,8,1016,870,0.8562992125984252,146,0.1437007874015748,1,a0908cbd942c7afba57f,127,60,0.47244094488188976,127,110,0.8661417322834646,0.9702537182852145,123.22222222222223,0.9832677165354331,124.875
127,8,1016,910,0.8956692913385826,106,0.10433070866141732,0,a0af2e54f7e8536888b7,127,80,0.6299212598425197,127,113,0.889763779527559,0.9755030621172354,123.88888888888889,0.9862204724409449,125.25
127,8,1016,883,0.8690944881889764,133,0.1309055118110236,1,a0af2e54f7e8536888b7,127,68,0.5354330708661418,127,103,0.8110236220472441,0.9580052493438319,121.66666666666667,0.9763779527559056,124.0
104,8,832,737,0.8858173076923077,95,0.1141826923076923,0,a0ef74c9f5c4cdfb5339,104,63,0.6057692307692307,104,89,0.8557692307692307,0.9662393162393162,100.4888888888889,0.9807692307692307,102.0
104,8,832,751,0.9026442307692307,81,0.09735576923076923,1,a0ef74c9f5c4cdfb5339,104,67,0.6442307692307693,104,91,0.875,0.9722222222222222,101.11111111111111,0.984375,102.375
127,8,1016,887,0.8730314960629921,129,0.12696850393700787,0,a22087cc4b0a48639766,127,70,0.5511811023622047,127,120,0.9448818897637795,0.9877515310586178,125.44444444444444,0.9931102362204725,126.125
127,8,1016,889,0.875,127,0.125,1,a22087cc4b0a48639766,127,72,0.5669291338582677,127,111,0.8740157480314961,0.9720034995625546,123.44444444444444,0.984251968503937,125.0
127,8,1016,893,0.8789370078740157,123,0.12106299212598425,0,a2cb8e5fe9bfcdf09c2e,127,68,0.5354330708661418,127,109,0.8582677165354331,0.968503937007874,123.0,0.9822834645669292,124.75
127,8,1016,877,0.8631889763779528,139,0.13681102362204725,1,a2cb8e5fe9bfcdf09c2e,127,61,0.48031496062992124,127,111,0.8740157480314961,0.9720034995625548,123.44444444444444,0.984251968503937,125.0
127,8,1016,912,0.8976377952755905,104,0.10236220472440945,0,a2fc1379dfee4e2b71bb,127,81,0.6377952755905512,127,114,0.8976377952755905,0.9772528433945757,124.11111111111111,0.9872047244094488,125.375
127,8,1016,867,0.8533464566929134,149,0.1466535433070866,1,a2fc1379dfee4e2b71bb,127,64,0.5039370078740157,127,110,0.8661417322834646,0.9702537182852145,123.22222222222223,0.9832677165354331,124.875
127,8,1016,920,0.905511811023622,96,0.09448818897637795,0,a2fc55a2e666bdc1eaec,127,81,0.6377952755905512,127,108,0.8503937007874016,0.9667541557305337,122.77777777777777,0.9812992125984252,124.625
127,8,1016,817,0.8041338582677166,199,0.19586614173228348,1,a2fc55a2e666bdc1eaec,127,44,0.3464566929133858,127,93,0.7322834645669292,0.9405074365704288,119.44444444444444,0.9665354330708661,122.75
127,8,1016,896,0.8818897637795275,120,0.11811023622047244,0,a301ba74b17f06f7166b,127,71,0.5590551181102362,127,115,0.905511811023622,0.9790026246719161,124.33333333333333,0.9881889763779528,125.5
127,8,1016,897,0.8828740157480315,119,0.1171259842519685,1,a301ba74b17f06f7166b,127,75,0.5905511811023622,127,112,0.8818897637795275,0.973753280839895,123.66666666666667,0.985236220472441,125.125
103,8,824,728,0.883495145631068,96,0.11650485436893204,0,a349a39549bc82697949,103,62,0.6019417475728155,103,90,0.8737864077669902,0.9719525350593312,100.11111111111111,0.9842233009708737,101.375
103,8,824,735,0.8919902912621359,89,0.10800970873786407,1,a349a39549bc82697949,103,62,0.6019417475728155,103,92,0.8932038834951457,0.976267529665588,100.55555555555556,0.9866504854368932,101.625
127,8,1016,879,0.8651574803149606,137,0.13484251968503938,0,a39af40725e29a05b750,127,69,0.5433070866141733,127,112,0.8818897637795275,0.973753280839895,123.66666666666667,0.985236220472441,125.125
127,8,1016,890,0.8759842519685039,126,0.12401574803149606,1,a39af40725e29a05b750,127,65,0.5118110236220472,127,108,0.8503937007874016,0.9667541557305336,122.77777777777777,0.9812992125984252,124.625
127,8,1016,919,0.9045275590551181,97,0.09547244094488189,0,a3b49ca38174e5ad8261,127,81,0.6377952755905512,127,113,0.889763779527559,0.9755030621172355,123.88888888888889,0.9862204724409449,125.25
127,8,1016,861,0.8474409448818898,155,0.15255905511811024,1,a3b49ca38174e5ad8261,127,67,0.5275590551181102,127,116,0.9133858267716536,0.9807524059492564,124.55555555555556,0.9891732283464567,125.625
127,8,1016,858,0.844488188976378,158,0.15551181102362205,0,a3f30b6155a3246d4bfa,127,52,0.4094488188976378,127,102,0.8031496062992126,0.9562554680664918,121.44444444444444,0.9753937007874016,123.875
127,8,1016,541,0.53248031496063,475,0.4675196850393701,1,a3f30b6155a3246d4bfa,127,14,0.11023622047244094,127,66,0.5196850393700787,0.8778652668416447,111.4888888888889,0.9291338582677166,118.0
127,8,1016,909,0.8946850393700787,107,0.10531496062992125,0,a4a385417bb8a30907ef,127,77,0.6062992125984252,127,115,0.905511811023622,0.9790026246719161,124.33333333333333,0.9881889763779528,125.5
127,8,1016,854,0.8405511811023622,162,0.1594488188976378,1,a4a385417bb8a30907ef,127,58,0.4566929133858268,127,107,0.84251968503937,0.9650043744531934,122.55555555555556,0.9803149606299213,124.5
127,8,1016,912,0.8976377952755905,104,0.10236220472440945,0,a4db91c77b740cc24343,127,78,0.6141732283464567,127,113,0.889763779527559,0.9755030621172355,123.88888888888889,0.9862204724409449,125.25
127,8,1016,881,0.8671259842519685,135,0.1328740157480315,1,a4db91c77b740cc24343,127,67,0.5275590551181102,127,105,0.8267716535433071,0.9615048118985127,122.11111111111111,0.9783464566929134,124.25
127,8,1016,907,0.8927165354330708,109,0.10728346456692914,0,a5273b224ec8272a018b,127,75,0.5905511811023622,127,110,0.8661417322834646,0.9702537182852145,123.22222222222223,0.9832677165354331,124.875
127,8,1016,882,0.8681102362204725,134,0.13188976377952755,1,a5273b224ec8272a018b,127,73,0.5748031496062992,127,109,0.8582677165354331,0.9685039370078742,123.0,0.9822834645669292,124.75
127,8,1016,918,0.9035433070866141,98,0.09645669291338582,0,a541a60b3bd352716986,127,82,0.6456692913385826,127,114,0.8976377952755905,0.9772528433945757,124.11111111111111,0.9872047244094488,125.375
127,8,1016,894,0.8799212598425197,122,0.12007874015748031,1,a541a60b3bd352716986,127,74,0.5826771653543307,127,110,0.8661417322834646,0.9702537182852145,123.22222222222223,0.9832677165354331,124.875
127,8,1016,872,0.8582677165354331,144,0.14173228346456693,0,a59ebc54a55e378aa2ad,127,64,0.5039370078740157,127,109,0.8582677165354331,0.9685039370078738,123.0,0.9822834645669292,124.75
127,8,1016,852,0.8385826771653543,164,0.16141732283464566,1,a59ebc54a55e378aa2ad,127,57,0.44881889763779526,127,102,0.8031496062992126,0.9562554680664915,121.44444444444444,0.9753937007874016,123.875
127,8,1016,896,0.8818897637795275,120,0.11811023622047244,0,a5da9a819c4235a14b9c,127,76,0.5984251968503937,127,116,0.9133858267716536,0.9793525809273841,124.37777777777778,0.9881889763779528,125.5
127,8,1016,874,0.860236220472441,142,0.13976377952755906,1,a5da9a819c4235a14b9c,127,71,0.5590551181102362,127,118,0.9291338582677166,0.984251968503937,125.0,0.9911417322834646,125.875
127,8,1016,916,0.9015748031496063,100,0.0984251968503937,0,a604cfcaefe73c13eeda,127,82,0.6456692913385826,127,113,0.889763779527559,0.9755030621172354,123.88888888888889,0.9862204724409449,125.25
127,8,1016,853,0.8395669291338582,163,0.16043307086614172,1,a604cfcaefe73c13eeda,127,62,0.4881889763779528,127,112,0.8818897637795275,0.9723534558180229,123.4888888888889,0.984251968503937,125.0
73,8,584,538,0.9212328767123288,46,0.07876712328767123,0,a61c802f4832f8e1b709,73,49,0.6712328767123288,73,65,0.8904109589041096,0.9732115677321158,71.04444444444445,0.9845890410958904,71.875
73,8,584,502,0.8595890410958904,82,0.1404109589041096,1,a61c802f4832f8e1b709,73,34,0.4657534246575342,73,66,0.9041095890410958,0.9786910197869104,71.44444444444444,0.988013698630137,72.125
127,8,1016,915,0.9005905511811023,101,0.09940944881889764,0,a63b08eee0a4879e6c5e,127,79,0.6220472440944882,127,112,0.8818897637795275,0.9737532808398952,123.66666666666667,0.985236220472441,125.125
127,8,1016,886,0.8720472440944882,130,0.1279527559055118,1,a63b08eee0a4879e6c5e,127,72,0.5669291338582677,127,113,0.889763779527559,0.9755030621172355,123.88888888888889,0.9862204724409449,125.25
127,8,1016,912,0.8976377952755905,104,0.10236220472440945,0,a6b8dd0077c6e10115d2,127,81,0.6377952755905512,127,114,0.8976377952755905,0.9772528433945757,124.11111111111111,0.9872047244094488,125.375
127,8,1016,866,0.8523622047244095,150,0.14763779527559054,1,a6b8dd0077c6e10115d2,127,62,0.4881889763779528,127,110,0.8661417322834646,0.9702537182852145,123.22222222222223,0.9832677165354331,124.875
127,8,1016,882,0.8681102362204725,134,0.13188976377952755,0,a6c99c53dd3c996670c0,127,66,0.5196850393700787,127,113,0.889763779527559,0.9741032370953631,123.71111111111111,0.985236220472441,125.125
127,8,1016,848,0.8346456692913385,168,0.16535433070866143,1,a6c99c53dd3c996670c0,127,56,0.4409448818897638,127,106,0.8346456692913385,0.963254593175853,122.33333333333333,0.9793307086614174,124.375
127,8,1016,916,0.9015748031496063,100,0.0984251968503937,0,a6cdc566e89f6f5b0567,127,83,0.6535433070866141,127,112,0.8818897637795275,0.973753280839895,123.66666666666667,0.985236220472441,125.125
127,8,1016,884,0.8700787401574803,132,0.12992125984251968,1,a6cdc566e89f6f5b0567,127,66,0.5196850393700787,127,115,0.905511811023622,0.979002624671916,124.33333333333333,0.9881889763779528,125.5
127,8,1016,909,0.8946850393700787,107,0.10531496062992125,0,a6dd8f19ff8afb2e9f17,127,80,0.6299212598425197,127,117,0.9212598425196851,0.9825021872265967,124.77777777777777,0.9901574803149606,125.75
127,8,1016,899,0.8848425196850394,117,0.11515748031496063,1,a6dd8f19ff8afb2e9f17,127,73,0.5748031496062992,127,112,0.8818897637795275,0.9737532808398951,123.66666666666667,0.985236220472441,125.125
127,8,1016,917,0.9025590551181102,99,0.09744094488188976,0,a71c96284f156c2f0f10,127,84,0.6614173228346457,127,120,0.9448818897637795,0.9863517060367455,125.26666666666667,0.9921259842519685,126.0
127,8,1016,884,0.8700787401574803,132,0.12992125984251968,1,a71c96284f156c2f0f10,127,65,0.5118110236220472,127,110,0.8661417322834646,0.9702537182852142,123.22222222222223,0.9832677165354331,124.875
127,8,1016,882,0.8681102362204725,134,0.13188976377952755,0,a7306ab46e7f4d6174b9,127,68,0.5354330708661418,127,115,0.905511811023622,0.9790026246719161,124.33333333333333,0.9881889763779528,125.5
127,8,1016,886,0.8720472440944882,130,0.1279527559055118,1,a7306ab46e7f4d6174b9,127,69,0.5433070866141733,127,114,0.8976377952755905,0.9772528433945757,124.11111111111111,0.9872047244094488,125.375
127,8,1016,932,0.9173228346456693,84,0.08267716535433071,0,a746429d7594c84024a1,127,85,0.6692913385826772,127,114,0.8976377952755905,0.9772528433945757,124.11111111111111,0.9872047244094488,125.375
127,8,1016,845,0.8316929133858267,171,0.16830708661417323,1,a746429d7594c84024a1,127,58,0.4566929133858268,127,106,0.8346456692913385,0.9618547681539807,122.15555555555555,0.9783464566929134,124.25
82,8,656,570,0.8689024390243902,86,0.13109756097560976,0,a77a3b4960047bfde489,82,45,0.5487804878048781,82,72,0.8780487804878049,0.97289972899729,79.77777777777777,0.9847560975609756,80.75
82,8,656,589,0.8978658536585366,67,0.10213414634146341,1,a77a3b4960047bfde489,82,50,0.6097560975609756,82,72,0.8780487804878049,0.9728997289972899,79.77777777777777,0.9847560975609756,80.75
127,8,1016,915,0.9005905511811023,101,0.09940944881889764,0,a79d54014aaa9464b718,127,80,0.6299212598425197,127,113,0.889763779527559,0.9755030621172354,123.88888888888889,0.9862204724409449,125.25
127,8,1016,896,0.8818897637795275,120,0.11811023622047244,1,a79d54014aaa9464b718,127,69,0.5433070866141733,127,102,0.8031496062992126,0.9548556430446195,121.26666666666667,0.9744094488188977,123.75
127,8,1016,871,0.8572834645669292,145,0.14271653543307086,0,a7a6733ca7f4b8aaaf17,127,67,0.5275590551181102,127,112,0.8818897637795275,0.973753280839895,123.66666666666667,0.985236220472441,125.125
127,8,1016,880,0.8661417322834646,136,0.13385826771653545,1,a7a6733ca7f4b8aaaf17,127,64,0.5039370078740157,127,113,0.889763779527559,0.9755030621172355,123.88888888888889,0.9862204724409449,125.25
127,8,1016,891,0.8769685039370079,125,0.12303149606299213,0,a7f38dbbef53c4ea7814,127,70,0.5511811023622047,127,111,0.8740157480314961,0.9720034995625548,123.44444444444444,0.984251968503937,125.0
127,8,1016,884,0.8700787401574803,132,0.12992125984251968,1,a7f38dbbef53c4ea7814,127,67,0.5275590551181102,127,112,0.8818897637795275,0.9737532808398952,123.66666666666667,0.985236220472441,125.125
127,8,1016,893,0.8789370078740157,123,0.12106299212598425,0,a8177d41ca048a2921d2,127,73,0.5748031496062992,127,111,0.8740157480314961,0.9706036745406823,123.26666666666667,0.9832677165354331,124.875
127,8,1016,849,0.8356299212598425,167,0.1643700787401575,1,a8177d41ca048a2921d2,127,54,0.4251968503937008,127,104,0.8188976377952756,0.9583552055993001,121.71111111111111,0.9763779527559056,124.0
127,8,1016,922,0.90748031496063,94,0.09251968503937008,0,a85c4f73e999509259af,127,78,0.6141732283464567,127,113,0.889763779527559,0.9755030621172355,123.88888888888889,0.9862204724409449,125.25
127,8,1016,863,0.8494094488188977,153,0.15059055118110237,1,a85c4f73e999509259af,127,56,0.4409448818897638,127,108,0.8503937007874016,0.9667541557305336,122.77777777777777,0.9812992125984252,124.625
127,8,1016,924,0.9094488188976378,92,0.09055118110236221,0,a8647af1539d81940692,127,82,0.6456692913385826,127,111,0.8740157480314961,0.9720034995625548,123.44444444444444,0.984251968503937,125.0
127,8,1016,866,0.8523622047244095,150,0.14763779527559054,1,a8647af1539d81940692,127,60,0.47244094488188976,127,108,0.8503937007874016,0.9667541557305338,122.77777777777777,0.9812992125984252,124.625
127,8,1016,927,0.9124015748031497,89,0.08759842519685039,0,a8fef6811c042a3e5b99,127,81,0.6377952755905512,127,109,0.8582677165354331,0.968503937007874,123.0,0.9822834645669292,124.75
127,8,1016,896,0.8818897637795275,120,0.11811023622047244,1,a8fef6811c042a3e5b99,127,70,0.5511811023622047,127,113,0.889763779527559,0.9755030621172354,123.88888888888889,0.9862204724409449,125.25
127,8,1016,910,0.8956692913385826,106,0.10433070866141732,0,a90716353921ef94ee3b,127,75,0.5905511811023622,127,114,0.8976377952755905,0.9772528433945757,124.11111111111111,0.9872047244094488,125.375
127,8,1016,878,0.8641732283464567,138,0.13582677165354332,1,a90716353921ef94ee3b,127,74,0.5826771653543307,127,113,0.889763779527559,0.9755030621172354,123.88888888888889,0.9862204724409449,125.25
127,8,1016,917,0.9025590551181102,99,0.09744094488188976,0,a93c5d160c771c7f2ddf,127,77,0.6062992125984252,127,113,0.889763779527559,0.9755030621172354,123.88888888888889,0.9862204724409449,125.25
127,8,1016,889,0.875,127,0.125,1,a93c5d160c771c7f2ddf,127,67,0.5275590551181102,127,109,0.8582677165354331,0.9685039370078742,123.0,0.9822834645669292,124.75
127,8,1016,920,0.905511811023622,96,0.09448818897637795,0,a93ef0f8c34edb643ab0,127,82,0.6456692913385826,127,113,0.889763779527559,0.9755030621172354,123.88888888888889,0.9862204724409449,125.25
127,8,1016,887,0.8730314960629921,129,0.12696850393700787,1,a93ef0f8c34edb643ab0,127,71,0.5590551181102362,127,113,0.889763779527559,0.9755030621172354,123.88888888888889,0.9862204724409449,125.25
127,8,1016,919,0.9045275590551181,97,0.09547244094488189,0,a95c10308006ff1bd6e7,127,84,0.6614173228346457,127,114,0.8976377952755905,0.9758530183727034,123.93333333333334,0.9862204724409449,125.25
127,8,1016,895,0.8809055118110236,121,0.11909448818897637,1,a95c10308006ff1bd6e7,127,70,0.5511811023622047,127,113,0.889763779527559,0.9755030621172354,123.88888888888889,0.9862204724409449,125.25
127,8,1016,927,0.9124015748031497,89,0.08759842519685039,0,a96a34c6910a3b7fd989,127,83,0.6535433070866141,127,111,0.8740157480314961,0.9720034995625548,123.44444444444444,0.984251968503937,125.0
127,8,1016,878,0.8641732283464567,138,0.13582677165354332,1,a96a34c6910a3b7fd989,127,64,0.5039370078740157,127,111,0.8740157480314961,0.9706036745406825,123.26666666666667,0.9832677165354331,124.875
127,8,1016,887,0.8730314960629921,129,0.12696850393700787,0,a9a82339f6906ae005a2,127,66,0.5196850393700787,127,103,0.8110236220472441,0.9580052493438319,121.66666666666667,0.9763779527559056,124.0
127,8,1016,837,0.8238188976377953,179,0.17618110236220472,1,a9a82339f6906ae005a2,127,54,0.4251968503937008,127,105,0.8267716535433071,0.9615048118985127,122.11111111111111,0.9783464566929134,124.25
127,8,1016,914,0.8996062992125984,102,0.10039370078740158,0,aa261b4a6e6449f298d0,127,79,0.6220472440944882,127,116,0.9133858267716536,0.9807524059492565,124.55555555555556,0.9891732283464567,125.625
127,8,1016,849,0.8356299212598425,167,0.1643700787401575,1,aa261b4a6e6449f298d0,127,55,0.4330708661417323,127,95,0.7480314960629921,0.9440069991251093,119.88888888888889,0.968503937007874,123.0
108,8,864,777,0.8993055555555556,87,0.10069444444444445,0,aa3d4fec3562da72aa6a,108,65,0.6018518518518519,108,92,0.8518518518518519,0.9670781893004117,104.44444444444444,0.9814814814814815,106.0
108,8,864,771,0.8923611111111112,93,0.1076388888888889,1,aa3d4fec3562da72aa6a,108,66,0.6111111111111112,108,98,0.9074074074074074,0.9794238683127573,105.77777777777777,0.9884259259259259,106.75
127,8,1016,920,0.905511811023622,96,0.09448818897637795,0,aacb92ed3f6e60fd9d5f,127,85,0.6692913385826772,127,118,0.9291338582677166,0.984251968503937,125.0,0.9911417322834646,125.875
127,8,1016,880,0.8661417322834646,136,0.13385826771653545,1,aacb92ed3f6e60fd9d5f,127,69,0.5433070866141733,127,108,0.8503937007874016,0.9667541557305336,122.77777777777777,0.9812992125984252,124.625
127,8,1016,900,0.8858267716535433,116,0.1141732283464567,0,aadd28b4886c5dbaa3d8,127,70,0.5511811023622047,127,106,0.8346456692913385,0.9632545931758529,122.33333333333333,0.9793307086614174,124.375
127,8,1016,855,0.8415354330708661,161,0.15846456692913385,1,aadd28b4886c5dbaa3d8,127,59,0.4645669291338583,127,105,0.8267716535433071,0.9615048118985127,122.11111111111111,0.9783464566929134,124.25
127,8,1016,889,0.875,127,0.125,0,ab089e8514a0ce55fb66,127,69,0.5433070866141733,127,117,0.9212598425196851,0.9825021872265967,124.77777777777777,0.9901574803149606,125.75
127,8,1016,863,0.8494094488188977,153,0.15059055118110237,1,ab089e8514a0ce55fb66,127,62,0.4881889763779528,127,104,0.8188976377952756,0.9597550306211724,121.88888888888889,0.9773622047244095,124.125
127,8,1016,926,0.9114173228346457,90,0.08858267716535433,0,ab7dbeb8eba4ca95e6d6,127,86,0.6771653543307087,127,118,0.9291338582677166,0.984251968503937,125.0,0.9911417322834646,125.875
127,8,1016,899,0.8848425196850394,117,0.11515748031496063,1,ab7dbeb8eba4ca95e6d6,127,74,0.5826771653543307,127,110,0.8661417322834646,0.9702537182852145,123.22222222222223,0.9832677165354331,124.875
127,8,1016,927,0.9124015748031497,89,0.08759842519685039,0,abd1e5548284e0ba471e,127,87,0.6850393700787402,127,116,0.9133858267716536,0.9807524059492564,124.55555555555556,0.9891732283464567,125.625
127,8,1016,890,0.8759842519685039,126,0.12401574803149606,1,abd1e5548284e0ba471e,127,71,0.5590551181102362,127,113,0.889763779527559,0.9755030621172355,123.88888888888889,0.9862204724409449,125.25
127,8,1016,898,0.8838582677165354,118,0.11614173228346457,0,abf43694b67ef6c882b3,127,77,0.6062992125984252,127,115,0.905511811023622,0.9790026246719161,124.33333333333333,0.9881889763779528,125.5
127,8,1016,875,0.8612204724409449,141,0.13877952755905512,1,abf43694b67ef6c882b3,127,67,0.5275590551181102,127,116,0.9133858267716536,0.979352580927384,124.37777777777778,0.9881889763779528,125.5
127,8,1016,913,0.8986220472440944,103,0.10137795275590551,0,ac1f922ed790b98b82b7,127,81,0.6377952755905512,127,114,0.8976377952755905,0.9772528433945757,124.11111111111111,0.9872047244094488,125.375
127,8,1016,887,0.8730314960629921,129,0.12696850393700787,1,ac1f922ed790b98b82b7,127,72,0.5669291338582677,127,117,0.9212598425196851,0.9825021872265968,124.77777777777777,0.9901574803149606,125.75
127,8,1016,898,0.8838582677165354,118,0.11614173228346457,0,ac33f9d05160a51d246b,127,76,0.5984251968503937,127,118,0.9291338582677166,0.984251968503937,125.0,0.9911417322834646,125.875
127,8,1016,854,0.8405511811023622,162,0.1594488188976378,1,ac33f9d05160a51d246b,127,61,0.48031496062992124,127,105,0.8267716535433071,0.9601049868766406,121.93333333333334,0.9773622047244095,124.125
127,8,1016,918,0.9035433070866141,98,0.09645669291338582,0,ac38bf1b34801bedfd6b,127,80,0.6299212598425197,127,111,0.8740157480314961,0.9706036745406825,123.26666666666667,0.9832677165354331,124.875
127,8,1016,919,0.9045275590551181,97,0.09547244094488189,1,ac38bf1b34801bedfd6b,127,81,0.6377952755905512,127,112,0.8818897637795275,0.9737532808398951,123.66666666666667,0.985236220472441,125.125
127,8,1016,877,0.8631889763779528,139,0.13681102362204725,0,ad325d58a6b06e8a8fda,127,64,0.5039370078740157,127,108,0.8503937007874016,0.9667541557305338,122.77777777777777,0.9812992125984252,124.625
127,8,1016,855,0.8415354330708661,161,0.15846456692913385,1,ad325d58a6b06e8a8fda,127,60,0.47244094488188976,127,103,0.8110236220472441,0.9580052493438319,121.66666666666667,0.9763779527559056,124.0
127,8,1016,883,0.8690944881889764,133,0.1309055118110236,0,ade10a397e45b8d14a5f,127,67,0.5275590551181102,127,111,0.8740157480314961,0.9720034995625547,123.44444444444444,0.984251968503937,125.0
127,8,1016,836,0.8228346456692913,180,0.17716535433070865,1,ade10a397e45b8d14a5f,127,50,0.3937007874015748,127,98,0.7716535433070866,0.947856517935258,120.37777777777778,0.9704724409448819,123.25
127,8,1016,907,0.8927165354330708,109,0.10728346456692914,0,ae3339e3b7f858fb5ff5,127,77,0.6062992125984252,127,113,0.889763779527559,0.9755030621172354,123.88888888888889,0.9862204724409449,125.25
127,8,1016,883,0.8690944881889764,133,0.1309055118110236,1,ae3339e3b7f858fb5ff5,127,70,0.5511811023622047,127,108,0.8503937007874016,0.9667541557305336,122.77777777777777,0.9812992125984252,124.625
127,8,1016,904,0.889763779527559,112,0.11023622047244094,0,ae76d8f1f70e1a22c2e0,127,75,0.5905511811023622,127,115,0.905511811023622,0.9790026246719161,124.33333333333333,0.9881889763779528,125.5
127,8,1016,877,0.8631889763779528,139,0.13681102362204725,1,ae76d8f1f70e1a22c2e0,127,68,0.5354330708661418,127,110,0.8661417322834646,0.9702537182852145,123.22222222222223,0.9832677165354331,124.875
127,8,1016,912,0.8976377952755905,104,0.10236220472440945,0,aea14acfc79450b0e99f,127,80,0.6299212598425197,127,113,0.889763779527559,0.9741032370953631,123.71111111111111,0.985236220472441,125.125
127,8,1016,929,0.9143700787401575,87,0.08562992125984252,1,aea14acfc79450b0e99f,127,87,0.6850393700787402,127,114,0.8976377952755905,0.9772528433945757,124.11111111111111,0.9872047244094488,125.375
127,8,1016,873,0.859251968503937,143,0.140748031496063,0,af53f4e1b8b71d383419,127,65,0.5118110236220472,127,113,0.889763779527559,0.9755030621172354,123.88888888888889,0.9862204724409449,125.25
127,8,1016,882,0.8681102362204725,134,0.13188976377952755,1,af53f4e1b8b71d383419,127,68,0.5354330708661418,127,104,0.8188976377952756,0.9597550306211723,121.88888888888889,0.9773622047244095,124.125
127,8,1016,892,0.8779527559055118,124,0.1220472440944882,0,afc743ef9a5874b2461d,127,73,0.5748031496062992,127,111,0.8740157480314961,0.9720034995625546,123.44444444444444,0.984251968503937,125.0
127,8,1016,882,0.8681102362204725,134,0.13188976377952755,1,afc743ef9a5874b2461d,127,66,0.5196850393700787,127,112,0.8818897637795275,0.973753280839895,123.66666666666667,0.985236220472441,125.125
81,8,648,575,0.8873456790123457,73,0.11265432098765432,0,b034860f5bcabdf1a129,81,44,0.5432098765432098,81,66,0.8148148148148148,0.9588477366255145,77.66666666666667,0.9768518518518519,79.125
81,8,648,562,0.8672839506172839,86,0.13271604938271606,1,b034860f5bcabdf1a129,81,42,0.5185185185185185,81,70,0.8641975308641975,0.9676268861454045,78.37777777777778,0.9814814814814815,79.5
127,8,1016,916,0.9015748031496063,100,0.0984251968503937,0,b0a965647293db98058a,127,80,0.6299212598425197,127,117,0.9212598425196851,0.9825021872265967,124.77777777777777,0.9901574803149606,125.75
127,8,1016,860,0.8464566929133859,156,0.15354330708661418,1,b0a965647293db98058a,127,65,0.5118110236220472,127,104,0.8188976377952756,0.9583552055993001,121.71111111111111,0.9763779527559056,124.0
127,8,1016,895,0.8809055118110236,121,0.11909448818897637,0,b14149ddb8e202b613b7,127,70,0.5511811023622047,127,110,0.8661417322834646,0.968853893263342,123.04444444444445,0.9822834645669292,124.75
127,8,1016,860,0.8464566929133859,156,0.15354330708661418,1,b14149ddb8e202b613b7,127,60,0.47244094488188976,127,104,0.8188976377952756,0.9597550306211723,121.88888888888889,0.9773622047244095,124.125
21,8,168,148,0.8809523809523809,20,0.11904761904761904,0,b1fe15a6bacd9a8dd540,21,12,0.5714285714285714,21,20,0.9523809523809523,0.9894179894179894,20.77777777777778,0.9940476190476191,20.875
21,8,168,138,0.8214285714285714,30,0.17857142857142858,1,b1fe15a6bacd9a8dd540,21,8,0.38095238095238093,21,17,0.8095238095238095,0.9576719576719577,20.11111111111111,0.9761904761904762,20.5
127,8,1016,909,0.8946850393700787,107,0.10531496062992125,0,b204a181e3e00826a19e,127,75,0.5905511811023622,127,108,0.8503937007874016,0.9667541557305337,122.77777777777777,0.9812992125984252,124.625
127,8,1016,849,0.8356299212598425,167,0.1643700787401575,1,b204a181e3e00826a19e,127,57,0.44881889763779526,127,106,0.8346456692913385,0.963254593175853,122.33333333333333,0.9793307086614174,124.375
127,8,1016,932,0.9173228346456693,84,0.08267716535433071,0,b270a59687c6d48c3e66,127,85,0.6692913385826772,127,113,0.889763779527559,0.9755030621172354,123.88888888888889,0.9862204724409449,125.25
127,8,1016,868,0.8543307086614174,148,0.14566929133858267,1,b270a59687c6d48c3e66,127,61,0.48031496062992124,127,110,0.8661417322834646,0.9702537182852145,123.22222222222223,0.9832677165354331,124.875
127,8,1016,914,0.8996062992125984,102,0.10039370078740158,0,b28ee28fbe03bf979460,127,82,0.6456692913385826,127,111,0.8740157480314961,0.9720034995625548,123.44444444444444,0.984251968503937,125.0
127,8,1016,892,0.8779527559055118,124,0.1220472440944882,1,b28ee28fbe03bf979460,127,66,0.5196850393700787,127,106,0.8346456692913385,0.963254593175853,122.33333333333333,0.9793307086614174,124.375
127,8,1016,892,0.8779527559055118,124,0.1220472440944882,0,b2b8258c2c995965af4b,127,69,0.5433070866141733,127,114,0.8976377952755905,0.9772528433945757,124.11111111111111,0.9872047244094488,125.375
127,8,1016,878,0.8641732283464567,138,0.13582677165354332,1,b2b8258c2c995965af4b,127,66,0.5196850393700787,127,108,0.8503937007874016,0.9667541557305336,122.77777777777777,0.9812992125984252,124.625
127,8,1016,926,0.9114173228346457,90,0.08858267716535433,0,b3358a4643b0968c564f,127,85,0.6692913385826772,127,119,0.937007874015748,0.9860017497812774,125.22222222222223,0.9921259842519685,126.0
127,8,1016,881,0.8671259842519685,135,0.1328740157480315,1,b3358a4643b0968c564f,127,66,0.5196850393700787,127,117,0.9212598425196851,0.9825021872265967,124.77777777777777,0.9901574803149606,125.75
127,8,1016,908,0.8937007874015748,108,0.1062992125984252,0,b33de6a1f836f1abafd5,127,75,0.5905511811023622,127,118,0.9291338582677166,0.984251968503937,125.0,0.9911417322834646,125.875
127,8,1016,886,0.8720472440944882,130,0.1279527559055118,1,b33de6a1f836f1abafd5,127,69,0.5433070866141733,127,113,0.889763779527559,0.9755030621172354,123.88888888888889,0.9862204724409449,125.25
64,8,512,458,0.89453125,54,0.10546875,0,b3533fba0511179eb54e,64,39,0.609375,64,60,0.9375,0.9861111111111112,63.111111111111114,0.9921875,63.5
64,8,512,457,0.892578125,55,0.107421875,1,b3533fba0511179eb54e,64,39,0.609375,64,58,0.90625,0.9791666666666667,62.666666666666664,0.98828125,63.25
127,8,1016,906,0.8917322834645669,110,0.10826771653543307,0,b3952ae16ba147c8cd92,127,78,0.6141732283464567,127,118,0.9291338582677166,0.984251968503937,125.0,0.9911417322834646,125.875
127,8,1016,896,0.8818897637795275,120,0.11811023622047244,1,b3952ae16ba147c8cd92,127,75,0.5905511811023622,127,112,0.8818897637795275,0.9737532808398952,123.66666666666667,0.985236220472441,125.125
99,8,792,708,0.8939393939393939,84,0.10606060606060606,0,b39ecdee70b98880a90c,99,63,0.6363636363636364,99,90,0.9090909090909091,0.9780022446689114,96.82222222222222,0.9873737373737373,97.75
99,8,792,711,0.8977272727272727,81,0.10227272727272728,1,b39ecdee70b98880a90c,99,60,0.6060606060606061,99,85,0.8585858585858586,0.9685746352413018,95.88888888888889,0.9823232323232324,97.25
127,8,1016,933,0.9183070866141733,83,0.08169291338582677,0,b438494eb80e2a33b051,127,87,0.6850393700787402,127,117,0.9212598425196851,0.9825021872265967,124.77777777777777,0.9901574803149606,125.75
127,8,1016,890,0.8759842519685039,126,0.12401574803149606,1,b438494eb80e2a33b051,127,67,0.5275590551181102,127,109,0.8582677165354331,0.968503937007874,123.0,0.9822834645669292,124.75
127,8,1016,905,0.890748031496063,111,0.10925196850393701,0,b43e2b711aafe6f58ffa,127,74,0.5826771653543307,127,111,0.8740157480314961,0.9720034995625548,123.44444444444444,0.984251968503937,125.0
127,8,1016,885,0.8710629921259843,131,0.12893700787401574,1,b43e2b711aafe6f58ffa,127,71,0.5590551181102362,127,109,0.8582677165354331,0.968503937007874,123.0,0.9822834645669292,124.75
127,8,1016,910,0.8956692913385826,106,0.10433070866141732,0,b49734e89f704f2827c9,127,84,0.6614173228346457,127,119,0.937007874015748,0.9860017497812774,125.22222222222223,0.9921259842519685,126.0
127,8,1016,878,0.8641732283464567,138,0.13582677165354332,1,b49734e89f704f2827c9,127,64,0.5039370078740157,127,105,0.8267716535433071,0.9615048118985127,122.11111111111111,0.9783464566929134,124.25
127,8,1016,914,0.8996062992125984,102,0.10039370078740158,0,b54278f29f5bc64e9e22,127,82,0.6456692913385826,127,118,0.9291338582677166,0.984251968503937,125.0,0.9911417322834646,125.875
127,8,1016,904,0.889763779527559,112,0.11023622047244094,1,b54278f29f5bc64e9e22,127,76,0.5984251968503937,127,109,0.8582677165354331,0.968503937007874,123.0,0.9822834645669292,124.75
127,8,1016,903,0.8887795275590551,113,0.11122047244094488,0,b641da231fe9bad7f85c,127,73,0.5748031496062992,127,109,0.8582677165354331,0.968503937007874,123.0,0.9822834645669292,124.75
127,8,1016,881,0.8671259842519685,135,0.1328740157480315,1,b641da231fe9bad7f85c,127,64,0.5039370078740157,127,105,0.8267716535433071,0.9601049868766405,121.93333333333334,0.9773622047244095,124.125
127,8,1016,905,0.890748031496063,111,0.10925196850393701,0,b69f7e4585abe21bd34a,127,77,0.6062992125984252,127,114,0.8976377952755905,0.9758530183727034,123.93333333333334,0.9862204724409449,125.25
127,8,1016,881,0.8671259842519685,135,0.1328740157480315,1,b69f7e4585abe21bd34a,127,70,0.5511811023622047,127,109,0.8582677165354331,0.968503937007874,123.0,0.9822834645669292,124.75
82,8,656,575,0.8765243902439024,81,0.12347560975609756,0,b6b677ccaefa4ea5366c,82,48,0.5853658536585366,82,68,0.8292682926829268,0.9598915989159891,78.71111111111111,0.9771341463414634,80.125
82,8,656,582,0.8871951219512195,74,0.11280487804878049,1,b6b677ccaefa4ea5366c,82,46,0.5609756097560976,82,70,0.8536585365853658,0.9674796747967481,79.33333333333333,0.9817073170731707,80.5
127,8,1016,932,0.9173228346456693,84,0.08267716535433071,0,b7276f246137fc7db1bc,127,77,0.6062992125984252,127,96,0.7559055118110236,0.9457567804024498,120.11111111111111,0.969488188976378,123.125
127,8,1016,765,0.7529527559055118,251,0.2470472440944882,1,b7276f246137fc7db1bc,127,30,0.23622047244094488,127,90,0.7086614173228346,0.9282589676290464,117.88888888888889,0.9586614173228346,121.75
127,8,1016,887,0.8730314960629921,129,0.12696850393700787,0,b77295d8220def51e089,127,66,0.5196850393700787,127,111,0.8740157480314961,0.9720034995625546,123.44444444444444,0.984251968503937,125.0
127,8,1016,878,0.8641732283464567,138,0.13582677165354332,1,b77295d8220def51e089,127,65,0.5118110236220472,127,107,0.84251968503937,0.9650043744531933,122.55555555555556,0.9803149606299213,124.5
127,8,1016,913,0.8986220472440944,103,0.10137795275590551,0,b79d83ec99e1695f39bf,127,83,0.6535433070866141,127,116,0.9133858267716536,0.9807524059492565,124.55555555555556,0.9891732283464567,125.625
127,8,1016,866,0.8523622047244095,150,0.14763779527559054,1,b79d83ec99e1695f39bf,127,63,0.49606299212598426,127,106,0.8346456692913385,0.9618547681539809,122.15555555555555,0.9783464566929134,124.25
127,8,1016,924,0.9094488188976378,92,0.09055118110236221,0,b8d050c146b8c154b37a,127,87,0.6850393700787402,127,121,0.952755905511811,0.9881014873140858,125.4888888888889,0.9931102362204725,126.125
127,8,1016,886,0.8720472440944882,130,0.1279527559055118,1,b8d050c146b8c154b37a,127,73,0.5748031496062992,127,114,0.8976377952755905,0.9758530183727034,123.93333333333334,0.9862204724409449,125.25
127,8,1016,888,0.8740157480314961,128,0.12598425196850394,0,b9616c5944d9819ba8e5,127,66,0.5196850393700787,127,108,0.8503937007874016,0.9667541557305336,122.77777777777777,0.9812992125984252,124.625
127,8,1016,835,0.8218503937007874,181,0.1781496062992126,1,b9616c5944d9819ba8e5,127,57,0.44881889763779526,127,110,0.8661417322834646,0.9702537182852145,123.22222222222223,0.9832677165354331,124.875
127,8,1016,902,0.8877952755905512,114,0.11220472440944881,0,b9de9336a7f6c1179e5d,127,75,0.5905511811023622,127,121,0.952755905511811,0.9895013123359581,125.66666666666667,0.9940944881889764,126.25
127,8,1016,879,0.8651574803149606,137,0.13484251968503938,1,b9de9336a7f6c1179e5d,127,68,0.5354330708661418,127,111,0.8740157480314961,0.9720034995625547,123.44444444444444,0.984251968503937,125.0
127,8,1016,897,0.8828740157480315,119,0.1171259842519685,0,b9df8f328121db1a4ee4,127,75,0.5905511811023622,127,121,0.952755905511811,0.989501312335958,125.66666666666667,0.9940944881889764,126.25
127,8,1016,872,0.8582677165354331,144,0.14173228346456693,1,b9df8f328121db1a4ee4,127,63,0.49606299212598426,127,111,0.8740157480314961,0.9720034995625548,123.44444444444444,0.984251968503937,125.0
127,8,1016,915,0.9005905511811023,101,0.09940944881889764,0,b9e14e0a1d863d6ecf11,127,82,0.6456692913385826,127,114,0.8976377952755905,0.9772528433945757,124.11111111111111,0.9872047244094488,125.375
127,8,1016,868,0.8543307086614174,148,0.14566929133858267,1,b9e14e0a1d863d6ecf11,127,60,0.47244094488188976,127,106,0.8346456692913385,0.963254593175853,122.33333333333333,0.9793307086614174,124.375
127,8,1016,890,0.8759842519685039,126,0.12401574803149606,0,ba1335421606c497e994,127,70,0.5511811023622047,127,108,0.8503937007874016,0.9667541557305336,122.77777777777777,0.9812992125984252,124.625
127,8,1016,876,0.8622047244094488,140,0.1377952755905512,1,ba1335421606c497e994,127,58,0.4566929133858268,127,112,0.8818897637795275,0.9737532808398952,123.66666666666667,0.985236220472441,125.125
127,8,1016,913,0.8986220472440944,103,0.10137795275590551,0,ba1c8a360468d76679fe,127,81,0.6377952755905512,127,113,0.889763779527559,0.9755030621172355,123.88888888888889,0.9862204724409449,125.25
127,8,1016,878,0.8641732283464567,138,0.13582677165354332,1,ba1c8a360468d76679fe,127,62,0.4881889763779528,127,111,0.8740157480314961,0.9720034995625548,123.44444444444444,0.984251968503937,125.0
127,8,1016,883,0.8690944881889764,133,0.1309055118110236,0,ba65def01d2b01694f98,127,68,0.5354330708661418,127,109,0.8582677165354331,0.9685039370078742,123.0,0.9822834645669292,124.75
127,8,1016,855,0.8415354330708661,161,0.15846456692913385,1,ba65def01d2b01694f98,127,59,0.4645669291338583,127,102,0.8031496062992126,0.9562554680664918,121.44444444444444,0.9753937007874016,123.875
100,8,800,712,0.89,88,0.11,0,ba90285f5d165222ce5e,100,58,0.58,100,84,0.84,0.9644444444444445,96.44444444444444,0.98,98.0
100,8,800,709,0.88625,91,0.11375,1,ba90285f5d165222ce5e,100,62,0.62,100,90,0.9,0.9777777777777779,97.77777777777777,0.9875,98.75
127,8,1016,917,0.9025590551181102,99,0.09744094488188976,0,bb425ec9a493aabd03b9,127,82,0.6456692913385826,127,115,0.905511811023622,0.9790026246719161,124.33333333333333,0.9881889763779528,125.5
127,8,1016,856,0.84251968503937,160,0.15748031496062992,1,bb425ec9a493aabd03b9,127,60,0.47244094488188976,127,113,0.889763779527559,0.9755030621172354,123.88888888888889,0.9862204724409449,125.25
127,8,1016,913,0.8986220472440944,103,0.10137795275590551,0,bb9f3452352324fc3c52,127,80,0.6299212598425197,127,112,0.8818897637795275,0.9737532808398951,123.66666666666667,0.985236220472441,125.125
127,8,1016,863,0.8494094488188977,153,0.15059055118110237,1,bb9f3452352324fc3c52,127,57,0.44881889763779526,127,103,0.8110236220472441,0.9580052493438319,121.66666666666667,0.9763779527559056,124.0
127,8,1016,898,0.8838582677165354,118,0.11614173228346457,0,bc0875d784a2de5a98a0,127,72,0.5669291338582677,127,113,0.889763779527559,0.9755030621172355,123.88888888888889,0.9862204724409449,125.25
127,8,1016,892,0.8779527559055118,124,0.1220472440944882,1,bc0875d784a2de5a98a0,127,71,0.5590551181102362,127,112,0.8818897637795275,0.973753280839895,123.66666666666667,0.985236220472441,125.125
127,8,1016,827,0.8139763779527559,189,0.1860236220472441,0,bc09d97877043b0c280b,127,48,0.3779527559055118,127,98,0.7716535433070866,0.9492563429571305,120.55555555555556,0.9714566929133859,123.375
127,8,1016,441,0.4340551181102362,575,0.5659448818897638,1,bc09d97877043b0c280b,127,7,0.05511811023622047,127,40,0.31496062992125984,0.804628966833691,102.18787878787879,0.8838582677165354,112.25
127,8,1016,900,0.8858267716535433,116,0.1141732283464567,0,bc52ef6c6ead85290cd7,127,69,0.5433070866141733,127,109,0.8582677165354331,0.968503937007874,123.0,0.9822834645669292,124.75
127,8,1016,844,0.8307086614173228,172,0.16929133858267717,1,bc52ef6c6ead85290cd7,127,57,0.44881889763779526,127,108,0.8503937007874016,0.9667541557305338,122.77777777777777,0.9812992125984252,124.625
127,8,1016,900,0.8858267716535433,116,0.1141732283464567,0,bcf9daa3b35111492e38,127,70,0.5511811023622047,127,111,0.8740157480314961,0.9720034995625548,123.44444444444444,0.984251968503937,125.0
127,8,1016,866,0.8523622047244095,150,0.14763779527559054,1,bcf9daa3b35111492e38,127,62,0.4881889763779528,127,111,0.8740157480314961,0.9720034995625547,123.44444444444444,0.984251968503937,125.0
127,8,1016,911,0.8966535433070866,105,0.10334645669291338,0,bd3bee2440df1baed4f2,127,78,0.6141732283464567,127,116,0.9133858267716536,0.9807524059492564,124.55555555555556,0.9891732283464567,125.625
127,8,1016,860,0.8464566929133859,156,0.15354330708661418,1,bd3bee2440df1baed4f2,127,61,0.48031496062992124,127,106,0.8346456692913385,0.9632545931758529,122.33333333333333,0.9793307086614174,124.375
127,8,1016,739,0.7273622047244095,277,0.27263779527559057,0,bd8914833777db73e6d5,127,40,0.31496062992125984,127,94,0.7401574803149606,0.9408573928258969,119.4888888888889,0.9665354330708661,122.75
127,8,1016,551,0.5423228346456693,465,0.45767716535433073,1,bd8914833777db73e6d5,127,11,0.08661417322834646,127,53,0.41732283464566927,0.8705161854768154,110.55555555555556,0.9271653543307087,117.75
127,8,1016,893,0.8789370078740157,123,0.12106299212598425,0,bde71631f9f7b4d568ac,127,68,0.5354330708661418,127,108,0.8503937007874016,0.9667541557305336,122.77777777777777,0.9812992125984252,124.625
127,8,1016,858,0.844488188976378,158,0.15551181102362205,1,bde71631f9f7b4d568ac,127,59,0.4645669291338583,127,103,0.8110236220472441,0.9580052493438319,121.66666666666667,0.9763779527559056,124.0
127,8,1016,884,0.8700787401574803,132,0.12992125984251968,0,be1123aa3ca70c1a5469,127,66,0.5196850393700787,127,108,0.8503937007874016,0.9667541557305337,122.77777777777777,0.9812992125984252,124.625
127,8,1016,842,0.8287401574803149,174,0.17125984251968504,1,be1123aa3ca70c1a5469,127,51,0.4015748031496063,127,97,0.7637795275590551,0.9461067366579179,120.15555555555555,0.969488188976378,123.125
127,8,1016,876,0.8622047244094488,140,0.1377952755905512,0,be91132ff734fbb21c7f,127,66,0.5196850393700787,127,109,0.8582677165354331,0.9671041119860018,122.82222222222222,0.9812992125984252,124.625
127,8,1016,868,0.8543307086614174,148,0.14566929133858267,1,be91132ff734fbb21c7f,127,64,0.5039370078740157,127,100,0.7874015748031497,0.952755905511811,121.0,0.9734251968503937,123.625
127,8,1016,907,0.8927165354330708,109,0.10728346456692914,0,bf08480c2da63ae571d7,127,76,0.5984251968503937,127,116,0.9133858267716536,0.9807524059492564,124.55555555555556,0.9891732283464567,125.625
127,8,1016,858,0.844488188976378,158,0.15551181102362205,1,bf08480c2da63ae571d7,127,66,0.5196850393700787,127,108,0.8503937007874016,0.9667541557305336,122.77777777777777,0.9812992125984252,124.625
127,8,1016,876,0.8622047244094488,140,0.1377952755905512,0,bf0c65a32a736f320995,127,68,0.5354330708661418,127,109,0.8582677165354331,0.9685039370078742,123.0,0.9822834645669292,124.75
127,8,1016,898,0.8838582677165354,118,0.11614173228346457,1,bf0c65a32a736f320995,127,77,0.6062992125984252,127,114,0.8976377952755905,0.9772528433945757,124.11111111111111,0.9872047244094488,125.375
127,8,1016,875,0.8612204724409449,141,0.13877952755905512,0,bf0dc69d9f0f3d3976d7,127,63,0.49606299212598426,127,104,0.8188976377952756,0.9597550306211722,121.88888888888889,0.9773622047244095,124.125
127,8,1016,853,0.8395669291338582,163,0.16043307086614172,1,bf0dc69d9f0f3d3976d7,127,60,0.47244094488188976,127,110,0.8661417322834646,0.9702537182852145,123.22222222222223,0.9832677165354331,124.875
127,8,1016,914,0.8996062992125984,102,0.10039370078740158,0,bfe9d8748090a0b3bf68,127,80,0.6299212598425197,127,111,0.8740157480314961,0.9720034995625546,123.44444444444444,0.984251968503937,125.0
127,8,1016,861,0.8474409448818898,155,0.15255905511811024,1,bfe9d8748090a0b3bf68,127,62,0.4881889763779528,127,108,0.8503937007874016,0.9667541557305336,122.77777777777777,0.9812992125984252,124.625
127,8,1016,921,0.906496062992126,95,0.09350393700787402,0,c000e33ffbec190dcaa3,127,83,0.6535433070866141,127,115,0.905511811023622,0.9790026246719161,124.33333333333333,0.9881889763779528,125.5
127,8,1016,855,0.8415354330708661,161,0.15846456692913385,1,c000e33ffbec190dcaa3,127,58,0.4566929133858268,127,100,0.7874015748031497,0.9527559055118111,121.0,0.9734251968503937,123.625
127,8,1016,884,0.8700787401574803,132,0.12992125984251968,0,c02450409eef8eb7d4d6,127,70,0.5511811023622047,127,107,0.84251968503937,0.9650043744531934,122.55555555555556,0.9803149606299213,124.5
127,8,1016,887,0.8730314960629921,129,0.12696850393700787,1,c02450409eef8eb7d4d6,127,68,0.5354330708661418,127,111,0.8740157480314961,0.9720034995625548,123.44444444444444,0.984251968503937,125.0
127,8,1016,908,0.8937007874015748,108,0.1062992125984252,0,c025eac16347df535db1,127,80,0.6299212598425197,127,115,0.905511811023622,0.9790026246719161,124.33333333333333,0.9881889763779528,125.5
127,8,1016,889,0.875,127,0.125,1,c025eac16347df535db1,127,73,0.5748031496062992,127,112,0.8818897637795275,0.9723534558180228,123.4888888888889,0.984251968503937,125.0
127,8,1016,915,0.9005905511811023,101,0.09940944881889764,0,c057fd9c1f2f5132233c,127,82,0.6456692913385826,127,118,0.9291338582677166,0.984251968503937,125.0,0.9911417322834646,125.875
127,8,1016,897,0.8828740157480315,119,0.1171259842519685,1,c057fd9c1f2f5132233c,127,71,0.5590551181102362,127,112,0.8818897637795275,0.973753280839895,123.66666666666667,0.985236220472441,125.125
127,8,1016,892,0.8779527559055118,124,0.1220472440944882,0,c058e744ed61ad3635ee,127,76,0.5984251968503937,127,113,0.889763779527559,0.9755030621172354,123.88888888888889,0.9862204724409449,125.25
127,8,1016,886,0.8720472440944882,130,0.1279527559055118,1,c058e744ed61ad3635ee,127,71,0.5590551181102362,127,110,0.8661417322834646,0.9702537182852142,123.22222222222223,0.9832677165354331,124.875
127,8,1016,884,0.8700787401574803,132,0.12992125984251968,0,c06ae4e7b644b76be239,127,69,0.5433070866141733,127,120,0.9448818897637795,0.9877515310586177,125.44444444444444,0.9931102362204725,126.125
127,8,1016,888,0.8740157480314961,128,0.12598425196850394,1,c06ae4e7b644b76be239,127,75,0.5905511811023622,127,112,0.8818897637795275,0.9737532808398951,123.66666666666667,0.985236220472441,125.125
127,8,1016,925,0.9104330708661418,91,0.08956692913385826,0,c0715ef1a1d75dd588a1,127,84,0.6614173228346457,127,119,0.937007874015748,0.9860017497812774,125.22222222222223,0.9921259842519685,126.0
127,8,1016,869,0.8553149606299213,147,0.14468503937007873,1,c0715ef1a1d75dd588a1,127,59,0.4645669291338583,127,107,0.84251968503937,0.9650043744531933,122.55555555555556,0.9803149606299213,124.5
127,8,1016,903,0.8887795275590551,113,0.11122047244094488,0,c09cc454c37cd68fb6d9,127,78,0.6141732283464567,127,116,0.9133858267716536,0.9807524059492564,124.55555555555556,0.9891732283464567,125.625
127,8,1016,872,0.8582677165354331,144,0.14173228346456693,1,c09cc454c37cd68fb6d9,127,62,0.4881889763779528,127,108,0.8503937007874016,0.9653543307086615,122.6,0.9803149606299213,124.5
127,8,1016,888,0.8740157480314961,128,0.12598425196850394,0,c0ba3962279f7f0cca15,127,74,0.5826771653543307,127,111,0.8740157480314961,0.9706036745406825,123.26666666666667,0.9832677165354331,124.875
127,8,1016,863,0.8494094488188977,153,0.15059055118110237,1,c0ba3962279f7f0cca15,127,64,0.5039370078740157,127,112,0.8818897637795275,0.973753280839895,123.66666666666667,0.985236220472441,125.125
127,8,1016,913,0.8986220472440944,103,0.10137795275590551,0,c0f30469870c1882f182,127,81,0.6377952755905512,127,113,0.889763779527559,0.9741032370953632,123.71111111111111,0.985236220472441,125.125
127,8,1016,884,0.8700787401574803,132,0.12992125984251968,1,c0f30469870c1882f182,127,72,0.5669291338582677,127,111,0.8740157480314961,0.9720034995625548,123.44444444444444,0.984251968503937,125.0
127,8,1016,911,0.8966535433070866,105,0.10334645669291338,0,c0fdc8702bb662c9bdcd,127,78,0.6141732283464567,127,112,0.8818897637795275,0.9723534558180229,123.4888888888889,0.984251968503937,125.0
127,8,1016,880,0.8661417322834646,136,0.13385826771653545,1,c0fdc8702bb662c9bdcd,127,70,0.5511811023622047,127,111,0.8740157480314961,0.9720034995625548,123.44444444444444,0.984251968503937,125.0
127,8,1016,920,0.905511811023622,96,0.09448818897637795,0,c173dc51d47cf438e861,127,79,0.6220472440944882,127,108,0.8503937007874016,0.9653543307086614,122.6,0.9803149606299213,124.5
127,8,1016,765,0.7529527559055118,251,0.2470472440944882,1,c173dc51d47cf438e861,127,35,0.2755905511811024,127,107,0.84251968503937,0.9636045494313211,122.37777777777778,0.9793307086614174,124.375
127,8,1016,940,0.9251968503937008,76,0.07480314960629922,0,c1d92ed66ff7504060bd,127,91,0.7165354330708661,127,115,0.905511811023622,0.9790026246719161,124.33333333333333,0.9881889763779528,125.5
127,8,1016,867,0.8533464566929134,149,0.1466535433070866,1,c1d92ed66ff7504060bd,127,63,0.49606299212598426,127,105,0.8267716535433071,0.9615048118985127,122.11111111111111,0.9783464566929134,124.25
127,8,1016,901,0.8868110236220472,115,0.11318897637795275,0,c2334f66513a06d515e0,127,73,0.5748031496062992,127,109,0.8582677165354331,0.968503937007874,123.0,0.9822834645669292,124.75
127,8,1016,876,0.8622047244094488,140,0.1377952755905512,1,c2334f66513a06d515e0,127,66,0.5196850393700787,127,110,0.8661417322834646,0.9702537182852145,123.22222222222223,0.9832677165354331,124.875
127,8,1016,944,0.9291338582677166,72,0.07086614173228346,0,c236ed6d3e66598d38ff,127,91,0.7165354330708661,127,120,0.9448818897637795,0.9877515310586177,125.44444444444444,0.9931102362204725,126.125
127,8,1016,883,0.8690944881889764,133,0.1309055118110236,1,c236ed6d3e66598d38ff,127,70,0.5511811023622047,127,120,0.9448818897637795,0.9877515310586178,125.44444444444444,0.9931102362204725,126.125
127,8,1016,908,0.8937007874015748,108,0.1062992125984252,0,c23c9fd92a4530fe93e9,127,78,0.6141732283464567,127,112,0.8818897637795275,0.9709536307961506,123.31111111111112,0.9832677165354331,124.875
127,8,1016,891,0.8769685039370079,125,0.12303149606299213,1,c23c9fd92a4530fe93e9,127,72,0.5669291338582677,127,113,0.889763779527559,0.9755030621172354,123.88888888888889,0.9862204724409449,125.25
127,8,1016,920,0.905511811023622,96,0.09448818897637795,0,c3c4c2e82943eae361d0,127,80,0.6299212598425197,127,113,0.889763779527559,0.9755030621172354,123.88888888888889,0.9862204724409449,125.25
127,8,1016,833,0.8198818897637795,183,0.18011811023622049,1,c3c4c2e82943eae361d0,127,54,0.4251968503937008,127,105,0.8267716535433071,0.9601049868766404,121.93333333333334,0.9773622047244095,124.125
127,8,1016,919,0.9045275590551181,97,0.09547244094488189,0,c4213b88ba1462fe5fad,127,82,0.6456692913385826,127,115,0.905511811023622,0.9790026246719161,124.33333333333333,0.9881889763779528,125.5
127,8,1016,877,0.8631889763779528,139,0.13681102362204725,1,c4213b88ba1462fe5fad,127,66,0.5196850393700787,127,108,0.8503937007874016,0.9667541557305336,122.77777777777777,0.9812992125984252,124.625
127,8,1016,856,0.84251968503937,160,0.15748031496062992,0,c4eed7d508d06351658f,127,59,0.4645669291338583,127,104,0.8188976377952756,0.9583552055993001,121.71111111111111,0.9763779527559056,124.0
127,8,1016,845,0.8316929133858267,171,0.16830708661417323,1,c4eed7d508d06351658f,127,58,0.4566929133858268,127,100,0.7874015748031497,0.952755905511811,121.0,0.9734251968503937,123.625
127,8,1016,893,0.8789370078740157,123,0.12106299212598425,0,c51ccd801ae84bae5d0f,127,70,0.5511811023622047,127,112,0.8818897637795275,0.9737532808398951,123.66666666666667,0.985236220472441,125.125
127,8,1016,872,0.8582677165354331,144,0.14173228346456693,1,c51ccd801ae84bae5d0f,127,65,0.5118110236220472,127,114,0.8976377952755905,0.9772528433945757,124.11111111111111,0.9872047244094488,125.375
127,8,1016,886,0.8720472440944882,130,0.1279527559055118,0,c59559f5c664cfd2045e,127,71,0.5590551181102362,127,118,0.9291338582677166,0.984251968503937,125.0,0.9911417322834646,125.875
127,8,1016,861,0.8474409448818898,155,0.15255905511811024,1,c59559f5c664cfd2045e,127,62,0.4881889763779528,127,111,0.8740157480314961,0.9706036745406824,123.26666666666667,0.9832677165354331,124.875
127,8,1016,903,0.8887795275590551,113,0.11122047244094488,0,c6d418ee2c1362c7b544,127,75,0.5905511811023622,127,112,0.8818897637795275,0.9737532808398952,123.66666666666667,0.985236220472441,125.125
127,8,1016,870,0.8562992125984252,146,0.1437007874015748,1,c6d418ee2c1362c7b544,127,64,0.5039370078740157,127,111,0.8740157480314961,0.9720034995625548,123.44444444444444,0.984251968503937,125.0
127,8,1016,897,0.8828740157480315,119,0.1171259842519685,0,c6e7a36b62f170637a5f,127,71,0.5590551181102362,127,112,0.8818897637795275,0.9737532808398952,123.66666666666667,0.985236220472441,125.125
127,8,1016,894,0.8799212598425197,122,0.12007874015748031,1,c6e7a36b62f170637a5f,127,73,0.5748031496062992,127,114,0.8976377952755905,0.9772528433945757,124.11111111111111,0.9872047244094488,125.375
127,8,1016,928,0.9133858267716536,88,0.08661417322834646,0,c71e3e89c6c0b3158b0b,127,86,0.6771653543307087,127,118,0.9291338582677166,0.984251968503937,125.0,0.9911417322834646,125.875
127,8,1016,893,0.8789370078740157,123,0.12106299212598425,1,c71e3e89c6c0b3158b0b,127,73,0.5748031496062992,127,112,0.8818897637795275,0.9737532808398952,123.66666666666667,0.985236220472441,125.125
127,8,1016,913,0.8986220472440944,103,0.10137795275590551,0,c7586011bab5daaf44a3,127,78,0.6141732283464567,127,111,0.8740157480314961,0.9720034995625547,123.44444444444444,0.984251968503937,125.0
127,8,1016,893,0.8789370078740157,123,0.12106299212598425,1,c7586011bab5daaf44a3,127,71,0.5590551181102362,127,117,0.9212598425196851,0.9825021872265968,124.77777777777777,0.9901574803149606,125.75
127,8,1016,876,0.8622047244094488,140,0.1377952755905512,0,c77b9a21699d51f19d4d,127,67,0.5275590551181102,127,107,0.84251968503937,0.9636045494313212,122.37777777777778,0.9793307086614174,124.375
127,8,1016,834,0.8208661417322834,182,0.17913385826771652,1,c77b9a21699d51f19d4d,127,57,0.44881889763779526,127,102,0.8031496062992126,0.9548556430446196,121.26666666666667,0.9744094488188977,123.75
127,8,1016,912,0.8976377952755905,104,0.10236220472440945,0,c88100f0084d43a0dbc4,127,77,0.6062992125984252,127,106,0.8346456692913385,0.9632545931758529,122.33333333333333,0.9793307086614174,124.375
127,8,1016,861,0.8474409448818898,155,0.15255905511811024,1,c88100f0084d43a0dbc4,127,60,0.47244094488188976,127,108,0.8503937007874016,0.9653543307086614,122.6,0.9803149606299213,124.5
127,8,1016,904,0.889763779527559,112,0.11023622047244094,0,c8f94099829018aa73be,127,73,0.5748031496062992,127,110,0.8661417322834646,0.9688538932633421,123.04444444444445,0.9822834645669292,124.75
127,8,1016,895,0.8809055118110236,121,0.11909448818897637,1,c8f94099829018aa73be,127,71,0.5590551181102362,127,110,0.8661417322834646,0.9702537182852143,123.22222222222223,0.9832677165354331,124.875
127,8,1016,901,0.8868110236220472,115,0.11318897637795275,0,c9054248f275923ce4b2,127,78,0.6141732283464567,127,119,0.937007874015748,0.9860017497812774,125.22222222222223,0.9921259842519685,126.0
127,8,1016,869,0.8553149606299213,147,0.14468503937007873,1,c9054248f275923ce4b2,127,67,0.5275590551181102,127,112,0.8818897637795275,0.973753280839895,123.66666666666667,0.985236220472441,125.125
127,8,1016,892,0.8779527559055118,124,0.1220472440944882,0,c93dd9262a72c4c1aa6f,127,70,0.5511811023622047,127,114,0.8976377952755905,0.9772528433945757,124.11111111111111,0.9872047244094488,125.375
127,8,1016,877,0.8631889763779528,139,0.13681102362204725,1,c93dd9262a72c4c1aa6f,127,67,0.5275590551181102,127,112,0.8818897637795275,0.9737532808398951,123.66666666666667,0.985236220472441,125.125
127,8,1016,894,0.8799212598425197,122,0.12007874015748031,0,c953ff4457bae7fd415c,127,64,0.5039370078740157,127,107,0.84251968503937,0.9650043744531934,122.55555555555556,0.9803149606299213,124.5
127,8,1016,856,0.84251968503937,160,0.15748031496062992,1,c953ff4457bae7fd415c,127,59,0.4645669291338583,127,104,0.8188976377952756,0.9597550306211724,121.88888888888889,0.9773622047244095,124.125
127,8,1016,907,0.8927165354330708,109,0.10728346456692914,0,c960c8b157bc53ae29af,127,79,0.6220472440944882,127,114,0.8976377952755905,0.9772528433945757,124.11111111111111,0.9872047244094488,125.375
127,8,1016,831,0.8179133858267716,185,0.18208661417322836,1,c960c8b157bc53ae29af,127,55,0.4330708661417323,127,104,0.8188976377952756,0.9597550306211724,121.88888888888889,0.9773622047244095,124.125
127,8,1016,923,0.9084645669291339,93,0.09153543307086615,0,c964b37a792e62a95e31,127,84,0.6614173228346457,127,118,0.9291338582677166,0.984251968503937,125.0,0.9911417322834646,125.875
127,8,1016,890,0.8759842519685039,126,0.12401574803149606,1,c964b37a792e62a95e31,127,71,0.5590551181102362,127,114,0.8976377952755905,0.9772528433945757,124.11111111111111,0.9872047244094488,125.375
51,8,408,369,0.9044117647058824,39,0.09558823529411764,0,c980b50c45e629922e4c,51,33,0.6470588235294118,51,47,0.9215686274509803,0.982570806100218,50.111111111111114,0.9901960784313726,50.5
51,8,408,358,0.8774509803921569,50,0.12254901960784313,1,c980b50c45e629922e4c,51,31,0.6078431372549019,51,45,0.8823529411764706,0.9738562091503269,49.666666666666664,0.9852941176470589,50.25
127,8,1016,912,0.8976377952755905,104,0.10236220472440945,0,c9e56e820a2698b64186,127,81,0.6377952755905512,127,111,0.8740157480314961,0.9720034995625548,123.44444444444444,0.984251968503937,125.0
127,8,1016,882,0.8681102362204725,134,0.13188976377952755,1,c9e56e820a2698b64186,127,67,0.5275590551181102,127,108,0.8503937007874016,0.9653543307086615,122.6,0.9803149606299213,124.5
127,8,1016,899,0.8848425196850394,117,0.11515748031496063,0,c9f0a645a510e7b8b559,127,77,0.6062992125984252,127,110,0.8661417322834646,0.9702537182852145,123.22222222222223,0.9832677165354331,124.875
127,8,1016,855,0.8415354330708661,161,0.15846456692913385,1,c9f0a645a510e7b8b559,127,62,0.4881889763779528,127,114,0.8976377952755905,0.9772528433945757,124.11111111111111,0.9872047244094488,125.375
127,8,1016,901,0.8868110236220472,115,0.11318897637795275,0,c9f7df06aabfa856503d,127,74,0.5826771653543307,127,114,0.8976377952755905,0.9758530183727034,123.93333333333334,0.9862204724409449,125.25
127,8,1016,876,0.8622047244094488,140,0.1377952755905512,1,c9f7df06aabfa856503d,127,68,0.5354330708661418,127,104,0.8188976377952756,0.9597550306211725,121.88888888888889,0.9773622047244095,124.125
127,8,1016,917,0.9025590551181102,99,0.09744094488188976,0,ca551e87f31d183057fb,127,85,0.6692913385826772,127,118,0.9291338582677166,0.9842519685039369,125.0,0.9911417322834646,125.875
127,8,1016,901,0.8868110236220472,115,0.11318897637795275,1,ca551e87f31d183057fb,127,73,0.5748031496062992,127,108,0.8503937007874016,0.9667541557305338,122.77777777777777,0.9812992125984252,124.625
127,8,1016,899,0.8848425196850394,117,0.11515748031496063,0,ca6f47b188d837f8f203,127,79,0.6220472440944882,127,115,0.905511811023622,0.9790026246719161,124.33333333333333,0.9881889763779528,125.5
127,8,1016,858,0.844488188976378,158,0.15551181102362205,1,ca6f47b188d837f8f203,127,64,0.5039370078740157,127,106,0.8346456692913385,0.963254593175853,122.33333333333333,0.9793307086614174,124.375
127,8,1016,917,0.9025590551181102,99,0.09744094488188976,0,ca7521427e5b1d2fdbc4,127,76,0.5984251968503937,127,109,0.8582677165354331,0.968503937007874,123.0,0.9822834645669292,124.75
127,8,1016,885,0.8710629921259843,131,0.12893700787401574,1,ca7521427e5b1d2fdbc4,127,64,0.5039370078740157,127,105,0.8267716535433071,0.9615048118985127,122.11111111111111,0.9783464566929134,124.25
127,8,1016,927,0.9124015748031497,89,0.08759842519685039,0,ca9ed4a0b3a0658aa462,127,82,0.6456692913385826,127,111,0.8740157480314961,0.9720034995625547,123.44444444444444,0.984251968503937,125.0
127,8,1016,869,0.8553149606299213,147,0.14468503937007873,1,ca9ed4a0b3a0658aa462,127,64,0.5039370078740157,127,111,0.8740157480314961,0.9720034995625548,123.44444444444444,0.984251968503937,125.0
127,8,1016,915,0.9005905511811023,101,0.09940944881889764,0,caaa05fc074ec7492074,127,78,0.6141732283464567,127,115,0.905511811023622,0.9790026246719161,124.33333333333333,0.9881889763779528,125.5
127,8,1016,873,0.859251968503937,143,0.140748031496063,1,caaa05fc074ec7492074,127,66,0.5196850393700787,127,114,0.8976377952755905,0.9772528433945757,124.11111111111111,0.9872047244094488,125.375
127,8,1016,909,0.8946850393700787,107,0.10531496062992125,0,cac6fee02fd04e1964db,127,78,0.6141732283464567,127,109,0.8582677165354331,0.9671041119860018,122.82222222222222,0.9812992125984252,124.625
127,8,1016,895,0.8809055118110236,121,0.11909448818897637,1,cac6fee02fd04e1964db,127,75,0.5905511811023622,127,110,0.8661417322834646,0.9702537182852143,123.22222222222223,0.9832677165354331,124.875
127,8,1016,914,0.8996062992125984,102,0.10039370078740158,0,cacdac01a1df5cf98e8c,127,78,0.6141732283464567,127,109,0.8582677165354331,0.9685039370078742,123.0,0.9822834645669292,124.75
127,8,1016,817,0.8041338582677166,199,0.19586614173228348,1,cacdac01a1df5cf98e8c,127,49,0.3858267716535433,127,106,0.8346456692913385,0.9618547681539806,122.15555555555555,0.9783464566929134,124.25
127,8,1016,900,0.8858267716535433,116,0.1141732283464567,0,cb4f5e75566df4895a22,127,73,0.5748031496062992,127,111,0.8740157480314961,0.9720034995625547,123.44444444444444,0.984251968503937,125.0
127,8,1016,862,0.8484251968503937,154,0.1515748031496063,1,cb4f5e75566df4895a22,127,66,0.5196850393700787,127,116,0.9133858267716536,0.9807524059492563,124.55555555555556,0.9891732283464567,125.625
127,8,1016,899,0.8848425196850394,117,0.11515748031496063,0,cb5ad6bd2da7b7ac246a,127,69,0.5433070866141733,127,115,0.905511811023622,0.9790026246719161,124.33333333333333,0.9881889763779528,125.5
127,8,1016,854,0.8405511811023622,162,0.1594488188976378,1,cb5ad6bd2da7b7ac246a,127,62,0.4881889763779528,127,107,0.84251968503937,0.9650043744531932,122.55555555555556,0.9803149606299213,124.5
127,8,1016,925,0.9104330708661418,91,0.08956692913385826,0,cb7ef85aeaf18ee8ce20,127,84,0.6614173228346457,127,117,0.9212598425196851,0.9825021872265967,124.77777777777777,0.9901574803149606,125.75
127,8,1016,828,0.8149606299212598,188,0.18503937007874016,1,cb7ef85aeaf18ee8ce20,127,55,0.4330708661417323,127,98,0.7716535433070866,0.9492563429571304,120.55555555555556,0.9714566929133859,123.375
127,8,1016,905,0.890748031496063,111,0.10925196850393701,0,cb95ee1e94b241aba4f9,127,76,0.5984251968503937,127,113,0.889763779527559,0.9755030621172355,123.88888888888889,0.9862204724409449,125.25
127,8,1016,888,0.8740157480314961,128,0.12598425196850394,1,cb95ee1e94b241aba4f9,127,71,0.5590551181102362,127,115,0.905511811023622,0.979002624671916,124.33333333333333,0.9881889763779528,125.5
127,8,1016,898,0.8838582677165354,118,0.11614173228346457,0,cc05fb2fbe60c1e25c7c,127,73,0.5748031496062992,127,111,0.8740157480314961,0.9720034995625547,123.44444444444444,0.984251968503937,125.0
127,8,1016,881,0.8671259842519685,135,0.1328740157480315,1,cc05fb2fbe60c1e25c7c,127,70,0.5511811023622047,127,114,0.8976377952755905,0.9772528433945757,124.11111111111111,0.9872047244094488,125.375
127,8,1016,912,0.8976377952755905,104,0.10236220472440945,0,cc075064e2dcaf82ea11,127,78,0.6141732283464567,127,109,0.8582677165354331,0.968503937007874,123.0,0.9822834645669292,124.75
127,8,1016,864,0.8503937007874016,152,0.14960629921259844,1,cc075064e2dcaf82ea11,127,62,0.4881889763779528,127,113,0.889763779527559,0.9755030621172355,123.88888888888889,0.9862204724409449,125.25
127,8,1016,716,0.7047244094488189,300,0.2952755905511811,0,cc66fc7e655780f0ce4a,127,43,0.33858267716535434,127,87,0.6850393700787402,0.9300087489063869,118.11111111111111,0.9606299212598425,122.0
127,8,1016,597,0.5875984251968503,419,0.4124015748031496,1,cc66fc7e655780f0ce4a,127,6,0.047244094488188976,127,53,0.41732283464566927,0.869116360454943,110.37777777777778,0.9261811023622047,117.625
127,8,1016,917,0.9025590551181102,99,0.09744094488188976,0,cc92eea2f85060c2ef48,127,82,0.6456692913385826,127,110,0.8661417322834646,0.9702537182852145,123.22222222222223,0.9832677165354331,124.875
127,8,1016,887,0.8730314960629921,129,0.12696850393700787,1,cc92eea2f85060c2ef48,127,68,0.5354330708661418,127,107,0.84251968503937,0.9636045494313212,122.37777777777778,0.9793307086614174,124.375
127,8,1016,944,0.9291338582677166,72,0.07086614173228346,0,cc968cd2910e4b042410,127,92,0.7244094488188977,127,114,0.8976377952755905,0.9772528433945757,124.11111111111111,0.9872047244094488,125.375
127,8,1016,891,0.8769685039370079,125,0.12303149606299213,1,cc968cd2910e4b042410,127,66,0.5196850393700787,127,114,0.8976377952755905,0.9772528433945757,124.11111111111111,0.9872047244094488,125.375
127,8,1016,920,0.905511811023622,96,0.09448818897637795,0,cca742911a13c00aec34,127,81,0.6377952755905512,127,116,0.9133858267716536,0.9807524059492563,124.55555555555556,0.9891732283464567,125.625
127,8,1016,899,0.8848425196850394,117,0.11515748031496063,1,cca742911a13c00aec34,127,79,0.6220472440944882,127,110,0.8661417322834646,0.9688538932633421,123.04444444444445,0.9822834645669292,124.75
127,8,1016,900,0.8858267716535433,116,0.1141732283464567,0,ccb10409682b5cac10c7,127,76,0.5984251968503937,127,115,0.905511811023622,0.9790026246719161,124.33333333333333,0.9881889763779528,125.5
127,8,1016,865,0.8513779527559056,151,0.1486220472440945,1,ccb10409682b5cac10c7,127,59,0.4645669291338583,127,106,0.8346456692913385,0.9632545931758528,122.33333333333333,0.9793307086614174,124.375
127,8,1016,905,0.890748031496063,111,0.10925196850393701,0,ccde5d7b82ca11f23b09,127,78,0.6141732283464567,127,116,0.9133858267716536,0.9807524059492565,124.55555555555556,0.9891732283464567,125.625
127,8,1016,887,0.8730314960629921,129,0.12696850393700787,1,ccde5d7b82ca11f23b09,127,68,0.5354330708661418,127,106,0.8346456692913385,0.963254593175853,122.33333333333333,0.9793307086614174,124.375
127,8,1016,892,0.8779527559055118,124,0.1220472440944882,0,cd5e143f7557cfc96999,127,74,0.5826771653543307,127,112,0.8818897637795275,0.9737532808398951,123.66666666666667,0.985236220472441,125.125
127,8,1016,888,0.8740157480314961,128,0.12598425196850394,1,cd5e143f7557cfc96999,127,69,0.5433070866141733,127,113,0.889763779527559,0.9755030621172355,123.88888888888889,0.9862204724409449,125.25
127,8,1016,896,0.8818897637795275,120,0.11811023622047244,0,cd748cc0523506c2997c,127,70,0.5511811023622047,127,112,0.8818897637795275,0.9737532808398952,123.66666666666667,0.985236220472441,125.125
127,8,1016,880,0.8661417322834646,136,0.13385826771653545,1,cd748cc0523506c2997c,127,70,0.5511811023622047,127,116,0.9133858267716536,0.9807524059492564,124.55555555555556,0.9891732283464567,125.625
127,8,1016,910,0.8956692913385826,106,0.10433070866141732,0,ce3b621205a2f65dcaa1,127,78,0.6141732283464567,127,111,0.8740157480314961,0.9720034995625547,123.44444444444444,0.984251968503937,125.0
127,8,1016,896,0.8818897637795275,120,0.11811023622047244,1,ce3b621205a2f65dcaa1,127,73,0.5748031496062992,127,106,0.8346456692913385,0.9618547681539809,122.15555555555555,0.9783464566929134,124.25
1,8,8,7,0.875,1,0.125,0,ce8803bd786e747fc5da,1,0,0.0,1,0,0.0,0.7777777777777778,0.7777777777777778,0.875,0.875
1,8,8,5,0.625,3,0.375,1,ce8803bd786e747fc5da,1,0,0.0,1,0,0.0,0.7777777777777778,0.7777777777777778,0.875,0.875
127,8,1016,905,0.890748031496063,111,0.10925196850393701,0,cef2ad578ccae2987bf5,127,78,0.6141732283464567,127,114,0.8976377952755905,0.9772528433945757,124.11111111111111,0.9872047244094488,125.375
127,8,1016,863,0.8494094488188977,153,0.15059055118110237,1,cef2ad578ccae2987bf5,127,62,0.4881889763779528,127,98,0.7716535433070866,0.9492563429571305,120.55555555555556,0.9714566929133859,123.375
6,8,48,44,0.9166666666666666,4,0.08333333333333333,0,cef9ccc3dede53da7cf5,6,4,0.6666666666666666,6,6,1.0,1.0,6.0,1.0,6.0
6,8,48,40,0.8333333333333334,8,0.16666666666666666,1,cef9ccc3dede53da7cf5,6,3,0.5,6,5,0.8333333333333334,0.9629629629629629,5.777777777777778,0.9791666666666666,5.875
127,8,1016,897,0.8828740157480315,119,0.1171259842519685,0,cf09294076c02627a3a0,127,78,0.6141732283464567,127,111,0.8740157480314961,0.9720034995625547,123.44444444444444,0.984251968503937,125.0
127,8,1016,885,0.8710629921259843,131,0.12893700787401574,1,cf09294076c02627a3a0,127,68,0.5354330708661418,127,112,0.8818897637795275,0.9723534558180228,123.4888888888889,0.984251968503937,125.0
127,8,1016,896,0.8818897637795275,120,0.11811023622047244,0,cf7b6e98551fa0af3d01,127,74,0.5826771653543307,127,117,0.9212598425196851,0.9825021872265967,124.77777777777777,0.9901574803149606,125.75
127,8,1016,860,0.8464566929133859,156,0.15354330708661418,1,cf7b6e98551fa0af3d01,127,55,0.4330708661417323,127,99,0.7795275590551181,0.9510061242344707,120.77777777777777,0.9724409448818898,123.5
127,8,1016,879,0.8651574803149606,137,0.13484251968503938,0,d01ed33c5d8b4ebe4e68,127,63,0.49606299212598426,127,114,0.8976377952755905,0.9772528433945757,124.11111111111111,0.9872047244094488,125.375
127,8,1016,857,0.843503937007874,159,0.15649606299212598,1,d01ed33c5d8b4ebe4e68,127,55,0.4330708661417323,127,102,0.8031496062992126,0.9562554680664916,121.44444444444444,0.9753937007874016,123.875
127,8,1016,894,0.8799212598425197,122,0.12007874015748031,0,d1602404fdf9a687b17f,127,72,0.5669291338582677,127,113,0.889763779527559,0.9755030621172354,123.88888888888889,0.9862204724409449,125.25
127,8,1016,834,0.8208661417322834,182,0.17913385826771652,1,d1602404fdf9a687b17f,127,53,0.41732283464566927,127,104,0.8188976377952756,0.9597550306211723,121.88888888888889,0.9773622047244095,124.125
127,8,1016,912,0.8976377952755905,104,0.10236220472440945,0,d1edc02f59a4883e4d91,127,80,0.6299212598425197,127,113,0.889763779527559,0.9755030621172354,123.88888888888889,0.9862204724409449,125.25
127,8,1016,889,0.875,127,0.125,1,d1edc02f59a4883e4d91,127,66,0.5196850393700787,127,107,0.84251968503937,0.9636045494313211,122.37777777777778,0.9793307086614174,124.375
127,8,1016,910,0.8956692913385826,106,0.10433070866141732,0,d2451c217ecf54d76ae3,127,82,0.6456692913385826,127,117,0.9212598425196851,0.9825021872265968,124.77777777777777,0.9901574803149606,125.75
127,8,1016,864,0.8503937007874016,152,0.14960629921259844,1,d2451c217ecf54d76ae3,127,63,0.49606299212598426,127,109,0.8582677165354331,0.9671041119860019,122.82222222222222,0.9812992125984252,124.625
127,8,1016,896,0.8818897637795275,120,0.11811023622047244,0,d28e7cb28a862000f211,127,73,0.5748031496062992,127,116,0.9133858267716536,0.9807524059492563,124.55555555555556,0.9891732283464567,125.625
127,8,1016,894,0.8799212598425197,122,0.12007874015748031,1,d28e7cb28a862000f211,127,71,0.5590551181102362,127,109,0.8582677165354331,0.968503937007874,123.0,0.9822834645669292,124.75
127,8,1016,899,0.8848425196850394,117,0.11515748031496063,0,d2ad6a368500632341b5,127,73,0.5748031496062992,127,113,0.889763779527559,0.9755030621172355,123.88888888888889,0.9862204724409449,125.25
127,8,1016,873,0.859251968503937,143,0.140748031496063,1,d2ad6a368500632341b5,127,66,0.5196850393700787,127,109,0.8582677165354331,0.968503937007874,123.0,0.9822834645669292,124.75
127,8,1016,886,0.8720472440944882,130,0.1279527559055118,0,d2aef3de0a914cbd30cd,127,70,0.5511811023622047,127,109,0.8582677165354331,0.968503937007874,123.0,0.9822834645669292,124.75
127,8,1016,875,0.8612204724409449,141,0.13877952755905512,1,d2aef3de0a914cbd30cd,127,68,0.5354330708661418,127,111,0.8740157480314961,0.9720034995625546,123.44444444444444,0.984251968503937,125.0
127,8,1016,899,0.8848425196850394,117,0.11515748031496063,0,d2c48184cc2e83155340,127,71,0.5590551181102362,127,111,0.8740157480314961,0.9720034995625548,123.44444444444444,0.984251968503937,125.0
127,8,1016,859,0.8454724409448819,157,0.1545275590551181,1,d2c48184cc2e83155340,127,55,0.4330708661417323,127,105,0.8267716535433071,0.9615048118985127,122.11111111111111,0.9783464566929134,124.25
127,8,1016,910,0.8956692913385826,106,0.10433070866141732,0,d33dbda788627764c00f,127,79,0.6220472440944882,127,112,0.8818897637795275,0.9737532808398952,123.66666666666667,0.985236220472441,125.125
127,8,1016,897,0.8828740157480315,119,0.1171259842519685,1,d33dbda788627764c00f,127,71,0.5590551181102362,127,105,0.8267716535433071,0.9615048118985127,122.11111111111111,0.9783464566929134,124.25
127,8,1016,887,0.8730314960629921,129,0.12696850393700787,0,d35a0a4817634dc7cc96,127,70,0.5511811023622047,127,116,0.9133858267716536,0.9807524059492565,124.55555555555556,0.9891732283464567,125.625
127,8,1016,861,0.8474409448818898,155,0.15255905511811024,1,d35a0a4817634dc7cc96,127,62,0.4881889763779528,127,107,0.84251968503937,0.9636045494313211,122.37777777777778,0.9793307086614174,124.375
127,8,1016,903,0.8887795275590551,113,0.11122047244094488,0,d37b2b30191e39ab55f9,127,74,0.5826771653543307,127,111,0.8740157480314961,0.9720034995625548,123.44444444444444,0.984251968503937,125.0
127,8,1016,889,0.875,127,0.125,1,d37b2b30191e39ab55f9,127,70,0.5511811023622047,127,108,0.8503937007874016,0.9653543307086616,122.6,0.9803149606299213,124.5
127,8,1016,899,0.8848425196850394,117,0.11515748031496063,0,d37c7290c5413ebd15e5,127,70,0.5511811023622047,127,112,0.8818897637795275,0.9723534558180228,123.4888888888889,0.984251968503937,125.0
127,8,1016,899,0.8848425196850394,117,0.11515748031496063,1,d37c7290c5413ebd15e5,127,71,0.5590551181102362,127,104,0.8188976377952756,0.9583552055993001,121.71111111111111,0.9763779527559056,124.0
127,8,1016,918,0.9035433070866141,98,0.09645669291338582,0,d3931b16d449005faf35,127,78,0.6141732283464567,127,112,0.8818897637795275,0.9737532808398951,123.66666666666667,0.985236220472441,125.125
127,8,1016,904,0.889763779527559,112,0.11023622047244094,1,d3931b16d449005faf35,127,76,0.5984251968503937,127,109,0.8582677165354331,0.968503937007874,123.0,0.9822834645669292,124.75
127,8,1016,874,0.860236220472441,142,0.13976377952755906,0,d3d427ca6ab184fc3dad,127,66,0.5196850393700787,127,104,0.8188976377952756,0.9597550306211723,121.88888888888889,0.9773622047244095,124.125
127,8,1016,808,0.7952755905511811,208,0.2047244094488189,1,d3d427ca6ab184fc3dad,127,47,0.3700787401574803,127,103,0.8110236220472441,0.9552055993000874,121.31111111111112,0.9744094488188977,123.75
127,8,1016,905,0.890748031496063,111,0.10925196850393701,0,d4cceaad88cb0529de4f,127,74,0.5826771653543307,127,114,0.8976377952755905,0.9772528433945757,124.11111111111111,0.9872047244094488,125.375
127,8,1016,877,0.8631889763779528,139,0.13681102362204725,1,d4cceaad88cb0529de4f,127,68,0.5354330708661418,127,103,0.8110236220472441,0.9580052493438319,121.66666666666667,0.9763779527559056,124.0
127,8,1016,736,0.7244094488188977,280,0.2755905511811024,0,d4d0c07197eaf2915900,127,36,0.28346456692913385,127,88,0.6929133858267716,0.9289588801399827,117.97777777777777,0.9596456692913385,121.875
127,8,1016,652,0.6417322834645669,364,0.35826771653543305,1,d4d0c07197eaf2915900,127,4,0.031496062992125984,127,36,0.28346456692913385,0.8337707786526681,105.88888888888889,0.905511811023622,115.0
127,8,1016,907,0.8927165354330708,109,0.10728346456692914,0,d4e41b234555351ee4da,127,78,0.6141732283464567,127,112,0.8818897637795275,0.973753280839895,123.66666666666667,0.985236220472441,125.125
127,8,1016,868,0.8543307086614174,148,0.14566929133858267,1,d4e41b234555351ee4da,127,61,0.48031496062992124,127,97,0.7637795275590551,0.9461067366579177,120.15555555555555,0.969488188976378,123.125
127,8,1016,889,0.875,127,0.125,0,d51b06ab7dd13d4d81d4,127,75,0.5905511811023622,127,113,0.889763779527559,0.9755030621172355,123.88888888888889,0.9862204724409449,125.25
127,8,1016,890,0.8759842519685039,126,0.12401574803149606,1,d51b06ab7dd13d4d81d4,127,67,0.5275590551181102,127,104,0.8188976377952756,0.9597550306211723,121.88888888888889,0.9773622047244095,124.125
127,8,1016,908,0.8937007874015748,108,0.1062992125984252,0,d54b9920df3289027f13,127,82,0.6456692913385826,127,119,0.937007874015748,0.9860017497812774,125.22222222222223,0.9921259842519685,126.0
127,8,1016,857,0.843503937007874,159,0.15649606299212598,1,d54b9920df3289027f13,127,61,0.48031496062992124,127,105,0.8267716535433071,0.9615048118985127,122.11111111111111,0.9783464566929134,124.25
127,8,1016,916,0.9015748031496063,100,0.0984251968503937,0,d584c4cfa7779c6be42c,127,83,0.6535433070866141,127,116,0.9133858267716536,0.9807524059492564,124.55555555555556,0.9891732283464567,125.625
127,8,1016,879,0.8651574803149606,137,0.13484251968503938,1,d584c4cfa7779c6be42c,127,71,0.5590551181102362,127,115,0.905511811023622,0.9790026246719161,124.33333333333333,0.9881889763779528,125.5
127,8,1016,895,0.8809055118110236,121,0.11909448818897637,0,d5a2d0e1c881a72f54f4,127,71,0.5590551181102362,127,117,0.9212598425196851,0.9825021872265968,124.77777777777777,0.9901574803149606,125.75
127,8,1016,873,0.859251968503937,143,0.140748031496063,1,d5a2d0e1c881a72f54f4,127,64,0.5039370078740157,127,108,0.8503937007874016,0.9667541557305337,122.77777777777777,0.9812992125984252,124.625
127,8,1016,881,0.8671259842519685,135,0.1328740157480315,0,d64596be0221f3b70026,127,67,0.5275590551181102,127,109,0.8582677165354331,0.968503937007874,123.0,0.9822834645669292,124.75
127,8,1016,852,0.8385826771653543,164,0.16141732283464566,1,d64596be0221f3b70026,127,56,0.4409448818897638,127,107,0.84251968503937,0.9650043744531933,122.55555555555556,0.9803149606299213,124.5
127,8,1016,891,0.8769685039370079,125,0.12303149606299213,0,d6e432fcfc894fcdf881,127,65,0.5118110236220472,127,109,0.8582677165354331,0.968503937007874,123.0,0.9822834645669292,124.75
127,8,1016,877,0.8631889763779528,139,0.13681102362204725,1,d6e432fcfc894fcdf881,127,64,0.5039370078740157,127,102,0.8031496062992126,0.953455818022747,121.08888888888889,0.9734251968503937,123.625
127,8,1016,897,0.8828740157480315,119,0.1171259842519685,0,d6f402d11078ae28b1f7,127,72,0.5669291338582677,127,113,0.889763779527559,0.9755030621172354,123.88888888888889,0.9862204724409449,125.25
127,8,1016,876,0.8622047244094488,140,0.1377952755905512,1,d6f402d11078ae28b1f7,127,66,0.5196850393700787,127,113,0.889763779527559,0.9741032370953631,123.71111111111111,0.985236220472441,125.125
127,8,1016,890,0.8759842519685039,126,0.12401574803149606,0,d6f454eac4a53046e42e,127,67,0.5275590551181102,127,108,0.8503937007874016,0.9667541557305336,122.77777777777777,0.9812992125984252,124.625
127,8,1016,895,0.8809055118110236,121,0.11909448818897637,1,d6f454eac4a53046e42e,127,69,0.5433070866141733,127,108,0.8503937007874016,0.9667541557305336,122.77777777777777,0.9812992125984252,124.625
127,8,1016,920,0.905511811023622,96,0.09448818897637795,0,d73b80329b316dcdaf36,127,80,0.6299212598425197,127,117,0.9212598425196851,0.9825021872265968,124.77777777777777,0.9901574803149606,125.75
127,8,1016,851,0.8375984251968503,165,0.1624015748031496,1,d73b80329b316dcdaf36,127,62,0.4881889763779528,127,111,0.8740157480314961,0.9720034995625548,123.44444444444444,0.984251968503937,125.0
127,8,1016,942,0.9271653543307087,74,0.07283464566929133,0,d76d3c32ef4c93167c51,127,90,0.7086614173228346,127,117,0.9212598425196851,0.9825021872265968,124.77777777777777,0.9901574803149606,125.75
127,8,1016,888,0.8740157480314961,128,0.12598425196850394,1,d76d3c32ef4c93167c51,127,70,0.5511811023622047,127,106,0.8346456692913385,0.963254593175853,122.33333333333333,0.9793307086614174,124.375
48,8,384,350,0.9114583333333334,34,0.08854166666666667,0,d7c98976ac96049f9f9c,48,33,0.6875,48,45,0.9375,0.9861111111111112,47.333333333333336,0.9921875,47.625
48,8,384,333,0.8671875,51,0.1328125,1,d7c98976ac96049f9f9c,48,26,0.5416666666666666,48,45,0.9375,0.9861111111111112,47.333333333333336,0.9921875,47.625
127,8,1016,904,0.889763779527559,112,0.11023622047244094,0,d7eeb5c3a73a68a2c72c,127,72,0.5669291338582677,127,110,0.8661417322834646,0.9702537182852145,123.22222222222223,0.9832677165354331,124.875
127,8,1016,879,0.8651574803149606,137,0.13484251968503938,1,d7eeb5c3a73a68a2c72c,127,64,0.5039370078740157,127,113,0.889763779527559,0.9727034120734908,123.53333333333333,0.984251968503937,125.0
127,8,1016,887,0.8730314960629921,129,0.12696850393700787,0,d8edb7f1d9b6fb40cb72,127,69,0.5433070866141733,127,108,0.8503937007874016,0.9667541557305336,122.77777777777777,0.9812992125984252,124.625
127,8,1016,872,0.8582677165354331,144,0.14173228346456693,1,d8edb7f1d9b6fb40cb72,127,64,0.5039370078740157,127,114,0.8976377952755905,0.9772528433945757,124.11111111111111,0.9872047244094488,125.375
127,8,1016,890,0.8759842519685039,126,0.12401574803149606,0,d9249bf90507eb60487d,127,74,0.5826771653543307,127,109,0.8582677165354331,0.968503937007874,123.0,0.9822834645669292,124.75
127,8,1016,901,0.8868110236220472,115,0.11318897637795275,1,d9249bf90507eb60487d,127,76,0.5984251968503937,127,108,0.8503937007874016,0.9667541557305337,122.77777777777777,0.9812992125984252,124.625
127,8,1016,914,0.8996062992125984,102,0.10039370078740158,0,d9622fa2fc1017575ec2,127,77,0.6062992125984252,127,107,0.84251968503937,0.9650043744531933,122.55555555555556,0.9803149606299213,124.5
127,8,1016,873,0.859251968503937,143,0.140748031496063,1,d9622fa2fc1017575ec2,127,63,0.49606299212598426,127,111,0.8740157480314961,0.9692038495188101,123.08888888888889,0.9822834645669292,124.75
127,8,1016,882,0.8681102362204725,134,0.13188976377952755,0,d97854ce673152a2e895,127,72,0.5669291338582677,127,114,0.8976377952755905,0.9772528433945757,124.11111111111111,0.9872047244094488,125.375
127,8,1016,878,0.8641732283464567,138,0.13582677165354332,1,d97854ce673152a2e895,127,68,0.5354330708661418,127,109,0.8582677165354331,0.9671041119860018,122.82222222222222,0.9812992125984252,124.625
127,8,1016,919,0.9045275590551181,97,0.09547244094488189,0,d9d3ecbdd05cb7446e3c,127,82,0.6456692913385826,127,113,0.889763779527559,0.9755030621172355,123.88888888888889,0.9862204724409449,125.25
127,8,1016,874,0.860236220472441,142,0.13976377952755906,1,d9d3ecbdd05cb7446e3c,127,67,0.5275590551181102,127,115,0.905511811023622,0.9790026246719161,124.33333333333333,0.9881889763779528,125.5
127,8,1016,894,0.8799212598425197,122,0.12007874015748031,0,da1186af0fe4ead7b8a3,127,71,0.5590551181102362,127,111,0.8740157480314961,0.9720034995625548,123.44444444444444,0.984251968503937,125.0
127,8,1016,880,0.8661417322834646,136,0.13385826771653545,1,da1186af0fe4ead7b8a3,127,66,0.5196850393700787,127,110,0.8661417322834646,0.9702537182852145,123.22222222222223,0.9832677165354331,124.875
127,8,1016,904,0.889763779527559,112,0.11023622047244094,0,da278f853123e557b793,127,73,0.5748031496062992,127,112,0.8818897637795275,0.9737532808398952,123.66666666666667,0.985236220472441,125.125
127,8,1016,890,0.8759842519685039,126,0.12401574803149606,1,da278f853123e557b793,127,72,0.5669291338582677,127,111,0.8740157480314961,0.9720034995625548,123.44444444444444,0.984251968503937,125.0
127,8,1016,912,0.8976377952755905,104,0.10236220472440945,0,da761af310412e791b36,127,75,0.5905511811023622,127,108,0.8503937007874016,0.9667541557305337,122.77777777777777,0.9812992125984252,124.625
127,8,1016,851,0.8375984251968503,165,0.1624015748031496,1,da761af310412e791b36,127,57,0.44881889763779526,127,108,0.8503937007874016,0.9667541557305336,122.77777777777777,0.9812992125984252,124.625
127,8,1016,880,0.8661417322834646,136,0.13385826771653545,0,dad8f018d4c8500ae0be,127,66,0.5196850393700787,127,112,0.8818897637795275,0.9737532808398951,123.66666666666667,0.985236220472441,125.125
127,8,1016,889,0.875,127,0.125,1,dad8f018d4c8500ae0be,127,69,0.5433070866141733,127,111,0.8740157480314961,0.9720034995625548,123.44444444444444,0.984251968503937,125.0
127,8,1016,905,0.890748031496063,111,0.10925196850393701,0,dba8a8da0a7ff9857eb7,127,76,0.5984251968503937,127,114,0.8976377952755905,0.9772528433945757,124.11111111111111,0.9872047244094488,125.375
127,8,1016,884,0.8700787401574803,132,0.12992125984251968,1,dba8a8da0a7ff9857eb7,127,69,0.5433070866141733,127,110,0.8661417322834646,0.9702537182852145,123.22222222222223,0.9832677165354331,124.875
127,8,1016,878,0.8641732283464567,138,0.13582677165354332,0,dbb8dced5bf7a78d07db,127,66,0.5196850393700787,127,109,0.8582677165354331,0.968503937007874,123.0,0.9822834645669292,124.75
127,8,1016,880,0.8661417322834646,136,0.13385826771653545,1,dbb8dced5bf7a78d07db,127,66,0.5196850393700787,127,104,0.8188976377952756,0.9597550306211723,121.88888888888889,0.9773622047244095,124.125
127,8,1016,904,0.889763779527559,112,0.11023622047244094,0,dc232ce0ff7df57e0ee4,127,76,0.5984251968503937,127,111,0.8740157480314961,0.9720034995625546,123.44444444444444,0.984251968503937,125.0
127,8,1016,855,0.8415354330708661,161,0.15846456692913385,1,dc232ce0ff7df57e0ee4,127,59,0.4645669291338583,127,102,0.8031496062992126,0.9548556430446193,121.26666666666667,0.9744094488188977,123.75
127,8,1016,887,0.8730314960629921,129,0.12696850393700787,0,dcb1a0658a182c9469db,127,69,0.5433070866141733,127,110,0.8661417322834646,0.9702537182852145,123.22222222222223,0.9832677165354331,124.875
127,8,1016,893,0.8789370078740157,123,0.12106299212598425,1,dcb1a0658a182c9469db,127,69,0.5433070866141733,127,112,0.8818897637795275,0.9737532808398951,123.66666666666667,0.985236220472441,125.125
127,8,1016,899,0.8848425196850394,117,0.11515748031496063,0,dd327b9029b2db9a20ff,127,76,0.5984251968503937,127,116,0.9133858267716536,0.9807524059492565,124.55555555555556,0.9891732283464567,125.625
127,8,1016,880,0.8661417322834646,136,0.13385826771653545,1,dd327b9029b2db9a20ff,127,64,0.5039370078740157,127,106,0.8346456692913385,0.963254593175853,122.33333333333333,0.9793307086614174,124.375
127,8,1016,919,0.9045275590551181,97,0.09547244094488189,0,dd4699e3e2a3e9c2917e,127,84,0.6614173228346457,127,115,0.905511811023622,0.9790026246719161,124.33333333333333,0.9881889763779528,125.5
127,8,1016,884,0.8700787401574803,132,0.12992125984251968,1,dd4699e3e2a3e9c2917e,127,69,0.5433070866141733,127,111,0.8740157480314961,0.9720034995625546,123.44444444444444,0.984251968503937,125.0
1,8,8,8,1.0,0,0.0,0,de9fa8cbd33ab66d2de0,1,1,1.0,1,1,1.0,1.0,1.0,1.0,1.0
1,8,8,8,1.0,0,0.0,1,de9fa8cbd33ab66d2de0,1,1,1.0,1,1,1.0,1.0,1.0,1.0,1.0
127,8,1016,897,0.8828740157480315,119,0.1171259842519685,0,decffd4461aedc82affb,127,76,0.5984251968503937,127,117,0.9212598425196851,0.9825021872265968,124.77777777777777,0.9901574803149606,125.75
127,8,1016,867,0.8533464566929134,149,0.1466535433070866,1,decffd4461aedc82affb,127,57,0.44881889763779526,127,107,0.84251968503937,0.9650043744531932,122.55555555555556,0.9803149606299213,124.5
127,8,1016,803,0.7903543307086615,213,0.20964566929133857,0,def6df610c33d0b1ced8,127,44,0.3464566929133858,127,101,0.7952755905511811,0.9545056867891515,121.22222222222223,0.9744094488188977,123.75
127,8,1016,530,0.5216535433070866,486,0.47834645669291337,1,def6df610c33d0b1ced8,127,15,0.11811023622047244,127,39,0.30708661417322836,0.8087329992841802,102.7090909090909,0.8868110236220472,112.625
127,8,1016,924,0.9094488188976378,92,0.09055118110236221,0,defca7881b9810bf23b4,127,82,0.6456692913385826,127,113,0.889763779527559,0.9755030621172354,123.88888888888889,0.9862204724409449,125.25
127,8,1016,878,0.8641732283464567,138,0.13582677165354332,1,defca7881b9810bf23b4,127,71,0.5590551181102362,127,114,0.8976377952755905,0.9772528433945757,124.11111111111111,0.9872047244094488,125.375
127,8,1016,899,0.8848425196850394,117,0.11515748031496063,0,df0b18235b03cb2ef7a0,127,77,0.6062992125984252,127,118,0.9291338582677166,0.9842519685039369,125.0,0.9911417322834646,125.875
127,8,1016,870,0.8562992125984252,146,0.1437007874015748,1,df0b18235b03cb2ef7a0,127,66,0.5196850393700787,127,108,0.8503937007874016,0.9667541557305336,122.77777777777777,0.9812992125984252,124.625
127,8,1016,912,0.8976377952755905,104,0.10236220472440945,0,df2178cb54106821c26a,127,78,0.6141732283464567,127,113,0.889763779527559,0.9755030621172354,123.88888888888889,0.9862204724409449,125.25
127,8,1016,876,0.8622047244094488,140,0.1377952755905512,1,df2178cb54106821c26a,127,68,0.5354330708661418,127,111,0.8740157480314961,0.9720034995625548,123.44444444444444,0.984251968503937,125.0
127,8,1016,896,0.8818897637795275,120,0.11811023622047244,0,df5699d2d0448cb5e647,127,71,0.5590551181102362,127,114,0.8976377952755905,0.9772528433945757,124.11111111111111,0.9872047244094488,125.375
127,8,1016,865,0.8513779527559056,151,0.1486220472440945,1,df5699d2d0448cb5e647,127,55,0.4330708661417323,127,105,0.8267716535433071,0.9615048118985127,122.11111111111111,0.9783464566929134,124.25
127,8,1016,926,0.9114173228346457,90,0.08858267716535433,0,df729736b09d9cf6a0d1,127,88,0.6929133858267716,127,113,0.889763779527559,0.9755030621172355,123.88888888888889,0.9862204724409449,125.25
127,8,1016,860,0.8464566929133859,156,0.15354330708661418,1,df729736b09d9cf6a0d1,127,59,0.4645669291338583,127,106,0.8346456692913385,0.963254593175853,122.33333333333333,0.9793307086614174,124.375
88,8,704,623,0.8849431818181818,81,0.11505681818181818,0,df97939370daa489e4f3,88,51,0.5795454545454546,88,78,0.8863636363636364,0.9747474747474748,85.77777777777777,0.9857954545454546,86.75
88,8,704,625,0.8877840909090909,79,0.11221590909090909,1,df97939370daa489e4f3,88,51,0.5795454545454546,88,79,0.8977272727272727,0.9772727272727273,86.0,0.9872159090909091,86.875
127,8,1016,929,0.9143700787401575,87,0.08562992125984252,0,dfce7add325a33dbdf19,127,84,0.6614173228346457,127,113,0.889763779527559,0.9755030621172355,123.88888888888889,0.9862204724409449,125.25
127,8,1016,861,0.8474409448818898,155,0.15255905511811024,1,dfce7add325a33dbdf19,127,62,0.4881889763779528,127,111,0.8740157480314961,0.9720034995625548,123.44444444444444,0.984251968503937,125.0
127,8,1016,898,0.8838582677165354,118,0.11614173228346457,0,e0c0168a11064079fbc6,127,77,0.6062992125984252,127,110,0.8661417322834646,0.9702537182852145,123.22222222222223,0.9832677165354331,124.875
127,8,1016,890,0.8759842519685039,126,0.12401574803149606,1,e0c0168a11064079fbc6,127,74,0.5826771653543307,127,109,0.8582677165354331,0.968503937007874,123.0,0.9822834645669292,124.75
127,8,1016,887,0.8730314960629921,129,0.12696850393700787,0,e0d97de9b8a261a96953,127,70,0.5511811023622047,127,110,0.8661417322834646,0.9702537182852145,123.22222222222223,0.9832677165354331,124.875
127,8,1016,876,0.8622047244094488,140,0.1377952755905512,1,e0d97de9b8a261a96953,127,67,0.5275590551181102,127,110,0.8661417322834646,0.9702537182852145,123.22222222222223,0.9832677165354331,124.875
127,8,1016,926,0.9114173228346457,90,0.08858267716535433,0,e0dbb5e604abee3e9199,127,84,0.6614173228346457,127,115,0.905511811023622,0.9790026246719161,124.33333333333333,0.9881889763779528,125.5
127,8,1016,882,0.8681102362204725,134,0.13188976377952755,1,e0dbb5e604abee3e9199,127,68,0.5354330708661418,127,112,0.8818897637795275,0.9737532808398952,123.66666666666667,0.985236220472441,125.125
127,8,1016,922,0.90748031496063,94,0.09251968503937008,0,e1506bf7b8cccf5a1d59,127,83,0.6535433070866141,127,108,0.8503937007874016,0.9667541557305336,122.77777777777777,0.9812992125984252,124.625
127,8,1016,867,0.8533464566929134,149,0.1466535433070866,1,e1506bf7b8cccf5a1d59,127,69,0.5433070866141733,127,115,0.905511811023622,0.979002624671916,124.33333333333333,0.9881889763779528,125.5
127,8,1016,918,0.9035433070866141,98,0.09645669291338582,0,e182834c6c18fefcd829,127,83,0.6535433070866141,127,118,0.9291338582677166,0.984251968503937,125.0,0.9911417322834646,125.875
127,8,1016,877,0.8631889763779528,139,0.13681102362204725,1,e182834c6c18fefcd829,127,64,0.5039370078740157,127,111,0.8740157480314961,0.9720034995625546,123.44444444444444,0.984251968503937,125.0
127,8,1016,921,0.906496062992126,95,0.09350393700787402,0,e1e67e6b4f6a7359047a,127,83,0.6535433070866141,127,115,0.905511811023622,0.9790026246719161,124.33333333333333,0.9881889763779528,125.5
127,8,1016,860,0.8464566929133859,156,0.15354330708661418,1,e1e67e6b4f6a7359047a,127,63,0.49606299212598426,127,115,0.905511811023622,0.9790026246719161,124.33333333333333,0.9881889763779528,125.5
127,8,1016,905,0.890748031496063,111,0.10925196850393701,0,e21eec022c296b5ab070,127,73,0.5748031496062992,127,113,0.889763779527559,0.9755030621172354,123.88888888888889,0.9862204724409449,125.25
127,8,1016,882,0.8681102362204725,134,0.13188976377952755,1,e21eec022c296b5ab070,127,65,0.5118110236220472,127,111,0.8740157480314961,0.9720034995625547,123.44444444444444,0.984251968503937,125.0
127,8,1016,917,0.9025590551181102,99,0.09744094488188976,0,e241a8275a2c1a96efb2,127,83,0.6535433070866141,127,118,0.9291338582677166,0.984251968503937,125.0,0.9911417322834646,125.875
127,8,1016,881,0.8671259842519685,135,0.1328740157480315,1,e241a8275a2c1a96efb2,127,67,0.5275590551181102,127,112,0.8818897637795275,0.973753280839895,123.66666666666667,0.985236220472441,125.125
106,8,848,754,0.8891509433962265,94,0.11084905660377359,0,e255b92f6ff86f29faa5,106,64,0.6037735849056604,106,91,0.8584905660377359,0.9685534591194971,102.66666666666667,0.9823113207547169,104.125
106,8,848,723,0.8525943396226415,125,0.1474056603773585,1,e255b92f6ff86f29faa5,106,52,0.49056603773584906,106,91,0.8584905660377359,0.9685534591194969,102.66666666666667,0.9823113207547169,104.125
127,8,1016,902,0.8877952755905512,114,0.11220472440944881,0,e268aa0a1571b527df88,127,76,0.5984251968503937,127,114,0.8976377952755905,0.9772528433945757,124.11111111111111,0.9872047244094488,125.375
127,8,1016,893,0.8789370078740157,123,0.12106299212598425,1,e268aa0a1571b527df88,127,71,0.5590551181102362,127,113,0.889763779527559,0.9755030621172355,123.88888888888889,0.9862204724409449,125.25
127,8,1016,913,0.8986220472440944,103,0.10137795275590551,0,e2a2b97cb4cd3fb0ac63,127,78,0.6141732283464567,127,116,0.9133858267716536,0.9807524059492565,124.55555555555556,0.9891732283464567,125.625
127,8,1016,842,0.8287401574803149,174,0.17125984251968504,1,e2a2b97cb4cd3fb0ac63,127,56,0.4409448818897638,127,102,0.8031496062992126,0.9562554680664918,121.44444444444444,0.9753937007874016,123.875
127,8,1016,904,0.889763779527559,112,0.11023622047244094,0,e3048f45677a7f61e06c,127,76,0.5984251968503937,127,112,0.8818897637795275,0.9737532808398951,123.66666666666667,0.985236220472441,125.125
127,8,1016,870,0.8562992125984252,146,0.1437007874015748,1,e3048f45677a7f61e06c,127,59,0.4645669291338583,127,100,0.7874015748031497,0.952755905511811,121.0,0.9734251968503937,123.625
127,8,1016,884,0.8700787401574803,132,0.12992125984251968,0,e31ab73e5cc95c1d83a9,127,68,0.5354330708661418,127,115,0.905511811023622,0.9790026246719161,124.33333333333333,0.9881889763779528,125.5
127,8,1016,888,0.8740157480314961,128,0.12598425196850394,1,e31ab73e5cc95c1d83a9,127,70,0.5511811023622047,127,109,0.8582677165354331,0.968503937007874,123.0,0.9822834645669292,124.75
127,8,1016,931,0.9163385826771654,85,0.08366141732283465,0,e371ee1102e9afc445d2,127,88,0.6929133858267716,127,117,0.9212598425196851,0.9825021872265967,124.77777777777777,0.9901574803149606,125.75
127,8,1016,892,0.8779527559055118,124,0.1220472440944882,1,e371ee1102e9afc445d2,127,75,0.5905511811023622,127,104,0.8188976377952756,0.9569553805774278,121.53333333333333,0.9753937007874016,123.875
127,8,1016,897,0.8828740157480315,119,0.1171259842519685,0,e3b52879bd66047b12c7,127,72,0.5669291338582677,127,112,0.8818897637795275,0.9737532808398951,123.66666666666667,0.985236220472441,125.125
127,8,1016,854,0.8405511811023622,162,0.1594488188976378,1,e3b52879bd66047b12c7,127,62,0.4881889763779528,127,106,0.8346456692913385,0.963254593175853,122.33333333333333,0.9793307086614174,124.375
127,8,1016,915,0.9005905511811023,101,0.09940944881889764,0,e3c9801e2e24a41181f4,127,85,0.6692913385826772,127,118,0.9291338582677166,0.984251968503937,125.0,0.9911417322834646,125.875
127,8,1016,851,0.8375984251968503,165,0.1624015748031496,1,e3c9801e2e24a41181f4,127,60,0.47244094488188976,127,104,0.8188976377952756,0.9597550306211724,121.88888888888889,0.9773622047244095,124.125
127,8,1016,924,0.9094488188976378,92,0.09055118110236221,0,e4393f3f574092a035dc,127,81,0.6377952755905512,127,117,0.9212598425196851,0.9825021872265968,124.77777777777777,0.9901574803149606,125.75
127,8,1016,864,0.8503937007874016,152,0.14960629921259844,1,e4393f3f574092a035dc,127,63,0.49606299212598426,127,111,0.8740157480314961,0.9720034995625547,123.44444444444444,0.984251968503937,125.0
127,8,1016,895,0.8809055118110236,121,0.11909448818897637,0,e45406fdb262473d0618,127,75,0.5905511811023622,127,113,0.889763779527559,0.9741032370953631,123.71111111111111,0.985236220472441,125.125
127,8,1016,871,0.8572834645669292,145,0.14271653543307086,1,e45406fdb262473d0618,127,68,0.5354330708661418,127,112,0.8818897637795275,0.973753280839895,123.66666666666667,0.985236220472441,125.125
127,8,1016,933,0.9183070866141733,83,0.08169291338582677,0,e45887176dc3dc67a26f,127,87,0.6850393700787402,127,114,0.8976377952755905,0.9772528433945757,124.11111111111111,0.9872047244094488,125.375
127,8,1016,888,0.8740157480314961,128,0.12598425196850394,1,e45887176dc3dc67a26f,127,70,0.5511811023622047,127,118,0.9291338582677166,0.984251968503937,125.0,0.9911417322834646,125.875
127,8,1016,913,0.8986220472440944,103,0.10137795275590551,0,e4e26ee6c93d0b0c2b29,127,85,0.6692913385826772,127,116,0.9133858267716536,0.979352580927384,124.37777777777778,0.9881889763779528,125.5
127,8,1016,907,0.8927165354330708,109,0.10728346456692914,1,e4e26ee6c93d0b0c2b29,127,81,0.6377952755905512,127,116,0.9133858267716536,0.9807524059492565,124.55555555555556,0.9891732283464567,125.625
127,8,1016,878,0.8641732283464567,138,0.13582677165354332,0,e4f5ca71dd6c109ad385,127,65,0.5118110236220472,127,115,0.905511811023622,0.9790026246719161,124.33333333333333,0.9881889763779528,125.5
127,8,1016,849,0.8356299212598425,167,0.1643700787401575,1,e4f5ca71dd6c109ad385,127,63,0.49606299212598426,127,113,0.889763779527559,0.9755030621172355,123.88888888888889,0.9862204724409449,125.25
127,8,1016,917,0.9025590551181102,99,0.09744094488188976,0,e50fa99f61491ecbb31a,127,79,0.6220472440944882,127,116,0.9133858267716536,0.9807524059492563,124.55555555555556,0.9891732283464567,125.625
127,8,1016,853,0.8395669291338582,163,0.16043307086614172,1,e50fa99f61491ecbb31a,127,61,0.48031496062992124,127,108,0.8503937007874016,0.9667541557305337,122.77777777777777,0.9812992125984252,124.625
127,8,1016,910,0.8956692913385826,106,0.10433070866141732,0,e53e7c8bd9bc87e260cc,127,77,0.6062992125984252,127,108,0.8503937007874016,0.9667541557305337,122.77777777777777,0.9812992125984252,124.625
127,8,1016,891,0.8769685039370079,125,0.12303149606299213,1,e53e7c8bd9bc87e260cc,127,66,0.5196850393700787,127,109,0.8582677165354331,0.9657042869641294,122.64444444444445,0.9803149606299213,124.5
127,8,1016,909,0.8946850393700787,107,0.10531496062992125,0,e552ee5adbb3501fcc29,127,75,0.5905511811023622,127,111,0.8740157480314961,0.9720034995625548,123.44444444444444,0.984251968503937,125.0
127,8,1016,884,0.8700787401574803,132,0.12992125984251968,1,e552ee5adbb3501fcc29,127,71,0.5590551181102362,127,114,0.8976377952755905,0.9772528433945757,124.11111111111111,0.9872047244094488,125.375
113,8,904,810,0.8960176991150443,94,0.10398230088495575,0,e5668477658ddaf47f00,113,73,0.6460176991150443,113,105,0.9292035398230089,0.984267453294002,111.22222222222223,0.9911504424778761,112.0
113,8,904,778,0.8606194690265486,126,0.13938053097345132,1,e5668477658ddaf47f00,113,55,0.48672566371681414,113,89,0.7876106194690266,0.9496558505408065,107.31111111111112,0.9712389380530974,109.75
127,8,1016,907,0.8927165354330708,109,0.10728346456692914,0,e56a4ad163b2a7ad3ac7,127,73,0.5748031496062992,127,108,0.8503937007874016,0.9653543307086615,122.6,0.9803149606299213,124.5
127,8,1016,866,0.8523622047244095,150,0.14763779527559054,1,e56a4ad163b2a7ad3ac7,127,66,0.5196850393700787,127,104,0.8188976377952756,0.9597550306211723,121.88888888888889,0.9773622047244095,124.125
127,8,1016,830,0.8169291338582677,186,0.1830708661417323,0,e58abda4f60d678d4a28,127,56,0.4409448818897638,127,99,0.7795275590551181,0.9510061242344708,120.77777777777777,0.9724409448818898,123.5
127,8,1016,462,0.4547244094488189,554,0.5452755905511811,1,e58abda4f60d678d4a28,127,11,0.08661417322834646,127,33,0.25984251968503935,0.7940348365545212,100.84242424242424,0.8779527559055118,111.5
127,8,1016,894,0.8799212598425197,122,0.12007874015748031,0,e61167965915dc828d21,127,75,0.5905511811023622,127,105,0.8267716535433071,0.9615048118985127,122.11111111111111,0.9783464566929134,124.25
127,8,1016,843,0.8297244094488189,173,0.1702755905511811,1,e61167965915dc828d21,127,54,0.4251968503937008,127,109,0.8582677165354331,0.968503937007874,123.0,0.9822834645669292,124.75
103,8,824,740,0.8980582524271845,84,0.10194174757281553,0,e63507dd1e56d90fdb00,103,68,0.6601941747572816,103,90,0.8737864077669902,0.9702265372168285,99.93333333333334,0.9830097087378641,101.25
103,8,824,758,0.9199029126213593,66,0.08009708737864078,1,e63507dd1e56d90fdb00,103,70,0.6796116504854369,103,94,0.912621359223301,0.9805825242718447,101.0,0.9890776699029126,101.875
127,8,1016,846,0.8326771653543307,170,0.1673228346456693,0,e65a59f3b5949b96eb7a,127,47,0.3700787401574803,127,109,0.8582677165354331,0.9685039370078742,123.0,0.9822834645669292,124.75
127,8,1016,476,0.468503937007874,540,0.531496062992126,1,e65a59f3b5949b96eb7a,127,11,0.08661417322834646,127,35,0.2755905511811024,0.7933349240435853,100.75353535353536,0.8769685039370079,111.375
127,8,1016,885,0.8710629921259843,131,0.12893700787401574,0,e6bafd5cab79097ea33e,127,67,0.5275590551181102,127,109,0.8582677165354331,0.968503937007874,123.0,0.9822834645669292,124.75
127,8,1016,872,0.8582677165354331,144,0.14173228346456693,1,e6bafd5cab79097ea33e,127,61,0.48031496062992124,127,105,0.8267716535433071,0.9615048118985127,122.11111111111111,0.9783464566929134,124.25
127,8,1016,898,0.8838582677165354,118,0.11614173228346457,0,e70fea41349e29ef36fe,127,75,0.5905511811023622,127,113,0.889763779527559,0.9755030621172355,123.88888888888889,0.9862204724409449,125.25
127,8,1016,884,0.8700787401574803,132,0.12992125984251968,1,e70fea41349e29ef36fe,127,70,0.5511811023622047,127,110,0.8661417322834646,0.9702537182852143,123.22222222222223,0.9832677165354331,124.875
127,8,1016,798,0.7854330708661418,218,0.21456692913385828,0,e74eaa24a6e9e411b43a,127,46,0.36220472440944884,127,112,0.8818897637795275,0.9737532808398952,123.66666666666667,0.985236220472441,125.125
127,8,1016,635,0.625,381,0.375,1,e74eaa24a6e9e411b43a,127,6,0.047244094488188976,127,29,0.2283464566929134,0.8201224846894137,104.15555555555555,0.8976377952755905,114.0
127,8,1016,902,0.8877952755905512,114,0.11220472440944881,0,e7d0328add79dfef0719,127,76,0.5984251968503937,127,112,0.8818897637795275,0.9737532808398952,123.66666666666667,0.985236220472441,125.125
127,8,1016,885,0.8710629921259843,131,0.12893700787401574,1,e7d0328add79dfef0719,127,68,0.5354330708661418,127,108,0.8503937007874016,0.9667541557305337,122.77777777777777,0.9812992125984252,124.625
127,8,1016,907,0.8927165354330708,109,0.10728346456692914,0,e7f0ca1caecbbe89e953,127,77,0.6062992125984252,127,117,0.9212598425196851,0.9825021872265967,124.77777777777777,0.9901574803149606,125.75
127,8,1016,895,0.8809055118110236,121,0.11909448818897637,1,e7f0ca1caecbbe89e953,127,69,0.5433070866141733,127,107,0.84251968503937,0.9650043744531934,122.55555555555556,0.9803149606299213,124.5
127,8,1016,913,0.8986220472440944,103,0.10137795275590551,0,e824d93b1763a303ac0e,127,82,0.6456692913385826,127,112,0.8818897637795275,0.9737532808398952,123.66666666666667,0.985236220472441,125.125
127,8,1016,883,0.8690944881889764,133,0.1309055118110236,1,e824d93b1763a303ac0e,127,66,0.5196850393700787,127,113,0.889763779527559,0.9755030621172355,123.88888888888889,0.9862204724409449,125.25
127,8,1016,830,0.8169291338582677,186,0.1830708661417323,0,e8d609e5d3a41266e100,127,43,0.33858267716535434,127,104,0.8188976377952756,0.9597550306211725,121.88888888888889,0.9773622047244095,124.125
127,8,1016,496,0.4881889763779528,520,0.5118110236220472,1,e8d609e5d3a41266e100,127,9,0.07086614173228346,127,45,0.3543307086614173,0.8245764733953709,104.72121212121212,0.8966535433070866,113.875
127,8,1016,913,0.8986220472440944,103,0.10137795275590551,0,e8f0931a3295abecd91d,127,73,0.5748031496062992,127,110,0.8661417322834646,0.9702537182852145,123.22222222222223,0.9832677165354331,124.875
127,8,1016,879,0.8651574803149606,137,0.13484251968503938,1,e8f0931a3295abecd91d,127,69,0.5433070866141733,127,113,0.889763779527559,0.9741032370953631,123.71111111111111,0.985236220472441,125.125
127,8,1016,888,0.8740157480314961,128,0.12598425196850394,0,e94a7692fe73b8cd9add,127,70,0.5511811023622047,127,111,0.8740157480314961,0.9720034995625547,123.44444444444444,0.984251968503937,125.0
127,8,1016,844,0.8307086614173228,172,0.16929133858267717,1,e94a7692fe73b8cd9add,127,57,0.44881889763779526,127,105,0.8267716535433071,0.9615048118985126,122.11111111111111,0.9783464566929134,124.25
127,8,1016,917,0.9025590551181102,99,0.09744094488188976,0,e9638fc4294228986f46,127,79,0.6220472440944882,127,113,0.889763779527559,0.9755030621172355,123.88888888888889,0.9862204724409449,125.25
127,8,1016,895,0.8809055118110236,121,0.11909448818897637,1,e9638fc4294228986f46,127,71,0.5590551181102362,127,103,0.8110236220472441,0.958005249343832,121.66666666666667,0.9763779527559056,124.0
119,8,952,839,0.8813025210084033,113,0.11869747899159663,0,e97cb33c46e2dfd641cd,119,63,0.5294117647058824,119,101,0.8487394957983193,0.9663865546218487,115.0,0.9810924369747899,116.75
119,8,952,814,0.8550420168067226,138,0.14495798319327732,1,e97cb33c46e2dfd641cd,119,60,0.5042016806722689,119,106,0.8907563025210085,0.9757236227824463,116.11111111111111,0.9863445378151261,117.375
127,8,1016,905,0.890748031496063,111,0.10925196850393701,0,e9c38d0c60f1ed8584a7,127,73,0.5748031496062992,127,111,0.8740157480314961,0.9720034995625548,123.44444444444444,0.984251968503937,125.0
127,8,1016,876,0.8622047244094488,140,0.1377952755905512,1,e9c38d0c60f1ed8584a7,127,64,0.5039370078740157,127,104,0.8188976377952756,0.9569553805774278,121.53333333333333,0.9753937007874016,123.875
127,8,1016,899,0.8848425196850394,117,0.11515748031496063,0,ea20a6f7be1f5596ae81,127,75,0.5905511811023622,127,111,0.8740157480314961,0.9720034995625548,123.44444444444444,0.984251968503937,125.0
127,8,1016,872,0.8582677165354331,144,0.14173228346456693,1,ea20a6f7be1f5596ae81,127,61,0.48031496062992124,127,108,0.8503937007874016,0.9667541557305338,122.77777777777777,0.9812992125984252,124.625
127,8,1016,914,0.8996062992125984,102,0.10039370078740158,0,ea25c1dbc2cead686dbe,127,85,0.6692913385826772,127,120,0.9448818897637795,0.9877515310586178,125.44444444444444,0.9931102362204725,126.125
127,8,1016,869,0.8553149606299213,147,0.14468503937007873,1,ea25c1dbc2cead686dbe,127,69,0.5433070866141733,127,111,0.8740157480314961,0.9720034995625547,123.44444444444444,0.984251968503937,125.0
127,8,1016,902,0.8877952755905512,114,0.11220472440944881,0,eac129bd5f579133420d,127,71,0.5590551181102362,127,108,0.8503937007874016,0.9667541557305337,122.77777777777777,0.9812992125984252,124.625
127,8,1016,876,0.8622047244094488,140,0.1377952755905512,1,eac129bd5f579133420d,127,64,0.5039370078740157,127,112,0.8818897637795275,0.9723534558180229,123.4888888888889,0.984251968503937,125.0
127,8,1016,921,0.906496062992126,95,0.09350393700787402,0,eadb01f9a1ea4898ec56,127,82,0.6456692913385826,127,114,0.8976377952755905,0.9758530183727034,123.93333333333334,0.9862204724409449,125.25
127,8,1016,872,0.8582677165354331,144,0.14173228346456693,1,eadb01f9a1ea4898ec56,127,65,0.5118110236220472,127,118,0.9291338582677166,0.984251968503937,125.0,0.9911417322834646,125.875
127,8,1016,907,0.8927165354330708,109,0.10728346456692914,0,eb559da02caf34b94f04,127,79,0.6220472440944882,127,119,0.937007874015748,0.9860017497812774,125.22222222222223,0.9921259842519685,126.0
127,8,1016,879,0.8651574803149606,137,0.13484251968503938,1,eb559da02caf34b94f04,127,67,0.5275590551181102,127,106,0.8346456692913385,0.963254593175853,122.33333333333333,0.9793307086614174,124.375
127,8,1016,883,0.8690944881889764,133,0.1309055118110236,0,ec141180d7aba09cdfd7,127,67,0.5275590551181102,127,106,0.8346456692913385,0.963254593175853,122.33333333333333,0.9793307086614174,124.375
127,8,1016,849,0.8356299212598425,167,0.1643700787401575,1,ec141180d7aba09cdfd7,127,60,0.47244094488188976,127,106,0.8346456692913385,0.9618547681539809,122.15555555555555,0.9783464566929134,124.25
127,8,1016,921,0.906496062992126,95,0.09350393700787402,0,ec1fee35e147b28594e8,127,79,0.6220472440944882,127,115,0.905511811023622,0.9790026246719161,124.33333333333333,0.9881889763779528,125.5
127,8,1016,881,0.8671259842519685,135,0.1328740157480315,1,ec1fee35e147b28594e8,127,70,0.5511811023622047,127,113,0.889763779527559,0.9755030621172354,123.88888888888889,0.9862204724409449,125.25
127,8,1016,930,0.9153543307086615,86,0.08464566929133858,0,ec3c704bbdb9f984816b,127,88,0.6929133858267716,127,117,0.9212598425196851,0.9825021872265968,124.77777777777777,0.9901574803149606,125.75
127,8,1016,887,0.8730314960629921,129,0.12696850393700787,1,ec3c704bbdb9f984816b,127,65,0.5118110236220472,127,106,0.8346456692913385,0.9632545931758528,122.33333333333333,0.9793307086614174,124.375
127,8,1016,907,0.8927165354330708,109,0.10728346456692914,0,ec597988254f8fe60485,127,80,0.6299212598425197,127,114,0.8976377952755905,0.9758530183727034,123.93333333333334,0.9862204724409449,125.25
127,8,1016,872,0.8582677165354331,144,0.14173228346456693,1,ec597988254f8fe60485,127,60,0.47244094488188976,127,101,0.7952755905511811,0.9545056867891513,121.22222222222223,0.9744094488188977,123.75
115,8,920,813,0.883695652173913,107,0.11630434782608695,0,ec60a4f7786e2279a182,115,71,0.6173913043478261,115,103,0.8956521739130435,0.9752657004830918,112.15555555555555,0.9858695652173913,113.375
115,8,920,800,0.8695652173913043,120,0.13043478260869565,1,ec60a4f7786e2279a182,115,62,0.5391304347826087,115,94,0.8173913043478261,0.9594202898550726,110.33333333333333,0.9771739130434782,112.375
127,8,1016,891,0.8769685039370079,125,0.12303149606299213,0,ec70019f85ed0df3b1c4,127,70,0.5511811023622047,127,111,0.8740157480314961,0.9720034995625548,123.44444444444444,0.984251968503937,125.0
127,8,1016,870,0.8562992125984252,146,0.1437007874015748,1,ec70019f85ed0df3b1c4,127,64,0.5039370078740157,127,110,0.8661417322834646,0.9702537182852145,123.22222222222223,0.9832677165354331,124.875
127,8,1016,884,0.8700787401574803,132,0.12992125984251968,0,ed1695f55c50b1366194,127,64,0.5039370078740157,127,105,0.8267716535433071,0.9615048118985127,122.11111111111111,0.9783464566929134,124.25
127,8,1016,856,0.84251968503937,160,0.15748031496062992,1,ed1695f55c50b1366194,127,59,0.4645669291338583,127,105,0.8267716535433071,0.9615048118985126,122.11111111111111,0.9783464566929134,124.25
127,8,1016,901,0.8868110236220472,115,0.11318897637795275,0,ed33d9d8f1a6628f8f41,127,73,0.5748031496062992,127,104,0.8188976377952756,0.9597550306211723,121.88888888888889,0.9773622047244095,124.125
127,8,1016,874,0.860236220472441,142,0.13976377952755906,1,ed33d9d8f1a6628f8f41,127,60,0.47244094488188976,127,98,0.7716535433070866,0.9492563429571304,120.55555555555556,0.9714566929133859,123.375
127,8,1016,915,0.9005905511811023,101,0.09940944881889764,0,ed4af850109e13dbffb7,127,79,0.6220472440944882,127,109,0.8582677165354331,0.968503937007874,123.0,0.9822834645669292,124.75
127,8,1016,850,0.8366141732283464,166,0.16338582677165353,1,ed4af850109e13dbffb7,127,58,0.4566929133858268,127,104,0.8188976377952756,0.9597550306211723,121.88888888888889,0.9773622047244095,124.125
127,8,1016,905,0.890748031496063,111,0.10925196850393701,0,ed5b42137a010acef8a9,127,74,0.5826771653543307,127,114,0.8976377952755905,0.9772528433945757,124.11111111111111,0.9872047244094488,125.375
127,8,1016,882,0.8681102362204725,134,0.13188976377952755,1,ed5b42137a010acef8a9,127,68,0.5354330708661418,127,111,0.8740157480314961,0.9706036745406825,123.26666666666667,0.9832677165354331,124.875
127,8,1016,907,0.8927165354330708,109,0.10728346456692914,0,ed9cd460ff8cf112cf9b,127,75,0.5905511811023622,127,112,0.8818897637795275,0.9737532808398951,123.66666666666667,0.985236220472441,125.125
127,8,1016,855,0.8415354330708661,161,0.15846456692913385,1,ed9cd460ff8cf112cf9b,127,60,0.47244094488188976,127,104,0.8188976377952756,0.9597550306211723,121.88888888888889,0.9773622047244095,124.125
127,8,1016,921,0.906496062992126,95,0.09350393700787402,0,eda8a5523c042a26eee4,127,81,0.6377952755905512,127,118,0.9291338582677166,0.984251968503937,125.0,0.9911417322834646,125.875
127,8,1016,881,0.8671259842519685,135,0.1328740157480315,1,eda8a5523c042a26eee4,127,68,0.5354330708661418,127,112,0.8818897637795275,0.973753280839895,123.66666666666667,0.985236220472441,125.125
127,8,1016,909,0.8946850393700787,107,0.10531496062992125,0,edcf5b2b115bf77ea26c,127,76,0.5984251968503937,127,112,0.8818897637795275,0.973753280839895,123.66666666666667,0.985236220472441,125.125
127,8,1016,893,0.8789370078740157,123,0.12106299212598425,1,edcf5b2b115bf77ea26c,127,72,0.5669291338582677,127,110,0.8661417322834646,0.9702537182852143,123.22222222222223,0.9832677165354331,124.875
127,8,1016,924,0.9094488188976378,92,0.09055118110236221,0,ee4a6c86011c3e44ff62,127,82,0.6456692913385826,127,114,0.8976377952755905,0.9772528433945757,124.11111111111111,0.9872047244094488,125.375
127,8,1016,887,0.8730314960629921,129,0.12696850393700787,1,ee4a6c86011c3e44ff62,127,69,0.5433070866141733,127,113,0.889763779527559,0.9755030621172354,123.88888888888889,0.9862204724409449,125.25
127,8,1016,887,0.8730314960629921,129,0.12696850393700787,0,ee7cfbc75d68a00d3394,127,71,0.5590551181102362,127,114,0.8976377952755905,0.9772528433945757,124.11111111111111,0.9872047244094488,125.375
127,8,1016,841,0.827755905511811,175,0.17224409448818898,1,ee7cfbc75d68a00d3394,127,54,0.4251968503937008,127,101,0.7952755905511811,0.9545056867891514,121.22222222222223,0.9744094488188977,123.75
127,8,1016,921,0.906496062992126,95,0.09350393700787402,0,ee7dabd94e62e0bf2b5e,127,84,0.6614173228346457,127,121,0.952755905511811,0.9895013123359581,125.66666666666667,0.9940944881889764,126.25
127,8,1016,875,0.8612204724409449,141,0.13877952755905512,1,ee7dabd94e62e0bf2b5e,127,72,0.5669291338582677,127,105,0.8267716535433071,0.9615048118985127,122.11111111111111,0.9783464566929134,124.25
127,8,1016,892,0.8779527559055118,124,0.1220472440944882,0,ee81963d22618d303935,127,71,0.5590551181102362,127,112,0.8818897637795275,0.9737532808398952,123.66666666666667,0.985236220472441,125.125
127,8,1016,884,0.8700787401574803,132,0.12992125984251968,1,ee81963d22618d303935,127,69,0.5433070866141733,127,117,0.9212598425196851,0.9825021872265967,124.77777777777777,0.9901574803149606,125.75
127,8,1016,917,0.9025590551181102,99,0.09744094488188976,0,ef06424c58988163b7c9,127,82,0.6456692913385826,127,115,0.905511811023622,0.9790026246719161,124.33333333333333,0.9881889763779528,125.5
127,8,1016,847,0.8336614173228346,169,0.16633858267716536,1,ef06424c58988163b7c9,127,52,0.4094488188976378,127,103,0.8110236220472441,0.9566054243219598,121.4888888888889,0.9753937007874016,123.875
127,8,1016,907,0.8927165354330708,109,0.10728346456692914,0,ef10a7183d48a63003df,127,79,0.6220472440944882,127,116,0.9133858267716536,0.9807524059492565,124.55555555555556,0.9891732283464567,125.625
127,8,1016,833,0.8198818897637795,183,0.18011811023622049,1,ef10a7183d48a63003df,127,58,0.4566929133858268,127,110,0.8661417322834646,0.9702537182852145,123.22222222222223,0.9832677165354331,124.875
127,8,1016,921,0.906496062992126,95,0.09350393700787402,0,efbbfc09ebc85a0198a7,127,83,0.6535433070866141,127,115,0.905511811023622,0.9762029746281715,123.97777777777777,0.9862204724409449,125.25
127,8,1016,887,0.8730314960629921,129,0.12696850393700787,1,efbbfc09ebc85a0198a7,127,67,0.5275590551181102,127,113,0.889763779527559,0.9755030621172354,123.88888888888889,0.9862204724409449,125.25
127,8,1016,916,0.9015748031496063,100,0.0984251968503937,0,f0038360238676bc6dc7,127,81,0.6377952755905512,127,113,0.889763779527559,0.9755030621172354,123.88888888888889,0.9862204724409449,125.25
127,8,1016,855,0.8415354330708661,161,0.15846456692913385,1,f0038360238676bc6dc7,127,57,0.44881889763779526,127,106,0.8346456692913385,0.963254593175853,122.33333333333333,0.9793307086614174,124.375
127,8,1016,911,0.8966535433070866,105,0.10334645669291338,0,f04c751fc6cabeda634f,127,79,0.6220472440944882,127,114,0.8976377952755905,0.9772528433945757,124.11111111111111,0.9872047244094488,125.375
127,8,1016,883,0.8690944881889764,133,0.1309055118110236,1,f04c751fc6cabeda634f,127,67,0.5275590551181102,127,114,0.8976377952755905,0.9772528433945757,124.11111111111111,0.9872047244094488,125.375
127,8,1016,905,0.890748031496063,111,0.10925196850393701,0,f071bdcbbbc3e959b867,127,76,0.5984251968503937,127,110,0.8661417322834646,0.9702537182852145,123.22222222222223,0.9832677165354331,124.875
127,8,1016,878,0.8641732283464567,138,0.13582677165354332,1,f071bdcbbbc3e959b867,127,65,0.5118110236220472,127,104,0.8188976377952756,0.9597550306211724,121.88888888888889,0.9773622047244095,124.125
127,8,1016,918,0.9035433070866141,98,0.09645669291338582,0,f0a80145f6b08b42e75e,127,85,0.6692913385826772,127,116,0.9133858267716536,0.9807524059492564,124.55555555555556,0.9891732283464567,125.625
127,8,1016,875,0.8612204724409449,141,0.13877952755905512,1,f0a80145f6b08b42e75e,127,64,0.5039370078740157,127,114,0.8976377952755905,0.9772528433945757,124.11111111111111,0.9872047244094488,125.375
127,8,1016,888,0.8740157480314961,128,0.12598425196850394,0,f1319787940d241bd108,127,76,0.5984251968503937,127,118,0.9291338582677166,0.984251968503937,125.0,0.9911417322834646,125.875
127,8,1016,874,0.860236220472441,142,0.13976377952755906,1,f1319787940d241bd108,127,62,0.4881889763779528,127,107,0.84251968503937,0.9650043744531932,122.55555555555556,0.9803149606299213,124.5
127,8,1016,882,0.8681102362204725,134,0.13188976377952755,0,f14945b89c4aa87a2ec2,127,72,0.5669291338582677,127,110,0.8661417322834646,0.9702537182852145,123.22222222222223,0.9832677165354331,124.875
127,8,1016,871,0.8572834645669292,145,0.14271653543307086,1,f14945b89c4aa87a2ec2,127,65,0.5118110236220472,127,109,0.8582677165354331,0.968503937007874,123.0,0.9822834645669292,124.75
127,8,1016,916,0.9015748031496063,100,0.0984251968503937,0,f16919d280bf2377108c,127,80,0.6299212598425197,127,116,0.9133858267716536,0.9807524059492563,124.55555555555556,0.9891732283464567,125.625
127,8,1016,882,0.8681102362204725,134,0.13188976377952755,1,f16919d280bf2377108c,127,66,0.5196850393700787,127,113,0.889763779527559,0.9755030621172355,123.88888888888889,0.9862204724409449,125.25
127,8,1016,929,0.9143700787401575,87,0.08562992125984252,0,f1e40190bf0f306cc68f,127,85,0.6692913385826772,127,112,0.8818897637795275,0.9737532808398951,123.66666666666667,0.985236220472441,125.125
127,8,1016,887,0.8730314960629921,129,0.12696850393700787,1,f1e40190bf0f306cc68f,127,73,0.5748031496062992,127,113,0.889763779527559,0.9755030621172355,123.88888888888889,0.9862204724409449,125.25
127,8,1016,900,0.8858267716535433,116,0.1141732283464567,0,f1e595a9b1a4d7f427b2,127,80,0.6299212598425197,127,118,0.9291338582677166,0.984251968503937,125.0,0.9911417322834646,125.875
127,8,1016,865,0.8513779527559056,151,0.1486220472440945,1,f1e595a9b1a4d7f427b2,127,64,0.5039370078740157,127,110,0.8661417322834646,0.9702537182852145,123.22222222222223,0.9832677165354331,124.875
127,8,1016,906,0.8917322834645669,110,0.10826771653543307,0,f240b20adde5c5226f6b,127,75,0.5905511811023622,127,107,0.84251968503937,0.9636045494313212,122.37777777777778,0.9793307086614174,124.375
127,8,1016,847,0.8336614173228346,169,0.16633858267716536,1,f240b20adde5c5226f6b,127,57,0.44881889763779526,127,101,0.7952755905511811,0.9545056867891514,121.22222222222223,0.9744094488188977,123.75
103,8,824,735,0.8919902912621359,89,0.10800970873786407,0,f2858e4fb41400dee486,103,67,0.6504854368932039,103,92,0.8932038834951457,0.9762675296655879,100.55555555555556,0.9866504854368932,101.625
103,8,824,739,0.8968446601941747,85,0.10315533980582524,1,f2858e4fb41400dee486,103,63,0.6116504854368932,103,91,0.883495145631068,0.9741100323624596,100.33333333333333,0.9854368932038835,101.5
127,8,1016,929,0.9143700787401575,87,0.08562992125984252,0,f2f130fc01529df65039,127,80,0.6299212598425197,127,113,0.889763779527559,0.9755030621172354,123.88888888888889,0.9862204724409449,125.25
127,8,1016,870,0.8562992125984252,146,0.1437007874015748,1,f2f130fc01529df65039,127,66,0.5196850393700787,127,114,0.8976377952755905,0.9772528433945757,124.11111111111111,0.9872047244094488,125.375
127,8,1016,910,0.8956692913385826,106,0.10433070866141732,0,f3007c807c021e4181b1,127,77,0.6062992125984252,127,113,0.889763779527559,0.9755030621172354,123.88888888888889,0.9862204724409449,125.25
127,8,1016,887,0.8730314960629921,129,0.12696850393700787,1,f3007c807c021e4181b1,127,71,0.5590551181102362,127,103,0.8110236220472441,0.9580052493438319,121.66666666666667,0.9763779527559056,124.0
127,8,1016,914,0.8996062992125984,102,0.10039370078740158,0,f30e6072f963aa16e457,127,80,0.6299212598425197,127,110,0.8661417322834646,0.9702537182852143,123.22222222222223,0.9832677165354331,124.875
127,8,1016,868,0.8543307086614174,148,0.14566929133858267,1,f30e6072f963aa16e457,127,62,0.4881889763779528,127,109,0.8582677165354331,0.968503937007874,123.0,0.9822834645669292,124.75
127,8,1016,899,0.8848425196850394,117,0.11515748031496063,0,f336add17ac143e81f5e,127,71,0.5590551181102362,127,111,0.8740157480314961,0.9720034995625548,123.44444444444444,0.984251968503937,125.0
127,8,1016,882,0.8681102362204725,134,0.13188976377952755,1,f336add17ac143e81f5e,127,68,0.5354330708661418,127,110,0.8661417322834646,0.9702537182852145,123.22222222222223,0.9832677165354331,124.875
127,8,1016,907,0.8927165354330708,109,0.10728346456692914,0,f33ed6f4a2cbbdc3df09,127,81,0.6377952755905512,127,112,0.8818897637795275,0.9737532808398951,123.66666666666667,0.985236220472441,125.125
127,8,1016,883,0.8690944881889764,133,0.1309055118110236,1,f33ed6f4a2cbbdc3df09,127,67,0.5275590551181102,127,113,0.889763779527559,0.9755030621172355,123.88888888888889,0.9862204724409449,125.25
127,8,1016,877,0.8631889763779528,139,0.13681102362204725,0,f34be65d1aaf6e9e9a85,127,67,0.5275590551181102,127,106,0.8346456692913385,0.9618547681539809,122.15555555555555,0.9783464566929134,124.25
127,8,1016,855,0.8415354330708661,161,0.15846456692913385,1,f34be65d1aaf6e9e9a85,127,59,0.4645669291338583,127,103,0.8110236220472441,0.9566054243219597,121.4888888888889,0.9753937007874016,123.875
127,8,1016,911,0.8966535433070866,105,0.10334645669291338,0,f4bb1bc665aeca57833d,127,81,0.6377952755905512,127,114,0.8976377952755905,0.9772528433945757,124.11111111111111,0.9872047244094488,125.375
127,8,1016,866,0.8523622047244095,150,0.14763779527559054,1,f4bb1bc665aeca57833d,127,58,0.4566929133858268,127,112,0.8818897637795275,0.973753280839895,123.66666666666667,0.985236220472441,125.125
127,8,1016,911,0.8966535433070866,105,0.10334645669291338,0,f4cb1b6c567545e9c097,127,79,0.6220472440944882,127,111,0.8740157480314961,0.9720034995625548,123.44444444444444,0.984251968503937,125.0
127,8,1016,882,0.8681102362204725,134,0.13188976377952755,1,f4cb1b6c567545e9c097,127,69,0.5433070866141733,127,109,0.8582677165354331,0.968503937007874,123.0,0.9822834645669292,124.75
127,8,1016,884,0.8700787401574803,132,0.12992125984251968,0,f57907551417f232924a,127,67,0.5275590551181102,127,108,0.8503937007874016,0.9667541557305337,122.77777777777777,0.9812992125984252,124.625
127,8,1016,849,0.8356299212598425,167,0.1643700787401575,1,f57907551417f232924a,127,58,0.4566929133858268,127,107,0.84251968503937,0.9650043744531933,122.55555555555556,0.9803149606299213,124.5
127,8,1016,896,0.8818897637795275,120,0.11811023622047244,0,f598a18bf78b83407716,127,71,0.5590551181102362,127,113,0.889763779527559,0.9755030621172354,123.88888888888889,0.9862204724409449,125.25
127,8,1016,918,0.9035433070866141,98,0.09645669291338582,1,f598a18bf78b83407716,127,79,0.6220472440944882,127,114,0.8976377952755905,0.9772528433945757,124.11111111111111,0.9872047244094488,125.375
127,8,1016,931,0.9163385826771654,85,0.08366141732283465,0,f5c971c02106745e8fc1,127,84,0.6614173228346457,127,115,0.905511811023622,0.9790026246719161,124.33333333333333,0.9881889763779528,125.5
127,8,1016,889,0.875,127,0.125,1,f5c971c02106745e8fc1,127,70,0.5511811023622047,127,114,0.8976377952755905,0.9772528433945757,124.11111111111111,0.9872047244094488,125.375
127,8,1016,898,0.8838582677165354,118,0.11614173228346457,0,f5c9a7b15992f59eb027,127,74,0.5826771653543307,127,112,0.8818897637795275,0.9737532808398951,123.66666666666667,0.985236220472441,125.125
127,8,1016,902,0.8877952755905512,114,0.11220472440944881,1,f5c9a7b15992f59eb027,127,77,0.6062992125984252,127,117,0.9212598425196851,0.9825021872265967,124.77777777777777,0.9901574803149606,125.75
127,8,1016,917,0.9025590551181102,99,0.09744094488188976,0,f5e18fd11d8b2c589463,127,84,0.6614173228346457,127,114,0.8976377952755905,0.9772528433945757,124.11111111111111,0.9872047244094488,125.375
127,8,1016,888,0.8740157480314961,128,0.12598425196850394,1,f5e18fd11d8b2c589463,127,67,0.5275590551181102,127,110,0.8661417322834646,0.9702537182852145,123.22222222222223,0.9832677165354331,124.875
127,8,1016,923,0.9084645669291339,93,0.09153543307086615,0,f5f097d365c9fe0e543f,127,81,0.6377952755905512,127,115,0.905511811023622,0.9790026246719161,124.33333333333333,0.9881889763779528,125.5
127,8,1016,900,0.8858267716535433,116,0.1141732283464567,1,f5f097d365c9fe0e543f,127,74,0.5826771653543307,127,111,0.8740157480314961,0.9720034995625548,123.44444444444444,0.984251968503937,125.0
127,8,1016,891,0.8769685039370079,125,0.12303149606299213,0,f607a25acb33f6d075c1,127,64,0.5039370078740157,127,107,0.84251968503937,0.9650043744531932,122.55555555555556,0.9803149606299213,124.5
127,8,1016,879,0.8651574803149606,137,0.13484251968503938,1,f607a25acb33f6d075c1,127,67,0.5275590551181102,127,105,0.8267716535433071,0.9615048118985128,122.11111111111111,0.9783464566929134,124.25
127,8,1016,911,0.8966535433070866,105,0.10334645669291338,0,f6dd8ff341515260d4cb,127,82,0.6456692913385826,127,115,0.905511811023622,0.9790026246719159,124.33333333333333,0.9881889763779528,125.5
127,8,1016,896,0.8818897637795275,120,0.11811023622047244,1,f6dd8ff341515260d4cb,127,70,0.5511811023622047,127,108,0.8503937007874016,0.9667541557305337,122.77777777777777,0.9812992125984252,124.625
127,8,1016,905,0.890748031496063,111,0.10925196850393701,0,f6f8677e1aeefc09a04f,127,77,0.6062992125984252,127,111,0.8740157480314961,0.9706036745406824,123.26666666666667,0.9832677165354331,124.875
127,8,1016,885,0.8710629921259843,131,0.12893700787401574,1,f6f8677e1aeefc09a04f,127,71,0.5590551181102362,127,105,0.8267716535433071,0.9615048118985127,122.11111111111111,0.9783464566929134,124.25
127,8,1016,918,0.9035433070866141,98,0.09645669291338582,0,f7161b47275b97c6fb82,127,83,0.6535433070866141,127,114,0.8976377952755905,0.9772528433945757,124.11111111111111,0.9872047244094488,125.375
127,8,1016,912,0.8976377952755905,104,0.10236220472440945,1,f7161b47275b97c6fb82,127,75,0.5905511811023622,127,105,0.8267716535433071,0.9615048118985126,122.11111111111111,0.9783464566929134,124.25
127,8,1016,900,0.8858267716535433,116,0.1141732283464567,0,f7235228f8e221be40e0,127,73,0.5748031496062992,127,115,0.905511811023622,0.9790026246719161,124.33333333333333,0.9881889763779528,125.5
127,8,1016,870,0.8562992125984252,146,0.1437007874015748,1,f7235228f8e221be40e0,127,63,0.49606299212598426,127,103,0.8110236220472441,0.9566054243219597,121.4888888888889,0.9753937007874016,123.875
127,8,1016,905,0.890748031496063,111,0.10925196850393701,0,f765a88495d61ef8fb00,127,78,0.6141732283464567,127,111,0.8740157480314961,0.9720034995625548,123.44444444444444,0.984251968503937,125.0
127,8,1016,885,0.8710629921259843,131,0.12893700787401574,1,f765a88495d61ef8fb00,127,63,0.49606299212598426,127,111,0.8740157480314961,0.9720034995625548,123.44444444444444,0.984251968503937,125.0
127,8,1016,916,0.9015748031496063,100,0.0984251968503937,0,f7b04a9eb798f66c1982,127,83,0.6535433070866141,127,112,0.8818897637795275,0.9737532808398951,123.66666666666667,0.985236220472441,125.125
127,8,1016,876,0.8622047244094488,140,0.1377952755905512,1,f7b04a9eb798f66c1982,127,63,0.49606299212598426,127,108,0.8503937007874016,0.9667541557305338,122.77777777777777,0.9812992125984252,124.625
127,8,1016,904,0.889763779527559,112,0.11023622047244094,0,f7b31d9c7603bfc99f41,127,76,0.5984251968503937,127,111,0.8740157480314961,0.9720034995625548,123.44444444444444,0.984251968503937,125.0
127,8,1016,892,0.8779527559055118,124,0.1220472440944882,1,f7b31d9c7603bfc99f41,127,69,0.5433070866141733,127,105,0.8267716535433071,0.9615048118985128,122.11111111111111,0.9783464566929134,124.25
127,8,1016,879,0.8651574803149606,137,0.13484251968503938,0,f8161d92d5e0dcf1cce3,127,69,0.5433070866141733,127,113,0.889763779527559,0.9755030621172355,123.88888888888889,0.9862204724409449,125.25
127,8,1016,885,0.8710629921259843,131,0.12893700787401574,1,f8161d92d5e0dcf1cce3,127,71,0.5590551181102362,127,105,0.8267716535433071,0.9615048118985127,122.11111111111111,0.9783464566929134,124.25
127,8,1016,900,0.8858267716535433,116,0.1141732283464567,0,f8522bf1b1649196dabf,127,74,0.5826771653543307,127,112,0.8818897637795275,0.9737532808398951,123.66666666666667,0.985236220472441,125.125
127,8,1016,866,0.8523622047244095,150,0.14763779527559054,1,f8522bf1b1649196dabf,127,63,0.49606299212598426,127,110,0.8661417322834646,0.9688538932633421,123.04444444444445,0.9822834645669292,124.75
127,8,1016,908,0.8937007874015748,108,0.1062992125984252,0,f8b7d673208f4703d173,127,77,0.6062992125984252,127,114,0.8976377952755905,0.9772528433945757,124.11111111111111,0.9872047244094488,125.375
127,8,1016,872,0.8582677165354331,144,0.14173228346456693,1,f8b7d673208f4703d173,127,59,0.4645669291338583,127,104,0.8188976377952756,0.9597550306211723,121.88888888888889,0.9773622047244095,124.125
127,8,1016,898,0.8838582677165354,118,0.11614173228346457,0,f913721fcb7ea89e83db,127,72,0.5669291338582677,127,107,0.84251968503937,0.9650043744531933,122.55555555555556,0.9803149606299213,124.5
127,8,1016,846,0.8326771653543307,170,0.1673228346456693,1,f913721fcb7ea89e83db,127,60,0.47244094488188976,127,111,0.8740157480314961,0.9720034995625548,123.44444444444444,0.984251968503937,125.0
127,8,1016,875,0.8612204724409449,141,0.13877952755905512,0,f9234eab6995d6951a8a,127,64,0.5039370078740157,127,114,0.8976377952755905,0.9772528433945757,124.11111111111111,0.9872047244094488,125.375
127,8,1016,889,0.875,127,0.125,1,f9234eab6995d6951a8a,127,65,0.5118110236220472,127,106,0.8346456692913385,0.963254593175853,122.33333333333333,0.9793307086614174,124.375
60,8,480,436,0.9083333333333333,44,0.09166666666666666,0,fa9d275badf610a1379e,60,40,0.6666666666666666,60,54,0.9,0.9777777777777777,58.666666666666664,0.9875,59.25
60,8,480,389,0.8104166666666667,91,0.18958333333333333,1,fa9d275badf610a1379e,60,22,0.36666666666666664,60,49,0.8166666666666667,0.9562962962962962,57.37777777777778,0.975,58.5
127,8,1016,917,0.9025590551181102,99,0.09744094488188976,0,fad300d8fd6577e50bbc,127,82,0.6456692913385826,127,113,0.889763779527559,0.9755030621172355,123.88888888888889,0.9862204724409449,125.25
127,8,1016,846,0.8326771653543307,170,0.1673228346456693,1,fad300d8fd6577e50bbc,127,57,0.44881889763779526,127,109,0.8582677165354331,0.9671041119860018,122.82222222222222,0.9812992125984252,124.625
127,8,1016,931,0.9163385826771654,85,0.08366141732283465,0,fad7a7bed044b720b4b1,127,83,0.6535433070866141,127,110,0.8661417322834646,0.9688538932633421,123.04444444444445,0.9822834645669292,124.75
127,8,1016,883,0.8690944881889764,133,0.1309055118110236,1,fad7a7bed044b720b4b1,127,66,0.5196850393700787,127,111,0.8740157480314961,0.9720034995625548,123.44444444444444,0.984251968503937,125.0
127,8,1016,904,0.889763779527559,112,0.11023622047244094,0,fae09243181a7d6bf3ec,127,79,0.6220472440944882,127,115,0.905511811023622,0.9776027996500438,124.15555555555555,0.9872047244094488,125.375
127,8,1016,887,0.8730314960629921,129,0.12696850393700787,1,fae09243181a7d6bf3ec,127,67,0.5275590551181102,127,106,0.8346456692913385,0.9632545931758528,122.33333333333333,0.9793307086614174,124.375
127,8,1016,929,0.9143700787401575,87,0.08562992125984252,0,fb4a2ad326742a7daba7,127,84,0.6614173228346457,127,116,0.9133858267716536,0.9807524059492565,124.55555555555556,0.9891732283464567,125.625
127,8,1016,837,0.8238188976377953,179,0.17618110236220472,1,fb4a2ad326742a7daba7,127,62,0.4881889763779528,127,104,0.8188976377952756,0.9597550306211723,121.88888888888889,0.9773622047244095,124.125
127,8,1016,901,0.8868110236220472,115,0.11318897637795275,0,fb52f03e456f4681f727,127,73,0.5748031496062992,127,112,0.8818897637795275,0.9737532808398952,123.66666666666667,0.985236220472441,125.125
127,8,1016,867,0.8533464566929134,149,0.1466535433070866,1,fb52f03e456f4681f727,127,64,0.5039370078740157,127,101,0.7952755905511811,0.9545056867891514,121.22222222222223,0.9744094488188977,123.75
127,8,1016,889,0.875,127,0.125,0,fb7cd58efb77536b7e5a,127,72,0.5669291338582677,127,116,0.9133858267716536,0.9807524059492564,124.55555555555556,0.9891732283464567,125.625
127,8,1016,877,0.8631889763779528,139,0.13681102362204725,1,fb7cd58efb77536b7e5a,127,68,0.5354330708661418,127,114,0.8976377952755905,0.9758530183727034,123.93333333333334,0.9862204724409449,125.25
127,8,1016,908,0.8937007874015748,108,0.1062992125984252,0,fc015de10f6cf890ad72,127,72,0.5669291338582677,127,112,0.8818897637795275,0.9737532808398952,123.66666666666667,0.985236220472441,125.125
127,8,1016,875,0.8612204724409449,141,0.13877952755905512,1,fc015de10f6cf890ad72,127,66,0.5196850393700787,127,106,0.8346456692913385,0.9618547681539809,122.15555555555555,0.9783464566929134,124.25
104,8,832,744,0.8942307692307693,88,0.10576923076923077,0,fd593d5b54a62fcffca1,104,63,0.6057692307692307,104,92,0.8846153846153846,0.9743589743589745,101.33333333333333,0.9855769230769231,102.5
104,8,832,718,0.8629807692307693,114,0.13701923076923078,1,fd593d5b54a62fcffca1,104,53,0.5096153846153846,104,93,0.8942307692307693,0.9764957264957267,101.55555555555556,0.9867788461538461,102.625
127,8,1016,918,0.9035433070866141,98,0.09645669291338582,0,fd91b59bb2c549b95df7,127,82,0.6456692913385826,127,119,0.937007874015748,0.9860017497812774,125.22222222222223,0.9921259842519685,126.0
127,8,1016,877,0.8631889763779528,139,0.13681102362204725,1,fd91b59bb2c549b95df7,127,68,0.5354330708661418,127,112,0.8818897637795275,0.9737532808398951,123.66666666666667,0.985236220472441,125.125
127,8,1016,905,0.890748031496063,111,0.10925196850393701,0,fdfcb33b753deea08692,127,78,0.6141732283464567,127,124,0.9763779527559056,0.9947506561679791,126.33333333333333,0.9970472440944882,126.625
127,8,1016,860,0.8464566929133859,156,0.15354330708661418,1,fdfcb33b753deea08692,127,60,0.47244094488188976,127,106,0.8346456692913385,0.9632545931758529,122.33333333333333,0.9793307086614174,124.375
127,8,1016,901,0.8868110236220472,115,0.11318897637795275,0,fe4a3d67806d76a98fae,127,72,0.5669291338582677,127,116,0.9133858267716536,0.9807524059492564,124.55555555555556,0.9891732283464567,125.625
127,8,1016,890,0.8759842519685039,126,0.12401574803149606,1,fe4a3d67806d76a98fae,127,65,0.5118110236220472,127,107,0.84251968503937,0.9650043744531934,122.55555555555556,0.9803149606299213,124.5
127,8,1016,908,0.8937007874015748,108,0.1062992125984252,0,fe4cffdc58d7f1e1a293,127,83,0.6535433070866141,127,116,0.9133858267716536,0.9807524059492564,124.55555555555556,0.9891732283464567,125.625
127,8,1016,870,0.8562992125984252,146,0.1437007874015748,1,fe4cffdc58d7f1e1a293,127,63,0.49606299212598426,127,111,0.8740157480314961,0.9720034995625548,123.44444444444444,0.984251968503937,125.0
127,8,1016,918,0.9035433070866141,98,0.09645669291338582,0,fe6b5ef3198d755075f3,127,84,0.6614173228346457,127,116,0.9133858267716536,0.9807524059492564,124.55555555555556,0.9891732283464567,125.625
127,8,1016,901,0.8868110236220472,115,0.11318897637795275,1,fe6b5ef3198d755075f3,127,78,0.6141732283464567,127,112,0.8818897637795275,0.973753280839895,123.66666666666667,0.985236220472441,125.125
127,8,1016,927,0.9124015748031497,89,0.08759842519685039,0,ff1a9c5e2203db4473c6,127,86,0.6771653543307087,127,119,0.937007874015748,0.9860017497812774,125.22222222222223,0.9921259842519685,126.0
127,8,1016,901,0.8868110236220472,115,0.11318897637795275,1,ff1a9c5e2203db4473c6,127,75,0.5905511811023622,127,112,0.8818897637795275,0.9737532808398951,123.66666666666667,0.985236220472441,125.125
127,8,1016,903,0.8887795275590551,113,0.11122047244094488,0,ff6072c8813e42e04c48,127,75,0.5905511811023622,127,111,0.8740157480314961,0.9706036745406824,123.26666666666667,0.9832677165354331,124.875
127,8,1016,895,0.8809055118110236,121,0.11909448818897637,1,ff6072c8813e42e04c48,127,72,0.5669291338582677,127,115,0.905511811023622,0.9790026246719161,124.33333333333333,0.9881889763779528,125.5
127,8,1016,904,0.889763779527559,112,0.11023622047244094,0,ff63d5d0021722cb25c1,127,78,0.6141732283464567,127,120,0.9448818897637795,0.9877515310586177,125.44444444444444,0.9931102362204725,126.125
127,8,1016,859,0.8454724409448819,157,0.1545275590551181,1,ff63d5d0021722cb25c1,127,65,0.5118110236220472,127,110,0.8661417322834646,0.9702537182852143,123.22222222222223,0.9832677165354331,124.875
127,8,1016,869,0.8553149606299213,147,0.14468503937007873,0,ff695148bbfc18ebb614,127,60,0.47244094488188976,127,105,0.8267716535433071,0.9615048118985127,122.11111111111111,0.9783464566929134,124.25
127,8,1016,864,0.8503937007874016,152,0.14960629921259844,1,ff695148bbfc18ebb614,127,58,0.4566929133858268,127,106,0.8346456692913385,0.963254593175853,122.33333333333333,0.9793307086614174,124.375
88,8,704,628,0.8920454545454546,76,0.10795454545454546,0,ff7b7a3a96c67f89ba19,88,55,0.625,88,77,0.875,0.9722222222222224,85.55555555555556,0.984375,86.625
88,8,704,604,0.8579545454545454,100,0.14204545454545456,1,ff7b7a3a96c67f89ba19,88,44,0.5,88,75,0.8522727272727273,0.9671717171717172,85.11111111111111,0.9815340909090909,86.375
127,8,1016,901,0.8868110236220472,115,0.11318897637795275,0,ffa9abdf662cfcc625ac,127,75,0.5905511811023622,127,113,0.889763779527559,0.9755030621172354,123.88888888888889,0.9862204724409449,125.25
127,8,1016,880,0.8661417322834646,136,0.13385826771653545,1,ffa9abdf662cfcc625ac,127,60,0.47244094488188976,127,106,0.8346456692913385,0.963254593175853,122.33333333333333,0.9793307086614174,124.375
127,8,1016,911,0.8966535433070866,105,0.10334645669291338,0,ffc63ef1ee5b72090bcf,127,82,0.6456692913385826,127,115,0.905511811023622,0.9776027996500438,124.15555555555555,0.9872047244094488,125.375
127,8,1016,860,0.8464566929133859,156,0.15354330708661418,1,ffc63ef1ee5b72090bcf,127,59,0.4645669291338583,127,107,0.84251968503937,0.9650043744531934,122.55555555555556,0.9803149606299213,124.5
127,8,1016,890,0.8759842519685039,126,0.12401574803149606,0,ffe9f5f93121cd2df5ca,127,69,0.5433070866141733,127,110,0.8661417322834646,0.9702537182852145,123.22222222222223,0.9832677165354331,124.875
127,8,1016,869,0.8553149606299213,147,0.14468503937007873,1,ffe9f5f93121cd2df5ca,127,69,0.5433070866141733,127,112,0.8818897637795275,0.973753280839895,123.66666666666667,0.985236220472441,125.125
