category,common_layers,common_len,common_topk,compared_entries,comparison_kind,entry_match_count,entry_match_rate,entry_mismatch_count,entry_mismatch_rate,expected_gen_route_len,expected_length_match,expected_overlap_len,expected_prefill_route_len,gen_overlap_offset,gen_prefix_ignored,gen_route_start,gen_shape,gen_tail_ignored,inferred_shape_match,input_token_count,layer_topk_shape_match,output_token_count,overlap_end,overlap_start,prefill_overlap_offset,prefill_prefix_ignored,prefill_route_start,prefill_shape,prefill_tail_ignored,raw_common_layers,raw_shape_match,sample_id,selected_layers,shape_status,source_model,status,target_input_tokens,token_count,token_layer_count,token_layer_match_count,token_layer_match_rate,token_layer_set_count,token_layer_set_match_count,token_layer_set_match_rate,token_match_count,token_match_rate,topk_jaccard_mean,topk_jaccard_sum,topk_overlap_mean,topk_overlap_sum,verifier_model
logs,2,64,8,1024,cross_model,915,0.8935546875,109,0.1064453125,96,True,64,65,32,32,0,"[96, 40, 8]",0,True,32,True,65,96,32,0,0,32,"[65, 40, 8]",1,40,False,0003c1ab20d811680fab,"0,1",expected_aligned_shape,Qwen/Qwen3.6-35B-A3B,ok,32,64,128,79,0.6171875,128,119,0.9296875,25,0.390625,0.984375,126.0,0.9912109375,126.875,Qwen/Qwen3.6-35B-A3B-FP8
short_qa,2,127,8,2032,cross_model,1820,0.8956692913385826,212,0.10433070866141732,165,True,127,128,38,38,0,"[165, 40, 8]",0,True,38,True,128,165,38,0,0,38,"[128, 40, 8]",1,40,False,00948d836971f053bbf9,"0,1",expected_aligned_shape,Qwen/Qwen3.6-35B-A3B,ok,32,127,254,154,0.6062992125984252,254,222,0.8740157480314961,46,0.36220472440944884,0.9720034995625547,246.88888888888889,0.984251968503937,250.0,Qwen/Qwen3.6-35B-A3B-FP8
json_structured,2,127,8,2032,cross_model,1772,0.8720472440944882,260,0.1279527559055118,159,True,127,128,32,32,0,"[159, 40, 8]",0,True,32,True,128,159,32,0,0,32,"[128, 40, 8]",1,40,False,00afd811d2fb32cde01b,"0,1",expected_aligned_shape,Qwen/Qwen3.6-35B-A3B,ok,32,127,254,142,0.5590551181102362,254,229,0.9015748031496063,42,0.33070866141732286,0.9781277340332459,248.44444444444446,0.9876968503937008,250.875,Qwen/Qwen3.6-35B-A3B-FP8
chat,2,127,8,2032,cross_model,1784,0.8779527559055118,248,0.1220472440944882,159,True,127,128,32,32,0,"[159, 40, 8]",0,True,32,True,128,159,32,0,0,32,"[128, 40, 8]",1,40,False,00c5b0bb8b418f1087d2,"0,1",expected_aligned_shape,Qwen/Qwen3.6-35B-A3B,ok,32,127,254,149,0.5866141732283464,254,229,0.9015748031496063,47,0.3700787401574803,0.9781277340332459,248.44444444444446,0.9876968503937008,250.875,Qwen/Qwen3.6-35B-A3B-FP8
mixed_language,2,127,8,2032,cross_model,1728,0.8503937007874016,304,0.14960629921259844,159,True,127,128,32,32,0,"[159, 40, 8]",0,True,32,True,128,159,32,0,0,32,"[128, 40, 8]",1,40,False,00ea1d2b9e3c897033ae,"0,1",expected_aligned_shape,Qwen/Qwen3.6-35B-A3B,ok,32,127,254,122,0.48031496062992124,254,212,0.8346456692913385,35,0.2755905511811024,0.9632545931758529,244.66666666666666,0.9793307086614174,248.75,Qwen/Qwen3.6-35B-A3B-FP8
json_structured,2,127,8,2032,cross_model,1771,0.8715551181102362,261,0.12844488188976377,159,True,127,128,32,32,0,"[159, 40, 8]",0,True,32,True,128,159,32,0,0,32,"[128, 40, 8]",1,40,False,01159c067d84ad43a166,"0,1",expected_aligned_shape,Qwen/Qwen3.6-35B-A3B,ok,32,127,254,147,0.5787401574803149,254,231,0.9094488188976378,49,0.3858267716535433,0.97917760279965,248.7111111111111,0.9881889763779528,251.0,Qwen/Qwen3.6-35B-A3B-FP8
math_numeric,2,127,8,2032,cross_model,1696,0.8346456692913385,336,0.16535433070866143,159,True,127,128,32,32,0,"[159, 40, 8]",0,True,32,True,128,159,32,0,0,32,"[128, 40, 8]",1,40,False,014c2c850a48d8d32f72,"0,1",expected_aligned_shape,Qwen/Qwen3.6-35B-A3B,ok,32,127,254,115,0.452755905511811,254,201,0.7913385826771654,24,0.1889763779527559,0.9536307961504812,242.22222222222223,0.9739173228346457,247.375,Qwen/Qwen3.6-35B-A3B-FP8
low_margin,2,127,8,2032,cross_model,1786,0.8789370078740157,246,0.12106299212598425,167,True,127,128,40,40,0,"[167, 40, 8]",0,True,40,True,128,167,40,0,0,40,"[128, 40, 8]",1,40,False,014ff27d5116c25971aa,"0,1",expected_aligned_shape,Qwen/Qwen3.6-35B-A3B,ok,32,127,254,140,0.5511811023622047,254,228,0.8976377952755905,37,0.29133858267716534,0.9772528433945757,248.22222222222223,0.9872047244094488,250.75,Qwen/Qwen3.6-35B-A3B-FP8
logs,2,127,8,2032,cross_model,1777,0.874507874015748,255,0.12549212598425197,159,True,127,128,32,32,0,"[159, 40, 8]",0,True,32,True,128,159,32,0,0,32,"[128, 40, 8]",1,40,False,0167de77ade28a1387ba,"0,1",expected_aligned_shape,Qwen/Qwen3.6-35B-A3B,ok,32,127,254,139,0.547244094488189,254,218,0.8582677165354331,37,0.29133858267716534,0.968503937007874,246.0,0.9822834645669292,249.5,Qwen/Qwen3.6-35B-A3B-FP8
summarization,2,127,8,2032,cross_model,1797,0.8843503937007874,235,0.1156496062992126,167,True,127,128,40,40,0,"[167, 40, 8]",0,True,40,True,128,167,40,0,0,40,"[128, 40, 8]",1,40,False,022f9baa16bf97afecb7,"0,1",expected_aligned_shape,Qwen/Qwen3.6-35B-A3B,ok,32,127,254,150,0.5905511811023622,254,227,0.8937007874015748,43,0.33858267716535434,0.9763779527559056,248.0,0.9867125984251969,250.625,Qwen/Qwen3.6-35B-A3B-FP8
logs,2,127,8,2032,cross_model,1811,0.8912401574803149,221,0.10875984251968504,159,True,127,128,32,32,0,"[159, 40, 8]",0,True,32,True,128,159,32,0,0,32,"[128, 40, 8]",1,40,False,0250f87838b3c4e749b5,"0,1",expected_aligned_shape,Qwen/Qwen3.6-35B-A3B,ok,32,127,254,152,0.5984251968503937,254,230,0.905511811023622,51,0.4015748031496063,0.9790026246719161,248.66666666666666,0.9881889763779528,251.0,Qwen/Qwen3.6-35B-A3B-FP8
chat,2,127,8,2032,cross_model,1761,0.8666338582677166,271,0.13336614173228348,167,True,127,128,40,40,0,"[167, 40, 8]",0,True,40,True,128,167,40,0,0,40,"[128, 40, 8]",1,40,False,027150b07a186d142ae6,"0,1",expected_aligned_shape,Qwen/Qwen3.6-35B-A3B,ok,32,127,254,135,0.531496062992126,254,227,0.8937007874015748,41,0.3228346456692913,0.9763779527559056,248.0,0.9867125984251969,250.625,Qwen/Qwen3.6-35B-A3B-FP8
needle,2,127,8,2032,cross_model,1754,0.8631889763779528,278,0.13681102362204725,159,True,127,128,32,32,0,"[159, 40, 8]",0,True,32,True,128,159,32,0,0,32,"[128, 40, 8]",1,40,False,02a3fef10ad703b70508,"0,1",expected_aligned_shape,Qwen/Qwen3.6-35B-A3B,ok,32,127,254,130,0.5118110236220472,254,221,0.8700787401574803,33,0.25984251968503935,0.9704286964129485,246.48888888888888,0.9832677165354331,249.75,Qwen/Qwen3.6-35B-A3B-FP8
logs,2,127,8,2032,cross_model,1793,0.8823818897637795,239,0.11761811023622047,159,True,127,128,32,32,0,"[159, 40, 8]",0,True,32,True,128,159,32,0,0,32,"[128, 40, 8]",1,40,False,03475cd4ee88e0e9400a,"0,1",expected_aligned_shape,Qwen/Qwen3.6-35B-A3B,ok,32,127,254,147,0.5787401574803149,254,218,0.8582677165354331,44,0.3464566929133858,0.967804024496938,245.82222222222222,0.9817913385826772,249.375,Qwen/Qwen3.6-35B-A3B-FP8
low_margin,2,127,8,2032,cross_model,1810,0.890748031496063,222,0.10925196850393701,167,True,127,128,40,40,0,"[167, 40, 8]",0,True,40,True,128,167,40,0,0,40,"[128, 40, 8]",1,40,False,0364b7d8d89c84a3bd6d,"0,1",expected_aligned_shape,Qwen/Qwen3.6-35B-A3B,ok,32,127,254,155,0.610236220472441,254,227,0.8937007874015748,46,0.36220472440944884,0.9756780402449694,247.82222222222222,0.9862204724409449,250.5,Qwen/Qwen3.6-35B-A3B-FP8
json_structured,2,127,8,2032,cross_model,1800,0.8858267716535433,232,0.1141732283464567,167,True,127,128,40,40,0,"[167, 40, 8]",0,True,40,True,128,167,40,0,0,40,"[128, 40, 8]",1,40,False,0394d59a86c26188b0e5,"0,1",expected_aligned_shape,Qwen/Qwen3.6-35B-A3B,ok,32,127,254,144,0.5669291338582677,254,221,0.8700787401574803,45,0.3543307086614173,0.9711286089238846,246.66666666666666,0.9837598425196851,249.875,Qwen/Qwen3.6-35B-A3B-FP8
code,2,127,8,2032,cross_model,1745,0.8587598425196851,287,0.14124015748031496,159,True,127,128,32,32,0,"[159, 40, 8]",0,True,32,True,128,159,32,0,0,32,"[128, 40, 8]",1,40,False,03abe1c0830e3621b532,"0,1",expected_aligned_shape,Qwen/Qwen3.6-35B-A3B,ok,32,127,254,128,0.5039370078740157,254,220,0.8661417322834646,32,0.25196850393700787,0.9702537182852143,246.44444444444446,0.9832677165354331,249.75,Qwen/Qwen3.6-35B-A3B-FP8
chat,2,127,8,2032,cross_model,1811,0.8912401574803149,221,0.10875984251968504,159,True,127,128,32,32,0,"[159, 40, 8]",0,True,32,True,128,159,32,0,0,32,"[128, 40, 8]",1,40,False,03adb09fa2be78c52cff,"0,1",expected_aligned_shape,Qwen/Qwen3.6-35B-A3B,ok,32,127,254,151,0.594488188976378,254,226,0.889763779527559,40,0.31496062992125984,0.9748031496062992,247.6,0.9857283464566929,250.375,Qwen/Qwen3.6-35B-A3B-FP8
json_structured,2,127,8,2032,cross_model,1784,0.8779527559055118,248,0.1220472440944882,159,True,127,128,32,32,0,"[159, 40, 8]",0,True,32,True,128,159,32,0,0,32,"[128, 40, 8]",1,40,False,03be0a1c2e15e0e45156,"0,1",expected_aligned_shape,Qwen/Qwen3.6-35B-A3B,ok,32,127,254,147,0.5787401574803149,254,221,0.8700787401574803,44,0.3464566929133858,0.9704286964129485,246.48888888888888,0.9832677165354331,249.75,Qwen/Qwen3.6-35B-A3B-FP8
needle,2,127,8,2032,cross_model,1779,0.875492125984252,253,0.12450787401574803,159,True,127,128,32,32,0,"[159, 40, 8]",0,True,32,True,128,159,32,0,0,32,"[128, 40, 8]",1,40,False,03c274dea50b8653f42a,"0,1",expected_aligned_shape,Qwen/Qwen3.6-35B-A3B,ok,32,127,254,142,0.5590551181102362,254,228,0.8976377952755905,39,0.30708661417322836,0.9765529308836395,248.04444444444445,0.9867125984251969,250.625,Qwen/Qwen3.6-35B-A3B-FP8
math_numeric,2,127,8,2032,cross_model,1311,0.6451771653543307,721,0.35482283464566927,159,True,127,128,32,32,0,"[159, 40, 8]",0,True,32,True,128,159,32,0,0,32,"[128, 40, 8]",1,40,False,03d767a5e1b20a947895,"0,1",expected_aligned_shape,Qwen/Qwen3.6-35B-A3B,ok,32,127,254,69,0.27165354330708663,254,131,0.515748031496063,9,0.07086614173228346,0.8647737214666349,219.65252525252527,0.9197834645669292,233.625,Qwen/Qwen3.6-35B-A3B-FP8
low_margin,2,127,8,2032,cross_model,1806,0.8887795275590551,226,0.11122047244094488,167,True,127,128,40,40,0,"[167, 40, 8]",0,True,40,True,128,167,40,0,0,40,"[128, 40, 8]",1,40,False,043a64a79e93471ae3d3,"0,1",expected_aligned_shape,Qwen/Qwen3.6-35B-A3B,ok,32,127,254,147,0.5787401574803149,254,227,0.8937007874015748,38,0.2992125984251969,0.9756780402449694,247.82222222222222,0.9862204724409449,250.5,Qwen/Qwen3.6-35B-A3B-FP8
logs,2,127,8,2032,cross_model,1777,0.874507874015748,255,0.12549212598425197,159,True,127,128,32,32,0,"[159, 40, 8]",0,True,32,True,128,159,32,0,0,32,"[128, 40, 8]",1,40,False,0458db6cb441016028c1,"0,1",expected_aligned_shape,Qwen/Qwen3.6-35B-A3B,ok,32,127,254,143,0.562992125984252,254,218,0.8582677165354331,39,0.30708661417322836,0.9685039370078742,246.0,0.9822834645669292,249.5,Qwen/Qwen3.6-35B-A3B-FP8
short_qa,2,127,8,2032,cross_model,1782,0.8769685039370079,250,0.12303149606299213,159,True,127,128,32,32,0,"[159, 40, 8]",0,True,32,True,128,159,32,0,0,32,"[128, 40, 8]",1,40,False,052429e5e8da268aba0c,"0,1",expected_aligned_shape,Qwen/Qwen3.6-35B-A3B,ok,32,127,254,145,0.5708661417322834,254,227,0.8937007874015748,45,0.3543307086614173,0.9763779527559056,248.0,0.9867125984251969,250.625,Qwen/Qwen3.6-35B-A3B-FP8
json_structured,2,127,8,2032,cross_model,1801,0.8863188976377953,231,0.11368110236220473,159,True,127,128,32,32,0,"[159, 40, 8]",0,True,32,True,128,159,32,0,0,32,"[128, 40, 8]",1,40,False,0535c319f96a2e59930c,"0,1",expected_aligned_shape,Qwen/Qwen3.6-35B-A3B,ok,32,127,254,150,0.5905511811023622,254,216,0.8503937007874016,49,0.3858267716535433,0.9660542432195975,245.37777777777777,0.9808070866141733,249.125,Qwen/Qwen3.6-35B-A3B-FP8
json_structured,2,127,8,2032,cross_model,1807,0.8892716535433071,225,0.11072834645669291,167,True,127,128,40,40,0,"[167, 40, 8]",0,True,40,True,128,167,40,0,0,40,"[128, 40, 8]",1,40,False,053a2c30dc8141a42ebd,"0,1",expected_aligned_shape,Qwen/Qwen3.6-35B-A3B,ok,32,127,254,147,0.5787401574803149,254,230,0.905511811023622,43,0.33858267716535434,0.9790026246719161,248.66666666666666,0.9881889763779528,251.0,Qwen/Qwen3.6-35B-A3B-FP8
mixed_language,2,91,8,1456,cross_model,1293,0.8880494505494505,163,0.11195054945054946,123,True,91,92,32,32,0,"[123, 40, 8]",0,True,32,True,92,123,32,0,0,32,"[92, 40, 8]",1,40,False,0550f5a69608c8b20c6c,"0,1",expected_aligned_shape,Qwen/Qwen3.6-35B-A3B,ok,32,91,182,115,0.6318681318681318,182,166,0.9120879120879121,36,0.3956043956043956,0.9804639804639805,178.44444444444446,0.989010989010989,180.0,Qwen/Qwen3.6-35B-A3B-FP8
short_qa,2,127,8,2032,cross_model,1808,0.889763779527559,224,0.11023622047244094,159,True,127,128,32,32,0,"[159, 40, 8]",0,True,32,True,128,159,32,0,0,32,"[128, 40, 8]",1,40,False,05736d3838eb45691aa1,"0,1",expected_aligned_shape,Qwen/Qwen3.6-35B-A3B,ok,32,127,254,156,0.6141732283464567,254,222,0.8740157480314961,48,0.3779527559055118,0.9713035870516186,246.7111111111111,0.9837598425196851,249.875,Qwen/Qwen3.6-35B-A3B-FP8
code,2,127,8,2032,cross_model,1821,0.8961614173228346,211,0.10383858267716535,159,True,127,128,32,32,0,"[159, 40, 8]",0,True,32,True,128,159,32,0,0,32,"[128, 40, 8]",1,40,False,05896e4c2e31c0463be8,"0,1",expected_aligned_shape,Qwen/Qwen3.6-35B-A3B,ok,32,127,254,160,0.6299212598425197,254,227,0.8937007874015748,53,0.41732283464566927,0.9763779527559056,248.0,0.9867125984251969,250.625,Qwen/Qwen3.6-35B-A3B-FP8
chat,2,127,8,2032,cross_model,1773,0.8725393700787402,259,0.12746062992125984,159,True,127,128,32,32,0,"[159, 40, 8]",0,True,32,True,128,159,32,0,0,32,"[128, 40, 8]",1,40,False,0593f0e9c85452fe8e24,"0,1",expected_aligned_shape,Qwen/Qwen3.6-35B-A3B,ok,32,127,254,136,0.5354330708661418,254,223,0.8779527559055118,34,0.2677165354330709,0.9728783902012249,247.11111111111111,0.984744094488189,250.125,Qwen/Qwen3.6-35B-A3B-FP8
code,2,127,8,2032,cross_model,1767,0.8695866141732284,265,0.13041338582677164,166,True,127,128,39,39,0,"[166, 40, 8]",0,True,39,True,128,166,39,0,0,39,"[128, 40, 8]",1,40,False,05cb08913232321b25ad,"0,1",expected_aligned_shape,Qwen/Qwen3.6-35B-A3B,ok,32,127,254,137,0.5393700787401575,254,224,0.8818897637795275,41,0.3228346456692913,0.9737532808398951,247.33333333333334,0.985236220472441,250.25,Qwen/Qwen3.6-35B-A3B-FP8
code,2,127,8,2032,cross_model,1831,0.9010826771653543,201,0.09891732283464567,159,True,127,128,32,32,0,"[159, 40, 8]",0,True,32,True,128,159,32,0,0,32,"[128, 40, 8]",1,40,False,066466fff38704063913,"0,1",expected_aligned_shape,Qwen/Qwen3.6-35B-A3B,ok,32,127,254,159,0.6259842519685039,254,233,0.9173228346456693,51,0.4015748031496063,0.9816272965879265,249.33333333333334,0.9896653543307087,251.375,Qwen/Qwen3.6-35B-A3B-FP8
low_margin,2,127,8,2032,cross_model,1812,0.8917322834645669,220,0.10826771653543307,167,True,127,128,40,40,0,"[167, 40, 8]",0,True,40,True,128,167,40,0,0,40,"[128, 40, 8]",1,40,False,067a5b649600bb1d1857,"0,1",expected_aligned_shape,Qwen/Qwen3.6-35B-A3B,ok,32,127,254,158,0.6220472440944882,254,227,0.8937007874015748,52,0.4094488188976378,0.9756780402449694,247.82222222222222,0.9862204724409449,250.5,Qwen/Qwen3.6-35B-A3B-FP8
summarization,2,127,8,2032,cross_model,1795,0.8833661417322834,237,0.11663385826771654,163,True,127,128,36,36,0,"[163, 40, 8]",0,True,36,True,128,163,36,0,0,36,"[128, 40, 8]",1,40,False,06a9a91525cb5e2f7857,"0,1",expected_aligned_shape,Qwen/Qwen3.6-35B-A3B,ok,32,127,254,152,0.5984251968503937,254,225,0.8858267716535433,39,0.30708661417322836,0.9746281714785654,247.55555555555554,0.9857283464566929,250.375,Qwen/Qwen3.6-35B-A3B-FP8
logs,2,104,8,1664,cross_model,1475,0.8864182692307693,189,0.11358173076923077,136,True,104,105,32,32,0,"[136, 40, 8]",0,True,32,True,105,136,32,0,0,32,"[105, 40, 8]",1,40,False,06b3454c80bf47dde168,"0,1",expected_aligned_shape,Qwen/Qwen3.6-35B-A3B,ok,32,104,208,119,0.5721153846153846,208,187,0.8990384615384616,39,0.375,0.9775641025641026,203.33333333333334,0.9873798076923077,205.375,Qwen/Qwen3.6-35B-A3B-FP8
short_qa,2,127,8,2032,cross_model,1804,0.8877952755905512,228,0.11220472440944881,166,True,127,128,39,39,0,"[166, 40, 8]",0,True,39,True,128,166,39,0,0,39,"[128, 40, 8]",1,40,False,071a13009e9aea8f5165,"0,1",expected_aligned_shape,Qwen/Qwen3.6-35B-A3B,ok,32,127,254,150,0.5905511811023622,254,228,0.8976377952755905,44,0.3464566929133858,0.9772528433945757,248.22222222222223,0.9872047244094488,250.75,Qwen/Qwen3.6-35B-A3B-FP8
mixed_language,2,127,8,2032,cross_model,1802,0.8868110236220472,230,0.11318897637795275,159,True,127,128,32,32,0,"[159, 40, 8]",0,True,32,True,128,159,32,0,0,32,"[128, 40, 8]",1,40,False,0736935a3f57cdd1e037,"0,1",expected_aligned_shape,Qwen/Qwen3.6-35B-A3B,ok,32,127,254,149,0.5866141732283464,254,221,0.8700787401574803,45,0.3543307086614173,0.9704286964129484,246.48888888888888,0.9832677165354331,249.75,Qwen/Qwen3.6-35B-A3B-FP8
needle,2,127,8,2032,cross_model,1762,0.8671259842519685,270,0.1328740157480315,159,True,127,128,32,32,0,"[159, 40, 8]",0,True,32,True,128,159,32,0,0,32,"[128, 40, 8]",1,40,False,074ec475ad3f56370376,"0,1",expected_aligned_shape,Qwen/Qwen3.6-35B-A3B,ok,32,127,254,137,0.5393700787401575,254,219,0.8622047244094488,38,0.2992125984251969,0.9693788276465443,246.22222222222223,0.9827755905511811,249.625,Qwen/Qwen3.6-35B-A3B-FP8
code,2,127,8,2032,cross_model,1805,0.8882874015748031,227,0.11171259842519685,159,True,127,128,32,32,0,"[159, 40, 8]",0,True,32,True,128,159,32,0,0,32,"[128, 40, 8]",1,40,False,0762b3cc828308f2763c,"0,1",expected_aligned_shape,Qwen/Qwen3.6-35B-A3B,ok,32,127,254,152,0.5984251968503937,254,223,0.8779527559055118,48,0.3779527559055118,0.9721784776902888,246.93333333333334,0.984251968503937,250.0,Qwen/Qwen3.6-35B-A3B-FP8
math_numeric,2,127,8,2032,cross_model,1364,0.6712598425196851,668,0.328740157480315,159,True,127,128,32,32,0,"[159, 40, 8]",0,True,32,True,128,159,32,0,0,32,"[128, 40, 8]",1,40,False,083c33f4bd275d391520,"0,1",expected_aligned_shape,Qwen/Qwen3.6-35B-A3B,ok,32,127,254,52,0.2047244094488189,254,129,0.5078740157480315,4,0.031496062992125984,0.8878390201224847,225.51111111111112,0.9365157480314961,237.875,Qwen/Qwen3.6-35B-A3B-FP8
json_structured,2,127,8,2032,cross_model,1771,0.8715551181102362,261,0.12844488188976377,159,True,127,128,32,32,0,"[159, 40, 8]",0,True,32,True,128,159,32,0,0,32,"[128, 40, 8]",1,40,False,089c4d555dc2fc5c1001,"0,1",expected_aligned_shape,Qwen/Qwen3.6-35B-A3B,ok,32,127,254,143,0.562992125984252,254,215,0.8464566929133859,41,0.3228346456692913,0.9658792650918635,245.33333333333334,0.9808070866141733,249.125,Qwen/Qwen3.6-35B-A3B-FP8
json_structured,2,127,8,2032,cross_model,1778,0.875,254,0.125,166,True,127,128,39,39,0,"[166, 40, 8]",0,True,39,True,128,166,39,0,0,39,"[128, 40, 8]",1,40,False,08a516ed65ded1d98939,"0,1",expected_aligned_shape,Qwen/Qwen3.6-35B-A3B,ok,32,127,254,139,0.547244094488189,254,223,0.8779527559055118,35,0.2755905511811024,0.9728783902012248,247.11111111111111,0.984744094488189,250.125,Qwen/Qwen3.6-35B-A3B-FP8
low_margin,2,127,8,2032,cross_model,1808,0.889763779527559,224,0.11023622047244094,166,True,127,128,39,39,0,"[166, 40, 8]",0,True,39,True,128,166,39,0,0,39,"[128, 40, 8]",1,40,False,08a644a1ffe3bc02f01e,"0,1",expected_aligned_shape,Qwen/Qwen3.6-35B-A3B,ok,32,127,254,151,0.594488188976378,254,227,0.8937007874015748,47,0.3700787401574803,0.9756780402449694,247.82222222222222,0.9862204724409449,250.5,Qwen/Qwen3.6-35B-A3B-FP8
math_numeric,2,127,8,2032,cross_model,1791,0.8813976377952756,241,0.1186023622047244,159,True,127,128,32,32,0,"[159, 40, 8]",0,True,32,True,128,159,32,0,0,32,"[128, 40, 8]",1,40,False,08ae3430f704796fb489,"0,1",expected_aligned_shape,Qwen/Qwen3.6-35B-A3B,ok,32,127,254,151,0.594488188976378,254,234,0.9212598425196851,47,0.3700787401574803,0.9825021872265968,249.55555555555554,0.9901574803149606,251.5,Qwen/Qwen3.6-35B-A3B-FP8
chat,2,127,8,2032,cross_model,1792,0.8818897637795275,240,0.11811023622047244,159,True,127,128,32,32,0,"[159, 40, 8]",0,True,32,True,128,159,32,0,0,32,"[128, 40, 8]",1,40,False,08c8f1ae4ca8bd819a8a,"0,1",expected_aligned_shape,Qwen/Qwen3.6-35B-A3B,ok,32,127,254,147,0.5787401574803149,254,232,0.9133858267716536,42,0.33070866141732286,0.9807524059492564,249.11111111111111,0.9891732283464567,251.25,Qwen/Qwen3.6-35B-A3B-FP8
json_structured,2,127,8,2032,cross_model,1795,0.8833661417322834,237,0.11663385826771654,159,True,127,128,32,32,0,"[159, 40, 8]",0,True,32,True,128,159,32,0,0,32,"[128, 40, 8]",1,40,False,08d902e0c3d70a68f540,"0,1",expected_aligned_shape,Qwen/Qwen3.6-35B-A3B,ok,32,127,254,144,0.5669291338582677,254,229,0.9015748031496063,42,0.33070866141732286,0.9767279090113736,248.0888888888889,0.9867125984251969,250.625,Qwen/Qwen3.6-35B-A3B-FP8
mixed_language,2,127,8,2032,cross_model,1698,0.8356299212598425,334,0.1643700787401575,159,True,127,128,32,32,0,"[159, 40, 8]",0,True,32,True,128,159,32,0,0,32,"[128, 40, 8]",1,40,False,091705e70651d77aefc8,"0,1",expected_aligned_shape,Qwen/Qwen3.6-35B-A3B,ok,32,127,254,116,0.4566929133858268,254,211,0.8307086614173228,24,0.1889763779527559,0.9616797900262468,244.26666666666668,0.9783464566929134,248.5,Qwen/Qwen3.6-35B-A3B-FP8
logs,2,127,8,2032,cross_model,1746,0.859251968503937,286,0.140748031496063,159,True,127,128,32,32,0,"[159, 40, 8]",0,True,32,True,128,159,32,0,0,32,"[128, 40, 8]",1,40,False,09270f39b1e71042f791,"0,1",expected_aligned_shape,Qwen/Qwen3.6-35B-A3B,ok,32,127,254,131,0.515748031496063,254,216,0.8503937007874016,33,0.25984251968503935,0.9667541557305336,245.55555555555554,0.9812992125984252,249.25,Qwen/Qwen3.6-35B-A3B-FP8
needle,2,127,8,2032,cross_model,1770,0.8710629921259843,262,0.12893700787401574,159,True,127,128,32,32,0,"[159, 40, 8]",0,True,32,True,128,159,32,0,0,32,"[128, 40, 8]",1,40,False,092fb725ed92d83c270d,"0,1",expected_aligned_shape,Qwen/Qwen3.6-35B-A3B,ok,32,127,254,143,0.562992125984252,254,225,0.8858267716535433,45,0.3543307086614173,0.9746281714785653,247.55555555555554,0.9857283464566929,250.375,Qwen/Qwen3.6-35B-A3B-FP8
short_qa,2,127,8,2032,cross_model,1793,0.8823818897637795,239,0.11761811023622047,166,True,127,128,39,39,0,"[166, 40, 8]",0,True,39,True,128,166,39,0,0,39,"[128, 40, 8]",1,40,False,094af980d2e4560ac60c,"0,1",expected_aligned_shape,Qwen/Qwen3.6-35B-A3B,ok,32,127,254,148,0.5826771653543307,254,230,0.905511811023622,41,0.3228346456692913,0.9790026246719161,248.66666666666666,0.9881889763779528,251.0,Qwen/Qwen3.6-35B-A3B-FP8
mixed_language,2,127,8,2032,cross_model,1739,0.8558070866141733,293,0.14419291338582677,159,True,127,128,32,32,0,"[159, 40, 8]",0,True,32,True,128,159,32,0,0,32,"[128, 40, 8]",1,40,False,098f8d40e91916047686,"0,1",expected_aligned_shape,Qwen/Qwen3.6-35B-A3B,ok,32,127,254,127,0.5,254,205,0.8070866141732284,30,0.23622047244094488,0.9564304461942258,242.93333333333334,0.9753937007874016,247.75,Qwen/Qwen3.6-35B-A3B-FP8
mixed_language,2,88,8,1408,cross_model,1249,0.8870738636363636,159,0.11292613636363637,120,True,88,89,32,32,0,"[120, 40, 8]",0,True,32,True,89,120,32,0,0,32,"[89, 40, 8]",1,40,False,09a5e6954731576a323b,"0,1",expected_aligned_shape,Qwen/Qwen3.6-35B-A3B,ok,32,88,176,109,0.6193181818181818,176,161,0.9147727272727273,35,0.3977272727272727,0.9810606060606062,172.66666666666666,0.9893465909090909,174.125,Qwen/Qwen3.6-35B-A3B-FP8
short_qa,2,127,8,2032,cross_model,1824,0.8976377952755905,208,0.10236220472440945,165,True,127,128,38,38,0,"[165, 40, 8]",0,True,38,True,128,165,38,0,0,38,"[128, 40, 8]",1,40,False,09c942ef1a98da6659d1,"0,1",expected_aligned_shape,Qwen/Qwen3.6-35B-A3B,ok,32,127,254,157,0.6181102362204725,254,225,0.8858267716535433,51,0.4015748031496063,0.9746281714785653,247.55555555555554,0.9857283464566929,250.375,Qwen/Qwen3.6-35B-A3B-FP8
low_margin,2,127,8,2032,cross_model,1792,0.8818897637795275,240,0.11811023622047244,165,True,127,128,38,38,0,"[165, 40, 8]",0,True,38,True,128,165,38,0,0,38,"[128, 40, 8]",1,40,False,0a1d8a7c087c9dc3d2cd,"0,1",expected_aligned_shape,Qwen/Qwen3.6-35B-A3B,ok,32,127,254,149,0.5866141732283464,254,228,0.8976377952755905,44,0.3464566929133858,0.9772528433945757,248.22222222222223,0.9872047244094488,250.75,Qwen/Qwen3.6-35B-A3B-FP8
chat,2,127,8,2032,cross_model,1771,0.8715551181102362,261,0.12844488188976377,166,True,127,128,39,39,0,"[166, 40, 8]",0,True,39,True,128,166,39,0,0,39,"[128, 40, 8]",1,40,False,0a2fd3a1b824cf221369,"0,1",expected_aligned_shape,Qwen/Qwen3.6-35B-A3B,ok,32,127,254,138,0.5433070866141733,254,219,0.8622047244094488,39,0.30708661417322836,0.9693788276465443,246.22222222222223,0.9827755905511811,249.625,Qwen/Qwen3.6-35B-A3B-FP8
low_margin,2,127,8,2032,cross_model,1784,0.8779527559055118,248,0.1220472440944882,166,True,127,128,39,39,0,"[166, 40, 8]",0,True,39,True,128,166,39,0,0,39,"[128, 40, 8]",1,40,False,0aa6cfc00ab1dd402f7e,"0,1",expected_aligned_shape,Qwen/Qwen3.6-35B-A3B,ok,32,127,254,142,0.5590551181102362,254,229,0.9015748031496063,39,0.30708661417322836,0.9781277340332459,248.44444444444446,0.9876968503937008,250.875,Qwen/Qwen3.6-35B-A3B-FP8
needle,2,127,8,2032,cross_model,1755,0.8636811023622047,277,0.13631889763779528,159,True,127,128,32,32,0,"[159, 40, 8]",0,True,32,True,128,159,32,0,0,32,"[128, 40, 8]",1,40,False,0ade38b56b4ba335d014,"0,1",expected_aligned_shape,Qwen/Qwen3.6-35B-A3B,ok,32,127,254,137,0.5393700787401575,254,227,0.8937007874015748,33,0.25984251968503935,0.9763779527559056,248.0,0.9867125984251969,250.625,Qwen/Qwen3.6-35B-A3B-FP8
logs,2,127,8,2032,cross_model,1777,0.874507874015748,255,0.12549212598425197,159,True,127,128,32,32,0,"[159, 40, 8]",0,True,32,True,128,159,32,0,0,32,"[128, 40, 8]",1,40,False,0af61f659608984d5c05,"0,1",expected_aligned_shape,Qwen/Qwen3.6-35B-A3B,ok,32,127,254,138,0.5433070866141733,254,217,0.8543307086614174,38,0.2992125984251969,0.9669291338582677,245.6,0.9812992125984252,249.25,Qwen/Qwen3.6-35B-A3B-FP8
logs,2,64,8,1024,cross_model,914,0.892578125,110,0.107421875,96,True,64,65,32,32,0,"[96, 40, 8]",0,True,32,True,65,96,32,0,0,32,"[65, 40, 8]",1,40,False,0b088b1c6405a99afcbf,"0,1",expected_aligned_shape,Qwen/Qwen3.6-35B-A3B,ok,32,64,128,79,0.6171875,128,118,0.921875,24,0.375,0.982638888888889,125.77777777777777,0.990234375,126.75,Qwen/Qwen3.6-35B-A3B-FP8
needle,2,127,8,2032,cross_model,1791,0.8813976377952756,241,0.1186023622047244,159,True,127,128,32,32,0,"[159, 40, 8]",0,True,32,True,128,159,32,0,0,32,"[128, 40, 8]",1,40,False,0b17aa2bf14c69e49fde,"0,1",expected_aligned_shape,Qwen/Qwen3.6-35B-A3B,ok,32,127,254,149,0.5866141732283464,254,224,0.8818897637795275,44,0.3464566929133858,0.9737532808398952,247.33333333333334,0.985236220472441,250.25,Qwen/Qwen3.6-35B-A3B-FP8
mixed_language,2,33,8,528,cross_model,467,0.884469696969697,61,0.11553030303030302,65,True,33,34,32,32,0,"[65, 40, 8]",0,True,32,True,34,65,32,0,0,32,"[34, 40, 8]",1,40,False,0b78fd794493c2fce383,"0,1",expected_aligned_shape,Qwen/Qwen3.6-35B-A3B,ok,32,33,66,35,0.5303030303030303,66,54,0.8181818181818182,11,0.3333333333333333,0.9595959595959596,63.333333333333336,0.9772727272727273,64.5,Qwen/Qwen3.6-35B-A3B-FP8
code,2,127,8,2032,cross_model,1782,0.8769685039370079,250,0.12303149606299213,166,True,127,128,39,39,0,"[166, 40, 8]",0,True,39,True,128,166,39,0,0,39,"[128, 40, 8]",1,40,False,0b7937de7f83e5fbfed7,"0,1",expected_aligned_shape,Qwen/Qwen3.6-35B-A3B,ok,32,127,254,142,0.5590551181102362,254,226,0.889763779527559,40,0.31496062992125984,0.9755030621172355,247.77777777777777,0.9862204724409449,250.5,Qwen/Qwen3.6-35B-A3B-FP8
low_margin,2,127,8,2032,cross_model,1791,0.8813976377952756,241,0.1186023622047244,166,True,127,128,39,39,0,"[166, 40, 8]",0,True,39,True,128,166,39,0,0,39,"[128, 40, 8]",1,40,False,0bab1d5476a0f2e5495d,"0,1",expected_aligned_shape,Qwen/Qwen3.6-35B-A3B,ok,32,127,254,143,0.562992125984252,254,222,0.8740157480314961,44,0.3464566929133858,0.9720034995625548,246.88888888888889,0.984251968503937,250.0,Qwen/Qwen3.6-35B-A3B-FP8
math_numeric,2,127,8,2032,cross_model,1346,0.6624015748031497,686,0.3375984251968504,159,True,127,128,32,32,0,"[159, 40, 8]",0,True,32,True,128,159,32,0,0,32,"[128, 40, 8]",1,40,False,0bbe66ae11d9e1f57a8d,"0,1",expected_aligned_shape,Qwen/Qwen3.6-35B-A3B,ok,32,127,254,56,0.2204724409448819,254,139,0.547244094488189,7,0.05511811023622047,0.8843712717728466,224.63030303030303,0.9325787401574803,236.875,Qwen/Qwen3.6-35B-A3B-FP8
low_margin,2,127,8,2032,cross_model,1803,0.8873031496062992,229,0.11269685039370078,166,True,127,128,39,39,0,"[166, 40, 8]",0,True,39,True,128,166,39,0,0,39,"[128, 40, 8]",1,40,False,0bc6c80121aebeffed13,"0,1",expected_aligned_shape,Qwen/Qwen3.6-35B-A3B,ok,32,127,254,150,0.5905511811023622,254,224,0.8818897637795275,48,0.3779527559055118,0.9737532808398951,247.33333333333334,0.985236220472441,250.25,Qwen/Qwen3.6-35B-A3B-FP8
mixed_language,2,127,8,2032,cross_model,1794,0.8828740157480315,238,0.1171259842519685,159,True,127,128,32,32,0,"[159, 40, 8]",0,True,32,True,128,159,32,0,0,32,"[128, 40, 8]",1,40,False,0bca64e6b6c04426713a,"0,1",expected_aligned_shape,Qwen/Qwen3.6-35B-A3B,ok,32,127,254,144,0.5669291338582677,254,214,0.84251968503937,41,0.3228346456692913,0.9643044619422573,244.93333333333334,0.9798228346456693,248.875,Qwen/Qwen3.6-35B-A3B-FP8
math_numeric,2,127,8,2032,cross_model,1749,0.8607283464566929,283,0.1392716535433071,159,True,127,128,32,32,0,"[159, 40, 8]",0,True,32,True,128,159,32,0,0,32,"[128, 40, 8]",1,40,False,0bdf8afdc223d33a68b9,"0,1",expected_aligned_shape,Qwen/Qwen3.6-35B-A3B,ok,32,127,254,133,0.5236220472440944,254,216,0.8503937007874016,37,0.29133858267716534,0.9667541557305336,245.55555555555554,0.9812992125984252,249.25,Qwen/Qwen3.6-35B-A3B-FP8
logs,2,127,8,2032,cross_model,1793,0.8823818897637795,239,0.11761811023622047,159,True,127,128,32,32,0,"[159, 40, 8]",0,True,32,True,128,159,32,0,0,32,"[128, 40, 8]",1,40,False,0c2792fd8b11e4492680,"0,1",expected_aligned_shape,Qwen/Qwen3.6-35B-A3B,ok,32,127,254,146,0.5748031496062992,254,214,0.84251968503937,40,0.31496062992125984,0.9650043744531933,245.11111111111111,0.9803149606299213,249.0,Qwen/Qwen3.6-35B-A3B-FP8
chat,2,127,8,2032,cross_model,1776,0.8740157480314961,256,0.12598425196850394,167,True,127,128,40,40,0,"[167, 40, 8]",0,True,40,True,128,167,40,0,0,40,"[128, 40, 8]",1,40,False,0c65410d39676160e9eb,"0,1",expected_aligned_shape,Qwen/Qwen3.6-35B-A3B,ok,32,127,254,135,0.531496062992126,254,219,0.8622047244094488,37,0.29133858267716534,0.9686789151356081,246.04444444444445,0.9822834645669292,249.5,Qwen/Qwen3.6-35B-A3B-FP8
json_structured,2,127,8,2032,cross_model,1794,0.8828740157480315,238,0.1171259842519685,167,True,127,128,40,40,0,"[167, 40, 8]",0,True,40,True,128,167,40,0,0,40,"[128, 40, 8]",1,40,False,0c6827cc5421d03e14d4,"0,1",expected_aligned_shape,Qwen/Qwen3.6-35B-A3B,ok,32,127,254,146,0.5748031496062992,254,224,0.8818897637795275,42,0.33070866141732286,0.973753280839895,247.33333333333334,0.985236220472441,250.25,Qwen/Qwen3.6-35B-A3B-FP8
summarization,2,127,8,2032,cross_model,1796,0.8838582677165354,236,0.11614173228346457,159,True,127,128,32,32,0,"[159, 40, 8]",0,True,32,True,128,159,32,0,0,32,"[128, 40, 8]",1,40,False,0c7897b0964b1bb87be0,"0,1",expected_aligned_shape,Qwen/Qwen3.6-35B-A3B,ok,32,127,254,148,0.5826771653543307,254,227,0.8937007874015748,49,0.3858267716535433,0.9763779527559056,248.0,0.9867125984251969,250.625,Qwen/Qwen3.6-35B-A3B-FP8
chat,2,127,8,2032,cross_model,1798,0.8848425196850394,234,0.11515748031496063,167,True,127,128,40,40,0,"[167, 40, 8]",0,True,40,True,128,167,40,0,0,40,"[128, 40, 8]",1,40,False,0c930baa875d63a744ba,"0,1",expected_aligned_shape,Qwen/Qwen3.6-35B-A3B,ok,32,127,254,144,0.5669291338582677,254,224,0.8818897637795275,41,0.3228346456692913,0.973753280839895,247.33333333333334,0.985236220472441,250.25,Qwen/Qwen3.6-35B-A3B-FP8
code,2,127,8,2032,cross_model,1784,0.8779527559055118,248,0.1220472440944882,159,True,127,128,32,32,0,"[159, 40, 8]",0,True,32,True,128,159,32,0,0,32,"[128, 40, 8]",1,40,False,0c9e2874d884c5e6a5d1,"0,1",expected_aligned_shape,Qwen/Qwen3.6-35B-A3B,ok,32,127,254,146,0.5748031496062992,254,223,0.8779527559055118,46,0.36220472440944884,0.9721784776902888,246.93333333333334,0.984251968503937,250.0,Qwen/Qwen3.6-35B-A3B-FP8
chat,2,127,8,2032,cross_model,1773,0.8725393700787402,259,0.12746062992125984,159,True,127,128,32,32,0,"[159, 40, 8]",0,True,32,True,128,159,32,0,0,32,"[128, 40, 8]",1,40,False,0ccf40440fce667b775e,"0,1",expected_aligned_shape,Qwen/Qwen3.6-35B-A3B,ok,32,127,254,133,0.5236220472440944,254,220,0.8661417322834646,30,0.23622047244094488,0.9702537182852145,246.44444444444446,0.9832677165354331,249.75,Qwen/Qwen3.6-35B-A3B-FP8
short_qa,2,127,8,2032,cross_model,1789,0.8804133858267716,243,0.11958661417322834,159,True,127,128,32,32,0,"[159, 40, 8]",0,True,32,True,128,159,32,0,0,32,"[128, 40, 8]",1,40,False,0d0abe33cb0a93561eef,"0,1",expected_aligned_shape,Qwen/Qwen3.6-35B-A3B,ok,32,127,254,149,0.5866141732283464,254,226,0.889763779527559,44,0.3464566929133858,0.9755030621172355,247.77777777777777,0.9862204724409449,250.5,Qwen/Qwen3.6-35B-A3B-FP8
math_numeric,2,127,8,2032,cross_model,1345,0.6619094488188977,687,0.3380905511811024,159,True,127,128,32,32,0,"[159, 40, 8]",0,True,32,True,128,159,32,0,0,32,"[128, 40, 8]",1,40,False,0d1c31cceee1cd124de3,"0,1",expected_aligned_shape,Qwen/Qwen3.6-35B-A3B,ok,32,127,254,68,0.2677165354330709,254,163,0.6417322834645669,8,0.06299212598425197,0.910586176727909,231.2888888888889,0.9483267716535433,240.875,Qwen/Qwen3.6-35B-A3B-FP8
summarization,2,127,8,2032,cross_model,1763,0.8676181102362205,269,0.13238188976377951,163,True,127,128,36,36,0,"[163, 40, 8]",0,True,36,True,128,163,36,0,0,36,"[128, 40, 8]",1,40,False,0d3f10028312e9552e64,"0,1",expected_aligned_shape,Qwen/Qwen3.6-35B-A3B,ok,32,127,254,142,0.5590551181102362,254,220,0.8661417322834646,41,0.3228346456692913,0.9702537182852143,246.44444444444446,0.9832677165354331,249.75,Qwen/Qwen3.6-35B-A3B-FP8
code,2,127,8,2032,cross_model,1771,0.8715551181102362,261,0.12844488188976377,166,True,127,128,39,39,0,"[166, 40, 8]",0,True,39,True,128,166,39,0,0,39,"[128, 40, 8]",1,40,False,0d521be2089875122065,"0,1",expected_aligned_shape,Qwen/Qwen3.6-35B-A3B,ok,32,127,254,139,0.547244094488189,254,224,0.8818897637795275,41,0.3228346456692913,0.9737532808398951,247.33333333333334,0.985236220472441,250.25,Qwen/Qwen3.6-35B-A3B-FP8
code,2,98,8,1568,cross_model,1356,0.8647959183673469,212,0.13520408163265307,130,True,98,99,32,32,0,"[130, 40, 8]",0,True,32,True,99,130,32,0,0,32,"[99, 40, 8]",1,40,False,0d87a5a28d1a75188930,"0,1",expected_aligned_shape,Qwen/Qwen3.6-35B-A3B,ok,32,98,196,102,0.5204081632653061,196,174,0.8877551020408163,30,0.30612244897959184,0.9732426303854875,190.75555555555556,0.9846938775510204,193.0,Qwen/Qwen3.6-35B-A3B-FP8
logs,2,127,8,2032,cross_model,1760,0.8661417322834646,272,0.13385826771653545,159,True,127,128,32,32,0,"[159, 40, 8]",0,True,32,True,128,159,32,0,0,32,"[128, 40, 8]",1,40,False,0e0edfb85d3e58490ea1,"0,1",expected_aligned_shape,Qwen/Qwen3.6-35B-A3B,ok,32,127,254,135,0.531496062992126,254,213,0.8385826771653543,34,0.2677165354330709,0.9641294838145231,244.88888888888889,0.9798228346456693,248.875,Qwen/Qwen3.6-35B-A3B-FP8
short_qa,2,127,8,2032,cross_model,1815,0.8932086614173228,217,0.10679133858267717,159,True,127,128,32,32,0,"[159, 40, 8]",0,True,32,True,128,159,32,0,0,32,"[128, 40, 8]",1,40,False,0e17b1c5d9976b077d8e,"0,1",expected_aligned_shape,Qwen/Qwen3.6-35B-A3B,ok,32,127,254,159,0.6259842519685039,254,228,0.8976377952755905,47,0.3700787401574803,0.9772528433945757,248.22222222222223,0.9872047244094488,250.75,Qwen/Qwen3.6-35B-A3B-FP8
low_margin,2,127,8,2032,cross_model,1787,0.8794291338582677,245,0.12057086614173228,166,True,127,128,39,39,0,"[166, 40, 8]",0,True,39,True,128,166,39,0,0,39,"[128, 40, 8]",1,40,False,0e24a4fcaf7510aeac91,"0,1",expected_aligned_shape,Qwen/Qwen3.6-35B-A3B,ok,32,127,254,144,0.5669291338582677,254,215,0.8464566929133859,46,0.36220472440944884,0.9658792650918634,245.33333333333334,0.9808070866141733,249.125,Qwen/Qwen3.6-35B-A3B-FP8
logs,2,127,8,2032,cross_model,1755,0.8636811023622047,277,0.13631889763779528,159,True,127,128,32,32,0,"[159, 40, 8]",0,True,32,True,128,159,32,0,0,32,"[128, 40, 8]",1,40,False,0e3007537351484bb9ca,"0,1",expected_aligned_shape,Qwen/Qwen3.6-35B-A3B,ok,32,127,254,130,0.5118110236220472,254,225,0.8858267716535433,31,0.2440944881889764,0.9746281714785652,247.55555555555554,0.9857283464566929,250.375,Qwen/Qwen3.6-35B-A3B-FP8
logs,2,127,8,2032,cross_model,1780,0.8759842519685039,252,0.12401574803149606,159,True,127,128,32,32,0,"[159, 40, 8]",0,True,32,True,128,159,32,0,0,32,"[128, 40, 8]",1,40,False,0e4d3895cd35ccffb38e,"0,1",expected_aligned_shape,Qwen/Qwen3.6-35B-A3B,ok,32,127,254,137,0.5393700787401575,254,215,0.8464566929133859,38,0.2992125984251969,0.9658792650918634,245.33333333333334,0.9808070866141733,249.125,Qwen/Qwen3.6-35B-A3B-FP8
mixed_language,2,127,8,2032,cross_model,1678,0.8257874015748031,354,0.17421259842519685,159,True,127,128,32,32,0,"[159, 40, 8]",0,True,32,True,128,159,32,0,0,32,"[128, 40, 8]",1,40,False,0ef270f4870841ca3303,"0,1",expected_aligned_shape,Qwen/Qwen3.6-35B-A3B,ok,32,127,254,104,0.4094488188976378,254,207,0.8149606299212598,25,0.1968503937007874,0.9588801399825021,243.55555555555554,0.9768700787401575,248.125,Qwen/Qwen3.6-35B-A3B-FP8
code,2,127,8,2032,cross_model,1778,0.875,254,0.125,159,True,127,128,32,32,0,"[159, 40, 8]",0,True,32,True,128,159,32,0,0,32,"[128, 40, 8]",1,40,False,0eff13644785a421ce32,"0,1",expected_aligned_shape,Qwen/Qwen3.6-35B-A3B,ok,32,127,254,134,0.5275590551181102,254,223,0.8779527559055118,35,0.2755905511811024,0.9728783902012249,247.11111111111111,0.984744094488189,250.125,Qwen/Qwen3.6-35B-A3B-FP8
needle,2,127,8,2032,cross_model,1766,0.8690944881889764,266,0.1309055118110236,159,True,127,128,32,32,0,"[159, 40, 8]",0,True,32,True,128,159,32,0,0,32,"[128, 40, 8]",1,40,False,0f09b01ca07b7a4c0c0b,"0,1",expected_aligned_shape,Qwen/Qwen3.6-35B-A3B,ok,32,127,254,137,0.5393700787401575,254,220,0.8661417322834646,39,0.30708661417322836,0.9702537182852145,246.44444444444446,0.9832677165354331,249.75,Qwen/Qwen3.6-35B-A3B-FP8
code,2,127,8,2032,cross_model,1777,0.874507874015748,255,0.12549212598425197,159,True,127,128,32,32,0,"[159, 40, 8]",0,True,32,True,128,159,32,0,0,32,"[128, 40, 8]",1,40,False,10c1472ae9ff5d5ea689,"0,1",expected_aligned_shape,Qwen/Qwen3.6-35B-A3B,ok,32,127,254,137,0.5393700787401575,254,221,0.8700787401574803,40,0.31496062992125984,0.9711286089238845,246.66666666666666,0.9837598425196851,249.875,Qwen/Qwen3.6-35B-A3B-FP8
mixed_language,2,100,8,1600,cross_model,1400,0.875,200,0.125,132,True,100,101,32,32,0,"[132, 40, 8]",0,True,32,True,101,132,32,0,0,32,"[101, 40, 8]",1,40,False,10de8fc688e061abc423,"0,1",expected_aligned_shape,Qwen/Qwen3.6-35B-A3B,ok,32,100,200,115,0.575,200,180,0.9,37,0.37,0.9768888888888889,195.37777777777777,0.986875,197.375,Qwen/Qwen3.6-35B-A3B-FP8
low_margin,2,127,8,2032,cross_model,1780,0.8759842519685039,252,0.12401574803149606,167,True,127,128,40,40,0,"[167, 40, 8]",0,True,40,True,128,167,40,0,0,40,"[128, 40, 8]",1,40,False,1122d467827925848144,"0,1",expected_aligned_shape,Qwen/Qwen3.6-35B-A3B,ok,32,127,254,135,0.531496062992126,254,216,0.8503937007874016,40,0.31496062992125984,0.9660542432195975,245.37777777777777,0.9808070866141733,249.125,Qwen/Qwen3.6-35B-A3B-FP8
mixed_language,2,127,8,2032,cross_model,1721,0.8469488188976378,311,0.1530511811023622,159,True,127,128,32,32,0,"[159, 40, 8]",0,True,32,True,128,159,32,0,0,32,"[128, 40, 8]",1,40,False,118d375a14ceb470186d,"0,1",expected_aligned_shape,Qwen/Qwen3.6-35B-A3B,ok,32,127,254,125,0.4921259842519685,254,217,0.8543307086614174,33,0.25984251968503935,0.9676290463692039,245.77777777777777,0.9817913385826772,249.375,Qwen/Qwen3.6-35B-A3B-FP8
mixed_language,2,127,8,2032,cross_model,1759,0.8656496062992126,273,0.1343503937007874,159,True,127,128,32,32,0,"[159, 40, 8]",0,True,32,True,128,159,32,0,0,32,"[128, 40, 8]",1,40,False,11c249e226600e973189,"0,1",expected_aligned_shape,Qwen/Qwen3.6-35B-A3B,ok,32,127,254,138,0.5433070866141733,254,210,0.8267716535433071,40,0.31496062992125984,0.9608048993875765,244.04444444444445,0.9778543307086615,248.375,Qwen/Qwen3.6-35B-A3B-FP8
math_numeric,2,127,8,2032,cross_model,1802,0.8868110236220472,230,0.11318897637795275,159,True,127,128,32,32,0,"[159, 40, 8]",0,True,32,True,128,159,32,0,0,32,"[128, 40, 8]",1,40,False,120aadbbf6387c2aa795,"0,1",expected_aligned_shape,Qwen/Qwen3.6-35B-A3B,ok,32,127,254,151,0.594488188976378,254,216,0.8503937007874016,38,0.2992125984251969,0.9660542432195977,245.37777777777777,0.9808070866141733,249.125,Qwen/Qwen3.6-35B-A3B-FP8
low_margin,2,127,8,2032,cross_model,1772,0.8720472440944882,260,0.1279527559055118,167,True,127,128,40,40,0,"[167, 40, 8]",0,True,40,True,128,167,40,0,0,40,"[128, 40, 8]",1,40,False,129f439411c691b717e8,"0,1",expected_aligned_shape,Qwen/Qwen3.6-35B-A3B,ok,32,127,254,138,0.5433070866141733,254,213,0.8385826771653543,37,0.29133858267716534,0.9627296587926508,244.53333333333333,0.9788385826771654,248.625,Qwen/Qwen3.6-35B-A3B-FP8
short_qa,2,60,8,960,cross_model,825,0.859375,135,0.140625,92,True,60,61,32,32,0,"[92, 40, 8]",0,True,32,True,61,92,32,0,0,32,"[61, 40, 8]",1,40,False,12b7188759bdcd943c23,"0,1",expected_aligned_shape,Qwen/Qwen3.6-35B-A3B,ok,32,60,120,65,0.5416666666666666,120,103,0.8583333333333333,20,0.3333333333333333,0.9685185185185186,116.22222222222223,0.9822916666666667,117.875,Qwen/Qwen3.6-35B-A3B-FP8
chat,2,127,8,2032,cross_model,1766,0.8690944881889764,266,0.1309055118110236,167,True,127,128,40,40,0,"[167, 40, 8]",0,True,40,True,128,167,40,0,0,40,"[128, 40, 8]",1,40,False,12cf55e1f889dd99b109,"0,1",expected_aligned_shape,Qwen/Qwen3.6-35B-A3B,ok,32,127,254,132,0.5196850393700787,254,218,0.8582677165354331,37,0.29133858267716534,0.968503937007874,246.0,0.9822834645669292,249.5,Qwen/Qwen3.6-35B-A3B-FP8
chat,2,127,8,2032,cross_model,1750,0.8612204724409449,282,0.13877952755905512,159,True,127,128,32,32,0,"[159, 40, 8]",0,True,32,True,128,159,32,0,0,32,"[128, 40, 8]",1,40,False,12f67c12e8e714112d3a,"0,1",expected_aligned_shape,Qwen/Qwen3.6-35B-A3B,ok,32,127,254,145,0.5708661417322834,254,230,0.905511811023622,44,0.3464566929133858,0.97830271216098,248.48888888888888,0.9876968503937008,250.875,Qwen/Qwen3.6-35B-A3B-FP8
json_structured,2,127,8,2032,cross_model,1769,0.8705708661417323,263,0.1294291338582677,167,True,127,128,40,40,0,"[167, 40, 8]",0,True,40,True,128,167,40,0,0,40,"[128, 40, 8]",1,40,False,131264d27978bac3c898,"0,1",expected_aligned_shape,Qwen/Qwen3.6-35B-A3B,ok,32,127,254,133,0.5236220472440944,254,215,0.8464566929133859,37,0.29133858267716534,0.9651793525809274,245.15555555555557,0.9803149606299213,249.0,Qwen/Qwen3.6-35B-A3B-FP8
needle,2,127,8,2032,cross_model,1778,0.875,254,0.125,159,True,127,128,32,32,0,"[159, 40, 8]",0,True,32,True,128,159,32,0,0,32,"[128, 40, 8]",1,40,False,137c9b75239cdd79a6ea,"0,1",expected_aligned_shape,Qwen/Qwen3.6-35B-A3B,ok,32,127,254,141,0.5551181102362205,254,218,0.8582677165354331,44,0.3464566929133858,0.968503937007874,246.0,0.9822834645669292,249.5,Qwen/Qwen3.6-35B-A3B-FP8
summarization,2,127,8,2032,cross_model,1825,0.8981299212598425,207,0.10187007874015748,159,True,127,128,32,32,0,"[159, 40, 8]",0,True,32,True,128,159,32,0,0,32,"[128, 40, 8]",1,40,False,13dd5f1c1eac63e3962e,"0,1",expected_aligned_shape,Qwen/Qwen3.6-35B-A3B,ok,32,127,254,159,0.6259842519685039,254,223,0.8779527559055118,46,0.36220472440944884,0.9721784776902888,246.93333333333334,0.984251968503937,250.0,Qwen/Qwen3.6-35B-A3B-FP8
mixed_language,2,82,8,1312,cross_model,1152,0.8780487804878049,160,0.12195121951219512,114,True,82,83,32,32,0,"[114, 40, 8]",0,True,32,True,83,114,32,0,0,32,"[83, 40, 8]",1,40,False,1484ca9fc8e54c481909,"0,1",expected_aligned_shape,Qwen/Qwen3.6-35B-A3B,ok,32,82,164,95,0.5792682926829268,164,140,0.8536585365853658,27,0.32926829268292684,0.9663956639566396,158.48888888888888,0.9809451219512195,160.875,Qwen/Qwen3.6-35B-A3B-FP8
code,2,127,8,2032,cross_model,1798,0.8848425196850394,234,0.11515748031496063,159,True,127,128,32,32,0,"[159, 40, 8]",0,True,32,True,128,159,32,0,0,32,"[128, 40, 8]",1,40,False,1494e03e3667bc7156f1,"0,1",expected_aligned_shape,Qwen/Qwen3.6-35B-A3B,ok,32,127,254,154,0.6062992125984252,254,228,0.8976377952755905,45,0.3543307086614173,0.9772528433945757,248.22222222222223,0.9872047244094488,250.75,Qwen/Qwen3.6-35B-A3B-FP8
low_margin,2,127,8,2032,cross_model,1778,0.875,254,0.125,166,True,127,128,39,39,0,"[166, 40, 8]",0,True,39,True,128,166,39,0,0,39,"[128, 40, 8]",1,40,False,155fa61b90c4dc567cb9,"0,1",expected_aligned_shape,Qwen/Qwen3.6-35B-A3B,ok,32,127,254,149,0.5866141732283464,254,226,0.889763779527559,46,0.36220472440944884,0.9755030621172354,247.77777777777777,0.9862204724409449,250.5,Qwen/Qwen3.6-35B-A3B-FP8
needle,2,127,8,2032,cross_model,1779,0.875492125984252,253,0.12450787401574803,159,True,127,128,32,32,0,"[159, 40, 8]",0,True,32,True,128,159,32,0,0,32,"[128, 40, 8]",1,40,False,158dfd5ba4f085b82055,"0,1",expected_aligned_shape,Qwen/Qwen3.6-35B-A3B,ok,32,127,254,144,0.5669291338582677,254,220,0.8661417322834646,45,0.3543307086614173,0.9702537182852145,246.44444444444446,0.9832677165354331,249.75,Qwen/Qwen3.6-35B-A3B-FP8
json_structured,2,127,8,2032,cross_model,1795,0.8833661417322834,237,0.11663385826771654,166,True,127,128,39,39,0,"[166, 40, 8]",0,True,39,True,128,166,39,0,0,39,"[128, 40, 8]",1,40,False,15d1d3f8ce2c30617539,"0,1",expected_aligned_shape,Qwen/Qwen3.6-35B-A3B,ok,32,127,254,146,0.5748031496062992,254,220,0.8661417322834646,46,0.36220472440944884,0.9695538057742784,246.26666666666668,0.9827755905511811,249.625,Qwen/Qwen3.6-35B-A3B-FP8
math_numeric,2,127,8,2032,cross_model,1766,0.8690944881889764,266,0.1309055118110236,159,True,127,128,32,32,0,"[159, 40, 8]",0,True,32,True,128,159,32,0,0,32,"[128, 40, 8]",1,40,False,15d872b92f63f281fd73,"0,1",expected_aligned_shape,Qwen/Qwen3.6-35B-A3B,ok,32,127,254,133,0.5236220472440944,254,214,0.84251968503937,35,0.2755905511811024,0.9650043744531934,245.11111111111111,0.9803149606299213,249.0,Qwen/Qwen3.6-35B-A3B-FP8
short_qa,2,127,8,2032,cross_model,1798,0.8848425196850394,234,0.11515748031496063,166,True,127,128,39,39,0,"[166, 40, 8]",0,True,39,True,128,166,39,0,0,39,"[128, 40, 8]",1,40,False,1624c2bae18e3d116f1f,"0,1",expected_aligned_shape,Qwen/Qwen3.6-35B-A3B,ok,32,127,254,146,0.5748031496062992,254,231,0.9094488188976378,43,0.33858267716535434,0.9798775153105863,248.88888888888889,0.9886811023622047,251.125,Qwen/Qwen3.6-35B-A3B-FP8
math_numeric,2,127,8,2032,cross_model,1293,0.6363188976377953,739,0.36368110236220474,159,True,127,128,32,32,0,"[159, 40, 8]",0,True,32,True,128,159,32,0,0,32,"[128, 40, 8]",1,40,False,163f61eaff3724f0d9c9,"0,1",expected_aligned_shape,Qwen/Qwen3.6-35B-A3B,ok,32,127,254,60,0.23622047244094488,254,128,0.5039370078740157,6,0.047244094488188976,0.8688936610196453,220.6989898989899,0.9232283464566929,234.5,Qwen/Qwen3.6-35B-A3B-FP8
summarization,2,127,8,2032,cross_model,1821,0.8961614173228346,211,0.10383858267716535,166,True,127,128,39,39,0,"[166, 40, 8]",0,True,39,True,128,166,39,0,0,39,"[128, 40, 8]",1,40,False,1757a5dbdeca60120661,"0,1",expected_aligned_shape,Qwen/Qwen3.6-35B-A3B,ok,32,127,254,161,0.6338582677165354,254,234,0.9212598425196851,53,0.41732283464566927,0.9825021872265967,249.55555555555554,0.9901574803149606,251.5,Qwen/Qwen3.6-35B-A3B-FP8
chat,2,127,8,2032,cross_model,1804,0.8877952755905512,228,0.11220472440944881,159,True,127,128,32,32,0,"[159, 40, 8]",0,True,32,True,128,159,32,0,0,32,"[128, 40, 8]",1,40,False,177df6ae8def7d765bc4,"0,1",expected_aligned_shape,Qwen/Qwen3.6-35B-A3B,ok,32,127,254,146,0.5748031496062992,254,223,0.8779527559055118,47,0.3700787401574803,0.9721784776902888,246.93333333333334,0.984251968503937,250.0,Qwen/Qwen3.6-35B-A3B-FP8
code,2,127,8,2032,cross_model,1774,0.8730314960629921,258,0.12696850393700787,159,True,127,128,32,32,0,"[159, 40, 8]",0,True,32,True,128,159,32,0,0,32,"[128, 40, 8]",1,40,False,17d849f0e7369fbeca94,"0,1",expected_aligned_shape,Qwen/Qwen3.6-35B-A3B,ok,32,127,254,136,0.5354330708661418,254,220,0.8661417322834646,39,0.30708661417322836,0.9695538057742783,246.26666666666668,0.9827755905511811,249.625,Qwen/Qwen3.6-35B-A3B-FP8
logs,2,127,8,2032,cross_model,1786,0.8789370078740157,246,0.12106299212598425,159,True,127,128,32,32,0,"[159, 40, 8]",0,True,32,True,128,159,32,0,0,32,"[128, 40, 8]",1,40,False,17f0aa1f8cdd2b19c2f5,"0,1",expected_aligned_shape,Qwen/Qwen3.6-35B-A3B,ok,32,127,254,144,0.5669291338582677,254,232,0.9133858267716536,44,0.3464566929133858,0.9807524059492564,249.11111111111111,0.9891732283464567,251.25,Qwen/Qwen3.6-35B-A3B-FP8
low_margin,2,127,8,2032,cross_model,1797,0.8843503937007874,235,0.1156496062992126,166,True,127,128,39,39,0,"[166, 40, 8]",0,True,39,True,128,166,39,0,0,39,"[128, 40, 8]",1,40,False,181603dc14d532c96e6e,"0,1",expected_aligned_shape,Qwen/Qwen3.6-35B-A3B,ok,32,127,254,145,0.5708661417322834,254,220,0.8661417322834646,45,0.3543307086614173,0.9702537182852145,246.44444444444446,0.9832677165354331,249.75,Qwen/Qwen3.6-35B-A3B-FP8
short_qa,2,127,8,2032,cross_model,1769,0.8705708661417323,263,0.1294291338582677,159,True,127,128,32,32,0,"[159, 40, 8]",0,True,32,True,128,159,32,0,0,32,"[128, 40, 8]",1,40,False,181927b2f36456a6f411,"0,1",expected_aligned_shape,Qwen/Qwen3.6-35B-A3B,ok,32,127,254,144,0.5669291338582677,254,228,0.8976377952755905,41,0.3228346456692913,0.9765529308836395,248.04444444444445,0.9867125984251969,250.625,Qwen/Qwen3.6-35B-A3B-FP8
logs,2,127,8,2032,cross_model,1783,0.8774606299212598,249,0.12253937007874016,159,True,127,128,32,32,0,"[159, 40, 8]",0,True,32,True,128,159,32,0,0,32,"[128, 40, 8]",1,40,False,18452ec7ad9d29790e39,"0,1",expected_aligned_shape,Qwen/Qwen3.6-35B-A3B,ok,32,127,254,146,0.5748031496062992,254,221,0.8700787401574803,41,0.3228346456692913,0.9711286089238845,246.66666666666666,0.9837598425196851,249.875,Qwen/Qwen3.6-35B-A3B-FP8
logs,2,127,8,2032,cross_model,1800,0.8858267716535433,232,0.1141732283464567,159,True,127,128,32,32,0,"[159, 40, 8]",0,True,32,True,128,159,32,0,0,32,"[128, 40, 8]",1,40,False,184dcb58a8183ef4b48e,"0,1",expected_aligned_shape,Qwen/Qwen3.6-35B-A3B,ok,32,127,254,146,0.5748031496062992,254,223,0.8779527559055118,42,0.33070866141732286,0.972878390201225,247.11111111111111,0.984744094488189,250.125,Qwen/Qwen3.6-35B-A3B-FP8
logs,2,127,8,2032,cross_model,1802,0.8868110236220472,230,0.11318897637795275,159,True,127,128,32,32,0,"[159, 40, 8]",0,True,32,True,128,159,32,0,0,32,"[128, 40, 8]",1,40,False,18c5d81ca5d4d7d522e7,"0,1",expected_aligned_shape,Qwen/Qwen3.6-35B-A3B,ok,32,127,254,152,0.5984251968503937,254,230,0.905511811023622,46,0.36220472440944884,0.9783027121609799,248.48888888888888,0.9876968503937008,250.875,Qwen/Qwen3.6-35B-A3B-FP8
needle,2,127,8,2032,cross_model,1797,0.8843503937007874,235,0.1156496062992126,159,True,127,128,32,32,0,"[159, 40, 8]",0,True,32,True,128,159,32,0,0,32,"[128, 40, 8]",1,40,False,18e04c17e1d39e4ee42a,"0,1",expected_aligned_shape,Qwen/Qwen3.6-35B-A3B,ok,32,127,254,146,0.5748031496062992,254,224,0.8818897637795275,44,0.3464566929133858,0.9737532808398951,247.33333333333334,0.985236220472441,250.25,Qwen/Qwen3.6-35B-A3B-FP8
summarization,2,127,8,2032,cross_model,1791,0.8813976377952756,241,0.1186023622047244,167,True,127,128,40,40,0,"[167, 40, 8]",0,True,40,True,128,167,40,0,0,40,"[128, 40, 8]",1,40,False,193afa86e725be46264b,"0,1",expected_aligned_shape,Qwen/Qwen3.6-35B-A3B,ok,32,127,254,143,0.562992125984252,254,217,0.8543307086614174,40,0.31496062992125984,0.9676290463692038,245.77777777777777,0.9817913385826772,249.375,Qwen/Qwen3.6-35B-A3B-FP8
json_structured,2,127,8,2032,cross_model,1767,0.8695866141732284,265,0.13041338582677164,159,True,127,128,32,32,0,"[159, 40, 8]",0,True,32,True,128,159,32,0,0,32,"[128, 40, 8]",1,40,False,199e438dd5cdfb5dd22c,"0,1",expected_aligned_shape,Qwen/Qwen3.6-35B-A3B,ok,32,127,254,134,0.5275590551181102,254,219,0.8622047244094488,37,0.29133858267716534,0.9693788276465443,246.22222222222223,0.9827755905511811,249.625,Qwen/Qwen3.6-35B-A3B-FP8
logs,2,71,8,1136,cross_model,977,0.8600352112676056,159,0.13996478873239437,103,True,71,72,32,32,0,"[103, 40, 8]",0,True,32,True,72,103,32,0,0,32,"[72, 40, 8]",1,40,False,19c5ffc20eb2dda9a70e,"0,1",expected_aligned_shape,Qwen/Qwen3.6-35B-A3B,ok,32,71,142,71,0.5,142,121,0.852112676056338,18,0.2535211267605634,0.9671361502347416,137.33333333333334,0.9815140845070423,139.375,Qwen/Qwen3.6-35B-A3B-FP8
summarization,2,127,8,2032,cross_model,1814,0.8927165354330708,218,0.10728346456692914,167,True,127,128,40,40,0,"[167, 40, 8]",0,True,40,True,128,167,40,0,0,40,"[128, 40, 8]",1,40,False,1a103249091a561181f6,"0,1",expected_aligned_shape,Qwen/Qwen3.6-35B-A3B,ok,32,127,254,159,0.6259842519685039,254,227,0.8937007874015748,51,0.4015748031496063,0.9763779527559056,248.0,0.9867125984251969,250.625,Qwen/Qwen3.6-35B-A3B-FP8
needle,2,127,8,2032,cross_model,1766,0.8690944881889764,266,0.1309055118110236,159,True,127,128,32,32,0,"[159, 40, 8]",0,True,32,True,128,159,32,0,0,32,"[128, 40, 8]",1,40,False,1a7c8839c36821963dbe,"0,1",expected_aligned_shape,Qwen/Qwen3.6-35B-A3B,ok,32,127,254,130,0.5118110236220472,254,211,0.8307086614173228,36,0.28346456692913385,0.9616797900262467,244.26666666666668,0.9783464566929134,248.5,Qwen/Qwen3.6-35B-A3B-FP8
low_margin,2,127,8,2032,cross_model,1771,0.8715551181102362,261,0.12844488188976377,167,True,127,128,40,40,0,"[167, 40, 8]",0,True,40,True,128,167,40,0,0,40,"[128, 40, 8]",1,40,False,1a88e28f0a8711b970f1,"0,1",expected_aligned_shape,Qwen/Qwen3.6-35B-A3B,ok,32,127,254,137,0.5393700787401575,254,218,0.8582677165354331,39,0.30708661417322836,0.9685039370078742,246.0,0.9822834645669292,249.5,Qwen/Qwen3.6-35B-A3B-FP8
mixed_language,2,127,8,2032,cross_model,1735,0.8538385826771654,297,0.14616141732283464,159,True,127,128,32,32,0,"[159, 40, 8]",0,True,32,True,128,159,32,0,0,32,"[128, 40, 8]",1,40,False,1abf9dfcb8082e6902a7,"0,1",expected_aligned_shape,Qwen/Qwen3.6-35B-A3B,ok,32,127,254,127,0.5,254,207,0.8149606299212598,31,0.2440944881889764,0.9581802274715661,243.37777777777777,0.9763779527559056,248.0,Qwen/Qwen3.6-35B-A3B-FP8
low_margin,2,127,8,2032,cross_model,1817,0.8941929133858267,215,0.10580708661417323,167,True,127,128,40,40,0,"[167, 40, 8]",0,True,40,True,128,167,40,0,0,40,"[128, 40, 8]",1,40,False,1ad5545112352c0eee4b,"0,1",expected_aligned_shape,Qwen/Qwen3.6-35B-A3B,ok,32,127,254,158,0.6220472440944882,254,230,0.905511811023622,47,0.3700787401574803,0.9783027121609799,248.48888888888888,0.9876968503937008,250.875,Qwen/Qwen3.6-35B-A3B-FP8
math_numeric,2,127,8,2032,cross_model,1365,0.671751968503937,667,0.328248031496063,159,True,127,128,32,32,0,"[159, 40, 8]",0,True,32,True,128,159,32,0,0,32,"[128, 40, 8]",1,40,False,1aea69803794900b5c6e,"0,1",expected_aligned_shape,Qwen/Qwen3.6-35B-A3B,ok,32,127,254,42,0.16535433070866143,254,105,0.41338582677165353,4,0.031496062992125984,0.8640419947506562,219.46666666666667,0.922736220472441,234.375,Qwen/Qwen3.6-35B-A3B-FP8
json_structured,2,127,8,2032,cross_model,1835,0.9030511811023622,197,0.09694881889763779,167,True,127,128,40,40,0,"[167, 40, 8]",0,True,40,True,128,167,40,0,0,40,"[128, 40, 8]",1,40,False,1be80d2c9e6f7b428345,"0,1",expected_aligned_shape,Qwen/Qwen3.6-35B-A3B,ok,32,127,254,165,0.6496062992125984,254,223,0.8779527559055118,55,0.4330708661417323,0.9728783902012249,247.11111111111111,0.984744094488189,250.125,Qwen/Qwen3.6-35B-A3B-FP8
mixed_language,2,127,8,2032,cross_model,1771,0.8715551181102362,261,0.12844488188976377,159,True,127,128,32,32,0,"[159, 40, 8]",0,True,32,True,128,159,32,0,0,32,"[128, 40, 8]",1,40,False,1c09787dd6896e7eda6c,"0,1",expected_aligned_shape,Qwen/Qwen3.6-35B-A3B,ok,32,127,254,139,0.547244094488189,254,217,0.8543307086614174,38,0.2992125984251969,0.9676290463692038,245.77777777777777,0.9817913385826772,249.375,Qwen/Qwen3.6-35B-A3B-FP8
json_structured,2,127,8,2032,cross_model,1800,0.8858267716535433,232,0.1141732283464567,167,True,127,128,40,40,0,"[167, 40, 8]",0,True,40,True,128,167,40,0,0,40,"[128, 40, 8]",1,40,False,1c3179d3228bcd8084cd,"0,1",expected_aligned_shape,Qwen/Qwen3.6-35B-A3B,ok,32,127,254,146,0.5748031496062992,254,221,0.8700787401574803,43,0.33858267716535434,0.9704286964129484,246.48888888888888,0.9832677165354331,249.75,Qwen/Qwen3.6-35B-A3B-FP8
math_numeric,2,127,8,2032,cross_model,1750,0.8612204724409449,282,0.13877952755905512,159,True,127,128,32,32,0,"[159, 40, 8]",0,True,32,True,128,159,32,0,0,32,"[128, 40, 8]",1,40,False,1c358a5a8bd5c0d08c3c,"0,1",expected_aligned_shape,Qwen/Qwen3.6-35B-A3B,ok,32,127,254,132,0.5196850393700787,254,220,0.8661417322834646,34,0.2677165354330709,0.9702537182852143,246.44444444444446,0.9832677165354331,249.75,Qwen/Qwen3.6-35B-A3B-FP8
code,2,127,8,2032,cross_model,1801,0.8863188976377953,231,0.11368110236220473,159,True,127,128,32,32,0,"[159, 40, 8]",0,True,32,True,128,159,32,0,0,32,"[128, 40, 8]",1,40,False,1c4bb7b1bdd70a96b67e,"0,1",expected_aligned_shape,Qwen/Qwen3.6-35B-A3B,ok,32,127,254,152,0.5984251968503937,254,228,0.8976377952755905,49,0.3858267716535433,0.9765529308836396,248.04444444444445,0.9867125984251969,250.625,Qwen/Qwen3.6-35B-A3B-FP8
math_numeric,2,127,8,2032,cross_model,1267,0.6235236220472441,765,0.3764763779527559,159,True,127,128,32,32,0,"[159, 40, 8]",0,True,32,True,128,159,32,0,0,32,"[128, 40, 8]",1,40,False,1c4bf44a9277b43d18c2,"0,1",expected_aligned_shape,Qwen/Qwen3.6-35B-A3B,ok,32,127,254,24,0.09448818897637795,254,171,0.6732283464566929,3,0.023622047244094488,0.9252843394575678,235.0222222222222,0.9576771653543307,243.25,Qwen/Qwen3.6-35B-A3B-FP8
needle,2,127,8,2032,cross_model,1750,0.8612204724409449,282,0.13877952755905512,159,True,127,128,32,32,0,"[159, 40, 8]",0,True,32,True,128,159,32,0,0,32,"[128, 40, 8]",1,40,False,1cd386c0e7972117e2df,"0,1",expected_aligned_shape,Qwen/Qwen3.6-35B-A3B,ok,32,127,254,137,0.5393700787401575,254,229,0.9015748031496063,40,0.31496062992125984,0.9781277340332459,248.44444444444446,0.9876968503937008,250.875,Qwen/Qwen3.6-35B-A3B-FP8
chat,2,127,8,2032,cross_model,1755,0.8636811023622047,277,0.13631889763779528,159,True,127,128,32,32,0,"[159, 40, 8]",0,True,32,True,128,159,32,0,0,32,"[128, 40, 8]",1,40,False,1d0dc8c1a64af1c2a912,"0,1",expected_aligned_shape,Qwen/Qwen3.6-35B-A3B,ok,32,127,254,142,0.5590551181102362,254,226,0.889763779527559,40,0.31496062992125984,0.9748031496062993,247.6,0.9857283464566929,250.375,Qwen/Qwen3.6-35B-A3B-FP8
math_numeric,2,127,8,2032,cross_model,1795,0.8833661417322834,237,0.11663385826771654,159,True,127,128,32,32,0,"[159, 40, 8]",0,True,32,True,128,159,32,0,0,32,"[128, 40, 8]",1,40,False,1d7cf8dd9193d957f3c1,"0,1",expected_aligned_shape,Qwen/Qwen3.6-35B-A3B,ok,32,127,254,148,0.5826771653543307,254,235,0.9251968503937008,45,0.3543307086614173,0.983377077865267,249.77777777777777,0.9906496062992126,251.625,Qwen/Qwen3.6-35B-A3B-FP8
math_numeric,2,127,8,2032,cross_model,1337,0.6579724409448819,695,0.3420275590551181,159,True,127,128,32,32,0,"[159, 40, 8]",0,True,32,True,128,159,32,0,0,32,"[128, 40, 8]",1,40,False,1d9153c8703527204c89,"0,1",expected_aligned_shape,Qwen/Qwen3.6-35B-A3B,ok,32,127,254,61,0.24015748031496062,254,143,0.562992125984252,10,0.07874015748031496,0.8911158832418675,226.34343434343435,0.937007874015748,238.0,Qwen/Qwen3.6-35B-A3B-FP8
json_structured,2,127,8,2032,cross_model,1781,0.8764763779527559,251,0.1235236220472441,167,True,127,128,40,40,0,"[167, 40, 8]",0,True,40,True,128,167,40,0,0,40,"[128, 40, 8]",1,40,False,1daef9ca6a62a9ddea6d,"0,1",expected_aligned_shape,Qwen/Qwen3.6-35B-A3B,ok,32,127,254,141,0.5551181102362205,254,226,0.889763779527559,36,0.28346456692913385,0.9755030621172354,247.77777777777777,0.9862204724409449,250.5,Qwen/Qwen3.6-35B-A3B-FP8
chat,2,127,8,2032,cross_model,1799,0.8853346456692913,233,0.11466535433070867,159,True,127,128,32,32,0,"[159, 40, 8]",0,True,32,True,128,159,32,0,0,32,"[128, 40, 8]",1,40,False,1e1520b407293bce7083,"0,1",expected_aligned_shape,Qwen/Qwen3.6-35B-A3B,ok,32,127,254,141,0.5551181102362205,254,227,0.8937007874015748,39,0.30708661417322836,0.9756780402449693,247.82222222222222,0.9862204724409449,250.5,Qwen/Qwen3.6-35B-A3B-FP8
summarization,2,127,8,2032,cross_model,1783,0.8774606299212598,249,0.12253937007874016,167,True,127,128,40,40,0,"[167, 40, 8]",0,True,40,True,128,167,40,0,0,40,"[128, 40, 8]",1,40,False,1e33fe88c9b72ac14558,"0,1",expected_aligned_shape,Qwen/Qwen3.6-35B-A3B,ok,32,127,254,141,0.5551181102362205,254,219,0.8622047244094488,37,0.29133858267716534,0.9686789151356081,246.04444444444445,0.9822834645669292,249.5,Qwen/Qwen3.6-35B-A3B-FP8
chat,2,127,8,2032,cross_model,1763,0.8676181102362205,269,0.13238188976377951,159,True,127,128,32,32,0,"[159, 40, 8]",0,True,32,True,128,159,32,0,0,32,"[128, 40, 8]",1,40,False,1e4cea9b2eaead43320c,"0,1",expected_aligned_shape,Qwen/Qwen3.6-35B-A3B,ok,32,127,254,132,0.5196850393700787,254,225,0.8858267716535433,35,0.2755905511811024,0.9739282589676291,247.37777777777777,0.985236220472441,250.25,Qwen/Qwen3.6-35B-A3B-FP8
json_structured,2,127,8,2032,cross_model,1768,0.8700787401574803,264,0.12992125984251968,166,True,127,128,39,39,0,"[166, 40, 8]",0,True,39,True,128,166,39,0,0,39,"[128, 40, 8]",1,40,False,1e7c7f9f219964a9768e,"0,1",expected_aligned_shape,Qwen/Qwen3.6-35B-A3B,ok,32,127,254,136,0.5354330708661418,254,219,0.8622047244094488,35,0.2755905511811024,0.9686789151356081,246.04444444444445,0.9822834645669292,249.5,Qwen/Qwen3.6-35B-A3B-FP8
summarization,2,127,8,2032,cross_model,1794,0.8828740157480315,238,0.1171259842519685,167,True,127,128,40,40,0,"[167, 40, 8]",0,True,40,True,128,167,40,0,0,40,"[128, 40, 8]",1,40,False,1e8bb930c595fa6ac53e,"0,1",expected_aligned_shape,Qwen/Qwen3.6-35B-A3B,ok,32,127,254,147,0.5787401574803149,254,221,0.8700787401574803,39,0.30708661417322836,0.9711286089238846,246.66666666666666,0.9837598425196851,249.875,Qwen/Qwen3.6-35B-A3B-FP8
summarization,2,127,8,2032,cross_model,1778,0.875,254,0.125,167,True,127,128,40,40,0,"[167, 40, 8]",0,True,40,True,128,167,40,0,0,40,"[128, 40, 8]",1,40,False,1eab55664817769b2d2f,"0,1",expected_aligned_shape,Qwen/Qwen3.6-35B-A3B,ok,32,127,254,146,0.5748031496062992,254,232,0.9133858267716536,45,0.3543307086614173,0.9807524059492564,249.11111111111111,0.9891732283464567,251.25,Qwen/Qwen3.6-35B-A3B-FP8
math_numeric,2,127,8,2032,cross_model,1806,0.8887795275590551,226,0.11122047244094488,159,True,127,128,32,32,0,"[159, 40, 8]",0,True,32,True,128,159,32,0,0,32,"[128, 40, 8]",1,40,False,1eb26b097af2dc72a214,"0,1",expected_aligned_shape,Qwen/Qwen3.6-35B-A3B,ok,32,127,254,160,0.6299212598425197,254,229,0.9015748031496063,52,0.4094488188976378,0.9774278215223097,248.26666666666668,0.9872047244094488,250.75,Qwen/Qwen3.6-35B-A3B-FP8
short_qa,2,127,8,2032,cross_model,1785,0.8784448818897638,247,0.12155511811023623,159,True,127,128,32,32,0,"[159, 40, 8]",0,True,32,True,128,159,32,0,0,32,"[128, 40, 8]",1,40,False,1eccb479d98cb342d132,"0,1",expected_aligned_shape,Qwen/Qwen3.6-35B-A3B,ok,32,127,254,146,0.5748031496062992,254,220,0.8661417322834646,41,0.3228346456692913,0.9695538057742784,246.26666666666668,0.9827755905511811,249.625,Qwen/Qwen3.6-35B-A3B-FP8
chat,2,127,8,2032,cross_model,1785,0.8784448818897638,247,0.12155511811023623,159,True,127,128,32,32,0,"[159, 40, 8]",0,True,32,True,128,159,32,0,0,32,"[128, 40, 8]",1,40,False,1f22f72c7202203035c2,"0,1",expected_aligned_shape,Qwen/Qwen3.6-35B-A3B,ok,32,127,254,151,0.594488188976378,254,227,0.8937007874015748,44,0.3464566929133858,0.9763779527559056,248.0,0.9867125984251969,250.625,Qwen/Qwen3.6-35B-A3B-FP8
short_qa,2,127,8,2032,cross_model,1792,0.8818897637795275,240,0.11811023622047244,166,True,127,128,39,39,0,"[166, 40, 8]",0,True,39,True,128,166,39,0,0,39,"[128, 40, 8]",1,40,False,1f4df8cdffbf438fda1a,"0,1",expected_aligned_shape,Qwen/Qwen3.6-35B-A3B,ok,32,127,254,146,0.5748031496062992,254,219,0.8622047244094488,45,0.3543307086614173,0.9686789151356081,246.04444444444445,0.9822834645669292,249.5,Qwen/Qwen3.6-35B-A3B-FP8
needle,2,127,8,2032,cross_model,1747,0.859744094488189,285,0.14025590551181102,159,True,127,128,32,32,0,"[159, 40, 8]",0,True,32,True,128,159,32,0,0,32,"[128, 40, 8]",1,40,False,206a7733fbf1a0879666,"0,1",expected_aligned_shape,Qwen/Qwen3.6-35B-A3B,ok,32,127,254,140,0.5511811023622047,254,229,0.9015748031496063,38,0.2992125984251969,0.9781277340332459,248.44444444444446,0.9876968503937008,250.875,Qwen/Qwen3.6-35B-A3B-FP8
summarization,2,127,8,2032,cross_model,1781,0.8764763779527559,251,0.1235236220472441,165,True,127,128,38,38,0,"[165, 40, 8]",0,True,38,True,128,165,38,0,0,38,"[128, 40, 8]",1,40,False,20d8dd0b65d5c0071954,"0,1",expected_aligned_shape,Qwen/Qwen3.6-35B-A3B,ok,32,127,254,143,0.562992125984252,254,226,0.889763779527559,44,0.3464566929133858,0.9755030621172355,247.77777777777777,0.9862204724409449,250.5,Qwen/Qwen3.6-35B-A3B-FP8
code,2,127,8,2032,cross_model,1788,0.8799212598425197,244,0.12007874015748031,159,True,127,128,32,32,0,"[159, 40, 8]",0,True,32,True,128,159,32,0,0,32,"[128, 40, 8]",1,40,False,20d92c0200af06bf88d2,"0,1",expected_aligned_shape,Qwen/Qwen3.6-35B-A3B,ok,32,127,254,148,0.5826771653543307,254,225,0.8858267716535433,45,0.3543307086614173,0.9746281714785653,247.55555555555554,0.9857283464566929,250.375,Qwen/Qwen3.6-35B-A3B-FP8
math_numeric,2,127,8,2032,cross_model,1357,0.6678149606299213,675,0.33218503937007876,159,True,127,128,32,32,0,"[159, 40, 8]",0,True,32,True,128,159,32,0,0,32,"[128, 40, 8]",1,40,False,21712eb07f5746c62140,"0,1",expected_aligned_shape,Qwen/Qwen3.6-35B-A3B,ok,32,127,254,61,0.24015748031496062,254,142,0.5590551181102362,11,0.08661417322834646,0.8867414300485167,225.23232323232324,0.9340551181102362,237.25,Qwen/Qwen3.6-35B-A3B-FP8
json_structured,2,127,8,2032,cross_model,1760,0.8661417322834646,272,0.13385826771653545,159,True,127,128,32,32,0,"[159, 40, 8]",0,True,32,True,128,159,32,0,0,32,"[128, 40, 8]",1,40,False,21a1fd652b8ee4a01436,"0,1",expected_aligned_shape,Qwen/Qwen3.6-35B-A3B,ok,32,127,254,134,0.5275590551181102,254,222,0.8740157480314961,39,0.30708661417322836,0.9720034995625548,246.88888888888889,0.984251968503937,250.0,Qwen/Qwen3.6-35B-A3B-FP8
json_structured,2,127,8,2032,cross_model,1780,0.8759842519685039,252,0.12401574803149606,166,True,127,128,39,39,0,"[166, 40, 8]",0,True,39,True,128,166,39,0,0,39,"[128, 40, 8]",1,40,False,21aacc5ffd220c26fe28,"0,1",expected_aligned_shape,Qwen/Qwen3.6-35B-A3B,ok,32,127,254,139,0.547244094488189,254,221,0.8700787401574803,36,0.28346456692913385,0.9711286089238845,246.66666666666666,0.9837598425196851,249.875,Qwen/Qwen3.6-35B-A3B-FP8
json_structured,2,127,8,2032,cross_model,1779,0.875492125984252,253,0.12450787401574803,167,True,127,128,40,40,0,"[167, 40, 8]",0,True,40,True,128,167,40,0,0,40,"[128, 40, 8]",1,40,False,21ee47798c809fb94dbe,"0,1",expected_aligned_shape,Qwen/Qwen3.6-35B-A3B,ok,32,127,254,145,0.5708661417322834,254,222,0.8740157480314961,42,0.33070866141732286,0.9720034995625548,246.88888888888889,0.984251968503937,250.0,Qwen/Qwen3.6-35B-A3B-FP8
logs,2,127,8,2032,cross_model,1835,0.9030511811023622,197,0.09694881889763779,159,True,127,128,32,32,0,"[159, 40, 8]",0,True,32,True,128,159,32,0,0,32,"[128, 40, 8]",1,40,False,22d976a544f1f7482895,"0,1",expected_aligned_shape,Qwen/Qwen3.6-35B-A3B,ok,32,127,254,162,0.6377952755905512,254,229,0.9015748031496063,52,0.4094488188976378,0.9781277340332459,248.44444444444446,0.9876968503937008,250.875,Qwen/Qwen3.6-35B-A3B-FP8
short_qa,2,127,8,2032,cross_model,1791,0.8813976377952756,241,0.1186023622047244,166,True,127,128,39,39,0,"[166, 40, 8]",0,True,39,True,128,166,39,0,0,39,"[128, 40, 8]",1,40,False,232125d1d806b13d8881,"0,1",expected_aligned_shape,Qwen/Qwen3.6-35B-A3B,ok,32,127,254,140,0.5511811023622047,254,228,0.8976377952755905,38,0.2992125984251969,0.9772528433945757,248.22222222222223,0.9872047244094488,250.75,Qwen/Qwen3.6-35B-A3B-FP8
low_margin,2,127,8,2032,cross_model,1792,0.8818897637795275,240,0.11811023622047244,167,True,127,128,40,40,0,"[167, 40, 8]",0,True,40,True,128,167,40,0,0,40,"[128, 40, 8]",1,40,False,2328d7a464c9ea472612,"0,1",expected_aligned_shape,Qwen/Qwen3.6-35B-A3B,ok,32,127,254,146,0.5748031496062992,254,223,0.8779527559055118,40,0.31496062992125984,0.9728783902012249,247.11111111111111,0.984744094488189,250.125,Qwen/Qwen3.6-35B-A3B-FP8
code,2,98,8,1568,cross_model,1382,0.8813775510204082,186,0.11862244897959184,130,True,98,99,32,32,0,"[130, 40, 8]",0,True,32,True,99,130,32,0,0,32,"[99, 40, 8]",1,40,False,2343bd272f1ca7b3e208,"0,1",expected_aligned_shape,Qwen/Qwen3.6-35B-A3B,ok,32,98,196,111,0.5663265306122449,196,174,0.8877551020408163,34,0.3469387755102041,0.9741496598639456,190.93333333333334,0.9853316326530612,193.125,Qwen/Qwen3.6-35B-A3B-FP8
mixed_language,2,127,8,2032,cross_model,1758,0.8651574803149606,274,0.13484251968503938,159,True,127,128,32,32,0,"[159, 40, 8]",0,True,32,True,128,159,32,0,0,32,"[128, 40, 8]",1,40,False,23457c9343c9fdf0d351,"0,1",expected_aligned_shape,Qwen/Qwen3.6-35B-A3B,ok,32,127,254,137,0.5393700787401575,254,213,0.8385826771653543,37,0.29133858267716534,0.9627296587926509,244.53333333333333,0.9788385826771654,248.625,Qwen/Qwen3.6-35B-A3B-FP8
short_qa,2,127,8,2032,cross_model,1805,0.8882874015748031,227,0.11171259842519685,159,True,127,128,32,32,0,"[159, 40, 8]",0,True,32,True,128,159,32,0,0,32,"[128, 40, 8]",1,40,False,235b042d6e2b290a72f0,"0,1",expected_aligned_shape,Qwen/Qwen3.6-35B-A3B,ok,32,127,254,151,0.594488188976378,254,218,0.8582677165354331,42,0.33070866141732286,0.968503937007874,246.0,0.9822834645669292,249.5,Qwen/Qwen3.6-35B-A3B-FP8
low_margin,2,127,8,2032,cross_model,1775,0.8735236220472441,257,0.1264763779527559,166,True,127,128,39,39,0,"[166, 40, 8]",0,True,39,True,128,166,39,0,0,39,"[128, 40, 8]",1,40,False,239fcde67aa71aae1332,"0,1",expected_aligned_shape,Qwen/Qwen3.6-35B-A3B,ok,32,127,254,148,0.5826771653543307,254,221,0.8700787401574803,43,0.33858267716535434,0.9711286089238846,246.66666666666666,0.9837598425196851,249.875,Qwen/Qwen3.6-35B-A3B-FP8
chat,2,127,8,2032,cross_model,1768,0.8700787401574803,264,0.12992125984251968,167,True,127,128,40,40,0,"[167, 40, 8]",0,True,40,True,128,167,40,0,0,40,"[128, 40, 8]",1,40,False,23d1a4bb74f86f9ae72c,"0,1",expected_aligned_shape,Qwen/Qwen3.6-35B-A3B,ok,32,127,254,138,0.5433070866141733,254,229,0.9015748031496063,38,0.2992125984251969,0.9781277340332459,248.44444444444446,0.9876968503937008,250.875,Qwen/Qwen3.6-35B-A3B-FP8
json_structured,2,127,8,2032,cross_model,1786,0.8789370078740157,246,0.12106299212598425,167,True,127,128,40,40,0,"[167, 40, 8]",0,True,40,True,128,167,40,0,0,40,"[128, 40, 8]",1,40,False,23db6fb46822445517d0,"0,1",expected_aligned_shape,Qwen/Qwen3.6-35B-A3B,ok,32,127,254,147,0.5787401574803149,254,219,0.8622047244094488,45,0.3543307086614173,0.9686789151356081,246.04444444444445,0.9822834645669292,249.5,Qwen/Qwen3.6-35B-A3B-FP8
logs,2,127,8,2032,cross_model,1743,0.8577755905511811,289,0.1422244094488189,159,True,127,128,32,32,0,"[159, 40, 8]",0,True,32,True,128,159,32,0,0,32,"[128, 40, 8]",1,40,False,24350f673b6706a47238,"0,1",expected_aligned_shape,Qwen/Qwen3.6-35B-A3B,ok,32,127,254,130,0.5118110236220472,254,216,0.8503937007874016,35,0.2755905511811024,0.9667541557305337,245.55555555555554,0.9812992125984252,249.25,Qwen/Qwen3.6-35B-A3B-FP8
summarization,2,127,8,2032,cross_model,1795,0.8833661417322834,237,0.11663385826771654,162,True,127,128,35,35,0,"[162, 40, 8]",0,True,35,True,128,162,35,0,0,35,"[128, 40, 8]",1,40,False,24578ec3333bed79e961,"0,1",expected_aligned_shape,Qwen/Qwen3.6-35B-A3B,ok,32,127,254,146,0.5748031496062992,254,230,0.905511811023622,39,0.30708661417322836,0.979002624671916,248.66666666666666,0.9881889763779528,251.0,Qwen/Qwen3.6-35B-A3B-FP8
short_qa,2,127,8,2032,cross_model,1783,0.8774606299212598,249,0.12253937007874016,159,True,127,128,32,32,0,"[159, 40, 8]",0,True,32,True,128,159,32,0,0,32,"[128, 40, 8]",1,40,False,2469459cad19a519e761,"0,1",expected_aligned_shape,Qwen/Qwen3.6-35B-A3B,ok,32,127,254,146,0.5748031496062992,254,225,0.8858267716535433,41,0.3228346456692913,0.973928258967629,247.37777777777777,0.985236220472441,250.25,Qwen/Qwen3.6-35B-A3B-FP8
math_numeric,2,127,8,2032,cross_model,1291,0.6353346456692913,741,0.3646653543307087,159,True,127,128,32,32,0,"[159, 40, 8]",0,True,32,True,128,159,32,0,0,32,"[128, 40, 8]",1,40,False,253a58836fc704d92279,"0,1",expected_aligned_shape,Qwen/Qwen3.6-35B-A3B,ok,32,127,254,61,0.24015748031496062,254,144,0.5669291338582677,5,0.03937007874015748,0.8821919987274319,224.07676767676767,0.9306102362204725,236.375,Qwen/Qwen3.6-35B-A3B-FP8
chat,2,127,8,2032,cross_model,1789,0.8804133858267716,243,0.11958661417322834,159,True,127,128,32,32,0,"[159, 40, 8]",0,True,32,True,128,159,32,0,0,32,"[128, 40, 8]",1,40,False,256c6dfa4f67e397387e,"0,1",expected_aligned_shape,Qwen/Qwen3.6-35B-A3B,ok,32,127,254,140,0.5511811023622047,254,218,0.8582677165354331,36,0.28346456692913385,0.968503937007874,246.0,0.9822834645669292,249.5,Qwen/Qwen3.6-35B-A3B-FP8
short_qa,2,127,8,2032,cross_model,1774,0.8730314960629921,258,0.12696850393700787,159,True,127,128,32,32,0,"[159, 40, 8]",0,True,32,True,128,159,32,0,0,32,"[128, 40, 8]",1,40,False,2622626bdd86b8db128d,"0,1",expected_aligned_shape,Qwen/Qwen3.6-35B-A3B,ok,32,127,254,142,0.5590551181102362,254,222,0.8740157480314961,42,0.33070866141732286,0.9713035870516187,246.7111111111111,0.9837598425196851,249.875,Qwen/Qwen3.6-35B-A3B-FP8
short_qa,2,127,8,2032,cross_model,1803,0.8873031496062992,229,0.11269685039370078,166,True,127,128,39,39,0,"[166, 40, 8]",0,True,39,True,128,166,39,0,0,39,"[128, 40, 8]",1,40,False,262796788153eff2f6cd,"0,1",expected_aligned_shape,Qwen/Qwen3.6-35B-A3B,ok,32,127,254,154,0.6062992125984252,254,230,0.905511811023622,46,0.36220472440944884,0.9790026246719159,248.66666666666666,0.9881889763779528,251.0,Qwen/Qwen3.6-35B-A3B-FP8
summarization,2,127,8,2032,cross_model,1778,0.875,254,0.125,159,True,127,128,32,32,0,"[159, 40, 8]",0,True,32,True,128,159,32,0,0,32,"[128, 40, 8]",1,40,False,263423e917e7d58ee86c,"0,1",expected_aligned_shape,Qwen/Qwen3.6-35B-A3B,ok,32,127,254,133,0.5236220472440944,254,215,0.8464566929133859,36,0.28346456692913385,0.9644794400699912,244.9777777777778,0.9798228346456693,248.875,Qwen/Qwen3.6-35B-A3B-FP8
summarization,2,127,8,2032,cross_model,1799,0.8853346456692913,233,0.11466535433070867,167,True,127,128,40,40,0,"[167, 40, 8]",0,True,40,True,128,167,40,0,0,40,"[128, 40, 8]",1,40,False,263d0333a4f3da4051e5,"0,1",expected_aligned_shape,Qwen/Qwen3.6-35B-A3B,ok,32,127,254,149,0.5866141732283464,254,217,0.8543307086614174,42,0.33070866141732286,0.9676290463692038,245.77777777777777,0.9817913385826772,249.375,Qwen/Qwen3.6-35B-A3B-FP8
chat,2,127,8,2032,cross_model,1798,0.8848425196850394,234,0.11515748031496063,159,True,127,128,32,32,0,"[159, 40, 8]",0,True,32,True,128,159,32,0,0,32,"[128, 40, 8]",1,40,False,270d313aa3200ac96ec3,"0,1",expected_aligned_shape,Qwen/Qwen3.6-35B-A3B,ok,32,127,254,147,0.5787401574803149,254,225,0.8858267716535433,43,0.33858267716535434,0.9746281714785653,247.55555555555554,0.9857283464566929,250.375,Qwen/Qwen3.6-35B-A3B-FP8
logs,2,127,8,2032,cross_model,1775,0.8735236220472441,257,0.1264763779527559,159,True,127,128,32,32,0,"[159, 40, 8]",0,True,32,True,128,159,32,0,0,32,"[128, 40, 8]",1,40,False,27c4d24f22e4a0ff0c38,"0,1",expected_aligned_shape,Qwen/Qwen3.6-35B-A3B,ok,32,127,254,139,0.547244094488189,254,226,0.889763779527559,36,0.28346456692913385,0.9755030621172354,247.77777777777777,0.9862204724409449,250.5,Qwen/Qwen3.6-35B-A3B-FP8
summarization,2,127,8,2032,cross_model,1807,0.8892716535433071,225,0.11072834645669291,163,True,127,128,36,36,0,"[163, 40, 8]",0,True,36,True,128,163,36,0,0,36,"[128, 40, 8]",1,40,False,27cfd27b6f7be852ce3e,"0,1",expected_aligned_shape,Qwen/Qwen3.6-35B-A3B,ok,32,127,254,153,0.6023622047244095,254,226,0.889763779527559,43,0.33858267716535434,0.9755030621172355,247.77777777777777,0.9862204724409449,250.5,Qwen/Qwen3.6-35B-A3B-FP8
summarization,2,127,8,2032,cross_model,1818,0.8946850393700787,214,0.10531496062992125,167,True,127,128,40,40,0,"[167, 40, 8]",0,True,40,True,128,167,40,0,0,40,"[128, 40, 8]",1,40,False,283563fec936c7c1a5c4,"0,1",expected_aligned_shape,Qwen/Qwen3.6-35B-A3B,ok,32,127,254,158,0.6220472440944882,254,227,0.8937007874015748,52,0.4094488188976378,0.9763779527559056,248.0,0.9867125984251969,250.625,Qwen/Qwen3.6-35B-A3B-FP8
low_margin,2,127,8,2032,cross_model,1798,0.8848425196850394,234,0.11515748031496063,167,True,127,128,40,40,0,"[167, 40, 8]",0,True,40,True,128,167,40,0,0,40,"[128, 40, 8]",1,40,False,2875b005621c9a1ca52b,"0,1",expected_aligned_shape,Qwen/Qwen3.6-35B-A3B,ok,32,127,254,147,0.5787401574803149,254,226,0.889763779527559,45,0.3543307086614173,0.9755030621172355,247.77777777777777,0.9862204724409449,250.5,Qwen/Qwen3.6-35B-A3B-FP8
chat,2,127,8,2032,cross_model,1766,0.8690944881889764,266,0.1309055118110236,159,True,127,128,32,32,0,"[159, 40, 8]",0,True,32,True,128,159,32,0,0,32,"[128, 40, 8]",1,40,False,296354faad4c255cfd2d,"0,1",expected_aligned_shape,Qwen/Qwen3.6-35B-A3B,ok,32,127,254,137,0.5393700787401575,254,219,0.8622047244094488,37,0.29133858267716534,0.9693788276465443,246.22222222222223,0.9827755905511811,249.625,Qwen/Qwen3.6-35B-A3B-FP8
code,2,127,8,2032,cross_model,1767,0.8695866141732284,265,0.13041338582677164,159,True,127,128,32,32,0,"[159, 40, 8]",0,True,32,True,128,159,32,0,0,32,"[128, 40, 8]",1,40,False,29969beda4473edae4db,"0,1",expected_aligned_shape,Qwen/Qwen3.6-35B-A3B,ok,32,127,254,130,0.5118110236220472,254,213,0.8385826771653543,37,0.29133858267716534,0.9641294838145231,244.88888888888889,0.9798228346456693,248.875,Qwen/Qwen3.6-35B-A3B-FP8
needle,2,127,8,2032,cross_model,1780,0.8759842519685039,252,0.12401574803149606,159,True,127,128,32,32,0,"[159, 40, 8]",0,True,32,True,128,159,32,0,0,32,"[128, 40, 8]",1,40,False,29df90da31edeb076100,"0,1",expected_aligned_shape,Qwen/Qwen3.6-35B-A3B,ok,32,127,254,142,0.5590551181102362,254,227,0.8937007874015748,42,0.33070866141732286,0.9763779527559056,248.0,0.9867125984251969,250.625,Qwen/Qwen3.6-35B-A3B-FP8
code,2,127,8,2032,cross_model,1770,0.8710629921259843,262,0.12893700787401574,165,True,127,128,38,38,0,"[165, 40, 8]",0,True,38,True,128,165,38,0,0,38,"[128, 40, 8]",1,40,False,29f2b9019a91ff75122a,"0,1",expected_aligned_shape,Qwen/Qwen3.6-35B-A3B,ok,32,127,254,135,0.531496062992126,254,216,0.8503937007874016,40,0.31496062992125984,0.9667541557305337,245.55555555555554,0.9812992125984252,249.25,Qwen/Qwen3.6-35B-A3B-FP8
short_qa,2,127,8,2032,cross_model,1810,0.890748031496063,222,0.10925196850393701,166,True,127,128,39,39,0,"[166, 40, 8]",0,True,39,True,128,166,39,0,0,39,"[128, 40, 8]",1,40,False,2a0da392f97bc56387a1,"0,1",expected_aligned_shape,Qwen/Qwen3.6-35B-A3B,ok,32,127,254,151,0.594488188976378,254,226,0.889763779527559,44,0.3464566929133858,0.9755030621172354,247.77777777777777,0.9862204724409449,250.5,Qwen/Qwen3.6-35B-A3B-FP8
mixed_language,2,103,8,1648,cross_model,1474,0.8944174757281553,174,0.10558252427184465,135,True,103,104,32,32,0,"[135, 40, 8]",0,True,32,True,104,135,32,0,0,32,"[104, 40, 8]",1,40,False,2a4cb26fc9d198381d7c,"0,1",expected_aligned_shape,Qwen/Qwen3.6-35B-A3B,ok,32,103,206,129,0.6262135922330098,206,183,0.8883495145631068,41,0.39805825242718446,0.9751887810140237,200.88888888888889,0.9860436893203883,203.125,Qwen/Qwen3.6-35B-A3B-FP8
math_numeric,2,127,8,2032,cross_model,1289,0.6343503937007874,743,0.3656496062992126,159,True,127,128,32,32,0,"[159, 40, 8]",0,True,32,True,128,159,32,0,0,32,"[128, 40, 8]",1,40,False,2a8e0c56729920028938,"0,1",expected_aligned_shape,Qwen/Qwen3.6-35B-A3B,ok,32,127,254,31,0.1220472440944882,254,131,0.515748031496063,1,0.007874015748031496,0.8916885389326334,226.48888888888888,0.9389763779527559,238.5,Qwen/Qwen3.6-35B-A3B-FP8
code,2,127,8,2032,cross_model,1764,0.8681102362204725,268,0.13188976377952755,159,True,127,128,32,32,0,"[159, 40, 8]",0,True,32,True,128,159,32,0,0,32,"[128, 40, 8]",1,40,False,2a90d069c00b6726d1c9,"0,1",expected_aligned_shape,Qwen/Qwen3.6-35B-A3B,ok,32,127,254,130,0.5118110236220472,254,222,0.8740157480314961,32,0.25196850393700787,0.9720034995625547,246.88888888888889,0.984251968503937,250.0,Qwen/Qwen3.6-35B-A3B-FP8
low_margin,2,127,8,2032,cross_model,1800,0.8858267716535433,232,0.1141732283464567,167,True,127,128,40,40,0,"[167, 40, 8]",0,True,40,True,128,167,40,0,0,40,"[128, 40, 8]",1,40,False,2af65a7c16bf4ea4f9d6,"0,1",expected_aligned_shape,Qwen/Qwen3.6-35B-A3B,ok,32,127,254,140,0.5511811023622047,254,217,0.8543307086614174,39,0.30708661417322836,0.9676290463692038,245.77777777777777,0.9817913385826772,249.375,Qwen/Qwen3.6-35B-A3B-FP8
math_numeric,2,127,8,2032,cross_model,1764,0.8681102362204725,268,0.13188976377952755,159,True,127,128,32,32,0,"[159, 40, 8]",0,True,32,True,128,159,32,0,0,32,"[128, 40, 8]",1,40,False,2b115a45164b6f052a85,"0,1",expected_aligned_shape,Qwen/Qwen3.6-35B-A3B,ok,32,127,254,136,0.5354330708661418,254,222,0.8740157480314961,36,0.28346456692913385,0.9720034995625546,246.88888888888889,0.984251968503937,250.0,Qwen/Qwen3.6-35B-A3B-FP8
summarization,2,127,8,2032,cross_model,1787,0.8794291338582677,245,0.12057086614173228,167,True,127,128,40,40,0,"[167, 40, 8]",0,True,40,True,128,167,40,0,0,40,"[128, 40, 8]",1,40,False,2b3f6fc832e4ed6e419e,"0,1",expected_aligned_shape,Qwen/Qwen3.6-35B-A3B,ok,32,127,254,148,0.5826771653543307,254,232,0.9133858267716536,48,0.3779527559055118,0.9807524059492564,249.11111111111111,0.9891732283464567,251.25,Qwen/Qwen3.6-35B-A3B-FP8
summarization,2,127,8,2032,cross_model,1807,0.8892716535433071,225,0.11072834645669291,167,True,127,128,40,40,0,"[167, 40, 8]",0,True,40,True,128,167,40,0,0,40,"[128, 40, 8]",1,40,False,2ba6021a91efc5816cf2,"0,1",expected_aligned_shape,Qwen/Qwen3.6-35B-A3B,ok,32,127,254,148,0.5826771653543307,254,220,0.8661417322834646,41,0.3228346456692913,0.9695538057742782,246.26666666666668,0.9827755905511811,249.625,Qwen/Qwen3.6-35B-A3B-FP8
needle,2,127,8,2032,cross_model,1790,0.8809055118110236,242,0.11909448818897637,159,True,127,128,32,32,0,"[159, 40, 8]",0,True,32,True,128,159,32,0,0,32,"[128, 40, 8]",1,40,False,2c18391176e2ce6188a6,"0,1",expected_aligned_shape,Qwen/Qwen3.6-35B-A3B,ok,32,127,254,143,0.562992125984252,254,224,0.8818897637795275,37,0.29133858267716534,0.9737532808398952,247.33333333333334,0.985236220472441,250.25,Qwen/Qwen3.6-35B-A3B-FP8
mixed_language,2,127,8,2032,cross_model,1750,0.8612204724409449,282,0.13877952755905512,159,True,127,128,32,32,0,"[159, 40, 8]",0,True,32,True,128,159,32,0,0,32,"[128, 40, 8]",1,40,False,2c58121ecdf0c3b65467,"0,1",expected_aligned_shape,Qwen/Qwen3.6-35B-A3B,ok,32,127,254,127,0.5,254,202,0.7952755905511811,33,0.25984251968503935,0.9532331185874492,242.12121212121212,0.9734251968503937,247.25,Qwen/Qwen3.6-35B-A3B-FP8
chat,2,127,8,2032,cross_model,1750,0.8612204724409449,282,0.13877952755905512,167,True,127,128,40,40,0,"[167, 40, 8]",0,True,40,True,128,167,40,0,0,40,"[128, 40, 8]",1,40,False,2cf1f67a6d6a938d71e4,"0,1",expected_aligned_shape,Qwen/Qwen3.6-35B-A3B,ok,32,127,254,128,0.5039370078740157,254,222,0.8740157480314961,32,0.25196850393700787,0.9720034995625548,246.88888888888889,0.984251968503937,250.0,Qwen/Qwen3.6-35B-A3B-FP8
json_structured,2,127,8,2032,cross_model,1709,0.8410433070866141,323,0.15895669291338582,159,True,127,128,32,32,0,"[159, 40, 8]",0,True,32,True,128,159,32,0,0,32,"[128, 40, 8]",1,40,False,2d0d2ba850c9b5fccf0e,"0,1",expected_aligned_shape,Qwen/Qwen3.6-35B-A3B,ok,32,127,254,114,0.44881889763779526,254,203,0.7992125984251969,25,0.1968503937007874,0.9546806649168853,242.48888888888888,0.9744094488188977,247.5,Qwen/Qwen3.6-35B-A3B-FP8
json_structured,2,127,8,2032,cross_model,1748,0.860236220472441,284,0.13976377952755906,159,True,127,128,32,32,0,"[159, 40, 8]",0,True,32,True,128,159,32,0,0,32,"[128, 40, 8]",1,40,False,2d0ef85729f78017baca,"0,1",expected_aligned_shape,Qwen/Qwen3.6-35B-A3B,ok,32,127,254,132,0.5196850393700787,254,213,0.8385826771653543,36,0.28346456692913385,0.9641294838145231,244.88888888888889,0.9798228346456693,248.875,Qwen/Qwen3.6-35B-A3B-FP8
chat,2,127,8,2032,cross_model,1760,0.8661417322834646,272,0.13385826771653545,159,True,127,128,32,32,0,"[159, 40, 8]",0,True,32,True,128,159,32,0,0,32,"[128, 40, 8]",1,40,False,2d5b0dcf6053736ddef2,"0,1",expected_aligned_shape,Qwen/Qwen3.6-35B-A3B,ok,32,127,254,136,0.5354330708661418,254,221,0.8700787401574803,35,0.2755905511811024,0.9704286964129485,246.48888888888888,0.9832677165354331,249.75,Qwen/Qwen3.6-35B-A3B-FP8
code,2,127,8,2032,cross_model,1819,0.8951771653543307,213,0.10482283464566929,159,True,127,128,32,32,0,"[159, 40, 8]",0,True,32,True,128,159,32,0,0,32,"[128, 40, 8]",1,40,False,2d69d60265232caf677f,"0,1",expected_aligned_shape,Qwen/Qwen3.6-35B-A3B,ok,32,127,254,155,0.610236220472441,254,229,0.9015748031496063,44,0.3464566929133858,0.9781277340332458,248.44444444444446,0.9876968503937008,250.875,Qwen/Qwen3.6-35B-A3B-FP8
chat,2,127,8,2032,cross_model,1782,0.8769685039370079,250,0.12303149606299213,159,True,127,128,32,32,0,"[159, 40, 8]",0,True,32,True,128,159,32,0,0,32,"[128, 40, 8]",1,40,False,2dd24a1c8445c2fab792,"0,1",expected_aligned_shape,Qwen/Qwen3.6-35B-A3B,ok,32,127,254,148,0.5826771653543307,254,223,0.8779527559055118,45,0.3543307086614173,0.9728783902012249,247.11111111111111,0.984744094488189,250.125,Qwen/Qwen3.6-35B-A3B-FP8
math_numeric,2,11,8,176,cross_model,142,0.8068181818181818,34,0.19318181818181818,43,True,11,12,32,32,0,"[43, 40, 8]",0,True,32,True,12,43,32,0,0,32,"[12, 40, 8]",1,40,False,2dd89ff7a506dbb6344a,"0,1",expected_aligned_shape,Qwen/Qwen3.6-35B-A3B,ok,32,11,22,11,0.5,22,21,0.9545454545454546,2,0.18181818181818182,0.98989898989899,21.77777777777778,0.9943181818181818,21.875,Qwen/Qwen3.6-35B-A3B-FP8
logs,2,112,8,1792,cross_model,1571,0.8766741071428571,221,0.12332589285714286,144,True,112,113,32,32,0,"[144, 40, 8]",0,True,32,True,113,144,32,0,0,32,"[113, 40, 8]",1,40,False,2de2e2e7087b0e6e04f9,"0,1",expected_aligned_shape,Qwen/Qwen3.6-35B-A3B,ok,32,112,224,123,0.5491071428571429,224,198,0.8839285714285714,35,0.3125,0.9742063492063492,218.22222222222223,0.9854910714285714,220.75,Qwen/Qwen3.6-35B-A3B-FP8
needle,2,127,8,2032,cross_model,1759,0.8656496062992126,273,0.1343503937007874,159,True,127,128,32,32,0,"[159, 40, 8]",0,True,32,True,128,159,32,0,0,32,"[128, 40, 8]",1,40,False,2e7575899bd304d2d2aa,"0,1",expected_aligned_shape,Qwen/Qwen3.6-35B-A3B,ok,32,127,254,132,0.5196850393700787,254,224,0.8818897637795275,35,0.2755905511811024,0.9737532808398951,247.33333333333334,0.985236220472441,250.25,Qwen/Qwen3.6-35B-A3B-FP8
low_margin,2,127,8,2032,cross_model,1800,0.8858267716535433,232,0.1141732283464567,166,True,127,128,39,39,0,"[166, 40, 8]",0,True,39,True,128,166,39,0,0,39,"[128, 40, 8]",1,40,False,2ec53ea436b55402e7f9,"0,1",expected_aligned_shape,Qwen/Qwen3.6-35B-A3B,ok,32,127,254,153,0.6023622047244095,254,219,0.8622047244094488,48,0.3779527559055118,0.9686789151356081,246.04444444444445,0.9822834645669292,249.5,Qwen/Qwen3.6-35B-A3B-FP8
code,2,127,8,2032,cross_model,1820,0.8956692913385826,212,0.10433070866141732,166,True,127,128,39,39,0,"[166, 40, 8]",0,True,39,True,128,166,39,0,0,39,"[128, 40, 8]",1,40,False,2ed770e69773a3d4a410,"0,1",expected_aligned_shape,Qwen/Qwen3.6-35B-A3B,ok,32,127,254,151,0.594488188976378,254,227,0.8937007874015748,45,0.3543307086614173,0.9756780402449693,247.82222222222222,0.9862204724409449,250.5,Qwen/Qwen3.6-35B-A3B-FP8
json_structured,2,127,8,2032,cross_model,1796,0.8838582677165354,236,0.11614173228346457,167,True,127,128,40,40,0,"[167, 40, 8]",0,True,40,True,128,167,40,0,0,40,"[128, 40, 8]",1,40,False,2efd61031f1c6cdea6a8,"0,1",expected_aligned_shape,Qwen/Qwen3.6-35B-A3B,ok,32,127,254,145,0.5708661417322834,254,219,0.8622047244094488,39,0.30708661417322836,0.9679790026246718,245.86666666666667,0.9817913385826772,249.375,Qwen/Qwen3.6-35B-A3B-FP8
chat,2,127,8,2032,cross_model,1768,0.8700787401574803,264,0.12992125984251968,167,True,127,128,40,40,0,"[167, 40, 8]",0,True,40,True,128,167,40,0,0,40,"[128, 40, 8]",1,40,False,2f2a6f799f8866a2a2c5,"0,1",expected_aligned_shape,Qwen/Qwen3.6-35B-A3B,ok,32,127,254,135,0.531496062992126,254,215,0.8464566929133859,40,0.31496062992125984,0.9644794400699913,244.9777777777778,0.9798228346456693,248.875,Qwen/Qwen3.6-35B-A3B-FP8
short_qa,2,127,8,2032,cross_model,1799,0.8853346456692913,233,0.11466535433070867,159,True,127,128,32,32,0,"[159, 40, 8]",0,True,32,True,128,159,32,0,0,32,"[128, 40, 8]",1,40,False,2faff12ca5d596e9d497,"0,1",expected_aligned_shape,Qwen/Qwen3.6-35B-A3B,ok,32,127,254,145,0.5708661417322834,254,224,0.8818897637795275,41,0.3228346456692913,0.973053368328959,247.15555555555557,0.984744094488189,250.125,Qwen/Qwen3.6-35B-A3B-FP8
mixed_language,2,127,8,2032,cross_model,1717,0.84498031496063,315,0.15501968503937008,159,True,127,128,32,32,0,"[159, 40, 8]",0,True,32,True,128,159,32,0,0,32,"[128, 40, 8]",1,40,False,3006b46ed5b9b78a3d4d,"0,1",expected_aligned_shape,Qwen/Qwen3.6-35B-A3B,ok,32,127,254,116,0.4566929133858268,254,209,0.8228346456692913,25,0.1968503937007874,0.9599300087489064,243.82222222222222,0.9773622047244095,248.25,Qwen/Qwen3.6-35B-A3B-FP8
logs,2,109,8,1744,cross_model,1516,0.8692660550458715,228,0.13073394495412843,141,True,109,110,32,32,0,"[141, 40, 8]",0,True,32,True,110,141,32,0,0,32,"[110, 40, 8]",1,40,False,305cfdff6df3b5b4115f,"0,1",expected_aligned_shape,Qwen/Qwen3.6-35B-A3B,ok,32,109,218,119,0.5458715596330275,218,187,0.8577981651376146,33,0.30275229357798167,0.9683995922528034,211.11111111111111,0.9822247706422018,214.125,Qwen/Qwen3.6-35B-A3B-FP8
logs,2,127,8,2032,cross_model,1804,0.8877952755905512,228,0.11220472440944881,159,True,127,128,32,32,0,"[159, 40, 8]",0,True,32,True,128,159,32,0,0,32,"[128, 40, 8]",1,40,False,306d63201cc2d78c630e,"0,1",expected_aligned_shape,Qwen/Qwen3.6-35B-A3B,ok,32,127,254,148,0.5826771653543307,254,220,0.8661417322834646,42,0.33070866141732286,0.9702537182852145,246.44444444444446,0.9832677165354331,249.75,Qwen/Qwen3.6-35B-A3B-FP8
summarization,2,127,8,2032,cross_model,1774,0.8730314960629921,258,0.12696850393700787,163,True,127,128,36,36,0,"[163, 40, 8]",0,True,36,True,128,163,36,0,0,36,"[128, 40, 8]",1,40,False,307fa84fbecadb909d8f,"0,1",expected_aligned_shape,Qwen/Qwen3.6-35B-A3B,ok,32,127,254,145,0.5708661417322834,254,225,0.8858267716535433,35,0.2755905511811024,0.9746281714785653,247.55555555555554,0.9857283464566929,250.375,Qwen/Qwen3.6-35B-A3B-FP8
chat,2,127,8,2032,cross_model,1775,0.8735236220472441,257,0.1264763779527559,159,True,127,128,32,32,0,"[159, 40, 8]",0,True,32,True,128,159,32,0,0,32,"[128, 40, 8]",1,40,False,31a45aa7d5d2d392ef89,"0,1",expected_aligned_shape,Qwen/Qwen3.6-35B-A3B,ok,32,127,254,140,0.5511811023622047,254,220,0.8661417322834646,38,0.2992125984251969,0.9702537182852145,246.44444444444446,0.9832677165354331,249.75,Qwen/Qwen3.6-35B-A3B-FP8
logs,2,127,8,2032,cross_model,1792,0.8818897637795275,240,0.11811023622047244,159,True,127,128,32,32,0,"[159, 40, 8]",0,True,32,True,128,159,32,0,0,32,"[128, 40, 8]",1,40,False,31c3478fb78674e3cd4e,"0,1",expected_aligned_shape,Qwen/Qwen3.6-35B-A3B,ok,32,127,254,149,0.5866141732283464,254,221,0.8700787401574803,40,0.31496062992125984,0.9711286089238846,246.66666666666666,0.9837598425196851,249.875,Qwen/Qwen3.6-35B-A3B-FP8
short_qa,2,127,8,2032,cross_model,1806,0.8887795275590551,226,0.11122047244094488,159,True,127,128,32,32,0,"[159, 40, 8]",0,True,32,True,128,159,32,0,0,32,"[128, 40, 8]",1,40,False,31fee49419bc1edfcbd2,"0,1",expected_aligned_shape,Qwen/Qwen3.6-35B-A3B,ok,32,127,254,155,0.610236220472441,254,226,0.889763779527559,45,0.3543307086614173,0.9748031496062993,247.6,0.9857283464566929,250.375,Qwen/Qwen3.6-35B-A3B-FP8
logs,2,127,8,2032,cross_model,1800,0.8858267716535433,232,0.1141732283464567,159,True,127,128,32,32,0,"[159, 40, 8]",0,True,32,True,128,159,32,0,0,32,"[128, 40, 8]",1,40,False,3290320c83683f6d462b,"0,1",expected_aligned_shape,Qwen/Qwen3.6-35B-A3B,ok,32,127,254,154,0.6062992125984252,254,229,0.9015748031496063,43,0.33858267716535434,0.9774278215223097,248.26666666666668,0.9872047244094488,250.75,Qwen/Qwen3.6-35B-A3B-FP8
code,2,127,8,2032,cross_model,1833,0.9020669291338582,199,0.09793307086614174,159,True,127,128,32,32,0,"[159, 40, 8]",0,True,32,True,128,159,32,0,0,32,"[128, 40, 8]",1,40,False,32e043e23176d4c3411d,"0,1",expected_aligned_shape,Qwen/Qwen3.6-35B-A3B,ok,32,127,254,162,0.6377952755905512,254,236,0.9291338582677166,52,0.4094488188976378,0.984251968503937,250.0,0.9911417322834646,251.75,Qwen/Qwen3.6-35B-A3B-FP8
json_structured,2,127,8,2032,cross_model,1774,0.8730314960629921,258,0.12696850393700787,159,True,127,128,32,32,0,"[159, 40, 8]",0,True,32,True,128,159,32,0,0,32,"[128, 40, 8]",1,40,False,32f5ee73857974fea523,"0,1",expected_aligned_shape,Qwen/Qwen3.6-35B-A3B,ok,32,127,254,141,0.5551181102362205,254,216,0.8503937007874016,40,0.31496062992125984,0.9660542432195975,245.37777777777777,0.9808070866141733,249.125,Qwen/Qwen3.6-35B-A3B-FP8
summarization,2,127,8,2032,cross_model,1819,0.8951771653543307,213,0.10482283464566929,163,True,127,128,36,36,0,"[163, 40, 8]",0,True,36,True,128,163,36,0,0,36,"[128, 40, 8]",1,40,False,3340908de9f496cba0e2,"0,1",expected_aligned_shape,Qwen/Qwen3.6-35B-A3B,ok,32,127,254,152,0.5984251968503937,254,223,0.8779527559055118,46,0.36220472440944884,0.9728783902012248,247.11111111111111,0.984744094488189,250.125,Qwen/Qwen3.6-35B-A3B-FP8
summarization,2,127,8,2032,cross_model,1755,0.8636811023622047,277,0.13631889763779528,163,True,127,128,36,36,0,"[163, 40, 8]",0,True,36,True,128,163,36,0,0,36,"[128, 40, 8]",1,40,False,342272d1ab1e6d044aac,"0,1",expected_aligned_shape,Qwen/Qwen3.6-35B-A3B,ok,32,127,254,135,0.531496062992126,254,226,0.889763779527559,33,0.25984251968503935,0.9755030621172354,247.77777777777777,0.9862204724409449,250.5,Qwen/Qwen3.6-35B-A3B-FP8
chat,2,127,8,2032,cross_model,1777,0.874507874015748,255,0.12549212598425197,159,True,127,128,32,32,0,"[159, 40, 8]",0,True,32,True,128,159,32,0,0,32,"[128, 40, 8]",1,40,False,348585452bc0a6e12b3a,"0,1",expected_aligned_shape,Qwen/Qwen3.6-35B-A3B,ok,32,127,254,138,0.5433070866141733,254,216,0.8503937007874016,33,0.25984251968503935,0.9660542432195977,245.37777777777777,0.9808070866141733,249.125,Qwen/Qwen3.6-35B-A3B-FP8
summarization,2,127,8,2032,cross_model,1785,0.8784448818897638,247,0.12155511811023623,167,True,127,128,40,40,0,"[167, 40, 8]",0,True,40,True,128,167,40,0,0,40,"[128, 40, 8]",1,40,False,349a8e46aff51f574f44,"0,1",expected_aligned_shape,Qwen/Qwen3.6-35B-A3B,ok,32,127,254,146,0.5748031496062992,254,232,0.9133858267716536,42,0.33070866141732286,0.9807524059492563,249.11111111111111,0.9891732283464567,251.25,Qwen/Qwen3.6-35B-A3B-FP8
logs,2,127,8,2032,cross_model,1793,0.8823818897637795,239,0.11761811023622047,159,True,127,128,32,32,0,"[159, 40, 8]",0,True,32,True,128,159,32,0,0,32,"[128, 40, 8]",1,40,False,34c0e905650e348632f9,"0,1",expected_aligned_shape,Qwen/Qwen3.6-35B-A3B,ok,32,127,254,147,0.5787401574803149,254,222,0.8740157480314961,40,0.31496062992125984,0.9720034995625548,246.88888888888889,0.984251968503937,250.0,Qwen/Qwen3.6-35B-A3B-FP8
short_qa,2,127,8,2032,cross_model,1779,0.875492125984252,253,0.12450787401574803,159,True,127,128,32,32,0,"[159, 40, 8]",0,True,32,True,128,159,32,0,0,32,"[128, 40, 8]",1,40,False,34dfad8ce9c74861ca07,"0,1",expected_aligned_shape,Qwen/Qwen3.6-35B-A3B,ok,32,127,254,143,0.562992125984252,254,231,0.9094488188976378,41,0.3228346456692913,0.9798775153105862,248.88888888888889,0.9886811023622047,251.125,Qwen/Qwen3.6-35B-A3B-FP8
json_structured,2,127,8,2032,cross_model,1806,0.8887795275590551,226,0.11122047244094488,167,True,127,128,40,40,0,"[167, 40, 8]",0,True,40,True,128,167,40,0,0,40,"[128, 40, 8]",1,40,False,35047c6ea526d7ce48ba,"0,1",expected_aligned_shape,Qwen/Qwen3.6-35B-A3B,ok,32,127,254,153,0.6023622047244095,254,228,0.8976377952755905,49,0.3858267716535433,0.9772528433945756,248.22222222222223,0.9872047244094488,250.75,Qwen/Qwen3.6-35B-A3B-FP8
short_qa,2,127,8,2032,cross_model,1805,0.8882874015748031,227,0.11171259842519685,159,True,127,128,32,32,0,"[159, 40, 8]",0,True,32,True,128,159,32,0,0,32,"[128, 40, 8]",1,40,False,3532be8afd12073281c9,"0,1",expected_aligned_shape,Qwen/Qwen3.6-35B-A3B,ok,32,127,254,148,0.5826771653543307,254,217,0.8543307086614174,46,0.36220472440944884,0.9676290463692038,245.77777777777777,0.9817913385826772,249.375,Qwen/Qwen3.6-35B-A3B-FP8
mixed_language,2,103,8,1648,cross_model,1481,0.8986650485436893,167,0.10133495145631068,135,True,103,104,32,32,0,"[135, 40, 8]",0,True,32,True,104,135,32,0,0,32,"[104, 40, 8]",1,40,False,35800655e45bb8995456,"0,1",expected_aligned_shape,Qwen/Qwen3.6-35B-A3B,ok,32,103,206,130,0.6310679611650486,206,181,0.8786407766990292,41,0.39805825242718446,0.9721682847896439,200.26666666666668,0.9842233009708737,202.75,Qwen/Qwen3.6-35B-A3B-FP8
chat,2,127,8,2032,cross_model,1800,0.8858267716535433,232,0.1141732283464567,159,True,127,128,32,32,0,"[159, 40, 8]",0,True,32,True,128,159,32,0,0,32,"[128, 40, 8]",1,40,False,35b365ba73f78ef0c33d,"0,1",expected_aligned_shape,Qwen/Qwen3.6-35B-A3B,ok,32,127,254,146,0.5748031496062992,254,223,0.8779527559055118,41,0.3228346456692913,0.9728783902012249,247.11111111111111,0.984744094488189,250.125,Qwen/Qwen3.6-35B-A3B-FP8
mixed_language,2,127,8,2032,cross_model,1817,0.8941929133858267,215,0.10580708661417323,159,True,127,128,32,32,0,"[159, 40, 8]",0,True,32,True,128,159,32,0,0,32,"[128, 40, 8]",1,40,False,35e01e8dc621b92d0cdb,"0,1",expected_aligned_shape,Qwen/Qwen3.6-35B-A3B,ok,32,127,254,158,0.6220472440944882,254,223,0.8779527559055118,52,0.4094488188976378,0.9728783902012249,247.11111111111111,0.984744094488189,250.125,Qwen/Qwen3.6-35B-A3B-FP8
needle,2,127,8,2032,cross_model,1765,0.8686023622047244,267,0.13139763779527558,159,True,127,128,32,32,0,"[159, 40, 8]",0,True,32,True,128,159,32,0,0,32,"[128, 40, 8]",1,40,False,36ec9c4c79cdab731b82,"0,1",expected_aligned_shape,Qwen/Qwen3.6-35B-A3B,ok,32,127,254,141,0.5551181102362205,254,230,0.905511811023622,39,0.30708661417322836,0.9790026246719161,248.66666666666666,0.9881889763779528,251.0,Qwen/Qwen3.6-35B-A3B-FP8
low_margin,2,127,8,2032,cross_model,1817,0.8941929133858267,215,0.10580708661417323,166,True,127,128,39,39,0,"[166, 40, 8]",0,True,39,True,128,166,39,0,0,39,"[128, 40, 8]",1,40,False,370a59b5425e02e1f2b0,"0,1",expected_aligned_shape,Qwen/Qwen3.6-35B-A3B,ok,32,127,254,153,0.6023622047244095,254,223,0.8779527559055118,49,0.3858267716535433,0.9721784776902888,246.93333333333334,0.984251968503937,250.0,Qwen/Qwen3.6-35B-A3B-FP8
low_margin,2,127,8,2032,cross_model,1800,0.8858267716535433,232,0.1141732283464567,167,True,127,128,40,40,0,"[167, 40, 8]",0,True,40,True,128,167,40,0,0,40,"[128, 40, 8]",1,40,False,371b5b44d66aefdf558d,"0,1",expected_aligned_shape,Qwen/Qwen3.6-35B-A3B,ok,32,127,254,148,0.5826771653543307,254,217,0.8543307086614174,45,0.3543307086614173,0.9676290463692039,245.77777777777777,0.9817913385826772,249.375,Qwen/Qwen3.6-35B-A3B-FP8
needle,2,127,8,2032,cross_model,1799,0.8853346456692913,233,0.11466535433070867,159,True,127,128,32,32,0,"[159, 40, 8]",0,True,32,True,128,159,32,0,0,32,"[128, 40, 8]",1,40,False,374b1d4945def4d4efd4,"0,1",expected_aligned_shape,Qwen/Qwen3.6-35B-A3B,ok,32,127,254,148,0.5826771653543307,254,219,0.8622047244094488,44,0.3464566929133858,0.9686789151356081,246.04444444444445,0.9822834645669292,249.5,Qwen/Qwen3.6-35B-A3B-FP8
json_structured,2,127,8,2032,cross_model,1774,0.8730314960629921,258,0.12696850393700787,159,True,127,128,32,32,0,"[159, 40, 8]",0,True,32,True,128,159,32,0,0,32,"[128, 40, 8]",1,40,False,379da29819a8088367dc,"0,1",expected_aligned_shape,Qwen/Qwen3.6-35B-A3B,ok,32,127,254,132,0.5196850393700787,254,229,0.9015748031496063,37,0.29133858267716534,0.9781277340332458,248.44444444444446,0.9876968503937008,250.875,Qwen/Qwen3.6-35B-A3B-FP8
json_structured,2,127,8,2032,cross_model,1772,0.8720472440944882,260,0.1279527559055118,159,True,127,128,32,32,0,"[159, 40, 8]",0,True,32,True,128,159,32,0,0,32,"[128, 40, 8]",1,40,False,37b9a01762e4f0996c56,"0,1",expected_aligned_shape,Qwen/Qwen3.6-35B-A3B,ok,32,127,254,136,0.5354330708661418,254,222,0.8740157480314961,38,0.2992125984251969,0.9720034995625547,246.88888888888889,0.984251968503937,250.0,Qwen/Qwen3.6-35B-A3B-FP8
summarization,2,127,8,2032,cross_model,1806,0.8887795275590551,226,0.11122047244094488,162,True,127,128,35,35,0,"[162, 40, 8]",0,True,35,True,128,162,35,0,0,35,"[128, 40, 8]",1,40,False,37d79710448be0c7fd7d,"0,1",expected_aligned_shape,Qwen/Qwen3.6-35B-A3B,ok,32,127,254,153,0.6023622047244095,254,229,0.9015748031496063,39,0.30708661417322836,0.9781277340332459,248.44444444444446,0.9876968503937008,250.875,Qwen/Qwen3.6-35B-A3B-FP8
code,2,127,8,2032,cross_model,1754,0.8631889763779528,278,0.13681102362204725,159,True,127,128,32,32,0,"[159, 40, 8]",0,True,32,True,128,159,32,0,0,32,"[128, 40, 8]",1,40,False,37e7fb39d385be54c1bd,"0,1",expected_aligned_shape,Qwen/Qwen3.6-35B-A3B,ok,32,127,254,135,0.531496062992126,254,222,0.8740157480314961,37,0.29133858267716534,0.9720034995625548,246.88888888888889,0.984251968503937,250.0,Qwen/Qwen3.6-35B-A3B-FP8
low_margin,2,127,8,2032,cross_model,1790,0.8809055118110236,242,0.11909448818897637,167,True,127,128,40,40,0,"[167, 40, 8]",0,True,40,True,128,167,40,0,0,40,"[128, 40, 8]",1,40,False,38366acf306e4da2179b,"0,1",expected_aligned_shape,Qwen/Qwen3.6-35B-A3B,ok,32,127,254,143,0.562992125984252,254,221,0.8700787401574803,37,0.29133858267716534,0.9704286964129485,246.48888888888888,0.9832677165354331,249.75,Qwen/Qwen3.6-35B-A3B-FP8
summarization,2,127,8,2032,cross_model,1792,0.8818897637795275,240,0.11811023622047244,159,True,127,128,32,32,0,"[159, 40, 8]",0,True,32,True,128,159,32,0,0,32,"[128, 40, 8]",1,40,False,3962771a74f7b1e3a14d,"0,1",expected_aligned_shape,Qwen/Qwen3.6-35B-A3B,ok,32,127,254,144,0.5669291338582677,254,221,0.8700787401574803,43,0.33858267716535434,0.9711286089238845,246.66666666666666,0.9837598425196851,249.875,Qwen/Qwen3.6-35B-A3B-FP8
low_margin,2,127,8,2032,cross_model,1774,0.8730314960629921,258,0.12696850393700787,167,True,127,128,40,40,0,"[167, 40, 8]",0,True,40,True,128,167,40,0,0,40,"[128, 40, 8]",1,40,False,39aa24beea20a0a0f346,"0,1",expected_aligned_shape,Qwen/Qwen3.6-35B-A3B,ok,32,127,254,137,0.5393700787401575,254,212,0.8346456692913385,37,0.29133858267716534,0.962554680664917,244.48888888888888,0.9788385826771654,248.625,Qwen/Qwen3.6-35B-A3B-FP8
low_margin,2,127,8,2032,cross_model,1809,0.890255905511811,223,0.10974409448818898,166,True,127,128,39,39,0,"[166, 40, 8]",0,True,39,True,128,166,39,0,0,39,"[128, 40, 8]",1,40,False,39f750f3bae2e6b4885f,"0,1",expected_aligned_shape,Qwen/Qwen3.6-35B-A3B,ok,32,127,254,157,0.6181102362204725,254,222,0.8740157480314961,49,0.3858267716535433,0.9720034995625548,246.88888888888889,0.984251968503937,250.0,Qwen/Qwen3.6-35B-A3B-FP8
json_structured,2,127,8,2032,cross_model,1811,0.8912401574803149,221,0.10875984251968504,159,True,127,128,32,32,0,"[159, 40, 8]",0,True,32,True,128,159,32,0,0,32,"[128, 40, 8]",1,40,False,3a9dd230544180ec1b1a,"0,1",expected_aligned_shape,Qwen/Qwen3.6-35B-A3B,ok,32,127,254,152,0.5984251968503937,254,229,0.9015748031496063,48,0.3779527559055118,0.9774278215223097,248.26666666666668,0.9872047244094488,250.75,Qwen/Qwen3.6-35B-A3B-FP8
logs,2,113,8,1808,cross_model,1599,0.8844026548672567,209,0.11559734513274336,145,True,113,114,32,32,0,"[145, 40, 8]",0,True,32,True,114,145,32,0,0,32,"[114, 40, 8]",1,40,False,3aac56d964f2f6e4b917,"0,1",expected_aligned_shape,Qwen/Qwen3.6-35B-A3B,ok,32,113,226,126,0.5575221238938053,226,202,0.8938053097345132,43,0.3805309734513274,0.9764011799410031,220.66666666666666,0.9867256637168141,223.0,Qwen/Qwen3.6-35B-A3B-FP8
short_qa,2,127,8,2032,cross_model,1789,0.8804133858267716,243,0.11958661417322834,166,True,127,128,39,39,0,"[166, 40, 8]",0,True,39,True,128,166,39,0,0,39,"[128, 40, 8]",1,40,False,3ac07a800f6ef8842790,"0,1",expected_aligned_shape,Qwen/Qwen3.6-35B-A3B,ok,32,127,254,144,0.5669291338582677,254,233,0.9173228346456693,40,0.31496062992125984,0.9816272965879265,249.33333333333334,0.9896653543307087,251.375,Qwen/Qwen3.6-35B-A3B-FP8
low_margin,2,127,8,2032,cross_model,1802,0.8868110236220472,230,0.11318897637795275,167,True,127,128,40,40,0,"[167, 40, 8]",0,True,40,True,128,167,40,0,0,40,"[128, 40, 8]",1,40,False,3ace71c6584958f77666,"0,1",expected_aligned_shape,Qwen/Qwen3.6-35B-A3B,ok,32,127,254,156,0.6141732283464567,254,241,0.9488188976377953,51,0.4015748031496063,0.9879265091863517,250.93333333333334,0.9931102362204725,252.25,Qwen/Qwen3.6-35B-A3B-FP8
low_margin,2,127,8,2032,cross_model,1820,0.8956692913385826,212,0.10433070866141732,167,True,127,128,40,40,0,"[167, 40, 8]",0,True,40,True,128,167,40,0,0,40,"[128, 40, 8]",1,40,False,3b04696ac7024bf2773d,"0,1",expected_aligned_shape,Qwen/Qwen3.6-35B-A3B,ok,32,127,254,150,0.5905511811023622,254,223,0.8779527559055118,47,0.3700787401574803,0.9728783902012248,247.11111111111111,0.984744094488189,250.125,Qwen/Qwen3.6-35B-A3B-FP8
needle,2,127,8,2032,cross_model,1791,0.8813976377952756,241,0.1186023622047244,159,True,127,128,32,32,0,"[159, 40, 8]",0,True,32,True,128,159,32,0,0,32,"[128, 40, 8]",1,40,False,3b55423e065febf6233a,"0,1",expected_aligned_shape,Qwen/Qwen3.6-35B-A3B,ok,32,127,254,144,0.5669291338582677,254,233,0.9173228346456693,44,0.3464566929133858,0.9816272965879265,249.33333333333334,0.9896653543307087,251.375,Qwen/Qwen3.6-35B-A3B-FP8
low_margin,2,127,8,2032,cross_model,1790,0.8809055118110236,242,0.11909448818897637,166,True,127,128,39,39,0,"[166, 40, 8]",0,True,39,True,128,166,39,0,0,39,"[128, 40, 8]",1,40,False,3c28139abdde31977464,"0,1",expected_aligned_shape,Qwen/Qwen3.6-35B-A3B,ok,32,127,254,135,0.531496062992126,254,215,0.8464566929133859,30,0.23622047244094488,0.9658792650918636,245.33333333333334,0.9808070866141733,249.125,Qwen/Qwen3.6-35B-A3B-FP8
needle,2,127,8,2032,cross_model,1753,0.8626968503937008,279,0.13730314960629922,159,True,127,128,32,32,0,"[159, 40, 8]",0,True,32,True,128,159,32,0,0,32,"[128, 40, 8]",1,40,False,3c5721ebe26a4c364c84,"0,1",expected_aligned_shape,Qwen/Qwen3.6-35B-A3B,ok,32,127,254,128,0.5039370078740157,254,223,0.8779527559055118,34,0.2677165354330709,0.972878390201225,247.11111111111111,0.984744094488189,250.125,Qwen/Qwen3.6-35B-A3B-FP8
logs,2,127,8,2032,cross_model,1736,0.8543307086614174,296,0.14566929133858267,159,True,127,128,32,32,0,"[159, 40, 8]",0,True,32,True,128,159,32,0,0,32,"[128, 40, 8]",1,40,False,3cdd9d9e1f76b4f73eda,"0,1",expected_aligned_shape,Qwen/Qwen3.6-35B-A3B,ok,32,127,254,120,0.47244094488188976,254,209,0.8228346456692913,30,0.23622047244094488,0.9606299212598425,244.0,0.9778543307086615,248.375,Qwen/Qwen3.6-35B-A3B-FP8
logs,2,127,8,2032,cross_model,1785,0.8784448818897638,247,0.12155511811023623,159,True,127,128,32,32,0,"[159, 40, 8]",0,True,32,True,128,159,32,0,0,32,"[128, 40, 8]",1,40,False,3d28b665983e69f60a25,"0,1",expected_aligned_shape,Qwen/Qwen3.6-35B-A3B,ok,32,127,254,146,0.5748031496062992,254,218,0.8582677165354331,42,0.33070866141732286,0.968503937007874,246.0,0.9822834645669292,249.5,Qwen/Qwen3.6-35B-A3B-FP8
chat,2,127,8,2032,cross_model,1726,0.8494094488188977,306,0.15059055118110237,166,True,127,128,39,39,0,"[166, 40, 8]",0,True,39,True,128,166,39,0,0,39,"[128, 40, 8]",1,40,False,3d3cd44da6c8d94f2172,"0,1",expected_aligned_shape,Qwen/Qwen3.6-35B-A3B,ok,32,127,254,120,0.47244094488188976,254,221,0.8700787401574803,30,0.23622047244094488,0.9711286089238845,246.66666666666666,0.9837598425196851,249.875,Qwen/Qwen3.6-35B-A3B-FP8
needle,2,127,8,2032,cross_model,1774,0.8730314960629921,258,0.12696850393700787,159,True,127,128,32,32,0,"[159, 40, 8]",0,True,32,True,128,159,32,0,0,32,"[128, 40, 8]",1,40,False,3d856ad1b992bd493d08,"0,1",expected_aligned_shape,Qwen/Qwen3.6-35B-A3B,ok,32,127,254,141,0.5551181102362205,254,223,0.8779527559055118,39,0.30708661417322836,0.9728783902012249,247.11111111111111,0.984744094488189,250.125,Qwen/Qwen3.6-35B-A3B-FP8
logs,2,127,8,2032,cross_model,1782,0.8769685039370079,250,0.12303149606299213,159,True,127,128,32,32,0,"[159, 40, 8]",0,True,32,True,128,159,32,0,0,32,"[128, 40, 8]",1,40,False,3e5b299df901d38b178b,"0,1",expected_aligned_shape,Qwen/Qwen3.6-35B-A3B,ok,32,127,254,143,0.562992125984252,254,228,0.8976377952755905,44,0.3464566929133858,0.9765529308836396,248.04444444444445,0.9867125984251969,250.625,Qwen/Qwen3.6-35B-A3B-FP8
summarization,2,127,8,2032,cross_model,1780,0.8759842519685039,252,0.12401574803149606,159,True,127,128,32,32,0,"[159, 40, 8]",0,True,32,True,128,159,32,0,0,32,"[128, 40, 8]",1,40,False,3e5c46c6df321119cd26,"0,1",expected_aligned_shape,Qwen/Qwen3.6-35B-A3B,ok,32,127,254,137,0.5393700787401575,254,216,0.8503937007874016,38,0.2992125984251969,0.9667541557305336,245.55555555555554,0.9812992125984252,249.25,Qwen/Qwen3.6-35B-A3B-FP8
chat,2,127,8,2032,cross_model,1809,0.890255905511811,223,0.10974409448818898,159,True,127,128,32,32,0,"[159, 40, 8]",0,True,32,True,128,159,32,0,0,32,"[128, 40, 8]",1,40,False,3f26a5c394be652f3767,"0,1",expected_aligned_shape,Qwen/Qwen3.6-35B-A3B,ok,32,127,254,149,0.5866141732283464,254,226,0.889763779527559,44,0.3464566929133858,0.9755030621172354,247.77777777777777,0.9862204724409449,250.5,Qwen/Qwen3.6-35B-A3B-FP8
json_structured,2,127,8,2032,cross_model,1801,0.8863188976377953,231,0.11368110236220473,167,True,127,128,40,40,0,"[167, 40, 8]",0,True,40,True,128,167,40,0,0,40,"[128, 40, 8]",1,40,False,3f3789f9c3fe422f9423,"0,1",expected_aligned_shape,Qwen/Qwen3.6-35B-A3B,ok,32,127,254,157,0.6181102362204725,254,227,0.8937007874015748,49,0.3858267716535433,0.9763779527559056,248.0,0.9867125984251969,250.625,Qwen/Qwen3.6-35B-A3B-FP8
code,2,127,8,2032,cross_model,1780,0.8759842519685039,252,0.12401574803149606,159,True,127,128,32,32,0,"[159, 40, 8]",0,True,32,True,128,159,32,0,0,32,"[128, 40, 8]",1,40,False,3f3a25708cd822489f2a,"0,1",expected_aligned_shape,Qwen/Qwen3.6-35B-A3B,ok,32,127,254,144,0.5669291338582677,254,223,0.8779527559055118,39,0.30708661417322836,0.9721784776902888,246.93333333333334,0.984251968503937,250.0,Qwen/Qwen3.6-35B-A3B-FP8
math_numeric,2,127,8,2032,cross_model,1768,0.8700787401574803,264,0.12992125984251968,159,True,127,128,32,32,0,"[159, 40, 8]",0,True,32,True,128,159,32,0,0,32,"[128, 40, 8]",1,40,False,3ffb7f1f375f84864cfc,"0,1",expected_aligned_shape,Qwen/Qwen3.6-35B-A3B,ok,32,127,254,142,0.5590551181102362,254,232,0.9133858267716536,40,0.31496062992125984,0.9800524934383202,248.93333333333334,0.9886811023622047,251.125,Qwen/Qwen3.6-35B-A3B-FP8
chat,2,127,8,2032,cross_model,1764,0.8681102362204725,268,0.13188976377952755,159,True,127,128,32,32,0,"[159, 40, 8]",0,True,32,True,128,159,32,0,0,32,"[128, 40, 8]",1,40,False,4009fcbf1638d3d23597,"0,1",expected_aligned_shape,Qwen/Qwen3.6-35B-A3B,ok,32,127,254,139,0.547244094488189,254,222,0.8740157480314961,40,0.31496062992125984,0.9720034995625548,246.88888888888889,0.984251968503937,250.0,Qwen/Qwen3.6-35B-A3B-FP8
low_margin,2,127,8,2032,cross_model,1787,0.8794291338582677,245,0.12057086614173228,167,True,127,128,40,40,0,"[167, 40, 8]",0,True,40,True,128,167,40,0,0,40,"[128, 40, 8]",1,40,False,40b5ff7b4587f05b034f,"0,1",expected_aligned_shape,Qwen/Qwen3.6-35B-A3B,ok,32,127,254,144,0.5669291338582677,254,223,0.8779527559055118,44,0.3464566929133858,0.9728783902012248,247.11111111111111,0.984744094488189,250.125,Qwen/Qwen3.6-35B-A3B-FP8
mixed_language,2,127,8,2032,cross_model,1753,0.8626968503937008,279,0.13730314960629922,159,True,127,128,32,32,0,"[159, 40, 8]",0,True,32,True,128,159,32,0,0,32,"[128, 40, 8]",1,40,False,40ce23085418538e64c3,"0,1",expected_aligned_shape,Qwen/Qwen3.6-35B-A3B,ok,32,127,254,130,0.5118110236220472,254,213,0.8385826771653543,34,0.2677165354330709,0.9641294838145232,244.88888888888889,0.9798228346456693,248.875,Qwen/Qwen3.6-35B-A3B-FP8
math_numeric,2,127,8,2032,cross_model,1765,0.8686023622047244,267,0.13139763779527558,159,True,127,128,32,32,0,"[159, 40, 8]",0,True,32,True,128,159,32,0,0,32,"[128, 40, 8]",1,40,False,411ab2abee9987df2571,"0,1",expected_aligned_shape,Qwen/Qwen3.6-35B-A3B,ok,32,127,254,139,0.547244094488189,254,229,0.9015748031496063,37,0.29133858267716534,0.9781277340332459,248.44444444444446,0.9876968503937008,250.875,Qwen/Qwen3.6-35B-A3B-FP8
mixed_language,2,127,8,2032,cross_model,1762,0.8671259842519685,270,0.1328740157480315,159,True,127,128,32,32,0,"[159, 40, 8]",0,True,32,True,128,159,32,0,0,32,"[128, 40, 8]",1,40,False,415a0728ac9ea83b1309,"0,1",expected_aligned_shape,Qwen/Qwen3.6-35B-A3B,ok,32,127,254,137,0.5393700787401575,254,219,0.8622047244094488,38,0.2992125984251969,0.9693788276465443,246.22222222222223,0.9827755905511811,249.625,Qwen/Qwen3.6-35B-A3B-FP8
logs,2,64,8,1024,cross_model,941,0.9189453125,83,0.0810546875,96,True,64,65,32,32,0,"[96, 40, 8]",0,True,32,True,65,96,32,0,0,32,"[65, 40, 8]",1,40,False,4165d787d379ea7a5ffa,"0,1",expected_aligned_shape,Qwen/Qwen3.6-35B-A3B,ok,32,64,128,91,0.7109375,128,119,0.9296875,32,0.5,0.984375,126.0,0.9912109375,126.875,Qwen/Qwen3.6-35B-A3B-FP8
summarization,2,127,8,2032,cross_model,1815,0.8932086614173228,217,0.10679133858267717,159,True,127,128,32,32,0,"[159, 40, 8]",0,True,32,True,128,159,32,0,0,32,"[128, 40, 8]",1,40,False,41bce530715d20a74f04,"0,1",expected_aligned_shape,Qwen/Qwen3.6-35B-A3B,ok,32,127,254,153,0.6023622047244095,254,228,0.8976377952755905,48,0.3779527559055118,0.9772528433945757,248.22222222222223,0.9872047244094488,250.75,Qwen/Qwen3.6-35B-A3B-FP8
low_margin,2,127,8,2032,cross_model,1808,0.889763779527559,224,0.11023622047244094,167,True,127,128,40,40,0,"[167, 40, 8]",0,True,40,True,128,167,40,0,0,40,"[128, 40, 8]",1,40,False,41d62da7fd8b816315fd,"0,1",expected_aligned_shape,Qwen/Qwen3.6-35B-A3B,ok,32,127,254,147,0.5787401574803149,254,219,0.8622047244094488,43,0.33858267716535434,0.9693788276465443,246.22222222222223,0.9827755905511811,249.625,Qwen/Qwen3.6-35B-A3B-FP8
short_qa,2,127,8,2032,cross_model,1785,0.8784448818897638,247,0.12155511811023623,159,True,127,128,32,32,0,"[159, 40, 8]",0,True,32,True,128,159,32,0,0,32,"[128, 40, 8]",1,40,False,41f4134c2ed868595966,"0,1",expected_aligned_shape,Qwen/Qwen3.6-35B-A3B,ok,32,127,254,137,0.5393700787401575,254,227,0.8937007874015748,38,0.2992125984251969,0.9763779527559057,248.0,0.9867125984251969,250.625,Qwen/Qwen3.6-35B-A3B-FP8
logs,2,66,8,1056,cross_model,928,0.8787878787878788,128,0.12121212121212122,98,True,66,67,32,32,0,"[98, 40, 8]",0,True,32,True,67,98,32,0,0,32,"[67, 40, 8]",1,40,False,4220c67106fd28a2809c,"0,1",expected_aligned_shape,Qwen/Qwen3.6-35B-A3B,ok,32,66,132,73,0.553030303030303,132,113,0.8560606060606061,19,0.2878787878787879,0.9680134680134681,127.77777777777777,0.9820075757575758,129.625,Qwen/Qwen3.6-35B-A3B-FP8
logs,2,127,8,2032,cross_model,1772,0.8720472440944882,260,0.1279527559055118,159,True,127,128,32,32,0,"[159, 40, 8]",0,True,32,True,128,159,32,0,0,32,"[128, 40, 8]",1,40,False,4261df1ce325d8114532,"0,1",expected_aligned_shape,Qwen/Qwen3.6-35B-A3B,ok,32,127,254,133,0.5236220472440944,254,224,0.8818897637795275,36,0.28346456692913385,0.9723534558180228,246.9777777777778,0.984251968503937,250.0,Qwen/Qwen3.6-35B-A3B-FP8
short_qa,2,127,8,2032,cross_model,1832,0.9015748031496063,200,0.0984251968503937,165,True,127,128,38,38,0,"[165, 40, 8]",0,True,38,True,128,165,38,0,0,38,"[128, 40, 8]",1,40,False,427558f1540f9f15a1d6,"0,1",expected_aligned_shape,Qwen/Qwen3.6-35B-A3B,ok,32,127,254,160,0.6299212598425197,254,228,0.8976377952755905,49,0.3858267716535433,0.9772528433945757,248.22222222222223,0.9872047244094488,250.75,Qwen/Qwen3.6-35B-A3B-FP8
json_structured,2,127,8,2032,cross_model,1807,0.8892716535433071,225,0.11072834645669291,159,True,127,128,32,32,0,"[159, 40, 8]",0,True,32,True,128,159,32,0,0,32,"[128, 40, 8]",1,40,False,42abd1e418ebe6245bf3,"0,1",expected_aligned_shape,Qwen/Qwen3.6-35B-A3B,ok,32,127,254,157,0.6181102362204725,254,232,0.9133858267716536,49,0.3858267716535433,0.9786526684164479,248.57777777777778,0.9876968503937008,250.875,Qwen/Qwen3.6-35B-A3B-FP8
json_structured,2,127,8,2032,cross_model,1766,0.8690944881889764,266,0.1309055118110236,159,True,127,128,32,32,0,"[159, 40, 8]",0,True,32,True,128,159,32,0,0,32,"[128, 40, 8]",1,40,False,42b8e417717225a898b1,"0,1",expected_aligned_shape,Qwen/Qwen3.6-35B-A3B,ok,32,127,254,131,0.515748031496063,254,211,0.8307086614173228,30,0.23622047244094488,0.9616797900262468,244.26666666666668,0.9783464566929134,248.5,Qwen/Qwen3.6-35B-A3B-FP8
needle,2,127,8,2032,cross_model,1811,0.8912401574803149,221,0.10875984251968504,159,True,127,128,32,32,0,"[159, 40, 8]",0,True,32,True,128,159,32,0,0,32,"[128, 40, 8]",1,40,False,42c364ec679d7133c006,"0,1",expected_aligned_shape,Qwen/Qwen3.6-35B-A3B,ok,32,127,254,153,0.6023622047244095,254,229,0.9015748031496063,41,0.3228346456692913,0.978127734033246,248.44444444444446,0.9876968503937008,250.875,Qwen/Qwen3.6-35B-A3B-FP8
mixed_language,2,127,8,2032,cross_model,1776,0.8740157480314961,256,0.12598425196850394,159,True,127,128,32,32,0,"[159, 40, 8]",0,True,32,True,128,159,32,0,0,32,"[128, 40, 8]",1,40,False,42e391dcb5a629446173,"0,1",expected_aligned_shape,Qwen/Qwen3.6-35B-A3B,ok,32,127,254,145,0.5708661417322834,254,215,0.8464566929133859,45,0.3543307086614173,0.9658792650918634,245.33333333333334,0.9808070866141733,249.125,Qwen/Qwen3.6-35B-A3B-FP8
chat,2,127,8,2032,cross_model,1741,0.8567913385826772,291,0.14320866141732283,166,True,127,128,39,39,0,"[166, 40, 8]",0,True,39,True,128,166,39,0,0,39,"[128, 40, 8]",1,40,False,4418047bdabefce010fe,"0,1",expected_aligned_shape,Qwen/Qwen3.6-35B-A3B,ok,32,127,254,127,0.5,254,228,0.8976377952755905,32,0.25196850393700787,0.9772528433945757,248.22222222222223,0.9872047244094488,250.75,Qwen/Qwen3.6-35B-A3B-FP8
code,2,127,8,2032,cross_model,1735,0.8538385826771654,297,0.14616141732283464,159,True,127,128,32,32,0,"[159, 40, 8]",0,True,32,True,128,159,32,0,0,32,"[128, 40, 8]",1,40,False,44f20a853c811c28806e,"0,1",expected_aligned_shape,Qwen/Qwen3.6-35B-A3B,ok,32,127,254,120,0.47244094488188976,254,216,0.8503937007874016,28,0.2204724409448819,0.9667541557305337,245.55555555555554,0.9812992125984252,249.25,Qwen/Qwen3.6-35B-A3B-FP8
needle,2,127,8,2032,cross_model,1752,0.8622047244094488,280,0.1377952755905512,159,True,127,128,32,32,0,"[159, 40, 8]",0,True,32,True,128,159,32,0,0,32,"[128, 40, 8]",1,40,False,451ad8eda986ccf73fbb,"0,1",expected_aligned_shape,Qwen/Qwen3.6-35B-A3B,ok,32,127,254,130,0.5118110236220472,254,222,0.8740157480314961,37,0.29133858267716534,0.9720034995625547,246.88888888888889,0.984251968503937,250.0,Qwen/Qwen3.6-35B-A3B-FP8
logs,2,127,8,2032,cross_model,1713,0.843011811023622,319,0.15698818897637795,159,True,127,128,32,32,0,"[159, 40, 8]",0,True,32,True,128,159,32,0,0,32,"[128, 40, 8]",1,40,False,451add3f8bf9cd993f41,"0,1",expected_aligned_shape,Qwen/Qwen3.6-35B-A3B,ok,32,127,254,128,0.5039370078740157,254,216,0.8503937007874016,37,0.29133858267716534,0.9667541557305337,245.55555555555554,0.9812992125984252,249.25,Qwen/Qwen3.6-35B-A3B-FP8
short_qa,2,60,8,960,cross_model,820,0.8541666666666666,140,0.14583333333333334,92,True,60,61,32,32,0,"[92, 40, 8]",0,True,32,True,61,92,32,0,0,32,"[61, 40, 8]",1,40,False,45465666bb6ce5aec200,"0,1",expected_aligned_shape,Qwen/Qwen3.6-35B-A3B,ok,32,60,120,59,0.49166666666666664,120,101,0.8416666666666667,14,0.23333333333333334,0.9633333333333334,115.6,0.9791666666666666,117.5,Qwen/Qwen3.6-35B-A3B-FP8
logs,2,97,8,1552,cross_model,1395,0.898840206185567,157,0.10115979381443299,129,True,97,98,32,32,0,"[129, 40, 8]",0,True,32,True,98,129,32,0,0,32,"[98, 40, 8]",1,40,False,45b9f3408d1931033c5b,"0,1",expected_aligned_shape,Qwen/Qwen3.6-35B-A3B,ok,32,97,194,118,0.6082474226804123,194,171,0.8814432989690721,42,0.4329896907216495,0.9736540664375717,188.88888888888889,0.9851804123711341,191.125,Qwen/Qwen3.6-35B-A3B-FP8
short_qa,2,127,8,2032,cross_model,1792,0.8818897637795275,240,0.11811023622047244,166,True,127,128,39,39,0,"[166, 40, 8]",0,True,39,True,128,166,39,0,0,39,"[128, 40, 8]",1,40,False,460f129abff27360b391,"0,1",expected_aligned_shape,Qwen/Qwen3.6-35B-A3B,ok,32,127,254,146,0.5748031496062992,254,225,0.8858267716535433,43,0.33858267716535434,0.9746281714785653,247.55555555555554,0.9857283464566929,250.375,Qwen/Qwen3.6-35B-A3B-FP8
low_margin,2,127,8,2032,cross_model,1797,0.8843503937007874,235,0.1156496062992126,167,True,127,128,40,40,0,"[167, 40, 8]",0,True,40,True,128,167,40,0,0,40,"[128, 40, 8]",1,40,False,46af2cc3aae728098eb3,"0,1",expected_aligned_shape,Qwen/Qwen3.6-35B-A3B,ok,32,127,254,144,0.5669291338582677,254,214,0.84251968503937,41,0.3228346456692913,0.9643044619422573,244.93333333333334,0.9798228346456693,248.875,Qwen/Qwen3.6-35B-A3B-FP8
chat,2,127,8,2032,cross_model,1787,0.8794291338582677,245,0.12057086614173228,167,True,127,128,40,40,0,"[167, 40, 8]",0,True,40,True,128,167,40,0,0,40,"[128, 40, 8]",1,40,False,46c6f8325f85be337f2c,"0,1",expected_aligned_shape,Qwen/Qwen3.6-35B-A3B,ok,32,127,254,139,0.547244094488189,254,227,0.8937007874015748,41,0.3228346456692913,0.9756780402449694,247.82222222222222,0.9862204724409449,250.5,Qwen/Qwen3.6-35B-A3B-FP8
summarization,2,127,8,2032,cross_model,1781,0.8764763779527559,251,0.1235236220472441,159,True,127,128,32,32,0,"[159, 40, 8]",0,True,32,True,128,159,32,0,0,32,"[128, 40, 8]",1,40,False,46fc3dfdf55cc80a2aa8,"0,1",expected_aligned_shape,Qwen/Qwen3.6-35B-A3B,ok,32,127,254,141,0.5551181102362205,254,219,0.8622047244094488,41,0.3228346456692913,0.9693788276465443,246.22222222222223,0.9827755905511811,249.625,Qwen/Qwen3.6-35B-A3B-FP8
mixed_language,2,103,8,1648,cross_model,1475,0.8950242718446602,173,0.1049757281553398,135,True,103,104,32,32,0,"[135, 40, 8]",0,True,32,True,104,135,32,0,0,32,"[104, 40, 8]",1,40,False,478e9c6d33a2bece3e83,"0,1",expected_aligned_shape,Qwen/Qwen3.6-35B-A3B,ok,32,103,206,126,0.6116504854368932,206,182,0.883495145631068,41,0.39805825242718446,0.9732470334412083,200.48888888888888,0.9848300970873787,202.875,Qwen/Qwen3.6-35B-A3B-FP8
low_margin,2,127,8,2032,cross_model,1787,0.8794291338582677,245,0.12057086614173228,167,True,127,128,40,40,0,"[167, 40, 8]",0,True,40,True,128,167,40,0,0,40,"[128, 40, 8]",1,40,False,479793bea2533c2645f7,"0,1",expected_aligned_shape,Qwen/Qwen3.6-35B-A3B,ok,32,127,254,138,0.5433070866141733,254,216,0.8503937007874016,41,0.3228346456692913,0.9660542432195975,245.37777777777777,0.9808070866141733,249.125,Qwen/Qwen3.6-35B-A3B-FP8
code,2,127,8,2032,cross_model,1752,0.8622047244094488,280,0.1377952755905512,166,True,127,128,39,39,0,"[166, 40, 8]",0,True,39,True,128,166,39,0,0,39,"[128, 40, 8]",1,40,False,47c67a5c38c43dbe99ea,"0,1",expected_aligned_shape,Qwen/Qwen3.6-35B-A3B,ok,32,127,254,135,0.531496062992126,254,225,0.8858267716535433,34,0.2677165354330709,0.9746281714785652,247.55555555555554,0.9857283464566929,250.375,Qwen/Qwen3.6-35B-A3B-FP8
short_qa,2,127,8,2032,cross_model,1794,0.8828740157480315,238,0.1171259842519685,166,True,127,128,39,39,0,"[166, 40, 8]",0,True,39,True,128,166,39,0,0,39,"[128, 40, 8]",1,40,False,481f35627e74400c8fba,"0,1",expected_aligned_shape,Qwen/Qwen3.6-35B-A3B,ok,32,127,254,145,0.5708661417322834,254,223,0.8779527559055118,41,0.3228346456692913,0.9728783902012249,247.11111111111111,0.984744094488189,250.125,Qwen/Qwen3.6-35B-A3B-FP8
mixed_language,2,127,8,2032,cross_model,1724,0.8484251968503937,308,0.1515748031496063,159,True,127,128,32,32,0,"[159, 40, 8]",0,True,32,True,128,159,32,0,0,32,"[128, 40, 8]",1,40,False,48717f584d2afa30bbf3,"0,1",expected_aligned_shape,Qwen/Qwen3.6-35B-A3B,ok,32,127,254,120,0.47244094488188976,254,225,0.8858267716535433,30,0.23622047244094488,0.9746281714785653,247.55555555555554,0.9857283464566929,250.375,Qwen/Qwen3.6-35B-A3B-FP8
needle,2,127,8,2032,cross_model,1774,0.8730314960629921,258,0.12696850393700787,159,True,127,128,32,32,0,"[159, 40, 8]",0,True,32,True,128,159,32,0,0,32,"[128, 40, 8]",1,40,False,48a42ee1983e2e416ce5,"0,1",expected_aligned_shape,Qwen/Qwen3.6-35B-A3B,ok,32,127,254,137,0.5393700787401575,254,219,0.8622047244094488,37,0.29133858267716534,0.9686789151356081,246.04444444444445,0.9822834645669292,249.5,Qwen/Qwen3.6-35B-A3B-FP8
mixed_language,2,127,8,2032,cross_model,1702,0.8375984251968503,330,0.1624015748031496,159,True,127,128,32,32,0,"[159, 40, 8]",0,True,32,True,128,159,32,0,0,32,"[128, 40, 8]",1,40,False,48be08c6b58230fff2a0,"0,1",expected_aligned_shape,Qwen/Qwen3.6-35B-A3B,ok,32,127,254,121,0.4763779527559055,254,204,0.8031496062992126,32,0.25196850393700787,0.9555555555555555,242.7111111111111,0.9749015748031497,247.625,Qwen/Qwen3.6-35B-A3B-FP8
json_structured,2,127,8,2032,cross_model,1771,0.8715551181102362,261,0.12844488188976377,159,True,127,128,32,32,0,"[159, 40, 8]",0,True,32,True,128,159,32,0,0,32,"[128, 40, 8]",1,40,False,48f8722607f9778c8569,"0,1",expected_aligned_shape,Qwen/Qwen3.6-35B-A3B,ok,32,127,254,141,0.5551181102362205,254,222,0.8740157480314961,41,0.3228346456692913,0.9720034995625548,246.88888888888889,0.984251968503937,250.0,Qwen/Qwen3.6-35B-A3B-FP8
summarization,2,127,8,2032,cross_model,1764,0.8681102362204725,268,0.13188976377952755,159,True,127,128,32,32,0,"[159, 40, 8]",0,True,32,True,128,159,32,0,0,32,"[128, 40, 8]",1,40,False,492f7dd12b2f17c40937,"0,1",expected_aligned_shape,Qwen/Qwen3.6-35B-A3B,ok,32,127,254,135,0.531496062992126,254,219,0.8622047244094488,35,0.2755905511811024,0.9686789151356081,246.04444444444445,0.9822834645669292,249.5,Qwen/Qwen3.6-35B-A3B-FP8
mixed_language,2,127,8,2032,cross_model,1755,0.8636811023622047,277,0.13631889763779528,159,True,127,128,32,32,0,"[159, 40, 8]",0,True,32,True,128,159,32,0,0,32,"[128, 40, 8]",1,40,False,49896ed21249107ed120,"0,1",expected_aligned_shape,Qwen/Qwen3.6-35B-A3B,ok,32,127,254,134,0.5275590551181102,254,210,0.8267716535433071,39,0.30708661417322836,0.9608048993875766,244.04444444444445,0.9778543307086615,248.375,Qwen/Qwen3.6-35B-A3B-FP8
summarization,2,127,8,2032,cross_model,1798,0.8848425196850394,234,0.11515748031496063,159,True,127,128,32,32,0,"[159, 40, 8]",0,True,32,True,128,159,32,0,0,32,"[128, 40, 8]",1,40,False,49c8d8547fe08514992d,"0,1",expected_aligned_shape,Qwen/Qwen3.6-35B-A3B,ok,32,127,254,148,0.5826771653543307,254,219,0.8622047244094488,42,0.33070866141732286,0.9693788276465443,246.22222222222223,0.9827755905511811,249.625,Qwen/Qwen3.6-35B-A3B-FP8
short_qa,2,106,8,1696,cross_model,1479,0.8720518867924528,217,0.12794811320754718,138,True,106,107,32,32,0,"[138, 40, 8]",0,True,32,True,107,138,32,0,0,32,"[107, 40, 8]",1,40,False,49eef8f57b70a74351bb,"0,1",expected_aligned_shape,Qwen/Qwen3.6-35B-A3B,ok,32,106,212,118,0.5566037735849056,212,183,0.8632075471698113,34,0.32075471698113206,0.969601677148847,205.55555555555554,0.9829009433962265,208.375,Qwen/Qwen3.6-35B-A3B-FP8
json_structured,2,127,8,2032,cross_model,1806,0.8887795275590551,226,0.11122047244094488,167,True,127,128,40,40,0,"[167, 40, 8]",0,True,40,True,128,167,40,0,0,40,"[128, 40, 8]",1,40,False,4a15bc0beb56b9e27d96,"0,1",expected_aligned_shape,Qwen/Qwen3.6-35B-A3B,ok,32,127,254,148,0.5826771653543307,254,222,0.8740157480314961,44,0.3464566929133858,0.9720034995625548,246.88888888888889,0.984251968503937,250.0,Qwen/Qwen3.6-35B-A3B-FP8
short_qa,2,127,8,2032,cross_model,1789,0.8804133858267716,243,0.11958661417322834,166,True,127,128,39,39,0,"[166, 40, 8]",0,True,39,True,128,166,39,0,0,39,"[128, 40, 8]",1,40,False,4ab7d75936f6737dfa8a,"0,1",expected_aligned_shape,Qwen/Qwen3.6-35B-A3B,ok,32,127,254,142,0.5590551181102362,254,223,0.8779527559055118,40,0.31496062992125984,0.9721784776902888,246.93333333333334,0.984251968503937,250.0,Qwen/Qwen3.6-35B-A3B-FP8
low_margin,2,127,8,2032,cross_model,1786,0.8789370078740157,246,0.12106299212598425,167,True,127,128,40,40,0,"[167, 40, 8]",0,True,40,True,128,167,40,0,0,40,"[128, 40, 8]",1,40,False,4af6e9ff83639932fee2,"0,1",expected_aligned_shape,Qwen/Qwen3.6-35B-A3B,ok,32,127,254,140,0.5511811023622047,254,225,0.8858267716535433,41,0.3228346456692913,0.973928258967629,247.37777777777777,0.985236220472441,250.25,Qwen/Qwen3.6-35B-A3B-FP8
short_qa,2,127,8,2032,cross_model,1807,0.8892716535433071,225,0.11072834645669291,166,True,127,128,39,39,0,"[166, 40, 8]",0,True,39,True,128,166,39,0,0,39,"[128, 40, 8]",1,40,False,4b070e65a9f2f9f28546,"0,1",expected_aligned_shape,Qwen/Qwen3.6-35B-A3B,ok,32,127,254,160,0.6299212598425197,254,223,0.8779527559055118,50,0.3937007874015748,0.9728783902012249,247.11111111111111,0.984744094488189,250.125,Qwen/Qwen3.6-35B-A3B-FP8
chat,2,127,8,2032,cross_model,1774,0.8730314960629921,258,0.12696850393700787,167,True,127,128,40,40,0,"[167, 40, 8]",0,True,40,True,128,167,40,0,0,40,"[128, 40, 8]",1,40,False,4b1738d355d1bee529de,"0,1",expected_aligned_shape,Qwen/Qwen3.6-35B-A3B,ok,32,127,254,133,0.5236220472440944,254,223,0.8779527559055118,37,0.29133858267716534,0.9721784776902888,246.93333333333334,0.984251968503937,250.0,Qwen/Qwen3.6-35B-A3B-FP8
low_margin,2,127,8,2032,cross_model,1785,0.8784448818897638,247,0.12155511811023623,166,True,127,128,39,39,0,"[166, 40, 8]",0,True,39,True,128,166,39,0,0,39,"[128, 40, 8]",1,40,False,4b1e71db3e319a78014b,"0,1",expected_aligned_shape,Qwen/Qwen3.6-35B-A3B,ok,32,127,254,141,0.5551181102362205,254,227,0.8937007874015748,42,0.33070866141732286,0.9749781277340333,247.64444444444445,0.9857283464566929,250.375,Qwen/Qwen3.6-35B-A3B-FP8
short_qa,2,127,8,2032,cross_model,1791,0.8813976377952756,241,0.1186023622047244,166,True,127,128,39,39,0,"[166, 40, 8]",0,True,39,True,128,166,39,0,0,39,"[128, 40, 8]",1,40,False,4b6d1c78f81c7f849496,"0,1",expected_aligned_shape,Qwen/Qwen3.6-35B-A3B,ok,32,127,254,147,0.5787401574803149,254,231,0.9094488188976378,44,0.3464566929133858,0.97917760279965,248.7111111111111,0.9881889763779528,251.0,Qwen/Qwen3.6-35B-A3B-FP8
short_qa,2,127,8,2032,cross_model,1784,0.8779527559055118,248,0.1220472440944882,159,True,127,128,32,32,0,"[159, 40, 8]",0,True,32,True,128,159,32,0,0,32,"[128, 40, 8]",1,40,False,4b8d53caa72f39824115,"0,1",expected_aligned_shape,Qwen/Qwen3.6-35B-A3B,ok,32,127,254,141,0.5551181102362205,254,216,0.8503937007874016,40,0.31496062992125984,0.9660542432195975,245.37777777777777,0.9808070866141733,249.125,Qwen/Qwen3.6-35B-A3B-FP8
short_qa,2,127,8,2032,cross_model,1812,0.8917322834645669,220,0.10826771653543307,159,True,127,128,32,32,0,"[159, 40, 8]",0,True,32,True,128,159,32,0,0,32,"[128, 40, 8]",1,40,False,4bc7a6d0cf90cb9b3e1a,"0,1",expected_aligned_shape,Qwen/Qwen3.6-35B-A3B,ok,32,127,254,145,0.5708661417322834,254,221,0.8700787401574803,40,0.31496062992125984,0.9711286089238846,246.66666666666666,0.9837598425196851,249.875,Qwen/Qwen3.6-35B-A3B-FP8
mixed_language,2,127,8,2032,cross_model,1779,0.875492125984252,253,0.12450787401574803,159,True,127,128,32,32,0,"[159, 40, 8]",0,True,32,True,128,159,32,0,0,32,"[128, 40, 8]",1,40,False,4bee0825edf1a723c761,"0,1",expected_aligned_shape,Qwen/Qwen3.6-35B-A3B,ok,32,127,254,133,0.5236220472440944,254,213,0.8385826771653543,38,0.2992125984251969,0.9641294838145232,244.88888888888889,0.9798228346456693,248.875,Qwen/Qwen3.6-35B-A3B-FP8
short_qa,2,127,8,2032,cross_model,1798,0.8848425196850394,234,0.11515748031496063,166,True,127,128,39,39,0,"[166, 40, 8]",0,True,39,True,128,166,39,0,0,39,"[128, 40, 8]",1,40,False,4ca850e833b40b17cd0c,"0,1",expected_aligned_shape,Qwen/Qwen3.6-35B-A3B,ok,32,127,254,150,0.5905511811023622,254,229,0.9015748031496063,46,0.36220472440944884,0.9781277340332459,248.44444444444446,0.9876968503937008,250.875,Qwen/Qwen3.6-35B-A3B-FP8
json_structured,2,127,8,2032,cross_model,1770,0.8710629921259843,262,0.12893700787401574,159,True,127,128,32,32,0,"[159, 40, 8]",0,True,32,True,128,159,32,0,0,32,"[128, 40, 8]",1,40,False,4daa8c56c5bb4f5ed3ec,"0,1",expected_aligned_shape,Qwen/Qwen3.6-35B-A3B,ok,32,127,254,137,0.5393700787401575,254,211,0.8307086614173228,39,0.30708661417322836,0.9623797025371829,244.44444444444446,0.9788385826771654,248.625,Qwen/Qwen3.6-35B-A3B-FP8
logs,2,127,8,2032,cross_model,1757,0.8646653543307087,275,0.13533464566929135,159,True,127,128,32,32,0,"[159, 40, 8]",0,True,32,True,128,159,32,0,0,32,"[128, 40, 8]",1,40,False,4dcabae12895d0f3fe08,"0,1",expected_aligned_shape,Qwen/Qwen3.6-35B-A3B,ok,32,127,254,131,0.515748031496063,254,221,0.8700787401574803,31,0.2440944881889764,0.9704286964129485,246.48888888888888,0.9832677165354331,249.75,Qwen/Qwen3.6-35B-A3B-FP8
math_numeric,2,127,8,2032,cross_model,1793,0.8823818897637795,239,0.11761811023622047,159,True,127,128,32,32,0,"[159, 40, 8]",0,True,32,True,128,159,32,0,0,32,"[128, 40, 8]",1,40,False,4de00c30231c5badb6c2,"0,1",expected_aligned_shape,Qwen/Qwen3.6-35B-A3B,ok,32,127,254,153,0.6023622047244095,254,226,0.889763779527559,46,0.36220472440944884,0.9755030621172354,247.77777777777777,0.9862204724409449,250.5,Qwen/Qwen3.6-35B-A3B-FP8
logs,2,111,8,1776,cross_model,1579,0.8890765765765766,197,0.11092342342342343,143,True,111,112,32,32,0,"[143, 40, 8]",0,True,32,True,112,143,32,0,0,32,"[112, 40, 8]",1,40,False,4dec5f6f21729d9adc43,"0,1",expected_aligned_shape,Qwen/Qwen3.6-35B-A3B,ok,32,111,222,131,0.5900900900900901,222,195,0.8783783783783784,38,0.34234234234234234,0.972972972972973,216.0,0.9847972972972973,218.625,Qwen/Qwen3.6-35B-A3B-FP8
low_margin,2,127,8,2032,cross_model,1790,0.8809055118110236,242,0.11909448818897637,167,True,127,128,40,40,0,"[167, 40, 8]",0,True,40,True,128,167,40,0,0,40,"[128, 40, 8]",1,40,False,4eaaef10d8a8a867c0b8,"0,1",expected_aligned_shape,Qwen/Qwen3.6-35B-A3B,ok,32,127,254,141,0.5551181102362205,254,215,0.8464566929133859,39,0.30708661417322836,0.9651793525809274,245.15555555555557,0.9803149606299213,249.0,Qwen/Qwen3.6-35B-A3B-FP8
mixed_language,2,127,8,2032,cross_model,1803,0.8873031496062992,229,0.11269685039370078,159,True,127,128,32,32,0,"[159, 40, 8]",0,True,32,True,128,159,32,0,0,32,"[128, 40, 8]",1,40,False,4f3a35f066a064783511,"0,1",expected_aligned_shape,Qwen/Qwen3.6-35B-A3B,ok,32,127,254,152,0.5984251968503937,254,223,0.8779527559055118,46,0.36220472440944884,0.972878390201225,247.11111111111111,0.984744094488189,250.125,Qwen/Qwen3.6-35B-A3B-FP8
code,2,127,8,2032,cross_model,1803,0.8873031496062992,229,0.11269685039370078,159,True,127,128,32,32,0,"[159, 40, 8]",0,True,32,True,128,159,32,0,0,32,"[128, 40, 8]",1,40,False,4f93987d1e1102ae584d,"0,1",expected_aligned_shape,Qwen/Qwen3.6-35B-A3B,ok,32,127,254,146,0.5748031496062992,254,221,0.8700787401574803,42,0.33070866141732286,0.9711286089238845,246.66666666666666,0.9837598425196851,249.875,Qwen/Qwen3.6-35B-A3B-FP8
math_numeric,2,127,8,2032,cross_model,1330,0.6545275590551181,702,0.3454724409448819,159,True,127,128,32,32,0,"[159, 40, 8]",0,True,32,True,128,159,32,0,0,32,"[128, 40, 8]",1,40,False,4faa736147d5a6bc5c14,"0,1",expected_aligned_shape,Qwen/Qwen3.6-35B-A3B,ok,32,127,254,50,0.1968503937007874,254,129,0.5078740157480315,3,0.023622047244094488,0.8670961584347412,220.24242424242425,0.921751968503937,234.125,Qwen/Qwen3.6-35B-A3B-FP8
mixed_language,2,103,8,1648,cross_model,1466,0.8895631067961165,182,0.1104368932038835,135,True,103,104,32,32,0,"[135, 40, 8]",0,True,32,True,104,135,32,0,0,32,"[104, 40, 8]",1,40,False,4faa7b982f056f5a6933,"0,1",expected_aligned_shape,Qwen/Qwen3.6-35B-A3B,ok,32,103,206,127,0.616504854368932,206,182,0.883495145631068,41,0.39805825242718446,0.9732470334412081,200.48888888888888,0.9848300970873787,202.875,Qwen/Qwen3.6-35B-A3B-FP8
short_qa,2,127,8,2032,cross_model,1808,0.889763779527559,224,0.11023622047244094,159,True,127,128,32,32,0,"[159, 40, 8]",0,True,32,True,128,159,32,0,0,32,"[128, 40, 8]",1,40,False,501a5734ec3e8c33c36e,"0,1",expected_aligned_shape,Qwen/Qwen3.6-35B-A3B,ok,32,127,254,148,0.5826771653543307,254,222,0.8740157480314961,44,0.3464566929133858,0.9720034995625547,246.88888888888889,0.984251968503937,250.0,Qwen/Qwen3.6-35B-A3B-FP8
short_qa,2,127,8,2032,cross_model,1784,0.8779527559055118,248,0.1220472440944882,159,True,127,128,32,32,0,"[159, 40, 8]",0,True,32,True,128,159,32,0,0,32,"[128, 40, 8]",1,40,False,505b1be32780f7e2b7ba,"0,1",expected_aligned_shape,Qwen/Qwen3.6-35B-A3B,ok,32,127,254,142,0.5590551181102362,254,223,0.8779527559055118,43,0.33858267716535434,0.9728783902012249,247.11111111111111,0.984744094488189,250.125,Qwen/Qwen3.6-35B-A3B-FP8
short_qa,2,127,8,2032,cross_model,1767,0.8695866141732284,265,0.13041338582677164,159,True,127,128,32,32,0,"[159, 40, 8]",0,True,32,True,128,159,32,0,0,32,"[128, 40, 8]",1,40,False,506348295d3fee666655,"0,1",expected_aligned_shape,Qwen/Qwen3.6-35B-A3B,ok,32,127,254,139,0.547244094488189,254,225,0.8858267716535433,38,0.2992125984251969,0.9739282589676291,247.37777777777777,0.985236220472441,250.25,Qwen/Qwen3.6-35B-A3B-FP8
short_qa,2,127,8,2032,cross_model,1775,0.8735236220472441,257,0.1264763779527559,159,True,127,128,32,32,0,"[159, 40, 8]",0,True,32,True,128,159,32,0,0,32,"[128, 40, 8]",1,40,False,508b3ad69d2855161c4f,"0,1",expected_aligned_shape,Qwen/Qwen3.6-35B-A3B,ok,32,127,254,144,0.5669291338582677,254,223,0.8779527559055118,41,0.3228346456692913,0.9728783902012249,247.11111111111111,0.984744094488189,250.125,Qwen/Qwen3.6-35B-A3B-FP8
code,2,127,8,2032,cross_model,1774,0.8730314960629921,258,0.12696850393700787,159,True,127,128,32,32,0,"[159, 40, 8]",0,True,32,True,128,159,32,0,0,32,"[128, 40, 8]",1,40,False,5092bff2da5bb61746c0,"0,1",expected_aligned_shape,Qwen/Qwen3.6-35B-A3B,ok,32,127,254,140,0.5511811023622047,254,226,0.889763779527559,37,0.29133858267716534,0.9755030621172354,247.77777777777777,0.9862204724409449,250.5,Qwen/Qwen3.6-35B-A3B-FP8
logs,2,75,8,1200,cross_model,1049,0.8741666666666666,151,0.12583333333333332,107,True,75,76,32,32,0,"[107, 40, 8]",0,True,32,True,76,107,32,0,0,32,"[76, 40, 8]",1,40,False,50edde4a1f33b4eed34e,"0,1",expected_aligned_shape,Qwen/Qwen3.6-35B-A3B,ok,32,75,150,84,0.56,150,131,0.8733333333333333,25,0.3333333333333333,0.9718518518518519,145.77777777777777,0.9841666666666666,147.625,Qwen/Qwen3.6-35B-A3B-FP8
mixed_language,2,127,8,2032,cross_model,1774,0.8730314960629921,258,0.12696850393700787,159,True,127,128,32,32,0,"[159, 40, 8]",0,True,32,True,128,159,32,0,0,32,"[128, 40, 8]",1,40,False,5197be5ad555a3fa4f56,"0,1",expected_aligned_shape,Qwen/Qwen3.6-35B-A3B,ok,32,127,254,142,0.5590551181102362,254,217,0.8543307086614174,38,0.2992125984251969,0.9676290463692039,245.77777777777777,0.9817913385826772,249.375,Qwen/Qwen3.6-35B-A3B-FP8
mixed_language,2,127,8,2032,cross_model,1740,0.8562992125984252,292,0.1437007874015748,159,True,127,128,32,32,0,"[159, 40, 8]",0,True,32,True,128,159,32,0,0,32,"[128, 40, 8]",1,40,False,51b8d0ce4c783f964b18,"0,1",expected_aligned_shape,Qwen/Qwen3.6-35B-A3B,ok,32,127,254,125,0.4921259842519685,254,228,0.8976377952755905,26,0.2047244094488189,0.9765529308836396,248.04444444444445,0.9867125984251969,250.625,Qwen/Qwen3.6-35B-A3B-FP8
chat,2,127,8,2032,cross_model,1780,0.8759842519685039,252,0.12401574803149606,167,True,127,128,40,40,0,"[167, 40, 8]",0,True,40,True,128,167,40,0,0,40,"[128, 40, 8]",1,40,False,51df8c62f9b3dac57eb8,"0,1",expected_aligned_shape,Qwen/Qwen3.6-35B-A3B,ok,32,127,254,142,0.5590551181102362,254,221,0.8700787401574803,40,0.31496062992125984,0.9711286089238846,246.66666666666666,0.9837598425196851,249.875,Qwen/Qwen3.6-35B-A3B-FP8
mixed_language,2,127,8,2032,cross_model,1767,0.8695866141732284,265,0.13041338582677164,159,True,127,128,32,32,0,"[159, 40, 8]",0,True,32,True,128,159,32,0,0,32,"[128, 40, 8]",1,40,False,5202632d6cddd6a01c88,"0,1",expected_aligned_shape,Qwen/Qwen3.6-35B-A3B,ok,32,127,254,129,0.5078740157480315,254,202,0.7952755905511811,36,0.28346456692913385,0.9545056867891514,242.44444444444446,0.9744094488188977,247.5,Qwen/Qwen3.6-35B-A3B-FP8
summarization,2,127,8,2032,cross_model,1831,0.9010826771653543,201,0.09891732283464567,163,True,127,128,36,36,0,"[163, 40, 8]",0,True,36,True,128,163,36,0,0,36,"[128, 40, 8]",1,40,False,52354367b7055e4067de,"0,1",expected_aligned_shape,Qwen/Qwen3.6-35B-A3B,ok,32,127,254,155,0.610236220472441,254,220,0.8661417322834646,44,0.3464566929133858,0.9688538932633421,246.0888888888889,0.9822834645669292,249.5,Qwen/Qwen3.6-35B-A3B-FP8
mixed_language,2,127,8,2032,cross_model,1706,0.8395669291338582,326,0.16043307086614172,159,True,127,128,32,32,0,"[159, 40, 8]",0,True,32,True,128,159,32,0,0,32,"[128, 40, 8]",1,40,False,52a81ab9d905d863c300,"0,1",expected_aligned_shape,Qwen/Qwen3.6-35B-A3B,ok,32,127,254,115,0.452755905511811,254,208,0.8188976377952756,28,0.2204724409448819,0.9590551181102364,243.6,0.9768700787401575,248.125,Qwen/Qwen3.6-35B-A3B-FP8
mixed_language,2,127,8,2032,cross_model,1715,0.843996062992126,317,0.15600393700787402,159,True,127,128,32,32,0,"[159, 40, 8]",0,True,32,True,128,159,32,0,0,32,"[128, 40, 8]",1,40,False,52ae350b56d887041750,"0,1",expected_aligned_shape,Qwen/Qwen3.6-35B-A3B,ok,32,127,254,122,0.48031496062992124,254,216,0.8503937007874016,32,0.25196850393700787,0.9653543307086615,245.2,0.9803149606299213,249.0,Qwen/Qwen3.6-35B-A3B-FP8
math_numeric,2,127,8,2032,cross_model,1767,0.8695866141732284,265,0.13041338582677164,159,True,127,128,32,32,0,"[159, 40, 8]",0,True,32,True,128,159,32,0,0,32,"[128, 40, 8]",1,40,False,52ec63a74226c3ca59f1,"0,1",expected_aligned_shape,Qwen/Qwen3.6-35B-A3B,ok,32,127,254,136,0.5354330708661418,254,221,0.8700787401574803,36,0.28346456692913385,0.9711286089238846,246.66666666666666,0.9837598425196851,249.875,Qwen/Qwen3.6-35B-A3B-FP8
code,2,127,8,2032,cross_model,1744,0.8582677165354331,288,0.14173228346456693,166,True,127,128,39,39,0,"[166, 40, 8]",0,True,39,True,128,166,39,0,0,39,"[128, 40, 8]",1,40,False,52f1cb6b25e14ae20182,"0,1",expected_aligned_shape,Qwen/Qwen3.6-35B-A3B,ok,32,127,254,130,0.5118110236220472,254,223,0.8779527559055118,40,0.31496062992125984,0.972878390201225,247.11111111111111,0.984744094488189,250.125,Qwen/Qwen3.6-35B-A3B-FP8
low_margin,2,127,8,2032,cross_model,1789,0.8804133858267716,243,0.11958661417322834,166,True,127,128,39,39,0,"[166, 40, 8]",0,True,39,True,128,166,39,0,0,39,"[128, 40, 8]",1,40,False,5356746cc1c277b556e8,"0,1",expected_aligned_shape,Qwen/Qwen3.6-35B-A3B,ok,32,127,254,147,0.5787401574803149,254,224,0.8818897637795275,41,0.3228346456692913,0.9723534558180227,246.9777777777778,0.984251968503937,250.0,Qwen/Qwen3.6-35B-A3B-FP8
json_structured,2,127,8,2032,cross_model,1787,0.8794291338582677,245,0.12057086614173228,167,True,127,128,40,40,0,"[167, 40, 8]",0,True,40,True,128,167,40,0,0,40,"[128, 40, 8]",1,40,False,5363db1324c2551555da,"0,1",expected_aligned_shape,Qwen/Qwen3.6-35B-A3B,ok,32,127,254,139,0.547244094488189,254,224,0.8818897637795275,38,0.2992125984251969,0.9737532808398951,247.33333333333334,0.985236220472441,250.25,Qwen/Qwen3.6-35B-A3B-FP8
needle,2,127,8,2032,cross_model,1778,0.875,254,0.125,159,True,127,128,32,32,0,"[159, 40, 8]",0,True,32,True,128,159,32,0,0,32,"[128, 40, 8]",1,40,False,5372b90025ecc7c89d71,"0,1",expected_aligned_shape,Qwen/Qwen3.6-35B-A3B,ok,32,127,254,136,0.5354330708661418,254,230,0.905511811023622,32,0.25196850393700787,0.979002624671916,248.66666666666666,0.9881889763779528,251.0,Qwen/Qwen3.6-35B-A3B-FP8
chat,2,127,8,2032,cross_model,1768,0.8700787401574803,264,0.12992125984251968,159,True,127,128,32,32,0,"[159, 40, 8]",0,True,32,True,128,159,32,0,0,32,"[128, 40, 8]",1,40,False,53c62ce91bf8daf3c227,"0,1",expected_aligned_shape,Qwen/Qwen3.6-35B-A3B,ok,32,127,254,136,0.5354330708661418,254,226,0.889763779527559,32,0.25196850393700787,0.9755030621172354,247.77777777777777,0.9862204724409449,250.5,Qwen/Qwen3.6-35B-A3B-FP8
code,2,127,8,2032,cross_model,1841,0.906003937007874,191,0.09399606299212598,159,True,127,128,32,32,0,"[159, 40, 8]",0,True,32,True,128,159,32,0,0,32,"[128, 40, 8]",1,40,False,542fa4892010bb7f7267,"0,1",expected_aligned_shape,Qwen/Qwen3.6-35B-A3B,ok,32,127,254,164,0.6456692913385826,254,229,0.9015748031496063,50,0.3937007874015748,0.9781277340332459,248.44444444444446,0.9876968503937008,250.875,Qwen/Qwen3.6-35B-A3B-FP8
mixed_language,2,86,8,1376,cross_model,1231,0.8946220930232558,145,0.10537790697674419,118,True,86,87,32,32,0,"[118, 40, 8]",0,True,32,True,87,118,32,0,0,32,"[87, 40, 8]",1,40,False,546b10dcbb5d1cd53751,"0,1",expected_aligned_shape,Qwen/Qwen3.6-35B-A3B,ok,32,86,172,103,0.5988372093023255,172,151,0.877906976744186,31,0.36046511627906974,0.9728682170542636,167.33333333333334,0.9847383720930233,169.375,Qwen/Qwen3.6-35B-A3B-FP8
code,2,127,8,2032,cross_model,1799,0.8853346456692913,233,0.11466535433070867,166,True,127,128,39,39,0,"[166, 40, 8]",0,True,39,True,128,166,39,0,0,39,"[128, 40, 8]",1,40,False,54b2848c7ef398c72652,"0,1",expected_aligned_shape,Qwen/Qwen3.6-35B-A3B,ok,32,127,254,147,0.5787401574803149,254,228,0.8976377952755905,46,0.36220472440944884,0.9772528433945759,248.22222222222223,0.9872047244094488,250.75,Qwen/Qwen3.6-35B-A3B-FP8
needle,2,15,8,240,cross_model,212,0.8833333333333333,28,0.11666666666666667,47,True,15,16,32,32,0,"[47, 40, 8]",0,True,32,True,16,47,32,0,0,32,"[16, 40, 8]",1,40,False,54bdfad0f40a1aaf3b85,"0,1",expected_aligned_shape,Qwen/Qwen3.6-35B-A3B,ok,32,15,30,15,0.5,30,26,0.8666666666666667,4,0.26666666666666666,0.9703703703703704,29.11111111111111,0.9833333333333333,29.5,Qwen/Qwen3.6-35B-A3B-FP8
chat,2,127,8,2032,cross_model,1776,0.8740157480314961,256,0.12598425196850394,159,True,127,128,32,32,0,"[159, 40, 8]",0,True,32,True,128,159,32,0,0,32,"[128, 40, 8]",1,40,False,554e94bcafe28423c71f,"0,1",expected_aligned_shape,Qwen/Qwen3.6-35B-A3B,ok,32,127,254,147,0.5787401574803149,254,222,0.8740157480314961,45,0.3543307086614173,0.9720034995625548,246.88888888888889,0.984251968503937,250.0,Qwen/Qwen3.6-35B-A3B-FP8
json_structured,2,127,8,2032,cross_model,1770,0.8710629921259843,262,0.12893700787401574,159,True,127,128,32,32,0,"[159, 40, 8]",0,True,32,True,128,159,32,0,0,32,"[128, 40, 8]",1,40,False,55870432e125f8cb97d8,"0,1",expected_aligned_shape,Qwen/Qwen3.6-35B-A3B,ok,32,127,254,135,0.531496062992126,254,229,0.9015748031496063,36,0.28346456692913385,0.9781277340332459,248.44444444444446,0.9876968503937008,250.875,Qwen/Qwen3.6-35B-A3B-FP8
low_margin,2,127,8,2032,cross_model,1790,0.8809055118110236,242,0.11909448818897637,167,True,127,128,40,40,0,"[167, 40, 8]",0,True,40,True,128,167,40,0,0,40,"[128, 40, 8]",1,40,False,560d79fc74bfcd50cbde,"0,1",expected_aligned_shape,Qwen/Qwen3.6-35B-A3B,ok,32,127,254,138,0.5433070866141733,254,215,0.8464566929133859,37,0.29133858267716534,0.9658792650918634,245.33333333333334,0.9808070866141733,249.125,Qwen/Qwen3.6-35B-A3B-FP8
low_margin,2,127,8,2032,cross_model,1809,0.890255905511811,223,0.10974409448818898,166,True,127,128,39,39,0,"[166, 40, 8]",0,True,39,True,128,166,39,0,0,39,"[128, 40, 8]",1,40,False,562f5ed543ce4a206118,"0,1",expected_aligned_shape,Qwen/Qwen3.6-35B-A3B,ok,32,127,254,152,0.5984251968503937,254,226,0.889763779527559,48,0.3779527559055118,0.9748031496062992,247.6,0.9857283464566929,250.375,Qwen/Qwen3.6-35B-A3B-FP8
json_structured,2,127,8,2032,cross_model,1801,0.8863188976377953,231,0.11368110236220473,159,True,127,128,32,32,0,"[159, 40, 8]",0,True,32,True,128,159,32,0,0,32,"[128, 40, 8]",1,40,False,5630de04f79e4bb72cb7,"0,1",expected_aligned_shape,Qwen/Qwen3.6-35B-A3B,ok,32,127,254,145,0.5708661417322834,254,215,0.8464566929133859,42,0.33070866141732286,0.9658792650918634,245.33333333333334,0.9808070866141733,249.125,Qwen/Qwen3.6-35B-A3B-FP8
low_margin,2,127,8,2032,cross_model,1824,0.8976377952755905,208,0.10236220472440945,167,True,127,128,40,40,0,"[167, 40, 8]",0,True,40,True,128,167,40,0,0,40,"[128, 40, 8]",1,40,False,56477bd2ca116777e5c5,"0,1",expected_aligned_shape,Qwen/Qwen3.6-35B-A3B,ok,32,127,254,152,0.5984251968503937,254,221,0.8700787401574803,45,0.3543307086614173,0.9711286089238845,246.66666666666666,0.9837598425196851,249.875,Qwen/Qwen3.6-35B-A3B-FP8
short_qa,2,127,8,2032,cross_model,1777,0.874507874015748,255,0.12549212598425197,159,True,127,128,32,32,0,"[159, 40, 8]",0,True,32,True,128,159,32,0,0,32,"[128, 40, 8]",1,40,False,572daf95c833baf0dcec,"0,1",expected_aligned_shape,Qwen/Qwen3.6-35B-A3B,ok,32,127,254,140,0.5511811023622047,254,218,0.8582677165354331,42,0.33070866141732286,0.9678040244969379,245.82222222222222,0.9817913385826772,249.375,Qwen/Qwen3.6-35B-A3B-FP8
mixed_language,2,127,8,2032,cross_model,1753,0.8626968503937008,279,0.13730314960629922,159,True,127,128,32,32,0,"[159, 40, 8]",0,True,32,True,128,159,32,0,0,32,"[128, 40, 8]",1,40,False,5750a3c2228713c9691c,"0,1",expected_aligned_shape,Qwen/Qwen3.6-35B-A3B,ok,32,127,254,137,0.5393700787401575,254,222,0.8740157480314961,34,0.2677165354330709,0.9720034995625547,246.88888888888889,0.984251968503937,250.0,Qwen/Qwen3.6-35B-A3B-FP8
summarization,2,127,8,2032,cross_model,1779,0.875492125984252,253,0.12450787401574803,159,True,127,128,32,32,0,"[159, 40, 8]",0,True,32,True,128,159,32,0,0,32,"[128, 40, 8]",1,40,False,5754022ce0fec55bb119,"0,1",expected_aligned_shape,Qwen/Qwen3.6-35B-A3B,ok,32,127,254,135,0.531496062992126,254,212,0.8346456692913385,39,0.30708661417322836,0.9632545931758529,244.66666666666666,0.9793307086614174,248.75,Qwen/Qwen3.6-35B-A3B-FP8
chat,2,127,8,2032,cross_model,1766,0.8690944881889764,266,0.1309055118110236,167,True,127,128,40,40,0,"[167, 40, 8]",0,True,40,True,128,167,40,0,0,40,"[128, 40, 8]",1,40,False,576abc56eb013481cc99,"0,1",expected_aligned_shape,Qwen/Qwen3.6-35B-A3B,ok,32,127,254,138,0.5433070866141733,254,219,0.8622047244094488,38,0.2992125984251969,0.968678915135608,246.04444444444445,0.9822834645669292,249.5,Qwen/Qwen3.6-35B-A3B-FP8
low_margin,2,127,8,2032,cross_model,1771,0.8715551181102362,261,0.12844488188976377,167,True,127,128,40,40,0,"[167, 40, 8]",0,True,40,True,128,167,40,0,0,40,"[128, 40, 8]",1,40,False,577f7dc3d68b30d7d530,"0,1",expected_aligned_shape,Qwen/Qwen3.6-35B-A3B,ok,32,127,254,135,0.531496062992126,254,220,0.8661417322834646,34,0.2677165354330709,0.9688538932633421,246.0888888888889,0.9822834645669292,249.5,Qwen/Qwen3.6-35B-A3B-FP8
json_structured,2,127,8,2032,cross_model,1754,0.8631889763779528,278,0.13681102362204725,167,True,127,128,40,40,0,"[167, 40, 8]",0,True,40,True,128,167,40,0,0,40,"[128, 40, 8]",1,40,False,57af939a4f6a2c71354f,"0,1",expected_aligned_shape,Qwen/Qwen3.6-35B-A3B,ok,32,127,254,132,0.5196850393700787,254,216,0.8503937007874016,37,0.29133858267716534,0.9667541557305337,245.55555555555554,0.9812992125984252,249.25,Qwen/Qwen3.6-35B-A3B-FP8
needle,2,127,8,2032,cross_model,1776,0.8740157480314961,256,0.12598425196850394,159,True,127,128,32,32,0,"[159, 40, 8]",0,True,32,True,128,159,32,0,0,32,"[128, 40, 8]",1,40,False,57d451e1c5ecea5de61e,"0,1",expected_aligned_shape,Qwen/Qwen3.6-35B-A3B,ok,32,127,254,143,0.562992125984252,254,222,0.8740157480314961,42,0.33070866141732286,0.9713035870516186,246.7111111111111,0.9837598425196851,249.875,Qwen/Qwen3.6-35B-A3B-FP8
chat,2,127,8,2032,cross_model,1748,0.860236220472441,284,0.13976377952755906,159,True,127,128,32,32,0,"[159, 40, 8]",0,True,32,True,128,159,32,0,0,32,"[128, 40, 8]",1,40,False,57d5b15e2cfbc32b03b6,"0,1",expected_aligned_shape,Qwen/Qwen3.6-35B-A3B,ok,32,127,254,131,0.515748031496063,254,218,0.8582677165354331,35,0.2755905511811024,0.968503937007874,246.0,0.9822834645669292,249.5,Qwen/Qwen3.6-35B-A3B-FP8
code,2,127,8,2032,cross_model,1773,0.8725393700787402,259,0.12746062992125984,166,True,127,128,39,39,0,"[166, 40, 8]",0,True,39,True,128,166,39,0,0,39,"[128, 40, 8]",1,40,False,57ddda820206cc96a7fb,"0,1",expected_aligned_shape,Qwen/Qwen3.6-35B-A3B,ok,32,127,254,141,0.5551181102362205,254,223,0.8779527559055118,44,0.3464566929133858,0.9728783902012249,247.11111111111111,0.984744094488189,250.125,Qwen/Qwen3.6-35B-A3B-FP8
short_qa,2,127,8,2032,cross_model,1810,0.890748031496063,222,0.10925196850393701,166,True,127,128,39,39,0,"[166, 40, 8]",0,True,39,True,128,166,39,0,0,39,"[128, 40, 8]",1,40,False,57e5edfe4bfdc595b137,"0,1",expected_aligned_shape,Qwen/Qwen3.6-35B-A3B,ok,32,127,254,162,0.6377952755905512,254,231,0.9094488188976378,51,0.4015748031496063,0.9798775153105861,248.88888888888889,0.9886811023622047,251.125,Qwen/Qwen3.6-35B-A3B-FP8
code,2,127,8,2032,cross_model,1809,0.890255905511811,223,0.10974409448818898,159,True,127,128,32,32,0,"[159, 40, 8]",0,True,32,True,128,159,32,0,0,32,"[128, 40, 8]",1,40,False,582f0c06c4b95909a244,"0,1",expected_aligned_shape,Qwen/Qwen3.6-35B-A3B,ok,32,127,254,150,0.5905511811023622,254,231,0.9094488188976378,45,0.3543307086614173,0.9798775153105863,248.88888888888889,0.9886811023622047,251.125,Qwen/Qwen3.6-35B-A3B-FP8
needle,2,127,8,2032,cross_model,1739,0.8558070866141733,293,0.14419291338582677,159,True,127,128,32,32,0,"[159, 40, 8]",0,True,32,True,128,159,32,0,0,32,"[128, 40, 8]",1,40,False,599a31b37ae05ff0a075,"0,1",expected_aligned_shape,Qwen/Qwen3.6-35B-A3B,ok,32,127,254,128,0.5039370078740157,254,227,0.8937007874015748,33,0.25984251968503935,0.9763779527559056,248.0,0.9867125984251969,250.625,Qwen/Qwen3.6-35B-A3B-FP8
math_numeric,2,127,8,2032,cross_model,1831,0.9010826771653543,201,0.09891732283464567,159,True,127,128,32,32,0,"[159, 40, 8]",0,True,32,True,128,159,32,0,0,32,"[128, 40, 8]",1,40,False,5a3c286bbd77c07c6f95,"0,1",expected_aligned_shape,Qwen/Qwen3.6-35B-A3B,ok,32,127,254,163,0.6417322834645669,254,228,0.8976377952755905,51,0.4015748031496063,0.9772528433945757,248.22222222222223,0.9872047244094488,250.75,Qwen/Qwen3.6-35B-A3B-FP8
chat,2,127,8,2032,cross_model,1782,0.8769685039370079,250,0.12303149606299213,159,True,127,128,32,32,0,"[159, 40, 8]",0,True,32,True,128,159,32,0,0,32,"[128, 40, 8]",1,40,False,5a7f4b624dd1ca1761ad,"0,1",expected_aligned_shape,Qwen/Qwen3.6-35B-A3B,ok,32,127,254,146,0.5748031496062992,254,226,0.889763779527559,43,0.33858267716535434,0.9755030621172354,247.77777777777777,0.9862204724409449,250.5,Qwen/Qwen3.6-35B-A3B-FP8
mixed_language,2,127,8,2032,cross_model,1740,0.8562992125984252,292,0.1437007874015748,159,True,127,128,32,32,0,"[159, 40, 8]",0,True,32,True,128,159,32,0,0,32,"[128, 40, 8]",1,40,False,5ab0933af53af7ecae2c,"0,1",expected_aligned_shape,Qwen/Qwen3.6-35B-A3B,ok,32,127,254,130,0.5118110236220472,254,212,0.8346456692913385,33,0.25984251968503935,0.9618547681539807,244.3111111111111,0.9783464566929134,248.5,Qwen/Qwen3.6-35B-A3B-FP8
chat,2,127,8,2032,cross_model,1789,0.8804133858267716,243,0.11958661417322834,167,True,127,128,40,40,0,"[167, 40, 8]",0,True,40,True,128,167,40,0,0,40,"[128, 40, 8]",1,40,False,5ab1ae48cf3d0e3431f0,"0,1",expected_aligned_shape,Qwen/Qwen3.6-35B-A3B,ok,32,127,254,144,0.5669291338582677,254,223,0.8779527559055118,41,0.3228346456692913,0.9728783902012248,247.11111111111111,0.984744094488189,250.125,Qwen/Qwen3.6-35B-A3B-FP8
mixed_language,2,127,8,2032,cross_model,1781,0.8764763779527559,251,0.1235236220472441,159,True,127,128,32,32,0,"[159, 40, 8]",0,True,32,True,128,159,32,0,0,32,"[128, 40, 8]",1,40,False,5ab8d349fa9b77ccf269,"0,1",expected_aligned_shape,Qwen/Qwen3.6-35B-A3B,ok,32,127,254,145,0.5708661417322834,254,219,0.8622047244094488,44,0.3464566929133858,0.9686789151356082,246.04444444444445,0.9822834645669292,249.5,Qwen/Qwen3.6-35B-A3B-FP8
needle,2,127,8,2032,cross_model,1762,0.8671259842519685,270,0.1328740157480315,159,True,127,128,32,32,0,"[159, 40, 8]",0,True,32,True,128,159,32,0,0,32,"[128, 40, 8]",1,40,False,5abaf978363d8e88c99e,"0,1",expected_aligned_shape,Qwen/Qwen3.6-35B-A3B,ok,32,127,254,137,0.5393700787401575,254,225,0.8858267716535433,38,0.2992125984251969,0.9746281714785654,247.55555555555554,0.9857283464566929,250.375,Qwen/Qwen3.6-35B-A3B-FP8
code,2,127,8,2032,cross_model,1794,0.8828740157480315,238,0.1171259842519685,166,True,127,128,39,39,0,"[166, 40, 8]",0,True,39,True,128,166,39,0,0,39,"[128, 40, 8]",1,40,False,5b5d918703c22348809f,"0,1",expected_aligned_shape,Qwen/Qwen3.6-35B-A3B,ok,32,127,254,155,0.610236220472441,254,236,0.9291338582677166,52,0.4094488188976378,0.984251968503937,250.0,0.9911417322834646,251.75,Qwen/Qwen3.6-35B-A3B-FP8
summarization,2,127,8,2032,cross_model,1760,0.8661417322834646,272,0.13385826771653545,159,True,127,128,32,32,0,"[159, 40, 8]",0,True,32,True,128,159,32,0,0,32,"[128, 40, 8]",1,40,False,5b71b71b3bd4a0357b83,"0,1",expected_aligned_shape,Qwen/Qwen3.6-35B-A3B,ok,32,127,254,134,0.5275590551181102,254,218,0.8582677165354331,34,0.2677165354330709,0.9678040244969379,245.82222222222222,0.9817913385826772,249.375,Qwen/Qwen3.6-35B-A3B-FP8
summarization,2,127,8,2032,cross_model,1798,0.8848425196850394,234,0.11515748031496063,167,True,127,128,40,40,0,"[167, 40, 8]",0,True,40,True,128,167,40,0,0,40,"[128, 40, 8]",1,40,False,5b841a26c13cf33684e6,"0,1",expected_aligned_shape,Qwen/Qwen3.6-35B-A3B,ok,32,127,254,152,0.5984251968503937,254,225,0.8858267716535433,45,0.3543307086614173,0.9739282589676291,247.37777777777777,0.985236220472441,250.25,Qwen/Qwen3.6-35B-A3B-FP8
json_structured,2,127,8,2032,cross_model,1791,0.8813976377952756,241,0.1186023622047244,167,True,127,128,40,40,0,"[167, 40, 8]",0,True,40,True,128,167,40,0,0,40,"[128, 40, 8]",1,40,False,5bb673414bc8cc2d2e9e,"0,1",expected_aligned_shape,Qwen/Qwen3.6-35B-A3B,ok,32,127,254,140,0.5511811023622047,254,221,0.8700787401574803,40,0.31496062992125984,0.9711286089238846,246.66666666666666,0.9837598425196851,249.875,Qwen/Qwen3.6-35B-A3B-FP8
chat,2,127,8,2032,cross_model,1793,0.8823818897637795,239,0.11761811023622047,159,True,127,128,32,32,0,"[159, 40, 8]",0,True,32,True,128,159,32,0,0,32,"[128, 40, 8]",1,40,False,5bb9a04de1014f32efd5,"0,1",expected_aligned_shape,Qwen/Qwen3.6-35B-A3B,ok,32,127,254,147,0.5787401574803149,254,222,0.8740157480314961,41,0.3228346456692913,0.9720034995625548,246.88888888888889,0.984251968503937,250.0,Qwen/Qwen3.6-35B-A3B-FP8
logs,2,127,8,2032,cross_model,1778,0.875,254,0.125,159,True,127,128,32,32,0,"[159, 40, 8]",0,True,32,True,128,159,32,0,0,32,"[128, 40, 8]",1,40,False,5bcb6e9f461feb294c87,"0,1",expected_aligned_shape,Qwen/Qwen3.6-35B-A3B,ok,32,127,254,139,0.547244094488189,254,223,0.8779527559055118,37,0.29133858267716534,0.9721784776902888,246.93333333333334,0.984251968503937,250.0,Qwen/Qwen3.6-35B-A3B-FP8
json_structured,2,127,8,2032,cross_model,1765,0.8686023622047244,267,0.13139763779527558,167,True,127,128,40,40,0,"[167, 40, 8]",0,True,40,True,128,167,40,0,0,40,"[128, 40, 8]",1,40,False,5c3e9712863ad17fe87b,"0,1",expected_aligned_shape,Qwen/Qwen3.6-35B-A3B,ok,32,127,254,137,0.5393700787401575,254,219,0.8622047244094488,39,0.30708661417322836,0.9686789151356081,246.04444444444445,0.9822834645669292,249.5,Qwen/Qwen3.6-35B-A3B-FP8
chat,2,127,8,2032,cross_model,1782,0.8769685039370079,250,0.12303149606299213,167,True,127,128,40,40,0,"[167, 40, 8]",0,True,40,True,128,167,40,0,0,40,"[128, 40, 8]",1,40,False,5cc3b2ea8220fee25c5a,"0,1",expected_aligned_shape,Qwen/Qwen3.6-35B-A3B,ok,32,127,254,137,0.5393700787401575,254,221,0.8700787401574803,38,0.2992125984251969,0.9711286089238845,246.66666666666666,0.9837598425196851,249.875,Qwen/Qwen3.6-35B-A3B-FP8
mixed_language,2,100,8,1600,cross_model,1416,0.885,184,0.115,132,True,100,101,32,32,0,"[132, 40, 8]",0,True,32,True,101,132,32,0,0,32,"[101, 40, 8]",1,40,False,5ccc53138865441b7e9c,"0,1",expected_aligned_shape,Qwen/Qwen3.6-35B-A3B,ok,32,100,200,116,0.58,200,179,0.895,35,0.35,0.9766666666666669,195.33333333333334,0.986875,197.375,Qwen/Qwen3.6-35B-A3B-FP8
needle,2,127,8,2032,cross_model,1770,0.8710629921259843,262,0.12893700787401574,159,True,127,128,32,32,0,"[159, 40, 8]",0,True,32,True,128,159,32,0,0,32,"[128, 40, 8]",1,40,False,5ce1aa69b2eabf0ab880,"0,1",expected_aligned_shape,Qwen/Qwen3.6-35B-A3B,ok,32,127,254,139,0.547244094488189,254,222,0.8740157480314961,39,0.30708661417322836,0.9713035870516187,246.7111111111111,0.9837598425196851,249.875,Qwen/Qwen3.6-35B-A3B-FP8
low_margin,2,127,8,2032,cross_model,1745,0.8587598425196851,287,0.14124015748031496,166,True,127,128,39,39,0,"[166, 40, 8]",0,True,39,True,128,166,39,0,0,39,"[128, 40, 8]",1,40,False,5d6436da268b099bc9ae,"0,1",expected_aligned_shape,Qwen/Qwen3.6-35B-A3B,ok,32,127,254,129,0.5078740157480315,254,223,0.8779527559055118,35,0.2755905511811024,0.9721784776902888,246.93333333333334,0.984251968503937,250.0,Qwen/Qwen3.6-35B-A3B-FP8
code,2,127,8,2032,cross_model,1790,0.8809055118110236,242,0.11909448818897637,159,True,127,128,32,32,0,"[159, 40, 8]",0,True,32,True,128,159,32,0,0,32,"[128, 40, 8]",1,40,False,5d954451505bcd01a0b6,"0,1",expected_aligned_shape,Qwen/Qwen3.6-35B-A3B,ok,32,127,254,146,0.5748031496062992,254,225,0.8858267716535433,39,0.30708661417322836,0.973228346456693,247.2,0.984744094488189,250.125,Qwen/Qwen3.6-35B-A3B-FP8
json_structured,2,127,8,2032,cross_model,1780,0.8759842519685039,252,0.12401574803149606,159,True,127,128,32,32,0,"[159, 40, 8]",0,True,32,True,128,159,32,0,0,32,"[128, 40, 8]",1,40,False,5dc2433ac93e3f045e6f,"0,1",expected_aligned_shape,Qwen/Qwen3.6-35B-A3B,ok,32,127,254,140,0.5511811023622047,254,218,0.8582677165354331,40,0.31496062992125984,0.968503937007874,246.0,0.9822834645669292,249.5,Qwen/Qwen3.6-35B-A3B-FP8
json_structured,2,127,8,2032,cross_model,1793,0.8823818897637795,239,0.11761811023622047,159,True,127,128,32,32,0,"[159, 40, 8]",0,True,32,True,128,159,32,0,0,32,"[128, 40, 8]",1,40,False,5dec9ebe264afa9af17b,"0,1",expected_aligned_shape,Qwen/Qwen3.6-35B-A3B,ok,32,127,254,152,0.5984251968503937,254,224,0.8818897637795275,50,0.3937007874015748,0.9737532808398952,247.33333333333334,0.985236220472441,250.25,Qwen/Qwen3.6-35B-A3B-FP8
needle,2,127,8,2032,cross_model,1777,0.874507874015748,255,0.12549212598425197,159,True,127,128,32,32,0,"[159, 40, 8]",0,True,32,True,128,159,32,0,0,32,"[128, 40, 8]",1,40,False,5e4285f7c6a076ba71ba,"0,1",expected_aligned_shape,Qwen/Qwen3.6-35B-A3B,ok,32,127,254,139,0.547244094488189,254,220,0.8661417322834646,40,0.31496062992125984,0.9702537182852145,246.44444444444446,0.9832677165354331,249.75,Qwen/Qwen3.6-35B-A3B-FP8
math_numeric,2,127,8,2032,cross_model,1295,0.6373031496062992,737,0.3626968503937008,159,True,127,128,32,32,0,"[159, 40, 8]",0,True,32,True,128,159,32,0,0,32,"[128, 40, 8]",1,40,False,5e60c1c8b6ea2c098870,"0,1",expected_aligned_shape,Qwen/Qwen3.6-35B-A3B,ok,32,127,254,66,0.25984251968503935,254,134,0.5275590551181102,4,0.031496062992125984,0.8826692118030702,224.1979797979798,0.9320866141732284,236.75,Qwen/Qwen3.6-35B-A3B-FP8
needle,2,127,8,2032,cross_model,1795,0.8833661417322834,237,0.11663385826771654,159,True,127,128,32,32,0,"[159, 40, 8]",0,True,32,True,128,159,32,0,0,32,"[128, 40, 8]",1,40,False,5ec469aa0ce5140ec633,"0,1",expected_aligned_shape,Qwen/Qwen3.6-35B-A3B,ok,32,127,254,145,0.5708661417322834,254,226,0.889763779527559,41,0.3228346456692913,0.9755030621172355,247.77777777777777,0.9862204724409449,250.5,Qwen/Qwen3.6-35B-A3B-FP8
math_numeric,2,127,8,2032,cross_model,1411,0.6943897637795275,621,0.30561023622047245,159,True,127,128,32,32,0,"[159, 40, 8]",0,True,32,True,128,159,32,0,0,32,"[128, 40, 8]",1,40,False,5f2bea854f44d77c4f9e,"0,1",expected_aligned_shape,Qwen/Qwen3.6-35B-A3B,ok,32,127,254,57,0.22440944881889763,254,148,0.5826771653543307,2,0.015748031496062992,0.9044619422572179,229.73333333333335,0.9458661417322834,240.25,Qwen/Qwen3.6-35B-A3B-FP8
low_margin,2,127,8,2032,cross_model,1795,0.8833661417322834,237,0.11663385826771654,167,True,127,128,40,40,0,"[167, 40, 8]",0,True,40,True,128,167,40,0,0,40,"[128, 40, 8]",1,40,False,5fa103d525773692e93e,"0,1",expected_aligned_shape,Qwen/Qwen3.6-35B-A3B,ok,32,127,254,150,0.5905511811023622,254,227,0.8937007874015748,42,0.33070866141732286,0.9763779527559056,248.0,0.9867125984251969,250.625,Qwen/Qwen3.6-35B-A3B-FP8
mixed_language,2,127,8,2032,cross_model,1762,0.8671259842519685,270,0.1328740157480315,159,True,127,128,32,32,0,"[159, 40, 8]",0,True,32,True,128,159,32,0,0,32,"[128, 40, 8]",1,40,False,60211dc01512519f5f6c,"0,1",expected_aligned_shape,Qwen/Qwen3.6-35B-A3B,ok,32,127,254,134,0.5275590551181102,254,222,0.8740157480314961,34,0.2677165354330709,0.9720034995625548,246.88888888888889,0.984251968503937,250.0,Qwen/Qwen3.6-35B-A3B-FP8
summarization,2,127,8,2032,cross_model,1830,0.9005905511811023,202,0.09940944881889764,159,True,127,128,32,32,0,"[159, 40, 8]",0,True,32,True,128,159,32,0,0,32,"[128, 40, 8]",1,40,False,60794c5d59c308b41cfb,"0,1",expected_aligned_shape,Qwen/Qwen3.6-35B-A3B,ok,32,127,254,160,0.6299212598425197,254,227,0.8937007874015748,52,0.4094488188976378,0.9763779527559056,248.0,0.9867125984251969,250.625,Qwen/Qwen3.6-35B-A3B-FP8
summarization,2,127,8,2032,cross_model,1810,0.890748031496063,222,0.10925196850393701,159,True,127,128,32,32,0,"[159, 40, 8]",0,True,32,True,128,159,32,0,0,32,"[128, 40, 8]",1,40,False,60a014ca03d8b7493ef2,"0,1",expected_aligned_shape,Qwen/Qwen3.6-35B-A3B,ok,32,127,254,153,0.6023622047244095,254,225,0.8858267716535433,48,0.3779527559055118,0.9746281714785652,247.55555555555554,0.9857283464566929,250.375,Qwen/Qwen3.6-35B-A3B-FP8
logs,2,127,8,2032,cross_model,1802,0.8868110236220472,230,0.11318897637795275,159,True,127,128,32,32,0,"[159, 40, 8]",0,True,32,True,128,159,32,0,0,32,"[128, 40, 8]",1,40,False,60c5a4f41ae1be2940ff,"0,1",expected_aligned_shape,Qwen/Qwen3.6-35B-A3B,ok,32,127,254,149,0.5866141732283464,254,230,0.905511811023622,45,0.3543307086614173,0.97830271216098,248.48888888888888,0.9876968503937008,250.875,Qwen/Qwen3.6-35B-A3B-FP8
logs,2,127,8,2032,cross_model,1776,0.8740157480314961,256,0.12598425196850394,159,True,127,128,32,32,0,"[159, 40, 8]",0,True,32,True,128,159,32,0,0,32,"[128, 40, 8]",1,40,False,60da264064e9ae3d6aff,"0,1",expected_aligned_shape,Qwen/Qwen3.6-35B-A3B,ok,32,127,254,139,0.547244094488189,254,212,0.8346456692913385,38,0.2992125984251969,0.963254593175853,244.66666666666666,0.9793307086614174,248.75,Qwen/Qwen3.6-35B-A3B-FP8
short_qa,2,127,8,2032,cross_model,1770,0.8710629921259843,262,0.12893700787401574,159,True,127,128,32,32,0,"[159, 40, 8]",0,True,32,True,128,159,32,0,0,32,"[128, 40, 8]",1,40,False,618efcb627bbc74f53f2,"0,1",expected_aligned_shape,Qwen/Qwen3.6-35B-A3B,ok,32,127,254,140,0.5511811023622047,254,223,0.8779527559055118,43,0.33858267716535434,0.9728783902012248,247.11111111111111,0.984744094488189,250.125,Qwen/Qwen3.6-35B-A3B-FP8
logs,2,119,8,1904,cross_model,1677,0.8807773109243697,227,0.11922268907563026,151,True,119,120,32,32,0,"[151, 40, 8]",0,True,32,True,120,151,32,0,0,32,"[120, 40, 8]",1,40,False,61aa77e345b1f02cbb13,"0,1",expected_aligned_shape,Qwen/Qwen3.6-35B-A3B,ok,32,119,238,133,0.5588235294117647,238,213,0.8949579831932774,37,0.31092436974789917,0.9766573295985062,232.44444444444446,0.9868697478991597,234.875,Qwen/Qwen3.6-35B-A3B-FP8
code,2,127,8,2032,cross_model,1779,0.875492125984252,253,0.12450787401574803,166,True,127,128,39,39,0,"[166, 40, 8]",0,True,39,True,128,166,39,0,0,39,"[128, 40, 8]",1,40,False,61d3849a193f9e7cabb2,"0,1",expected_aligned_shape,Qwen/Qwen3.6-35B-A3B,ok,32,127,254,142,0.5590551181102362,254,228,0.8976377952755905,39,0.30708661417322836,0.9772528433945757,248.22222222222223,0.9872047244094488,250.75,Qwen/Qwen3.6-35B-A3B-FP8
needle,2,127,8,2032,cross_model,1781,0.8764763779527559,251,0.1235236220472441,159,True,127,128,32,32,0,"[159, 40, 8]",0,True,32,True,128,159,32,0,0,32,"[128, 40, 8]",1,40,False,61dad56979eb7448dc31,"0,1",expected_aligned_shape,Qwen/Qwen3.6-35B-A3B,ok,32,127,254,144,0.5669291338582677,254,216,0.8503937007874016,39,0.30708661417322836,0.9660542432195977,245.37777777777777,0.9808070866141733,249.125,Qwen/Qwen3.6-35B-A3B-FP8
code,2,127,8,2032,cross_model,1778,0.875,254,0.125,159,True,127,128,32,32,0,"[159, 40, 8]",0,True,32,True,128,159,32,0,0,32,"[128, 40, 8]",1,40,False,62206ac3511509952e6a,"0,1",expected_aligned_shape,Qwen/Qwen3.6-35B-A3B,ok,32,127,254,143,0.562992125984252,254,231,0.9094488188976378,41,0.3228346456692913,0.9798775153105861,248.88888888888889,0.9886811023622047,251.125,Qwen/Qwen3.6-35B-A3B-FP8
short_qa,2,127,8,2032,cross_model,1794,0.8828740157480315,238,0.1171259842519685,159,True,127,128,32,32,0,"[159, 40, 8]",0,True,32,True,128,159,32,0,0,32,"[128, 40, 8]",1,40,False,62349ed5700df0f9b090,"0,1",expected_aligned_shape,Qwen/Qwen3.6-35B-A3B,ok,32,127,254,148,0.5826771653543307,254,221,0.8700787401574803,47,0.3700787401574803,0.9697287839020123,246.3111111111111,0.9827755905511811,249.625,Qwen/Qwen3.6-35B-A3B-FP8
math_numeric,2,127,8,2032,cross_model,1292,0.6358267716535433,740,0.3641732283464567,159,True,127,128,32,32,0,"[159, 40, 8]",0,True,32,True,128,159,32,0,0,32,"[128, 40, 8]",1,40,False,625ba97508abd5ba47b3,"0,1",expected_aligned_shape,Qwen/Qwen3.6-35B-A3B,ok,32,127,254,52,0.2047244094488189,254,126,0.49606299212598426,1,0.007874015748031496,0.8763699992046449,222.5979797979798,0.9286417322834646,235.875,Qwen/Qwen3.6-35B-A3B-FP8
code,2,127,8,2032,cross_model,1829,0.9000984251968503,203,0.09990157480314961,159,True,127,128,32,32,0,"[159, 40, 8]",0,True,32,True,128,159,32,0,0,32,"[128, 40, 8]",1,40,False,635a84b1fcccb143191a,"0,1",expected_aligned_shape,Qwen/Qwen3.6-35B-A3B,ok,32,127,254,163,0.6417322834645669,254,233,0.9173228346456693,49,0.3858267716535433,0.9816272965879266,249.33333333333334,0.9896653543307087,251.375,Qwen/Qwen3.6-35B-A3B-FP8
short_qa,2,127,8,2032,cross_model,1779,0.875492125984252,253,0.12450787401574803,159,True,127,128,32,32,0,"[159, 40, 8]",0,True,32,True,128,159,32,0,0,32,"[128, 40, 8]",1,40,False,63e60c51c3ab97ae4333,"0,1",expected_aligned_shape,Qwen/Qwen3.6-35B-A3B,ok,32,127,254,144,0.5669291338582677,254,218,0.8582677165354331,39,0.30708661417322836,0.9678040244969379,245.82222222222222,0.9817913385826772,249.375,Qwen/Qwen3.6-35B-A3B-FP8
short_qa,2,127,8,2032,cross_model,1763,0.8676181102362205,269,0.13238188976377951,159,True,127,128,32,32,0,"[159, 40, 8]",0,True,32,True,128,159,32,0,0,32,"[128, 40, 8]",1,40,False,64538eda0671b21a41c4,"0,1",expected_aligned_shape,Qwen/Qwen3.6-35B-A3B,ok,32,127,254,137,0.5393700787401575,254,219,0.8622047244094488,33,0.25984251968503935,0.9693788276465443,246.22222222222223,0.9827755905511811,249.625,Qwen/Qwen3.6-35B-A3B-FP8
json_structured,2,127,8,2032,cross_model,1771,0.8715551181102362,261,0.12844488188976377,167,True,127,128,40,40,0,"[167, 40, 8]",0,True,40,True,128,167,40,0,0,40,"[128, 40, 8]",1,40,False,64564143259d7ae5b3d4,"0,1",expected_aligned_shape,Qwen/Qwen3.6-35B-A3B,ok,32,127,254,132,0.5196850393700787,254,226,0.889763779527559,34,0.2677165354330709,0.9755030621172354,247.77777777777777,0.9862204724409449,250.5,Qwen/Qwen3.6-35B-A3B-FP8
needle,2,127,8,2032,cross_model,1782,0.8769685039370079,250,0.12303149606299213,159,True,127,128,32,32,0,"[159, 40, 8]",0,True,32,True,128,159,32,0,0,32,"[128, 40, 8]",1,40,False,647c36c6afdb90483e6e,"0,1",expected_aligned_shape,Qwen/Qwen3.6-35B-A3B,ok,32,127,254,144,0.5669291338582677,254,219,0.8622047244094488,43,0.33858267716535434,0.9693788276465443,246.22222222222223,0.9827755905511811,249.625,Qwen/Qwen3.6-35B-A3B-FP8
chat,2,127,8,2032,cross_model,1802,0.8868110236220472,230,0.11318897637795275,167,True,127,128,40,40,0,"[167, 40, 8]",0,True,40,True,128,167,40,0,0,40,"[128, 40, 8]",1,40,False,648175fcca5e2556c1df,"0,1",expected_aligned_shape,Qwen/Qwen3.6-35B-A3B,ok,32,127,254,148,0.5826771653543307,254,222,0.8740157480314961,43,0.33858267716535434,0.9713035870516186,246.7111111111111,0.9837598425196851,249.875,Qwen/Qwen3.6-35B-A3B-FP8
needle,2,127,8,2032,cross_model,1785,0.8784448818897638,247,0.12155511811023623,159,True,127,128,32,32,0,"[159, 40, 8]",0,True,32,True,128,159,32,0,0,32,"[128, 40, 8]",1,40,False,6491221fae4e7da9bb37,"0,1",expected_aligned_shape,Qwen/Qwen3.6-35B-A3B,ok,32,127,254,145,0.5708661417322834,254,227,0.8937007874015748,43,0.33858267716535434,0.9763779527559056,248.0,0.9867125984251969,250.625,Qwen/Qwen3.6-35B-A3B-FP8
summarization,2,127,8,2032,cross_model,1820,0.8956692913385826,212,0.10433070866141732,167,True,127,128,40,40,0,"[167, 40, 8]",0,True,40,True,128,167,40,0,0,40,"[128, 40, 8]",1,40,False,649e0a93f32d42bfc05d,"0,1",expected_aligned_shape,Qwen/Qwen3.6-35B-A3B,ok,32,127,254,159,0.6259842519685039,254,234,0.9212598425196851,52,0.4094488188976378,0.9825021872265968,249.55555555555554,0.9901574803149606,251.5,Qwen/Qwen3.6-35B-A3B-FP8
logs,2,127,8,2032,cross_model,1753,0.8626968503937008,279,0.13730314960629922,159,True,127,128,32,32,0,"[159, 40, 8]",0,True,32,True,128,159,32,0,0,32,"[128, 40, 8]",1,40,False,64bccc426add290c5c66,"0,1",expected_aligned_shape,Qwen/Qwen3.6-35B-A3B,ok,32,127,254,133,0.5236220472440944,254,216,0.8503937007874016,33,0.25984251968503935,0.9660542432195975,245.37777777777777,0.9808070866141733,249.125,Qwen/Qwen3.6-35B-A3B-FP8
needle,2,127,8,2032,cross_model,1751,0.8617125984251969,281,0.13828740157480315,159,True,127,128,32,32,0,"[159, 40, 8]",0,True,32,True,128,159,32,0,0,32,"[128, 40, 8]",1,40,False,64c832a40bb0a8a5122b,"0,1",expected_aligned_shape,Qwen/Qwen3.6-35B-A3B,ok,32,127,254,139,0.547244094488189,254,220,0.8661417322834646,37,0.29133858267716534,0.9702537182852145,246.44444444444446,0.9832677165354331,249.75,Qwen/Qwen3.6-35B-A3B-FP8
logs,2,127,8,2032,cross_model,1820,0.8956692913385826,212,0.10433070866141732,159,True,127,128,32,32,0,"[159, 40, 8]",0,True,32,True,128,159,32,0,0,32,"[128, 40, 8]",1,40,False,64d31e3be638fe6fcbd5,"0,1",expected_aligned_shape,Qwen/Qwen3.6-35B-A3B,ok,32,127,254,155,0.610236220472441,254,233,0.9173228346456693,44,0.3464566929133858,0.9809273840769904,249.15555555555557,0.9891732283464567,251.25,Qwen/Qwen3.6-35B-A3B-FP8
low_margin,2,127,8,2032,cross_model,1785,0.8784448818897638,247,0.12155511811023623,166,True,127,128,39,39,0,"[166, 40, 8]",0,True,39,True,128,166,39,0,0,39,"[128, 40, 8]",1,40,False,64daa5bfff610e9e66ad,"0,1",expected_aligned_shape,Qwen/Qwen3.6-35B-A3B,ok,32,127,254,142,0.5590551181102362,254,230,0.905511811023622,40,0.31496062992125984,0.979002624671916,248.66666666666666,0.9881889763779528,251.0,Qwen/Qwen3.6-35B-A3B-FP8
needle,2,127,8,2032,cross_model,1763,0.8676181102362205,269,0.13238188976377951,159,True,127,128,32,32,0,"[159, 40, 8]",0,True,32,True,128,159,32,0,0,32,"[128, 40, 8]",1,40,False,66e7499ea01736aa6aad,"0,1",expected_aligned_shape,Qwen/Qwen3.6-35B-A3B,ok,32,127,254,129,0.5078740157480315,254,223,0.8779527559055118,33,0.25984251968503935,0.9728783902012249,247.11111111111111,0.984744094488189,250.125,Qwen/Qwen3.6-35B-A3B-FP8
math_numeric,2,127,8,2032,cross_model,1761,0.8666338582677166,271,0.13336614173228348,159,True,127,128,32,32,0,"[159, 40, 8]",0,True,32,True,128,159,32,0,0,32,"[128, 40, 8]",1,40,False,66f224dcb038a724920f,"0,1",expected_aligned_shape,Qwen/Qwen3.6-35B-A3B,ok,32,127,254,135,0.531496062992126,254,229,0.9015748031496063,35,0.2755905511811024,0.9781277340332459,248.44444444444446,0.9876968503937008,250.875,Qwen/Qwen3.6-35B-A3B-FP8
logs,2,127,8,2032,cross_model,1818,0.8946850393700787,214,0.10531496062992125,159,True,127,128,32,32,0,"[159, 40, 8]",0,True,32,True,128,159,32,0,0,32,"[128, 40, 8]",1,40,False,66f56fe8b57a5be4db53,"0,1",expected_aligned_shape,Qwen/Qwen3.6-35B-A3B,ok,32,127,254,160,0.6299212598425197,254,224,0.8818897637795275,54,0.4251968503937008,0.9730533683289588,247.15555555555557,0.984744094488189,250.125,Qwen/Qwen3.6-35B-A3B-FP8
needle,2,127,8,2032,cross_model,1772,0.8720472440944882,260,0.1279527559055118,159,True,127,128,32,32,0,"[159, 40, 8]",0,True,32,True,128,159,32,0,0,32,"[128, 40, 8]",1,40,False,67345eef265eb7d10e43,"0,1",expected_aligned_shape,Qwen/Qwen3.6-35B-A3B,ok,32,127,254,140,0.5511811023622047,254,218,0.8582677165354331,40,0.31496062992125984,0.9685039370078742,246.0,0.9822834645669292,249.5,Qwen/Qwen3.6-35B-A3B-FP8
logs,2,127,8,2032,cross_model,1796,0.8838582677165354,236,0.11614173228346457,159,True,127,128,32,32,0,"[159, 40, 8]",0,True,32,True,128,159,32,0,0,32,"[128, 40, 8]",1,40,False,675ce1bac13b9c77eba6,"0,1",expected_aligned_shape,Qwen/Qwen3.6-35B-A3B,ok,32,127,254,150,0.5905511811023622,254,226,0.889763779527559,47,0.3700787401574803,0.9755030621172355,247.77777777777777,0.9862204724409449,250.5,Qwen/Qwen3.6-35B-A3B-FP8
math_numeric,2,127,8,2032,cross_model,1304,0.6417322834645669,728,0.35826771653543305,159,True,127,128,32,32,0,"[159, 40, 8]",0,True,32,True,128,159,32,0,0,32,"[128, 40, 8]",1,40,False,681642b7dbd11004c115,"0,1",expected_aligned_shape,Qwen/Qwen3.6-35B-A3B,ok,32,127,254,43,0.16929133858267717,254,118,0.4645669291338583,5,0.03937007874015748,0.8747156605424322,222.17777777777778,0.9286417322834646,235.875,Qwen/Qwen3.6-35B-A3B-FP8
short_qa,2,127,8,2032,cross_model,1811,0.8912401574803149,221,0.10875984251968504,159,True,127,128,32,32,0,"[159, 40, 8]",0,True,32,True,128,159,32,0,0,32,"[128, 40, 8]",1,40,False,68607053dacf386c2ddd,"0,1",expected_aligned_shape,Qwen/Qwen3.6-35B-A3B,ok,32,127,254,152,0.5984251968503937,254,220,0.8661417322834646,50,0.3937007874015748,0.9695538057742783,246.26666666666668,0.9827755905511811,249.625,Qwen/Qwen3.6-35B-A3B-FP8
short_qa,2,127,8,2032,cross_model,1793,0.8823818897637795,239,0.11761811023622047,166,True,127,128,39,39,0,"[166, 40, 8]",0,True,39,True,128,166,39,0,0,39,"[128, 40, 8]",1,40,False,686174b9d82c11ff58c5,"0,1",expected_aligned_shape,Qwen/Qwen3.6-35B-A3B,ok,32,127,254,143,0.562992125984252,254,224,0.8818897637795275,34,0.2677165354330709,0.973753280839895,247.33333333333334,0.985236220472441,250.25,Qwen/Qwen3.6-35B-A3B-FP8
logs,2,127,8,2032,cross_model,1814,0.8927165354330708,218,0.10728346456692914,159,True,127,128,32,32,0,"[159, 40, 8]",0,True,32,True,128,159,32,0,0,32,"[128, 40, 8]",1,40,False,68cf4ae41e4a4e18968d,"0,1",expected_aligned_shape,Qwen/Qwen3.6-35B-A3B,ok,32,127,254,155,0.610236220472441,254,228,0.8976377952755905,47,0.3700787401574803,0.9765529308836396,248.04444444444445,0.9867125984251969,250.625,Qwen/Qwen3.6-35B-A3B-FP8
json_structured,2,127,8,2032,cross_model,1788,0.8799212598425197,244,0.12007874015748031,159,True,127,128,32,32,0,"[159, 40, 8]",0,True,32,True,128,159,32,0,0,32,"[128, 40, 8]",1,40,False,691dadfbe89de16b8efd,"0,1",expected_aligned_shape,Qwen/Qwen3.6-35B-A3B,ok,32,127,254,147,0.5787401574803149,254,215,0.8464566929133859,49,0.3858267716535433,0.9658792650918634,245.33333333333334,0.9808070866141733,249.125,Qwen/Qwen3.6-35B-A3B-FP8
code,2,127,8,2032,cross_model,1756,0.8641732283464567,276,0.13582677165354332,166,True,127,128,39,39,0,"[166, 40, 8]",0,True,39,True,128,166,39,0,0,39,"[128, 40, 8]",1,40,False,6922a8786e12ef51efb9,"0,1",expected_aligned_shape,Qwen/Qwen3.6-35B-A3B,ok,32,127,254,135,0.531496062992126,254,222,0.8740157480314961,36,0.28346456692913385,0.9713035870516186,246.7111111111111,0.9837598425196851,249.875,Qwen/Qwen3.6-35B-A3B-FP8
mixed_language,2,89,8,1424,cross_model,1229,0.863061797752809,195,0.136938202247191,121,True,89,90,32,32,0,"[121, 40, 8]",0,True,32,True,90,121,32,0,0,32,"[90, 40, 8]",1,40,False,694033e392836cbb1ca7,"0,1",expected_aligned_shape,Qwen/Qwen3.6-35B-A3B,ok,32,89,178,94,0.5280898876404494,178,151,0.848314606741573,25,0.2808988764044944,0.9662921348314607,172.0,0.9810393258426966,174.625,Qwen/Qwen3.6-35B-A3B-FP8
math_numeric,2,127,8,2032,cross_model,1318,0.6486220472440944,714,0.3513779527559055,159,True,127,128,32,32,0,"[159, 40, 8]",0,True,32,True,128,159,32,0,0,32,"[128, 40, 8]",1,40,False,69877842f87fc32699bb,"0,1",expected_aligned_shape,Qwen/Qwen3.6-35B-A3B,ok,32,127,254,38,0.14960629921259844,254,121,0.4763779527559055,2,0.015748031496062992,0.8836395450568679,224.44444444444446,0.9345472440944882,237.375,Qwen/Qwen3.6-35B-A3B-FP8
code,2,127,8,2032,cross_model,1765,0.8686023622047244,267,0.13139763779527558,166,True,127,128,39,39,0,"[166, 40, 8]",0,True,39,True,128,166,39,0,0,39,"[128, 40, 8]",1,40,False,69bb6f61611966bb3ee3,"0,1",expected_aligned_shape,Qwen/Qwen3.6-35B-A3B,ok,32,127,254,135,0.531496062992126,254,225,0.8858267716535433,40,0.31496062992125984,0.9746281714785653,247.55555555555554,0.9857283464566929,250.375,Qwen/Qwen3.6-35B-A3B-FP8
needle,2,127,8,2032,cross_model,1752,0.8622047244094488,280,0.1377952755905512,159,True,127,128,32,32,0,"[159, 40, 8]",0,True,32,True,128,159,32,0,0,32,"[128, 40, 8]",1,40,False,69ccc9036a52d9a887e9,"0,1",expected_aligned_shape,Qwen/Qwen3.6-35B-A3B,ok,32,127,254,131,0.515748031496063,254,223,0.8779527559055118,34,0.2677165354330709,0.9728783902012249,247.11111111111111,0.984744094488189,250.125,Qwen/Qwen3.6-35B-A3B-FP8
math_numeric,2,127,8,2032,cross_model,1790,0.8809055118110236,242,0.11909448818897637,159,True,127,128,32,32,0,"[159, 40, 8]",0,True,32,True,128,159,32,0,0,32,"[128, 40, 8]",1,40,False,6a0ce4764dcccddfaee9,"0,1",expected_aligned_shape,Qwen/Qwen3.6-35B-A3B,ok,32,127,254,150,0.5905511811023622,254,224,0.8818897637795275,47,0.3700787401574803,0.9737532808398951,247.33333333333334,0.985236220472441,250.25,Qwen/Qwen3.6-35B-A3B-FP8
needle,2,127,8,2032,cross_model,1781,0.8764763779527559,251,0.1235236220472441,159,True,127,128,32,32,0,"[159, 40, 8]",0,True,32,True,128,159,32,0,0,32,"[128, 40, 8]",1,40,False,6a2aff23f5544a7af81f,"0,1",expected_aligned_shape,Qwen/Qwen3.6-35B-A3B,ok,32,127,254,141,0.5551181102362205,254,220,0.8661417322834646,39,0.30708661417322836,0.9702537182852143,246.44444444444446,0.9832677165354331,249.75,Qwen/Qwen3.6-35B-A3B-FP8
mixed_language,2,127,8,2032,cross_model,1721,0.8469488188976378,311,0.1530511811023622,159,True,127,128,32,32,0,"[159, 40, 8]",0,True,32,True,128,159,32,0,0,32,"[128, 40, 8]",1,40,False,6a36b437749c80f32e46,"0,1",expected_aligned_shape,Qwen/Qwen3.6-35B-A3B,ok,32,127,254,123,0.484251968503937,254,206,0.8110236220472441,28,0.2204724409448819,0.9566054243219597,242.9777777777778,0.9753937007874016,247.75,Qwen/Qwen3.6-35B-A3B-FP8
chat,2,127,8,2032,cross_model,1758,0.8651574803149606,274,0.13484251968503938,166,True,127,128,39,39,0,"[166, 40, 8]",0,True,39,True,128,166,39,0,0,39,"[128, 40, 8]",1,40,False,6a7988b4b265b4e81ecf,"0,1",expected_aligned_shape,Qwen/Qwen3.6-35B-A3B,ok,32,127,254,130,0.5118110236220472,254,224,0.8818897637795275,29,0.2283464566929134,0.973753280839895,247.33333333333334,0.985236220472441,250.25,Qwen/Qwen3.6-35B-A3B-FP8
mixed_language,2,104,8,1664,cross_model,1486,0.8930288461538461,178,0.10697115384615384,136,True,104,105,32,32,0,"[136, 40, 8]",0,True,32,True,105,136,32,0,0,32,"[105, 40, 8]",1,40,False,6bc25b6c09aab8061747,"0,1",expected_aligned_shape,Qwen/Qwen3.6-35B-A3B,ok,32,104,208,129,0.6201923076923077,208,183,0.8798076923076923,42,0.40384615384615385,0.9732905982905984,202.44444444444446,0.9849759615384616,204.875,Qwen/Qwen3.6-35B-A3B-FP8
logs,2,75,8,1200,cross_model,1013,0.8441666666666666,187,0.15583333333333332,107,True,75,76,32,32,0,"[107, 40, 8]",0,True,32,True,76,107,32,0,0,32,"[76, 40, 8]",1,40,False,6bfa764cf50a09161751,"0,1",expected_aligned_shape,Qwen/Qwen3.6-35B-A3B,ok,32,75,150,67,0.44666666666666666,150,123,0.82,20,0.26666666666666666,0.96,144.0,0.9775,146.625,Qwen/Qwen3.6-35B-A3B-FP8
low_margin,2,127,8,2032,cross_model,1793,0.8823818897637795,239,0.11761811023622047,166,True,127,128,39,39,0,"[166, 40, 8]",0,True,39,True,128,166,39,0,0,39,"[128, 40, 8]",1,40,False,6c186019ba6014af2732,"0,1",expected_aligned_shape,Qwen/Qwen3.6-35B-A3B,ok,32,127,254,139,0.547244094488189,254,219,0.8622047244094488,37,0.29133858267716534,0.9693788276465443,246.22222222222223,0.9827755905511811,249.625,Qwen/Qwen3.6-35B-A3B-FP8
needle,2,127,8,2032,cross_model,1776,0.8740157480314961,256,0.12598425196850394,159,True,127,128,32,32,0,"[159, 40, 8]",0,True,32,True,128,159,32,0,0,32,"[128, 40, 8]",1,40,False,6c6243b51d3892ec1757,"0,1",expected_aligned_shape,Qwen/Qwen3.6-35B-A3B,ok,32,127,254,141,0.5551181102362205,254,226,0.889763779527559,40,0.31496062992125984,0.9755030621172354,247.77777777777777,0.9862204724409449,250.5,Qwen/Qwen3.6-35B-A3B-FP8
summarization,2,127,8,2032,cross_model,1790,0.8809055118110236,242,0.11909448818897637,167,True,127,128,40,40,0,"[167, 40, 8]",0,True,40,True,128,167,40,0,0,40,"[128, 40, 8]",1,40,False,6c9d1a693268c2c187e6,"0,1",expected_aligned_shape,Qwen/Qwen3.6-35B-A3B,ok,32,127,254,142,0.5590551181102362,254,219,0.8622047244094488,37,0.29133858267716534,0.9693788276465443,246.22222222222223,0.9827755905511811,249.625,Qwen/Qwen3.6-35B-A3B-FP8
math_numeric,2,127,8,2032,cross_model,1332,0.655511811023622,700,0.34448818897637795,159,True,127,128,32,32,0,"[159, 40, 8]",0,True,32,True,128,159,32,0,0,32,"[128, 40, 8]",1,40,False,6cea5d5b7d7f59335fff,"0,1",expected_aligned_shape,Qwen/Qwen3.6-35B-A3B,ok,32,127,254,33,0.12992125984251968,254,130,0.5118110236220472,1,0.007874015748031496,0.8894138232720911,225.91111111111113,0.9375,238.125,Qwen/Qwen3.6-35B-A3B-FP8
logs,2,127,8,2032,cross_model,1775,0.8735236220472441,257,0.1264763779527559,159,True,127,128,32,32,0,"[159, 40, 8]",0,True,32,True,128,159,32,0,0,32,"[128, 40, 8]",1,40,False,6d79d94bc17e5a51f1dc,"0,1",expected_aligned_shape,Qwen/Qwen3.6-35B-A3B,ok,32,127,254,140,0.5511811023622047,254,225,0.8858267716535433,40,0.31496062992125984,0.9746281714785654,247.55555555555554,0.9857283464566929,250.375,Qwen/Qwen3.6-35B-A3B-FP8
short_qa,2,127,8,2032,cross_model,1811,0.8912401574803149,221,0.10875984251968504,159,True,127,128,32,32,0,"[159, 40, 8]",0,True,32,True,128,159,32,0,0,32,"[128, 40, 8]",1,40,False,6dae6da34a01e6f16a93,"0,1",expected_aligned_shape,Qwen/Qwen3.6-35B-A3B,ok,32,127,254,154,0.6062992125984252,254,227,0.8937007874015748,48,0.3779527559055118,0.9763779527559056,248.0,0.9867125984251969,250.625,Qwen/Qwen3.6-35B-A3B-FP8
code,2,127,8,2032,cross_model,1818,0.8946850393700787,214,0.10531496062992125,159,True,127,128,32,32,0,"[159, 40, 8]",0,True,32,True,128,159,32,0,0,32,"[128, 40, 8]",1,40,False,6dee65e8e51a78b80ab8,"0,1",expected_aligned_shape,Qwen/Qwen3.6-35B-A3B,ok,32,127,254,155,0.610236220472441,254,231,0.9094488188976378,45,0.3543307086614173,0.9798775153105862,248.88888888888889,0.9886811023622047,251.125,Qwen/Qwen3.6-35B-A3B-FP8
math_numeric,2,127,8,2032,cross_model,1365,0.671751968503937,667,0.328248031496063,159,True,127,128,32,32,0,"[159, 40, 8]",0,True,32,True,128,159,32,0,0,32,"[128, 40, 8]",1,40,False,6dfdd40485f50cb29df5,"0,1",expected_aligned_shape,Qwen/Qwen3.6-35B-A3B,ok,32,127,254,64,0.25196850393700787,254,151,0.594488188976378,8,0.06299212598425197,0.8986876640419948,228.26666666666668,0.9414370078740157,239.125,Qwen/Qwen3.6-35B-A3B-FP8
logs,2,104,8,1664,cross_model,1453,0.8731971153846154,211,0.1268028846153846,136,True,104,105,32,32,0,"[136, 40, 8]",0,True,32,True,105,136,32,0,0,32,"[105, 40, 8]",1,40,False,6e24f66afea06ab899ca,"0,1",expected_aligned_shape,Qwen/Qwen3.6-35B-A3B,ok,32,104,208,118,0.5673076923076923,208,179,0.8605769230769231,34,0.3269230769230769,0.9681623931623933,201.37777777777777,0.9819711538461539,204.25,Qwen/Qwen3.6-35B-A3B-FP8
needle,2,127,8,2032,cross_model,1788,0.8799212598425197,244,0.12007874015748031,159,True,127,128,32,32,0,"[159, 40, 8]",0,True,32,True,128,159,32,0,0,32,"[128, 40, 8]",1,40,False,6eadddab5a9d6357f016,"0,1",expected_aligned_shape,Qwen/Qwen3.6-35B-A3B,ok,32,127,254,145,0.5708661417322834,254,226,0.889763779527559,42,0.33070866141732286,0.9755030621172354,247.77777777777777,0.9862204724409449,250.5,Qwen/Qwen3.6-35B-A3B-FP8
short_qa,2,127,8,2032,cross_model,1797,0.8843503937007874,235,0.1156496062992126,159,True,127,128,32,32,0,"[159, 40, 8]",0,True,32,True,128,159,32,0,0,32,"[128, 40, 8]",1,40,False,6ff617258d39033f385d,"0,1",expected_aligned_shape,Qwen/Qwen3.6-35B-A3B,ok,32,127,254,148,0.5826771653543307,254,232,0.9133858267716536,43,0.33858267716535434,0.9807524059492565,249.11111111111111,0.9891732283464567,251.25,Qwen/Qwen3.6-35B-A3B-FP8
low_margin,2,127,8,2032,cross_model,1756,0.8641732283464567,276,0.13582677165354332,166,True,127,128,39,39,0,"[166, 40, 8]",0,True,39,True,128,166,39,0,0,39,"[128, 40, 8]",1,40,False,70089cae37454b48fcb1,"0,1",expected_aligned_shape,Qwen/Qwen3.6-35B-A3B,ok,32,127,254,139,0.547244094488189,254,215,0.8464566929133859,39,0.30708661417322836,0.9658792650918636,245.33333333333334,0.9808070866141733,249.125,Qwen/Qwen3.6-35B-A3B-FP8
summarization,2,127,8,2032,cross_model,1789,0.8804133858267716,243,0.11958661417322834,163,True,127,128,36,36,0,"[163, 40, 8]",0,True,36,True,128,163,36,0,0,36,"[128, 40, 8]",1,40,False,700c237a8f3d293ac64c,"0,1",expected_aligned_shape,Qwen/Qwen3.6-35B-A3B,ok,32,127,254,138,0.5433070866141733,254,218,0.8582677165354331,35,0.2755905511811024,0.968503937007874,246.0,0.9822834645669292,249.5,Qwen/Qwen3.6-35B-A3B-FP8
code,2,127,8,2032,cross_model,1801,0.8863188976377953,231,0.11368110236220473,159,True,127,128,32,32,0,"[159, 40, 8]",0,True,32,True,128,159,32,0,0,32,"[128, 40, 8]",1,40,False,70421ea8c307cc90eae3,"0,1",expected_aligned_shape,Qwen/Qwen3.6-35B-A3B,ok,32,127,254,150,0.5905511811023622,254,219,0.8622047244094488,44,0.3464566929133858,0.9693788276465443,246.22222222222223,0.9827755905511811,249.625,Qwen/Qwen3.6-35B-A3B-FP8
mixed_language,2,127,8,2032,cross_model,1711,0.8420275590551181,321,0.1579724409448819,159,True,127,128,32,32,0,"[159, 40, 8]",0,True,32,True,128,159,32,0,0,32,"[128, 40, 8]",1,40,False,7086e023532b893d4bae,"0,1",expected_aligned_shape,Qwen/Qwen3.6-35B-A3B,ok,32,127,254,106,0.41732283464566927,254,209,0.8228346456692913,20,0.15748031496062992,0.9606299212598425,244.0,0.9778543307086615,248.375,Qwen/Qwen3.6-35B-A3B-FP8
short_qa,2,60,8,960,cross_model,825,0.859375,135,0.140625,92,True,60,61,32,32,0,"[92, 40, 8]",0,True,32,True,61,92,32,0,0,32,"[61, 40, 8]",1,40,False,70d62d059b3550948736,"0,1",expected_aligned_shape,Qwen/Qwen3.6-35B-A3B,ok,32,60,120,62,0.5166666666666667,120,101,0.8416666666666667,15,0.25,0.9648148148148149,115.77777777777777,0.9802083333333333,117.625,Qwen/Qwen3.6-35B-A3B-FP8
mixed_language,2,127,8,2032,cross_model,1819,0.8951771653543307,213,0.10482283464566929,159,True,127,128,32,32,0,"[159, 40, 8]",0,True,32,True,128,159,32,0,0,32,"[128, 40, 8]",1,40,False,71015818094f5c36db00,"0,1",expected_aligned_shape,Qwen/Qwen3.6-35B-A3B,ok,32,127,254,154,0.6062992125984252,254,220,0.8661417322834646,47,0.3700787401574803,0.9695538057742782,246.26666666666668,0.9827755905511811,249.625,Qwen/Qwen3.6-35B-A3B-FP8
needle,2,127,8,2032,cross_model,1757,0.8646653543307087,275,0.13533464566929135,159,True,127,128,32,32,0,"[159, 40, 8]",0,True,32,True,128,159,32,0,0,32,"[128, 40, 8]",1,40,False,717a2dc5a64244109a91,"0,1",expected_aligned_shape,Qwen/Qwen3.6-35B-A3B,ok,32,127,254,133,0.5236220472440944,254,223,0.8779527559055118,35,0.2755905511811024,0.9728783902012249,247.11111111111111,0.984744094488189,250.125,Qwen/Qwen3.6-35B-A3B-FP8
short_qa,2,127,8,2032,cross_model,1733,0.8528543307086615,299,0.14714566929133857,159,True,127,128,32,32,0,"[159, 40, 8]",0,True,32,True,128,159,32,0,0,32,"[128, 40, 8]",1,40,False,71dc0a1bd2869b85e777,"0,1",expected_aligned_shape,Qwen/Qwen3.6-35B-A3B,ok,32,127,254,129,0.5078740157480315,254,225,0.8858267716535433,39,0.30708661417322836,0.9746281714785652,247.55555555555554,0.9857283464566929,250.375,Qwen/Qwen3.6-35B-A3B-FP8
code,2,127,8,2032,cross_model,1824,0.8976377952755905,208,0.10236220472440945,159,True,127,128,32,32,0,"[159, 40, 8]",0,True,32,True,128,159,32,0,0,32,"[128, 40, 8]",1,40,False,71ec93e425ed671ae88b,"0,1",expected_aligned_shape,Qwen/Qwen3.6-35B-A3B,ok,32,127,254,157,0.6181102362204725,254,229,0.9015748031496063,51,0.4015748031496063,0.9781277340332459,248.44444444444446,0.9876968503937008,250.875,Qwen/Qwen3.6-35B-A3B-FP8
chat,2,127,8,2032,cross_model,1778,0.875,254,0.125,159,True,127,128,32,32,0,"[159, 40, 8]",0,True,32,True,128,159,32,0,0,32,"[128, 40, 8]",1,40,False,71f95c9f88e7f7e702d9,"0,1",expected_aligned_shape,Qwen/Qwen3.6-35B-A3B,ok,32,127,254,146,0.5748031496062992,254,220,0.8661417322834646,42,0.33070866141732286,0.9702537182852145,246.44444444444446,0.9832677165354331,249.75,Qwen/Qwen3.6-35B-A3B-FP8
needle,2,127,8,2032,cross_model,1786,0.8789370078740157,246,0.12106299212598425,159,True,127,128,32,32,0,"[159, 40, 8]",0,True,32,True,128,159,32,0,0,32,"[128, 40, 8]",1,40,False,72245f886f83f6bf4433,"0,1",expected_aligned_shape,Qwen/Qwen3.6-35B-A3B,ok,32,127,254,144,0.5669291338582677,254,222,0.8740157480314961,41,0.3228346456692913,0.9720034995625547,246.88888888888889,0.984251968503937,250.0,Qwen/Qwen3.6-35B-A3B-FP8
chat,2,127,8,2032,cross_model,1788,0.8799212598425197,244,0.12007874015748031,159,True,127,128,32,32,0,"[159, 40, 8]",0,True,32,True,128,159,32,0,0,32,"[128, 40, 8]",1,40,False,72345c62c39bdd81bcbd,"0,1",expected_aligned_shape,Qwen/Qwen3.6-35B-A3B,ok,32,127,254,144,0.5669291338582677,254,222,0.8740157480314961,42,0.33070866141732286,0.9720034995625548,246.88888888888889,0.984251968503937,250.0,Qwen/Qwen3.6-35B-A3B-FP8
summarization,2,127,8,2032,cross_model,1802,0.8868110236220472,230,0.11318897637795275,163,True,127,128,36,36,0,"[163, 40, 8]",0,True,36,True,128,163,36,0,0,36,"[128, 40, 8]",1,40,False,727ec91316279b278313,"0,1",expected_aligned_shape,Qwen/Qwen3.6-35B-A3B,ok,32,127,254,153,0.6023622047244095,254,236,0.9291338582677166,42,0.33070866141732286,0.984251968503937,250.0,0.9911417322834646,251.75,Qwen/Qwen3.6-35B-A3B-FP8
json_structured,2,127,8,2032,cross_model,1749,0.8607283464566929,283,0.1392716535433071,159,True,127,128,32,32,0,"[159, 40, 8]",0,True,32,True,128,159,32,0,0,32,"[128, 40, 8]",1,40,False,729a8ad812ae814a3814,"0,1",expected_aligned_shape,Qwen/Qwen3.6-35B-A3B,ok,32,127,254,132,0.5196850393700787,254,221,0.8700787401574803,34,0.2677165354330709,0.9711286089238845,246.66666666666666,0.9837598425196851,249.875,Qwen/Qwen3.6-35B-A3B-FP8
logs,2,127,8,2032,cross_model,1782,0.8769685039370079,250,0.12303149606299213,159,True,127,128,32,32,0,"[159, 40, 8]",0,True,32,True,128,159,32,0,0,32,"[128, 40, 8]",1,40,False,72b0e522ab5a57483e76,"0,1",expected_aligned_shape,Qwen/Qwen3.6-35B-A3B,ok,32,127,254,140,0.5511811023622047,254,223,0.8779527559055118,31,0.2440944881889764,0.9721784776902888,246.93333333333334,0.984251968503937,250.0,Qwen/Qwen3.6-35B-A3B-FP8
code,2,127,8,2032,cross_model,1833,0.9020669291338582,199,0.09793307086614174,159,True,127,128,32,32,0,"[159, 40, 8]",0,True,32,True,128,159,32,0,0,32,"[128, 40, 8]",1,40,False,733eefede21779a0b909,"0,1",expected_aligned_shape,Qwen/Qwen3.6-35B-A3B,ok,32,127,254,162,0.6377952755905512,254,231,0.9094488188976378,51,0.4015748031496063,0.9798775153105862,248.88888888888889,0.9886811023622047,251.125,Qwen/Qwen3.6-35B-A3B-FP8
mixed_language,2,127,8,2032,cross_model,1765,0.8686023622047244,267,0.13139763779527558,159,True,127,128,32,32,0,"[159, 40, 8]",0,True,32,True,128,159,32,0,0,32,"[128, 40, 8]",1,40,False,73a5afc136df69bf9b27,"0,1",expected_aligned_shape,Qwen/Qwen3.6-35B-A3B,ok,32,127,254,132,0.5196850393700787,254,217,0.8543307086614174,38,0.2992125984251969,0.9676290463692039,245.77777777777777,0.9817913385826772,249.375,Qwen/Qwen3.6-35B-A3B-FP8
math_numeric,2,127,8,2032,cross_model,1754,0.8631889763779528,278,0.13681102362204725,159,True,127,128,32,32,0,"[159, 40, 8]",0,True,32,True,128,159,32,0,0,32,"[128, 40, 8]",1,40,False,73aa88094428b6f9ee46,"0,1",expected_aligned_shape,Qwen/Qwen3.6-35B-A3B,ok,32,127,254,136,0.5354330708661418,254,219,0.8622047244094488,32,0.25196850393700787,0.9693788276465442,246.22222222222223,0.9827755905511811,249.625,Qwen/Qwen3.6-35B-A3B-FP8
needle,2,127,8,2032,cross_model,1769,0.8705708661417323,263,0.1294291338582677,159,True,127,128,32,32,0,"[159, 40, 8]",0,True,32,True,128,159,32,0,0,32,"[128, 40, 8]",1,40,False,73b1268564ada88cb2dd,"0,1",expected_aligned_shape,Qwen/Qwen3.6-35B-A3B,ok,32,127,254,141,0.5551181102362205,254,224,0.8818897637795275,43,0.33858267716535434,0.9737532808398951,247.33333333333334,0.985236220472441,250.25,Qwen/Qwen3.6-35B-A3B-FP8
short_qa,2,127,8,2032,cross_model,1816,0.8937007874015748,216,0.1062992125984252,166,True,127,128,39,39,0,"[166, 40, 8]",0,True,39,True,128,166,39,0,0,39,"[128, 40, 8]",1,40,False,73fc4472907a4273738e,"0,1",expected_aligned_shape,Qwen/Qwen3.6-35B-A3B,ok,32,127,254,155,0.610236220472441,254,230,0.905511811023622,51,0.4015748031496063,0.97830271216098,248.48888888888888,0.9876968503937008,250.875,Qwen/Qwen3.6-35B-A3B-FP8
needle,2,127,8,2032,cross_model,1779,0.875492125984252,253,0.12450787401574803,159,True,127,128,32,32,0,"[159, 40, 8]",0,True,32,True,128,159,32,0,0,32,"[128, 40, 8]",1,40,False,743bf9594672fea024f8,"0,1",expected_aligned_shape,Qwen/Qwen3.6-35B-A3B,ok,32,127,254,140,0.5511811023622047,254,223,0.8779527559055118,37,0.29133858267716534,0.9728783902012249,247.11111111111111,0.984744094488189,250.125,Qwen/Qwen3.6-35B-A3B-FP8
math_numeric,2,127,8,2032,cross_model,1725,0.8489173228346457,307,0.15108267716535434,159,True,127,128,32,32,0,"[159, 40, 8]",0,True,32,True,128,159,32,0,0,32,"[128, 40, 8]",1,40,False,748f138c259659a9df66,"0,1",expected_aligned_shape,Qwen/Qwen3.6-35B-A3B,ok,32,127,254,126,0.49606299212598426,254,219,0.8622047244094488,35,0.2755905511811024,0.9693788276465443,246.22222222222223,0.9827755905511811,249.625,Qwen/Qwen3.6-35B-A3B-FP8
needle,2,127,8,2032,cross_model,1786,0.8789370078740157,246,0.12106299212598425,159,True,127,128,32,32,0,"[159, 40, 8]",0,True,32,True,128,159,32,0,0,32,"[128, 40, 8]",1,40,False,74b66bcd1e39f76e3513,"0,1",expected_aligned_shape,Qwen/Qwen3.6-35B-A3B,ok,32,127,254,141,0.5551181102362205,254,220,0.8661417322834646,36,0.28346456692913385,0.9702537182852145,246.44444444444446,0.9832677165354331,249.75,Qwen/Qwen3.6-35B-A3B-FP8
needle,2,127,8,2032,cross_model,1754,0.8631889763779528,278,0.13681102362204725,159,True,127,128,32,32,0,"[159, 40, 8]",0,True,32,True,128,159,32,0,0,32,"[128, 40, 8]",1,40,False,74ea1eeae3646fd0cf74,"0,1",expected_aligned_shape,Qwen/Qwen3.6-35B-A3B,ok,32,127,254,134,0.5275590551181102,254,221,0.8700787401574803,33,0.25984251968503935,0.9711286089238846,246.66666666666666,0.9837598425196851,249.875,Qwen/Qwen3.6-35B-A3B-FP8
low_margin,2,127,8,2032,cross_model,1812,0.8917322834645669,220,0.10826771653543307,167,True,127,128,40,40,0,"[167, 40, 8]",0,True,40,True,128,167,40,0,0,40,"[128, 40, 8]",1,40,False,7505918487c75fcdcc81,"0,1",expected_aligned_shape,Qwen/Qwen3.6-35B-A3B,ok,32,127,254,151,0.594488188976378,254,230,0.905511811023622,45,0.3543307086614173,0.9783027121609799,248.48888888888888,0.9876968503937008,250.875,Qwen/Qwen3.6-35B-A3B-FP8
math_numeric,2,127,8,2032,cross_model,1719,0.8459645669291339,313,0.15403543307086615,159,True,127,128,32,32,0,"[159, 40, 8]",0,True,32,True,128,159,32,0,0,32,"[128, 40, 8]",1,40,False,75343c667f97f8ce537c,"0,1",expected_aligned_shape,Qwen/Qwen3.6-35B-A3B,ok,32,127,254,123,0.484251968503937,254,208,0.8188976377952756,25,0.1968503937007874,0.9597550306211723,243.77777777777777,0.9773622047244095,248.25,Qwen/Qwen3.6-35B-A3B-FP8
code,2,127,8,2032,cross_model,1797,0.8843503937007874,235,0.1156496062992126,166,True,127,128,39,39,0,"[166, 40, 8]",0,True,39,True,128,166,39,0,0,39,"[128, 40, 8]",1,40,False,7537a0387a0a7575b5ee,"0,1",expected_aligned_shape,Qwen/Qwen3.6-35B-A3B,ok,32,127,254,145,0.5708661417322834,254,230,0.905511811023622,43,0.33858267716535434,0.9790026246719161,248.66666666666666,0.9881889763779528,251.0,Qwen/Qwen3.6-35B-A3B-FP8
mixed_language,2,127,8,2032,cross_model,1692,0.8326771653543307,340,0.1673228346456693,159,True,127,128,32,32,0,"[159, 40, 8]",0,True,32,True,128,159,32,0,0,32,"[128, 40, 8]",1,40,False,75ee2fdbc3a3b812c8eb,"0,1",expected_aligned_shape,Qwen/Qwen3.6-35B-A3B,ok,32,127,254,112,0.4409448818897638,254,213,0.8385826771653543,24,0.1889763779527559,0.9641294838145231,244.88888888888889,0.9798228346456693,248.875,Qwen/Qwen3.6-35B-A3B-FP8
low_margin,2,127,8,2032,cross_model,1819,0.8951771653543307,213,0.10482283464566929,167,True,127,128,40,40,0,"[167, 40, 8]",0,True,40,True,128,167,40,0,0,40,"[128, 40, 8]",1,40,False,7604a7dbeb0433acc2b8,"0,1",expected_aligned_shape,Qwen/Qwen3.6-35B-A3B,ok,32,127,254,159,0.6259842519685039,254,228,0.8976377952755905,56,0.4409448818897638,0.9765529308836396,248.04444444444445,0.9867125984251969,250.625,Qwen/Qwen3.6-35B-A3B-FP8
summarization,2,127,8,2032,cross_model,1767,0.8695866141732284,265,0.13041338582677164,163,True,127,128,36,36,0,"[163, 40, 8]",0,True,36,True,128,163,36,0,0,36,"[128, 40, 8]",1,40,False,7663609c895eba90f0b3,"0,1",expected_aligned_shape,Qwen/Qwen3.6-35B-A3B,ok,32,127,254,150,0.5905511811023622,254,223,0.8779527559055118,45,0.3543307086614173,0.9721784776902888,246.93333333333334,0.984251968503937,250.0,Qwen/Qwen3.6-35B-A3B-FP8
short_qa,2,127,8,2032,cross_model,1785,0.8784448818897638,247,0.12155511811023623,159,True,127,128,32,32,0,"[159, 40, 8]",0,True,32,True,128,159,32,0,0,32,"[128, 40, 8]",1,40,False,769347a97961f6aac03c,"0,1",expected_aligned_shape,Qwen/Qwen3.6-35B-A3B,ok,32,127,254,148,0.5826771653543307,254,222,0.8740157480314961,43,0.33858267716535434,0.9720034995625548,246.88888888888889,0.984251968503937,250.0,Qwen/Qwen3.6-35B-A3B-FP8
logs,2,127,8,2032,cross_model,1798,0.8848425196850394,234,0.11515748031496063,159,True,127,128,32,32,0,"[159, 40, 8]",0,True,32,True,128,159,32,0,0,32,"[128, 40, 8]",1,40,False,76c7d19b06bb657801f9,"0,1",expected_aligned_shape,Qwen/Qwen3.6-35B-A3B,ok,32,127,254,151,0.594488188976378,254,222,0.8740157480314961,51,0.4015748031496063,0.9720034995625547,246.88888888888889,0.984251968503937,250.0,Qwen/Qwen3.6-35B-A3B-FP8
chat,2,127,8,2032,cross_model,1771,0.8715551181102362,261,0.12844488188976377,159,True,127,128,32,32,0,"[159, 40, 8]",0,True,32,True,128,159,32,0,0,32,"[128, 40, 8]",1,40,False,7712364c1254f0e189b6,"0,1",expected_aligned_shape,Qwen/Qwen3.6-35B-A3B,ok,32,127,254,130,0.5118110236220472,254,214,0.84251968503937,27,0.2125984251968504,0.9650043744531933,245.11111111111111,0.9803149606299213,249.0,Qwen/Qwen3.6-35B-A3B-FP8
math_numeric,2,127,8,2032,cross_model,1761,0.8666338582677166,271,0.13336614173228348,159,True,127,128,32,32,0,"[159, 40, 8]",0,True,32,True,128,159,32,0,0,32,"[128, 40, 8]",1,40,False,7721c9f68025be2a24aa,"0,1",expected_aligned_shape,Qwen/Qwen3.6-35B-A3B,ok,32,127,254,132,0.5196850393700787,254,215,0.8464566929133859,38,0.2992125984251969,0.9658792650918635,245.33333333333334,0.9808070866141733,249.125,Qwen/Qwen3.6-35B-A3B-FP8
logs,2,127,8,2032,cross_model,1762,0.8671259842519685,270,0.1328740157480315,159,True,127,128,32,32,0,"[159, 40, 8]",0,True,32,True,128,159,32,0,0,32,"[128, 40, 8]",1,40,False,772ba0713fb81acddd5f,"0,1",expected_aligned_shape,Qwen/Qwen3.6-35B-A3B,ok,32,127,254,140,0.5511811023622047,254,218,0.8582677165354331,37,0.29133858267716534,0.968503937007874,246.0,0.9822834645669292,249.5,Qwen/Qwen3.6-35B-A3B-FP8
needle,2,127,8,2032,cross_model,1795,0.8833661417322834,237,0.11663385826771654,159,True,127,128,32,32,0,"[159, 40, 8]",0,True,32,True,128,159,32,0,0,32,"[128, 40, 8]",1,40,False,7760837853c02952953d,"0,1",expected_aligned_shape,Qwen/Qwen3.6-35B-A3B,ok,32,127,254,143,0.562992125984252,254,225,0.8858267716535433,39,0.30708661417322836,0.9746281714785652,247.55555555555554,0.9857283464566929,250.375,Qwen/Qwen3.6-35B-A3B-FP8
json_structured,2,127,8,2032,cross_model,1808,0.889763779527559,224,0.11023622047244094,159,True,127,128,32,32,0,"[159, 40, 8]",0,True,32,True,128,159,32,0,0,32,"[128, 40, 8]",1,40,False,77c6404886525f7fdc4f,"0,1",expected_aligned_shape,Qwen/Qwen3.6-35B-A3B,ok,32,127,254,153,0.6023622047244095,254,232,0.9133858267716536,47,0.3700787401574803,0.9807524059492563,249.11111111111111,0.9891732283464567,251.25,Qwen/Qwen3.6-35B-A3B-FP8
math_numeric,2,127,8,2032,cross_model,1767,0.8695866141732284,265,0.13041338582677164,159,True,127,128,32,32,0,"[159, 40, 8]",0,True,32,True,128,159,32,0,0,32,"[128, 40, 8]",1,40,False,7802fac070269828d784,"0,1",expected_aligned_shape,Qwen/Qwen3.6-35B-A3B,ok,32,127,254,144,0.5669291338582677,254,236,0.9291338582677166,46,0.36220472440944884,0.984251968503937,250.0,0.9911417322834646,251.75,Qwen/Qwen3.6-35B-A3B-FP8
code,2,127,8,2032,cross_model,1774,0.8730314960629921,258,0.12696850393700787,159,True,127,128,32,32,0,"[159, 40, 8]",0,True,32,True,128,159,32,0,0,32,"[128, 40, 8]",1,40,False,7812f0064bcbdaa374e5,"0,1",expected_aligned_shape,Qwen/Qwen3.6-35B-A3B,ok,32,127,254,147,0.5787401574803149,254,223,0.8779527559055118,46,0.36220472440944884,0.9728783902012248,247.11111111111111,0.984744094488189,250.125,Qwen/Qwen3.6-35B-A3B-FP8
math_numeric,2,127,8,2032,cross_model,1335,0.656988188976378,697,0.34301181102362205,159,True,127,128,32,32,0,"[159, 40, 8]",0,True,32,True,128,159,32,0,0,32,"[128, 40, 8]",1,40,False,783bfb18ad5ff63245cc,"0,1",expected_aligned_shape,Qwen/Qwen3.6-35B-A3B,ok,32,127,254,66,0.25984251968503935,254,159,0.6259842519685039,7,0.05511811023622047,0.9042869641294838,229.6888888888889,0.9443897637795275,239.875,Qwen/Qwen3.6-35B-A3B-FP8
json_structured,2,127,8,2032,cross_model,1813,0.8922244094488189,219,0.1077755905511811,159,True,127,128,32,32,0,"[159, 40, 8]",0,True,32,True,128,159,32,0,0,32,"[128, 40, 8]",1,40,False,783f4fe965eb43786d8c,"0,1",expected_aligned_shape,Qwen/Qwen3.6-35B-A3B,ok,32,127,254,152,0.5984251968503937,254,233,0.9173228346456693,47,0.3700787401574803,0.9816272965879266,249.33333333333334,0.9896653543307087,251.375,Qwen/Qwen3.6-35B-A3B-FP8
low_margin,2,127,8,2032,cross_model,1792,0.8818897637795275,240,0.11811023622047244,167,True,127,128,40,40,0,"[167, 40, 8]",0,True,40,True,128,167,40,0,0,40,"[128, 40, 8]",1,40,False,78490188e0d23f1a73a7,"0,1",expected_aligned_shape,Qwen/Qwen3.6-35B-A3B,ok,32,127,254,145,0.5708661417322834,254,214,0.84251968503937,37,0.29133858267716534,0.9643044619422572,244.93333333333334,0.9798228346456693,248.875,Qwen/Qwen3.6-35B-A3B-FP8
needle,2,127,8,2032,cross_model,1744,0.8582677165354331,288,0.14173228346456693,159,True,127,128,32,32,0,"[159, 40, 8]",0,True,32,True,128,159,32,0,0,32,"[128, 40, 8]",1,40,False,78e810a2fb64f567ecc5,"0,1",expected_aligned_shape,Qwen/Qwen3.6-35B-A3B,ok,32,127,254,134,0.5275590551181102,254,225,0.8858267716535433,35,0.2755905511811024,0.9746281714785653,247.55555555555554,0.9857283464566929,250.375,Qwen/Qwen3.6-35B-A3B-FP8
low_margin,2,127,8,2032,cross_model,1765,0.8686023622047244,267,0.13139763779527558,167,True,127,128,40,40,0,"[167, 40, 8]",0,True,40,True,128,167,40,0,0,40,"[128, 40, 8]",1,40,False,78fad3014be7f4886277,"0,1",expected_aligned_shape,Qwen/Qwen3.6-35B-A3B,ok,32,127,254,130,0.5118110236220472,254,211,0.8307086614173228,32,0.25196850393700787,0.9623797025371829,244.44444444444446,0.9788385826771654,248.625,Qwen/Qwen3.6-35B-A3B-FP8
needle,2,127,8,2032,cross_model,1792,0.8818897637795275,240,0.11811023622047244,159,True,127,128,32,32,0,"[159, 40, 8]",0,True,32,True,128,159,32,0,0,32,"[128, 40, 8]",1,40,False,791718ce6ec68cec36d7,"0,1",expected_aligned_shape,Qwen/Qwen3.6-35B-A3B,ok,32,127,254,141,0.5551181102362205,254,221,0.8700787401574803,41,0.3228346456692913,0.9711286089238846,246.66666666666666,0.9837598425196851,249.875,Qwen/Qwen3.6-35B-A3B-FP8
json_structured,2,127,8,2032,cross_model,1781,0.8764763779527559,251,0.1235236220472441,159,True,127,128,32,32,0,"[159, 40, 8]",0,True,32,True,128,159,32,0,0,32,"[128, 40, 8]",1,40,False,791be2cb7fd1d5bdb4a6,"0,1",expected_aligned_shape,Qwen/Qwen3.6-35B-A3B,ok,32,127,254,138,0.5433070866141733,254,226,0.889763779527559,43,0.33858267716535434,0.9755030621172354,247.77777777777777,0.9862204724409449,250.5,Qwen/Qwen3.6-35B-A3B-FP8
math_numeric,2,127,8,2032,cross_model,1356,0.6673228346456693,676,0.33267716535433073,159,True,127,128,32,32,0,"[159, 40, 8]",0,True,32,True,128,159,32,0,0,32,"[128, 40, 8]",1,40,False,7927b0fee7e5ab44ec63,"0,1",expected_aligned_shape,Qwen/Qwen3.6-35B-A3B,ok,32,127,254,81,0.3188976377952756,254,158,0.6220472440944882,9,0.07086614173228346,0.9069116360454943,230.35555555555555,0.9463582677165354,240.375,Qwen/Qwen3.6-35B-A3B-FP8
needle,2,127,8,2032,cross_model,1825,0.8981299212598425,207,0.10187007874015748,159,True,127,128,32,32,0,"[159, 40, 8]",0,True,32,True,128,159,32,0,0,32,"[128, 40, 8]",1,40,False,79373235b11aee88a3e8,"0,1",expected_aligned_shape,Qwen/Qwen3.6-35B-A3B,ok,32,127,254,158,0.6220472440944882,254,226,0.889763779527559,49,0.3858267716535433,0.9755030621172355,247.77777777777777,0.9862204724409449,250.5,Qwen/Qwen3.6-35B-A3B-FP8
mixed_language,2,88,8,1408,cross_model,1253,0.8899147727272727,155,0.11008522727272728,120,True,88,89,32,32,0,"[120, 40, 8]",0,True,32,True,89,120,32,0,0,32,"[89, 40, 8]",1,40,False,7956f0a50eedebcc95c2,"0,1",expected_aligned_shape,Qwen/Qwen3.6-35B-A3B,ok,32,88,176,105,0.5965909090909091,176,153,0.8693181818181818,37,0.42045454545454547,0.9699494949494949,170.7111111111111,0.9829545454545454,173.0,Qwen/Qwen3.6-35B-A3B-FP8
mixed_language,2,127,8,2032,cross_model,1718,0.8454724409448819,314,0.1545275590551181,159,True,127,128,32,32,0,"[159, 40, 8]",0,True,32,True,128,159,32,0,0,32,"[128, 40, 8]",1,40,False,796f52c19d79aa7195bc,"0,1",expected_aligned_shape,Qwen/Qwen3.6-35B-A3B,ok,32,127,254,116,0.4566929133858268,254,211,0.8307086614173228,30,0.23622047244094488,0.9623797025371829,244.44444444444446,0.9788385826771654,248.625,Qwen/Qwen3.6-35B-A3B-FP8
mixed_language,2,127,8,2032,cross_model,1770,0.8710629921259843,262,0.12893700787401574,159,True,127,128,32,32,0,"[159, 40, 8]",0,True,32,True,128,159,32,0,0,32,"[128, 40, 8]",1,40,False,799a7be2ad198df53da5,"0,1",expected_aligned_shape,Qwen/Qwen3.6-35B-A3B,ok,32,127,254,141,0.5551181102362205,254,209,0.8228346456692913,42,0.33070866141732286,0.9599300087489064,243.82222222222222,0.9773622047244095,248.25,Qwen/Qwen3.6-35B-A3B-FP8
chat,2,127,8,2032,cross_model,1779,0.875492125984252,253,0.12450787401574803,159,True,127,128,32,32,0,"[159, 40, 8]",0,True,32,True,128,159,32,0,0,32,"[128, 40, 8]",1,40,False,79bacacdeafb7df40c6a,"0,1",expected_aligned_shape,Qwen/Qwen3.6-35B-A3B,ok,32,127,254,150,0.5905511811023622,254,224,0.8818897637795275,45,0.3543307086614173,0.9730533683289591,247.15555555555557,0.984744094488189,250.125,Qwen/Qwen3.6-35B-A3B-FP8
needle,2,127,8,2032,cross_model,1734,0.8533464566929134,298,0.1466535433070866,159,True,127,128,32,32,0,"[159, 40, 8]",0,True,32,True,128,159,32,0,0,32,"[128, 40, 8]",1,40,False,79e9ca2d65d04af19046,"0,1",expected_aligned_shape,Qwen/Qwen3.6-35B-A3B,ok,32,127,254,123,0.484251968503937,254,222,0.8740157480314961,34,0.2677165354330709,0.9720034995625548,246.88888888888889,0.984251968503937,250.0,Qwen/Qwen3.6-35B-A3B-FP8
summarization,2,127,8,2032,cross_model,1771,0.8715551181102362,261,0.12844488188976377,159,True,127,128,32,32,0,"[159, 40, 8]",0,True,32,True,128,159,32,0,0,32,"[128, 40, 8]",1,40,False,7a8f1bc6be61851820ec,"0,1",expected_aligned_shape,Qwen/Qwen3.6-35B-A3B,ok,32,127,254,138,0.5433070866141733,254,214,0.84251968503937,36,0.28346456692913385,0.9650043744531934,245.11111111111111,0.9803149606299213,249.0,Qwen/Qwen3.6-35B-A3B-FP8
mixed_language,2,127,8,2032,cross_model,1758,0.8651574803149606,274,0.13484251968503938,159,True,127,128,32,32,0,"[159, 40, 8]",0,True,32,True,128,159,32,0,0,32,"[128, 40, 8]",1,40,False,7ba8eef8b2cf600207a7,"0,1",expected_aligned_shape,Qwen/Qwen3.6-35B-A3B,ok,32,127,254,133,0.5236220472440944,254,218,0.8582677165354331,34,0.2677165354330709,0.9671041119860017,245.64444444444445,0.9812992125984252,249.25,Qwen/Qwen3.6-35B-A3B-FP8
short_qa,2,127,8,2032,cross_model,1813,0.8922244094488189,219,0.1077755905511811,164,True,127,128,37,37,0,"[164, 40, 8]",0,True,37,True,128,164,37,0,0,37,"[128, 40, 8]",1,40,False,7be132b0daecc07a766e,"0,1",expected_aligned_shape,Qwen/Qwen3.6-35B-A3B,ok,32,127,254,160,0.6299212598425197,254,229,0.9015748031496063,48,0.3779527559055118,0.9781277340332459,248.44444444444446,0.9876968503937008,250.875,Qwen/Qwen3.6-35B-A3B-FP8
math_numeric,2,127,8,2032,cross_model,1367,0.672736220472441,665,0.32726377952755903,159,True,127,128,32,32,0,"[159, 40, 8]",0,True,32,True,128,159,32,0,0,32,"[128, 40, 8]",1,40,False,7be85048e744dcc5c2f0,"0,1",expected_aligned_shape,Qwen/Qwen3.6-35B-A3B,ok,32,127,254,43,0.16929133858267717,254,105,0.41338582677165353,6,0.047244094488188976,0.8619422572178479,218.93333333333334,0.9212598425196851,234.0,Qwen/Qwen3.6-35B-A3B-FP8
needle,2,127,8,2032,cross_model,1774,0.8730314960629921,258,0.12696850393700787,159,True,127,128,32,32,0,"[159, 40, 8]",0,True,32,True,128,159,32,0,0,32,"[128, 40, 8]",1,40,False,7c04c7b333539a941a11,"0,1",expected_aligned_shape,Qwen/Qwen3.6-35B-A3B,ok,32,127,254,138,0.5433070866141733,254,221,0.8700787401574803,37,0.29133858267716534,0.9704286964129484,246.48888888888888,0.9832677165354331,249.75,Qwen/Qwen3.6-35B-A3B-FP8
code,2,127,8,2032,cross_model,1758,0.8651574803149606,274,0.13484251968503938,164,True,127,128,37,37,0,"[164, 40, 8]",0,True,37,True,128,164,37,0,0,37,"[128, 40, 8]",1,40,False,7c3ada951af1fb924874,"0,1",expected_aligned_shape,Qwen/Qwen3.6-35B-A3B,ok,32,127,254,138,0.5433070866141733,254,223,0.8779527559055118,42,0.33070866141732286,0.9728783902012249,247.11111111111111,0.984744094488189,250.125,Qwen/Qwen3.6-35B-A3B-FP8
summarization,2,127,8,2032,cross_model,1828,0.8996062992125984,204,0.10039370078740158,159,True,127,128,32,32,0,"[159, 40, 8]",0,True,32,True,128,159,32,0,0,32,"[128, 40, 8]",1,40,False,7c451d122cec3072606c,"0,1",expected_aligned_shape,Qwen/Qwen3.6-35B-A3B,ok,32,127,254,155,0.610236220472441,254,222,0.8740157480314961,48,0.3779527559055118,0.9720034995625547,246.88888888888889,0.984251968503937,250.0,Qwen/Qwen3.6-35B-A3B-FP8
code,2,127,8,2032,cross_model,1771,0.8715551181102362,261,0.12844488188976377,159,True,127,128,32,32,0,"[159, 40, 8]",0,True,32,True,128,159,32,0,0,32,"[128, 40, 8]",1,40,False,7c7b9fe5e98f09866343,"0,1",expected_aligned_shape,Qwen/Qwen3.6-35B-A3B,ok,32,127,254,145,0.5708661417322834,254,220,0.8661417322834646,44,0.3464566929133858,0.9695538057742782,246.26666666666668,0.9827755905511811,249.625,Qwen/Qwen3.6-35B-A3B-FP8
code,2,127,8,2032,cross_model,1835,0.9030511811023622,197,0.09694881889763779,159,True,127,128,32,32,0,"[159, 40, 8]",0,True,32,True,128,159,32,0,0,32,"[128, 40, 8]",1,40,False,7ca59e22a5d5051b90ca,"0,1",expected_aligned_shape,Qwen/Qwen3.6-35B-A3B,ok,32,127,254,163,0.6417322834645669,254,227,0.8937007874015748,53,0.41732283464566927,0.9756780402449694,247.82222222222222,0.9862204724409449,250.5,Qwen/Qwen3.6-35B-A3B-FP8
summarization,2,127,8,2032,cross_model,1772,0.8720472440944882,260,0.1279527559055118,163,True,127,128,36,36,0,"[163, 40, 8]",0,True,36,True,128,163,36,0,0,36,"[128, 40, 8]",1,40,False,7ccd6b8c6a0573d7e958,"0,1",expected_aligned_shape,Qwen/Qwen3.6-35B-A3B,ok,32,127,254,145,0.5708661417322834,254,223,0.8779527559055118,42,0.33070866141732286,0.9728783902012249,247.11111111111111,0.984744094488189,250.125,Qwen/Qwen3.6-35B-A3B-FP8
needle,2,127,8,2032,cross_model,1789,0.8804133858267716,243,0.11958661417322834,159,True,127,128,32,32,0,"[159, 40, 8]",0,True,32,True,128,159,32,0,0,32,"[128, 40, 8]",1,40,False,7cddc6e40b15f1f4a127,"0,1",expected_aligned_shape,Qwen/Qwen3.6-35B-A3B,ok,32,127,254,144,0.5669291338582677,254,219,0.8622047244094488,46,0.36220472440944884,0.967979002624672,245.86666666666667,0.9817913385826772,249.375,Qwen/Qwen3.6-35B-A3B-FP8
needle,2,127,8,2032,cross_model,1796,0.8838582677165354,236,0.11614173228346457,159,True,127,128,32,32,0,"[159, 40, 8]",0,True,32,True,128,159,32,0,0,32,"[128, 40, 8]",1,40,False,7d1f80c46cc21f8ab679,"0,1",expected_aligned_shape,Qwen/Qwen3.6-35B-A3B,ok,32,127,254,144,0.5669291338582677,254,225,0.8858267716535433,41,0.3228346456692913,0.9746281714785652,247.55555555555554,0.9857283464566929,250.375,Qwen/Qwen3.6-35B-A3B-FP8
needle,2,127,8,2032,cross_model,1772,0.8720472440944882,260,0.1279527559055118,159,True,127,128,32,32,0,"[159, 40, 8]",0,True,32,True,128,159,32,0,0,32,"[128, 40, 8]",1,40,False,7dd771b97406c5b231c5,"0,1",expected_aligned_shape,Qwen/Qwen3.6-35B-A3B,ok,32,127,254,138,0.5433070866141733,254,231,0.9094488188976378,42,0.33070866141732286,0.9798775153105861,248.88888888888889,0.9886811023622047,251.125,Qwen/Qwen3.6-35B-A3B-FP8
summarization,2,127,8,2032,cross_model,1794,0.8828740157480315,238,0.1171259842519685,167,True,127,128,40,40,0,"[167, 40, 8]",0,True,40,True,128,167,40,0,0,40,"[128, 40, 8]",1,40,False,7df8cb86c874a77f324d,"0,1",expected_aligned_shape,Qwen/Qwen3.6-35B-A3B,ok,32,127,254,148,0.5826771653543307,254,221,0.8700787401574803,44,0.3464566929133858,0.9711286089238846,246.66666666666666,0.9837598425196851,249.875,Qwen/Qwen3.6-35B-A3B-FP8
mixed_language,2,127,8,2032,cross_model,1762,0.8671259842519685,270,0.1328740157480315,159,True,127,128,32,32,0,"[159, 40, 8]",0,True,32,True,128,159,32,0,0,32,"[128, 40, 8]",1,40,False,7e0372ad17efa4e4460e,"0,1",expected_aligned_shape,Qwen/Qwen3.6-35B-A3B,ok,32,127,254,136,0.5354330708661418,254,208,0.8188976377952756,36,0.28346456692913385,0.9590551181102362,243.6,0.9768700787401575,248.125,Qwen/Qwen3.6-35B-A3B-FP8
low_margin,2,127,8,2032,cross_model,1803,0.8873031496062992,229,0.11269685039370078,167,True,127,128,40,40,0,"[167, 40, 8]",0,True,40,True,128,167,40,0,0,40,"[128, 40, 8]",1,40,False,7e09867bebec1bc353e3,"0,1",expected_aligned_shape,Qwen/Qwen3.6-35B-A3B,ok,32,127,254,143,0.562992125984252,254,213,0.8385826771653543,40,0.31496062992125984,0.9641294838145232,244.88888888888889,0.9798228346456693,248.875,Qwen/Qwen3.6-35B-A3B-FP8
logs,2,127,8,2032,cross_model,1768,0.8700787401574803,264,0.12992125984251968,159,True,127,128,32,32,0,"[159, 40, 8]",0,True,32,True,128,159,32,0,0,32,"[128, 40, 8]",1,40,False,7e161f0d7d774b6815d8,"0,1",expected_aligned_shape,Qwen/Qwen3.6-35B-A3B,ok,32,127,254,138,0.5433070866141733,254,216,0.8503937007874016,35,0.2755905511811024,0.9660542432195975,245.37777777777777,0.9808070866141733,249.125,Qwen/Qwen3.6-35B-A3B-FP8
low_margin,2,127,8,2032,cross_model,1803,0.8873031496062992,229,0.11269685039370078,167,True,127,128,40,40,0,"[167, 40, 8]",0,True,40,True,128,167,40,0,0,40,"[128, 40, 8]",1,40,False,7e5c194c81a597c858fa,"0,1",expected_aligned_shape,Qwen/Qwen3.6-35B-A3B,ok,32,127,254,149,0.5866141732283464,254,216,0.8503937007874016,42,0.33070866141732286,0.9660542432195977,245.37777777777777,0.9808070866141733,249.125,Qwen/Qwen3.6-35B-A3B-FP8
low_margin,2,127,8,2032,cross_model,1761,0.8666338582677166,271,0.13336614173228348,167,True,127,128,40,40,0,"[167, 40, 8]",0,True,40,True,128,167,40,0,0,40,"[128, 40, 8]",1,40,False,7f2cfa73e83ead8dcd5a,"0,1",expected_aligned_shape,Qwen/Qwen3.6-35B-A3B,ok,32,127,254,133,0.5236220472440944,254,225,0.8858267716535433,33,0.25984251968503935,0.9746281714785652,247.55555555555554,0.9857283464566929,250.375,Qwen/Qwen3.6-35B-A3B-FP8
summarization,2,127,8,2032,cross_model,1796,0.8838582677165354,236,0.11614173228346457,167,True,127,128,40,40,0,"[167, 40, 8]",0,True,40,True,128,167,40,0,0,40,"[128, 40, 8]",1,40,False,7f3f2f02fd3f4f5b2d6f,"0,1",expected_aligned_shape,Qwen/Qwen3.6-35B-A3B,ok,32,127,254,144,0.5669291338582677,254,220,0.8661417322834646,42,0.33070866141732286,0.9695538057742782,246.26666666666668,0.9827755905511811,249.625,Qwen/Qwen3.6-35B-A3B-FP8
short_qa,2,127,8,2032,cross_model,1811,0.8912401574803149,221,0.10875984251968504,159,True,127,128,32,32,0,"[159, 40, 8]",0,True,32,True,128,159,32,0,0,32,"[128, 40, 8]",1,40,False,7f4bce2b0b5d66822814,"0,1",expected_aligned_shape,Qwen/Qwen3.6-35B-A3B,ok,32,127,254,153,0.6023622047244095,254,224,0.8818897637795275,49,0.3858267716535433,0.9737532808398952,247.33333333333334,0.985236220472441,250.25,Qwen/Qwen3.6-35B-A3B-FP8
needle,2,127,8,2032,cross_model,1762,0.8671259842519685,270,0.1328740157480315,159,True,127,128,32,32,0,"[159, 40, 8]",0,True,32,True,128,159,32,0,0,32,"[128, 40, 8]",1,40,False,7f68b4e9e7aee90e9f92,"0,1",expected_aligned_shape,Qwen/Qwen3.6-35B-A3B,ok,32,127,254,128,0.5039370078740157,254,211,0.8307086614173228,28,0.2204724409448819,0.9623797025371829,244.44444444444446,0.9788385826771654,248.625,Qwen/Qwen3.6-35B-A3B-FP8
needle,2,127,8,2032,cross_model,1749,0.8607283464566929,283,0.1392716535433071,159,True,127,128,32,32,0,"[159, 40, 8]",0,True,32,True,128,159,32,0,0,32,"[128, 40, 8]",1,40,False,802ac0cd1c5da3fd99a6,"0,1",expected_aligned_shape,Qwen/Qwen3.6-35B-A3B,ok,32,127,254,136,0.5354330708661418,254,225,0.8858267716535433,36,0.28346456692913385,0.9746281714785653,247.55555555555554,0.9857283464566929,250.375,Qwen/Qwen3.6-35B-A3B-FP8
logs,2,64,8,1024,cross_model,929,0.9072265625,95,0.0927734375,96,True,64,65,32,32,0,"[96, 40, 8]",0,True,32,True,65,96,32,0,0,32,"[65, 40, 8]",1,40,False,80ef46c9ef5003b53f75,"0,1",expected_aligned_shape,Qwen/Qwen3.6-35B-A3B,ok,32,64,128,85,0.6640625,128,116,0.90625,29,0.453125,0.9791666666666667,125.33333333333333,0.98828125,126.5,Qwen/Qwen3.6-35B-A3B-FP8
json_structured,2,127,8,2032,cross_model,1793,0.8823818897637795,239,0.11761811023622047,159,True,127,128,32,32,0,"[159, 40, 8]",0,True,32,True,128,159,32,0,0,32,"[128, 40, 8]",1,40,False,80f4713bc2bf1d7ca213,"0,1",expected_aligned_shape,Qwen/Qwen3.6-35B-A3B,ok,32,127,254,146,0.5748031496062992,254,226,0.889763779527559,39,0.30708661417322836,0.9755030621172355,247.77777777777777,0.9862204724409449,250.5,Qwen/Qwen3.6-35B-A3B-FP8
logs,2,127,8,2032,cross_model,1738,0.8553149606299213,294,0.14468503937007873,159,True,127,128,32,32,0,"[159, 40, 8]",0,True,32,True,128,159,32,0,0,32,"[128, 40, 8]",1,40,False,8146187d324548220b64,"0,1",expected_aligned_shape,Qwen/Qwen3.6-35B-A3B,ok,32,127,254,136,0.5354330708661418,254,226,0.889763779527559,37,0.29133858267716534,0.9755030621172354,247.77777777777777,0.9862204724409449,250.5,Qwen/Qwen3.6-35B-A3B-FP8
short_qa,2,127,8,2032,cross_model,1798,0.8848425196850394,234,0.11515748031496063,159,True,127,128,32,32,0,"[159, 40, 8]",0,True,32,True,128,159,32,0,0,32,"[128, 40, 8]",1,40,False,81acc552cd1d916b8a99,"0,1",expected_aligned_shape,Qwen/Qwen3.6-35B-A3B,ok,32,127,254,147,0.5787401574803149,254,227,0.8937007874015748,40,0.31496062992125984,0.9756780402449695,247.82222222222222,0.9862204724409449,250.5,Qwen/Qwen3.6-35B-A3B-FP8
summarization,2,127,8,2032,cross_model,1828,0.8996062992125984,204,0.10039370078740158,163,True,127,128,36,36,0,"[163, 40, 8]",0,True,36,True,128,163,36,0,0,36,"[128, 40, 8]",1,40,False,81d23e2ace0fb871566e,"0,1",expected_aligned_shape,Qwen/Qwen3.6-35B-A3B,ok,32,127,254,157,0.6181102362204725,254,217,0.8543307086614174,44,0.3464566929133858,0.9676290463692038,245.77777777777777,0.9817913385826772,249.375,Qwen/Qwen3.6-35B-A3B-FP8
json_structured,2,127,8,2032,cross_model,1787,0.8794291338582677,245,0.12057086614173228,159,True,127,128,32,32,0,"[159, 40, 8]",0,True,32,True,128,159,32,0,0,32,"[128, 40, 8]",1,40,False,81d4a61b688a98be8a50,"0,1",expected_aligned_shape,Qwen/Qwen3.6-35B-A3B,ok,32,127,254,144,0.5669291338582677,254,222,0.8740157480314961,41,0.3228346456692913,0.9720034995625548,246.88888888888889,0.984251968503937,250.0,Qwen/Qwen3.6-35B-A3B-FP8
code,2,127,8,2032,cross_model,1780,0.8759842519685039,252,0.12401574803149606,166,True,127,128,39,39,0,"[166, 40, 8]",0,True,39,True,128,166,39,0,0,39,"[128, 40, 8]",1,40,False,81de715e23a6fcf68fc3,"0,1",expected_aligned_shape,Qwen/Qwen3.6-35B-A3B,ok,32,127,254,142,0.5590551181102362,254,228,0.8976377952755905,45,0.3543307086614173,0.9772528433945757,248.22222222222223,0.9872047244094488,250.75,Qwen/Qwen3.6-35B-A3B-FP8
mixed_language,2,127,8,2032,cross_model,1759,0.8656496062992126,273,0.1343503937007874,159,True,127,128,32,32,0,"[159, 40, 8]",0,True,32,True,128,159,32,0,0,32,"[128, 40, 8]",1,40,False,823fee738d51caf3d1f9,"0,1",expected_aligned_shape,Qwen/Qwen3.6-35B-A3B,ok,32,127,254,134,0.5275590551181102,254,214,0.84251968503937,35,0.2755905511811024,0.9643044619422573,244.93333333333334,0.9798228346456693,248.875,Qwen/Qwen3.6-35B-A3B-FP8
summarization,2,127,8,2032,cross_model,1806,0.8887795275590551,226,0.11122047244094488,159,True,127,128,32,32,0,"[159, 40, 8]",0,True,32,True,128,159,32,0,0,32,"[128, 40, 8]",1,40,False,833fc2a56e4f75f8a697,"0,1",expected_aligned_shape,Qwen/Qwen3.6-35B-A3B,ok,32,127,254,150,0.5905511811023622,254,225,0.8858267716535433,44,0.3464566929133858,0.9746281714785653,247.55555555555554,0.9857283464566929,250.375,Qwen/Qwen3.6-35B-A3B-FP8
json_structured,2,127,8,2032,cross_model,1761,0.8666338582677166,271,0.13336614173228348,159,True,127,128,32,32,0,"[159, 40, 8]",0,True,32,True,128,159,32,0,0,32,"[128, 40, 8]",1,40,False,836ed2f17e0df581ffb1,"0,1",expected_aligned_shape,Qwen/Qwen3.6-35B-A3B,ok,32,127,254,142,0.5590551181102362,254,218,0.8582677165354331,42,0.33070866141732286,0.967804024496938,245.82222222222222,0.9817913385826772,249.375,Qwen/Qwen3.6-35B-A3B-FP8
json_structured,2,127,8,2032,cross_model,1734,0.8533464566929134,298,0.1466535433070866,159,True,127,128,32,32,0,"[159, 40, 8]",0,True,32,True,128,159,32,0,0,32,"[128, 40, 8]",1,40,False,839f919a63fdc2e822c2,"0,1",expected_aligned_shape,Qwen/Qwen3.6-35B-A3B,ok,32,127,254,127,0.5,254,213,0.8385826771653543,34,0.2677165354330709,0.9641294838145232,244.88888888888889,0.9798228346456693,248.875,Qwen/Qwen3.6-35B-A3B-FP8
needle,2,127,8,2032,cross_model,1753,0.8626968503937008,279,0.13730314960629922,159,True,127,128,32,32,0,"[159, 40, 8]",0,True,32,True,128,159,32,0,0,32,"[128, 40, 8]",1,40,False,84225d5346509a6c6736,"0,1",expected_aligned_shape,Qwen/Qwen3.6-35B-A3B,ok,32,127,254,130,0.5118110236220472,254,221,0.8700787401574803,36,0.28346456692913385,0.9711286089238846,246.66666666666666,0.9837598425196851,249.875,Qwen/Qwen3.6-35B-A3B-FP8
mixed_language,2,127,8,2032,cross_model,1757,0.8646653543307087,275,0.13533464566929135,159,True,127,128,32,32,0,"[159, 40, 8]",0,True,32,True,128,159,32,0,0,32,"[128, 40, 8]",1,40,False,84233959e23ab297f165,"0,1",expected_aligned_shape,Qwen/Qwen3.6-35B-A3B,ok,32,127,254,137,0.5393700787401575,254,216,0.8503937007874016,39,0.30708661417322836,0.9667541557305337,245.55555555555554,0.9812992125984252,249.25,Qwen/Qwen3.6-35B-A3B-FP8
chat,2,127,8,2032,cross_model,1789,0.8804133858267716,243,0.11958661417322834,159,True,127,128,32,32,0,"[159, 40, 8]",0,True,32,True,128,159,32,0,0,32,"[128, 40, 8]",1,40,False,8426b34cd35950627867,"0,1",expected_aligned_shape,Qwen/Qwen3.6-35B-A3B,ok,32,127,254,145,0.5708661417322834,254,225,0.8858267716535433,43,0.33858267716535434,0.9746281714785652,247.55555555555554,0.9857283464566929,250.375,Qwen/Qwen3.6-35B-A3B-FP8
json_structured,2,127,8,2032,cross_model,1696,0.8346456692913385,336,0.16535433070866143,159,True,127,128,32,32,0,"[159, 40, 8]",0,True,32,True,128,159,32,0,0,32,"[128, 40, 8]",1,40,False,842a559378a4fa0ab83e,"0,1",expected_aligned_shape,Qwen/Qwen3.6-35B-A3B,ok,32,127,254,112,0.4409448818897638,254,202,0.7952755905511811,30,0.23622047244094488,0.9531058617672792,242.0888888888889,0.9734251968503937,247.25,Qwen/Qwen3.6-35B-A3B-FP8
math_numeric,2,127,8,2032,cross_model,1750,0.8612204724409449,282,0.13877952755905512,159,True,127,128,32,32,0,"[159, 40, 8]",0,True,32,True,128,159,32,0,0,32,"[128, 40, 8]",1,40,False,84399fdd946941f7bbb8,"0,1",expected_aligned_shape,Qwen/Qwen3.6-35B-A3B,ok,32,127,254,127,0.5,254,209,0.8228346456692913,35,0.2755905511811024,0.9606299212598425,244.0,0.9778543307086615,248.375,Qwen/Qwen3.6-35B-A3B-FP8
mixed_language,2,127,8,2032,cross_model,1792,0.8818897637795275,240,0.11811023622047244,159,True,127,128,32,32,0,"[159, 40, 8]",0,True,32,True,128,159,32,0,0,32,"[128, 40, 8]",1,40,False,845558c63ab043e3c987,"0,1",expected_aligned_shape,Qwen/Qwen3.6-35B-A3B,ok,32,127,254,146,0.5748031496062992,254,223,0.8779527559055118,43,0.33858267716535434,0.972878390201225,247.11111111111111,0.984744094488189,250.125,Qwen/Qwen3.6-35B-A3B-FP8
logs,2,127,8,2032,cross_model,1803,0.8873031496062992,229,0.11269685039370078,159,True,127,128,32,32,0,"[159, 40, 8]",0,True,32,True,128,159,32,0,0,32,"[128, 40, 8]",1,40,False,846009d191b38953fd2f,"0,1",expected_aligned_shape,Qwen/Qwen3.6-35B-A3B,ok,32,127,254,153,0.6023622047244095,254,228,0.8976377952755905,44,0.3464566929133858,0.9772528433945757,248.22222222222223,0.9872047244094488,250.75,Qwen/Qwen3.6-35B-A3B-FP8
mixed_language,2,127,8,2032,cross_model,1711,0.8420275590551181,321,0.1579724409448819,159,True,127,128,32,32,0,"[159, 40, 8]",0,True,32,True,128,159,32,0,0,32,"[128, 40, 8]",1,40,False,84bacdde8fd948eb8a49,"0,1",expected_aligned_shape,Qwen/Qwen3.6-35B-A3B,ok,32,127,254,120,0.47244094488188976,254,210,0.8267716535433071,26,0.2047244094488189,0.9608048993875765,244.04444444444445,0.9778543307086615,248.375,Qwen/Qwen3.6-35B-A3B-FP8
short_qa,2,106,8,1696,cross_model,1488,0.8773584905660378,208,0.12264150943396226,138,True,106,107,32,32,0,"[138, 40, 8]",0,True,32,True,107,138,32,0,0,32,"[107, 40, 8]",1,40,False,84ca8c732f93c58fe2a6,"0,1",expected_aligned_shape,Qwen/Qwen3.6-35B-A3B,ok,32,106,212,117,0.5518867924528302,212,183,0.8632075471698113,30,0.2830188679245283,0.969601677148847,205.55555555555554,0.9829009433962265,208.375,Qwen/Qwen3.6-35B-A3B-FP8
json_structured,2,127,8,2032,cross_model,1746,0.859251968503937,286,0.140748031496063,159,True,127,128,32,32,0,"[159, 40, 8]",0,True,32,True,128,159,32,0,0,32,"[128, 40, 8]",1,40,False,8503edd10ae9b54a4533,"0,1",expected_aligned_shape,Qwen/Qwen3.6-35B-A3B,ok,32,127,254,135,0.531496062992126,254,214,0.84251968503937,35,0.2755905511811024,0.9650043744531932,245.11111111111111,0.9803149606299213,249.0,Qwen/Qwen3.6-35B-A3B-FP8
summarization,2,127,8,2032,cross_model,1796,0.8838582677165354,236,0.11614173228346457,159,True,127,128,32,32,0,"[159, 40, 8]",0,True,32,True,128,159,32,0,0,32,"[128, 40, 8]",1,40,False,8540664f8428f872e8a9,"0,1",expected_aligned_shape,Qwen/Qwen3.6-35B-A3B,ok,32,127,254,146,0.5748031496062992,254,226,0.889763779527559,41,0.3228346456692913,0.9755030621172356,247.77777777777777,0.9862204724409449,250.5,Qwen/Qwen3.6-35B-A3B-FP8
math_numeric,2,127,8,2032,cross_model,1379,0.6786417322834646,653,0.3213582677165354,159,True,127,128,32,32,0,"[159, 40, 8]",0,True,32,True,128,159,32,0,0,32,"[128, 40, 8]",1,40,False,85996a9d6fe112cfacf4,"0,1",expected_aligned_shape,Qwen/Qwen3.6-35B-A3B,ok,32,127,254,70,0.2755905511811024,254,168,0.6614173228346457,10,0.07874015748031496,0.9205599300087489,233.82222222222222,0.9547244094488189,242.5,Qwen/Qwen3.6-35B-A3B-FP8
math_numeric,2,127,8,2032,cross_model,1761,0.8666338582677166,271,0.13336614173228348,159,True,127,128,32,32,0,"[159, 40, 8]",0,True,32,True,128,159,32,0,0,32,"[128, 40, 8]",1,40,False,85f2760e16a765142a7f,"0,1",expected_aligned_shape,Qwen/Qwen3.6-35B-A3B,ok,32,127,254,140,0.5511811023622047,254,227,0.8937007874015748,43,0.33858267716535434,0.9763779527559056,248.0,0.9867125984251969,250.625,Qwen/Qwen3.6-35B-A3B-FP8
json_structured,2,127,8,2032,cross_model,1783,0.8774606299212598,249,0.12253937007874016,159,True,127,128,32,32,0,"[159, 40, 8]",0,True,32,True,128,159,32,0,0,32,"[128, 40, 8]",1,40,False,860c3e874eff20982fe1,"0,1",expected_aligned_shape,Qwen/Qwen3.6-35B-A3B,ok,32,127,254,150,0.5905511811023622,254,235,0.9251968503937008,45,0.3543307086614173,0.9826771653543306,249.6,0.9901574803149606,251.5,Qwen/Qwen3.6-35B-A3B-FP8
mixed_language,2,103,8,1648,cross_model,1450,0.8798543689320388,198,0.12014563106796117,135,True,103,104,32,32,0,"[135, 40, 8]",0,True,32,True,104,135,32,0,0,32,"[104, 40, 8]",1,40,False,867e7b95290bfb4ef084,"0,1",expected_aligned_shape,Qwen/Qwen3.6-35B-A3B,ok,32,103,206,116,0.5631067961165048,206,177,0.8592233009708737,34,0.3300970873786408,0.9687162891046386,199.55555555555554,0.9824029126213593,202.375,Qwen/Qwen3.6-35B-A3B-FP8
low_margin,2,127,8,2032,cross_model,1817,0.8941929133858267,215,0.10580708661417323,167,True,127,128,40,40,0,"[167, 40, 8]",0,True,40,True,128,167,40,0,0,40,"[128, 40, 8]",1,40,False,8740771949897ec70ee2,"0,1",expected_aligned_shape,Qwen/Qwen3.6-35B-A3B,ok,32,127,254,161,0.6338582677165354,254,225,0.8858267716535433,53,0.41732283464566927,0.9746281714785653,247.55555555555554,0.9857283464566929,250.375,Qwen/Qwen3.6-35B-A3B-FP8
low_margin,2,127,8,2032,cross_model,1786,0.8789370078740157,246,0.12106299212598425,166,True,127,128,39,39,0,"[166, 40, 8]",0,True,39,True,128,166,39,0,0,39,"[128, 40, 8]",1,40,False,87837c3d21d8aaeaee48,"0,1",expected_aligned_shape,Qwen/Qwen3.6-35B-A3B,ok,32,127,254,138,0.5433070866141733,254,218,0.8582677165354331,35,0.2755905511811024,0.9685039370078742,246.0,0.9822834645669292,249.5,Qwen/Qwen3.6-35B-A3B-FP8
logs,2,127,8,2032,cross_model,1759,0.8656496062992126,273,0.1343503937007874,159,True,127,128,32,32,0,"[159, 40, 8]",0,True,32,True,128,159,32,0,0,32,"[128, 40, 8]",1,40,False,87b0143d83b8e2ea3fab,"0,1",expected_aligned_shape,Qwen/Qwen3.6-35B-A3B,ok,32,127,254,133,0.5236220472440944,254,224,0.8818897637795275,35,0.2755905511811024,0.973753280839895,247.33333333333334,0.985236220472441,250.25,Qwen/Qwen3.6-35B-A3B-FP8
code,2,127,8,2032,cross_model,1752,0.8622047244094488,280,0.1377952755905512,159,True,127,128,32,32,0,"[159, 40, 8]",0,True,32,True,128,159,32,0,0,32,"[128, 40, 8]",1,40,False,881c84297e61741b5731,"0,1",expected_aligned_shape,Qwen/Qwen3.6-35B-A3B,ok,32,127,254,122,0.48031496062992124,254,214,0.84251968503937,31,0.2440944881889764,0.9643044619422573,244.93333333333334,0.9798228346456693,248.875,Qwen/Qwen3.6-35B-A3B-FP8
mixed_language,2,127,8,2032,cross_model,1771,0.8715551181102362,261,0.12844488188976377,159,True,127,128,32,32,0,"[159, 40, 8]",0,True,32,True,128,159,32,0,0,32,"[128, 40, 8]",1,40,False,8896c20ee2df2e8b3133,"0,1",expected_aligned_shape,Qwen/Qwen3.6-35B-A3B,ok,32,127,254,133,0.5236220472440944,254,220,0.8661417322834646,38,0.2992125984251969,0.9702537182852145,246.44444444444446,0.9832677165354331,249.75,Qwen/Qwen3.6-35B-A3B-FP8
logs,2,127,8,2032,cross_model,1806,0.8887795275590551,226,0.11122047244094488,159,True,127,128,32,32,0,"[159, 40, 8]",0,True,32,True,128,159,32,0,0,32,"[128, 40, 8]",1,40,False,88ac2d2bf4cb11ea13c6,"0,1",expected_aligned_shape,Qwen/Qwen3.6-35B-A3B,ok,32,127,254,147,0.5787401574803149,254,222,0.8740157480314961,41,0.3228346456692913,0.9713035870516186,246.7111111111111,0.9837598425196851,249.875,Qwen/Qwen3.6-35B-A3B-FP8
low_margin,2,127,8,2032,cross_model,1805,0.8882874015748031,227,0.11171259842519685,167,True,127,128,40,40,0,"[167, 40, 8]",0,True,40,True,128,167,40,0,0,40,"[128, 40, 8]",1,40,False,88efd22bf016dd5e5ecc,"0,1",expected_aligned_shape,Qwen/Qwen3.6-35B-A3B,ok,32,127,254,152,0.5984251968503937,254,229,0.9015748031496063,46,0.36220472440944884,0.9781277340332458,248.44444444444446,0.9876968503937008,250.875,Qwen/Qwen3.6-35B-A3B-FP8
logs,2,127,8,2032,cross_model,1706,0.8395669291338582,326,0.16043307086614172,159,True,127,128,32,32,0,"[159, 40, 8]",0,True,32,True,128,159,32,0,0,32,"[128, 40, 8]",1,40,False,8926131c720f9266b8ae,"0,1",expected_aligned_shape,Qwen/Qwen3.6-35B-A3B,ok,32,127,254,115,0.452755905511811,254,210,0.8267716535433071,29,0.2283464566929134,0.9608048993875765,244.04444444444445,0.9778543307086615,248.375,Qwen/Qwen3.6-35B-A3B-FP8
code,2,127,8,2032,cross_model,1801,0.8863188976377953,231,0.11368110236220473,159,True,127,128,32,32,0,"[159, 40, 8]",0,True,32,True,128,159,32,0,0,32,"[128, 40, 8]",1,40,False,8a6acfe133d4645e5f08,"0,1",expected_aligned_shape,Qwen/Qwen3.6-35B-A3B,ok,32,127,254,147,0.5787401574803149,254,227,0.8937007874015748,47,0.3700787401574803,0.9756780402449695,247.82222222222222,0.9862204724409449,250.5,Qwen/Qwen3.6-35B-A3B-FP8
needle,2,127,8,2032,cross_model,1735,0.8538385826771654,297,0.14616141732283464,159,True,127,128,32,32,0,"[159, 40, 8]",0,True,32,True,128,159,32,0,0,32,"[128, 40, 8]",1,40,False,8ae848c8e1c8ca3c814a,"0,1",expected_aligned_shape,Qwen/Qwen3.6-35B-A3B,ok,32,127,254,122,0.48031496062992124,254,226,0.889763779527559,25,0.1968503937007874,0.9755030621172355,247.77777777777777,0.9862204724409449,250.5,Qwen/Qwen3.6-35B-A3B-FP8
math_numeric,2,127,8,2032,cross_model,1360,0.6692913385826772,672,0.33070866141732286,159,True,127,128,32,32,0,"[159, 40, 8]",0,True,32,True,128,159,32,0,0,32,"[128, 40, 8]",1,40,False,8bb89f3ce60c2fe4805c,"0,1",expected_aligned_shape,Qwen/Qwen3.6-35B-A3B,ok,32,127,254,44,0.1732283464566929,254,129,0.5078740157480315,2,0.015748031496062992,0.8878390201224848,225.51111111111112,0.9365157480314961,237.875,Qwen/Qwen3.6-35B-A3B-FP8
low_margin,2,127,8,2032,cross_model,1774,0.8730314960629921,258,0.12696850393700787,166,True,127,128,39,39,0,"[166, 40, 8]",0,True,39,True,128,166,39,0,0,39,"[128, 40, 8]",1,40,False,8bece812b2966e60e8ad,"0,1",expected_aligned_shape,Qwen/Qwen3.6-35B-A3B,ok,32,127,254,136,0.5354330708661418,254,217,0.8543307086614174,37,0.29133858267716534,0.9676290463692038,245.77777777777777,0.9817913385826772,249.375,Qwen/Qwen3.6-35B-A3B-FP8
short_qa,2,127,8,2032,cross_model,1769,0.8705708661417323,263,0.1294291338582677,159,True,127,128,32,32,0,"[159, 40, 8]",0,True,32,True,128,159,32,0,0,32,"[128, 40, 8]",1,40,False,8bed4f4810f56cc50293,"0,1",expected_aligned_shape,Qwen/Qwen3.6-35B-A3B,ok,32,127,254,137,0.5393700787401575,254,221,0.8700787401574803,40,0.31496062992125984,0.9690288713910761,246.13333333333333,0.9822834645669292,249.5,Qwen/Qwen3.6-35B-A3B-FP8
low_margin,2,127,8,2032,cross_model,1788,0.8799212598425197,244,0.12007874015748031,166,True,127,128,39,39,0,"[166, 40, 8]",0,True,39,True,128,166,39,0,0,39,"[128, 40, 8]",1,40,False,8bf7f00e1a8446ea3b04,"0,1",expected_aligned_shape,Qwen/Qwen3.6-35B-A3B,ok,32,127,254,147,0.5787401574803149,254,227,0.8937007874015748,46,0.36220472440944884,0.9763779527559056,248.0,0.9867125984251969,250.625,Qwen/Qwen3.6-35B-A3B-FP8
chat,2,127,8,2032,cross_model,1767,0.8695866141732284,265,0.13041338582677164,159,True,127,128,32,32,0,"[159, 40, 8]",0,True,32,True,128,159,32,0,0,32,"[128, 40, 8]",1,40,False,8bfb44b67e76fa2d1aeb,"0,1",expected_aligned_shape,Qwen/Qwen3.6-35B-A3B,ok,32,127,254,134,0.5275590551181102,254,226,0.889763779527559,39,0.30708661417322836,0.9755030621172354,247.77777777777777,0.9862204724409449,250.5,Qwen/Qwen3.6-35B-A3B-FP8
summarization,2,127,8,2032,cross_model,1772,0.8720472440944882,260,0.1279527559055118,159,True,127,128,32,32,0,"[159, 40, 8]",0,True,32,True,128,159,32,0,0,32,"[128, 40, 8]",1,40,False,8c26b132a52e832bd0b3,"0,1",expected_aligned_shape,Qwen/Qwen3.6-35B-A3B,ok,32,127,254,145,0.5708661417322834,254,225,0.8858267716535433,39,0.30708661417322836,0.9739282589676291,247.37777777777777,0.985236220472441,250.25,Qwen/Qwen3.6-35B-A3B-FP8
math_numeric,2,127,8,2032,cross_model,1709,0.8410433070866141,323,0.15895669291338582,159,True,127,128,32,32,0,"[159, 40, 8]",0,True,32,True,128,159,32,0,0,32,"[128, 40, 8]",1,40,False,8c52d05567920b9068cd,"0,1",expected_aligned_shape,Qwen/Qwen3.6-35B-A3B,ok,32,127,254,124,0.4881889763779528,254,216,0.8503937007874016,23,0.18110236220472442,0.9660542432195977,245.37777777777777,0.9808070866141733,249.125,Qwen/Qwen3.6-35B-A3B-FP8
math_numeric,2,127,8,2032,cross_model,1776,0.8740157480314961,256,0.12598425196850394,159,True,127,128,32,32,0,"[159, 40, 8]",0,True,32,True,128,159,32,0,0,32,"[128, 40, 8]",1,40,False,8c7dc41fc40ddda41eef,"0,1",expected_aligned_shape,Qwen/Qwen3.6-35B-A3B,ok,32,127,254,140,0.5511811023622047,254,222,0.8740157480314961,39,0.30708661417322836,0.9720034995625547,246.88888888888889,0.984251968503937,250.0,Qwen/Qwen3.6-35B-A3B-FP8
summarization,2,127,8,2032,cross_model,1785,0.8784448818897638,247,0.12155511811023623,163,True,127,128,36,36,0,"[163, 40, 8]",0,True,36,True,128,163,36,0,0,36,"[128, 40, 8]",1,40,False,8c9b98b64a58814a2f39,"0,1",expected_aligned_shape,Qwen/Qwen3.6-35B-A3B,ok,32,127,254,152,0.5984251968503937,254,232,0.9133858267716536,43,0.33858267716535434,0.9807524059492564,249.11111111111111,0.9891732283464567,251.25,Qwen/Qwen3.6-35B-A3B-FP8
math_numeric,2,127,8,2032,cross_model,1362,0.6702755905511811,670,0.3297244094488189,159,True,127,128,32,32,0,"[159, 40, 8]",0,True,32,True,128,159,32,0,0,32,"[128, 40, 8]",1,40,False,8cbc6deb366a90598072,"0,1",expected_aligned_shape,Qwen/Qwen3.6-35B-A3B,ok,32,127,254,43,0.16929133858267717,254,126,0.49606299212598426,10,0.07874015748031496,0.8810148731408575,223.77777777777777,0.9320866141732284,236.75,Qwen/Qwen3.6-35B-A3B-FP8
logs,2,127,8,2032,cross_model,1762,0.8671259842519685,270,0.1328740157480315,159,True,127,128,32,32,0,"[159, 40, 8]",0,True,32,True,128,159,32,0,0,32,"[128, 40, 8]",1,40,False,8cef8dce1364c7587754,"0,1",expected_aligned_shape,Qwen/Qwen3.6-35B-A3B,ok,32,127,254,138,0.5433070866141733,254,216,0.8503937007874016,38,0.2992125984251969,0.9667541557305337,245.55555555555554,0.9812992125984252,249.25,Qwen/Qwen3.6-35B-A3B-FP8
summarization,2,127,8,2032,cross_model,1810,0.890748031496063,222,0.10925196850393701,163,True,127,128,36,36,0,"[163, 40, 8]",0,True,36,True,128,163,36,0,0,36,"[128, 40, 8]",1,40,False,8d55514286def2bb6141,"0,1",expected_aligned_shape,Qwen/Qwen3.6-35B-A3B,ok,32,127,254,151,0.594488188976378,254,226,0.889763779527559,44,0.3464566929133858,0.9755030621172355,247.77777777777777,0.9862204724409449,250.5,Qwen/Qwen3.6-35B-A3B-FP8
json_structured,2,127,8,2032,cross_model,1778,0.875,254,0.125,159,True,127,128,32,32,0,"[159, 40, 8]",0,True,32,True,128,159,32,0,0,32,"[128, 40, 8]",1,40,False,8dc7a0e49d8054a4febf,"0,1",expected_aligned_shape,Qwen/Qwen3.6-35B-A3B,ok,32,127,254,140,0.5511811023622047,254,223,0.8779527559055118,41,0.3228346456692913,0.9728783902012248,247.11111111111111,0.984744094488189,250.125,Qwen/Qwen3.6-35B-A3B-FP8
logs,2,127,8,2032,cross_model,1752,0.8622047244094488,280,0.1377952755905512,159,True,127,128,32,32,0,"[159, 40, 8]",0,True,32,True,128,159,32,0,0,32,"[128, 40, 8]",1,40,False,8df5f48dc72ff9b25245,"0,1",expected_aligned_shape,Qwen/Qwen3.6-35B-A3B,ok,32,127,254,130,0.5118110236220472,254,214,0.84251968503937,32,0.25196850393700787,0.9650043744531934,245.11111111111111,0.9803149606299213,249.0,Qwen/Qwen3.6-35B-A3B-FP8
json_structured,2,127,8,2032,cross_model,1772,0.8720472440944882,260,0.1279527559055118,159,True,127,128,32,32,0,"[159, 40, 8]",0,True,32,True,128,159,32,0,0,32,"[128, 40, 8]",1,40,False,8e07a080e3fb068115b8,"0,1",expected_aligned_shape,Qwen/Qwen3.6-35B-A3B,ok,32,127,254,143,0.562992125984252,254,218,0.8582677165354331,40,0.31496062992125984,0.968503937007874,246.0,0.9822834645669292,249.5,Qwen/Qwen3.6-35B-A3B-FP8
low_margin,2,127,8,2032,cross_model,1815,0.8932086614173228,217,0.10679133858267717,166,True,127,128,39,39,0,"[166, 40, 8]",0,True,39,True,128,166,39,0,0,39,"[128, 40, 8]",1,40,False,8e0dec58e940d3bca91d,"0,1",expected_aligned_shape,Qwen/Qwen3.6-35B-A3B,ok,32,127,254,152,0.5984251968503937,254,222,0.8740157480314961,42,0.33070866141732286,0.9720034995625547,246.88888888888889,0.984251968503937,250.0,Qwen/Qwen3.6-35B-A3B-FP8
code,2,127,8,2032,cross_model,1783,0.8774606299212598,249,0.12253937007874016,159,True,127,128,32,32,0,"[159, 40, 8]",0,True,32,True,128,159,32,0,0,32,"[128, 40, 8]",1,40,False,8e12b4849e3760c026ef,"0,1",expected_aligned_shape,Qwen/Qwen3.6-35B-A3B,ok,32,127,254,143,0.562992125984252,254,225,0.8858267716535433,43,0.33858267716535434,0.973228346456693,247.2,0.984744094488189,250.125,Qwen/Qwen3.6-35B-A3B-FP8
math_numeric,2,127,8,2032,cross_model,1754,0.8631889763779528,278,0.13681102362204725,159,True,127,128,32,32,0,"[159, 40, 8]",0,True,32,True,128,159,32,0,0,32,"[128, 40, 8]",1,40,False,8e6325f69f2dede3825c,"0,1",expected_aligned_shape,Qwen/Qwen3.6-35B-A3B,ok,32,127,254,139,0.547244094488189,254,227,0.8937007874015748,39,0.30708661417322836,0.9763779527559056,248.0,0.9867125984251969,250.625,Qwen/Qwen3.6-35B-A3B-FP8
logs,2,127,8,2032,cross_model,1793,0.8823818897637795,239,0.11761811023622047,159,True,127,128,32,32,0,"[159, 40, 8]",0,True,32,True,128,159,32,0,0,32,"[128, 40, 8]",1,40,False,8e676d49327d4d22552d,"0,1",expected_aligned_shape,Qwen/Qwen3.6-35B-A3B,ok,32,127,254,143,0.562992125984252,254,219,0.8622047244094488,42,0.33070866141732286,0.9686789151356081,246.04444444444445,0.9822834645669292,249.5,Qwen/Qwen3.6-35B-A3B-FP8
logs,2,127,8,2032,cross_model,1812,0.8917322834645669,220,0.10826771653543307,159,True,127,128,32,32,0,"[159, 40, 8]",0,True,32,True,128,159,32,0,0,32,"[128, 40, 8]",1,40,False,8ec49816cc265f8b8294,"0,1",expected_aligned_shape,Qwen/Qwen3.6-35B-A3B,ok,32,127,254,152,0.5984251968503937,254,230,0.905511811023622,47,0.3700787401574803,0.9790026246719161,248.66666666666666,0.9881889763779528,251.0,Qwen/Qwen3.6-35B-A3B-FP8
low_margin,2,127,8,2032,cross_model,1799,0.8853346456692913,233,0.11466535433070867,166,True,127,128,39,39,0,"[166, 40, 8]",0,True,39,True,128,166,39,0,0,39,"[128, 40, 8]",1,40,False,8f69f039471770707b7e,"0,1",expected_aligned_shape,Qwen/Qwen3.6-35B-A3B,ok,32,127,254,148,0.5826771653543307,254,225,0.8858267716535433,40,0.31496062992125984,0.9739282589676291,247.37777777777777,0.985236220472441,250.25,Qwen/Qwen3.6-35B-A3B-FP8
logs,2,127,8,2032,cross_model,1803,0.8873031496062992,229,0.11269685039370078,159,True,127,128,32,32,0,"[159, 40, 8]",0,True,32,True,128,159,32,0,0,32,"[128, 40, 8]",1,40,False,8f7d10ec4ff11a647ee7,"0,1",expected_aligned_shape,Qwen/Qwen3.6-35B-A3B,ok,32,127,254,148,0.5826771653543307,254,226,0.889763779527559,38,0.2992125984251969,0.9755030621172355,247.77777777777777,0.9862204724409449,250.5,Qwen/Qwen3.6-35B-A3B-FP8
chat,2,127,8,2032,cross_model,1785,0.8784448818897638,247,0.12155511811023623,159,True,127,128,32,32,0,"[159, 40, 8]",0,True,32,True,128,159,32,0,0,32,"[128, 40, 8]",1,40,False,8f8115aa4a281d951a7c,"0,1",expected_aligned_shape,Qwen/Qwen3.6-35B-A3B,ok,32,127,254,143,0.562992125984252,254,216,0.8503937007874016,43,0.33858267716535434,0.9660542432195977,245.37777777777777,0.9808070866141733,249.125,Qwen/Qwen3.6-35B-A3B-FP8
math_numeric,2,127,8,2032,cross_model,1808,0.889763779527559,224,0.11023622047244094,159,True,127,128,32,32,0,"[159, 40, 8]",0,True,32,True,128,159,32,0,0,32,"[128, 40, 8]",1,40,False,8f9070376249b3bc8557,"0,1",expected_aligned_shape,Qwen/Qwen3.6-35B-A3B,ok,32,127,254,156,0.6141732283464567,254,231,0.9094488188976378,46,0.36220472440944884,0.9798775153105861,248.88888888888889,0.9886811023622047,251.125,Qwen/Qwen3.6-35B-A3B-FP8
summarization,2,127,8,2032,cross_model,1821,0.8961614173228346,211,0.10383858267716535,159,True,127,128,32,32,0,"[159, 40, 8]",0,True,32,True,128,159,32,0,0,32,"[128, 40, 8]",1,40,False,8fb265f41b57655fdaf6,"0,1",expected_aligned_shape,Qwen/Qwen3.6-35B-A3B,ok,32,127,254,157,0.6181102362204725,254,229,0.9015748031496063,52,0.4094488188976378,0.9781277340332459,248.44444444444446,0.9876968503937008,250.875,Qwen/Qwen3.6-35B-A3B-FP8
code,2,127,8,2032,cross_model,1817,0.8941929133858267,215,0.10580708661417323,159,True,127,128,32,32,0,"[159, 40, 8]",0,True,32,True,128,159,32,0,0,32,"[128, 40, 8]",1,40,False,900f406d35eb6b62a9d6,"0,1",expected_aligned_shape,Qwen/Qwen3.6-35B-A3B,ok,32,127,254,156,0.6141732283464567,254,234,0.9212598425196851,49,0.3858267716535433,0.9825021872265967,249.55555555555554,0.9901574803149606,251.5,Qwen/Qwen3.6-35B-A3B-FP8
code,2,127,8,2032,cross_model,1790,0.8809055118110236,242,0.11909448818897637,159,True,127,128,32,32,0,"[159, 40, 8]",0,True,32,True,128,159,32,0,0,32,"[128, 40, 8]",1,40,False,901fbb039eb51be272f4,"0,1",expected_aligned_shape,Qwen/Qwen3.6-35B-A3B,ok,32,127,254,148,0.5826771653543307,254,223,0.8779527559055118,43,0.33858267716535434,0.9721784776902889,246.93333333333334,0.984251968503937,250.0,Qwen/Qwen3.6-35B-A3B-FP8
summarization,2,127,8,2032,cross_model,1804,0.8877952755905512,228,0.11220472440944881,167,True,127,128,40,40,0,"[167, 40, 8]",0,True,40,True,128,167,40,0,0,40,"[128, 40, 8]",1,40,False,904d79524f4d042d53f9,"0,1",expected_aligned_shape,Qwen/Qwen3.6-35B-A3B,ok,32,127,254,152,0.5984251968503937,254,225,0.8858267716535433,47,0.3700787401574803,0.9746281714785654,247.55555555555554,0.9857283464566929,250.375,Qwen/Qwen3.6-35B-A3B-FP8
summarization,2,127,8,2032,cross_model,1816,0.8937007874015748,216,0.1062992125984252,163,True,127,128,36,36,0,"[163, 40, 8]",0,True,36,True,128,163,36,0,0,36,"[128, 40, 8]",1,40,False,90d92c6b78f853e6b846,"0,1",expected_aligned_shape,Qwen/Qwen3.6-35B-A3B,ok,32,127,254,159,0.6259842519685039,254,229,0.9015748031496063,49,0.3858267716535433,0.9781277340332459,248.44444444444446,0.9876968503937008,250.875,Qwen/Qwen3.6-35B-A3B-FP8
summarization,2,127,8,2032,cross_model,1743,0.8577755905511811,289,0.1422244094488189,159,True,127,128,32,32,0,"[159, 40, 8]",0,True,32,True,128,159,32,0,0,32,"[128, 40, 8]",1,40,False,91a31847728383045e3a,"0,1",expected_aligned_shape,Qwen/Qwen3.6-35B-A3B,ok,32,127,254,130,0.5118110236220472,254,223,0.8779527559055118,30,0.23622047244094488,0.9728783902012249,247.11111111111111,0.984744094488189,250.125,Qwen/Qwen3.6-35B-A3B-FP8
code,2,127,8,2032,cross_model,1781,0.8764763779527559,251,0.1235236220472441,166,True,127,128,39,39,0,"[166, 40, 8]",0,True,39,True,128,166,39,0,0,39,"[128, 40, 8]",1,40,False,91f0bd8d1b2650d3ab83,"0,1",expected_aligned_shape,Qwen/Qwen3.6-35B-A3B,ok,32,127,254,139,0.547244094488189,254,219,0.8622047244094488,38,0.2992125984251969,0.9693788276465443,246.22222222222223,0.9827755905511811,249.625,Qwen/Qwen3.6-35B-A3B-FP8
low_margin,2,127,8,2032,cross_model,1792,0.8818897637795275,240,0.11811023622047244,167,True,127,128,40,40,0,"[167, 40, 8]",0,True,40,True,128,167,40,0,0,40,"[128, 40, 8]",1,40,False,920487cdb3ea7356e413,"0,1",expected_aligned_shape,Qwen/Qwen3.6-35B-A3B,ok,32,127,254,146,0.5748031496062992,254,218,0.8582677165354331,41,0.3228346456692913,0.968503937007874,246.0,0.9822834645669292,249.5,Qwen/Qwen3.6-35B-A3B-FP8
needle,2,127,8,2032,cross_model,1759,0.8656496062992126,273,0.1343503937007874,159,True,127,128,32,32,0,"[159, 40, 8]",0,True,32,True,128,159,32,0,0,32,"[128, 40, 8]",1,40,False,923e8a0e4829c62a5409,"0,1",expected_aligned_shape,Qwen/Qwen3.6-35B-A3B,ok,32,127,254,139,0.547244094488189,254,226,0.889763779527559,39,0.30708661417322836,0.9755030621172355,247.77777777777777,0.9862204724409449,250.5,Qwen/Qwen3.6-35B-A3B-FP8
logs,2,111,8,1776,cross_model,1565,0.8811936936936937,211,0.1188063063063063,143,True,111,112,32,32,0,"[143, 40, 8]",0,True,32,True,112,143,32,0,0,32,"[112, 40, 8]",1,40,False,926b6f8891804d72864f,"0,1",expected_aligned_shape,Qwen/Qwen3.6-35B-A3B,ok,32,111,222,123,0.5540540540540541,222,195,0.8783783783783784,33,0.2972972972972973,0.972172172172172,215.82222222222222,0.9842342342342343,218.5,Qwen/Qwen3.6-35B-A3B-FP8
mixed_language,2,24,8,384,cross_model,339,0.8828125,45,0.1171875,56,True,24,25,32,32,0,"[56, 40, 8]",0,True,32,True,25,56,32,0,0,32,"[25, 40, 8]",1,40,False,92700be4ef3a5fb144b6,"0,1",expected_aligned_shape,Qwen/Qwen3.6-35B-A3B,ok,32,24,48,26,0.5416666666666666,48,39,0.8125,6,0.25,0.9583333333333334,46.0,0.9765625,46.875,Qwen/Qwen3.6-35B-A3B-FP8
short_qa,2,127,8,2032,cross_model,1791,0.8813976377952756,241,0.1186023622047244,159,True,127,128,32,32,0,"[159, 40, 8]",0,True,32,True,128,159,32,0,0,32,"[128, 40, 8]",1,40,False,9275ef27e00389353e75,"0,1",expected_aligned_shape,Qwen/Qwen3.6-35B-A3B,ok,32,127,254,136,0.5354330708661418,254,216,0.8503937007874016,37,0.29133858267716534,0.9667541557305337,245.55555555555554,0.9812992125984252,249.25,Qwen/Qwen3.6-35B-A3B-FP8
logs,2,127,8,2032,cross_model,1790,0.8809055118110236,242,0.11909448818897637,159,True,127,128,32,32,0,"[159, 40, 8]",0,True,32,True,128,159,32,0,0,32,"[128, 40, 8]",1,40,False,92a2248985d77febb48f,"0,1",expected_aligned_shape,Qwen/Qwen3.6-35B-A3B,ok,32,127,254,150,0.5905511811023622,254,232,0.9133858267716536,47,0.3700787401574803,0.9807524059492564,249.11111111111111,0.9891732283464567,251.25,Qwen/Qwen3.6-35B-A3B-FP8
needle,2,127,8,2032,cross_model,1781,0.8764763779527559,251,0.1235236220472441,159,True,127,128,32,32,0,"[159, 40, 8]",0,True,32,True,128,159,32,0,0,32,"[128, 40, 8]",1,40,False,93073cdcb586446bbee2,"0,1",expected_aligned_shape,Qwen/Qwen3.6-35B-A3B,ok,32,127,254,144,0.5669291338582677,254,233,0.9173228346456693,42,0.33070866141732286,0.9816272965879266,249.33333333333334,0.9896653543307087,251.375,Qwen/Qwen3.6-35B-A3B-FP8
math_numeric,2,127,8,2032,cross_model,1345,0.6619094488188977,687,0.3380905511811024,159,True,127,128,32,32,0,"[159, 40, 8]",0,True,32,True,128,159,32,0,0,32,"[128, 40, 8]",1,40,False,931ae9fab340ba6d5feb,"0,1",expected_aligned_shape,Qwen/Qwen3.6-35B-A3B,ok,32,127,254,26,0.10236220472440945,254,173,0.6811023622047244,3,0.023622047244094488,0.9200349956255468,233.6888888888889,0.9537401574803149,242.25,Qwen/Qwen3.6-35B-A3B-FP8
low_margin,2,127,8,2032,cross_model,1811,0.8912401574803149,221,0.10875984251968504,166,True,127,128,39,39,0,"[166, 40, 8]",0,True,39,True,128,166,39,0,0,39,"[128, 40, 8]",1,40,False,936d2f4f34bc153938c7,"0,1",expected_aligned_shape,Qwen/Qwen3.6-35B-A3B,ok,32,127,254,157,0.6181102362204725,254,226,0.889763779527559,48,0.3779527559055118,0.9755030621172354,247.77777777777777,0.9862204724409449,250.5,Qwen/Qwen3.6-35B-A3B-FP8
code,2,127,8,2032,cross_model,1762,0.8671259842519685,270,0.1328740157480315,159,True,127,128,32,32,0,"[159, 40, 8]",0,True,32,True,128,159,32,0,0,32,"[128, 40, 8]",1,40,False,93b60f37729f176e892a,"0,1",expected_aligned_shape,Qwen/Qwen3.6-35B-A3B,ok,32,127,254,129,0.5078740157480315,254,214,0.84251968503937,32,0.25196850393700787,0.9650043744531934,245.11111111111111,0.9803149606299213,249.0,Qwen/Qwen3.6-35B-A3B-FP8
json_structured,2,127,8,2032,cross_model,1721,0.8469488188976378,311,0.1530511811023622,159,True,127,128,32,32,0,"[159, 40, 8]",0,True,32,True,128,159,32,0,0,32,"[128, 40, 8]",1,40,False,93fabd5451c8ad06e5a6,"0,1",expected_aligned_shape,Qwen/Qwen3.6-35B-A3B,ok,32,127,254,121,0.4763779527559055,254,203,0.7992125984251969,31,0.2440944881889764,0.9553805774278215,242.66666666666666,0.9749015748031497,247.625,Qwen/Qwen3.6-35B-A3B-FP8
chat,2,127,8,2032,cross_model,1768,0.8700787401574803,264,0.12992125984251968,159,True,127,128,32,32,0,"[159, 40, 8]",0,True,32,True,128,159,32,0,0,32,"[128, 40, 8]",1,40,False,945435bd96bddc603b32,"0,1",expected_aligned_shape,Qwen/Qwen3.6-35B-A3B,ok,32,127,254,138,0.5433070866141733,254,226,0.889763779527559,34,0.2677165354330709,0.9755030621172355,247.77777777777777,0.9862204724409449,250.5,Qwen/Qwen3.6-35B-A3B-FP8
math_numeric,2,127,8,2032,cross_model,1752,0.8622047244094488,280,0.1377952755905512,159,True,127,128,32,32,0,"[159, 40, 8]",0,True,32,True,128,159,32,0,0,32,"[128, 40, 8]",1,40,False,9454c66d812ca8015f40,"0,1",expected_aligned_shape,Qwen/Qwen3.6-35B-A3B,ok,32,127,254,129,0.5078740157480315,254,213,0.8385826771653543,38,0.2992125984251969,0.9641294838145231,244.88888888888889,0.9798228346456693,248.875,Qwen/Qwen3.6-35B-A3B-FP8
math_numeric,2,127,8,2032,cross_model,1763,0.8676181102362205,269,0.13238188976377951,159,True,127,128,32,32,0,"[159, 40, 8]",0,True,32,True,128,159,32,0,0,32,"[128, 40, 8]",1,40,False,949662d1b45ab08be739,"0,1",expected_aligned_shape,Qwen/Qwen3.6-35B-A3B,ok,32,127,254,140,0.5511811023622047,254,219,0.8622047244094488,40,0.31496062992125984,0.9693788276465443,246.22222222222223,0.9827755905511811,249.625,Qwen/Qwen3.6-35B-A3B-FP8
short_qa,2,127,8,2032,cross_model,1758,0.8651574803149606,274,0.13484251968503938,159,True,127,128,32,32,0,"[159, 40, 8]",0,True,32,True,128,159,32,0,0,32,"[128, 40, 8]",1,40,False,94c3b64c6bf713d43706,"0,1",expected_aligned_shape,Qwen/Qwen3.6-35B-A3B,ok,32,127,254,137,0.5393700787401575,254,232,0.9133858267716536,35,0.2755905511811024,0.9800524934383203,248.93333333333334,0.9886811023622047,251.125,Qwen/Qwen3.6-35B-A3B-FP8
short_qa,2,62,8,992,cross_model,843,0.8497983870967742,149,0.1502016129032258,94,True,62,63,32,32,0,"[94, 40, 8]",0,True,32,True,63,94,32,0,0,32,"[63, 40, 8]",1,40,False,94c9b024e01262064ee8,"0,1",expected_aligned_shape,Qwen/Qwen3.6-35B-A3B,ok,32,62,124,63,0.5080645161290323,124,103,0.8306451612903226,15,0.24193548387096775,0.9623655913978495,119.33333333333333,0.9788306451612904,121.375,Qwen/Qwen3.6-35B-A3B-FP8
needle,2,127,8,2032,cross_model,1747,0.859744094488189,285,0.14025590551181102,159,True,127,128,32,32,0,"[159, 40, 8]",0,True,32,True,128,159,32,0,0,32,"[128, 40, 8]",1,40,False,950f33e688fc0163fe83,"0,1",expected_aligned_shape,Qwen/Qwen3.6-35B-A3B,ok,32,127,254,129,0.5078740157480315,254,209,0.8228346456692913,34,0.2677165354330709,0.9599300087489064,243.82222222222222,0.9773622047244095,248.25,Qwen/Qwen3.6-35B-A3B-FP8
logs,2,127,8,2032,cross_model,1771,0.8715551181102362,261,0.12844488188976377,159,True,127,128,32,32,0,"[159, 40, 8]",0,True,32,True,128,159,32,0,0,32,"[128, 40, 8]",1,40,False,956d9d561147514093ad,"0,1",expected_aligned_shape,Qwen/Qwen3.6-35B-A3B,ok,32,127,254,134,0.5275590551181102,254,224,0.8818897637795275,35,0.2755905511811024,0.9737532808398951,247.33333333333334,0.985236220472441,250.25,Qwen/Qwen3.6-35B-A3B-FP8
short_qa,2,127,8,2032,cross_model,1806,0.8887795275590551,226,0.11122047244094488,166,True,127,128,39,39,0,"[166, 40, 8]",0,True,39,True,128,166,39,0,0,39,"[128, 40, 8]",1,40,False,95af21ac53e5a74d9dc8,"0,1",expected_aligned_shape,Qwen/Qwen3.6-35B-A3B,ok,32,127,254,152,0.5984251968503937,254,232,0.9133858267716536,46,0.36220472440944884,0.9807524059492564,249.11111111111111,0.9891732283464567,251.25,Qwen/Qwen3.6-35B-A3B-FP8
logs,2,100,8,1600,cross_model,1420,0.8875,180,0.1125,132,True,100,101,32,32,0,"[132, 40, 8]",0,True,32,True,101,132,32,0,0,32,"[101, 40, 8]",1,40,False,95cdcf7639cf6452a717,"0,1",expected_aligned_shape,Qwen/Qwen3.6-35B-A3B,ok,32,100,200,118,0.59,200,176,0.88,37,0.37,0.9733333333333334,194.66666666666666,0.985,197.0,Qwen/Qwen3.6-35B-A3B-FP8
code,2,127,8,2032,cross_model,1752,0.8622047244094488,280,0.1377952755905512,159,True,127,128,32,32,0,"[159, 40, 8]",0,True,32,True,128,159,32,0,0,32,"[128, 40, 8]",1,40,False,95d8bd020621ee918a68,"0,1",expected_aligned_shape,Qwen/Qwen3.6-35B-A3B,ok,32,127,254,141,0.5551181102362205,254,215,0.8464566929133859,35,0.2755905511811024,0.9658792650918635,245.33333333333334,0.9808070866141733,249.125,Qwen/Qwen3.6-35B-A3B-FP8
math_numeric,2,127,8,2032,cross_model,1799,0.8853346456692913,233,0.11466535433070867,159,True,127,128,32,32,0,"[159, 40, 8]",0,True,32,True,128,159,32,0,0,32,"[128, 40, 8]",1,40,False,96c2ea5592f2ccf72270,"0,1",expected_aligned_shape,Qwen/Qwen3.6-35B-A3B,ok,32,127,254,154,0.6062992125984252,254,224,0.8818897637795275,50,0.3937007874015748,0.9737532808398951,247.33333333333334,0.985236220472441,250.25,Qwen/Qwen3.6-35B-A3B-FP8
low_margin,2,127,8,2032,cross_model,1772,0.8720472440944882,260,0.1279527559055118,167,True,127,128,40,40,0,"[167, 40, 8]",0,True,40,True,128,167,40,0,0,40,"[128, 40, 8]",1,40,False,97635eef2c4a536f1a9c,"0,1",expected_aligned_shape,Qwen/Qwen3.6-35B-A3B,ok,32,127,254,135,0.531496062992126,254,207,0.8149606299212598,42,0.33070866141732286,0.9581802274715662,243.37777777777777,0.9763779527559056,248.0,Qwen/Qwen3.6-35B-A3B-FP8
low_margin,2,127,8,2032,cross_model,1821,0.8961614173228346,211,0.10383858267716535,167,True,127,128,40,40,0,"[167, 40, 8]",0,True,40,True,128,167,40,0,0,40,"[128, 40, 8]",1,40,False,9778cb7f4462c7e5a6bb,"0,1",expected_aligned_shape,Qwen/Qwen3.6-35B-A3B,ok,32,127,254,161,0.6338582677165354,254,227,0.8937007874015748,51,0.4015748031496063,0.9756780402449694,247.82222222222222,0.9862204724409449,250.5,Qwen/Qwen3.6-35B-A3B-FP8
summarization,2,127,8,2032,cross_model,1818,0.8946850393700787,214,0.10531496062992125,167,True,127,128,40,40,0,"[167, 40, 8]",0,True,40,True,128,167,40,0,0,40,"[128, 40, 8]",1,40,False,977dba706199d097d6fe,"0,1",expected_aligned_shape,Qwen/Qwen3.6-35B-A3B,ok,32,127,254,151,0.594488188976378,254,218,0.8582677165354331,43,0.33858267716535434,0.968503937007874,246.0,0.9822834645669292,249.5,Qwen/Qwen3.6-35B-A3B-FP8
math_numeric,2,127,8,2032,cross_model,1779,0.875492125984252,253,0.12450787401574803,159,True,127,128,32,32,0,"[159, 40, 8]",0,True,32,True,128,159,32,0,0,32,"[128, 40, 8]",1,40,False,97c0d2ccb5929d573fb4,"0,1",expected_aligned_shape,Qwen/Qwen3.6-35B-A3B,ok,32,127,254,145,0.5708661417322834,254,220,0.8661417322834646,43,0.33858267716535434,0.9695538057742782,246.26666666666668,0.9827755905511811,249.625,Qwen/Qwen3.6-35B-A3B-FP8
code,2,127,8,2032,cross_model,1768,0.8700787401574803,264,0.12992125984251968,159,True,127,128,32,32,0,"[159, 40, 8]",0,True,32,True,128,159,32,0,0,32,"[128, 40, 8]",1,40,False,97e513b5080922851ec5,"0,1",expected_aligned_shape,Qwen/Qwen3.6-35B-A3B,ok,32,127,254,129,0.5078740157480315,254,212,0.8346456692913385,34,0.2677165354330709,0.9632545931758529,244.66666666666666,0.9793307086614174,248.75,Qwen/Qwen3.6-35B-A3B-FP8
low_margin,2,127,8,2032,cross_model,1776,0.8740157480314961,256,0.12598425196850394,165,True,127,128,38,38,0,"[165, 40, 8]",0,True,38,True,128,165,38,0,0,38,"[128, 40, 8]",1,40,False,97eef9bf61d78dbe04cb,"0,1",expected_aligned_shape,Qwen/Qwen3.6-35B-A3B,ok,32,127,254,136,0.5354330708661418,254,216,0.8503937007874016,32,0.25196850393700787,0.9667541557305336,245.55555555555554,0.9812992125984252,249.25,Qwen/Qwen3.6-35B-A3B-FP8
json_structured,2,127,8,2032,cross_model,1794,0.8828740157480315,238,0.1171259842519685,159,True,127,128,32,32,0,"[159, 40, 8]",0,True,32,True,128,159,32,0,0,32,"[128, 40, 8]",1,40,False,988fea42cce728b13a95,"0,1",expected_aligned_shape,Qwen/Qwen3.6-35B-A3B,ok,32,127,254,146,0.5748031496062992,254,224,0.8818897637795275,43,0.33858267716535434,0.9737532808398951,247.33333333333334,0.985236220472441,250.25,Qwen/Qwen3.6-35B-A3B-FP8
chat,2,127,8,2032,cross_model,1793,0.8823818897637795,239,0.11761811023622047,159,True,127,128,32,32,0,"[159, 40, 8]",0,True,32,True,128,159,32,0,0,32,"[128, 40, 8]",1,40,False,989223a35c82a9c924d7,"0,1",expected_aligned_shape,Qwen/Qwen3.6-35B-A3B,ok,32,127,254,146,0.5748031496062992,254,226,0.889763779527559,41,0.3228346456692913,0.9741032370953631,247.42222222222222,0.985236220472441,250.25,Qwen/Qwen3.6-35B-A3B-FP8
summarization,2,127,8,2032,cross_model,1782,0.8769685039370079,250,0.12303149606299213,163,True,127,128,36,36,0,"[163, 40, 8]",0,True,36,True,128,163,36,0,0,36,"[128, 40, 8]",1,40,False,98b5f162f676011fb726,"0,1",expected_aligned_shape,Qwen/Qwen3.6-35B-A3B,ok,32,127,254,145,0.5708661417322834,254,230,0.905511811023622,44,0.3464566929133858,0.9790026246719161,248.66666666666666,0.9881889763779528,251.0,Qwen/Qwen3.6-35B-A3B-FP8
logs,2,69,8,1104,cross_model,980,0.8876811594202898,124,0.11231884057971014,101,True,69,70,32,32,0,"[101, 40, 8]",0,True,32,True,70,101,32,0,0,32,"[70, 40, 8]",1,40,False,98f863bfa0adecb134b6,"0,1",expected_aligned_shape,Qwen/Qwen3.6-35B-A3B,ok,32,69,138,83,0.6014492753623188,138,123,0.8913043478260869,27,0.391304347826087,0.9758454106280194,134.66666666666666,0.9864130434782609,136.125,Qwen/Qwen3.6-35B-A3B-FP8
summarization,2,127,8,2032,cross_model,1794,0.8828740157480315,238,0.1171259842519685,163,True,127,128,36,36,0,"[163, 40, 8]",0,True,36,True,128,163,36,0,0,36,"[128, 40, 8]",1,40,False,995ced5a07b811c64ec3,"0,1",expected_aligned_shape,Qwen/Qwen3.6-35B-A3B,ok,32,127,254,149,0.5866141732283464,254,219,0.8622047244094488,43,0.33858267716535434,0.9693788276465443,246.22222222222223,0.9827755905511811,249.625,Qwen/Qwen3.6-35B-A3B-FP8
json_structured,2,127,8,2032,cross_model,1771,0.8715551181102362,261,0.12844488188976377,166,True,127,128,39,39,0,"[166, 40, 8]",0,True,39,True,128,166,39,0,0,39,"[128, 40, 8]",1,40,False,996641191bc8907bbda6,"0,1",expected_aligned_shape,Qwen/Qwen3.6-35B-A3B,ok,32,127,254,135,0.531496062992126,254,218,0.8582677165354331,36,0.28346456692913385,0.968503937007874,246.0,0.9822834645669292,249.5,Qwen/Qwen3.6-35B-A3B-FP8
code,2,127,8,2032,cross_model,1800,0.8858267716535433,232,0.1141732283464567,159,True,127,128,32,32,0,"[159, 40, 8]",0,True,32,True,128,159,32,0,0,32,"[128, 40, 8]",1,40,False,99a65da76e4ea87b0250,"0,1",expected_aligned_shape,Qwen/Qwen3.6-35B-A3B,ok,32,127,254,146,0.5748031496062992,254,227,0.8937007874015748,38,0.2992125984251969,0.9763779527559056,248.0,0.9867125984251969,250.625,Qwen/Qwen3.6-35B-A3B-FP8
short_qa,2,127,8,2032,cross_model,1787,0.8794291338582677,245,0.12057086614173228,166,True,127,128,39,39,0,"[166, 40, 8]",0,True,39,True,128,166,39,0,0,39,"[128, 40, 8]",1,40,False,99a78f400e015cd2fba3,"0,1",expected_aligned_shape,Qwen/Qwen3.6-35B-A3B,ok,32,127,254,145,0.5708661417322834,254,219,0.8622047244094488,39,0.30708661417322836,0.9693788276465443,246.22222222222223,0.9827755905511811,249.625,Qwen/Qwen3.6-35B-A3B-FP8
low_margin,2,127,8,2032,cross_model,1775,0.8735236220472441,257,0.1264763779527559,166,True,127,128,39,39,0,"[166, 40, 8]",0,True,39,True,128,166,39,0,0,39,"[128, 40, 8]",1,40,False,99aa773428705b28a4d8,"0,1",expected_aligned_shape,Qwen/Qwen3.6-35B-A3B,ok,32,127,254,135,0.531496062992126,254,214,0.84251968503937,39,0.30708661417322836,0.9650043744531933,245.11111111111111,0.9803149606299213,249.0,Qwen/Qwen3.6-35B-A3B-FP8
json_structured,2,127,8,2032,cross_model,1810,0.890748031496063,222,0.10925196850393701,167,True,127,128,40,40,0,"[167, 40, 8]",0,True,40,True,128,167,40,0,0,40,"[128, 40, 8]",1,40,False,99c8e7d0f416023a1076,"0,1",expected_aligned_shape,Qwen/Qwen3.6-35B-A3B,ok,32,127,254,152,0.5984251968503937,254,224,0.8818897637795275,45,0.3543307086614173,0.973753280839895,247.33333333333334,0.985236220472441,250.25,Qwen/Qwen3.6-35B-A3B-FP8
short_qa,2,127,8,2032,cross_model,1793,0.8823818897637795,239,0.11761811023622047,166,True,127,128,39,39,0,"[166, 40, 8]",0,True,39,True,128,166,39,0,0,39,"[128, 40, 8]",1,40,False,9a2f9d506b9d5b97607c,"0,1",expected_aligned_shape,Qwen/Qwen3.6-35B-A3B,ok,32,127,254,150,0.5905511811023622,254,229,0.9015748031496063,44,0.3464566929133858,0.9781277340332459,248.44444444444446,0.9876968503937008,250.875,Qwen/Qwen3.6-35B-A3B-FP8
chat,2,127,8,2032,cross_model,1758,0.8651574803149606,274,0.13484251968503938,167,True,127,128,40,40,0,"[167, 40, 8]",0,True,40,True,128,167,40,0,0,40,"[128, 40, 8]",1,40,False,9a8db0012177e738611b,"0,1",expected_aligned_shape,Qwen/Qwen3.6-35B-A3B,ok,32,127,254,136,0.5354330708661418,254,225,0.8858267716535433,39,0.30708661417322836,0.9739282589676291,247.37777777777777,0.985236220472441,250.25,Qwen/Qwen3.6-35B-A3B-FP8
math_numeric,2,127,8,2032,cross_model,1790,0.8809055118110236,242,0.11909448818897637,159,True,127,128,32,32,0,"[159, 40, 8]",0,True,32,True,128,159,32,0,0,32,"[128, 40, 8]",1,40,False,9a95484e1fd6565bd8c2,"0,1",expected_aligned_shape,Qwen/Qwen3.6-35B-A3B,ok,32,127,254,143,0.562992125984252,254,215,0.8464566929133859,48,0.3779527559055118,0.9651793525809274,245.15555555555557,0.9803149606299213,249.0,Qwen/Qwen3.6-35B-A3B-FP8
logs,2,122,8,1952,cross_model,1704,0.8729508196721312,248,0.12704918032786885,154,True,122,123,32,32,0,"[154, 40, 8]",0,True,32,True,123,154,32,0,0,32,"[123, 40, 8]",1,40,False,9ae88093def743519010,"0,1",expected_aligned_shape,Qwen/Qwen3.6-35B-A3B,ok,32,122,244,132,0.5409836065573771,244,218,0.8934426229508197,42,0.3442622950819672,0.97632058287796,238.22222222222223,0.9866803278688525,240.75,Qwen/Qwen3.6-35B-A3B-FP8
json_structured,2,127,8,2032,cross_model,1772,0.8720472440944882,260,0.1279527559055118,159,True,127,128,32,32,0,"[159, 40, 8]",0,True,32,True,128,159,32,0,0,32,"[128, 40, 8]",1,40,False,9b0aaf167f9dba2230dc,"0,1",expected_aligned_shape,Qwen/Qwen3.6-35B-A3B,ok,32,127,254,140,0.5511811023622047,254,221,0.8700787401574803,39,0.30708661417322836,0.9711286089238846,246.66666666666666,0.9837598425196851,249.875,Qwen/Qwen3.6-35B-A3B-FP8
low_margin,2,127,8,2032,cross_model,1792,0.8818897637795275,240,0.11811023622047244,167,True,127,128,40,40,0,"[167, 40, 8]",0,True,40,True,128,167,40,0,0,40,"[128, 40, 8]",1,40,False,9b621d1a22f073b4a89a,"0,1",expected_aligned_shape,Qwen/Qwen3.6-35B-A3B,ok,32,127,254,144,0.5669291338582677,254,224,0.8818897637795275,46,0.36220472440944884,0.9737532808398951,247.33333333333334,0.985236220472441,250.25,Qwen/Qwen3.6-35B-A3B-FP8
json_structured,2,127,8,2032,cross_model,1783,0.8774606299212598,249,0.12253937007874016,159,True,127,128,32,32,0,"[159, 40, 8]",0,True,32,True,128,159,32,0,0,32,"[128, 40, 8]",1,40,False,9b99ba5424f38b6a222b,"0,1",expected_aligned_shape,Qwen/Qwen3.6-35B-A3B,ok,32,127,254,146,0.5748031496062992,254,230,0.905511811023622,43,0.33858267716535434,0.979002624671916,248.66666666666666,0.9881889763779528,251.0,Qwen/Qwen3.6-35B-A3B-FP8
math_numeric,2,127,8,2032,cross_model,1729,0.8508858267716536,303,0.14911417322834647,159,True,127,128,32,32,0,"[159, 40, 8]",0,True,32,True,128,159,32,0,0,32,"[128, 40, 8]",1,40,False,9b9b1228a280163107e6,"0,1",expected_aligned_shape,Qwen/Qwen3.6-35B-A3B,ok,32,127,254,129,0.5078740157480315,254,207,0.8149606299212598,35,0.2755905511811024,0.9567804024496938,243.0222222222222,0.9753937007874016,247.75,Qwen/Qwen3.6-35B-A3B-FP8
summarization,2,127,8,2032,cross_model,1798,0.8848425196850394,234,0.11515748031496063,159,True,127,128,32,32,0,"[159, 40, 8]",0,True,32,True,128,159,32,0,0,32,"[128, 40, 8]",1,40,False,9bd67e1410071f0d7c35,"0,1",expected_aligned_shape,Qwen/Qwen3.6-35B-A3B,ok,32,127,254,148,0.5826771653543307,254,226,0.889763779527559,40,0.31496062992125984,0.9755030621172354,247.77777777777777,0.9862204724409449,250.5,Qwen/Qwen3.6-35B-A3B-FP8
summarization,2,127,8,2032,cross_model,1780,0.8759842519685039,252,0.12401574803149606,163,True,127,128,36,36,0,"[163, 40, 8]",0,True,36,True,128,163,36,0,0,36,"[128, 40, 8]",1,40,False,9c3f18c58adf55cc27bd,"0,1",expected_aligned_shape,Qwen/Qwen3.6-35B-A3B,ok,32,127,254,143,0.562992125984252,254,225,0.8858267716535433,40,0.31496062992125984,0.9746281714785653,247.55555555555554,0.9857283464566929,250.375,Qwen/Qwen3.6-35B-A3B-FP8
needle,2,127,8,2032,cross_model,1759,0.8656496062992126,273,0.1343503937007874,159,True,127,128,32,32,0,"[159, 40, 8]",0,True,32,True,128,159,32,0,0,32,"[128, 40, 8]",1,40,False,9c4082ff8ebaef710bdc,"0,1",expected_aligned_shape,Qwen/Qwen3.6-35B-A3B,ok,32,127,254,134,0.5275590551181102,254,220,0.8661417322834646,35,0.2755905511811024,0.9702537182852145,246.44444444444446,0.9832677165354331,249.75,Qwen/Qwen3.6-35B-A3B-FP8
needle,2,127,8,2032,cross_model,1758,0.8651574803149606,274,0.13484251968503938,159,True,127,128,32,32,0,"[159, 40, 8]",0,True,32,True,128,159,32,0,0,32,"[128, 40, 8]",1,40,False,9c52346bbd0ac398b927,"0,1",expected_aligned_shape,Qwen/Qwen3.6-35B-A3B,ok,32,127,254,132,0.5196850393700787,254,228,0.8976377952755905,32,0.25196850393700787,0.9772528433945759,248.22222222222223,0.9872047244094488,250.75,Qwen/Qwen3.6-35B-A3B-FP8
chat,2,127,8,2032,cross_model,1783,0.8774606299212598,249,0.12253937007874016,167,True,127,128,40,40,0,"[167, 40, 8]",0,True,40,True,128,167,40,0,0,40,"[128, 40, 8]",1,40,False,9c9d0d55e64f4de84a34,"0,1",expected_aligned_shape,Qwen/Qwen3.6-35B-A3B,ok,32,127,254,149,0.5866141732283464,254,221,0.8700787401574803,44,0.3464566929133858,0.9697287839020123,246.3111111111111,0.9827755905511811,249.625,Qwen/Qwen3.6-35B-A3B-FP8
logs,2,100,8,1600,cross_model,1445,0.903125,155,0.096875,132,True,100,101,32,32,0,"[132, 40, 8]",0,True,32,True,101,132,32,0,0,32,"[101, 40, 8]",1,40,False,9cb01dd67c3fba73b586,"0,1",expected_aligned_shape,Qwen/Qwen3.6-35B-A3B,ok,32,100,200,126,0.63,200,176,0.88,40,0.4,0.9724444444444444,194.48888888888888,0.984375,196.875,Qwen/Qwen3.6-35B-A3B-FP8
logs,2,127,8,2032,cross_model,1760,0.8661417322834646,272,0.13385826771653545,159,True,127,128,32,32,0,"[159, 40, 8]",0,True,32,True,128,159,32,0,0,32,"[128, 40, 8]",1,40,False,9cf343b1c0185f983372,"0,1",expected_aligned_shape,Qwen/Qwen3.6-35B-A3B,ok,32,127,254,139,0.547244094488189,254,231,0.9094488188976378,40,0.31496062992125984,0.97917760279965,248.7111111111111,0.9881889763779528,251.0,Qwen/Qwen3.6-35B-A3B-FP8
summarization,2,127,8,2032,cross_model,1781,0.8764763779527559,251,0.1235236220472441,167,True,127,128,40,40,0,"[167, 40, 8]",0,True,40,True,128,167,40,0,0,40,"[128, 40, 8]",1,40,False,9d063fad8bdbf2e4c12e,"0,1",expected_aligned_shape,Qwen/Qwen3.6-35B-A3B,ok,32,127,254,137,0.5393700787401575,254,221,0.8700787401574803,35,0.2755905511811024,0.9704286964129484,246.48888888888888,0.9832677165354331,249.75,Qwen/Qwen3.6-35B-A3B-FP8
json_structured,2,127,8,2032,cross_model,1818,0.8946850393700787,214,0.10531496062992125,159,True,127,128,32,32,0,"[159, 40, 8]",0,True,32,True,128,159,32,0,0,32,"[128, 40, 8]",1,40,False,9d4b803381a48c580983,"0,1",expected_aligned_shape,Qwen/Qwen3.6-35B-A3B,ok,32,127,254,155,0.610236220472441,254,227,0.8937007874015748,50,0.3937007874015748,0.9763779527559057,248.0,0.9867125984251969,250.625,Qwen/Qwen3.6-35B-A3B-FP8
low_margin,2,1,8,16,cross_model,12,0.75,4,0.25,41,True,1,2,40,40,0,"[41, 40, 8]",0,True,40,True,2,41,40,0,0,40,"[2, 40, 8]",1,40,False,9d54838f66bf62752beb,"0,1",expected_aligned_shape,Qwen/Qwen3.6-35B-A3B,ok,32,1,2,0,0.0,2,0,0.0,0,0.0,0.7777777777777778,1.5555555555555556,0.875,1.75,Qwen/Qwen3.6-35B-A3B-FP8
summarization,2,127,8,2032,cross_model,1770,0.8710629921259843,262,0.12893700787401574,159,True,127,128,32,32,0,"[159, 40, 8]",0,True,32,True,128,159,32,0,0,32,"[128, 40, 8]",1,40,False,9d869805c2a756f51c65,"0,1",expected_aligned_shape,Qwen/Qwen3.6-35B-A3B,ok,32,127,254,131,0.515748031496063,254,208,0.8188976377952756,35,0.2755905511811024,0.9590551181102364,243.6,0.9768700787401575,248.125,Qwen/Qwen3.6-35B-A3B-FP8
chat,2,127,8,2032,cross_model,1799,0.8853346456692913,233,0.11466535433070867,167,True,127,128,40,40,0,"[167, 40, 8]",0,True,40,True,128,167,40,0,0,40,"[128, 40, 8]",1,40,False,9e05735e2b489e577b8d,"0,1",expected_aligned_shape,Qwen/Qwen3.6-35B-A3B,ok,32,127,254,145,0.5708661417322834,254,222,0.8740157480314961,47,0.3700787401574803,0.9720034995625547,246.88888888888889,0.984251968503937,250.0,Qwen/Qwen3.6-35B-A3B-FP8
short_qa,2,127,8,2032,cross_model,1782,0.8769685039370079,250,0.12303149606299213,159,True,127,128,32,32,0,"[159, 40, 8]",0,True,32,True,128,159,32,0,0,32,"[128, 40, 8]",1,40,False,9e12983f7b0c36eb5311,"0,1",expected_aligned_shape,Qwen/Qwen3.6-35B-A3B,ok,32,127,254,139,0.547244094488189,254,217,0.8543307086614174,40,0.31496062992125984,0.9676290463692038,245.77777777777777,0.9817913385826772,249.375,Qwen/Qwen3.6-35B-A3B-FP8
chat,2,127,8,2032,cross_model,1781,0.8764763779527559,251,0.1235236220472441,167,True,127,128,40,40,0,"[167, 40, 8]",0,True,40,True,128,167,40,0,0,40,"[128, 40, 8]",1,40,False,9e2e70e523e9c354fe93,"0,1",expected_aligned_shape,Qwen/Qwen3.6-35B-A3B,ok,32,127,254,143,0.562992125984252,254,226,0.889763779527559,43,0.33858267716535434,0.9755030621172356,247.77777777777777,0.9862204724409449,250.5,Qwen/Qwen3.6-35B-A3B-FP8
short_qa,2,127,8,2032,cross_model,1817,0.8941929133858267,215,0.10580708661417323,166,True,127,128,39,39,0,"[166, 40, 8]",0,True,39,True,128,166,39,0,0,39,"[128, 40, 8]",1,40,False,9e51bbcb1de85a3769a5,"0,1",expected_aligned_shape,Qwen/Qwen3.6-35B-A3B,ok,32,127,254,155,0.610236220472441,254,226,0.889763779527559,48,0.3779527559055118,0.9755030621172353,247.77777777777777,0.9862204724409449,250.5,Qwen/Qwen3.6-35B-A3B-FP8
logs,2,127,8,2032,cross_model,1788,0.8799212598425197,244,0.12007874015748031,159,True,127,128,32,32,0,"[159, 40, 8]",0,True,32,True,128,159,32,0,0,32,"[128, 40, 8]",1,40,False,9e57e7c149c2525e0d02,"0,1",expected_aligned_shape,Qwen/Qwen3.6-35B-A3B,ok,32,127,254,141,0.5551181102362205,254,220,0.8661417322834646,44,0.3464566929133858,0.9702537182852145,246.44444444444446,0.9832677165354331,249.75,Qwen/Qwen3.6-35B-A3B-FP8
needle,2,127,8,2032,cross_model,1771,0.8715551181102362,261,0.12844488188976377,159,True,127,128,32,32,0,"[159, 40, 8]",0,True,32,True,128,159,32,0,0,32,"[128, 40, 8]",1,40,False,9e91e83c475e55620bed,"0,1",expected_aligned_shape,Qwen/Qwen3.6-35B-A3B,ok,32,127,254,145,0.5708661417322834,254,233,0.9173228346456693,39,0.30708661417322836,0.9816272965879266,249.33333333333334,0.9896653543307087,251.375,Qwen/Qwen3.6-35B-A3B-FP8
low_margin,2,127,8,2032,cross_model,1797,0.8843503937007874,235,0.1156496062992126,167,True,127,128,40,40,0,"[167, 40, 8]",0,True,40,True,128,167,40,0,0,40,"[128, 40, 8]",1,40,False,9ecd0e9fec1ac918ebde,"0,1",expected_aligned_shape,Qwen/Qwen3.6-35B-A3B,ok,32,127,254,148,0.5826771653543307,254,224,0.8818897637795275,44,0.3464566929133858,0.973053368328959,247.15555555555557,0.984744094488189,250.125,Qwen/Qwen3.6-35B-A3B-FP8
logs,2,127,8,2032,cross_model,1752,0.8622047244094488,280,0.1377952755905512,159,True,127,128,32,32,0,"[159, 40, 8]",0,True,32,True,128,159,32,0,0,32,"[128, 40, 8]",1,40,False,9f22b2d409a204396384,"0,1",expected_aligned_shape,Qwen/Qwen3.6-35B-A3B,ok,32,127,254,132,0.5196850393700787,254,219,0.8622047244094488,35,0.2755905511811024,0.9686789151356081,246.04444444444445,0.9822834645669292,249.5,Qwen/Qwen3.6-35B-A3B-FP8
code,2,127,8,2032,cross_model,1793,0.8823818897637795,239,0.11761811023622047,159,True,127,128,32,32,0,"[159, 40, 8]",0,True,32,True,128,159,32,0,0,32,"[128, 40, 8]",1,40,False,9f7c3794d470a93e2b55,"0,1",expected_aligned_shape,Qwen/Qwen3.6-35B-A3B,ok,32,127,254,142,0.5590551181102362,254,223,0.8779527559055118,43,0.33858267716535434,0.9728783902012249,247.11111111111111,0.984744094488189,250.125,Qwen/Qwen3.6-35B-A3B-FP8
json_structured,2,127,8,2032,cross_model,1801,0.8863188976377953,231,0.11368110236220473,159,True,127,128,32,32,0,"[159, 40, 8]",0,True,32,True,128,159,32,0,0,32,"[128, 40, 8]",1,40,False,9fe5ec46337e59f8a266,"0,1",expected_aligned_shape,Qwen/Qwen3.6-35B-A3B,ok,32,127,254,148,0.5826771653543307,254,227,0.8937007874015748,45,0.3543307086614173,0.9763779527559056,248.0,0.9867125984251969,250.625,Qwen/Qwen3.6-35B-A3B-FP8
code,2,127,8,2032,cross_model,1774,0.8730314960629921,258,0.12696850393700787,166,True,127,128,39,39,0,"[166, 40, 8]",0,True,39,True,128,166,39,0,0,39,"[128, 40, 8]",1,40,False,a0318b7ae7b1f1b1216e,"0,1",expected_aligned_shape,Qwen/Qwen3.6-35B-A3B,ok,32,127,254,142,0.5590551181102362,254,224,0.8818897637795275,45,0.3543307086614173,0.9737532808398951,247.33333333333334,0.985236220472441,250.25,Qwen/Qwen3.6-35B-A3B-FP8
chat,2,127,8,2032,cross_model,1783,0.8774606299212598,249,0.12253937007874016,159,True,127,128,32,32,0,"[159, 40, 8]",0,True,32,True,128,159,32,0,0,32,"[128, 40, 8]",1,40,False,a0908cbd942c7afba57f,"0,1",expected_aligned_shape,Qwen/Qwen3.6-35B-A3B,ok,32,127,254,141,0.5551181102362205,254,222,0.8740157480314961,38,0.2992125984251969,0.9720034995625548,246.88888888888889,0.984251968503937,250.0,Qwen/Qwen3.6-35B-A3B-FP8
low_margin,2,127,8,2032,cross_model,1793,0.8823818897637795,239,0.11761811023622047,167,True,127,128,40,40,0,"[167, 40, 8]",0,True,40,True,128,167,40,0,0,40,"[128, 40, 8]",1,40,False,a0af2e54f7e8536888b7,"0,1",expected_aligned_shape,Qwen/Qwen3.6-35B-A3B,ok,32,127,254,148,0.5826771653543307,254,216,0.8503937007874016,45,0.3543307086614173,0.9667541557305337,245.55555555555554,0.9812992125984252,249.25,Qwen/Qwen3.6-35B-A3B-FP8
mixed_language,2,104,8,1664,cross_model,1488,0.8942307692307693,176,0.10576923076923077,136,True,104,105,32,32,0,"[136, 40, 8]",0,True,32,True,105,136,32,0,0,32,"[105, 40, 8]",1,40,False,a0ef74c9f5c4cdfb5339,"0,1",expected_aligned_shape,Qwen/Qwen3.6-35B-A3B,ok,32,104,208,130,0.625,208,180,0.8653846153846154,41,0.3942307692307692,0.9692307692307693,201.6,0.9825721153846154,204.375,Qwen/Qwen3.6-35B-A3B-FP8
code,2,127,8,2032,cross_model,1776,0.8740157480314961,256,0.12598425196850394,166,True,127,128,39,39,0,"[166, 40, 8]",0,True,39,True,128,166,39,0,0,39,"[128, 40, 8]",1,40,False,a22087cc4b0a48639766,"0,1",expected_aligned_shape,Qwen/Qwen3.6-35B-A3B,ok,32,127,254,142,0.5590551181102362,254,231,0.9094488188976378,45,0.3543307086614173,0.9798775153105862,248.88888888888889,0.9886811023622047,251.125,Qwen/Qwen3.6-35B-A3B-FP8
code,2,127,8,2032,cross_model,1770,0.8710629921259843,262,0.12893700787401574,159,True,127,128,32,32,0,"[159, 40, 8]",0,True,32,True,128,159,32,0,0,32,"[128, 40, 8]",1,40,False,a2cb8e5fe9bfcdf09c2e,"0,1",expected_aligned_shape,Qwen/Qwen3.6-35B-A3B,ok,32,127,254,129,0.5078740157480315,254,220,0.8661417322834646,32,0.25196850393700787,0.9702537182852145,246.44444444444446,0.9832677165354331,249.75,Qwen/Qwen3.6-35B-A3B-FP8
chat,2,127,8,2032,cross_model,1779,0.875492125984252,253,0.12450787401574803,159,True,127,128,32,32,0,"[159, 40, 8]",0,True,32,True,128,159,32,0,0,32,"[128, 40, 8]",1,40,False,a2fc1379dfee4e2b71bb,"0,1",expected_aligned_shape,Qwen/Qwen3.6-35B-A3B,ok,32,127,254,145,0.5708661417322834,254,224,0.8818897637795275,43,0.33858267716535434,0.973753280839895,247.33333333333334,0.985236220472441,250.25,Qwen/Qwen3.6-35B-A3B-FP8
math_numeric,2,127,8,2032,cross_model,1737,0.8548228346456693,295,0.1451771653543307,159,True,127,128,32,32,0,"[159, 40, 8]",0,True,32,True,128,159,32,0,0,32,"[128, 40, 8]",1,40,False,a2fc55a2e666bdc1eaec,"0,1",expected_aligned_shape,Qwen/Qwen3.6-35B-A3B,ok,32,127,254,125,0.4921259842519685,254,201,0.7913385826771654,30,0.23622047244094488,0.9536307961504813,242.22222222222223,0.9739173228346457,247.375,Qwen/Qwen3.6-35B-A3B-FP8
chat,2,127,8,2032,cross_model,1793,0.8823818897637795,239,0.11761811023622047,167,True,127,128,40,40,0,"[167, 40, 8]",0,True,40,True,128,167,40,0,0,40,"[128, 40, 8]",1,40,False,a301ba74b17f06f7166b,"0,1",expected_aligned_shape,Qwen/Qwen3.6-35B-A3B,ok,32,127,254,146,0.5748031496062992,254,227,0.8937007874015748,45,0.3543307086614173,0.9763779527559056,248.0,0.9867125984251969,250.625,Qwen/Qwen3.6-35B-A3B-FP8
mixed_language,2,103,8,1648,cross_model,1463,0.8877427184466019,185,0.11225728155339806,135,True,103,104,32,32,0,"[135, 40, 8]",0,True,32,True,104,135,32,0,0,32,"[104, 40, 8]",1,40,False,a349a39549bc82697949,"0,1",expected_aligned_shape,Qwen/Qwen3.6-35B-A3B,ok,32,103,206,124,0.6019417475728155,206,182,0.883495145631068,38,0.36893203883495146,0.9741100323624596,200.66666666666666,0.9854368932038835,203.0,Qwen/Qwen3.6-35B-A3B-FP8
json_structured,2,127,8,2032,cross_model,1769,0.8705708661417323,263,0.1294291338582677,159,True,127,128,32,32,0,"[159, 40, 8]",0,True,32,True,128,159,32,0,0,32,"[128, 40, 8]",1,40,False,a39af40725e29a05b750,"0,1",expected_aligned_shape,Qwen/Qwen3.6-35B-A3B,ok,32,127,254,134,0.5275590551181102,254,220,0.8661417322834646,39,0.30708661417322836,0.9702537182852145,246.44444444444446,0.9832677165354331,249.75,Qwen/Qwen3.6-35B-A3B-FP8
code,2,127,8,2032,cross_model,1780,0.8759842519685039,252,0.12401574803149606,159,True,127,128,32,32,0,"[159, 40, 8]",0,True,32,True,128,159,32,0,0,32,"[128, 40, 8]",1,40,False,a3b49ca38174e5ad8261,"0,1",expected_aligned_shape,Qwen/Qwen3.6-35B-A3B,ok,32,127,254,148,0.5826771653543307,254,229,0.9015748031496063,44,0.3464566929133858,0.9781277340332459,248.44444444444446,0.9876968503937008,250.875,Qwen/Qwen3.6-35B-A3B-FP8
math_numeric,2,127,8,2032,cross_model,1399,0.6884842519685039,633,0.31151574803149606,159,True,127,128,32,32,0,"[159, 40, 8]",0,True,32,True,128,159,32,0,0,32,"[128, 40, 8]",1,40,False,a3f30b6155a3246d4bfa,"0,1",expected_aligned_shape,Qwen/Qwen3.6-35B-A3B,ok,32,127,254,66,0.25984251968503935,254,168,0.6614173228346457,4,0.031496062992125984,0.9170603674540683,232.93333333333334,0.952263779527559,241.875,Qwen/Qwen3.6-35B-A3B-FP8
summarization,2,127,8,2032,cross_model,1763,0.8676181102362205,269,0.13238188976377951,163,True,127,128,36,36,0,"[163, 40, 8]",0,True,36,True,128,163,36,0,0,36,"[128, 40, 8]",1,40,False,a4a385417bb8a30907ef,"0,1",expected_aligned_shape,Qwen/Qwen3.6-35B-A3B,ok,32,127,254,135,0.531496062992126,254,222,0.8740157480314961,33,0.25984251968503935,0.9720034995625547,246.88888888888889,0.984251968503937,250.0,Qwen/Qwen3.6-35B-A3B-FP8
logs,2,127,8,2032,cross_model,1793,0.8823818897637795,239,0.11761811023622047,159,True,127,128,32,32,0,"[159, 40, 8]",0,True,32,True,128,159,32,0,0,32,"[128, 40, 8]",1,40,False,a4db91c77b740cc24343,"0,1",expected_aligned_shape,Qwen/Qwen3.6-35B-A3B,ok,32,127,254,145,0.5708661417322834,254,218,0.8582677165354331,41,0.3228346456692913,0.968503937007874,246.0,0.9822834645669292,249.5,Qwen/Qwen3.6-35B-A3B-FP8
code,2,127,8,2032,cross_model,1789,0.8804133858267716,243,0.11958661417322834,159,True,127,128,32,32,0,"[159, 40, 8]",0,True,32,True,128,159,32,0,0,32,"[128, 40, 8]",1,40,False,a5273b224ec8272a018b,"0,1",expected_aligned_shape,Qwen/Qwen3.6-35B-A3B,ok,32,127,254,148,0.5826771653543307,254,219,0.8622047244094488,42,0.33070866141732286,0.9693788276465443,246.22222222222223,0.9827755905511811,249.625,Qwen/Qwen3.6-35B-A3B-FP8
code,2,127,8,2032,cross_model,1812,0.8917322834645669,220,0.10826771653543307,159,True,127,128,32,32,0,"[159, 40, 8]",0,True,32,True,128,159,32,0,0,32,"[128, 40, 8]",1,40,False,a541a60b3bd352716986,"0,1",expected_aligned_shape,Qwen/Qwen3.6-35B-A3B,ok,32,127,254,156,0.6141732283464567,254,224,0.8818897637795275,50,0.3937007874015748,0.973753280839895,247.33333333333334,0.985236220472441,250.25,Qwen/Qwen3.6-35B-A3B-FP8
json_structured,2,127,8,2032,cross_model,1724,0.8484251968503937,308,0.1515748031496063,159,True,127,128,32,32,0,"[159, 40, 8]",0,True,32,True,128,159,32,0,0,32,"[128, 40, 8]",1,40,False,a59ebc54a55e378aa2ad,"0,1",expected_aligned_shape,Qwen/Qwen3.6-35B-A3B,ok,32,127,254,121,0.4763779527559055,254,211,0.8307086614173228,32,0.25196850393700787,0.9623797025371827,244.44444444444446,0.9788385826771654,248.625,Qwen/Qwen3.6-35B-A3B-FP8
low_margin,2,127,8,2032,cross_model,1770,0.8710629921259843,262,0.12893700787401574,167,True,127,128,40,40,0,"[167, 40, 8]",0,True,40,True,128,167,40,0,0,40,"[128, 40, 8]",1,40,False,a5da9a819c4235a14b9c,"0,1",expected_aligned_shape,Qwen/Qwen3.6-35B-A3B,ok,32,127,254,147,0.5787401574803149,254,234,0.9212598425196851,44,0.3464566929133858,0.9818022747156606,249.37777777777777,0.9896653543307087,251.375,Qwen/Qwen3.6-35B-A3B-FP8
low_margin,2,127,8,2032,cross_model,1769,0.8705708661417323,263,0.1294291338582677,167,True,127,128,40,40,0,"[167, 40, 8]",0,True,40,True,128,167,40,0,0,40,"[128, 40, 8]",1,40,False,a604cfcaefe73c13eeda,"0,1",expected_aligned_shape,Qwen/Qwen3.6-35B-A3B,ok,32,127,254,144,0.5669291338582677,254,225,0.8858267716535433,40,0.31496062992125984,0.9739282589676291,247.37777777777777,0.985236220472441,250.25,Qwen/Qwen3.6-35B-A3B-FP8
needle,2,73,8,1168,cross_model,1040,0.8904109589041096,128,0.1095890410958904,105,True,73,74,32,32,0,"[105, 40, 8]",0,True,32,True,74,105,32,0,0,32,"[74, 40, 8]",1,40,False,a61c802f4832f8e1b709,"0,1",expected_aligned_shape,Qwen/Qwen3.6-35B-A3B,ok,32,73,146,83,0.5684931506849316,146,131,0.8972602739726028,20,0.273972602739726,0.9759512937595128,142.48888888888888,0.9863013698630136,144.0,Qwen/Qwen3.6-35B-A3B-FP8
summarization,2,127,8,2032,cross_model,1801,0.8863188976377953,231,0.11368110236220473,167,True,127,128,40,40,0,"[167, 40, 8]",0,True,40,True,128,167,40,0,0,40,"[128, 40, 8]",1,40,False,a63b08eee0a4879e6c5e,"0,1",expected_aligned_shape,Qwen/Qwen3.6-35B-A3B,ok,32,127,254,151,0.594488188976378,254,225,0.8858267716535433,44,0.3464566929133858,0.9746281714785653,247.55555555555554,0.9857283464566929,250.375,Qwen/Qwen3.6-35B-A3B-FP8
code,2,127,8,2032,cross_model,1778,0.875,254,0.125,166,True,127,128,39,39,0,"[166, 40, 8]",0,True,39,True,128,166,39,0,0,39,"[128, 40, 8]",1,40,False,a6b8dd0077c6e10115d2,"0,1",expected_aligned_shape,Qwen/Qwen3.6-35B-A3B,ok,32,127,254,143,0.562992125984252,254,224,0.8818897637795275,40,0.31496062992125984,0.973753280839895,247.33333333333334,0.985236220472441,250.25,Qwen/Qwen3.6-35B-A3B-FP8
mixed_language,2,127,8,2032,cross_model,1730,0.8513779527559056,302,0.1486220472440945,159,True,127,128,32,32,0,"[159, 40, 8]",0,True,32,True,128,159,32,0,0,32,"[128, 40, 8]",1,40,False,a6c99c53dd3c996670c0,"0,1",expected_aligned_shape,Qwen/Qwen3.6-35B-A3B,ok,32,127,254,122,0.48031496062992124,254,219,0.8622047244094488,32,0.25196850393700787,0.9686789151356082,246.04444444444445,0.9822834645669292,249.5,Qwen/Qwen3.6-35B-A3B-FP8
chat,2,127,8,2032,cross_model,1800,0.8858267716535433,232,0.1141732283464567,159,True,127,128,32,32,0,"[159, 40, 8]",0,True,32,True,128,159,32,0,0,32,"[128, 40, 8]",1,40,False,a6cdc566e89f6f5b0567,"0,1",expected_aligned_shape,Qwen/Qwen3.6-35B-A3B,ok,32,127,254,149,0.5866141732283464,254,227,0.8937007874015748,44,0.3464566929133858,0.9763779527559056,248.0,0.9867125984251969,250.625,Qwen/Qwen3.6-35B-A3B-FP8
code,2,127,8,2032,cross_model,1808,0.889763779527559,224,0.11023622047244094,159,True,127,128,32,32,0,"[159, 40, 8]",0,True,32,True,128,159,32,0,0,32,"[128, 40, 8]",1,40,False,a6dd8f19ff8afb2e9f17,"0,1",expected_aligned_shape,Qwen/Qwen3.6-35B-A3B,ok,32,127,254,153,0.6023622047244095,254,229,0.9015748031496063,47,0.3700787401574803,0.9781277340332459,248.44444444444446,0.9876968503937008,250.875,Qwen/Qwen3.6-35B-A3B-FP8
short_qa,2,127,8,2032,cross_model,1801,0.8863188976377953,231,0.11368110236220473,159,True,127,128,32,32,0,"[159, 40, 8]",0,True,32,True,128,159,32,0,0,32,"[128, 40, 8]",1,40,False,a71c96284f156c2f0f10,"0,1",expected_aligned_shape,Qwen/Qwen3.6-35B-A3B,ok,32,127,254,149,0.5866141732283464,254,230,0.905511811023622,44,0.3464566929133858,0.97830271216098,248.48888888888888,0.9876968503937008,250.875,Qwen/Qwen3.6-35B-A3B-FP8
needle,2,127,8,2032,cross_model,1768,0.8700787401574803,264,0.12992125984251968,159,True,127,128,32,32,0,"[159, 40, 8]",0,True,32,True,128,159,32,0,0,32,"[128, 40, 8]",1,40,False,a7306ab46e7f4d6174b9,"0,1",expected_aligned_shape,Qwen/Qwen3.6-35B-A3B,ok,32,127,254,137,0.5393700787401575,254,229,0.9015748031496063,40,0.31496062992125984,0.9781277340332459,248.44444444444446,0.9876968503937008,250.875,Qwen/Qwen3.6-35B-A3B-FP8
short_qa,2,127,8,2032,cross_model,1777,0.874507874015748,255,0.12549212598425197,159,True,127,128,32,32,0,"[159, 40, 8]",0,True,32,True,128,159,32,0,0,32,"[128, 40, 8]",1,40,False,a746429d7594c84024a1,"0,1",expected_aligned_shape,Qwen/Qwen3.6-35B-A3B,ok,32,127,254,143,0.562992125984252,254,220,0.8661417322834646,39,0.30708661417322836,0.9695538057742782,246.26666666666668,0.9827755905511811,249.625,Qwen/Qwen3.6-35B-A3B-FP8
mixed_language,2,82,8,1312,cross_model,1159,0.8833841463414634,153,0.11661585365853659,114,True,82,83,32,32,0,"[114, 40, 8]",0,True,32,True,83,114,32,0,0,32,"[83, 40, 8]",1,40,False,a77a3b4960047bfde489,"0,1",expected_aligned_shape,Qwen/Qwen3.6-35B-A3B,ok,32,82,164,95,0.5792682926829268,164,144,0.8780487804878049,32,0.3902439024390244,0.9728997289972899,159.55555555555554,0.9847560975609756,161.5,Qwen/Qwen3.6-35B-A3B-FP8
summarization,2,127,8,2032,cross_model,1811,0.8912401574803149,221,0.10875984251968504,163,True,127,128,36,36,0,"[163, 40, 8]",0,True,36,True,128,163,36,0,0,36,"[128, 40, 8]",1,40,False,a79d54014aaa9464b718,"0,1",expected_aligned_shape,Qwen/Qwen3.6-35B-A3B,ok,32,127,254,149,0.5866141732283464,254,215,0.8464566929133859,46,0.36220472440944884,0.9651793525809275,245.15555555555557,0.9803149606299213,249.0,Qwen/Qwen3.6-35B-A3B-FP8
chat,2,127,8,2032,cross_model,1751,0.8617125984251969,281,0.13828740157480315,159,True,127,128,32,32,0,"[159, 40, 8]",0,True,32,True,128,159,32,0,0,32,"[128, 40, 8]",1,40,False,a7a6733ca7f4b8aaaf17,"0,1",expected_aligned_shape,Qwen/Qwen3.6-35B-A3B,ok,32,127,254,131,0.515748031496063,254,225,0.8858267716535433,26,0.2047244094488189,0.9746281714785652,247.55555555555554,0.9857283464566929,250.375,Qwen/Qwen3.6-35B-A3B-FP8
chat,2,127,8,2032,cross_model,1775,0.8735236220472441,257,0.1264763779527559,167,True,127,128,40,40,0,"[167, 40, 8]",0,True,40,True,128,167,40,0,0,40,"[128, 40, 8]",1,40,False,a7f38dbbef53c4ea7814,"0,1",expected_aligned_shape,Qwen/Qwen3.6-35B-A3B,ok,32,127,254,137,0.5393700787401575,254,223,0.8779527559055118,35,0.2755905511811024,0.9728783902012248,247.11111111111111,0.984744094488189,250.125,Qwen/Qwen3.6-35B-A3B-FP8
mixed_language,2,127,8,2032,cross_model,1742,0.8572834645669292,290,0.14271653543307086,159,True,127,128,32,32,0,"[159, 40, 8]",0,True,32,True,128,159,32,0,0,32,"[128, 40, 8]",1,40,False,a8177d41ca048a2921d2,"0,1",expected_aligned_shape,Qwen/Qwen3.6-35B-A3B,ok,32,127,254,127,0.5,254,215,0.8464566929133859,29,0.2283464566929134,0.9644794400699912,244.9777777777778,0.9798228346456693,248.875,Qwen/Qwen3.6-35B-A3B-FP8
logs,2,127,8,2032,cross_model,1785,0.8784448818897638,247,0.12155511811023623,159,True,127,128,32,32,0,"[159, 40, 8]",0,True,32,True,128,159,32,0,0,32,"[128, 40, 8]",1,40,False,a85c4f73e999509259af,"0,1",expected_aligned_shape,Qwen/Qwen3.6-35B-A3B,ok,32,127,254,134,0.5275590551181102,254,221,0.8700787401574803,33,0.25984251968503935,0.9711286089238846,246.66666666666666,0.9837598425196851,249.875,Qwen/Qwen3.6-35B-A3B-FP8
summarization,2,127,8,2032,cross_model,1790,0.8809055118110236,242,0.11909448818897637,167,True,127,128,40,40,0,"[167, 40, 8]",0,True,40,True,128,167,40,0,0,40,"[128, 40, 8]",1,40,False,a8647af1539d81940692,"0,1",expected_aligned_shape,Qwen/Qwen3.6-35B-A3B,ok,32,127,254,142,0.5590551181102362,254,219,0.8622047244094488,39,0.30708661417322836,0.9693788276465443,246.22222222222223,0.9827755905511811,249.625,Qwen/Qwen3.6-35B-A3B-FP8
summarization,2,127,8,2032,cross_model,1823,0.8971456692913385,209,0.10285433070866142,163,True,127,128,36,36,0,"[163, 40, 8]",0,True,36,True,128,163,36,0,0,36,"[128, 40, 8]",1,40,False,a8fef6811c042a3e5b99,"0,1",expected_aligned_shape,Qwen/Qwen3.6-35B-A3B,ok,32,127,254,151,0.594488188976378,254,222,0.8740157480314961,41,0.3228346456692913,0.9720034995625546,246.88888888888889,0.984251968503937,250.0,Qwen/Qwen3.6-35B-A3B-FP8
low_margin,2,127,8,2032,cross_model,1788,0.8799212598425197,244,0.12007874015748031,167,True,127,128,40,40,0,"[167, 40, 8]",0,True,40,True,128,167,40,0,0,40,"[128, 40, 8]",1,40,False,a90716353921ef94ee3b,"0,1",expected_aligned_shape,Qwen/Qwen3.6-35B-A3B,ok,32,127,254,149,0.5866141732283464,254,227,0.8937007874015748,45,0.3543307086614173,0.9763779527559056,248.0,0.9867125984251969,250.625,Qwen/Qwen3.6-35B-A3B-FP8
summarization,2,127,8,2032,cross_model,1806,0.8887795275590551,226,0.11122047244094488,167,True,127,128,40,40,0,"[167, 40, 8]",0,True,40,True,128,167,40,0,0,40,"[128, 40, 8]",1,40,False,a93c5d160c771c7f2ddf,"0,1",expected_aligned_shape,Qwen/Qwen3.6-35B-A3B,ok,32,127,254,144,0.5669291338582677,254,222,0.8740157480314961,37,0.29133858267716534,0.9720034995625548,246.88888888888889,0.984251968503937,250.0,Qwen/Qwen3.6-35B-A3B-FP8
low_margin,2,127,8,2032,cross_model,1807,0.8892716535433071,225,0.11072834645669291,167,True,127,128,40,40,0,"[167, 40, 8]",0,True,40,True,128,167,40,0,0,40,"[128, 40, 8]",1,40,False,a93ef0f8c34edb643ab0,"0,1",expected_aligned_shape,Qwen/Qwen3.6-35B-A3B,ok,32,127,254,153,0.6023622047244095,254,226,0.889763779527559,48,0.3779527559055118,0.9755030621172354,247.77777777777777,0.9862204724409449,250.5,Qwen/Qwen3.6-35B-A3B-FP8
json_structured,2,127,8,2032,cross_model,1814,0.8927165354330708,218,0.10728346456692914,159,True,127,128,32,32,0,"[159, 40, 8]",0,True,32,True,128,159,32,0,0,32,"[128, 40, 8]",1,40,False,a95c10308006ff1bd6e7,"0,1",expected_aligned_shape,Qwen/Qwen3.6-35B-A3B,ok,32,127,254,154,0.6062992125984252,254,227,0.8937007874015748,49,0.3858267716535433,0.9756780402449695,247.82222222222222,0.9862204724409449,250.5,Qwen/Qwen3.6-35B-A3B-FP8
summarization,2,127,8,2032,cross_model,1805,0.8882874015748031,227,0.11171259842519685,167,True,127,128,40,40,0,"[167, 40, 8]",0,True,40,True,128,167,40,0,0,40,"[128, 40, 8]",1,40,False,a96a34c6910a3b7fd989,"0,1",expected_aligned_shape,Qwen/Qwen3.6-35B-A3B,ok,32,127,254,147,0.5787401574803149,254,222,0.8740157480314961,44,0.3464566929133858,0.9713035870516186,246.7111111111111,0.9837598425196851,249.875,Qwen/Qwen3.6-35B-A3B-FP8
mixed_language,2,127,8,2032,cross_model,1724,0.8484251968503937,308,0.1515748031496063,159,True,127,128,32,32,0,"[159, 40, 8]",0,True,32,True,128,159,32,0,0,32,"[128, 40, 8]",1,40,False,a9a82339f6906ae005a2,"0,1",expected_aligned_shape,Qwen/Qwen3.6-35B-A3B,ok,32,127,254,120,0.47244094488188976,254,208,0.8188976377952756,29,0.2283464566929134,0.9597550306211723,243.77777777777777,0.9773622047244095,248.25,Qwen/Qwen3.6-35B-A3B-FP8
math_numeric,2,127,8,2032,cross_model,1763,0.8676181102362205,269,0.13238188976377951,159,True,127,128,32,32,0,"[159, 40, 8]",0,True,32,True,128,159,32,0,0,32,"[128, 40, 8]",1,40,False,aa261b4a6e6449f298d0,"0,1",expected_aligned_shape,Qwen/Qwen3.6-35B-A3B,ok,32,127,254,134,0.5275590551181102,254,211,0.8307086614173228,37,0.29133858267716534,0.9623797025371829,244.44444444444446,0.9788385826771654,248.625,Qwen/Qwen3.6-35B-A3B-FP8
logs,2,108,8,1728,cross_model,1548,0.8958333333333334,180,0.10416666666666667,140,True,108,109,32,32,0,"[140, 40, 8]",0,True,32,True,109,140,32,0,0,32,"[109, 40, 8]",1,40,False,aa3d4fec3562da72aa6a,"0,1",expected_aligned_shape,Qwen/Qwen3.6-35B-A3B,ok,32,108,216,131,0.6064814814814815,216,190,0.8796296296296297,41,0.37962962962962965,0.9732510288065844,210.22222222222223,0.9849537037037037,212.75,Qwen/Qwen3.6-35B-A3B-FP8
summarization,2,127,8,2032,cross_model,1800,0.8858267716535433,232,0.1141732283464567,159,True,127,128,32,32,0,"[159, 40, 8]",0,True,32,True,128,159,32,0,0,32,"[128, 40, 8]",1,40,False,aacb92ed3f6e60fd9d5f,"0,1",expected_aligned_shape,Qwen/Qwen3.6-35B-A3B,ok,32,127,254,154,0.6062992125984252,254,226,0.889763779527559,47,0.3700787401574803,0.9755030621172354,247.77777777777777,0.9862204724409449,250.5,Qwen/Qwen3.6-35B-A3B-FP8
code,2,127,8,2032,cross_model,1755,0.8636811023622047,277,0.13631889763779528,159,True,127,128,32,32,0,"[159, 40, 8]",0,True,32,True,128,159,32,0,0,32,"[128, 40, 8]",1,40,False,aadd28b4886c5dbaa3d8,"0,1",expected_aligned_shape,Qwen/Qwen3.6-35B-A3B,ok,32,127,254,129,0.5078740157480315,254,211,0.8307086614173228,30,0.23622047244094488,0.9623797025371827,244.44444444444446,0.9788385826771654,248.625,Qwen/Qwen3.6-35B-A3B-FP8
needle,2,127,8,2032,cross_model,1752,0.8622047244094488,280,0.1377952755905512,159,True,127,128,32,32,0,"[159, 40, 8]",0,True,32,True,128,159,32,0,0,32,"[128, 40, 8]",1,40,False,ab089e8514a0ce55fb66,"0,1",expected_aligned_shape,Qwen/Qwen3.6-35B-A3B,ok,32,127,254,131,0.515748031496063,254,221,0.8700787401574803,38,0.2992125984251969,0.9711286089238846,246.66666666666666,0.9837598425196851,249.875,Qwen/Qwen3.6-35B-A3B-FP8
low_margin,2,127,8,2032,cross_model,1825,0.8981299212598425,207,0.10187007874015748,167,True,127,128,40,40,0,"[167, 40, 8]",0,True,40,True,128,167,40,0,0,40,"[128, 40, 8]",1,40,False,ab7dbeb8eba4ca95e6d6,"0,1",expected_aligned_shape,Qwen/Qwen3.6-35B-A3B,ok,32,127,254,160,0.6299212598425197,254,228,0.8976377952755905,50,0.3937007874015748,0.9772528433945757,248.22222222222223,0.9872047244094488,250.75,Qwen/Qwen3.6-35B-A3B-FP8
logs,2,127,8,2032,cross_model,1817,0.8941929133858267,215,0.10580708661417323,159,True,127,128,32,32,0,"[159, 40, 8]",0,True,32,True,128,159,32,0,0,32,"[128, 40, 8]",1,40,False,abd1e5548284e0ba471e,"0,1",expected_aligned_shape,Qwen/Qwen3.6-35B-A3B,ok,32,127,254,158,0.6220472440944882,254,229,0.9015748031496063,48,0.3779527559055118,0.9781277340332459,248.44444444444446,0.9876968503937008,250.875,Qwen/Qwen3.6-35B-A3B-FP8
json_structured,2,127,8,2032,cross_model,1773,0.8725393700787402,259,0.12746062992125984,159,True,127,128,32,32,0,"[159, 40, 8]",0,True,32,True,128,159,32,0,0,32,"[128, 40, 8]",1,40,False,abf43694b67ef6c882b3,"0,1",expected_aligned_shape,Qwen/Qwen3.6-35B-A3B,ok,32,127,254,144,0.5669291338582677,254,231,0.9094488188976378,36,0.28346456692913385,0.97917760279965,248.7111111111111,0.9881889763779528,251.0,Qwen/Qwen3.6-35B-A3B-FP8
math_numeric,2,127,8,2032,cross_model,1800,0.8858267716535433,232,0.1141732283464567,159,True,127,128,32,32,0,"[159, 40, 8]",0,True,32,True,128,159,32,0,0,32,"[128, 40, 8]",1,40,False,ac1f922ed790b98b82b7,"0,1",expected_aligned_shape,Qwen/Qwen3.6-35B-A3B,ok,32,127,254,153,0.6023622047244095,254,231,0.9094488188976378,51,0.4015748031496063,0.9798775153105863,248.88888888888889,0.9886811023622047,251.125,Qwen/Qwen3.6-35B-A3B-FP8
needle,2,127,8,2032,cross_model,1752,0.8622047244094488,280,0.1377952755905512,159,True,127,128,32,32,0,"[159, 40, 8]",0,True,32,True,128,159,32,0,0,32,"[128, 40, 8]",1,40,False,ac33f9d05160a51d246b,"0,1",expected_aligned_shape,Qwen/Qwen3.6-35B-A3B,ok,32,127,254,137,0.5393700787401575,254,223,0.8779527559055118,34,0.2677165354330709,0.9721784776902888,246.93333333333334,0.984251968503937,250.0,Qwen/Qwen3.6-35B-A3B-FP8
summarization,2,127,8,2032,cross_model,1837,0.9040354330708661,195,0.09596456692913385,163,True,127,128,36,36,0,"[163, 40, 8]",0,True,36,True,128,163,36,0,0,36,"[128, 40, 8]",1,40,False,ac38bf1b34801bedfd6b,"0,1",expected_aligned_shape,Qwen/Qwen3.6-35B-A3B,ok,32,127,254,161,0.6338582677165354,254,223,0.8779527559055118,52,0.4094488188976378,0.9721784776902888,246.93333333333334,0.984251968503937,250.0,Qwen/Qwen3.6-35B-A3B-FP8
json_structured,2,127,8,2032,cross_model,1732,0.8523622047244095,300,0.14763779527559054,159,True,127,128,32,32,0,"[159, 40, 8]",0,True,32,True,128,159,32,0,0,32,"[128, 40, 8]",1,40,False,ad325d58a6b06e8a8fda,"0,1",expected_aligned_shape,Qwen/Qwen3.6-35B-A3B,ok,32,127,254,124,0.4881889763779528,254,211,0.8307086614173228,33,0.25984251968503935,0.9623797025371827,244.44444444444446,0.9788385826771654,248.625,Qwen/Qwen3.6-35B-A3B-FP8
mixed_language,2,127,8,2032,cross_model,1719,0.8459645669291339,313,0.15403543307086615,159,True,127,128,32,32,0,"[159, 40, 8]",0,True,32,True,128,159,32,0,0,32,"[128, 40, 8]",1,40,False,ade10a397e45b8d14a5f,"0,1",expected_aligned_shape,Qwen/Qwen3.6-35B-A3B,ok,32,127,254,117,0.46062992125984253,254,209,0.8228346456692913,27,0.2125984251968504,0.9599300087489064,243.82222222222222,0.9773622047244095,248.25,Qwen/Qwen3.6-35B-A3B-FP8
logs,2,127,8,2032,cross_model,1790,0.8809055118110236,242,0.11909448818897637,159,True,127,128,32,32,0,"[159, 40, 8]",0,True,32,True,128,159,32,0,0,32,"[128, 40, 8]",1,40,False,ae3339e3b7f858fb5ff5,"0,1",expected_aligned_shape,Qwen/Qwen3.6-35B-A3B,ok,32,127,254,147,0.5787401574803149,254,221,0.8700787401574803,39,0.30708661417322836,0.9711286089238846,246.66666666666666,0.9837598425196851,249.875,Qwen/Qwen3.6-35B-A3B-FP8
chat,2,127,8,2032,cross_model,1781,0.8764763779527559,251,0.1235236220472441,159,True,127,128,32,32,0,"[159, 40, 8]",0,True,32,True,128,159,32,0,0,32,"[128, 40, 8]",1,40,False,ae76d8f1f70e1a22c2e0,"0,1",expected_aligned_shape,Qwen/Qwen3.6-35B-A3B,ok,32,127,254,143,0.562992125984252,254,225,0.8858267716535433,40,0.31496062992125984,0.9746281714785654,247.55555555555554,0.9857283464566929,250.375,Qwen/Qwen3.6-35B-A3B-FP8
mixed_language,2,127,8,2032,cross_model,1841,0.906003937007874,191,0.09399606299212598,159,True,127,128,32,32,0,"[159, 40, 8]",0,True,32,True,128,159,32,0,0,32,"[128, 40, 8]",1,40,False,aea14acfc79450b0e99f,"0,1",expected_aligned_shape,Qwen/Qwen3.6-35B-A3B,ok,32,127,254,167,0.65748031496063,254,227,0.8937007874015748,61,0.48031496062992124,0.9756780402449695,247.82222222222222,0.9862204724409449,250.5,Qwen/Qwen3.6-35B-A3B-FP8
math_numeric,2,127,8,2032,cross_model,1755,0.8636811023622047,277,0.13631889763779528,159,True,127,128,32,32,0,"[159, 40, 8]",0,True,32,True,128,159,32,0,0,32,"[128, 40, 8]",1,40,False,af53f4e1b8b71d383419,"0,1",expected_aligned_shape,Qwen/Qwen3.6-35B-A3B,ok,32,127,254,133,0.5236220472440944,254,217,0.8543307086614174,31,0.2440944881889764,0.9676290463692038,245.77777777777777,0.9817913385826772,249.375,Qwen/Qwen3.6-35B-A3B-FP8
math_numeric,2,127,8,2032,cross_model,1774,0.8730314960629921,258,0.12696850393700787,159,True,127,128,32,32,0,"[159, 40, 8]",0,True,32,True,128,159,32,0,0,32,"[128, 40, 8]",1,40,False,afc743ef9a5874b2461d,"0,1",expected_aligned_shape,Qwen/Qwen3.6-35B-A3B,ok,32,127,254,139,0.547244094488189,254,223,0.8779527559055118,42,0.33070866141732286,0.9728783902012249,247.11111111111111,0.984744094488189,250.125,Qwen/Qwen3.6-35B-A3B-FP8
mixed_language,2,81,8,1296,cross_model,1137,0.8773148148148148,159,0.12268518518518519,113,True,81,82,32,32,0,"[113, 40, 8]",0,True,32,True,82,113,32,0,0,32,"[82, 40, 8]",1,40,False,b034860f5bcabdf1a129,"0,1",expected_aligned_shape,Qwen/Qwen3.6-35B-A3B,ok,32,81,162,86,0.5308641975308642,162,136,0.8395061728395061,19,0.2345679012345679,0.9632373113854595,156.04444444444445,0.9791666666666666,158.625,Qwen/Qwen3.6-35B-A3B-FP8
logs,2,127,8,2032,cross_model,1776,0.8740157480314961,256,0.12598425196850394,159,True,127,128,32,32,0,"[159, 40, 8]",0,True,32,True,128,159,32,0,0,32,"[128, 40, 8]",1,40,False,b0a965647293db98058a,"0,1",expected_aligned_shape,Qwen/Qwen3.6-35B-A3B,ok,32,127,254,145,0.5708661417322834,254,221,0.8700787401574803,41,0.3228346456692913,0.9704286964129485,246.48888888888888,0.9832677165354331,249.75,Qwen/Qwen3.6-35B-A3B-FP8
code,2,127,8,2032,cross_model,1755,0.8636811023622047,277,0.13631889763779528,159,True,127,128,32,32,0,"[159, 40, 8]",0,True,32,True,128,159,32,0,0,32,"[128, 40, 8]",1,40,False,b14149ddb8e202b613b7,"0,1",expected_aligned_shape,Qwen/Qwen3.6-35B-A3B,ok,32,127,254,130,0.5118110236220472,254,214,0.84251968503937,35,0.2755905511811024,0.9643044619422572,244.93333333333334,0.9798228346456693,248.875,Qwen/Qwen3.6-35B-A3B-FP8
logs,2,21,8,336,cross_model,286,0.8511904761904762,50,0.1488095238095238,53,True,21,22,32,32,0,"[53, 40, 8]",0,True,32,True,22,53,32,0,0,32,"[22, 40, 8]",1,40,False,b1fe15a6bacd9a8dd540,"0,1",expected_aligned_shape,Qwen/Qwen3.6-35B-A3B,ok,32,21,42,20,0.47619047619047616,42,37,0.8809523809523809,6,0.2857142857142857,0.9735449735449736,40.888888888888886,0.9851190476190477,41.375,Qwen/Qwen3.6-35B-A3B-FP8
mixed_language,2,127,8,2032,cross_model,1758,0.8651574803149606,274,0.13484251968503938,159,True,127,128,32,32,0,"[159, 40, 8]",0,True,32,True,128,159,32,0,0,32,"[128, 40, 8]",1,40,False,b204a181e3e00826a19e,"0,1",expected_aligned_shape,Qwen/Qwen3.6-35B-A3B,ok,32,127,254,132,0.5196850393700787,254,214,0.84251968503937,30,0.23622047244094488,0.9650043744531933,245.11111111111111,0.9803149606299213,249.0,Qwen/Qwen3.6-35B-A3B-FP8
short_qa,2,127,8,2032,cross_model,1800,0.8858267716535433,232,0.1141732283464567,159,True,127,128,32,32,0,"[159, 40, 8]",0,True,32,True,128,159,32,0,0,32,"[128, 40, 8]",1,40,False,b270a59687c6d48c3e66,"0,1",expected_aligned_shape,Qwen/Qwen3.6-35B-A3B,ok,32,127,254,146,0.5748031496062992,254,223,0.8779527559055118,42,0.33070866141732286,0.9728783902012249,247.11111111111111,0.984744094488189,250.125,Qwen/Qwen3.6-35B-A3B-FP8
low_margin,2,127,8,2032,cross_model,1806,0.8887795275590551,226,0.11122047244094488,166,True,127,128,39,39,0,"[166, 40, 8]",0,True,39,True,128,166,39,0,0,39,"[128, 40, 8]",1,40,False,b28ee28fbe03bf979460,"0,1",expected_aligned_shape,Qwen/Qwen3.6-35B-A3B,ok,32,127,254,148,0.5826771653543307,254,217,0.8543307086614174,44,0.3464566929133858,0.9676290463692038,245.77777777777777,0.9817913385826772,249.375,Qwen/Qwen3.6-35B-A3B-FP8
chat,2,127,8,2032,cross_model,1770,0.8710629921259843,262,0.12893700787401574,167,True,127,128,40,40,0,"[167, 40, 8]",0,True,40,True,128,167,40,0,0,40,"[128, 40, 8]",1,40,False,b2b8258c2c995965af4b,"0,1",expected_aligned_shape,Qwen/Qwen3.6-35B-A3B,ok,32,127,254,135,0.531496062992126,254,222,0.8740157480314961,36,0.28346456692913385,0.9720034995625547,246.88888888888889,0.984251968503937,250.0,Qwen/Qwen3.6-35B-A3B-FP8
short_qa,2,127,8,2032,cross_model,1807,0.8892716535433071,225,0.11072834645669291,166,True,127,128,39,39,0,"[166, 40, 8]",0,True,39,True,128,166,39,0,0,39,"[128, 40, 8]",1,40,False,b3358a4643b0968c564f,"0,1",expected_aligned_shape,Qwen/Qwen3.6-35B-A3B,ok,32,127,254,151,0.594488188976378,254,236,0.9291338582677166,43,0.33858267716535434,0.984251968503937,250.0,0.9911417322834646,251.75,Qwen/Qwen3.6-35B-A3B-FP8
needle,2,127,8,2032,cross_model,1794,0.8828740157480315,238,0.1171259842519685,159,True,127,128,32,32,0,"[159, 40, 8]",0,True,32,True,128,159,32,0,0,32,"[128, 40, 8]",1,40,False,b33de6a1f836f1abafd5,"0,1",expected_aligned_shape,Qwen/Qwen3.6-35B-A3B,ok,32,127,254,144,0.5669291338582677,254,231,0.9094488188976378,44,0.3464566929133858,0.9798775153105862,248.88888888888889,0.9886811023622047,251.125,Qwen/Qwen3.6-35B-A3B-FP8
logs,2,64,8,1024,cross_model,915,0.8935546875,109,0.1064453125,96,True,64,65,32,32,0,"[96, 40, 8]",0,True,32,True,65,96,32,0,0,32,"[65, 40, 8]",1,40,False,b3533fba0511179eb54e,"0,1",expected_aligned_shape,Qwen/Qwen3.6-35B-A3B,ok,32,64,128,78,0.609375,128,118,0.921875,24,0.375,0.982638888888889,125.77777777777777,0.990234375,126.75,Qwen/Qwen3.6-35B-A3B-FP8
needle,2,127,8,2032,cross_model,1802,0.8868110236220472,230,0.11318897637795275,159,True,127,128,32,32,0,"[159, 40, 8]",0,True,32,True,128,159,32,0,0,32,"[128, 40, 8]",1,40,False,b3952ae16ba147c8cd92,"0,1",expected_aligned_shape,Qwen/Qwen3.6-35B-A3B,ok,32,127,254,153,0.6023622047244095,254,230,0.905511811023622,44,0.3464566929133858,0.9790026246719161,248.66666666666666,0.9881889763779528,251.0,Qwen/Qwen3.6-35B-A3B-FP8
mixed_language,2,99,8,1584,cross_model,1419,0.8958333333333334,165,0.10416666666666667,131,True,99,100,32,32,0,"[131, 40, 8]",0,True,32,True,100,131,32,0,0,32,"[100, 40, 8]",1,40,False,b39ecdee70b98880a90c,"0,1",expected_aligned_shape,Qwen/Qwen3.6-35B-A3B,ok,32,99,198,123,0.6212121212121212,198,175,0.8838383838383839,41,0.41414141414141414,0.9732884399551066,192.7111111111111,0.9848484848484849,195.0,Qwen/Qwen3.6-35B-A3B-FP8
summarization,2,127,8,2032,cross_model,1823,0.8971456692913385,209,0.10285433070866142,159,True,127,128,32,32,0,"[159, 40, 8]",0,True,32,True,128,159,32,0,0,32,"[128, 40, 8]",1,40,False,b438494eb80e2a33b051,"0,1",expected_aligned_shape,Qwen/Qwen3.6-35B-A3B,ok,32,127,254,154,0.6062992125984252,254,226,0.889763779527559,51,0.4015748031496063,0.9755030621172354,247.77777777777777,0.9862204724409449,250.5,Qwen/Qwen3.6-35B-A3B-FP8
logs,2,127,8,2032,cross_model,1790,0.8809055118110236,242,0.11909448818897637,159,True,127,128,32,32,0,"[159, 40, 8]",0,True,32,True,128,159,32,0,0,32,"[128, 40, 8]",1,40,False,b43e2b711aafe6f58ffa,"0,1",expected_aligned_shape,Qwen/Qwen3.6-35B-A3B,ok,32,127,254,145,0.5708661417322834,254,220,0.8661417322834646,46,0.36220472440944884,0.9702537182852145,246.44444444444446,0.9832677165354331,249.75,Qwen/Qwen3.6-35B-A3B-FP8
needle,2,127,8,2032,cross_model,1788,0.8799212598425197,244,0.12007874015748031,159,True,127,128,32,32,0,"[159, 40, 8]",0,True,32,True,128,159,32,0,0,32,"[128, 40, 8]",1,40,False,b49734e89f704f2827c9,"0,1",expected_aligned_shape,Qwen/Qwen3.6-35B-A3B,ok,32,127,254,148,0.5826771653543307,254,224,0.8818897637795275,45,0.3543307086614173,0.9737532808398951,247.33333333333334,0.985236220472441,250.25,Qwen/Qwen3.6-35B-A3B-FP8
needle,2,127,8,2032,cross_model,1818,0.8946850393700787,214,0.10531496062992125,159,True,127,128,32,32,0,"[159, 40, 8]",0,True,32,True,128,159,32,0,0,32,"[128, 40, 8]",1,40,False,b54278f29f5bc64e9e22,"0,1",expected_aligned_shape,Qwen/Qwen3.6-35B-A3B,ok,32,127,254,158,0.6220472440944882,254,227,0.8937007874015748,49,0.3858267716535433,0.9763779527559057,248.0,0.9867125984251969,250.625,Qwen/Qwen3.6-35B-A3B-FP8
low_margin,2,127,8,2032,cross_model,1784,0.8779527559055118,248,0.1220472440944882,167,True,127,128,40,40,0,"[167, 40, 8]",0,True,40,True,128,167,40,0,0,40,"[128, 40, 8]",1,40,False,b641da231fe9bad7f85c,"0,1",expected_aligned_shape,Qwen/Qwen3.6-35B-A3B,ok,32,127,254,137,0.5393700787401575,254,214,0.84251968503937,40,0.31496062992125984,0.9643044619422573,244.93333333333334,0.9798228346456693,248.875,Qwen/Qwen3.6-35B-A3B-FP8
low_margin,2,127,8,2032,cross_model,1786,0.8789370078740157,246,0.12106299212598425,167,True,127,128,40,40,0,"[167, 40, 8]",0,True,40,True,128,167,40,0,0,40,"[128, 40, 8]",1,40,False,b69f7e4585abe21bd34a,"0,1",expected_aligned_shape,Qwen/Qwen3.6-35B-A3B,ok,32,127,254,147,0.5787401574803149,254,223,0.8779527559055118,41,0.3228346456692913,0.9721784776902888,246.93333333333334,0.984251968503937,250.0,Qwen/Qwen3.6-35B-A3B-FP8
mixed_language,2,82,8,1312,cross_model,1157,0.881859756097561,155,0.11814024390243902,114,True,82,83,32,32,0,"[114, 40, 8]",0,True,32,True,83,114,32,0,0,32,"[83, 40, 8]",1,40,False,b6b677ccaefa4ea5366c,"0,1",expected_aligned_shape,Qwen/Qwen3.6-35B-A3B,ok,32,82,164,94,0.573170731707317,164,138,0.8414634146341463,31,0.3780487804878049,0.9636856368563687,158.04444444444445,0.979420731707317,160.625,Qwen/Qwen3.6-35B-A3B-FP8
math_numeric,2,127,8,2032,cross_model,1697,0.8351377952755905,335,0.16486220472440946,159,True,127,128,32,32,0,"[159, 40, 8]",0,True,32,True,128,159,32,0,0,32,"[128, 40, 8]",1,40,False,b7276f246137fc7db1bc,"0,1",expected_aligned_shape,Qwen/Qwen3.6-35B-A3B,ok,32,127,254,107,0.421259842519685,254,186,0.7322834645669292,16,0.12598425196850394,0.937007874015748,238.0,0.9640748031496063,244.875,Qwen/Qwen3.6-35B-A3B-FP8
mixed_language,2,127,8,2032,cross_model,1765,0.8686023622047244,267,0.13139763779527558,159,True,127,128,32,32,0,"[159, 40, 8]",0,True,32,True,128,159,32,0,0,32,"[128, 40, 8]",1,40,False,b77295d8220def51e089,"0,1",expected_aligned_shape,Qwen/Qwen3.6-35B-A3B,ok,32,127,254,131,0.515748031496063,254,218,0.8582677165354331,33,0.25984251968503935,0.968503937007874,246.0,0.9822834645669292,249.5,Qwen/Qwen3.6-35B-A3B-FP8
math_numeric,2,127,8,2032,cross_model,1779,0.875492125984252,253,0.12450787401574803,159,True,127,128,32,32,0,"[159, 40, 8]",0,True,32,True,128,159,32,0,0,32,"[128, 40, 8]",1,40,False,b79d83ec99e1695f39bf,"0,1",expected_aligned_shape,Qwen/Qwen3.6-35B-A3B,ok,32,127,254,146,0.5748031496062992,254,222,0.8740157480314961,38,0.2992125984251969,0.9713035870516187,246.7111111111111,0.9837598425196851,249.875,Qwen/Qwen3.6-35B-A3B-FP8
logs,2,127,8,2032,cross_model,1810,0.890748031496063,222,0.10925196850393701,159,True,127,128,32,32,0,"[159, 40, 8]",0,True,32,True,128,159,32,0,0,32,"[128, 40, 8]",1,40,False,b8d050c146b8c154b37a,"0,1",expected_aligned_shape,Qwen/Qwen3.6-35B-A3B,ok,32,127,254,160,0.6299212598425197,254,235,0.9251968503937008,55,0.4330708661417323,0.9819772528433945,249.42222222222222,0.9896653543307087,251.375,Qwen/Qwen3.6-35B-A3B-FP8
mixed_language,2,127,8,2032,cross_model,1723,0.8479330708661418,309,0.15206692913385828,159,True,127,128,32,32,0,"[159, 40, 8]",0,True,32,True,128,159,32,0,0,32,"[128, 40, 8]",1,40,False,b9616c5944d9819ba8e5,"0,1",expected_aligned_shape,Qwen/Qwen3.6-35B-A3B,ok,32,127,254,123,0.484251968503937,254,218,0.8582677165354331,33,0.25984251968503935,0.968503937007874,246.0,0.9822834645669292,249.5,Qwen/Qwen3.6-35B-A3B-FP8
math_numeric,2,127,8,2032,cross_model,1781,0.8764763779527559,251,0.1235236220472441,159,True,127,128,32,32,0,"[159, 40, 8]",0,True,32,True,128,159,32,0,0,32,"[128, 40, 8]",1,40,False,b9de9336a7f6c1179e5d,"0,1",expected_aligned_shape,Qwen/Qwen3.6-35B-A3B,ok,32,127,254,143,0.562992125984252,254,232,0.9133858267716536,38,0.2992125984251969,0.9807524059492564,249.11111111111111,0.9891732283464567,251.25,Qwen/Qwen3.6-35B-A3B-FP8
needle,2,127,8,2032,cross_model,1769,0.8705708661417323,263,0.1294291338582677,159,True,127,128,32,32,0,"[159, 40, 8]",0,True,32,True,128,159,32,0,0,32,"[128, 40, 8]",1,40,False,b9df8f328121db1a4ee4,"0,1",expected_aligned_shape,Qwen/Qwen3.6-35B-A3B,ok,32,127,254,138,0.5433070866141733,254,232,0.9133858267716536,35,0.2755905511811024,0.9807524059492564,249.11111111111111,0.9891732283464567,251.25,Qwen/Qwen3.6-35B-A3B-FP8
needle,2,127,8,2032,cross_model,1783,0.8774606299212598,249,0.12253937007874016,159,True,127,128,32,32,0,"[159, 40, 8]",0,True,32,True,128,159,32,0,0,32,"[128, 40, 8]",1,40,False,b9e14e0a1d863d6ecf11,"0,1",expected_aligned_shape,Qwen/Qwen3.6-35B-A3B,ok,32,127,254,142,0.5590551181102362,254,220,0.8661417322834646,36,0.28346456692913385,0.9702537182852145,246.44444444444446,0.9832677165354331,249.75,Qwen/Qwen3.6-35B-A3B-FP8
json_structured,2,127,8,2032,cross_model,1766,0.8690944881889764,266,0.1309055118110236,159,True,127,128,32,32,0,"[159, 40, 8]",0,True,32,True,128,159,32,0,0,32,"[128, 40, 8]",1,40,False,ba1335421606c497e994,"0,1",expected_aligned_shape,Qwen/Qwen3.6-35B-A3B,ok,32,127,254,128,0.5039370078740157,254,220,0.8661417322834646,34,0.2677165354330709,0.9702537182852145,246.44444444444446,0.9832677165354331,249.75,Qwen/Qwen3.6-35B-A3B-FP8
chat,2,127,8,2032,cross_model,1791,0.8813976377952756,241,0.1186023622047244,159,True,127,128,32,32,0,"[159, 40, 8]",0,True,32,True,128,159,32,0,0,32,"[128, 40, 8]",1,40,False,ba1c8a360468d76679fe,"0,1",expected_aligned_shape,Qwen/Qwen3.6-35B-A3B,ok,32,127,254,143,0.562992125984252,254,224,0.8818897637795275,36,0.28346456692913385,0.973753280839895,247.33333333333334,0.985236220472441,250.25,Qwen/Qwen3.6-35B-A3B-FP8
mixed_language,2,127,8,2032,cross_model,1738,0.8553149606299213,294,0.14468503937007873,159,True,127,128,32,32,0,"[159, 40, 8]",0,True,32,True,128,159,32,0,0,32,"[128, 40, 8]",1,40,False,ba65def01d2b01694f98,"0,1",expected_aligned_shape,Qwen/Qwen3.6-35B-A3B,ok,32,127,254,127,0.5,254,211,0.8307086614173228,38,0.2992125984251969,0.9623797025371829,244.44444444444446,0.9788385826771654,248.625,Qwen/Qwen3.6-35B-A3B-FP8
logs,2,100,8,1600,cross_model,1421,0.888125,179,0.111875,132,True,100,101,32,32,0,"[132, 40, 8]",0,True,32,True,101,132,32,0,0,32,"[101, 40, 8]",1,40,False,ba90285f5d165222ce5e,"0,1",expected_aligned_shape,Qwen/Qwen3.6-35B-A3B,ok,32,100,200,120,0.6,200,174,0.87,37,0.37,0.9711111111111111,194.22222222222223,0.98375,196.75,Qwen/Qwen3.6-35B-A3B-FP8
low_margin,2,127,8,2032,cross_model,1773,0.8725393700787402,259,0.12746062992125984,167,True,127,128,40,40,0,"[167, 40, 8]",0,True,40,True,128,167,40,0,0,40,"[128, 40, 8]",1,40,False,bb425ec9a493aabd03b9,"0,1",expected_aligned_shape,Qwen/Qwen3.6-35B-A3B,ok,32,127,254,142,0.5590551181102362,254,228,0.8976377952755905,40,0.31496062992125984,0.9772528433945757,248.22222222222223,0.9872047244094488,250.75,Qwen/Qwen3.6-35B-A3B-FP8
chat,2,127,8,2032,cross_model,1776,0.8740157480314961,256,0.12598425196850394,159,True,127,128,32,32,0,"[159, 40, 8]",0,True,32,True,128,159,32,0,0,32,"[128, 40, 8]",1,40,False,bb9f3452352324fc3c52,"0,1",expected_aligned_shape,Qwen/Qwen3.6-35B-A3B,ok,32,127,254,137,0.5393700787401575,254,215,0.8464566929133859,40,0.31496062992125984,0.9658792650918635,245.33333333333334,0.9808070866141733,249.125,Qwen/Qwen3.6-35B-A3B-FP8
code,2,127,8,2032,cross_model,1790,0.8809055118110236,242,0.11909448818897637,166,True,127,128,39,39,0,"[166, 40, 8]",0,True,39,True,128,166,39,0,0,39,"[128, 40, 8]",1,40,False,bc0875d784a2de5a98a0,"0,1",expected_aligned_shape,Qwen/Qwen3.6-35B-A3B,ok,32,127,254,143,0.562992125984252,254,225,0.8858267716535433,41,0.3228346456692913,0.9746281714785653,247.55555555555554,0.9857283464566929,250.375,Qwen/Qwen3.6-35B-A3B-FP8
math_numeric,2,127,8,2032,cross_model,1268,0.6240157480314961,764,0.37598425196850394,159,True,127,128,32,32,0,"[159, 40, 8]",0,True,32,True,128,159,32,0,0,32,"[128, 40, 8]",1,40,False,bc09d97877043b0c280b,"0,1",expected_aligned_shape,Qwen/Qwen3.6-35B-A3B,ok,32,127,254,55,0.21653543307086615,254,138,0.5433070866141733,5,0.03937007874015748,0.8769426548954109,222.74343434343433,0.9276574803149606,235.625,Qwen/Qwen3.6-35B-A3B-FP8
short_qa,2,127,8,2032,cross_model,1744,0.8582677165354331,288,0.14173228346456693,159,True,127,128,32,32,0,"[159, 40, 8]",0,True,32,True,128,159,32,0,0,32,"[128, 40, 8]",1,40,False,bc52ef6c6ead85290cd7,"0,1",expected_aligned_shape,Qwen/Qwen3.6-35B-A3B,ok,32,127,254,126,0.49606299212598426,254,217,0.8543307086614174,29,0.2283464566929134,0.9676290463692039,245.77777777777777,0.9817913385826772,249.375,Qwen/Qwen3.6-35B-A3B-FP8
chat,2,127,8,2032,cross_model,1766,0.8690944881889764,266,0.1309055118110236,167,True,127,128,40,40,0,"[167, 40, 8]",0,True,40,True,128,167,40,0,0,40,"[128, 40, 8]",1,40,False,bcf9daa3b35111492e38,"0,1",expected_aligned_shape,Qwen/Qwen3.6-35B-A3B,ok,32,127,254,132,0.5196850393700787,254,222,0.8740157480314961,37,0.29133858267716534,0.9720034995625547,246.88888888888889,0.984251968503937,250.0,Qwen/Qwen3.6-35B-A3B-FP8
needle,2,127,8,2032,cross_model,1771,0.8715551181102362,261,0.12844488188976377,159,True,127,128,32,32,0,"[159, 40, 8]",0,True,32,True,128,159,32,0,0,32,"[128, 40, 8]",1,40,False,bd3bee2440df1baed4f2,"0,1",expected_aligned_shape,Qwen/Qwen3.6-35B-A3B,ok,32,127,254,139,0.547244094488189,254,222,0.8740157480314961,37,0.29133858267716534,0.9720034995625547,246.88888888888889,0.984251968503937,250.0,Qwen/Qwen3.6-35B-A3B-FP8
math_numeric,2,127,8,2032,cross_model,1290,0.6348425196850394,742,0.36515748031496065,159,True,127,128,32,32,0,"[159, 40, 8]",0,True,32,True,128,159,32,0,0,32,"[128, 40, 8]",1,40,False,bd8914833777db73e6d5,"0,1",expected_aligned_shape,Qwen/Qwen3.6-35B-A3B,ok,32,127,254,51,0.20078740157480315,254,147,0.5787401574803149,8,0.06299212598425197,0.9056867891513561,230.04444444444445,0.9468503937007874,240.5,Qwen/Qwen3.6-35B-A3B-FP8
math_numeric,2,127,8,2032,cross_model,1751,0.8617125984251969,281,0.13828740157480315,159,True,127,128,32,32,0,"[159, 40, 8]",0,True,32,True,128,159,32,0,0,32,"[128, 40, 8]",1,40,False,bde71631f9f7b4d568ac,"0,1",expected_aligned_shape,Qwen/Qwen3.6-35B-A3B,ok,32,127,254,127,0.5,254,211,0.8307086614173228,33,0.25984251968503935,0.9623797025371827,244.44444444444446,0.9788385826771654,248.625,Qwen/Qwen3.6-35B-A3B-FP8
mixed_language,2,127,8,2032,cross_model,1726,0.8494094488188977,306,0.15059055118110237,159,True,127,128,32,32,0,"[159, 40, 8]",0,True,32,True,128,159,32,0,0,32,"[128, 40, 8]",1,40,False,be1123aa3ca70c1a5469,"0,1",expected_aligned_shape,Qwen/Qwen3.6-35B-A3B,ok,32,127,254,117,0.46062992125984253,254,205,0.8070866141732284,27,0.2125984251968504,0.9564304461942258,242.93333333333334,0.9753937007874016,247.75,Qwen/Qwen3.6-35B-A3B-FP8
code,2,127,8,2032,cross_model,1744,0.8582677165354331,288,0.14173228346456693,159,True,127,128,32,32,0,"[159, 40, 8]",0,True,32,True,128,159,32,0,0,32,"[128, 40, 8]",1,40,False,be91132ff734fbb21c7f,"0,1",expected_aligned_shape,Qwen/Qwen3.6-35B-A3B,ok,32,127,254,130,0.5118110236220472,254,209,0.8228346456692913,36,0.28346456692913385,0.9599300087489064,243.82222222222222,0.9773622047244095,248.25,Qwen/Qwen3.6-35B-A3B-FP8
needle,2,127,8,2032,cross_model,1765,0.8686023622047244,267,0.13139763779527558,159,True,127,128,32,32,0,"[159, 40, 8]",0,True,32,True,128,159,32,0,0,32,"[128, 40, 8]",1,40,False,bf08480c2da63ae571d7,"0,1",expected_aligned_shape,Qwen/Qwen3.6-35B-A3B,ok,32,127,254,142,0.5590551181102362,254,224,0.8818897637795275,43,0.33858267716535434,0.973753280839895,247.33333333333334,0.985236220472441,250.25,Qwen/Qwen3.6-35B-A3B-FP8
code,2,127,8,2032,cross_model,1774,0.8730314960629921,258,0.12696850393700787,166,True,127,128,39,39,0,"[166, 40, 8]",0,True,39,True,128,166,39,0,0,39,"[128, 40, 8]",1,40,False,bf0c65a32a736f320995,"0,1",expected_aligned_shape,Qwen/Qwen3.6-35B-A3B,ok,32,127,254,145,0.5708661417322834,254,223,0.8779527559055118,45,0.3543307086614173,0.9728783902012249,247.11111111111111,0.984744094488189,250.125,Qwen/Qwen3.6-35B-A3B-FP8
needle,2,127,8,2032,cross_model,1728,0.8503937007874016,304,0.14960629921259844,159,True,127,128,32,32,0,"[159, 40, 8]",0,True,32,True,128,159,32,0,0,32,"[128, 40, 8]",1,40,False,bf0dc69d9f0f3d3976d7,"0,1",expected_aligned_shape,Qwen/Qwen3.6-35B-A3B,ok,32,127,254,123,0.484251968503937,254,214,0.84251968503937,36,0.28346456692913385,0.9650043744531932,245.11111111111111,0.9803149606299213,249.0,Qwen/Qwen3.6-35B-A3B-FP8
chat,2,127,8,2032,cross_model,1775,0.8735236220472441,257,0.1264763779527559,159,True,127,128,32,32,0,"[159, 40, 8]",0,True,32,True,128,159,32,0,0,32,"[128, 40, 8]",1,40,False,bfe9d8748090a0b3bf68,"0,1",expected_aligned_shape,Qwen/Qwen3.6-35B-A3B,ok,32,127,254,142,0.5590551181102362,254,219,0.8622047244094488,38,0.2992125984251969,0.9693788276465443,246.22222222222223,0.9827755905511811,249.625,Qwen/Qwen3.6-35B-A3B-FP8
logs,2,127,8,2032,cross_model,1776,0.8740157480314961,256,0.12598425196850394,159,True,127,128,32,32,0,"[159, 40, 8]",0,True,32,True,128,159,32,0,0,32,"[128, 40, 8]",1,40,False,c000e33ffbec190dcaa3,"0,1",expected_aligned_shape,Qwen/Qwen3.6-35B-A3B,ok,32,127,254,141,0.5551181102362205,254,215,0.8464566929133859,39,0.30708661417322836,0.9658792650918635,245.33333333333334,0.9808070866141733,249.125,Qwen/Qwen3.6-35B-A3B-FP8
chat,2,127,8,2032,cross_model,1771,0.8715551181102362,261,0.12844488188976377,159,True,127,128,32,32,0,"[159, 40, 8]",0,True,32,True,128,159,32,0,0,32,"[128, 40, 8]",1,40,False,c02450409eef8eb7d4d6,"0,1",expected_aligned_shape,Qwen/Qwen3.6-35B-A3B,ok,32,127,254,138,0.5433070866141733,254,218,0.8582677165354331,37,0.29133858267716534,0.9685039370078742,246.0,0.9822834645669292,249.5,Qwen/Qwen3.6-35B-A3B-FP8
summarization,2,127,8,2032,cross_model,1797,0.8843503937007874,235,0.1156496062992126,167,True,127,128,40,40,0,"[167, 40, 8]",0,True,40,True,128,167,40,0,0,40,"[128, 40, 8]",1,40,False,c025eac16347df535db1,"0,1",expected_aligned_shape,Qwen/Qwen3.6-35B-A3B,ok,32,127,254,153,0.6023622047244095,254,227,0.8937007874015748,43,0.33858267716535434,0.9756780402449694,247.82222222222222,0.9862204724409449,250.5,Qwen/Qwen3.6-35B-A3B-FP8
code,2,127,8,2032,cross_model,1812,0.8917322834645669,220,0.10826771653543307,159,True,127,128,32,32,0,"[159, 40, 8]",0,True,32,True,128,159,32,0,0,32,"[128, 40, 8]",1,40,False,c057fd9c1f2f5132233c,"0,1",expected_aligned_shape,Qwen/Qwen3.6-35B-A3B,ok,32,127,254,153,0.6023622047244095,254,230,0.905511811023622,46,0.36220472440944884,0.9790026246719161,248.66666666666666,0.9881889763779528,251.0,Qwen/Qwen3.6-35B-A3B-FP8
low_margin,2,127,8,2032,cross_model,1778,0.875,254,0.125,166,True,127,128,39,39,0,"[166, 40, 8]",0,True,39,True,128,166,39,0,0,39,"[128, 40, 8]",1,40,False,c058e744ed61ad3635ee,"0,1",expected_aligned_shape,Qwen/Qwen3.6-35B-A3B,ok,32,127,254,147,0.5787401574803149,254,223,0.8779527559055118,43,0.33858267716535434,0.9728783902012248,247.11111111111111,0.984744094488189,250.125,Qwen/Qwen3.6-35B-A3B-FP8
needle,2,127,8,2032,cross_model,1772,0.8720472440944882,260,0.1279527559055118,159,True,127,128,32,32,0,"[159, 40, 8]",0,True,32,True,128,159,32,0,0,32,"[128, 40, 8]",1,40,False,c06ae4e7b644b76be239,"0,1",expected_aligned_shape,Qwen/Qwen3.6-35B-A3B,ok,32,127,254,144,0.5669291338582677,254,232,0.9133858267716536,35,0.2755905511811024,0.9807524059492564,249.11111111111111,0.9891732283464567,251.25,Qwen/Qwen3.6-35B-A3B-FP8
math_numeric,2,127,8,2032,cross_model,1794,0.8828740157480315,238,0.1171259842519685,159,True,127,128,32,32,0,"[159, 40, 8]",0,True,32,True,128,159,32,0,0,32,"[128, 40, 8]",1,40,False,c0715ef1a1d75dd588a1,"0,1",expected_aligned_shape,Qwen/Qwen3.6-35B-A3B,ok,32,127,254,143,0.562992125984252,254,226,0.889763779527559,41,0.3228346456692913,0.9755030621172355,247.77777777777777,0.9862204724409449,250.5,Qwen/Qwen3.6-35B-A3B-FP8
code,2,127,8,2032,cross_model,1775,0.8735236220472441,257,0.1264763779527559,165,True,127,128,38,38,0,"[165, 40, 8]",0,True,38,True,128,165,38,0,0,38,"[128, 40, 8]",1,40,False,c09cc454c37cd68fb6d9,"0,1",expected_aligned_shape,Qwen/Qwen3.6-35B-A3B,ok,32,127,254,140,0.5511811023622047,254,224,0.8818897637795275,41,0.3228346456692913,0.973053368328959,247.15555555555557,0.984744094488189,250.125,Qwen/Qwen3.6-35B-A3B-FP8
logs,2,127,8,2032,cross_model,1751,0.8617125984251969,281,0.13828740157480315,159,True,127,128,32,32,0,"[159, 40, 8]",0,True,32,True,128,159,32,0,0,32,"[128, 40, 8]",1,40,False,c0ba3962279f7f0cca15,"0,1",expected_aligned_shape,Qwen/Qwen3.6-35B-A3B,ok,32,127,254,138,0.5433070866141733,254,223,0.8779527559055118,40,0.31496062992125984,0.9721784776902888,246.93333333333334,0.984251968503937,250.0,Qwen/Qwen3.6-35B-A3B-FP8
logs,2,127,8,2032,cross_model,1797,0.8843503937007874,235,0.1156496062992126,159,True,127,128,32,32,0,"[159, 40, 8]",0,True,32,True,128,159,32,0,0,32,"[128, 40, 8]",1,40,False,c0f30469870c1882f182,"0,1",expected_aligned_shape,Qwen/Qwen3.6-35B-A3B,ok,32,127,254,153,0.6023622047244095,254,224,0.8818897637795275,50,0.3937007874015748,0.9730533683289588,247.15555555555557,0.984744094488189,250.125,Qwen/Qwen3.6-35B-A3B-FP8
low_margin,2,127,8,2032,cross_model,1791,0.8813976377952756,241,0.1186023622047244,167,True,127,128,40,40,0,"[167, 40, 8]",0,True,40,True,128,167,40,0,0,40,"[128, 40, 8]",1,40,False,c0fdc8702bb662c9bdcd,"0,1",expected_aligned_shape,Qwen/Qwen3.6-35B-A3B,ok,32,127,254,148,0.5826771653543307,254,223,0.8779527559055118,45,0.3543307086614173,0.9721784776902888,246.93333333333334,0.984251968503937,250.0,Qwen/Qwen3.6-35B-A3B-FP8
math_numeric,2,127,8,2032,cross_model,1685,0.8292322834645669,347,0.17076771653543307,159,True,127,128,32,32,0,"[159, 40, 8]",0,True,32,True,128,159,32,0,0,32,"[128, 40, 8]",1,40,False,c173dc51d47cf438e861,"0,1",expected_aligned_shape,Qwen/Qwen3.6-35B-A3B,ok,32,127,254,114,0.44881889763779526,254,215,0.8464566929133859,30,0.23622047244094488,0.9644794400699914,244.9777777777778,0.9798228346456693,248.875,Qwen/Qwen3.6-35B-A3B-FP8
short_qa,2,127,8,2032,cross_model,1807,0.8892716535433071,225,0.11072834645669291,159,True,127,128,32,32,0,"[159, 40, 8]",0,True,32,True,128,159,32,0,0,32,"[128, 40, 8]",1,40,False,c1d92ed66ff7504060bd,"0,1",expected_aligned_shape,Qwen/Qwen3.6-35B-A3B,ok,32,127,254,154,0.6062992125984252,254,220,0.8661417322834646,44,0.3464566929133858,0.9702537182852145,246.44444444444446,0.9832677165354331,249.75,Qwen/Qwen3.6-35B-A3B-FP8
code,2,127,8,2032,cross_model,1777,0.874507874015748,255,0.12549212598425197,159,True,127,128,32,32,0,"[159, 40, 8]",0,True,32,True,128,159,32,0,0,32,"[128, 40, 8]",1,40,False,c2334f66513a06d515e0,"0,1",expected_aligned_shape,Qwen/Qwen3.6-35B-A3B,ok,32,127,254,139,0.547244094488189,254,219,0.8622047244094488,38,0.2992125984251969,0.9693788276465443,246.22222222222223,0.9827755905511811,249.625,Qwen/Qwen3.6-35B-A3B-FP8
math_numeric,2,127,8,2032,cross_model,1827,0.8991141732283464,205,0.10088582677165354,159,True,127,128,32,32,0,"[159, 40, 8]",0,True,32,True,128,159,32,0,0,32,"[128, 40, 8]",1,40,False,c236ed6d3e66598d38ff,"0,1",expected_aligned_shape,Qwen/Qwen3.6-35B-A3B,ok,32,127,254,161,0.6338582677165354,254,240,0.9448818897637795,49,0.3858267716535433,0.9877515310586178,250.88888888888889,0.9931102362204725,252.25,Qwen/Qwen3.6-35B-A3B-FP8
low_margin,2,127,8,2032,cross_model,1799,0.8853346456692913,233,0.11466535433070867,167,True,127,128,40,40,0,"[167, 40, 8]",0,True,40,True,128,167,40,0,0,40,"[128, 40, 8]",1,40,False,c23c9fd92a4530fe93e9,"0,1",expected_aligned_shape,Qwen/Qwen3.6-35B-A3B,ok,32,127,254,150,0.5905511811023622,254,225,0.8858267716535433,44,0.3464566929133858,0.9732283464566929,247.2,0.984744094488189,250.125,Qwen/Qwen3.6-35B-A3B-FP8
short_qa,2,127,8,2032,cross_model,1753,0.8626968503937008,279,0.13730314960629922,159,True,127,128,32,32,0,"[159, 40, 8]",0,True,32,True,128,159,32,0,0,32,"[128, 40, 8]",1,40,False,c3c4c2e82943eae361d0,"0,1",expected_aligned_shape,Qwen/Qwen3.6-35B-A3B,ok,32,127,254,134,0.5275590551181102,254,218,0.8582677165354331,32,0.25196850393700787,0.9678040244969379,245.82222222222222,0.9817913385826772,249.375,Qwen/Qwen3.6-35B-A3B-FP8
needle,2,127,8,2032,cross_model,1796,0.8838582677165354,236,0.11614173228346457,159,True,127,128,32,32,0,"[159, 40, 8]",0,True,32,True,128,159,32,0,0,32,"[128, 40, 8]",1,40,False,c4213b88ba1462fe5fad,"0,1",expected_aligned_shape,Qwen/Qwen3.6-35B-A3B,ok,32,127,254,148,0.5826771653543307,254,223,0.8779527559055118,46,0.36220472440944884,0.9728783902012249,247.11111111111111,0.984744094488189,250.125,Qwen/Qwen3.6-35B-A3B-FP8
json_structured,2,127,8,2032,cross_model,1701,0.8371062992125984,331,0.16289370078740156,159,True,127,128,32,32,0,"[159, 40, 8]",0,True,32,True,128,159,32,0,0,32,"[128, 40, 8]",1,40,False,c4eed7d508d06351658f,"0,1",expected_aligned_shape,Qwen/Qwen3.6-35B-A3B,ok,32,127,254,117,0.46062992125984253,254,204,0.8031496062992126,30,0.23622047244094488,0.9555555555555555,242.7111111111111,0.9749015748031497,247.625,Qwen/Qwen3.6-35B-A3B-FP8
json_structured,2,127,8,2032,cross_model,1765,0.8686023622047244,267,0.13139763779527558,159,True,127,128,32,32,0,"[159, 40, 8]",0,True,32,True,128,159,32,0,0,32,"[128, 40, 8]",1,40,False,c51ccd801ae84bae5d0f,"0,1",expected_aligned_shape,Qwen/Qwen3.6-35B-A3B,ok,32,127,254,135,0.531496062992126,254,226,0.889763779527559,34,0.2677165354330709,0.9755030621172354,247.77777777777777,0.9862204724409449,250.5,Qwen/Qwen3.6-35B-A3B-FP8
code,2,127,8,2032,cross_model,1747,0.859744094488189,285,0.14025590551181102,166,True,127,128,39,39,0,"[166, 40, 8]",0,True,39,True,128,166,39,0,0,39,"[128, 40, 8]",1,40,False,c59559f5c664cfd2045e,"0,1",expected_aligned_shape,Qwen/Qwen3.6-35B-A3B,ok,32,127,254,133,0.5236220472440944,254,229,0.9015748031496063,37,0.29133858267716534,0.9774278215223098,248.26666666666668,0.9872047244094488,250.75,Qwen/Qwen3.6-35B-A3B-FP8
short_qa,2,127,8,2032,cross_model,1773,0.8725393700787402,259,0.12746062992125984,159,True,127,128,32,32,0,"[159, 40, 8]",0,True,32,True,128,159,32,0,0,32,"[128, 40, 8]",1,40,False,c6d418ee2c1362c7b544,"0,1",expected_aligned_shape,Qwen/Qwen3.6-35B-A3B,ok,32,127,254,139,0.547244094488189,254,223,0.8779527559055118,39,0.30708661417322836,0.972878390201225,247.11111111111111,0.984744094488189,250.125,Qwen/Qwen3.6-35B-A3B-FP8
chat,2,127,8,2032,cross_model,1791,0.8813976377952756,241,0.1186023622047244,167,True,127,128,40,40,0,"[167, 40, 8]",0,True,40,True,128,167,40,0,0,40,"[128, 40, 8]",1,40,False,c6e7a36b62f170637a5f,"0,1",expected_aligned_shape,Qwen/Qwen3.6-35B-A3B,ok,32,127,254,144,0.5669291338582677,254,226,0.889763779527559,39,0.30708661417322836,0.9755030621172355,247.77777777777777,0.9862204724409449,250.5,Qwen/Qwen3.6-35B-A3B-FP8
chat,2,127,8,2032,cross_model,1821,0.8961614173228346,211,0.10383858267716535,159,True,127,128,32,32,0,"[159, 40, 8]",0,True,32,True,128,159,32,0,0,32,"[128, 40, 8]",1,40,False,c71e3e89c6c0b3158b0b,"0,1",expected_aligned_shape,Qwen/Qwen3.6-35B-A3B,ok,32,127,254,159,0.6259842519685039,254,230,0.905511811023622,48,0.3779527559055118,0.979002624671916,248.66666666666666,0.9881889763779528,251.0,Qwen/Qwen3.6-35B-A3B-FP8
summarization,2,127,8,2032,cross_model,1806,0.8887795275590551,226,0.11122047244094488,159,True,127,128,32,32,0,"[159, 40, 8]",0,True,32,True,128,159,32,0,0,32,"[128, 40, 8]",1,40,False,c7586011bab5daaf44a3,"0,1",expected_aligned_shape,Qwen/Qwen3.6-35B-A3B,ok,32,127,254,149,0.5866141732283464,254,228,0.8976377952755905,44,0.3464566929133858,0.9772528433945757,248.22222222222223,0.9872047244094488,250.75,Qwen/Qwen3.6-35B-A3B-FP8
json_structured,2,127,8,2032,cross_model,1710,0.8415354330708661,322,0.15846456692913385,159,True,127,128,32,32,0,"[159, 40, 8]",0,True,32,True,128,159,32,0,0,32,"[128, 40, 8]",1,40,False,c77b9a21699d51f19d4d,"0,1",expected_aligned_shape,Qwen/Qwen3.6-35B-A3B,ok,32,127,254,124,0.4881889763779528,254,209,0.8228346456692913,31,0.2440944881889764,0.9592300962379703,243.64444444444445,0.9768700787401575,248.125,Qwen/Qwen3.6-35B-A3B-FP8
code,2,127,8,2032,cross_model,1773,0.8725393700787402,259,0.12746062992125984,159,True,127,128,32,32,0,"[159, 40, 8]",0,True,32,True,128,159,32,0,0,32,"[128, 40, 8]",1,40,False,c88100f0084d43a0dbc4,"0,1",expected_aligned_shape,Qwen/Qwen3.6-35B-A3B,ok,32,127,254,137,0.5393700787401575,254,214,0.84251968503937,39,0.30708661417322836,0.9643044619422573,244.93333333333334,0.9798228346456693,248.875,Qwen/Qwen3.6-35B-A3B-FP8
chat,2,127,8,2032,cross_model,1799,0.8853346456692913,233,0.11466535433070867,167,True,127,128,40,40,0,"[167, 40, 8]",0,True,40,True,128,167,40,0,0,40,"[128, 40, 8]",1,40,False,c8f94099829018aa73be,"0,1",expected_aligned_shape,Qwen/Qwen3.6-35B-A3B,ok,32,127,254,144,0.5669291338582677,254,220,0.8661417322834646,40,0.31496062992125984,0.9695538057742782,246.26666666666668,0.9827755905511811,249.625,Qwen/Qwen3.6-35B-A3B-FP8
short_qa,2,127,8,2032,cross_model,1770,0.8710629921259843,262,0.12893700787401574,166,True,127,128,39,39,0,"[166, 40, 8]",0,True,39,True,128,166,39,0,0,39,"[128, 40, 8]",1,40,False,c9054248f275923ce4b2,"0,1",expected_aligned_shape,Qwen/Qwen3.6-35B-A3B,ok,32,127,254,145,0.5708661417322834,254,231,0.9094488188976378,42,0.33070866141732286,0.9798775153105862,248.88888888888889,0.9886811023622047,251.125,Qwen/Qwen3.6-35B-A3B-FP8
code,2,127,8,2032,cross_model,1769,0.8705708661417323,263,0.1294291338582677,166,True,127,128,39,39,0,"[166, 40, 8]",0,True,39,True,128,166,39,0,0,39,"[128, 40, 8]",1,40,False,c93dd9262a72c4c1aa6f,"0,1",expected_aligned_shape,Qwen/Qwen3.6-35B-A3B,ok,32,127,254,137,0.5393700787401575,254,226,0.889763779527559,41,0.3228346456692913,0.9755030621172355,247.77777777777777,0.9862204724409449,250.5,Qwen/Qwen3.6-35B-A3B-FP8
summarization,2,127,8,2032,cross_model,1750,0.8612204724409449,282,0.13877952755905512,159,True,127,128,32,32,0,"[159, 40, 8]",0,True,32,True,128,159,32,0,0,32,"[128, 40, 8]",1,40,False,c953ff4457bae7fd415c,"0,1",expected_aligned_shape,Qwen/Qwen3.6-35B-A3B,ok,32,127,254,123,0.484251968503937,254,211,0.8307086614173228,30,0.23622047244094488,0.9623797025371829,244.44444444444446,0.9788385826771654,248.625,Qwen/Qwen3.6-35B-A3B-FP8
math_numeric,2,127,8,2032,cross_model,1738,0.8553149606299213,294,0.14468503937007873,159,True,127,128,32,32,0,"[159, 40, 8]",0,True,32,True,128,159,32,0,0,32,"[128, 40, 8]",1,40,False,c960c8b157bc53ae29af,"0,1",expected_aligned_shape,Qwen/Qwen3.6-35B-A3B,ok,32,127,254,134,0.5275590551181102,254,218,0.8582677165354331,35,0.2755905511811024,0.968503937007874,246.0,0.9822834645669292,249.5,Qwen/Qwen3.6-35B-A3B-FP8
low_margin,2,127,8,2032,cross_model,1813,0.8922244094488189,219,0.1077755905511811,167,True,127,128,40,40,0,"[167, 40, 8]",0,True,40,True,128,167,40,0,0,40,"[128, 40, 8]",1,40,False,c964b37a792e62a95e31,"0,1",expected_aligned_shape,Qwen/Qwen3.6-35B-A3B,ok,32,127,254,155,0.610236220472441,254,232,0.9133858267716536,51,0.4015748031496063,0.9807524059492563,249.11111111111111,0.9891732283464567,251.25,Qwen/Qwen3.6-35B-A3B-FP8
logs,2,51,8,816,cross_model,727,0.8909313725490197,89,0.1090686274509804,83,True,51,52,32,32,0,"[83, 40, 8]",0,True,32,True,52,83,32,0,0,32,"[52, 40, 8]",1,40,False,c980b50c45e629922e4c,"0,1",expected_aligned_shape,Qwen/Qwen3.6-35B-A3B,ok,32,51,102,64,0.6274509803921569,102,92,0.9019607843137255,19,0.37254901960784315,0.9782135076252723,99.77777777777777,0.9877450980392157,100.75,Qwen/Qwen3.6-35B-A3B-FP8
code,2,127,8,2032,cross_model,1794,0.8828740157480315,238,0.1171259842519685,159,True,127,128,32,32,0,"[159, 40, 8]",0,True,32,True,128,159,32,0,0,32,"[128, 40, 8]",1,40,False,c9e56e820a2698b64186,"0,1",expected_aligned_shape,Qwen/Qwen3.6-35B-A3B,ok,32,127,254,148,0.5826771653543307,254,219,0.8622047244094488,42,0.33070866141732286,0.9686789151356082,246.04444444444445,0.9822834645669292,249.5,Qwen/Qwen3.6-35B-A3B-FP8
chat,2,127,8,2032,cross_model,1754,0.8631889763779528,278,0.13681102362204725,159,True,127,128,32,32,0,"[159, 40, 8]",0,True,32,True,128,159,32,0,0,32,"[128, 40, 8]",1,40,False,c9f0a645a510e7b8b559,"0,1",expected_aligned_shape,Qwen/Qwen3.6-35B-A3B,ok,32,127,254,139,0.547244094488189,254,224,0.8818897637795275,36,0.28346456692913385,0.973753280839895,247.33333333333334,0.985236220472441,250.25,Qwen/Qwen3.6-35B-A3B-FP8
low_margin,2,127,8,2032,cross_model,1777,0.874507874015748,255,0.12549212598425197,167,True,127,128,40,40,0,"[167, 40, 8]",0,True,40,True,128,167,40,0,0,40,"[128, 40, 8]",1,40,False,c9f7df06aabfa856503d,"0,1",expected_aligned_shape,Qwen/Qwen3.6-35B-A3B,ok,32,127,254,142,0.5590551181102362,254,218,0.8582677165354331,39,0.30708661417322836,0.9678040244969379,245.82222222222222,0.9817913385826772,249.375,Qwen/Qwen3.6-35B-A3B-FP8
short_qa,2,127,8,2032,cross_model,1818,0.8946850393700787,214,0.10531496062992125,166,True,127,128,39,39,0,"[166, 40, 8]",0,True,39,True,128,166,39,0,0,39,"[128, 40, 8]",1,40,False,ca551e87f31d183057fb,"0,1",expected_aligned_shape,Qwen/Qwen3.6-35B-A3B,ok,32,127,254,158,0.6220472440944882,254,226,0.889763779527559,52,0.4094488188976378,0.9755030621172354,247.77777777777777,0.9862204724409449,250.5,Qwen/Qwen3.6-35B-A3B-FP8
mixed_language,2,127,8,2032,cross_model,1757,0.8646653543307087,275,0.13533464566929135,159,True,127,128,32,32,0,"[159, 40, 8]",0,True,32,True,128,159,32,0,0,32,"[128, 40, 8]",1,40,False,ca6f47b188d837f8f203,"0,1",expected_aligned_shape,Qwen/Qwen3.6-35B-A3B,ok,32,127,254,143,0.562992125984252,254,221,0.8700787401574803,44,0.3464566929133858,0.9711286089238846,246.66666666666666,0.9837598425196851,249.875,Qwen/Qwen3.6-35B-A3B-FP8
summarization,2,127,8,2032,cross_model,1802,0.8868110236220472,230,0.11318897637795275,163,True,127,128,36,36,0,"[163, 40, 8]",0,True,36,True,128,163,36,0,0,36,"[128, 40, 8]",1,40,False,ca7521427e5b1d2fdbc4,"0,1",expected_aligned_shape,Qwen/Qwen3.6-35B-A3B,ok,32,127,254,140,0.5511811023622047,254,214,0.84251968503937,37,0.29133858267716534,0.9650043744531934,245.11111111111111,0.9803149606299213,249.0,Qwen/Qwen3.6-35B-A3B-FP8
chat,2,127,8,2032,cross_model,1796,0.8838582677165354,236,0.11614173228346457,159,True,127,128,32,32,0,"[159, 40, 8]",0,True,32,True,128,159,32,0,0,32,"[128, 40, 8]",1,40,False,ca9ed4a0b3a0658aa462,"0,1",expected_aligned_shape,Qwen/Qwen3.6-35B-A3B,ok,32,127,254,146,0.5748031496062992,254,222,0.8740157480314961,45,0.3543307086614173,0.9720034995625548,246.88888888888889,0.984251968503937,250.0,Qwen/Qwen3.6-35B-A3B-FP8
short_qa,2,127,8,2032,cross_model,1788,0.8799212598425197,244,0.12007874015748031,159,True,127,128,32,32,0,"[159, 40, 8]",0,True,32,True,128,159,32,0,0,32,"[128, 40, 8]",1,40,False,caaa05fc074ec7492074,"0,1",expected_aligned_shape,Qwen/Qwen3.6-35B-A3B,ok,32,127,254,144,0.5669291338582677,254,229,0.9015748031496063,43,0.33858267716535434,0.9781277340332459,248.44444444444446,0.9876968503937008,250.875,Qwen/Qwen3.6-35B-A3B-FP8
summarization,2,127,8,2032,cross_model,1804,0.8877952755905512,228,0.11220472440944881,159,True,127,128,32,32,0,"[159, 40, 8]",0,True,32,True,128,159,32,0,0,32,"[128, 40, 8]",1,40,False,cac6fee02fd04e1964db,"0,1",expected_aligned_shape,Qwen/Qwen3.6-35B-A3B,ok,32,127,254,153,0.6023622047244095,254,219,0.8622047244094488,46,0.36220472440944884,0.9686789151356082,246.04444444444445,0.9822834645669292,249.5,Qwen/Qwen3.6-35B-A3B-FP8
math_numeric,2,127,8,2032,cross_model,1731,0.8518700787401575,301,0.1481299212598425,159,True,127,128,32,32,0,"[159, 40, 8]",0,True,32,True,128,159,32,0,0,32,"[128, 40, 8]",1,40,False,cacdac01a1df5cf98e8c,"0,1",expected_aligned_shape,Qwen/Qwen3.6-35B-A3B,ok,32,127,254,127,0.5,254,215,0.8464566929133859,35,0.2755905511811024,0.9651793525809275,245.15555555555557,0.9803149606299213,249.0,Qwen/Qwen3.6-35B-A3B-FP8
short_qa,2,127,8,2032,cross_model,1762,0.8671259842519685,270,0.1328740157480315,159,True,127,128,32,32,0,"[159, 40, 8]",0,True,32,True,128,159,32,0,0,32,"[128, 40, 8]",1,40,False,cb4f5e75566df4895a22,"0,1",expected_aligned_shape,Qwen/Qwen3.6-35B-A3B,ok,32,127,254,139,0.547244094488189,254,227,0.8937007874015748,37,0.29133858267716534,0.9763779527559054,248.0,0.9867125984251969,250.625,Qwen/Qwen3.6-35B-A3B-FP8
chat,2,127,8,2032,cross_model,1753,0.8626968503937008,279,0.13730314960629922,159,True,127,128,32,32,0,"[159, 40, 8]",0,True,32,True,128,159,32,0,0,32,"[128, 40, 8]",1,40,False,cb5ad6bd2da7b7ac246a,"0,1",expected_aligned_shape,Qwen/Qwen3.6-35B-A3B,ok,32,127,254,131,0.515748031496063,254,222,0.8740157480314961,26,0.2047244094488189,0.9720034995625547,246.88888888888889,0.984251968503937,250.0,Qwen/Qwen3.6-35B-A3B-FP8
short_qa,2,127,8,2032,cross_model,1753,0.8626968503937008,279,0.13730314960629922,159,True,127,128,32,32,0,"[159, 40, 8]",0,True,32,True,128,159,32,0,0,32,"[128, 40, 8]",1,40,False,cb7ef85aeaf18ee8ce20,"0,1",expected_aligned_shape,Qwen/Qwen3.6-35B-A3B,ok,32,127,254,139,0.547244094488189,254,215,0.8464566929133859,39,0.30708661417322836,0.9658792650918635,245.33333333333334,0.9808070866141733,249.125,Qwen/Qwen3.6-35B-A3B-FP8
code,2,127,8,2032,cross_model,1793,0.8823818897637795,239,0.11761811023622047,166,True,127,128,39,39,0,"[166, 40, 8]",0,True,39,True,128,166,39,0,0,39,"[128, 40, 8]",1,40,False,cb95ee1e94b241aba4f9,"0,1",expected_aligned_shape,Qwen/Qwen3.6-35B-A3B,ok,32,127,254,147,0.5787401574803149,254,228,0.8976377952755905,48,0.3779527559055118,0.9772528433945757,248.22222222222223,0.9872047244094488,250.75,Qwen/Qwen3.6-35B-A3B-FP8
needle,2,127,8,2032,cross_model,1779,0.875492125984252,253,0.12450787401574803,159,True,127,128,32,32,0,"[159, 40, 8]",0,True,32,True,128,159,32,0,0,32,"[128, 40, 8]",1,40,False,cc05fb2fbe60c1e25c7c,"0,1",expected_aligned_shape,Qwen/Qwen3.6-35B-A3B,ok,32,127,254,143,0.562992125984252,254,225,0.8858267716535433,43,0.33858267716535434,0.9746281714785653,247.55555555555554,0.9857283464566929,250.375,Qwen/Qwen3.6-35B-A3B-FP8
chat,2,127,8,2032,cross_model,1776,0.8740157480314961,256,0.12598425196850394,159,True,127,128,32,32,0,"[159, 40, 8]",0,True,32,True,128,159,32,0,0,32,"[128, 40, 8]",1,40,False,cc075064e2dcaf82ea11,"0,1",expected_aligned_shape,Qwen/Qwen3.6-35B-A3B,ok,32,127,254,140,0.5511811023622047,254,222,0.8740157480314961,42,0.33070866141732286,0.9720034995625547,246.88888888888889,0.984251968503937,250.0,Qwen/Qwen3.6-35B-A3B-FP8
math_numeric,2,127,8,2032,cross_model,1313,0.6461614173228346,719,0.35383858267716534,159,True,127,128,32,32,0,"[159, 40, 8]",0,True,32,True,128,159,32,0,0,32,"[128, 40, 8]",1,40,False,cc66fc7e655780f0ce4a,"0,1",expected_aligned_shape,Qwen/Qwen3.6-35B-A3B,ok,32,127,254,49,0.19291338582677164,254,140,0.5511811023622047,3,0.023622047244094488,0.899562554680665,228.48888888888888,0.9434055118110236,239.625,Qwen/Qwen3.6-35B-A3B-FP8
low_margin,2,127,8,2032,cross_model,1804,0.8877952755905512,228,0.11220472440944881,167,True,127,128,40,40,0,"[167, 40, 8]",0,True,40,True,128,167,40,0,0,40,"[128, 40, 8]",1,40,False,cc92eea2f85060c2ef48,"0,1",expected_aligned_shape,Qwen/Qwen3.6-35B-A3B,ok,32,127,254,150,0.5905511811023622,254,217,0.8543307086614174,50,0.3937007874015748,0.9669291338582678,245.6,0.9812992125984252,249.25,Qwen/Qwen3.6-35B-A3B-FP8
short_qa,2,127,8,2032,cross_model,1835,0.9030511811023622,197,0.09694881889763779,166,True,127,128,39,39,0,"[166, 40, 8]",0,True,39,True,128,166,39,0,0,39,"[128, 40, 8]",1,40,False,cc968cd2910e4b042410,"0,1",expected_aligned_shape,Qwen/Qwen3.6-35B-A3B,ok,32,127,254,158,0.6220472440944882,254,228,0.8976377952755905,48,0.3779527559055118,0.9772528433945757,248.22222222222223,0.9872047244094488,250.75,Qwen/Qwen3.6-35B-A3B-FP8
json_structured,2,127,8,2032,cross_model,1819,0.8951771653543307,213,0.10482283464566929,167,True,127,128,40,40,0,"[167, 40, 8]",0,True,40,True,128,167,40,0,0,40,"[128, 40, 8]",1,40,False,cca742911a13c00aec34,"0,1",expected_aligned_shape,Qwen/Qwen3.6-35B-A3B,ok,32,127,254,160,0.6299212598425197,254,226,0.889763779527559,52,0.4094488188976378,0.9748031496062992,247.6,0.9857283464566929,250.375,Qwen/Qwen3.6-35B-A3B-FP8
needle,2,127,8,2032,cross_model,1765,0.8686023622047244,267,0.13139763779527558,159,True,127,128,32,32,0,"[159, 40, 8]",0,True,32,True,128,159,32,0,0,32,"[128, 40, 8]",1,40,False,ccb10409682b5cac10c7,"0,1",expected_aligned_shape,Qwen/Qwen3.6-35B-A3B,ok,32,127,254,135,0.531496062992126,254,221,0.8700787401574803,41,0.3228346456692913,0.9711286089238845,246.66666666666666,0.9837598425196851,249.875,Qwen/Qwen3.6-35B-A3B-FP8
summarization,2,127,8,2032,cross_model,1792,0.8818897637795275,240,0.11811023622047244,159,True,127,128,32,32,0,"[159, 40, 8]",0,True,32,True,128,159,32,0,0,32,"[128, 40, 8]",1,40,False,ccde5d7b82ca11f23b09,"0,1",expected_aligned_shape,Qwen/Qwen3.6-35B-A3B,ok,32,127,254,146,0.5748031496062992,254,222,0.8740157480314961,45,0.3543307086614173,0.9720034995625547,246.88888888888889,0.984251968503937,250.0,Qwen/Qwen3.6-35B-A3B-FP8
short_qa,2,127,8,2032,cross_model,1780,0.8759842519685039,252,0.12401574803149606,159,True,127,128,32,32,0,"[159, 40, 8]",0,True,32,True,128,159,32,0,0,32,"[128, 40, 8]",1,40,False,cd5e143f7557cfc96999,"0,1",expected_aligned_shape,Qwen/Qwen3.6-35B-A3B,ok,32,127,254,143,0.562992125984252,254,225,0.8858267716535433,37,0.29133858267716534,0.9746281714785652,247.55555555555554,0.9857283464566929,250.375,Qwen/Qwen3.6-35B-A3B-FP8
chat,2,127,8,2032,cross_model,1776,0.8740157480314961,256,0.12598425196850394,167,True,127,128,40,40,0,"[167, 40, 8]",0,True,40,True,128,167,40,0,0,40,"[128, 40, 8]",1,40,False,cd748cc0523506c2997c,"0,1",expected_aligned_shape,Qwen/Qwen3.6-35B-A3B,ok,32,127,254,140,0.5511811023622047,254,228,0.8976377952755905,42,0.33070866141732286,0.9772528433945757,248.22222222222223,0.9872047244094488,250.75,Qwen/Qwen3.6-35B-A3B-FP8
low_margin,2,127,8,2032,cross_model,1806,0.8887795275590551,226,0.11122047244094488,167,True,127,128,40,40,0,"[167, 40, 8]",0,True,40,True,128,167,40,0,0,40,"[128, 40, 8]",1,40,False,ce3b621205a2f65dcaa1,"0,1",expected_aligned_shape,Qwen/Qwen3.6-35B-A3B,ok,32,127,254,151,0.594488188976378,254,217,0.8543307086614174,47,0.3700787401574803,0.9669291338582677,245.6,0.9812992125984252,249.25,Qwen/Qwen3.6-35B-A3B-FP8
low_margin,2,1,8,16,cross_model,12,0.75,4,0.25,41,True,1,2,40,40,0,"[41, 40, 8]",0,True,40,True,2,41,40,0,0,40,"[2, 40, 8]",1,40,False,ce8803bd786e747fc5da,"0,1",expected_aligned_shape,Qwen/Qwen3.6-35B-A3B,ok,32,1,2,0,0.0,2,0,0.0,0,0.0,0.7777777777777778,1.5555555555555556,0.875,1.75,Qwen/Qwen3.6-35B-A3B-FP8
json_structured,2,127,8,2032,cross_model,1768,0.8700787401574803,264,0.12992125984251968,159,True,127,128,32,32,0,"[159, 40, 8]",0,True,32,True,128,159,32,0,0,32,"[128, 40, 8]",1,40,False,cef2ad578ccae2987bf5,"0,1",expected_aligned_shape,Qwen/Qwen3.6-35B-A3B,ok,32,127,254,140,0.5511811023622047,254,212,0.8346456692913385,41,0.3228346456692913,0.963254593175853,244.66666666666666,0.9793307086614174,248.75,Qwen/Qwen3.6-35B-A3B-FP8
math_numeric,2,6,8,96,cross_model,84,0.875,12,0.125,38,True,6,7,32,32,0,"[38, 40, 8]",0,True,32,True,7,38,32,0,0,32,"[7, 40, 8]",1,40,False,cef9ccc3dede53da7cf5,"0,1",expected_aligned_shape,Qwen/Qwen3.6-35B-A3B,ok,32,6,12,7,0.5833333333333334,12,11,0.9166666666666666,1,0.16666666666666666,0.9814814814814815,11.777777777777779,0.9895833333333334,11.875,Qwen/Qwen3.6-35B-A3B-FP8
low_margin,2,127,8,2032,cross_model,1782,0.8769685039370079,250,0.12303149606299213,166,True,127,128,39,39,0,"[166, 40, 8]",0,True,39,True,128,166,39,0,0,39,"[128, 40, 8]",1,40,False,cf09294076c02627a3a0,"0,1",expected_aligned_shape,Qwen/Qwen3.6-35B-A3B,ok,32,127,254,146,0.5748031496062992,254,223,0.8779527559055118,44,0.3464566929133858,0.9721784776902888,246.93333333333334,0.984251968503937,250.0,Qwen/Qwen3.6-35B-A3B-FP8
needle,2,127,8,2032,cross_model,1756,0.8641732283464567,276,0.13582677165354332,159,True,127,128,32,32,0,"[159, 40, 8]",0,True,32,True,128,159,32,0,0,32,"[128, 40, 8]",1,40,False,cf7b6e98551fa0af3d01,"0,1",expected_aligned_shape,Qwen/Qwen3.6-35B-A3B,ok,32,127,254,129,0.5078740157480315,254,216,0.8503937007874016,31,0.2440944881889764,0.9667541557305336,245.55555555555554,0.9812992125984252,249.25,Qwen/Qwen3.6-35B-A3B-FP8
logs,2,127,8,2032,cross_model,1736,0.8543307086614174,296,0.14566929133858267,159,True,127,128,32,32,0,"[159, 40, 8]",0,True,32,True,128,159,32,0,0,32,"[128, 40, 8]",1,40,False,d01ed33c5d8b4ebe4e68,"0,1",expected_aligned_shape,Qwen/Qwen3.6-35B-A3B,ok,32,127,254,118,0.4645669291338583,254,216,0.8503937007874016,28,0.2204724409448819,0.9667541557305336,245.55555555555554,0.9812992125984252,249.25,Qwen/Qwen3.6-35B-A3B-FP8
chat,2,127,8,2032,cross_model,1728,0.8503937007874016,304,0.14960629921259844,159,True,127,128,32,32,0,"[159, 40, 8]",0,True,32,True,128,159,32,0,0,32,"[128, 40, 8]",1,40,False,d1602404fdf9a687b17f,"0,1",expected_aligned_shape,Qwen/Qwen3.6-35B-A3B,ok,32,127,254,125,0.4921259842519685,254,217,0.8543307086614174,32,0.25196850393700787,0.9676290463692038,245.77777777777777,0.9817913385826772,249.375,Qwen/Qwen3.6-35B-A3B-FP8
chat,2,127,8,2032,cross_model,1801,0.8863188976377953,231,0.11368110236220473,167,True,127,128,40,40,0,"[167, 40, 8]",0,True,40,True,128,167,40,0,0,40,"[128, 40, 8]",1,40,False,d1edc02f59a4883e4d91,"0,1",expected_aligned_shape,Qwen/Qwen3.6-35B-A3B,ok,32,127,254,146,0.5748031496062992,254,220,0.8661417322834646,40,0.31496062992125984,0.9695538057742782,246.26666666666668,0.9827755905511811,249.625,Qwen/Qwen3.6-35B-A3B-FP8
chat,2,127,8,2032,cross_model,1774,0.8730314960629921,258,0.12696850393700787,159,True,127,128,32,32,0,"[159, 40, 8]",0,True,32,True,128,159,32,0,0,32,"[128, 40, 8]",1,40,False,d2451c217ecf54d76ae3,"0,1",expected_aligned_shape,Qwen/Qwen3.6-35B-A3B,ok,32,127,254,145,0.5708661417322834,254,226,0.889763779527559,41,0.3228346456692913,0.9748031496062993,247.6,0.9857283464566929,250.375,Qwen/Qwen3.6-35B-A3B-FP8
needle,2,127,8,2032,cross_model,1790,0.8809055118110236,242,0.11909448818897637,159,True,127,128,32,32,0,"[159, 40, 8]",0,True,32,True,128,159,32,0,0,32,"[128, 40, 8]",1,40,False,d28e7cb28a862000f211,"0,1",expected_aligned_shape,Qwen/Qwen3.6-35B-A3B,ok,32,127,254,144,0.5669291338582677,254,225,0.8858267716535433,44,0.3464566929133858,0.9746281714785652,247.55555555555554,0.9857283464566929,250.375,Qwen/Qwen3.6-35B-A3B-FP8
needle,2,127,8,2032,cross_model,1772,0.8720472440944882,260,0.1279527559055118,159,True,127,128,32,32,0,"[159, 40, 8]",0,True,32,True,128,159,32,0,0,32,"[128, 40, 8]",1,40,False,d2ad6a368500632341b5,"0,1",expected_aligned_shape,Qwen/Qwen3.6-35B-A3B,ok,32,127,254,139,0.547244094488189,254,222,0.8740157480314961,37,0.29133858267716534,0.9720034995625548,246.88888888888889,0.984251968503937,250.0,Qwen/Qwen3.6-35B-A3B-FP8
code,2,127,8,2032,cross_model,1761,0.8666338582677166,271,0.13336614173228348,166,True,127,128,39,39,0,"[166, 40, 8]",0,True,39,True,128,166,39,0,0,39,"[128, 40, 8]",1,40,False,d2aef3de0a914cbd30cd,"0,1",expected_aligned_shape,Qwen/Qwen3.6-35B-A3B,ok,32,127,254,138,0.5433070866141733,254,220,0.8661417322834646,42,0.33070866141732286,0.9702537182852145,246.44444444444446,0.9832677165354331,249.75,Qwen/Qwen3.6-35B-A3B-FP8
code,2,127,8,2032,cross_model,1758,0.8651574803149606,274,0.13484251968503938,159,True,127,128,32,32,0,"[159, 40, 8]",0,True,32,True,128,159,32,0,0,32,"[128, 40, 8]",1,40,False,d2c48184cc2e83155340,"0,1",expected_aligned_shape,Qwen/Qwen3.6-35B-A3B,ok,32,127,254,126,0.49606299212598426,254,216,0.8503937007874016,35,0.2755905511811024,0.9667541557305337,245.55555555555554,0.9812992125984252,249.25,Qwen/Qwen3.6-35B-A3B-FP8
chat,2,127,8,2032,cross_model,1807,0.8892716535433071,225,0.11072834645669291,167,True,127,128,40,40,0,"[167, 40, 8]",0,True,40,True,128,167,40,0,0,40,"[128, 40, 8]",1,40,False,d33dbda788627764c00f,"0,1",expected_aligned_shape,Qwen/Qwen3.6-35B-A3B,ok,32,127,254,150,0.5905511811023622,254,217,0.8543307086614174,42,0.33070866141732286,0.9676290463692038,245.77777777777777,0.9817913385826772,249.375,Qwen/Qwen3.6-35B-A3B-FP8
chat,2,127,8,2032,cross_model,1748,0.860236220472441,284,0.13976377952755906,167,True,127,128,40,40,0,"[167, 40, 8]",0,True,40,True,128,167,40,0,0,40,"[128, 40, 8]",1,40,False,d35a0a4817634dc7cc96,"0,1",expected_aligned_shape,Qwen/Qwen3.6-35B-A3B,ok,32,127,254,132,0.5196850393700787,254,223,0.8779527559055118,31,0.2440944881889764,0.9721784776902888,246.93333333333334,0.984251968503937,250.0,Qwen/Qwen3.6-35B-A3B-FP8
needle,2,127,8,2032,cross_model,1792,0.8818897637795275,240,0.11811023622047244,159,True,127,128,32,32,0,"[159, 40, 8]",0,True,32,True,128,159,32,0,0,32,"[128, 40, 8]",1,40,False,d37b2b30191e39ab55f9,"0,1",expected_aligned_shape,Qwen/Qwen3.6-35B-A3B,ok,32,127,254,144,0.5669291338582677,254,219,0.8622047244094488,47,0.3700787401574803,0.9686789151356082,246.04444444444445,0.9822834645669292,249.5,Qwen/Qwen3.6-35B-A3B-FP8
low_margin,2,127,8,2032,cross_model,1798,0.8848425196850394,234,0.11515748031496063,167,True,127,128,40,40,0,"[167, 40, 8]",0,True,40,True,128,167,40,0,0,40,"[128, 40, 8]",1,40,False,d37c7290c5413ebd15e5,"0,1",expected_aligned_shape,Qwen/Qwen3.6-35B-A3B,ok,32,127,254,141,0.5551181102362205,254,216,0.8503937007874016,44,0.3464566929133858,0.9653543307086614,245.2,0.9803149606299213,249.0,Qwen/Qwen3.6-35B-A3B-FP8
summarization,2,127,8,2032,cross_model,1822,0.8966535433070866,210,0.10334645669291338,163,True,127,128,36,36,0,"[163, 40, 8]",0,True,36,True,128,163,36,0,0,36,"[128, 40, 8]",1,40,False,d3931b16d449005faf35,"0,1",expected_aligned_shape,Qwen/Qwen3.6-35B-A3B,ok,32,127,254,154,0.6062992125984252,254,221,0.8700787401574803,47,0.3700787401574803,0.9711286089238845,246.66666666666666,0.9837598425196851,249.875,Qwen/Qwen3.6-35B-A3B-FP8
mixed_language,2,127,8,2032,cross_model,1682,0.827755905511811,350,0.17224409448818898,159,True,127,128,32,32,0,"[159, 40, 8]",0,True,32,True,128,159,32,0,0,32,"[128, 40, 8]",1,40,False,d3d427ca6ab184fc3dad,"0,1",expected_aligned_shape,Qwen/Qwen3.6-35B-A3B,ok,32,127,254,113,0.4448818897637795,254,207,0.8149606299212598,24,0.1889763779527559,0.95748031496063,243.2,0.9758858267716536,247.875,Qwen/Qwen3.6-35B-A3B-FP8
logs,2,127,8,2032,cross_model,1782,0.8769685039370079,250,0.12303149606299213,159,True,127,128,32,32,0,"[159, 40, 8]",0,True,32,True,128,159,32,0,0,32,"[128, 40, 8]",1,40,False,d4cceaad88cb0529de4f,"0,1",expected_aligned_shape,Qwen/Qwen3.6-35B-A3B,ok,32,127,254,142,0.5590551181102362,254,217,0.8543307086614174,41,0.3228346456692913,0.9676290463692038,245.77777777777777,0.9817913385826772,249.375,Qwen/Qwen3.6-35B-A3B-FP8
math_numeric,2,127,8,2032,cross_model,1388,0.6830708661417323,644,0.3169291338582677,159,True,127,128,32,32,0,"[159, 40, 8]",0,True,32,True,128,159,32,0,0,32,"[128, 40, 8]",1,40,False,d4d0c07197eaf2915900,"0,1",expected_aligned_shape,Qwen/Qwen3.6-35B-A3B,ok,32,127,254,40,0.15748031496062992,254,124,0.4881889763779528,1,0.007874015748031496,0.8813648293963255,223.86666666666667,0.9325787401574803,236.875,Qwen/Qwen3.6-35B-A3B-FP8
mixed_language,2,127,8,2032,cross_model,1775,0.8735236220472441,257,0.1264763779527559,159,True,127,128,32,32,0,"[159, 40, 8]",0,True,32,True,128,159,32,0,0,32,"[128, 40, 8]",1,40,False,d4e41b234555351ee4da,"0,1",expected_aligned_shape,Qwen/Qwen3.6-35B-A3B,ok,32,127,254,139,0.547244094488189,254,209,0.8228346456692913,38,0.2992125984251969,0.9599300087489064,243.82222222222222,0.9773622047244095,248.25,Qwen/Qwen3.6-35B-A3B-FP8
json_structured,2,127,8,2032,cross_model,1779,0.875492125984252,253,0.12450787401574803,159,True,127,128,32,32,0,"[159, 40, 8]",0,True,32,True,128,159,32,0,0,32,"[128, 40, 8]",1,40,False,d51b06ab7dd13d4d81d4,"0,1",expected_aligned_shape,Qwen/Qwen3.6-35B-A3B,ok,32,127,254,142,0.5590551181102362,254,217,0.8543307086614174,39,0.30708661417322836,0.9676290463692039,245.77777777777777,0.9817913385826772,249.375,Qwen/Qwen3.6-35B-A3B-FP8
math_numeric,2,127,8,2032,cross_model,1765,0.8686023622047244,267,0.13139763779527558,159,True,127,128,32,32,0,"[159, 40, 8]",0,True,32,True,128,159,32,0,0,32,"[128, 40, 8]",1,40,False,d54b9920df3289027f13,"0,1",expected_aligned_shape,Qwen/Qwen3.6-35B-A3B,ok,32,127,254,143,0.562992125984252,254,224,0.8818897637795275,38,0.2992125984251969,0.9737532808398951,247.33333333333334,0.985236220472441,250.25,Qwen/Qwen3.6-35B-A3B-FP8
math_numeric,2,127,8,2032,cross_model,1795,0.8833661417322834,237,0.11663385826771654,159,True,127,128,32,32,0,"[159, 40, 8]",0,True,32,True,128,159,32,0,0,32,"[128, 40, 8]",1,40,False,d584c4cfa7779c6be42c,"0,1",expected_aligned_shape,Qwen/Qwen3.6-35B-A3B,ok,32,127,254,154,0.6062992125984252,254,231,0.9094488188976378,47,0.3700787401574803,0.9798775153105863,248.88888888888889,0.9886811023622047,251.125,Qwen/Qwen3.6-35B-A3B-FP8
chat,2,127,8,2032,cross_model,1768,0.8700787401574803,264,0.12992125984251968,159,True,127,128,32,32,0,"[159, 40, 8]",0,True,32,True,128,159,32,0,0,32,"[128, 40, 8]",1,40,False,d5a2d0e1c881a72f54f4,"0,1",expected_aligned_shape,Qwen/Qwen3.6-35B-A3B,ok,32,127,254,135,0.531496062992126,254,225,0.8858267716535433,36,0.28346456692913385,0.9746281714785653,247.55555555555554,0.9857283464566929,250.375,Qwen/Qwen3.6-35B-A3B-FP8
mixed_language,2,127,8,2032,cross_model,1733,0.8528543307086615,299,0.14714566929133857,159,True,127,128,32,32,0,"[159, 40, 8]",0,True,32,True,128,159,32,0,0,32,"[128, 40, 8]",1,40,False,d64596be0221f3b70026,"0,1",expected_aligned_shape,Qwen/Qwen3.6-35B-A3B,ok,32,127,254,123,0.484251968503937,254,216,0.8503937007874016,34,0.2677165354330709,0.9667541557305337,245.55555555555554,0.9812992125984252,249.25,Qwen/Qwen3.6-35B-A3B-FP8
mixed_language,2,127,8,2032,cross_model,1768,0.8700787401574803,264,0.12992125984251968,159,True,127,128,32,32,0,"[159, 40, 8]",0,True,32,True,128,159,32,0,0,32,"[128, 40, 8]",1,40,False,d6e432fcfc894fcdf881,"0,1",expected_aligned_shape,Qwen/Qwen3.6-35B-A3B,ok,32,127,254,129,0.5078740157480315,254,211,0.8307086614173228,34,0.2677165354330709,0.9609798775153107,244.0888888888889,0.9778543307086615,248.375,Qwen/Qwen3.6-35B-A3B-FP8
code,2,127,8,2032,cross_model,1773,0.8725393700787402,259,0.12746062992125984,166,True,127,128,39,39,0,"[166, 40, 8]",0,True,39,True,128,166,39,0,0,39,"[128, 40, 8]",1,40,False,d6f402d11078ae28b1f7,"0,1",expected_aligned_shape,Qwen/Qwen3.6-35B-A3B,ok,32,127,254,138,0.5433070866141733,254,226,0.889763779527559,41,0.3228346456692913,0.9748031496062993,247.6,0.9857283464566929,250.375,Qwen/Qwen3.6-35B-A3B-FP8
code,2,127,8,2032,cross_model,1785,0.8784448818897638,247,0.12155511811023623,166,True,127,128,39,39,0,"[166, 40, 8]",0,True,39,True,128,166,39,0,0,39,"[128, 40, 8]",1,40,False,d6f454eac4a53046e42e,"0,1",expected_aligned_shape,Qwen/Qwen3.6-35B-A3B,ok,32,127,254,136,0.5354330708661418,254,216,0.8503937007874016,37,0.29133858267716534,0.9667541557305337,245.55555555555554,0.9812992125984252,249.25,Qwen/Qwen3.6-35B-A3B-FP8
math_numeric,2,127,8,2032,cross_model,1771,0.8715551181102362,261,0.12844488188976377,159,True,127,128,32,32,0,"[159, 40, 8]",0,True,32,True,128,159,32,0,0,32,"[128, 40, 8]",1,40,False,d73b80329b316dcdaf36,"0,1",expected_aligned_shape,Qwen/Qwen3.6-35B-A3B,ok,32,127,254,142,0.5590551181102362,254,228,0.8976377952755905,39,0.30708661417322836,0.9772528433945757,248.22222222222223,0.9872047244094488,250.75,Qwen/Qwen3.6-35B-A3B-FP8
summarization,2,127,8,2032,cross_model,1830,0.9005905511811023,202,0.09940944881889764,159,True,127,128,32,32,0,"[159, 40, 8]",0,True,32,True,128,159,32,0,0,32,"[128, 40, 8]",1,40,False,d76d3c32ef4c93167c51,"0,1",expected_aligned_shape,Qwen/Qwen3.6-35B-A3B,ok,32,127,254,160,0.6299212598425197,254,223,0.8779527559055118,45,0.3543307086614173,0.9728783902012249,247.11111111111111,0.984744094488189,250.125,Qwen/Qwen3.6-35B-A3B-FP8
code,2,48,8,768,cross_model,683,0.8893229166666666,85,0.11067708333333333,80,True,48,49,32,32,0,"[80, 40, 8]",0,True,32,True,49,80,32,0,0,32,"[49, 40, 8]",1,40,False,d7c98976ac96049f9f9c,"0,1",expected_aligned_shape,Qwen/Qwen3.6-35B-A3B,ok,32,48,96,59,0.6145833333333334,96,90,0.9375,17,0.3541666666666667,0.9861111111111112,94.66666666666667,0.9921875,95.25,Qwen/Qwen3.6-35B-A3B-FP8
json_structured,2,127,8,2032,cross_model,1783,0.8774606299212598,249,0.12253937007874016,167,True,127,128,40,40,0,"[167, 40, 8]",0,True,40,True,128,167,40,0,0,40,"[128, 40, 8]",1,40,False,d7eeb5c3a73a68a2c72c,"0,1",expected_aligned_shape,Qwen/Qwen3.6-35B-A3B,ok,32,127,254,136,0.5354330708661418,254,223,0.8779527559055118,37,0.29133858267716534,0.9714785651793526,246.75555555555556,0.9837598425196851,249.875,Qwen/Qwen3.6-35B-A3B-FP8
low_margin,2,127,8,2032,cross_model,1759,0.8656496062992126,273,0.1343503937007874,166,True,127,128,39,39,0,"[166, 40, 8]",0,True,39,True,128,166,39,0,0,39,"[128, 40, 8]",1,40,False,d8edb7f1d9b6fb40cb72,"0,1",expected_aligned_shape,Qwen/Qwen3.6-35B-A3B,ok,32,127,254,133,0.5236220472440944,254,222,0.8740157480314961,37,0.29133858267716534,0.9720034995625548,246.88888888888889,0.984251968503937,250.0,Qwen/Qwen3.6-35B-A3B-FP8
summarization,2,127,8,2032,cross_model,1791,0.8813976377952756,241,0.1186023622047244,159,True,127,128,32,32,0,"[159, 40, 8]",0,True,32,True,128,159,32,0,0,32,"[128, 40, 8]",1,40,False,d9249bf90507eb60487d,"0,1",expected_aligned_shape,Qwen/Qwen3.6-35B-A3B,ok,32,127,254,150,0.5905511811023622,254,217,0.8543307086614174,40,0.31496062992125984,0.9676290463692038,245.77777777777777,0.9817913385826772,249.375,Qwen/Qwen3.6-35B-A3B-FP8
summarization,2,127,8,2032,cross_model,1787,0.8794291338582677,245,0.12057086614173228,167,True,127,128,40,40,0,"[167, 40, 8]",0,True,40,True,128,167,40,0,0,40,"[128, 40, 8]",1,40,False,d9622fa2fc1017575ec2,"0,1",expected_aligned_shape,Qwen/Qwen3.6-35B-A3B,ok,32,127,254,140,0.5511811023622047,254,218,0.8582677165354331,34,0.2677165354330709,0.9671041119860018,245.64444444444445,0.9812992125984252,249.25,Qwen/Qwen3.6-35B-A3B-FP8
logs,2,127,8,2032,cross_model,1760,0.8661417322834646,272,0.13385826771653545,159,True,127,128,32,32,0,"[159, 40, 8]",0,True,32,True,128,159,32,0,0,32,"[128, 40, 8]",1,40,False,d97854ce673152a2e895,"0,1",expected_aligned_shape,Qwen/Qwen3.6-35B-A3B,ok,32,127,254,140,0.5511811023622047,254,223,0.8779527559055118,39,0.30708661417322836,0.9721784776902889,246.93333333333334,0.984251968503937,250.0,Qwen/Qwen3.6-35B-A3B-FP8
summarization,2,127,8,2032,cross_model,1793,0.8823818897637795,239,0.11761811023622047,167,True,127,128,40,40,0,"[167, 40, 8]",0,True,40,True,128,167,40,0,0,40,"[128, 40, 8]",1,40,False,d9d3ecbdd05cb7446e3c,"0,1",expected_aligned_shape,Qwen/Qwen3.6-35B-A3B,ok,32,127,254,149,0.5866141732283464,254,228,0.8976377952755905,41,0.3228346456692913,0.9772528433945756,248.22222222222223,0.9872047244094488,250.75,Qwen/Qwen3.6-35B-A3B-FP8
chat,2,127,8,2032,cross_model,1774,0.8730314960629921,258,0.12696850393700787,167,True,127,128,40,40,0,"[167, 40, 8]",0,True,40,True,128,167,40,0,0,40,"[128, 40, 8]",1,40,False,da1186af0fe4ead7b8a3,"0,1",expected_aligned_shape,Qwen/Qwen3.6-35B-A3B,ok,32,127,254,137,0.5393700787401575,254,221,0.8700787401574803,41,0.3228346456692913,0.9711286089238845,246.66666666666666,0.9837598425196851,249.875,Qwen/Qwen3.6-35B-A3B-FP8
json_structured,2,127,8,2032,cross_model,1794,0.8828740157480315,238,0.1171259842519685,159,True,127,128,32,32,0,"[159, 40, 8]",0,True,32,True,128,159,32,0,0,32,"[128, 40, 8]",1,40,False,da278f853123e557b793,"0,1",expected_aligned_shape,Qwen/Qwen3.6-35B-A3B,ok,32,127,254,145,0.5708661417322834,254,223,0.8779527559055118,43,0.33858267716535434,0.9728783902012249,247.11111111111111,0.984744094488189,250.125,Qwen/Qwen3.6-35B-A3B-FP8
chat,2,127,8,2032,cross_model,1763,0.8676181102362205,269,0.13238188976377951,159,True,127,128,32,32,0,"[159, 40, 8]",0,True,32,True,128,159,32,0,0,32,"[128, 40, 8]",1,40,False,da761af310412e791b36,"0,1",expected_aligned_shape,Qwen/Qwen3.6-35B-A3B,ok,32,127,254,132,0.5196850393700787,254,216,0.8503937007874016,35,0.2755905511811024,0.9667541557305336,245.55555555555554,0.9812992125984252,249.25,Qwen/Qwen3.6-35B-A3B-FP8
needle,2,127,8,2032,cross_model,1769,0.8705708661417323,263,0.1294291338582677,159,True,127,128,32,32,0,"[159, 40, 8]",0,True,32,True,128,159,32,0,0,32,"[128, 40, 8]",1,40,False,dad8f018d4c8500ae0be,"0,1",expected_aligned_shape,Qwen/Qwen3.6-35B-A3B,ok,32,127,254,135,0.531496062992126,254,223,0.8779527559055118,33,0.25984251968503935,0.972878390201225,247.11111111111111,0.984744094488189,250.125,Qwen/Qwen3.6-35B-A3B-FP8
needle,2,127,8,2032,cross_model,1789,0.8804133858267716,243,0.11958661417322834,159,True,127,128,32,32,0,"[159, 40, 8]",0,True,32,True,128,159,32,0,0,32,"[128, 40, 8]",1,40,False,dba8a8da0a7ff9857eb7,"0,1",expected_aligned_shape,Qwen/Qwen3.6-35B-A3B,ok,32,127,254,145,0.5708661417322834,254,224,0.8818897637795275,41,0.3228346456692913,0.9737532808398951,247.33333333333334,0.985236220472441,250.25,Qwen/Qwen3.6-35B-A3B-FP8
needle,2,127,8,2032,cross_model,1758,0.8651574803149606,274,0.13484251968503938,159,True,127,128,32,32,0,"[159, 40, 8]",0,True,32,True,128,159,32,0,0,32,"[128, 40, 8]",1,40,False,dbb8dced5bf7a78d07db,"0,1",expected_aligned_shape,Qwen/Qwen3.6-35B-A3B,ok,32,127,254,132,0.5196850393700787,254,213,0.8385826771653543,34,0.2677165354330709,0.964129483814523,244.88888888888889,0.9798228346456693,248.875,Qwen/Qwen3.6-35B-A3B-FP8
low_margin,2,127,8,2032,cross_model,1759,0.8656496062992126,273,0.1343503937007874,167,True,127,128,40,40,0,"[167, 40, 8]",0,True,40,True,128,167,40,0,0,40,"[128, 40, 8]",1,40,False,dc232ce0ff7df57e0ee4,"0,1",expected_aligned_shape,Qwen/Qwen3.6-35B-A3B,ok,32,127,254,135,0.531496062992126,254,213,0.8385826771653543,37,0.29133858267716534,0.9634295713035871,244.7111111111111,0.9793307086614174,248.75,Qwen/Qwen3.6-35B-A3B-FP8
json_structured,2,127,8,2032,cross_model,1780,0.8759842519685039,252,0.12401574803149606,159,True,127,128,32,32,0,"[159, 40, 8]",0,True,32,True,128,159,32,0,0,32,"[128, 40, 8]",1,40,False,dcb1a0658a182c9469db,"0,1",expected_aligned_shape,Qwen/Qwen3.6-35B-A3B,ok,32,127,254,138,0.5433070866141733,254,222,0.8740157480314961,41,0.3228346456692913,0.9720034995625548,246.88888888888889,0.984251968503937,250.0,Qwen/Qwen3.6-35B-A3B-FP8
json_structured,2,127,8,2032,cross_model,1779,0.875492125984252,253,0.12450787401574803,159,True,127,128,32,32,0,"[159, 40, 8]",0,True,32,True,128,159,32,0,0,32,"[128, 40, 8]",1,40,False,dd327b9029b2db9a20ff,"0,1",expected_aligned_shape,Qwen/Qwen3.6-35B-A3B,ok,32,127,254,140,0.5511811023622047,254,222,0.8740157480314961,42,0.33070866141732286,0.9720034995625548,246.88888888888889,0.984251968503937,250.0,Qwen/Qwen3.6-35B-A3B-FP8
math_numeric,2,127,8,2032,cross_model,1803,0.8873031496062992,229,0.11269685039370078,159,True,127,128,32,32,0,"[159, 40, 8]",0,True,32,True,128,159,32,0,0,32,"[128, 40, 8]",1,40,False,dd4699e3e2a3e9c2917e,"0,1",expected_aligned_shape,Qwen/Qwen3.6-35B-A3B,ok,32,127,254,153,0.6023622047244095,254,226,0.889763779527559,48,0.3779527559055118,0.9755030621172354,247.77777777777777,0.9862204724409449,250.5,Qwen/Qwen3.6-35B-A3B-FP8
low_margin,2,1,8,16,cross_model,16,1.0,0,0.0,41,True,1,2,40,40,0,"[41, 40, 8]",0,True,40,True,2,41,40,0,0,40,"[2, 40, 8]",1,40,False,de9fa8cbd33ab66d2de0,"0,1",expected_aligned_shape,Qwen/Qwen3.6-35B-A3B,ok,32,1,2,2,1.0,2,2,1.0,1,1.0,1.0,2.0,1.0,2.0,Qwen/Qwen3.6-35B-A3B-FP8
chat,2,127,8,2032,cross_model,1764,0.8681102362204725,268,0.13188976377952755,159,True,127,128,32,32,0,"[159, 40, 8]",0,True,32,True,128,159,32,0,0,32,"[128, 40, 8]",1,40,False,decffd4461aedc82affb,"0,1",expected_aligned_shape,Qwen/Qwen3.6-35B-A3B,ok,32,127,254,133,0.5236220472440944,254,224,0.8818897637795275,33,0.25984251968503935,0.973753280839895,247.33333333333334,0.985236220472441,250.25,Qwen/Qwen3.6-35B-A3B-FP8
math_numeric,2,127,8,2032,cross_model,1333,0.656003937007874,699,0.343996062992126,159,True,127,128,32,32,0,"[159, 40, 8]",0,True,32,True,128,159,32,0,0,32,"[128, 40, 8]",1,40,False,def6df610c33d0b1ced8,"0,1",expected_aligned_shape,Qwen/Qwen3.6-35B-A3B,ok,32,127,254,59,0.23228346456692914,254,140,0.5511811023622047,8,0.06299212598425197,0.8816193430366659,223.93131313131312,0.9306102362204725,236.375,Qwen/Qwen3.6-35B-A3B-FP8
json_structured,2,127,8,2032,cross_model,1802,0.8868110236220472,230,0.11318897637795275,159,True,127,128,32,32,0,"[159, 40, 8]",0,True,32,True,128,159,32,0,0,32,"[128, 40, 8]",1,40,False,defca7881b9810bf23b4,"0,1",expected_aligned_shape,Qwen/Qwen3.6-35B-A3B,ok,32,127,254,153,0.6023622047244095,254,227,0.8937007874015748,41,0.3228346456692913,0.9763779527559056,248.0,0.9867125984251969,250.625,Qwen/Qwen3.6-35B-A3B-FP8
math_numeric,2,127,8,2032,cross_model,1769,0.8705708661417323,263,0.1294291338582677,159,True,127,128,32,32,0,"[159, 40, 8]",0,True,32,True,128,159,32,0,0,32,"[128, 40, 8]",1,40,False,df0b18235b03cb2ef7a0,"0,1",expected_aligned_shape,Qwen/Qwen3.6-35B-A3B,ok,32,127,254,143,0.562992125984252,254,226,0.889763779527559,40,0.31496062992125984,0.9755030621172354,247.77777777777777,0.9862204724409449,250.5,Qwen/Qwen3.6-35B-A3B-FP8
chat,2,127,8,2032,cross_model,1788,0.8799212598425197,244,0.12007874015748031,159,True,127,128,32,32,0,"[159, 40, 8]",0,True,32,True,128,159,32,0,0,32,"[128, 40, 8]",1,40,False,df2178cb54106821c26a,"0,1",expected_aligned_shape,Qwen/Qwen3.6-35B-A3B,ok,32,127,254,146,0.5748031496062992,254,224,0.8818897637795275,43,0.33858267716535434,0.973753280839895,247.33333333333334,0.985236220472441,250.25,Qwen/Qwen3.6-35B-A3B-FP8
mixed_language,2,127,8,2032,cross_model,1761,0.8666338582677166,271,0.13336614173228348,159,True,127,128,32,32,0,"[159, 40, 8]",0,True,32,True,128,159,32,0,0,32,"[128, 40, 8]",1,40,False,df5699d2d0448cb5e647,"0,1",expected_aligned_shape,Qwen/Qwen3.6-35B-A3B,ok,32,127,254,126,0.49606299212598426,254,219,0.8622047244094488,33,0.25984251968503935,0.9693788276465443,246.22222222222223,0.9827755905511811,249.625,Qwen/Qwen3.6-35B-A3B-FP8
summarization,2,127,8,2032,cross_model,1786,0.8789370078740157,246,0.12106299212598425,163,True,127,128,36,36,0,"[163, 40, 8]",0,True,36,True,128,163,36,0,0,36,"[128, 40, 8]",1,40,False,df729736b09d9cf6a0d1,"0,1",expected_aligned_shape,Qwen/Qwen3.6-35B-A3B,ok,32,127,254,147,0.5787401574803149,254,219,0.8622047244094488,36,0.28346456692913385,0.9693788276465443,246.22222222222223,0.9827755905511811,249.625,Qwen/Qwen3.6-35B-A3B-FP8
mixed_language,2,88,8,1408,cross_model,1248,0.8863636363636364,160,0.11363636363636363,120,True,88,89,32,32,0,"[120, 40, 8]",0,True,32,True,89,120,32,0,0,32,"[89, 40, 8]",1,40,False,df97939370daa489e4f3,"0,1",expected_aligned_shape,Qwen/Qwen3.6-35B-A3B,ok,32,88,176,102,0.5795454545454546,176,157,0.8920454545454546,37,0.42045454545454547,0.976010101010101,171.77777777777777,0.9865056818181818,173.625,Qwen/Qwen3.6-35B-A3B-FP8
chat,2,127,8,2032,cross_model,1790,0.8809055118110236,242,0.11909448818897637,159,True,127,128,32,32,0,"[159, 40, 8]",0,True,32,True,128,159,32,0,0,32,"[128, 40, 8]",1,40,False,dfce7add325a33dbdf19,"0,1",expected_aligned_shape,Qwen/Qwen3.6-35B-A3B,ok,32,127,254,146,0.5748031496062992,254,224,0.8818897637795275,43,0.33858267716535434,0.9737532808398951,247.33333333333334,0.985236220472441,250.25,Qwen/Qwen3.6-35B-A3B-FP8
mixed_language,2,127,8,2032,cross_model,1788,0.8799212598425197,244,0.12007874015748031,159,True,127,128,32,32,0,"[159, 40, 8]",0,True,32,True,128,159,32,0,0,32,"[128, 40, 8]",1,40,False,e0c0168a11064079fbc6,"0,1",expected_aligned_shape,Qwen/Qwen3.6-35B-A3B,ok,32,127,254,151,0.594488188976378,254,219,0.8622047244094488,49,0.3858267716535433,0.9693788276465443,246.22222222222223,0.9827755905511811,249.625,Qwen/Qwen3.6-35B-A3B-FP8
needle,2,127,8,2032,cross_model,1763,0.8676181102362205,269,0.13238188976377951,159,True,127,128,32,32,0,"[159, 40, 8]",0,True,32,True,128,159,32,0,0,32,"[128, 40, 8]",1,40,False,e0d97de9b8a261a96953,"0,1",expected_aligned_shape,Qwen/Qwen3.6-35B-A3B,ok,32,127,254,137,0.5393700787401575,254,220,0.8661417322834646,35,0.2755905511811024,0.9702537182852145,246.44444444444446,0.9832677165354331,249.75,Qwen/Qwen3.6-35B-A3B-FP8
chat,2,127,8,2032,cross_model,1808,0.889763779527559,224,0.11023622047244094,159,True,127,128,32,32,0,"[159, 40, 8]",0,True,32,True,128,159,32,0,0,32,"[128, 40, 8]",1,40,False,e0dbb5e604abee3e9199,"0,1",expected_aligned_shape,Qwen/Qwen3.6-35B-A3B,ok,32,127,254,152,0.5984251968503937,254,227,0.8937007874015748,41,0.3228346456692913,0.9763779527559056,248.0,0.9867125984251969,250.625,Qwen/Qwen3.6-35B-A3B-FP8
chat,2,127,8,2032,cross_model,1789,0.8804133858267716,243,0.11958661417322834,159,True,127,128,32,32,0,"[159, 40, 8]",0,True,32,True,128,159,32,0,0,32,"[128, 40, 8]",1,40,False,e1506bf7b8cccf5a1d59,"0,1",expected_aligned_shape,Qwen/Qwen3.6-35B-A3B,ok,32,127,254,152,0.5984251968503937,254,223,0.8779527559055118,46,0.36220472440944884,0.9728783902012249,247.11111111111111,0.984744094488189,250.125,Qwen/Qwen3.6-35B-A3B-FP8
short_qa,2,127,8,2032,cross_model,1795,0.8833661417322834,237,0.11663385826771654,166,True,127,128,39,39,0,"[166, 40, 8]",0,True,39,True,128,166,39,0,0,39,"[128, 40, 8]",1,40,False,e182834c6c18fefcd829,"0,1",expected_aligned_shape,Qwen/Qwen3.6-35B-A3B,ok,32,127,254,147,0.5787401574803149,254,229,0.9015748031496063,38,0.2992125984251969,0.9781277340332459,248.44444444444446,0.9876968503937008,250.875,Qwen/Qwen3.6-35B-A3B-FP8
needle,2,127,8,2032,cross_model,1781,0.8764763779527559,251,0.1235236220472441,159,True,127,128,32,32,0,"[159, 40, 8]",0,True,32,True,128,159,32,0,0,32,"[128, 40, 8]",1,40,False,e1e67e6b4f6a7359047a,"0,1",expected_aligned_shape,Qwen/Qwen3.6-35B-A3B,ok,32,127,254,146,0.5748031496062992,254,230,0.905511811023622,42,0.33070866141732286,0.9790026246719161,248.66666666666666,0.9881889763779528,251.0,Qwen/Qwen3.6-35B-A3B-FP8
json_structured,2,127,8,2032,cross_model,1787,0.8794291338582677,245,0.12057086614173228,159,True,127,128,32,32,0,"[159, 40, 8]",0,True,32,True,128,159,32,0,0,32,"[128, 40, 8]",1,40,False,e21eec022c296b5ab070,"0,1",expected_aligned_shape,Qwen/Qwen3.6-35B-A3B,ok,32,127,254,138,0.5433070866141733,254,224,0.8818897637795275,41,0.3228346456692913,0.973753280839895,247.33333333333334,0.985236220472441,250.25,Qwen/Qwen3.6-35B-A3B-FP8
json_structured,2,127,8,2032,cross_model,1798,0.8848425196850394,234,0.11515748031496063,167,True,127,128,40,40,0,"[167, 40, 8]",0,True,40,True,128,167,40,0,0,40,"[128, 40, 8]",1,40,False,e241a8275a2c1a96efb2,"0,1",expected_aligned_shape,Qwen/Qwen3.6-35B-A3B,ok,32,127,254,150,0.5905511811023622,254,230,0.905511811023622,43,0.33858267716535434,0.9790026246719161,248.66666666666666,0.9881889763779528,251.0,Qwen/Qwen3.6-35B-A3B-FP8
short_qa,2,106,8,1696,cross_model,1477,0.870872641509434,219,0.12912735849056603,138,True,106,107,32,32,0,"[138, 40, 8]",0,True,32,True,107,138,32,0,0,32,"[107, 40, 8]",1,40,False,e255b92f6ff86f29faa5,"0,1",expected_aligned_shape,Qwen/Qwen3.6-35B-A3B,ok,32,106,212,116,0.5471698113207547,212,182,0.8584905660377359,33,0.3113207547169811,0.9685534591194971,205.33333333333334,0.9823113207547169,208.25,Qwen/Qwen3.6-35B-A3B-FP8
summarization,2,127,8,2032,cross_model,1795,0.8833661417322834,237,0.11663385826771654,159,True,127,128,32,32,0,"[159, 40, 8]",0,True,32,True,128,159,32,0,0,32,"[128, 40, 8]",1,40,False,e268aa0a1571b527df88,"0,1",expected_aligned_shape,Qwen/Qwen3.6-35B-A3B,ok,32,127,254,147,0.5787401574803149,254,227,0.8937007874015748,45,0.3543307086614173,0.9763779527559057,248.0,0.9867125984251969,250.625,Qwen/Qwen3.6-35B-A3B-FP8
code,2,127,8,2032,cross_model,1755,0.8636811023622047,277,0.13631889763779528,166,True,127,128,39,39,0,"[166, 40, 8]",0,True,39,True,128,166,39,0,0,39,"[128, 40, 8]",1,40,False,e2a2b97cb4cd3fb0ac63,"0,1",expected_aligned_shape,Qwen/Qwen3.6-35B-A3B,ok,32,127,254,134,0.5275590551181102,254,218,0.8582677165354331,38,0.2992125984251969,0.968503937007874,246.0,0.9822834645669292,249.5,Qwen/Qwen3.6-35B-A3B-FP8
json_structured,2,127,8,2032,cross_model,1774,0.8730314960629921,258,0.12696850393700787,159,True,127,128,32,32,0,"[159, 40, 8]",0,True,32,True,128,159,32,0,0,32,"[128, 40, 8]",1,40,False,e3048f45677a7f61e06c,"0,1",expected_aligned_shape,Qwen/Qwen3.6-35B-A3B,ok,32,127,254,135,0.531496062992126,254,212,0.8346456692913385,33,0.25984251968503935,0.9632545931758529,244.66666666666666,0.9793307086614174,248.75,Qwen/Qwen3.6-35B-A3B-FP8
code,2,127,8,2032,cross_model,1772,0.8720472440944882,260,0.1279527559055118,166,True,127,128,39,39,0,"[166, 40, 8]",0,True,39,True,128,166,39,0,0,39,"[128, 40, 8]",1,40,False,e31ab73e5cc95c1d83a9,"0,1",expected_aligned_shape,Qwen/Qwen3.6-35B-A3B,ok,32,127,254,138,0.5433070866141733,254,224,0.8818897637795275,39,0.30708661417322836,0.9737532808398951,247.33333333333334,0.985236220472441,250.25,Qwen/Qwen3.6-35B-A3B-FP8
math_numeric,2,127,8,2032,cross_model,1823,0.8971456692913385,209,0.10285433070866142,159,True,127,128,32,32,0,"[159, 40, 8]",0,True,32,True,128,159,32,0,0,32,"[128, 40, 8]",1,40,False,e371ee1102e9afc445d2,"0,1",expected_aligned_shape,Qwen/Qwen3.6-35B-A3B,ok,32,127,254,163,0.6417322834645669,254,221,0.8700787401574803,52,0.4094488188976378,0.9697287839020123,246.3111111111111,0.9827755905511811,249.625,Qwen/Qwen3.6-35B-A3B-FP8
needle,2,127,8,2032,cross_model,1751,0.8617125984251969,281,0.13828740157480315,159,True,127,128,32,32,0,"[159, 40, 8]",0,True,32,True,128,159,32,0,0,32,"[128, 40, 8]",1,40,False,e3b52879bd66047b12c7,"0,1",expected_aligned_shape,Qwen/Qwen3.6-35B-A3B,ok,32,127,254,134,0.5275590551181102,254,218,0.8582677165354331,33,0.25984251968503935,0.968503937007874,246.0,0.9822834645669292,249.5,Qwen/Qwen3.6-35B-A3B-FP8
summarization,2,127,8,2032,cross_model,1766,0.8690944881889764,266,0.1309055118110236,163,True,127,128,36,36,0,"[163, 40, 8]",0,True,36,True,128,163,36,0,0,36,"[128, 40, 8]",1,40,False,e3c9801e2e24a41181f4,"0,1",expected_aligned_shape,Qwen/Qwen3.6-35B-A3B,ok,32,127,254,145,0.5708661417322834,254,222,0.8740157480314961,45,0.3543307086614173,0.9720034995625548,246.88888888888889,0.984251968503937,250.0,Qwen/Qwen3.6-35B-A3B-FP8
math_numeric,2,127,8,2032,cross_model,1788,0.8799212598425197,244,0.12007874015748031,159,True,127,128,32,32,0,"[159, 40, 8]",0,True,32,True,128,159,32,0,0,32,"[128, 40, 8]",1,40,False,e4393f3f574092a035dc,"0,1",expected_aligned_shape,Qwen/Qwen3.6-35B-A3B,ok,32,127,254,144,0.5669291338582677,254,228,0.8976377952755905,40,0.31496062992125984,0.9772528433945757,248.22222222222223,0.9872047244094488,250.75,Qwen/Qwen3.6-35B-A3B-FP8
code,2,127,8,2032,cross_model,1766,0.8690944881889764,266,0.1309055118110236,159,True,127,128,32,32,0,"[159, 40, 8]",0,True,32,True,128,159,32,0,0,32,"[128, 40, 8]",1,40,False,e45406fdb262473d0618,"0,1",expected_aligned_shape,Qwen/Qwen3.6-35B-A3B,ok,32,127,254,143,0.562992125984252,254,225,0.8858267716535433,41,0.3228346456692913,0.9739282589676291,247.37777777777777,0.985236220472441,250.25,Qwen/Qwen3.6-35B-A3B-FP8
summarization,2,127,8,2032,cross_model,1821,0.8961614173228346,211,0.10383858267716535,167,True,127,128,40,40,0,"[167, 40, 8]",0,True,40,True,128,167,40,0,0,40,"[128, 40, 8]",1,40,False,e45887176dc3dc67a26f,"0,1",expected_aligned_shape,Qwen/Qwen3.6-35B-A3B,ok,32,127,254,157,0.6181102362204725,254,232,0.9133858267716536,44,0.3464566929133858,0.9807524059492564,249.11111111111111,0.9891732283464567,251.25,Qwen/Qwen3.6-35B-A3B-FP8
json_structured,2,127,8,2032,cross_model,1820,0.8956692913385826,212,0.10433070866141732,159,True,127,128,32,32,0,"[159, 40, 8]",0,True,32,True,128,159,32,0,0,32,"[128, 40, 8]",1,40,False,e4e26ee6c93d0b0c2b29,"0,1",expected_aligned_shape,Qwen/Qwen3.6-35B-A3B,ok,32,127,254,166,0.6535433070866141,254,232,0.9133858267716536,53,0.41732283464566927,0.9800524934383202,248.93333333333334,0.9886811023622047,251.125,Qwen/Qwen3.6-35B-A3B-FP8
code,2,127,8,2032,cross_model,1727,0.8499015748031497,305,0.1500984251968504,159,True,127,128,32,32,0,"[159, 40, 8]",0,True,32,True,128,159,32,0,0,32,"[128, 40, 8]",1,40,False,e4f5ca71dd6c109ad385,"0,1",expected_aligned_shape,Qwen/Qwen3.6-35B-A3B,ok,32,127,254,128,0.5039370078740157,254,228,0.8976377952755905,31,0.2440944881889764,0.9772528433945757,248.22222222222223,0.9872047244094488,250.75,Qwen/Qwen3.6-35B-A3B-FP8
math_numeric,2,127,8,2032,cross_model,1770,0.8710629921259843,262,0.12893700787401574,159,True,127,128,32,32,0,"[159, 40, 8]",0,True,32,True,128,159,32,0,0,32,"[128, 40, 8]",1,40,False,e50fa99f61491ecbb31a,"0,1",expected_aligned_shape,Qwen/Qwen3.6-35B-A3B,ok,32,127,254,140,0.5511811023622047,254,224,0.8818897637795275,38,0.2992125984251969,0.9737532808398952,247.33333333333334,0.985236220472441,250.25,Qwen/Qwen3.6-35B-A3B-FP8
low_margin,2,127,8,2032,cross_model,1801,0.8863188976377953,231,0.11368110236220473,167,True,127,128,40,40,0,"[167, 40, 8]",0,True,40,True,128,167,40,0,0,40,"[128, 40, 8]",1,40,False,e53e7c8bd9bc87e260cc,"0,1",expected_aligned_shape,Qwen/Qwen3.6-35B-A3B,ok,32,127,254,143,0.562992125984252,254,217,0.8543307086614174,37,0.29133858267716534,0.9662292213473318,245.42222222222222,0.9808070866141733,249.125,Qwen/Qwen3.6-35B-A3B-FP8
low_margin,2,127,8,2032,cross_model,1793,0.8823818897637795,239,0.11761811023622047,167,True,127,128,40,40,0,"[167, 40, 8]",0,True,40,True,128,167,40,0,0,40,"[128, 40, 8]",1,40,False,e552ee5adbb3501fcc29,"0,1",expected_aligned_shape,Qwen/Qwen3.6-35B-A3B,ok,32,127,254,146,0.5748031496062992,254,225,0.8858267716535433,42,0.33070866141732286,0.9746281714785652,247.55555555555554,0.9857283464566929,250.375,Qwen/Qwen3.6-35B-A3B-FP8
short_qa,2,113,8,1808,cross_model,1588,0.8783185840707964,220,0.12168141592920353,145,True,113,114,32,32,0,"[145, 40, 8]",0,True,32,True,114,145,32,0,0,32,"[114, 40, 8]",1,40,False,e5668477658ddaf47f00,"0,1",expected_aligned_shape,Qwen/Qwen3.6-35B-A3B,ok,32,113,226,128,0.5663716814159292,226,194,0.8584070796460177,38,0.336283185840708,0.9669616519174042,218.53333333333333,0.9811946902654868,221.75,Qwen/Qwen3.6-35B-A3B-FP8
short_qa,2,127,8,2032,cross_model,1773,0.8725393700787402,259,0.12746062992125984,159,True,127,128,32,32,0,"[159, 40, 8]",0,True,32,True,128,159,32,0,0,32,"[128, 40, 8]",1,40,False,e56a4ad163b2a7ad3ac7,"0,1",expected_aligned_shape,Qwen/Qwen3.6-35B-A3B,ok,32,127,254,139,0.547244094488189,254,212,0.8346456692913385,42,0.33070866141732286,0.9625546806649169,244.48888888888888,0.9788385826771654,248.625,Qwen/Qwen3.6-35B-A3B-FP8
math_numeric,2,127,8,2032,cross_model,1292,0.6358267716535433,740,0.3641732283464567,159,True,127,128,32,32,0,"[159, 40, 8]",0,True,32,True,128,159,32,0,0,32,"[128, 40, 8]",1,40,False,e58abda4f60d678d4a28,"0,1",expected_aligned_shape,Qwen/Qwen3.6-35B-A3B,ok,32,127,254,67,0.2637795275590551,254,132,0.5196850393700787,7,0.05511811023622047,0.8725204803944961,221.62020202020202,0.9251968503937008,235.0,Qwen/Qwen3.6-35B-A3B-FP8
mixed_language,2,127,8,2032,cross_model,1737,0.8548228346456693,295,0.1451771653543307,159,True,127,128,32,32,0,"[159, 40, 8]",0,True,32,True,128,159,32,0,0,32,"[128, 40, 8]",1,40,False,e61167965915dc828d21,"0,1",expected_aligned_shape,Qwen/Qwen3.6-35B-A3B,ok,32,127,254,129,0.5078740157480315,254,214,0.84251968503937,36,0.28346456692913385,0.9650043744531933,245.11111111111111,0.9803149606299213,249.0,Qwen/Qwen3.6-35B-A3B-FP8
mixed_language,2,103,8,1648,cross_model,1498,0.9089805825242718,150,0.09101941747572816,135,True,103,104,32,32,0,"[135, 40, 8]",0,True,32,True,104,135,32,0,0,32,"[104, 40, 8]",1,40,False,e63507dd1e56d90fdb00,"0,1",expected_aligned_shape,Qwen/Qwen3.6-35B-A3B,ok,32,103,206,138,0.6699029126213593,206,184,0.8932038834951457,48,0.46601941747572817,0.9754045307443366,200.93333333333334,0.9860436893203883,203.125,Qwen/Qwen3.6-35B-A3B-FP8
math_numeric,2,127,8,2032,cross_model,1322,0.6505905511811023,710,0.3494094488188976,159,True,127,128,32,32,0,"[159, 40, 8]",0,True,32,True,128,159,32,0,0,32,"[128, 40, 8]",1,40,False,e65a59f3b5949b96eb7a,"0,1",expected_aligned_shape,Qwen/Qwen3.6-35B-A3B,ok,32,127,254,58,0.2283464566929134,254,144,0.5669291338582677,8,0.06299212598425197,0.8809194305257299,223.75353535353534,0.9296259842519685,236.125,Qwen/Qwen3.6-35B-A3B-FP8
json_structured,2,127,8,2032,cross_model,1757,0.8646653543307087,275,0.13533464566929135,159,True,127,128,32,32,0,"[159, 40, 8]",0,True,32,True,128,159,32,0,0,32,"[128, 40, 8]",1,40,False,e6bafd5cab79097ea33e,"0,1",expected_aligned_shape,Qwen/Qwen3.6-35B-A3B,ok,32,127,254,128,0.5039370078740157,254,214,0.84251968503937,28,0.2204724409448819,0.9650043744531933,245.11111111111111,0.9803149606299213,249.0,Qwen/Qwen3.6-35B-A3B-FP8
json_structured,2,127,8,2032,cross_model,1782,0.8769685039370079,250,0.12303149606299213,159,True,127,128,32,32,0,"[159, 40, 8]",0,True,32,True,128,159,32,0,0,32,"[128, 40, 8]",1,40,False,e70fea41349e29ef36fe,"0,1",expected_aligned_shape,Qwen/Qwen3.6-35B-A3B,ok,32,127,254,145,0.5708661417322834,254,223,0.8779527559055118,44,0.3464566929133858,0.9728783902012249,247.11111111111111,0.984744094488189,250.125,Qwen/Qwen3.6-35B-A3B-FP8
math_numeric,2,127,8,2032,cross_model,1433,0.7052165354330708,599,0.2947834645669291,159,True,127,128,32,32,0,"[159, 40, 8]",0,True,32,True,128,159,32,0,0,32,"[128, 40, 8]",1,40,False,e74eaa24a6e9e411b43a,"0,1",expected_aligned_shape,Qwen/Qwen3.6-35B-A3B,ok,32,127,254,52,0.2047244094488189,254,141,0.5551181102362205,3,0.023622047244094488,0.8969378827646546,227.82222222222222,0.9414370078740157,239.125,Qwen/Qwen3.6-35B-A3B-FP8
summarization,2,127,8,2032,cross_model,1787,0.8794291338582677,245,0.12057086614173228,167,True,127,128,40,40,0,"[167, 40, 8]",0,True,40,True,128,167,40,0,0,40,"[128, 40, 8]",1,40,False,e7d0328add79dfef0719,"0,1",expected_aligned_shape,Qwen/Qwen3.6-35B-A3B,ok,32,127,254,144,0.5669291338582677,254,220,0.8661417322834646,37,0.29133858267716534,0.9702537182852145,246.44444444444446,0.9832677165354331,249.75,Qwen/Qwen3.6-35B-A3B-FP8
short_qa,2,127,8,2032,cross_model,1802,0.8868110236220472,230,0.11318897637795275,166,True,127,128,39,39,0,"[166, 40, 8]",0,True,39,True,128,166,39,0,0,39,"[128, 40, 8]",1,40,False,e7f0ca1caecbbe89e953,"0,1",expected_aligned_shape,Qwen/Qwen3.6-35B-A3B,ok,32,127,254,146,0.5748031496062992,254,224,0.8818897637795275,40,0.31496062992125984,0.9737532808398951,247.33333333333334,0.985236220472441,250.25,Qwen/Qwen3.6-35B-A3B-FP8
summarization,2,127,8,2032,cross_model,1796,0.8838582677165354,236,0.11614173228346457,167,True,127,128,40,40,0,"[167, 40, 8]",0,True,40,True,128,167,40,0,0,40,"[128, 40, 8]",1,40,False,e824d93b1763a303ac0e,"0,1",expected_aligned_shape,Qwen/Qwen3.6-35B-A3B,ok,32,127,254,148,0.5826771653543307,254,225,0.8858267716535433,42,0.33070866141732286,0.9746281714785653,247.55555555555554,0.9857283464566929,250.375,Qwen/Qwen3.6-35B-A3B-FP8
math_numeric,2,127,8,2032,cross_model,1326,0.6525590551181102,706,0.34744094488188976,159,True,127,128,32,32,0,"[159, 40, 8]",0,True,32,True,128,159,32,0,0,32,"[128, 40, 8]",1,40,False,e8d609e5d3a41266e100,"0,1",expected_aligned_shape,Qwen/Qwen3.6-35B-A3B,ok,32,127,254,52,0.2047244094488189,254,149,0.5866141732283464,7,0.05511811023622047,0.8921657520082716,226.610101010101,0.937007874015748,238.0,Qwen/Qwen3.6-35B-A3B-FP8
short_qa,2,127,8,2032,cross_model,1792,0.8818897637795275,240,0.11811023622047244,159,True,127,128,32,32,0,"[159, 40, 8]",0,True,32,True,128,159,32,0,0,32,"[128, 40, 8]",1,40,False,e8f0931a3295abecd91d,"0,1",expected_aligned_shape,Qwen/Qwen3.6-35B-A3B,ok,32,127,254,142,0.5590551181102362,254,223,0.8779527559055118,46,0.36220472440944884,0.9721784776902888,246.93333333333334,0.984251968503937,250.0,Qwen/Qwen3.6-35B-A3B-FP8
mixed_language,2,127,8,2032,cross_model,1732,0.8523622047244095,300,0.14763779527559054,159,True,127,128,32,32,0,"[159, 40, 8]",0,True,32,True,128,159,32,0,0,32,"[128, 40, 8]",1,40,False,e94a7692fe73b8cd9add,"0,1",expected_aligned_shape,Qwen/Qwen3.6-35B-A3B,ok,32,127,254,127,0.5,254,216,0.8503937007874016,32,0.25196850393700787,0.9667541557305336,245.55555555555554,0.9812992125984252,249.25,Qwen/Qwen3.6-35B-A3B-FP8
json_structured,2,127,8,2032,cross_model,1812,0.8917322834645669,220,0.10826771653543307,159,True,127,128,32,32,0,"[159, 40, 8]",0,True,32,True,128,159,32,0,0,32,"[128, 40, 8]",1,40,False,e9638fc4294228986f46,"0,1",expected_aligned_shape,Qwen/Qwen3.6-35B-A3B,ok,32,127,254,150,0.5905511811023622,254,216,0.8503937007874016,42,0.33070866141732286,0.9667541557305337,245.55555555555554,0.9812992125984252,249.25,Qwen/Qwen3.6-35B-A3B-FP8
logs,2,119,8,1904,cross_model,1653,0.868172268907563,251,0.13182773109243698,151,True,119,120,32,32,0,"[151, 40, 8]",0,True,32,True,120,151,32,0,0,32,"[120, 40, 8]",1,40,False,e97cb33c46e2dfd641cd,"0,1",expected_aligned_shape,Qwen/Qwen3.6-35B-A3B,ok,32,119,238,123,0.5168067226890757,238,207,0.8697478991596639,32,0.2689075630252101,0.9710550887021475,231.11111111111111,0.9837184873949579,234.125,Qwen/Qwen3.6-35B-A3B-FP8
mixed_language,2,127,8,2032,cross_model,1781,0.8764763779527559,251,0.1235236220472441,159,True,127,128,32,32,0,"[159, 40, 8]",0,True,32,True,128,159,32,0,0,32,"[128, 40, 8]",1,40,False,e9c38d0c60f1ed8584a7,"0,1",expected_aligned_shape,Qwen/Qwen3.6-35B-A3B,ok,32,127,254,137,0.5393700787401575,254,215,0.8464566929133859,36,0.28346456692913385,0.9644794400699912,244.9777777777778,0.9798228346456693,248.875,Qwen/Qwen3.6-35B-A3B-FP8
code,2,127,8,2032,cross_model,1771,0.8715551181102362,261,0.12844488188976377,166,True,127,128,39,39,0,"[166, 40, 8]",0,True,39,True,128,166,39,0,0,39,"[128, 40, 8]",1,40,False,ea20a6f7be1f5596ae81,"0,1",expected_aligned_shape,Qwen/Qwen3.6-35B-A3B,ok,32,127,254,136,0.5354330708661418,254,219,0.8622047244094488,39,0.30708661417322836,0.9693788276465442,246.22222222222223,0.9827755905511811,249.625,Qwen/Qwen3.6-35B-A3B-FP8
summarization,2,127,8,2032,cross_model,1783,0.8774606299212598,249,0.12253937007874016,163,True,127,128,36,36,0,"[163, 40, 8]",0,True,36,True,128,163,36,0,0,36,"[128, 40, 8]",1,40,False,ea25c1dbc2cead686dbe,"0,1",expected_aligned_shape,Qwen/Qwen3.6-35B-A3B,ok,32,127,254,154,0.6062992125984252,254,231,0.9094488188976378,44,0.3464566929133858,0.9798775153105863,248.88888888888889,0.9886811023622047,251.125,Qwen/Qwen3.6-35B-A3B-FP8
low_margin,2,127,8,2032,cross_model,1778,0.875,254,0.125,167,True,127,128,40,40,0,"[167, 40, 8]",0,True,40,True,128,167,40,0,0,40,"[128, 40, 8]",1,40,False,eac129bd5f579133420d,"0,1",expected_aligned_shape,Qwen/Qwen3.6-35B-A3B,ok,32,127,254,135,0.531496062992126,254,220,0.8661417322834646,37,0.29133858267716534,0.9695538057742783,246.26666666666668,0.9827755905511811,249.625,Qwen/Qwen3.6-35B-A3B-FP8
logs,2,127,8,2032,cross_model,1793,0.8823818897637795,239,0.11761811023622047,159,True,127,128,32,32,0,"[159, 40, 8]",0,True,32,True,128,159,32,0,0,32,"[128, 40, 8]",1,40,False,eadb01f9a1ea4898ec56,"0,1",expected_aligned_shape,Qwen/Qwen3.6-35B-A3B,ok,32,127,254,147,0.5787401574803149,254,232,0.9133858267716536,40,0.31496062992125984,0.9800524934383203,248.93333333333334,0.9886811023622047,251.125,Qwen/Qwen3.6-35B-A3B-FP8
chat,2,127,8,2032,cross_model,1786,0.8789370078740157,246,0.12106299212598425,167,True,127,128,40,40,0,"[167, 40, 8]",0,True,40,True,128,167,40,0,0,40,"[128, 40, 8]",1,40,False,eb559da02caf34b94f04,"0,1",expected_aligned_shape,Qwen/Qwen3.6-35B-A3B,ok,32,127,254,146,0.5748031496062992,254,225,0.8858267716535433,42,0.33070866141732286,0.9746281714785653,247.55555555555554,0.9857283464566929,250.375,Qwen/Qwen3.6-35B-A3B-FP8
json_structured,2,127,8,2032,cross_model,1732,0.8523622047244095,300,0.14763779527559054,159,True,127,128,32,32,0,"[159, 40, 8]",0,True,32,True,128,159,32,0,0,32,"[128, 40, 8]",1,40,False,ec141180d7aba09cdfd7,"0,1",expected_aligned_shape,Qwen/Qwen3.6-35B-A3B,ok,32,127,254,127,0.5,254,212,0.8346456692913385,37,0.29133858267716534,0.9625546806649169,244.48888888888888,0.9788385826771654,248.625,Qwen/Qwen3.6-35B-A3B-FP8
code,2,127,8,2032,cross_model,1802,0.8868110236220472,230,0.11318897637795275,159,True,127,128,32,32,0,"[159, 40, 8]",0,True,32,True,128,159,32,0,0,32,"[128, 40, 8]",1,40,False,ec1fee35e147b28594e8,"0,1",expected_aligned_shape,Qwen/Qwen3.6-35B-A3B,ok,32,127,254,149,0.5866141732283464,254,228,0.8976377952755905,50,0.3937007874015748,0.9772528433945759,248.22222222222223,0.9872047244094488,250.75,Qwen/Qwen3.6-35B-A3B-FP8
short_qa,2,127,8,2032,cross_model,1817,0.8941929133858267,215,0.10580708661417323,159,True,127,128,32,32,0,"[159, 40, 8]",0,True,32,True,128,159,32,0,0,32,"[128, 40, 8]",1,40,False,ec3c704bbdb9f984816b,"0,1",expected_aligned_shape,Qwen/Qwen3.6-35B-A3B,ok,32,127,254,153,0.6023622047244095,254,223,0.8779527559055118,41,0.3228346456692913,0.9728783902012248,247.11111111111111,0.984744094488189,250.125,Qwen/Qwen3.6-35B-A3B-FP8
json_structured,2,127,8,2032,cross_model,1779,0.875492125984252,253,0.12450787401574803,159,True,127,128,32,32,0,"[159, 40, 8]",0,True,32,True,128,159,32,0,0,32,"[128, 40, 8]",1,40,False,ec597988254f8fe60485,"0,1",expected_aligned_shape,Qwen/Qwen3.6-35B-A3B,ok,32,127,254,140,0.5511811023622047,254,215,0.8464566929133859,35,0.2755905511811024,0.9651793525809275,245.15555555555557,0.9803149606299213,249.0,Qwen/Qwen3.6-35B-A3B-FP8
mixed_language,2,115,8,1840,cross_model,1613,0.8766304347826087,227,0.1233695652173913,147,True,115,116,32,32,0,"[147, 40, 8]",0,True,32,True,116,147,32,0,0,32,"[116, 40, 8]",1,40,False,ec60a4f7786e2279a182,"0,1",expected_aligned_shape,Qwen/Qwen3.6-35B-A3B,ok,32,115,230,133,0.5782608695652174,230,197,0.8565217391304348,45,0.391304347826087,0.9673429951690822,222.48888888888888,0.9815217391304348,225.75,Qwen/Qwen3.6-35B-A3B-FP8
chat,2,127,8,2032,cross_model,1761,0.8666338582677166,271,0.13336614173228348,167,True,127,128,40,40,0,"[167, 40, 8]",0,True,40,True,128,167,40,0,0,40,"[128, 40, 8]",1,40,False,ec70019f85ed0df3b1c4,"0,1",expected_aligned_shape,Qwen/Qwen3.6-35B-A3B,ok,32,127,254,134,0.5275590551181102,254,221,0.8700787401574803,35,0.2755905511811024,0.9711286089238846,246.66666666666666,0.9837598425196851,249.875,Qwen/Qwen3.6-35B-A3B-FP8
json_structured,2,127,8,2032,cross_model,1740,0.8562992125984252,292,0.1437007874015748,159,True,127,128,32,32,0,"[159, 40, 8]",0,True,32,True,128,159,32,0,0,32,"[128, 40, 8]",1,40,False,ed1695f55c50b1366194,"0,1",expected_aligned_shape,Qwen/Qwen3.6-35B-A3B,ok,32,127,254,123,0.484251968503937,254,210,0.8267716535433071,31,0.2440944881889764,0.9615048118985126,244.22222222222223,0.9783464566929134,248.5,Qwen/Qwen3.6-35B-A3B-FP8
mixed_language,2,127,8,2032,cross_model,1775,0.8735236220472441,257,0.1264763779527559,159,True,127,128,32,32,0,"[159, 40, 8]",0,True,32,True,128,159,32,0,0,32,"[128, 40, 8]",1,40,False,ed33d9d8f1a6628f8f41,"0,1",expected_aligned_shape,Qwen/Qwen3.6-35B-A3B,ok,32,127,254,133,0.5236220472440944,254,202,0.7952755905511811,35,0.2755905511811024,0.9545056867891513,242.44444444444446,0.9744094488188977,247.5,Qwen/Qwen3.6-35B-A3B-FP8
logs,2,127,8,2032,cross_model,1765,0.8686023622047244,267,0.13139763779527558,159,True,127,128,32,32,0,"[159, 40, 8]",0,True,32,True,128,159,32,0,0,32,"[128, 40, 8]",1,40,False,ed4af850109e13dbffb7,"0,1",expected_aligned_shape,Qwen/Qwen3.6-35B-A3B,ok,32,127,254,137,0.5393700787401575,254,213,0.8385826771653543,35,0.2755905511811024,0.9641294838145231,244.88888888888889,0.9798228346456693,248.875,Qwen/Qwen3.6-35B-A3B-FP8
json_structured,2,127,8,2032,cross_model,1787,0.8794291338582677,245,0.12057086614173228,167,True,127,128,40,40,0,"[167, 40, 8]",0,True,40,True,128,167,40,0,0,40,"[128, 40, 8]",1,40,False,ed5b42137a010acef8a9,"0,1",expected_aligned_shape,Qwen/Qwen3.6-35B-A3B,ok,32,127,254,142,0.5590551181102362,254,225,0.8858267716535433,40,0.31496062992125984,0.9739282589676291,247.37777777777777,0.985236220472441,250.25,Qwen/Qwen3.6-35B-A3B-FP8
math_numeric,2,127,8,2032,cross_model,1762,0.8671259842519685,270,0.1328740157480315,159,True,127,128,32,32,0,"[159, 40, 8]",0,True,32,True,128,159,32,0,0,32,"[128, 40, 8]",1,40,False,ed9cd460ff8cf112cf9b,"0,1",expected_aligned_shape,Qwen/Qwen3.6-35B-A3B,ok,32,127,254,135,0.531496062992126,254,216,0.8503937007874016,37,0.29133858267716534,0.9667541557305336,245.55555555555554,0.9812992125984252,249.25,Qwen/Qwen3.6-35B-A3B-FP8
logs,2,127,8,2032,cross_model,1802,0.8868110236220472,230,0.11318897637795275,159,True,127,128,32,32,0,"[159, 40, 8]",0,True,32,True,128,159,32,0,0,32,"[128, 40, 8]",1,40,False,eda8a5523c042a26eee4,"0,1",expected_aligned_shape,Qwen/Qwen3.6-35B-A3B,ok,32,127,254,149,0.5866141732283464,254,230,0.905511811023622,45,0.3543307086614173,0.9790026246719159,248.66666666666666,0.9881889763779528,251.0,Qwen/Qwen3.6-35B-A3B-FP8
json_structured,2,127,8,2032,cross_model,1802,0.8868110236220472,230,0.11318897637795275,159,True,127,128,32,32,0,"[159, 40, 8]",0,True,32,True,128,159,32,0,0,32,"[128, 40, 8]",1,40,False,edcf5b2b115bf77ea26c,"0,1",expected_aligned_shape,Qwen/Qwen3.6-35B-A3B,ok,32,127,254,148,0.5826771653543307,254,222,0.8740157480314961,46,0.36220472440944884,0.9720034995625548,246.88888888888889,0.984251968503937,250.0,Qwen/Qwen3.6-35B-A3B-FP8
summarization,2,127,8,2032,cross_model,1811,0.8912401574803149,221,0.10875984251968504,167,True,127,128,40,40,0,"[167, 40, 8]",0,True,40,True,128,167,40,0,0,40,"[128, 40, 8]",1,40,False,ee4a6c86011c3e44ff62,"0,1",expected_aligned_shape,Qwen/Qwen3.6-35B-A3B,ok,32,127,254,151,0.594488188976378,254,227,0.8937007874015748,45,0.3543307086614173,0.9763779527559056,248.0,0.9867125984251969,250.625,Qwen/Qwen3.6-35B-A3B-FP8
math_numeric,2,127,8,2032,cross_model,1728,0.8503937007874016,304,0.14960629921259844,159,True,127,128,32,32,0,"[159, 40, 8]",0,True,32,True,128,159,32,0,0,32,"[128, 40, 8]",1,40,False,ee7cfbc75d68a00d3394,"0,1",expected_aligned_shape,Qwen/Qwen3.6-35B-A3B,ok,32,127,254,125,0.4921259842519685,254,215,0.8464566929133859,32,0.25196850393700787,0.9658792650918634,245.33333333333334,0.9808070866141733,249.125,Qwen/Qwen3.6-35B-A3B-FP8
short_qa,2,127,8,2032,cross_model,1796,0.8838582677165354,236,0.11614173228346457,159,True,127,128,32,32,0,"[159, 40, 8]",0,True,32,True,128,159,32,0,0,32,"[128, 40, 8]",1,40,False,ee7dabd94e62e0bf2b5e,"0,1",expected_aligned_shape,Qwen/Qwen3.6-35B-A3B,ok,32,127,254,156,0.6141732283464567,254,226,0.889763779527559,54,0.4251968503937008,0.9755030621172355,247.77777777777777,0.9862204724409449,250.5,Qwen/Qwen3.6-35B-A3B-FP8
code,2,127,8,2032,cross_model,1776,0.8740157480314961,256,0.12598425196850394,166,True,127,128,39,39,0,"[166, 40, 8]",0,True,39,True,128,166,39,0,0,39,"[128, 40, 8]",1,40,False,ee81963d22618d303935,"0,1",expected_aligned_shape,Qwen/Qwen3.6-35B-A3B,ok,32,127,254,140,0.5511811023622047,254,229,0.9015748031496063,44,0.3464566929133858,0.9781277340332458,248.44444444444446,0.9876968503937008,250.875,Qwen/Qwen3.6-35B-A3B-FP8
math_numeric,2,127,8,2032,cross_model,1764,0.8681102362204725,268,0.13188976377952755,159,True,127,128,32,32,0,"[159, 40, 8]",0,True,32,True,128,159,32,0,0,32,"[128, 40, 8]",1,40,False,ef06424c58988163b7c9,"0,1",expected_aligned_shape,Qwen/Qwen3.6-35B-A3B,ok,32,127,254,134,0.5275590551181102,254,218,0.8582677165354331,35,0.2755905511811024,0.9678040244969378,245.82222222222222,0.9817913385826772,249.375,Qwen/Qwen3.6-35B-A3B-FP8
mixed_language,2,127,8,2032,cross_model,1740,0.8562992125984252,292,0.1437007874015748,159,True,127,128,32,32,0,"[159, 40, 8]",0,True,32,True,128,159,32,0,0,32,"[128, 40, 8]",1,40,False,ef10a7183d48a63003df,"0,1",expected_aligned_shape,Qwen/Qwen3.6-35B-A3B,ok,32,127,254,137,0.5393700787401575,254,226,0.889763779527559,38,0.2992125984251969,0.9755030621172355,247.77777777777777,0.9862204724409449,250.5,Qwen/Qwen3.6-35B-A3B-FP8
short_qa,2,127,8,2032,cross_model,1808,0.889763779527559,224,0.11023622047244094,159,True,127,128,32,32,0,"[159, 40, 8]",0,True,32,True,128,159,32,0,0,32,"[128, 40, 8]",1,40,False,efbbfc09ebc85a0198a7,"0,1",expected_aligned_shape,Qwen/Qwen3.6-35B-A3B,ok,32,127,254,150,0.5905511811023622,254,228,0.8976377952755905,43,0.33858267716535434,0.9758530183727033,247.86666666666667,0.9862204724409449,250.5,Qwen/Qwen3.6-35B-A3B-FP8
chat,2,127,8,2032,cross_model,1771,0.8715551181102362,261,0.12844488188976377,159,True,127,128,32,32,0,"[159, 40, 8]",0,True,32,True,128,159,32,0,0,32,"[128, 40, 8]",1,40,False,f0038360238676bc6dc7,"0,1",expected_aligned_shape,Qwen/Qwen3.6-35B-A3B,ok,32,127,254,138,0.5433070866141733,254,219,0.8622047244094488,36,0.28346456692913385,0.9693788276465443,246.22222222222223,0.9827755905511811,249.625,Qwen/Qwen3.6-35B-A3B-FP8
short_qa,2,127,8,2032,cross_model,1794,0.8828740157480315,238,0.1171259842519685,166,True,127,128,39,39,0,"[166, 40, 8]",0,True,39,True,128,166,39,0,0,39,"[128, 40, 8]",1,40,False,f04c751fc6cabeda634f,"0,1",expected_aligned_shape,Qwen/Qwen3.6-35B-A3B,ok,32,127,254,146,0.5748031496062992,254,228,0.8976377952755905,44,0.3464566929133858,0.9772528433945757,248.22222222222223,0.9872047244094488,250.75,Qwen/Qwen3.6-35B-A3B-FP8
mixed_language,2,127,8,2032,cross_model,1783,0.8774606299212598,249,0.12253937007874016,159,True,127,128,32,32,0,"[159, 40, 8]",0,True,32,True,128,159,32,0,0,32,"[128, 40, 8]",1,40,False,f071bdcbbbc3e959b867,"0,1",expected_aligned_shape,Qwen/Qwen3.6-35B-A3B,ok,32,127,254,141,0.5551181102362205,254,214,0.84251968503937,38,0.2992125984251969,0.9650043744531934,245.11111111111111,0.9803149606299213,249.0,Qwen/Qwen3.6-35B-A3B-FP8
short_qa,2,127,8,2032,cross_model,1793,0.8823818897637795,239,0.11761811023622047,166,True,127,128,39,39,0,"[166, 40, 8]",0,True,39,True,128,166,39,0,0,39,"[128, 40, 8]",1,40,False,f0a80145f6b08b42e75e,"0,1",expected_aligned_shape,Qwen/Qwen3.6-35B-A3B,ok,32,127,254,149,0.5866141732283464,254,230,0.905511811023622,44,0.3464566929133858,0.9790026246719161,248.66666666666666,0.9881889763779528,251.0,Qwen/Qwen3.6-35B-A3B-FP8
needle,2,127,8,2032,cross_model,1762,0.8671259842519685,270,0.1328740157480315,159,True,127,128,32,32,0,"[159, 40, 8]",0,True,32,True,128,159,32,0,0,32,"[128, 40, 8]",1,40,False,f1319787940d241bd108,"0,1",expected_aligned_shape,Qwen/Qwen3.6-35B-A3B,ok,32,127,254,138,0.5433070866141733,254,225,0.8858267716535433,41,0.3228346456692913,0.9746281714785652,247.55555555555554,0.9857283464566929,250.375,Qwen/Qwen3.6-35B-A3B-FP8
chat,2,127,8,2032,cross_model,1753,0.8626968503937008,279,0.13730314960629922,159,True,127,128,32,32,0,"[159, 40, 8]",0,True,32,True,128,159,32,0,0,32,"[128, 40, 8]",1,40,False,f14945b89c4aa87a2ec2,"0,1",expected_aligned_shape,Qwen/Qwen3.6-35B-A3B,ok,32,127,254,137,0.5393700787401575,254,219,0.8622047244094488,35,0.2755905511811024,0.9693788276465443,246.22222222222223,0.9827755905511811,249.625,Qwen/Qwen3.6-35B-A3B-FP8
low_margin,2,127,8,2032,cross_model,1798,0.8848425196850394,234,0.11515748031496063,166,True,127,128,39,39,0,"[166, 40, 8]",0,True,39,True,128,166,39,0,0,39,"[128, 40, 8]",1,40,False,f16919d280bf2377108c,"0,1",expected_aligned_shape,Qwen/Qwen3.6-35B-A3B,ok,32,127,254,146,0.5748031496062992,254,229,0.9015748031496063,43,0.33858267716535434,0.9781277340332459,248.44444444444446,0.9876968503937008,250.875,Qwen/Qwen3.6-35B-A3B-FP8
math_numeric,2,127,8,2032,cross_model,1816,0.8937007874015748,216,0.1062992125984252,159,True,127,128,32,32,0,"[159, 40, 8]",0,True,32,True,128,159,32,0,0,32,"[128, 40, 8]",1,40,False,f1e40190bf0f306cc68f,"0,1",expected_aligned_shape,Qwen/Qwen3.6-35B-A3B,ok,32,127,254,158,0.6220472440944882,254,225,0.8858267716535433,50,0.3937007874015748,0.9746281714785653,247.55555555555554,0.9857283464566929,250.375,Qwen/Qwen3.6-35B-A3B-FP8
code,2,127,8,2032,cross_model,1765,0.8686023622047244,267,0.13139763779527558,166,True,127,128,39,39,0,"[166, 40, 8]",0,True,39,True,128,166,39,0,0,39,"[128, 40, 8]",1,40,False,f1e595a9b1a4d7f427b2,"0,1",expected_aligned_shape,Qwen/Qwen3.6-35B-A3B,ok,32,127,254,144,0.5669291338582677,254,228,0.8976377952755905,38,0.2992125984251969,0.9772528433945757,248.22222222222223,0.9872047244094488,250.75,Qwen/Qwen3.6-35B-A3B-FP8
mixed_language,2,127,8,2032,cross_model,1753,0.8626968503937008,279,0.13730314960629922,159,True,127,128,32,32,0,"[159, 40, 8]",0,True,32,True,128,159,32,0,0,32,"[128, 40, 8]",1,40,False,f240b20adde5c5226f6b,"0,1",expected_aligned_shape,Qwen/Qwen3.6-35B-A3B,ok,32,127,254,132,0.5196850393700787,254,208,0.8188976377952756,35,0.2755905511811024,0.9590551181102362,243.6,0.9768700787401575,248.125,Qwen/Qwen3.6-35B-A3B-FP8
mixed_language,2,103,8,1648,cross_model,1474,0.8944174757281553,174,0.10558252427184465,135,True,103,104,32,32,0,"[135, 40, 8]",0,True,32,True,104,135,32,0,0,32,"[104, 40, 8]",1,40,False,f2858e4fb41400dee486,"0,1",expected_aligned_shape,Qwen/Qwen3.6-35B-A3B,ok,32,103,206,130,0.6310679611650486,206,183,0.8883495145631068,42,0.4077669902912621,0.9751887810140237,200.88888888888889,0.9860436893203883,203.125,Qwen/Qwen3.6-35B-A3B-FP8
math_numeric,2,127,8,2032,cross_model,1799,0.8853346456692913,233,0.11466535433070867,159,True,127,128,32,32,0,"[159, 40, 8]",0,True,32,True,128,159,32,0,0,32,"[128, 40, 8]",1,40,False,f2f130fc01529df65039,"0,1",expected_aligned_shape,Qwen/Qwen3.6-35B-A3B,ok,32,127,254,146,0.5748031496062992,254,227,0.8937007874015748,42,0.33070866141732286,0.9763779527559056,248.0,0.9867125984251969,250.625,Qwen/Qwen3.6-35B-A3B-FP8
short_qa,2,127,8,2032,cross_model,1797,0.8843503937007874,235,0.1156496062992126,165,True,127,128,38,38,0,"[165, 40, 8]",0,True,38,True,128,165,38,0,0,38,"[128, 40, 8]",1,40,False,f3007c807c021e4181b1,"0,1",expected_aligned_shape,Qwen/Qwen3.6-35B-A3B,ok,32,127,254,148,0.5826771653543307,254,216,0.8503937007874016,41,0.3228346456692913,0.9667541557305337,245.55555555555554,0.9812992125984252,249.25,Qwen/Qwen3.6-35B-A3B-FP8
short_qa,2,127,8,2032,cross_model,1782,0.8769685039370079,250,0.12303149606299213,167,True,127,128,40,40,0,"[167, 40, 8]",0,True,40,True,128,167,40,0,0,40,"[128, 40, 8]",1,40,False,f30e6072f963aa16e457,"0,1",expected_aligned_shape,Qwen/Qwen3.6-35B-A3B,ok,32,127,254,142,0.5590551181102362,254,219,0.8622047244094488,41,0.3228346456692913,0.9693788276465443,246.22222222222223,0.9827755905511811,249.625,Qwen/Qwen3.6-35B-A3B-FP8
needle,2,127,8,2032,cross_model,1781,0.8764763779527559,251,0.1235236220472441,159,True,127,128,32,32,0,"[159, 40, 8]",0,True,32,True,128,159,32,0,0,32,"[128, 40, 8]",1,40,False,f336add17ac143e81f5e,"0,1",expected_aligned_shape,Qwen/Qwen3.6-35B-A3B,ok,32,127,254,139,0.547244094488189,254,221,0.8700787401574803,36,0.28346456692913385,0.9711286089238846,246.66666666666666,0.9837598425196851,249.875,Qwen/Qwen3.6-35B-A3B-FP8
chat,2,127,8,2032,cross_model,1790,0.8809055118110236,242,0.11909448818897637,159,True,127,128,32,32,0,"[159, 40, 8]",0,True,32,True,128,159,32,0,0,32,"[128, 40, 8]",1,40,False,f33ed6f4a2cbbdc3df09,"0,1",expected_aligned_shape,Qwen/Qwen3.6-35B-A3B,ok,32,127,254,148,0.5826771653543307,254,225,0.8858267716535433,41,0.3228346456692913,0.9746281714785653,247.55555555555554,0.9857283464566929,250.375,Qwen/Qwen3.6-35B-A3B-FP8
json_structured,2,127,8,2032,cross_model,1732,0.8523622047244095,300,0.14763779527559054,159,True,127,128,32,32,0,"[159, 40, 8]",0,True,32,True,128,159,32,0,0,32,"[128, 40, 8]",1,40,False,f34be65d1aaf6e9e9a85,"0,1",expected_aligned_shape,Qwen/Qwen3.6-35B-A3B,ok,32,127,254,126,0.49606299212598426,254,209,0.8228346456692913,31,0.2440944881889764,0.9592300962379703,243.64444444444445,0.9768700787401575,248.125,Qwen/Qwen3.6-35B-A3B-FP8
chat,2,127,8,2032,cross_model,1777,0.874507874015748,255,0.12549212598425197,159,True,127,128,32,32,0,"[159, 40, 8]",0,True,32,True,128,159,32,0,0,32,"[128, 40, 8]",1,40,False,f4bb1bc665aeca57833d,"0,1",expected_aligned_shape,Qwen/Qwen3.6-35B-A3B,ok,32,127,254,139,0.547244094488189,254,226,0.889763779527559,39,0.30708661417322836,0.9755030621172354,247.77777777777777,0.9862204724409449,250.5,Qwen/Qwen3.6-35B-A3B-FP8
summarization,2,127,8,2032,cross_model,1793,0.8823818897637795,239,0.11761811023622047,167,True,127,128,40,40,0,"[167, 40, 8]",0,True,40,True,128,167,40,0,0,40,"[128, 40, 8]",1,40,False,f4cb1b6c567545e9c097,"0,1",expected_aligned_shape,Qwen/Qwen3.6-35B-A3B,ok,32,127,254,148,0.5826771653543307,254,220,0.8661417322834646,41,0.3228346456692913,0.9702537182852145,246.44444444444446,0.9832677165354331,249.75,Qwen/Qwen3.6-35B-A3B-FP8
mixed_language,2,127,8,2032,cross_model,1733,0.8528543307086615,299,0.14714566929133857,159,True,127,128,32,32,0,"[159, 40, 8]",0,True,32,True,128,159,32,0,0,32,"[128, 40, 8]",1,40,False,f57907551417f232924a,"0,1",expected_aligned_shape,Qwen/Qwen3.6-35B-A3B,ok,32,127,254,125,0.4921259842519685,254,215,0.8464566929133859,35,0.2755905511811024,0.9658792650918635,245.33333333333334,0.9808070866141733,249.125,Qwen/Qwen3.6-35B-A3B-FP8
mixed_language,2,127,8,2032,cross_model,1814,0.8927165354330708,218,0.10728346456692914,159,True,127,128,32,32,0,"[159, 40, 8]",0,True,32,True,128,159,32,0,0,32,"[128, 40, 8]",1,40,False,f598a18bf78b83407716,"0,1",expected_aligned_shape,Qwen/Qwen3.6-35B-A3B,ok,32,127,254,150,0.5905511811023622,254,227,0.8937007874015748,46,0.36220472440944884,0.9763779527559056,248.0,0.9867125984251969,250.625,Qwen/Qwen3.6-35B-A3B-FP8
summarization,2,127,8,2032,cross_model,1820,0.8956692913385826,212,0.10433070866141732,159,True,127,128,32,32,0,"[159, 40, 8]",0,True,32,True,128,159,32,0,0,32,"[128, 40, 8]",1,40,False,f5c971c02106745e8fc1,"0,1",expected_aligned_shape,Qwen/Qwen3.6-35B-A3B,ok,32,127,254,154,0.6062992125984252,254,229,0.9015748031496063,47,0.3700787401574803,0.978127734033246,248.44444444444446,0.9876968503937008,250.875,Qwen/Qwen3.6-35B-A3B-FP8
code,2,127,8,2032,cross_model,1800,0.8858267716535433,232,0.1141732283464567,159,True,127,128,32,32,0,"[159, 40, 8]",0,True,32,True,128,159,32,0,0,32,"[128, 40, 8]",1,40,False,f5c9a7b15992f59eb027,"0,1",expected_aligned_shape,Qwen/Qwen3.6-35B-A3B,ok,32,127,254,151,0.594488188976378,254,229,0.9015748031496063,50,0.3937007874015748,0.9781277340332459,248.44444444444446,0.9876968503937008,250.875,Qwen/Qwen3.6-35B-A3B-FP8
summarization,2,127,8,2032,cross_model,1805,0.8882874015748031,227,0.11171259842519685,159,True,127,128,32,32,0,"[159, 40, 8]",0,True,32,True,128,159,32,0,0,32,"[128, 40, 8]",1,40,False,f5e18fd11d8b2c589463,"0,1",expected_aligned_shape,Qwen/Qwen3.6-35B-A3B,ok,32,127,254,151,0.594488188976378,254,224,0.8818897637795275,42,0.33070866141732286,0.9737532808398952,247.33333333333334,0.985236220472441,250.25,Qwen/Qwen3.6-35B-A3B-FP8
code,2,127,8,2032,cross_model,1823,0.8971456692913385,209,0.10285433070866142,159,True,127,128,32,32,0,"[159, 40, 8]",0,True,32,True,128,159,32,0,0,32,"[128, 40, 8]",1,40,False,f5f097d365c9fe0e543f,"0,1",expected_aligned_shape,Qwen/Qwen3.6-35B-A3B,ok,32,127,254,155,0.610236220472441,254,226,0.889763779527559,44,0.3464566929133858,0.9755030621172355,247.77777777777777,0.9862204724409449,250.5,Qwen/Qwen3.6-35B-A3B-FP8
code,2,127,8,2032,cross_model,1770,0.8710629921259843,262,0.12893700787401574,159,True,127,128,32,32,0,"[159, 40, 8]",0,True,32,True,128,159,32,0,0,32,"[128, 40, 8]",1,40,False,f607a25acb33f6d075c1,"0,1",expected_aligned_shape,Qwen/Qwen3.6-35B-A3B,ok,32,127,254,131,0.515748031496063,254,212,0.8346456692913385,34,0.2677165354330709,0.963254593175853,244.66666666666666,0.9793307086614174,248.75,Qwen/Qwen3.6-35B-A3B-FP8
short_qa,2,127,8,2032,cross_model,1807,0.8892716535433071,225,0.11072834645669291,166,True,127,128,39,39,0,"[166, 40, 8]",0,True,39,True,128,166,39,0,0,39,"[128, 40, 8]",1,40,False,f6dd8ff341515260d4cb,"0,1",expected_aligned_shape,Qwen/Qwen3.6-35B-A3B,ok,32,127,254,152,0.5984251968503937,254,223,0.8779527559055118,46,0.36220472440944884,0.9728783902012249,247.11111111111111,0.984744094488189,250.125,Qwen/Qwen3.6-35B-A3B-FP8
low_margin,2,127,8,2032,cross_model,1790,0.8809055118110236,242,0.11909448818897637,167,True,127,128,40,40,0,"[167, 40, 8]",0,True,40,True,128,167,40,0,0,40,"[128, 40, 8]",1,40,False,f6f8677e1aeefc09a04f,"0,1",expected_aligned_shape,Qwen/Qwen3.6-35B-A3B,ok,32,127,254,148,0.5826771653543307,254,216,0.8503937007874016,46,0.36220472440944884,0.9660542432195977,245.37777777777777,0.9808070866141733,249.125,Qwen/Qwen3.6-35B-A3B-FP8
summarization,2,127,8,2032,cross_model,1830,0.9005905511811023,202,0.09940944881889764,159,True,127,128,32,32,0,"[159, 40, 8]",0,True,32,True,128,159,32,0,0,32,"[128, 40, 8]",1,40,False,f7161b47275b97c6fb82,"0,1",expected_aligned_shape,Qwen/Qwen3.6-35B-A3B,ok,32,127,254,158,0.6220472440944882,254,219,0.8622047244094488,44,0.3464566929133858,0.9693788276465443,246.22222222222223,0.9827755905511811,249.625,Qwen/Qwen3.6-35B-A3B-FP8
mixed_language,2,127,8,2032,cross_model,1770,0.8710629921259843,262,0.12893700787401574,159,True,127,128,32,32,0,"[159, 40, 8]",0,True,32,True,128,159,32,0,0,32,"[128, 40, 8]",1,40,False,f7235228f8e221be40e0,"0,1",expected_aligned_shape,Qwen/Qwen3.6-35B-A3B,ok,32,127,254,136,0.5354330708661418,254,218,0.8582677165354331,36,0.28346456692913385,0.9678040244969379,245.82222222222222,0.9817913385826772,249.375,Qwen/Qwen3.6-35B-A3B-FP8
json_structured,2,127,8,2032,cross_model,1790,0.8809055118110236,242,0.11909448818897637,167,True,127,128,40,40,0,"[167, 40, 8]",0,True,40,True,128,167,40,0,0,40,"[128, 40, 8]",1,40,False,f765a88495d61ef8fb00,"0,1",expected_aligned_shape,Qwen/Qwen3.6-35B-A3B,ok,32,127,254,141,0.5551181102362205,254,222,0.8740157480314961,39,0.30708661417322836,0.9720034995625547,246.88888888888889,0.984251968503937,250.0,Qwen/Qwen3.6-35B-A3B-FP8
summarization,2,127,8,2032,cross_model,1792,0.8818897637795275,240,0.11811023622047244,166,True,127,128,39,39,0,"[166, 40, 8]",0,True,39,True,128,166,39,0,0,39,"[128, 40, 8]",1,40,False,f7b04a9eb798f66c1982,"0,1",expected_aligned_shape,Qwen/Qwen3.6-35B-A3B,ok,32,127,254,146,0.5748031496062992,254,220,0.8661417322834646,39,0.30708661417322836,0.9702537182852145,246.44444444444446,0.9832677165354331,249.75,Qwen/Qwen3.6-35B-A3B-FP8
chat,2,127,8,2032,cross_model,1796,0.8838582677165354,236,0.11614173228346457,159,True,127,128,32,32,0,"[159, 40, 8]",0,True,32,True,128,159,32,0,0,32,"[128, 40, 8]",1,40,False,f7b31d9c7603bfc99f41,"0,1",expected_aligned_shape,Qwen/Qwen3.6-35B-A3B,ok,32,127,254,145,0.5708661417322834,254,216,0.8503937007874016,39,0.30708661417322836,0.9667541557305337,245.55555555555554,0.9812992125984252,249.25,Qwen/Qwen3.6-35B-A3B-FP8
json_structured,2,127,8,2032,cross_model,1764,0.8681102362204725,268,0.13188976377952755,159,True,127,128,32,32,0,"[159, 40, 8]",0,True,32,True,128,159,32,0,0,32,"[128, 40, 8]",1,40,False,f8161d92d5e0dcf1cce3,"0,1",expected_aligned_shape,Qwen/Qwen3.6-35B-A3B,ok,32,127,254,140,0.5511811023622047,254,218,0.8582677165354331,40,0.31496062992125984,0.968503937007874,246.0,0.9822834645669292,249.5,Qwen/Qwen3.6-35B-A3B-FP8
code,2,127,8,2032,cross_model,1766,0.8690944881889764,266,0.1309055118110236,159,True,127,128,32,32,0,"[159, 40, 8]",0,True,32,True,128,159,32,0,0,32,"[128, 40, 8]",1,40,False,f8522bf1b1649196dabf,"0,1",expected_aligned_shape,Qwen/Qwen3.6-35B-A3B,ok,32,127,254,137,0.5393700787401575,254,222,0.8740157480314961,40,0.31496062992125984,0.9713035870516186,246.7111111111111,0.9837598425196851,249.875,Qwen/Qwen3.6-35B-A3B-FP8
low_margin,2,127,8,2032,cross_model,1780,0.8759842519685039,252,0.12401574803149606,166,True,127,128,39,39,0,"[166, 40, 8]",0,True,39,True,128,166,39,0,0,39,"[128, 40, 8]",1,40,False,f8b7d673208f4703d173,"0,1",expected_aligned_shape,Qwen/Qwen3.6-35B-A3B,ok,32,127,254,136,0.5354330708661418,254,218,0.8582677165354331,38,0.2992125984251969,0.968503937007874,246.0,0.9822834645669292,249.5,Qwen/Qwen3.6-35B-A3B-FP8
mixed_language,2,127,8,2032,cross_model,1744,0.8582677165354331,288,0.14173228346456693,159,True,127,128,32,32,0,"[159, 40, 8]",0,True,32,True,128,159,32,0,0,32,"[128, 40, 8]",1,40,False,f913721fcb7ea89e83db,"0,1",expected_aligned_shape,Qwen/Qwen3.6-35B-A3B,ok,32,127,254,132,0.5196850393700787,254,218,0.8582677165354331,36,0.28346456692913385,0.968503937007874,246.0,0.9822834645669292,249.5,Qwen/Qwen3.6-35B-A3B-FP8
needle,2,127,8,2032,cross_model,1764,0.8681102362204725,268,0.13188976377952755,159,True,127,128,32,32,0,"[159, 40, 8]",0,True,32,True,128,159,32,0,0,32,"[128, 40, 8]",1,40,False,f9234eab6995d6951a8a,"0,1",expected_aligned_shape,Qwen/Qwen3.6-35B-A3B,ok,32,127,254,129,0.5078740157480315,254,220,0.8661417322834646,34,0.2677165354330709,0.9702537182852145,246.44444444444446,0.9832677165354331,249.75,Qwen/Qwen3.6-35B-A3B-FP8
short_qa,2,60,8,960,cross_model,825,0.859375,135,0.140625,92,True,60,61,32,32,0,"[92, 40, 8]",0,True,32,True,61,92,32,0,0,32,"[61, 40, 8]",1,40,False,fa9d275badf610a1379e,"0,1",expected_aligned_shape,Qwen/Qwen3.6-35B-A3B,ok,32,60,120,62,0.5166666666666667,120,103,0.8583333333333333,15,0.25,0.9670370370370371,116.04444444444445,0.98125,117.75,Qwen/Qwen3.6-35B-A3B-FP8
math_numeric,2,127,8,2032,cross_model,1763,0.8676181102362205,269,0.13238188976377951,159,True,127,128,32,32,0,"[159, 40, 8]",0,True,32,True,128,159,32,0,0,32,"[128, 40, 8]",1,40,False,fad300d8fd6577e50bbc,"0,1",expected_aligned_shape,Qwen/Qwen3.6-35B-A3B,ok,32,127,254,139,0.547244094488189,254,222,0.8740157480314961,37,0.29133858267716534,0.9713035870516186,246.7111111111111,0.9837598425196851,249.875,Qwen/Qwen3.6-35B-A3B-FP8
low_margin,2,127,8,2032,cross_model,1814,0.8927165354330708,218,0.10728346456692914,165,True,127,128,38,38,0,"[165, 40, 8]",0,True,38,True,128,165,38,0,0,38,"[128, 40, 8]",1,40,False,fad7a7bed044b720b4b1,"0,1",expected_aligned_shape,Qwen/Qwen3.6-35B-A3B,ok,32,127,254,149,0.5866141732283464,254,221,0.8700787401574803,44,0.3464566929133858,0.9704286964129484,246.48888888888888,0.9832677165354331,249.75,Qwen/Qwen3.6-35B-A3B-FP8
json_structured,2,127,8,2032,cross_model,1791,0.8813976377952756,241,0.1186023622047244,159,True,127,128,32,32,0,"[159, 40, 8]",0,True,32,True,128,159,32,0,0,32,"[128, 40, 8]",1,40,False,fae09243181a7d6bf3ec,"0,1",expected_aligned_shape,Qwen/Qwen3.6-35B-A3B,ok,32,127,254,146,0.5748031496062992,254,221,0.8700787401574803,44,0.3464566929133858,0.9704286964129484,246.48888888888888,0.9832677165354331,249.75,Qwen/Qwen3.6-35B-A3B-FP8
short_qa,2,127,8,2032,cross_model,1766,0.8690944881889764,266,0.1309055118110236,159,True,127,128,32,32,0,"[159, 40, 8]",0,True,32,True,128,159,32,0,0,32,"[128, 40, 8]",1,40,False,fb4a2ad326742a7daba7,"0,1",expected_aligned_shape,Qwen/Qwen3.6-35B-A3B,ok,32,127,254,146,0.5748031496062992,254,220,0.8661417322834646,40,0.31496062992125984,0.9702537182852145,246.44444444444446,0.9832677165354331,249.75,Qwen/Qwen3.6-35B-A3B-FP8
logs,2,127,8,2032,cross_model,1768,0.8700787401574803,264,0.12992125984251968,159,True,127,128,32,32,0,"[159, 40, 8]",0,True,32,True,128,159,32,0,0,32,"[128, 40, 8]",1,40,False,fb52f03e456f4681f727,"0,1",expected_aligned_shape,Qwen/Qwen3.6-35B-A3B,ok,32,127,254,137,0.5393700787401575,254,213,0.8385826771653543,35,0.2755905511811024,0.9641294838145231,244.88888888888889,0.9798228346456693,248.875,Qwen/Qwen3.6-35B-A3B-FP8
needle,2,127,8,2032,cross_model,1766,0.8690944881889764,266,0.1309055118110236,159,True,127,128,32,32,0,"[159, 40, 8]",0,True,32,True,128,159,32,0,0,32,"[128, 40, 8]",1,40,False,fb7cd58efb77536b7e5a,"0,1",expected_aligned_shape,Qwen/Qwen3.6-35B-A3B,ok,32,127,254,140,0.5511811023622047,254,230,0.905511811023622,35,0.2755905511811024,0.97830271216098,248.48888888888888,0.9876968503937008,250.875,Qwen/Qwen3.6-35B-A3B-FP8
needle,2,127,8,2032,cross_model,1783,0.8774606299212598,249,0.12253937007874016,159,True,127,128,32,32,0,"[159, 40, 8]",0,True,32,True,128,159,32,0,0,32,"[128, 40, 8]",1,40,False,fc015de10f6cf890ad72,"0,1",expected_aligned_shape,Qwen/Qwen3.6-35B-A3B,ok,32,127,254,138,0.5433070866141733,254,218,0.8582677165354331,38,0.2992125984251969,0.9678040244969378,245.82222222222222,0.9817913385826772,249.375,Qwen/Qwen3.6-35B-A3B-FP8
logs,2,104,8,1664,cross_model,1462,0.8786057692307693,202,0.12139423076923077,136,True,104,105,32,32,0,"[136, 40, 8]",0,True,32,True,105,136,32,0,0,32,"[105, 40, 8]",1,40,False,fd593d5b54a62fcffca1,"0,1",expected_aligned_shape,Qwen/Qwen3.6-35B-A3B,ok,32,104,208,116,0.5576923076923077,208,185,0.8894230769230769,32,0.3076923076923077,0.9754273504273504,202.88888888888889,0.9861778846153846,205.125,Qwen/Qwen3.6-35B-A3B-FP8
summarization,2,127,8,2032,cross_model,1795,0.8833661417322834,237,0.11663385826771654,163,True,127,128,36,36,0,"[163, 40, 8]",0,True,36,True,128,163,36,0,0,36,"[128, 40, 8]",1,40,False,fd91b59bb2c549b95df7,"0,1",expected_aligned_shape,Qwen/Qwen3.6-35B-A3B,ok,32,127,254,150,0.5905511811023622,254,231,0.9094488188976378,44,0.3464566929133858,0.9798775153105863,248.88888888888889,0.9886811023622047,251.125,Qwen/Qwen3.6-35B-A3B-FP8
math_numeric,2,127,8,2032,cross_model,1765,0.8686023622047244,267,0.13139763779527558,159,True,127,128,32,32,0,"[159, 40, 8]",0,True,32,True,128,159,32,0,0,32,"[128, 40, 8]",1,40,False,fdfcb33b753deea08692,"0,1",expected_aligned_shape,Qwen/Qwen3.6-35B-A3B,ok,32,127,254,138,0.5433070866141733,254,230,0.905511811023622,37,0.29133858267716534,0.979002624671916,248.66666666666666,0.9881889763779528,251.0,Qwen/Qwen3.6-35B-A3B-FP8
chat,2,127,8,2032,cross_model,1791,0.8813976377952756,241,0.1186023622047244,167,True,127,128,40,40,0,"[167, 40, 8]",0,True,40,True,128,167,40,0,0,40,"[128, 40, 8]",1,40,False,fe4a3d67806d76a98fae,"0,1",expected_aligned_shape,Qwen/Qwen3.6-35B-A3B,ok,32,127,254,137,0.5393700787401575,254,223,0.8779527559055118,36,0.28346456692913385,0.9728783902012249,247.11111111111111,0.984744094488189,250.125,Qwen/Qwen3.6-35B-A3B-FP8
summarization,2,127,8,2032,cross_model,1778,0.875,254,0.125,159,True,127,128,32,32,0,"[159, 40, 8]",0,True,32,True,128,159,32,0,0,32,"[128, 40, 8]",1,40,False,fe4cffdc58d7f1e1a293,"0,1",expected_aligned_shape,Qwen/Qwen3.6-35B-A3B,ok,32,127,254,146,0.5748031496062992,254,227,0.8937007874015748,45,0.3543307086614173,0.9763779527559056,248.0,0.9867125984251969,250.625,Qwen/Qwen3.6-35B-A3B-FP8
low_margin,2,127,8,2032,cross_model,1819,0.8951771653543307,213,0.10482283464566929,166,True,127,128,39,39,0,"[166, 40, 8]",0,True,39,True,128,166,39,0,0,39,"[128, 40, 8]",1,40,False,fe6b5ef3198d755075f3,"0,1",expected_aligned_shape,Qwen/Qwen3.6-35B-A3B,ok,32,127,254,162,0.6377952755905512,254,228,0.8976377952755905,51,0.4015748031496063,0.9772528433945757,248.22222222222223,0.9872047244094488,250.75,Qwen/Qwen3.6-35B-A3B-FP8
short_qa,2,127,8,2032,cross_model,1828,0.8996062992125984,204,0.10039370078740158,166,True,127,128,39,39,0,"[166, 40, 8]",0,True,39,True,128,166,39,0,0,39,"[128, 40, 8]",1,40,False,ff1a9c5e2203db4473c6,"0,1",expected_aligned_shape,Qwen/Qwen3.6-35B-A3B,ok,32,127,254,161,0.6338582677165354,254,231,0.9094488188976378,49,0.3858267716535433,0.9798775153105862,248.88888888888889,0.9886811023622047,251.125,Qwen/Qwen3.6-35B-A3B-FP8
short_qa,2,127,8,2032,cross_model,1798,0.8848425196850394,234,0.11515748031496063,159,True,127,128,32,32,0,"[159, 40, 8]",0,True,32,True,128,159,32,0,0,32,"[128, 40, 8]",1,40,False,ff6072c8813e42e04c48,"0,1",expected_aligned_shape,Qwen/Qwen3.6-35B-A3B,ok,32,127,254,147,0.5787401574803149,254,226,0.889763779527559,46,0.36220472440944884,0.9748031496062992,247.6,0.9857283464566929,250.375,Qwen/Qwen3.6-35B-A3B-FP8
needle,2,127,8,2032,cross_model,1763,0.8676181102362205,269,0.13238188976377951,159,True,127,128,32,32,0,"[159, 40, 8]",0,True,32,True,128,159,32,0,0,32,"[128, 40, 8]",1,40,False,ff63d5d0021722cb25c1,"0,1",expected_aligned_shape,Qwen/Qwen3.6-35B-A3B,ok,32,127,254,143,0.562992125984252,254,230,0.905511811023622,41,0.3228346456692913,0.9790026246719161,248.66666666666666,0.9881889763779528,251.0,Qwen/Qwen3.6-35B-A3B-FP8
code,2,127,8,2032,cross_model,1733,0.8528543307086615,299,0.14714566929133857,159,True,127,128,32,32,0,"[159, 40, 8]",0,True,32,True,128,159,32,0,0,32,"[128, 40, 8]",1,40,False,ff695148bbfc18ebb614,"0,1",expected_aligned_shape,Qwen/Qwen3.6-35B-A3B,ok,32,127,254,118,0.4645669291338583,254,211,0.8307086614173228,30,0.23622047244094488,0.9623797025371829,244.44444444444446,0.9788385826771654,248.625,Qwen/Qwen3.6-35B-A3B-FP8
mixed_language,2,88,8,1408,cross_model,1232,0.875,176,0.125,120,True,88,89,32,32,0,"[120, 40, 8]",0,True,32,True,89,120,32,0,0,32,"[89, 40, 8]",1,40,False,ff7b7a3a96c67f89ba19,"0,1",expected_aligned_shape,Qwen/Qwen3.6-35B-A3B,ok,32,88,176,99,0.5625,176,152,0.8636363636363636,30,0.3409090909090909,0.9696969696969698,170.66666666666666,0.9829545454545454,173.0,Qwen/Qwen3.6-35B-A3B-FP8
summarization,2,127,8,2032,cross_model,1781,0.8764763779527559,251,0.1235236220472441,159,True,127,128,32,32,0,"[159, 40, 8]",0,True,32,True,128,159,32,0,0,32,"[128, 40, 8]",1,40,False,ffa9abdf662cfcc625ac,"0,1",expected_aligned_shape,Qwen/Qwen3.6-35B-A3B,ok,32,127,254,135,0.531496062992126,254,219,0.8622047244094488,34,0.2677165354330709,0.9693788276465443,246.22222222222223,0.9827755905511811,249.625,Qwen/Qwen3.6-35B-A3B-FP8
chat,2,127,8,2032,cross_model,1771,0.8715551181102362,261,0.12844488188976377,159,True,127,128,32,32,0,"[159, 40, 8]",0,True,32,True,128,159,32,0,0,32,"[128, 40, 8]",1,40,False,ffc63ef1ee5b72090bcf,"0,1",expected_aligned_shape,Qwen/Qwen3.6-35B-A3B,ok,32,127,254,141,0.5551181102362205,254,222,0.8740157480314961,40,0.31496062992125984,0.9713035870516187,246.7111111111111,0.9837598425196851,249.875,Qwen/Qwen3.6-35B-A3B-FP8
json_structured,2,127,8,2032,cross_model,1759,0.8656496062992126,273,0.1343503937007874,159,True,127,128,32,32,0,"[159, 40, 8]",0,True,32,True,128,159,32,0,0,32,"[128, 40, 8]",1,40,False,ffe9f5f93121cd2df5ca,"0,1",expected_aligned_shape,Qwen/Qwen3.6-35B-A3B,ok,32,127,254,138,0.5433070866141733,254,222,0.8740157480314961,41,0.3228346456692913,0.9720034995625547,246.88888888888889,0.984251968503937,250.0,Qwen/Qwen3.6-35B-A3B-FP8
