category,common_layers,common_len,common_topk,compared_entries,comparison_kind,entry_match_count,entry_match_rate,entry_mismatch_count,entry_mismatch_rate,expected_gen_route_len,expected_length_match,expected_overlap_len,expected_prefill_route_len,gen_overlap_offset,gen_prefix_ignored,gen_route_start,gen_shape,gen_tail_ignored,inferred_shape_match,input_token_count,layer_topk_shape_match,output_token_count,overlap_end,overlap_start,prefill_overlap_offset,prefill_prefix_ignored,prefill_route_start,prefill_shape,prefill_tail_ignored,raw_shape_match,sample_id,shape_status,source_model,status,target_input_tokens,token_count,token_layer_count,token_layer_match_count,token_layer_match_rate,token_layer_set_count,token_layer_set_match_count,token_layer_set_match_rate,token_match_count,token_match_rate,topk_jaccard_mean,topk_jaccard_sum,topk_overlap_mean,topk_overlap_sum,verifier_model
logs,40,127,8,40640,same_model,29798,0.7332185039370078,10842,0.2667814960629921,159,True,127,128,32,32,0,"[159, 40, 8]",0,True,32,True,128,159,32,0,0,32,"[128, 40, 8]",1,False,0003c1ab20d811680fab,expected_aligned_shape,Qwen/Qwen3.6-35B-A3B-FP8,ok,32,127,5080,1516,0.2984251968503937,5080,3470,0.6830708661417323,0,0.0,0.9192243146180155,4669.659518259518,0.9515994094488189,4834.125,Qwen/Qwen3.6-35B-A3B-FP8
short_qa,40,127,8,40640,same_model,31528,0.7757874015748032,9112,0.22421259842519686,165,True,127,128,38,38,0,"[165, 40, 8]",0,True,38,True,128,165,38,0,0,38,"[128, 40, 8]",1,False,00948d836971f053bbf9,expected_aligned_shape,Qwen/Qwen3.6-35B-A3B-FP8,ok,32,127,5080,1784,0.35118110236220473,5080,3759,0.7399606299212599,0,0.0,0.937760463508495,4763.823154623155,0.9642224409448819,4898.25,Qwen/Qwen3.6-35B-A3B-FP8
json_structured,40,127,8,40640,same_model,29792,0.7330708661417323,10848,0.2669291338582677,159,True,127,128,32,32,0,"[159, 40, 8]",0,True,32,True,128,159,32,0,0,32,"[128, 40, 8]",1,False,00afd811d2fb32cde01b,expected_aligned_shape,Qwen/Qwen3.6-35B-A3B-FP8,ok,32,127,5080,1503,0.2958661417322835,5080,3492,0.6874015748031496,0,0.0,0.9236484469161634,4692.13411033411,0.9556102362204725,4854.5,Qwen/Qwen3.6-35B-A3B-FP8
chat,40,127,8,40640,same_model,30558,0.7519192913385827,10082,0.24808070866141732,159,True,127,128,32,32,0,"[159, 40, 8]",0,True,32,True,128,159,32,0,0,32,"[128, 40, 8]",1,False,00c5b0bb8b418f1087d2,expected_aligned_shape,Qwen/Qwen3.6-35B-A3B-FP8,ok,32,127,5080,1596,0.31417322834645667,5080,3580,0.7047244094488189,0,0.0,0.9287843914615567,4718.224708624709,0.9590305118110236,4871.875,Qwen/Qwen3.6-35B-A3B-FP8
mixed_language,40,127,8,40640,same_model,29946,0.7368602362204725,10694,0.2631397637795276,159,True,127,128,32,32,0,"[159, 40, 8]",0,True,32,True,128,159,32,0,0,32,"[128, 40, 8]",1,False,00ea1d2b9e3c897033ae,expected_aligned_shape,Qwen/Qwen3.6-35B-A3B-FP8,ok,32,127,5080,1531,0.3013779527559055,5080,3513,0.6915354330708662,0,0.0,0.9217004299287764,4682.238184038184,0.9533956692913386,4843.25,Qwen/Qwen3.6-35B-A3B-FP8
json_structured,40,127,8,40640,same_model,29015,0.7139517716535433,11625,0.2860482283464567,159,True,127,128,32,32,0,"[159, 40, 8]",0,True,32,True,128,159,32,0,0,32,"[128, 40, 8]",1,False,01159c067d84ad43a166,expected_aligned_shape,Qwen/Qwen3.6-35B-A3B-FP8,ok,32,127,5080,1356,0.2669291338582677,5080,3336,0.6566929133858268,0,0.0,0.915873575243654,4652.637762237762,0.9513779527559055,4833.0,Qwen/Qwen3.6-35B-A3B-FP8
math_numeric,40,127,8,40640,same_model,28846,0.7097933070866141,11794,0.2902066929133858,159,True,127,128,32,32,0,"[159, 40, 8]",0,True,32,True,128,159,32,0,0,32,"[128, 40, 8]",1,False,014c2c850a48d8d32f72,expected_aligned_shape,Qwen/Qwen3.6-35B-A3B-FP8,ok,32,127,5080,1440,0.28346456692913385,5080,3338,0.6570866141732283,0,0.0,0.9105258346203228,4625.47123987124,0.947121062992126,4811.375,Qwen/Qwen3.6-35B-A3B-FP8
low_margin,40,127,8,40640,same_model,29993,0.7380167322834645,10647,0.2619832677165354,167,True,127,128,40,40,0,"[167, 40, 8]",0,True,40,True,128,167,40,0,0,40,"[128, 40, 8]",1,False,014ff27d5116c25971aa,expected_aligned_shape,Qwen/Qwen3.6-35B-A3B-FP8,ok,32,127,5080,1486,0.2925196850393701,5080,3482,0.6854330708661417,0,0.0,0.9232800795005519,4690.262803862804,0.9556102362204725,4854.5,Qwen/Qwen3.6-35B-A3B-FP8
logs,40,127,8,40640,same_model,29755,0.7321604330708661,10885,0.26783956692913385,159,True,127,128,32,32,0,"[159, 40, 8]",0,True,32,True,128,159,32,0,0,32,"[128, 40, 8]",1,False,0167de77ade28a1387ba,expected_aligned_shape,Qwen/Qwen3.6-35B-A3B-FP8,ok,32,127,5080,1482,0.2917322834645669,5080,3399,0.6690944881889764,0,0.0,0.9171438273013075,4659.090642690643,0.9512057086614173,4832.125,Qwen/Qwen3.6-35B-A3B-FP8
summarization,40,127,8,40640,same_model,30597,0.752878937007874,10043,0.247121062992126,167,True,127,128,40,40,0,"[167, 40, 8]",0,True,40,True,128,167,40,0,0,40,"[128, 40, 8]",1,False,022f9baa16bf97afecb7,expected_aligned_shape,Qwen/Qwen3.6-35B-A3B-FP8,ok,32,127,5080,1612,0.3173228346456693,5080,3521,0.6931102362204724,0,0.0,0.9262766367490777,4705.485314685315,0.9576525590551181,4864.875,Qwen/Qwen3.6-35B-A3B-FP8
logs,40,127,8,40640,same_model,29632,0.7291338582677165,11008,0.27086614173228346,159,True,127,128,32,32,0,"[159, 40, 8]",0,True,32,True,128,159,32,0,0,32,"[128, 40, 8]",1,False,0250f87838b3c4e749b5,expected_aligned_shape,Qwen/Qwen3.6-35B-A3B-FP8,ok,32,127,5080,1375,0.2706692913385827,5080,3422,0.6736220472440945,0,0.0,0.9204011211885227,4675.637695637695,0.953986220472441,4846.25,Qwen/Qwen3.6-35B-A3B-FP8
chat,40,127,8,40640,same_model,30612,0.753248031496063,10028,0.24675196850393702,167,True,127,128,40,40,0,"[167, 40, 8]",0,True,40,True,128,167,40,0,0,40,"[128, 40, 8]",1,False,027150b07a186d142ae6,expected_aligned_shape,Qwen/Qwen3.6-35B-A3B-FP8,ok,32,127,5080,1632,0.32125984251968503,5080,3575,0.7037401574803149,0,0.0,0.9283689101799337,4716.114063714063,0.9587352362204724,4870.375,Qwen/Qwen3.6-35B-A3B-FP8
needle,40,127,8,40640,same_model,29726,0.7314468503937008,10914,0.2685531496062992,159,True,127,128,32,32,0,"[159, 40, 8]",0,True,32,True,128,159,32,0,0,32,"[128, 40, 8]",1,False,02a3fef10ad703b70508,expected_aligned_shape,Qwen/Qwen3.6-35B-A3B-FP8,ok,32,127,5080,1442,0.28385826771653544,5080,3431,0.6753937007874016,0,0.0,0.9223327765847451,4685.450505050505,0.9554872047244094,4853.875,Qwen/Qwen3.6-35B-A3B-FP8
logs,40,127,8,40640,same_model,28008,0.6891732283464567,12632,0.31082677165354333,159,True,127,128,32,32,0,"[159, 40, 8]",0,True,32,True,128,159,32,0,0,32,"[128, 40, 8]",1,False,03475cd4ee88e0e9400a,expected_aligned_shape,Qwen/Qwen3.6-35B-A3B-FP8,ok,32,127,5080,1285,0.2529527559055118,5080,3179,0.6257874015748032,0,0.0,0.8960568171985496,4551.968631368632,0.9363681102362205,4756.75,Qwen/Qwen3.6-35B-A3B-FP8
low_margin,40,127,8,40640,same_model,30505,0.7506151574803149,10135,0.24938484251968504,167,True,127,128,40,40,0,"[167, 40, 8]",0,True,40,True,128,167,40,0,0,40,"[128, 40, 8]",1,False,0364b7d8d89c84a3bd6d,expected_aligned_shape,Qwen/Qwen3.6-35B-A3B-FP8,ok,32,127,5080,1600,0.31496062992125984,5080,3569,0.7025590551181102,0,0.0,0.9288472245165158,4718.5439005439,0.9591535433070866,4872.5,Qwen/Qwen3.6-35B-A3B-FP8
json_structured,40,127,8,40640,same_model,30502,0.7505413385826771,10138,0.24945866141732284,167,True,127,128,40,40,0,"[167, 40, 8]",0,True,40,True,128,167,40,0,0,40,"[128, 40, 8]",1,False,0394d59a86c26188b0e5,expected_aligned_shape,Qwen/Qwen3.6-35B-A3B-FP8,ok,32,127,5080,1590,0.31299212598425197,5080,3542,0.697244094488189,0,0.0,0.927088694332789,4709.610567210567,0.9580462598425197,4866.875,Qwen/Qwen3.6-35B-A3B-FP8
code,40,127,8,40640,same_model,30932,0.7611220472440945,9708,0.2388779527559055,159,True,127,128,32,32,0,"[159, 40, 8]",0,True,32,True,128,159,32,0,0,32,"[128, 40, 8]",1,False,03abe1c0830e3621b532,expected_aligned_shape,Qwen/Qwen3.6-35B-A3B-FP8,ok,32,127,5080,1669,0.32854330708661417,5080,3614,0.7114173228346456,0,0.0,0.9292927544896049,4720.807192807193,0.9589566929133858,4871.5,Qwen/Qwen3.6-35B-A3B-FP8
chat,40,127,8,40640,same_model,29222,0.7190452755905512,11418,0.2809547244094488,159,True,127,128,32,32,0,"[159, 40, 8]",0,True,32,True,128,159,32,0,0,32,"[128, 40, 8]",1,False,03adb09fa2be78c52cff,expected_aligned_shape,Qwen/Qwen3.6-35B-A3B-FP8,ok,32,127,5080,1366,0.2688976377952756,5080,3384,0.6661417322834645,0,0.0,0.9163666604611487,4655.142635142635,0.9512549212598426,4832.375,Qwen/Qwen3.6-35B-A3B-FP8
json_structured,40,127,8,40640,same_model,29808,0.7334645669291339,10832,0.26653543307086613,159,True,127,128,32,32,0,"[159, 40, 8]",0,True,32,True,128,159,32,0,0,32,"[128, 40, 8]",1,False,03be0a1c2e15e0e45156,expected_aligned_shape,Qwen/Qwen3.6-35B-A3B-FP8,ok,32,127,5080,1485,0.29232283464566927,5080,3463,0.6816929133858268,0,0.0,0.9215271124326242,4681.357731157731,0.9543799212598425,4848.25,Qwen/Qwen3.6-35B-A3B-FP8
needle,40,127,8,40640,same_model,29553,0.7271899606299213,11087,0.27281003937007875,159,True,127,128,32,32,0,"[159, 40, 8]",0,True,32,True,128,159,32,0,0,32,"[128, 40, 8]",1,False,03c274dea50b8653f42a,expected_aligned_shape,Qwen/Qwen3.6-35B-A3B-FP8,ok,32,127,5080,1436,0.2826771653543307,5080,3447,0.6785433070866141,0,0.0,0.9206370794559772,4676.836363636364,0.9541092519685039,4846.875,Qwen/Qwen3.6-35B-A3B-FP8
math_numeric,40,127,8,40640,same_model,22423,0.5517470472440945,18217,0.4482529527559055,159,True,127,128,32,32,0,"[159, 40, 8]",0,True,32,True,128,159,32,0,0,32,"[128, 40, 8]",1,False,03d767a5e1b20a947895,expected_aligned_shape,Qwen/Qwen3.6-35B-A3B-FP8,ok,32,127,5080,556,0.1094488188976378,5080,2059,0.4053149606299213,0,0.0,0.8200377225574076,4165.791630591631,0.886515748031496,4503.5,Qwen/Qwen3.6-35B-A3B-FP8
low_margin,40,127,8,40640,same_model,29910,0.7359744094488189,10730,0.2640255905511811,167,True,127,128,40,40,0,"[167, 40, 8]",0,True,40,True,128,167,40,0,0,40,"[128, 40, 8]",1,False,043a64a79e93471ae3d3,expected_aligned_shape,Qwen/Qwen3.6-35B-A3B-FP8,ok,32,127,5080,1510,0.297244094488189,5080,3391,0.6675196850393701,0,0.0,0.9175098479822889,4660.950027750027,0.9519192913385827,4835.75,Qwen/Qwen3.6-35B-A3B-FP8
logs,40,127,8,40640,same_model,29936,0.7366141732283464,10704,0.26338582677165356,159,True,127,128,32,32,0,"[159, 40, 8]",0,True,32,True,128,159,32,0,0,32,"[128, 40, 8]",1,False,0458db6cb441016028c1,expected_aligned_shape,Qwen/Qwen3.6-35B-A3B-FP8,ok,32,127,5080,1534,0.30196850393700786,5080,3443,0.677755905511811,0,0.0,0.9199866056952671,4673.531956931957,0.953248031496063,4842.5,Qwen/Qwen3.6-35B-A3B-FP8
short_qa,40,127,8,40640,same_model,32165,0.7914616141732284,8475,0.20853838582677164,159,True,127,128,32,32,0,"[159, 40, 8]",0,True,32,True,128,159,32,0,0,32,"[128, 40, 8]",1,False,052429e5e8da268aba0c,expected_aligned_shape,Qwen/Qwen3.6-35B-A3B-FP8,ok,32,127,5080,1922,0.3783464566929134,5080,3830,0.7539370078740157,0,0.0,0.9424719637318063,4787.757575757576,0.9671998031496063,4913.375,Qwen/Qwen3.6-35B-A3B-FP8
json_structured,40,127,8,40640,same_model,28651,0.7049950787401574,11989,0.2950049212598425,159,True,127,128,32,32,0,"[159, 40, 8]",0,True,32,True,128,159,32,0,0,32,"[128, 40, 8]",1,False,0535c319f96a2e59930c,expected_aligned_shape,Qwen/Qwen3.6-35B-A3B-FP8,ok,32,127,5080,1272,0.2503937007874016,5080,3263,0.6423228346456693,0,0.0,0.9099168635389108,4622.3776667776665,0.9474655511811023,4813.125,Qwen/Qwen3.6-35B-A3B-FP8
json_structured,40,127,8,40640,same_model,31036,0.7636811023622048,9604,0.2363188976377953,167,True,127,128,40,40,0,"[167, 40, 8]",0,True,40,True,128,167,40,0,0,40,"[128, 40, 8]",1,False,053a2c30dc8141a42ebd,expected_aligned_shape,Qwen/Qwen3.6-35B-A3B-FP8,ok,32,127,5080,1736,0.3417322834645669,5080,3722,0.7326771653543307,0,0.0,0.9347386122189272,4748.47215007215,0.9623031496062993,4888.5,Qwen/Qwen3.6-35B-A3B-FP8
mixed_language,40,97,8,31040,same_model,24462,0.7880798969072165,6578,0.2119201030927835,129,True,97,98,32,32,0,"[129, 40, 8]",0,True,32,True,98,129,32,0,0,32,"[98, 40, 8]",1,False,0550f5a69608c8b20c6c,expected_aligned_shape,Qwen/Qwen3.6-35B-A3B-FP8,ok,32,97,3880,1424,0.3670103092783505,3880,2898,0.7469072164948454,0,0.0,0.9403332291992088,3648.492929292929,0.9659149484536083,3747.75,Qwen/Qwen3.6-35B-A3B-FP8
short_qa,40,127,8,40640,same_model,29589,0.7280757874015747,11051,0.2719242125984252,159,True,127,128,32,32,0,"[159, 40, 8]",0,True,32,True,128,159,32,0,0,32,"[128, 40, 8]",1,False,05736d3838eb45691aa1,expected_aligned_shape,Qwen/Qwen3.6-35B-A3B-FP8,ok,32,127,5080,1481,0.29153543307086616,5080,3286,0.6468503937007875,0,0.0,0.907851833206164,4611.887312687312,0.9453740157480315,4802.5,Qwen/Qwen3.6-35B-A3B-FP8
code,40,127,8,40640,same_model,29885,0.7353592519685039,10755,0.26464074803149606,159,True,127,128,32,32,0,"[159, 40, 8]",0,True,32,True,128,159,32,0,0,32,"[128, 40, 8]",1,False,05896e4c2e31c0463be8,expected_aligned_shape,Qwen/Qwen3.6-35B-A3B-FP8,ok,32,127,5080,1562,0.30748031496062994,5080,3509,0.690748031496063,0,0.0,0.9133678963206522,4639.908913308914,0.9457431102362205,4804.375,Qwen/Qwen3.6-35B-A3B-FP8
chat,40,127,8,40640,same_model,29181,0.7180364173228346,11459,0.28196358267716537,159,True,127,128,32,32,0,"[159, 40, 8]",0,True,32,True,128,159,32,0,0,32,"[128, 40, 8]",1,False,0593f0e9c85452fe8e24,expected_aligned_shape,Qwen/Qwen3.6-35B-A3B-FP8,ok,32,127,5080,1379,0.2714566929133858,5080,3315,0.6525590551181102,0,0.0,0.9126615204567962,4636.320523920524,0.9491387795275591,4821.625,Qwen/Qwen3.6-35B-A3B-FP8
code,40,127,8,40640,same_model,30145,0.7417568897637795,10495,0.2582431102362205,166,True,127,128,39,39,0,"[166, 40, 8]",0,True,39,True,128,166,39,0,0,39,"[128, 40, 8]",1,False,05cb08913232321b25ad,expected_aligned_shape,Qwen/Qwen3.6-35B-A3B-FP8,ok,32,127,5080,1506,0.29645669291338583,5080,3472,0.6834645669291338,0,0.0,0.9246257854131871,4697.09898989899,0.9568159448818898,4860.625,Qwen/Qwen3.6-35B-A3B-FP8
code,40,127,8,40640,same_model,30013,0.7385088582677165,10627,0.26149114173228344,159,True,127,128,32,32,0,"[159, 40, 8]",0,True,32,True,128,159,32,0,0,32,"[128, 40, 8]",1,False,066466fff38704063913,expected_aligned_shape,Qwen/Qwen3.6-35B-A3B-FP8,ok,32,127,5080,1568,0.30866141732283464,5080,3488,0.6866141732283465,0,0.0,0.9184377433590031,4665.663736263737,0.9508612204724409,4830.375,Qwen/Qwen3.6-35B-A3B-FP8
low_margin,40,127,8,40640,same_model,30072,0.7399606299212599,10568,0.2600393700787402,167,True,127,128,40,40,0,"[167, 40, 8]",0,True,40,True,128,167,40,0,0,40,"[128, 40, 8]",1,False,067a5b649600bb1d1857,expected_aligned_shape,Qwen/Qwen3.6-35B-A3B-FP8,ok,32,127,5080,1541,0.3033464566929134,5080,3537,0.6962598425196851,0,0.0,0.9251574584645451,4699.799888999889,0.9566437007874016,4859.75,Qwen/Qwen3.6-35B-A3B-FP8
summarization,40,127,8,40640,same_model,30160,0.7421259842519685,10480,0.2578740157480315,163,True,127,128,36,36,0,"[163, 40, 8]",0,True,36,True,128,163,36,0,0,36,"[128, 40, 8]",1,False,06a9a91525cb5e2f7857,expected_aligned_shape,Qwen/Qwen3.6-35B-A3B-FP8,ok,32,127,5080,1548,0.3047244094488189,5080,3489,0.6868110236220473,0,0.0,0.9227764623827616,4687.704428904429,0.9552411417322835,4852.625,Qwen/Qwen3.6-35B-A3B-FP8
logs,40,127,8,40640,same_model,32357,0.7961860236220473,8283,0.20381397637795276,159,True,127,128,32,32,0,"[159, 40, 8]",0,True,32,True,128,159,32,0,0,32,"[128, 40, 8]",1,False,06b3454c80bf47dde168,expected_aligned_shape,Qwen/Qwen3.6-35B-A3B-FP8,ok,32,127,5080,1945,0.3828740157480315,5080,3908,0.7692913385826772,0,0.0,0.9457687719105042,4804.5053613053615,0.9688484251968504,4921.75,Qwen/Qwen3.6-35B-A3B-FP8
short_qa,40,127,8,40640,same_model,31111,0.7655265748031496,9529,0.23447342519685038,166,True,127,128,39,39,0,"[166, 40, 8]",0,True,39,True,128,166,39,0,0,39,"[128, 40, 8]",1,False,071a13009e9aea8f5165,expected_aligned_shape,Qwen/Qwen3.6-35B-A3B-FP8,ok,32,127,5080,1714,0.3374015748031496,5080,3641,0.716732283464567,0,0.0,0.9325944484212201,4737.579797979798,0.9614173228346456,4884.0,Qwen/Qwen3.6-35B-A3B-FP8
mixed_language,40,89,8,28480,same_model,22513,0.7904845505617978,5967,0.20951544943820224,121,True,89,90,32,32,0,"[121, 40, 8]",0,True,32,True,90,121,32,0,0,32,"[90, 40, 8]",1,False,0736935a3f57cdd1e037,expected_aligned_shape,Qwen/Qwen3.6-35B-A3B-FP8,ok,32,89,3560,1330,0.37359550561797755,3560,2674,0.751123595505618,0,0.0,0.9426058336170696,3355.6767676767677,0.9674157303370786,3444.0,Qwen/Qwen3.6-35B-A3B-FP8
needle,40,127,8,40640,same_model,29126,0.7166830708661417,11514,0.28331692913385825,159,True,127,128,32,32,0,"[159, 40, 8]",0,True,32,True,128,159,32,0,0,32,"[128, 40, 8]",1,False,074ec475ad3f56370376,expected_aligned_shape,Qwen/Qwen3.6-35B-A3B-FP8,ok,32,127,5080,1333,0.26240157480314963,5080,3338,0.6570866141732283,0,0.0,0.915440696661169,4650.438739038739,0.9508366141732284,4830.25,Qwen/Qwen3.6-35B-A3B-FP8
code,40,127,8,40640,same_model,29844,0.7343503937007874,10796,0.2656496062992126,159,True,127,128,32,32,0,"[159, 40, 8]",0,True,32,True,128,159,32,0,0,32,"[128, 40, 8]",1,False,0762b3cc828308f2763c,expected_aligned_shape,Qwen/Qwen3.6-35B-A3B-FP8,ok,32,127,5080,1451,0.28562992125984255,5080,3366,0.6625984251968504,0,0.0,0.9182307805929852,4664.612365412366,0.952755905511811,4840.0,Qwen/Qwen3.6-35B-A3B-FP8
math_numeric,40,127,8,40640,same_model,19791,0.48698326771653544,20849,0.5130167322834646,159,True,127,128,32,32,0,"[159, 40, 8]",0,True,32,True,128,159,32,0,0,32,"[128, 40, 8]",1,False,083c33f4bd275d391520,expected_aligned_shape,Qwen/Qwen3.6-35B-A3B-FP8,ok,32,127,5080,311,0.06122047244094488,5080,1720,0.33858267716535434,0,0.0,0.7837097111112857,3981.2453324453327,0.859005905511811,4363.75,Qwen/Qwen3.6-35B-A3B-FP8
json_structured,40,127,8,40640,same_model,29450,0.7246555118110236,11190,0.2753444881889764,159,True,127,128,32,32,0,"[159, 40, 8]",0,True,32,True,128,159,32,0,0,32,"[128, 40, 8]",1,False,089c4d555dc2fc5c1001,expected_aligned_shape,Qwen/Qwen3.6-35B-A3B-FP8,ok,32,127,5080,1473,0.2899606299212598,5080,3493,0.6875984251968504,0,0.0,0.9199657298082494,4673.425907425907,0.9526082677165354,4839.25,Qwen/Qwen3.6-35B-A3B-FP8
json_structured,40,127,8,40640,same_model,31251,0.7689714566929133,9389,0.2310285433070866,166,True,127,128,39,39,0,"[166, 40, 8]",0,True,39,True,128,166,39,0,0,39,"[128, 40, 8]",1,False,08a516ed65ded1d98939,expected_aligned_shape,Qwen/Qwen3.6-35B-A3B-FP8,ok,32,127,5080,1744,0.34330708661417325,5080,3689,0.7261811023622047,0,0.0,0.9337493040642646,4743.446464646465,0.9618602362204725,4886.25,Qwen/Qwen3.6-35B-A3B-FP8
low_margin,40,127,8,40640,same_model,30513,0.7508120078740157,10127,0.24918799212598425,166,True,127,128,39,39,0,"[166, 40, 8]",0,True,39,True,128,166,39,0,0,39,"[128, 40, 8]",1,False,08a644a1ffe3bc02f01e,expected_aligned_shape,Qwen/Qwen3.6-35B-A3B-FP8,ok,32,127,5080,1563,0.3076771653543307,5080,3567,0.7021653543307087,0,0.0,0.9299220551976458,4724.00404040404,0.9599901574803149,4876.75,Qwen/Qwen3.6-35B-A3B-FP8
math_numeric,40,127,8,40640,same_model,20131,0.4953494094488189,20509,0.5046505905511811,159,True,127,128,32,32,0,"[159, 40, 8]",0,True,32,True,128,159,32,0,0,32,"[128, 40, 8]",1,False,08ae3430f704796fb489,expected_aligned_shape,Qwen/Qwen3.6-35B-A3B-FP8,ok,32,127,5080,328,0.06456692913385827,5080,1746,0.3437007874015748,0,0.0,0.7934158405024546,4030.5524697524697,0.8687746062992125,4413.375,Qwen/Qwen3.6-35B-A3B-FP8
chat,40,127,8,40640,same_model,27775,0.6834399606299213,12865,0.31656003937007876,159,True,127,128,32,32,0,"[159, 40, 8]",0,True,32,True,128,159,32,0,0,32,"[128, 40, 8]",1,False,08c8f1ae4ca8bd819a8a,expected_aligned_shape,Qwen/Qwen3.6-35B-A3B-FP8,ok,32,127,5080,1185,0.23326771653543307,5080,3128,0.6157480314960629,0,0.0,0.8976519805653664,4560.072061272062,0.9381889763779527,4766.0,Qwen/Qwen3.6-35B-A3B-FP8
json_structured,40,127,8,40640,same_model,29171,0.7177903543307087,11469,0.28220964566929135,159,True,127,128,32,32,0,"[159, 40, 8]",0,True,32,True,128,159,32,0,0,32,"[128, 40, 8]",1,False,08d902e0c3d70a68f540,expected_aligned_shape,Qwen/Qwen3.6-35B-A3B-FP8,ok,32,127,5080,1358,0.2673228346456693,5080,3393,0.6679133858267716,0,0.0,0.9172723077447488,4659.743323343323,0.95189468503937,4835.625,Qwen/Qwen3.6-35B-A3B-FP8
mixed_language,40,127,8,40640,same_model,30420,0.7485236220472441,10220,0.2514763779527559,159,True,127,128,32,32,0,"[159, 40, 8]",0,True,32,True,128,159,32,0,0,32,"[128, 40, 8]",1,False,091705e70651d77aefc8,expected_aligned_shape,Qwen/Qwen3.6-35B-A3B-FP8,ok,32,127,5080,1568,0.30866141732283464,5080,3578,0.7043307086614173,0,0.0,0.9265938042709698,4707.0965256965255,0.9569389763779528,4861.25,Qwen/Qwen3.6-35B-A3B-FP8
logs,40,127,8,40640,same_model,29244,0.7195866141732283,11396,0.28041338582677167,159,True,127,128,32,32,0,"[159, 40, 8]",0,True,32,True,128,159,32,0,0,32,"[128, 40, 8]",1,False,09270f39b1e71042f791,expected_aligned_shape,Qwen/Qwen3.6-35B-A3B-FP8,ok,32,127,5080,1421,0.2797244094488189,5080,3344,0.658267716535433,0,0.0,0.914516209949281,4645.742346542346,0.9502706692913386,4827.375,Qwen/Qwen3.6-35B-A3B-FP8
needle,40,127,8,40640,same_model,29930,0.7364665354330708,10710,0.2635334645669291,159,True,127,128,32,32,0,"[159, 40, 8]",0,True,32,True,128,159,32,0,0,32,"[128, 40, 8]",1,False,092fb725ed92d83c270d,expected_aligned_shape,Qwen/Qwen3.6-35B-A3B-FP8,ok,32,127,5080,1502,0.29566929133858266,5080,3479,0.6848425196850394,0,0.0,0.9238582677165353,4693.2,0.9562253937007874,4857.625,Qwen/Qwen3.6-35B-A3B-FP8
short_qa,40,127,8,40640,same_model,30916,0.760728346456693,9724,0.2392716535433071,166,True,127,128,39,39,0,"[166, 40, 8]",0,True,39,True,128,166,39,0,0,39,"[128, 40, 8]",1,False,094af980d2e4560ac60c,expected_aligned_shape,Qwen/Qwen3.6-35B-A3B-FP8,ok,32,127,5080,1660,0.32677165354330706,5080,3617,0.712007874015748,0,0.0,0.9306351828399073,4727.626728826729,0.960113188976378,4877.375,Qwen/Qwen3.6-35B-A3B-FP8
mixed_language,40,127,8,40640,same_model,30425,0.7486466535433071,10215,0.25135334645669294,159,True,127,128,32,32,0,"[159, 40, 8]",0,True,32,True,128,159,32,0,0,32,"[128, 40, 8]",1,False,098f8d40e91916047686,expected_aligned_shape,Qwen/Qwen3.6-35B-A3B-FP8,ok,32,127,5080,1599,0.3147637795275591,5080,3599,0.7084645669291338,0,0.0,0.9262194148808321,4705.1946275946275,0.9562007874015748,4857.5,Qwen/Qwen3.6-35B-A3B-FP8
mixed_language,40,87,8,27840,same_model,21402,0.76875,6438,0.23125,119,True,87,88,32,32,0,"[119, 40, 8]",0,True,32,True,88,119,32,0,0,32,"[88, 40, 8]",1,False,09a5e6954731576a323b,expected_aligned_shape,Qwen/Qwen3.6-35B-A3B-FP8,ok,32,87,3480,1180,0.3390804597701149,3480,2518,0.7235632183908046,0,0.0,0.934870544525717,3253.349494949495,0.9627873563218391,3350.5,Qwen/Qwen3.6-35B-A3B-FP8
short_qa,40,127,8,40640,same_model,31367,0.7718257874015748,9273,0.22817421259842519,165,True,127,128,38,38,0,"[165, 40, 8]",0,True,38,True,128,165,38,0,0,38,"[128, 40, 8]",1,False,09c942ef1a98da6659d1,expected_aligned_shape,Qwen/Qwen3.6-35B-A3B-FP8,ok,32,127,5080,1749,0.3442913385826772,5080,3661,0.7206692913385827,0,0.0,0.9344624317065262,4747.069153069153,0.9625738188976378,4889.875,Qwen/Qwen3.6-35B-A3B-FP8
low_margin,40,127,8,40640,same_model,30984,0.7624015748031496,9656,0.2375984251968504,165,True,127,128,38,38,0,"[165, 40, 8]",0,True,38,True,128,165,38,0,0,38,"[128, 40, 8]",1,False,0a1d8a7c087c9dc3d2cd,expected_aligned_shape,Qwen/Qwen3.6-35B-A3B-FP8,ok,32,127,5080,1701,0.33484251968503936,5080,3651,0.7187007874015748,0,0.0,0.9313324383403124,4731.168786768787,0.9600147637795275,4876.875,Qwen/Qwen3.6-35B-A3B-FP8
chat,40,127,8,40640,same_model,30777,0.7573080708661417,9863,0.24269192913385826,166,True,127,128,39,39,0,"[166, 40, 8]",0,True,39,True,128,166,39,0,0,39,"[128, 40, 8]",1,False,0a2fd3a1b824cf221369,expected_aligned_shape,Qwen/Qwen3.6-35B-A3B-FP8,ok,32,127,5080,1669,0.32854330708661417,5080,3655,0.719488188976378,0,0.0,0.929969793985542,4724.246553446554,0.9590551181102362,4872.0,Qwen/Qwen3.6-35B-A3B-FP8
low_margin,40,127,8,40640,same_model,29818,0.7337106299212598,10822,0.26628937007874015,166,True,127,128,39,39,0,"[166, 40, 8]",0,True,39,True,128,166,39,0,0,39,"[128, 40, 8]",1,False,0aa6cfc00ab1dd402f7e,expected_aligned_shape,Qwen/Qwen3.6-35B-A3B-FP8,ok,32,127,5080,1507,0.2966535433070866,5080,3449,0.6789370078740158,0,0.0,0.9205997589462157,4676.646775446776,0.9539124015748032,4845.875,Qwen/Qwen3.6-35B-A3B-FP8
needle,40,127,8,40640,same_model,30157,0.7420521653543307,10483,0.2579478346456693,159,True,127,128,32,32,0,"[159, 40, 8]",0,True,32,True,128,159,32,0,0,32,"[128, 40, 8]",1,False,0ade38b56b4ba335d014,expected_aligned_shape,Qwen/Qwen3.6-35B-A3B-FP8,ok,32,127,5080,1542,0.3035433070866142,5080,3485,0.6860236220472441,0,0.0,0.9232411420600397,4690.065001665002,0.9553149606299213,4853.0,Qwen/Qwen3.6-35B-A3B-FP8
logs,40,127,8,40640,same_model,30042,0.7392224409448819,10598,0.2607775590551181,159,True,127,128,32,32,0,"[159, 40, 8]",0,True,32,True,128,159,32,0,0,32,"[128, 40, 8]",1,False,0af61f659608984d5c05,expected_aligned_shape,Qwen/Qwen3.6-35B-A3B-FP8,ok,32,127,5080,1515,0.29822834645669294,5080,3471,0.6832677165354331,0,0.0,0.9217689877926097,4682.586457986458,0.9542568897637795,4847.625,Qwen/Qwen3.6-35B-A3B-FP8
logs,40,127,8,40640,same_model,29798,0.7332185039370078,10842,0.2667814960629921,159,True,127,128,32,32,0,"[159, 40, 8]",0,True,32,True,128,159,32,0,0,32,"[128, 40, 8]",1,False,0b088b1c6405a99afcbf,expected_aligned_shape,Qwen/Qwen3.6-35B-A3B-FP8,ok,32,127,5080,1482,0.2917322834645669,5080,3488,0.6866141732283465,0,0.0,0.9238914584977576,4693.3686091686095,0.9560285433070866,4856.625,Qwen/Qwen3.6-35B-A3B-FP8
needle,40,127,8,40640,same_model,29343,0.7220226377952756,11297,0.2779773622047244,159,True,127,128,32,32,0,"[159, 40, 8]",0,True,32,True,128,159,32,0,0,32,"[128, 40, 8]",1,False,0b17aa2bf14c69e49fde,expected_aligned_shape,Qwen/Qwen3.6-35B-A3B-FP8,ok,32,127,5080,1429,0.2812992125984252,5080,3379,0.6651574803149606,0,0.0,0.9146248633256507,4646.294305694306,0.9494832677165355,4823.375,Qwen/Qwen3.6-35B-A3B-FP8
mixed_language,40,107,8,34240,same_model,27228,0.7952102803738318,7012,0.20478971962616824,139,True,107,108,32,32,0,"[139, 40, 8]",0,True,32,True,108,139,32,0,0,32,"[108, 40, 8]",1,False,0b78fd794493c2fce383,expected_aligned_shape,Qwen/Qwen3.6-35B-A3B-FP8,ok,32,107,4280,1671,0.39042056074766357,4280,3235,0.7558411214953271,0,0.0,0.9431275370527707,4036.5858585858587,0.9676109813084112,4141.375,Qwen/Qwen3.6-35B-A3B-FP8
code,40,127,8,40640,same_model,29823,0.7338336614173229,10817,0.2661663385826772,166,True,127,128,39,39,0,"[166, 40, 8]",0,True,39,True,128,166,39,0,0,39,"[128, 40, 8]",1,False,0b7937de7f83e5fbfed7,expected_aligned_shape,Qwen/Qwen3.6-35B-A3B-FP8,ok,32,127,5080,1451,0.28562992125984255,5080,3482,0.6854330708661417,0,0.0,0.922963746664534,4688.655833055833,0.9549458661417323,4851.125,Qwen/Qwen3.6-35B-A3B-FP8
low_margin,40,127,8,40640,same_model,30087,0.7403297244094488,10553,0.25967027559055117,166,True,127,128,39,39,0,"[166, 40, 8]",0,True,39,True,128,166,39,0,0,39,"[128, 40, 8]",1,False,0bab1d5476a0f2e5495d,expected_aligned_shape,Qwen/Qwen3.6-35B-A3B-FP8,ok,32,127,5080,1475,0.2903543307086614,5080,3512,0.6913385826771653,0,0.0,0.925383452942508,4700.947940947941,0.9570866141732284,4862.0,Qwen/Qwen3.6-35B-A3B-FP8
math_numeric,40,127,8,40640,same_model,22608,0.5562992125984252,18032,0.4437007874015748,159,True,127,128,32,32,0,"[159, 40, 8]",0,True,32,True,128,159,32,0,0,32,"[128, 40, 8]",1,False,0bbe66ae11d9e1f57a8d,expected_aligned_shape,Qwen/Qwen3.6-35B-A3B-FP8,ok,32,127,5080,545,0.10728346456692914,5080,2118,0.41692913385826774,0,0.0,0.8300494431203094,4216.651171051171,0.8953740157480315,4548.5,Qwen/Qwen3.6-35B-A3B-FP8
low_margin,40,127,8,40640,same_model,31203,0.7677903543307086,9437,0.23220964566929134,166,True,127,128,39,39,0,"[166, 40, 8]",0,True,39,True,128,166,39,0,0,39,"[128, 40, 8]",1,False,0bc6c80121aebeffed13,expected_aligned_shape,Qwen/Qwen3.6-35B-A3B-FP8,ok,32,127,5080,1688,0.33228346456692914,5080,3711,0.7305118110236221,0,0.0,0.937059572098942,4760.262626262626,0.964148622047244,4897.875,Qwen/Qwen3.6-35B-A3B-FP8
mixed_language,40,3,8,960,same_model,672,0.7,288,0.3,35,True,3,4,32,32,0,"[35, 40, 8]",0,True,32,True,4,35,32,0,0,32,"[4, 40, 8]",1,False,0bca64e6b6c04426713a,expected_aligned_shape,Qwen/Qwen3.6-35B-A3B-FP8,ok,32,3,120,26,0.21666666666666667,120,73,0.6083333333333333,0,0.0,0.9058249158249159,108.6989898989899,0.9458333333333333,113.5,Qwen/Qwen3.6-35B-A3B-FP8
math_numeric,40,127,8,40640,same_model,29902,0.7357775590551181,10738,0.2642224409448819,159,True,127,128,32,32,0,"[159, 40, 8]",0,True,32,True,128,159,32,0,0,32,"[128, 40, 8]",1,False,0bdf8afdc223d33a68b9,expected_aligned_shape,Qwen/Qwen3.6-35B-A3B-FP8,ok,32,127,5080,1535,0.3021653543307087,5080,3473,0.6836614173228347,0,0.0,0.9168237580442306,4657.464690864691,0.9500738188976378,4826.375,Qwen/Qwen3.6-35B-A3B-FP8
logs,40,127,8,40640,same_model,30231,0.743873031496063,10409,0.256126968503937,159,True,127,128,32,32,0,"[159, 40, 8]",0,True,32,True,128,159,32,0,0,32,"[128, 40, 8]",1,False,0c2792fd8b11e4492680,expected_aligned_shape,Qwen/Qwen3.6-35B-A3B-FP8,ok,32,127,5080,1571,0.309251968503937,5080,3506,0.6901574803149606,0,0.0,0.9232792054839298,4690.258363858364,0.9553395669291339,4853.125,Qwen/Qwen3.6-35B-A3B-FP8
chat,40,127,8,40640,same_model,30150,0.7418799212598425,10490,0.25812007874015747,167,True,127,128,40,40,0,"[167, 40, 8]",0,True,40,True,128,167,40,0,0,40,"[128, 40, 8]",1,False,0c65410d39676160e9eb,expected_aligned_shape,Qwen/Qwen3.6-35B-A3B-FP8,ok,32,127,5080,1502,0.29566929133858266,5080,3554,0.6996062992125984,0,0.0,0.927551591016158,4711.962082362083,0.9583415354330709,4868.375,Qwen/Qwen3.6-35B-A3B-FP8
json_structured,40,127,8,40640,same_model,31217,0.768134842519685,9423,0.23186515748031497,167,True,127,128,40,40,0,"[167, 40, 8]",0,True,40,True,128,167,40,0,0,40,"[128, 40, 8]",1,False,0c6827cc5421d03e14d4,expected_aligned_shape,Qwen/Qwen3.6-35B-A3B-FP8,ok,32,127,5080,1754,0.3452755905511811,5080,3675,0.7234251968503937,0,0.0,0.9336688595743715,4743.037806637807,0.9618848425196851,4886.375,Qwen/Qwen3.6-35B-A3B-FP8
summarization,40,127,8,40640,same_model,30251,0.744365157480315,10389,0.25563484251968505,159,True,127,128,32,32,0,"[159, 40, 8]",0,True,32,True,128,159,32,0,0,32,"[128, 40, 8]",1,False,0c7897b0964b1bb87be0,expected_aligned_shape,Qwen/Qwen3.6-35B-A3B-FP8,ok,32,127,5080,1541,0.3033464566929134,5080,3572,0.7031496062992126,0,0.0,0.9274588403722261,4711.49090909091,0.9581200787401575,4867.25,Qwen/Qwen3.6-35B-A3B-FP8
chat,40,127,8,40640,same_model,30387,0.7477116141732284,10253,0.25228838582677166,167,True,127,128,40,40,0,"[167, 40, 8]",0,True,40,True,128,167,40,0,0,40,"[128, 40, 8]",1,False,0c930baa875d63a744ba,expected_aligned_shape,Qwen/Qwen3.6-35B-A3B-FP8,ok,32,127,5080,1607,0.31633858267716536,5080,3612,0.7110236220472441,0,0.0,0.929580917769894,4722.271062271062,0.9593011811023622,4873.25,Qwen/Qwen3.6-35B-A3B-FP8
code,40,127,8,40640,same_model,30065,0.7397883858267716,10575,0.26021161417322836,159,True,127,128,32,32,0,"[159, 40, 8]",0,True,32,True,128,159,32,0,0,32,"[128, 40, 8]",1,False,0c9e2874d884c5e6a5d1,expected_aligned_shape,Qwen/Qwen3.6-35B-A3B-FP8,ok,32,127,5080,1507,0.2966535433070866,5080,3444,0.6779527559055119,0,0.0,0.9189433750851073,4668.232345432345,0.952263779527559,4837.5,Qwen/Qwen3.6-35B-A3B-FP8
chat,40,127,8,40640,same_model,29057,0.7149852362204724,11583,0.28501476377952756,159,True,127,128,32,32,0,"[159, 40, 8]",0,True,32,True,128,159,32,0,0,32,"[128, 40, 8]",1,False,0ccf40440fce667b775e,expected_aligned_shape,Qwen/Qwen3.6-35B-A3B-FP8,ok,32,127,5080,1331,0.26200787401574804,5080,3342,0.6578740157480315,0,0.0,0.9140583476016547,4643.416405816406,0.949876968503937,4825.375,Qwen/Qwen3.6-35B-A3B-FP8
short_qa,40,127,8,40640,same_model,29107,0.7162155511811024,11533,0.28378444881889764,159,True,127,128,32,32,0,"[159, 40, 8]",0,True,32,True,128,159,32,0,0,32,"[128, 40, 8]",1,False,0d0abe33cb0a93561eef,expected_aligned_shape,Qwen/Qwen3.6-35B-A3B-FP8,ok,32,127,5080,1359,0.26751968503937007,5080,3328,0.6551181102362205,0,0.0,0.9141979324262788,4644.125496725496,0.9499753937007874,4825.875,Qwen/Qwen3.6-35B-A3B-FP8
math_numeric,40,127,8,40640,same_model,29231,0.7192667322834646,11409,0.28073326771653545,159,True,127,128,32,32,0,"[159, 40, 8]",0,True,32,True,128,159,32,0,0,32,"[128, 40, 8]",1,False,0d1c31cceee1cd124de3,expected_aligned_shape,Qwen/Qwen3.6-35B-A3B-FP8,ok,32,127,5080,1441,0.2836614173228346,5080,3287,0.6470472440944882,0,0.0,0.9080934245107475,4613.114596514596,0.9452755905511812,4802.0,Qwen/Qwen3.6-35B-A3B-FP8
summarization,40,127,8,40640,same_model,29720,0.7312992125984252,10920,0.2687007874015748,163,True,127,128,36,36,0,"[163, 40, 8]",0,True,36,True,128,163,36,0,0,36,"[128, 40, 8]",1,False,0d3f10028312e9552e64,expected_aligned_shape,Qwen/Qwen3.6-35B-A3B-FP8,ok,32,127,5080,1423,0.28011811023622046,5080,3407,0.6706692913385827,0,0.0,0.9184291736260239,4665.620202020202,0.9528051181102363,4840.25,Qwen/Qwen3.6-35B-A3B-FP8
code,40,127,8,40640,same_model,29438,0.7243602362204724,11202,0.27563976377952754,166,True,127,128,39,39,0,"[166, 40, 8]",0,True,39,True,128,166,39,0,0,39,"[128, 40, 8]",1,False,0d521be2089875122065,expected_aligned_shape,Qwen/Qwen3.6-35B-A3B-FP8,ok,32,127,5080,1376,0.27086614173228346,5080,3367,0.6627952755905512,0,0.0,0.9154531950988645,4650.502231102231,0.9504183070866141,4828.125,Qwen/Qwen3.6-35B-A3B-FP8
code,40,127,8,40640,same_model,29236,0.7193897637795276,11404,0.28061023622047243,159,True,127,128,32,32,0,"[159, 40, 8]",0,True,32,True,128,159,32,0,0,32,"[128, 40, 8]",1,False,0d87a5a28d1a75188930,expected_aligned_shape,Qwen/Qwen3.6-35B-A3B-FP8,ok,32,127,5080,1382,0.2720472440944882,5080,3318,0.6531496062992126,0,0.0,0.9078239826665025,4611.745831945832,0.944242125984252,4796.75,Qwen/Qwen3.6-35B-A3B-FP8
logs,40,127,8,40640,same_model,30678,0.7548720472440945,9962,0.24512795275590551,159,True,127,128,32,32,0,"[159, 40, 8]",0,True,32,True,128,159,32,0,0,32,"[128, 40, 8]",1,False,0e0edfb85d3e58490ea1,expected_aligned_shape,Qwen/Qwen3.6-35B-A3B-FP8,ok,32,127,5080,1707,0.3360236220472441,5080,3555,0.6998031496062992,0,0.0,0.9274166865505447,4711.276767676768,0.9582677165354331,4868.0,Qwen/Qwen3.6-35B-A3B-FP8
short_qa,40,127,8,40640,same_model,31866,0.7841043307086614,8774,0.21589566929133858,159,True,127,128,32,32,0,"[159, 40, 8]",0,True,32,True,128,159,32,0,0,32,"[128, 40, 8]",1,False,0e17b1c5d9976b077d8e,expected_aligned_shape,Qwen/Qwen3.6-35B-A3B-FP8,ok,32,127,5080,1841,0.3624015748031496,5080,3785,0.7450787401574803,0,0.0,0.9397375939895624,4773.866977466978,0.9654281496062992,4904.375,Qwen/Qwen3.6-35B-A3B-FP8
low_margin,40,127,8,40640,same_model,31079,0.7647391732283465,9561,0.23526082677165355,166,True,127,128,39,39,0,"[166, 40, 8]",0,True,39,True,128,166,39,0,0,39,"[128, 40, 8]",1,False,0e24a4fcaf7510aeac91,expected_aligned_shape,Qwen/Qwen3.6-35B-A3B-FP8,ok,32,127,5080,1690,0.33267716535433073,5080,3690,0.7263779527559056,0,0.0,0.9343107810824345,4746.298767898768,0.962130905511811,4887.625,Qwen/Qwen3.6-35B-A3B-FP8
logs,40,127,8,40640,same_model,30187,0.7427903543307086,10453,0.25720964566929133,159,True,127,128,32,32,0,"[159, 40, 8]",0,True,32,True,128,159,32,0,0,32,"[128, 40, 8]",1,False,0e3007537351484bb9ca,expected_aligned_shape,Qwen/Qwen3.6-35B-A3B-FP8,ok,32,127,5080,1559,0.30688976377952754,5080,3520,0.6929133858267716,0,0.0,0.9251618547681539,4699.822222222222,0.9568159448818898,4860.625,Qwen/Qwen3.6-35B-A3B-FP8
logs,40,127,8,40640,same_model,29422,0.7239665354330709,11218,0.2760334645669291,159,True,127,128,32,32,0,"[159, 40, 8]",0,True,32,True,128,159,32,0,0,32,"[128, 40, 8]",1,False,0e4d3895cd35ccffb38e,expected_aligned_shape,Qwen/Qwen3.6-35B-A3B-FP8,ok,32,127,5080,1453,0.2860236220472441,5080,3410,0.6712598425196851,0,0.0,0.9182885006507052,4664.905583305584,0.9523622047244095,4838.0,Qwen/Qwen3.6-35B-A3B-FP8
mixed_language,40,127,8,40640,same_model,29230,0.719242125984252,11410,0.28075787401574803,159,True,127,128,32,32,0,"[159, 40, 8]",0,True,32,True,128,159,32,0,0,32,"[128, 40, 8]",1,False,0ef270f4870841ca3303,expected_aligned_shape,Qwen/Qwen3.6-35B-A3B-FP8,ok,32,127,5080,1366,0.2688976377952756,5080,3429,0.675,0,0.0,0.9170767552657317,4658.749916749916,0.9512057086614173,4832.125,Qwen/Qwen3.6-35B-A3B-FP8
code,40,127,8,40640,same_model,30409,0.7482529527559055,10231,0.25174704724409447,159,True,127,128,32,32,0,"[159, 40, 8]",0,True,32,True,128,159,32,0,0,32,"[128, 40, 8]",1,False,0eff13644785a421ce32,expected_aligned_shape,Qwen/Qwen3.6-35B-A3B-FP8,ok,32,127,5080,1596,0.31417322834645667,5080,3466,0.6822834645669291,0,0.0,0.9201590054739661,4674.407747807748,0.9530265748031496,4841.375,Qwen/Qwen3.6-35B-A3B-FP8
needle,40,127,8,40640,same_model,28724,0.7067913385826772,11916,0.2932086614173228,159,True,127,128,32,32,0,"[159, 40, 8]",0,True,32,True,128,159,32,0,0,32,"[128, 40, 8]",1,False,0f09b01ca07b7a4c0c0b,expected_aligned_shape,Qwen/Qwen3.6-35B-A3B-FP8,ok,32,127,5080,1309,0.2576771653543307,5080,3213,0.63248031496063,0,0.0,0.9059120407151903,4602.033166833166,0.9444389763779527,4797.75,Qwen/Qwen3.6-35B-A3B-FP8
code,40,127,8,40640,same_model,29386,0.7230807086614173,11254,0.2769192913385827,159,True,127,128,32,32,0,"[159, 40, 8]",0,True,32,True,128,159,32,0,0,32,"[128, 40, 8]",1,False,10c1472ae9ff5d5ea689,expected_aligned_shape,Qwen/Qwen3.6-35B-A3B-FP8,ok,32,127,5080,1481,0.29153543307086616,5080,3298,0.6492125984251969,0,0.0,0.9062550747590119,4603.7757797757795,0.9438238188976378,4794.625,Qwen/Qwen3.6-35B-A3B-FP8
mixed_language,40,105,8,33600,same_model,26557,0.7903869047619048,7043,0.20961309523809524,137,True,105,106,32,32,0,"[137, 40, 8]",0,True,32,True,106,137,32,0,0,32,"[106, 40, 8]",1,False,10de8fc688e061abc423,expected_aligned_shape,Qwen/Qwen3.6-35B-A3B-FP8,ok,32,105,4200,1597,0.38023809523809526,4200,3155,0.7511904761904762,0,0.0,0.9420230880230881,3956.4969696969697,0.9669642857142857,4061.25,Qwen/Qwen3.6-35B-A3B-FP8
low_margin,40,127,8,40640,same_model,30777,0.7573080708661417,9863,0.24269192913385826,167,True,127,128,40,40,0,"[167, 40, 8]",0,True,40,True,128,167,40,0,0,40,"[128, 40, 8]",1,False,1122d467827925848144,expected_aligned_shape,Qwen/Qwen3.6-35B-A3B-FP8,ok,32,127,5080,1676,0.3299212598425197,5080,3644,0.7173228346456693,0,0.0,0.9314753837588484,4731.894949494949,0.9604822834645669,4879.25,Qwen/Qwen3.6-35B-A3B-FP8
mixed_language,40,127,8,40640,same_model,31053,0.7640994094488189,9587,0.2359005905511811,159,True,127,128,32,32,0,"[159, 40, 8]",0,True,32,True,128,159,32,0,0,32,"[128, 40, 8]",1,False,118d375a14ceb470186d,expected_aligned_shape,Qwen/Qwen3.6-35B-A3B-FP8,ok,32,127,5080,1731,0.340748031496063,5080,3643,0.7171259842519685,0,0.0,0.9296729429800296,4722.73855033855,0.9589320866141732,4871.375,Qwen/Qwen3.6-35B-A3B-FP8
mixed_language,40,127,8,40640,same_model,30680,0.7549212598425197,9960,0.24507874015748032,159,True,127,128,32,32,0,"[159, 40, 8]",0,True,32,True,128,159,32,0,0,32,"[128, 40, 8]",1,False,11c249e226600e973189,expected_aligned_shape,Qwen/Qwen3.6-35B-A3B-FP8,ok,32,127,5080,1603,0.3155511811023622,5080,3615,0.7116141732283464,0,0.0,0.9312994879136612,4731.001398601398,0.9605561023622047,4879.625,Qwen/Qwen3.6-35B-A3B-FP8
math_numeric,40,127,8,40640,same_model,23195,0.5707431102362205,17445,0.4292568897637795,159,True,127,128,32,32,0,"[159, 40, 8]",0,True,32,True,128,159,32,0,0,32,"[128, 40, 8]",1,False,120aadbbf6387c2aa795,expected_aligned_shape,Qwen/Qwen3.6-35B-A3B-FP8,ok,32,127,5080,535,0.10531496062992125,5080,2288,0.4503937007874016,0,0.0,0.8424196188763118,4279.491663891664,0.9021653543307087,4583.0,Qwen/Qwen3.6-35B-A3B-FP8
low_margin,40,127,8,40640,same_model,29357,0.722367125984252,11283,0.27763287401574804,167,True,127,128,40,40,0,"[167, 40, 8]",0,True,40,True,128,167,40,0,0,40,"[128, 40, 8]",1,False,129f439411c691b717e8,expected_aligned_shape,Qwen/Qwen3.6-35B-A3B-FP8,ok,32,127,5080,1442,0.28385826771653544,5080,3310,0.6515748031496063,0,0.0,0.9094878437398122,4620.198246198246,0.9461122047244095,4806.25,Qwen/Qwen3.6-35B-A3B-FP8
short_qa,40,127,8,40640,same_model,30950,0.7615649606299213,9690,0.23843503937007873,159,True,127,128,32,32,0,"[159, 40, 8]",0,True,32,True,128,159,32,0,0,32,"[128, 40, 8]",1,False,12b7188759bdcd943c23,expected_aligned_shape,Qwen/Qwen3.6-35B-A3B-FP8,ok,32,127,5080,1686,0.33188976377952756,5080,3606,0.7098425196850394,0,0.0,0.9308368971361097,4728.651437451437,0.9603346456692914,4878.5,Qwen/Qwen3.6-35B-A3B-FP8
chat,40,127,8,40640,same_model,30197,0.7430364173228347,10443,0.25696358267716535,167,True,127,128,40,40,0,"[167, 40, 8]",0,True,40,True,128,167,40,0,0,40,"[128, 40, 8]",1,False,12cf55e1f889dd99b109,expected_aligned_shape,Qwen/Qwen3.6-35B-A3B-FP8,ok,32,127,5080,1561,0.3072834645669291,5080,3530,0.6948818897637795,0,0.0,0.9250783206295017,4699.397868797869,0.9562253937007874,4857.625,Qwen/Qwen3.6-35B-A3B-FP8
chat,40,127,8,40640,same_model,30744,0.756496062992126,9896,0.243503937007874,159,True,127,128,32,32,0,"[159, 40, 8]",0,True,32,True,128,159,32,0,0,32,"[128, 40, 8]",1,False,12f67c12e8e714112d3a,expected_aligned_shape,Qwen/Qwen3.6-35B-A3B-FP8,ok,32,127,5080,1610,0.3169291338582677,5080,3613,0.7112204724409449,0,0.0,0.9313505479647213,4731.260783660784,0.9604576771653544,4879.125,Qwen/Qwen3.6-35B-A3B-FP8
json_structured,40,127,8,40640,same_model,30903,0.7604084645669291,9737,0.23959153543307088,167,True,127,128,40,40,0,"[167, 40, 8]",0,True,40,True,128,167,40,0,0,40,"[128, 40, 8]",1,False,131264d27978bac3c898,expected_aligned_shape,Qwen/Qwen3.6-35B-A3B-FP8,ok,32,127,5080,1708,0.3362204724409449,5080,3693,0.7269685039370078,0,0.0,0.9327448317212098,4738.343745143745,0.9608513779527559,4881.125,Qwen/Qwen3.6-35B-A3B-FP8
needle,40,127,8,40640,same_model,27674,0.6809547244094488,12966,0.3190452755905512,159,True,127,128,32,32,0,"[159, 40, 8]",0,True,32,True,128,159,32,0,0,32,"[128, 40, 8]",1,False,137c9b75239cdd79a6ea,expected_aligned_shape,Qwen/Qwen3.6-35B-A3B-FP8,ok,32,127,5080,1205,0.2372047244094488,5080,3106,0.6114173228346457,0,0.0,0.8946767362121693,4544.95781995782,0.9363927165354331,4756.875,Qwen/Qwen3.6-35B-A3B-FP8
summarization,40,127,8,40640,same_model,30953,0.7616387795275591,9687,0.23836122047244093,159,True,127,128,32,32,0,"[159, 40, 8]",0,True,32,True,128,159,32,0,0,32,"[128, 40, 8]",1,False,13dd5f1c1eac63e3962e,expected_aligned_shape,Qwen/Qwen3.6-35B-A3B-FP8,ok,32,127,5080,1692,0.33307086614173226,5080,3629,0.7143700787401575,0,0.0,0.9314157321243938,4731.591919191919,0.9605807086614173,4879.75,Qwen/Qwen3.6-35B-A3B-FP8
mixed_language,40,90,8,28800,same_model,22586,0.7842361111111111,6214,0.2157638888888889,122,True,90,91,32,32,0,"[122, 40, 8]",0,True,32,True,91,122,32,0,0,32,"[91, 40, 8]",1,False,1484ca9fc8e54c481909,expected_aligned_shape,Qwen/Qwen3.6-35B-A3B-FP8,ok,32,90,3600,1336,0.3711111111111111,3600,2697,0.7491666666666666,0,0.0,0.9412424242424243,3388.4727272727273,0.9664930555555555,3479.375,Qwen/Qwen3.6-35B-A3B-FP8
code,40,127,8,40640,same_model,30357,0.7469734251968504,10283,0.2530265748031496,159,True,127,128,32,32,0,"[159, 40, 8]",0,True,32,True,128,159,32,0,0,32,"[128, 40, 8]",1,False,1494e03e3667bc7156f1,expected_aligned_shape,Qwen/Qwen3.6-35B-A3B-FP8,ok,32,127,5080,1575,0.31003937007874016,5080,3477,0.6844488188976378,0,0.0,0.9232092579336674,4689.90303030303,0.9557578740157481,4855.25,Qwen/Qwen3.6-35B-A3B-FP8
low_margin,40,127,8,40640,same_model,31804,0.7825787401574803,8836,0.2174212598425197,166,True,127,128,39,39,0,"[166, 40, 8]",0,True,39,True,128,166,39,0,0,39,"[128, 40, 8]",1,False,155fa61b90c4dc567cb9,expected_aligned_shape,Qwen/Qwen3.6-35B-A3B-FP8,ok,32,127,5080,1836,0.36141732283464567,5080,3822,0.7523622047244094,0,0.0,0.9423606140141573,4787.19191919192,0.9671751968503937,4913.25,Qwen/Qwen3.6-35B-A3B-FP8
needle,40,127,8,40640,same_model,30018,0.7386318897637796,10622,0.2613681102362205,159,True,127,128,32,32,0,"[159, 40, 8]",0,True,32,True,128,159,32,0,0,32,"[128, 40, 8]",1,False,158dfd5ba4f085b82055,expected_aligned_shape,Qwen/Qwen3.6-35B-A3B-FP8,ok,32,127,5080,1482,0.2917322834645669,5080,3492,0.6874015748031496,0,0.0,0.9247721307563828,4697.842424242424,0.9568159448818898,4860.625,Qwen/Qwen3.6-35B-A3B-FP8
json_structured,40,127,8,40640,same_model,31402,0.7726870078740158,9238,0.22731299212598424,166,True,127,128,39,39,0,"[166, 40, 8]",0,True,39,True,128,166,39,0,0,39,"[128, 40, 8]",1,False,15d1d3f8ce2c30617539,expected_aligned_shape,Qwen/Qwen3.6-35B-A3B-FP8,ok,32,127,5080,1817,0.3576771653543307,5080,3723,0.7328740157480315,0,0.0,0.9358383960746166,4754.059052059052,0.9630905511811023,4892.5,Qwen/Qwen3.6-35B-A3B-FP8
math_numeric,40,127,8,40640,same_model,26495,0.6519438976377953,14145,0.34805610236220474,159,True,127,128,32,32,0,"[159, 40, 8]",0,True,32,True,128,159,32,0,0,32,"[128, 40, 8]",1,False,15d872b92f63f281fd73,expected_aligned_shape,Qwen/Qwen3.6-35B-A3B-FP8,ok,32,127,5080,1167,0.2297244094488189,5080,2905,0.5718503937007874,0,0.0,0.8753580714998038,4446.819003219003,0.9227116141732283,4687.375,Qwen/Qwen3.6-35B-A3B-FP8
short_qa,40,127,8,40640,same_model,31414,0.7729822834645669,9226,0.22701771653543307,166,True,127,128,39,39,0,"[166, 40, 8]",0,True,39,True,128,166,39,0,0,39,"[128, 40, 8]",1,False,1624c2bae18e3d116f1f,expected_aligned_shape,Qwen/Qwen3.6-35B-A3B-FP8,ok,32,127,5080,1784,0.35118110236220473,5080,3691,0.7265748031496063,0,0.0,0.9335682952218386,4742.526939726939,0.9614665354330708,4884.25,Qwen/Qwen3.6-35B-A3B-FP8
math_numeric,40,127,8,40640,same_model,22019,0.5418061023622047,18621,0.4581938976377953,159,True,127,128,32,32,0,"[159, 40, 8]",0,True,32,True,128,159,32,0,0,32,"[128, 40, 8]",1,False,163f61eaff3724f0d9c9,expected_aligned_shape,Qwen/Qwen3.6-35B-A3B-FP8,ok,32,127,5080,490,0.09645669291338582,5080,1997,0.3931102362204724,0,0.0,0.8165566104936184,4148.107581307581,0.8851377952755906,4496.5,Qwen/Qwen3.6-35B-A3B-FP8
summarization,40,127,8,40640,same_model,30654,0.7542814960629921,9986,0.24571850393700786,166,True,127,128,39,39,0,"[166, 40, 8]",0,True,39,True,128,166,39,0,0,39,"[128, 40, 8]",1,False,1757a5dbdeca60120661,expected_aligned_shape,Qwen/Qwen3.6-35B-A3B-FP8,ok,32,127,5080,1637,0.32224409448818897,5080,3562,0.7011811023622048,0,0.0,0.9289779686630081,4719.208080808081,0.959375,4873.625,Qwen/Qwen3.6-35B-A3B-FP8
chat,40,127,8,40640,same_model,29880,0.735236220472441,10760,0.26476377952755903,159,True,127,128,32,32,0,"[159, 40, 8]",0,True,32,True,128,159,32,0,0,32,"[128, 40, 8]",1,False,177df6ae8def7d765bc4,expected_aligned_shape,Qwen/Qwen3.6-35B-A3B-FP8,ok,32,127,5080,1451,0.28562992125984255,5080,3488,0.6866141732283465,0,0.0,0.9236964610192957,4692.378021978022,0.955880905511811,4855.875,Qwen/Qwen3.6-35B-A3B-FP8
code,40,127,8,40640,same_model,30460,0.749507874015748,10180,0.25049212598425197,159,True,127,128,32,32,0,"[159, 40, 8]",0,True,32,True,128,159,32,0,0,32,"[128, 40, 8]",1,False,17d849f0e7369fbeca94,expected_aligned_shape,Qwen/Qwen3.6-35B-A3B-FP8,ok,32,127,5080,1569,0.3088582677165354,5080,3507,0.6903543307086614,0,0.0,0.9220748149488308,4684.14005994006,0.9541338582677166,4847.0,Qwen/Qwen3.6-35B-A3B-FP8
logs,40,127,8,40640,same_model,29830,0.734005905511811,10810,0.265994094488189,159,True,127,128,32,32,0,"[159, 40, 8]",0,True,32,True,128,159,32,0,0,32,"[128, 40, 8]",1,False,17f0aa1f8cdd2b19c2f5,expected_aligned_shape,Qwen/Qwen3.6-35B-A3B-FP8,ok,32,127,5080,1502,0.29566929133858266,5080,3440,0.6771653543307087,0,0.0,0.9157733517576037,4652.1286269286265,0.9488927165354331,4820.375,Qwen/Qwen3.6-35B-A3B-FP8
low_margin,40,127,8,40640,same_model,30565,0.7520915354330708,10075,0.24790846456692914,166,True,127,128,39,39,0,"[166, 40, 8]",0,True,39,True,128,166,39,0,0,39,"[128, 40, 8]",1,False,181603dc14d532c96e6e,expected_aligned_shape,Qwen/Qwen3.6-35B-A3B-FP8,ok,32,127,5080,1607,0.31633858267716536,5080,3590,0.7066929133858267,0,0.0,0.9292732289582684,4720.708003108003,0.959251968503937,4873.0,Qwen/Qwen3.6-35B-A3B-FP8
short_qa,40,127,8,40640,same_model,29484,0.725492125984252,11156,0.27450787401574805,159,True,127,128,32,32,0,"[159, 40, 8]",0,True,32,True,128,159,32,0,0,32,"[128, 40, 8]",1,False,181927b2f36456a6f411,expected_aligned_shape,Qwen/Qwen3.6-35B-A3B-FP8,ok,32,127,5080,1470,0.28937007874015747,5080,3384,0.6661417322834645,0,0.0,0.9175422302981359,4661.11452991453,0.9521407480314961,4836.875,Qwen/Qwen3.6-35B-A3B-FP8
logs,40,127,8,40640,same_model,29736,0.7316929133858268,10904,0.26830708661417324,159,True,127,128,32,32,0,"[159, 40, 8]",0,True,32,True,128,159,32,0,0,32,"[128, 40, 8]",1,False,18452ec7ad9d29790e39,expected_aligned_shape,Qwen/Qwen3.6-35B-A3B-FP8,ok,32,127,5080,1458,0.287007874015748,5080,3395,0.6683070866141733,0,0.0,0.918175149434992,4664.329759129759,0.9526820866141732,4839.625,Qwen/Qwen3.6-35B-A3B-FP8
logs,40,127,8,40640,same_model,32176,0.7917322834645669,8464,0.20826771653543308,159,True,127,128,32,32,0,"[159, 40, 8]",0,True,32,True,128,159,32,0,0,32,"[128, 40, 8]",1,False,184dcb58a8183ef4b48e,expected_aligned_shape,Qwen/Qwen3.6-35B-A3B-FP8,ok,32,127,5080,1935,0.3809055118110236,5080,3882,0.7641732283464567,0,0.0,0.9454497733237891,4802.884848484849,0.968996062992126,4922.5,Qwen/Qwen3.6-35B-A3B-FP8
logs,40,127,8,40640,same_model,28854,0.7099901574803149,11786,0.29000984251968503,159,True,127,128,32,32,0,"[159, 40, 8]",0,True,32,True,128,159,32,0,0,32,"[128, 40, 8]",1,False,18c5d81ca5d4d7d522e7,expected_aligned_shape,Qwen/Qwen3.6-35B-A3B-FP8,ok,32,127,5080,1413,0.2781496062992126,5080,3297,0.6490157480314961,0,0.0,0.9073181149559103,4609.176023976024,0.9444389763779527,4797.75,Qwen/Qwen3.6-35B-A3B-FP8
needle,40,127,8,40640,same_model,28827,0.7093257874015748,11813,0.2906742125984252,159,True,127,128,32,32,0,"[159, 40, 8]",0,True,32,True,128,159,32,0,0,32,"[128, 40, 8]",1,False,18e04c17e1d39e4ee42a,expected_aligned_shape,Qwen/Qwen3.6-35B-A3B-FP8,ok,32,127,5080,1372,0.2700787401574803,5080,3252,0.6401574803149607,0,0.0,0.9073789028119736,4609.484826284826,0.9454970472440944,4803.125,Qwen/Qwen3.6-35B-A3B-FP8
summarization,40,127,8,40640,same_model,31015,0.7631643700787402,9625,0.23683562992125984,167,True,127,128,40,40,0,"[167, 40, 8]",0,True,40,True,128,167,40,0,0,40,"[128, 40, 8]",1,False,193afa86e725be46264b,expected_aligned_shape,Qwen/Qwen3.6-35B-A3B-FP8,ok,32,127,5080,1712,0.33700787401574805,5080,3647,0.7179133858267717,0,0.0,0.9322444921657519,4735.80202020202,0.9610236220472441,4882.0,Qwen/Qwen3.6-35B-A3B-FP8
json_structured,40,127,8,40640,same_model,29248,0.7196850393700788,11392,0.2803149606299213,159,True,127,128,32,32,0,"[159, 40, 8]",0,True,32,True,128,159,32,0,0,32,"[128, 40, 8]",1,False,199e438dd5cdfb5dd22c,expected_aligned_shape,Qwen/Qwen3.6-35B-A3B-FP8,ok,32,127,5080,1404,0.2763779527559055,5080,3390,0.6673228346456693,0,0.0,0.9152503533212194,4649.471794871795,0.9493602362204724,4822.75,Qwen/Qwen3.6-35B-A3B-FP8
logs,40,127,8,40640,same_model,28150,0.6926673228346457,12490,0.30733267716535434,159,True,127,128,32,32,0,"[159, 40, 8]",0,True,32,True,128,159,32,0,0,32,"[128, 40, 8]",1,False,19c5ffc20eb2dda9a70e,expected_aligned_shape,Qwen/Qwen3.6-35B-A3B-FP8,ok,32,127,5080,1211,0.23838582677165354,5080,3132,0.6165354330708661,0,0.0,0.902596109052802,4585.188233988234,0.9430610236220472,4790.75,Qwen/Qwen3.6-35B-A3B-FP8
summarization,40,127,8,40640,same_model,30910,0.7605807086614174,9730,0.23941929133858267,167,True,127,128,40,40,0,"[167, 40, 8]",0,True,40,True,128,167,40,0,0,40,"[128, 40, 8]",1,False,1a103249091a561181f6,expected_aligned_shape,Qwen/Qwen3.6-35B-A3B-FP8,ok,32,127,5080,1697,0.3340551181102362,5080,3655,0.719488188976378,0,0.0,0.9324148030447243,4736.6671994672,0.9608759842519685,4881.25,Qwen/Qwen3.6-35B-A3B-FP8
needle,40,127,8,40640,same_model,29625,0.7289616141732284,11015,0.27103838582677164,159,True,127,128,32,32,0,"[159, 40, 8]",0,True,32,True,128,159,32,0,0,32,"[128, 40, 8]",1,False,1a7c8839c36821963dbe,expected_aligned_shape,Qwen/Qwen3.6-35B-A3B-FP8,ok,32,127,5080,1423,0.28011811023622046,5080,3399,0.6690944881889764,0,0.0,0.9196879148847652,4672.0146076146075,0.9537647637795276,4845.125,Qwen/Qwen3.6-35B-A3B-FP8
low_margin,40,127,8,40640,same_model,31223,0.7682824803149606,9417,0.23171751968503937,167,True,127,128,40,40,0,"[167, 40, 8]",0,True,40,True,128,167,40,0,0,40,"[128, 40, 8]",1,False,1a88e28f0a8711b970f1,expected_aligned_shape,Qwen/Qwen3.6-35B-A3B-FP8,ok,32,127,5080,1721,0.3387795275590551,5080,3714,0.7311023622047244,0,0.0,0.9362491052254831,4756.145454545454,0.9635088582677165,4894.625,Qwen/Qwen3.6-35B-A3B-FP8
mixed_language,40,127,8,40640,same_model,31979,0.786884842519685,8661,0.21311515748031495,159,True,127,128,32,32,0,"[159, 40, 8]",0,True,32,True,128,159,32,0,0,32,"[128, 40, 8]",1,False,1abf9dfcb8082e6902a7,expected_aligned_shape,Qwen/Qwen3.6-35B-A3B-FP8,ok,32,127,5080,1934,0.38070866141732285,5080,3838,0.7555118110236221,0,0.0,0.9420965561123043,4785.8505050505055,0.9668799212598426,4911.75,Qwen/Qwen3.6-35B-A3B-FP8
low_margin,40,127,8,40640,same_model,31074,0.7646161417322834,9566,0.23538385826771654,167,True,127,128,40,40,0,"[167, 40, 8]",0,True,40,True,128,167,40,0,0,40,"[128, 40, 8]",1,False,1ad5545112352c0eee4b,expected_aligned_shape,Qwen/Qwen3.6-35B-A3B-FP8,ok,32,127,5080,1721,0.3387795275590551,5080,3599,0.7084645669291338,0,0.0,0.9298378393260283,4723.576223776224,0.9594242125984253,4873.875,Qwen/Qwen3.6-35B-A3B-FP8
math_numeric,40,127,8,40640,same_model,22244,0.5473425196850393,18396,0.4526574803149606,159,True,127,128,32,32,0,"[159, 40, 8]",0,True,32,True,128,159,32,0,0,32,"[128, 40, 8]",1,False,1aea69803794900b5c6e,expected_aligned_shape,Qwen/Qwen3.6-35B-A3B-FP8,ok,32,127,5080,506,0.09960629921259842,5080,2116,0.41653543307086616,0,0.0,0.8283001032213629,4207.764524364525,0.8928395669291339,4535.625,Qwen/Qwen3.6-35B-A3B-FP8
json_structured,40,127,8,40640,same_model,31051,0.7640501968503937,9589,0.2359498031496063,167,True,127,128,40,40,0,"[167, 40, 8]",0,True,40,True,128,167,40,0,0,40,"[128, 40, 8]",1,False,1be80d2c9e6f7b428345,expected_aligned_shape,Qwen/Qwen3.6-35B-A3B-FP8,ok,32,127,5080,1690,0.33267716535433073,5080,3624,0.7133858267716535,0,0.0,0.9315108688337035,4732.0752136752135,0.9606545275590551,4880.125,Qwen/Qwen3.6-35B-A3B-FP8
mixed_language,40,127,8,40640,same_model,32144,0.7909448818897638,8496,0.20905511811023622,159,True,127,128,32,32,0,"[159, 40, 8]",0,True,32,True,128,159,32,0,0,32,"[128, 40, 8]",1,False,1c09787dd6896e7eda6c,expected_aligned_shape,Qwen/Qwen3.6-35B-A3B-FP8,ok,32,127,5080,1955,0.38484251968503935,5080,3806,0.7492125984251968,0,0.0,0.941321880219518,4781.915151515152,0.9665354330708661,4910.0,Qwen/Qwen3.6-35B-A3B-FP8
json_structured,40,127,8,40640,same_model,31432,0.7734251968503937,9208,0.2265748031496063,167,True,127,128,40,40,0,"[167, 40, 8]",0,True,40,True,128,167,40,0,0,40,"[128, 40, 8]",1,False,1c3179d3228bcd8084cd,expected_aligned_shape,Qwen/Qwen3.6-35B-A3B-FP8,ok,32,127,5080,1818,0.3578740157480315,5080,3692,0.7267716535433071,0,0.0,0.9328716777535675,4738.988122988123,0.9606791338582678,4880.25,Qwen/Qwen3.6-35B-A3B-FP8
math_numeric,40,127,8,40640,same_model,27026,0.6650098425196851,13614,0.33499015748031497,159,True,127,128,32,32,0,"[159, 40, 8]",0,True,32,True,128,159,32,0,0,32,"[128, 40, 8]",1,False,1c358a5a8bd5c0d08c3c,expected_aligned_shape,Qwen/Qwen3.6-35B-A3B-FP8,ok,32,127,5080,1155,0.22736220472440946,5080,3017,0.5938976377952756,0,0.0,0.8852246921931961,4496.941436341436,0.9302411417322834,4725.625,Qwen/Qwen3.6-35B-A3B-FP8
code,40,127,8,40640,same_model,30321,0.7460875984251969,10319,0.25391240157480316,159,True,127,128,32,32,0,"[159, 40, 8]",0,True,32,True,128,159,32,0,0,32,"[128, 40, 8]",1,False,1c4bb7b1bdd70a96b67e,expected_aligned_shape,Qwen/Qwen3.6-35B-A3B-FP8,ok,32,127,5080,1570,0.3090551181102362,5080,3503,0.6895669291338583,0,0.0,0.9235713979808468,4691.742701742702,0.9555610236220472,4854.25,Qwen/Qwen3.6-35B-A3B-FP8
math_numeric,40,127,8,40640,same_model,19566,0.4814468503937008,21074,0.5185531496062992,159,True,127,128,32,32,0,"[159, 40, 8]",0,True,32,True,128,159,32,0,0,32,"[128, 40, 8]",1,False,1c4bf44a9277b43d18c2,expected_aligned_shape,Qwen/Qwen3.6-35B-A3B-FP8,ok,32,127,5080,392,0.07716535433070866,5080,1758,0.34606299212598424,0,0.0,0.7675541256643618,3899.1749583749584,0.8416338582677165,4275.5,Qwen/Qwen3.6-35B-A3B-FP8
needle,40,127,8,40640,same_model,28888,0.7108267716535434,11752,0.2891732283464567,159,True,127,128,32,32,0,"[159, 40, 8]",0,True,32,True,128,159,32,0,0,32,"[128, 40, 8]",1,False,1cd386c0e7972117e2df,expected_aligned_shape,Qwen/Qwen3.6-35B-A3B-FP8,ok,32,127,5080,1396,0.2748031496062992,5080,3348,0.6590551181102362,0,0.0,0.9128909716704992,4637.486136086136,0.9486958661417323,4819.375,Qwen/Qwen3.6-35B-A3B-FP8
chat,40,127,8,40640,same_model,29623,0.7289124015748032,11017,0.27108759842519686,159,True,127,128,32,32,0,"[159, 40, 8]",0,True,32,True,128,159,32,0,0,32,"[128, 40, 8]",1,False,1d0dc8c1a64af1c2a912,expected_aligned_shape,Qwen/Qwen3.6-35B-A3B-FP8,ok,32,127,5080,1405,0.2765748031496063,5080,3428,0.6748031496062992,0,0.0,0.9217243299133061,4682.359595959596,0.9550196850393701,4851.5,Qwen/Qwen3.6-35B-A3B-FP8
math_numeric,40,127,8,40640,same_model,30744,0.756496062992126,9896,0.243503937007874,159,True,127,128,32,32,0,"[159, 40, 8]",0,True,32,True,128,159,32,0,0,32,"[128, 40, 8]",1,False,1d7cf8dd9193d957f3c1,expected_aligned_shape,Qwen/Qwen3.6-35B-A3B-FP8,ok,32,127,5080,1678,0.3303149606299213,5080,3515,0.6919291338582677,0,0.0,0.9213663239647492,4680.540925740926,0.9535187007874015,4843.875,Qwen/Qwen3.6-35B-A3B-FP8
math_numeric,40,127,8,40640,same_model,23100,0.5684055118110236,17540,0.4315944881889764,159,True,127,128,32,32,0,"[159, 40, 8]",0,True,32,True,128,159,32,0,0,32,"[128, 40, 8]",1,False,1d9153c8703527204c89,expected_aligned_shape,Qwen/Qwen3.6-35B-A3B-FP8,ok,32,127,5080,545,0.10728346456692914,5080,2216,0.43622047244094486,0,0.0,0.8425025892742428,4279.913153513154,0.9056840551181102,4600.875,Qwen/Qwen3.6-35B-A3B-FP8
json_structured,40,127,8,40640,same_model,31588,0.7772637795275591,9052,0.22273622047244093,167,True,127,128,40,40,0,"[167, 40, 8]",0,True,40,True,128,167,40,0,0,40,"[128, 40, 8]",1,False,1daef9ca6a62a9ddea6d,expected_aligned_shape,Qwen/Qwen3.6-35B-A3B-FP8,ok,32,127,5080,1845,0.3631889763779528,5080,3756,0.7393700787401575,0,0.0,0.9371424725755435,4760.683760683761,0.9637303149606299,4895.75,Qwen/Qwen3.6-35B-A3B-FP8
chat,40,127,8,40640,same_model,29866,0.7348917322834646,10774,0.26510826771653545,159,True,127,128,32,32,0,"[159, 40, 8]",0,True,32,True,128,159,32,0,0,32,"[128, 40, 8]",1,False,1e1520b407293bce7083,expected_aligned_shape,Qwen/Qwen3.6-35B-A3B-FP8,ok,32,127,5080,1452,0.2858267716535433,5080,3440,0.6771653543307087,0,0.0,0.9220606515094705,4684.06810966811,0.9551181102362205,4852.0,Qwen/Qwen3.6-35B-A3B-FP8
summarization,40,127,8,40640,same_model,30941,0.7613435039370079,9699,0.23865649606299214,167,True,127,128,40,40,0,"[167, 40, 8]",0,True,40,True,128,167,40,0,0,40,"[128, 40, 8]",1,False,1e33fe88c9b72ac14558,expected_aligned_shape,Qwen/Qwen3.6-35B-A3B-FP8,ok,32,127,5080,1671,0.32893700787401575,5080,3651,0.7187007874015748,0,0.0,0.9324290145549987,4736.739393939394,0.9611466535433071,4882.625,Qwen/Qwen3.6-35B-A3B-FP8
chat,40,127,8,40640,same_model,30354,0.7468996062992126,10286,0.2531003937007874,159,True,127,128,32,32,0,"[159, 40, 8]",0,True,32,True,128,159,32,0,0,32,"[128, 40, 8]",1,False,1e4cea9b2eaead43320c,expected_aligned_shape,Qwen/Qwen3.6-35B-A3B-FP8,ok,32,127,5080,1548,0.3047244094488189,5080,3550,0.6988188976377953,0,0.0,0.9274100178037187,4711.242890442891,0.9581938976377953,4867.625,Qwen/Qwen3.6-35B-A3B-FP8
json_structured,40,127,8,40640,same_model,30850,0.7591043307086615,9790,0.24089566929133857,166,True,127,128,39,39,0,"[166, 40, 8]",0,True,39,True,128,166,39,0,0,39,"[128, 40, 8]",1,False,1e7c7f9f219964a9768e,expected_aligned_shape,Qwen/Qwen3.6-35B-A3B-FP8,ok,32,127,5080,1664,0.32755905511811023,5080,3625,0.7135826771653543,0,0.0,0.9317116042312892,4733.094949494949,0.9608513779527559,4881.125,Qwen/Qwen3.6-35B-A3B-FP8
summarization,40,127,8,40640,same_model,32003,0.7874753937007875,8637,0.2125246062992126,167,True,127,128,40,40,0,"[167, 40, 8]",0,True,40,True,128,167,40,0,0,40,"[128, 40, 8]",1,False,1e8bb930c595fa6ac53e,expected_aligned_shape,Qwen/Qwen3.6-35B-A3B-FP8,ok,32,127,5080,1890,0.3720472440944882,5080,3787,0.7454724409448819,0,0.0,0.9395195618030264,4772.759373959374,0.9652559055118111,4903.5,Qwen/Qwen3.6-35B-A3B-FP8
summarization,40,127,8,40640,same_model,31717,0.7804379921259843,8923,0.21956200787401575,167,True,127,128,40,40,0,"[167, 40, 8]",0,True,40,True,128,167,40,0,0,40,"[128, 40, 8]",1,False,1eab55664817769b2d2f,expected_aligned_shape,Qwen/Qwen3.6-35B-A3B-FP8,ok,32,127,5080,1872,0.36850393700787404,5080,3761,0.7403543307086614,0,0.0,0.9377403960868528,4763.721212121212,0.9642224409448819,4898.25,Qwen/Qwen3.6-35B-A3B-FP8
math_numeric,40,127,8,40640,same_model,19931,0.4904281496062992,20709,0.5095718503937008,159,True,127,128,32,32,0,"[159, 40, 8]",0,True,32,True,128,159,32,0,0,32,"[128, 40, 8]",1,False,1eb26b097af2dc72a214,expected_aligned_shape,Qwen/Qwen3.6-35B-A3B-FP8,ok,32,127,5080,336,0.06614173228346457,5080,1757,0.34586614173228347,0,0.0,0.7807358564445177,3966.1381507381507,0.8553395669291338,4345.125,Qwen/Qwen3.6-35B-A3B-FP8
short_qa,40,127,8,40640,same_model,29710,0.7310531496062992,10930,0.2689468503937008,159,True,127,128,32,32,0,"[159, 40, 8]",0,True,32,True,128,159,32,0,0,32,"[128, 40, 8]",1,False,1eccb479d98cb342d132,expected_aligned_shape,Qwen/Qwen3.6-35B-A3B-FP8,ok,32,127,5080,1412,0.27795275590551183,5080,3380,0.6653543307086615,0,0.0,0.9182429862351122,4664.67437007437,0.9525836614173229,4839.125,Qwen/Qwen3.6-35B-A3B-FP8
chat,40,127,8,40640,same_model,29967,0.737376968503937,10673,0.262623031496063,159,True,127,128,32,32,0,"[159, 40, 8]",0,True,32,True,128,159,32,0,0,32,"[128, 40, 8]",1,False,1f22f72c7202203035c2,expected_aligned_shape,Qwen/Qwen3.6-35B-A3B-FP8,ok,32,127,5080,1498,0.29488188976377955,5080,3450,0.6791338582677166,0,0.0,0.9209221574575905,4678.28455988456,0.9540108267716535,4846.375,Qwen/Qwen3.6-35B-A3B-FP8
short_qa,40,127,8,40640,same_model,31561,0.7765994094488189,9079,0.2234005905511811,166,True,127,128,39,39,0,"[166, 40, 8]",0,True,39,True,128,166,39,0,0,39,"[128, 40, 8]",1,False,1f4df8cdffbf438fda1a,expected_aligned_shape,Qwen/Qwen3.6-35B-A3B-FP8,ok,32,127,5080,1825,0.359251968503937,5080,3766,0.7413385826771653,0,0.0,0.9385099939430648,4767.630769230769,0.9646653543307087,4900.5,Qwen/Qwen3.6-35B-A3B-FP8
needle,40,127,8,40640,same_model,29340,0.7219488188976378,11300,0.2780511811023622,159,True,127,128,32,32,0,"[159, 40, 8]",0,True,32,True,128,159,32,0,0,32,"[128, 40, 8]",1,False,206a7733fbf1a0879666,expected_aligned_shape,Qwen/Qwen3.6-35B-A3B-FP8,ok,32,127,5080,1387,0.27303149606299215,5080,3359,0.6612204724409448,0,0.0,0.9182541736478745,4664.731202131202,0.9527312992125985,4839.875,Qwen/Qwen3.6-35B-A3B-FP8
summarization,40,127,8,40640,same_model,30468,0.7497047244094488,10172,0.2502952755905512,165,True,127,128,38,38,0,"[165, 40, 8]",0,True,38,True,128,165,38,0,0,38,"[128, 40, 8]",1,False,20d8dd0b65d5c0071954,expected_aligned_shape,Qwen/Qwen3.6-35B-A3B-FP8,ok,32,127,5080,1647,0.32421259842519684,5080,3605,0.7096456692913385,0,0.0,0.9295487277377041,4722.107536907537,0.9593503937007875,4873.5,Qwen/Qwen3.6-35B-A3B-FP8
code,40,127,8,40640,same_model,29792,0.7330708661417323,10848,0.2669291338582677,159,True,127,128,32,32,0,"[159, 40, 8]",0,True,32,True,128,159,32,0,0,32,"[128, 40, 8]",1,False,20d92c0200af06bf88d2,expected_aligned_shape,Qwen/Qwen3.6-35B-A3B-FP8,ok,32,127,5080,1491,0.293503937007874,5080,3430,0.6751968503937008,0,0.0,0.9160094105369697,4653.327805527805,0.9498277559055118,4825.125,Qwen/Qwen3.6-35B-A3B-FP8
math_numeric,40,127,8,40640,same_model,21975,0.5407234251968503,18665,0.4592765748031496,159,True,127,128,32,32,0,"[159, 40, 8]",0,True,32,True,128,159,32,0,0,32,"[128, 40, 8]",1,False,21712eb07f5746c62140,expected_aligned_shape,Qwen/Qwen3.6-35B-A3B-FP8,ok,32,127,5080,506,0.09960629921259842,5080,2052,0.40393700787401576,0,0.0,0.8126485850107897,4128.254811854812,0.8799704724409448,4470.25,Qwen/Qwen3.6-35B-A3B-FP8
json_structured,40,127,8,40640,same_model,29529,0.7265994094488188,11111,0.2734005905511811,159,True,127,128,32,32,0,"[159, 40, 8]",0,True,32,True,128,159,32,0,0,32,"[128, 40, 8]",1,False,21a1fd652b8ee4a01436,expected_aligned_shape,Qwen/Qwen3.6-35B-A3B-FP8,ok,32,127,5080,1402,0.27598425196850396,5080,3446,0.6783464566929134,0,0.0,0.9196431390132178,4671.787146187146,0.9532234251968504,4842.375,Qwen/Qwen3.6-35B-A3B-FP8
json_structured,40,127,8,40640,same_model,30997,0.7627214566929134,9643,0.23727854330708661,166,True,127,128,39,39,0,"[166, 40, 8]",0,True,39,True,128,166,39,0,0,39,"[128, 40, 8]",1,False,21aacc5ffd220c26fe28,expected_aligned_shape,Qwen/Qwen3.6-35B-A3B-FP8,ok,32,127,5080,1708,0.3362204724409449,5080,3652,0.7188976377952756,0,0.0,0.9315469657201941,4732.258585858586,0.9605314960629922,4879.5,Qwen/Qwen3.6-35B-A3B-FP8
json_structured,40,127,8,40640,same_model,31649,0.7787647637795275,8991,0.22123523622047245,167,True,127,128,40,40,0,"[167, 40, 8]",0,True,40,True,128,167,40,0,0,40,"[128, 40, 8]",1,False,21ee47798c809fb94dbe,expected_aligned_shape,Qwen/Qwen3.6-35B-A3B-FP8,ok,32,127,5080,1847,0.3635826771653543,5080,3728,0.7338582677165354,0,0.0,0.935731023132598,4753.513597513597,0.962992125984252,4892.0,Qwen/Qwen3.6-35B-A3B-FP8
logs,40,127,8,40640,same_model,29390,0.7231791338582677,11250,0.2768208661417323,159,True,127,128,32,32,0,"[159, 40, 8]",0,True,32,True,128,159,32,0,0,32,"[128, 40, 8]",1,False,22d976a544f1f7482895,expected_aligned_shape,Qwen/Qwen3.6-35B-A3B-FP8,ok,32,127,5080,1443,0.2840551181102362,5080,3331,0.6557086614173229,0,0.0,0.9113863476855603,4629.842646242646,0.9471702755905512,4811.625,Qwen/Qwen3.6-35B-A3B-FP8
short_qa,40,127,8,40640,same_model,31323,0.7707431102362204,9317,0.22925688976377953,166,True,127,128,39,39,0,"[166, 40, 8]",0,True,39,True,128,166,39,0,0,39,"[128, 40, 8]",1,False,232125d1d806b13d8881,expected_aligned_shape,Qwen/Qwen3.6-35B-A3B-FP8,ok,32,127,5080,1739,0.3423228346456693,5080,3726,0.7334645669291339,0,0.0,0.9361005573603999,4755.390831390831,0.9632627952755906,4893.375,Qwen/Qwen3.6-35B-A3B-FP8
low_margin,40,127,8,40640,same_model,30703,0.7554872047244094,9937,0.24451279527559056,167,True,127,128,40,40,0,"[167, 40, 8]",0,True,40,True,128,167,40,0,0,40,"[128, 40, 8]",1,False,2328d7a464c9ea472612,expected_aligned_shape,Qwen/Qwen3.6-35B-A3B-FP8,ok,32,127,5080,1635,0.3218503937007874,5080,3578,0.7043307086614173,0,0.0,0.9292977014236857,4720.832323232324,0.9594734251968504,4874.125,Qwen/Qwen3.6-35B-A3B-FP8
code,40,127,8,40640,same_model,29550,0.7271161417322834,11090,0.27288385826771655,159,True,127,128,32,32,0,"[159, 40, 8]",0,True,32,True,128,159,32,0,0,32,"[128, 40, 8]",1,False,2343bd272f1ca7b3e208,expected_aligned_shape,Qwen/Qwen3.6-35B-A3B-FP8,ok,32,127,5080,1417,0.27893700787401576,5080,3354,0.6602362204724409,0,0.0,0.9142391729005902,4644.334998334998,0.9492372047244094,4822.125,Qwen/Qwen3.6-35B-A3B-FP8
mixed_language,40,127,8,40640,same_model,31394,0.7724901574803149,9246,0.22750984251968503,159,True,127,128,32,32,0,"[159, 40, 8]",0,True,32,True,128,159,32,0,0,32,"[128, 40, 8]",1,False,23457c9343c9fdf0d351,expected_aligned_shape,Qwen/Qwen3.6-35B-A3B-FP8,ok,32,127,5080,1766,0.3476377952755906,5080,3641,0.716732283464567,0,0.0,0.9324390482658199,4736.790365190365,0.9612204724409449,4883.0,Qwen/Qwen3.6-35B-A3B-FP8
short_qa,40,127,8,40640,same_model,31981,0.7869340551181102,8659,0.21306594488188976,159,True,127,128,32,32,0,"[159, 40, 8]",0,True,32,True,128,159,32,0,0,32,"[128, 40, 8]",1,False,235b042d6e2b290a72f0,expected_aligned_shape,Qwen/Qwen3.6-35B-A3B-FP8,ok,32,127,5080,1838,0.36181102362204726,5080,3796,0.747244094488189,0,0.0,0.94068468714138,4778.678210678211,0.9661171259842519,4907.875,Qwen/Qwen3.6-35B-A3B-FP8
low_margin,40,127,8,40640,same_model,31023,0.7633612204724409,9617,0.23663877952755905,166,True,127,128,39,39,0,"[166, 40, 8]",0,True,39,True,128,166,39,0,0,39,"[128, 40, 8]",1,False,239fcde67aa71aae1332,expected_aligned_shape,Qwen/Qwen3.6-35B-A3B-FP8,ok,32,127,5080,1700,0.3346456692913386,5080,3663,0.7210629921259842,0,0.0,0.9329119786600103,4739.192851592851,0.9613681102362205,4883.75,Qwen/Qwen3.6-35B-A3B-FP8
chat,40,127,8,40640,same_model,30005,0.7383120078740157,10635,0.26168799212598426,167,True,127,128,40,40,0,"[167, 40, 8]",0,True,40,True,128,167,40,0,0,40,"[128, 40, 8]",1,False,23d1a4bb74f86f9ae72c,expected_aligned_shape,Qwen/Qwen3.6-35B-A3B-FP8,ok,32,127,5080,1517,0.29862204724409447,5080,3460,0.6811023622047244,0,0.0,0.921669896158085,4682.083072483072,0.9546505905511811,4849.625,Qwen/Qwen3.6-35B-A3B-FP8
json_structured,40,127,8,40640,same_model,31461,0.774138779527559,9179,0.22586122047244095,167,True,127,128,40,40,0,"[167, 40, 8]",0,True,40,True,128,167,40,0,0,40,"[128, 40, 8]",1,False,23db6fb46822445517d0,expected_aligned_shape,Qwen/Qwen3.6-35B-A3B-FP8,ok,32,127,5080,1794,0.3531496062992126,5080,3747,0.7375984251968504,0,0.0,0.9375913587724612,4762.964102564102,0.9642470472440945,4898.375,Qwen/Qwen3.6-35B-A3B-FP8
logs,40,127,8,40640,same_model,30642,0.7539862204724409,9998,0.24601377952755907,159,True,127,128,32,32,0,"[159, 40, 8]",0,True,32,True,128,159,32,0,0,32,"[128, 40, 8]",1,False,24350f673b6706a47238,expected_aligned_shape,Qwen/Qwen3.6-35B-A3B-FP8,ok,32,127,5080,1637,0.32224409448818897,5080,3595,0.7076771653543307,0,0.0,0.9307444523979956,4728.181818181818,0.9604084645669292,4878.875,Qwen/Qwen3.6-35B-A3B-FP8
summarization,40,127,8,40640,same_model,31443,0.7736958661417322,9197,0.22630413385826773,162,True,127,128,35,35,0,"[162, 40, 8]",0,True,35,True,128,162,35,0,0,35,"[128, 40, 8]",1,False,24578ec3333bed79e961,expected_aligned_shape,Qwen/Qwen3.6-35B-A3B-FP8,ok,32,127,5080,1778,0.35,5080,3676,0.7236220472440945,0,0.0,0.9351085659747076,4750.351515151515,0.962992125984252,4892.0,Qwen/Qwen3.6-35B-A3B-FP8
short_qa,40,127,8,40640,same_model,32351,0.7960383858267717,8289,0.20396161417322833,159,True,127,128,32,32,0,"[159, 40, 8]",0,True,32,True,128,159,32,0,0,32,"[128, 40, 8]",1,False,2469459cad19a519e761,expected_aligned_shape,Qwen/Qwen3.6-35B-A3B-FP8,ok,32,127,5080,1954,0.3846456692913386,5080,3850,0.7578740157480315,0,0.0,0.9429622695764429,4790.248329448329,0.9673228346456693,4914.0,Qwen/Qwen3.6-35B-A3B-FP8
math_numeric,40,127,8,40640,same_model,22360,0.5501968503937008,18280,0.4498031496062992,159,True,127,128,32,32,0,"[159, 40, 8]",0,True,32,True,128,159,32,0,0,32,"[128, 40, 8]",1,False,253a58836fc704d92279,expected_aligned_shape,Qwen/Qwen3.6-35B-A3B-FP8,ok,32,127,5080,497,0.09783464566929134,5080,2119,0.4171259842519685,0,0.0,0.8299154257815674,4215.970362970363,0.8942913385826772,4543.0,Qwen/Qwen3.6-35B-A3B-FP8
chat,40,127,8,40640,same_model,30703,0.7554872047244094,9937,0.24451279527559056,159,True,127,128,32,32,0,"[159, 40, 8]",0,True,32,True,128,159,32,0,0,32,"[128, 40, 8]",1,False,256c6dfa4f67e397387e,expected_aligned_shape,Qwen/Qwen3.6-35B-A3B-FP8,ok,32,127,5080,1673,0.32933070866141734,5080,3645,0.71751968503937,0,0.0,0.9318245446591903,4733.668686868687,0.9608267716535434,4881.0,Qwen/Qwen3.6-35B-A3B-FP8
short_qa,40,127,8,40640,same_model,30497,0.7504183070866142,10143,0.24958169291338583,159,True,127,128,32,32,0,"[159, 40, 8]",0,True,32,True,128,159,32,0,0,32,"[128, 40, 8]",1,False,2622626bdd86b8db128d,expected_aligned_shape,Qwen/Qwen3.6-35B-A3B-FP8,ok,32,127,5080,1578,0.3106299212598425,5080,3590,0.7066929133858267,0,0.0,0.9294159034316514,4721.43278943279,0.9594242125984253,4873.875,Qwen/Qwen3.6-35B-A3B-FP8
short_qa,40,127,8,40640,same_model,30887,0.7600147637795276,9753,0.23998523622047244,166,True,127,128,39,39,0,"[166, 40, 8]",0,True,39,True,128,166,39,0,0,39,"[128, 40, 8]",1,False,262796788153eff2f6cd,expected_aligned_shape,Qwen/Qwen3.6-35B-A3B-FP8,ok,32,127,5080,1693,0.3332677165354331,5080,3683,0.725,0,0.0,0.9336098110113857,4742.73783993784,0.961761811023622,4885.75,Qwen/Qwen3.6-35B-A3B-FP8
summarization,40,127,8,40640,same_model,29656,0.7297244094488189,10984,0.2702755905511811,159,True,127,128,32,32,0,"[159, 40, 8]",0,True,32,True,128,159,32,0,0,32,"[128, 40, 8]",1,False,263423e917e7d58ee86c,expected_aligned_shape,Qwen/Qwen3.6-35B-A3B-FP8,ok,32,127,5080,1438,0.28307086614173227,5080,3444,0.6779527559055119,0,0.0,0.9202126132834794,4674.680075480075,0.9535925196850393,4844.25,Qwen/Qwen3.6-35B-A3B-FP8
summarization,40,127,8,40640,same_model,31090,0.7650098425196851,9550,0.23499015748031496,167,True,127,128,40,40,0,"[167, 40, 8]",0,True,40,True,128,167,40,0,0,40,"[128, 40, 8]",1,False,263d0333a4f3da4051e5,expected_aligned_shape,Qwen/Qwen3.6-35B-A3B-FP8,ok,32,127,5080,1741,0.34271653543307085,5080,3655,0.719488188976378,0,0.0,0.9318585788664527,4733.841580641581,0.9604822834645669,4879.25,Qwen/Qwen3.6-35B-A3B-FP8
chat,40,127,8,40640,same_model,30452,0.7493110236220473,10188,0.25068897637795273,159,True,127,128,32,32,0,"[159, 40, 8]",0,True,32,True,128,159,32,0,0,32,"[128, 40, 8]",1,False,270d313aa3200ac96ec3,expected_aligned_shape,Qwen/Qwen3.6-35B-A3B-FP8,ok,32,127,5080,1594,0.31377952755905514,5080,3493,0.6875984251968504,0,0.0,0.9238715527691906,4693.267488067488,0.9559547244094488,4856.25,Qwen/Qwen3.6-35B-A3B-FP8
logs,40,127,8,40640,same_model,29924,0.7363188976377952,10716,0.2636811023622047,159,True,127,128,32,32,0,"[159, 40, 8]",0,True,32,True,128,159,32,0,0,32,"[128, 40, 8]",1,False,27c4d24f22e4a0ff0c38,expected_aligned_shape,Qwen/Qwen3.6-35B-A3B-FP8,ok,32,127,5080,1453,0.2860236220472441,5080,3506,0.6901574803149606,0,0.0,0.9260499605381494,4704.3337995338,0.9576033464566929,4864.625,Qwen/Qwen3.6-35B-A3B-FP8
summarization,40,127,8,40640,same_model,31402,0.7726870078740158,9238,0.22731299212598424,163,True,127,128,36,36,0,"[163, 40, 8]",0,True,36,True,128,163,36,0,0,36,"[128, 40, 8]",1,False,27cfd27b6f7be852ce3e,expected_aligned_shape,Qwen/Qwen3.6-35B-A3B-FP8,ok,32,127,5080,1788,0.35196850393700785,5080,3650,0.718503937007874,0,0.0,0.932273308493781,4735.948407148408,0.9610728346456693,4882.25,Qwen/Qwen3.6-35B-A3B-FP8
summarization,40,127,8,40640,same_model,32016,0.7877952755905512,8624,0.21220472440944882,167,True,127,128,40,40,0,"[167, 40, 8]",0,True,40,True,128,167,40,0,0,40,"[128, 40, 8]",1,False,283563fec936c7c1a5c4,expected_aligned_shape,Qwen/Qwen3.6-35B-A3B-FP8,ok,32,127,5080,1910,0.37598425196850394,5080,3782,0.7444881889763779,0,0.0,0.9388594607492247,4769.40606060606,0.9649360236220472,4901.875,Qwen/Qwen3.6-35B-A3B-FP8
low_margin,40,127,8,40640,same_model,31343,0.7712352362204724,9297,0.22876476377952756,167,True,127,128,40,40,0,"[167, 40, 8]",0,True,40,True,128,167,40,0,0,40,"[128, 40, 8]",1,False,2875b005621c9a1ca52b,expected_aligned_shape,Qwen/Qwen3.6-35B-A3B-FP8,ok,32,127,5080,1794,0.3531496062992126,5080,3702,0.728740157480315,0,0.0,0.9353547764571388,4751.602264402264,0.9628198818897638,4891.125,Qwen/Qwen3.6-35B-A3B-FP8
chat,40,127,8,40640,same_model,30323,0.7461368110236221,10317,0.25386318897637794,159,True,127,128,32,32,0,"[159, 40, 8]",0,True,32,True,128,159,32,0,0,32,"[128, 40, 8]",1,False,296354faad4c255cfd2d,expected_aligned_shape,Qwen/Qwen3.6-35B-A3B-FP8,ok,32,127,5080,1569,0.3088582677165354,5080,3512,0.6913385826771653,0,0.0,0.9257838224767357,4702.981818181818,0.9573818897637796,4863.5,Qwen/Qwen3.6-35B-A3B-FP8
code,40,127,8,40640,same_model,30929,0.7610482283464567,9711,0.2389517716535433,159,True,127,128,32,32,0,"[159, 40, 8]",0,True,32,True,128,159,32,0,0,32,"[128, 40, 8]",1,False,29969beda4473edae4db,expected_aligned_shape,Qwen/Qwen3.6-35B-A3B-FP8,ok,32,127,5080,1752,0.34488188976377954,5080,3592,0.7070866141732284,0,0.0,0.9247334686311064,4697.646020646021,0.955142716535433,4852.125,Qwen/Qwen3.6-35B-A3B-FP8
needle,40,127,8,40640,same_model,28980,0.7130905511811023,11660,0.2869094488188976,159,True,127,128,32,32,0,"[159, 40, 8]",0,True,32,True,128,159,32,0,0,32,"[128, 40, 8]",1,False,29df90da31edeb076100,expected_aligned_shape,Qwen/Qwen3.6-35B-A3B-FP8,ok,32,127,5080,1365,0.2687007874015748,5080,3300,0.6496062992125984,0,0.0,0.9102755730708486,4624.199911199911,0.9471948818897638,4811.75,Qwen/Qwen3.6-35B-A3B-FP8
code,40,127,8,40640,same_model,30181,0.7426427165354331,10459,0.25735728346456693,165,True,127,128,38,38,0,"[165, 40, 8]",0,True,38,True,128,165,38,0,0,38,"[128, 40, 8]",1,False,29f2b9019a91ff75122a,expected_aligned_shape,Qwen/Qwen3.6-35B-A3B-FP8,ok,32,127,5080,1551,0.30531496062992125,5080,3557,0.7001968503937008,0,0.0,0.9256906435646592,4702.508469308469,0.9563238188976378,4858.125,Qwen/Qwen3.6-35B-A3B-FP8
short_qa,40,127,8,40640,same_model,31237,0.768626968503937,9403,0.231373031496063,166,True,127,128,39,39,0,"[166, 40, 8]",0,True,39,True,128,166,39,0,0,39,"[128, 40, 8]",1,False,2a0da392f97bc56387a1,expected_aligned_shape,Qwen/Qwen3.6-35B-A3B-FP8,ok,32,127,5080,1725,0.3395669291338583,5080,3703,0.7289370078740157,0,0.0,0.9360897282944526,4755.335819735819,0.9634596456692913,4894.375,Qwen/Qwen3.6-35B-A3B-FP8
mixed_language,40,85,8,27200,same_model,21519,0.7911397058823529,5681,0.20886029411764706,117,True,85,86,32,32,0,"[117, 40, 8]",0,True,32,True,86,117,32,0,0,32,"[86, 40, 8]",1,False,2a4cb26fc9d198381d7c,expected_aligned_shape,Qwen/Qwen3.6-35B-A3B-FP8,ok,32,85,3400,1267,0.3726470588235294,3400,2555,0.7514705882352941,0,0.0,0.942846108140226,3205.6767676767677,0.9675735294117647,3289.75,Qwen/Qwen3.6-35B-A3B-FP8
math_numeric,40,127,8,40640,same_model,20102,0.4946358267716535,20538,0.5053641732283465,159,True,127,128,32,32,0,"[159, 40, 8]",0,True,32,True,128,159,32,0,0,32,"[128, 40, 8]",1,False,2a8e0c56729920028938,expected_aligned_shape,Qwen/Qwen3.6-35B-A3B-FP8,ok,32,127,5080,382,0.07519685039370079,5080,1785,0.3513779527559055,0,0.0,0.7863570025774749,3994.693573093573,0.8611712598425196,4374.75,Qwen/Qwen3.6-35B-A3B-FP8
code,40,127,8,40640,same_model,31175,0.7671013779527559,9465,0.2328986220472441,159,True,127,128,32,32,0,"[159, 40, 8]",0,True,32,True,128,159,32,0,0,32,"[128, 40, 8]",1,False,2a90d069c00b6726d1c9,expected_aligned_shape,Qwen/Qwen3.6-35B-A3B-FP8,ok,32,127,5080,1741,0.34271653543307085,5080,3601,0.7088582677165355,0,0.0,0.9279515191719917,4713.993717393718,0.9578494094488189,4865.875,Qwen/Qwen3.6-35B-A3B-FP8
low_margin,40,127,8,40640,same_model,29790,0.7330216535433071,10850,0.26697834645669294,167,True,127,128,40,40,0,"[167, 40, 8]",0,True,40,True,128,167,40,0,0,40,"[128, 40, 8]",1,False,2af65a7c16bf4ea4f9d6,expected_aligned_shape,Qwen/Qwen3.6-35B-A3B-FP8,ok,32,127,5080,1458,0.287007874015748,5080,3397,0.6687007874015748,0,0.0,0.9197733237890717,4672.448484848484,0.953863188976378,4845.625,Qwen/Qwen3.6-35B-A3B-FP8
math_numeric,40,127,8,40640,same_model,30532,0.7512795275590551,10108,0.2487204724409449,159,True,127,128,32,32,0,"[159, 40, 8]",0,True,32,True,128,159,32,0,0,32,"[128, 40, 8]",1,False,2b115a45164b6f052a85,expected_aligned_shape,Qwen/Qwen3.6-35B-A3B-FP8,ok,32,127,5080,1631,0.32106299212598427,5080,3568,0.7023622047244095,0,0.0,0.9259948319397139,4704.053746253746,0.9566929133858267,4860.0,Qwen/Qwen3.6-35B-A3B-FP8
summarization,40,127,8,40640,same_model,32012,0.7876968503937007,8628,0.2123031496062992,167,True,127,128,40,40,0,"[167, 40, 8]",0,True,40,True,128,167,40,0,0,40,"[128, 40, 8]",1,False,2b3f6fc832e4ed6e419e,expected_aligned_shape,Qwen/Qwen3.6-35B-A3B-FP8,ok,32,127,5080,1885,0.37106299212598426,5080,3786,0.7452755905511811,0,0.0,0.9393610239279531,4771.9540015540015,0.9652312992125984,4903.375,Qwen/Qwen3.6-35B-A3B-FP8
summarization,40,127,8,40640,same_model,31006,0.7629429133858268,9634,0.23705708661417324,167,True,127,128,40,40,0,"[167, 40, 8]",0,True,40,True,128,167,40,0,0,40,"[128, 40, 8]",1,False,2ba6021a91efc5816cf2,expected_aligned_shape,Qwen/Qwen3.6-35B-A3B-FP8,ok,32,127,5080,1676,0.3299212598425197,5080,3560,0.7007874015748031,0,0.0,0.9281395419978096,4714.948873348873,0.9586368110236221,4869.875,Qwen/Qwen3.6-35B-A3B-FP8
needle,40,127,8,40640,same_model,28050,0.6902066929133859,12590,0.3097933070866142,159,True,127,128,32,32,0,"[159, 40, 8]",0,True,32,True,128,159,32,0,0,32,"[128, 40, 8]",1,False,2c18391176e2ce6188a6,expected_aligned_shape,Qwen/Qwen3.6-35B-A3B-FP8,ok,32,127,5080,1180,0.23228346456692914,5080,3173,0.6246062992125985,0,0.0,0.9038995038207637,4591.8094794094795,0.9437746062992126,4794.375,Qwen/Qwen3.6-35B-A3B-FP8
mixed_language,40,127,8,40640,same_model,30321,0.7460875984251969,10319,0.25391240157480316,159,True,127,128,32,32,0,"[159, 40, 8]",0,True,32,True,128,159,32,0,0,32,"[128, 40, 8]",1,False,2c58121ecdf0c3b65467,expected_aligned_shape,Qwen/Qwen3.6-35B-A3B-FP8,ok,32,127,5080,1558,0.30669291338582677,5080,3527,0.6942913385826772,0,0.0,0.9248631770679017,4698.304939504939,0.956496062992126,4859.0,Qwen/Qwen3.6-35B-A3B-FP8
chat,40,127,8,40640,same_model,30294,0.7454232283464567,10346,0.2545767716535433,167,True,127,128,40,40,0,"[167, 40, 8]",0,True,40,True,128,167,40,0,0,40,"[128, 40, 8]",1,False,2cf1f67a6d6a938d71e4,expected_aligned_shape,Qwen/Qwen3.6-35B-A3B-FP8,ok,32,127,5080,1597,0.3143700787401575,5080,3558,0.7003937007874016,0,0.0,0.9269705622461528,4709.010456210456,0.9578248031496063,4865.75,Qwen/Qwen3.6-35B-A3B-FP8
json_structured,40,127,8,40640,same_model,28274,0.6957185039370078,12366,0.30428149606299215,159,True,127,128,32,32,0,"[159, 40, 8]",0,True,32,True,128,159,32,0,0,32,"[128, 40, 8]",1,False,2d0d2ba850c9b5fccf0e,expected_aligned_shape,Qwen/Qwen3.6-35B-A3B-FP8,ok,32,127,5080,1284,0.25275590551181104,5080,3190,0.6279527559055118,0,0.0,0.8964075163681463,4553.750183150183,0.9354084645669292,4751.875,Qwen/Qwen3.6-35B-A3B-FP8
json_structured,40,127,8,40640,same_model,29908,0.7359251968503937,10732,0.2640748031496063,159,True,127,128,32,32,0,"[159, 40, 8]",0,True,32,True,128,159,32,0,0,32,"[128, 40, 8]",1,False,2d0ef85729f78017baca,expected_aligned_shape,Qwen/Qwen3.6-35B-A3B-FP8,ok,32,127,5080,1483,0.29192913385826774,5080,3479,0.6848425196850394,0,0.0,0.9232423132423132,4690.070951270951,0.9555856299212598,4854.375,Qwen/Qwen3.6-35B-A3B-FP8
chat,40,127,8,40640,same_model,30009,0.7384104330708662,10631,0.2615895669291339,159,True,127,128,32,32,0,"[159, 40, 8]",0,True,32,True,128,159,32,0,0,32,"[128, 40, 8]",1,False,2d5b0dcf6053736ddef2,expected_aligned_shape,Qwen/Qwen3.6-35B-A3B-FP8,ok,32,127,5080,1491,0.293503937007874,5080,3486,0.6862204724409449,0,0.0,0.9244006562116799,4695.955333555334,0.9564222440944882,4858.625,Qwen/Qwen3.6-35B-A3B-FP8
code,40,127,8,40640,same_model,29966,0.7373523622047244,10674,0.2626476377952756,159,True,127,128,32,32,0,"[159, 40, 8]",0,True,32,True,128,159,32,0,0,32,"[128, 40, 8]",1,False,2d69d60265232caf677f,expected_aligned_shape,Qwen/Qwen3.6-35B-A3B-FP8,ok,32,127,5080,1474,0.29015748031496064,5080,3476,0.684251968503937,0,0.0,0.9230843871788754,4689.268686868687,0.9556840551181103,4854.875,Qwen/Qwen3.6-35B-A3B-FP8
chat,40,127,8,40640,same_model,30180,0.7426181102362205,10460,0.2573818897637795,159,True,127,128,32,32,0,"[159, 40, 8]",0,True,32,True,128,159,32,0,0,32,"[128, 40, 8]",1,False,2dd24a1c8445c2fab792,expected_aligned_shape,Qwen/Qwen3.6-35B-A3B-FP8,ok,32,127,5080,1567,0.3084645669291339,5080,3468,0.6826771653543308,0,0.0,0.9236840849439274,4692.315151515151,0.9561023622047244,4857.0,Qwen/Qwen3.6-35B-A3B-FP8
math_numeric,40,127,8,40640,same_model,29799,0.7332431102362205,10841,0.26675688976377954,159,True,127,128,32,32,0,"[159, 40, 8]",0,True,32,True,128,159,32,0,0,32,"[128, 40, 8]",1,False,2dd89ff7a506dbb6344a,expected_aligned_shape,Qwen/Qwen3.6-35B-A3B-FP8,ok,32,127,5080,1424,0.2803149606299213,5080,3322,0.6539370078740158,0,0.0,0.9175062557739722,4660.93177933178,0.9527066929133858,4839.75,Qwen/Qwen3.6-35B-A3B-FP8
logs,40,119,8,38080,same_model,30472,0.8002100840336135,7608,0.19978991596638657,151,True,119,120,32,32,0,"[151, 40, 8]",0,True,32,True,120,151,32,0,0,32,"[120, 40, 8]",1,False,2de2e2e7087b0e6e04f9,expected_aligned_shape,Qwen/Qwen3.6-35B-A3B-FP8,ok,32,119,4760,1881,0.39516806722689074,4760,3706,0.7785714285714286,0,0.0,0.948723769227971,4515.925141525142,0.9707457983193277,4620.75,Qwen/Qwen3.6-35B-A3B-FP8
needle,40,127,8,40640,same_model,29297,0.7208907480314961,11343,0.27910925196850395,159,True,127,128,32,32,0,"[159, 40, 8]",0,True,32,True,128,159,32,0,0,32,"[128, 40, 8]",1,False,2e7575899bd304d2d2aa,expected_aligned_shape,Qwen/Qwen3.6-35B-A3B-FP8,ok,32,127,5080,1384,0.27244094488188975,5080,3385,0.6663385826771654,0,0.0,0.9182474830506328,4664.697213897214,0.9527066929133858,4839.75,Qwen/Qwen3.6-35B-A3B-FP8
low_margin,40,127,8,40640,same_model,31300,0.7701771653543307,9340,0.2298228346456693,166,True,127,128,39,39,0,"[166, 40, 8]",0,True,39,True,128,166,39,0,0,39,"[128, 40, 8]",1,False,2ec53ea436b55402e7f9,expected_aligned_shape,Qwen/Qwen3.6-35B-A3B-FP8,ok,32,127,5080,1714,0.3374015748031496,5080,3712,0.7307086614173228,0,0.0,0.9362220631511969,4756.008080808081,0.9635088582677165,4894.625,Qwen/Qwen3.6-35B-A3B-FP8
code,40,127,8,40640,same_model,31704,0.7801181102362205,8936,0.21988188976377954,166,True,127,128,39,39,0,"[166, 40, 8]",0,True,39,True,128,166,39,0,0,39,"[128, 40, 8]",1,False,2ed770e69773a3d4a410,expected_aligned_shape,Qwen/Qwen3.6-35B-A3B-FP8,ok,32,127,5080,1819,0.3580708661417323,5080,3703,0.7289370078740157,0,0.0,0.9335822794877913,4742.59797979798,0.9615895669291339,4884.875,Qwen/Qwen3.6-35B-A3B-FP8
json_structured,40,127,8,40640,same_model,31434,0.7734744094488188,9206,0.2265255905511811,167,True,127,128,40,40,0,"[167, 40, 8]",0,True,40,True,128,167,40,0,0,40,"[128, 40, 8]",1,False,2efd61031f1c6cdea6a8,expected_aligned_shape,Qwen/Qwen3.6-35B-A3B-FP8,ok,32,127,5080,1798,0.3539370078740158,5080,3718,0.7318897637795275,0,0.0,0.9358466555316948,4754.10101010101,0.9632135826771654,4893.125,Qwen/Qwen3.6-35B-A3B-FP8
chat,40,127,8,40640,same_model,29880,0.735236220472441,10760,0.26476377952755903,167,True,127,128,40,40,0,"[167, 40, 8]",0,True,40,True,128,167,40,0,0,40,"[128, 40, 8]",1,False,2f2a6f799f8866a2a2c5,expected_aligned_shape,Qwen/Qwen3.6-35B-A3B-FP8,ok,32,127,5080,1500,0.2952755905511811,5080,3465,0.6820866141732284,0,0.0,0.9193678893285191,4670.388877788878,0.952632874015748,4839.375,Qwen/Qwen3.6-35B-A3B-FP8
short_qa,40,127,8,40640,same_model,29788,0.7329724409448819,10852,0.2670275590551181,159,True,127,128,32,32,0,"[159, 40, 8]",0,True,32,True,128,159,32,0,0,32,"[128, 40, 8]",1,False,2faff12ca5d596e9d497,expected_aligned_shape,Qwen/Qwen3.6-35B-A3B-FP8,ok,32,127,5080,1451,0.28562992125984255,5080,3468,0.6826771653543308,0,0.0,0.9206498969097395,4676.901476301477,0.9535925196850393,4844.25,Qwen/Qwen3.6-35B-A3B-FP8
mixed_language,40,127,8,40640,same_model,30024,0.7387795275590551,10616,0.2612204724409449,159,True,127,128,32,32,0,"[159, 40, 8]",0,True,32,True,128,159,32,0,0,32,"[128, 40, 8]",1,False,3006b46ed5b9b78a3d4d,expected_aligned_shape,Qwen/Qwen3.6-35B-A3B-FP8,ok,32,127,5080,1540,0.3031496062992126,5080,3511,0.6911417322834645,0,0.0,0.922536527339677,4686.485558885559,0.9547982283464567,4850.375,Qwen/Qwen3.6-35B-A3B-FP8
logs,40,127,8,40640,same_model,32337,0.7956938976377953,8303,0.20430610236220473,159,True,127,128,32,32,0,"[159, 40, 8]",0,True,32,True,128,159,32,0,0,32,"[128, 40, 8]",1,False,305cfdff6df3b5b4115f,expected_aligned_shape,Qwen/Qwen3.6-35B-A3B-FP8,ok,32,127,5080,2008,0.3952755905511811,5080,3906,0.7688976377952756,0,0.0,0.9462785333651474,4807.094949494949,0.9694143700787402,4924.625,Qwen/Qwen3.6-35B-A3B-FP8
logs,40,127,8,40640,same_model,31354,0.771505905511811,9286,0.22849409448818897,159,True,127,128,32,32,0,"[159, 40, 8]",0,True,32,True,128,159,32,0,0,32,"[128, 40, 8]",1,False,306d63201cc2d78c630e,expected_aligned_shape,Qwen/Qwen3.6-35B-A3B-FP8,ok,32,127,5080,1764,0.347244094488189,5080,3696,0.7275590551181103,0,0.0,0.9357824153099744,4753.77466977467,0.9632627952755906,4893.375,Qwen/Qwen3.6-35B-A3B-FP8
summarization,40,127,8,40640,same_model,29883,0.7353100393700788,10757,0.2646899606299213,163,True,127,128,36,36,0,"[163, 40, 8]",0,True,36,True,128,163,36,0,0,36,"[128, 40, 8]",1,False,307fa84fbecadb909d8f,expected_aligned_shape,Qwen/Qwen3.6-35B-A3B-FP8,ok,32,127,5080,1502,0.29566929133858266,5080,3403,0.6698818897637795,0,0.0,0.9168869494460045,4657.785703185703,0.9506397637795275,4829.25,Qwen/Qwen3.6-35B-A3B-FP8
chat,40,127,8,40640,same_model,29479,0.725369094488189,11161,0.274630905511811,159,True,127,128,32,32,0,"[159, 40, 8]",0,True,32,True,128,159,32,0,0,32,"[128, 40, 8]",1,False,31a45aa7d5d2d392ef89,expected_aligned_shape,Qwen/Qwen3.6-35B-A3B-FP8,ok,32,127,5080,1424,0.2803149606299213,5080,3431,0.6753937007874016,0,0.0,0.9158885384082233,4652.713775113775,0.9496555118110236,4824.25,Qwen/Qwen3.6-35B-A3B-FP8
logs,40,127,8,40640,same_model,28919,0.7115895669291339,11721,0.28841043307086617,159,True,127,128,32,32,0,"[159, 40, 8]",0,True,32,True,128,159,32,0,0,32,"[128, 40, 8]",1,False,31c3478fb78674e3cd4e,expected_aligned_shape,Qwen/Qwen3.6-35B-A3B-FP8,ok,32,127,5080,1392,0.2740157480314961,5080,3333,0.6561023622047244,0,0.0,0.9113377873220393,4629.595959595959,0.9474655511811023,4813.125,Qwen/Qwen3.6-35B-A3B-FP8
short_qa,40,127,8,40640,same_model,31814,0.7828248031496063,8826,0.2171751968503937,159,True,127,128,32,32,0,"[159, 40, 8]",0,True,32,True,128,159,32,0,0,32,"[128, 40, 8]",1,False,31fee49419bc1edfcbd2,expected_aligned_shape,Qwen/Qwen3.6-35B-A3B-FP8,ok,32,127,5080,1873,0.3687007874015748,5080,3863,0.7604330708661418,0,0.0,0.9415689079074906,4783.170052170052,0.9660433070866141,4907.5,Qwen/Qwen3.6-35B-A3B-FP8
logs,40,127,8,40640,same_model,30388,0.7477362204724409,10252,0.2522637795275591,159,True,127,128,32,32,0,"[159, 40, 8]",0,True,32,True,128,159,32,0,0,32,"[128, 40, 8]",1,False,3290320c83683f6d462b,expected_aligned_shape,Qwen/Qwen3.6-35B-A3B-FP8,ok,32,127,5080,1578,0.3106299212598425,5080,3549,0.6986220472440945,0,0.0,0.9286049471088842,4717.313131313132,0.9591781496062992,4872.625,Qwen/Qwen3.6-35B-A3B-FP8
code,40,127,8,40640,same_model,30426,0.7486712598425197,10214,0.2513287401574803,159,True,127,128,32,32,0,"[159, 40, 8]",0,True,32,True,128,159,32,0,0,32,"[128, 40, 8]",1,False,32e043e23176d4c3411d,expected_aligned_shape,Qwen/Qwen3.6-35B-A3B-FP8,ok,32,127,5080,1575,0.31003937007874016,5080,3559,0.7005905511811024,0,0.0,0.9274028596075841,4711.206526806527,0.9581446850393701,4867.375,Qwen/Qwen3.6-35B-A3B-FP8
json_structured,40,127,8,40640,same_model,30078,0.7401082677165355,10562,0.25989173228346457,159,True,127,128,32,32,0,"[159, 40, 8]",0,True,32,True,128,159,32,0,0,32,"[128, 40, 8]",1,False,32f5ee73857974fea523,expected_aligned_shape,Qwen/Qwen3.6-35B-A3B-FP8,ok,32,127,5080,1529,0.3009842519685039,5080,3523,0.693503937007874,0,0.0,0.9274962220631512,4711.680808080808,0.9585629921259843,4869.5,Qwen/Qwen3.6-35B-A3B-FP8
summarization,40,127,8,40640,same_model,31196,0.7676181102362205,9444,0.23238188976377952,163,True,127,128,36,36,0,"[163, 40, 8]",0,True,36,True,128,163,36,0,0,36,"[128, 40, 8]",1,False,3340908de9f496cba0e2,expected_aligned_shape,Qwen/Qwen3.6-35B-A3B-FP8,ok,32,127,5080,1736,0.3417322834645669,5080,3684,0.7251968503937007,0,0.0,0.9346329436093215,4747.935353535354,0.9625738188976378,4889.875,Qwen/Qwen3.6-35B-A3B-FP8
summarization,40,127,8,40640,same_model,30286,0.7452263779527559,10354,0.2547736220472441,163,True,127,128,36,36,0,"[163, 40, 8]",0,True,36,True,128,163,36,0,0,36,"[128, 40, 8]",1,False,342272d1ab1e6d044aac,expected_aligned_shape,Qwen/Qwen3.6-35B-A3B-FP8,ok,32,127,5080,1609,0.31673228346456694,5080,3483,0.6856299212598426,0,0.0,0.9234914953812591,4691.336796536796,0.9559055118110236,4856.0,Qwen/Qwen3.6-35B-A3B-FP8
chat,40,127,8,40640,same_model,27864,0.6856299212598426,12776,0.3143700787401575,159,True,127,128,32,32,0,"[159, 40, 8]",0,True,32,True,128,159,32,0,0,32,"[128, 40, 8]",1,False,348585452bc0a6e12b3a,expected_aligned_shape,Qwen/Qwen3.6-35B-A3B-FP8,ok,32,127,5080,1248,0.24566929133858267,5080,3078,0.6059055118110236,0,0.0,0.8981274019069294,4562.487201687201,0.939886811023622,4774.625,Qwen/Qwen3.6-35B-A3B-FP8
summarization,40,127,8,40640,same_model,31629,0.7782726377952756,9011,0.22172736220472442,167,True,127,128,40,40,0,"[167, 40, 8]",0,True,40,True,128,167,40,0,0,40,"[128, 40, 8]",1,False,349a8e46aff51f574f44,expected_aligned_shape,Qwen/Qwen3.6-35B-A3B-FP8,ok,32,127,5080,1822,0.35866141732283463,5080,3720,0.7322834645669292,0,0.0,0.9355206997726682,4752.445154845155,0.962746062992126,4890.75,Qwen/Qwen3.6-35B-A3B-FP8
logs,40,127,8,40640,same_model,32228,0.7930118110236221,8412,0.20698818897637794,159,True,127,128,32,32,0,"[159, 40, 8]",0,True,32,True,128,159,32,0,0,32,"[128, 40, 8]",1,False,34c0e905650e348632f9,expected_aligned_shape,Qwen/Qwen3.6-35B-A3B-FP8,ok,32,127,5080,1922,0.3783464566929134,5080,3889,0.7655511811023622,0,0.0,0.9443652847589856,4797.375646575647,0.9680364173228346,4917.625,Qwen/Qwen3.6-35B-A3B-FP8
short_qa,40,127,8,40640,same_model,30247,0.7442667322834645,10393,0.25573326771653543,159,True,127,128,32,32,0,"[159, 40, 8]",0,True,32,True,128,159,32,0,0,32,"[128, 40, 8]",1,False,34dfad8ce9c74861ca07,expected_aligned_shape,Qwen/Qwen3.6-35B-A3B-FP8,ok,32,127,5080,1597,0.3143700787401575,5080,3470,0.6830708661417323,0,0.0,0.9226935619061604,4687.283294483294,0.9553641732283464,4853.25,Qwen/Qwen3.6-35B-A3B-FP8
json_structured,40,127,8,40640,same_model,31064,0.7643700787401575,9576,0.23562992125984253,167,True,127,128,40,40,0,"[167, 40, 8]",0,True,40,True,128,167,40,0,0,40,"[128, 40, 8]",1,False,35047c6ea526d7ce48ba,expected_aligned_shape,Qwen/Qwen3.6-35B-A3B-FP8,ok,32,127,5080,1685,0.3316929133858268,5080,3662,0.7208661417322835,0,0.0,0.9313484022539139,4731.249883449884,0.9598425196850394,4876.0,Qwen/Qwen3.6-35B-A3B-FP8
short_qa,40,127,8,40640,same_model,31928,0.7856299212598425,8712,0.21437007874015748,159,True,127,128,32,32,0,"[159, 40, 8]",0,True,32,True,128,159,32,0,0,32,"[128, 40, 8]",1,False,3532be8afd12073281c9,expected_aligned_shape,Qwen/Qwen3.6-35B-A3B-FP8,ok,32,127,5080,1882,0.3704724409448819,5080,3848,0.75748031496063,0,0.0,0.9431925554760201,4791.418181818181,0.9676181102362205,4915.5,Qwen/Qwen3.6-35B-A3B-FP8
mixed_language,40,96,8,30720,same_model,24086,0.7840494791666667,6634,0.21595052083333333,128,True,96,97,32,32,0,"[128, 40, 8]",0,True,32,True,97,128,32,0,0,32,"[97, 40, 8]",1,False,35800655e45bb8995456,expected_aligned_shape,Qwen/Qwen3.6-35B-A3B-FP8,ok,32,96,3840,1401,0.36484375,3840,2855,0.7434895833333334,0,0.0,0.9409227693602695,3613.1434343434344,0.9664713541666666,3711.25,Qwen/Qwen3.6-35B-A3B-FP8
chat,40,127,8,40640,same_model,30038,0.7391240157480315,10602,0.2608759842519685,159,True,127,128,32,32,0,"[159, 40, 8]",0,True,32,True,128,159,32,0,0,32,"[128, 40, 8]",1,False,35b365ba73f78ef0c33d,expected_aligned_shape,Qwen/Qwen3.6-35B-A3B-FP8,ok,32,127,5080,1555,0.3061023622047244,5080,3485,0.6860236220472441,0,0.0,0.9208257665344279,4677.794893994894,0.953371062992126,4843.125,Qwen/Qwen3.6-35B-A3B-FP8
mixed_language,40,80,8,25600,same_model,20196,0.78890625,5404,0.21109375,112,True,80,81,32,32,0,"[112, 40, 8]",0,True,32,True,81,112,32,0,0,32,"[81, 40, 8]",1,False,35e01e8dc621b92d0cdb,expected_aligned_shape,Qwen/Qwen3.6-35B-A3B-FP8,ok,32,80,3200,1222,0.381875,3200,2419,0.7559375,0,0.0,0.9414769327894328,3012.726184926185,0.9661328125,3091.625,Qwen/Qwen3.6-35B-A3B-FP8
needle,40,127,8,40640,same_model,29339,0.7219242125984252,11301,0.2780757874015748,159,True,127,128,32,32,0,"[159, 40, 8]",0,True,32,True,128,159,32,0,0,32,"[128, 40, 8]",1,False,36ec9c4c79cdab731b82,expected_aligned_shape,Qwen/Qwen3.6-35B-A3B-FP8,ok,32,127,5080,1395,0.27460629921259844,5080,3351,0.6596456692913386,0,0.0,0.9155829996774879,4651.161638361638,0.9505905511811024,4829.0,Qwen/Qwen3.6-35B-A3B-FP8
low_margin,40,127,8,40640,same_model,30155,0.7420029527559056,10485,0.2579970472440945,166,True,127,128,39,39,0,"[166, 40, 8]",0,True,39,True,128,166,39,0,0,39,"[128, 40, 8]",1,False,370a59b5425e02e1f2b0,expected_aligned_shape,Qwen/Qwen3.6-35B-A3B-FP8,ok,32,127,5080,1504,0.29606299212598425,5080,3516,0.6921259842519685,0,0.0,0.9259534166620781,4703.843356643357,0.9573818897637796,4863.5,Qwen/Qwen3.6-35B-A3B-FP8
low_margin,40,127,8,40640,same_model,28989,0.7133120078740157,11651,0.2866879921259842,167,True,127,128,40,40,0,"[167, 40, 8]",0,True,40,True,128,167,40,0,0,40,"[128, 40, 8]",1,False,371b5b44d66aefdf558d,expected_aligned_shape,Qwen/Qwen3.6-35B-A3B-FP8,ok,32,127,5080,1364,0.268503937007874,5080,3272,0.6440944881889764,0,0.0,0.9088615365387018,4617.016605616605,0.9458661417322834,4805.0,Qwen/Qwen3.6-35B-A3B-FP8
needle,40,127,8,40640,same_model,28966,0.712746062992126,11674,0.287253937007874,159,True,127,128,32,32,0,"[159, 40, 8]",0,True,32,True,128,159,32,0,0,32,"[128, 40, 8]",1,False,374b1d4945def4d4efd4,expected_aligned_shape,Qwen/Qwen3.6-35B-A3B-FP8,ok,32,127,5080,1364,0.268503937007874,5080,3279,0.6454724409448819,0,0.0,0.9109899112261318,4627.828749028749,0.9482037401574803,4816.875,Qwen/Qwen3.6-35B-A3B-FP8
json_structured,40,127,8,40640,same_model,28852,0.7099409448818897,11788,0.29005905511811025,159,True,127,128,32,32,0,"[159, 40, 8]",0,True,32,True,128,159,32,0,0,32,"[128, 40, 8]",1,False,379da29819a8088367dc,expected_aligned_shape,Qwen/Qwen3.6-35B-A3B-FP8,ok,32,127,5080,1300,0.2559055118110236,5080,3310,0.6515748031496063,0,0.0,0.9122690957336627,4634.3270063270065,0.9487942913385827,4819.875,Qwen/Qwen3.6-35B-A3B-FP8
json_structured,40,127,8,40640,same_model,26576,0.6539370078740158,14064,0.34606299212598424,159,True,127,128,32,32,0,"[159, 40, 8]",0,True,32,True,128,159,32,0,0,32,"[128, 40, 8]",1,False,37b9a01762e4f0996c56,expected_aligned_shape,Qwen/Qwen3.6-35B-A3B-FP8,ok,32,127,5080,1026,0.20196850393700788,5080,2903,0.5714566929133859,0,0.0,0.8849374160397784,4495.482073482073,0.9312992125984252,4731.0,Qwen/Qwen3.6-35B-A3B-FP8
summarization,40,127,8,40640,same_model,31287,0.7698572834645669,9353,0.23014271653543308,162,True,127,128,35,35,0,"[162, 40, 8]",0,True,35,True,128,162,35,0,0,35,"[128, 40, 8]",1,False,37d79710448be0c7fd7d,expected_aligned_shape,Qwen/Qwen3.6-35B-A3B-FP8,ok,32,127,5080,1773,0.34901574803149604,5080,3636,0.715748031496063,0,0.0,0.9327765847450886,4738.50505050505,0.9615895669291339,4884.875,Qwen/Qwen3.6-35B-A3B-FP8
code,40,127,8,40640,same_model,31107,0.7654281496062992,9533,0.2345718503937008,159,True,127,128,32,32,0,"[159, 40, 8]",0,True,32,True,128,159,32,0,0,32,"[128, 40, 8]",1,False,37e7fb39d385be54c1bd,expected_aligned_shape,Qwen/Qwen3.6-35B-A3B-FP8,ok,32,127,5080,1732,0.3409448818897638,5080,3649,0.7183070866141732,0,0.0,0.930377260534741,4726.3164835164835,0.9594242125984253,4873.875,Qwen/Qwen3.6-35B-A3B-FP8
low_margin,40,127,8,40640,same_model,30210,0.7433562992125984,10430,0.25664370078740156,167,True,127,128,40,40,0,"[167, 40, 8]",0,True,40,True,128,167,40,0,0,40,"[128, 40, 8]",1,False,38366acf306e4da2179b,expected_aligned_shape,Qwen/Qwen3.6-35B-A3B-FP8,ok,32,127,5080,1505,0.296259842519685,5080,3511,0.6911417322834645,0,0.0,0.9253678517458046,4700.868686868687,0.9571112204724409,4862.125,Qwen/Qwen3.6-35B-A3B-FP8
summarization,40,127,8,40640,same_model,30596,0.7528543307086614,10044,0.24714566929133858,159,True,127,128,32,32,0,"[159, 40, 8]",0,True,32,True,128,159,32,0,0,32,"[128, 40, 8]",1,False,3962771a74f7b1e3a14d,expected_aligned_shape,Qwen/Qwen3.6-35B-A3B-FP8,ok,32,127,5080,1612,0.3173228346456693,5080,3539,0.6966535433070866,0,0.0,0.9276362045653385,4712.391919191919,0.9585629921259843,4869.5,Qwen/Qwen3.6-35B-A3B-FP8
low_margin,40,127,8,40640,same_model,30379,0.7475147637795275,10261,0.2524852362204724,167,True,127,128,40,40,0,"[167, 40, 8]",0,True,40,True,128,167,40,0,0,40,"[128, 40, 8]",1,False,39aa24beea20a0a0f346,expected_aligned_shape,Qwen/Qwen3.6-35B-A3B-FP8,ok,32,127,5080,1613,0.31751968503937006,5080,3540,0.6968503937007874,0,0.0,0.9277165354330709,4712.8,0.9585875984251968,4869.625,Qwen/Qwen3.6-35B-A3B-FP8
low_margin,40,127,8,40640,same_model,31766,0.7816437007874015,8874,0.21835629921259841,166,True,127,128,39,39,0,"[166, 40, 8]",0,True,39,True,128,166,39,0,0,39,"[128, 40, 8]",1,False,39f750f3bae2e6b4885f,expected_aligned_shape,Qwen/Qwen3.6-35B-A3B-FP8,ok,32,127,5080,1813,0.3568897637795276,5080,3739,0.7360236220472441,0,0.0,0.9383941780004774,4767.042424242424,0.9649114173228347,4901.75,Qwen/Qwen3.6-35B-A3B-FP8
json_structured,40,127,8,40640,same_model,29337,0.721875,11303,0.278125,159,True,127,128,32,32,0,"[159, 40, 8]",0,True,32,True,128,159,32,0,0,32,"[128, 40, 8]",1,False,3a9dd230544180ec1b1a,expected_aligned_shape,Qwen/Qwen3.6-35B-A3B-FP8,ok,32,127,5080,1362,0.2681102362204724,5080,3323,0.6541338582677165,0,0.0,0.9087136835168331,4616.265512265512,0.9447096456692914,4799.125,Qwen/Qwen3.6-35B-A3B-FP8
logs,40,107,8,34240,same_model,27294,0.7971378504672897,6946,0.20286214953271028,139,True,107,108,32,32,0,"[139, 40, 8]",0,True,32,True,108,139,32,0,0,32,"[108, 40, 8]",1,False,3aac56d964f2f6e4b917,expected_aligned_shape,Qwen/Qwen3.6-35B-A3B-FP8,ok,32,107,4280,1694,0.3957943925233645,4280,3311,0.7735981308411215,0,0.0,0.9473303124704994,4054.5737373737375,0.9700058411214953,4151.625,Qwen/Qwen3.6-35B-A3B-FP8
short_qa,40,127,8,40640,same_model,29448,0.7246062992125984,11192,0.27539370078740155,166,True,127,128,39,39,0,"[166, 40, 8]",0,True,39,True,128,166,39,0,0,39,"[128, 40, 8]",1,False,3ac07a800f6ef8842790,expected_aligned_shape,Qwen/Qwen3.6-35B-A3B-FP8,ok,32,127,5080,1432,0.28188976377952757,5080,3361,0.6616141732283465,0,0.0,0.9149905169196506,4648.151825951826,0.9499261811023622,4825.625,Qwen/Qwen3.6-35B-A3B-FP8
low_margin,40,127,8,40640,same_model,30225,0.7437253937007874,10415,0.2562746062992126,167,True,127,128,40,40,0,"[167, 40, 8]",0,True,40,True,128,167,40,0,0,40,"[128, 40, 8]",1,False,3ace71c6584958f77666,expected_aligned_shape,Qwen/Qwen3.6-35B-A3B-FP8,ok,32,127,5080,1542,0.3035433070866142,5080,3474,0.6838582677165355,0,0.0,0.9240435854609081,4694.141414141414,0.9563238188976378,4858.125,Qwen/Qwen3.6-35B-A3B-FP8
low_margin,40,127,8,40640,same_model,29906,0.7358759842519685,10734,0.2641240157480315,167,True,127,128,40,40,0,"[167, 40, 8]",0,True,40,True,128,167,40,0,0,40,"[128, 40, 8]",1,False,3b04696ac7024bf2773d,expected_aligned_shape,Qwen/Qwen3.6-35B-A3B-FP8,ok,32,127,5080,1480,0.29133858267716534,5080,3424,0.6740157480314961,0,0.0,0.9204512067110493,4675.89213009213,0.9537893700787402,4845.25,Qwen/Qwen3.6-35B-A3B-FP8
needle,40,127,8,40640,same_model,29730,0.7315452755905512,10910,0.26845472440944884,159,True,127,128,32,32,0,"[159, 40, 8]",0,True,32,True,128,159,32,0,0,32,"[128, 40, 8]",1,False,3b55423e065febf6233a,expected_aligned_shape,Qwen/Qwen3.6-35B-A3B-FP8,ok,32,127,5080,1451,0.28562992125984255,5080,3452,0.6795275590551181,0,0.0,0.9224624194702935,4686.109090909091,0.9554133858267716,4853.5,Qwen/Qwen3.6-35B-A3B-FP8
low_margin,40,127,8,40640,same_model,31989,0.787130905511811,8651,0.21286909448818897,166,True,127,128,39,39,0,"[166, 40, 8]",0,True,39,True,128,166,39,0,0,39,"[128, 40, 8]",1,False,3c28139abdde31977464,expected_aligned_shape,Qwen/Qwen3.6-35B-A3B-FP8,ok,32,127,5080,1869,0.36791338582677163,5080,3850,0.7578740157480315,0,0.0,0.9435790980672871,4793.381818181818,0.9678641732283465,4916.75,Qwen/Qwen3.6-35B-A3B-FP8
needle,40,127,8,40640,same_model,28449,0.7000246062992126,12191,0.2999753937007874,159,True,127,128,32,32,0,"[159, 40, 8]",0,True,32,True,128,159,32,0,0,32,"[128, 40, 8]",1,False,3c5721ebe26a4c364c84,expected_aligned_shape,Qwen/Qwen3.6-35B-A3B-FP8,ok,32,127,5080,1310,0.2578740157480315,5080,3232,0.6362204724409449,0,0.0,0.9059562572160997,4602.257786657787,0.9441683070866141,4796.375,Qwen/Qwen3.6-35B-A3B-FP8
logs,40,127,8,40640,same_model,28905,0.7112450787401575,11735,0.28875492125984253,159,True,127,128,32,32,0,"[159, 40, 8]",0,True,32,True,128,159,32,0,0,32,"[128, 40, 8]",1,False,3cdd9d9e1f76b4f73eda,expected_aligned_shape,Qwen/Qwen3.6-35B-A3B-FP8,ok,32,127,5080,1326,0.2610236220472441,5080,3226,0.6350393700787401,0,0.0,0.908465637599496,4615.005439005439,0.9467273622047244,4809.375,Qwen/Qwen3.6-35B-A3B-FP8
logs,40,127,8,40640,same_model,30407,0.7482037401574804,10233,0.2517962598425197,159,True,127,128,32,32,0,"[159, 40, 8]",0,True,32,True,128,159,32,0,0,32,"[128, 40, 8]",1,False,3d28b665983e69f60a25,expected_aligned_shape,Qwen/Qwen3.6-35B-A3B-FP8,ok,32,127,5080,1587,0.3124015748031496,5080,3498,0.6885826771653544,0,0.0,0.9257913565000179,4703.020091020091,0.9574064960629921,4863.625,Qwen/Qwen3.6-35B-A3B-FP8
chat,40,127,8,40640,same_model,31036,0.7636811023622048,9604,0.2363188976377953,166,True,127,128,39,39,0,"[166, 40, 8]",0,True,39,True,128,166,39,0,0,39,"[128, 40, 8]",1,False,3d3cd44da6c8d94f2172,expected_aligned_shape,Qwen/Qwen3.6-35B-A3B-FP8,ok,32,127,5080,1720,0.33858267716535434,5080,3670,0.7224409448818898,0,0.0,0.9334589994432515,4741.9717171717175,0.961761811023622,4885.75,Qwen/Qwen3.6-35B-A3B-FP8
needle,40,127,8,40640,same_model,29406,0.7235728346456692,11234,0.2764271653543307,159,True,127,128,32,32,0,"[159, 40, 8]",0,True,32,True,128,159,32,0,0,32,"[128, 40, 8]",1,False,3d856ad1b992bd493d08,expected_aligned_shape,Qwen/Qwen3.6-35B-A3B-FP8,ok,32,127,5080,1423,0.28011811023622046,5080,3340,0.65748031496063,0,0.0,0.9143062361959999,4644.67567987568,0.950123031496063,4826.625,Qwen/Qwen3.6-35B-A3B-FP8
logs,40,127,8,40640,same_model,30528,0.7511811023622047,10112,0.24881889763779527,159,True,127,128,32,32,0,"[159, 40, 8]",0,True,32,True,128,159,32,0,0,32,"[128, 40, 8]",1,False,3e5b299df901d38b178b,expected_aligned_shape,Qwen/Qwen3.6-35B-A3B-FP8,ok,32,127,5080,1616,0.31811023622047246,5080,3580,0.7047244094488189,0,0.0,0.9297987751531058,4723.377777777778,0.9597933070866141,4875.75,Qwen/Qwen3.6-35B-A3B-FP8
summarization,40,127,8,40640,same_model,30015,0.7385580708661418,10625,0.2614419291338583,159,True,127,128,32,32,0,"[159, 40, 8]",0,True,32,True,128,159,32,0,0,32,"[128, 40, 8]",1,False,3e5c46c6df321119cd26,expected_aligned_shape,Qwen/Qwen3.6-35B-A3B-FP8,ok,32,127,5080,1517,0.29862204724409447,5080,3482,0.6854330708661417,0,0.0,0.9227103255449712,4687.368453768454,0.955142716535433,4852.125,Qwen/Qwen3.6-35B-A3B-FP8
chat,40,127,8,40640,same_model,29514,0.72623031496063,11126,0.2737696850393701,159,True,127,128,32,32,0,"[159, 40, 8]",0,True,32,True,128,159,32,0,0,32,"[128, 40, 8]",1,False,3f26a5c394be652f3767,expected_aligned_shape,Qwen/Qwen3.6-35B-A3B-FP8,ok,32,127,5080,1427,0.28090551181102363,5080,3429,0.675,0,0.0,0.9174729338902567,4660.762504162504,0.9513779527559055,4833.0,Qwen/Qwen3.6-35B-A3B-FP8
json_structured,40,127,8,40640,same_model,31250,0.7689468503937008,9390,0.23105314960629922,167,True,127,128,40,40,0,"[167, 40, 8]",0,True,40,True,128,167,40,0,0,40,"[128, 40, 8]",1,False,3f3789f9c3fe422f9423,expected_aligned_shape,Qwen/Qwen3.6-35B-A3B-FP8,ok,32,127,5080,1773,0.34901574803149604,5080,3696,0.7275590551181103,0,0.0,0.9340949557878693,4745.202375402376,0.9619094488188976,4886.5,Qwen/Qwen3.6-35B-A3B-FP8
code,40,127,8,40640,same_model,30480,0.75,10160,0.25,159,True,127,128,32,32,0,"[159, 40, 8]",0,True,32,True,128,159,32,0,0,32,"[128, 40, 8]",1,False,3f3a25708cd822489f2a,expected_aligned_shape,Qwen/Qwen3.6-35B-A3B-FP8,ok,32,127,5080,1589,0.3127952755905512,5080,3421,0.6734251968503937,0,0.0,0.9186592148009471,4666.788811188811,0.952755905511811,4840.0,Qwen/Qwen3.6-35B-A3B-FP8
math_numeric,40,127,8,40640,same_model,30525,0.7511072834645669,10115,0.24889271653543307,159,True,127,128,32,32,0,"[159, 40, 8]",0,True,32,True,128,159,32,0,0,32,"[128, 40, 8]",1,False,3ffb7f1f375f84864cfc,expected_aligned_shape,Qwen/Qwen3.6-35B-A3B-FP8,ok,32,127,5080,1583,0.31161417322834645,5080,3480,0.6850393700787402,0,0.0,0.9225745907635672,4686.678921078921,0.9550442913385827,4851.625,Qwen/Qwen3.6-35B-A3B-FP8
chat,40,127,8,40640,same_model,29651,0.7296013779527559,10989,0.2703986220472441,159,True,127,128,32,32,0,"[159, 40, 8]",0,True,32,True,128,159,32,0,0,32,"[128, 40, 8]",1,False,4009fcbf1638d3d23597,expected_aligned_shape,Qwen/Qwen3.6-35B-A3B-FP8,ok,32,127,5080,1402,0.27598425196850396,5080,3487,0.6864173228346456,0,0.0,0.9240257817423172,4694.050971250971,0.9562746062992126,4857.875,Qwen/Qwen3.6-35B-A3B-FP8
low_margin,40,127,8,40640,same_model,29115,0.7164124015748031,11525,0.2835875984251969,167,True,127,128,40,40,0,"[167, 40, 8]",0,True,40,True,128,167,40,0,0,40,"[128, 40, 8]",1,False,40b5ff7b4587f05b034f,expected_aligned_shape,Qwen/Qwen3.6-35B-A3B-FP8,ok,32,127,5080,1365,0.2687007874015748,5080,3345,0.6584645669291339,0,0.0,0.9122734264860249,4634.349006549007,0.9479084645669291,4815.375,Qwen/Qwen3.6-35B-A3B-FP8
mixed_language,40,127,8,40640,same_model,31467,0.7742864173228347,9173,0.22571358267716535,159,True,127,128,32,32,0,"[159, 40, 8]",0,True,32,True,128,159,32,0,0,32,"[128, 40, 8]",1,False,40ce23085418538e64c3,expected_aligned_shape,Qwen/Qwen3.6-35B-A3B-FP8,ok,32,127,5080,1813,0.3568897637795276,5080,3685,0.7253937007874016,0,0.0,0.935133711432924,4750.479254079254,0.9628937007874016,4891.5,Qwen/Qwen3.6-35B-A3B-FP8
math_numeric,40,127,8,40640,same_model,30860,0.7593503937007874,9780,0.2406496062992126,159,True,127,128,32,32,0,"[159, 40, 8]",0,True,32,True,128,159,32,0,0,32,"[128, 40, 8]",1,False,411ab2abee9987df2571,expected_aligned_shape,Qwen/Qwen3.6-35B-A3B-FP8,ok,32,127,5080,1692,0.33307086614173226,5080,3539,0.6966535433070866,0,0.0,0.9243743570515224,4695.821733821734,0.9558070866141732,4855.5,Qwen/Qwen3.6-35B-A3B-FP8
mixed_language,40,127,8,40640,same_model,30363,0.747121062992126,10277,0.252878937007874,159,True,127,128,32,32,0,"[159, 40, 8]",0,True,32,True,128,159,32,0,0,32,"[128, 40, 8]",1,False,415a0728ac9ea83b1309,expected_aligned_shape,Qwen/Qwen3.6-35B-A3B-FP8,ok,32,127,5080,1620,0.3188976377952756,5080,3575,0.7037401574803149,0,0.0,0.9264511953488331,4706.372072372073,0.9572096456692913,4862.625,Qwen/Qwen3.6-35B-A3B-FP8
logs,40,127,8,40640,same_model,29606,0.728494094488189,11034,0.27150590551181103,159,True,127,128,32,32,0,"[159, 40, 8]",0,True,32,True,128,159,32,0,0,32,"[128, 40, 8]",1,False,4165d787d379ea7a5ffa,expected_aligned_shape,Qwen/Qwen3.6-35B-A3B-FP8,ok,32,127,5080,1446,0.2846456692913386,5080,3401,0.669488188976378,0,0.0,0.9152562223428364,4649.50160950161,0.9491633858267716,4821.75,Qwen/Qwen3.6-35B-A3B-FP8
summarization,40,127,8,40640,same_model,30748,0.7565944881889763,9892,0.24340551181102363,159,True,127,128,32,32,0,"[159, 40, 8]",0,True,32,True,128,159,32,0,0,32,"[128, 40, 8]",1,False,41bce530715d20a74f04,expected_aligned_shape,Qwen/Qwen3.6-35B-A3B-FP8,ok,32,127,5080,1659,0.3265748031496063,5080,3641,0.716732283464567,0,0.0,0.9315318539727988,4732.181818181818,0.96060531496063,4879.875,Qwen/Qwen3.6-35B-A3B-FP8
low_margin,40,127,8,40640,same_model,29848,0.7344488188976378,10792,0.2655511811023622,167,True,127,128,40,40,0,"[167, 40, 8]",0,True,40,True,128,167,40,0,0,40,"[128, 40, 8]",1,False,41d62da7fd8b816315fd,expected_aligned_shape,Qwen/Qwen3.6-35B-A3B-FP8,ok,32,127,5080,1511,0.29744094488188977,5080,3447,0.6785433070866141,0,0.0,0.9227884713711484,4687.765434565435,0.9555364173228347,4854.125,Qwen/Qwen3.6-35B-A3B-FP8
short_qa,40,127,8,40640,same_model,29520,0.7263779527559056,11120,0.2736220472440945,159,True,127,128,32,32,0,"[159, 40, 8]",0,True,32,True,128,159,32,0,0,32,"[128, 40, 8]",1,False,41f4134c2ed868595966,expected_aligned_shape,Qwen/Qwen3.6-35B-A3B-FP8,ok,32,127,5080,1408,0.27716535433070866,5080,3378,0.6649606299212598,0,0.0,0.9175016759268726,4660.908513708514,0.9522391732283465,4837.375,Qwen/Qwen3.6-35B-A3B-FP8
logs,40,127,8,40640,same_model,30453,0.7493356299212598,10187,0.25066437007874015,159,True,127,128,32,32,0,"[159, 40, 8]",0,True,32,True,128,159,32,0,0,32,"[128, 40, 8]",1,False,4220c67106fd28a2809c,expected_aligned_shape,Qwen/Qwen3.6-35B-A3B-FP8,ok,32,127,5080,1641,0.32303149606299214,5080,3600,0.7086614173228346,0,0.0,0.9297722924494577,4723.243245643245,0.9595472440944882,4874.5,Qwen/Qwen3.6-35B-A3B-FP8
logs,40,127,8,40640,same_model,30359,0.7470226377952756,10281,0.2529773622047244,159,True,127,128,32,32,0,"[159, 40, 8]",0,True,32,True,128,159,32,0,0,32,"[128, 40, 8]",1,False,4261df1ce325d8114532,expected_aligned_shape,Qwen/Qwen3.6-35B-A3B-FP8,ok,32,127,5080,1554,0.3059055118110236,5080,3495,0.687992125984252,0,0.0,0.9234828163962021,4691.292707292708,0.9554872047244094,4853.875,Qwen/Qwen3.6-35B-A3B-FP8
short_qa,40,127,8,40640,same_model,31445,0.7737450787401575,9195,0.2262549212598425,165,True,127,128,38,38,0,"[165, 40, 8]",0,True,38,True,128,165,38,0,0,38,"[128, 40, 8]",1,False,427558f1540f9f15a1d6,expected_aligned_shape,Qwen/Qwen3.6-35B-A3B-FP8,ok,32,127,5080,1770,0.3484251968503937,5080,3745,0.7372047244094488,0,0.0,0.9371327447705401,4760.6343434343435,0.9639517716535433,4896.875,Qwen/Qwen3.6-35B-A3B-FP8
json_structured,40,127,8,40640,same_model,30013,0.7385088582677165,10627,0.26149114173228344,159,True,127,128,32,32,0,"[159, 40, 8]",0,True,32,True,128,159,32,0,0,32,"[128, 40, 8]",1,False,42abd1e418ebe6245bf3,expected_aligned_shape,Qwen/Qwen3.6-35B-A3B-FP8,ok,32,127,5080,1469,0.2891732283464567,5080,3448,0.6787401574803149,0,0.0,0.9225497861718335,4686.552913752914,0.9554379921259842,4853.625,Qwen/Qwen3.6-35B-A3B-FP8
json_structured,40,127,8,40640,same_model,28508,0.7014763779527559,12132,0.2985236220472441,159,True,127,128,32,32,0,"[159, 40, 8]",0,True,32,True,128,159,32,0,0,32,"[128, 40, 8]",1,False,42b8e417717225a898b1,expected_aligned_shape,Qwen/Qwen3.6-35B-A3B-FP8,ok,32,127,5080,1265,0.24901574803149606,5080,3277,0.6450787401574803,0,0.0,0.9088143789718592,4616.777045177045,0.9465305118110237,4808.375,Qwen/Qwen3.6-35B-A3B-FP8
needle,40,127,8,40640,same_model,29068,0.7152559055118111,11572,0.284744094488189,159,True,127,128,32,32,0,"[159, 40, 8]",0,True,32,True,128,159,32,0,0,32,"[128, 40, 8]",1,False,42c364ec679d7133c006,expected_aligned_shape,Qwen/Qwen3.6-35B-A3B-FP8,ok,32,127,5080,1361,0.26791338582677166,5080,3265,0.6427165354330708,0,0.0,0.9120583790662531,4633.256565656566,0.9491879921259843,4821.875,Qwen/Qwen3.6-35B-A3B-FP8
mixed_language,40,127,8,40640,same_model,31313,0.7704970472440945,9327,0.22950295275590551,159,True,127,128,32,32,0,"[159, 40, 8]",0,True,32,True,128,159,32,0,0,32,"[128, 40, 8]",1,False,42e391dcb5a629446173,expected_aligned_shape,Qwen/Qwen3.6-35B-A3B-FP8,ok,32,127,5080,1746,0.3437007874015748,5080,3696,0.7275590551181103,0,0.0,0.9356175932553885,4752.9373737373735,0.9631889763779528,4893.0,Qwen/Qwen3.6-35B-A3B-FP8
chat,40,127,8,40640,same_model,30398,0.747982283464567,10242,0.2520177165354331,166,True,127,128,39,39,0,"[166, 40, 8]",0,True,39,True,128,166,39,0,0,39,"[128, 40, 8]",1,False,4418047bdabefce010fe,expected_aligned_shape,Qwen/Qwen3.6-35B-A3B-FP8,ok,32,127,5080,1593,0.3135826771653543,5080,3581,0.7049212598425196,0,0.0,0.9298584267875606,4723.680808080808,0.959867125984252,4876.125,Qwen/Qwen3.6-35B-A3B-FP8
code,40,127,8,40640,same_model,31405,0.7727608267716536,9235,0.22723917322834647,159,True,127,128,32,32,0,"[159, 40, 8]",0,True,32,True,128,159,32,0,0,32,"[128, 40, 8]",1,False,44f20a853c811c28806e,expected_aligned_shape,Qwen/Qwen3.6-35B-A3B-FP8,ok,32,127,5080,1740,0.3425196850393701,5080,3635,0.7155511811023622,0,0.0,0.9312040321882843,4730.516483516483,0.9602116141732283,4877.875,Qwen/Qwen3.6-35B-A3B-FP8
needle,40,127,8,40640,same_model,30034,0.7390255905511811,10606,0.2609744094488189,159,True,127,128,32,32,0,"[159, 40, 8]",0,True,32,True,128,159,32,0,0,32,"[128, 40, 8]",1,False,451ad8eda986ccf73fbb,expected_aligned_shape,Qwen/Qwen3.6-35B-A3B-FP8,ok,32,127,5080,1502,0.29566929133858266,5080,3457,0.680511811023622,0,0.0,0.9228354410244175,4688.00404040404,0.955634842519685,4854.625,Qwen/Qwen3.6-35B-A3B-FP8
logs,40,127,8,40640,same_model,29004,0.7136811023622047,11636,0.2863188976377953,159,True,127,128,32,32,0,"[159, 40, 8]",0,True,32,True,128,159,32,0,0,32,"[128, 40, 8]",1,False,451add3f8bf9cd993f41,expected_aligned_shape,Qwen/Qwen3.6-35B-A3B-FP8,ok,32,127,5080,1428,0.2811023622047244,5080,3315,0.6525590551181102,0,0.0,0.9116839503453679,4631.354467754468,0.9484005905511811,4817.875,Qwen/Qwen3.6-35B-A3B-FP8
short_qa,40,127,8,40640,same_model,30513,0.7508120078740157,10127,0.24918799212598425,159,True,127,128,32,32,0,"[159, 40, 8]",0,True,32,True,128,159,32,0,0,32,"[128, 40, 8]",1,False,45465666bb6ce5aec200,expected_aligned_shape,Qwen/Qwen3.6-35B-A3B-FP8,ok,32,127,5080,1603,0.3155511811023622,5080,3594,0.7074803149606299,0,0.0,0.9289137284412876,4718.88174048174,0.9589812992125984,4871.625,Qwen/Qwen3.6-35B-A3B-FP8
logs,40,127,8,40640,same_model,29299,0.7209399606299213,11341,0.2790600393700787,159,True,127,128,32,32,0,"[159, 40, 8]",0,True,32,True,128,159,32,0,0,32,"[128, 40, 8]",1,False,45b9f3408d1931033c5b,expected_aligned_shape,Qwen/Qwen3.6-35B-A3B-FP8,ok,32,127,5080,1394,0.2744094488188976,5080,3311,0.6517716535433071,0,0.0,0.9154195498289988,4650.331313131313,0.9512795275590551,4832.5,Qwen/Qwen3.6-35B-A3B-FP8
short_qa,40,127,8,40640,same_model,30430,0.74876968503937,10210,0.2512303149606299,166,True,127,128,39,39,0,"[166, 40, 8]",0,True,39,True,128,166,39,0,0,39,"[128, 40, 8]",1,False,460f129abff27360b391,expected_aligned_shape,Qwen/Qwen3.6-35B-A3B-FP8,ok,32,127,5080,1596,0.31417322834645667,5080,3538,0.6964566929133859,0,0.0,0.9260999236983489,4704.587612387612,0.956865157480315,4860.875,Qwen/Qwen3.6-35B-A3B-FP8
low_margin,40,127,8,40640,same_model,28798,0.7086122047244094,11842,0.29138779527559056,167,True,127,128,40,40,0,"[167, 40, 8]",0,True,40,True,128,167,40,0,0,40,"[128, 40, 8]",1,False,46af2cc3aae728098eb3,expected_aligned_shape,Qwen/Qwen3.6-35B-A3B-FP8,ok,32,127,5080,1262,0.2484251968503937,5080,3244,0.6385826771653543,0,0.0,0.9081681660421818,4613.494283494283,0.9457677165354331,4804.5,Qwen/Qwen3.6-35B-A3B-FP8
chat,40,127,8,40640,same_model,30509,0.7507135826771654,10131,0.24928641732283466,167,True,127,128,40,40,0,"[167, 40, 8]",0,True,40,True,128,167,40,0,0,40,"[128, 40, 8]",1,False,46c6f8325f85be337f2c,expected_aligned_shape,Qwen/Qwen3.6-35B-A3B-FP8,ok,32,127,5080,1584,0.31181102362204727,5080,3551,0.699015748031496,0,0.0,0.9278366340571064,4713.410101010101,0.9586122047244094,4869.75,Qwen/Qwen3.6-35B-A3B-FP8
summarization,40,127,8,40640,same_model,31432,0.7734251968503937,9208,0.2265748031496063,159,True,127,128,32,32,0,"[159, 40, 8]",0,True,32,True,128,159,32,0,0,32,"[128, 40, 8]",1,False,46fc3dfdf55cc80a2aa8,expected_aligned_shape,Qwen/Qwen3.6-35B-A3B-FP8,ok,32,127,5080,1778,0.35,5080,3679,0.7242125984251968,0,0.0,0.9355786208542113,4752.739393939394,0.9632627952755906,4893.375,Qwen/Qwen3.6-35B-A3B-FP8
mixed_language,40,89,8,28480,same_model,22591,0.7932233146067416,5889,0.2067766853932584,121,True,89,90,32,32,0,"[121, 40, 8]",0,True,32,True,90,121,32,0,0,32,"[90, 40, 8]",1,False,478e9c6d33a2bece3e83,expected_aligned_shape,Qwen/Qwen3.6-35B-A3B-FP8,ok,32,89,3560,1343,0.37724719101123594,3560,2682,0.753370786516854,0,0.0,0.9431460674157305,3357.6,0.9677317415730337,3445.125,Qwen/Qwen3.6-35B-A3B-FP8
low_margin,40,127,8,40640,same_model,28707,0.706373031496063,11933,0.293626968503937,167,True,127,128,40,40,0,"[167, 40, 8]",0,True,40,True,128,167,40,0,0,40,"[128, 40, 8]",1,False,479793bea2533c2645f7,expected_aligned_shape,Qwen/Qwen3.6-35B-A3B-FP8,ok,32,127,5080,1298,0.255511811023622,5080,3215,0.6328740157480315,0,0.0,0.9062344610769806,4603.6710622710625,0.9448080708661417,4799.625,Qwen/Qwen3.6-35B-A3B-FP8
code,40,127,8,40640,same_model,29537,0.7267962598425197,11103,0.27320374015748033,166,True,127,128,39,39,0,"[166, 40, 8]",0,True,39,True,128,166,39,0,0,39,"[128, 40, 8]",1,False,47c67a5c38c43dbe99ea,expected_aligned_shape,Qwen/Qwen3.6-35B-A3B-FP8,ok,32,127,5080,1421,0.2797244094488189,5080,3423,0.6738188976377952,0,0.0,0.9192603678036749,4669.842668442669,0.9529773622047244,4841.125,Qwen/Qwen3.6-35B-A3B-FP8
short_qa,40,127,8,40640,same_model,31049,0.7640009842519685,9591,0.2359990157480315,166,True,127,128,39,39,0,"[166, 40, 8]",0,True,39,True,128,166,39,0,0,39,"[128, 40, 8]",1,False,481f35627e74400c8fba,expected_aligned_shape,Qwen/Qwen3.6-35B-A3B-FP8,ok,32,127,5080,1720,0.33858267716535434,5080,3613,0.7112204724409449,0,0.0,0.9310816829714469,4729.894949494949,0.9604084645669292,4878.875,Qwen/Qwen3.6-35B-A3B-FP8
mixed_language,40,127,8,40640,same_model,31154,0.7665846456692913,9486,0.23341535433070867,159,True,127,128,32,32,0,"[159, 40, 8]",0,True,32,True,128,159,32,0,0,32,"[128, 40, 8]",1,False,48717f584d2afa30bbf3,expected_aligned_shape,Qwen/Qwen3.6-35B-A3B-FP8,ok,32,127,5080,1708,0.3362204724409449,5080,3703,0.7289370078740157,0,0.0,0.9348028437004816,4748.798445998446,0.9625,4889.5,Qwen/Qwen3.6-35B-A3B-FP8
needle,40,127,8,40640,same_model,29561,0.727386811023622,11079,0.27261318897637793,159,True,127,128,32,32,0,"[159, 40, 8]",0,True,32,True,128,159,32,0,0,32,"[128, 40, 8]",1,False,48a42ee1983e2e416ce5,expected_aligned_shape,Qwen/Qwen3.6-35B-A3B-FP8,ok,32,127,5080,1411,0.277755905511811,5080,3428,0.6748031496062992,0,0.0,0.921258251809433,4679.991919191919,0.9546505905511811,4849.625,Qwen/Qwen3.6-35B-A3B-FP8
mixed_language,40,127,8,40640,same_model,30545,0.7515994094488189,10095,0.2484005905511811,159,True,127,128,32,32,0,"[159, 40, 8]",0,True,32,True,128,159,32,0,0,32,"[128, 40, 8]",1,False,48be08c6b58230fff2a0,expected_aligned_shape,Qwen/Qwen3.6-35B-A3B-FP8,ok,32,127,5080,1607,0.31633858267716536,5080,3592,0.7070866141732284,0,0.0,0.924989459359538,4698.946453546454,0.9553149606299213,4853.0,Qwen/Qwen3.6-35B-A3B-FP8
json_structured,40,127,8,40640,same_model,26161,0.6437253937007874,14479,0.3562746062992126,159,True,127,128,32,32,0,"[159, 40, 8]",0,True,32,True,128,159,32,0,0,32,"[128, 40, 8]",1,False,48f8722607f9778c8569,expected_aligned_shape,Qwen/Qwen3.6-35B-A3B-FP8,ok,32,127,5080,1044,0.20551181102362204,5080,2872,0.5653543307086614,0,0.0,0.870923721947344,4424.292507492508,0.9184301181102362,4665.625,Qwen/Qwen3.6-35B-A3B-FP8
summarization,40,127,8,40640,same_model,30337,0.7464812992125984,10303,0.2535187007874016,159,True,127,128,32,32,0,"[159, 40, 8]",0,True,32,True,128,159,32,0,0,32,"[128, 40, 8]",1,False,492f7dd12b2f17c40937,expected_aligned_shape,Qwen/Qwen3.6-35B-A3B-FP8,ok,32,127,5080,1587,0.3124015748031496,5080,3553,0.6994094488188977,0,0.0,0.9274039608685279,4711.212121212121,0.9582677165354331,4868.0,Qwen/Qwen3.6-35B-A3B-FP8
mixed_language,40,127,8,40640,same_model,29838,0.7342027559055118,10802,0.2657972440944882,159,True,127,128,32,32,0,"[159, 40, 8]",0,True,32,True,128,159,32,0,0,32,"[128, 40, 8]",1,False,49896ed21249107ed120,expected_aligned_shape,Qwen/Qwen3.6-35B-A3B-FP8,ok,32,127,5080,1471,0.2895669291338583,5080,3472,0.6834645669291338,0,0.0,0.9241294838145231,4694.577777777778,0.956496062992126,4859.0,Qwen/Qwen3.6-35B-A3B-FP8
summarization,40,127,8,40640,same_model,30177,0.7425442913385827,10463,0.2574557086614173,159,True,127,128,32,32,0,"[159, 40, 8]",0,True,32,True,128,159,32,0,0,32,"[128, 40, 8]",1,False,49c8d8547fe08514992d,expected_aligned_shape,Qwen/Qwen3.6-35B-A3B-FP8,ok,32,127,5080,1553,0.30570866141732284,5080,3477,0.6844488188976378,0,0.0,0.9221194990486329,4684.367055167055,0.9545521653543307,4849.125,Qwen/Qwen3.6-35B-A3B-FP8
short_qa,40,127,8,40640,same_model,30642,0.7539862204724409,9998,0.24601377952755907,159,True,127,128,32,32,0,"[159, 40, 8]",0,True,32,True,128,159,32,0,0,32,"[128, 40, 8]",1,False,49eef8f57b70a74351bb,expected_aligned_shape,Qwen/Qwen3.6-35B-A3B-FP8,ok,32,127,5080,1603,0.3155511811023622,5080,3581,0.7049212598425196,0,0.0,0.9283011564113927,4715.769874569874,0.9584891732283465,4869.125,Qwen/Qwen3.6-35B-A3B-FP8
json_structured,40,127,8,40640,same_model,30602,0.753001968503937,10038,0.246998031496063,167,True,127,128,40,40,0,"[167, 40, 8]",0,True,40,True,128,167,40,0,0,40,"[128, 40, 8]",1,False,4a15bc0beb56b9e27d96,expected_aligned_shape,Qwen/Qwen3.6-35B-A3B-FP8,ok,32,127,5080,1622,0.31929133858267716,5080,3550,0.6988188976377953,0,0.0,0.9286172445227562,4717.375602175603,0.959005905511811,4871.75,Qwen/Qwen3.6-35B-A3B-FP8
short_qa,40,127,8,40640,same_model,30618,0.7533956692913386,10022,0.24660433070866142,166,True,127,128,39,39,0,"[166, 40, 8]",0,True,39,True,128,166,39,0,0,39,"[128, 40, 8]",1,False,4ab7d75936f6737dfa8a,expected_aligned_shape,Qwen/Qwen3.6-35B-A3B-FP8,ok,32,127,5080,1602,0.3153543307086614,5080,3630,0.7145669291338582,0,0.0,0.929942284312363,4724.106804306804,0.959005905511811,4871.75,Qwen/Qwen3.6-35B-A3B-FP8
low_margin,40,127,8,40640,same_model,30515,0.750861220472441,10125,0.24913877952755906,167,True,127,128,40,40,0,"[167, 40, 8]",0,True,40,True,128,167,40,0,0,40,"[128, 40, 8]",1,False,4af6e9ff83639932fee2,expected_aligned_shape,Qwen/Qwen3.6-35B-A3B-FP8,ok,32,127,5080,1558,0.30669291338582677,5080,3556,0.7,0,0.0,0.9279042392428218,4713.753535353535,0.9586122047244094,4869.75,Qwen/Qwen3.6-35B-A3B-FP8
short_qa,40,127,8,40640,same_model,31588,0.7772637795275591,9052,0.22273622047244093,166,True,127,128,39,39,0,"[166, 40, 8]",0,True,39,True,128,166,39,0,0,39,"[128, 40, 8]",1,False,4b070e65a9f2f9f28546,expected_aligned_shape,Qwen/Qwen3.6-35B-A3B-FP8,ok,32,127,5080,1816,0.35748031496062993,5080,3726,0.7334645669291339,0,0.0,0.9359542120172043,4754.647397047397,0.9631397637795276,4892.75,Qwen/Qwen3.6-35B-A3B-FP8
chat,40,127,8,40640,same_model,30300,0.7455708661417323,10340,0.2544291338582677,167,True,127,128,40,40,0,"[167, 40, 8]",0,True,40,True,128,167,40,0,0,40,"[128, 40, 8]",1,False,4b1738d355d1bee529de,expected_aligned_shape,Qwen/Qwen3.6-35B-A3B-FP8,ok,32,127,5080,1573,0.3096456692913386,5080,3474,0.6838582677165355,0,0.0,0.9233835106276052,4690.788233988234,0.9557578740157481,4855.25,Qwen/Qwen3.6-35B-A3B-FP8
low_margin,40,127,8,40640,same_model,29975,0.7375738188976378,10665,0.2624261811023622,166,True,127,128,39,39,0,"[166, 40, 8]",0,True,39,True,128,166,39,0,0,39,"[128, 40, 8]",1,False,4b1e71db3e319a78014b,expected_aligned_shape,Qwen/Qwen3.6-35B-A3B-FP8,ok,32,127,5080,1514,0.2980314960629921,5080,3496,0.6881889763779527,0,0.0,0.9241386085480574,4694.6241314241315,0.95625,4857.75,Qwen/Qwen3.6-35B-A3B-FP8
short_qa,40,127,8,40640,same_model,31438,0.7735728346456693,9202,0.22642716535433072,166,True,127,128,39,39,0,"[166, 40, 8]",0,True,39,True,128,166,39,0,0,39,"[128, 40, 8]",1,False,4b6d1c78f81c7f849496,expected_aligned_shape,Qwen/Qwen3.6-35B-A3B-FP8,ok,32,127,5080,1774,0.34921259842519686,5080,3730,0.734251968503937,0,0.0,0.9373058262822044,4761.513597513597,0.9641240157480315,4897.75,Qwen/Qwen3.6-35B-A3B-FP8
short_qa,40,127,8,40640,same_model,32302,0.7948326771653543,8338,0.20516732283464567,159,True,127,128,32,32,0,"[159, 40, 8]",0,True,32,True,128,159,32,0,0,32,"[128, 40, 8]",1,False,4b8d53caa72f39824115,expected_aligned_shape,Qwen/Qwen3.6-35B-A3B-FP8,ok,32,127,5080,1908,0.37559055118110235,5080,3888,0.7653543307086614,0,0.0,0.9459444842122006,4805.39797979798,0.9693159448818898,4924.125,Qwen/Qwen3.6-35B-A3B-FP8
short_qa,40,127,8,40640,same_model,31989,0.787130905511811,8651,0.21286909448818897,159,True,127,128,32,32,0,"[159, 40, 8]",0,True,32,True,128,159,32,0,0,32,"[128, 40, 8]",1,False,4bc7a6d0cf90cb9b3e1a,expected_aligned_shape,Qwen/Qwen3.6-35B-A3B-FP8,ok,32,127,5080,1839,0.362007874015748,5080,3846,0.7570866141732283,0,0.0,0.9436936292054402,4793.963636363636,0.9679872047244095,4917.375,Qwen/Qwen3.6-35B-A3B-FP8
mixed_language,40,127,8,40640,same_model,30898,0.7602854330708662,9742,0.23971456692913387,159,True,127,128,32,32,0,"[159, 40, 8]",0,True,32,True,128,159,32,0,0,32,"[128, 40, 8]",1,False,4bee0825edf1a723c761,expected_aligned_shape,Qwen/Qwen3.6-35B-A3B-FP8,ok,32,127,5080,1738,0.3421259842519685,5080,3635,0.7155511811023622,0,0.0,0.9313459855979541,4731.237606837607,0.9603838582677166,4878.75,Qwen/Qwen3.6-35B-A3B-FP8
short_qa,40,127,8,40640,same_model,31982,0.7869586614173228,8658,0.21304133858267715,166,True,127,128,39,39,0,"[166, 40, 8]",0,True,39,True,128,166,39,0,0,39,"[128, 40, 8]",1,False,4ca850e833b40b17cd0c,expected_aligned_shape,Qwen/Qwen3.6-35B-A3B-FP8,ok,32,127,5080,1894,0.37283464566929136,5080,3804,0.7488188976377953,0,0.0,0.9409432911795118,4779.991919191919,0.966240157480315,4908.5,Qwen/Qwen3.6-35B-A3B-FP8
json_structured,40,127,8,40640,same_model,30614,0.7532972440944882,10026,0.2467027559055118,159,True,127,128,32,32,0,"[159, 40, 8]",0,True,32,True,128,159,32,0,0,32,"[128, 40, 8]",1,False,4daa8c56c5bb4f5ed3ec,expected_aligned_shape,Qwen/Qwen3.6-35B-A3B-FP8,ok,32,127,5080,1636,0.3220472440944882,5080,3644,0.7173228346456693,0,0.0,0.931084069036825,4729.9070707070705,0.9602116141732283,4877.875,Qwen/Qwen3.6-35B-A3B-FP8
logs,40,127,8,40640,same_model,30565,0.7520915354330708,10075,0.24790846456692914,159,True,127,128,32,32,0,"[159, 40, 8]",0,True,32,True,128,159,32,0,0,32,"[128, 40, 8]",1,False,4dcabae12895d0f3fe08,expected_aligned_shape,Qwen/Qwen3.6-35B-A3B-FP8,ok,32,127,5080,1659,0.3265748031496063,5080,3517,0.6923228346456692,0,0.0,0.9241663236151424,4694.764923964924,0.9559793307086614,4856.375,Qwen/Qwen3.6-35B-A3B-FP8
math_numeric,40,127,8,40640,same_model,30603,0.7530265748031496,10037,0.2469734251968504,159,True,127,128,32,32,0,"[159, 40, 8]",0,True,32,True,128,159,32,0,0,32,"[128, 40, 8]",1,False,4de00c30231c5badb6c2,expected_aligned_shape,Qwen/Qwen3.6-35B-A3B-FP8,ok,32,127,5080,1611,0.31712598425196853,5080,3493,0.6875984251968504,0,0.0,0.9217904143100992,4682.695304695305,0.95435531496063,4848.125,Qwen/Qwen3.6-35B-A3B-FP8
logs,40,127,8,40640,same_model,29871,0.7350147637795276,10769,0.26498523622047243,159,True,127,128,32,32,0,"[159, 40, 8]",0,True,32,True,128,159,32,0,0,32,"[128, 40, 8]",1,False,4dec5f6f21729d9adc43,expected_aligned_shape,Qwen/Qwen3.6-35B-A3B-FP8,ok,32,127,5080,1540,0.3031496062992126,5080,3452,0.6795275590551181,0,0.0,0.9190460676681148,4668.754023754023,0.9523375984251968,4837.875,Qwen/Qwen3.6-35B-A3B-FP8
low_margin,40,127,8,40640,same_model,30682,0.7549704724409448,9958,0.2450295275590551,167,True,127,128,40,40,0,"[167, 40, 8]",0,True,40,True,128,167,40,0,0,40,"[128, 40, 8]",1,False,4eaaef10d8a8a867c0b8,expected_aligned_shape,Qwen/Qwen3.6-35B-A3B-FP8,ok,32,127,5080,1610,0.3169291338582677,5080,3500,0.6889763779527559,0,0.0,0.9263564781675018,4705.890909090909,0.9578986220472441,4866.125,Qwen/Qwen3.6-35B-A3B-FP8
mixed_language,40,127,8,40640,same_model,31403,0.7727116141732283,9237,0.22728838582677166,159,True,127,128,32,32,0,"[159, 40, 8]",0,True,32,True,128,159,32,0,0,32,"[128, 40, 8]",1,False,4f3a35f066a064783511,expected_aligned_shape,Qwen/Qwen3.6-35B-A3B-FP8,ok,32,127,5080,1761,0.3466535433070866,5080,3659,0.7202755905511811,0,0.0,0.9345748826851187,4747.640404040404,0.9627214566929134,4890.625,Qwen/Qwen3.6-35B-A3B-FP8
code,40,127,8,40640,same_model,29564,0.7274606299212598,11076,0.2725393700787402,159,True,127,128,32,32,0,"[159, 40, 8]",0,True,32,True,128,159,32,0,0,32,"[128, 40, 8]",1,False,4f93987d1e1102ae584d,expected_aligned_shape,Qwen/Qwen3.6-35B-A3B-FP8,ok,32,127,5080,1438,0.28307086614173227,5080,3361,0.6616141732283465,0,0.0,0.9159638349402128,4653.096281496281,0.9512303149606299,4832.25,Qwen/Qwen3.6-35B-A3B-FP8
math_numeric,40,127,8,40640,same_model,24729,0.6084891732283465,15911,0.39151082677165355,159,True,127,128,32,32,0,"[159, 40, 8]",0,True,32,True,128,159,32,0,0,32,"[128, 40, 8]",1,False,4faa736147d5a6bc5c14,expected_aligned_shape,Qwen/Qwen3.6-35B-A3B-FP8,ok,32,127,5080,928,0.1826771653543307,5080,2623,0.5163385826771654,0,0.0,0.8416537399608266,4275.600999000999,0.8964320866141732,4553.875,Qwen/Qwen3.6-35B-A3B-FP8
mixed_language,40,93,8,29760,same_model,23374,0.7854166666666667,6386,0.21458333333333332,125,True,93,94,32,32,0,"[125, 40, 8]",0,True,32,True,94,125,32,0,0,32,"[94, 40, 8]",1,False,4faa7b982f056f5a6933,expected_aligned_shape,Qwen/Qwen3.6-35B-A3B-FP8,ok,32,93,3720,1336,0.35913978494623655,3720,2760,0.7419354838709677,0,0.0,0.9401672640382318,3497.4222222222224,0.9659946236559139,3593.5,Qwen/Qwen3.6-35B-A3B-FP8
short_qa,40,127,8,40640,same_model,21723,0.5345226377952756,18917,0.4654773622047244,159,True,127,128,32,32,0,"[159, 40, 8]",0,True,32,True,128,159,32,0,0,32,"[128, 40, 8]",1,False,501a5734ec3e8c33c36e,expected_aligned_shape,Qwen/Qwen3.6-35B-A3B-FP8,ok,32,127,5080,741,0.14586614173228346,5080,2238,0.4405511811023622,0,0.0,0.792153830421547,4024.1414585414586,0.8570620078740158,4353.875,Qwen/Qwen3.6-35B-A3B-FP8
short_qa,40,127,8,40640,same_model,29679,0.7302903543307087,10961,0.26970964566929134,159,True,127,128,32,32,0,"[159, 40, 8]",0,True,32,True,128,159,32,0,0,32,"[128, 40, 8]",1,False,505b1be32780f7e2b7ba,expected_aligned_shape,Qwen/Qwen3.6-35B-A3B-FP8,ok,32,127,5080,1429,0.2812992125984252,5080,3418,0.6728346456692913,0,0.0,0.9188307405630239,4667.660162060162,0.9525836614173229,4839.125,Qwen/Qwen3.6-35B-A3B-FP8
short_qa,40,127,8,40640,same_model,32184,0.7919291338582677,8456,0.20807086614173229,159,True,127,128,32,32,0,"[159, 40, 8]",0,True,32,True,128,159,32,0,0,32,"[128, 40, 8]",1,False,506348295d3fee666655,expected_aligned_shape,Qwen/Qwen3.6-35B-A3B-FP8,ok,32,127,5080,1833,0.3608267716535433,5080,3808,0.7496062992125985,0,0.0,0.9421908974664881,4786.329759129759,0.9671505905511811,4913.125,Qwen/Qwen3.6-35B-A3B-FP8
short_qa,40,127,8,40640,same_model,29654,0.7296751968503937,10986,0.2703248031496063,159,True,127,128,32,32,0,"[159, 40, 8]",0,True,32,True,128,159,32,0,0,32,"[128, 40, 8]",1,False,508b3ad69d2855161c4f,expected_aligned_shape,Qwen/Qwen3.6-35B-A3B-FP8,ok,32,127,5080,1410,0.27755905511811024,5080,3445,0.6781496062992126,0,0.0,0.9204873167077892,4676.075568875569,0.9537155511811024,4844.875,Qwen/Qwen3.6-35B-A3B-FP8
code,40,127,8,40640,same_model,30947,0.7614911417322835,9693,0.23850885826771653,159,True,127,128,32,32,0,"[159, 40, 8]",0,True,32,True,128,159,32,0,0,32,"[128, 40, 8]",1,False,5092bff2da5bb61746c0,expected_aligned_shape,Qwen/Qwen3.6-35B-A3B-FP8,ok,32,127,5080,1730,0.3405511811023622,5080,3579,0.7045275590551181,0,0.0,0.9271504261268042,4709.924164724165,0.9577755905511811,4865.5,Qwen/Qwen3.6-35B-A3B-FP8
logs,40,127,8,40640,same_model,29517,0.7263041338582678,11123,0.2736958661417323,159,True,127,128,32,32,0,"[159, 40, 8]",0,True,32,True,128,159,32,0,0,32,"[128, 40, 8]",1,False,50edde4a1f33b4eed34e,expected_aligned_shape,Qwen/Qwen3.6-35B-A3B-FP8,ok,32,127,5080,1451,0.28562992125984255,5080,3373,0.6639763779527559,0,0.0,0.9106471656077956,4626.0876012876015,0.9452017716535434,4801.625,Qwen/Qwen3.6-35B-A3B-FP8
mixed_language,40,127,8,40640,same_model,30062,0.7397145669291338,10578,0.26028543307086616,159,True,127,128,32,32,0,"[159, 40, 8]",0,True,32,True,128,159,32,0,0,32,"[128, 40, 8]",1,False,5197be5ad555a3fa4f56,expected_aligned_shape,Qwen/Qwen3.6-35B-A3B-FP8,ok,32,127,5080,1556,0.3062992125984252,5080,3486,0.6862204724409449,0,0.0,0.9241104652128275,4694.481163281163,0.9562007874015748,4857.5,Qwen/Qwen3.6-35B-A3B-FP8
mixed_language,40,127,8,40640,same_model,30153,0.7419537401574803,10487,0.25804625984251967,159,True,127,128,32,32,0,"[159, 40, 8]",0,True,32,True,128,159,32,0,0,32,"[128, 40, 8]",1,False,51b8d0ce4c783f964b18,expected_aligned_shape,Qwen/Qwen3.6-35B-A3B-FP8,ok,32,127,5080,1577,0.31043307086614175,5080,3470,0.6830708661417323,0,0.0,0.9236255957515801,4692.018026418026,0.9560285433070866,4856.625,Qwen/Qwen3.6-35B-A3B-FP8
chat,40,127,8,40640,same_model,30606,0.7531003937007874,10034,0.2468996062992126,167,True,127,128,40,40,0,"[167, 40, 8]",0,True,40,True,128,167,40,0,0,40,"[128, 40, 8]",1,False,51df8c62f9b3dac57eb8,expected_aligned_shape,Qwen/Qwen3.6-35B-A3B-FP8,ok,32,127,5080,1637,0.32224409448818897,5080,3597,0.7080708661417323,0,0.0,0.9290598902409927,4719.624242424243,0.959128937007874,4872.375,Qwen/Qwen3.6-35B-A3B-FP8
mixed_language,40,127,8,40640,same_model,30678,0.7548720472440945,9962,0.24512795275590551,159,True,127,128,32,32,0,"[159, 40, 8]",0,True,32,True,128,159,32,0,0,32,"[128, 40, 8]",1,False,5202632d6cddd6a01c88,expected_aligned_shape,Qwen/Qwen3.6-35B-A3B-FP8,ok,32,127,5080,1637,0.32224409448818897,5080,3591,0.7068897637795276,0,0.0,0.9297216257058776,4722.985858585858,0.959621062992126,4874.875,Qwen/Qwen3.6-35B-A3B-FP8
summarization,40,127,8,40640,same_model,29727,0.7314714566929134,10913,0.2685285433070866,163,True,127,128,36,36,0,"[163, 40, 8]",0,True,36,True,128,163,36,0,0,36,"[128, 40, 8]",1,False,52354367b7055e4067de,expected_aligned_shape,Qwen/Qwen3.6-35B-A3B-FP8,ok,32,127,5080,1464,0.28818897637795277,5080,3374,0.6641732283464566,0,0.0,0.9162378478913911,4654.488267288268,0.9512303149606299,4832.25,Qwen/Qwen3.6-35B-A3B-FP8
mixed_language,40,127,8,40640,same_model,30627,0.753617125984252,10013,0.24638287401574804,159,True,127,128,32,32,0,"[159, 40, 8]",0,True,32,True,128,159,32,0,0,32,"[128, 40, 8]",1,False,52a81ab9d905d863c300,expected_aligned_shape,Qwen/Qwen3.6-35B-A3B-FP8,ok,32,127,5080,1658,0.32637795275590553,5080,3577,0.7041338582677166,0,0.0,0.9250010881506945,4699.005527805528,0.9557332677165354,4855.125,Qwen/Qwen3.6-35B-A3B-FP8
mixed_language,40,127,8,40640,same_model,30380,0.7475393700787402,10260,0.25246062992125984,159,True,127,128,32,32,0,"[159, 40, 8]",0,True,32,True,128,159,32,0,0,32,"[128, 40, 8]",1,False,52ae350b56d887041750,expected_aligned_shape,Qwen/Qwen3.6-35B-A3B-FP8,ok,32,127,5080,1545,0.30413385826771655,5080,3550,0.6988188976377953,0,0.0,0.924624754073573,4697.093750693751,0.9559793307086614,4856.375,Qwen/Qwen3.6-35B-A3B-FP8
math_numeric,40,127,8,40640,same_model,30518,0.7509350393700788,10122,0.24906496062992126,159,True,127,128,32,32,0,"[159, 40, 8]",0,True,32,True,128,159,32,0,0,32,"[128, 40, 8]",1,False,52ec63a74226c3ca59f1,expected_aligned_shape,Qwen/Qwen3.6-35B-A3B-FP8,ok,32,127,5080,1578,0.3106299212598425,5080,3459,0.6809055118110237,0,0.0,0.9210654961836063,4679.012720612721,0.9539370078740157,4846.0,Qwen/Qwen3.6-35B-A3B-FP8
code,40,127,8,40640,same_model,30072,0.7399606299212599,10568,0.2600393700787402,166,True,127,128,39,39,0,"[166, 40, 8]",0,True,39,True,128,166,39,0,0,39,"[128, 40, 8]",1,False,52f1cb6b25e14ae20182,expected_aligned_shape,Qwen/Qwen3.6-35B-A3B-FP8,ok,32,127,5080,1531,0.3013779527559055,5080,3487,0.6864173228346456,0,0.0,0.9229283752118397,4688.4761460761465,0.9549950787401574,4851.375,Qwen/Qwen3.6-35B-A3B-FP8
low_margin,40,127,8,40640,same_model,29530,0.7266240157480315,11110,0.2733759842519685,166,True,127,128,39,39,0,"[166, 40, 8]",0,True,39,True,128,166,39,0,0,39,"[128, 40, 8]",1,False,5356746cc1c277b556e8,expected_aligned_shape,Qwen/Qwen3.6-35B-A3B-FP8,ok,32,127,5080,1409,0.2773622047244094,5080,3303,0.6501968503937008,0,0.0,0.915198441103953,4649.208080808081,0.9512303149606299,4832.25,Qwen/Qwen3.6-35B-A3B-FP8
json_structured,40,127,8,40640,same_model,30750,0.7566437007874016,9890,0.24335629921259844,167,True,127,128,40,40,0,"[167, 40, 8]",0,True,40,True,128,167,40,0,0,40,"[128, 40, 8]",1,False,5363db1324c2551555da,expected_aligned_shape,Qwen/Qwen3.6-35B-A3B-FP8,ok,32,127,5080,1671,0.32893700787401575,5080,3589,0.706496062992126,0,0.0,0.9275829507325569,4712.12138972139,0.9578001968503937,4865.625,Qwen/Qwen3.6-35B-A3B-FP8
needle,40,127,8,40640,same_model,29619,0.7288139763779528,11021,0.27118602362204725,159,True,127,128,32,32,0,"[159, 40, 8]",0,True,32,True,128,159,32,0,0,32,"[128, 40, 8]",1,False,5372b90025ecc7c89d71,expected_aligned_shape,Qwen/Qwen3.6-35B-A3B-FP8,ok,32,127,5080,1398,0.2751968503937008,5080,3438,0.676771653543307,0,0.0,0.9226835281953393,4687.232323232323,0.9556840551181103,4854.875,Qwen/Qwen3.6-35B-A3B-FP8
chat,40,127,8,40640,same_model,29115,0.7164124015748031,11525,0.2835875984251969,159,True,127,128,32,32,0,"[159, 40, 8]",0,True,32,True,128,159,32,0,0,32,"[128, 40, 8]",1,False,53c62ce91bf8daf3c227,expected_aligned_shape,Qwen/Qwen3.6-35B-A3B-FP8,ok,32,127,5080,1355,0.26673228346456695,5080,3388,0.6669291338582677,0,0.0,0.9182757400080235,4664.840759240759,0.952632874015748,4839.375,Qwen/Qwen3.6-35B-A3B-FP8
code,40,127,8,40640,same_model,29187,0.7181840551181102,11453,0.28181594488188977,159,True,127,128,32,32,0,"[159, 40, 8]",0,True,32,True,128,159,32,0,0,32,"[128, 40, 8]",1,False,542fa4892010bb7f7267,expected_aligned_shape,Qwen/Qwen3.6-35B-A3B-FP8,ok,32,127,5080,1416,0.27874015748031494,5080,3275,0.6446850393700787,0,0.0,0.9036707343400258,4590.64733044733,0.941117125984252,4780.875,Qwen/Qwen3.6-35B-A3B-FP8
mixed_language,40,127,8,40640,same_model,31754,0.7813484251968504,8886,0.21865157480314962,159,True,127,128,32,32,0,"[159, 40, 8]",0,True,32,True,128,159,32,0,0,32,"[128, 40, 8]",1,False,546b10dcbb5d1cd53751,expected_aligned_shape,Qwen/Qwen3.6-35B-A3B-FP8,ok,32,127,5080,1848,0.3637795275590551,5080,3718,0.7318897637795275,0,0.0,0.9352139417887448,4750.886824286824,0.962253937007874,4888.25,Qwen/Qwen3.6-35B-A3B-FP8
code,40,127,8,40640,same_model,30950,0.7615649606299213,9690,0.23843503937007873,166,True,127,128,39,39,0,"[166, 40, 8]",0,True,39,True,128,166,39,0,0,39,"[128, 40, 8]",1,False,54b2848c7ef398c72652,expected_aligned_shape,Qwen/Qwen3.6-35B-A3B-FP8,ok,32,127,5080,1693,0.3332677165354331,5080,3546,0.6980314960629921,0,0.0,0.9245177700689512,4696.550271950272,0.9553887795275591,4853.375,Qwen/Qwen3.6-35B-A3B-FP8
needle,40,127,8,40640,same_model,29062,0.7151082677165355,11578,0.2848917322834646,159,True,127,128,32,32,0,"[159, 40, 8]",0,True,32,True,128,159,32,0,0,32,"[128, 40, 8]",1,False,54bdfad0f40a1aaf3b85,expected_aligned_shape,Qwen/Qwen3.6-35B-A3B-FP8,ok,32,127,5080,1326,0.2610236220472441,5080,3321,0.653740157480315,0,0.0,0.9122593722987425,4634.277611277611,0.9484251968503937,4818.0,Qwen/Qwen3.6-35B-A3B-FP8
chat,40,127,8,40640,same_model,30027,0.7388533464566929,10613,0.2611466535433071,159,True,127,128,32,32,0,"[159, 40, 8]",0,True,32,True,128,159,32,0,0,32,"[128, 40, 8]",1,False,554e94bcafe28423c71f,expected_aligned_shape,Qwen/Qwen3.6-35B-A3B-FP8,ok,32,127,5080,1538,0.30275590551181103,5080,3501,0.6891732283464567,0,0.0,0.923797278836649,4692.890176490177,0.9558316929133859,4855.625,Qwen/Qwen3.6-35B-A3B-FP8
json_structured,40,127,8,40640,same_model,29911,0.7359990157480315,10729,0.2640009842519685,159,True,127,128,32,32,0,"[159, 40, 8]",0,True,32,True,128,159,32,0,0,32,"[128, 40, 8]",1,False,55870432e125f8cb97d8,expected_aligned_shape,Qwen/Qwen3.6-35B-A3B-FP8,ok,32,127,5080,1465,0.28838582677165353,5080,3481,0.6852362204724409,0,0.0,0.9229456894811225,4688.5641025641025,0.9554133858267716,4853.5,Qwen/Qwen3.6-35B-A3B-FP8
low_margin,40,127,8,40640,same_model,30631,0.7537155511811023,10009,0.24628444881889763,167,True,127,128,40,40,0,"[167, 40, 8]",0,True,40,True,128,167,40,0,0,40,"[128, 40, 8]",1,False,560d79fc74bfcd50cbde,expected_aligned_shape,Qwen/Qwen3.6-35B-A3B-FP8,ok,32,127,5080,1615,0.31791338582677164,5080,3559,0.7005905511811024,0,0.0,0.9289458485521477,4719.0449106449105,0.9593257874015748,4873.375,Qwen/Qwen3.6-35B-A3B-FP8
low_margin,40,127,8,40640,same_model,29791,0.7330462598425197,10849,0.2669537401574803,166,True,127,128,39,39,0,"[166, 40, 8]",0,True,39,True,128,166,39,0,0,39,"[128, 40, 8]",1,False,562f5ed543ce4a206118,expected_aligned_shape,Qwen/Qwen3.6-35B-A3B-FP8,ok,32,127,5080,1505,0.296259842519685,5080,3466,0.6822834645669291,0,0.0,0.9198572031642896,4672.874592074592,0.9529035433070866,4840.75,Qwen/Qwen3.6-35B-A3B-FP8
json_structured,40,127,8,40640,same_model,30878,0.7597933070866142,9762,0.24020669291338584,159,True,127,128,32,32,0,"[159, 40, 8]",0,True,32,True,128,159,32,0,0,32,"[128, 40, 8]",1,False,5630de04f79e4bb72cb7,expected_aligned_shape,Qwen/Qwen3.6-35B-A3B-FP8,ok,32,127,5080,1735,0.34153543307086615,5080,3697,0.727755905511811,0,0.0,0.9317174951033218,4733.124875124875,0.9600639763779527,4877.125,Qwen/Qwen3.6-35B-A3B-FP8
low_margin,40,127,8,40640,same_model,30561,0.7519931102362205,10079,0.24800688976377952,167,True,127,128,40,40,0,"[167, 40, 8]",0,True,40,True,128,167,40,0,0,40,"[128, 40, 8]",1,False,56477bd2ca116777e5c5,expected_aligned_shape,Qwen/Qwen3.6-35B-A3B-FP8,ok,32,127,5080,1574,0.3098425196850394,5080,3557,0.7001968503937008,0,0.0,0.9288610514594766,4718.614141414141,0.9593011811023622,4873.25,Qwen/Qwen3.6-35B-A3B-FP8
short_qa,40,127,8,40640,same_model,31737,0.7809301181102363,8903,0.21906988188976378,159,True,127,128,32,32,0,"[159, 40, 8]",0,True,32,True,128,159,32,0,0,32,"[128, 40, 8]",1,False,572daf95c833baf0dcec,expected_aligned_shape,Qwen/Qwen3.6-35B-A3B-FP8,ok,32,127,5080,1825,0.359251968503937,5080,3859,0.7596456692913386,0,0.0,0.9441350513004056,4796.20606060606,0.9681840551181102,4918.375,Qwen/Qwen3.6-35B-A3B-FP8
mixed_language,40,127,8,40640,same_model,31039,0.7637549212598426,9601,0.2362450787401575,159,True,127,128,32,32,0,"[159, 40, 8]",0,True,32,True,128,159,32,0,0,32,"[128, 40, 8]",1,False,5750a3c2228713c9691c,expected_aligned_shape,Qwen/Qwen3.6-35B-A3B-FP8,ok,32,127,5080,1679,0.33051181102362204,5080,3693,0.7269685039370078,0,0.0,0.9325822296688439,4737.517726717727,0.9606299212598425,4880.0,Qwen/Qwen3.6-35B-A3B-FP8
summarization,40,127,8,40640,same_model,30299,0.7455462598425197,10341,0.2544537401574803,159,True,127,128,32,32,0,"[159, 40, 8]",0,True,32,True,128,159,32,0,0,32,"[128, 40, 8]",1,False,5754022ce0fec55bb119,expected_aligned_shape,Qwen/Qwen3.6-35B-A3B-FP8,ok,32,127,5080,1582,0.3114173228346457,5080,3526,0.6940944881889763,0,0.0,0.9246613404093719,4697.279609279609,0.9562992125984252,4858.0,Qwen/Qwen3.6-35B-A3B-FP8
chat,40,127,8,40640,same_model,29923,0.7362942913385827,10717,0.26370570866141735,167,True,127,128,40,40,0,"[167, 40, 8]",0,True,40,True,128,167,40,0,0,40,"[128, 40, 8]",1,False,576abc56eb013481cc99,expected_aligned_shape,Qwen/Qwen3.6-35B-A3B-FP8,ok,32,127,5080,1519,0.29901574803149605,5080,3484,0.6858267716535433,0,0.0,0.9183304534485636,4665.118703518703,0.9509104330708661,4830.625,Qwen/Qwen3.6-35B-A3B-FP8
low_margin,40,127,8,40640,same_model,30379,0.7475147637795275,10261,0.2524852362204724,167,True,127,128,40,40,0,"[167, 40, 8]",0,True,40,True,128,167,40,0,0,40,"[128, 40, 8]",1,False,577f7dc3d68b30d7d530,expected_aligned_shape,Qwen/Qwen3.6-35B-A3B-FP8,ok,32,127,5080,1600,0.31496062992125984,5080,3475,0.6840551181102362,0,0.0,0.923729420186113,4692.545454545455,0.9561515748031496,4857.25,Qwen/Qwen3.6-35B-A3B-FP8
json_structured,40,127,8,40640,same_model,31270,0.7694389763779528,9370,0.23056102362204725,167,True,127,128,40,40,0,"[167, 40, 8]",0,True,40,True,128,167,40,0,0,40,"[128, 40, 8]",1,False,57af939a4f6a2c71354f,expected_aligned_shape,Qwen/Qwen3.6-35B-A3B-FP8,ok,32,127,5080,1758,0.34606299212598424,5080,3710,0.7303149606299213,0,0.0,0.9342876371222828,4746.181196581197,0.9619586614173228,4886.75,Qwen/Qwen3.6-35B-A3B-FP8
needle,40,127,8,40640,same_model,30117,0.7410679133858268,10523,0.2589320866141732,159,True,127,128,32,32,0,"[159, 40, 8]",0,True,32,True,128,159,32,0,0,32,"[128, 40, 8]",1,False,57d451e1c5ecea5de61e,expected_aligned_shape,Qwen/Qwen3.6-35B-A3B-FP8,ok,32,127,5080,1480,0.29133858267716534,5080,3492,0.6874015748031496,0,0.0,0.9242381415609762,4695.129759129759,0.9563238188976378,4858.125,Qwen/Qwen3.6-35B-A3B-FP8
chat,40,127,8,40640,same_model,30258,0.7445374015748032,10382,0.25546259842519686,159,True,127,128,32,32,0,"[159, 40, 8]",0,True,32,True,128,159,32,0,0,32,"[128, 40, 8]",1,False,57d5b15e2cfbc32b03b6,expected_aligned_shape,Qwen/Qwen3.6-35B-A3B-FP8,ok,32,127,5080,1535,0.3021653543307087,5080,3519,0.6927165354330709,0,0.0,0.9246088032702207,4697.012720612721,0.9561515748031496,4857.25,Qwen/Qwen3.6-35B-A3B-FP8
code,40,127,8,40640,same_model,30903,0.7604084645669291,9737,0.23959153543307088,166,True,127,128,39,39,0,"[166, 40, 8]",0,True,39,True,128,166,39,0,0,39,"[128, 40, 8]",1,False,57ddda820206cc96a7fb,expected_aligned_shape,Qwen/Qwen3.6-35B-A3B-FP8,ok,32,127,5080,1636,0.3220472440944882,5080,3618,0.7122047244094488,0,0.0,0.9318269307245685,4733.680808080808,0.9610236220472441,4882.0,Qwen/Qwen3.6-35B-A3B-FP8
short_qa,40,127,8,40640,same_model,31083,0.7648375984251968,9557,0.23516240157480314,166,True,127,128,39,39,0,"[166, 40, 8]",0,True,39,True,128,166,39,0,0,39,"[128, 40, 8]",1,False,57e5edfe4bfdc595b137,expected_aligned_shape,Qwen/Qwen3.6-35B-A3B-FP8,ok,32,127,5080,1711,0.33681102362204723,5080,3652,0.7188976377952756,0,0.0,0.932965879265092,4739.466666666666,0.9615895669291339,4884.875,Qwen/Qwen3.6-35B-A3B-FP8
code,40,127,8,40640,same_model,29188,0.7182086614173229,11452,0.2817913385826772,159,True,127,128,32,32,0,"[159, 40, 8]",0,True,32,True,128,159,32,0,0,32,"[128, 40, 8]",1,False,582f0c06c4b95909a244,expected_aligned_shape,Qwen/Qwen3.6-35B-A3B-FP8,ok,32,127,5080,1401,0.27578740157480314,5080,3298,0.6492125984251969,0,0.0,0.9137961076543754,4642.084226884227,0.9501476377952756,4826.75,Qwen/Qwen3.6-35B-A3B-FP8
needle,40,127,8,40640,same_model,29333,0.7217765748031496,11307,0.2782234251968504,159,True,127,128,32,32,0,"[159, 40, 8]",0,True,32,True,128,159,32,0,0,32,"[128, 40, 8]",1,False,599a31b37ae05ff0a075,expected_aligned_shape,Qwen/Qwen3.6-35B-A3B-FP8,ok,32,127,5080,1414,0.2783464566929134,5080,3381,0.6655511811023622,0,0.0,0.9168475881074306,4657.585747585747,0.9517470472440945,4834.875,Qwen/Qwen3.6-35B-A3B-FP8
math_numeric,40,127,8,40640,same_model,30835,0.7587352362204725,9805,0.24126476377952755,159,True,127,128,32,32,0,"[159, 40, 8]",0,True,32,True,128,159,32,0,0,32,"[128, 40, 8]",1,False,5a3c286bbd77c07c6f95,expected_aligned_shape,Qwen/Qwen3.6-35B-A3B-FP8,ok,32,127,5080,1708,0.3362204724409449,5080,3586,0.7059055118110236,0,0.0,0.924297517880195,4695.431390831391,0.9546998031496063,4849.875,Qwen/Qwen3.6-35B-A3B-FP8
chat,40,127,8,40640,same_model,29964,0.7373031496062992,10676,0.2626968503937008,159,True,127,128,32,32,0,"[159, 40, 8]",0,True,32,True,128,159,32,0,0,32,"[128, 40, 8]",1,False,5a7f4b624dd1ca1761ad,expected_aligned_shape,Qwen/Qwen3.6-35B-A3B-FP8,ok,32,127,5080,1475,0.2903543307086614,5080,3493,0.6875984251968504,0,0.0,0.9230063986756901,4688.872505272505,0.9552903543307086,4852.875,Qwen/Qwen3.6-35B-A3B-FP8
mixed_language,40,127,8,40640,same_model,31011,0.7630659448818897,9629,0.23693405511811025,159,True,127,128,32,32,0,"[159, 40, 8]",0,True,32,True,128,159,32,0,0,32,"[128, 40, 8]",1,False,5ab0933af53af7ecae2c,expected_aligned_shape,Qwen/Qwen3.6-35B-A3B-FP8,ok,32,127,5080,1704,0.3354330708661417,5080,3682,0.7248031496062992,0,0.0,0.9324291980984895,4736.740326340327,0.9608267716535434,4881.0,Qwen/Qwen3.6-35B-A3B-FP8
chat,40,127,8,40640,same_model,30294,0.7454232283464567,10346,0.2545767716535433,167,True,127,128,40,40,0,"[167, 40, 8]",0,True,40,True,128,167,40,0,0,40,"[128, 40, 8]",1,False,5ab1ae48cf3d0e3431f0,expected_aligned_shape,Qwen/Qwen3.6-35B-A3B-FP8,ok,32,127,5080,1563,0.3076771653543307,5080,3542,0.697244094488189,0,0.0,0.9258585858585859,4703.361616161616,0.9571850393700787,4862.5,Qwen/Qwen3.6-35B-A3B-FP8
mixed_language,40,127,8,40640,same_model,32656,0.8035433070866141,7984,0.19645669291338583,159,True,127,128,32,32,0,"[159, 40, 8]",0,True,32,True,128,159,32,0,0,32,"[128, 40, 8]",1,False,5ab8d349fa9b77ccf269,expected_aligned_shape,Qwen/Qwen3.6-35B-A3B-FP8,ok,32,127,5080,2021,0.39783464566929133,5080,3930,0.7736220472440944,0,0.0,0.9475399665950848,4813.503030303031,0.9701525590551181,4928.375,Qwen/Qwen3.6-35B-A3B-FP8
needle,40,127,8,40640,same_model,29630,0.7290846456692913,11010,0.2709153543307087,159,True,127,128,32,32,0,"[159, 40, 8]",0,True,32,True,128,159,32,0,0,32,"[128, 40, 8]",1,False,5abaf978363d8e88c99e,expected_aligned_shape,Qwen/Qwen3.6-35B-A3B-FP8,ok,32,127,5080,1457,0.28681102362204725,5080,3434,0.675984251968504,0,0.0,0.9208760618209438,4678.050394050394,0.9542568897637795,4847.625,Qwen/Qwen3.6-35B-A3B-FP8
code,40,127,8,40640,same_model,30259,0.7445620078740157,10381,0.2554379921259842,166,True,127,128,39,39,0,"[166, 40, 8]",0,True,39,True,128,166,39,0,0,39,"[128, 40, 8]",1,False,5b5d918703c22348809f,expected_aligned_shape,Qwen/Qwen3.6-35B-A3B-FP8,ok,32,127,5080,1573,0.3096456692913386,5080,3540,0.6968503937007874,0,0.0,0.9255807709351016,4701.950316350316,0.9568897637795276,4861.0,Qwen/Qwen3.6-35B-A3B-FP8
summarization,40,127,8,40640,same_model,30293,0.745398622047244,10347,0.2546013779527559,159,True,127,128,32,32,0,"[159, 40, 8]",0,True,32,True,128,159,32,0,0,32,"[128, 40, 8]",1,False,5b71b71b3bd4a0357b83,expected_aligned_shape,Qwen/Qwen3.6-35B-A3B-FP8,ok,32,127,5080,1614,0.3177165354330709,5080,3555,0.6998031496062992,0,0.0,0.925368743242759,4700.873215673216,0.9563976377952756,4858.5,Qwen/Qwen3.6-35B-A3B-FP8
summarization,40,127,8,40640,same_model,31336,0.7710629921259843,9304,0.22893700787401575,167,True,127,128,40,40,0,"[167, 40, 8]",0,True,40,True,128,167,40,0,0,40,"[128, 40, 8]",1,False,5b841a26c13cf33684e6,expected_aligned_shape,Qwen/Qwen3.6-35B-A3B-FP8,ok,32,127,5080,1777,0.3498031496062992,5080,3713,0.7309055118110236,0,0.0,0.9351204963015985,4750.412121212121,0.9626722440944881,4890.375,Qwen/Qwen3.6-35B-A3B-FP8
json_structured,40,127,8,40640,same_model,31018,0.763238188976378,9622,0.23676181102362204,167,True,127,128,40,40,0,"[167, 40, 8]",0,True,40,True,128,167,40,0,0,40,"[128, 40, 8]",1,False,5bb673414bc8cc2d2e9e,expected_aligned_shape,Qwen/Qwen3.6-35B-A3B-FP8,ok,32,127,5080,1735,0.34153543307086615,5080,3688,0.7259842519685039,0,0.0,0.9335691823487099,4742.531446331446,0.9614665354330708,4884.25,Qwen/Qwen3.6-35B-A3B-FP8
chat,40,127,8,40640,same_model,30416,0.7484251968503937,10224,0.2515748031496063,159,True,127,128,32,32,0,"[159, 40, 8]",0,True,32,True,128,159,32,0,0,32,"[128, 40, 8]",1,False,5bb9a04de1014f32efd5,expected_aligned_shape,Qwen/Qwen3.6-35B-A3B-FP8,ok,32,127,5080,1522,0.2996062992125984,5080,3565,0.7017716535433071,0,0.0,0.928277942529911,4715.651948051948,0.958759842519685,4870.5,Qwen/Qwen3.6-35B-A3B-FP8
logs,40,127,8,40640,same_model,30483,0.7500738188976378,10157,0.2499261811023622,159,True,127,128,32,32,0,"[159, 40, 8]",0,True,32,True,128,159,32,0,0,32,"[128, 40, 8]",1,False,5bcb6e9f461feb294c87,expected_aligned_shape,Qwen/Qwen3.6-35B-A3B-FP8,ok,32,127,5080,1613,0.31751968503937006,5080,3579,0.7045275590551181,0,0.0,0.9295625546806647,4722.177777777778,0.9596456692913385,4875.0,Qwen/Qwen3.6-35B-A3B-FP8
json_structured,40,127,8,40640,same_model,30174,0.7424704724409449,10466,0.2575295275590551,167,True,127,128,40,40,0,"[167, 40, 8]",0,True,40,True,128,167,40,0,0,40,"[128, 40, 8]",1,False,5c3e9712863ad17fe87b,expected_aligned_shape,Qwen/Qwen3.6-35B-A3B-FP8,ok,32,127,5080,1464,0.28818897637795277,5080,3448,0.6787401574803149,0,0.0,0.9225956196034936,4686.785747585747,0.9554872047244094,4853.875,Qwen/Qwen3.6-35B-A3B-FP8
chat,40,127,8,40640,same_model,30366,0.7471948818897638,10274,0.2528051181102362,167,True,127,128,40,40,0,"[167, 40, 8]",0,True,40,True,128,167,40,0,0,40,"[128, 40, 8]",1,False,5cc3b2ea8220fee25c5a,expected_aligned_shape,Qwen/Qwen3.6-35B-A3B-FP8,ok,32,127,5080,1553,0.30570866141732284,5080,3538,0.6964566929133859,0,0.0,0.9272440944881889,4710.4,0.9582431102362204,4867.875,Qwen/Qwen3.6-35B-A3B-FP8
mixed_language,40,84,8,26880,same_model,21195,0.7885044642857143,5685,0.21149553571428573,116,True,84,85,32,32,0,"[116, 40, 8]",0,True,32,True,85,116,32,0,0,32,"[85, 40, 8]",1,False,5ccc53138865441b7e9c,expected_aligned_shape,Qwen/Qwen3.6-35B-A3B-FP8,ok,32,84,3360,1267,0.3770833333333333,3360,2515,0.7485119047619048,0,0.0,0.9416654641654643,3163.9959595959594,0.9668154761904761,3248.5,Qwen/Qwen3.6-35B-A3B-FP8
needle,40,127,8,40640,same_model,29244,0.7195866141732283,11396,0.28041338582677167,159,True,127,128,32,32,0,"[159, 40, 8]",0,True,32,True,128,159,32,0,0,32,"[128, 40, 8]",1,False,5ce1aa69b2eabf0ab880,expected_aligned_shape,Qwen/Qwen3.6-35B-A3B-FP8,ok,32,127,5080,1398,0.2751968503937008,5080,3309,0.6513779527559055,0,0.0,0.912856076556864,4637.308868908869,0.9493110236220472,4822.5,Qwen/Qwen3.6-35B-A3B-FP8
low_margin,40,127,8,40640,same_model,31311,0.7704478346456692,9329,0.2295521653543307,166,True,127,128,39,39,0,"[166, 40, 8]",0,True,39,True,128,166,39,0,0,39,"[128, 40, 8]",1,False,5d6436da268b099bc9ae,expected_aligned_shape,Qwen/Qwen3.6-35B-A3B-FP8,ok,32,127,5080,1749,0.3442913385826772,5080,3716,0.731496062992126,0,0.0,0.9366340571064982,4758.10101010101,0.9637795275590552,4896.0,Qwen/Qwen3.6-35B-A3B-FP8
code,40,127,8,40640,same_model,30026,0.7388287401574803,10614,0.2611712598425197,159,True,127,128,32,32,0,"[159, 40, 8]",0,True,32,True,128,159,32,0,0,32,"[128, 40, 8]",1,False,5d954451505bcd01a0b6,expected_aligned_shape,Qwen/Qwen3.6-35B-A3B-FP8,ok,32,127,5080,1586,0.3122047244094488,5080,3473,0.6836614173228347,0,0.0,0.9174418188985117,4660.60444000444,0.9508366141732284,4830.25,Qwen/Qwen3.6-35B-A3B-FP8
json_structured,40,127,8,40640,same_model,29496,0.7257874015748031,11144,0.27421259842519685,159,True,127,128,32,32,0,"[159, 40, 8]",0,True,32,True,128,159,32,0,0,32,"[128, 40, 8]",1,False,5dc2433ac93e3f045e6f,expected_aligned_shape,Qwen/Qwen3.6-35B-A3B-FP8,ok,32,127,5080,1400,0.2755905511811024,5080,3388,0.6669291338582677,0,0.0,0.9171822403318466,4659.285780885781,0.95189468503937,4835.625,Qwen/Qwen3.6-35B-A3B-FP8
json_structured,40,127,8,40640,same_model,29227,0.7191683070866142,11413,0.28083169291338583,159,True,127,128,32,32,0,"[159, 40, 8]",0,True,32,True,128,159,32,0,0,32,"[128, 40, 8]",1,False,5dec9ebe264afa9af17b,expected_aligned_shape,Qwen/Qwen3.6-35B-A3B-FP8,ok,32,127,5080,1331,0.26200787401574804,5080,3316,0.6527559055118111,0,0.0,0.914419054261574,4645.248795648796,0.9503444881889764,4827.75,Qwen/Qwen3.6-35B-A3B-FP8
needle,40,127,8,40640,same_model,28982,0.7131397637795276,11658,0.28686023622047246,159,True,127,128,32,32,0,"[159, 40, 8]",0,True,32,True,128,159,32,0,0,32,"[128, 40, 8]",1,False,5e4285f7c6a076ba71ba,expected_aligned_shape,Qwen/Qwen3.6-35B-A3B-FP8,ok,32,127,5080,1308,0.2574803149606299,5080,3327,0.6549212598425197,0,0.0,0.9145181065653506,4645.751981351981,0.950369094488189,4827.875,Qwen/Qwen3.6-35B-A3B-FP8
math_numeric,40,127,8,40640,same_model,22833,0.5618356299212598,17807,0.43816437007874015,159,True,127,128,32,32,0,"[159, 40, 8]",0,True,32,True,128,159,32,0,0,32,"[128, 40, 8]",1,False,5e60c1c8b6ea2c098870,expected_aligned_shape,Qwen/Qwen3.6-35B-A3B-FP8,ok,32,127,5080,566,0.11141732283464567,5080,2151,0.4234251968503937,0,0.0,0.8274864811478985,4203.6313242313245,0.890994094488189,4526.25,Qwen/Qwen3.6-35B-A3B-FP8
needle,40,127,8,40640,same_model,29693,0.730634842519685,10947,0.269365157480315,159,True,127,128,32,32,0,"[159, 40, 8]",0,True,32,True,128,159,32,0,0,32,"[128, 40, 8]",1,False,5ec469aa0ce5140ec633,expected_aligned_shape,Qwen/Qwen3.6-35B-A3B-FP8,ok,32,127,5080,1443,0.2840551181102362,5080,3421,0.6734251968503937,0,0.0,0.9192441067244215,4669.760062160062,0.9531988188976378,4842.25,Qwen/Qwen3.6-35B-A3B-FP8
math_numeric,40,127,8,40640,same_model,30559,0.7519438976377952,10081,0.2480561023622047,159,True,127,128,32,32,0,"[159, 40, 8]",0,True,32,True,128,159,32,0,0,32,"[128, 40, 8]",1,False,5f2bea854f44d77c4f9e,expected_aligned_shape,Qwen/Qwen3.6-35B-A3B-FP8,ok,32,127,5080,1666,0.3279527559055118,5080,3521,0.6931102362204724,0,0.0,0.9214333610396602,4680.881474081474,0.9537893700787402,4845.25,Qwen/Qwen3.6-35B-A3B-FP8
low_margin,40,127,8,40640,same_model,30346,0.7467027559055118,10294,0.25329724409448817,167,True,127,128,40,40,0,"[167, 40, 8]",0,True,40,True,128,167,40,0,0,40,"[128, 40, 8]",1,False,5fa103d525773692e93e,expected_aligned_shape,Qwen/Qwen3.6-35B-A3B-FP8,ok,32,127,5080,1566,0.30826771653543306,5080,3515,0.6919291338582677,0,0.0,0.9250528911158833,4699.268686868687,0.9567913385826772,4860.5,Qwen/Qwen3.6-35B-A3B-FP8
mixed_language,40,127,8,40640,same_model,31482,0.7746555118110237,9158,0.22534448818897637,159,True,127,128,32,32,0,"[159, 40, 8]",0,True,32,True,128,159,32,0,0,32,"[128, 40, 8]",1,False,60211dc01512519f5f6c,expected_aligned_shape,Qwen/Qwen3.6-35B-A3B-FP8,ok,32,127,5080,1871,0.3683070866141732,5080,3738,0.7358267716535433,0,0.0,0.936871072934065,4759.3050505050505,0.9638287401574803,4896.25,Qwen/Qwen3.6-35B-A3B-FP8
summarization,40,127,8,40640,same_model,30426,0.7486712598425197,10214,0.2513287401574803,159,True,127,128,32,32,0,"[159, 40, 8]",0,True,32,True,128,159,32,0,0,32,"[128, 40, 8]",1,False,60794c5d59c308b41cfb,expected_aligned_shape,Qwen/Qwen3.6-35B-A3B-FP8,ok,32,127,5080,1621,0.3190944881889764,5080,3549,0.6986220472440945,0,0.0,0.9249637589007669,4698.815895215896,0.9562007874015748,4857.5,Qwen/Qwen3.6-35B-A3B-FP8
summarization,40,127,8,40640,same_model,29822,0.7338090551181102,10818,0.26619094488188977,159,True,127,128,32,32,0,"[159, 40, 8]",0,True,32,True,128,159,32,0,0,32,"[128, 40, 8]",1,False,60a014ca03d8b7493ef2,expected_aligned_shape,Qwen/Qwen3.6-35B-A3B-FP8,ok,32,127,5080,1505,0.296259842519685,5080,3423,0.6738188976377952,0,0.0,0.9188414997076415,4667.714818514819,0.9527312992125985,4839.875,Qwen/Qwen3.6-35B-A3B-FP8
logs,40,127,8,40640,same_model,31359,0.771628937007874,9281,0.22837106299212598,159,True,127,128,32,32,0,"[159, 40, 8]",0,True,32,True,128,159,32,0,0,32,"[128, 40, 8]",1,False,60c5a4f41ae1be2940ff,expected_aligned_shape,Qwen/Qwen3.6-35B-A3B-FP8,ok,32,127,5080,1783,0.3509842519685039,5080,3709,0.7301181102362204,0,0.0,0.9367748349638113,4758.8161616161615,0.9639517716535433,4896.875,Qwen/Qwen3.6-35B-A3B-FP8
logs,40,127,8,40640,same_model,30227,0.7437746062992125,10413,0.2562253937007874,159,True,127,128,32,32,0,"[159, 40, 8]",0,True,32,True,128,159,32,0,0,32,"[128, 40, 8]",1,False,60da264064e9ae3d6aff,expected_aligned_shape,Qwen/Qwen3.6-35B-A3B-FP8,ok,32,127,5080,1535,0.3021653543307087,5080,3522,0.6933070866141732,0,0.0,0.9243536865584111,4695.716727716727,0.9559547244094488,4856.25,Qwen/Qwen3.6-35B-A3B-FP8
short_qa,40,127,8,40640,same_model,30671,0.7546998031496063,9969,0.2453001968503937,159,True,127,128,32,32,0,"[159, 40, 8]",0,True,32,True,128,159,32,0,0,32,"[128, 40, 8]",1,False,618efcb627bbc74f53f2,expected_aligned_shape,Qwen/Qwen3.6-35B-A3B-FP8,ok,32,127,5080,1654,0.32559055118110236,5080,3592,0.7070866141732284,0,0.0,0.9289869011128854,4719.253457653458,0.9589812992125984,4871.625,Qwen/Qwen3.6-35B-A3B-FP8
logs,40,127,8,40640,same_model,28940,0.7121062992125984,11700,0.28789370078740156,159,True,127,128,32,32,0,"[159, 40, 8]",0,True,32,True,128,159,32,0,0,32,"[128, 40, 8]",1,False,61aa77e345b1f02cbb13,expected_aligned_shape,Qwen/Qwen3.6-35B-A3B-FP8,ok,32,127,5080,1337,0.26318897637795274,5080,3228,0.6354330708661418,0,0.0,0.9088700276101851,4617.0597402597405,0.946875,4810.125,Qwen/Qwen3.6-35B-A3B-FP8
code,40,127,8,40640,same_model,30013,0.7385088582677165,10627,0.26149114173228344,166,True,127,128,39,39,0,"[166, 40, 8]",0,True,39,True,128,166,39,0,0,39,"[128, 40, 8]",1,False,61d3849a193f9e7cabb2,expected_aligned_shape,Qwen/Qwen3.6-35B-A3B-FP8,ok,32,127,5080,1512,0.29763779527559053,5080,3451,0.6793307086614173,0,0.0,0.9190404171506534,4668.725319125319,0.95189468503937,4835.625,Qwen/Qwen3.6-35B-A3B-FP8
needle,40,127,8,40640,same_model,29358,0.7223917322834645,11282,0.2776082677165354,159,True,127,128,32,32,0,"[159, 40, 8]",0,True,32,True,128,159,32,0,0,32,"[128, 40, 8]",1,False,61dad56979eb7448dc31,expected_aligned_shape,Qwen/Qwen3.6-35B-A3B-FP8,ok,32,127,5080,1375,0.2706692913385827,5080,3317,0.6529527559055118,0,0.0,0.915233926178808,4649.388344988345,0.951107283464567,4831.625,Qwen/Qwen3.6-35B-A3B-FP8
code,40,127,8,40640,same_model,30823,0.7584399606299213,9817,0.24156003937007875,159,True,127,128,32,32,0,"[159, 40, 8]",0,True,32,True,128,159,32,0,0,32,"[128, 40, 8]",1,False,62206ac3511509952e6a,expected_aligned_shape,Qwen/Qwen3.6-35B-A3B-FP8,ok,32,127,5080,1675,0.3297244094488189,5080,3605,0.7096456692913385,0,0.0,0.9286907799112524,4717.749161949162,0.958513779527559,4869.25,Qwen/Qwen3.6-35B-A3B-FP8
short_qa,40,127,8,40640,same_model,29462,0.7249507874015748,11178,0.2750492125984252,159,True,127,128,32,32,0,"[159, 40, 8]",0,True,32,True,128,159,32,0,0,32,"[128, 40, 8]",1,False,62349ed5700df0f9b090,expected_aligned_shape,Qwen/Qwen3.6-35B-A3B-FP8,ok,32,127,5080,1421,0.2797244094488189,5080,3356,0.6606299212598425,0,0.0,0.9141900619065972,4644.085514485514,0.949384842519685,4822.875,Qwen/Qwen3.6-35B-A3B-FP8
math_numeric,40,127,8,40640,same_model,23114,0.56875,17526,0.43125,159,True,127,128,32,32,0,"[159, 40, 8]",0,True,32,True,128,159,32,0,0,32,"[128, 40, 8]",1,False,625ba97508abd5ba47b3,expected_aligned_shape,Qwen/Qwen3.6-35B-A3B-FP8,ok,32,127,5080,548,0.1078740157480315,5080,2217,0.4364173228346457,0,0.0,0.8412052689218045,4273.322766122767,0.9036663385826772,4590.625,Qwen/Qwen3.6-35B-A3B-FP8
code,40,127,8,40640,same_model,29898,0.7356791338582677,10742,0.2643208661417323,159,True,127,128,32,32,0,"[159, 40, 8]",0,True,32,True,128,159,32,0,0,32,"[128, 40, 8]",1,False,635a84b1fcccb143191a,expected_aligned_shape,Qwen/Qwen3.6-35B-A3B-FP8,ok,32,127,5080,1572,0.3094488188976378,5080,3475,0.6840551181102362,0,0.0,0.9160157078267315,4653.359795759796,0.9489665354330709,4820.75,Qwen/Qwen3.6-35B-A3B-FP8
short_qa,40,127,8,40640,same_model,29750,0.7320374015748031,10890,0.2679625984251969,159,True,127,128,32,32,0,"[159, 40, 8]",0,True,32,True,128,159,32,0,0,32,"[128, 40, 8]",1,False,63e60c51c3ab97ae4333,expected_aligned_shape,Qwen/Qwen3.6-35B-A3B-FP8,ok,32,127,5080,1532,0.3015748031496063,5080,3388,0.6669291338582677,0,0.0,0.9131237834781143,4638.66882006882,0.9483021653543308,4817.375,Qwen/Qwen3.6-35B-A3B-FP8
short_qa,40,127,8,40640,same_model,31590,0.7773129921259843,9050,0.22268700787401574,159,True,127,128,32,32,0,"[159, 40, 8]",0,True,32,True,128,159,32,0,0,32,"[128, 40, 8]",1,False,64538eda0671b21a41c4,expected_aligned_shape,Qwen/Qwen3.6-35B-A3B-FP8,ok,32,127,5080,1770,0.3484251968503937,5080,3760,0.7401574803149606,0,0.0,0.9384820428914915,4767.488777888778,0.9647391732283465,4900.875,Qwen/Qwen3.6-35B-A3B-FP8
json_structured,40,127,8,40640,same_model,30281,0.745103346456693,10359,0.2548966535433071,167,True,127,128,40,40,0,"[167, 40, 8]",0,True,40,True,128,167,40,0,0,40,"[128, 40, 8]",1,False,64564143259d7ae5b3d4,expected_aligned_shape,Qwen/Qwen3.6-35B-A3B-FP8,ok,32,127,5080,1551,0.30531496062992125,5080,3580,0.7047244094488189,0,0.0,0.9266163101989874,4707.210855810856,0.9569389763779528,4861.25,Qwen/Qwen3.6-35B-A3B-FP8
needle,40,127,8,40640,same_model,29052,0.7148622047244094,11588,0.2851377952755906,159,True,127,128,32,32,0,"[159, 40, 8]",0,True,32,True,128,159,32,0,0,32,"[128, 40, 8]",1,False,647c36c6afdb90483e6e,expected_aligned_shape,Qwen/Qwen3.6-35B-A3B-FP8,ok,32,127,5080,1356,0.2669291338582677,5080,3313,0.6521653543307087,0,0.0,0.9132443147403778,4639.281118881119,0.9495816929133858,4823.875,Qwen/Qwen3.6-35B-A3B-FP8
chat,40,127,8,40640,same_model,30039,0.7391486220472441,10601,0.2608513779527559,167,True,127,128,40,40,0,"[167, 40, 8]",0,True,40,True,128,167,40,0,0,40,"[128, 40, 8]",1,False,648175fcca5e2556c1df,expected_aligned_shape,Qwen/Qwen3.6-35B-A3B-FP8,ok,32,127,5080,1512,0.29763779527559053,5080,3526,0.6940944881889763,0,0.0,0.9273363556828123,4710.868686868687,0.9584153543307087,4868.75,Qwen/Qwen3.6-35B-A3B-FP8
needle,40,127,8,40640,same_model,29725,0.7314222440944882,10915,0.2685777559055118,159,True,127,128,32,32,0,"[159, 40, 8]",0,True,32,True,128,159,32,0,0,32,"[128, 40, 8]",1,False,6491221fae4e7da9bb37,expected_aligned_shape,Qwen/Qwen3.6-35B-A3B-FP8,ok,32,127,5080,1417,0.27893700787401576,5080,3432,0.6755905511811023,0,0.0,0.9219295315358307,4683.40202020202,0.9551919291338583,4852.375,Qwen/Qwen3.6-35B-A3B-FP8
summarization,40,127,8,40640,same_model,31033,0.763607283464567,9607,0.23639271653543306,167,True,127,128,40,40,0,"[167, 40, 8]",0,True,40,True,128,167,40,0,0,40,"[128, 40, 8]",1,False,649e0a93f32d42bfc05d,expected_aligned_shape,Qwen/Qwen3.6-35B-A3B-FP8,ok,32,127,5080,1712,0.33700787401574805,5080,3636,0.715748031496063,0,0.0,0.9307770182573333,4728.347252747253,0.9597933070866141,4875.75,Qwen/Qwen3.6-35B-A3B-FP8
logs,40,127,8,40640,same_model,30891,0.7601131889763779,9749,0.23988681102362205,159,True,127,128,32,32,0,"[159, 40, 8]",0,True,32,True,128,159,32,0,0,32,"[128, 40, 8]",1,False,64bccc426add290c5c66,expected_aligned_shape,Qwen/Qwen3.6-35B-A3B-FP8,ok,32,127,5080,1694,0.33346456692913384,5080,3587,0.7061023622047244,0,0.0,0.9286770185195382,4717.679254079254,0.9589320866141732,4871.375,Qwen/Qwen3.6-35B-A3B-FP8
needle,40,127,8,40640,same_model,29559,0.7273375984251969,11081,0.27266240157480315,159,True,127,128,32,32,0,"[159, 40, 8]",0,True,32,True,128,159,32,0,0,32,"[128, 40, 8]",1,False,64c832a40bb0a8a5122b,expected_aligned_shape,Qwen/Qwen3.6-35B-A3B-FP8,ok,32,127,5080,1450,0.2854330708661417,5080,3434,0.675984251968504,0,0.0,0.9210034104128592,4678.6973248973245,0.9540354330708661,4846.5,Qwen/Qwen3.6-35B-A3B-FP8
logs,40,127,8,40640,same_model,29372,0.7227362204724409,11268,0.27726377952755904,159,True,127,128,32,32,0,"[159, 40, 8]",0,True,32,True,128,159,32,0,0,32,"[128, 40, 8]",1,False,64d31e3be638fe6fcbd5,expected_aligned_shape,Qwen/Qwen3.6-35B-A3B-FP8,ok,32,127,5080,1394,0.2744094488188976,5080,3411,0.6714566929133858,0,0.0,0.9199545423954872,4673.369075369075,0.9537401574803149,4845.0,Qwen/Qwen3.6-35B-A3B-FP8
low_margin,40,127,8,40640,same_model,31832,0.783267716535433,8808,0.21673228346456694,166,True,127,128,39,39,0,"[166, 40, 8]",0,True,39,True,128,166,39,0,0,39,"[128, 40, 8]",1,False,64daa5bfff610e9e66ad,expected_aligned_shape,Qwen/Qwen3.6-35B-A3B-FP8,ok,32,127,5080,1824,0.3590551181102362,5080,3772,0.74251968503937,0,0.0,0.9394957448500755,4772.638383838384,0.9654773622047244,4904.625,Qwen/Qwen3.6-35B-A3B-FP8
needle,40,127,8,40640,same_model,29604,0.7284448818897638,11036,0.2715551181102362,159,True,127,128,32,32,0,"[159, 40, 8]",0,True,32,True,128,159,32,0,0,32,"[128, 40, 8]",1,False,66e7499ea01736aa6aad,expected_aligned_shape,Qwen/Qwen3.6-35B-A3B-FP8,ok,32,127,5080,1402,0.27598425196850396,5080,3434,0.675984251968504,0,0.0,0.9223494790423924,4685.535353535353,0.9554872047244094,4853.875,Qwen/Qwen3.6-35B-A3B-FP8
math_numeric,40,127,8,40640,same_model,20662,0.5084153543307086,19978,0.49158464566929133,159,True,127,128,32,32,0,"[159, 40, 8]",0,True,32,True,128,159,32,0,0,32,"[128, 40, 8]",1,False,66f224dcb038a724920f,expected_aligned_shape,Qwen/Qwen3.6-35B-A3B-FP8,ok,32,127,5080,376,0.07401574803149606,5080,1847,0.3635826771653543,0,0.0,0.7953791833713094,4040.5262515262516,0.8671998031496063,4405.375,Qwen/Qwen3.6-35B-A3B-FP8
logs,40,103,8,32960,same_model,26377,0.8002730582524272,6583,0.19972694174757283,135,True,103,104,32,32,0,"[135, 40, 8]",0,True,32,True,104,135,32,0,0,32,"[104, 40, 8]",1,False,66f56fe8b57a5be4db53,expected_aligned_shape,Qwen/Qwen3.6-35B-A3B-FP8,ok,32,103,4120,1665,0.404126213592233,4120,3180,0.7718446601941747,0,0.0,0.945178165954865,3894.1340437340436,0.9682038834951456,3989.0,Qwen/Qwen3.6-35B-A3B-FP8
needle,40,127,8,40640,same_model,29426,0.7240649606299212,11214,0.27593503937007874,159,True,127,128,32,32,0,"[159, 40, 8]",0,True,32,True,128,159,32,0,0,32,"[128, 40, 8]",1,False,67345eef265eb7d10e43,expected_aligned_shape,Qwen/Qwen3.6-35B-A3B-FP8,ok,32,127,5080,1466,0.28858267716535435,5080,3356,0.6606299212598425,0,0.0,0.9152596659683274,4649.519103119103,0.9504675196850394,4828.375,Qwen/Qwen3.6-35B-A3B-FP8
logs,40,127,8,40640,same_model,30157,0.7420521653543307,10483,0.2579478346456693,159,True,127,128,32,32,0,"[159, 40, 8]",0,True,32,True,128,159,32,0,0,32,"[128, 40, 8]",1,False,675ce1bac13b9c77eba6,expected_aligned_shape,Qwen/Qwen3.6-35B-A3B-FP8,ok,32,127,5080,1532,0.3015748031496063,5080,3529,0.6946850393700787,0,0.0,0.927571964343618,4712.065578865579,0.958513779527559,4869.25,Qwen/Qwen3.6-35B-A3B-FP8
math_numeric,40,127,8,40640,same_model,31668,0.779232283464567,8972,0.22076771653543306,159,True,127,128,32,32,0,"[159, 40, 8]",0,True,32,True,128,159,32,0,0,32,"[128, 40, 8]",1,False,681642b7dbd11004c115,expected_aligned_shape,Qwen/Qwen3.6-35B-A3B-FP8,ok,32,127,5080,1817,0.3576771653543307,5080,3649,0.7183070866141732,0,0.0,0.9313440278007207,4731.227661227661,0.960236220472441,4878.0,Qwen/Qwen3.6-35B-A3B-FP8
short_qa,40,127,8,40640,same_model,28988,0.7132874015748032,11652,0.28671259842519686,159,True,127,128,32,32,0,"[159, 40, 8]",0,True,32,True,128,159,32,0,0,32,"[128, 40, 8]",1,False,68607053dacf386c2ddd,expected_aligned_shape,Qwen/Qwen3.6-35B-A3B-FP8,ok,32,127,5080,1346,0.26496062992125985,5080,3229,0.6356299212598425,0,0.0,0.9101908852302554,4623.769696969697,0.9480807086614174,4816.25,Qwen/Qwen3.6-35B-A3B-FP8
short_qa,40,127,8,40640,same_model,31551,0.776353346456693,9089,0.2236466535433071,166,True,127,128,39,39,0,"[166, 40, 8]",0,True,39,True,128,166,39,0,0,39,"[128, 40, 8]",1,False,686174b9d82c11ff58c5,expected_aligned_shape,Qwen/Qwen3.6-35B-A3B-FP8,ok,32,127,5080,1828,0.3598425196850394,5080,3765,0.7411417322834646,0,0.0,0.9390797741191442,4770.525252525253,0.9652066929133858,4903.25,Qwen/Qwen3.6-35B-A3B-FP8
logs,40,65,8,20800,same_model,14193,0.6823557692307692,6607,0.31764423076923076,97,True,65,66,32,32,0,"[97, 40, 8]",0,True,32,True,66,97,32,0,0,32,"[66, 40, 8]",1,False,68cf4ae41e4a4e18968d,expected_aligned_shape,Qwen/Qwen3.6-35B-A3B-FP8,ok,32,65,2600,608,0.23384615384615384,2600,1607,0.6180769230769231,0,0.0,0.9001214682753144,2340.3158175158173,0.9409134615384616,2446.375,Qwen/Qwen3.6-35B-A3B-FP8
json_structured,40,127,8,40640,same_model,28809,0.708882874015748,11831,0.291117125984252,159,True,127,128,32,32,0,"[159, 40, 8]",0,True,32,True,128,159,32,0,0,32,"[128, 40, 8]",1,False,691dadfbe89de16b8efd,expected_aligned_shape,Qwen/Qwen3.6-35B-A3B-FP8,ok,32,127,5080,1264,0.24881889763779527,5080,3275,0.6446850393700787,0,0.0,0.9131812981419283,4638.960994560995,0.9497785433070867,4824.875,Qwen/Qwen3.6-35B-A3B-FP8
code,40,127,8,40640,same_model,29780,0.7327755905511811,10860,0.2672244094488189,166,True,127,128,39,39,0,"[166, 40, 8]",0,True,39,True,128,166,39,0,0,39,"[128, 40, 8]",1,False,6922a8786e12ef51efb9,expected_aligned_shape,Qwen/Qwen3.6-35B-A3B-FP8,ok,32,127,5080,1449,0.28523622047244096,5080,3490,0.687007874015748,0,0.0,0.9229493865714339,4688.582883782884,0.9547736220472441,4850.25,Qwen/Qwen3.6-35B-A3B-FP8
mixed_language,40,101,8,32320,same_model,25666,0.7941212871287129,6654,0.20587871287128712,133,True,101,102,32,32,0,"[133, 40, 8]",0,True,32,True,102,133,32,0,0,32,"[102, 40, 8]",1,False,694033e392836cbb1ca7,expected_aligned_shape,Qwen/Qwen3.6-35B-A3B-FP8,ok,32,101,4040,1601,0.3962871287128713,4040,3072,0.7603960396039604,0,0.0,0.9447544754475449,3816.808080808081,0.9686262376237624,3913.25,Qwen/Qwen3.6-35B-A3B-FP8
math_numeric,40,127,8,40640,same_model,30753,0.7567175196850394,9887,0.24328248031496064,159,True,127,128,32,32,0,"[159, 40, 8]",0,True,32,True,128,159,32,0,0,32,"[128, 40, 8]",1,False,69877842f87fc32699bb,expected_aligned_shape,Qwen/Qwen3.6-35B-A3B-FP8,ok,32,127,5080,1627,0.3202755905511811,5080,3564,0.7015748031496063,0,0.0,0.9278458724128015,4713.457031857032,0.9584399606299212,4868.875,Qwen/Qwen3.6-35B-A3B-FP8
code,40,127,8,40640,same_model,30188,0.7428149606299213,10452,0.25718503937007875,166,True,127,128,39,39,0,"[166, 40, 8]",0,True,39,True,128,166,39,0,0,39,"[128, 40, 8]",1,False,69bb6f61611966bb3ee3,expected_aligned_shape,Qwen/Qwen3.6-35B-A3B-FP8,ok,32,127,5080,1491,0.293503937007874,5080,3515,0.6919291338582677,0,0.0,0.9263048500056374,4705.628638028638,0.9576525590551181,4864.875,Qwen/Qwen3.6-35B-A3B-FP8
needle,40,127,8,40640,same_model,30114,0.740994094488189,10526,0.259005905511811,159,True,127,128,32,32,0,"[159, 40, 8]",0,True,32,True,128,159,32,0,0,32,"[128, 40, 8]",1,False,69ccc9036a52d9a887e9,expected_aligned_shape,Qwen/Qwen3.6-35B-A3B-FP8,ok,32,127,5080,1510,0.297244094488189,5080,3496,0.6881889763779527,0,0.0,0.9243601368010816,4695.749494949495,0.9564714566929133,4858.875,Qwen/Qwen3.6-35B-A3B-FP8
math_numeric,40,127,8,40640,same_model,28381,0.6983513779527559,12259,0.3016486220472441,159,True,127,128,32,32,0,"[159, 40, 8]",0,True,32,True,128,159,32,0,0,32,"[128, 40, 8]",1,False,6a0ce4764dcccddfaee9,expected_aligned_shape,Qwen/Qwen3.6-35B-A3B-FP8,ok,32,127,5080,1343,0.2643700787401575,5080,3170,0.6240157480314961,0,0.0,0.8988191336222833,4566.001198801198,0.9394438976377952,4772.375,Qwen/Qwen3.6-35B-A3B-FP8
needle,40,127,8,40640,same_model,29196,0.7184055118110236,11444,0.28159448818897637,159,True,127,128,32,32,0,"[159, 40, 8]",0,True,32,True,128,159,32,0,0,32,"[128, 40, 8]",1,False,6a2aff23f5544a7af81f,expected_aligned_shape,Qwen/Qwen3.6-35B-A3B-FP8,ok,32,127,5080,1335,0.26279527559055116,5080,3306,0.6507874015748032,0,0.0,0.9153026326254674,4649.737373737374,0.9512549212598426,4832.375,Qwen/Qwen3.6-35B-A3B-FP8
mixed_language,40,127,8,40640,same_model,31424,0.7732283464566929,9216,0.22677165354330708,159,True,127,128,32,32,0,"[159, 40, 8]",0,True,32,True,128,159,32,0,0,32,"[128, 40, 8]",1,False,6a36b437749c80f32e46,expected_aligned_shape,Qwen/Qwen3.6-35B-A3B-FP8,ok,32,127,5080,1788,0.35196850393700785,5080,3772,0.74251968503937,0,0.0,0.9357529085088141,4753.6247752247755,0.9621801181102362,4887.875,Qwen/Qwen3.6-35B-A3B-FP8
chat,40,127,8,40640,same_model,30543,0.7515501968503937,10097,0.2484498031496063,166,True,127,128,39,39,0,"[166, 40, 8]",0,True,39,True,128,166,39,0,0,39,"[128, 40, 8]",1,False,6a7988b4b265b4e81ecf,expected_aligned_shape,Qwen/Qwen3.6-35B-A3B-FP8,ok,32,127,5080,1605,0.3159448818897638,5080,3602,0.7090551181102362,0,0.0,0.9293533762825102,4721.115151515151,0.9593503937007875,4873.5,Qwen/Qwen3.6-35B-A3B-FP8
mixed_language,40,82,8,26240,same_model,20757,0.7910442073170731,5483,0.20895579268292683,114,True,82,83,32,32,0,"[114, 40, 8]",0,True,32,True,83,114,32,0,0,32,"[83, 40, 8]",1,False,6bc25b6c09aab8061747,expected_aligned_shape,Qwen/Qwen3.6-35B-A3B-FP8,ok,32,82,3280,1230,0.375,3280,2460,0.75,0,0.0,0.9416457255481646,3088.59797979798,0.9667682926829269,3171.0,Qwen/Qwen3.6-35B-A3B-FP8
logs,40,127,8,40640,same_model,29011,0.713853346456693,11629,0.2861466535433071,159,True,127,128,32,32,0,"[159, 40, 8]",0,True,32,True,128,159,32,0,0,32,"[128, 40, 8]",1,False,6bfa764cf50a09161751,expected_aligned_shape,Qwen/Qwen3.6-35B-A3B-FP8,ok,32,127,5080,1419,0.27933070866141735,5080,3295,0.6486220472440944,0,0.0,0.9108055592701263,4626.892241092241,0.9474655511811023,4813.125,Qwen/Qwen3.6-35B-A3B-FP8
low_margin,40,127,8,40640,same_model,31352,0.7714566929133858,9288,0.22854330708661416,166,True,127,128,39,39,0,"[166, 40, 8]",0,True,39,True,128,166,39,0,0,39,"[128, 40, 8]",1,False,6c186019ba6014af2732,expected_aligned_shape,Qwen/Qwen3.6-35B-A3B-FP8,ok,32,127,5080,1746,0.3437007874015748,5080,3681,0.7246062992125984,0,0.0,0.9336208542114054,4742.79393939394,0.9614911417322834,4884.375,Qwen/Qwen3.6-35B-A3B-FP8
needle,40,127,8,40640,same_model,29500,0.7258858267716536,11140,0.27411417322834647,159,True,127,128,32,32,0,"[159, 40, 8]",0,True,32,True,128,159,32,0,0,32,"[128, 40, 8]",1,False,6c6243b51d3892ec1757,expected_aligned_shape,Qwen/Qwen3.6-35B-A3B-FP8,ok,32,127,5080,1388,0.2732283464566929,5080,3402,0.6696850393700787,0,0.0,0.920238606537819,4674.812121212121,0.9541584645669291,4847.125,Qwen/Qwen3.6-35B-A3B-FP8
summarization,40,127,8,40640,same_model,31182,0.7672736220472441,9458,0.23272637795275591,167,True,127,128,40,40,0,"[167, 40, 8]",0,True,40,True,128,167,40,0,0,40,"[128, 40, 8]",1,False,6c9d1a693268c2c187e6,expected_aligned_shape,Qwen/Qwen3.6-35B-A3B-FP8,ok,32,127,5080,1729,0.3403543307086614,5080,3679,0.7242125984251968,0,0.0,0.9338145231846019,4743.777777777777,0.9619832677165354,4886.875,Qwen/Qwen3.6-35B-A3B-FP8
math_numeric,40,127,8,40640,same_model,20442,0.503001968503937,20198,0.496998031496063,159,True,127,128,32,32,0,"[159, 40, 8]",0,True,32,True,128,159,32,0,0,32,"[128, 40, 8]",1,False,6cea5d5b7d7f59335fff,expected_aligned_shape,Qwen/Qwen3.6-35B-A3B-FP8,ok,32,127,5080,359,0.07066929133858267,5080,1866,0.3673228346456693,0,0.0,0.7892507754712479,4009.3939393939395,0.8612696850393701,4375.25,Qwen/Qwen3.6-35B-A3B-FP8
logs,40,127,8,40640,same_model,30080,0.7401574803149606,10560,0.25984251968503935,159,True,127,128,32,32,0,"[159, 40, 8]",0,True,32,True,128,159,32,0,0,32,"[128, 40, 8]",1,False,6d79d94bc17e5a51f1dc,expected_aligned_shape,Qwen/Qwen3.6-35B-A3B-FP8,ok,32,127,5080,1574,0.3098425196850394,5080,3452,0.6795275590551181,0,0.0,0.9217614056984136,4682.547940947941,0.9548474409448819,4850.625,Qwen/Qwen3.6-35B-A3B-FP8
short_qa,40,127,8,40640,same_model,28691,0.7059793307086614,11949,0.2940206692913386,159,True,127,128,32,32,0,"[159, 40, 8]",0,True,32,True,128,159,32,0,0,32,"[128, 40, 8]",1,False,6dae6da34a01e6f16a93,expected_aligned_shape,Qwen/Qwen3.6-35B-A3B-FP8,ok,32,127,5080,1342,0.2641732283464567,5080,3237,0.6372047244094489,0,0.0,0.9096818579495745,4621.1838383838385,0.9476624015748032,4814.125,Qwen/Qwen3.6-35B-A3B-FP8
code,40,127,8,40640,same_model,30016,0.7385826771653543,10624,0.2614173228346457,159,True,127,128,32,32,0,"[159, 40, 8]",0,True,32,True,128,159,32,0,0,32,"[128, 40, 8]",1,False,6dee65e8e51a78b80ab8,expected_aligned_shape,Qwen/Qwen3.6-35B-A3B-FP8,ok,32,127,5080,1533,0.3017716535433071,5080,3463,0.6816929133858268,0,0.0,0.9180345507510862,4663.615517815518,0.9510826771653543,4831.5,Qwen/Qwen3.6-35B-A3B-FP8
math_numeric,40,127,8,40640,same_model,22484,0.5532480314960629,18156,0.446751968503937,159,True,127,128,32,32,0,"[159, 40, 8]",0,True,32,True,128,159,32,0,0,32,"[128, 40, 8]",1,False,6dfdd40485f50cb29df5,expected_aligned_shape,Qwen/Qwen3.6-35B-A3B-FP8,ok,32,127,5080,567,0.11161417322834645,5080,2145,0.422244094488189,0,0.0,0.8266996957548137,4199.634454434455,0.890748031496063,4525.0,Qwen/Qwen3.6-35B-A3B-FP8
logs,40,127,8,40640,same_model,29787,0.7329478346456693,10853,0.2670521653543307,159,True,127,128,32,32,0,"[159, 40, 8]",0,True,32,True,128,159,32,0,0,32,"[128, 40, 8]",1,False,6e24f66afea06ab899ca,expected_aligned_shape,Qwen/Qwen3.6-35B-A3B-FP8,ok,32,127,5080,1510,0.297244094488189,5080,3458,0.6807086614173228,0,0.0,0.9175349978105882,4661.077788877789,0.9501968503937008,4827.0,Qwen/Qwen3.6-35B-A3B-FP8
needle,40,127,8,40640,same_model,28828,0.7093503937007875,11812,0.2906496062992126,159,True,127,128,32,32,0,"[159, 40, 8]",0,True,32,True,128,159,32,0,0,32,"[128, 40, 8]",1,False,6eadddab5a9d6357f016,expected_aligned_shape,Qwen/Qwen3.6-35B-A3B-FP8,ok,32,127,5080,1312,0.25826771653543307,5080,3237,0.6372047244094489,0,0.0,0.9101139193265178,4623.37871017871,0.9479330708661418,4815.5,Qwen/Qwen3.6-35B-A3B-FP8
short_qa,40,127,8,40640,same_model,31002,0.7628444881889764,9638,0.23715551181102362,159,True,127,128,32,32,0,"[159, 40, 8]",0,True,32,True,128,159,32,0,0,32,"[128, 40, 8]",1,False,6ff617258d39033f385d,expected_aligned_shape,Qwen/Qwen3.6-35B-A3B-FP8,ok,32,127,5080,1648,0.32440944881889766,5080,3636,0.715748031496063,0,0.0,0.9323305740628576,4736.239316239316,0.9610974409448819,4882.375,Qwen/Qwen3.6-35B-A3B-FP8
low_margin,40,127,8,40640,same_model,30479,0.7499753937007874,10161,0.2500246062992126,166,True,127,128,39,39,0,"[166, 40, 8]",0,True,39,True,128,166,39,0,0,39,"[128, 40, 8]",1,False,70089cae37454b48fcb1,expected_aligned_shape,Qwen/Qwen3.6-35B-A3B-FP8,ok,32,127,5080,1582,0.3114173228346457,5080,3597,0.7080708661417323,0,0.0,0.9297638407087226,4723.200310800311,0.9594734251968504,4874.125,Qwen/Qwen3.6-35B-A3B-FP8
summarization,40,127,8,40640,same_model,30015,0.7385580708661418,10625,0.2614419291338583,163,True,127,128,36,36,0,"[163, 40, 8]",0,True,36,True,128,163,36,0,0,36,"[128, 40, 8]",1,False,700c237a8f3d293ac64c,expected_aligned_shape,Qwen/Qwen3.6-35B-A3B-FP8,ok,32,127,5080,1514,0.2980314960629921,5080,3432,0.6755905511811023,0,0.0,0.9190968305535233,4669.0118992119,0.9526574803149607,4839.5,Qwen/Qwen3.6-35B-A3B-FP8
code,40,127,8,40640,same_model,29278,0.7204232283464567,11362,0.27957677165354333,159,True,127,128,32,32,0,"[159, 40, 8]",0,True,32,True,128,159,32,0,0,32,"[128, 40, 8]",1,False,70421ea8c307cc90eae3,expected_aligned_shape,Qwen/Qwen3.6-35B-A3B-FP8,ok,32,127,5080,1430,0.281496062992126,5080,3401,0.669488188976378,0,0.0,0.9098869284696057,4622.225596625597,0.9443159448818897,4797.125,Qwen/Qwen3.6-35B-A3B-FP8
mixed_language,40,3,8,960,same_model,723,0.753125,237,0.246875,35,True,3,4,32,32,0,"[35, 40, 8]",0,True,32,True,4,35,32,0,0,32,"[4, 40, 8]",1,False,7086e023532b893d4bae,expected_aligned_shape,Qwen/Qwen3.6-35B-A3B-FP8,ok,32,3,120,33,0.275,120,78,0.65,0,0.0,0.9207407407407409,110.4888888888889,0.9552083333333333,114.625,Qwen/Qwen3.6-35B-A3B-FP8
short_qa,40,85,8,27200,same_model,21468,0.789264705882353,5732,0.21073529411764705,117,True,85,86,32,32,0,"[117, 40, 8]",0,True,32,True,86,117,32,0,0,32,"[86, 40, 8]",1,False,70d62d059b3550948736,expected_aligned_shape,Qwen/Qwen3.6-35B-A3B-FP8,ok,32,85,3400,1249,0.3673529411764706,3400,2532,0.7447058823529412,0,0.0,0.939491384432561,3194.270707070707,0.9653676470588235,3282.25,Qwen/Qwen3.6-35B-A3B-FP8
mixed_language,40,102,8,32640,same_model,25945,0.7948835784313726,6695,0.20511642156862744,134,True,102,103,32,32,0,"[134, 40, 8]",0,True,32,True,103,134,32,0,0,32,"[103, 40, 8]",1,False,71015818094f5c36db00,expected_aligned_shape,Qwen/Qwen3.6-35B-A3B-FP8,ok,32,102,4080,1589,0.3894607843137255,4080,3077,0.7541666666666667,0,0.0,0.9428669043374927,3846.89696969697,0.9674938725490196,3947.375,Qwen/Qwen3.6-35B-A3B-FP8
needle,40,127,8,40640,same_model,29422,0.7239665354330709,11218,0.2760334645669291,159,True,127,128,32,32,0,"[159, 40, 8]",0,True,32,True,128,159,32,0,0,32,"[128, 40, 8]",1,False,717a2dc5a64244109a91,expected_aligned_shape,Qwen/Qwen3.6-35B-A3B-FP8,ok,32,127,5080,1383,0.272244094488189,5080,3436,0.6763779527559055,0,0.0,0.9217863676131393,4682.674747474747,0.9549950787401574,4851.375,Qwen/Qwen3.6-35B-A3B-FP8
short_qa,40,127,8,40640,same_model,29649,0.7295521653543308,10991,0.2704478346456693,159,True,127,128,32,32,0,"[159, 40, 8]",0,True,32,True,128,159,32,0,0,32,"[128, 40, 8]",1,False,71dc0a1bd2869b85e777,expected_aligned_shape,Qwen/Qwen3.6-35B-A3B-FP8,ok,32,127,5080,1467,0.2887795275590551,5080,3448,0.6787401574803149,0,0.0,0.9191234924305791,4669.147341547342,0.952263779527559,4837.5,Qwen/Qwen3.6-35B-A3B-FP8
code,40,127,8,40640,same_model,30148,0.7418307086614173,10492,0.2581692913385827,159,True,127,128,32,32,0,"[159, 40, 8]",0,True,32,True,128,159,32,0,0,32,"[128, 40, 8]",1,False,71ec93e425ed671ae88b,expected_aligned_shape,Qwen/Qwen3.6-35B-A3B-FP8,ok,32,127,5080,1542,0.3035433070866142,5080,3460,0.6811023622047244,0,0.0,0.921735342522744,4682.41554001554,0.9546751968503937,4849.75,Qwen/Qwen3.6-35B-A3B-FP8
chat,40,127,8,40640,same_model,30085,0.7402805118110236,10555,0.2597194881889764,159,True,127,128,32,32,0,"[159, 40, 8]",0,True,32,True,128,159,32,0,0,32,"[128, 40, 8]",1,False,71f95c9f88e7f7e702d9,expected_aligned_shape,Qwen/Qwen3.6-35B-A3B-FP8,ok,32,127,5080,1503,0.2958661417322835,5080,3511,0.6911417322834645,0,0.0,0.9236939176309255,4692.365101565101,0.9554625984251969,4853.75,Qwen/Qwen3.6-35B-A3B-FP8
needle,40,127,8,40640,same_model,30088,0.7403543307086614,10552,0.2596456692913386,159,True,127,128,32,32,0,"[159, 40, 8]",0,True,32,True,128,159,32,0,0,32,"[128, 40, 8]",1,False,72245f886f83f6bf4433,expected_aligned_shape,Qwen/Qwen3.6-35B-A3B-FP8,ok,32,127,5080,1508,0.2968503937007874,5080,3507,0.6903543307086614,0,0.0,0.9243024167433617,4695.456277056277,0.9559055118110236,4856.0,Qwen/Qwen3.6-35B-A3B-FP8
chat,40,127,8,40640,same_model,27928,0.6872047244094488,12712,0.3127952755905512,159,True,127,128,32,32,0,"[159, 40, 8]",0,True,32,True,128,159,32,0,0,32,"[128, 40, 8]",1,False,72345c62c39bdd81bcbd,expected_aligned_shape,Qwen/Qwen3.6-35B-A3B-FP8,ok,32,127,5080,1213,0.23877952755905513,5080,3134,0.6169291338582678,0,0.0,0.8965480538708884,4554.464113664114,0.9373277559055118,4761.625,Qwen/Qwen3.6-35B-A3B-FP8
summarization,40,127,8,40640,same_model,29922,0.7362696850393701,10718,0.26373031496062993,163,True,127,128,36,36,0,"[163, 40, 8]",0,True,36,True,128,163,36,0,0,36,"[128, 40, 8]",1,False,727ec91316279b278313,expected_aligned_shape,Qwen/Qwen3.6-35B-A3B-FP8,ok,32,127,5080,1507,0.2966535433070866,5080,3437,0.6765748031496063,0,0.0,0.9216334234444469,4681.897791097791,0.9547982283464567,4850.375,Qwen/Qwen3.6-35B-A3B-FP8
json_structured,40,127,8,40640,same_model,29995,0.7380659448818898,10645,0.26193405511811024,159,True,127,128,32,32,0,"[159, 40, 8]",0,True,32,True,128,159,32,0,0,32,"[128, 40, 8]",1,False,729a8ad812ae814a3814,expected_aligned_shape,Qwen/Qwen3.6-35B-A3B-FP8,ok,32,127,5080,1462,0.2877952755905512,5080,3462,0.681496062992126,0,0.0,0.9234151325489908,4690.948873348873,0.955880905511811,4855.875,Qwen/Qwen3.6-35B-A3B-FP8
logs,40,127,8,40640,same_model,32519,0.8001722440944882,8121,0.1998277559055118,159,True,127,128,32,32,0,"[159, 40, 8]",0,True,32,True,128,159,32,0,0,32,"[128, 40, 8]",1,False,72b0e522ab5a57483e76,expected_aligned_shape,Qwen/Qwen3.6-35B-A3B-FP8,ok,32,127,5080,2023,0.3982283464566929,5080,3950,0.7775590551181102,0,0.0,0.9481444364908932,4816.5737373737375,0.9704478346456693,4929.875,Qwen/Qwen3.6-35B-A3B-FP8
code,40,127,8,40640,same_model,29695,0.7306840551181102,10945,0.26931594488188976,159,True,127,128,32,32,0,"[159, 40, 8]",0,True,32,True,128,159,32,0,0,32,"[128, 40, 8]",1,False,733eefede21779a0b909,expected_aligned_shape,Qwen/Qwen3.6-35B-A3B-FP8,ok,32,127,5080,1473,0.2899606299212598,5080,3481,0.6852362204724409,0,0.0,0.9177377915173189,4662.107980907981,0.9500492125984252,4826.25,Qwen/Qwen3.6-35B-A3B-FP8
mixed_language,40,127,8,40640,same_model,29831,0.7340305118110236,10809,0.26596948818897637,159,True,127,128,32,32,0,"[159, 40, 8]",0,True,32,True,128,159,32,0,0,32,"[128, 40, 8]",1,False,73a5afc136df69bf9b27,expected_aligned_shape,Qwen/Qwen3.6-35B-A3B-FP8,ok,32,127,5080,1530,0.30118110236220474,5080,3473,0.6836614173228347,0,0.0,0.9219228627890047,4683.368142968143,0.9548228346456693,4850.5,Qwen/Qwen3.6-35B-A3B-FP8
math_numeric,40,127,8,40640,same_model,25962,0.6388287401574804,14678,0.3611712598425197,159,True,127,128,32,32,0,"[159, 40, 8]",0,True,32,True,128,159,32,0,0,32,"[128, 40, 8]",1,False,73aa88094428b6f9ee46,expected_aligned_shape,Qwen/Qwen3.6-35B-A3B-FP8,ok,32,127,5080,1073,0.21122047244094488,5080,2858,0.5625984251968504,0,0.0,0.8635709566024526,4386.940459540459,0.9119340551181102,4632.625,Qwen/Qwen3.6-35B-A3B-FP8
needle,40,127,8,40640,same_model,28165,0.6930364173228346,12475,0.30696358267716534,159,True,127,128,32,32,0,"[159, 40, 8]",0,True,32,True,128,159,32,0,0,32,"[128, 40, 8]",1,False,73b1268564ada88cb2dd,expected_aligned_shape,Qwen/Qwen3.6-35B-A3B-FP8,ok,32,127,5080,1281,0.25216535433070864,5080,3181,0.6261811023622047,0,0.0,0.9005206254812553,4574.644777444778,0.9407972440944882,4779.25,Qwen/Qwen3.6-35B-A3B-FP8
short_qa,40,127,8,40640,same_model,30993,0.762623031496063,9647,0.237376968503937,166,True,127,128,39,39,0,"[166, 40, 8]",0,True,39,True,128,166,39,0,0,39,"[128, 40, 8]",1,False,73fc4472907a4273738e,expected_aligned_shape,Qwen/Qwen3.6-35B-A3B-FP8,ok,32,127,5080,1669,0.32854330708661417,5080,3638,0.7161417322834646,0,0.0,0.93288952517299,4739.078787878788,0.961638779527559,4885.125,Qwen/Qwen3.6-35B-A3B-FP8
needle,40,127,8,40640,same_model,29666,0.7299704724409449,10974,0.2700295275590551,159,True,127,128,32,32,0,"[159, 40, 8]",0,True,32,True,128,159,32,0,0,32,"[128, 40, 8]",1,False,743bf9594672fea024f8,expected_aligned_shape,Qwen/Qwen3.6-35B-A3B-FP8,ok,32,127,5080,1411,0.277755905511811,5080,3404,0.6700787401574804,0,0.0,0.9201016830938091,4674.116550116551,0.9538877952755905,4845.75,Qwen/Qwen3.6-35B-A3B-FP8
math_numeric,40,127,8,40640,same_model,29337,0.721875,11303,0.278125,159,True,127,128,32,32,0,"[159, 40, 8]",0,True,32,True,128,159,32,0,0,32,"[128, 40, 8]",1,False,748f138c259659a9df66,expected_aligned_shape,Qwen/Qwen3.6-35B-A3B-FP8,ok,32,127,5080,1422,0.2799212598425197,5080,3381,0.6655511811023622,0,0.0,0.9117131599808767,4631.502852702853,0.9473179133858268,4812.375,Qwen/Qwen3.6-35B-A3B-FP8
needle,40,127,8,40640,same_model,29530,0.7266240157480315,11110,0.2733759842519685,159,True,127,128,32,32,0,"[159, 40, 8]",0,True,32,True,128,159,32,0,0,32,"[128, 40, 8]",1,False,74b66bcd1e39f76e3513,expected_aligned_shape,Qwen/Qwen3.6-35B-A3B-FP8,ok,32,127,5080,1434,0.28228346456692915,5080,3370,0.6633858267716536,0,0.0,0.9189994432514119,4668.517171717172,0.953494094488189,4843.75,Qwen/Qwen3.6-35B-A3B-FP8
needle,40,127,8,40640,same_model,29181,0.7180364173228346,11459,0.28196358267716537,159,True,127,128,32,32,0,"[159, 40, 8]",0,True,32,True,128,159,32,0,0,32,"[128, 40, 8]",1,False,74ea1eeae3646fd0cf74,expected_aligned_shape,Qwen/Qwen3.6-35B-A3B-FP8,ok,32,127,5080,1364,0.268503937007874,5080,3327,0.6549212598425197,0,0.0,0.9152413902807603,4649.4262626262625,0.9510334645669292,4831.25,Qwen/Qwen3.6-35B-A3B-FP8
low_margin,40,127,8,40640,same_model,30590,0.7527066929133859,10050,0.24729330708661418,167,True,127,128,40,40,0,"[167, 40, 8]",0,True,40,True,128,167,40,0,0,40,"[128, 40, 8]",1,False,7505918487c75fcdcc81,expected_aligned_shape,Qwen/Qwen3.6-35B-A3B-FP8,ok,32,127,5080,1631,0.32106299212598427,5080,3531,0.6950787401574803,0,0.0,0.926495665314563,4706.59797979798,0.9577509842519685,4865.375,Qwen/Qwen3.6-35B-A3B-FP8
math_numeric,40,127,8,40640,same_model,25747,0.6335383858267717,14893,0.36646161417322837,159,True,127,128,32,32,0,"[159, 40, 8]",0,True,32,True,128,159,32,0,0,32,"[128, 40, 8]",1,False,75343c667f97f8ce537c,expected_aligned_shape,Qwen/Qwen3.6-35B-A3B-FP8,ok,32,127,5080,1070,0.2106299212598425,5080,2791,0.5494094488188976,0,0.0,0.864561484010303,4391.972338772339,0.9149360236220473,4647.875,Qwen/Qwen3.6-35B-A3B-FP8
code,40,127,8,40640,same_model,30214,0.7434547244094488,10426,0.2565452755905512,166,True,127,128,39,39,0,"[166, 40, 8]",0,True,39,True,128,166,39,0,0,39,"[128, 40, 8]",1,False,7537a0387a0a7575b5ee,expected_aligned_shape,Qwen/Qwen3.6-35B-A3B-FP8,ok,32,127,5080,1563,0.3076771653543307,5080,3531,0.6950787401574803,0,0.0,0.9261568440308597,4704.8767676767675,0.9575049212598425,4864.125,Qwen/Qwen3.6-35B-A3B-FP8
mixed_language,40,127,8,40640,same_model,30163,0.7421998031496063,10477,0.2578001968503937,159,True,127,128,32,32,0,"[159, 40, 8]",0,True,32,True,128,159,32,0,0,32,"[128, 40, 8]",1,False,75ee2fdbc3a3b812c8eb,expected_aligned_shape,Qwen/Qwen3.6-35B-A3B-FP8,ok,32,127,5080,1513,0.29783464566929135,5080,3553,0.6994094488188977,0,0.0,0.9255444599145386,4701.765856365856,0.9565206692913386,4859.125,Qwen/Qwen3.6-35B-A3B-FP8
low_margin,40,127,8,40640,same_model,30192,0.7429133858267717,10448,0.25708661417322837,167,True,127,128,40,40,0,"[167, 40, 8]",0,True,40,True,128,167,40,0,0,40,"[128, 40, 8]",1,False,7604a7dbeb0433acc2b8,expected_aligned_shape,Qwen/Qwen3.6-35B-A3B-FP8,ok,32,127,5080,1582,0.3114173228346457,5080,3524,0.6937007874015748,0,0.0,0.9254724190944664,4701.399888999889,0.956865157480315,4860.875,Qwen/Qwen3.6-35B-A3B-FP8
summarization,40,127,8,40640,same_model,30066,0.7398129921259843,10574,0.2601870078740158,163,True,127,128,36,36,0,"[163, 40, 8]",0,True,36,True,128,163,36,0,0,36,"[128, 40, 8]",1,False,7663609c895eba90f0b3,expected_aligned_shape,Qwen/Qwen3.6-35B-A3B-FP8,ok,32,127,5080,1532,0.3015748031496063,5080,3464,0.6818897637795276,0,0.0,0.9212630720111036,4680.0164058164055,0.9540846456692913,4846.75,Qwen/Qwen3.6-35B-A3B-FP8
short_qa,40,127,8,40640,same_model,28915,0.7114911417322834,11725,0.28850885826771655,159,True,127,128,32,32,0,"[159, 40, 8]",0,True,32,True,128,159,32,0,0,32,"[128, 40, 8]",1,False,769347a97961f6aac03c,expected_aligned_shape,Qwen/Qwen3.6-35B-A3B-FP8,ok,32,127,5080,1370,0.26968503937007876,5080,3275,0.6446850393700787,0,0.0,0.9087773031867521,4616.5887001887,0.946505905511811,4808.25,Qwen/Qwen3.6-35B-A3B-FP8
logs,40,17,8,5440,same_model,3893,0.715625,1547,0.284375,49,True,17,18,32,32,0,"[49, 40, 8]",0,True,32,True,18,49,32,0,0,32,"[18, 40, 8]",1,False,76c7d19b06bb657801f9,expected_aligned_shape,Qwen/Qwen3.6-35B-A3B-FP8,ok,32,17,680,188,0.27647058823529413,680,457,0.6720588235294118,0,0.0,0.9163887746240689,623.1443667443667,0.950735294117647,646.5,Qwen/Qwen3.6-35B-A3B-FP8
chat,40,127,8,40640,same_model,28386,0.6984744094488189,12254,0.3015255905511811,159,True,127,128,32,32,0,"[159, 40, 8]",0,True,32,True,128,159,32,0,0,32,"[128, 40, 8]",1,False,7712364c1254f0e189b6,expected_aligned_shape,Qwen/Qwen3.6-35B-A3B-FP8,ok,32,127,5080,1267,0.24940944881889765,5080,3221,0.6340551181102362,0,0.0,0.9070166316623008,4607.6444888444885,0.9454970472440944,4803.125,Qwen/Qwen3.6-35B-A3B-FP8
math_numeric,40,127,8,40640,same_model,20068,0.4937992125984252,20572,0.5062007874015748,159,True,127,128,32,32,0,"[159, 40, 8]",0,True,32,True,128,159,32,0,0,32,"[128, 40, 8]",1,False,7721c9f68025be2a24aa,expected_aligned_shape,Qwen/Qwen3.6-35B-A3B-FP8,ok,32,127,5080,381,0.075,5080,1826,0.3594488188976378,0,0.0,0.7833870285445088,3979.606105006105,0.8564222440944882,4350.625,Qwen/Qwen3.6-35B-A3B-FP8
logs,40,99,8,31680,same_model,24939,0.7872159090909091,6741,0.21278409090909092,131,True,99,100,32,32,0,"[131, 40, 8]",0,True,32,True,100,131,32,0,0,32,"[100, 40, 8]",1,False,772ba0713fb81acddd5f,expected_aligned_shape,Qwen/Qwen3.6-35B-A3B-FP8,ok,32,99,3960,1483,0.3744949494949495,3960,3039,0.7674242424242425,0,0.0,0.9460228548107337,3746.250505050505,0.9692866161616162,3838.375,Qwen/Qwen3.6-35B-A3B-FP8
needle,40,127,8,40640,same_model,30125,0.7412647637795275,10515,0.25873523622047245,159,True,127,128,32,32,0,"[159, 40, 8]",0,True,32,True,128,159,32,0,0,32,"[128, 40, 8]",1,False,7760837853c02952953d,expected_aligned_shape,Qwen/Qwen3.6-35B-A3B-FP8,ok,32,127,5080,1485,0.29232283464566927,5080,3458,0.6807086614173228,0,0.0,0.9225811109275678,4686.712043512043,0.9553641732283464,4853.25,Qwen/Qwen3.6-35B-A3B-FP8
json_structured,40,127,8,40640,same_model,29462,0.7249507874015748,11178,0.2750492125984252,159,True,127,128,32,32,0,"[159, 40, 8]",0,True,32,True,128,159,32,0,0,32,"[128, 40, 8]",1,False,77c6404886525f7fdc4f,expected_aligned_shape,Qwen/Qwen3.6-35B-A3B-FP8,ok,32,127,5080,1409,0.2773622047244094,5080,3407,0.6706692913385827,0,0.0,0.9183811027118113,4665.376001776001,0.9524606299212598,4838.5,Qwen/Qwen3.6-35B-A3B-FP8
math_numeric,40,127,8,40640,same_model,31040,0.7637795275590551,9600,0.23622047244094488,159,True,127,128,32,32,0,"[159, 40, 8]",0,True,32,True,128,159,32,0,0,32,"[128, 40, 8]",1,False,7802fac070269828d784,expected_aligned_shape,Qwen/Qwen3.6-35B-A3B-FP8,ok,32,127,5080,1699,0.3344488188976378,5080,3543,0.6974409448818898,0,0.0,0.9239345693676401,4693.587612387612,0.9553395669291339,4853.125,Qwen/Qwen3.6-35B-A3B-FP8
code,40,127,8,40640,same_model,29409,0.723646653543307,11231,0.2763533464566929,159,True,127,128,32,32,0,"[159, 40, 8]",0,True,32,True,128,159,32,0,0,32,"[128, 40, 8]",1,False,7812f0064bcbdaa374e5,expected_aligned_shape,Qwen/Qwen3.6-35B-A3B-FP8,ok,32,127,5080,1530,0.30118110236220474,5080,3349,0.659251968503937,0,0.0,0.9020363057764632,4582.344433344433,0.9373523622047244,4761.75,Qwen/Qwen3.6-35B-A3B-FP8
math_numeric,40,127,8,40640,same_model,23379,0.5752706692913386,17261,0.4247293307086614,159,True,127,128,32,32,0,"[159, 40, 8]",0,True,32,True,128,159,32,0,0,32,"[128, 40, 8]",1,False,783bfb18ad5ff63245cc,expected_aligned_shape,Qwen/Qwen3.6-35B-A3B-FP8,ok,32,127,5080,582,0.11456692913385827,5080,2345,0.46161417322834647,0,0.0,0.8471903075052681,4303.726762126762,0.9065206692913386,4605.125,Qwen/Qwen3.6-35B-A3B-FP8
json_structured,40,127,8,40640,same_model,28663,0.7052903543307086,11977,0.29470964566929136,159,True,127,128,32,32,0,"[159, 40, 8]",0,True,32,True,128,159,32,0,0,32,"[128, 40, 8]",1,False,783f4fe965eb43786d8c,expected_aligned_shape,Qwen/Qwen3.6-35B-A3B-FP8,ok,32,127,5080,1290,0.25393700787401574,5080,3265,0.6427165354330708,0,0.0,0.9114962465356166,4630.400932400932,0.9486958661417323,4819.375,Qwen/Qwen3.6-35B-A3B-FP8
low_margin,40,127,8,40640,same_model,31074,0.7646161417322834,9566,0.23538385826771654,167,True,127,128,40,40,0,"[167, 40, 8]",0,True,40,True,128,167,40,0,0,40,"[128, 40, 8]",1,False,78490188e0d23f1a73a7,expected_aligned_shape,Qwen/Qwen3.6-35B-A3B-FP8,ok,32,127,5080,1659,0.3265748031496063,5080,3593,0.7072834645669291,0,0.0,0.9310912272329595,4729.943434343434,0.96060531496063,4879.875,Qwen/Qwen3.6-35B-A3B-FP8
needle,40,127,8,40640,same_model,29624,0.7289370078740157,11016,0.2710629921259842,159,True,127,128,32,32,0,"[159, 40, 8]",0,True,32,True,128,159,32,0,0,32,"[128, 40, 8]",1,False,78e810a2fb64f567ecc5,expected_aligned_shape,Qwen/Qwen3.6-35B-A3B-FP8,ok,32,127,5080,1375,0.2706692913385827,5080,3397,0.6687007874015748,0,0.0,0.9208682218918439,4678.010567210567,0.9546505905511811,4849.625,Qwen/Qwen3.6-35B-A3B-FP8
low_margin,40,127,8,40640,same_model,29247,0.7196604330708661,11393,0.28033956692913387,167,True,127,128,40,40,0,"[167, 40, 8]",0,True,40,True,128,167,40,0,0,40,"[128, 40, 8]",1,False,78fad3014be7f4886277,expected_aligned_shape,Qwen/Qwen3.6-35B-A3B-FP8,ok,32,127,5080,1394,0.2744094488188976,5080,3355,0.6604330708661418,0,0.0,0.9146329916802356,4646.335597735598,0.949753937007874,4824.75,Qwen/Qwen3.6-35B-A3B-FP8
needle,40,127,8,40640,same_model,30076,0.7400590551181102,10564,0.2599409448818898,159,True,127,128,32,32,0,"[159, 40, 8]",0,True,32,True,128,159,32,0,0,32,"[128, 40, 8]",1,False,791718ce6ec68cec36d7,expected_aligned_shape,Qwen/Qwen3.6-35B-A3B-FP8,ok,32,127,5080,1486,0.2925196850393701,5080,3475,0.6840551181102362,0,0.0,0.9237182852143483,4692.488888888889,0.9561761811023622,4857.375,Qwen/Qwen3.6-35B-A3B-FP8
json_structured,40,127,8,40640,same_model,26042,0.6407972440944882,14598,0.3592027559055118,159,True,127,128,32,32,0,"[159, 40, 8]",0,True,32,True,128,159,32,0,0,32,"[128, 40, 8]",1,False,791be2cb7fd1d5bdb4a6,expected_aligned_shape,Qwen/Qwen3.6-35B-A3B-FP8,ok,32,127,5080,994,0.19566929133858268,5080,2817,0.5545275590551181,0,0.0,0.8638776271847137,4388.498346098346,0.9121062992125984,4633.5,Qwen/Qwen3.6-35B-A3B-FP8
math_numeric,40,127,8,40640,same_model,22046,0.5424704724409449,18594,0.4575295275590551,159,True,127,128,32,32,0,"[159, 40, 8]",0,True,32,True,128,159,32,0,0,32,"[128, 40, 8]",1,False,7927b0fee7e5ab44ec63,expected_aligned_shape,Qwen/Qwen3.6-35B-A3B-FP8,ok,32,127,5080,515,0.10137795275590551,5080,2100,0.41338582677165353,0,0.0,0.8224799041728176,4178.197913197913,0.8880659448818897,4511.375,Qwen/Qwen3.6-35B-A3B-FP8
needle,40,127,8,40640,same_model,29221,0.7190206692913386,11419,0.28097933070866143,159,True,127,128,32,32,0,"[159, 40, 8]",0,True,32,True,128,159,32,0,0,32,"[128, 40, 8]",1,False,79373235b11aee88a3e8,expected_aligned_shape,Qwen/Qwen3.6-35B-A3B-FP8,ok,32,127,5080,1389,0.2734251968503937,5080,3359,0.6612204724409448,0,0.0,0.9159327417988836,4652.938328338329,0.9508366141732284,4830.25,Qwen/Qwen3.6-35B-A3B-FP8
mixed_language,40,127,8,40640,same_model,31152,0.7665354330708661,9488,0.23346456692913387,159,True,127,128,32,32,0,"[159, 40, 8]",0,True,32,True,128,159,32,0,0,32,"[128, 40, 8]",1,False,7956f0a50eedebcc95c2,expected_aligned_shape,Qwen/Qwen3.6-35B-A3B-FP8,ok,32,127,5080,1818,0.3578740157480315,5080,3573,0.7033464566929134,0,0.0,0.9267462283997718,4707.87084027084,0.9570620078740157,4861.875,Qwen/Qwen3.6-35B-A3B-FP8
mixed_language,40,127,8,40640,same_model,30372,0.7473425196850394,10268,0.2526574803149606,159,True,127,128,32,32,0,"[159, 40, 8]",0,True,32,True,128,159,32,0,0,32,"[128, 40, 8]",1,False,796f52c19d79aa7195bc,expected_aligned_shape,Qwen/Qwen3.6-35B-A3B-FP8,ok,32,127,5080,1537,0.3025590551181102,5080,3533,0.6954724409448819,0,0.0,0.9247952004251219,4697.959618159618,0.9561023622047244,4857.0,Qwen/Qwen3.6-35B-A3B-FP8
mixed_language,40,127,8,40640,same_model,30741,0.7564222440944882,9899,0.2435777559055118,159,True,127,128,32,32,0,"[159, 40, 8]",0,True,32,True,128,159,32,0,0,32,"[128, 40, 8]",1,False,799a7be2ad198df53da5,expected_aligned_shape,Qwen/Qwen3.6-35B-A3B-FP8,ok,32,127,5080,1681,0.3309055118110236,5080,3583,0.7053149606299213,0,0.0,0.9293848845817348,4721.275213675213,0.9594734251968504,4874.125,Qwen/Qwen3.6-35B-A3B-FP8
chat,40,127,8,40640,same_model,30197,0.7430364173228347,10443,0.25696358267716535,159,True,127,128,32,32,0,"[159, 40, 8]",0,True,32,True,128,159,32,0,0,32,"[128, 40, 8]",1,False,79bacacdeafb7df40c6a,expected_aligned_shape,Qwen/Qwen3.6-35B-A3B-FP8,ok,32,127,5080,1531,0.3013779527559055,5080,3539,0.6966535433070866,0,0.0,0.9258212041676609,4703.171717171717,0.9571358267716535,4862.25,Qwen/Qwen3.6-35B-A3B-FP8
needle,40,127,8,40640,same_model,29342,0.721998031496063,11298,0.278001968503937,159,True,127,128,32,32,0,"[159, 40, 8]",0,True,32,True,128,159,32,0,0,32,"[128, 40, 8]",1,False,79e9ca2d65d04af19046,expected_aligned_shape,Qwen/Qwen3.6-35B-A3B-FP8,ok,32,127,5080,1404,0.2763779527559055,5080,3367,0.6627952755905512,0,0.0,0.9163983260833655,4655.303496503497,0.9515748031496063,4834.0,Qwen/Qwen3.6-35B-A3B-FP8
summarization,40,127,8,40640,same_model,30396,0.7479330708661417,10244,0.25206692913385825,159,True,127,128,32,32,0,"[159, 40, 8]",0,True,32,True,128,159,32,0,0,32,"[128, 40, 8]",1,False,7a8f1bc6be61851820ec,expected_aligned_shape,Qwen/Qwen3.6-35B-A3B-FP8,ok,32,127,5080,1578,0.3106299212598425,5080,3495,0.687992125984252,0,0.0,0.924697061468715,4697.461072261072,0.9566929133858267,4860.0,Qwen/Qwen3.6-35B-A3B-FP8
mixed_language,40,127,8,40640,same_model,32428,0.7979330708661417,8212,0.20206692913385826,159,True,127,128,32,32,0,"[159, 40, 8]",0,True,32,True,128,159,32,0,0,32,"[128, 40, 8]",1,False,7ba8eef8b2cf600207a7,expected_aligned_shape,Qwen/Qwen3.6-35B-A3B-FP8,ok,32,127,5080,1968,0.38740157480314963,5080,3885,0.764763779527559,0,0.0,0.945161059413028,4801.418181818181,0.9687746062992126,4921.375,Qwen/Qwen3.6-35B-A3B-FP8
short_qa,40,127,8,40640,same_model,31451,0.7738927165354331,9189,0.22610728346456693,164,True,127,128,37,37,0,"[164, 40, 8]",0,True,37,True,128,164,37,0,0,37,"[128, 40, 8]",1,False,7be132b0daecc07a766e,expected_aligned_shape,Qwen/Qwen3.6-35B-A3B-FP8,ok,32,127,5080,1781,0.3505905511811024,5080,3724,0.7330708661417323,0,0.0,0.9372926111508787,4761.446464646465,0.9641978346456693,4898.125,Qwen/Qwen3.6-35B-A3B-FP8
math_numeric,40,127,8,40640,same_model,22012,0.5416338582677165,18628,0.45836614173228346,159,True,127,128,32,32,0,"[159, 40, 8]",0,True,32,True,128,159,32,0,0,32,"[128, 40, 8]",1,False,7be85048e744dcc5c2f0,expected_aligned_shape,Qwen/Qwen3.6-35B-A3B-FP8,ok,32,127,5080,499,0.09822834645669291,5080,2092,0.41181102362204725,0,0.0,0.8213404181120717,4172.409324009324,0.8869340551181102,4505.625,Qwen/Qwen3.6-35B-A3B-FP8
needle,40,127,8,40640,same_model,28979,0.7130659448818898,11661,0.2869340551181102,159,True,127,128,32,32,0,"[159, 40, 8]",0,True,32,True,128,159,32,0,0,32,"[128, 40, 8]",1,False,7c04c7b333539a941a11,expected_aligned_shape,Qwen/Qwen3.6-35B-A3B-FP8,ok,32,127,5080,1359,0.26751968503937007,5080,3274,0.6444881889763779,0,0.0,0.9103894355862859,4624.778332778333,0.9475393700787401,4813.5,Qwen/Qwen3.6-35B-A3B-FP8
code,40,127,8,40640,same_model,31013,0.763115157480315,9627,0.23688484251968503,164,True,127,128,37,37,0,"[164, 40, 8]",0,True,37,True,128,164,37,0,0,37,"[128, 40, 8]",1,False,7c3ada951af1fb924874,expected_aligned_shape,Qwen/Qwen3.6-35B-A3B-FP8,ok,32,127,5080,1620,0.3188976377952756,5080,3753,0.7387795275590551,0,0.0,0.9379074206633261,4764.569696969697,0.9644685039370079,4899.5,Qwen/Qwen3.6-35B-A3B-FP8
summarization,40,127,8,40640,same_model,30291,0.7453494094488189,10349,0.2546505905511811,159,True,127,128,32,32,0,"[159, 40, 8]",0,True,32,True,128,159,32,0,0,32,"[128, 40, 8]",1,False,7c451d122cec3072606c,expected_aligned_shape,Qwen/Qwen3.6-35B-A3B-FP8,ok,32,127,5080,1564,0.30787401574803147,5080,3519,0.6927165354330709,0,0.0,0.9246410151528262,4697.176356976357,0.9557578740157481,4855.25,Qwen/Qwen3.6-35B-A3B-FP8
code,40,127,8,40640,same_model,30127,0.7413139763779527,10513,0.25868602362204723,159,True,127,128,32,32,0,"[159, 40, 8]",0,True,32,True,128,159,32,0,0,32,"[128, 40, 8]",1,False,7c7b9fe5e98f09866343,expected_aligned_shape,Qwen/Qwen3.6-35B-A3B-FP8,ok,32,127,5080,1567,0.3084645669291339,5080,3495,0.687992125984252,0,0.0,0.9211514382380523,4679.449306249307,0.9538385826771654,4845.5,Qwen/Qwen3.6-35B-A3B-FP8
code,40,127,8,40640,same_model,30435,0.7488927165354331,10205,0.25110728346456695,159,True,127,128,32,32,0,"[159, 40, 8]",0,True,32,True,128,159,32,0,0,32,"[128, 40, 8]",1,False,7ca59e22a5d5051b90ca,expected_aligned_shape,Qwen/Qwen3.6-35B-A3B-FP8,ok,32,127,5080,1615,0.31791338582677164,5080,3558,0.7003937007874016,0,0.0,0.923805088175167,4692.929847929848,0.9545521653543307,4849.125,Qwen/Qwen3.6-35B-A3B-FP8
summarization,40,127,8,40640,same_model,30022,0.7387303149606299,10618,0.2612696850393701,163,True,127,128,36,36,0,"[163, 40, 8]",0,True,36,True,128,163,36,0,0,36,"[128, 40, 8]",1,False,7ccd6b8c6a0573d7e958,expected_aligned_shape,Qwen/Qwen3.6-35B-A3B-FP8,ok,32,127,5080,1536,0.30236220472440944,5080,3425,0.6742125984251969,0,0.0,0.9201862966429897,4674.5463869463865,0.9538139763779527,4845.375,Qwen/Qwen3.6-35B-A3B-FP8
needle,40,127,8,40640,same_model,29193,0.7183316929133858,11447,0.28166830708661417,159,True,127,128,32,32,0,"[159, 40, 8]",0,True,32,True,128,159,32,0,0,32,"[128, 40, 8]",1,False,7cddc6e40b15f1f4a127,expected_aligned_shape,Qwen/Qwen3.6-35B-A3B-FP8,ok,32,127,5080,1380,0.27165354330708663,5080,3365,0.6624015748031497,0,0.0,0.9146854632681404,4646.602153402154,0.9500492125984252,4826.25,Qwen/Qwen3.6-35B-A3B-FP8
needle,40,127,8,40640,same_model,29844,0.7343503937007874,10796,0.2656496062992126,159,True,127,128,32,32,0,"[159, 40, 8]",0,True,32,True,128,159,32,0,0,32,"[128, 40, 8]",1,False,7d1f80c46cc21f8ab679,expected_aligned_shape,Qwen/Qwen3.6-35B-A3B-FP8,ok,32,127,5080,1453,0.2860236220472441,5080,3417,0.6726377952755905,0,0.0,0.9227320448580291,4687.478787878787,0.9558562992125984,4855.75,Qwen/Qwen3.6-35B-A3B-FP8
needle,40,127,8,40640,same_model,29297,0.7208907480314961,11343,0.27910925196850395,159,True,127,128,32,32,0,"[159, 40, 8]",0,True,32,True,128,159,32,0,0,32,"[128, 40, 8]",1,False,7dd771b97406c5b231c5,expected_aligned_shape,Qwen/Qwen3.6-35B-A3B-FP8,ok,32,127,5080,1381,0.2718503937007874,5080,3355,0.6604330708661418,0,0.0,0.9170107495304346,4658.414607614608,0.9521407480314961,4836.875,Qwen/Qwen3.6-35B-A3B-FP8
summarization,40,127,8,40640,same_model,31915,0.7853100393700787,8725,0.21468996062992127,167,True,127,128,40,40,0,"[167, 40, 8]",0,True,40,True,128,167,40,0,0,40,"[128, 40, 8]",1,False,7df8cb86c874a77f324d,expected_aligned_shape,Qwen/Qwen3.6-35B-A3B-FP8,ok,32,127,5080,1889,0.3718503937007874,5080,3810,0.75,0,0.0,0.939880084919455,4774.590831390831,0.965378937007874,4904.125,Qwen/Qwen3.6-35B-A3B-FP8
mixed_language,40,127,8,40640,same_model,31276,0.7695866141732284,9364,0.23041338582677165,159,True,127,128,32,32,0,"[159, 40, 8]",0,True,32,True,128,159,32,0,0,32,"[128, 40, 8]",1,False,7e0372ad17efa4e4460e,expected_aligned_shape,Qwen/Qwen3.6-35B-A3B-FP8,ok,32,127,5080,1779,0.3501968503937008,5080,3728,0.7338582677165354,0,0.0,0.9361918396564066,4755.854545454546,0.9633858267716535,4894.0,Qwen/Qwen3.6-35B-A3B-FP8
low_margin,40,127,8,40640,same_model,28459,0.7002706692913386,12181,0.2997293307086614,167,True,127,128,40,40,0,"[167, 40, 8]",0,True,40,True,128,167,40,0,0,40,"[128, 40, 8]",1,False,7e09867bebec1bc353e3,expected_aligned_shape,Qwen/Qwen3.6-35B-A3B-FP8,ok,32,127,5080,1295,0.2549212598425197,5080,3166,0.6232283464566929,0,0.0,0.9045949326264288,4595.342257742258,0.9440206692913385,4795.625,Qwen/Qwen3.6-35B-A3B-FP8
logs,40,127,8,40640,same_model,29610,0.7285925196850394,11030,0.27140748031496065,159,True,127,128,32,32,0,"[159, 40, 8]",0,True,32,True,128,159,32,0,0,32,"[128, 40, 8]",1,False,7e161f0d7d774b6815d8,expected_aligned_shape,Qwen/Qwen3.6-35B-A3B-FP8,ok,32,127,5080,1455,0.28641732283464566,5080,3376,0.6645669291338583,0,0.0,0.9171028665123152,4658.882561882562,0.9517470472440945,4834.875,Qwen/Qwen3.6-35B-A3B-FP8
low_margin,40,127,8,40640,same_model,29176,0.7179133858267717,11464,0.28208661417322833,167,True,127,128,40,40,0,"[167, 40, 8]",0,True,40,True,128,167,40,0,0,40,"[128, 40, 8]",1,False,7e5c194c81a597c858fa,expected_aligned_shape,Qwen/Qwen3.6-35B-A3B-FP8,ok,32,127,5080,1357,0.2671259842519685,5080,3249,0.6395669291338583,0,0.0,0.9080645557417211,4612.967943167943,0.9454970472440944,4803.125,Qwen/Qwen3.6-35B-A3B-FP8
low_margin,40,127,8,40640,same_model,29647,0.7295029527559055,10993,0.2704970472440945,167,True,127,128,40,40,0,"[167, 40, 8]",0,True,40,True,128,167,40,0,0,40,"[128, 40, 8]",1,False,7f2cfa73e83ead8dcd5a,expected_aligned_shape,Qwen/Qwen3.6-35B-A3B-FP8,ok,32,127,5080,1513,0.29783464566929135,5080,3430,0.6751968503937008,0,0.0,0.9189260433354922,4668.1443001443,0.952755905511811,4840.0,Qwen/Qwen3.6-35B-A3B-FP8
summarization,40,127,8,40640,same_model,30918,0.7607775590551181,9722,0.2392224409448819,167,True,127,128,40,40,0,"[167, 40, 8]",0,True,40,True,128,167,40,0,0,40,"[128, 40, 8]",1,False,7f3f2f02fd3f4f5b2d6f,expected_aligned_shape,Qwen/Qwen3.6-35B-A3B-FP8,ok,32,127,5080,1722,0.3389763779527559,5080,3645,0.71751968503937,0,0.0,0.9316702807253988,4732.885026085026,0.9605068897637795,4879.375,Qwen/Qwen3.6-35B-A3B-FP8
short_qa,40,127,8,40640,same_model,32352,0.7960629921259843,8288,0.20393700787401575,159,True,127,128,32,32,0,"[159, 40, 8]",0,True,32,True,128,159,32,0,0,32,"[128, 40, 8]",1,False,7f4bce2b0b5d66822814,expected_aligned_shape,Qwen/Qwen3.6-35B-A3B-FP8,ok,32,127,5080,1948,0.38346456692913383,5080,3825,0.7529527559055118,0,0.0,0.9418619263501153,4784.658585858586,0.9667814960629921,4911.25,Qwen/Qwen3.6-35B-A3B-FP8
needle,40,127,8,40640,same_model,29382,0.7229822834645669,11258,0.27701771653543306,159,True,127,128,32,32,0,"[159, 40, 8]",0,True,32,True,128,159,32,0,0,32,"[128, 40, 8]",1,False,7f68b4e9e7aee90e9f92,expected_aligned_shape,Qwen/Qwen3.6-35B-A3B-FP8,ok,32,127,5080,1383,0.272244094488189,5080,3335,0.656496062992126,0,0.0,0.9169402688300327,4658.056565656566,0.9522145669291339,4837.25,Qwen/Qwen3.6-35B-A3B-FP8
needle,40,127,8,40640,same_model,30066,0.7398129921259843,10574,0.2601870078740158,159,True,127,128,32,32,0,"[159, 40, 8]",0,True,32,True,128,159,32,0,0,32,"[128, 40, 8]",1,False,802ac0cd1c5da3fd99a6,expected_aligned_shape,Qwen/Qwen3.6-35B-A3B-FP8,ok,32,127,5080,1475,0.2903543307086614,5080,3486,0.6862204724409449,0,0.0,0.9258490415970729,4703.313131313132,0.9576279527559055,4864.75,Qwen/Qwen3.6-35B-A3B-FP8
logs,40,127,8,40640,same_model,29831,0.7340305118110236,10809,0.26596948818897637,159,True,127,128,32,32,0,"[159, 40, 8]",0,True,32,True,128,159,32,0,0,32,"[128, 40, 8]",1,False,80ef46c9ef5003b53f75,expected_aligned_shape,Qwen/Qwen3.6-35B-A3B-FP8,ok,32,127,5080,1492,0.2937007874015748,5080,3464,0.6818897637795276,0,0.0,0.9222102700449156,4684.828171828171,0.9547982283464567,4850.375,Qwen/Qwen3.6-35B-A3B-FP8
json_structured,40,127,8,40640,same_model,29477,0.7253198818897638,11163,0.27468011811023624,159,True,127,128,32,32,0,"[159, 40, 8]",0,True,32,True,128,159,32,0,0,32,"[128, 40, 8]",1,False,80f4713bc2bf1d7ca213,expected_aligned_shape,Qwen/Qwen3.6-35B-A3B-FP8,ok,32,127,5080,1419,0.27933070866141735,5080,3417,0.6726377952755905,0,0.0,0.9172688466389255,4659.725740925741,0.9513533464566929,4832.875,Qwen/Qwen3.6-35B-A3B-FP8
logs,40,127,8,40640,same_model,30125,0.7412647637795275,10515,0.25873523622047245,159,True,127,128,32,32,0,"[159, 40, 8]",0,True,32,True,128,159,32,0,0,32,"[128, 40, 8]",1,False,8146187d324548220b64,expected_aligned_shape,Qwen/Qwen3.6-35B-A3B-FP8,ok,32,127,5080,1488,0.2929133858267717,5080,3451,0.6793307086614173,0,0.0,0.9209533598509978,4678.443068043068,0.9537647637795276,4845.125,Qwen/Qwen3.6-35B-A3B-FP8
short_qa,40,127,8,40640,same_model,29656,0.7297244094488189,10984,0.2702755905511811,159,True,127,128,32,32,0,"[159, 40, 8]",0,True,32,True,128,159,32,0,0,32,"[128, 40, 8]",1,False,81acc552cd1d916b8a99,expected_aligned_shape,Qwen/Qwen3.6-35B-A3B-FP8,ok,32,127,5080,1442,0.28385826771653544,5080,3396,0.668503937007874,0,0.0,0.9189628569156127,4668.331313131313,0.9532726377952756,4842.625,Qwen/Qwen3.6-35B-A3B-FP8
summarization,40,127,8,40640,same_model,30200,0.7431102362204725,10440,0.25688976377952755,163,True,127,128,36,36,0,"[163, 40, 8]",0,True,36,True,128,163,36,0,0,36,"[128, 40, 8]",1,False,81d23e2ace0fb871566e,expected_aligned_shape,Qwen/Qwen3.6-35B-A3B-FP8,ok,32,127,5080,1552,0.30551181102362207,5080,3506,0.6901574803149606,0,0.0,0.9238780991536897,4693.300743700744,0.9554872047244094,4853.875,Qwen/Qwen3.6-35B-A3B-FP8
json_structured,40,127,8,40640,same_model,29231,0.7192667322834646,11409,0.28073326771653545,159,True,127,128,32,32,0,"[159, 40, 8]",0,True,32,True,128,159,32,0,0,32,"[128, 40, 8]",1,False,81d4a61b688a98be8a50,expected_aligned_shape,Qwen/Qwen3.6-35B-A3B-FP8,ok,32,127,5080,1321,0.2600393700787402,5080,3365,0.6624015748031497,0,0.0,0.9177706195816432,4662.2747474747475,0.9525590551181102,4839.0,Qwen/Qwen3.6-35B-A3B-FP8
code,40,127,8,40640,same_model,30547,0.7516486220472441,10093,0.24835137795275591,166,True,127,128,39,39,0,"[166, 40, 8]",0,True,39,True,128,166,39,0,0,39,"[128, 40, 8]",1,False,81de715e23a6fcf68fc3,expected_aligned_shape,Qwen/Qwen3.6-35B-A3B-FP8,ok,32,127,5080,1627,0.3202755905511811,5080,3585,0.7057086614173228,0,0.0,0.9277834938464861,4713.140148740149,0.9578740157480315,4866.0,Qwen/Qwen3.6-35B-A3B-FP8
mixed_language,40,127,8,40640,same_model,30636,0.7538385826771653,10004,0.24616141732283464,159,True,127,128,32,32,0,"[159, 40, 8]",0,True,32,True,128,159,32,0,0,32,"[128, 40, 8]",1,False,823fee738d51caf3d1f9,expected_aligned_shape,Qwen/Qwen3.6-35B-A3B-FP8,ok,32,127,5080,1645,0.32381889763779526,5080,3616,0.7118110236220473,0,0.0,0.9312288236697684,4730.642424242425,0.9606299212598425,4880.0,Qwen/Qwen3.6-35B-A3B-FP8
summarization,40,127,8,40640,same_model,30409,0.7482529527559055,10231,0.25174704724409447,159,True,127,128,32,32,0,"[159, 40, 8]",0,True,32,True,128,159,32,0,0,32,"[128, 40, 8]",1,False,833fc2a56e4f75f8a697,expected_aligned_shape,Qwen/Qwen3.6-35B-A3B-FP8,ok,32,127,5080,1603,0.3155511811023622,5080,3561,0.7009842519685039,0,0.0,0.9272506408726882,4710.433255633256,0.9580462598425197,4866.875,Qwen/Qwen3.6-35B-A3B-FP8
json_structured,40,127,8,40640,same_model,29329,0.7216781496062992,11311,0.2783218503937008,159,True,127,128,32,32,0,"[159, 40, 8]",0,True,32,True,128,159,32,0,0,32,"[128, 40, 8]",1,False,836ed2f17e0df581ffb1,expected_aligned_shape,Qwen/Qwen3.6-35B-A3B-FP8,ok,32,127,5080,1398,0.2751968503937008,5080,3335,0.656496062992126,0,0.0,0.9143265876730443,4644.779065379065,0.9499507874015748,4825.75,Qwen/Qwen3.6-35B-A3B-FP8
json_structured,40,127,8,40640,same_model,29177,0.7179379921259843,11463,0.28206200787401575,159,True,127,128,32,32,0,"[159, 40, 8]",0,True,32,True,128,159,32,0,0,32,"[128, 40, 8]",1,False,839f919a63fdc2e822c2,expected_aligned_shape,Qwen/Qwen3.6-35B-A3B-FP8,ok,32,127,5080,1429,0.2812992125984252,5080,3399,0.6690944881889764,0,0.0,0.9152659588880062,4649.5510711510715,0.9497785433070867,4824.875,Qwen/Qwen3.6-35B-A3B-FP8
needle,40,127,8,40640,same_model,29645,0.7294537401574803,10995,0.2705462598425197,159,True,127,128,32,32,0,"[159, 40, 8]",0,True,32,True,128,159,32,0,0,32,"[128, 40, 8]",1,False,84225d5346509a6c6736,expected_aligned_shape,Qwen/Qwen3.6-35B-A3B-FP8,ok,32,127,5080,1430,0.281496062992126,5080,3436,0.6763779527559055,0,0.0,0.9225069593573533,4686.3353535353535,0.9555856299212598,4854.375,Qwen/Qwen3.6-35B-A3B-FP8
mixed_language,40,127,8,40640,same_model,30257,0.7445127952755906,10383,0.25548720472440944,159,True,127,128,32,32,0,"[159, 40, 8]",0,True,32,True,128,159,32,0,0,32,"[128, 40, 8]",1,False,84233959e23ab297f165,expected_aligned_shape,Qwen/Qwen3.6-35B-A3B-FP8,ok,32,127,5080,1542,0.3035433070866142,5080,3533,0.6954724409448819,0,0.0,0.9243294500774815,4695.593606393606,0.9558316929133859,4855.625,Qwen/Qwen3.6-35B-A3B-FP8
chat,40,127,8,40640,same_model,28826,0.7093011811023622,11814,0.2906988188976378,159,True,127,128,32,32,0,"[159, 40, 8]",0,True,32,True,128,159,32,0,0,32,"[128, 40, 8]",1,False,8426b34cd35950627867,expected_aligned_shape,Qwen/Qwen3.6-35B-A3B-FP8,ok,32,127,5080,1318,0.2594488188976378,5080,3320,0.6535433070866141,0,0.0,0.9119813913120999,4632.8654678654675,0.9478346456692913,4815.0,Qwen/Qwen3.6-35B-A3B-FP8
json_structured,40,127,8,40640,same_model,29728,0.731496062992126,10912,0.268503937007874,159,True,127,128,32,32,0,"[159, 40, 8]",0,True,32,True,128,159,32,0,0,32,"[128, 40, 8]",1,False,842a559378a4fa0ab83e,expected_aligned_shape,Qwen/Qwen3.6-35B-A3B-FP8,ok,32,127,5080,1434,0.28228346456692915,5080,3452,0.6795275590551181,0,0.0,0.921281011202271,4680.107536907537,0.9544537401574803,4848.625,Qwen/Qwen3.6-35B-A3B-FP8
math_numeric,40,127,8,40640,same_model,28958,0.7125492125984252,11682,0.2874507874015748,159,True,127,128,32,32,0,"[159, 40, 8]",0,True,32,True,128,159,32,0,0,32,"[128, 40, 8]",1,False,84399fdd946941f7bbb8,expected_aligned_shape,Qwen/Qwen3.6-35B-A3B-FP8,ok,32,127,5080,1325,0.2608267716535433,5080,3203,0.6305118110236221,0,0.0,0.9052080378064629,4598.456832056832,0.943996062992126,4795.5,Qwen/Qwen3.6-35B-A3B-FP8
mixed_language,40,84,8,26880,same_model,21498,0.7997767857142857,5382,0.2002232142857143,116,True,84,85,32,32,0,"[116, 40, 8]",0,True,32,True,85,116,32,0,0,32,"[85, 40, 8]",1,False,845558c63ab043e3c987,expected_aligned_shape,Qwen/Qwen3.6-35B-A3B-FP8,ok,32,84,3360,1343,0.399702380952381,3360,2654,0.7898809523809524,0,0.0,0.9520899470899471,3199.0222222222224,0.9728794642857143,3268.875,Qwen/Qwen3.6-35B-A3B-FP8
logs,40,109,8,34880,same_model,27519,0.7889621559633028,7361,0.21103784403669726,141,True,109,110,32,32,0,"[141, 40, 8]",0,True,32,True,110,141,32,0,0,32,"[110, 40, 8]",1,False,846009d191b38953fd2f,expected_aligned_shape,Qwen/Qwen3.6-35B-A3B-FP8,ok,32,109,4360,1632,0.3743119266055046,4360,3311,0.7594036697247707,0,0.0,0.9427321200715696,4110.312043512044,0.9670871559633027,4216.5,Qwen/Qwen3.6-35B-A3B-FP8
mixed_language,40,127,8,40640,same_model,31287,0.7698572834645669,9353,0.23014271653543308,159,True,127,128,32,32,0,"[159, 40, 8]",0,True,32,True,128,159,32,0,0,32,"[128, 40, 8]",1,False,84bacdde8fd948eb8a49,expected_aligned_shape,Qwen/Qwen3.6-35B-A3B-FP8,ok,32,127,5080,1729,0.3403543307086614,5080,3704,0.7291338582677165,0,0.0,0.9351215232711296,4750.4173382173385,0.9625246062992125,4889.625,Qwen/Qwen3.6-35B-A3B-FP8
short_qa,40,127,8,40640,same_model,29713,0.731126968503937,10927,0.268873031496063,159,True,127,128,32,32,0,"[159, 40, 8]",0,True,32,True,128,159,32,0,0,32,"[128, 40, 8]",1,False,84ca8c732f93c58fe2a6,expected_aligned_shape,Qwen/Qwen3.6-35B-A3B-FP8,ok,32,127,5080,1458,0.287007874015748,5080,3417,0.6726377952755905,0,0.0,0.9197416494266887,4672.287579087579,0.9535187007874015,4843.875,Qwen/Qwen3.6-35B-A3B-FP8
json_structured,40,127,8,40640,same_model,30068,0.7398622047244094,10572,0.26013779527559056,159,True,127,128,32,32,0,"[159, 40, 8]",0,True,32,True,128,159,32,0,0,32,"[128, 40, 8]",1,False,8503edd10ae9b54a4533,expected_aligned_shape,Qwen/Qwen3.6-35B-A3B-FP8,ok,32,127,5080,1553,0.30570866141732284,5080,3576,0.7039370078740157,0,0.0,0.9251894605831613,4699.96245976246,0.9559055118110236,4856.0,Qwen/Qwen3.6-35B-A3B-FP8
summarization,40,127,8,40640,same_model,31160,0.7667322834645669,9480,0.23326771653543307,159,True,127,128,32,32,0,"[159, 40, 8]",0,True,32,True,128,159,32,0,0,32,"[128, 40, 8]",1,False,8540664f8428f872e8a9,expected_aligned_shape,Qwen/Qwen3.6-35B-A3B-FP8,ok,32,127,5080,1747,0.3438976377952756,5080,3658,0.7200787401574803,0,0.0,0.9337469179988863,4743.434343434344,0.9621062992125984,4887.5,Qwen/Qwen3.6-35B-A3B-FP8
math_numeric,40,127,8,40640,same_model,23186,0.5705216535433071,17454,0.4294783464566929,159,True,127,128,32,32,0,"[159, 40, 8]",0,True,32,True,128,159,32,0,0,32,"[128, 40, 8]",1,False,85996a9d6fe112cfacf4,expected_aligned_shape,Qwen/Qwen3.6-35B-A3B-FP8,ok,32,127,5080,619,0.1218503937007874,5080,2218,0.43661417322834645,0,0.0,0.8360975769637186,4247.375690975691,0.8997047244094488,4570.5,Qwen/Qwen3.6-35B-A3B-FP8
math_numeric,40,127,8,40640,same_model,26859,0.6609005905511811,13781,0.3390994094488189,159,True,127,128,32,32,0,"[159, 40, 8]",0,True,32,True,128,159,32,0,0,32,"[128, 40, 8]",1,False,85f2760e16a765142a7f,expected_aligned_shape,Qwen/Qwen3.6-35B-A3B-FP8,ok,32,127,5080,1217,0.23956692913385827,5080,3025,0.5954724409448819,0,0.0,0.8752346822031861,4446.1921855921855,0.9202017716535433,4674.625,Qwen/Qwen3.6-35B-A3B-FP8
json_structured,40,127,8,40640,same_model,30283,0.7451525590551181,10357,0.2548474409448819,159,True,127,128,32,32,0,"[159, 40, 8]",0,True,32,True,128,159,32,0,0,32,"[128, 40, 8]",1,False,860c3e874eff20982fe1,expected_aligned_shape,Qwen/Qwen3.6-35B-A3B-FP8,ok,32,127,5080,1536,0.30236220472440944,5080,3528,0.694488188976378,0,0.0,0.9266332617513721,4707.296969696969,0.9578740157480315,4866.0,Qwen/Qwen3.6-35B-A3B-FP8
mixed_language,40,106,8,33920,same_model,26838,0.7912146226415094,7082,0.20878537735849056,138,True,106,107,32,32,0,"[138, 40, 8]",0,True,32,True,107,138,32,0,0,32,"[107, 40, 8]",1,False,867e7b95290bfb4ef084,expected_aligned_shape,Qwen/Qwen3.6-35B-A3B-FP8,ok,32,106,4240,1631,0.38466981132075473,4240,3192,0.7528301886792453,0,0.0,0.9429102344196684,3997.939393939394,0.9675412735849057,4102.375,Qwen/Qwen3.6-35B-A3B-FP8
low_margin,40,127,8,40640,same_model,29595,0.7282234251968503,11045,0.2717765748031496,167,True,127,128,40,40,0,"[167, 40, 8]",0,True,40,True,128,167,40,0,0,40,"[128, 40, 8]",1,False,8740771949897ec70ee2,expected_aligned_shape,Qwen/Qwen3.6-35B-A3B-FP8,ok,32,127,5080,1458,0.287007874015748,5080,3413,0.6718503937007874,0,0.0,0.9189339182252569,4668.184304584304,0.9529773622047244,4841.125,Qwen/Qwen3.6-35B-A3B-FP8
low_margin,40,127,8,40640,same_model,30035,0.7390501968503937,10605,0.2609498031496063,166,True,127,128,39,39,0,"[166, 40, 8]",0,True,39,True,128,166,39,0,0,39,"[128, 40, 8]",1,False,87837c3d21d8aaeaee48,expected_aligned_shape,Qwen/Qwen3.6-35B-A3B-FP8,ok,32,127,5080,1514,0.2980314960629921,5080,3472,0.6834645669291338,0,0.0,0.922371539221933,4685.647419247419,0.9548966535433071,4850.875,Qwen/Qwen3.6-35B-A3B-FP8
logs,40,127,8,40640,same_model,30237,0.7440206692913386,10403,0.2559793307086614,159,True,127,128,32,32,0,"[159, 40, 8]",0,True,32,True,128,159,32,0,0,32,"[128, 40, 8]",1,False,87b0143d83b8e2ea3fab,expected_aligned_shape,Qwen/Qwen3.6-35B-A3B-FP8,ok,32,127,5080,1555,0.3061023622047244,5080,3423,0.6738188976377952,0,0.0,0.9220782629444046,4684.157575757576,0.9553641732283464,4853.25,Qwen/Qwen3.6-35B-A3B-FP8
code,40,127,8,40640,same_model,30871,0.759621062992126,9769,0.24037893700787402,159,True,127,128,32,32,0,"[159, 40, 8]",0,True,32,True,128,159,32,0,0,32,"[128, 40, 8]",1,False,881c84297e61741b5731,expected_aligned_shape,Qwen/Qwen3.6-35B-A3B-FP8,ok,32,127,5080,1697,0.3340551181102362,5080,3538,0.6964566929133859,0,0.0,0.9230965884509192,4689.3306693306695,0.9546505905511811,4849.625,Qwen/Qwen3.6-35B-A3B-FP8
mixed_language,40,127,8,40640,same_model,32507,0.799876968503937,8133,0.200123031496063,159,True,127,128,32,32,0,"[159, 40, 8]",0,True,32,True,128,159,32,0,0,32,"[128, 40, 8]",1,False,8896c20ee2df2e8b3133,expected_aligned_shape,Qwen/Qwen3.6-35B-A3B-FP8,ok,32,127,5080,1951,0.38405511811023624,5080,3886,0.7649606299212598,0,0.0,0.9458781638309196,4805.061072261073,0.969242125984252,4923.75,Qwen/Qwen3.6-35B-A3B-FP8
logs,40,72,8,23040,same_model,16384,0.7111111111111111,6656,0.28888888888888886,104,True,72,73,32,32,0,"[104, 40, 8]",0,True,32,True,73,104,32,0,0,32,"[73, 40, 8]",1,False,88ac2d2bf4cb11ea13c6,expected_aligned_shape,Qwen/Qwen3.6-35B-A3B-FP8,ok,32,72,2880,720,0.25,2880,1890,0.65625,0,0.0,0.9136185496602164,2631.221423021423,0.9493923611111111,2734.25,Qwen/Qwen3.6-35B-A3B-FP8
low_margin,40,127,8,40640,same_model,30412,0.7483267716535433,10228,0.25167322834645667,167,True,127,128,40,40,0,"[167, 40, 8]",0,True,40,True,128,167,40,0,0,40,"[128, 40, 8]",1,False,88efd22bf016dd5e5ecc,expected_aligned_shape,Qwen/Qwen3.6-35B-A3B-FP8,ok,32,127,5080,1607,0.31633858267716536,5080,3526,0.6940944881889763,0,0.0,0.9255619795777276,4701.854856254857,0.9569881889763779,4861.5,Qwen/Qwen3.6-35B-A3B-FP8
logs,40,127,8,40640,same_model,29686,0.7304625984251969,10954,0.26953740157480316,159,True,127,128,32,32,0,"[159, 40, 8]",0,True,32,True,128,159,32,0,0,32,"[128, 40, 8]",1,False,8926131c720f9266b8ae,expected_aligned_shape,Qwen/Qwen3.6-35B-A3B-FP8,ok,32,127,5080,1447,0.2848425196850394,5080,3354,0.6602362204724409,0,0.0,0.9159987519042637,4653.2736596736595,0.9513533464566929,4832.875,Qwen/Qwen3.6-35B-A3B-FP8
code,40,127,8,40640,same_model,29862,0.7347933070866142,10778,0.26520669291338583,159,True,127,128,32,32,0,"[159, 40, 8]",0,True,32,True,128,159,32,0,0,32,"[128, 40, 8]",1,False,8a6acfe133d4645e5f08,expected_aligned_shape,Qwen/Qwen3.6-35B-A3B-FP8,ok,32,127,5080,1523,0.2998031496062992,5080,3401,0.669488188976378,0,0.0,0.9152520314331337,4649.48031968032,0.9496555118110236,4824.25,Qwen/Qwen3.6-35B-A3B-FP8
needle,40,127,8,40640,same_model,29545,0.7269931102362205,11095,0.2730068897637795,159,True,127,128,32,32,0,"[159, 40, 8]",0,True,32,True,128,159,32,0,0,32,"[128, 40, 8]",1,False,8ae848c8e1c8ca3c814a,expected_aligned_shape,Qwen/Qwen3.6-35B-A3B-FP8,ok,32,127,5080,1433,0.28208661417322833,5080,3420,0.6732283464566929,0,0.0,0.9206627143635017,4676.966588966589,0.9543061023622047,4847.875,Qwen/Qwen3.6-35B-A3B-FP8
math_numeric,40,127,8,40640,same_model,30826,0.758513779527559,9814,0.24148622047244095,159,True,127,128,32,32,0,"[159, 40, 8]",0,True,32,True,128,159,32,0,0,32,"[128, 40, 8]",1,False,8bb89f3ce60c2fe4805c,expected_aligned_shape,Qwen/Qwen3.6-35B-A3B-FP8,ok,32,127,5080,1629,0.3206692913385827,5080,3572,0.7031496062992126,0,0.0,0.9258619988934952,4703.378954378954,0.9565944881889764,4859.5,Qwen/Qwen3.6-35B-A3B-FP8
low_margin,40,127,8,40640,same_model,29711,0.7310777559055118,10929,0.26892224409448817,166,True,127,128,39,39,0,"[166, 40, 8]",0,True,39,True,128,166,39,0,0,39,"[128, 40, 8]",1,False,8bece812b2966e60e8ad,expected_aligned_shape,Qwen/Qwen3.6-35B-A3B-FP8,ok,32,127,5080,1472,0.28976377952755905,5080,3409,0.6710629921259843,0,0.0,0.9206693831103279,4677.000466200466,0.9544291338582677,4848.5,Qwen/Qwen3.6-35B-A3B-FP8
short_qa,40,127,8,40640,same_model,32035,0.7882627952755905,8605,0.21173720472440946,159,True,127,128,32,32,0,"[159, 40, 8]",0,True,32,True,128,159,32,0,0,32,"[128, 40, 8]",1,False,8bed4f4810f56cc50293,expected_aligned_shape,Qwen/Qwen3.6-35B-A3B-FP8,ok,32,127,5080,1863,0.36673228346456693,5080,3836,0.7551181102362204,0,0.0,0.9432100532887937,4791.507070707071,0.9676919291338583,4915.875,Qwen/Qwen3.6-35B-A3B-FP8
low_margin,40,127,8,40640,same_model,30607,0.753125,10033,0.246875,166,True,127,128,39,39,0,"[166, 40, 8]",0,True,39,True,128,166,39,0,0,39,"[128, 40, 8]",1,False,8bf7f00e1a8446ea3b04,expected_aligned_shape,Qwen/Qwen3.6-35B-A3B-FP8,ok,32,127,5080,1603,0.3155511811023622,5080,3604,0.7094488188976378,0,0.0,0.9300442339812418,4724.624708624709,0.9597687007874016,4875.625,Qwen/Qwen3.6-35B-A3B-FP8
chat,40,127,8,40640,same_model,29426,0.7240649606299212,11214,0.27593503937007874,159,True,127,128,32,32,0,"[159, 40, 8]",0,True,32,True,128,159,32,0,0,32,"[128, 40, 8]",1,False,8bfb44b67e76fa2d1aeb,expected_aligned_shape,Qwen/Qwen3.6-35B-A3B-FP8,ok,32,127,5080,1375,0.2706692913385827,5080,3397,0.6687007874015748,0,0.0,0.9178095482819892,4662.472505272505,0.9519931102362205,4836.125,Qwen/Qwen3.6-35B-A3B-FP8
summarization,40,127,8,40640,same_model,30453,0.7493356299212598,10187,0.25066437007874015,159,True,127,128,32,32,0,"[159, 40, 8]",0,True,32,True,128,159,32,0,0,32,"[128, 40, 8]",1,False,8c26b132a52e832bd0b3,expected_aligned_shape,Qwen/Qwen3.6-35B-A3B-FP8,ok,32,127,5080,1636,0.3220472440944882,5080,3581,0.7049212598425196,0,0.0,0.925304804556773,4700.548407148407,0.9553887795275591,4853.375,Qwen/Qwen3.6-35B-A3B-FP8
math_numeric,40,127,8,40640,same_model,29576,0.727755905511811,11064,0.272244094488189,159,True,127,128,32,32,0,"[159, 40, 8]",0,True,32,True,128,159,32,0,0,32,"[128, 40, 8]",1,False,8c52d05567920b9068cd,expected_aligned_shape,Qwen/Qwen3.6-35B-A3B-FP8,ok,32,127,5080,1445,0.2844488188976378,5080,3268,0.6433070866141732,0,0.0,0.9105070432629487,4625.37577977578,0.9476377952755906,4814.0,Qwen/Qwen3.6-35B-A3B-FP8
math_numeric,40,127,8,40640,same_model,30709,0.755634842519685,9931,0.24436515748031495,159,True,127,128,32,32,0,"[159, 40, 8]",0,True,32,True,128,159,32,0,0,32,"[128, 40, 8]",1,False,8c7dc41fc40ddda41eef,expected_aligned_shape,Qwen/Qwen3.6-35B-A3B-FP8,ok,32,127,5080,1609,0.31673228346456694,5080,3539,0.6966535433070866,0,0.0,0.9251265532367894,4699.64289044289,0.9565944881889764,4859.5,Qwen/Qwen3.6-35B-A3B-FP8
summarization,40,127,8,40640,same_model,29990,0.7379429133858267,10650,0.2620570866141732,163,True,127,128,36,36,0,"[163, 40, 8]",0,True,36,True,128,163,36,0,0,36,"[128, 40, 8]",1,False,8c9b98b64a58814a2f39,expected_aligned_shape,Qwen/Qwen3.6-35B-A3B-FP8,ok,32,127,5080,1507,0.2966535433070866,5080,3488,0.6866141732283465,0,0.0,0.9220476811027991,4684.00222000222,0.9546259842519685,4849.5,Qwen/Qwen3.6-35B-A3B-FP8
math_numeric,40,127,8,40640,same_model,29628,0.7290354330708662,11012,0.27096456692913384,159,True,127,128,32,32,0,"[159, 40, 8]",0,True,32,True,128,159,32,0,0,32,"[128, 40, 8]",1,False,8cbc6deb366a90598072,expected_aligned_shape,Qwen/Qwen3.6-35B-A3B-FP8,ok,32,127,5080,1493,0.2938976377952756,5080,3350,0.6594488188976378,0,0.0,0.9138059010106254,4642.133977133977,0.949384842519685,4822.875,Qwen/Qwen3.6-35B-A3B-FP8
logs,40,127,8,40640,same_model,30684,0.7550196850393701,9956,0.2449803149606299,159,True,127,128,32,32,0,"[159, 40, 8]",0,True,32,True,128,159,32,0,0,32,"[128, 40, 8]",1,False,8cef8dce1364c7587754,expected_aligned_shape,Qwen/Qwen3.6-35B-A3B-FP8,ok,32,127,5080,1634,0.3216535433070866,5080,3544,0.6976377952755906,0,0.0,0.9278087966276943,4713.268686868687,0.9586368110236221,4869.875,Qwen/Qwen3.6-35B-A3B-FP8
summarization,40,127,8,40640,same_model,31154,0.7665846456692913,9486,0.23341535433070867,163,True,127,128,36,36,0,"[163, 40, 8]",0,True,36,True,128,163,36,0,0,36,"[128, 40, 8]",1,False,8d55514286def2bb6141,expected_aligned_shape,Qwen/Qwen3.6-35B-A3B-FP8,ok,32,127,5080,1725,0.3395669291338583,5080,3668,0.7220472440944882,0,0.0,0.9315579783296318,4732.31452991453,0.9602854330708661,4878.25,Qwen/Qwen3.6-35B-A3B-FP8
json_structured,40,127,8,40640,same_model,28039,0.6899360236220472,12601,0.31006397637795274,159,True,127,128,32,32,0,"[159, 40, 8]",0,True,32,True,128,159,32,0,0,32,"[128, 40, 8]",1,False,8dc7a0e49d8054a4febf,expected_aligned_shape,Qwen/Qwen3.6-35B-A3B-FP8,ok,32,127,5080,1220,0.24015748031496062,5080,3223,0.6344488188976378,0,0.0,0.9045635423194478,4595.182794982795,0.9429133858267716,4790.0,Qwen/Qwen3.6-35B-A3B-FP8
logs,40,127,8,40640,same_model,30475,0.749876968503937,10165,0.250123031496063,159,True,127,128,32,32,0,"[159, 40, 8]",0,True,32,True,128,159,32,0,0,32,"[128, 40, 8]",1,False,8df5f48dc72ff9b25245,expected_aligned_shape,Qwen/Qwen3.6-35B-A3B-FP8,ok,32,127,5080,1583,0.31161417322834645,5080,3549,0.6986220472440945,0,0.0,0.9279979775255366,4714.229725829726,0.9586860236220472,4870.125,Qwen/Qwen3.6-35B-A3B-FP8
json_structured,40,127,8,40640,same_model,29290,0.7207185039370079,11350,0.27928149606299213,159,True,127,128,32,32,0,"[159, 40, 8]",0,True,32,True,128,159,32,0,0,32,"[128, 40, 8]",1,False,8e07a080e3fb068115b8,expected_aligned_shape,Qwen/Qwen3.6-35B-A3B-FP8,ok,32,127,5080,1429,0.2812992125984252,5080,3413,0.6718503937007874,0,0.0,0.9174126660740834,4660.456343656344,0.951107283464567,4831.625,Qwen/Qwen3.6-35B-A3B-FP8
low_margin,40,127,8,40640,same_model,30596,0.7528543307086614,10044,0.24714566929133858,166,True,127,128,39,39,0,"[166, 40, 8]",0,True,39,True,128,166,39,0,0,39,"[128, 40, 8]",1,False,8e0dec58e940d3bca91d,expected_aligned_shape,Qwen/Qwen3.6-35B-A3B-FP8,ok,32,127,5080,1640,0.3228346456692913,5080,3584,0.705511811023622,0,0.0,0.928341684562157,4715.975757575758,0.9586860236220472,4870.125,Qwen/Qwen3.6-35B-A3B-FP8
code,40,127,8,40640,same_model,30967,0.7619832677165355,9673,0.23801673228346457,159,True,127,128,32,32,0,"[159, 40, 8]",0,True,32,True,128,159,32,0,0,32,"[128, 40, 8]",1,False,8e12b4849e3760c026ef,expected_aligned_shape,Qwen/Qwen3.6-35B-A3B-FP8,ok,32,127,5080,1677,0.33011811023622045,5080,3589,0.706496062992126,0,0.0,0.9295227869243617,4721.975757575758,0.9595226377952756,4874.375,Qwen/Qwen3.6-35B-A3B-FP8
math_numeric,40,127,8,40640,same_model,30521,0.7510088582677166,10119,0.24899114173228346,159,True,127,128,32,32,0,"[159, 40, 8]",0,True,32,True,128,159,32,0,0,32,"[128, 40, 8]",1,False,8e6325f69f2dede3825c,expected_aligned_shape,Qwen/Qwen3.6-35B-A3B-FP8,ok,32,127,5080,1664,0.32755905511811023,5080,3604,0.7094488188976378,0,0.0,0.9262946851923229,4705.577000777001,0.9567913385826772,4860.5,Qwen/Qwen3.6-35B-A3B-FP8
logs,40,127,8,40640,same_model,29820,0.7337598425196851,10820,0.266240157480315,159,True,127,128,32,32,0,"[159, 40, 8]",0,True,32,True,128,159,32,0,0,32,"[128, 40, 8]",1,False,8e676d49327d4d22552d,expected_aligned_shape,Qwen/Qwen3.6-35B-A3B-FP8,ok,32,127,5080,1509,0.2970472440944882,5080,3480,0.6850393700787402,0,0.0,0.9221339159528136,4684.440293040293,0.9546751968503937,4849.75,Qwen/Qwen3.6-35B-A3B-FP8
logs,40,127,8,40640,same_model,29566,0.7275098425196851,11074,0.27249015748031497,159,True,127,128,32,32,0,"[159, 40, 8]",0,True,32,True,128,159,32,0,0,32,"[128, 40, 8]",1,False,8ec49816cc265f8b8294,expected_aligned_shape,Qwen/Qwen3.6-35B-A3B-FP8,ok,32,127,5080,1438,0.28307086614173227,5080,3436,0.6763779527559055,0,0.0,0.9204282331841388,4675.775424575425,0.9538385826771654,4845.5,Qwen/Qwen3.6-35B-A3B-FP8
low_margin,40,127,8,40640,same_model,30096,0.7405511811023622,10544,0.2594488188976378,166,True,127,128,39,39,0,"[166, 40, 8]",0,True,39,True,128,166,39,0,0,39,"[128, 40, 8]",1,False,8f69f039471770707b7e,expected_aligned_shape,Qwen/Qwen3.6-35B-A3B-FP8,ok,32,127,5080,1525,0.3001968503937008,5080,3507,0.6903543307086614,0,0.0,0.9228115148193888,4687.882495282495,0.9545275590551181,4849.0,Qwen/Qwen3.6-35B-A3B-FP8
logs,40,127,8,40640,same_model,30209,0.7433316929133859,10431,0.2566683070866142,159,True,127,128,32,32,0,"[159, 40, 8]",0,True,32,True,128,159,32,0,0,32,"[128, 40, 8]",1,False,8f7d10ec4ff11a647ee7,expected_aligned_shape,Qwen/Qwen3.6-35B-A3B-FP8,ok,32,127,5080,1572,0.3094488188976378,5080,3521,0.6931102362204724,0,0.0,0.9254744992540269,4701.410456210456,0.9569881889763779,4861.5,Qwen/Qwen3.6-35B-A3B-FP8
chat,40,127,8,40640,same_model,30213,0.7434301181102362,10427,0.25656988188976376,159,True,127,128,32,32,0,"[159, 40, 8]",0,True,32,True,128,159,32,0,0,32,"[128, 40, 8]",1,False,8f8115aa4a281d951a7c,expected_aligned_shape,Qwen/Qwen3.6-35B-A3B-FP8,ok,32,127,5080,1531,0.3013779527559055,5080,3549,0.6986220472440945,0,0.0,0.9275422302981357,4711.91452991453,0.9582923228346457,4868.125,Qwen/Qwen3.6-35B-A3B-FP8
math_numeric,40,127,8,40640,same_model,30671,0.7546998031496063,9969,0.2453001968503937,159,True,127,128,32,32,0,"[159, 40, 8]",0,True,32,True,128,159,32,0,0,32,"[128, 40, 8]",1,False,8f9070376249b3bc8557,expected_aligned_shape,Qwen/Qwen3.6-35B-A3B-FP8,ok,32,127,5080,1636,0.3220472440944882,5080,3541,0.6970472440944881,0,0.0,0.9232539376633865,4690.130003330003,0.9549950787401574,4851.375,Qwen/Qwen3.6-35B-A3B-FP8
summarization,40,127,8,40640,same_model,30538,0.7514271653543307,10102,0.2485728346456693,159,True,127,128,32,32,0,"[159, 40, 8]",0,True,32,True,128,159,32,0,0,32,"[128, 40, 8]",1,False,8fb265f41b57655fdaf6,expected_aligned_shape,Qwen/Qwen3.6-35B-A3B-FP8,ok,32,127,5080,1581,0.31122047244094486,5080,3608,0.710236220472441,0,0.0,0.93019804342639,4725.40606060606,0.9598917322834646,4876.25,Qwen/Qwen3.6-35B-A3B-FP8
code,40,127,8,40640,same_model,30139,0.7416092519685039,10501,0.2583907480314961,159,True,127,128,32,32,0,"[159, 40, 8]",0,True,32,True,128,159,32,0,0,32,"[128, 40, 8]",1,False,900f406d35eb6b62a9d6,expected_aligned_shape,Qwen/Qwen3.6-35B-A3B-FP8,ok,32,127,5080,1596,0.31417322834645667,5080,3426,0.6744094488188976,0,0.0,0.9169504860843442,4658.1084693084695,0.9513533464566929,4832.875,Qwen/Qwen3.6-35B-A3B-FP8
code,40,127,8,40640,same_model,30090,0.7404035433070866,10550,0.25959645669291337,159,True,127,128,32,32,0,"[159, 40, 8]",0,True,32,True,128,159,32,0,0,32,"[128, 40, 8]",1,False,901fbb039eb51be272f4,expected_aligned_shape,Qwen/Qwen3.6-35B-A3B-FP8,ok,32,127,5080,1514,0.2980314960629921,5080,3444,0.6779527559055119,0,0.0,0.9228012407539967,4687.830303030303,0.9556840551181103,4854.875,Qwen/Qwen3.6-35B-A3B-FP8
summarization,40,127,8,40640,same_model,30578,0.7524114173228347,10062,0.24758858267716535,167,True,127,128,40,40,0,"[167, 40, 8]",0,True,40,True,128,167,40,0,0,40,"[128, 40, 8]",1,False,904d79524f4d042d53f9,expected_aligned_shape,Qwen/Qwen3.6-35B-A3B-FP8,ok,32,127,5080,1670,0.328740157480315,5080,3588,0.7062992125984252,0,0.0,0.9266051009358096,4707.153912753913,0.9569143700787401,4861.125,Qwen/Qwen3.6-35B-A3B-FP8
summarization,40,127,8,40640,same_model,29639,0.7293061023622047,11001,0.2706938976377953,163,True,127,128,36,36,0,"[163, 40, 8]",0,True,36,True,128,163,36,0,0,36,"[128, 40, 8]",1,False,90d92c6b78f853e6b846,expected_aligned_shape,Qwen/Qwen3.6-35B-A3B-FP8,ok,32,127,5080,1464,0.28818897637795277,5080,3374,0.6641732283464566,0,0.0,0.9136600232663225,4641.392918192918,0.9488681102362204,4820.25,Qwen/Qwen3.6-35B-A3B-FP8
summarization,40,127,8,40640,same_model,30334,0.7464074803149606,10306,0.2535925196850394,159,True,127,128,32,32,0,"[159, 40, 8]",0,True,32,True,128,159,32,0,0,32,"[128, 40, 8]",1,False,91a31847728383045e3a,expected_aligned_shape,Qwen/Qwen3.6-35B-A3B-FP8,ok,32,127,5080,1610,0.3169291338582677,5080,3538,0.6964566929133859,0,0.0,0.9251368928534281,4699.695415695416,0.9565944881889764,4859.5,Qwen/Qwen3.6-35B-A3B-FP8
code,40,127,8,40640,same_model,30662,0.7544783464566929,9978,0.2455216535433071,166,True,127,128,39,39,0,"[166, 40, 8]",0,True,39,True,128,166,39,0,0,39,"[128, 40, 8]",1,False,91f0bd8d1b2650d3ab83,expected_aligned_shape,Qwen/Qwen3.6-35B-A3B-FP8,ok,32,127,5080,1628,0.32047244094488186,5080,3554,0.6996062992125984,0,0.0,0.9273907719577011,4711.145121545122,0.9580954724409448,4867.125,Qwen/Qwen3.6-35B-A3B-FP8
low_margin,40,1,8,320,same_model,222,0.69375,98,0.30625,41,True,1,2,40,40,0,"[41, 40, 8]",0,True,40,True,2,41,40,0,0,40,"[2, 40, 8]",1,False,920487cdb3ea7356e413,expected_aligned_shape,Qwen/Qwen3.6-35B-A3B-FP8,ok,32,1,40,7,0.175,40,26,0.65,0,0.0,0.9133333333333333,36.53333333333333,0.95,38.0,Qwen/Qwen3.6-35B-A3B-FP8
needle,40,127,8,40640,same_model,29252,0.7197834645669291,11388,0.28021653543307085,159,True,127,128,32,32,0,"[159, 40, 8]",0,True,32,True,128,159,32,0,0,32,"[128, 40, 8]",1,False,923e8a0e4829c62a5409,expected_aligned_shape,Qwen/Qwen3.6-35B-A3B-FP8,ok,32,127,5080,1396,0.2748031496062992,5080,3390,0.6673228346456693,0,0.0,0.9166130151563223,4656.394116994117,0.9512549212598426,4832.375,Qwen/Qwen3.6-35B-A3B-FP8
logs,40,127,8,40640,same_model,29258,0.7199311023622047,11382,0.2800688976377953,159,True,127,128,32,32,0,"[159, 40, 8]",0,True,32,True,128,159,32,0,0,32,"[128, 40, 8]",1,False,926b6f8891804d72864f,expected_aligned_shape,Qwen/Qwen3.6-35B-A3B-FP8,ok,32,127,5080,1452,0.2858267716535433,5080,3385,0.6663385826771654,0,0.0,0.9144663997419903,4645.4893106893105,0.9487450787401575,4819.625,Qwen/Qwen3.6-35B-A3B-FP8
mixed_language,40,24,8,7680,same_model,5810,0.7565104166666666,1870,0.24348958333333334,56,True,24,25,32,32,0,"[56, 40, 8]",0,True,32,True,25,56,32,0,0,32,"[25, 40, 8]",1,False,92700be4ef3a5fb144b6,expected_aligned_shape,Qwen/Qwen3.6-35B-A3B-FP8,ok,32,24,960,321,0.334375,960,734,0.7645833333333333,0,0.0,0.9451262626262628,907.3212121212122,0.96875,930.0,Qwen/Qwen3.6-35B-A3B-FP8
short_qa,40,127,8,40640,same_model,29595,0.7282234251968503,11045,0.2717765748031496,159,True,127,128,32,32,0,"[159, 40, 8]",0,True,32,True,128,159,32,0,0,32,"[128, 40, 8]",1,False,9275ef27e00389353e75,expected_aligned_shape,Qwen/Qwen3.6-35B-A3B-FP8,ok,32,127,5080,1436,0.2826771653543307,5080,3415,0.672244094488189,0,0.0,0.9184481965978029,4665.7168387168385,0.9524114173228346,4838.25,Qwen/Qwen3.6-35B-A3B-FP8
logs,40,69,8,22080,same_model,16369,0.7413496376811595,5711,0.2586503623188406,101,True,69,70,32,32,0,"[101, 40, 8]",0,True,32,True,70,101,32,0,0,32,"[70, 40, 8]",1,False,92a2248985d77febb48f,expected_aligned_shape,Qwen/Qwen3.6-35B-A3B-FP8,ok,32,69,2760,836,0.30289855072463767,2760,1935,0.7010869565217391,0,0.0,0.9271365832235398,2558.89696969697,0.9579710144927536,2644.0,Qwen/Qwen3.6-35B-A3B-FP8
needle,40,127,8,40640,same_model,28719,0.7066683070866142,11921,0.29333169291338584,159,True,127,128,32,32,0,"[159, 40, 8]",0,True,32,True,128,159,32,0,0,32,"[128, 40, 8]",1,False,93073cdcb586446bbee2,expected_aligned_shape,Qwen/Qwen3.6-35B-A3B-FP8,ok,32,127,5080,1281,0.25216535433070864,5080,3247,0.6391732283464567,0,0.0,0.908845214278285,4616.933688533689,0.9467765748031496,4809.625,Qwen/Qwen3.6-35B-A3B-FP8
math_numeric,40,127,8,40640,same_model,19471,0.47910925196850396,21169,0.520890748031496,159,True,127,128,32,32,0,"[159, 40, 8]",0,True,32,True,128,159,32,0,0,32,"[128, 40, 8]",1,False,931ae9fab340ba6d5feb,expected_aligned_shape,Qwen/Qwen3.6-35B-A3B-FP8,ok,32,127,5080,348,0.06850393700787402,5080,1726,0.33976377952755904,0,0.0,0.768745353509133,3905.2263958263957,0.844242125984252,4288.75,Qwen/Qwen3.6-35B-A3B-FP8
low_margin,40,127,8,40640,same_model,29998,0.7381397637795276,10642,0.26186023622047244,166,True,127,128,39,39,0,"[166, 40, 8]",0,True,39,True,128,166,39,0,0,39,"[128, 40, 8]",1,False,936d2f4f34bc153938c7,expected_aligned_shape,Qwen/Qwen3.6-35B-A3B-FP8,ok,32,127,5080,1527,0.30059055118110234,5080,3474,0.6838582677165355,0,0.0,0.9225774400577551,4686.693395493396,0.9552411417322835,4852.625,Qwen/Qwen3.6-35B-A3B-FP8
code,40,127,8,40640,same_model,30779,0.7573572834645669,9861,0.24264271653543307,159,True,127,128,32,32,0,"[159, 40, 8]",0,True,32,True,128,159,32,0,0,32,"[128, 40, 8]",1,False,93b60f37729f176e892a,expected_aligned_shape,Qwen/Qwen3.6-35B-A3B-FP8,ok,32,127,5080,1680,0.33070866141732286,5080,3531,0.6950787401574803,0,0.0,0.924784428170255,4697.904895104895,0.9563238188976378,4858.125,Qwen/Qwen3.6-35B-A3B-FP8
json_structured,40,127,8,40640,same_model,29731,0.7315698818897638,10909,0.2684301181102362,159,True,127,128,32,32,0,"[159, 40, 8]",0,True,32,True,128,159,32,0,0,32,"[128, 40, 8]",1,False,93fabd5451c8ad06e5a6,expected_aligned_shape,Qwen/Qwen3.6-35B-A3B-FP8,ok,32,127,5080,1461,0.2875984251968504,5080,3438,0.676771653543307,0,0.0,0.9176859798119641,4661.844777444778,0.9511564960629921,4831.875,Qwen/Qwen3.6-35B-A3B-FP8
chat,40,127,8,40640,same_model,28922,0.7116633858267717,11718,0.28833661417322837,159,True,127,128,32,32,0,"[159, 40, 8]",0,True,32,True,128,159,32,0,0,32,"[128, 40, 8]",1,False,945435bd96bddc603b32,expected_aligned_shape,Qwen/Qwen3.6-35B-A3B-FP8,ok,32,127,5080,1343,0.2643700787401575,5080,3327,0.6549212598425197,0,0.0,0.9118371392387141,4632.132667332668,0.9477608267716535,4814.625,Qwen/Qwen3.6-35B-A3B-FP8
math_numeric,40,127,8,40640,same_model,30738,0.7563484251968504,9902,0.2436515748031496,159,True,127,128,32,32,0,"[159, 40, 8]",0,True,32,True,128,159,32,0,0,32,"[128, 40, 8]",1,False,9454c66d812ca8015f40,expected_aligned_shape,Qwen/Qwen3.6-35B-A3B-FP8,ok,32,127,5080,1684,0.331496062992126,5080,3631,0.7147637795275591,0,0.0,0.928848098533138,4718.548340548341,0.958390748031496,4868.625,Qwen/Qwen3.6-35B-A3B-FP8
math_numeric,40,127,8,40640,same_model,31018,0.763238188976378,9622,0.23676181102362204,159,True,127,128,32,32,0,"[159, 40, 8]",0,True,32,True,128,159,32,0,0,32,"[128, 40, 8]",1,False,949662d1b45ab08be739,expected_aligned_shape,Qwen/Qwen3.6-35B-A3B-FP8,ok,32,127,5080,1752,0.34488188976377954,5080,3658,0.7200787401574803,0,0.0,0.929083689713611,4719.745143745144,0.9584153543307087,4868.75,Qwen/Qwen3.6-35B-A3B-FP8
short_qa,40,127,8,40640,same_model,32048,0.7885826771653544,8592,0.21141732283464568,159,True,127,128,32,32,0,"[159, 40, 8]",0,True,32,True,128,159,32,0,0,32,"[128, 40, 8]",1,False,94c3b64c6bf713d43706,expected_aligned_shape,Qwen/Qwen3.6-35B-A3B-FP8,ok,32,127,5080,1851,0.3643700787401575,5080,3883,0.7643700787401575,0,0.0,0.9457193987115247,4804.254545454545,0.9691929133858268,4923.5,Qwen/Qwen3.6-35B-A3B-FP8
short_qa,40,127,8,40640,same_model,30306,0.7457185039370079,10334,0.2542814960629921,159,True,127,128,32,32,0,"[159, 40, 8]",0,True,32,True,128,159,32,0,0,32,"[128, 40, 8]",1,False,94c9b024e01262064ee8,expected_aligned_shape,Qwen/Qwen3.6-35B-A3B-FP8,ok,32,127,5080,1518,0.2988188976377953,5080,3547,0.698228346456693,0,0.0,0.9279304859619819,4713.886868686869,0.9586860236220472,4870.125,Qwen/Qwen3.6-35B-A3B-FP8
needle,40,127,8,40640,same_model,29145,0.7171505905511811,11495,0.2828494094488189,159,True,127,128,32,32,0,"[159, 40, 8]",0,True,32,True,128,159,32,0,0,32,"[128, 40, 8]",1,False,950f33e688fc0163fe83,expected_aligned_shape,Qwen/Qwen3.6-35B-A3B-FP8,ok,32,127,5080,1416,0.27874015748031494,5080,3323,0.6541338582677165,0,0.0,0.9106475195845275,4626.0893994893995,0.9467273622047244,4809.375,Qwen/Qwen3.6-35B-A3B-FP8
logs,40,127,8,40640,same_model,30657,0.7543553149606299,9983,0.2456446850393701,159,True,127,128,32,32,0,"[159, 40, 8]",0,True,32,True,128,159,32,0,0,32,"[128, 40, 8]",1,False,956d9d561147514093ad,expected_aligned_shape,Qwen/Qwen3.6-35B-A3B-FP8,ok,32,127,5080,1611,0.31712598425196853,5080,3613,0.7112204724409449,0,0.0,0.9316241151674224,4732.650505050505,0.9609251968503937,4881.5,Qwen/Qwen3.6-35B-A3B-FP8
short_qa,40,127,8,40640,same_model,31118,0.7656988188976378,9522,0.2343011811023622,166,True,127,128,39,39,0,"[166, 40, 8]",0,True,39,True,128,166,39,0,0,39,"[128, 40, 8]",1,False,95af21ac53e5a74d9dc8,expected_aligned_shape,Qwen/Qwen3.6-35B-A3B-FP8,ok,32,127,5080,1708,0.3362204724409449,5080,3696,0.7275590551181103,0,0.0,0.9336834993527907,4743.112176712177,0.9614911417322834,4884.375,Qwen/Qwen3.6-35B-A3B-FP8
logs,40,127,8,40640,same_model,29629,0.7290600393700788,11011,0.27093996062992126,159,True,127,128,32,32,0,"[159, 40, 8]",0,True,32,True,128,159,32,0,0,32,"[128, 40, 8]",1,False,95cdcf7639cf6452a717,expected_aligned_shape,Qwen/Qwen3.6-35B-A3B-FP8,ok,32,127,5080,1492,0.2937007874015748,5080,3477,0.6844488188976378,0,0.0,0.9187574761196808,4667.2879786879785,0.9510088582677165,4831.125,Qwen/Qwen3.6-35B-A3B-FP8
code,40,127,8,40640,same_model,30780,0.7573818897637795,9860,0.24261811023622049,159,True,127,128,32,32,0,"[159, 40, 8]",0,True,32,True,128,159,32,0,0,32,"[128, 40, 8]",1,False,95d8bd020621ee918a68,expected_aligned_shape,Qwen/Qwen3.6-35B-A3B-FP8,ok,32,127,5080,1656,0.32598425196850395,5080,3576,0.7039370078740157,0,0.0,0.9261430651588132,4704.806771006771,0.956865157480315,4860.875,Qwen/Qwen3.6-35B-A3B-FP8
math_numeric,40,127,8,40640,same_model,29435,0.7242864173228346,11205,0.27571358267716534,159,True,127,128,32,32,0,"[159, 40, 8]",0,True,32,True,128,159,32,0,0,32,"[128, 40, 8]",1,False,96c2ea5592f2ccf72270,expected_aligned_shape,Qwen/Qwen3.6-35B-A3B-FP8,ok,32,127,5080,1448,0.28503937007874014,5080,3285,0.6466535433070866,0,0.0,0.9066908157459339,4605.989343989344,0.9437746062992126,4794.375,Qwen/Qwen3.6-35B-A3B-FP8
low_margin,40,127,8,40640,same_model,30333,0.746382874015748,10307,0.25361712598425196,167,True,127,128,40,40,0,"[167, 40, 8]",0,True,40,True,128,167,40,0,0,40,"[128, 40, 8]",1,False,97635eef2c4a536f1a9c,expected_aligned_shape,Qwen/Qwen3.6-35B-A3B-FP8,ok,32,127,5080,1541,0.3033464566929134,5080,3539,0.6966535433070866,0,0.0,0.9274055515787799,4711.220202020202,0.9583661417322835,4868.5,Qwen/Qwen3.6-35B-A3B-FP8
low_margin,40,127,8,40640,same_model,30254,0.7444389763779528,10386,0.25556102362204725,167,True,127,128,40,40,0,"[167, 40, 8]",0,True,40,True,128,167,40,0,0,40,"[128, 40, 8]",1,False,9778cb7f4462c7e5a6bb,expected_aligned_shape,Qwen/Qwen3.6-35B-A3B-FP8,ok,32,127,5080,1567,0.3084645669291339,5080,3542,0.697244094488189,0,0.0,0.9269837074561484,4709.077233877234,0.9580462598425197,4866.875,Qwen/Qwen3.6-35B-A3B-FP8
summarization,40,127,8,40640,same_model,30901,0.760359251968504,9739,0.23964074803149607,167,True,127,128,40,40,0,"[167, 40, 8]",0,True,40,True,128,167,40,0,0,40,"[128, 40, 8]",1,False,977dba706199d097d6fe,expected_aligned_shape,Qwen/Qwen3.6-35B-A3B-FP8,ok,32,127,5080,1652,0.3251968503937008,5080,3603,0.709251968503937,0,0.0,0.9292847397571806,4720.766477966478,0.9591535433070866,4872.5,Qwen/Qwen3.6-35B-A3B-FP8
math_numeric,40,127,8,40640,same_model,30043,0.7392470472440945,10597,0.2607529527559055,159,True,127,128,32,32,0,"[159, 40, 8]",0,True,32,True,128,159,32,0,0,32,"[128, 40, 8]",1,False,97c0d2ccb5929d573fb4,expected_aligned_shape,Qwen/Qwen3.6-35B-A3B-FP8,ok,32,127,5080,1513,0.29783464566929135,5080,3507,0.6903543307086614,0,0.0,0.9233593309577562,4690.665401265402,0.9553395669291339,4853.125,Qwen/Qwen3.6-35B-A3B-FP8
code,40,127,8,40640,same_model,31254,0.7690452755905511,9386,0.2309547244094488,159,True,127,128,32,32,0,"[159, 40, 8]",0,True,32,True,128,159,32,0,0,32,"[128, 40, 8]",1,False,97e513b5080922851ec5,expected_aligned_shape,Qwen/Qwen3.6-35B-A3B-FP8,ok,32,127,5080,1778,0.35,5080,3627,0.7139763779527559,0,0.0,0.9292251667842218,4720.463847263847,0.958513779527559,4869.25,Qwen/Qwen3.6-35B-A3B-FP8
low_margin,40,127,8,40640,same_model,30939,0.7612942913385827,9701,0.23870570866141733,165,True,127,128,38,38,0,"[165, 40, 8]",0,True,38,True,128,165,38,0,0,38,"[128, 40, 8]",1,False,97eef9bf61d78dbe04cb,expected_aligned_shape,Qwen/Qwen3.6-35B-A3B-FP8,ok,32,127,5080,1713,0.3372047244094488,5080,3627,0.7139763779527559,0,0.0,0.9324656008907977,4736.925252525252,0.9614173228346456,4884.0,Qwen/Qwen3.6-35B-A3B-FP8
json_structured,40,127,8,40640,same_model,29058,0.715009842519685,11582,0.284990157480315,159,True,127,128,32,32,0,"[159, 40, 8]",0,True,32,True,128,159,32,0,0,32,"[128, 40, 8]",1,False,988fea42cce728b13a95,expected_aligned_shape,Qwen/Qwen3.6-35B-A3B-FP8,ok,32,127,5080,1323,0.26043307086614176,5080,3351,0.6596456692913386,0,0.0,0.9152403939018113,4649.421201021201,0.9499261811023622,4825.625,Qwen/Qwen3.6-35B-A3B-FP8
chat,40,127,8,40640,same_model,29432,0.7242125984251968,11208,0.27578740157480314,159,True,127,128,32,32,0,"[159, 40, 8]",0,True,32,True,128,159,32,0,0,32,"[128, 40, 8]",1,False,989223a35c82a9c924d7,expected_aligned_shape,Qwen/Qwen3.6-35B-A3B-FP8,ok,32,127,5080,1446,0.2846456692913386,5080,3403,0.6698818897637795,0,0.0,0.9160084491186855,4653.322921522921,0.9503198818897638,4827.625,Qwen/Qwen3.6-35B-A3B-FP8
summarization,40,127,8,40640,same_model,30142,0.7416830708661417,10498,0.2583169291338583,163,True,127,128,36,36,0,"[163, 40, 8]",0,True,36,True,128,163,36,0,0,36,"[128, 40, 8]",1,False,98b5f162f676011fb726,expected_aligned_shape,Qwen/Qwen3.6-35B-A3B-FP8,ok,32,127,5080,1528,0.30078740157480316,5080,3495,0.687992125984252,0,0.0,0.9225443410482781,4686.525252525253,0.9551181102362205,4852.0,Qwen/Qwen3.6-35B-A3B-FP8
logs,40,66,8,21120,same_model,15456,0.7318181818181818,5664,0.2681818181818182,98,True,66,67,32,32,0,"[98, 40, 8]",0,True,32,True,67,98,32,0,0,32,"[67, 40, 8]",1,False,98f863bfa0adecb134b6,expected_aligned_shape,Qwen/Qwen3.6-35B-A3B-FP8,ok,32,66,2640,773,0.2928030303030303,2640,1780,0.6742424242424242,0,0.0,0.9178010205282934,2422.994694194694,0.9517992424242424,2512.75,Qwen/Qwen3.6-35B-A3B-FP8
summarization,40,127,8,40640,same_model,29950,0.7369586614173228,10690,0.26304133858267714,163,True,127,128,36,36,0,"[163, 40, 8]",0,True,36,True,128,163,36,0,0,36,"[128, 40, 8]",1,False,995ced5a07b811c64ec3,expected_aligned_shape,Qwen/Qwen3.6-35B-A3B-FP8,ok,32,127,5080,1509,0.2970472440944882,5080,3476,0.684251968503937,0,0.0,0.9205673416697038,4676.482095682096,0.9535925196850393,4844.25,Qwen/Qwen3.6-35B-A3B-FP8
json_structured,40,127,8,40640,same_model,31103,0.7653297244094488,9537,0.23467027559055118,166,True,127,128,39,39,0,"[166, 40, 8]",0,True,39,True,128,166,39,0,0,39,"[128, 40, 8]",1,False,996641191bc8907bbda6,expected_aligned_shape,Qwen/Qwen3.6-35B-A3B-FP8,ok,32,127,5080,1738,0.3421259842519685,5080,3660,0.7204724409448819,0,0.0,0.9316417965236864,4732.740326340327,0.9604822834645669,4879.25,Qwen/Qwen3.6-35B-A3B-FP8
code,40,127,8,40640,same_model,29665,0.7299458661417323,10975,0.2700541338582677,159,True,127,128,32,32,0,"[159, 40, 8]",0,True,32,True,128,159,32,0,0,32,"[128, 40, 8]",1,False,99a65da76e4ea87b0250,expected_aligned_shape,Qwen/Qwen3.6-35B-A3B-FP8,ok,32,127,5080,1444,0.284251968503937,5080,3398,0.6688976377952756,0,0.0,0.9167577129781854,4657.129181929182,0.9514763779527559,4833.5,Qwen/Qwen3.6-35B-A3B-FP8
short_qa,40,127,8,40640,same_model,31461,0.774138779527559,9179,0.22586122047244095,166,True,127,128,39,39,0,"[166, 40, 8]",0,True,39,True,128,166,39,0,0,39,"[128, 40, 8]",1,False,99a78f400e015cd2fba3,expected_aligned_shape,Qwen/Qwen3.6-35B-A3B-FP8,ok,32,127,5080,1790,0.35236220472440943,5080,3752,0.7385826771653543,0,0.0,0.9383567963095524,4766.852525252525,0.9647883858267716,4901.125,Qwen/Qwen3.6-35B-A3B-FP8
low_margin,40,127,8,40640,same_model,31934,0.7857775590551181,8706,0.21422244094488188,166,True,127,128,39,39,0,"[166, 40, 8]",0,True,39,True,128,166,39,0,0,39,"[128, 40, 8]",1,False,99aa773428705b28a4d8,expected_aligned_shape,Qwen/Qwen3.6-35B-A3B-FP8,ok,32,127,5080,1879,0.3698818897637795,5080,3779,0.7438976377952756,0,0.0,0.9408677324425355,4779.608080808081,0.9664124015748031,4909.375,Qwen/Qwen3.6-35B-A3B-FP8
json_structured,40,127,8,40640,same_model,31039,0.7637549212598426,9601,0.2362450787401575,167,True,127,128,40,40,0,"[167, 40, 8]",0,True,40,True,128,167,40,0,0,40,"[128, 40, 8]",1,False,99c8e7d0f416023a1076,expected_aligned_shape,Qwen/Qwen3.6-35B-A3B-FP8,ok,32,127,5080,1731,0.340748031496063,5080,3687,0.7257874015748031,0,0.0,0.9330101132463336,4739.691375291375,0.9612204724409449,4883.0,Qwen/Qwen3.6-35B-A3B-FP8
short_qa,40,127,8,40640,same_model,31147,0.7664124015748032,9493,0.23358759842519686,166,True,127,128,39,39,0,"[166, 40, 8]",0,True,39,True,128,166,39,0,0,39,"[128, 40, 8]",1,False,9a2f9d506b9d5b97607c,expected_aligned_shape,Qwen/Qwen3.6-35B-A3B-FP8,ok,32,127,5080,1723,0.3391732283464567,5080,3635,0.7155511811023622,0,0.0,0.9329730374612265,4739.503030303031,0.9617125984251969,4885.5,Qwen/Qwen3.6-35B-A3B-FP8
chat,40,127,8,40640,same_model,30477,0.7499261811023622,10163,0.2500738188976378,167,True,127,128,40,40,0,"[167, 40, 8]",0,True,40,True,128,167,40,0,0,40,"[128, 40, 8]",1,False,9a8db0012177e738611b,expected_aligned_shape,Qwen/Qwen3.6-35B-A3B-FP8,ok,32,127,5080,1583,0.31161417322834645,5080,3554,0.6996062992125984,0,0.0,0.9275764305685565,4712.088267288267,0.9583169291338582,4868.25,Qwen/Qwen3.6-35B-A3B-FP8
math_numeric,40,127,8,40640,same_model,30919,0.7608021653543308,9721,0.2391978346456693,159,True,127,128,32,32,0,"[159, 40, 8]",0,True,32,True,128,159,32,0,0,32,"[128, 40, 8]",1,False,9a95484e1fd6565bd8c2,expected_aligned_shape,Qwen/Qwen3.6-35B-A3B-FP8,ok,32,127,5080,1625,0.3198818897637795,5080,3500,0.6889763779527559,0,0.0,0.9247472387629868,4697.715972915973,0.9565944881889764,4859.5,Qwen/Qwen3.6-35B-A3B-FP8
logs,40,121,8,38720,same_model,30854,0.796849173553719,7866,0.203150826446281,153,True,121,122,32,32,0,"[153, 40, 8]",0,True,32,True,122,153,32,0,0,32,"[122, 40, 8]",1,False,9ae88093def743519010,expected_aligned_shape,Qwen/Qwen3.6-35B-A3B-FP8,ok,32,121,4840,1935,0.39979338842975204,4840,3687,0.7617768595041322,0,0.0,0.9427406294348443,4562.864646464646,0.9669938016528926,4680.25,Qwen/Qwen3.6-35B-A3B-FP8
json_structured,40,127,8,40640,same_model,28418,0.6992618110236221,12222,0.30073818897637794,159,True,127,128,32,32,0,"[159, 40, 8]",0,True,32,True,128,159,32,0,0,32,"[128, 40, 8]",1,False,9b0aaf167f9dba2230dc,expected_aligned_shape,Qwen/Qwen3.6-35B-A3B-FP8,ok,32,127,5080,1324,0.2606299212598425,5080,3292,0.6480314960629922,0,0.0,0.9020784115272306,4582.55833055833,0.9394931102362205,4772.625,Qwen/Qwen3.6-35B-A3B-FP8
low_margin,40,127,8,40640,same_model,30365,0.7471702755905512,10275,0.25282972440944884,167,True,127,128,40,40,0,"[167, 40, 8]",0,True,40,True,128,167,40,0,0,40,"[128, 40, 8]",1,False,9b621d1a22f073b4a89a,expected_aligned_shape,Qwen/Qwen3.6-35B-A3B-FP8,ok,32,127,5080,1574,0.3098425196850394,5080,3525,0.6938976377952756,0,0.0,0.9259577780050222,4703.865512265513,0.9573080708661418,4863.125,Qwen/Qwen3.6-35B-A3B-FP8
json_structured,40,127,8,40640,same_model,27957,0.6879183070866142,12683,0.31208169291338583,159,True,127,128,32,32,0,"[159, 40, 8]",0,True,32,True,128,159,32,0,0,32,"[128, 40, 8]",1,False,9b99ba5424f38b6a222b,expected_aligned_shape,Qwen/Qwen3.6-35B-A3B-FP8,ok,32,127,5080,1161,0.22854330708661416,5080,3119,0.613976377952756,0,0.0,0.9024922846182689,4584.660805860806,0.9427411417322835,4789.125,Qwen/Qwen3.6-35B-A3B-FP8
math_numeric,40,127,8,40640,same_model,26148,0.6434055118110236,14492,0.3565944881889764,159,True,127,128,32,32,0,"[159, 40, 8]",0,True,32,True,128,159,32,0,0,32,"[128, 40, 8]",1,False,9b9b1228a280163107e6,expected_aligned_shape,Qwen/Qwen3.6-35B-A3B-FP8,ok,32,127,5080,1117,0.21988188976377954,5080,2910,0.5728346456692913,0,0.0,0.8675054953795109,4406.927916527917,0.9155265748031496,4650.875,Qwen/Qwen3.6-35B-A3B-FP8
summarization,40,127,8,40640,same_model,30677,0.7548474409448819,9963,0.2451525590551181,159,True,127,128,32,32,0,"[159, 40, 8]",0,True,32,True,128,159,32,0,0,32,"[128, 40, 8]",1,False,9bd67e1410071f0d7c35,expected_aligned_shape,Qwen/Qwen3.6-35B-A3B-FP8,ok,32,127,5080,1644,0.3236220472440945,5080,3590,0.7066929133858267,0,0.0,0.9290643564659313,4719.64693084693,0.9591781496062992,4872.625,Qwen/Qwen3.6-35B-A3B-FP8
summarization,40,127,8,40640,same_model,31790,0.7822342519685039,8850,0.21776574803149606,163,True,127,128,36,36,0,"[163, 40, 8]",0,True,36,True,128,163,36,0,0,36,"[128, 40, 8]",1,False,9c3f18c58adf55cc27bd,expected_aligned_shape,Qwen/Qwen3.6-35B-A3B-FP8,ok,32,127,5080,1896,0.3732283464566929,5080,3781,0.7442913385826772,0,0.0,0.9402839417800049,4776.642424242425,0.965994094488189,4907.25,Qwen/Qwen3.6-35B-A3B-FP8
needle,40,127,8,40640,same_model,29276,0.7203740157480315,11364,0.2796259842519685,159,True,127,128,32,32,0,"[159, 40, 8]",0,True,32,True,128,159,32,0,0,32,"[128, 40, 8]",1,False,9c4082ff8ebaef710bdc,expected_aligned_shape,Qwen/Qwen3.6-35B-A3B-FP8,ok,32,127,5080,1395,0.27460629921259844,5080,3368,0.662992125984252,0,0.0,0.9166532374012688,4656.598445998446,0.9515255905511811,4833.75,Qwen/Qwen3.6-35B-A3B-FP8
needle,40,127,8,40640,same_model,28671,0.7054872047244094,11969,0.29451279527559054,159,True,127,128,32,32,0,"[159, 40, 8]",0,True,32,True,128,159,32,0,0,32,"[128, 40, 8]",1,False,9c52346bbd0ac398b927,expected_aligned_shape,Qwen/Qwen3.6-35B-A3B-FP8,ok,32,127,5080,1309,0.2576771653543307,5080,3237,0.6372047244094489,0,0.0,0.90669154117973,4605.9930291930295,0.9448818897637795,4800.0,Qwen/Qwen3.6-35B-A3B-FP8
chat,40,127,8,40640,same_model,30620,0.7534448818897638,10020,0.24655511811023623,167,True,127,128,40,40,0,"[167, 40, 8]",0,True,40,True,128,167,40,0,0,40,"[128, 40, 8]",1,False,9c9d0d55e64f4de84a34,expected_aligned_shape,Qwen/Qwen3.6-35B-A3B-FP8,ok,32,127,5080,1645,0.32381889763779526,5080,3551,0.699015748031496,0,0.0,0.9276871072934066,4712.650505050505,0.9584891732283465,4869.125,Qwen/Qwen3.6-35B-A3B-FP8
logs,40,127,8,40640,same_model,29939,0.7366879921259842,10701,0.26331200787401576,159,True,127,128,32,32,0,"[159, 40, 8]",0,True,32,True,128,159,32,0,0,32,"[128, 40, 8]",1,False,9cb01dd67c3fba73b586,expected_aligned_shape,Qwen/Qwen3.6-35B-A3B-FP8,ok,32,127,5080,1478,0.2909448818897638,5080,3409,0.6710629921259843,0,0.0,0.9165527298598164,4656.087867687867,0.9500984251968504,4826.5,Qwen/Qwen3.6-35B-A3B-FP8
logs,40,127,8,40640,same_model,28654,0.7050688976377952,11986,0.2949311023622047,159,True,127,128,32,32,0,"[159, 40, 8]",0,True,32,True,128,159,32,0,0,32,"[128, 40, 8]",1,False,9cf343b1c0185f983372,expected_aligned_shape,Qwen/Qwen3.6-35B-A3B-FP8,ok,32,127,5080,1307,0.25728346456692913,5080,3265,0.6427165354330708,0,0.0,0.9118150003976775,4632.020202020202,0.949015748031496,4821.0,Qwen/Qwen3.6-35B-A3B-FP8
summarization,40,127,8,40640,same_model,31620,0.7780511811023622,9020,0.2219488188976378,167,True,127,128,40,40,0,"[167, 40, 8]",0,True,40,True,128,167,40,0,0,40,"[128, 40, 8]",1,False,9d063fad8bdbf2e4c12e,expected_aligned_shape,Qwen/Qwen3.6-35B-A3B-FP8,ok,32,127,5080,1817,0.3576771653543307,5080,3731,0.7344488188976378,0,0.0,0.936782788515072,4758.856565656566,0.9638041338582677,4896.125,Qwen/Qwen3.6-35B-A3B-FP8
json_structured,40,127,8,40640,same_model,29183,0.7180856299212598,11457,0.28191437007874015,159,True,127,128,32,32,0,"[159, 40, 8]",0,True,32,True,128,159,32,0,0,32,"[128, 40, 8]",1,False,9d4b803381a48c580983,expected_aligned_shape,Qwen/Qwen3.6-35B-A3B-FP8,ok,32,127,5080,1366,0.2688976377952756,5080,3354,0.6602362204724409,0,0.0,0.9173760098169547,4660.2701298701295,0.952386811023622,4838.125,Qwen/Qwen3.6-35B-A3B-FP8
low_margin,40,127,8,40640,same_model,30577,0.752386811023622,10063,0.24761318897637796,167,True,127,128,40,40,0,"[167, 40, 8]",0,True,40,True,128,167,40,0,0,40,"[128, 40, 8]",1,False,9d54838f66bf62752beb,expected_aligned_shape,Qwen/Qwen3.6-35B-A3B-FP8,ok,32,127,5080,1579,0.31082677165354333,5080,3536,0.6960629921259842,0,0.0,0.9279885468861846,4714.181818181818,0.9588090551181102,4870.75,Qwen/Qwen3.6-35B-A3B-FP8
summarization,40,127,8,40640,same_model,30367,0.7472194881889764,10273,0.2527805118110236,159,True,127,128,32,32,0,"[159, 40, 8]",0,True,32,True,128,159,32,0,0,32,"[128, 40, 8]",1,False,9d869805c2a756f51c65,expected_aligned_shape,Qwen/Qwen3.6-35B-A3B-FP8,ok,32,127,5080,1591,0.31318897637795273,5080,3534,0.6956692913385827,0,0.0,0.9262869763657167,4705.53783993784,0.9575541338582677,4864.375,Qwen/Qwen3.6-35B-A3B-FP8
chat,40,127,8,40640,same_model,30383,0.747613188976378,10257,0.25238681102362204,167,True,127,128,40,40,0,"[167, 40, 8]",0,True,40,True,128,167,40,0,0,40,"[128, 40, 8]",1,False,9e05735e2b489e577b8d,expected_aligned_shape,Qwen/Qwen3.6-35B-A3B-FP8,ok,32,127,5080,1572,0.3094488188976378,5080,3525,0.6938976377952756,0,0.0,0.9274485007555874,4711.438383838384,0.958513779527559,4869.25,Qwen/Qwen3.6-35B-A3B-FP8
short_qa,40,125,8,40000,same_model,31939,0.798475,8061,0.201525,157,True,125,126,32,32,0,"[157, 40, 8]",0,True,32,True,126,157,32,0,0,32,"[126, 40, 8]",1,False,9e12983f7b0c36eb5311,expected_aligned_shape,Qwen/Qwen3.6-35B-A3B-FP8,ok,32,125,5000,1932,0.3864,5000,3873,0.7746,0,0.0,0.9478618181818184,4739.309090909091,0.970375,4851.875,Qwen/Qwen3.6-35B-A3B-FP8
chat,40,127,8,40640,same_model,30636,0.7538385826771653,10004,0.24616141732283464,167,True,127,128,40,40,0,"[167, 40, 8]",0,True,40,True,128,167,40,0,0,40,"[128, 40, 8]",1,False,9e2e70e523e9c354fe93,expected_aligned_shape,Qwen/Qwen3.6-35B-A3B-FP8,ok,32,127,5080,1613,0.31751968503937006,5080,3649,0.7183070866141732,0,0.0,0.9314479702274977,4731.755688755688,0.9602116141732283,4877.875,Qwen/Qwen3.6-35B-A3B-FP8
short_qa,40,127,8,40640,same_model,31554,0.7764271653543308,9086,0.2235728346456693,166,True,127,128,39,39,0,"[166, 40, 8]",0,True,39,True,128,166,39,0,0,39,"[128, 40, 8]",1,False,9e51bbcb1de85a3769a5,expected_aligned_shape,Qwen/Qwen3.6-35B-A3B-FP8,ok,32,127,5080,1788,0.35196850393700785,5080,3778,0.7437007874015747,0,0.0,0.9396548158752882,4773.446464646465,0.9655265748031496,4904.875,Qwen/Qwen3.6-35B-A3B-FP8
logs,40,127,8,40640,same_model,29796,0.7331692913385827,10844,0.26683070866141734,159,True,127,128,32,32,0,"[159, 40, 8]",0,True,32,True,128,159,32,0,0,32,"[128, 40, 8]",1,False,9e57e7c149c2525e0d02,expected_aligned_shape,Qwen/Qwen3.6-35B-A3B-FP8,ok,32,127,5080,1485,0.29232283464566927,5080,3423,0.6738188976377952,0,0.0,0.9196918479595644,4672.034587634587,0.9533464566929134,4843.0,Qwen/Qwen3.6-35B-A3B-FP8
needle,40,127,8,40640,same_model,29343,0.7220226377952756,11297,0.2779773622047244,159,True,127,128,32,32,0,"[159, 40, 8]",0,True,32,True,128,159,32,0,0,32,"[128, 40, 8]",1,False,9e91e83c475e55620bed,expected_aligned_shape,Qwen/Qwen3.6-35B-A3B-FP8,ok,32,127,5080,1396,0.2748031496062992,5080,3327,0.6549212598425197,0,0.0,0.9146774616459655,4646.561505161505,0.9504921259842519,4828.5,Qwen/Qwen3.6-35B-A3B-FP8
low_margin,40,127,8,40640,same_model,30836,0.7587598425196851,9804,0.24124015748031497,167,True,127,128,40,40,0,"[167, 40, 8]",0,True,40,True,128,167,40,0,0,40,"[128, 40, 8]",1,False,9ecd0e9fec1ac918ebde,expected_aligned_shape,Qwen/Qwen3.6-35B-A3B-FP8,ok,32,127,5080,1665,0.327755905511811,5080,3646,0.7177165354330709,0,0.0,0.9323900421538216,4736.541414141414,0.9611958661417322,4882.875,Qwen/Qwen3.6-35B-A3B-FP8
logs,40,27,8,8640,same_model,6001,0.6945601851851851,2639,0.3054398148148148,59,True,27,28,32,32,0,"[59, 40, 8]",0,True,32,True,28,59,32,0,0,32,"[28, 40, 8]",1,False,9f22b2d409a204396384,expected_aligned_shape,Qwen/Qwen3.6-35B-A3B-FP8,ok,32,27,1080,246,0.22777777777777777,1080,693,0.6416666666666667,0,0.0,0.9137710437710438,986.8727272727273,0.950462962962963,1026.5,Qwen/Qwen3.6-35B-A3B-FP8
code,40,127,8,40640,same_model,30084,0.740255905511811,10556,0.25974409448818897,159,True,127,128,32,32,0,"[159, 40, 8]",0,True,32,True,128,159,32,0,0,32,"[128, 40, 8]",1,False,9f7c3794d470a93e2b55,expected_aligned_shape,Qwen/Qwen3.6-35B-A3B-FP8,ok,32,127,5080,1528,0.30078740157480316,5080,3522,0.6933070866141732,0,0.0,0.9253437419972852,4700.746209346209,0.956742125984252,4860.25,Qwen/Qwen3.6-35B-A3B-FP8
json_structured,40,127,8,40640,same_model,29575,0.7277312992125984,11065,0.27226870078740156,159,True,127,128,32,32,0,"[159, 40, 8]",0,True,32,True,128,159,32,0,0,32,"[128, 40, 8]",1,False,9fe5ec46337e59f8a266,expected_aligned_shape,Qwen/Qwen3.6-35B-A3B-FP8,ok,32,127,5080,1462,0.2877952755905512,5080,3485,0.6860236220472441,0,0.0,0.918573028021847,4666.350982350982,0.9513041338582677,4832.625,Qwen/Qwen3.6-35B-A3B-FP8
code,40,127,8,40640,same_model,30504,0.7505905511811024,10136,0.24940944881889765,166,True,127,128,39,39,0,"[166, 40, 8]",0,True,39,True,128,166,39,0,0,39,"[128, 40, 8]",1,False,a0318b7ae7b1f1b1216e,expected_aligned_shape,Qwen/Qwen3.6-35B-A3B-FP8,ok,32,127,5080,1567,0.3084645669291339,5080,3570,0.702755905511811,0,0.0,0.9288745724966198,4718.682828282828,0.959251968503937,4873.0,Qwen/Qwen3.6-35B-A3B-FP8
chat,40,127,8,40640,same_model,28458,0.700246062992126,12182,0.299753937007874,159,True,127,128,32,32,0,"[159, 40, 8]",0,True,32,True,128,159,32,0,0,32,"[128, 40, 8]",1,False,a0908cbd942c7afba57f,expected_aligned_shape,Qwen/Qwen3.6-35B-A3B-FP8,ok,32,127,5080,1260,0.24803149606299213,5080,3253,0.6403543307086614,0,0.0,0.9048629236030811,4596.703651903652,0.9428395669291338,4789.625,Qwen/Qwen3.6-35B-A3B-FP8
low_margin,40,127,8,40640,same_model,29082,0.7156003937007874,11558,0.2843996062992126,167,True,127,128,40,40,0,"[167, 40, 8]",0,True,40,True,128,167,40,0,0,40,"[128, 40, 8]",1,False,a0af2e54f7e8536888b7,expected_aligned_shape,Qwen/Qwen3.6-35B-A3B-FP8,ok,32,127,5080,1344,0.26456692913385826,5080,3217,0.6332677165354331,0,0.0,0.908431437329075,4614.831701631701,0.9467273622047244,4809.375,Qwen/Qwen3.6-35B-A3B-FP8
mixed_language,40,127,8,40640,same_model,30402,0.7480807086614173,10238,0.25191929133858265,159,True,127,128,32,32,0,"[159, 40, 8]",0,True,32,True,128,159,32,0,0,32,"[128, 40, 8]",1,False,a0ef74c9f5c4cdfb5339,expected_aligned_shape,Qwen/Qwen3.6-35B-A3B-FP8,ok,32,127,5080,1655,0.3257874015748031,5080,3500,0.6889763779527559,0,0.0,0.9231921709087064,4689.816228216228,0.9552411417322835,4852.625,Qwen/Qwen3.6-35B-A3B-FP8
code,40,127,8,40640,same_model,31004,0.7628937007874016,9636,0.23710629921259843,166,True,127,128,39,39,0,"[166, 40, 8]",0,True,39,True,128,166,39,0,0,39,"[128, 40, 8]",1,False,a22087cc4b0a48639766,expected_aligned_shape,Qwen/Qwen3.6-35B-A3B-FP8,ok,32,127,5080,1694,0.33346456692913384,5080,3556,0.7,0,0.0,0.9251910512934135,4699.970540570541,0.9560531496062992,4856.75,Qwen/Qwen3.6-35B-A3B-FP8
code,40,127,8,40640,same_model,31178,0.7671751968503937,9462,0.2328248031496063,159,True,127,128,32,32,0,"[159, 40, 8]",0,True,32,True,128,159,32,0,0,32,"[128, 40, 8]",1,False,a2cb8e5fe9bfcdf09c2e,expected_aligned_shape,Qwen/Qwen3.6-35B-A3B-FP8,ok,32,127,5080,1762,0.3468503937007874,5080,3666,0.7216535433070866,0,0.0,0.9308987775129509,4728.96578976579,0.9596456692913385,4875.0,Qwen/Qwen3.6-35B-A3B-FP8
chat,40,127,8,40640,same_model,29874,0.7350885826771654,10766,0.26491141732283463,159,True,127,128,32,32,0,"[159, 40, 8]",0,True,32,True,128,159,32,0,0,32,"[128, 40, 8]",1,False,a2fc1379dfee4e2b71bb,expected_aligned_shape,Qwen/Qwen3.6-35B-A3B-FP8,ok,32,127,5080,1477,0.290748031496063,5080,3501,0.6891732283464567,0,0.0,0.9247554282987355,4697.757575757576,0.9566683070866142,4859.875,Qwen/Qwen3.6-35B-A3B-FP8
math_numeric,40,127,8,40640,same_model,25398,0.6249507874015748,15242,0.3750492125984252,159,True,127,128,32,32,0,"[159, 40, 8]",0,True,32,True,128,159,32,0,0,32,"[128, 40, 8]",1,False,a2fc55a2e666bdc1eaec,expected_aligned_shape,Qwen/Qwen3.6-35B-A3B-FP8,ok,32,127,5080,994,0.19566929133858268,5080,2775,0.5462598425196851,0,0.0,0.8571012626918137,4354.074414474415,0.9068651574803149,4606.875,Qwen/Qwen3.6-35B-A3B-FP8
chat,40,127,8,40640,same_model,30369,0.7472687007874016,10271,0.2527312992125984,167,True,127,128,40,40,0,"[167, 40, 8]",0,True,40,True,128,167,40,0,0,40,"[128, 40, 8]",1,False,a301ba74b17f06f7166b,expected_aligned_shape,Qwen/Qwen3.6-35B-A3B-FP8,ok,32,127,5080,1600,0.31496062992125984,5080,3472,0.6834645669291338,0,0.0,0.9222311197114348,4684.934088134089,0.9546259842519685,4849.5,Qwen/Qwen3.6-35B-A3B-FP8
mixed_language,40,102,8,32640,same_model,25981,0.7959865196078432,6659,0.20401348039215686,134,True,102,103,32,32,0,"[134, 40, 8]",0,True,32,True,103,134,32,0,0,32,"[103, 40, 8]",1,False,a349a39549bc82697949,expected_aligned_shape,Qwen/Qwen3.6-35B-A3B-FP8,ok,32,102,4080,1603,0.3928921568627451,4080,3081,0.7551470588235294,0,0.0,0.9430332739156269,3847.5757575757575,0.9675857843137254,3947.75,Qwen/Qwen3.6-35B-A3B-FP8
json_structured,40,127,8,40640,same_model,29293,0.7207923228346457,11347,0.27920767716535433,159,True,127,128,32,32,0,"[159, 40, 8]",0,True,32,True,128,159,32,0,0,32,"[128, 40, 8]",1,False,a39af40725e29a05b750,expected_aligned_shape,Qwen/Qwen3.6-35B-A3B-FP8,ok,32,127,5080,1403,0.2761811023622047,5080,3329,0.6553149606299212,0,0.0,0.9135464448062872,4640.81593961594,0.9496062992125984,4824.0,Qwen/Qwen3.6-35B-A3B-FP8
code,40,127,8,40640,same_model,29869,0.7349655511811024,10771,0.26503444881889765,159,True,127,128,32,32,0,"[159, 40, 8]",0,True,32,True,128,159,32,0,0,32,"[128, 40, 8]",1,False,a3b49ca38174e5ad8261,expected_aligned_shape,Qwen/Qwen3.6-35B-A3B-FP8,ok,32,127,5080,1588,0.3125984251968504,5080,3428,0.6748031496062992,0,0.0,0.9097194450344056,4621.37478077478,0.9440944881889763,4796.0,Qwen/Qwen3.6-35B-A3B-FP8
math_numeric,40,127,8,40640,same_model,29794,0.7331200787401575,10846,0.2668799212598425,159,True,127,128,32,32,0,"[159, 40, 8]",0,True,32,True,128,159,32,0,0,32,"[128, 40, 8]",1,False,a3f30b6155a3246d4bfa,expected_aligned_shape,Qwen/Qwen3.6-35B-A3B-FP8,ok,32,127,5080,1436,0.2826771653543307,5080,3419,0.6730314960629922,0,0.0,0.9198267961260087,4672.720124320124,0.9536417322834646,4844.5,Qwen/Qwen3.6-35B-A3B-FP8
summarization,40,127,8,40640,same_model,30222,0.7436515748031496,10418,0.2563484251968504,163,True,127,128,36,36,0,"[163, 40, 8]",0,True,36,True,128,163,36,0,0,36,"[128, 40, 8]",1,False,a4a385417bb8a30907ef,expected_aligned_shape,Qwen/Qwen3.6-35B-A3B-FP8,ok,32,127,5080,1579,0.31082677165354333,5080,3473,0.6836614173228347,0,0.0,0.9225277871734564,4686.4411588411585,0.9548720472440945,4850.75,Qwen/Qwen3.6-35B-A3B-FP8
logs,40,127,8,40640,same_model,30352,0.7468503937007874,10288,0.2531496062992126,159,True,127,128,32,32,0,"[159, 40, 8]",0,True,32,True,128,159,32,0,0,32,"[128, 40, 8]",1,False,a4db91c77b740cc24343,expected_aligned_shape,Qwen/Qwen3.6-35B-A3B-FP8,ok,32,127,5080,1585,0.31200787401574803,5080,3538,0.6964566929133859,0,0.0,0.9252055031582591,4700.043956043956,0.9564222440944882,4858.625,Qwen/Qwen3.6-35B-A3B-FP8
code,40,127,8,40640,same_model,30999,0.7627706692913386,9641,0.23722933070866142,159,True,127,128,32,32,0,"[159, 40, 8]",0,True,32,True,128,159,32,0,0,32,"[128, 40, 8]",1,False,a5273b224ec8272a018b,expected_aligned_shape,Qwen/Qwen3.6-35B-A3B-FP8,ok,32,127,5080,1665,0.327755905511811,5080,3632,0.7149606299212599,0,0.0,0.9307616443049515,4728.269153069153,0.9600885826771653,4877.25,Qwen/Qwen3.6-35B-A3B-FP8
code,40,127,8,40640,same_model,31843,0.7835383858267716,8797,0.21646161417322834,159,True,127,128,32,32,0,"[159, 40, 8]",0,True,32,True,128,159,32,0,0,32,"[128, 40, 8]",1,False,a541a60b3bd352716986,expected_aligned_shape,Qwen/Qwen3.6-35B-A3B-FP8,ok,32,127,5080,1832,0.3606299212598425,5080,3736,0.7354330708661417,0,0.0,0.9370810466873459,4760.371717171717,0.9639271653543308,4896.75,Qwen/Qwen3.6-35B-A3B-FP8
json_structured,40,127,8,40640,same_model,27004,0.6644685039370078,13636,0.33553149606299215,159,True,127,128,32,32,0,"[159, 40, 8]",0,True,32,True,128,159,32,0,0,32,"[128, 40, 8]",1,False,a59ebc54a55e378aa2ad,expected_aligned_shape,Qwen/Qwen3.6-35B-A3B-FP8,ok,32,127,5080,1040,0.2047244094488189,5080,2931,0.5769685039370078,0,0.0,0.8891873917858168,4517.07195027195,0.9345718503937008,4747.625,Qwen/Qwen3.6-35B-A3B-FP8
low_margin,40,127,8,40640,same_model,30433,0.7488435039370078,10207,0.2511564960629921,167,True,127,128,40,40,0,"[167, 40, 8]",0,True,40,True,128,167,40,0,0,40,"[128, 40, 8]",1,False,a5da9a819c4235a14b9c,expected_aligned_shape,Qwen/Qwen3.6-35B-A3B-FP8,ok,32,127,5080,1612,0.3173228346456693,5080,3574,0.7035433070866142,0,0.0,0.9282801363116322,4715.663092463093,0.9586860236220472,4870.125,Qwen/Qwen3.6-35B-A3B-FP8
low_margin,40,127,8,40640,same_model,30611,0.7532234251968504,10029,0.2467765748031496,167,True,127,128,40,40,0,"[167, 40, 8]",0,True,40,True,128,167,40,0,0,40,"[128, 40, 8]",1,False,a604cfcaefe73c13eeda,expected_aligned_shape,Qwen/Qwen3.6-35B-A3B-FP8,ok,32,127,5080,1670,0.328740157480315,5080,3591,0.7068897637795276,0,0.0,0.9290163292525497,4719.402952602953,0.959005905511811,4871.75,Qwen/Qwen3.6-35B-A3B-FP8
needle,40,127,8,40640,same_model,30209,0.7433316929133859,10431,0.2566683070866142,159,True,127,128,32,32,0,"[159, 40, 8]",0,True,32,True,128,159,32,0,0,32,"[128, 40, 8]",1,False,a61c802f4832f8e1b709,expected_aligned_shape,Qwen/Qwen3.6-35B-A3B-FP8,ok,32,127,5080,1541,0.3033464566929134,5080,3546,0.6980314960629921,0,0.0,0.9257855180689825,4702.990431790432,0.9567667322834645,4860.375,Qwen/Qwen3.6-35B-A3B-FP8
summarization,40,127,8,40640,same_model,31031,0.7635580708661417,9609,0.23644192913385828,167,True,127,128,40,40,0,"[167, 40, 8]",0,True,40,True,128,167,40,0,0,40,"[128, 40, 8]",1,False,a63b08eee0a4879e6c5e,expected_aligned_shape,Qwen/Qwen3.6-35B-A3B-FP8,ok,32,127,5080,1716,0.33779527559055117,5080,3610,0.7106299212598425,0,0.0,0.9303006223872365,4725.927161727162,0.9598179133858268,4875.875,Qwen/Qwen3.6-35B-A3B-FP8
code,40,127,8,40640,same_model,29872,0.7350393700787402,10768,0.26496062992125985,166,True,127,128,39,39,0,"[166, 40, 8]",0,True,39,True,128,166,39,0,0,39,"[128, 40, 8]",1,False,a6b8dd0077c6e10115d2,expected_aligned_shape,Qwen/Qwen3.6-35B-A3B-FP8,ok,32,127,5080,1444,0.284251968503937,5080,3462,0.681496062992126,0,0.0,0.9230239401892945,4688.961616161616,0.9557332677165354,4855.125,Qwen/Qwen3.6-35B-A3B-FP8
mixed_language,40,127,8,40640,same_model,29888,0.7354330708661417,10752,0.26456692913385826,159,True,127,128,32,32,0,"[159, 40, 8]",0,True,32,True,128,159,32,0,0,32,"[128, 40, 8]",1,False,a6c99c53dd3c996670c0,expected_aligned_shape,Qwen/Qwen3.6-35B-A3B-FP8,ok,32,127,5080,1493,0.2938976377952756,5080,3482,0.6854330708661417,0,0.0,0.9223638303953263,4685.608258408259,0.9548474409448819,4850.625,Qwen/Qwen3.6-35B-A3B-FP8
chat,40,127,8,40640,same_model,29813,0.7335875984251968,10827,0.26641240157480317,159,True,127,128,32,32,0,"[159, 40, 8]",0,True,32,True,128,159,32,0,0,32,"[128, 40, 8]",1,False,a6cdc566e89f6f5b0567,expected_aligned_shape,Qwen/Qwen3.6-35B-A3B-FP8,ok,32,127,5080,1544,0.30393700787401573,5080,3445,0.6781496062992126,0,0.0,0.9188918255847389,4667.970473970474,0.9525590551181102,4839.0,Qwen/Qwen3.6-35B-A3B-FP8
code,40,127,8,40640,same_model,30831,0.758636811023622,9809,0.24136318897637796,159,True,127,128,32,32,0,"[159, 40, 8]",0,True,32,True,128,159,32,0,0,32,"[128, 40, 8]",1,False,a6dd8f19ff8afb2e9f17,expected_aligned_shape,Qwen/Qwen3.6-35B-A3B-FP8,ok,32,127,5080,1632,0.32125984251968503,5080,3609,0.7104330708661417,0,0.0,0.9297457179740644,4723.108247308247,0.9592273622047244,4872.875,Qwen/Qwen3.6-35B-A3B-FP8
short_qa,40,127,8,40640,same_model,30055,0.7395423228346457,10585,0.26045767716535434,159,True,127,128,32,32,0,"[159, 40, 8]",0,True,32,True,128,159,32,0,0,32,"[128, 40, 8]",1,False,a71c96284f156c2f0f10,expected_aligned_shape,Qwen/Qwen3.6-35B-A3B-FP8,ok,32,127,5080,1606,0.3161417322834646,5080,3411,0.6714566929133858,0,0.0,0.9148829211033934,4647.605239205239,0.9495324803149606,4823.625,Qwen/Qwen3.6-35B-A3B-FP8
needle,40,127,8,40640,same_model,29403,0.7234990157480315,11237,0.2765009842519685,159,True,127,128,32,32,0,"[159, 40, 8]",0,True,32,True,128,159,32,0,0,32,"[128, 40, 8]",1,False,a7306ab46e7f4d6174b9,expected_aligned_shape,Qwen/Qwen3.6-35B-A3B-FP8,ok,32,127,5080,1428,0.2811023622047244,5080,3377,0.664763779527559,0,0.0,0.9176560141520771,4661.692551892552,0.95189468503937,4835.625,Qwen/Qwen3.6-35B-A3B-FP8
short_qa,40,127,8,40640,same_model,31862,0.784005905511811,8778,0.215994094488189,159,True,127,128,32,32,0,"[159, 40, 8]",0,True,32,True,128,159,32,0,0,32,"[128, 40, 8]",1,False,a746429d7594c84024a1,expected_aligned_shape,Qwen/Qwen3.6-35B-A3B-FP8,ok,32,127,5080,1848,0.3637795275590551,5080,3815,0.7509842519685039,0,0.0,0.9421116678596994,4785.927272727273,0.9670521653543307,4912.625,Qwen/Qwen3.6-35B-A3B-FP8
mixed_language,40,98,8,31360,same_model,24838,0.7920280612244898,6522,0.2079719387755102,130,True,98,99,32,32,0,"[130, 40, 8]",0,True,32,True,99,130,32,0,0,32,"[99, 40, 8]",1,False,a77a3b4960047bfde489,expected_aligned_shape,Qwen/Qwen3.6-35B-A3B-FP8,ok,32,98,3920,1512,0.38571428571428573,3920,2961,0.7553571428571428,0,0.0,0.9430581323438467,3696.787878787879,0.9676020408163265,3793.0,Qwen/Qwen3.6-35B-A3B-FP8
summarization,40,127,8,40640,same_model,29864,0.7348425196850393,10776,0.2651574803149606,163,True,127,128,36,36,0,"[163, 40, 8]",0,True,36,True,128,163,36,0,0,36,"[128, 40, 8]",1,False,a79d54014aaa9464b718,expected_aligned_shape,Qwen/Qwen3.6-35B-A3B-FP8,ok,32,127,5080,1536,0.30236220472440944,5080,3444,0.6779527559055119,0,0.0,0.9180277989726809,4663.581218781219,0.9517716535433071,4835.0,Qwen/Qwen3.6-35B-A3B-FP8
chat,40,127,8,40640,same_model,30024,0.7387795275590551,10616,0.2612204724409449,159,True,127,128,32,32,0,"[159, 40, 8]",0,True,32,True,128,159,32,0,0,32,"[128, 40, 8]",1,False,a7a6733ca7f4b8aaaf17,expected_aligned_shape,Qwen/Qwen3.6-35B-A3B-FP8,ok,32,127,5080,1521,0.29940944881889764,5080,3459,0.6809055118110237,0,0.0,0.919933443634231,4673.261893661894,0.9533218503937008,4842.875,Qwen/Qwen3.6-35B-A3B-FP8
chat,40,127,8,40640,same_model,30647,0.754109251968504,9993,0.24589074803149608,167,True,127,128,40,40,0,"[167, 40, 8]",0,True,40,True,128,167,40,0,0,40,"[128, 40, 8]",1,False,a7f38dbbef53c4ea7814,expected_aligned_shape,Qwen/Qwen3.6-35B-A3B-FP8,ok,32,127,5080,1672,0.3291338582677165,5080,3625,0.7135826771653543,0,0.0,0.9298728131011597,4723.75389055389,0.9593503937007875,4873.5,Qwen/Qwen3.6-35B-A3B-FP8
mixed_language,40,127,8,40640,same_model,30026,0.7388287401574803,10614,0.2611712598425197,159,True,127,128,32,32,0,"[159, 40, 8]",0,True,32,True,128,159,32,0,0,32,"[128, 40, 8]",1,False,a8177d41ca048a2921d2,expected_aligned_shape,Qwen/Qwen3.6-35B-A3B-FP8,ok,32,127,5080,1469,0.2891732283464567,5080,3475,0.6840551181102362,0,0.0,0.9201047727425681,4674.132245532245,0.952755905511811,4840.0,Qwen/Qwen3.6-35B-A3B-FP8
logs,40,127,8,40640,same_model,29777,0.7327017716535433,10863,0.26729822834645667,159,True,127,128,32,32,0,"[159, 40, 8]",0,True,32,True,128,159,32,0,0,32,"[128, 40, 8]",1,False,a85c4f73e999509259af,expected_aligned_shape,Qwen/Qwen3.6-35B-A3B-FP8,ok,32,127,5080,1496,0.29448818897637796,5080,3491,0.6872047244094488,0,0.0,0.9232649327924919,4690.185858585859,0.9556840551181103,4854.875,Qwen/Qwen3.6-35B-A3B-FP8
summarization,40,127,8,40640,same_model,30865,0.7594734251968503,9775,0.2405265748031496,167,True,127,128,40,40,0,"[167, 40, 8]",0,True,40,True,128,167,40,0,0,40,"[128, 40, 8]",1,False,a8647af1539d81940692,expected_aligned_shape,Qwen/Qwen3.6-35B-A3B-FP8,ok,32,127,5080,1692,0.33307086614173226,5080,3612,0.7110236220472441,0,0.0,0.929843179567589,4723.603352203352,0.9593011811023622,4873.25,Qwen/Qwen3.6-35B-A3B-FP8
summarization,40,127,8,40640,same_model,31470,0.7743602362204725,9170,0.22563976377952755,163,True,127,128,36,36,0,"[163, 40, 8]",0,True,36,True,128,163,36,0,0,36,"[128, 40, 8]",1,False,a8fef6811c042a3e5b99,expected_aligned_shape,Qwen/Qwen3.6-35B-A3B-FP8,ok,32,127,5080,1813,0.3568897637795276,5080,3767,0.7415354330708661,0,0.0,0.9383178239083749,4766.654545454546,0.9646161417322835,4900.25,Qwen/Qwen3.6-35B-A3B-FP8
low_margin,40,127,8,40640,same_model,29782,0.7328248031496063,10858,0.2671751968503937,167,True,127,128,40,40,0,"[167, 40, 8]",0,True,40,True,128,167,40,0,0,40,"[128, 40, 8]",1,False,a90716353921ef94ee3b,expected_aligned_shape,Qwen/Qwen3.6-35B-A3B-FP8,ok,32,127,5080,1501,0.2954724409448819,5080,3428,0.6748031496062992,0,0.0,0.9205453863721581,4676.370562770563,0.953986220472441,4846.25,Qwen/Qwen3.6-35B-A3B-FP8
summarization,40,127,8,40640,same_model,30885,0.7599655511811023,9755,0.24003444881889763,167,True,127,128,40,40,0,"[167, 40, 8]",0,True,40,True,128,167,40,0,0,40,"[128, 40, 8]",1,False,a93c5d160c771c7f2ddf,expected_aligned_shape,Qwen/Qwen3.6-35B-A3B-FP8,ok,32,127,5080,1682,0.3311023622047244,5080,3611,0.7108267716535434,0,0.0,0.9285503909913357,4717.0359862359865,0.9582677165354331,4868.0,Qwen/Qwen3.6-35B-A3B-FP8
low_margin,40,127,8,40640,same_model,30158,0.7420767716535434,10482,0.2579232283464567,167,True,127,128,40,40,0,"[167, 40, 8]",0,True,40,True,128,167,40,0,0,40,"[128, 40, 8]",1,False,a93ef0f8c34edb643ab0,expected_aligned_shape,Qwen/Qwen3.6-35B-A3B-FP8,ok,32,127,5080,1513,0.29783464566929135,5080,3475,0.6840551181102362,0,0.0,0.9240459715262865,4694.1535353535355,0.9563976377952756,4858.5,Qwen/Qwen3.6-35B-A3B-FP8
json_structured,40,127,8,40640,same_model,29542,0.7269192913385827,11098,0.2730807086614173,159,True,127,128,32,32,0,"[159, 40, 8]",0,True,32,True,128,159,32,0,0,32,"[128, 40, 8]",1,False,a95c10308006ff1bd6e7,expected_aligned_shape,Qwen/Qwen3.6-35B-A3B-FP8,ok,32,127,5080,1445,0.2844488188976378,5080,3416,0.6724409448818898,0,0.0,0.9195665926374587,4671.39829059829,0.953371062992126,4843.125,Qwen/Qwen3.6-35B-A3B-FP8
summarization,40,127,8,40640,same_model,31021,0.7633120078740158,9619,0.23668799212598426,167,True,127,128,40,40,0,"[167, 40, 8]",0,True,40,True,128,167,40,0,0,40,"[128, 40, 8]",1,False,a96a34c6910a3b7fd989,expected_aligned_shape,Qwen/Qwen3.6-35B-A3B-FP8,ok,32,127,5080,1686,0.33188976377952756,5080,3639,0.7163385826771653,0,0.0,0.9312435508498501,4730.717238317238,0.9601870078740158,4877.75,Qwen/Qwen3.6-35B-A3B-FP8
mixed_language,40,127,8,40640,same_model,30510,0.750738188976378,10130,0.24926181102362205,159,True,127,128,32,32,0,"[159, 40, 8]",0,True,32,True,128,159,32,0,0,32,"[128, 40, 8]",1,False,a9a82339f6906ae005a2,expected_aligned_shape,Qwen/Qwen3.6-35B-A3B-FP8,ok,32,127,5080,1623,0.31948818897637793,5080,3613,0.7112204724409449,0,0.0,0.9264477910540901,4706.354778554779,0.9564222440944882,4858.625,Qwen/Qwen3.6-35B-A3B-FP8
math_numeric,40,127,8,40640,same_model,27940,0.6875,12700,0.3125,159,True,127,128,32,32,0,"[159, 40, 8]",0,True,32,True,128,159,32,0,0,32,"[128, 40, 8]",1,False,aa261b4a6e6449f298d0,expected_aligned_shape,Qwen/Qwen3.6-35B-A3B-FP8,ok,32,127,5080,1292,0.2543307086614173,5080,3154,0.6208661417322835,0,0.0,0.898054596322313,4562.117349317349,0.9390994094488189,4770.625,Qwen/Qwen3.6-35B-A3B-FP8
logs,40,111,8,35520,same_model,28680,0.8074324324324325,6840,0.19256756756756757,143,True,111,112,32,32,0,"[143, 40, 8]",0,True,32,True,112,143,32,0,0,32,"[112, 40, 8]",1,False,aa3d4fec3562da72aa6a,expected_aligned_shape,Qwen/Qwen3.6-35B-A3B-FP8,ok,32,111,4440,1821,0.4101351351351351,4440,3452,0.7774774774774775,0,0.0,0.9485776685776687,4211.684848484849,0.9707770270270271,4310.25,Qwen/Qwen3.6-35B-A3B-FP8
summarization,40,127,8,40640,same_model,30389,0.7477608267716536,10251,0.25223917322834644,159,True,127,128,32,32,0,"[159, 40, 8]",0,True,32,True,128,159,32,0,0,32,"[128, 40, 8]",1,False,aacb92ed3f6e60fd9d5f,expected_aligned_shape,Qwen/Qwen3.6-35B-A3B-FP8,ok,32,127,5080,1555,0.3061023622047244,5080,3545,0.6978346456692913,0,0.0,0.9257448981464731,4702.784082584082,0.9566437007874016,4859.75,Qwen/Qwen3.6-35B-A3B-FP8
code,40,127,8,40640,same_model,31355,0.7715305118110236,9285,0.2284694881889764,159,True,127,128,32,32,0,"[159, 40, 8]",0,True,32,True,128,159,32,0,0,32,"[128, 40, 8]",1,False,aadd28b4886c5dbaa3d8,expected_aligned_shape,Qwen/Qwen3.6-35B-A3B-FP8,ok,32,127,5080,1786,0.3515748031496063,5080,3686,0.7255905511811024,0,0.0,0.9325003255711919,4737.101653901654,0.9606545275590551,4880.125,Qwen/Qwen3.6-35B-A3B-FP8
needle,40,127,8,40640,same_model,28844,0.709744094488189,11796,0.290255905511811,159,True,127,128,32,32,0,"[159, 40, 8]",0,True,32,True,128,159,32,0,0,32,"[128, 40, 8]",1,False,ab089e8514a0ce55fb66,expected_aligned_shape,Qwen/Qwen3.6-35B-A3B-FP8,ok,32,127,5080,1332,0.2622047244094488,5080,3302,0.65,0,0.0,0.910778556526588,4626.755067155067,0.9473425196850394,4812.5,Qwen/Qwen3.6-35B-A3B-FP8
low_margin,40,127,8,40640,same_model,30460,0.749507874015748,10180,0.25049212598425197,167,True,127,128,40,40,0,"[167, 40, 8]",0,True,40,True,128,167,40,0,0,40,"[128, 40, 8]",1,False,ab7dbeb8eba4ca95e6d6,expected_aligned_shape,Qwen/Qwen3.6-35B-A3B-FP8,ok,32,127,5080,1626,0.32007874015748033,5080,3550,0.6988188976377953,0,0.0,0.9253317723396465,4700.685403485403,0.9562253937007874,4857.625,Qwen/Qwen3.6-35B-A3B-FP8
logs,40,127,8,40640,same_model,27800,0.6840551181102362,12840,0.3159448818897638,159,True,127,128,32,32,0,"[159, 40, 8]",0,True,32,True,128,159,32,0,0,32,"[128, 40, 8]",1,False,abd1e5548284e0ba471e,expected_aligned_shape,Qwen/Qwen3.6-35B-A3B-FP8,ok,32,127,5080,1139,0.22421259842519686,5080,3104,0.6110236220472441,0,0.0,0.9010319514256523,4577.242313242314,0.9422244094488189,4786.5,Qwen/Qwen3.6-35B-A3B-FP8
json_structured,40,127,8,40640,same_model,29342,0.721998031496063,11298,0.278001968503937,159,True,127,128,32,32,0,"[159, 40, 8]",0,True,32,True,128,159,32,0,0,32,"[128, 40, 8]",1,False,abf43694b67ef6c882b3,expected_aligned_shape,Qwen/Qwen3.6-35B-A3B-FP8,ok,32,127,5080,1372,0.2700787401574803,5080,3397,0.6687007874015748,0,0.0,0.9192817943211644,4669.951515151515,0.9534694881889764,4843.625,Qwen/Qwen3.6-35B-A3B-FP8
math_numeric,40,127,8,40640,same_model,20282,0.4990649606299213,20358,0.5009350393700788,159,True,127,128,32,32,0,"[159, 40, 8]",0,True,32,True,128,159,32,0,0,32,"[128, 40, 8]",1,False,ac1f922ed790b98b82b7,expected_aligned_shape,Qwen/Qwen3.6-35B-A3B-FP8,ok,32,127,5080,312,0.06141732283464567,5080,1739,0.3423228346456693,0,0.0,0.7921141850275708,4023.94005994006,0.8679133858267717,4409.0,Qwen/Qwen3.6-35B-A3B-FP8
needle,40,127,8,40640,same_model,29620,0.7288385826771654,11020,0.27116141732283466,159,True,127,128,32,32,0,"[159, 40, 8]",0,True,32,True,128,159,32,0,0,32,"[128, 40, 8]",1,False,ac33f9d05160a51d246b,expected_aligned_shape,Qwen/Qwen3.6-35B-A3B-FP8,ok,32,127,5080,1430,0.281496062992126,5080,3443,0.677755905511811,0,0.0,0.9206101073030206,4676.699345099345,0.9540108267716535,4846.375,Qwen/Qwen3.6-35B-A3B-FP8
summarization,40,127,8,40640,same_model,31317,0.7705954724409448,9323,0.2294045275590551,163,True,127,128,36,36,0,"[163, 40, 8]",0,True,36,True,128,163,36,0,0,36,"[128, 40, 8]",1,False,ac38bf1b34801bedfd6b,expected_aligned_shape,Qwen/Qwen3.6-35B-A3B-FP8,ok,32,127,5080,1758,0.34606299212598424,5080,3654,0.7192913385826771,0,0.0,0.9323498548695399,4736.337262737263,0.9610236220472441,4882.0,Qwen/Qwen3.6-35B-A3B-FP8
json_structured,40,127,8,40640,same_model,25879,0.6367864173228347,14761,0.36321358267716536,159,True,127,128,32,32,0,"[159, 40, 8]",0,True,32,True,128,159,32,0,0,32,"[128, 40, 8]",1,False,ad325d58a6b06e8a8fda,expected_aligned_shape,Qwen/Qwen3.6-35B-A3B-FP8,ok,32,127,5080,950,0.18700787401574803,5080,2819,0.5549212598425197,0,0.0,0.8732406482406482,4436.062493062493,0.9216043307086614,4681.75,Qwen/Qwen3.6-35B-A3B-FP8
mixed_language,40,127,8,40640,same_model,31448,0.7738188976377953,9192,0.22618110236220473,159,True,127,128,32,32,0,"[159, 40, 8]",0,True,32,True,128,159,32,0,0,32,"[128, 40, 8]",1,False,ade10a397e45b8d14a5f,expected_aligned_shape,Qwen/Qwen3.6-35B-A3B-FP8,ok,32,127,5080,1790,0.35236220472440943,5080,3750,0.7381889763779528,0,0.0,0.938480871709218,4767.482828282828,0.9648868110236221,4901.625,Qwen/Qwen3.6-35B-A3B-FP8
logs,40,68,8,21760,same_model,15121,0.6948988970588236,6639,0.3051011029411765,100,True,68,69,32,32,0,"[100, 40, 8]",0,True,32,True,69,100,32,0,0,32,"[69, 40, 8]",1,False,ae3339e3b7f858fb5ff5,expected_aligned_shape,Qwen/Qwen3.6-35B-A3B-FP8,ok,32,68,2720,649,0.2386029411764706,2720,1739,0.6393382352941176,0,0.0,0.909081425110837,2472.7014763014763,0.9470588235294117,2576.0,Qwen/Qwen3.6-35B-A3B-FP8
chat,40,127,8,40640,same_model,30162,0.7421751968503937,10478,0.2578248031496063,159,True,127,128,32,32,0,"[159, 40, 8]",0,True,32,True,128,159,32,0,0,32,"[128, 40, 8]",1,False,ae76d8f1f70e1a22c2e0,expected_aligned_shape,Qwen/Qwen3.6-35B-A3B-FP8,ok,32,127,5080,1523,0.2998031496062992,5080,3552,0.6992125984251969,0,0.0,0.9273729420186115,4711.054545454545,0.9582185039370079,4867.75,Qwen/Qwen3.6-35B-A3B-FP8
mixed_language,40,95,8,30400,same_model,24257,0.7979276315789474,6143,0.20207236842105264,127,True,95,96,32,32,0,"[127, 40, 8]",0,True,32,True,96,127,32,0,0,32,"[96, 40, 8]",1,False,aea14acfc79450b0e99f,expected_aligned_shape,Qwen/Qwen3.6-35B-A3B-FP8,ok,32,95,3800,1513,0.3981578947368421,3800,2899,0.7628947368421053,0,0.0,0.9450494417862839,3591.1878787878786,0.96875,3681.25,Qwen/Qwen3.6-35B-A3B-FP8
math_numeric,40,127,8,40640,same_model,19688,0.4844488188976378,20952,0.5155511811023622,159,True,127,128,32,32,0,"[159, 40, 8]",0,True,32,True,128,159,32,0,0,32,"[128, 40, 8]",1,False,af53f4e1b8b71d383419,expected_aligned_shape,Qwen/Qwen3.6-35B-A3B-FP8,ok,32,127,5080,311,0.06122047244094488,5080,1758,0.34606299212598424,0,0.0,0.7754983686479748,3939.5317127317126,0.85123031496063,4324.25,Qwen/Qwen3.6-35B-A3B-FP8
math_numeric,40,127,8,40640,same_model,19139,0.4709399606299213,21501,0.5290600393700787,159,True,127,128,32,32,0,"[159, 40, 8]",0,True,32,True,128,159,32,0,0,32,"[128, 40, 8]",1,False,afc743ef9a5874b2461d,expected_aligned_shape,Qwen/Qwen3.6-35B-A3B-FP8,ok,32,127,5080,350,0.0688976377952756,5080,1715,0.3375984251968504,0,0.0,0.752048227363188,3820.404995004995,0.8263779527559055,4198.0,Qwen/Qwen3.6-35B-A3B-FP8
mixed_language,40,38,8,12160,same_model,8893,0.7313322368421052,3267,0.26866776315789476,70,True,38,39,32,32,0,"[70, 40, 8]",0,True,32,True,39,70,32,0,0,32,"[39, 40, 8]",1,False,b034860f5bcabdf1a129,expected_aligned_shape,Qwen/Qwen3.6-35B-A3B-FP8,ok,32,38,1520,402,0.2644736842105263,1520,1060,0.6973684210526315,0,0.0,0.9243078558868033,1404.9479409479409,0.9555098684210527,1452.375,Qwen/Qwen3.6-35B-A3B-FP8
logs,40,127,8,40640,same_model,29496,0.7257874015748031,11144,0.27421259842519685,159,True,127,128,32,32,0,"[159, 40, 8]",0,True,32,True,128,159,32,0,0,32,"[128, 40, 8]",1,False,b0a965647293db98058a,expected_aligned_shape,Qwen/Qwen3.6-35B-A3B-FP8,ok,32,127,5080,1461,0.2875984251968504,5080,3360,0.6614173228346457,0,0.0,0.9154794636684399,4650.635675435676,0.9507874015748031,4830.0,Qwen/Qwen3.6-35B-A3B-FP8
code,40,127,8,40640,same_model,31523,0.7756643700787401,9117,0.22433562992125985,159,True,127,128,32,32,0,"[159, 40, 8]",0,True,32,True,128,159,32,0,0,32,"[128, 40, 8]",1,False,b14149ddb8e202b613b7,expected_aligned_shape,Qwen/Qwen3.6-35B-A3B-FP8,ok,32,127,5080,1830,0.36023622047244097,5080,3676,0.7236220472440945,0,0.0,0.9307814670019394,4728.369852369852,0.9592273622047244,4872.875,Qwen/Qwen3.6-35B-A3B-FP8
logs,40,16,8,5120,same_model,3964,0.77421875,1156,0.22578125,48,True,16,17,32,32,0,"[48, 40, 8]",0,True,32,True,17,48,32,0,0,32,"[17, 40, 8]",1,False,b1fe15a6bacd9a8dd540,expected_aligned_shape,Qwen/Qwen3.6-35B-A3B-FP8,ok,32,16,640,218,0.340625,640,483,0.7546875,0,0.0,0.9432638888888889,603.6888888888889,0.9677734375,619.375,Qwen/Qwen3.6-35B-A3B-FP8
mixed_language,40,127,8,40640,same_model,30475,0.749876968503937,10165,0.250123031496063,159,True,127,128,32,32,0,"[159, 40, 8]",0,True,32,True,128,159,32,0,0,32,"[128, 40, 8]",1,False,b204a181e3e00826a19e,expected_aligned_shape,Qwen/Qwen3.6-35B-A3B-FP8,ok,32,127,5080,1620,0.3188976377952756,5080,3528,0.694488188976378,0,0.0,0.9243727051601069,4695.813342213342,0.956003937007874,4856.5,Qwen/Qwen3.6-35B-A3B-FP8
short_qa,40,127,8,40640,same_model,29790,0.7330216535433071,10850,0.26697834645669294,159,True,127,128,32,32,0,"[159, 40, 8]",0,True,32,True,128,159,32,0,0,32,"[128, 40, 8]",1,False,b270a59687c6d48c3e66,expected_aligned_shape,Qwen/Qwen3.6-35B-A3B-FP8,ok,32,127,5080,1475,0.2903543307086614,5080,3458,0.6807086614173228,0,0.0,0.9206589036510295,4676.947230547231,0.9534694881889764,4843.625,Qwen/Qwen3.6-35B-A3B-FP8
low_margin,40,127,8,40640,same_model,31402,0.7726870078740158,9238,0.22731299212598424,166,True,127,128,39,39,0,"[166, 40, 8]",0,True,39,True,128,166,39,0,0,39,"[128, 40, 8]",1,False,b28ee28fbe03bf979460,expected_aligned_shape,Qwen/Qwen3.6-35B-A3B-FP8,ok,32,127,5080,1758,0.34606299212598424,5080,3700,0.7283464566929134,0,0.0,0.9358339298496778,4754.036363636364,0.9633120078740157,4893.625,Qwen/Qwen3.6-35B-A3B-FP8
chat,40,127,8,40640,same_model,30173,0.7424458661417322,10467,0.2575541338582677,167,True,127,128,40,40,0,"[167, 40, 8]",0,True,40,True,128,167,40,0,0,40,"[128, 40, 8]",1,False,b2b8258c2c995965af4b,expected_aligned_shape,Qwen/Qwen3.6-35B-A3B-FP8,ok,32,127,5080,1516,0.2984251968503937,5080,3499,0.6887795275590551,0,0.0,0.9244325141175533,4696.117171717172,0.9564714566929133,4858.875,Qwen/Qwen3.6-35B-A3B-FP8
short_qa,40,127,8,40640,same_model,30920,0.7608267716535433,9720,0.23917322834645668,166,True,127,128,39,39,0,"[166, 40, 8]",0,True,39,True,128,166,39,0,0,39,"[128, 40, 8]",1,False,b3358a4643b0968c564f,expected_aligned_shape,Qwen/Qwen3.6-35B-A3B-FP8,ok,32,127,5080,1703,0.33523622047244095,5080,3604,0.7094488188976378,0,0.0,0.9306073454104951,4727.485314685315,0.9601624015748031,4877.625,Qwen/Qwen3.6-35B-A3B-FP8
needle,40,127,8,40640,same_model,28146,0.6925688976377953,12494,0.3074311023622047,159,True,127,128,32,32,0,"[159, 40, 8]",0,True,32,True,128,159,32,0,0,32,"[128, 40, 8]",1,False,b33de6a1f836f1abafd5,expected_aligned_shape,Qwen/Qwen3.6-35B-A3B-FP8,ok,32,127,5080,1254,0.2468503937007874,5080,3223,0.6344488188976378,0,0.0,0.9042025079032953,4593.34874014874,0.943257874015748,4791.75,Qwen/Qwen3.6-35B-A3B-FP8
logs,40,110,8,35200,same_model,27245,0.7740056818181819,7955,0.22599431818181817,142,True,110,111,32,32,0,"[142, 40, 8]",0,True,32,True,111,142,32,0,0,32,"[111, 40, 8]",1,False,b3533fba0511179eb54e,expected_aligned_shape,Qwen/Qwen3.6-35B-A3B-FP8,ok,32,110,4400,1544,0.3509090909090909,4400,3224,0.7327272727272728,0,0.0,0.9366541387905024,4121.278210678211,0.9635795454545455,4239.75,Qwen/Qwen3.6-35B-A3B-FP8
needle,40,127,8,40640,same_model,29195,0.718380905511811,11445,0.281619094488189,159,True,127,128,32,32,0,"[159, 40, 8]",0,True,32,True,128,159,32,0,0,32,"[128, 40, 8]",1,False,b3952ae16ba147c8cd92,expected_aligned_shape,Qwen/Qwen3.6-35B-A3B-FP8,ok,32,127,5080,1414,0.2783464566929134,5080,3305,0.6505905511811023,0,0.0,0.9124358668453156,4635.174203574204,0.949015748031496,4821.0,Qwen/Qwen3.6-35B-A3B-FP8
mixed_language,40,104,8,33280,same_model,26292,0.7900240384615385,6988,0.20997596153846154,136,True,104,105,32,32,0,"[136, 40, 8]",0,True,32,True,105,136,32,0,0,32,"[105, 40, 8]",1,False,b39ecdee70b98880a90c,expected_aligned_shape,Qwen/Qwen3.6-35B-A3B-FP8,ok,32,104,4160,1592,0.38269230769230766,4160,3124,0.7509615384615385,0,0.0,0.941938616938617,3918.4646464646466,0.9669471153846154,4022.5,Qwen/Qwen3.6-35B-A3B-FP8
summarization,40,127,8,40640,same_model,31372,0.7719488188976378,9268,0.2280511811023622,159,True,127,128,32,32,0,"[159, 40, 8]",0,True,32,True,128,159,32,0,0,32,"[128, 40, 8]",1,False,b438494eb80e2a33b051,expected_aligned_shape,Qwen/Qwen3.6-35B-A3B-FP8,ok,32,127,5080,1719,0.3383858267716535,5080,3724,0.7330708661417323,0,0.0,0.9364550585023028,4757.191697191697,0.9634596456692913,4894.375,Qwen/Qwen3.6-35B-A3B-FP8
logs,40,127,8,40640,same_model,30178,0.7425688976377953,10462,0.25743110236220473,159,True,127,128,32,32,0,"[159, 40, 8]",0,True,32,True,128,159,32,0,0,32,"[128, 40, 8]",1,False,b43e2b711aafe6f58ffa,expected_aligned_shape,Qwen/Qwen3.6-35B-A3B-FP8,ok,32,127,5080,1583,0.31161417322834645,5080,3533,0.6954724409448819,0,0.0,0.9261430870092288,4704.806882006882,0.9573818897637796,4863.5,Qwen/Qwen3.6-35B-A3B-FP8
needle,40,127,8,40640,same_model,29278,0.7204232283464567,11362,0.27957677165354333,159,True,127,128,32,32,0,"[159, 40, 8]",0,True,32,True,128,159,32,0,0,32,"[128, 40, 8]",1,False,b49734e89f704f2827c9,expected_aligned_shape,Qwen/Qwen3.6-35B-A3B-FP8,ok,32,127,5080,1336,0.262992125984252,5080,3315,0.6525590551181102,0,0.0,0.91483147648502,4647.3439005439,0.9507874015748031,4830.0,Qwen/Qwen3.6-35B-A3B-FP8
needle,40,15,8,4800,same_model,3369,0.701875,1431,0.298125,47,True,15,16,32,32,0,"[47, 40, 8]",0,True,32,True,16,47,32,0,0,32,"[16, 40, 8]",1,False,b54278f29f5bc64e9e22,expected_aligned_shape,Qwen/Qwen3.6-35B-A3B-FP8,ok,32,15,600,144,0.24,600,407,0.6783333333333333,0,0.0,0.9234814814814815,554.0888888888888,0.95625,573.75,Qwen/Qwen3.6-35B-A3B-FP8
low_margin,40,127,8,40640,same_model,31294,0.7700295275590551,9346,0.22997047244094487,167,True,127,128,40,40,0,"[167, 40, 8]",0,True,40,True,128,167,40,0,0,40,"[128, 40, 8]",1,False,b641da231fe9bad7f85c,expected_aligned_shape,Qwen/Qwen3.6-35B-A3B-FP8,ok,32,127,5080,1748,0.34409448818897637,5080,3689,0.7261811023622047,0,0.0,0.9353564108682219,4751.610567210567,0.962992125984252,4892.0,Qwen/Qwen3.6-35B-A3B-FP8
low_margin,40,127,8,40640,same_model,29952,0.7370078740157481,10688,0.262992125984252,167,True,127,128,40,40,0,"[167, 40, 8]",0,True,40,True,128,167,40,0,0,40,"[128, 40, 8]",1,False,b69f7e4585abe21bd34a,expected_aligned_shape,Qwen/Qwen3.6-35B-A3B-FP8,ok,32,127,5080,1486,0.2925196850393701,5080,3431,0.6753937007874016,0,0.0,0.9215335932658766,4681.390653790654,0.9547244094488189,4850.0,Qwen/Qwen3.6-35B-A3B-FP8
mixed_language,40,89,8,28480,same_model,22046,0.7740870786516854,6434,0.22591292134831462,121,True,89,90,32,32,0,"[121, 40, 8]",0,True,32,True,90,121,32,0,0,32,"[90, 40, 8]",1,False,b6b677ccaefa4ea5366c,expected_aligned_shape,Qwen/Qwen3.6-35B-A3B-FP8,ok,32,89,3560,1238,0.34775280898876404,3560,2599,0.7300561797752809,0,0.0,0.9363125638406538,3333.2727272727275,0.9636235955056179,3430.5,Qwen/Qwen3.6-35B-A3B-FP8
math_numeric,40,127,8,40640,same_model,22934,0.5643208661417323,17706,0.43567913385826773,159,True,127,128,32,32,0,"[159, 40, 8]",0,True,32,True,128,159,32,0,0,32,"[128, 40, 8]",1,False,b7276f246137fc7db1bc,expected_aligned_shape,Qwen/Qwen3.6-35B-A3B-FP8,ok,32,127,5080,837,0.16476377952755905,5080,2355,0.46358267716535434,0,0.0,0.7935781584994184,4031.377045177045,0.8555118110236221,4346.0,Qwen/Qwen3.6-35B-A3B-FP8
mixed_language,40,127,8,40640,same_model,30934,0.7611712598425197,9706,0.23882874015748032,159,True,127,128,32,32,0,"[159, 40, 8]",0,True,32,True,128,159,32,0,0,32,"[128, 40, 8]",1,False,b77295d8220def51e089,expected_aligned_shape,Qwen/Qwen3.6-35B-A3B-FP8,ok,32,127,5080,1652,0.3251968503937008,5080,3635,0.7155511811023622,0,0.0,0.9312629015778624,4730.81554001554,0.9603100393700787,4878.375,Qwen/Qwen3.6-35B-A3B-FP8
math_numeric,40,127,8,40640,same_model,25922,0.6378444881889764,14718,0.3621555118110236,159,True,127,128,32,32,0,"[159, 40, 8]",0,True,32,True,128,159,32,0,0,32,"[128, 40, 8]",1,False,b79d83ec99e1695f39bf,expected_aligned_shape,Qwen/Qwen3.6-35B-A3B-FP8,ok,32,127,5080,1112,0.2188976377952756,5080,2844,0.5598425196850394,0,0.0,0.862648877806358,4382.256299256299,0.9111712598425197,4628.75,Qwen/Qwen3.6-35B-A3B-FP8
logs,40,127,8,40640,same_model,29653,0.7296505905511811,10987,0.2703494094488189,159,True,127,128,32,32,0,"[159, 40, 8]",0,True,32,True,128,159,32,0,0,32,"[128, 40, 8]",1,False,b8d050c146b8c154b37a,expected_aligned_shape,Qwen/Qwen3.6-35B-A3B-FP8,ok,32,127,5080,1510,0.297244094488189,5080,3431,0.6753937007874016,0,0.0,0.9198703571144516,4672.9414141414145,0.9536417322834646,4844.5,Qwen/Qwen3.6-35B-A3B-FP8
mixed_language,40,127,8,40640,same_model,30823,0.7584399606299213,9817,0.24156003937007875,159,True,127,128,32,32,0,"[159, 40, 8]",0,True,32,True,128,159,32,0,0,32,"[128, 40, 8]",1,False,b9616c5944d9819ba8e5,expected_aligned_shape,Qwen/Qwen3.6-35B-A3B-FP8,ok,32,127,5080,1623,0.31948818897637793,5080,3588,0.7062992125984252,0,0.0,0.92749624828365,4711.680941280942,0.9578001968503937,4865.625,Qwen/Qwen3.6-35B-A3B-FP8
math_numeric,40,127,8,40640,same_model,20358,0.5009350393700788,20282,0.4990649606299213,159,True,127,128,32,32,0,"[159, 40, 8]",0,True,32,True,128,159,32,0,0,32,"[128, 40, 8]",1,False,b9de9336a7f6c1179e5d,expected_aligned_shape,Qwen/Qwen3.6-35B-A3B-FP8,ok,32,127,5080,375,0.07381889763779527,5080,1752,0.34488188976377954,0,0.0,0.7877680106420264,4001.861494061494,0.8634104330708662,4386.125,Qwen/Qwen3.6-35B-A3B-FP8
needle,40,127,8,40640,same_model,29562,0.7274114173228347,11078,0.27258858267716535,159,True,127,128,32,32,0,"[159, 40, 8]",0,True,32,True,128,159,32,0,0,32,"[128, 40, 8]",1,False,b9df8f328121db1a4ee4,expected_aligned_shape,Qwen/Qwen3.6-35B-A3B-FP8,ok,32,127,5080,1463,0.28799212598425195,5080,3425,0.6742125984251969,0,0.0,0.9212670007158196,4680.036363636364,0.9547244094488189,4850.0,Qwen/Qwen3.6-35B-A3B-FP8
needle,40,127,8,40640,same_model,28747,0.7073572834645669,11893,0.29264271653543306,159,True,127,128,32,32,0,"[159, 40, 8]",0,True,32,True,128,159,32,0,0,32,"[128, 40, 8]",1,False,b9e14e0a1d863d6ecf11,expected_aligned_shape,Qwen/Qwen3.6-35B-A3B-FP8,ok,32,127,5080,1364,0.268503937007874,5080,3250,0.639763779527559,0,0.0,0.9073419843498584,4609.297280497281,0.9455708661417322,4803.5,Qwen/Qwen3.6-35B-A3B-FP8
json_structured,40,127,8,40640,same_model,29206,0.7186515748031496,11434,0.2813484251968504,159,True,127,128,32,32,0,"[159, 40, 8]",0,True,32,True,128,159,32,0,0,32,"[128, 40, 8]",1,False,ba1335421606c497e994,expected_aligned_shape,Qwen/Qwen3.6-35B-A3B-FP8,ok,32,127,5080,1311,0.2580708661417323,5080,3417,0.6726377952755905,0,0.0,0.9211158832418676,4679.268686868687,0.9546998031496063,4849.875,Qwen/Qwen3.6-35B-A3B-FP8
chat,40,127,8,40640,same_model,29930,0.7364665354330708,10710,0.2635334645669291,159,True,127,128,32,32,0,"[159, 40, 8]",0,True,32,True,128,159,32,0,0,32,"[128, 40, 8]",1,False,ba1c8a360468d76679fe,expected_aligned_shape,Qwen/Qwen3.6-35B-A3B-FP8,ok,32,127,5080,1484,0.2921259842519685,5080,3428,0.6748031496062992,0,0.0,0.9195289924423782,4671.207281607281,0.9531742125984252,4842.125,Qwen/Qwen3.6-35B-A3B-FP8
mixed_language,40,127,8,40640,same_model,31518,0.7755413385826772,9122,0.22445866141732285,159,True,127,128,32,32,0,"[159, 40, 8]",0,True,32,True,128,159,32,0,0,32,"[128, 40, 8]",1,False,ba65def01d2b01694f98,expected_aligned_shape,Qwen/Qwen3.6-35B-A3B-FP8,ok,32,127,5080,1843,0.3627952755905512,5080,3749,0.737992125984252,0,0.0,0.9373363556828123,4761.668686868687,0.9640748031496063,4897.5,Qwen/Qwen3.6-35B-A3B-FP8
logs,40,95,8,30400,same_model,23098,0.7598026315789473,7302,0.24019736842105263,127,True,95,96,32,32,0,"[127, 40, 8]",0,True,32,True,96,127,32,0,0,32,"[96, 40, 8]",1,False,ba90285f5d165222ce5e,expected_aligned_shape,Qwen/Qwen3.6-35B-A3B-FP8,ok,32,95,3800,1249,0.3286842105263158,3800,2780,0.7315789473684211,0,0.0,0.9338641475483581,3548.6837606837607,0.9616118421052632,3654.125,Qwen/Qwen3.6-35B-A3B-FP8
low_margin,40,127,8,40640,same_model,29691,0.7305856299212599,10949,0.26941437007874014,167,True,127,128,40,40,0,"[167, 40, 8]",0,True,40,True,128,167,40,0,0,40,"[128, 40, 8]",1,False,bb425ec9a493aabd03b9,expected_aligned_shape,Qwen/Qwen3.6-35B-A3B-FP8,ok,32,127,5080,1444,0.284251968503937,5080,3417,0.6726377952755905,0,0.0,0.9198158534379006,4672.664535464535,0.9536417322834646,4844.5,Qwen/Qwen3.6-35B-A3B-FP8
chat,40,127,8,40640,same_model,30155,0.7420029527559056,10485,0.2579970472440945,159,True,127,128,32,32,0,"[159, 40, 8]",0,True,32,True,128,159,32,0,0,32,"[128, 40, 8]",1,False,bb9f3452352324fc3c52,expected_aligned_shape,Qwen/Qwen3.6-35B-A3B-FP8,ok,32,127,5080,1493,0.2938976377952756,5080,3491,0.6872047244094488,0,0.0,0.9246711206553726,4697.329292929293,0.9567175196850394,4860.125,Qwen/Qwen3.6-35B-A3B-FP8
code,40,127,8,40640,same_model,30734,0.75625,9906,0.24375,166,True,127,128,39,39,0,"[166, 40, 8]",0,True,39,True,128,166,39,0,0,39,"[128, 40, 8]",1,False,bc0875d784a2de5a98a0,expected_aligned_shape,Qwen/Qwen3.6-35B-A3B-FP8,ok,32,127,5080,1652,0.3251968503937008,5080,3564,0.7015748031496063,0,0.0,0.9251571918894754,4699.798534798535,0.9560531496062992,4856.75,Qwen/Qwen3.6-35B-A3B-FP8
math_numeric,40,127,8,40640,same_model,22661,0.557603346456693,17979,0.4423966535433071,159,True,127,128,32,32,0,"[159, 40, 8]",0,True,32,True,128,159,32,0,0,32,"[128, 40, 8]",1,False,bc09d97877043b0c280b,expected_aligned_shape,Qwen/Qwen3.6-35B-A3B-FP8,ok,32,127,5080,575,0.11318897637795275,5080,2244,0.44173228346456694,0,0.0,0.8346656842719835,4240.101676101676,0.8968011811023622,4555.75,Qwen/Qwen3.6-35B-A3B-FP8
short_qa,40,127,8,40640,same_model,29538,0.7268208661417322,11102,0.2731791338582677,159,True,127,128,32,32,0,"[159, 40, 8]",0,True,32,True,128,159,32,0,0,32,"[128, 40, 8]",1,False,bc52ef6c6ead85290cd7,expected_aligned_shape,Qwen/Qwen3.6-35B-A3B-FP8,ok,32,127,5080,1452,0.2858267716535433,5080,3420,0.6732283464566929,0,0.0,0.9158067173421502,4652.298124098124,0.9499015748031496,4825.5,Qwen/Qwen3.6-35B-A3B-FP8
chat,40,127,8,40640,same_model,30327,0.7462352362204724,10313,0.25376476377952756,167,True,127,128,40,40,0,"[167, 40, 8]",0,True,40,True,128,167,40,0,0,40,"[128, 40, 8]",1,False,bcf9daa3b35111492e38,expected_aligned_shape,Qwen/Qwen3.6-35B-A3B-FP8,ok,32,127,5080,1564,0.30787401574803147,5080,3537,0.6962598425196851,0,0.0,0.9272528433945757,4710.444444444444,0.9582677165354331,4868.0,Qwen/Qwen3.6-35B-A3B-FP8
needle,40,127,8,40640,same_model,29547,0.7270423228346456,11093,0.27295767716535435,159,True,127,128,32,32,0,"[159, 40, 8]",0,True,32,True,128,159,32,0,0,32,"[128, 40, 8]",1,False,bd3bee2440df1baed4f2,expected_aligned_shape,Qwen/Qwen3.6-35B-A3B-FP8,ok,32,127,5080,1369,0.26948818897637794,5080,3415,0.672244094488189,0,0.0,0.9205193668973195,4676.238383838384,0.9542814960629922,4847.75,Qwen/Qwen3.6-35B-A3B-FP8
math_numeric,40,127,8,40640,same_model,19392,0.47716535433070867,21248,0.5228346456692914,159,True,127,128,32,32,0,"[159, 40, 8]",0,True,32,True,128,159,32,0,0,32,"[128, 40, 8]",1,False,bd8914833777db73e6d5,expected_aligned_shape,Qwen/Qwen3.6-35B-A3B-FP8,ok,32,127,5080,305,0.060039370078740155,5080,1641,0.32303149606299214,0,0.0,0.7748202453714265,3936.0868464868463,0.8526082677165354,4331.25,Qwen/Qwen3.6-35B-A3B-FP8
math_numeric,40,127,8,40640,same_model,19808,0.4874015748031496,20832,0.5125984251968504,159,True,127,128,32,32,0,"[159, 40, 8]",0,True,32,True,128,159,32,0,0,32,"[128, 40, 8]",1,False,bde71631f9f7b4d568ac,expected_aligned_shape,Qwen/Qwen3.6-35B-A3B-FP8,ok,32,127,5080,311,0.06122047244094488,5080,1693,0.3332677165354331,0,0.0,0.7786398378524362,3955.4903762903764,0.8542568897637796,4339.625,Qwen/Qwen3.6-35B-A3B-FP8
mixed_language,40,127,8,40640,same_model,31479,0.7745816929133859,9161,0.22541830708661417,159,True,127,128,32,32,0,"[159, 40, 8]",0,True,32,True,128,159,32,0,0,32,"[128, 40, 8]",1,False,be1123aa3ca70c1a5469,expected_aligned_shape,Qwen/Qwen3.6-35B-A3B-FP8,ok,32,127,5080,1800,0.3543307086614173,5080,3747,0.7375984251968504,0,0.0,0.9375876879026487,4762.945454545455,0.9642470472440945,4898.375,Qwen/Qwen3.6-35B-A3B-FP8
code,40,127,8,40640,same_model,28718,0.7066437007874016,11922,0.2933562992125984,159,True,127,128,32,32,0,"[159, 40, 8]",0,True,32,True,128,159,32,0,0,32,"[128, 40, 8]",1,False,be91132ff734fbb21c7f,expected_aligned_shape,Qwen/Qwen3.6-35B-A3B-FP8,ok,32,127,5080,1354,0.26653543307086613,5080,3254,0.6405511811023622,0,0.0,0.9040891916482467,4592.773093573093,0.9415108267716535,4782.875,Qwen/Qwen3.6-35B-A3B-FP8
needle,40,127,8,40640,same_model,27982,0.6885334645669291,12658,0.31146653543307085,159,True,127,128,32,32,0,"[159, 40, 8]",0,True,32,True,128,159,32,0,0,32,"[128, 40, 8]",1,False,bf08480c2da63ae571d7,expected_aligned_shape,Qwen/Qwen3.6-35B-A3B-FP8,ok,32,127,5080,1272,0.2503937007874016,5080,3162,0.6224409448818897,0,0.0,0.8993721239390531,4568.810389610389,0.9400836614173228,4775.625,Qwen/Qwen3.6-35B-A3B-FP8
code,40,127,8,40640,same_model,30149,0.74185531496063,10491,0.2581446850393701,166,True,127,128,39,39,0,"[166, 40, 8]",0,True,39,True,128,166,39,0,0,39,"[128, 40, 8]",1,False,bf0c65a32a736f320995,expected_aligned_shape,Qwen/Qwen3.6-35B-A3B-FP8,ok,32,127,5080,1565,0.3080708661417323,5080,3522,0.6933070866141732,0,0.0,0.9251119309387026,4699.568609168609,0.9567667322834645,4860.375,Qwen/Qwen3.6-35B-A3B-FP8
needle,40,127,8,40640,same_model,28455,0.7001722440944882,12185,0.2998277559055118,159,True,127,128,32,32,0,"[159, 40, 8]",0,True,32,True,128,159,32,0,0,32,"[128, 40, 8]",1,False,bf0dc69d9f0f3d3976d7,expected_aligned_shape,Qwen/Qwen3.6-35B-A3B-FP8,ok,32,127,5080,1288,0.25354330708661416,5080,3173,0.6246062992125985,0,0.0,0.9051911605454911,4598.371095571096,0.9446850393700787,4799.0,Qwen/Qwen3.6-35B-A3B-FP8
chat,40,127,8,40640,same_model,30109,0.740871062992126,10531,0.25912893700787404,159,True,127,128,32,32,0,"[159, 40, 8]",0,True,32,True,128,159,32,0,0,32,"[128, 40, 8]",1,False,bfe9d8748090a0b3bf68,expected_aligned_shape,Qwen/Qwen3.6-35B-A3B-FP8,ok,32,127,5080,1505,0.296259842519685,5080,3485,0.6860236220472441,0,0.0,0.9228779051219996,4688.219758019758,0.9549950787401574,4851.375,Qwen/Qwen3.6-35B-A3B-FP8
logs,40,127,8,40640,same_model,28151,0.6926919291338582,12489,0.30730807086614176,159,True,127,128,32,32,0,"[159, 40, 8]",0,True,32,True,128,159,32,0,0,32,"[128, 40, 8]",1,False,c000e33ffbec190dcaa3,expected_aligned_shape,Qwen/Qwen3.6-35B-A3B-FP8,ok,32,127,5080,1211,0.23838582677165354,5080,3109,0.6120078740157481,0,0.0,0.9000006074415523,4572.003085803086,0.9408956692913386,4779.75,Qwen/Qwen3.6-35B-A3B-FP8
chat,40,127,8,40640,same_model,29839,0.7342273622047244,10801,0.2657726377952756,159,True,127,128,32,32,0,"[159, 40, 8]",0,True,32,True,128,159,32,0,0,32,"[128, 40, 8]",1,False,c02450409eef8eb7d4d6,expected_aligned_shape,Qwen/Qwen3.6-35B-A3B-FP8,ok,32,127,5080,1426,0.2807086614173228,5080,3451,0.6793307086614173,0,0.0,0.9219844110395291,4683.680808080808,0.9550688976377952,4851.75,Qwen/Qwen3.6-35B-A3B-FP8
summarization,40,127,8,40640,same_model,31722,0.7805610236220473,8918,0.21943897637795276,167,True,127,128,40,40,0,"[167, 40, 8]",0,True,40,True,128,167,40,0,0,40,"[128, 40, 8]",1,False,c025eac16347df535db1,expected_aligned_shape,Qwen/Qwen3.6-35B-A3B-FP8,ok,32,127,5080,1820,0.35826771653543305,5080,3779,0.7438976377952756,0,0.0,0.9389375541344047,4769.802775002775,0.9648622047244094,4901.5,Qwen/Qwen3.6-35B-A3B-FP8
code,40,49,8,15680,same_model,11609,0.7403698979591836,4071,0.2596301020408163,81,True,49,50,32,32,0,"[81, 40, 8]",0,True,32,True,50,81,32,0,0,32,"[50, 40, 8]",1,False,c057fd9c1f2f5132233c,expected_aligned_shape,Qwen/Qwen3.6-35B-A3B-FP8,ok,32,49,1960,586,0.29897959183673467,1960,1324,0.6755102040816326,0,0.0,0.9204493918779634,1804.080808080808,0.9540816326530612,1870.0,Qwen/Qwen3.6-35B-A3B-FP8
low_margin,40,127,8,40640,same_model,31378,0.7720964566929134,9262,0.22790354330708662,166,True,127,128,39,39,0,"[166, 40, 8]",0,True,39,True,128,166,39,0,0,39,"[128, 40, 8]",1,False,c058e744ed61ad3635ee,expected_aligned_shape,Qwen/Qwen3.6-35B-A3B-FP8,ok,32,127,5080,1789,0.35216535433070867,5080,3752,0.7385826771653543,0,0.0,0.938690845462499,4768.549494949495,0.9650344488188977,4902.375,Qwen/Qwen3.6-35B-A3B-FP8
needle,40,127,8,40640,same_model,28658,0.7051673228346457,11982,0.29483267716535433,159,True,127,128,32,32,0,"[159, 40, 8]",0,True,32,True,128,159,32,0,0,32,"[128, 40, 8]",1,False,c06ae4e7b644b76be239,expected_aligned_shape,Qwen/Qwen3.6-35B-A3B-FP8,ok,32,127,5080,1329,0.26161417322834646,5080,3297,0.6490157480314961,0,0.0,0.9096510925644785,4621.02755022755,0.9469488188976378,4810.5,Qwen/Qwen3.6-35B-A3B-FP8
math_numeric,40,127,8,40640,same_model,30623,0.7535187007874016,10017,0.24648129921259843,159,True,127,128,32,32,0,"[159, 40, 8]",0,True,32,True,128,159,32,0,0,32,"[128, 40, 8]",1,False,c0715ef1a1d75dd588a1,expected_aligned_shape,Qwen/Qwen3.6-35B-A3B-FP8,ok,32,127,5080,1628,0.32047244094488186,5080,3534,0.6956692913385827,0,0.0,0.9257632131647879,4702.877122877123,0.9570127952755906,4861.625,Qwen/Qwen3.6-35B-A3B-FP8
code,40,127,8,40640,same_model,30554,0.7518208661417323,10086,0.2481791338582677,165,True,127,128,38,38,0,"[165, 40, 8]",0,True,38,True,128,165,38,0,0,38,"[128, 40, 8]",1,False,c09cc454c37cd68fb6d9,expected_aligned_shape,Qwen/Qwen3.6-35B-A3B-FP8,ok,32,127,5080,1597,0.3143700787401575,5080,3586,0.7059055118110236,0,0.0,0.9285116327242312,4716.839094239094,0.9585875984251968,4869.625,Qwen/Qwen3.6-35B-A3B-FP8
logs,40,127,8,40640,same_model,30007,0.7383612204724409,10633,0.26163877952755904,159,True,127,128,32,32,0,"[159, 40, 8]",0,True,32,True,128,159,32,0,0,32,"[128, 40, 8]",1,False,c0ba3962279f7f0cca15,expected_aligned_shape,Qwen/Qwen3.6-35B-A3B-FP8,ok,32,127,5080,1550,0.3051181102362205,5080,3499,0.6887795275590551,0,0.0,0.9211921411921413,4679.656077256077,0.9534202755905512,4843.375,Qwen/Qwen3.6-35B-A3B-FP8
logs,40,127,8,40640,same_model,32074,0.7892224409448819,8566,0.2107775590551181,159,True,127,128,32,32,0,"[159, 40, 8]",0,True,32,True,128,159,32,0,0,32,"[128, 40, 8]",1,False,c0f30469870c1882f182,expected_aligned_shape,Qwen/Qwen3.6-35B-A3B-FP8,ok,32,127,5080,1872,0.36850393700787404,5080,3839,0.7557086614173228,0,0.0,0.9432887934462739,4791.9070707070705,0.9677411417322834,4916.125,Qwen/Qwen3.6-35B-A3B-FP8
low_margin,40,127,8,40640,same_model,30082,0.7402066929133858,10558,0.2597933070866142,167,True,127,128,40,40,0,"[167, 40, 8]",0,True,40,True,128,167,40,0,0,40,"[128, 40, 8]",1,False,c0fdc8702bb662c9bdcd,expected_aligned_shape,Qwen/Qwen3.6-35B-A3B-FP8,ok,32,127,5080,1544,0.30393700787401573,5080,3536,0.6960629921259842,0,0.0,0.9269641294838146,4708.977777777778,0.9580708661417323,4867.0,Qwen/Qwen3.6-35B-A3B-FP8
math_numeric,40,127,8,40640,same_model,23087,0.5680856299212599,17553,0.4319143700787402,159,True,127,128,32,32,0,"[159, 40, 8]",0,True,32,True,128,159,32,0,0,32,"[128, 40, 8]",1,False,c173dc51d47cf438e861,expected_aligned_shape,Qwen/Qwen3.6-35B-A3B-FP8,ok,32,127,5080,797,0.15688976377952757,5080,2378,0.46811023622047243,0,0.0,0.8018276736386973,4073.284582084582,0.8624015748031496,4381.0,Qwen/Qwen3.6-35B-A3B-FP8
short_qa,40,127,8,40640,same_model,29490,0.7256397637795275,11150,0.27436023622047245,159,True,127,128,32,32,0,"[159, 40, 8]",0,True,32,True,128,159,32,0,0,32,"[128, 40, 8]",1,False,c1d92ed66ff7504060bd,expected_aligned_shape,Qwen/Qwen3.6-35B-A3B-FP8,ok,32,127,5080,1448,0.28503937007874014,5080,3420,0.6732283464566929,0,0.0,0.9193330728763799,4670.21201021201,0.9532726377952756,4842.625,Qwen/Qwen3.6-35B-A3B-FP8
code,40,127,8,40640,same_model,31197,0.767642716535433,9443,0.23235728346456694,159,True,127,128,32,32,0,"[159, 40, 8]",0,True,32,True,128,159,32,0,0,32,"[128, 40, 8]",1,False,c2334f66513a06d515e0,expected_aligned_shape,Qwen/Qwen3.6-35B-A3B-FP8,ok,32,127,5080,1770,0.3484251968503937,5080,3578,0.7043307086614173,0,0.0,0.9258143780978428,4703.1370407370405,0.95625,4857.75,Qwen/Qwen3.6-35B-A3B-FP8
math_numeric,40,127,8,40640,same_model,30400,0.7480314960629921,10240,0.25196850393700787,159,True,127,128,32,32,0,"[159, 40, 8]",0,True,32,True,128,159,32,0,0,32,"[128, 40, 8]",1,False,c236ed6d3e66598d38ff,expected_aligned_shape,Qwen/Qwen3.6-35B-A3B-FP8,ok,32,127,5080,1585,0.31200787401574803,5080,3503,0.6895669291338583,0,0.0,0.9191112605679533,4669.085203685204,0.9515748031496063,4834.0,Qwen/Qwen3.6-35B-A3B-FP8
low_margin,40,127,8,40640,same_model,30016,0.7385826771653543,10624,0.2614173228346457,167,True,127,128,40,40,0,"[167, 40, 8]",0,True,40,True,128,167,40,0,0,40,"[128, 40, 8]",1,False,c23c9fd92a4530fe93e9,expected_aligned_shape,Qwen/Qwen3.6-35B-A3B-FP8,ok,32,127,5080,1504,0.29606299212598425,5080,3489,0.6868110236220473,0,0.0,0.925072469088217,4699.368142968143,0.9570374015748031,4861.75,Qwen/Qwen3.6-35B-A3B-FP8
short_qa,40,127,8,40640,same_model,31882,0.784498031496063,8758,0.21550196850393702,159,True,127,128,32,32,0,"[159, 40, 8]",0,True,32,True,128,159,32,0,0,32,"[128, 40, 8]",1,False,c3c4c2e82943eae361d0,expected_aligned_shape,Qwen/Qwen3.6-35B-A3B-FP8,ok,32,127,5080,1835,0.3612204724409449,5080,3825,0.7529527559055118,0,0.0,0.9422914880395196,4786.840759240759,0.9670029527559055,4912.375,Qwen/Qwen3.6-35B-A3B-FP8
needle,40,127,8,40640,same_model,28626,0.7043799212598425,12014,0.2956200787401575,159,True,127,128,32,32,0,"[159, 40, 8]",0,True,32,True,128,159,32,0,0,32,"[128, 40, 8]",1,False,c4213b88ba1462fe5fad,expected_aligned_shape,Qwen/Qwen3.6-35B-A3B-FP8,ok,32,127,5080,1342,0.2641732283464567,5080,3268,0.6433070866141732,0,0.0,0.9095945524291982,4620.740326340327,0.947244094488189,4812.0,Qwen/Qwen3.6-35B-A3B-FP8
json_structured,40,127,8,40640,same_model,27106,0.666978346456693,13534,0.3330216535433071,159,True,127,128,32,32,0,"[159, 40, 8]",0,True,32,True,128,159,32,0,0,32,"[128, 40, 8]",1,False,c4eed7d508d06351658f,expected_aligned_shape,Qwen/Qwen3.6-35B-A3B-FP8,ok,32,127,5080,1145,0.22539370078740156,5080,2963,0.5832677165354331,0,0.0,0.8789449046141959,4465.040115440115,0.9246801181102362,4697.375,Qwen/Qwen3.6-35B-A3B-FP8
json_structured,40,127,8,40640,same_model,28438,0.699753937007874,12202,0.300246062992126,159,True,127,128,32,32,0,"[159, 40, 8]",0,True,32,True,128,159,32,0,0,32,"[128, 40, 8]",1,False,c51ccd801ae84bae5d0f,expected_aligned_shape,Qwen/Qwen3.6-35B-A3B-FP8,ok,32,127,5080,1308,0.2574803149606299,5080,3279,0.6454724409448819,0,0.0,0.903911010249593,4591.867932067932,0.9400836614173228,4775.625,Qwen/Qwen3.6-35B-A3B-FP8
code,40,127,8,40640,same_model,30340,0.7465551181102362,10300,0.2534448818897638,166,True,127,128,39,39,0,"[166, 40, 8]",0,True,39,True,128,166,39,0,0,39,"[128, 40, 8]",1,False,c59559f5c664cfd2045e,expected_aligned_shape,Qwen/Qwen3.6-35B-A3B-FP8,ok,32,127,5080,1577,0.31043307086614175,5080,3491,0.6872047244094488,0,0.0,0.9228804703607855,4688.232789432789,0.9554133858267716,4853.5,Qwen/Qwen3.6-35B-A3B-FP8
short_qa,40,127,8,40640,same_model,30182,0.7426673228346456,10458,0.25733267716535435,159,True,127,128,32,32,0,"[159, 40, 8]",0,True,32,True,128,159,32,0,0,32,"[128, 40, 8]",1,False,c6d418ee2c1362c7b544,expected_aligned_shape,Qwen/Qwen3.6-35B-A3B-FP8,ok,32,127,5080,1542,0.3035433070866142,5080,3500,0.6889763779527559,0,0.0,0.9235371277890964,4691.568609168609,0.9556594488188976,4854.75,Qwen/Qwen3.6-35B-A3B-FP8
chat,40,127,8,40640,same_model,29910,0.7359744094488189,10730,0.2640255905511811,167,True,127,128,40,40,0,"[167, 40, 8]",0,True,40,True,128,167,40,0,0,40,"[128, 40, 8]",1,False,c6e7a36b62f170637a5f,expected_aligned_shape,Qwen/Qwen3.6-35B-A3B-FP8,ok,32,127,5080,1506,0.29645669291338583,5080,3467,0.6824803149606299,0,0.0,0.9215617715617715,4681.5337995337995,0.9545275590551181,4849.0,Qwen/Qwen3.6-35B-A3B-FP8
chat,40,127,8,40640,same_model,30013,0.7385088582677165,10627,0.26149114173228344,159,True,127,128,32,32,0,"[159, 40, 8]",0,True,32,True,128,159,32,0,0,32,"[128, 40, 8]",1,False,c71e3e89c6c0b3158b0b,expected_aligned_shape,Qwen/Qwen3.6-35B-A3B-FP8,ok,32,127,5080,1503,0.2958661417322835,5080,3528,0.694488188976378,0,0.0,0.9258700529566671,4703.419869019869,0.9571358267716535,4862.25,Qwen/Qwen3.6-35B-A3B-FP8
summarization,40,127,8,40640,same_model,31053,0.7640994094488189,9587,0.2359005905511811,159,True,127,128,32,32,0,"[159, 40, 8]",0,True,32,True,128,159,32,0,0,32,"[128, 40, 8]",1,False,c7586011bab5daaf44a3,expected_aligned_shape,Qwen/Qwen3.6-35B-A3B-FP8,ok,32,127,5080,1715,0.3375984251968504,5080,3655,0.719488188976378,0,0.0,0.9337540761950212,4743.470707070707,0.9621555118110237,4887.75,Qwen/Qwen3.6-35B-A3B-FP8
json_structured,40,127,8,40640,same_model,29768,0.7324803149606299,10872,0.26751968503937007,159,True,127,128,32,32,0,"[159, 40, 8]",0,True,32,True,128,159,32,0,0,32,"[128, 40, 8]",1,False,c77b9a21699d51f19d4d,expected_aligned_shape,Qwen/Qwen3.6-35B-A3B-FP8,ok,32,127,5080,1443,0.2840551181102362,5080,3512,0.6913385826771653,0,0.0,0.9234269492537209,4691.008902208902,0.9553149606299213,4853.0,Qwen/Qwen3.6-35B-A3B-FP8
code,40,127,8,40640,same_model,31491,0.7748769685039371,9149,0.225123031496063,159,True,127,128,32,32,0,"[159, 40, 8]",0,True,32,True,128,159,32,0,0,32,"[128, 40, 8]",1,False,c88100f0084d43a0dbc4,expected_aligned_shape,Qwen/Qwen3.6-35B-A3B-FP8,ok,32,127,5080,1799,0.35413385826771654,5080,3695,0.7273622047244095,0,0.0,0.9334571028271816,4741.962082362083,0.9615895669291339,4884.875,Qwen/Qwen3.6-35B-A3B-FP8
chat,40,127,8,40640,same_model,30365,0.7471702755905512,10275,0.25282972440944884,167,True,127,128,40,40,0,"[167, 40, 8]",0,True,40,True,128,167,40,0,0,40,"[128, 40, 8]",1,False,c8f94099829018aa73be,expected_aligned_shape,Qwen/Qwen3.6-35B-A3B-FP8,ok,32,127,5080,1578,0.3106299212598425,5080,3494,0.6877952755905512,0,0.0,0.924075399665951,4694.30303030303,0.9562253937007874,4857.625,Qwen/Qwen3.6-35B-A3B-FP8
short_qa,40,127,8,40640,same_model,30722,0.7559547244094488,9918,0.24404527559055117,166,True,127,128,39,39,0,"[166, 40, 8]",0,True,39,True,128,166,39,0,0,39,"[128, 40, 8]",1,False,c9054248f275923ce4b2,expected_aligned_shape,Qwen/Qwen3.6-35B-A3B-FP8,ok,32,127,5080,1699,0.3344488188976378,5080,3668,0.7220472440944882,0,0.0,0.9309751665657178,4729.3538461538465,0.9597194881889763,4875.375,Qwen/Qwen3.6-35B-A3B-FP8
code,40,127,8,40640,same_model,30017,0.7386072834645669,10623,0.26139271653543306,166,True,127,128,39,39,0,"[166, 40, 8]",0,True,39,True,128,166,39,0,0,39,"[128, 40, 8]",1,False,c93dd9262a72c4c1aa6f,expected_aligned_shape,Qwen/Qwen3.6-35B-A3B-FP8,ok,32,127,5080,1541,0.3033464566929134,5080,3507,0.6903543307086614,0,0.0,0.9246727113656247,4697.337373737374,0.9565698818897638,4859.375,Qwen/Qwen3.6-35B-A3B-FP8
summarization,40,127,8,40640,same_model,30572,0.7522637795275591,10068,0.24773622047244095,159,True,127,128,32,32,0,"[159, 40, 8]",0,True,32,True,128,159,32,0,0,32,"[128, 40, 8]",1,False,c953ff4457bae7fd415c,expected_aligned_shape,Qwen/Qwen3.6-35B-A3B-FP8,ok,32,127,5080,1633,0.3214566929133858,5080,3604,0.7094488188976378,0,0.0,0.9306879821840454,4727.894949494949,0.960236220472441,4878.0,Qwen/Qwen3.6-35B-A3B-FP8
math_numeric,40,127,8,40640,same_model,29791,0.7330462598425197,10849,0.2669537401574803,159,True,127,128,32,32,0,"[159, 40, 8]",0,True,32,True,128,159,32,0,0,32,"[128, 40, 8]",1,False,c960c8b157bc53ae29af,expected_aligned_shape,Qwen/Qwen3.6-35B-A3B-FP8,ok,32,127,5080,1470,0.28937007874015747,5080,3453,0.6797244094488188,0,0.0,0.920062361085983,4673.916794316794,0.9533956692913386,4843.25,Qwen/Qwen3.6-35B-A3B-FP8
low_margin,40,127,8,40640,same_model,30502,0.7505413385826771,10138,0.24945866141732284,167,True,127,128,40,40,0,"[167, 40, 8]",0,True,40,True,128,167,40,0,0,40,"[128, 40, 8]",1,False,c964b37a792e62a95e31,expected_aligned_shape,Qwen/Qwen3.6-35B-A3B-FP8,ok,32,127,5080,1566,0.30826771653543306,5080,3587,0.7061023622047244,0,0.0,0.9302211087250457,4725.523232323232,0.9600639763779527,4877.125,Qwen/Qwen3.6-35B-A3B-FP8
logs,40,127,8,40640,same_model,31741,0.7810285433070866,8899,0.21897145669291337,159,True,127,128,32,32,0,"[159, 40, 8]",0,True,32,True,128,159,32,0,0,32,"[128, 40, 8]",1,False,c980b50c45e629922e4c,expected_aligned_shape,Qwen/Qwen3.6-35B-A3B-FP8,ok,32,127,5080,1802,0.3547244094488189,5080,3809,0.7498031496062992,0,0.0,0.9415151515151513,4782.89696969697,0.9666830708661417,4910.75,Qwen/Qwen3.6-35B-A3B-FP8
code,40,127,8,40640,same_model,31751,0.7812746062992126,8889,0.2187253937007874,159,True,127,128,32,32,0,"[159, 40, 8]",0,True,32,True,128,159,32,0,0,32,"[128, 40, 8]",1,False,c9e56e820a2698b64186,expected_aligned_shape,Qwen/Qwen3.6-35B-A3B-FP8,ok,32,127,5080,1831,0.36043307086614174,5080,3652,0.7188976377952756,0,0.0,0.9318778334526366,4733.939393939394,0.9607529527559056,4880.625,Qwen/Qwen3.6-35B-A3B-FP8
chat,40,127,8,40640,same_model,29563,0.7274360236220473,11077,0.27256397637795277,159,True,127,128,32,32,0,"[159, 40, 8]",0,True,32,True,128,159,32,0,0,32,"[128, 40, 8]",1,False,c9f0a645a510e7b8b559,expected_aligned_shape,Qwen/Qwen3.6-35B-A3B-FP8,ok,32,127,5080,1412,0.27795275590551183,5080,3442,0.6775590551181102,0,0.0,0.9205207216230838,4676.245265845266,0.9537893700787402,4845.25,Qwen/Qwen3.6-35B-A3B-FP8
low_margin,40,127,8,40640,same_model,30205,0.7432332677165354,10435,0.2567667322834646,167,True,127,128,40,40,0,"[167, 40, 8]",0,True,40,True,128,167,40,0,0,40,"[128, 40, 8]",1,False,c9f7df06aabfa856503d,expected_aligned_shape,Qwen/Qwen3.6-35B-A3B-FP8,ok,32,127,5080,1577,0.31043307086614175,5080,3497,0.6883858267716535,0,0.0,0.9247649725602481,4697.806060606061,0.9567175196850394,4860.125,Qwen/Qwen3.6-35B-A3B-FP8
short_qa,40,127,8,40640,same_model,29880,0.735236220472441,10760,0.26476377952755903,166,True,127,128,39,39,0,"[166, 40, 8]",0,True,39,True,128,166,39,0,0,39,"[128, 40, 8]",1,False,ca551e87f31d183057fb,expected_aligned_shape,Qwen/Qwen3.6-35B-A3B-FP8,ok,32,127,5080,1487,0.29271653543307086,5080,3467,0.6824803149606299,0,0.0,0.9223152263309743,4685.36134976135,0.9549704724409449,4851.25,Qwen/Qwen3.6-35B-A3B-FP8
mixed_language,40,127,8,40640,same_model,31302,0.770226377952756,9338,0.2297736220472441,159,True,127,128,32,32,0,"[159, 40, 8]",0,True,32,True,128,159,32,0,0,32,"[128, 40, 8]",1,False,ca6f47b188d837f8f203,expected_aligned_shape,Qwen/Qwen3.6-35B-A3B-FP8,ok,32,127,5080,1688,0.33228346456692914,5080,3722,0.7326771653543307,0,0.0,0.9368631193828043,4759.264646464647,0.9638779527559055,4896.5,Qwen/Qwen3.6-35B-A3B-FP8
summarization,40,127,8,40640,same_model,31309,0.7703986220472441,9331,0.2296013779527559,163,True,127,128,36,36,0,"[163, 40, 8]",0,True,36,True,128,163,36,0,0,36,"[128, 40, 8]",1,False,ca7521427e5b1d2fdbc4,expected_aligned_shape,Qwen/Qwen3.6-35B-A3B-FP8,ok,32,127,5080,1758,0.34606299212598424,5080,3721,0.7324803149606299,0,0.0,0.9366984808717093,4758.428282828283,0.9638287401574803,4896.25,Qwen/Qwen3.6-35B-A3B-FP8
chat,40,127,8,40640,same_model,30026,0.7388287401574803,10614,0.2611712598425197,159,True,127,128,32,32,0,"[159, 40, 8]",0,True,32,True,128,159,32,0,0,32,"[128, 40, 8]",1,False,ca9ed4a0b3a0658aa462,expected_aligned_shape,Qwen/Qwen3.6-35B-A3B-FP8,ok,32,127,5080,1500,0.2952755905511811,5080,3471,0.6832677165354331,0,0.0,0.9238746642683651,4693.283294483294,0.95625,4857.75,Qwen/Qwen3.6-35B-A3B-FP8
short_qa,40,127,8,40640,same_model,29433,0.7242372047244094,11207,0.27576279527559056,159,True,127,128,32,32,0,"[159, 40, 8]",0,True,32,True,128,159,32,0,0,32,"[128, 40, 8]",1,False,caaa05fc074ec7492074,expected_aligned_shape,Qwen/Qwen3.6-35B-A3B-FP8,ok,32,127,5080,1411,0.277755905511811,5080,3362,0.6618110236220472,0,0.0,0.9151951853920359,4649.191541791542,0.9503198818897638,4827.625,Qwen/Qwen3.6-35B-A3B-FP8
summarization,40,127,8,40640,same_model,30454,0.7493602362204724,10186,0.25063976377952757,159,True,127,128,32,32,0,"[159, 40, 8]",0,True,32,True,128,159,32,0,0,32,"[128, 40, 8]",1,False,cac6fee02fd04e1964db,expected_aligned_shape,Qwen/Qwen3.6-35B-A3B-FP8,ok,32,127,5080,1614,0.3177165354330709,5080,3577,0.7041338582677166,0,0.0,0.9268025849915615,4708.1571317571315,0.9573572834645669,4863.375,Qwen/Qwen3.6-35B-A3B-FP8
math_numeric,40,127,8,40640,same_model,30678,0.7548720472440945,9962,0.24512795275590551,159,True,127,128,32,32,0,"[159, 40, 8]",0,True,32,True,128,159,32,0,0,32,"[128, 40, 8]",1,False,cacdac01a1df5cf98e8c,expected_aligned_shape,Qwen/Qwen3.6-35B-A3B-FP8,ok,32,127,5080,1598,0.31456692913385825,5080,3558,0.7003937007874016,0,0.0,0.9266194348084112,4707.2267288267285,0.9575295275590551,4864.25,Qwen/Qwen3.6-35B-A3B-FP8
short_qa,40,127,8,40640,same_model,29406,0.7235728346456692,11234,0.2764271653543307,159,True,127,128,32,32,0,"[159, 40, 8]",0,True,32,True,128,159,32,0,0,32,"[128, 40, 8]",1,False,cb4f5e75566df4895a22,expected_aligned_shape,Qwen/Qwen3.6-35B-A3B-FP8,ok,32,127,5080,1403,0.2761811023622047,5080,3402,0.6696850393700787,0,0.0,0.9179637685149497,4663.255944055944,0.9523129921259843,4837.75,Qwen/Qwen3.6-35B-A3B-FP8
chat,40,127,8,40640,same_model,28147,0.6925935039370079,12493,0.30740649606299214,159,True,127,128,32,32,0,"[159, 40, 8]",0,True,32,True,128,159,32,0,0,32,"[128, 40, 8]",1,False,cb5ad6bd2da7b7ac246a,expected_aligned_shape,Qwen/Qwen3.6-35B-A3B-FP8,ok,32,127,5080,1230,0.2421259842519685,5080,3103,0.6108267716535433,0,0.0,0.8993697203933423,4568.79817959818,0.9399852362204725,4775.125,Qwen/Qwen3.6-35B-A3B-FP8
short_qa,40,127,8,40640,same_model,28939,0.7120816929133859,11701,0.2879183070866142,159,True,127,128,32,32,0,"[159, 40, 8]",0,True,32,True,128,159,32,0,0,32,"[128, 40, 8]",1,False,cb7ef85aeaf18ee8ce20,expected_aligned_shape,Qwen/Qwen3.6-35B-A3B-FP8,ok,32,127,5080,1351,0.2659448818897638,5080,3233,0.6364173228346457,0,0.0,0.9027983302786451,4586.215517815518,0.9420521653543307,4785.625,Qwen/Qwen3.6-35B-A3B-FP8
code,40,127,8,40640,same_model,30088,0.7403543307086614,10552,0.2596456692913386,166,True,127,128,39,39,0,"[166, 40, 8]",0,True,39,True,128,166,39,0,0,39,"[128, 40, 8]",1,False,cb95ee1e94b241aba4f9,expected_aligned_shape,Qwen/Qwen3.6-35B-A3B-FP8,ok,32,127,5080,1496,0.29448818897637796,5080,3531,0.6950787401574803,0,0.0,0.9237598840354747,4692.700210900211,0.9548228346456693,4850.5,Qwen/Qwen3.6-35B-A3B-FP8
needle,40,127,8,40640,same_model,28774,0.708021653543307,11866,0.2919783464566929,159,True,127,128,32,32,0,"[159, 40, 8]",0,True,32,True,128,159,32,0,0,32,"[128, 40, 8]",1,False,cc05fb2fbe60c1e25c7c,expected_aligned_shape,Qwen/Qwen3.6-35B-A3B-FP8,ok,32,127,5080,1349,0.2655511811023622,5080,3287,0.6470472440944882,0,0.0,0.9109319071130094,4627.534088134088,0.9475147637795276,4813.375,Qwen/Qwen3.6-35B-A3B-FP8
chat,40,127,8,40640,same_model,30334,0.7464074803149606,10306,0.2535925196850394,159,True,127,128,32,32,0,"[159, 40, 8]",0,True,32,True,128,159,32,0,0,32,"[128, 40, 8]",1,False,cc075064e2dcaf82ea11,expected_aligned_shape,Qwen/Qwen3.6-35B-A3B-FP8,ok,32,127,5080,1550,0.3051181102362205,5080,3549,0.6986220472440945,0,0.0,0.9269107183280411,4708.706449106449,0.9578248031496063,4865.75,Qwen/Qwen3.6-35B-A3B-FP8
math_numeric,40,127,8,40640,same_model,20126,0.4952263779527559,20514,0.5047736220472441,159,True,127,128,32,32,0,"[159, 40, 8]",0,True,32,True,128,159,32,0,0,32,"[128, 40, 8]",1,False,cc66fc7e655780f0ce4a,expected_aligned_shape,Qwen/Qwen3.6-35B-A3B-FP8,ok,32,127,5080,335,0.06594488188976377,5080,1740,0.3425196850393701,0,0.0,0.789788837584113,4012.1272949272948,0.8637057086614173,4387.625,Qwen/Qwen3.6-35B-A3B-FP8
low_margin,40,127,8,40640,same_model,30229,0.7438238188976378,10411,0.2561761811023622,167,True,127,128,40,40,0,"[167, 40, 8]",0,True,40,True,128,167,40,0,0,40,"[128, 40, 8]",1,False,cc92eea2f85060c2ef48,expected_aligned_shape,Qwen/Qwen3.6-35B-A3B-FP8,ok,32,127,5080,1518,0.2988188976377953,5080,3499,0.6887795275590551,0,0.0,0.9245724966197407,4696.828282828283,0.9565206692913386,4859.125,Qwen/Qwen3.6-35B-A3B-FP8
short_qa,40,127,8,40640,same_model,31652,0.7788385826771653,8988,0.22116141732283465,166,True,127,128,39,39,0,"[166, 40, 8]",0,True,39,True,128,166,39,0,0,39,"[128, 40, 8]",1,False,cc968cd2910e4b042410,expected_aligned_shape,Qwen/Qwen3.6-35B-A3B-FP8,ok,32,127,5080,1822,0.35866141732283463,5080,3760,0.7401574803149606,0,0.0,0.939564145390917,4772.985858585858,0.9656003937007874,4905.25,Qwen/Qwen3.6-35B-A3B-FP8
json_structured,40,127,8,40640,same_model,31202,0.7677657480314961,9438,0.23223425196850395,167,True,127,128,40,40,0,"[167, 40, 8]",0,True,40,True,128,167,40,0,0,40,"[128, 40, 8]",1,False,cca742911a13c00aec34,expected_aligned_shape,Qwen/Qwen3.6-35B-A3B-FP8,ok,32,127,5080,1733,0.34114173228346456,5080,3706,0.7295275590551181,0,0.0,0.9360041358466555,4754.90101010101,0.9634104330708662,4894.125,Qwen/Qwen3.6-35B-A3B-FP8
needle,40,127,8,40640,same_model,29831,0.7340305118110236,10809,0.26596948818897637,159,True,127,128,32,32,0,"[159, 40, 8]",0,True,32,True,128,159,32,0,0,32,"[128, 40, 8]",1,False,ccb10409682b5cac10c7,expected_aligned_shape,Qwen/Qwen3.6-35B-A3B-FP8,ok,32,127,5080,1395,0.27460629921259844,5080,3439,0.6769685039370079,0,0.0,0.9225045732919749,4686.323232323232,0.9555610236220472,4854.25,Qwen/Qwen3.6-35B-A3B-FP8
summarization,40,127,8,40640,same_model,31139,0.7662155511811024,9501,0.23378444881889765,159,True,127,128,32,32,0,"[159, 40, 8]",0,True,32,True,128,159,32,0,0,32,"[128, 40, 8]",1,False,ccde5d7b82ca11f23b09,expected_aligned_shape,Qwen/Qwen3.6-35B-A3B-FP8,ok,32,127,5080,1732,0.3409448818897638,5080,3687,0.7257874015748031,0,0.0,0.9331033533395738,4740.165034965035,0.9613188976377953,4883.5,Qwen/Qwen3.6-35B-A3B-FP8
short_qa,40,127,8,40640,same_model,31991,0.7871801181102362,8649,0.21281988188976378,159,True,127,128,32,32,0,"[159, 40, 8]",0,True,32,True,128,159,32,0,0,32,"[128, 40, 8]",1,False,cd5e143f7557cfc96999,expected_aligned_shape,Qwen/Qwen3.6-35B-A3B-FP8,ok,32,127,5080,1909,0.37578740157480317,5080,3841,0.7561023622047244,0,0.0,0.9411030351975233,4780.803418803419,0.9659448818897638,4907.0,Qwen/Qwen3.6-35B-A3B-FP8
chat,40,127,8,40640,same_model,30499,0.7504675196850393,10141,0.24953248031496064,167,True,127,128,40,40,0,"[167, 40, 8]",0,True,40,True,128,167,40,0,0,40,"[128, 40, 8]",1,False,cd748cc0523506c2997c,expected_aligned_shape,Qwen/Qwen3.6-35B-A3B-FP8,ok,32,127,5080,1609,0.31673228346456694,5080,3609,0.7104330708661417,0,0.0,0.9287895044587957,4718.250682650682,0.9586368110236221,4869.875,Qwen/Qwen3.6-35B-A3B-FP8
low_margin,40,127,8,40640,same_model,30153,0.7419537401574803,10487,0.25804625984251967,167,True,127,128,40,40,0,"[167, 40, 8]",0,True,40,True,128,167,40,0,0,40,"[128, 40, 8]",1,False,ce3b621205a2f65dcaa1,expected_aligned_shape,Qwen/Qwen3.6-35B-A3B-FP8,ok,32,127,5080,1537,0.3025590551181102,5080,3483,0.6856299212598426,0,0.0,0.9234820428914917,4691.288777888778,0.955634842519685,4854.625,Qwen/Qwen3.6-35B-A3B-FP8
low_margin,40,127,8,40640,same_model,29384,0.7230314960629921,11256,0.2769685039370079,167,True,127,128,40,40,0,"[167, 40, 8]",0,True,40,True,128,167,40,0,0,40,"[128, 40, 8]",1,False,ce8803bd786e747fc5da,expected_aligned_shape,Qwen/Qwen3.6-35B-A3B-FP8,ok,32,127,5080,1393,0.27421259842519685,5080,3314,0.6523622047244094,0,0.0,0.9135531878445264,4640.850194250194,0.9495570866141733,4823.75,Qwen/Qwen3.6-35B-A3B-FP8
json_structured,40,127,8,40640,same_model,30462,0.7495570866141732,10178,0.25044291338582675,159,True,127,128,32,32,0,"[159, 40, 8]",0,True,32,True,128,159,32,0,0,32,"[128, 40, 8]",1,False,cef2ad578ccae2987bf5,expected_aligned_shape,Qwen/Qwen3.6-35B-A3B-FP8,ok,32,127,5080,1636,0.3220472440944882,5080,3534,0.6956692913385827,0,0.0,0.9260700978811215,4704.436097236097,0.9572834645669291,4863.0,Qwen/Qwen3.6-35B-A3B-FP8
math_numeric,40,127,8,40640,same_model,29190,0.718257874015748,11450,0.28174212598425197,159,True,127,128,32,32,0,"[159, 40, 8]",0,True,32,True,128,159,32,0,0,32,"[128, 40, 8]",1,False,cef9ccc3dede53da7cf5,expected_aligned_shape,Qwen/Qwen3.6-35B-A3B-FP8,ok,32,127,5080,1399,0.27539370078740155,5080,3228,0.6354330708661418,0,0.0,0.9075900171569462,4610.557287157287,0.9458169291338583,4804.75,Qwen/Qwen3.6-35B-A3B-FP8
low_margin,40,127,8,40640,same_model,31485,0.7747293307086615,9155,0.22527066929133857,166,True,127,128,39,39,0,"[166, 40, 8]",0,True,39,True,128,166,39,0,0,39,"[128, 40, 8]",1,False,cf09294076c02627a3a0,expected_aligned_shape,Qwen/Qwen3.6-35B-A3B-FP8,ok,32,127,5080,1754,0.3452755905511811,5080,3643,0.7171259842519685,0,0.0,0.9329316789946711,4739.292929292929,0.9616141732283464,4885.0,Qwen/Qwen3.6-35B-A3B-FP8
needle,40,127,8,40640,same_model,29407,0.7235974409448819,11233,0.2764025590551181,159,True,127,128,32,32,0,"[159, 40, 8]",0,True,32,True,128,159,32,0,0,32,"[128, 40, 8]",1,False,cf7b6e98551fa0af3d01,expected_aligned_shape,Qwen/Qwen3.6-35B-A3B-FP8,ok,32,127,5080,1404,0.2763779527559055,5080,3323,0.6541338582677165,0,0.0,0.9154931900994893,4650.705405705406,0.9509842519685039,4831.0,Qwen/Qwen3.6-35B-A3B-FP8
logs,40,127,8,40640,same_model,31251,0.7689714566929133,9389,0.2310285433070866,159,True,127,128,32,32,0,"[159, 40, 8]",0,True,32,True,128,159,32,0,0,32,"[128, 40, 8]",1,False,d01ed33c5d8b4ebe4e68,expected_aligned_shape,Qwen/Qwen3.6-35B-A3B-FP8,ok,32,127,5080,1754,0.3452755905511811,5080,3748,0.7377952755905511,0,0.0,0.9373551383000202,4761.764102564102,0.9640501968503937,4897.375,Qwen/Qwen3.6-35B-A3B-FP8
chat,40,127,8,40640,same_model,29478,0.7253444881889763,11162,0.2746555118110236,159,True,127,128,32,32,0,"[159, 40, 8]",0,True,32,True,128,159,32,0,0,32,"[128, 40, 8]",1,False,d1602404fdf9a687b17f,expected_aligned_shape,Qwen/Qwen3.6-35B-A3B-FP8,ok,32,127,5080,1437,0.2828740157480315,5080,3456,0.6803149606299213,0,0.0,0.9213107452477532,4680.258585858586,0.9545029527559055,4848.875,Qwen/Qwen3.6-35B-A3B-FP8
chat,40,127,8,40640,same_model,30089,0.740378937007874,10551,0.259621062992126,167,True,127,128,40,40,0,"[167, 40, 8]",0,True,40,True,128,167,40,0,0,40,"[128, 40, 8]",1,False,d1edc02f59a4883e4d91,expected_aligned_shape,Qwen/Qwen3.6-35B-A3B-FP8,ok,32,127,5080,1547,0.30452755905511814,5080,3489,0.6868110236220473,0,0.0,0.9248445080728546,4698.210101010101,0.9568405511811023,4860.75,Qwen/Qwen3.6-35B-A3B-FP8
chat,40,127,8,40640,same_model,29155,0.7173966535433071,11485,0.28260334645669294,159,True,127,128,32,32,0,"[159, 40, 8]",0,True,32,True,128,159,32,0,0,32,"[128, 40, 8]",1,False,d2451c217ecf54d76ae3,expected_aligned_shape,Qwen/Qwen3.6-35B-A3B-FP8,ok,32,127,5080,1298,0.255511811023622,5080,3333,0.6561023622047244,0,0.0,0.9150743001530403,4648.577444777445,0.9502952755905512,4827.5,Qwen/Qwen3.6-35B-A3B-FP8
needle,40,127,8,40640,same_model,30040,0.7391732283464567,10600,0.2608267716535433,159,True,127,128,32,32,0,"[159, 40, 8]",0,True,32,True,128,159,32,0,0,32,"[128, 40, 8]",1,False,d28e7cb28a862000f211,expected_aligned_shape,Qwen/Qwen3.6-35B-A3B-FP8,ok,32,127,5080,1496,0.29448818897637796,5080,3543,0.6974409448818898,0,0.0,0.9278652668416448,4713.555555555556,0.9586860236220472,4870.125,Qwen/Qwen3.6-35B-A3B-FP8
needle,40,127,8,40640,same_model,29210,0.71875,11430,0.28125,159,True,127,128,32,32,0,"[159, 40, 8]",0,True,32,True,128,159,32,0,0,32,"[128, 40, 8]",1,False,d2ad6a368500632341b5,expected_aligned_shape,Qwen/Qwen3.6-35B-A3B-FP8,ok,32,127,5080,1347,0.2651574803149606,5080,3332,0.6559055118110236,0,0.0,0.914438164635015,4645.345876345877,0.9500246062992126,4826.125,Qwen/Qwen3.6-35B-A3B-FP8
code,40,127,8,40640,same_model,30972,0.7621062992125984,9668,0.23789370078740157,166,True,127,128,39,39,0,"[166, 40, 8]",0,True,39,True,128,166,39,0,0,39,"[128, 40, 8]",1,False,d2aef3de0a914cbd30cd,expected_aligned_shape,Qwen/Qwen3.6-35B-A3B-FP8,ok,32,127,5080,1751,0.3446850393700787,5080,3710,0.7303149606299213,0,0.0,0.9345535479393746,4747.532023532023,0.9621555118110237,4887.75,Qwen/Qwen3.6-35B-A3B-FP8
code,40,127,8,40640,same_model,31134,0.7660925196850393,9506,0.23390748031496064,159,True,127,128,32,32,0,"[159, 40, 8]",0,True,32,True,128,159,32,0,0,32,"[128, 40, 8]",1,False,d2c48184cc2e83155340,expected_aligned_shape,Qwen/Qwen3.6-35B-A3B-FP8,ok,32,127,5080,1728,0.3401574803149606,5080,3631,0.7147637795275591,0,0.0,0.9297666550422455,4723.214607614607,0.9593257874015748,4873.375,Qwen/Qwen3.6-35B-A3B-FP8
chat,40,127,8,40640,same_model,30393,0.7478592519685039,10247,0.25214074803149605,167,True,127,128,40,40,0,"[167, 40, 8]",0,True,40,True,128,167,40,0,0,40,"[128, 40, 8]",1,False,d33dbda788627764c00f,expected_aligned_shape,Qwen/Qwen3.6-35B-A3B-FP8,ok,32,127,5080,1630,0.32086614173228345,5080,3597,0.7080708661417323,0,0.0,0.930692448408984,4727.917637917638,0.9602854330708661,4878.25,Qwen/Qwen3.6-35B-A3B-FP8
chat,40,127,8,40640,same_model,30413,0.7483513779527559,10227,0.2516486220472441,167,True,127,128,40,40,0,"[167, 40, 8]",0,True,40,True,128,167,40,0,0,40,"[128, 40, 8]",1,False,d35a0a4817634dc7cc96,expected_aligned_shape,Qwen/Qwen3.6-35B-A3B-FP8,ok,32,127,5080,1549,0.30492125984251967,5080,3540,0.6968503937007874,0,0.0,0.9257353320345445,4702.735486735487,0.9568159448818898,4860.625,Qwen/Qwen3.6-35B-A3B-FP8
needle,40,127,8,40640,same_model,28406,0.6989665354330709,12234,0.30103346456692914,159,True,127,128,32,32,0,"[159, 40, 8]",0,True,32,True,128,159,32,0,0,32,"[128, 40, 8]",1,False,d37b2b30191e39ab55f9,expected_aligned_shape,Qwen/Qwen3.6-35B-A3B-FP8,ok,32,127,5080,1253,0.2466535433070866,5080,3191,0.6281496062992126,0,0.0,0.9072010316892206,4608.581240981241,0.9460875984251969,4806.125,Qwen/Qwen3.6-35B-A3B-FP8
low_margin,40,127,8,40640,same_model,29552,0.7271653543307086,11088,0.27283464566929133,167,True,127,128,40,40,0,"[167, 40, 8]",0,True,40,True,128,167,40,0,0,40,"[128, 40, 8]",1,False,d37c7290c5413ebd15e5,expected_aligned_shape,Qwen/Qwen3.6-35B-A3B-FP8,ok,32,127,5080,1409,0.2773622047244094,5080,3406,0.6704724409448819,0,0.0,0.9186845525428203,4666.917526917527,0.9528297244094488,4840.375,Qwen/Qwen3.6-35B-A3B-FP8
summarization,40,127,8,40640,same_model,29703,0.7308809055118111,10937,0.269119094488189,163,True,127,128,36,36,0,"[163, 40, 8]",0,True,36,True,128,163,36,0,0,36,"[128, 40, 8]",1,False,d3931b16d449005faf35,expected_aligned_shape,Qwen/Qwen3.6-35B-A3B-FP8,ok,32,127,5080,1472,0.28976377952755905,5080,3386,0.6665354330708662,0,0.0,0.9165212652614226,4655.928027528028,0.9511811023622048,4832.0,Qwen/Qwen3.6-35B-A3B-FP8
mixed_language,40,127,8,40640,same_model,30037,0.7390994094488189,10603,0.2609005905511811,159,True,127,128,32,32,0,"[159, 40, 8]",0,True,32,True,128,159,32,0,0,32,"[128, 40, 8]",1,False,d3d427ca6ab184fc3dad,expected_aligned_shape,Qwen/Qwen3.6-35B-A3B-FP8,ok,32,127,5080,1566,0.30826771653543306,5080,3491,0.6872047244094488,0,0.0,0.9193263516885564,4670.177866577867,0.952263779527559,4837.5,Qwen/Qwen3.6-35B-A3B-FP8
logs,40,127,8,40640,same_model,30671,0.7546998031496063,9969,0.2453001968503937,159,True,127,128,32,32,0,"[159, 40, 8]",0,True,32,True,128,159,32,0,0,32,"[128, 40, 8]",1,False,d4cceaad88cb0529de4f,expected_aligned_shape,Qwen/Qwen3.6-35B-A3B-FP8,ok,32,127,5080,1622,0.31929133858267716,5080,3635,0.7155511811023622,0,0.0,0.9300571563169988,4724.690354090354,0.9590551181102362,4872.0,Qwen/Qwen3.6-35B-A3B-FP8
math_numeric,40,127,8,40640,same_model,30797,0.7578001968503937,9843,0.2421998031496063,159,True,127,128,32,32,0,"[159, 40, 8]",0,True,32,True,128,159,32,0,0,32,"[128, 40, 8]",1,False,d4d0c07197eaf2915900,expected_aligned_shape,Qwen/Qwen3.6-35B-A3B-FP8,ok,32,127,5080,1639,0.32263779527559056,5080,3510,0.6909448818897638,0,0.0,0.9238183863380713,4692.9974025974025,0.9558562992125984,4855.75,Qwen/Qwen3.6-35B-A3B-FP8
mixed_language,40,127,8,40640,same_model,31179,0.7671998031496063,9461,0.2328001968503937,159,True,127,128,32,32,0,"[159, 40, 8]",0,True,32,True,128,159,32,0,0,32,"[128, 40, 8]",1,False,d4e41b234555351ee4da,expected_aligned_shape,Qwen/Qwen3.6-35B-A3B-FP8,ok,32,127,5080,1768,0.3480314960629921,5080,3674,0.7232283464566929,0,0.0,0.9332108486439196,4740.711111111111,0.9616141732283464,4885.0,Qwen/Qwen3.6-35B-A3B-FP8
json_structured,40,127,8,40640,same_model,26879,0.6613927165354331,13761,0.3386072834645669,159,True,127,128,32,32,0,"[159, 40, 8]",0,True,32,True,128,159,32,0,0,32,"[128, 40, 8]",1,False,d51b06ab7dd13d4d81d4,expected_aligned_shape,Qwen/Qwen3.6-35B-A3B-FP8,ok,32,127,5080,1055,0.2076771653543307,5080,3007,0.5919291338582677,0,0.0,0.887986300663466,4510.970407370407,0.9320620078740157,4734.875,Qwen/Qwen3.6-35B-A3B-FP8
math_numeric,40,127,8,40640,same_model,26089,0.6419537401574803,14551,0.3580462598425197,159,True,127,128,32,32,0,"[159, 40, 8]",0,True,32,True,128,159,32,0,0,32,"[128, 40, 8]",1,False,d54b9920df3289027f13,expected_aligned_shape,Qwen/Qwen3.6-35B-A3B-FP8,ok,32,127,5080,1026,0.20196850393700788,5080,2896,0.5700787401574803,0,0.0,0.8697233169280414,4418.19444999445,0.9160925196850394,4653.75,Qwen/Qwen3.6-35B-A3B-FP8
math_numeric,40,127,8,40640,same_model,23036,0.5668307086614173,17604,0.4331692913385827,159,True,127,128,32,32,0,"[159, 40, 8]",0,True,32,True,128,159,32,0,0,32,"[128, 40, 8]",1,False,d584c4cfa7779c6be42c,expected_aligned_shape,Qwen/Qwen3.6-35B-A3B-FP8,ok,32,127,5080,540,0.1062992125984252,5080,2308,0.45433070866141734,0,0.0,0.8436991136597434,4285.991497391497,0.9037647637795275,4591.125,Qwen/Qwen3.6-35B-A3B-FP8
chat,40,127,8,40640,same_model,28455,0.7001722440944882,12185,0.2998277559055118,159,True,127,128,32,32,0,"[159, 40, 8]",0,True,32,True,128,159,32,0,0,32,"[128, 40, 8]",1,False,d5a2d0e1c881a72f54f4,expected_aligned_shape,Qwen/Qwen3.6-35B-A3B-FP8,ok,32,127,5080,1227,0.24153543307086614,5080,3230,0.6358267716535433,0,0.0,0.9073694109914582,4609.436607836607,0.9452509842519685,4801.875,Qwen/Qwen3.6-35B-A3B-FP8
mixed_language,40,127,8,40640,same_model,29900,0.7357283464566929,10740,0.26427165354330706,159,True,127,128,32,32,0,"[159, 40, 8]",0,True,32,True,128,159,32,0,0,32,"[128, 40, 8]",1,False,d64596be0221f3b70026,expected_aligned_shape,Qwen/Qwen3.6-35B-A3B-FP8,ok,32,127,5080,1500,0.2952755905511811,5080,3464,0.6818897637795276,0,0.0,0.9197441622244772,4672.300344100344,0.952755905511811,4840.0,Qwen/Qwen3.6-35B-A3B-FP8
mixed_language,40,127,8,40640,same_model,29882,0.7352854330708661,10758,0.26471456692913387,159,True,127,128,32,32,0,"[159, 40, 8]",0,True,32,True,128,159,32,0,0,32,"[128, 40, 8]",1,False,d6e432fcfc894fcdf881,expected_aligned_shape,Qwen/Qwen3.6-35B-A3B-FP8,ok,32,127,5080,1480,0.29133858267716534,5080,3445,0.6781496062992126,0,0.0,0.9236435218324982,4692.109090909091,0.9562992125984252,4858.0,Qwen/Qwen3.6-35B-A3B-FP8
code,40,127,8,40640,same_model,30460,0.749507874015748,10180,0.25049212598425197,166,True,127,128,39,39,0,"[166, 40, 8]",0,True,39,True,128,166,39,0,0,39,"[128, 40, 8]",1,False,d6f402d11078ae28b1f7,expected_aligned_shape,Qwen/Qwen3.6-35B-A3B-FP8,ok,32,127,5080,1578,0.3106299212598425,5080,3518,0.6925196850393701,0,0.0,0.9260446989580848,4704.307070707071,0.9575295275590551,4864.25,Qwen/Qwen3.6-35B-A3B-FP8
code,40,127,8,40640,same_model,30645,0.7540600393700787,9995,0.24593996062992127,166,True,127,128,39,39,0,"[166, 40, 8]",0,True,39,True,128,166,39,0,0,39,"[128, 40, 8]",1,False,d6f454eac4a53046e42e,expected_aligned_shape,Qwen/Qwen3.6-35B-A3B-FP8,ok,32,127,5080,1571,0.309251968503937,5080,3608,0.710236220472441,0,0.0,0.9304197115220737,4726.5321345321345,0.9599163385826772,4876.375,Qwen/Qwen3.6-35B-A3B-FP8
math_numeric,40,127,8,40640,same_model,31165,0.76685531496063,9475,0.23314468503937008,159,True,127,128,32,32,0,"[159, 40, 8]",0,True,32,True,128,159,32,0,0,32,"[128, 40, 8]",1,False,d73b80329b316dcdaf36,expected_aligned_shape,Qwen/Qwen3.6-35B-A3B-FP8,ok,32,127,5080,1656,0.32598425196850395,5080,3483,0.6856299212598426,0,0.0,0.9253805774278215,4700.933333333333,0.9573080708661418,4863.125,Qwen/Qwen3.6-35B-A3B-FP8
summarization,40,127,8,40640,same_model,30108,0.7408464566929134,10532,0.2591535433070866,159,True,127,128,32,32,0,"[159, 40, 8]",0,True,32,True,128,159,32,0,0,32,"[128, 40, 8]",1,False,d76d3c32ef4c93167c51,expected_aligned_shape,Qwen/Qwen3.6-35B-A3B-FP8,ok,32,127,5080,1571,0.309251968503937,5080,3521,0.6931102362204724,0,0.0,0.922556035390681,4686.584659784659,0.9547490157480315,4850.125,Qwen/Qwen3.6-35B-A3B-FP8
code,40,127,8,40640,same_model,30260,0.7445866141732284,10380,0.25541338582677164,159,True,127,128,32,32,0,"[159, 40, 8]",0,True,32,True,128,159,32,0,0,32,"[128, 40, 8]",1,False,d7c98976ac96049f9f9c,expected_aligned_shape,Qwen/Qwen3.6-35B-A3B-FP8,ok,32,127,5080,1543,0.30374015748031497,5080,3530,0.6948818897637795,0,0.0,0.9252073735538302,4700.053457653457,0.9567175196850394,4860.125,Qwen/Qwen3.6-35B-A3B-FP8
json_structured,40,127,8,40640,same_model,31569,0.7767962598425197,9071,0.22320374015748032,167,True,127,128,40,40,0,"[167, 40, 8]",0,True,40,True,128,167,40,0,0,40,"[128, 40, 8]",1,False,d7eeb5c3a73a68a2c72c,expected_aligned_shape,Qwen/Qwen3.6-35B-A3B-FP8,ok,32,127,5080,1812,0.35669291338582676,5080,3743,0.7368110236220472,0,0.0,0.9359054681101925,4754.399777999778,0.962869094488189,4891.375,Qwen/Qwen3.6-35B-A3B-FP8
low_margin,40,127,8,40640,same_model,31326,0.7708169291338582,9314,0.22918307086614173,166,True,127,128,39,39,0,"[166, 40, 8]",0,True,39,True,128,166,39,0,0,39,"[128, 40, 8]",1,False,d8edb7f1d9b6fb40cb72,expected_aligned_shape,Qwen/Qwen3.6-35B-A3B-FP8,ok,32,127,5080,1773,0.34901574803149604,5080,3717,0.7316929133858268,0,0.0,0.9358415774951208,4754.0752136752135,0.9631643700787401,4892.875,Qwen/Qwen3.6-35B-A3B-FP8
summarization,40,127,8,40640,same_model,30764,0.756988188976378,9876,0.24301181102362204,159,True,127,128,32,32,0,"[159, 40, 8]",0,True,32,True,128,159,32,0,0,32,"[128, 40, 8]",1,False,d9249bf90507eb60487d,expected_aligned_shape,Qwen/Qwen3.6-35B-A3B-FP8,ok,32,127,5080,1681,0.3309055118110236,5080,3601,0.7088582677165355,0,0.0,0.9299798102160306,4724.297435897436,0.9597933070866141,4875.75,Qwen/Qwen3.6-35B-A3B-FP8
summarization,40,127,8,40640,same_model,31298,0.7701279527559055,9342,0.2298720472440945,167,True,127,128,40,40,0,"[167, 40, 8]",0,True,40,True,128,167,40,0,0,40,"[128, 40, 8]",1,False,d9622fa2fc1017575ec2,expected_aligned_shape,Qwen/Qwen3.6-35B-A3B-FP8,ok,32,127,5080,1765,0.34744094488188976,5080,3698,0.7279527559055118,0,0.0,0.9327119949167193,4738.176934176934,0.9607775590551181,4880.75,Qwen/Qwen3.6-35B-A3B-FP8
logs,40,127,8,40640,same_model,29297,0.7208907480314961,11343,0.27910925196850395,159,True,127,128,32,32,0,"[159, 40, 8]",0,True,32,True,128,159,32,0,0,32,"[128, 40, 8]",1,False,d97854ce673152a2e895,expected_aligned_shape,Qwen/Qwen3.6-35B-A3B-FP8,ok,32,127,5080,1343,0.2643700787401575,5080,3368,0.662992125984252,0,0.0,0.9182061682849085,4664.487334887335,0.9527805118110236,4840.125,Qwen/Qwen3.6-35B-A3B-FP8
summarization,40,127,8,40640,same_model,31308,0.7703740157480315,9332,0.2296259842519685,167,True,127,128,40,40,0,"[167, 40, 8]",0,True,40,True,128,167,40,0,0,40,"[128, 40, 8]",1,False,d9d3ecbdd05cb7446e3c,expected_aligned_shape,Qwen/Qwen3.6-35B-A3B-FP8,ok,32,127,5080,1672,0.3291338582677165,5080,3673,0.7230314960629921,0,0.0,0.9339481428457806,4744.4565656565655,0.962130905511811,4887.625,Qwen/Qwen3.6-35B-A3B-FP8
chat,40,127,8,40640,same_model,30110,0.7408956692913385,10530,0.2591043307086614,167,True,127,128,40,40,0,"[167, 40, 8]",0,True,40,True,128,167,40,0,0,40,"[128, 40, 8]",1,False,da1186af0fe4ead7b8a3,expected_aligned_shape,Qwen/Qwen3.6-35B-A3B-FP8,ok,32,127,5080,1522,0.2996062992125984,5080,3486,0.6862204724409449,0,0.0,0.9240795599850719,4694.324164724165,0.95625,4857.75,Qwen/Qwen3.6-35B-A3B-FP8
json_structured,40,127,8,40640,same_model,27557,0.6780757874015748,13083,0.3219242125984252,159,True,127,128,32,32,0,"[159, 40, 8]",0,True,32,True,128,159,32,0,0,32,"[128, 40, 8]",1,False,da278f853123e557b793,expected_aligned_shape,Qwen/Qwen3.6-35B-A3B-FP8,ok,32,127,5080,1140,0.22440944881889763,5080,3049,0.6001968503937007,0,0.0,0.8949149844031735,4546.16812076812,0.9369340551181102,4759.625,Qwen/Qwen3.6-35B-A3B-FP8
chat,40,127,8,40640,same_model,29811,0.7335383858267717,10829,0.26646161417322833,159,True,127,128,32,32,0,"[159, 40, 8]",0,True,32,True,128,159,32,0,0,32,"[128, 40, 8]",1,False,da761af310412e791b36,expected_aligned_shape,Qwen/Qwen3.6-35B-A3B-FP8,ok,32,127,5080,1479,0.29114173228346457,5080,3498,0.6885826771653544,0,0.0,0.9239343159028198,4693.586324786324,0.9560777559055118,4856.875,Qwen/Qwen3.6-35B-A3B-FP8
needle,40,127,8,40640,same_model,29579,0.7278297244094488,11061,0.2721702755905512,159,True,127,128,32,32,0,"[159, 40, 8]",0,True,32,True,128,159,32,0,0,32,"[128, 40, 8]",1,False,dad8f018d4c8500ae0be,expected_aligned_shape,Qwen/Qwen3.6-35B-A3B-FP8,ok,32,127,5080,1477,0.290748031496063,5080,3378,0.6649606299212598,0,0.0,0.9172215186388415,4659.485314685315,0.9520669291338583,4836.5,Qwen/Qwen3.6-35B-A3B-FP8
needle,40,127,8,40640,same_model,29706,0.7309547244094489,10934,0.2690452755905512,159,True,127,128,32,32,0,"[159, 40, 8]",0,True,32,True,128,159,32,0,0,32,"[128, 40, 8]",1,False,dba8a8da0a7ff9857eb7,expected_aligned_shape,Qwen/Qwen3.6-35B-A3B-FP8,ok,32,127,5080,1432,0.28188976377952757,5080,3437,0.6765748031496063,0,0.0,0.9208427705278099,4677.881274281274,0.9543061023622047,4847.875,Qwen/Qwen3.6-35B-A3B-FP8
needle,40,127,8,40640,same_model,29573,0.7276820866141732,11067,0.2723179133858268,159,True,127,128,32,32,0,"[159, 40, 8]",0,True,32,True,128,159,32,0,0,32,"[128, 40, 8]",1,False,dbb8dced5bf7a78d07db,expected_aligned_shape,Qwen/Qwen3.6-35B-A3B-FP8,ok,32,127,5080,1484,0.2921259842519685,5080,3378,0.6649606299212598,0,0.0,0.919076286792822,4668.907536907537,0.9534694881889764,4843.625,Qwen/Qwen3.6-35B-A3B-FP8
low_margin,40,127,8,40640,same_model,29924,0.7363188976377952,10716,0.2636811023622047,167,True,127,128,40,40,0,"[167, 40, 8]",0,True,40,True,128,167,40,0,0,40,"[128, 40, 8]",1,False,dc232ce0ff7df57e0ee4,expected_aligned_shape,Qwen/Qwen3.6-35B-A3B-FP8,ok,32,127,5080,1517,0.29862204724409447,5080,3441,0.6773622047244094,0,0.0,0.9217815517815519,4682.650283050283,0.9548228346456693,4850.5,Qwen/Qwen3.6-35B-A3B-FP8
json_structured,40,127,8,40640,same_model,29990,0.7379429133858267,10650,0.2620570866141732,159,True,127,128,32,32,0,"[159, 40, 8]",0,True,32,True,128,159,32,0,0,32,"[128, 40, 8]",1,False,dcb1a0658a182c9469db,expected_aligned_shape,Qwen/Qwen3.6-35B-A3B-FP8,ok,32,127,5080,1486,0.2925196850393701,5080,3506,0.6901574803149606,0,0.0,0.9231954790616208,4689.833033633034,0.9553149606299213,4853.0,Qwen/Qwen3.6-35B-A3B-FP8
json_structured,40,127,8,40640,same_model,29125,0.7166584645669292,11515,0.2833415354330709,159,True,127,128,32,32,0,"[159, 40, 8]",0,True,32,True,128,159,32,0,0,32,"[128, 40, 8]",1,False,dd327b9029b2db9a20ff,expected_aligned_shape,Qwen/Qwen3.6-35B-A3B-FP8,ok,32,127,5080,1372,0.2700787401574803,5080,3323,0.6541338582677165,0,0.0,0.9126664673908768,4636.345654345654,0.9489173228346457,4820.5,Qwen/Qwen3.6-35B-A3B-FP8
math_numeric,40,127,8,40640,same_model,29746,0.7319389763779528,10894,0.26806102362204726,159,True,127,128,32,32,0,"[159, 40, 8]",0,True,32,True,128,159,32,0,0,32,"[128, 40, 8]",1,False,dd4699e3e2a3e9c2917e,expected_aligned_shape,Qwen/Qwen3.6-35B-A3B-FP8,ok,32,127,5080,1516,0.2984251968503937,5080,3431,0.6753937007874016,0,0.0,0.9193581484132665,4670.339393939394,0.9532972440944882,4842.75,Qwen/Qwen3.6-35B-A3B-FP8
low_margin,40,127,8,40640,same_model,28853,0.7099655511811024,11787,0.2900344488188976,167,True,127,128,40,40,0,"[167, 40, 8]",0,True,40,True,128,167,40,0,0,40,"[128, 40, 8]",1,False,de9fa8cbd33ab66d2de0,expected_aligned_shape,Qwen/Qwen3.6-35B-A3B-FP8,ok,32,127,5080,1339,0.26358267716535433,5080,3286,0.6468503937007875,0,0.0,0.9110793668273984,4628.283183483183,0.9481791338582677,4816.75,Qwen/Qwen3.6-35B-A3B-FP8
chat,40,127,8,40640,same_model,30338,0.7465059055118111,10302,0.253494094488189,159,True,127,128,32,32,0,"[159, 40, 8]",0,True,32,True,128,159,32,0,0,32,"[128, 40, 8]",1,False,decffd4461aedc82affb,expected_aligned_shape,Qwen/Qwen3.6-35B-A3B-FP8,ok,32,127,5080,1567,0.3084645669291339,5080,3507,0.6903543307086614,0,0.0,0.9251737850950451,4699.882828282828,0.9569635826771653,4861.375,Qwen/Qwen3.6-35B-A3B-FP8
math_numeric,40,127,8,40640,same_model,22528,0.5543307086614173,18112,0.4456692913385827,159,True,127,128,32,32,0,"[159, 40, 8]",0,True,32,True,128,159,32,0,0,32,"[128, 40, 8]",1,False,def6df610c33d0b1ced8,expected_aligned_shape,Qwen/Qwen3.6-35B-A3B-FP8,ok,32,127,5080,524,0.1031496062992126,5080,2154,0.42401574803149605,0,0.0,0.8340090967650022,4236.7662115662115,0.8980314960629922,4562.0,Qwen/Qwen3.6-35B-A3B-FP8
json_structured,40,127,8,40640,same_model,30037,0.7390994094488189,10603,0.2609005905511811,159,True,127,128,32,32,0,"[159, 40, 8]",0,True,32,True,128,159,32,0,0,32,"[128, 40, 8]",1,False,defca7881b9810bf23b4,expected_aligned_shape,Qwen/Qwen3.6-35B-A3B-FP8,ok,32,127,5080,1494,0.2940944881889764,5080,3488,0.6866141732283465,0,0.0,0.9225969961796733,4686.79274059274,0.9547982283464567,4850.375,Qwen/Qwen3.6-35B-A3B-FP8
math_numeric,40,127,8,40640,same_model,20210,0.4972933070866142,20430,0.5027066929133859,159,True,127,128,32,32,0,"[159, 40, 8]",0,True,32,True,128,159,32,0,0,32,"[128, 40, 8]",1,False,df0b18235b03cb2ef7a0,expected_aligned_shape,Qwen/Qwen3.6-35B-A3B-FP8,ok,32,127,5080,334,0.065748031496063,5080,1787,0.3517716535433071,0,0.0,0.792369760598107,4025.238383838384,0.8668307086614173,4403.5,Qwen/Qwen3.6-35B-A3B-FP8
chat,40,127,8,40640,same_model,28956,0.7125,11684,0.2875,159,True,127,128,32,32,0,"[159, 40, 8]",0,True,32,True,128,159,32,0,0,32,"[128, 40, 8]",1,False,df2178cb54106821c26a,expected_aligned_shape,Qwen/Qwen3.6-35B-A3B-FP8,ok,32,127,5080,1285,0.2529527559055118,5080,3280,0.6456692913385826,0,0.0,0.9120629152125215,4633.279609279609,0.9489419291338582,4820.625,Qwen/Qwen3.6-35B-A3B-FP8
mixed_language,40,127,8,40640,same_model,31379,0.772121062992126,9261,0.227878937007874,159,True,127,128,32,32,0,"[159, 40, 8]",0,True,32,True,128,159,32,0,0,32,"[128, 40, 8]",1,False,df5699d2d0448cb5e647,expected_aligned_shape,Qwen/Qwen3.6-35B-A3B-FP8,ok,32,127,5080,1796,0.3535433070866142,5080,3688,0.7259842519685039,0,0.0,0.9355873697605982,4752.783838383838,0.9632381889763779,4893.25,Qwen/Qwen3.6-35B-A3B-FP8
summarization,40,127,8,40640,same_model,29979,0.7376722440944882,10661,0.26232775590551183,163,True,127,128,36,36,0,"[163, 40, 8]",0,True,36,True,128,163,36,0,0,36,"[128, 40, 8]",1,False,df729736b09d9cf6a0d1,expected_aligned_shape,Qwen/Qwen3.6-35B-A3B-FP8,ok,32,127,5080,1489,0.29311023622047244,5080,3435,0.6761811023622047,0,0.0,0.9213179034438878,4680.29494949495,0.9546751968503937,4849.75,Qwen/Qwen3.6-35B-A3B-FP8
mixed_language,40,90,8,28800,same_model,22732,0.7893055555555556,6068,0.21069444444444443,122,True,90,91,32,32,0,"[122, 40, 8]",0,True,32,True,91,122,32,0,0,32,"[91, 40, 8]",1,False,df97939370daa489e4f3,expected_aligned_shape,Qwen/Qwen3.6-35B-A3B-FP8,ok,32,90,3600,1373,0.3813888888888889,3600,2671,0.7419444444444444,0,0.0,0.9397497194163862,3383.09898989899,0.9656944444444444,3476.5,Qwen/Qwen3.6-35B-A3B-FP8
chat,40,127,8,40640,same_model,27574,0.678494094488189,13066,0.321505905511811,159,True,127,128,32,32,0,"[159, 40, 8]",0,True,32,True,128,159,32,0,0,32,"[128, 40, 8]",1,False,dfce7add325a33dbdf19,expected_aligned_shape,Qwen/Qwen3.6-35B-A3B-FP8,ok,32,127,5080,1186,0.23346456692913387,5080,3085,0.6072834645669292,0,0.0,0.8905309913183929,4523.897435897436,0.9322096456692913,4735.625,Qwen/Qwen3.6-35B-A3B-FP8
mixed_language,40,127,8,40640,same_model,29926,0.7363681102362205,10714,0.26363188976377955,159,True,127,128,32,32,0,"[159, 40, 8]",0,True,32,True,128,159,32,0,0,32,"[128, 40, 8]",1,False,e0c0168a11064079fbc6,expected_aligned_shape,Qwen/Qwen3.6-35B-A3B-FP8,ok,32,127,5080,1563,0.3076771653543307,5080,3391,0.6675196850393701,0,0.0,0.9154432007187914,4650.45145965146,0.950246062992126,4827.25,Qwen/Qwen3.6-35B-A3B-FP8
needle,40,127,8,40640,same_model,28232,0.6946850393700787,12408,0.30531496062992125,159,True,127,128,32,32,0,"[159, 40, 8]",0,True,32,True,128,159,32,0,0,32,"[128, 40, 8]",1,False,e0d97de9b8a261a96953,expected_aligned_shape,Qwen/Qwen3.6-35B-A3B-FP8,ok,32,127,5080,1280,0.25196850393700787,5080,3215,0.6328740157480315,0,0.0,0.9046153059538886,4595.445754245754,0.9436023622047244,4793.5,Qwen/Qwen3.6-35B-A3B-FP8
chat,40,127,8,40640,same_model,28095,0.6913139763779528,12545,0.3086860236220472,159,True,127,128,32,32,0,"[159, 40, 8]",0,True,32,True,128,159,32,0,0,32,"[128, 40, 8]",1,False,e0dbb5e604abee3e9199,expected_aligned_shape,Qwen/Qwen3.6-35B-A3B-FP8,ok,32,127,5080,1246,0.2452755905511811,5080,3109,0.6120078740157481,0,0.0,0.8980017926080918,4561.849106449106,0.9392716535433071,4771.5,Qwen/Qwen3.6-35B-A3B-FP8
chat,40,127,8,40640,same_model,30299,0.7455462598425197,10341,0.2544537401574803,159,True,127,128,32,32,0,"[159, 40, 8]",0,True,32,True,128,159,32,0,0,32,"[128, 40, 8]",1,False,e1506bf7b8cccf5a1d59,expected_aligned_shape,Qwen/Qwen3.6-35B-A3B-FP8,ok,32,127,5080,1524,0.3,5080,3590,0.7066929133858267,0,0.0,0.9301328942273825,4725.075102675102,0.9598425196850394,4876.0,Qwen/Qwen3.6-35B-A3B-FP8
short_qa,40,127,8,40640,same_model,31366,0.7718011811023622,9274,0.2281988188976378,166,True,127,128,39,39,0,"[166, 40, 8]",0,True,39,True,128,166,39,0,0,39,"[128, 40, 8]",1,False,e182834c6c18fefcd829,expected_aligned_shape,Qwen/Qwen3.6-35B-A3B-FP8,ok,32,127,5080,1766,0.3476377952755906,5080,3749,0.737992125984252,0,0.0,0.9375924600334049,4762.969696969697,0.9642224409448819,4898.25,Qwen/Qwen3.6-35B-A3B-FP8
needle,40,127,8,40640,same_model,29544,0.7269685039370078,11096,0.27303149606299215,159,True,127,128,32,32,0,"[159, 40, 8]",0,True,32,True,128,159,32,0,0,32,"[128, 40, 8]",1,False,e1e67e6b4f6a7359047a,expected_aligned_shape,Qwen/Qwen3.6-35B-A3B-FP8,ok,32,127,5080,1452,0.2858267716535433,5080,3415,0.672244094488189,0,0.0,0.9185826334645233,4666.399777999778,0.9523375984251968,4837.875,Qwen/Qwen3.6-35B-A3B-FP8
json_structured,40,127,8,40640,same_model,30395,0.7479084645669292,10245,0.2520915354330709,159,True,127,128,32,32,0,"[159, 40, 8]",0,True,32,True,128,159,32,0,0,32,"[128, 40, 8]",1,False,e21eec022c296b5ab070,expected_aligned_shape,Qwen/Qwen3.6-35B-A3B-FP8,ok,32,127,5080,1553,0.30570866141732284,5080,3609,0.7104330708661417,0,0.0,0.9308344979604821,4728.63924963925,0.9601624015748031,4877.625,Qwen/Qwen3.6-35B-A3B-FP8
json_structured,40,127,8,40640,same_model,31304,0.7702755905511811,9336,0.2297244094488189,167,True,127,128,40,40,0,"[167, 40, 8]",0,True,40,True,128,167,40,0,0,40,"[128, 40, 8]",1,False,e241a8275a2c1a96efb2,expected_aligned_shape,Qwen/Qwen3.6-35B-A3B-FP8,ok,32,127,5080,1767,0.34783464566929134,5080,3733,0.7348425196850393,0,0.0,0.9379424162888731,4764.747474747474,0.9646161417322835,4900.25,Qwen/Qwen3.6-35B-A3B-FP8
short_qa,40,127,8,40640,same_model,30258,0.7445374015748032,10382,0.25546259842519686,159,True,127,128,32,32,0,"[159, 40, 8]",0,True,32,True,128,159,32,0,0,32,"[128, 40, 8]",1,False,e255b92f6ff86f29faa5,expected_aligned_shape,Qwen/Qwen3.6-35B-A3B-FP8,ok,32,127,5080,1540,0.3031496062992126,5080,3467,0.6824803149606299,0,0.0,0.9223636818125007,4685.6075036075035,0.9551673228346457,4852.25,Qwen/Qwen3.6-35B-A3B-FP8
summarization,40,127,8,40640,same_model,30568,0.7521653543307086,10072,0.24783464566929134,159,True,127,128,32,32,0,"[159, 40, 8]",0,True,32,True,128,159,32,0,0,32,"[128, 40, 8]",1,False,e268aa0a1571b527df88,expected_aligned_shape,Qwen/Qwen3.6-35B-A3B-FP8,ok,32,127,5080,1628,0.32047244094488186,5080,3551,0.699015748031496,0,0.0,0.9264374907681994,4706.302453102453,0.9575049212598425,4864.125,Qwen/Qwen3.6-35B-A3B-FP8
code,40,127,8,40640,same_model,30268,0.7447834645669291,10372,0.2552165354330709,166,True,127,128,39,39,0,"[166, 40, 8]",0,True,39,True,128,166,39,0,0,39,"[128, 40, 8]",1,False,e2a2b97cb4cd3fb0ac63,expected_aligned_shape,Qwen/Qwen3.6-35B-A3B-FP8,ok,32,127,5080,1591,0.31318897637795273,5080,3530,0.6948818897637795,0,0.0,0.9239451231183514,4693.641225441225,0.9556594488188976,4854.75,Qwen/Qwen3.6-35B-A3B-FP8
json_structured,40,127,8,40640,same_model,28918,0.7115649606299213,11722,0.28843503937007875,159,True,127,128,32,32,0,"[159, 40, 8]",0,True,32,True,128,159,32,0,0,32,"[128, 40, 8]",1,False,e3048f45677a7f61e06c,expected_aligned_shape,Qwen/Qwen3.6-35B-A3B-FP8,ok,32,127,5080,1357,0.2671259842519685,5080,3306,0.6507874015748032,0,0.0,0.9114528428701656,4630.1804417804415,0.9480807086614174,4816.25,Qwen/Qwen3.6-35B-A3B-FP8
code,40,127,8,40640,same_model,29720,0.7312992125984252,10920,0.2687007874015748,166,True,127,128,39,39,0,"[166, 40, 8]",0,True,39,True,128,166,39,0,0,39,"[128, 40, 8]",1,False,e31ab73e5cc95c1d83a9,expected_aligned_shape,Qwen/Qwen3.6-35B-A3B-FP8,ok,32,127,5080,1500,0.2952755905511811,5080,3466,0.6822834645669291,0,0.0,0.9188341055270189,4667.677256077256,0.9518454724409449,4835.375,Qwen/Qwen3.6-35B-A3B-FP8
math_numeric,40,127,8,40640,same_model,29732,0.7315944881889764,10908,0.2684055118110236,159,True,127,128,32,32,0,"[159, 40, 8]",0,True,32,True,128,159,32,0,0,32,"[128, 40, 8]",1,False,e371ee1102e9afc445d2,expected_aligned_shape,Qwen/Qwen3.6-35B-A3B-FP8,ok,32,127,5080,1492,0.2937007874015748,5080,3461,0.6812992125984252,0,0.0,0.9181869136987247,4664.389521589522,0.9517470472440945,4834.875,Qwen/Qwen3.6-35B-A3B-FP8
needle,40,127,8,40640,same_model,29358,0.7223917322834645,11282,0.2776082677165354,159,True,127,128,32,32,0,"[159, 40, 8]",0,True,32,True,128,159,32,0,0,32,"[128, 40, 8]",1,False,e3b52879bd66047b12c7,expected_aligned_shape,Qwen/Qwen3.6-35B-A3B-FP8,ok,32,127,5080,1368,0.2692913385826772,5080,3359,0.6612204724409448,0,0.0,0.9185871433902929,4666.422688422688,0.9532234251968504,4842.375,Qwen/Qwen3.6-35B-A3B-FP8
summarization,40,127,8,40640,same_model,29832,0.7340551181102363,10808,0.2659448818897638,163,True,127,128,36,36,0,"[163, 40, 8]",0,True,36,True,128,163,36,0,0,36,"[128, 40, 8]",1,False,e3c9801e2e24a41181f4,expected_aligned_shape,Qwen/Qwen3.6-35B-A3B-FP8,ok,32,127,5080,1464,0.28818897637795277,5080,3462,0.681496062992126,0,0.0,0.9213589123037943,4680.503274503275,0.9541830708661417,4847.25,Qwen/Qwen3.6-35B-A3B-FP8
math_numeric,40,127,8,40640,same_model,31085,0.764886811023622,9555,0.23511318897637795,159,True,127,128,32,32,0,"[159, 40, 8]",0,True,32,True,128,159,32,0,0,32,"[128, 40, 8]",1,False,e4393f3f574092a035dc,expected_aligned_shape,Qwen/Qwen3.6-35B-A3B-FP8,ok,32,127,5080,1684,0.331496062992126,5080,3698,0.7279527559055118,0,0.0,0.9345052672611728,4747.2867576867575,0.9621801181102362,4887.875,Qwen/Qwen3.6-35B-A3B-FP8
code,40,127,8,40640,same_model,29746,0.7319389763779528,10894,0.26806102362204726,159,True,127,128,32,32,0,"[159, 40, 8]",0,True,32,True,128,159,32,0,0,32,"[128, 40, 8]",1,False,e45406fdb262473d0618,expected_aligned_shape,Qwen/Qwen3.6-35B-A3B-FP8,ok,32,127,5080,1474,0.29015748031496064,5080,3421,0.6734251968503937,0,0.0,0.9185672638822246,4666.3217005217,0.9522883858267717,4837.625,Qwen/Qwen3.6-35B-A3B-FP8
summarization,40,127,8,40640,same_model,31485,0.7747293307086615,9155,0.22527066929133857,167,True,127,128,40,40,0,"[167, 40, 8]",0,True,40,True,128,167,40,0,0,40,"[128, 40, 8]",1,False,e45887176dc3dc67a26f,expected_aligned_shape,Qwen/Qwen3.6-35B-A3B-FP8,ok,32,127,5080,1756,0.34566929133858265,5080,3710,0.7303149606299213,0,0.0,0.9363509106816192,4756.662626262626,0.9636564960629921,4895.375,Qwen/Qwen3.6-35B-A3B-FP8
json_structured,40,127,8,40640,same_model,28463,0.700369094488189,12177,0.29963090551181104,159,True,127,128,32,32,0,"[159, 40, 8]",0,True,32,True,128,159,32,0,0,32,"[128, 40, 8]",1,False,e4e26ee6c93d0b0c2b29,expected_aligned_shape,Qwen/Qwen3.6-35B-A3B-FP8,ok,32,127,5080,1193,0.23484251968503936,5080,3208,0.631496062992126,0,0.0,0.9067079726922245,4606.076501276501,0.9454724409448819,4803.0,Qwen/Qwen3.6-35B-A3B-FP8
code,40,127,8,40640,same_model,31461,0.774138779527559,9179,0.22586122047244095,159,True,127,128,32,32,0,"[159, 40, 8]",0,True,32,True,128,159,32,0,0,32,"[128, 40, 8]",1,False,e4f5ca71dd6c109ad385,expected_aligned_shape,Qwen/Qwen3.6-35B-A3B-FP8,ok,32,127,5080,1764,0.347244094488189,5080,3654,0.7192913385826771,0,0.0,0.9304802284329844,4726.83956043956,0.9594980314960629,4874.25,Qwen/Qwen3.6-35B-A3B-FP8
math_numeric,40,127,8,40640,same_model,26322,0.6476870078740158,14318,0.35231299212598427,159,True,127,128,32,32,0,"[159, 40, 8]",0,True,32,True,128,159,32,0,0,32,"[128, 40, 8]",1,False,e50fa99f61491ecbb31a,expected_aligned_shape,Qwen/Qwen3.6-35B-A3B-FP8,ok,32,127,5080,1033,0.20334645669291337,5080,2870,0.5649606299212598,0,0.0,0.8772463538211569,4456.411477411478,0.9249753937007874,4698.875,Qwen/Qwen3.6-35B-A3B-FP8
low_margin,40,127,8,40640,same_model,29940,0.7367125984251969,10700,0.2632874015748031,167,True,127,128,40,40,0,"[167, 40, 8]",0,True,40,True,128,167,40,0,0,40,"[128, 40, 8]",1,False,e53e7c8bd9bc87e260cc,expected_aligned_shape,Qwen/Qwen3.6-35B-A3B-FP8,ok,32,127,5080,1538,0.30275590551181103,5080,3506,0.6901574803149606,0,0.0,0.9238000494693408,4692.904251304251,0.9558070866141732,4855.5,Qwen/Qwen3.6-35B-A3B-FP8
low_margin,40,127,8,40640,same_model,30698,0.7553641732283465,9942,0.24463582677165355,167,True,127,128,40,40,0,"[167, 40, 8]",0,True,40,True,128,167,40,0,0,40,"[128, 40, 8]",1,False,e552ee5adbb3501fcc29,expected_aligned_shape,Qwen/Qwen3.6-35B-A3B-FP8,ok,32,127,5080,1681,0.3309055118110236,5080,3611,0.7108267716535434,0,0.0,0.9304613059731169,4726.743434343434,0.9600639763779527,4877.125,Qwen/Qwen3.6-35B-A3B-FP8
short_qa,40,127,8,40640,same_model,32498,0.7996555118110236,8142,0.20034448818897638,159,True,127,128,32,32,0,"[159, 40, 8]",0,True,32,True,128,159,32,0,0,32,"[128, 40, 8]",1,False,e5668477658ddaf47f00,expected_aligned_shape,Qwen/Qwen3.6-35B-A3B-FP8,ok,32,127,5080,1957,0.38523622047244094,5080,3881,0.7639763779527559,0,0.0,0.9456032768631192,4803.6646464646465,0.969119094488189,4923.125,Qwen/Qwen3.6-35B-A3B-FP8
short_qa,40,127,8,40640,same_model,30398,0.747982283464567,10242,0.2520177165354331,159,True,127,128,32,32,0,"[159, 40, 8]",0,True,32,True,128,159,32,0,0,32,"[128, 40, 8]",1,False,e56a4ad163b2a7ad3ac7,expected_aligned_shape,Qwen/Qwen3.6-35B-A3B-FP8,ok,32,127,5080,1554,0.3059055118110236,5080,3521,0.6931102362204724,0,0.0,0.9260480639220797,4704.324164724165,0.9574557086614173,4863.875,Qwen/Qwen3.6-35B-A3B-FP8
math_numeric,40,11,8,3520,same_model,2543,0.7224431818181818,977,0.27755681818181815,43,True,11,12,32,32,0,"[43, 40, 8]",0,True,32,True,12,43,32,0,0,32,"[12, 40, 8]",1,False,e58abda4f60d678d4a28,expected_aligned_shape,Qwen/Qwen3.6-35B-A3B-FP8,ok,32,11,440,115,0.26136363636363635,440,277,0.6295454545454545,0,0.0,0.9124977043158862,401.4989898989899,0.95,418.0,Qwen/Qwen3.6-35B-A3B-FP8
mixed_language,40,127,8,40640,same_model,30326,0.7462106299212599,10314,0.25378937007874014,159,True,127,128,32,32,0,"[159, 40, 8]",0,True,32,True,128,159,32,0,0,32,"[128, 40, 8]",1,False,e61167965915dc828d21,expected_aligned_shape,Qwen/Qwen3.6-35B-A3B-FP8,ok,32,127,5080,1592,0.31338582677165355,5080,3620,0.7125984251968503,0,0.0,0.9298619840352123,4723.698878898879,0.9594242125984253,4873.875,Qwen/Qwen3.6-35B-A3B-FP8
mixed_language,40,127,8,40640,same_model,32555,0.8010580708661418,8085,0.19894192913385828,159,True,127,128,32,32,0,"[159, 40, 8]",0,True,32,True,128,159,32,0,0,32,"[128, 40, 8]",1,False,e63507dd1e56d90fdb00,expected_aligned_shape,Qwen/Qwen3.6-35B-A3B-FP8,ok,32,127,5080,1984,0.3905511811023622,5080,3916,0.7708661417322835,0,0.0,0.9465415599273868,4808.431124431125,0.9694389763779527,4924.75,Qwen/Qwen3.6-35B-A3B-FP8
math_numeric,40,6,8,1920,same_model,1417,0.7380208333333333,503,0.26197916666666665,38,True,6,7,32,32,0,"[38, 40, 8]",0,True,32,True,7,38,32,0,0,32,"[7, 40, 8]",1,False,e65a59f3b5949b96eb7a,expected_aligned_shape,Qwen/Qwen3.6-35B-A3B-FP8,ok,32,6,240,68,0.2833333333333333,240,151,0.6291666666666667,0,0.0,0.9116666666666667,218.8,0.9494791666666667,227.875,Qwen/Qwen3.6-35B-A3B-FP8
json_structured,40,127,8,40640,same_model,30002,0.7382381889763779,10638,0.26176181102362206,159,True,127,128,32,32,0,"[159, 40, 8]",0,True,32,True,128,159,32,0,0,32,"[128, 40, 8]",1,False,e6bafd5cab79097ea33e,expected_aligned_shape,Qwen/Qwen3.6-35B-A3B-FP8,ok,32,127,5080,1553,0.30570866141732284,5080,3569,0.7025590551181102,0,0.0,0.9267605666424563,4707.943678543678,0.9573572834645669,4863.375,Qwen/Qwen3.6-35B-A3B-FP8
json_structured,40,127,8,40640,same_model,27574,0.678494094488189,13066,0.321505905511811,159,True,127,128,32,32,0,"[159, 40, 8]",0,True,32,True,128,159,32,0,0,32,"[128, 40, 8]",1,False,e70fea41349e29ef36fe,expected_aligned_shape,Qwen/Qwen3.6-35B-A3B-FP8,ok,32,127,5080,1100,0.21653543307086615,5080,3022,0.5948818897637795,0,0.0,0.8945797291072881,4544.465023865024,0.9373523622047244,4761.75,Qwen/Qwen3.6-35B-A3B-FP8
math_numeric,40,127,8,40640,same_model,19850,0.48843503937007876,20790,0.5115649606299213,159,True,127,128,32,32,0,"[159, 40, 8]",0,True,32,True,128,159,32,0,0,32,"[128, 40, 8]",1,False,e74eaa24a6e9e411b43a,expected_aligned_shape,Qwen/Qwen3.6-35B-A3B-FP8,ok,32,127,5080,321,0.06318897637795276,5080,1755,0.3454724409448819,0,0.0,0.7810648800018879,3967.8095904095903,0.8558316929133858,4347.625,Qwen/Qwen3.6-35B-A3B-FP8
summarization,40,127,8,40640,same_model,30854,0.7592027559055118,9786,0.2407972440944882,167,True,127,128,40,40,0,"[167, 40, 8]",0,True,40,True,128,167,40,0,0,40,"[128, 40, 8]",1,False,e7d0328add79dfef0719,expected_aligned_shape,Qwen/Qwen3.6-35B-A3B-FP8,ok,32,127,5080,1627,0.3202755905511811,5080,3542,0.697244094488189,0,0.0,0.927345537227427,4710.915329115329,0.9579478346456692,4866.375,Qwen/Qwen3.6-35B-A3B-FP8
short_qa,40,127,8,40640,same_model,30898,0.7602854330708662,9742,0.23971456692913387,166,True,127,128,39,39,0,"[166, 40, 8]",0,True,39,True,128,166,39,0,0,39,"[128, 40, 8]",1,False,e7f0ca1caecbbe89e953,expected_aligned_shape,Qwen/Qwen3.6-35B-A3B-FP8,ok,32,127,5080,1650,0.3248031496062992,5080,3629,0.7143700787401575,0,0.0,0.931377021928203,4731.395271395271,0.9603346456692914,4878.5,Qwen/Qwen3.6-35B-A3B-FP8
summarization,40,127,8,40640,same_model,32103,0.7899360236220473,8537,0.21006397637795277,167,True,127,128,40,40,0,"[167, 40, 8]",0,True,40,True,128,167,40,0,0,40,"[128, 40, 8]",1,False,e824d93b1763a303ac0e,expected_aligned_shape,Qwen/Qwen3.6-35B-A3B-FP8,ok,32,127,5080,1921,0.3781496062992126,5080,3838,0.7555118110236221,0,0.0,0.9418679832853062,4784.689355089355,0.9666830708661417,4910.75,Qwen/Qwen3.6-35B-A3B-FP8
math_numeric,40,127,8,40640,same_model,22456,0.5525590551181102,18184,0.4474409448818898,159,True,127,128,32,32,0,"[159, 40, 8]",0,True,32,True,128,159,32,0,0,32,"[128, 40, 8]",1,False,e8d609e5d3a41266e100,expected_aligned_shape,Qwen/Qwen3.6-35B-A3B-FP8,ok,32,127,5080,570,0.11220472440944881,5080,2111,0.4155511811023622,0,0.0,0.8235367038910346,4183.566455766456,0.8898622047244095,4520.5,Qwen/Qwen3.6-35B-A3B-FP8
short_qa,40,127,8,40640,same_model,29745,0.7319143700787402,10895,0.26808562992125984,159,True,127,128,32,32,0,"[159, 40, 8]",0,True,32,True,128,159,32,0,0,32,"[128, 40, 8]",1,False,e8f0931a3295abecd91d,expected_aligned_shape,Qwen/Qwen3.6-35B-A3B-FP8,ok,32,127,5080,1438,0.28307086614173227,5080,3375,0.6643700787401575,0,0.0,0.9153964801602597,4650.214119214119,0.950246062992126,4827.25,Qwen/Qwen3.6-35B-A3B-FP8
mixed_language,40,127,8,40640,same_model,30593,0.7527805118110236,10047,0.24721948818897638,159,True,127,128,32,32,0,"[159, 40, 8]",0,True,32,True,128,159,32,0,0,32,"[128, 40, 8]",1,False,e94a7692fe73b8cd9add,expected_aligned_shape,Qwen/Qwen3.6-35B-A3B-FP8,ok,32,127,5080,1572,0.3094488188976378,5080,3557,0.7001968503937008,0,0.0,0.9273386193858635,4710.880186480186,0.9579970472440945,4866.625,Qwen/Qwen3.6-35B-A3B-FP8
json_structured,40,127,8,40640,same_model,29853,0.7345718503937008,10787,0.26542814960629924,159,True,127,128,32,32,0,"[159, 40, 8]",0,True,32,True,128,159,32,0,0,32,"[128, 40, 8]",1,False,e9638fc4294228986f46,expected_aligned_shape,Qwen/Qwen3.6-35B-A3B-FP8,ok,32,127,5080,1503,0.2958661417322835,5080,3465,0.6820866141732284,0,0.0,0.9232585699514831,4690.1535353535355,0.9559055118110236,4856.0,Qwen/Qwen3.6-35B-A3B-FP8
logs,40,127,8,40640,same_model,29916,0.7361220472440945,10724,0.26387795275590553,159,True,127,128,32,32,0,"[159, 40, 8]",0,True,32,True,128,159,32,0,0,32,"[128, 40, 8]",1,False,e97cb33c46e2dfd641cd,expected_aligned_shape,Qwen/Qwen3.6-35B-A3B-FP8,ok,32,127,5080,1497,0.2946850393700787,5080,3470,0.6830708661417323,0,0.0,0.9192640124529888,4669.861183261183,0.9514517716535433,4833.375,Qwen/Qwen3.6-35B-A3B-FP8
mixed_language,40,127,8,40640,same_model,30368,0.747244094488189,10272,0.25275590551181104,159,True,127,128,32,32,0,"[159, 40, 8]",0,True,32,True,128,159,32,0,0,32,"[128, 40, 8]",1,False,e9c38d0c60f1ed8584a7,expected_aligned_shape,Qwen/Qwen3.6-35B-A3B-FP8,ok,32,127,5080,1574,0.3098425196850394,5080,3518,0.6925196850393701,0,0.0,0.9253580015784739,4700.818648018648,0.9570374015748031,4861.75,Qwen/Qwen3.6-35B-A3B-FP8
code,40,127,8,40640,same_model,30036,0.7390748031496063,10604,0.2609251968503937,166,True,127,128,39,39,0,"[166, 40, 8]",0,True,39,True,128,166,39,0,0,39,"[128, 40, 8]",1,False,ea20a6f7be1f5596ae81,expected_aligned_shape,Qwen/Qwen3.6-35B-A3B-FP8,ok,32,127,5080,1540,0.3031496062992126,5080,3508,0.6905511811023622,0,0.0,0.9217063688717233,4682.268353868354,0.953617125984252,4844.375,Qwen/Qwen3.6-35B-A3B-FP8
summarization,40,127,8,40640,same_model,30872,0.7596456692913386,9768,0.2403543307086614,163,True,127,128,36,36,0,"[163, 40, 8]",0,True,36,True,128,163,36,0,0,36,"[128, 40, 8]",1,False,ea25c1dbc2cead686dbe,expected_aligned_shape,Qwen/Qwen3.6-35B-A3B-FP8,ok,32,127,5080,1655,0.3257874015748031,5080,3610,0.7106299212598425,0,0.0,0.9301432338440213,4725.127627927628,0.9595964566929134,4874.75,Qwen/Qwen3.6-35B-A3B-FP8
low_margin,40,127,8,40640,same_model,30776,0.7572834645669292,9864,0.24271653543307087,167,True,127,128,40,40,0,"[167, 40, 8]",0,True,40,True,128,167,40,0,0,40,"[128, 40, 8]",1,False,eac129bd5f579133420d,expected_aligned_shape,Qwen/Qwen3.6-35B-A3B-FP8,ok,32,127,5080,1677,0.33011811023622045,5080,3551,0.699015748031496,0,0.0,0.9277003224247319,4712.717637917638,0.9584399606299212,4868.875,Qwen/Qwen3.6-35B-A3B-FP8
logs,40,127,8,40640,same_model,29373,0.7227608267716535,11267,0.27723917322834646,159,True,127,128,32,32,0,"[159, 40, 8]",0,True,32,True,128,159,32,0,0,32,"[128, 40, 8]",1,False,eadb01f9a1ea4898ec56,expected_aligned_shape,Qwen/Qwen3.6-35B-A3B-FP8,ok,32,127,5080,1351,0.2659448818897638,5080,3386,0.6665354330708662,0,0.0,0.9174504454425714,4660.648262848263,0.9520177165354331,4836.25,Qwen/Qwen3.6-35B-A3B-FP8
chat,40,127,8,40640,same_model,30206,0.743257874015748,10434,0.25674212598425195,167,True,127,128,40,40,0,"[167, 40, 8]",0,True,40,True,128,167,40,0,0,40,"[128, 40, 8]",1,False,eb559da02caf34b94f04,expected_aligned_shape,Qwen/Qwen3.6-35B-A3B-FP8,ok,32,127,5080,1590,0.31299212598425197,5080,3526,0.6940944881889763,0,0.0,0.9251527999559496,4699.776223776224,0.9567913385826772,4860.5,Qwen/Qwen3.6-35B-A3B-FP8
json_structured,40,127,8,40640,same_model,29923,0.7362942913385827,10717,0.26370570866141735,159,True,127,128,32,32,0,"[159, 40, 8]",0,True,32,True,128,159,32,0,0,32,"[128, 40, 8]",1,False,ec141180d7aba09cdfd7,expected_aligned_shape,Qwen/Qwen3.6-35B-A3B-FP8,ok,32,127,5080,1493,0.2938976377952756,5080,3497,0.6883858267716535,0,0.0,0.9238602255137689,4693.209945609946,0.9559301181102362,4856.125,Qwen/Qwen3.6-35B-A3B-FP8
code,40,127,8,40640,same_model,30739,0.7563730314960629,9901,0.243626968503937,159,True,127,128,32,32,0,"[159, 40, 8]",0,True,32,True,128,159,32,0,0,32,"[128, 40, 8]",1,False,ec1fee35e147b28594e8,expected_aligned_shape,Qwen/Qwen3.6-35B-A3B-FP8,ok,32,127,5080,1663,0.32736220472440947,5080,3564,0.7015748031496063,0,0.0,0.9256827686748947,4702.468464868465,0.9567667322834645,4860.375,Qwen/Qwen3.6-35B-A3B-FP8
short_qa,40,127,8,40640,same_model,32228,0.7930118110236221,8412,0.20698818897637794,159,True,127,128,32,32,0,"[159, 40, 8]",0,True,32,True,128,159,32,0,0,32,"[128, 40, 8]",1,False,ec3c704bbdb9f984816b,expected_aligned_shape,Qwen/Qwen3.6-35B-A3B-FP8,ok,32,127,5080,1878,0.36968503937007874,5080,3831,0.7541338582677165,0,0.0,0.9429388371908057,4790.129292929293,0.9675442913385827,4915.125,Qwen/Qwen3.6-35B-A3B-FP8
json_structured,40,127,8,40640,same_model,29028,0.7142716535433071,11612,0.2857283464566929,159,True,127,128,32,32,0,"[159, 40, 8]",0,True,32,True,128,159,32,0,0,32,"[128, 40, 8]",1,False,ec597988254f8fe60485,expected_aligned_shape,Qwen/Qwen3.6-35B-A3B-FP8,ok,32,127,5080,1374,0.2704724409448819,5080,3311,0.6517716535433071,0,0.0,0.912792802123511,4636.987434787435,0.9489665354330709,4820.75,Qwen/Qwen3.6-35B-A3B-FP8
mixed_language,40,127,8,40640,same_model,31952,0.7862204724409448,8688,0.2137795275590551,159,True,127,128,32,32,0,"[159, 40, 8]",0,True,32,True,128,159,32,0,0,32,"[128, 40, 8]",1,False,ec60a4f7786e2279a182,expected_aligned_shape,Qwen/Qwen3.6-35B-A3B-FP8,ok,32,127,5080,1875,0.3690944881889764,5080,3736,0.7354330708661417,0,0.0,0.9368391014060305,4759.142635142635,0.963484251968504,4894.5,Qwen/Qwen3.6-35B-A3B-FP8
chat,40,127,8,40640,same_model,30321,0.7460875984251969,10319,0.25391240157480316,167,True,127,128,40,40,0,"[167, 40, 8]",0,True,40,True,128,167,40,0,0,40,"[128, 40, 8]",1,False,ec70019f85ed0df3b1c4,expected_aligned_shape,Qwen/Qwen3.6-35B-A3B-FP8,ok,32,127,5080,1596,0.31417322834645667,5080,3546,0.6980314960629921,0,0.0,0.9275065616797901,4711.733333333334,0.9584153543307087,4868.75,Qwen/Qwen3.6-35B-A3B-FP8
json_structured,40,127,8,40640,same_model,29224,0.7190944881889764,11416,0.28090551181102363,159,True,127,128,32,32,0,"[159, 40, 8]",0,True,32,True,128,159,32,0,0,32,"[128, 40, 8]",1,False,ed1695f55c50b1366194,expected_aligned_shape,Qwen/Qwen3.6-35B-A3B-FP8,ok,32,127,5080,1442,0.28385826771653544,5080,3373,0.6639763779527559,0,0.0,0.9141315115330864,4643.788078588079,0.9495816929133858,4823.875,Qwen/Qwen3.6-35B-A3B-FP8
mixed_language,40,127,8,40640,same_model,31542,0.7761318897637796,9098,0.22386811023622047,159,True,127,128,32,32,0,"[159, 40, 8]",0,True,32,True,128,159,32,0,0,32,"[128, 40, 8]",1,False,ed33d9d8f1a6628f8f41,expected_aligned_shape,Qwen/Qwen3.6-35B-A3B-FP8,ok,32,127,5080,1805,0.35531496062992124,5080,3747,0.7375984251968504,0,0.0,0.938321984227496,4766.67567987568,0.9647391732283465,4900.875,Qwen/Qwen3.6-35B-A3B-FP8
logs,40,127,8,40640,same_model,27521,0.6771899606299212,13119,0.32281003937007874,159,True,127,128,32,32,0,"[159, 40, 8]",0,True,32,True,128,159,32,0,0,32,"[128, 40, 8]",1,False,ed4af850109e13dbffb7,expected_aligned_shape,Qwen/Qwen3.6-35B-A3B-FP8,ok,32,127,5080,1167,0.2297244094488189,5080,3039,0.5982283464566929,0,0.0,0.8886693970945941,4514.440537240537,0.9328001968503937,4738.625,Qwen/Qwen3.6-35B-A3B-FP8
json_structured,40,127,8,40640,same_model,30036,0.7390748031496063,10604,0.2609251968503937,167,True,127,128,40,40,0,"[167, 40, 8]",0,True,40,True,128,167,40,0,0,40,"[128, 40, 8]",1,False,ed5b42137a010acef8a9,expected_aligned_shape,Qwen/Qwen3.6-35B-A3B-FP8,ok,32,127,5080,1487,0.29271653543307086,5080,3494,0.6877952755905512,0,0.0,0.924448469290989,4696.198223998224,0.9563238188976378,4858.125,Qwen/Qwen3.6-35B-A3B-FP8
math_numeric,40,127,8,40640,same_model,25629,0.630634842519685,15011,0.36936515748031495,159,True,127,128,32,32,0,"[159, 40, 8]",0,True,32,True,128,159,32,0,0,32,"[128, 40, 8]",1,False,ed9cd460ff8cf112cf9b,expected_aligned_shape,Qwen/Qwen3.6-35B-A3B-FP8,ok,32,127,5080,1076,0.21181102362204723,5080,2786,0.5484251968503937,0,0.0,0.8577073320380407,4357.153246753247,0.9076279527559055,4610.75,Qwen/Qwen3.6-35B-A3B-FP8
logs,40,127,8,40640,same_model,30056,0.7395669291338582,10584,0.26043307086614176,159,True,127,128,32,32,0,"[159, 40, 8]",0,True,32,True,128,159,32,0,0,32,"[128, 40, 8]",1,False,eda8a5523c042a26eee4,expected_aligned_shape,Qwen/Qwen3.6-35B-A3B-FP8,ok,32,127,5080,1541,0.3033464566929134,5080,3483,0.6856299212598426,0,0.0,0.9238328163525014,4693.070707070707,0.9561515748031496,4857.25,Qwen/Qwen3.6-35B-A3B-FP8
json_structured,40,127,8,40640,same_model,29802,0.7333169291338583,10838,0.26668307086614174,159,True,127,128,32,32,0,"[159, 40, 8]",0,True,32,True,128,159,32,0,0,32,"[128, 40, 8]",1,False,edcf5b2b115bf77ea26c,expected_aligned_shape,Qwen/Qwen3.6-35B-A3B-FP8,ok,32,127,5080,1464,0.28818897637795277,5080,3467,0.6824803149606299,0,0.0,0.9230243072762757,4688.963480963481,0.9553395669291339,4853.125,Qwen/Qwen3.6-35B-A3B-FP8
summarization,40,127,8,40640,same_model,30878,0.7597933070866142,9762,0.24020669291338584,167,True,127,128,40,40,0,"[167, 40, 8]",0,True,40,True,128,167,40,0,0,40,"[128, 40, 8]",1,False,ee4a6c86011c3e44ff62,expected_aligned_shape,Qwen/Qwen3.6-35B-A3B-FP8,ok,32,127,5080,1712,0.33700787401574805,5080,3585,0.7057086614173228,0,0.0,0.9279071497181733,4713.768320568321,0.9582431102362204,4867.875,Qwen/Qwen3.6-35B-A3B-FP8
math_numeric,40,127,8,40640,same_model,31225,0.7683316929133859,9415,0.23166830708661418,159,True,127,128,32,32,0,"[159, 40, 8]",0,True,32,True,128,159,32,0,0,32,"[128, 40, 8]",1,False,ee7cfbc75d68a00d3394,expected_aligned_shape,Qwen/Qwen3.6-35B-A3B-FP8,ok,32,127,5080,1749,0.3442913385826772,5080,3560,0.7007874015748031,0,0.0,0.926890537284238,4708.603929403929,0.9577017716535433,4865.125,Qwen/Qwen3.6-35B-A3B-FP8
short_qa,40,127,8,40640,same_model,31170,0.7669783464566929,9470,0.2330216535433071,159,True,127,128,32,32,0,"[159, 40, 8]",0,True,32,True,128,159,32,0,0,32,"[128, 40, 8]",1,False,ee7dabd94e62e0bf2b5e,expected_aligned_shape,Qwen/Qwen3.6-35B-A3B-FP8,ok,32,127,5080,1760,0.3464566929133858,5080,3601,0.7088582677165355,0,0.0,0.9275239152798208,4711.8214896214895,0.957726377952756,4865.25,Qwen/Qwen3.6-35B-A3B-FP8
code,40,127,8,40640,same_model,30513,0.7508120078740157,10127,0.24918799212598425,166,True,127,128,39,39,0,"[166, 40, 8]",0,True,39,True,128,166,39,0,0,39,"[128, 40, 8]",1,False,ee81963d22618d303935,expected_aligned_shape,Qwen/Qwen3.6-35B-A3B-FP8,ok,32,127,5080,1565,0.3080708661417323,5080,3598,0.7082677165354331,0,0.0,0.9303666587131154,4726.262626262626,0.9601377952755905,4877.5,Qwen/Qwen3.6-35B-A3B-FP8
math_numeric,40,127,8,40640,same_model,26664,0.6561023622047244,13976,0.3438976377952756,159,True,127,128,32,32,0,"[159, 40, 8]",0,True,32,True,128,159,32,0,0,32,"[128, 40, 8]",1,False,ef06424c58988163b7c9,expected_aligned_shape,Qwen/Qwen3.6-35B-A3B-FP8,ok,32,127,5080,1151,0.2265748031496063,5080,2936,0.5779527559055118,0,0.0,0.8812520899922474,4476.760617160618,0.9274114173228346,4711.25,Qwen/Qwen3.6-35B-A3B-FP8
mixed_language,40,127,8,40640,same_model,30723,0.7559793307086614,9917,0.2440206692913386,159,True,127,128,32,32,0,"[159, 40, 8]",0,True,32,True,128,159,32,0,0,32,"[128, 40, 8]",1,False,ef10a7183d48a63003df,expected_aligned_shape,Qwen/Qwen3.6-35B-A3B-FP8,ok,32,127,5080,1660,0.32677165354330706,5080,3591,0.7068897637795276,0,0.0,0.926527619362265,4706.7603063603065,0.9571112204724409,4862.125,Qwen/Qwen3.6-35B-A3B-FP8
short_qa,40,127,8,40640,same_model,29958,0.7371555118110236,10682,0.2628444881889764,159,True,127,128,32,32,0,"[159, 40, 8]",0,True,32,True,128,159,32,0,0,32,"[128, 40, 8]",1,False,efbbfc09ebc85a0198a7,expected_aligned_shape,Qwen/Qwen3.6-35B-A3B-FP8,ok,32,127,5080,1535,0.3021653543307087,5080,3517,0.6923228346456692,0,0.0,0.9210998712573516,4679.187345987346,0.9535433070866142,4844.0,Qwen/Qwen3.6-35B-A3B-FP8
chat,40,127,8,40640,same_model,30045,0.7392962598425197,10595,0.2607037401574803,159,True,127,128,32,32,0,"[159, 40, 8]",0,True,32,True,128,159,32,0,0,32,"[128, 40, 8]",1,False,f0038360238676bc6dc7,expected_aligned_shape,Qwen/Qwen3.6-35B-A3B-FP8,ok,32,127,5080,1497,0.2946850393700787,5080,3456,0.6803149606299213,0,0.0,0.9216202345336204,4681.830791430792,0.9544045275590551,4848.375,Qwen/Qwen3.6-35B-A3B-FP8
short_qa,40,127,8,40640,same_model,31164,0.7668307086614173,9476,0.2331692913385827,166,True,127,128,39,39,0,"[166, 40, 8]",0,True,39,True,128,166,39,0,0,39,"[128, 40, 8]",1,False,f04c751fc6cabeda634f,expected_aligned_shape,Qwen/Qwen3.6-35B-A3B-FP8,ok,32,127,5080,1749,0.3442913385826772,5080,3701,0.7285433070866142,0,0.0,0.9346809183817059,4748.179065379066,0.9623523622047244,4888.75,Qwen/Qwen3.6-35B-A3B-FP8
mixed_language,40,127,8,40640,same_model,31389,0.772367125984252,9251,0.22763287401574803,159,True,127,128,32,32,0,"[159, 40, 8]",0,True,32,True,128,159,32,0,0,32,"[128, 40, 8]",1,False,f071bdcbbbc3e959b867,expected_aligned_shape,Qwen/Qwen3.6-35B-A3B-FP8,ok,32,127,5080,1814,0.35708661417322834,5080,3644,0.7173228346456693,0,0.0,0.9325740226527629,4737.476035076035,0.9612450787401575,4883.125,Qwen/Qwen3.6-35B-A3B-FP8
short_qa,40,127,8,40640,same_model,31229,0.7684301181102362,9411,0.23156988188976377,166,True,127,128,39,39,0,"[166, 40, 8]",0,True,39,True,128,166,39,0,0,39,"[128, 40, 8]",1,False,f0a80145f6b08b42e75e,expected_aligned_shape,Qwen/Qwen3.6-35B-A3B-FP8,ok,32,127,5080,1749,0.3442913385826772,5080,3721,0.7324803149606299,0,0.0,0.9354563983697841,4752.118503718504,0.9626722440944881,4890.375,Qwen/Qwen3.6-35B-A3B-FP8
needle,40,127,8,40640,same_model,29709,0.7310285433070867,10931,0.2689714566929134,159,True,127,128,32,32,0,"[159, 40, 8]",0,True,32,True,128,159,32,0,0,32,"[128, 40, 8]",1,False,f1319787940d241bd108,expected_aligned_shape,Qwen/Qwen3.6-35B-A3B-FP8,ok,32,127,5080,1451,0.28562992125984255,5080,3439,0.6769685039370079,0,0.0,0.9218889684244015,4683.19595959596,0.9550935039370079,4851.875,Qwen/Qwen3.6-35B-A3B-FP8
chat,40,127,8,40640,same_model,29615,0.7287155511811023,11025,0.2712844488188976,159,True,127,128,32,32,0,"[159, 40, 8]",0,True,32,True,128,159,32,0,0,32,"[128, 40, 8]",1,False,f14945b89c4aa87a2ec2,expected_aligned_shape,Qwen/Qwen3.6-35B-A3B-FP8,ok,32,127,5080,1418,0.27913385826771653,5080,3384,0.6661417322834645,0,0.0,0.917812196552354,4662.485958485959,0.9521899606299212,4837.125,Qwen/Qwen3.6-35B-A3B-FP8
low_margin,40,127,8,40640,same_model,30213,0.7434301181102362,10427,0.25656988188976376,166,True,127,128,39,39,0,"[166, 40, 8]",0,True,39,True,128,166,39,0,0,39,"[128, 40, 8]",1,False,f16919d280bf2377108c,expected_aligned_shape,Qwen/Qwen3.6-35B-A3B-FP8,ok,32,127,5080,1512,0.29763779527559053,5080,3498,0.6885826771653544,0,0.0,0.9252779766165592,4700.412121212121,0.9571358267716535,4862.25,Qwen/Qwen3.6-35B-A3B-FP8
math_numeric,40,127,8,40640,same_model,31925,0.7855561023622047,8715,0.21444389763779528,159,True,127,128,32,32,0,"[159, 40, 8]",0,True,32,True,128,159,32,0,0,32,"[128, 40, 8]",1,False,f1e40190bf0f306cc68f,expected_aligned_shape,Qwen/Qwen3.6-35B-A3B-FP8,ok,32,127,5080,1873,0.3687007874015748,5080,3803,0.7486220472440945,0,0.0,0.9413417640976697,4782.016161616161,0.9665846456692914,4910.25,Qwen/Qwen3.6-35B-A3B-FP8
code,40,127,8,40640,same_model,30115,0.7410187007874016,10525,0.25898129921259844,166,True,127,128,39,39,0,"[166, 40, 8]",0,True,39,True,128,166,39,0,0,39,"[128, 40, 8]",1,False,f1e595a9b1a4d7f427b2,expected_aligned_shape,Qwen/Qwen3.6-35B-A3B-FP8,ok,32,127,5080,1500,0.2952755905511811,5080,3478,0.6846456692913386,0,0.0,0.9231654260000718,4689.680364080364,0.9553641732283464,4853.25,Qwen/Qwen3.6-35B-A3B-FP8
mixed_language,40,127,8,40640,same_model,31795,0.7823572834645669,8845,0.21764271653543307,159,True,127,128,32,32,0,"[159, 40, 8]",0,True,32,True,128,159,32,0,0,32,"[128, 40, 8]",1,False,f240b20adde5c5226f6b,expected_aligned_shape,Qwen/Qwen3.6-35B-A3B-FP8,ok,32,127,5080,1843,0.3627952755905512,5080,3800,0.7480314960629921,0,0.0,0.94037381690925,4777.09898989899,0.965871062992126,4906.625,Qwen/Qwen3.6-35B-A3B-FP8
mixed_language,40,127,8,40640,same_model,29982,0.737746062992126,10658,0.262253937007874,159,True,127,128,32,32,0,"[159, 40, 8]",0,True,32,True,128,159,32,0,0,32,"[128, 40, 8]",1,False,f2858e4fb41400dee486,expected_aligned_shape,Qwen/Qwen3.6-35B-A3B-FP8,ok,32,127,5080,1634,0.3216535433070866,5080,3438,0.676771653543307,0,0.0,0.9149979722814369,4648.189699189699,0.9487942913385827,4819.875,Qwen/Qwen3.6-35B-A3B-FP8
math_numeric,40,127,8,40640,same_model,30766,0.7570374015748031,9874,0.24296259842519685,159,True,127,128,32,32,0,"[159, 40, 8]",0,True,32,True,128,159,32,0,0,32,"[128, 40, 8]",1,False,f2f130fc01529df65039,expected_aligned_shape,Qwen/Qwen3.6-35B-A3B-FP8,ok,32,127,5080,1623,0.31948818897637793,5080,3508,0.6905511811023622,0,0.0,0.9243967231368805,4695.935353535354,0.9563238188976378,4858.125,Qwen/Qwen3.6-35B-A3B-FP8
short_qa,40,127,8,40640,same_model,31406,0.7727854330708661,9234,0.22721456692913386,165,True,127,128,38,38,0,"[165, 40, 8]",0,True,38,True,128,165,38,0,0,38,"[128, 40, 8]",1,False,f3007c807c021e4181b1,expected_aligned_shape,Qwen/Qwen3.6-35B-A3B-FP8,ok,32,127,5080,1729,0.3403543307086614,5080,3691,0.7265748031496063,0,0.0,0.935834725204804,4754.040404040404,0.963361220472441,4893.875,Qwen/Qwen3.6-35B-A3B-FP8
short_qa,40,127,8,40640,same_model,31117,0.7656742125984252,9523,0.2343257874015748,167,True,127,128,40,40,0,"[167, 40, 8]",0,True,40,True,128,167,40,0,0,40,"[128, 40, 8]",1,False,f30e6072f963aa16e457,expected_aligned_shape,Qwen/Qwen3.6-35B-A3B-FP8,ok,32,127,5080,1686,0.33188976377952756,5080,3631,0.7147637795275591,0,0.0,0.9315966535651574,4732.511000111,0.9606791338582678,4880.25,Qwen/Qwen3.6-35B-A3B-FP8
needle,40,127,8,40640,same_model,27981,0.6885088582677166,12659,0.3114911417322835,159,True,127,128,32,32,0,"[159, 40, 8]",0,True,32,True,128,159,32,0,0,32,"[128, 40, 8]",1,False,f336add17ac143e81f5e,expected_aligned_shape,Qwen/Qwen3.6-35B-A3B-FP8,ok,32,127,5080,1225,0.24114173228346455,5080,3145,0.6190944881889764,0,0.0,0.8970988766264355,4557.2622932622935,0.9381151574803149,4765.625,Qwen/Qwen3.6-35B-A3B-FP8
chat,40,127,8,40640,same_model,29966,0.7373523622047244,10674,0.2626476377952756,159,True,127,128,32,32,0,"[159, 40, 8]",0,True,32,True,128,159,32,0,0,32,"[128, 40, 8]",1,False,f33ed6f4a2cbbdc3df09,expected_aligned_shape,Qwen/Qwen3.6-35B-A3B-FP8,ok,32,127,5080,1516,0.2984251968503937,5080,3481,0.6852362204724409,0,0.0,0.9235063012228367,4691.4120102120105,0.9558562992125984,4855.75,Qwen/Qwen3.6-35B-A3B-FP8
json_structured,40,127,8,40640,same_model,29623,0.7289124015748032,11017,0.27108759842519686,159,True,127,128,32,32,0,"[159, 40, 8]",0,True,32,True,128,159,32,0,0,32,"[128, 40, 8]",1,False,f34be65d1aaf6e9e9a85,expected_aligned_shape,Qwen/Qwen3.6-35B-A3B-FP8,ok,32,127,5080,1499,0.2950787401574803,5080,3513,0.6915354330708662,0,0.0,0.9218119500796667,4682.804706404707,0.9541338582677166,4847.0,Qwen/Qwen3.6-35B-A3B-FP8
chat,40,127,8,40640,same_model,30952,0.7616141732283465,9688,0.23838582677165354,159,True,127,128,32,32,0,"[159, 40, 8]",0,True,32,True,128,159,32,0,0,32,"[128, 40, 8]",1,False,f4bb1bc665aeca57833d,expected_aligned_shape,Qwen/Qwen3.6-35B-A3B-FP8,ok,32,127,5080,1661,0.3269685039370079,5080,3613,0.7112204724409449,0,0.0,0.9308212959394062,4728.572183372184,0.9602608267716536,4878.125,Qwen/Qwen3.6-35B-A3B-FP8
summarization,40,127,8,40640,same_model,32007,0.7875738188976378,8633,0.2124261811023622,167,True,127,128,40,40,0,"[167, 40, 8]",0,True,40,True,128,167,40,0,0,40,"[128, 40, 8]",1,False,f4cb1b6c567545e9c097,expected_aligned_shape,Qwen/Qwen3.6-35B-A3B-FP8,ok,32,127,5080,1935,0.3809055118110236,5080,3791,0.746259842519685,0,0.0,0.9387245038426141,4768.72047952048,0.9645423228346457,4899.875,Qwen/Qwen3.6-35B-A3B-FP8
mixed_language,40,127,8,40640,same_model,30831,0.758636811023622,9809,0.24136318897637796,159,True,127,128,32,32,0,"[159, 40, 8]",0,True,32,True,128,159,32,0,0,32,"[128, 40, 8]",1,False,f57907551417f232924a,expected_aligned_shape,Qwen/Qwen3.6-35B-A3B-FP8,ok,32,127,5080,1628,0.32047244094488186,5080,3595,0.7076771653543307,0,0.0,0.9306871868289192,4727.890909090909,0.9603592519685039,4878.625,Qwen/Qwen3.6-35B-A3B-FP8
mixed_language,40,102,8,32640,same_model,25661,0.7861825980392156,6979,0.2138174019607843,134,True,102,103,32,32,0,"[134, 40, 8]",0,True,32,True,103,134,32,0,0,32,"[103, 40, 8]",1,False,f598a18bf78b83407716,expected_aligned_shape,Qwen/Qwen3.6-35B-A3B-FP8,ok,32,102,4080,1537,0.3767156862745098,4080,3040,0.7450980392156863,0,0.0,0.938924713630596,3830.812831612832,0.9646446078431372,3935.75,Qwen/Qwen3.6-35B-A3B-FP8
summarization,40,127,8,40640,same_model,30456,0.7494094488188976,10184,0.25059055118110235,159,True,127,128,32,32,0,"[159, 40, 8]",0,True,32,True,128,159,32,0,0,32,"[128, 40, 8]",1,False,f5c971c02106745e8fc1,expected_aligned_shape,Qwen/Qwen3.6-35B-A3B-FP8,ok,32,127,5080,1636,0.3220472440944882,5080,3530,0.6948818897637795,0,0.0,0.9243913960055694,4695.9082917082915,0.9558562992125984,4855.75,Qwen/Qwen3.6-35B-A3B-FP8
code,40,127,8,40640,same_model,30269,0.7448080708661418,10371,0.25519192913385824,159,True,127,128,32,32,0,"[159, 40, 8]",0,True,32,True,128,159,32,0,0,32,"[128, 40, 8]",1,False,f5c9a7b15992f59eb027,expected_aligned_shape,Qwen/Qwen3.6-35B-A3B-FP8,ok,32,127,5080,1559,0.30688976377952754,5080,3462,0.681496062992126,0,0.0,0.922189988489201,4684.725141525141,0.9550442913385827,4851.625,Qwen/Qwen3.6-35B-A3B-FP8
summarization,40,127,8,40640,same_model,30745,0.7565206692913385,9895,0.24347933070866143,159,True,127,128,32,32,0,"[159, 40, 8]",0,True,32,True,128,159,32,0,0,32,"[128, 40, 8]",1,False,f5e18fd11d8b2c589463,expected_aligned_shape,Qwen/Qwen3.6-35B-A3B-FP8,ok,32,127,5080,1663,0.32736220472440947,5080,3592,0.7070866141732284,0,0.0,0.9295166076268438,4721.944366744367,0.9594242125984253,4873.875,Qwen/Qwen3.6-35B-A3B-FP8
code,40,127,8,40640,same_model,30386,0.7476870078740158,10254,0.25231299212598424,159,True,127,128,32,32,0,"[159, 40, 8]",0,True,32,True,128,159,32,0,0,32,"[128, 40, 8]",1,False,f5f097d365c9fe0e543f,expected_aligned_shape,Qwen/Qwen3.6-35B-A3B-FP8,ok,32,127,5080,1545,0.30413385826771655,5080,3583,0.7053149606299213,0,0.0,0.928394361543968,4716.2433566433565,0.9587106299212599,4870.25,Qwen/Qwen3.6-35B-A3B-FP8
code,40,127,8,40640,same_model,31215,0.7680856299212598,9425,0.23191437007874016,159,True,127,128,32,32,0,"[159, 40, 8]",0,True,32,True,128,159,32,0,0,32,"[128, 40, 8]",1,False,f607a25acb33f6d075c1,expected_aligned_shape,Qwen/Qwen3.6-35B-A3B-FP8,ok,32,127,5080,1745,0.343503937007874,5080,3613,0.7112204724409449,0,0.0,0.9296012211760243,4722.374203574203,0.9593503937007875,4873.5,Qwen/Qwen3.6-35B-A3B-FP8
short_qa,40,127,8,40640,same_model,31216,0.7681102362204725,9424,0.23188976377952755,166,True,127,128,39,39,0,"[166, 40, 8]",0,True,39,True,128,166,39,0,0,39,"[128, 40, 8]",1,False,f6dd8ff341515260d4cb,expected_aligned_shape,Qwen/Qwen3.6-35B-A3B-FP8,ok,32,127,5080,1742,0.34291338582677167,5080,3691,0.7265748031496063,0,0.0,0.9352429809910124,4751.034343434343,0.9628937007874016,4891.5,Qwen/Qwen3.6-35B-A3B-FP8
low_margin,40,127,8,40640,same_model,30777,0.7573080708661417,9863,0.24269192913385826,167,True,127,128,40,40,0,"[167, 40, 8]",0,True,40,True,128,167,40,0,0,40,"[128, 40, 8]",1,False,f6f8677e1aeefc09a04f,expected_aligned_shape,Qwen/Qwen3.6-35B-A3B-FP8,ok,32,127,5080,1569,0.3088582677165354,5080,3532,0.6952755905511812,0,0.0,0.9284307643362761,4716.428282828283,0.9591535433070866,4872.5,Qwen/Qwen3.6-35B-A3B-FP8
summarization,40,127,8,40640,same_model,30580,0.7524606299212598,10060,0.24753937007874016,159,True,127,128,32,32,0,"[159, 40, 8]",0,True,32,True,128,159,32,0,0,32,"[128, 40, 8]",1,False,f7161b47275b97c6fb82,expected_aligned_shape,Qwen/Qwen3.6-35B-A3B-FP8,ok,32,127,5080,1606,0.3161417322834646,5080,3601,0.7088582677165355,0,0.0,0.9291650169602926,4720.1582861582865,0.9589812992125984,4871.625,Qwen/Qwen3.6-35B-A3B-FP8
mixed_language,40,127,8,40640,same_model,29623,0.7289124015748032,11017,0.27108759842519686,159,True,127,128,32,32,0,"[159, 40, 8]",0,True,32,True,128,159,32,0,0,32,"[128, 40, 8]",1,False,f7235228f8e221be40e0,expected_aligned_shape,Qwen/Qwen3.6-35B-A3B-FP8,ok,32,127,5080,1470,0.28937007874015747,5080,3430,0.6751968503937008,0,0.0,0.9210196452716137,4678.779797979798,0.9545029527559055,4848.875,Qwen/Qwen3.6-35B-A3B-FP8
json_structured,40,127,8,40640,same_model,31061,0.7642962598425197,9579,0.2357037401574803,167,True,127,128,40,40,0,"[167, 40, 8]",0,True,40,True,128,167,40,0,0,40,"[128, 40, 8]",1,False,f765a88495d61ef8fb00,expected_aligned_shape,Qwen/Qwen3.6-35B-A3B-FP8,ok,32,127,5080,1716,0.33779527559055117,5080,3703,0.7289370078740157,0,0.0,0.9348149575708632,4748.859984459985,0.9625,4889.5,Qwen/Qwen3.6-35B-A3B-FP8
summarization,40,127,8,40640,same_model,31315,0.7705462598425197,9325,0.22945374015748032,166,True,127,128,39,39,0,"[166, 40, 8]",0,True,39,True,128,166,39,0,0,39,"[128, 40, 8]",1,False,f7b04a9eb798f66c1982,expected_aligned_shape,Qwen/Qwen3.6-35B-A3B-FP8,ok,32,127,5080,1781,0.3505905511811024,5080,3712,0.7307086614173228,0,0.0,0.9354935178557227,4752.307070707071,0.9630413385826772,4892.25,Qwen/Qwen3.6-35B-A3B-FP8
chat,40,127,8,40640,same_model,29346,0.7220964566929133,11294,0.2779035433070866,159,True,127,128,32,32,0,"[159, 40, 8]",0,True,32,True,128,159,32,0,0,32,"[128, 40, 8]",1,False,f7b31d9c7603bfc99f41,expected_aligned_shape,Qwen/Qwen3.6-35B-A3B-FP8,ok,32,127,5080,1397,0.275,5080,3351,0.6596456692913386,0,0.0,0.9157207534372889,4651.861427461427,0.9509350393700787,4830.75,Qwen/Qwen3.6-35B-A3B-FP8
json_structured,40,127,8,40640,same_model,28603,0.7038139763779527,12037,0.29618602362204727,159,True,127,128,32,32,0,"[159, 40, 8]",0,True,32,True,128,159,32,0,0,32,"[128, 40, 8]",1,False,f8161d92d5e0dcf1cce3,expected_aligned_shape,Qwen/Qwen3.6-35B-A3B-FP8,ok,32,127,5080,1259,0.24783464566929134,5080,3255,0.640748031496063,0,0.0,0.9084861507696154,4615.109645909646,0.946136811023622,4806.375,Qwen/Qwen3.6-35B-A3B-FP8
code,40,127,8,40640,same_model,30670,0.7546751968503937,9970,0.2453248031496063,159,True,127,128,32,32,0,"[159, 40, 8]",0,True,32,True,128,159,32,0,0,32,"[128, 40, 8]",1,False,f8522bf1b1649196dabf,expected_aligned_shape,Qwen/Qwen3.6-35B-A3B-FP8,ok,32,127,5080,1634,0.3216535433070866,5080,3508,0.6905511811023622,0,0.0,0.9231515378759474,4689.609812409813,0.9550688976377952,4851.75,Qwen/Qwen3.6-35B-A3B-FP8
low_margin,40,127,8,40640,same_model,31592,0.7773622047244094,9048,0.22263779527559055,166,True,127,128,39,39,0,"[166, 40, 8]",0,True,39,True,128,166,39,0,0,39,"[128, 40, 8]",1,False,f8b7d673208f4703d173,expected_aligned_shape,Qwen/Qwen3.6-35B-A3B-FP8,ok,32,127,5080,1808,0.35590551181102364,5080,3779,0.7438976377952756,0,0.0,0.9392611150878868,4771.446464646465,0.9652312992125984,4903.375,Qwen/Qwen3.6-35B-A3B-FP8
mixed_language,40,127,8,40640,same_model,31017,0.7632135826771653,9623,0.23678641732283465,159,True,127,128,32,32,0,"[159, 40, 8]",0,True,32,True,128,159,32,0,0,32,"[128, 40, 8]",1,False,f913721fcb7ea89e83db,expected_aligned_shape,Qwen/Qwen3.6-35B-A3B-FP8,ok,32,127,5080,1676,0.3299212598425197,5080,3652,0.7188976377952756,0,0.0,0.9309937306787702,4729.448151848152,0.9597687007874016,4875.625,Qwen/Qwen3.6-35B-A3B-FP8
needle,40,127,8,40640,same_model,29399,0.7234005905511811,11241,0.2765994094488189,159,True,127,128,32,32,0,"[159, 40, 8]",0,True,32,True,128,159,32,0,0,32,"[128, 40, 8]",1,False,f9234eab6995d6951a8a,expected_aligned_shape,Qwen/Qwen3.6-35B-A3B-FP8,ok,32,127,5080,1439,0.2832677165354331,5080,3363,0.662007874015748,0,0.0,0.9148004925957683,4647.186502386502,0.9500738188976378,4826.375,Qwen/Qwen3.6-35B-A3B-FP8
short_qa,40,127,8,40640,same_model,30828,0.7585629921259842,9812,0.24143700787401576,159,True,127,128,32,32,0,"[159, 40, 8]",0,True,32,True,128,159,32,0,0,32,"[128, 40, 8]",1,False,fa9d275badf610a1379e,expected_aligned_shape,Qwen/Qwen3.6-35B-A3B-FP8,ok,32,127,5080,1606,0.3161417322834646,5080,3560,0.7007874015748031,0,0.0,0.9288013998250219,4718.311111111111,0.9592273622047244,4872.875,Qwen/Qwen3.6-35B-A3B-FP8
math_numeric,40,127,8,40640,same_model,30817,0.7582923228346456,9823,0.24170767716535432,159,True,127,128,32,32,0,"[159, 40, 8]",0,True,32,True,128,159,32,0,0,32,"[128, 40, 8]",1,False,fad300d8fd6577e50bbc,expected_aligned_shape,Qwen/Qwen3.6-35B-A3B-FP8,ok,32,127,5080,1683,0.3312992125984252,5080,3644,0.7173228346456693,0,0.0,0.9313581606494994,4731.299456099456,0.9604084645669292,4878.875,Qwen/Qwen3.6-35B-A3B-FP8
low_margin,40,127,8,40640,same_model,30434,0.7488681102362205,10206,0.25113188976377954,165,True,127,128,38,38,0,"[165, 40, 8]",0,True,38,True,128,165,38,0,0,38,"[128, 40, 8]",1,False,fad7a7bed044b720b4b1,expected_aligned_shape,Qwen/Qwen3.6-35B-A3B-FP8,ok,32,127,5080,1615,0.31791338582677164,5080,3561,0.7009842519685039,0,0.0,0.9276187067525652,4712.30303030303,0.9582923228346457,4868.125,Qwen/Qwen3.6-35B-A3B-FP8
json_structured,40,127,8,40640,same_model,28965,0.7127214566929134,11675,0.28727854330708663,159,True,127,128,32,32,0,"[159, 40, 8]",0,True,32,True,128,159,32,0,0,32,"[128, 40, 8]",1,False,fae09243181a7d6bf3ec,expected_aligned_shape,Qwen/Qwen3.6-35B-A3B-FP8,ok,32,127,5080,1333,0.26240157480314963,5080,3317,0.6529527559055118,0,0.0,0.9141125803330528,4643.691908091908,0.9499507874015748,4825.75,Qwen/Qwen3.6-35B-A3B-FP8
short_qa,40,127,8,40640,same_model,27934,0.6873523622047244,12706,0.3126476377952756,159,True,127,128,32,32,0,"[159, 40, 8]",0,True,32,True,128,159,32,0,0,32,"[128, 40, 8]",1,False,fb4a2ad326742a7daba7,expected_aligned_shape,Qwen/Qwen3.6-35B-A3B-FP8,ok,32,127,5080,1302,0.2562992125984252,5080,3116,0.6133858267716535,0,0.0,0.8956514439191603,4549.909335109335,0.9373031496062992,4761.5,Qwen/Qwen3.6-35B-A3B-FP8
logs,40,127,8,40640,same_model,30670,0.7546751968503937,9970,0.2453248031496063,159,True,127,128,32,32,0,"[159, 40, 8]",0,True,32,True,128,159,32,0,0,32,"[128, 40, 8]",1,False,fb52f03e456f4681f727,expected_aligned_shape,Qwen/Qwen3.6-35B-A3B-FP8,ok,32,127,5080,1609,0.31673228346456694,5080,3576,0.7039370078740157,0,0.0,0.9301190672844215,4725.004861804862,0.9599655511811024,4876.625,Qwen/Qwen3.6-35B-A3B-FP8
needle,40,127,8,40640,same_model,29201,0.7185285433070866,11439,0.2814714566929134,159,True,127,128,32,32,0,"[159, 40, 8]",0,True,32,True,128,159,32,0,0,32,"[128, 40, 8]",1,False,fb7cd58efb77536b7e5a,expected_aligned_shape,Qwen/Qwen3.6-35B-A3B-FP8,ok,32,127,5080,1400,0.2755905511811024,5080,3348,0.6590551181102362,0,0.0,0.9155761910880021,4651.127050727051,0.9509104330708661,4830.625,Qwen/Qwen3.6-35B-A3B-FP8
needle,40,127,8,40640,same_model,29593,0.7281742125984252,11047,0.2718257874015748,159,True,127,128,32,32,0,"[159, 40, 8]",0,True,32,True,128,159,32,0,0,32,"[128, 40, 8]",1,False,fc015de10f6cf890ad72,expected_aligned_shape,Qwen/Qwen3.6-35B-A3B-FP8,ok,32,127,5080,1439,0.2832677165354331,5080,3410,0.6712598425196851,0,0.0,0.9177437260901827,4662.1381285381285,0.9520423228346456,4836.375,Qwen/Qwen3.6-35B-A3B-FP8
logs,40,127,8,40640,same_model,32504,0.7998031496062992,8136,0.20019685039370078,159,True,127,128,32,32,0,"[159, 40, 8]",0,True,32,True,128,159,32,0,0,32,"[128, 40, 8]",1,False,fd593d5b54a62fcffca1,expected_aligned_shape,Qwen/Qwen3.6-35B-A3B-FP8,ok,32,127,5080,2021,0.39783464566929133,5080,3940,0.7755905511811023,0,0.0,0.944998767636563,4800.59373959374,0.9676673228346456,4915.75,Qwen/Qwen3.6-35B-A3B-FP8
summarization,40,127,8,40640,same_model,29522,0.7264271653543307,11118,0.2735728346456693,163,True,127,128,36,36,0,"[163, 40, 8]",0,True,36,True,128,163,36,0,0,36,"[128, 40, 8]",1,False,fd91b59bb2c549b95df7,expected_aligned_shape,Qwen/Qwen3.6-35B-A3B-FP8,ok,32,127,5080,1398,0.2751968503937008,5080,3382,0.665748031496063,0,0.0,0.917575145764122,4661.281740481741,0.9522883858267717,4837.625,Qwen/Qwen3.6-35B-A3B-FP8
math_numeric,40,127,8,40640,same_model,30922,0.7608759842519685,9718,0.2391240157480315,159,True,127,128,32,32,0,"[159, 40, 8]",0,True,32,True,128,159,32,0,0,32,"[128, 40, 8]",1,False,fdfcb33b753deea08692,expected_aligned_shape,Qwen/Qwen3.6-35B-A3B-FP8,ok,32,127,5080,1716,0.33779527559055117,5080,3511,0.6911417322834645,0,0.0,0.9222765598356149,4685.164923964924,0.9545275590551181,4849.0,Qwen/Qwen3.6-35B-A3B-FP8
chat,40,127,8,40640,same_model,30171,0.7423966535433071,10469,0.2576033464566929,167,True,127,128,40,40,0,"[167, 40, 8]",0,True,40,True,128,167,40,0,0,40,"[128, 40, 8]",1,False,fe4a3d67806d76a98fae,expected_aligned_shape,Qwen/Qwen3.6-35B-A3B-FP8,ok,32,127,5080,1597,0.3143700787401575,5080,3533,0.6954724409448819,0,0.0,0.9258927861290066,4703.535353535353,0.9573080708661418,4863.125,Qwen/Qwen3.6-35B-A3B-FP8
summarization,40,127,8,40640,same_model,30664,0.7545275590551181,9976,0.24547244094488188,159,True,127,128,32,32,0,"[159, 40, 8]",0,True,32,True,128,159,32,0,0,32,"[128, 40, 8]",1,False,fe4cffdc58d7f1e1a293,expected_aligned_shape,Qwen/Qwen3.6-35B-A3B-FP8,ok,32,127,5080,1623,0.31948818897637793,5080,3553,0.6994094488188977,0,0.0,0.925377465928647,4700.917526917527,0.9565698818897638,4859.375,Qwen/Qwen3.6-35B-A3B-FP8
low_margin,40,127,8,40640,same_model,30475,0.749876968503937,10165,0.250123031496063,166,True,127,128,39,39,0,"[166, 40, 8]",0,True,39,True,128,166,39,0,0,39,"[128, 40, 8]",1,False,fe6b5ef3198d755075f3,expected_aligned_shape,Qwen/Qwen3.6-35B-A3B-FP8,ok,32,127,5080,1567,0.3084645669291339,5080,3573,0.7033464566929134,0,0.0,0.9283854290940904,4716.19797979798,0.9587844488188977,4870.625,Qwen/Qwen3.6-35B-A3B-FP8
short_qa,40,127,8,40640,same_model,31099,0.7652312992125985,9541,0.23476870078740159,166,True,127,128,39,39,0,"[166, 40, 8]",0,True,39,True,128,166,39,0,0,39,"[128, 40, 8]",1,False,ff1a9c5e2203db4473c6,expected_aligned_shape,Qwen/Qwen3.6-35B-A3B-FP8,ok,32,127,5080,1713,0.3372047244094488,5080,3642,0.7169291338582677,0,0.0,0.9317273977116498,4733.17518037518,0.9606545275590551,4880.125,Qwen/Qwen3.6-35B-A3B-FP8
short_qa,40,127,8,40640,same_model,31895,0.7848179133858267,8745,0.21518208661417323,159,True,127,128,32,32,0,"[159, 40, 8]",0,True,32,True,128,159,32,0,0,32,"[128, 40, 8]",1,False,ff6072c8813e42e04c48,expected_aligned_shape,Qwen/Qwen3.6-35B-A3B-FP8,ok,32,127,5080,1891,0.37224409448818896,5080,3874,0.7625984251968504,0,0.0,0.9411481650458029,4781.032678432678,0.9652066929133858,4903.25,Qwen/Qwen3.6-35B-A3B-FP8
needle,40,127,8,40640,same_model,29423,0.7239911417322835,11217,0.27600885826771654,159,True,127,128,32,32,0,"[159, 40, 8]",0,True,32,True,128,159,32,0,0,32,"[128, 40, 8]",1,False,ff63d5d0021722cb25c1,expected_aligned_shape,Qwen/Qwen3.6-35B-A3B-FP8,ok,32,127,5080,1448,0.28503937007874014,5080,3408,0.6708661417322834,0,0.0,0.9200243501030901,4673.723698523699,0.9539124015748032,4845.875,Qwen/Qwen3.6-35B-A3B-FP8
code,40,127,8,40640,same_model,30049,0.7393946850393701,10591,0.26060531496062994,159,True,127,128,32,32,0,"[159, 40, 8]",0,True,32,True,128,159,32,0,0,32,"[128, 40, 8]",1,False,ff695148bbfc18ebb614,expected_aligned_shape,Qwen/Qwen3.6-35B-A3B-FP8,ok,32,127,5080,1521,0.29940944881889764,5080,3507,0.6903543307086614,0,0.0,0.9239128413144159,4693.477233877234,0.9560285433070866,4856.625,Qwen/Qwen3.6-35B-A3B-FP8
mixed_language,40,94,8,30080,same_model,23763,0.7899933510638298,6317,0.21000664893617021,126,True,94,95,32,32,0,"[126, 40, 8]",0,True,32,True,95,126,32,0,0,32,"[95, 40, 8]",1,False,ff7b7a3a96c67f89ba19,expected_aligned_shape,Qwen/Qwen3.6-35B-A3B-FP8,ok,32,94,3760,1473,0.3917553191489362,3760,2820,0.75,0,0.0,0.9395730746794576,3532.794760794761,0.9649601063829787,3628.25,Qwen/Qwen3.6-35B-A3B-FP8
summarization,40,127,8,40640,same_model,30285,0.7452017716535433,10355,0.2547982283464567,159,True,127,128,32,32,0,"[159, 40, 8]",0,True,32,True,128,159,32,0,0,32,"[128, 40, 8]",1,False,ffa9abdf662cfcc625ac,expected_aligned_shape,Qwen/Qwen3.6-35B-A3B-FP8,ok,32,127,5080,1580,0.3110236220472441,5080,3589,0.706496062992126,0,0.0,0.9260600204694694,4704.384903984904,0.9565698818897638,4859.375,Qwen/Qwen3.6-35B-A3B-FP8
chat,40,127,8,40640,same_model,29672,0.7301181102362204,10968,0.2698818897637795,159,True,127,128,32,32,0,"[159, 40, 8]",0,True,32,True,128,159,32,0,0,32,"[128, 40, 8]",1,False,ffc63ef1ee5b72090bcf,expected_aligned_shape,Qwen/Qwen3.6-35B-A3B-FP8,ok,32,127,5080,1405,0.2765748031496063,5080,3416,0.6724409448818898,0,0.0,0.9187643502604133,4667.3228993228995,0.952755905511811,4840.0,Qwen/Qwen3.6-35B-A3B-FP8
json_structured,40,127,8,40640,same_model,29833,0.7340797244094488,10807,0.2659202755905512,159,True,127,128,32,32,0,"[159, 40, 8]",0,True,32,True,128,159,32,0,0,32,"[128, 40, 8]",1,False,ffe9f5f93121cd2df5ca,expected_aligned_shape,Qwen/Qwen3.6-35B-A3B-FP8,ok,32,127,5080,1466,0.28858267716535435,5080,3517,0.6923228346456692,0,0.0,0.9254020301658097,4701.042313242313,0.9568897637795276,4861.0,Qwen/Qwen3.6-35B-A3B-FP8
