category,common_layers,common_len,common_topk,compared_entries,comparison_kind,entry_match_count,entry_match_rate,entry_mismatch_count,entry_mismatch_rate,expected_gen_route_len,expected_length_match,expected_overlap_len,expected_prefill_route_len,gen_overlap_offset,gen_prefix_ignored,gen_route_start,gen_shape,gen_tail_ignored,inferred_shape_match,input_token_count,layer_topk_shape_match,output_token_count,overlap_end,overlap_start,prefill_overlap_offset,prefill_prefix_ignored,prefill_route_start,prefill_shape,prefill_tail_ignored,raw_shape_match,sample_id,shape_status,source_model,status,target_input_tokens,token_count,token_layer_count,token_layer_match_count,token_layer_match_rate,token_layer_set_count,token_layer_set_match_count,token_layer_set_match_rate,token_match_count,token_match_rate,topk_jaccard_mean,topk_jaccard_sum,topk_overlap_mean,topk_overlap_sum,verifier_model
logs,40,127,8,40640,cross_model,28977,0.7130167322834645,11663,0.28698326771653543,159,True,127,128,32,32,0,"[159, 40, 8]",0,True,32,True,128,159,32,0,0,32,"[128, 40, 8]",1,False,0003c1ab20d811680fab,expected_aligned_shape,Qwen/Qwen3.6-35B-A3B-FP8,ok,32,127,5080,1317,0.259251968503937,5080,3345,0.6584645669291339,0,0.0,0.9126477066240846,4636.25034965035,0.9478100393700788,4814.875,Qwen/Qwen3.6-35B-A3B
short_qa,40,127,8,40640,cross_model,29623,0.7289124015748032,11017,0.27108759842519686,165,True,127,128,38,38,0,"[165, 40, 8]",0,True,38,True,128,165,38,0,0,38,"[128, 40, 8]",1,False,00948d836971f053bbf9,expected_aligned_shape,Qwen/Qwen3.6-35B-A3B-FP8,ok,32,127,5080,1405,0.2765748031496063,5080,3411,0.6714566929133858,0,0.0,0.9199623735844208,4673.408857808858,0.9535679133858268,4844.125,Qwen/Qwen3.6-35B-A3B
json_structured,40,127,8,40640,cross_model,28853,0.7099655511811024,11787,0.2900344488188976,159,True,127,128,32,32,0,"[159, 40, 8]",0,True,32,True,128,159,32,0,0,32,"[128, 40, 8]",1,False,00afd811d2fb32cde01b,expected_aligned_shape,Qwen/Qwen3.6-35B-A3B-FP8,ok,32,127,5080,1252,0.24645669291338582,5080,3330,0.655511811023622,0,0.0,0.9149212991732677,4647.8001998002,0.9505167322834646,4828.625,Qwen/Qwen3.6-35B-A3B
chat,40,127,8,40640,cross_model,29484,0.725492125984252,11156,0.27450787401574805,159,True,127,128,32,32,0,"[159, 40, 8]",0,True,32,True,128,159,32,0,0,32,"[128, 40, 8]",1,False,00c5b0bb8b418f1087d2,expected_aligned_shape,Qwen/Qwen3.6-35B-A3B-FP8,ok,32,127,5080,1363,0.26830708661417324,5080,3378,0.6649606299212598,0,0.0,0.9179357475420468,4663.113597513598,0.9525098425196851,4838.75,Qwen/Qwen3.6-35B-A3B
mixed_language,40,127,8,40640,cross_model,29041,0.7145915354330709,11599,0.28540846456692914,159,True,127,128,32,32,0,"[159, 40, 8]",0,True,32,True,128,159,32,0,0,32,"[128, 40, 8]",1,False,00ea1d2b9e3c897033ae,expected_aligned_shape,Qwen/Qwen3.6-35B-A3B-FP8,ok,32,127,5080,1301,0.25610236220472443,5080,3417,0.6726377952755905,0,0.0,0.914711530813893,4646.734576534576,0.9488435039370079,4820.125,Qwen/Qwen3.6-35B-A3B
json_structured,40,127,8,40640,cross_model,27859,0.6855068897637795,12781,0.31449311023622045,159,True,127,128,32,32,0,"[159, 40, 8]",0,True,32,True,128,159,32,0,0,32,"[128, 40, 8]",1,False,01159c067d84ad43a166,expected_aligned_shape,Qwen/Qwen3.6-35B-A3B-FP8,ok,32,127,5080,1084,0.21338582677165355,5080,3086,0.6074803149606299,0,0.0,0.9037852785884283,4591.229215229216,0.9444143700787402,4797.625,Qwen/Qwen3.6-35B-A3B
math_numeric,40,127,8,40640,cross_model,27385,0.6738435039370079,13255,0.32615649606299213,159,True,127,128,32,32,0,"[159, 40, 8]",0,True,32,True,128,159,32,0,0,32,"[128, 40, 8]",1,False,014c2c850a48d8d32f72,expected_aligned_shape,Qwen/Qwen3.6-35B-A3B-FP8,ok,32,127,5080,1143,0.225,5080,3116,0.6133858267716535,0,0.0,0.8969842580866203,4556.680031080031,0.9386072834645669,4768.125,Qwen/Qwen3.6-35B-A3B
low_margin,40,127,8,40640,cross_model,29193,0.7183316929133858,11447,0.28166830708661417,167,True,127,128,40,40,0,"[167, 40, 8]",0,True,40,True,128,167,40,0,0,40,"[128, 40, 8]",1,False,014ff27d5116c25971aa,expected_aligned_shape,Qwen/Qwen3.6-35B-A3B-FP8,ok,32,127,5080,1349,0.2655511811023622,5080,3362,0.6618110236220472,0,0.0,0.9172903955187419,4659.835209235209,0.9520423228346456,4836.375,Qwen/Qwen3.6-35B-A3B
logs,40,127,8,40640,cross_model,28641,0.7047490157480315,11999,0.2952509842519685,159,True,127,128,32,32,0,"[159, 40, 8]",0,True,32,True,128,159,32,0,0,32,"[128, 40, 8]",1,False,0167de77ade28a1387ba,expected_aligned_shape,Qwen/Qwen3.6-35B-A3B-FP8,ok,32,127,5080,1279,0.2517716535433071,5080,3299,0.6494094488188976,0,0.0,0.9130215104230852,4638.149272949273,0.9495324803149606,4823.625,Qwen/Qwen3.6-35B-A3B
summarization,40,127,8,40640,cross_model,29733,0.731619094488189,10907,0.26838090551181104,167,True,127,128,40,40,0,"[167, 40, 8]",0,True,40,True,128,167,40,0,0,40,"[128, 40, 8]",1,False,022f9baa16bf97afecb7,expected_aligned_shape,Qwen/Qwen3.6-35B-A3B-FP8,ok,32,127,5080,1425,0.28051181102362205,5080,3447,0.6785433070866141,0,0.0,0.9206184235711795,4676.741591741592,0.9535187007874015,4843.875,Qwen/Qwen3.6-35B-A3B
logs,40,127,8,40640,cross_model,28617,0.7041584645669291,12023,0.29584153543307085,159,True,127,128,32,32,0,"[159, 40, 8]",0,True,32,True,128,159,32,0,0,32,"[128, 40, 8]",1,False,0250f87838b3c4e749b5,expected_aligned_shape,Qwen/Qwen3.6-35B-A3B-FP8,ok,32,127,5080,1218,0.23976377952755906,5080,3230,0.6358267716535433,0,0.0,0.9104014970156702,4624.839604839605,0.9480314960629921,4816.0,Qwen/Qwen3.6-35B-A3B
chat,40,127,8,40640,cross_model,29417,0.7238435039370079,11223,0.27615649606299214,167,True,127,128,40,40,0,"[167, 40, 8]",0,True,40,True,128,167,40,0,0,40,"[128, 40, 8]",1,False,027150b07a186d142ae6,expected_aligned_shape,Qwen/Qwen3.6-35B-A3B-FP8,ok,32,127,5080,1350,0.265748031496063,5080,3382,0.665748031496063,0,0.0,0.9182041580466777,4664.477122877123,0.952755905511811,4840.0,Qwen/Qwen3.6-35B-A3B
needle,40,127,8,40640,cross_model,28664,0.7053149606299213,11976,0.2946850393700787,159,True,127,128,32,32,0,"[159, 40, 8]",0,True,32,True,128,159,32,0,0,32,"[128, 40, 8]",1,False,02a3fef10ad703b70508,expected_aligned_shape,Qwen/Qwen3.6-35B-A3B-FP8,ok,32,127,5080,1257,0.24744094488188975,5080,3260,0.6417322834645669,0,0.0,0.9125411596277738,4635.709090909091,0.9495816929133858,4823.875,Qwen/Qwen3.6-35B-A3B
logs,40,127,8,40640,cross_model,26109,0.6424458661417323,14531,0.35755413385826773,159,True,127,128,32,32,0,"[159, 40, 8]",0,True,32,True,128,159,32,0,0,32,"[128, 40, 8]",1,False,03475cd4ee88e0e9400a,expected_aligned_shape,Qwen/Qwen3.6-35B-A3B-FP8,ok,32,127,5080,927,0.1824803149606299,5080,2873,0.5655511811023622,0,0.0,0.8771699123273926,4456.023154623154,0.9246801181102362,4697.375,Qwen/Qwen3.6-35B-A3B
low_margin,40,127,8,40640,cross_model,29555,0.7272391732283464,11085,0.27276082677165353,167,True,127,128,40,40,0,"[167, 40, 8]",0,True,40,True,128,167,40,0,0,40,"[128, 40, 8]",1,False,0364b7d8d89c84a3bd6d,expected_aligned_shape,Qwen/Qwen3.6-35B-A3B-FP8,ok,32,127,5080,1400,0.2755905511811024,5080,3426,0.6744094488188976,0,0.0,0.9220583790662531,4684.056565656566,0.9553149606299213,4853.0,Qwen/Qwen3.6-35B-A3B
json_structured,40,127,8,40640,cross_model,29377,0.722859251968504,11263,0.2771407480314961,167,True,127,128,40,40,0,"[167, 40, 8]",0,True,40,True,128,167,40,0,0,40,"[128, 40, 8]",1,False,0394d59a86c26188b0e5,expected_aligned_shape,Qwen/Qwen3.6-35B-A3B-FP8,ok,32,127,5080,1326,0.2610236220472441,5080,3345,0.6584645669291339,0,0.0,0.9158808033611182,4652.674481074481,0.9511564960629921,4831.875,Qwen/Qwen3.6-35B-A3B
code,40,127,8,40640,cross_model,29684,0.7304133858267716,10956,0.2695866141732283,159,True,127,128,32,32,0,"[159, 40, 8]",0,True,32,True,128,159,32,0,0,32,"[128, 40, 8]",1,False,03abe1c0830e3621b532,expected_aligned_shape,Qwen/Qwen3.6-35B-A3B-FP8,ok,32,127,5080,1403,0.2761811023622047,5080,3452,0.6795275590551181,0,0.0,0.9213497438694288,4680.4566988566985,0.9542814960629922,4847.75,Qwen/Qwen3.6-35B-A3B
chat,40,127,8,40640,cross_model,28101,0.6914616141732284,12539,0.3085383858267717,159,True,127,128,32,32,0,"[159, 40, 8]",0,True,32,True,128,159,32,0,0,32,"[128, 40, 8]",1,False,03adb09fa2be78c52cff,expected_aligned_shape,Qwen/Qwen3.6-35B-A3B-FP8,ok,32,127,5080,1163,0.22893700787401575,5080,3171,0.6242125984251968,0,0.0,0.9064209019327131,4604.618181818182,0.9457677165354331,4804.5,Qwen/Qwen3.6-35B-A3B
json_structured,40,127,8,40640,cross_model,28601,0.7037647637795276,12039,0.29623523622047243,159,True,127,128,32,32,0,"[159, 40, 8]",0,True,32,True,128,159,32,0,0,32,"[128, 40, 8]",1,False,03be0a1c2e15e0e45156,expected_aligned_shape,Qwen/Qwen3.6-35B-A3B-FP8,ok,32,127,5080,1236,0.24330708661417322,5080,3272,0.6440944881889764,0,0.0,0.9115096452104324,4630.468997668998,0.948523622047244,4818.5,Qwen/Qwen3.6-35B-A3B
needle,40,127,8,40640,cross_model,28152,0.6927165354330709,12488,0.3072834645669291,159,True,127,128,32,32,0,"[159, 40, 8]",0,True,32,True,128,159,32,0,0,32,"[128, 40, 8]",1,False,03c274dea50b8653f42a,expected_aligned_shape,Qwen/Qwen3.6-35B-A3B-FP8,ok,32,127,5080,1163,0.22893700787401575,5080,3261,0.6419291338582677,0,0.0,0.9099696541428823,4622.645843045843,0.9476377952755906,4814.0,Qwen/Qwen3.6-35B-A3B
math_numeric,40,127,8,40640,cross_model,21127,0.5198572834645669,19513,0.48014271653543306,159,True,127,128,32,32,0,"[159, 40, 8]",0,True,32,True,128,159,32,0,0,32,"[128, 40, 8]",1,False,03d767a5e1b20a947895,expected_aligned_shape,Qwen/Qwen3.6-35B-A3B-FP8,ok,32,127,5080,387,0.07618110236220473,5080,1954,0.3846456692913386,0,0.0,0.8087416607889049,4108.407636807637,0.8783956692913386,4462.25,Qwen/Qwen3.6-35B-A3B
low_margin,40,127,8,40640,cross_model,29180,0.718011811023622,11460,0.28198818897637795,167,True,127,128,40,40,0,"[167, 40, 8]",0,True,40,True,128,167,40,0,0,40,"[128, 40, 8]",1,False,043a64a79e93471ae3d3,expected_aligned_shape,Qwen/Qwen3.6-35B-A3B-FP8,ok,32,127,5080,1312,0.25826771653543307,5080,3311,0.6517716535433071,0,0.0,0.9143433207212734,4644.864069264069,0.9503444881889764,4827.75,Qwen/Qwen3.6-35B-A3B
logs,40,127,8,40640,cross_model,29011,0.713853346456693,11629,0.2861466535433071,159,True,127,128,32,32,0,"[159, 40, 8]",0,True,32,True,128,159,32,0,0,32,"[128, 40, 8]",1,False,0458db6cb441016028c1,expected_aligned_shape,Qwen/Qwen3.6-35B-A3B-FP8,ok,32,127,5080,1322,0.26023622047244094,5080,3303,0.6501968503937008,0,0.0,0.9139705395217205,4642.970340770341,0.9499507874015748,4825.75,Qwen/Qwen3.6-35B-A3B
short_qa,40,127,8,40640,cross_model,31428,0.7733267716535434,9212,0.2266732283464567,159,True,127,128,32,32,0,"[159, 40, 8]",0,True,32,True,128,159,32,0,0,32,"[128, 40, 8]",1,False,052429e5e8da268aba0c,expected_aligned_shape,Qwen/Qwen3.6-35B-A3B-FP8,ok,32,127,5080,1721,0.3387795275590551,5080,3738,0.7358267716535433,0,0.0,0.9383711127018213,4766.925252525252,0.9648868110236221,4901.625,Qwen/Qwen3.6-35B-A3B
json_structured,40,127,8,40640,cross_model,27760,0.6830708661417323,12880,0.3169291338582677,159,True,127,128,32,32,0,"[159, 40, 8]",0,True,32,True,128,159,32,0,0,32,"[128, 40, 8]",1,False,0535c319f96a2e59930c,expected_aligned_shape,Qwen/Qwen3.6-35B-A3B-FP8,ok,32,127,5080,1108,0.21811023622047243,5080,3078,0.6059055118110236,0,0.0,0.8999269759112279,4571.629037629038,0.9410679133858267,4780.625,Qwen/Qwen3.6-35B-A3B
json_structured,40,127,8,40640,cross_model,30060,0.7396653543307087,10580,0.2603346456692913,167,True,127,128,40,40,0,"[167, 40, 8]",0,True,40,True,128,167,40,0,0,40,"[128, 40, 8]",1,False,053a2c30dc8141a42ebd,expected_aligned_shape,Qwen/Qwen3.6-35B-A3B-FP8,ok,32,127,5080,1512,0.29763779527559053,5080,3600,0.7086614173228346,0,0.0,0.9291719129514405,4720.193317793318,0.9590551181102362,4872.0,Qwen/Qwen3.6-35B-A3B
mixed_language,40,97,8,31040,cross_model,23781,0.7661404639175258,7259,0.23385953608247423,129,True,97,98,32,32,0,"[129, 40, 8]",0,True,32,True,98,129,32,0,0,32,"[98, 40, 8]",1,False,0550f5a69608c8b20c6c,expected_aligned_shape,Qwen/Qwen3.6-35B-A3B-FP8,ok,32,97,3880,1253,0.3229381443298969,3880,2756,0.7103092783505155,0,0.0,0.932346141830678,3617.5030303030303,0.9614368556701031,3730.375,Qwen/Qwen3.6-35B-A3B
short_qa,40,127,8,40640,cross_model,28508,0.7014763779527559,12132,0.2985236220472441,159,True,127,128,32,32,0,"[159, 40, 8]",0,True,32,True,128,159,32,0,0,32,"[128, 40, 8]",1,False,05736d3838eb45691aa1,expected_aligned_shape,Qwen/Qwen3.6-35B-A3B-FP8,ok,32,127,5080,1275,0.25098425196850394,5080,3168,0.6236220472440945,0,0.0,0.8992701436795925,4568.29232989233,0.9398375984251969,4774.375,Qwen/Qwen3.6-35B-A3B
code,40,127,8,40640,cross_model,28923,0.7116879921259842,11717,0.28831200787401573,159,True,127,128,32,32,0,"[159, 40, 8]",0,True,32,True,128,159,32,0,0,32,"[128, 40, 8]",1,False,05896e4c2e31c0463be8,expected_aligned_shape,Qwen/Qwen3.6-35B-A3B-FP8,ok,32,127,5080,1367,0.26909448818897636,5080,3324,0.6543307086614173,0,0.0,0.9049939998758895,4597.369519369519,0.9415600393700787,4783.125,Qwen/Qwen3.6-35B-A3B
chat,40,127,8,40640,cross_model,27864,0.6856299212598426,12776,0.3143700787401575,159,True,127,128,32,32,0,"[159, 40, 8]",0,True,32,True,128,159,32,0,0,32,"[128, 40, 8]",1,False,0593f0e9c85452fe8e24,expected_aligned_shape,Qwen/Qwen3.6-35B-A3B-FP8,ok,32,127,5080,1118,0.2200787401574803,5080,3134,0.6169291338582678,0,0.0,0.9033068593698514,4588.798845598845,0.9436515748031497,4793.75,Qwen/Qwen3.6-35B-A3B
code,40,127,8,40640,cross_model,28994,0.7134350393700788,11646,0.28656496062992126,166,True,127,128,39,39,0,"[166, 40, 8]",0,True,39,True,128,166,39,0,0,39,"[128, 40, 8]",1,False,05cb08913232321b25ad,expected_aligned_shape,Qwen/Qwen3.6-35B-A3B-FP8,ok,32,127,5080,1264,0.24881889763779527,5080,3297,0.6490157480314961,0,0.0,0.9140419423096587,4643.333066933067,0.9501722440944882,4826.875,Qwen/Qwen3.6-35B-A3B
code,40,127,8,40640,cross_model,29046,0.7147145669291338,11594,0.2852854330708661,159,True,127,128,32,32,0,"[159, 40, 8]",0,True,32,True,128,159,32,0,0,32,"[128, 40, 8]",1,False,066466fff38704063913,expected_aligned_shape,Qwen/Qwen3.6-35B-A3B-FP8,ok,32,127,5080,1375,0.2706692913385827,5080,3334,0.6562992125984252,0,0.0,0.9098853989405171,4622.217826617827,0.9457185039370078,4804.25,Qwen/Qwen3.6-35B-A3B
low_margin,40,127,8,40640,cross_model,28761,0.7077017716535433,11879,0.2922982283464567,167,True,127,128,40,40,0,"[167, 40, 8]",0,True,40,True,128,167,40,0,0,40,"[128, 40, 8]",1,False,067a5b649600bb1d1857,expected_aligned_shape,Qwen/Qwen3.6-35B-A3B-FP8,ok,32,127,5080,1289,0.253740157480315,5080,3264,0.6425196850393701,0,0.0,0.9105655674159611,4625.673082473082,0.9479576771653543,4815.625,Qwen/Qwen3.6-35B-A3B
summarization,40,127,8,40640,cross_model,28630,0.7044783464566929,12010,0.29552165354330706,163,True,127,128,36,36,0,"[163, 40, 8]",0,True,36,True,128,163,36,0,0,36,"[128, 40, 8]",1,False,06a9a91525cb5e2f7857,expected_aligned_shape,Qwen/Qwen3.6-35B-A3B-FP8,ok,32,127,5080,1211,0.23838582677165354,5080,3237,0.6372047244094489,0,0.0,0.9085610671043742,4615.490220890221,0.9463582677165354,4807.5,Qwen/Qwen3.6-35B-A3B
logs,40,127,8,40640,cross_model,31398,0.7725885826771653,9242,0.22741141732283465,159,True,127,128,32,32,0,"[159, 40, 8]",0,True,32,True,128,159,32,0,0,32,"[128, 40, 8]",1,False,06b3454c80bf47dde168,expected_aligned_shape,Qwen/Qwen3.6-35B-A3B-FP8,ok,32,127,5080,1718,0.33818897637795275,5080,3738,0.7358267716535433,0,0.0,0.9358839279705422,4754.290354090354,0.9625492125984252,4889.75,Qwen/Qwen3.6-35B-A3B
short_qa,40,127,8,40640,cross_model,30031,0.7389517716535433,10609,0.2610482283464567,166,True,127,128,39,39,0,"[166, 40, 8]",0,True,39,True,128,166,39,0,0,39,"[128, 40, 8]",1,False,071a13009e9aea8f5165,expected_aligned_shape,Qwen/Qwen3.6-35B-A3B-FP8,ok,32,127,5080,1434,0.28228346456692915,5080,3491,0.6872047244094488,0,0.0,0.9253392189612664,4700.723232323232,0.957234251968504,4862.75,Qwen/Qwen3.6-35B-A3B
mixed_language,40,89,8,28480,cross_model,21380,0.7507022471910112,7100,0.24929775280898878,121,True,89,90,32,32,0,"[121, 40, 8]",0,True,32,True,90,121,32,0,0,32,"[90, 40, 8]",1,False,0736935a3f57cdd1e037,expected_aligned_shape,Qwen/Qwen3.6-35B-A3B-FP8,ok,32,89,3560,1090,0.3061797752808989,3560,2482,0.6971910112359551,0,0.0,0.9289342866870958,3307.0060606060606,0.9594452247191011,3415.625,Qwen/Qwen3.6-35B-A3B
needle,40,127,8,40640,cross_model,27704,0.6816929133858268,12936,0.31830708661417323,159,True,127,128,32,32,0,"[159, 40, 8]",0,True,32,True,128,159,32,0,0,32,"[128, 40, 8]",1,False,074ec475ad3f56370376,expected_aligned_shape,Qwen/Qwen3.6-35B-A3B-FP8,ok,32,127,5080,1062,0.20905511811023622,5080,3116,0.6133858267716535,0,0.0,0.9033075760634816,4588.8024864024865,0.9438484251968504,4794.75,Qwen/Qwen3.6-35B-A3B
code,40,127,8,40640,cross_model,28791,0.7084399606299212,11849,0.29156003937007874,159,True,127,128,32,32,0,"[159, 40, 8]",0,True,32,True,128,159,32,0,0,32,"[128, 40, 8]",1,False,0762b3cc828308f2763c,expected_aligned_shape,Qwen/Qwen3.6-35B-A3B-FP8,ok,32,127,5080,1234,0.24291338582677166,5080,3222,0.6342519685039371,0,0.0,0.9103212098487691,4624.431746031746,0.9481791338582677,4816.75,Qwen/Qwen3.6-35B-A3B
math_numeric,40,127,8,40640,cross_model,19048,0.4687007874015748,21592,0.5312992125984252,159,True,127,128,32,32,0,"[159, 40, 8]",0,True,32,True,128,159,32,0,0,32,"[128, 40, 8]",1,False,083c33f4bd275d391520,expected_aligned_shape,Qwen/Qwen3.6-35B-A3B-FP8,ok,32,127,5080,214,0.04212598425196851,5080,1512,0.29763779527559053,0,0.0,0.7722799204295268,3923.1819957819957,0.8527312992125984,4331.875,Qwen/Qwen3.6-35B-A3B
json_structured,40,127,8,40640,cross_model,28247,0.6950541338582678,12393,0.3049458661417323,159,True,127,128,32,32,0,"[159, 40, 8]",0,True,32,True,128,159,32,0,0,32,"[128, 40, 8]",1,False,089c4d555dc2fc5c1001,expected_aligned_shape,Qwen/Qwen3.6-35B-A3B-FP8,ok,32,127,5080,1194,0.23503937007874015,5080,3227,0.635236220472441,0,0.0,0.9062756054094637,4603.880075480076,0.9449557086614173,4800.375,Qwen/Qwen3.6-35B-A3B
json_structured,40,127,8,40640,cross_model,30007,0.7383612204724409,10633,0.26163877952755904,166,True,127,128,39,39,0,"[166, 40, 8]",0,True,39,True,128,166,39,0,0,39,"[128, 40, 8]",1,False,08a516ed65ded1d98939,expected_aligned_shape,Qwen/Qwen3.6-35B-A3B-FP8,ok,32,127,5080,1454,0.2862204724409449,5080,3484,0.6858267716535433,0,0.0,0.9235876109891857,4691.825063825064,0.9558070866141732,4855.5,Qwen/Qwen3.6-35B-A3B
low_margin,40,127,8,40640,cross_model,29555,0.7272391732283464,11085,0.27276082677165353,166,True,127,128,39,39,0,"[166, 40, 8]",0,True,39,True,128,166,39,0,0,39,"[128, 40, 8]",1,False,08a644a1ffe3bc02f01e,expected_aligned_shape,Qwen/Qwen3.6-35B-A3B-FP8,ok,32,127,5080,1372,0.2700787401574803,5080,3429,0.675,0,0.0,0.9225045732919749,4686.323232323232,0.9555856299212598,4854.375,Qwen/Qwen3.6-35B-A3B
math_numeric,40,127,8,40640,cross_model,18621,0.4581938976377953,22019,0.5418061023622047,159,True,127,128,32,32,0,"[159, 40, 8]",0,True,32,True,128,159,32,0,0,32,"[128, 40, 8]",1,False,08ae3430f704796fb489,expected_aligned_shape,Qwen/Qwen3.6-35B-A3B-FP8,ok,32,127,5080,194,0.03818897637795276,5080,1466,0.28858267716535435,0,0.0,0.7664117990495942,3893.371939171939,0.8487204724409448,4311.5,Qwen/Qwen3.6-35B-A3B
chat,40,127,8,40640,cross_model,26816,0.6598425196850394,13824,0.3401574803149606,159,True,127,128,32,32,0,"[159, 40, 8]",0,True,32,True,128,159,32,0,0,32,"[128, 40, 8]",1,False,08c8f1ae4ca8bd819a8a,expected_aligned_shape,Qwen/Qwen3.6-35B-A3B-FP8,ok,32,127,5080,1004,0.19763779527559056,5080,2944,0.5795275590551181,0,0.0,0.8870003924334634,4505.961993561994,0.9315698818897638,4732.375,Qwen/Qwen3.6-35B-A3B
json_structured,40,127,8,40640,cross_model,27937,0.6874261811023622,12703,0.3125738188976378,159,True,127,128,32,32,0,"[159, 40, 8]",0,True,32,True,128,159,32,0,0,32,"[128, 40, 8]",1,False,08d902e0c3d70a68f540,expected_aligned_shape,Qwen/Qwen3.6-35B-A3B-FP8,ok,32,127,5080,1137,0.22381889763779528,5080,3184,0.6267716535433071,0,0.0,0.904032752024878,4592.48638028638,0.9434793307086614,4792.875,Qwen/Qwen3.6-35B-A3B
mixed_language,40,127,8,40640,cross_model,29385,0.7230561023622047,11255,0.27694389763779526,159,True,127,128,32,32,0,"[159, 40, 8]",0,True,32,True,128,159,32,0,0,32,"[128, 40, 8]",1,False,091705e70651d77aefc8,expected_aligned_shape,Qwen/Qwen3.6-35B-A3B-FP8,ok,32,127,5080,1351,0.2659448818897638,5080,3392,0.6677165354330709,0,0.0,0.9162233435855484,4654.414585414585,0.950738188976378,4829.75,Qwen/Qwen3.6-35B-A3B
logs,40,127,8,40640,cross_model,28353,0.6976624015748032,12287,0.30233759842519686,159,True,127,128,32,32,0,"[159, 40, 8]",0,True,32,True,128,159,32,0,0,32,"[128, 40, 8]",1,False,09270f39b1e71042f791,expected_aligned_shape,Qwen/Qwen3.6-35B-A3B-FP8,ok,32,127,5080,1228,0.24173228346456693,5080,3204,0.6307086614173228,0,0.0,0.9076179113974389,4610.69898989899,0.9463582677165354,4807.5,Qwen/Qwen3.6-35B-A3B
needle,40,127,8,40640,cross_model,28440,0.6998031496062992,12200,0.3001968503937008,159,True,127,128,32,32,0,"[159, 40, 8]",0,True,32,True,128,159,32,0,0,32,"[128, 40, 8]",1,False,092fb725ed92d83c270d,expected_aligned_shape,Qwen/Qwen3.6-35B-A3B-FP8,ok,32,127,5080,1160,0.2283464566929134,5080,3221,0.6340551181102362,0,0.0,0.9111278135687584,4628.529292929293,0.9488681102362204,4820.25,Qwen/Qwen3.6-35B-A3B
short_qa,40,127,8,40640,cross_model,29958,0.7371555118110236,10682,0.2628444881889764,166,True,127,128,39,39,0,"[166, 40, 8]",0,True,39,True,128,166,39,0,0,39,"[128, 40, 8]",1,False,094af980d2e4560ac60c,expected_aligned_shape,Qwen/Qwen3.6-35B-A3B-FP8,ok,32,127,5080,1450,0.2854330708661417,5080,3496,0.6881889763779527,0,0.0,0.924851666268989,4698.246464646465,0.9568159448818898,4860.625,Qwen/Qwen3.6-35B-A3B
mixed_language,40,127,8,40640,cross_model,29181,0.7180364173228346,11459,0.28196358267716537,159,True,127,128,32,32,0,"[159, 40, 8]",0,True,32,True,128,159,32,0,0,32,"[128, 40, 8]",1,False,098f8d40e91916047686,expected_aligned_shape,Qwen/Qwen3.6-35B-A3B-FP8,ok,32,127,5080,1333,0.26240157480314963,5080,3399,0.6690944881889764,0,0.0,0.9176702824734322,4661.765034965035,0.9520423228346456,4836.375,Qwen/Qwen3.6-35B-A3B
mixed_language,40,87,8,27840,cross_model,20797,0.7470186781609195,7043,0.25298132183908045,119,True,87,88,32,32,0,"[119, 40, 8]",0,True,32,True,88,119,32,0,0,32,"[88, 40, 8]",1,False,09a5e6954731576a323b,expected_aligned_shape,Qwen/Qwen3.6-35B-A3B-FP8,ok,32,87,3480,1044,0.3,3480,2431,0.6985632183908046,0,0.0,0.9276895390688494,3228.359595959596,0.9584410919540229,3335.375,Qwen/Qwen3.6-35B-A3B
short_qa,40,127,8,40640,cross_model,30371,0.7473179133858268,10269,0.25268208661417324,165,True,127,128,38,38,0,"[165, 40, 8]",0,True,38,True,128,165,38,0,0,38,"[128, 40, 8]",1,False,09c942ef1a98da6659d1,expected_aligned_shape,Qwen/Qwen3.6-35B-A3B-FP8,ok,32,127,5080,1487,0.29271653543307086,5080,3509,0.690748031496063,0,0.0,0.9266949935453873,4707.610567210567,0.9580462598425197,4866.875,Qwen/Qwen3.6-35B-A3B
low_margin,40,127,8,40640,cross_model,29588,0.7280511811023622,11052,0.2719488188976378,165,True,127,128,38,38,0,"[165, 40, 8]",0,True,38,True,128,165,38,0,0,38,"[128, 40, 8]",1,False,0a1d8a7c087c9dc3d2cd,expected_aligned_shape,Qwen/Qwen3.6-35B-A3B-FP8,ok,32,127,5080,1395,0.27460629921259844,5080,3415,0.672244094488189,0,0.0,0.9175254753994911,4661.029415029415,0.9511564960629921,4831.875,Qwen/Qwen3.6-35B-A3B
chat,40,127,8,40640,cross_model,30121,0.7411663385826772,10519,0.25883366141732284,166,True,127,128,39,39,0,"[166, 40, 8]",0,True,39,True,128,166,39,0,0,39,"[128, 40, 8]",1,False,0a2fd3a1b824cf221369,expected_aligned_shape,Qwen/Qwen3.6-35B-A3B-FP8,ok,32,127,5080,1551,0.30531496062992125,5080,3570,0.702755905511811,0,0.0,0.9273416172628771,4710.895415695416,0.9580708661417323,4867.0,Qwen/Qwen3.6-35B-A3B
low_margin,40,127,8,40640,cross_model,28653,0.7050442913385827,11987,0.29495570866141735,166,True,127,128,39,39,0,"[166, 40, 8]",0,True,39,True,128,166,39,0,0,39,"[128, 40, 8]",1,False,0aa6cfc00ab1dd402f7e,expected_aligned_shape,Qwen/Qwen3.6-35B-A3B-FP8,ok,32,127,5080,1256,0.247244094488189,5080,3240,0.6377952755905512,0,0.0,0.9103390048271939,4624.522144522144,0.9480314960629921,4816.0,Qwen/Qwen3.6-35B-A3B
needle,40,127,8,40640,cross_model,28323,0.6969242125984252,12317,0.3030757874015748,159,True,127,128,32,32,0,"[159, 40, 8]",0,True,32,True,128,159,32,0,0,32,"[128, 40, 8]",1,False,0ade38b56b4ba335d014,expected_aligned_shape,Qwen/Qwen3.6-35B-A3B-FP8,ok,32,127,5080,1212,0.23858267716535433,5080,3220,0.6338582677165354,0,0.0,0.9079756464008432,4612.516283716283,0.9459645669291339,4805.5,Qwen/Qwen3.6-35B-A3B
logs,40,127,8,40640,cross_model,28818,0.7091043307086614,11822,0.2908956692913386,159,True,127,128,32,32,0,"[159, 40, 8]",0,True,32,True,128,159,32,0,0,32,"[128, 40, 8]",1,False,0af61f659608984d5c05,expected_aligned_shape,Qwen/Qwen3.6-35B-A3B-FP8,ok,32,127,5080,1277,0.2513779527559055,5080,3260,0.6417322834645669,0,0.0,0.9109141951661639,4627.4441114441115,0.9480314960629921,4816.0,Qwen/Qwen3.6-35B-A3B
logs,40,127,8,40640,cross_model,28265,0.6954970472440944,12375,0.3045029527559055,159,True,127,128,32,32,0,"[159, 40, 8]",0,True,32,True,128,159,32,0,0,32,"[128, 40, 8]",1,False,0b088b1c6405a99afcbf,expected_aligned_shape,Qwen/Qwen3.6-35B-A3B-FP8,ok,32,127,5080,1219,0.23996062992125985,5080,3184,0.6267716535433071,0,0.0,0.9038602167736026,4591.609901209901,0.9428641732283465,4789.75,Qwen/Qwen3.6-35B-A3B
needle,40,127,8,40640,cross_model,28686,0.7058562992125984,11954,0.2941437007874016,159,True,127,128,32,32,0,"[159, 40, 8]",0,True,32,True,128,159,32,0,0,32,"[128, 40, 8]",1,False,0b17aa2bf14c69e49fde,expected_aligned_shape,Qwen/Qwen3.6-35B-A3B-FP8,ok,32,127,5080,1284,0.25275590551181104,5080,3297,0.6490157480314961,0,0.0,0.9114956565743968,4630.397935397936,0.9480314960629921,4816.0,Qwen/Qwen3.6-35B-A3B
mixed_language,40,107,8,34240,cross_model,26301,0.7681366822429907,7939,0.23186331775700936,139,True,107,108,32,32,0,"[139, 40, 8]",0,True,32,True,108,139,32,0,0,32,"[108, 40, 8]",1,False,0b78fd794493c2fce383,expected_aligned_shape,Qwen/Qwen3.6-35B-A3B-FP8,ok,32,107,4280,1409,0.3292056074766355,4280,3082,0.7200934579439252,0,0.0,0.9329449003748069,3993.0041736041735,0.9610689252336448,4113.375,Qwen/Qwen3.6-35B-A3B
code,40,127,8,40640,cross_model,28570,0.703001968503937,12070,0.296998031496063,166,True,127,128,39,39,0,"[166, 40, 8]",0,True,39,True,128,166,39,0,0,39,"[128, 40, 8]",1,False,0b7937de7f83e5fbfed7,expected_aligned_shape,Qwen/Qwen3.6-35B-A3B-FP8,ok,32,127,5080,1191,0.2344488188976378,5080,3238,0.6374015748031496,0,0.0,0.9085539001680735,4615.453812853812,0.9457431102362205,4804.375,Qwen/Qwen3.6-35B-A3B
low_margin,40,127,8,40640,cross_model,28846,0.7097933070866141,11794,0.2902066929133858,166,True,127,128,39,39,0,"[166, 40, 8]",0,True,39,True,128,166,39,0,0,39,"[128, 40, 8]",1,False,0bab1d5476a0f2e5495d,expected_aligned_shape,Qwen/Qwen3.6-35B-A3B-FP8,ok,32,127,5080,1208,0.2377952755905512,5080,3273,0.6442913385826772,0,0.0,0.9120477335437964,4633.202486402486,0.9489911417322835,4820.875,Qwen/Qwen3.6-35B-A3B
math_numeric,40,127,8,40640,cross_model,21516,0.5294291338582677,19124,0.47057086614173227,159,True,127,128,32,32,0,"[159, 40, 8]",0,True,32,True,128,159,32,0,0,32,"[128, 40, 8]",1,False,0bbe66ae11d9e1f57a8d,expected_aligned_shape,Qwen/Qwen3.6-35B-A3B-FP8,ok,32,127,5080,384,0.07559055118110236,5080,1975,0.3887795275590551,0,0.0,0.8205637232408887,4168.463714063714,0.8894192913385827,4518.25,Qwen/Qwen3.6-35B-A3B
low_margin,40,127,8,40640,cross_model,30196,0.743011811023622,10444,0.25698818897637793,166,True,127,128,39,39,0,"[166, 40, 8]",0,True,39,True,128,166,39,0,0,39,"[128, 40, 8]",1,False,0bc6c80121aebeffed13,expected_aligned_shape,Qwen/Qwen3.6-35B-A3B-FP8,ok,32,127,5080,1469,0.2891732283464567,5080,3509,0.690748031496063,0,0.0,0.9276218881730693,4712.319191919192,0.958759842519685,4870.5,Qwen/Qwen3.6-35B-A3B
mixed_language,40,3,8,960,cross_model,508,0.5291666666666667,452,0.4708333333333333,35,True,3,4,32,32,0,"[35, 40, 8]",0,True,32,True,4,35,32,0,0,32,"[4, 40, 8]",1,False,0bca64e6b6c04426713a,expected_aligned_shape,Qwen/Qwen3.6-35B-A3B-FP8,ok,32,3,120,11,0.09166666666666666,120,57,0.475,0,0.0,0.8522895622895624,102.27474747474747,0.9114583333333334,109.375,Qwen/Qwen3.6-35B-A3B
math_numeric,40,127,8,40640,cross_model,29103,0.7161171259842519,11537,0.283882874015748,159,True,127,128,32,32,0,"[159, 40, 8]",0,True,32,True,128,159,32,0,0,32,"[128, 40, 8]",1,False,0bdf8afdc223d33a68b9,expected_aligned_shape,Qwen/Qwen3.6-35B-A3B-FP8,ok,32,127,5080,1318,0.2594488188976378,5080,3313,0.6521653543307087,0,0.0,0.9124535744220784,4635.264158064158,0.9487696850393701,4819.75,Qwen/Qwen3.6-35B-A3B
logs,40,127,8,40640,cross_model,28933,0.7119340551181103,11707,0.28806594488188975,159,True,127,128,32,32,0,"[159, 40, 8]",0,True,32,True,128,159,32,0,0,32,"[128, 40, 8]",1,False,0c2792fd8b11e4492680,expected_aligned_shape,Qwen/Qwen3.6-35B-A3B-FP8,ok,32,127,5080,1271,0.25019685039370076,5080,3305,0.6505905511811023,0,0.0,0.9148712442413229,4647.545920745921,0.9509104330708661,4830.625,Qwen/Qwen3.6-35B-A3B
chat,40,127,8,40640,cross_model,29301,0.7209891732283464,11339,0.27901082677165356,167,True,127,128,40,40,0,"[167, 40, 8]",0,True,40,True,128,167,40,0,0,40,"[128, 40, 8]",1,False,0c65410d39676160e9eb,expected_aligned_shape,Qwen/Qwen3.6-35B-A3B-FP8,ok,32,127,5080,1366,0.2688976377952756,5080,3420,0.6732283464566929,0,0.0,0.9173341793814235,4660.057631257631,0.9515501968503937,4833.875,Qwen/Qwen3.6-35B-A3B
json_structured,40,127,8,40640,cross_model,29703,0.7308809055118111,10937,0.269119094488189,167,True,127,128,40,40,0,"[167, 40, 8]",0,True,40,True,128,167,40,0,0,40,"[128, 40, 8]",1,False,0c6827cc5421d03e14d4,expected_aligned_shape,Qwen/Qwen3.6-35B-A3B-FP8,ok,32,127,5080,1405,0.2765748031496063,5080,3430,0.6751968503937008,0,0.0,0.9207489972844304,4677.404906204906,0.9541092519685039,4846.875,Qwen/Qwen3.6-35B-A3B
summarization,40,127,8,40640,cross_model,29423,0.7239911417322835,11217,0.27600885826771654,159,True,127,128,32,32,0,"[159, 40, 8]",0,True,32,True,128,159,32,0,0,32,"[128, 40, 8]",1,False,0c7897b0964b1bb87be0,expected_aligned_shape,Qwen/Qwen3.6-35B-A3B-FP8,ok,32,127,5080,1368,0.2692913385826772,5080,3351,0.6596456692913386,0,0.0,0.9160916860916862,4653.745765345765,0.9512795275590551,4832.5,Qwen/Qwen3.6-35B-A3B
chat,40,127,8,40640,cross_model,28977,0.7130167322834645,11663,0.28698326771653543,167,True,127,128,40,40,0,"[167, 40, 8]",0,True,40,True,128,167,40,0,0,40,"[128, 40, 8]",1,False,0c930baa875d63a744ba,expected_aligned_shape,Qwen/Qwen3.6-35B-A3B-FP8,ok,32,127,5080,1307,0.25728346456692913,5080,3351,0.6596456692913386,0,0.0,0.914784624823995,4647.105894105895,0.9499015748031496,4825.5,Qwen/Qwen3.6-35B-A3B
code,40,127,8,40640,cross_model,28405,0.6989419291338582,12235,0.3010580708661417,159,True,127,128,32,32,0,"[159, 40, 8]",0,True,32,True,128,159,32,0,0,32,"[128, 40, 8]",1,False,0c9e2874d884c5e6a5d1,expected_aligned_shape,Qwen/Qwen3.6-35B-A3B-FP8,ok,32,127,5080,1189,0.23405511811023622,5080,3236,0.637007874015748,0,0.0,0.9049592140143321,4597.192807192807,0.9431840551181102,4791.375,Qwen/Qwen3.6-35B-A3B
chat,40,127,8,40640,cross_model,28183,0.6934793307086614,12457,0.3065206692913386,159,True,127,128,32,32,0,"[159, 40, 8]",0,True,32,True,128,159,32,0,0,32,"[128, 40, 8]",1,False,0ccf40440fce667b775e,expected_aligned_shape,Qwen/Qwen3.6-35B-A3B-FP8,ok,32,127,5080,1129,0.22224409448818896,5080,3159,0.6218503937007874,0,0.0,0.9048777906258222,4596.7791763791765,0.9446358267716536,4798.75,Qwen/Qwen3.6-35B-A3B
short_qa,40,127,8,40640,cross_model,28136,0.6923228346456692,12504,0.3076771653543307,159,True,127,128,32,32,0,"[159, 40, 8]",0,True,32,True,128,159,32,0,0,32,"[128, 40, 8]",1,False,0d0abe33cb0a93561eef,expected_aligned_shape,Qwen/Qwen3.6-35B-A3B-FP8,ok,32,127,5080,1176,0.231496062992126,5080,3163,0.6226377952755906,0,0.0,0.9042317568695522,4593.497324897325,0.943996062992126,4795.5,Qwen/Qwen3.6-35B-A3B
math_numeric,40,127,8,40640,cross_model,28297,0.6962844488188976,12343,0.3037155511811024,159,True,127,128,32,32,0,"[159, 40, 8]",0,True,32,True,128,159,32,0,0,32,"[128, 40, 8]",1,False,0d1c31cceee1cd124de3,expected_aligned_shape,Qwen/Qwen3.6-35B-A3B-FP8,ok,32,127,5080,1196,0.23543307086614174,5080,3082,0.6066929133858268,0,0.0,0.8988092135336229,4565.950804750805,0.9401082677165354,4775.75,Qwen/Qwen3.6-35B-A3B
summarization,40,127,8,40640,cross_model,29008,0.7137795275590552,11632,0.2862204724409449,163,True,127,128,36,36,0,"[163, 40, 8]",0,True,36,True,128,163,36,0,0,36,"[128, 40, 8]",1,False,0d3f10028312e9552e64,expected_aligned_shape,Qwen/Qwen3.6-35B-A3B-FP8,ok,32,127,5080,1281,0.25216535433070864,5080,3288,0.647244094488189,0,0.0,0.9104229934544896,4624.948806748806,0.9471702755905512,4811.625,Qwen/Qwen3.6-35B-A3B
code,40,127,8,40640,cross_model,28543,0.7023375984251968,12097,0.29766240157480317,166,True,127,128,39,39,0,"[166, 40, 8]",0,True,39,True,128,166,39,0,0,39,"[128, 40, 8]",1,False,0d521be2089875122065,expected_aligned_shape,Qwen/Qwen3.6-35B-A3B-FP8,ok,32,127,5080,1148,0.22598425196850394,5080,3232,0.6362204724409449,0,0.0,0.9099551542071226,4622.572183372184,0.947859251968504,4815.125,Qwen/Qwen3.6-35B-A3B
code,40,127,8,40640,cross_model,28251,0.6951525590551181,12389,0.30484744094488186,159,True,127,128,32,32,0,"[159, 40, 8]",0,True,32,True,128,159,32,0,0,32,"[128, 40, 8]",1,False,0d87a5a28d1a75188930,expected_aligned_shape,Qwen/Qwen3.6-35B-A3B-FP8,ok,32,127,5080,1185,0.23326771653543307,5080,3204,0.6307086614173228,0,0.0,0.9032453285996594,4588.486269286269,0.9423474409448819,4787.125,Qwen/Qwen3.6-35B-A3B
logs,40,127,8,40640,cross_model,29677,0.7302411417322835,10963,0.26975885826771656,159,True,127,128,32,32,0,"[159, 40, 8]",0,True,32,True,128,159,32,0,0,32,"[128, 40, 8]",1,False,0e0edfb85d3e58490ea1,expected_aligned_shape,Qwen/Qwen3.6-35B-A3B-FP8,ok,32,127,5080,1418,0.27913385826771653,5080,3431,0.6753937007874016,0,0.0,0.9207998213510025,4677.663092463093,0.9543061023622047,4847.875,Qwen/Qwen3.6-35B-A3B
short_qa,40,127,8,40640,cross_model,31246,0.7688484251968504,9394,0.2311515748031496,159,True,127,128,32,32,0,"[159, 40, 8]",0,True,32,True,128,159,32,0,0,32,"[128, 40, 8]",1,False,0e17b1c5d9976b077d8e,expected_aligned_shape,Qwen/Qwen3.6-35B-A3B-FP8,ok,32,127,5080,1703,0.33523622047244095,5080,3682,0.7248031496062992,0,0.0,0.934277061521156,4746.1274725274725,0.9620570866141732,4887.25,Qwen/Qwen3.6-35B-A3B
low_margin,40,127,8,40640,cross_model,30121,0.7411663385826772,10519,0.25883366141732284,166,True,127,128,39,39,0,"[166, 40, 8]",0,True,39,True,128,166,39,0,0,39,"[128, 40, 8]",1,False,0e24a4fcaf7510aeac91,expected_aligned_shape,Qwen/Qwen3.6-35B-A3B-FP8,ok,32,127,5080,1460,0.2874015748031496,5080,3493,0.6875984251968504,0,0.0,0.9252840335517499,4700.4428904428905,0.9571358267716535,4862.25,Qwen/Qwen3.6-35B-A3B
logs,40,127,8,40640,cross_model,28859,0.710113188976378,11781,0.28988681102362207,159,True,127,128,32,32,0,"[159, 40, 8]",0,True,32,True,128,159,32,0,0,32,"[128, 40, 8]",1,False,0e3007537351484bb9ca,expected_aligned_shape,Qwen/Qwen3.6-35B-A3B-FP8,ok,32,127,5080,1251,0.24625984251968505,5080,3309,0.6513779527559055,0,0.0,0.913697938107387,4641.585525585526,0.9496801181102362,4824.375,Qwen/Qwen3.6-35B-A3B
logs,40,127,8,40640,cross_model,27802,0.6841043307086614,12838,0.3158956692913386,159,True,127,128,32,32,0,"[159, 40, 8]",0,True,32,True,128,159,32,0,0,32,"[128, 40, 8]",1,False,0e4d3895cd35ccffb38e,expected_aligned_shape,Qwen/Qwen3.6-35B-A3B-FP8,ok,32,127,5080,1158,0.2279527559055118,5080,3120,0.6141732283464567,0,0.0,0.9023433259653731,4583.904095904096,0.9427903543307087,4789.375,Qwen/Qwen3.6-35B-A3B
mixed_language,40,127,8,40640,cross_model,27962,0.6880413385826771,12678,0.3119586614173228,159,True,127,128,32,32,0,"[159, 40, 8]",0,True,32,True,128,159,32,0,0,32,"[128, 40, 8]",1,False,0ef270f4870841ca3303,expected_aligned_shape,Qwen/Qwen3.6-35B-A3B-FP8,ok,32,127,5080,1140,0.22440944881889763,5080,3271,0.6438976377952756,0,0.0,0.9061895191422751,4603.442757242758,0.9441683070866141,4796.375,Qwen/Qwen3.6-35B-A3B
code,40,127,8,40640,cross_model,29618,0.7287893700787401,11022,0.2712106299212598,159,True,127,128,32,32,0,"[159, 40, 8]",0,True,32,True,128,159,32,0,0,32,"[128, 40, 8]",1,False,0eff13644785a421ce32,expected_aligned_shape,Qwen/Qwen3.6-35B-A3B-FP8,ok,32,127,5080,1433,0.28208661417322833,5080,3387,0.6667322834645669,0,0.0,0.9158696989799352,4652.618070818071,0.9505905511811024,4829.0,Qwen/Qwen3.6-35B-A3B
needle,40,127,8,40640,cross_model,28168,0.6931102362204724,12472,0.30688976377952754,159,True,127,128,32,32,0,"[159, 40, 8]",0,True,32,True,128,159,32,0,0,32,"[128, 40, 8]",1,False,0f09b01ca07b7a4c0c0b,expected_aligned_shape,Qwen/Qwen3.6-35B-A3B-FP8,ok,32,127,5080,1219,0.23996062992125985,5080,3225,0.6348425196850394,0,0.0,0.9067655354269527,4606.36891996892,0.9450049212598425,4800.625,Qwen/Qwen3.6-35B-A3B
code,40,127,8,40640,cross_model,28652,0.7050196850393701,11988,0.29498031496062993,159,True,127,128,32,32,0,"[159, 40, 8]",0,True,32,True,128,159,32,0,0,32,"[128, 40, 8]",1,False,10c1472ae9ff5d5ea689,expected_aligned_shape,Qwen/Qwen3.6-35B-A3B-FP8,ok,32,127,5080,1349,0.2655511811023622,5080,3199,0.6297244094488189,0,0.0,0.8972511259519134,4558.03571983572,0.9372293307086614,4761.125,Qwen/Qwen3.6-35B-A3B
mixed_language,40,105,8,33600,cross_model,25971,0.7729464285714286,7629,0.22705357142857144,137,True,105,106,32,32,0,"[137, 40, 8]",0,True,32,True,106,137,32,0,0,32,"[106, 40, 8]",1,False,10de8fc688e061abc423,expected_aligned_shape,Qwen/Qwen3.6-35B-A3B-FP8,ok,32,105,4200,1417,0.3373809523809524,4200,3062,0.729047619047619,0,0.0,0.9361096681096682,3931.660606060606,0.9635119047619047,4046.75,Qwen/Qwen3.6-35B-A3B
low_margin,40,127,8,40640,cross_model,29463,0.7249753937007875,11177,0.2750246062992126,167,True,127,128,40,40,0,"[167, 40, 8]",0,True,40,True,128,167,40,0,0,40,"[128, 40, 8]",1,False,1122d467827925848144,expected_aligned_shape,Qwen/Qwen3.6-35B-A3B-FP8,ok,32,127,5080,1388,0.2732283464566929,5080,3392,0.6677165354330709,0,0.0,0.9186396368286132,4666.689355089356,0.9527312992125985,4839.875,Qwen/Qwen3.6-35B-A3B
mixed_language,40,127,8,40640,cross_model,29898,0.7356791338582677,10742,0.2643208661417323,159,True,127,128,32,32,0,"[159, 40, 8]",0,True,32,True,128,159,32,0,0,32,"[128, 40, 8]",1,False,118d375a14ceb470186d,expected_aligned_shape,Qwen/Qwen3.6-35B-A3B-FP8,ok,32,127,5080,1500,0.2952755905511811,5080,3504,0.6897637795275591,0,0.0,0.9213503338306488,4680.459695859696,0.9535187007874015,4843.875,Qwen/Qwen3.6-35B-A3B
mixed_language,40,127,8,40640,cross_model,29754,0.7321358267716536,10886,0.26786417322834644,159,True,127,128,32,32,0,"[159, 40, 8]",0,True,32,True,128,159,32,0,0,32,"[128, 40, 8]",1,False,11c249e226600e973189,expected_aligned_shape,Qwen/Qwen3.6-35B-A3B-FP8,ok,32,127,5080,1392,0.2740157480314961,5080,3502,0.6893700787401574,0,0.0,0.9255350598657685,4701.718104118104,0.957234251968504,4862.75,Qwen/Qwen3.6-35B-A3B
math_numeric,40,127,8,40640,cross_model,22020,0.5418307086614174,18620,0.4581692913385827,159,True,127,128,32,32,0,"[159, 40, 8]",0,True,32,True,128,159,32,0,0,32,"[128, 40, 8]",1,False,120aadbbf6387c2aa795,expected_aligned_shape,Qwen/Qwen3.6-35B-A3B-FP8,ok,32,127,5080,390,0.07677165354330709,5080,2072,0.4078740157480315,0,0.0,0.8340247809932847,4236.8458874458875,0.8995570866141732,4569.75,Qwen/Qwen3.6-35B-A3B
low_margin,40,127,8,40640,cross_model,28544,0.7023622047244095,12096,0.29763779527559053,167,True,127,128,40,40,0,"[167, 40, 8]",0,True,40,True,128,167,40,0,0,40,"[128, 40, 8]",1,False,129f439411c691b717e8,expected_aligned_shape,Qwen/Qwen3.6-35B-A3B-FP8,ok,32,127,5080,1267,0.24940944881889765,5080,3243,0.6383858267716536,0,0.0,0.9049971987767262,4597.38576978577,0.943134842519685,4791.125,Qwen/Qwen3.6-35B-A3B
short_qa,40,127,8,40640,cross_model,29602,0.7283956692913386,11038,0.2716043307086614,159,True,127,128,32,32,0,"[159, 40, 8]",0,True,32,True,128,159,32,0,0,32,"[128, 40, 8]",1,False,12b7188759bdcd943c23,expected_aligned_shape,Qwen/Qwen3.6-35B-A3B-FP8,ok,32,127,5080,1365,0.2687007874015748,5080,3436,0.6763779527559055,0,0.0,0.9210785015509426,4679.078787878788,0.9544537401574803,4848.625,Qwen/Qwen3.6-35B-A3B
chat,40,127,8,40640,cross_model,29643,0.7294045275590552,10997,0.2705954724409449,167,True,127,128,40,40,0,"[167, 40, 8]",0,True,40,True,128,167,40,0,0,40,"[128, 40, 8]",1,False,12cf55e1f889dd99b109,expected_aligned_shape,Qwen/Qwen3.6-35B-A3B-FP8,ok,32,127,5080,1379,0.2714566929133858,5080,3482,0.6854330708661417,0,0.0,0.9241917837193427,4694.894261294261,0.9563238188976378,4858.125,Qwen/Qwen3.6-35B-A3B
chat,40,127,8,40640,cross_model,29213,0.7188238188976378,11427,0.2811761811023622,159,True,127,128,32,32,0,"[159, 40, 8]",0,True,32,True,128,159,32,0,0,32,"[128, 40, 8]",1,False,12f67c12e8e714112d3a,expected_aligned_shape,Qwen/Qwen3.6-35B-A3B-FP8,ok,32,127,5080,1312,0.25826771653543307,5080,3380,0.6653543307086615,0,0.0,0.9183238808435658,4665.085314685315,0.9527805118110236,4840.125,Qwen/Qwen3.6-35B-A3B
json_structured,40,127,8,40640,cross_model,29966,0.7373523622047244,10674,0.2626476377952756,167,True,127,128,40,40,0,"[167, 40, 8]",0,True,40,True,128,167,40,0,0,40,"[128, 40, 8]",1,False,131264d27978bac3c898,expected_aligned_shape,Qwen/Qwen3.6-35B-A3B-FP8,ok,32,127,5080,1466,0.28858267716535435,5080,3520,0.6929133858267716,0,0.0,0.9241102729291706,4694.480186480187,0.955880905511811,4855.875,Qwen/Qwen3.6-35B-A3B
needle,40,127,8,40640,cross_model,27655,0.6804872047244095,12985,0.31951279527559057,159,True,127,128,32,32,0,"[159, 40, 8]",0,True,32,True,128,159,32,0,0,32,"[128, 40, 8]",1,False,137c9b75239cdd79a6ea,expected_aligned_shape,Qwen/Qwen3.6-35B-A3B-FP8,ok,32,127,5080,1165,0.22933070866141733,5080,3088,0.6078740157480315,0,0.0,0.9003434579418832,4573.7447663447665,0.9412155511811023,4781.375,Qwen/Qwen3.6-35B-A3B
summarization,40,127,8,40640,cross_model,29592,0.7281496062992125,11048,0.2718503937007874,159,True,127,128,32,32,0,"[159, 40, 8]",0,True,32,True,128,159,32,0,0,32,"[128, 40, 8]",1,False,13dd5f1c1eac63e3962e,expected_aligned_shape,Qwen/Qwen3.6-35B-A3B-FP8,ok,32,127,5080,1405,0.2765748031496063,5080,3402,0.6696850393700787,0,0.0,0.9187660982936575,4667.331779331779,0.953001968503937,4841.25,Qwen/Qwen3.6-35B-A3B
mixed_language,40,90,8,28800,cross_model,21957,0.7623958333333334,6843,0.23760416666666667,122,True,90,91,32,32,0,"[122, 40, 8]",0,True,32,True,91,122,32,0,0,32,"[91, 40, 8]",1,False,1484ca9fc8e54c481909,expected_aligned_shape,Qwen/Qwen3.6-35B-A3B-FP8,ok,32,90,3600,1188,0.33,3600,2582,0.7172222222222222,0,0.0,0.9325387205387206,3357.139393939394,0.9612847222222223,3460.625,Qwen/Qwen3.6-35B-A3B
code,40,127,8,40640,cross_model,28575,0.703125,12065,0.296875,159,True,127,128,32,32,0,"[159, 40, 8]",0,True,32,True,128,159,32,0,0,32,"[128, 40, 8]",1,False,1494e03e3667bc7156f1,expected_aligned_shape,Qwen/Qwen3.6-35B-A3B-FP8,ok,32,127,5080,1228,0.24173228346456693,5080,3217,0.6332677165354331,0,0.0,0.905264245815427,4598.742368742369,0.9440944881889763,4796.0,Qwen/Qwen3.6-35B-A3B
low_margin,40,127,8,40640,cross_model,30670,0.7546751968503937,9970,0.2453248031496063,166,True,127,128,39,39,0,"[166, 40, 8]",0,True,39,True,128,166,39,0,0,39,"[128, 40, 8]",1,False,155fa61b90c4dc567cb9,expected_aligned_shape,Qwen/Qwen3.6-35B-A3B-FP8,ok,32,127,5080,1578,0.3106299212598425,5080,3627,0.7139763779527559,0,0.0,0.9329762188817305,4739.519191919192,0.9617864173228347,4885.875,Qwen/Qwen3.6-35B-A3B
needle,40,127,8,40640,cross_model,28595,0.703617125984252,12045,0.29638287401574803,159,True,127,128,32,32,0,"[159, 40, 8]",0,True,32,True,128,159,32,0,0,32,"[128, 40, 8]",1,False,158dfd5ba4f085b82055,expected_aligned_shape,Qwen/Qwen3.6-35B-A3B-FP8,ok,32,127,5080,1216,0.23937007874015748,5080,3243,0.6383858267716536,0,0.0,0.910100214745884,4623.309090909091,0.9478838582677165,4815.25,Qwen/Qwen3.6-35B-A3B
json_structured,40,127,8,40640,cross_model,29872,0.7350393700787402,10768,0.26496062992125985,166,True,127,128,39,39,0,"[166, 40, 8]",0,True,39,True,128,166,39,0,0,39,"[128, 40, 8]",1,False,15d1d3f8ce2c30617539,expected_aligned_shape,Qwen/Qwen3.6-35B-A3B-FP8,ok,32,127,5080,1423,0.28011811023622046,5080,3407,0.6706692913385827,0,0.0,0.9168365405373281,4657.529625929626,0.951107283464567,4831.625,Qwen/Qwen3.6-35B-A3B
math_numeric,40,127,8,40640,cross_model,25167,0.6192667322834645,15473,0.38073326771653543,159,True,127,128,32,32,0,"[159, 40, 8]",0,True,32,True,128,159,32,0,0,32,"[128, 40, 8]",1,False,15d872b92f63f281fd73,expected_aligned_shape,Qwen/Qwen3.6-35B-A3B-FP8,ok,32,127,5080,905,0.1781496062992126,5080,2677,0.5269685039370079,0,0.0,0.8558773422552951,4347.856898656899,0.9082431102362205,4613.875,Qwen/Qwen3.6-35B-A3B
short_qa,40,127,8,40640,cross_model,30149,0.74185531496063,10491,0.2581446850393701,166,True,127,128,39,39,0,"[166, 40, 8]",0,True,39,True,128,166,39,0,0,39,"[128, 40, 8]",1,False,1624c2bae18e3d116f1f,expected_aligned_shape,Qwen/Qwen3.6-35B-A3B-FP8,ok,32,127,5080,1490,0.2933070866141732,5080,3489,0.6868110236220473,0,0.0,0.9248004576351033,4697.986324786325,0.9567667322834645,4860.375,Qwen/Qwen3.6-35B-A3B
math_numeric,40,127,8,40640,cross_model,20839,0.5127706692913386,19801,0.4872293307086614,159,True,127,128,32,32,0,"[159, 40, 8]",0,True,32,True,128,159,32,0,0,32,"[128, 40, 8]",1,False,163f61eaff3724f0d9c9,expected_aligned_shape,Qwen/Qwen3.6-35B-A3B-FP8,ok,32,127,5080,326,0.0641732283464567,5080,1828,0.3598425196850394,0,0.0,0.8064368177754003,4096.699034299034,0.8795029527559055,4467.875,Qwen/Qwen3.6-35B-A3B
summarization,40,127,8,40640,cross_model,29813,0.7335875984251968,10827,0.26641240157480317,166,True,127,128,39,39,0,"[166, 40, 8]",0,True,39,True,128,166,39,0,0,39,"[128, 40, 8]",1,False,1757a5dbdeca60120661,expected_aligned_shape,Qwen/Qwen3.6-35B-A3B-FP8,ok,32,127,5080,1451,0.28562992125984255,5080,3401,0.669488188976378,0,0.0,0.9185010003120239,4665.985081585081,0.9527312992125985,4839.875,Qwen/Qwen3.6-35B-A3B
chat,40,127,8,40640,cross_model,29170,0.7177657480314961,11470,0.28223425196850394,159,True,127,128,32,32,0,"[159, 40, 8]",0,True,32,True,128,159,32,0,0,32,"[128, 40, 8]",1,False,177df6ae8def7d765bc4,expected_aligned_shape,Qwen/Qwen3.6-35B-A3B-FP8,ok,32,127,5080,1319,0.2596456692913386,5080,3377,0.664763779527559,0,0.0,0.9183922376835765,4665.432567432567,0.9528297244094488,4840.375,Qwen/Qwen3.6-35B-A3B
code,40,127,8,40640,cross_model,29790,0.7330216535433071,10850,0.26697834645669294,159,True,127,128,32,32,0,"[159, 40, 8]",0,True,32,True,128,159,32,0,0,32,"[128, 40, 8]",1,False,17d849f0e7369fbeca94,expected_aligned_shape,Qwen/Qwen3.6-35B-A3B-FP8,ok,32,127,5080,1448,0.28503937007874014,5080,3416,0.6724409448818898,0,0.0,0.9175137897972544,4660.970052170052,0.9513287401574804,4832.75,Qwen/Qwen3.6-35B-A3B
logs,40,127,8,40640,cross_model,28742,0.707234251968504,11898,0.2927657480314961,159,True,127,128,32,32,0,"[159, 40, 8]",0,True,32,True,128,159,32,0,0,32,"[128, 40, 8]",1,False,17f0aa1f8cdd2b19c2f5,expected_aligned_shape,Qwen/Qwen3.6-35B-A3B-FP8,ok,32,127,5080,1284,0.25275590551181104,5080,3307,0.650984251968504,0,0.0,0.9120190133575962,4633.056587856588,0.948523622047244,4818.5,Qwen/Qwen3.6-35B-A3B
low_margin,40,127,8,40640,cross_model,29250,0.7197342519685039,11390,0.28026574803149606,166,True,127,128,39,39,0,"[166, 40, 8]",0,True,39,True,128,166,39,0,0,39,"[128, 40, 8]",1,False,181603dc14d532c96e6e,expected_aligned_shape,Qwen/Qwen3.6-35B-A3B-FP8,ok,32,127,5080,1324,0.2606299212598425,5080,3350,0.6594488188976378,0,0.0,0.9175598504732362,4661.204040404041,0.9525836614173229,4839.125,Qwen/Qwen3.6-35B-A3B
short_qa,40,127,8,40640,cross_model,28391,0.6985974409448819,12249,0.3014025590551181,159,True,127,128,32,32,0,"[159, 40, 8]",0,True,32,True,128,159,32,0,0,32,"[128, 40, 8]",1,False,181927b2f36456a6f411,expected_aligned_shape,Qwen/Qwen3.6-35B-A3B-FP8,ok,32,127,5080,1211,0.23838582677165354,5080,3243,0.6383858267716536,0,0.0,0.9095991584967965,4620.763725163725,0.9472194881889764,4811.875,Qwen/Qwen3.6-35B-A3B
logs,40,127,8,40640,cross_model,28870,0.7103838582677166,11770,0.28961614173228345,159,True,127,128,32,32,0,"[159, 40, 8]",0,True,32,True,128,159,32,0,0,32,"[128, 40, 8]",1,False,18452ec7ad9d29790e39,expected_aligned_shape,Qwen/Qwen3.6-35B-A3B-FP8,ok,32,127,5080,1282,0.25236220472440946,5080,3342,0.6578740157480315,0,0.0,0.9143126121472577,4644.70806970807,0.9494832677165355,4823.375,Qwen/Qwen3.6-35B-A3B
logs,40,127,8,40640,cross_model,31477,0.7745324803149606,9163,0.22546751968503936,159,True,127,128,32,32,0,"[159, 40, 8]",0,True,32,True,128,159,32,0,0,32,"[128, 40, 8]",1,False,184dcb58a8183ef4b48e,expected_aligned_shape,Qwen/Qwen3.6-35B-A3B-FP8,ok,32,127,5080,1707,0.3360236220472441,5080,3745,0.7372047244094488,0,0.0,0.9390590948858667,4770.420202020202,0.9653051181102362,4903.75,Qwen/Qwen3.6-35B-A3B
logs,40,127,8,40640,cross_model,27505,0.6767962598425197,13135,0.3232037401574803,159,True,127,128,32,32,0,"[159, 40, 8]",0,True,32,True,128,159,32,0,0,32,"[128, 40, 8]",1,False,18c5d81ca5d4d7d522e7,expected_aligned_shape,Qwen/Qwen3.6-35B-A3B-FP8,ok,32,127,5080,1106,0.21771653543307087,5080,3042,0.5988188976377953,0,0.0,0.8910970001127483,4526.7727605727605,0.9339320866141733,4744.375,Qwen/Qwen3.6-35B-A3B
needle,40,127,8,40640,cross_model,27955,0.687869094488189,12685,0.312130905511811,159,True,127,128,32,32,0,"[159, 40, 8]",0,True,32,True,128,159,32,0,0,32,"[128, 40, 8]",1,False,18e04c17e1d39e4ee42a,expected_aligned_shape,Qwen/Qwen3.6-35B-A3B-FP8,ok,32,127,5080,1181,0.23248031496062993,5080,3093,0.6088582677165354,0,0.0,0.9000742477120429,4572.377178377178,0.9412647637795276,4781.625,Qwen/Qwen3.6-35B-A3B
summarization,40,127,8,40640,cross_model,29979,0.7376722440944882,10661,0.26232775590551183,167,True,127,128,40,40,0,"[167, 40, 8]",0,True,40,True,128,167,40,0,0,40,"[128, 40, 8]",1,False,193afa86e725be46264b,expected_aligned_shape,Qwen/Qwen3.6-35B-A3B-FP8,ok,32,127,5080,1465,0.28838582677165353,5080,3500,0.6889763779527559,0,0.0,0.9248796872418921,4698.388811188811,0.956742125984252,4860.25,Qwen/Qwen3.6-35B-A3B
json_structured,40,127,8,40640,cross_model,28112,0.6917322834645669,12528,0.30826771653543306,159,True,127,128,32,32,0,"[159, 40, 8]",0,True,32,True,128,159,32,0,0,32,"[128, 40, 8]",1,False,199e438dd5cdfb5dd22c,expected_aligned_shape,Qwen/Qwen3.6-35B-A3B-FP8,ok,32,127,5080,1198,0.2358267716535433,5080,3183,0.6265748031496063,0,0.0,0.9041822394578299,4593.245776445777,0.9431840551181102,4791.375,Qwen/Qwen3.6-35B-A3B
logs,40,127,8,40640,cross_model,26620,0.65501968503937,14020,0.3449803149606299,159,True,127,128,32,32,0,"[159, 40, 8]",0,True,32,True,128,159,32,0,0,32,"[128, 40, 8]",1,False,19c5ffc20eb2dda9a70e,expected_aligned_shape,Qwen/Qwen3.6-35B-A3B-FP8,ok,32,127,5080,945,0.1860236220472441,5080,2826,0.5562992125984252,0,0.0,0.8824010285427608,4482.597224997225,0.9301427165354331,4725.125,Qwen/Qwen3.6-35B-A3B
summarization,40,127,8,40640,cross_model,30119,0.741117125984252,10521,0.25888287401574805,167,True,127,128,40,40,0,"[167, 40, 8]",0,True,40,True,128,167,40,0,0,40,"[128, 40, 8]",1,False,1a103249091a561181f6,expected_aligned_shape,Qwen/Qwen3.6-35B-A3B-FP8,ok,32,127,5080,1460,0.2874015748031496,5080,3538,0.6964566929133859,0,0.0,0.9273659673659673,4711.019114219114,0.9582923228346457,4868.125,Qwen/Qwen3.6-35B-A3B
needle,40,127,8,40640,cross_model,28456,0.7001968503937008,12184,0.2998031496062992,159,True,127,128,32,32,0,"[159, 40, 8]",0,True,32,True,128,159,32,0,0,32,"[128, 40, 8]",1,False,1a7c8839c36821963dbe,expected_aligned_shape,Qwen/Qwen3.6-35B-A3B-FP8,ok,32,127,5080,1146,0.22559055118110236,5080,3249,0.6395669291338583,0,0.0,0.9123956096397041,4634.969696969697,0.9495570866141733,4823.75,Qwen/Qwen3.6-35B-A3B
low_margin,40,127,8,40640,cross_model,30175,0.7424950787401575,10465,0.25750492125984253,167,True,127,128,40,40,0,"[167, 40, 8]",0,True,40,True,128,167,40,0,0,40,"[128, 40, 8]",1,False,1a88e28f0a8711b970f1,expected_aligned_shape,Qwen/Qwen3.6-35B-A3B-FP8,ok,32,127,5080,1484,0.2921259842519685,5080,3578,0.7043307086614173,0,0.0,0.9300744574760323,4724.778243978244,0.9599901574803149,4876.75,Qwen/Qwen3.6-35B-A3B
mixed_language,40,127,8,40640,cross_model,31215,0.7680856299212598,9425,0.23191437007874016,159,True,127,128,32,32,0,"[159, 40, 8]",0,True,32,True,128,159,32,0,0,32,"[128, 40, 8]",1,False,1abf9dfcb8082e6902a7,expected_aligned_shape,Qwen/Qwen3.6-35B-A3B-FP8,ok,32,127,5080,1734,0.3413385826771654,5080,3665,0.7214566929133859,0,0.0,0.9339322357432593,4744.375757575757,0.9621801181102362,4887.875,Qwen/Qwen3.6-35B-A3B
low_margin,40,127,8,40640,cross_model,29824,0.7338582677165354,10816,0.26614173228346455,167,True,127,128,40,40,0,"[167, 40, 8]",0,True,40,True,128,167,40,0,0,40,"[128, 40, 8]",1,False,1ad5545112352c0eee4b,expected_aligned_shape,Qwen/Qwen3.6-35B-A3B-FP8,ok,32,127,5080,1444,0.284251968503937,5080,3462,0.681496062992126,0,0.0,0.9221459030907849,4684.5011877011875,0.9549212598425196,4851.0,Qwen/Qwen3.6-35B-A3B
math_numeric,40,127,8,40640,cross_model,21329,0.5248277559055118,19311,0.4751722440944882,159,True,127,128,32,32,0,"[159, 40, 8]",0,True,32,True,128,159,32,0,0,32,"[128, 40, 8]",1,False,1aea69803794900b5c6e,expected_aligned_shape,Qwen/Qwen3.6-35B-A3B-FP8,ok,32,127,5080,334,0.065748031496063,5080,1924,0.378740157480315,0,0.0,0.815366483909791,4142.061738261738,0.8841535433070866,4491.5,Qwen/Qwen3.6-35B-A3B
json_structured,40,127,8,40640,cross_model,30296,0.7454724409448819,10344,0.2545275590551181,167,True,127,128,40,40,0,"[167, 40, 8]",0,True,40,True,128,167,40,0,0,40,"[128, 40, 8]",1,False,1be80d2c9e6f7b428345,expected_aligned_shape,Qwen/Qwen3.6-35B-A3B-FP8,ok,32,127,5080,1525,0.3001968503937008,5080,3549,0.6986220472440945,0,0.0,0.9280155452596397,4714.31896991897,0.9585875984251968,4869.625,Qwen/Qwen3.6-35B-A3B
mixed_language,40,127,8,40640,cross_model,31436,0.7735236220472441,9204,0.2264763779527559,159,True,127,128,32,32,0,"[159, 40, 8]",0,True,32,True,128,159,32,0,0,32,"[128, 40, 8]",1,False,1c09787dd6896e7eda6c,expected_aligned_shape,Qwen/Qwen3.6-35B-A3B-FP8,ok,32,127,5080,1752,0.34488188976377954,5080,3691,0.7265748031496063,0,0.0,0.9357556791415058,4753.63885003885,0.9633366141732284,4893.75,Qwen/Qwen3.6-35B-A3B
json_structured,40,127,8,40640,cross_model,30065,0.7397883858267716,10575,0.26021161417322836,167,True,127,128,40,40,0,"[167, 40, 8]",0,True,40,True,128,167,40,0,0,40,"[128, 40, 8]",1,False,1c3179d3228bcd8084cd,expected_aligned_shape,Qwen/Qwen3.6-35B-A3B-FP8,ok,32,127,5080,1483,0.29192913385826774,5080,3480,0.6850393700787402,0,0.0,0.9239116264313114,4693.471062271063,0.9560777559055118,4856.875,Qwen/Qwen3.6-35B-A3B
math_numeric,40,127,8,40640,cross_model,25615,0.6302903543307087,15025,0.3697096456692913,159,True,127,128,32,32,0,"[159, 40, 8]",0,True,32,True,128,159,32,0,0,32,"[128, 40, 8]",1,False,1c358a5a8bd5c0d08c3c,expected_aligned_shape,Qwen/Qwen3.6-35B-A3B-FP8,ok,32,127,5080,933,0.18366141732283464,5080,2761,0.543503937007874,0,0.0,0.8675296313485289,4407.050527250527,0.9184793307086614,4665.875,Qwen/Qwen3.6-35B-A3B
code,40,127,8,40640,cross_model,29565,0.7274852362204725,11075,0.27251476377952755,159,True,127,128,32,32,0,"[159, 40, 8]",0,True,32,True,128,159,32,0,0,32,"[128, 40, 8]",1,False,1c4bb7b1bdd70a96b67e,expected_aligned_shape,Qwen/Qwen3.6-35B-A3B-FP8,ok,32,127,5080,1414,0.2783464566929134,5080,3343,0.6580708661417323,0,0.0,0.9139080648135767,4642.652969252969,0.9495570866141733,4823.75,Qwen/Qwen3.6-35B-A3B
math_numeric,40,127,8,40640,cross_model,17949,0.44165846456692914,22691,0.5583415354330709,159,True,127,128,32,32,0,"[159, 40, 8]",0,True,32,True,128,159,32,0,0,32,"[128, 40, 8]",1,False,1c4bf44a9277b43d18c2,expected_aligned_shape,Qwen/Qwen3.6-35B-A3B-FP8,ok,32,127,5080,213,0.041929133858267714,5080,1508,0.2968503937007874,0,0.0,0.7423648092939431,3771.213231213231,0.8224409448818898,4178.0,Qwen/Qwen3.6-35B-A3B
needle,40,127,8,40640,cross_model,28140,0.6924212598425197,12500,0.3075787401574803,159,True,127,128,32,32,0,"[159, 40, 8]",0,True,32,True,128,159,32,0,0,32,"[128, 40, 8]",1,False,1cd386c0e7972117e2df,expected_aligned_shape,Qwen/Qwen3.6-35B-A3B-FP8,ok,32,127,5080,1187,0.23366141732283466,5080,3194,0.628740157480315,0,0.0,0.9055485940131609,4600.1868575868575,0.944119094488189,4796.125,Qwen/Qwen3.6-35B-A3B
chat,40,127,8,40640,cross_model,28588,0.7034448818897637,12052,0.2965551181102362,159,True,127,128,32,32,0,"[159, 40, 8]",0,True,32,True,128,159,32,0,0,32,"[128, 40, 8]",1,False,1d0dc8c1a64af1c2a912,expected_aligned_shape,Qwen/Qwen3.6-35B-A3B-FP8,ok,32,127,5080,1191,0.2344488188976378,5080,3238,0.6374015748031496,0,0.0,0.9105150842158716,4625.416627816628,0.9481545275590552,4816.625,Qwen/Qwen3.6-35B-A3B
math_numeric,40,127,8,40640,cross_model,29766,0.7324311023622048,10874,0.2675688976377953,159,True,127,128,32,32,0,"[159, 40, 8]",0,True,32,True,128,159,32,0,0,32,"[128, 40, 8]",1,False,1d7cf8dd9193d957f3c1,expected_aligned_shape,Qwen/Qwen3.6-35B-A3B-FP8,ok,32,127,5080,1393,0.27421259842519685,5080,3318,0.6531496062992126,0,0.0,0.9133369168014837,4639.751537351537,0.9493602362204724,4822.75,Qwen/Qwen3.6-35B-A3B
math_numeric,40,127,8,40640,cross_model,20873,0.513607283464567,19767,0.4863927165354331,159,True,127,128,32,32,0,"[159, 40, 8]",0,True,32,True,128,159,32,0,0,32,"[128, 40, 8]",1,False,1d9153c8703527204c89,expected_aligned_shape,Qwen/Qwen3.6-35B-A3B-FP8,ok,32,127,5080,347,0.06830708661417323,5080,1910,0.37598425196850394,0,0.0,0.8093894775390837,4111.6985458985455,0.8795275590551181,4468.0,Qwen/Qwen3.6-35B-A3B
json_structured,40,127,8,40640,cross_model,30411,0.7483021653543307,10229,0.2516978346456693,167,True,127,128,40,40,0,"[167, 40, 8]",0,True,40,True,128,167,40,0,0,40,"[128, 40, 8]",1,False,1daef9ca6a62a9ddea6d,expected_aligned_shape,Qwen/Qwen3.6-35B-A3B-FP8,ok,32,127,5080,1528,0.30078740157480316,5080,3559,0.7005905511811024,0,0.0,0.9272174282410504,4710.264535464536,0.9579724409448819,4866.5,Qwen/Qwen3.6-35B-A3B
chat,40,127,8,40640,cross_model,28325,0.6969734251968503,12315,0.3030265748031496,159,True,127,128,32,32,0,"[159, 40, 8]",0,True,32,True,128,159,32,0,0,32,"[128, 40, 8]",1,False,1e1520b407293bce7083,expected_aligned_shape,Qwen/Qwen3.6-35B-A3B-FP8,ok,32,127,5080,1164,0.22913385826771654,5080,3209,0.6316929133858268,0,0.0,0.907482307718528,4610.010123210123,0.9458907480314961,4805.125,Qwen/Qwen3.6-35B-A3B
summarization,40,127,8,40640,cross_model,29930,0.7364665354330708,10710,0.2635334645669291,167,True,127,128,40,40,0,"[167, 40, 8]",0,True,40,True,128,167,40,0,0,40,"[128, 40, 8]",1,False,1e33fe88c9b72ac14558,expected_aligned_shape,Qwen/Qwen3.6-35B-A3B-FP8,ok,32,127,5080,1442,0.28385826771653544,5080,3474,0.6838582677165355,0,0.0,0.923237584812388,4690.046930846931,0.9557086614173228,4855.0,Qwen/Qwen3.6-35B-A3B
chat,40,127,8,40640,cross_model,29468,0.7250984251968504,11172,0.2749015748031496,159,True,127,128,32,32,0,"[159, 40, 8]",0,True,32,True,128,159,32,0,0,32,"[128, 40, 8]",1,False,1e4cea9b2eaead43320c,expected_aligned_shape,Qwen/Qwen3.6-35B-A3B-FP8,ok,32,127,5080,1289,0.253740157480315,5080,3376,0.6645669291338583,0,0.0,0.9175641506350168,4661.225885225886,0.9520669291338583,4836.5,Qwen/Qwen3.6-35B-A3B
json_structured,40,127,8,40640,cross_model,29704,0.7309055118110236,10936,0.26909448818897636,166,True,127,128,39,39,0,"[166, 40, 8]",0,True,39,True,128,166,39,0,0,39,"[128, 40, 8]",1,False,1e7c7f9f219964a9768e,expected_aligned_shape,Qwen/Qwen3.6-35B-A3B-FP8,ok,32,127,5080,1400,0.2755905511811024,5080,3447,0.6785433070866141,0,0.0,0.9200861518184353,4674.0376512376515,0.953494094488189,4843.75,Qwen/Qwen3.6-35B-A3B
summarization,40,127,8,40640,cross_model,31161,0.7667568897637795,9479,0.23324311023622046,167,True,127,128,40,40,0,"[167, 40, 8]",0,True,40,True,128,167,40,0,0,40,"[128, 40, 8]",1,False,1e8bb930c595fa6ac53e,expected_aligned_shape,Qwen/Qwen3.6-35B-A3B-FP8,ok,32,127,5080,1700,0.3346456692913386,5080,3658,0.7200787401574803,0,0.0,0.9324305615644198,4736.747252747253,0.9610236220472441,4882.0,Qwen/Qwen3.6-35B-A3B
summarization,40,127,8,40640,cross_model,31031,0.7635580708661417,9609,0.23644192913385828,167,True,127,128,40,40,0,"[167, 40, 8]",0,True,40,True,128,167,40,0,0,40,"[128, 40, 8]",1,False,1eab55664817769b2d2f,expected_aligned_shape,Qwen/Qwen3.6-35B-A3B-FP8,ok,32,127,5080,1679,0.33051181102362204,5080,3707,0.7297244094488189,0,0.0,0.9343197572331431,4746.344366744367,0.9621062992125984,4887.5,Qwen/Qwen3.6-35B-A3B
math_numeric,40,127,8,40640,cross_model,18389,0.45248523622047243,22251,0.5475147637795276,159,True,127,128,32,32,0,"[159, 40, 8]",0,True,32,True,128,159,32,0,0,32,"[128, 40, 8]",1,False,1eb26b097af2dc72a214,expected_aligned_shape,Qwen/Qwen3.6-35B-A3B-FP8,ok,32,127,5080,191,0.037598425196850395,5080,1460,0.2874015748031496,0,0.0,0.7586879786879787,3854.134931734932,0.8411909448818897,4273.25,Qwen/Qwen3.6-35B-A3B
short_qa,40,127,8,40640,cross_model,28179,0.693380905511811,12461,0.30661909448818897,159,True,127,128,32,32,0,"[159, 40, 8]",0,True,32,True,128,159,32,0,0,32,"[128, 40, 8]",1,False,1eccb479d98cb342d132,expected_aligned_shape,Qwen/Qwen3.6-35B-A3B-FP8,ok,32,127,5080,1149,0.22618110236220473,5080,3191,0.6281496062992126,0,0.0,0.9064089279049908,4604.557353757354,0.9453986220472441,4802.625,Qwen/Qwen3.6-35B-A3B
chat,40,127,8,40640,cross_model,29008,0.7137795275590552,11632,0.2862204724409449,159,True,127,128,32,32,0,"[159, 40, 8]",0,True,32,True,128,159,32,0,0,32,"[128, 40, 8]",1,False,1f22f72c7202203035c2,expected_aligned_shape,Qwen/Qwen3.6-35B-A3B-FP8,ok,32,127,5080,1236,0.24330708661417322,5080,3267,0.6431102362204725,0,0.0,0.9123373127310136,4634.673548673549,0.9491633858267716,4821.75,Qwen/Qwen3.6-35B-A3B
short_qa,40,127,8,40640,cross_model,30226,0.74375,10414,0.25625,166,True,127,128,39,39,0,"[166, 40, 8]",0,True,39,True,128,166,39,0,0,39,"[128, 40, 8]",1,False,1f4df8cdffbf438fda1a,expected_aligned_shape,Qwen/Qwen3.6-35B-A3B-FP8,ok,32,127,5080,1485,0.29232283464566927,5080,3549,0.6986220472440945,0,0.0,0.9275530681042492,4711.969585969586,0.9583169291338582,4868.25,Qwen/Qwen3.6-35B-A3B
needle,40,127,8,40640,cross_model,28409,0.6990403543307087,12231,0.30095964566929134,159,True,127,128,32,32,0,"[159, 40, 8]",0,True,32,True,128,159,32,0,0,32,"[128, 40, 8]",1,False,206a7733fbf1a0879666,expected_aligned_shape,Qwen/Qwen3.6-35B-A3B-FP8,ok,32,127,5080,1175,0.2312992125984252,5080,3164,0.6228346456692914,0,0.0,0.906695299451205,4606.012121212121,0.9459891732283464,4805.625,Qwen/Qwen3.6-35B-A3B
summarization,40,127,8,40640,cross_model,29947,0.736884842519685,10693,0.26311515748031494,165,True,127,128,38,38,0,"[165, 40, 8]",0,True,38,True,128,165,38,0,0,38,"[128, 40, 8]",1,False,20d8dd0b65d5c0071954,expected_aligned_shape,Qwen/Qwen3.6-35B-A3B-FP8,ok,32,127,5080,1492,0.2937007874015748,5080,3453,0.6797244094488188,0,0.0,0.9208309013820823,4677.820979020979,0.9539616141732283,4846.125,Qwen/Qwen3.6-35B-A3B
code,40,127,8,40640,cross_model,28670,0.7054625984251969,11970,0.2945374015748031,159,True,127,128,32,32,0,"[159, 40, 8]",0,True,32,True,128,159,32,0,0,32,"[128, 40, 8]",1,False,20d92c0200af06bf88d2,expected_aligned_shape,Qwen/Qwen3.6-35B-A3B-FP8,ok,32,127,5080,1237,0.243503937007874,5080,3213,0.63248031496063,0,0.0,0.904035090019342,4592.498257298257,0.9429379921259843,4790.125,Qwen/Qwen3.6-35B-A3B
math_numeric,40,127,8,40640,cross_model,20572,0.5062007874015748,20068,0.4937992125984252,159,True,127,128,32,32,0,"[159, 40, 8]",0,True,32,True,128,159,32,0,0,32,"[128, 40, 8]",1,False,21712eb07f5746c62140,expected_aligned_shape,Qwen/Qwen3.6-35B-A3B-FP8,ok,32,127,5080,313,0.061614173228346454,5080,1873,0.3687007874015748,0,0.0,0.8053198726033372,4091.024952824953,0.8766240157480315,4453.25,Qwen/Qwen3.6-35B-A3B
json_structured,40,127,8,40640,cross_model,28244,0.69498031496063,12396,0.3050196850393701,159,True,127,128,32,32,0,"[159, 40, 8]",0,True,32,True,128,159,32,0,0,32,"[128, 40, 8]",1,False,21a1fd652b8ee4a01436,expected_aligned_shape,Qwen/Qwen3.6-35B-A3B-FP8,ok,32,127,5080,1198,0.2358267716535433,5080,3217,0.6332677165354331,0,0.0,0.9080631966458738,4612.961038961039,0.946382874015748,4807.625,Qwen/Qwen3.6-35B-A3B
json_structured,40,127,8,40640,cross_model,29829,0.7339812992125985,10811,0.2660187007874016,166,True,127,128,39,39,0,"[166, 40, 8]",0,True,39,True,128,166,39,0,0,39,"[128, 40, 8]",1,False,21aacc5ffd220c26fe28,expected_aligned_shape,Qwen/Qwen3.6-35B-A3B-FP8,ok,32,127,5080,1439,0.2832677165354331,5080,3496,0.6881889763779527,0,0.0,0.9225119936930961,4686.360927960928,0.9549458661417323,4851.125,Qwen/Qwen3.6-35B-A3B
json_structured,40,127,8,40640,cross_model,30328,0.746259842519685,10312,0.253740157480315,167,True,127,128,40,40,0,"[167, 40, 8]",0,True,40,True,128,167,40,0,0,40,"[128, 40, 8]",1,False,21ee47798c809fb94dbe,expected_aligned_shape,Qwen/Qwen3.6-35B-A3B-FP8,ok,32,127,5080,1523,0.2998031496062992,5080,3485,0.6860236220472441,0,0.0,0.9231129762625826,4689.41391941392,0.9553641732283464,4853.25,Qwen/Qwen3.6-35B-A3B
logs,40,127,8,40640,cross_model,27809,0.6842765748031496,12831,0.31572342519685037,159,True,127,128,32,32,0,"[159, 40, 8]",0,True,32,True,128,159,32,0,0,32,"[128, 40, 8]",1,False,22d976a544f1f7482895,expected_aligned_shape,Qwen/Qwen3.6-35B-A3B-FP8,ok,32,127,5080,1152,0.22677165354330708,5080,3099,0.6100393700787402,0,0.0,0.8982273675580763,4562.995027195027,0.9393700787401574,4772.0,Qwen/Qwen3.6-35B-A3B
short_qa,40,127,8,40640,cross_model,29882,0.7352854330708661,10758,0.26471456692913387,166,True,127,128,39,39,0,"[166, 40, 8]",0,True,39,True,128,166,39,0,0,39,"[128, 40, 8]",1,False,232125d1d806b13d8881,expected_aligned_shape,Qwen/Qwen3.6-35B-A3B-FP8,ok,32,127,5080,1441,0.2836614173228346,5080,3457,0.680511811023622,0,0.0,0.9221308263040549,4684.4245976245975,0.9550442913385827,4851.625,Qwen/Qwen3.6-35B-A3B
low_margin,40,127,8,40640,cross_model,29432,0.7242125984251968,11208,0.27578740157480314,167,True,127,128,40,40,0,"[167, 40, 8]",0,True,40,True,128,167,40,0,0,40,"[128, 40, 8]",1,False,2328d7a464c9ea472612,expected_aligned_shape,Qwen/Qwen3.6-35B-A3B-FP8,ok,32,127,5080,1370,0.26968503937007876,5080,3465,0.6820866141732284,0,0.0,0.9232776584745089,4690.250505050505,0.9559055118110236,4856.0,Qwen/Qwen3.6-35B-A3B
code,40,127,8,40640,cross_model,28464,0.7003937007874016,12176,0.2996062992125984,159,True,127,128,32,32,0,"[159, 40, 8]",0,True,32,True,128,159,32,0,0,32,"[128, 40, 8]",1,False,2343bd272f1ca7b3e208,expected_aligned_shape,Qwen/Qwen3.6-35B-A3B-FP8,ok,32,127,5080,1216,0.23937007874015748,5080,3200,0.6299212598425197,0,0.0,0.9042583531953611,4593.632434232434,0.9429133858267716,4790.0,Qwen/Qwen3.6-35B-A3B
mixed_language,40,127,8,40640,cross_model,30349,0.7467765748031496,10291,0.25322342519685037,159,True,127,128,32,32,0,"[159, 40, 8]",0,True,32,True,128,159,32,0,0,32,"[128, 40, 8]",1,False,23457c9343c9fdf0d351,expected_aligned_shape,Qwen/Qwen3.6-35B-A3B-FP8,ok,32,127,5080,1477,0.290748031496063,5080,3495,0.687992125984252,0,0.0,0.9257066730295078,4702.589898989899,0.9574557086614173,4863.875,Qwen/Qwen3.6-35B-A3B
short_qa,40,127,8,40640,cross_model,30989,0.7625246062992126,9651,0.2374753937007874,159,True,127,128,32,32,0,"[159, 40, 8]",0,True,32,True,128,159,32,0,0,32,"[128, 40, 8]",1,False,235b042d6e2b290a72f0,expected_aligned_shape,Qwen/Qwen3.6-35B-A3B-FP8,ok,32,127,5080,1614,0.3177165354330709,5080,3637,0.7159448818897638,0,0.0,0.9332743634318437,4741.033766233766,0.9618602362204725,4886.25,Qwen/Qwen3.6-35B-A3B
low_margin,40,127,8,40640,cross_model,29763,0.732357283464567,10877,0.2676427165354331,166,True,127,128,39,39,0,"[166, 40, 8]",0,True,39,True,128,166,39,0,0,39,"[128, 40, 8]",1,False,239fcde67aa71aae1332,expected_aligned_shape,Qwen/Qwen3.6-35B-A3B-FP8,ok,32,127,5080,1408,0.27716535433070866,5080,3457,0.680511811023622,0,0.0,0.9235206176151058,4691.484737484738,0.9560777559055118,4856.875,Qwen/Qwen3.6-35B-A3B
chat,40,127,8,40640,cross_model,28947,0.7122785433070866,11693,0.2877214566929134,167,True,127,128,40,40,0,"[167, 40, 8]",0,True,40,True,128,167,40,0,0,40,"[128, 40, 8]",1,False,23d1a4bb74f86f9ae72c,expected_aligned_shape,Qwen/Qwen3.6-35B-A3B-FP8,ok,32,127,5080,1259,0.24783464566929134,5080,3283,0.646259842519685,0,0.0,0.912258970251096,4634.275568875569,0.9489665354330709,4820.75,Qwen/Qwen3.6-35B-A3B
json_structured,40,127,8,40640,cross_model,30474,0.7498523622047244,10166,0.2501476377952756,167,True,127,128,40,40,0,"[167, 40, 8]",0,True,40,True,128,167,40,0,0,40,"[128, 40, 8]",1,False,23db6fb46822445517d0,expected_aligned_shape,Qwen/Qwen3.6-35B-A3B-FP8,ok,32,127,5080,1462,0.2877952755905512,5080,3583,0.7053149606299213,0,0.0,0.9298282032927703,4723.527272727273,0.9597933070866141,4875.75,Qwen/Qwen3.6-35B-A3B
logs,40,127,8,40640,cross_model,28942,0.7121555118110237,11698,0.2878444881889764,159,True,127,128,32,32,0,"[159, 40, 8]",0,True,32,True,128,159,32,0,0,32,"[128, 40, 8]",1,False,24350f673b6706a47238,expected_aligned_shape,Qwen/Qwen3.6-35B-A3B-FP8,ok,32,127,5080,1255,0.2470472440944882,5080,3303,0.6501968503937008,0,0.0,0.9152970651395846,4649.709090909091,0.9512795275590551,4832.5,Qwen/Qwen3.6-35B-A3B
summarization,40,127,8,40640,cross_model,30162,0.7421751968503937,10478,0.2578248031496063,162,True,127,128,35,35,0,"[162, 40, 8]",0,True,35,True,128,162,35,0,0,35,"[128, 40, 8]",1,False,24578ec3333bed79e961,expected_aligned_shape,Qwen/Qwen3.6-35B-A3B-FP8,ok,32,127,5080,1523,0.2998031496062992,5080,3469,0.6828740157480315,0,0.0,0.923093136085262,4689.313131313132,0.9557332677165354,4855.125,Qwen/Qwen3.6-35B-A3B
short_qa,40,127,8,40640,cross_model,31514,0.7754429133858268,9126,0.22455708661417323,159,True,127,128,32,32,0,"[159, 40, 8]",0,True,32,True,128,159,32,0,0,32,"[128, 40, 8]",1,False,2469459cad19a519e761,expected_aligned_shape,Qwen/Qwen3.6-35B-A3B-FP8,ok,32,127,5080,1722,0.3389763779527559,5080,3746,0.7374015748031496,0,0.0,0.9390217131949415,4770.230303030303,0.9653051181102362,4903.75,Qwen/Qwen3.6-35B-A3B
math_numeric,40,127,8,40640,cross_model,20753,0.5106545275590552,19887,0.4893454724409449,159,True,127,128,32,32,0,"[159, 40, 8]",0,True,32,True,128,159,32,0,0,32,"[128, 40, 8]",1,False,253a58836fc704d92279,expected_aligned_shape,Qwen/Qwen3.6-35B-A3B-FP8,ok,32,127,5080,317,0.062401574803149604,5080,1889,0.3718503937007874,0,0.0,0.8145225902706217,4137.774758574758,0.8840551181102362,4491.0,Qwen/Qwen3.6-35B-A3B
chat,40,127,8,40640,cross_model,29713,0.731126968503937,10927,0.268873031496063,159,True,127,128,32,32,0,"[159, 40, 8]",0,True,32,True,128,159,32,0,0,32,"[128, 40, 8]",1,False,256c6dfa4f67e397387e,expected_aligned_shape,Qwen/Qwen3.6-35B-A3B-FP8,ok,32,127,5080,1437,0.2828740157480315,5080,3489,0.6868110236220473,0,0.0,0.9229559154756005,4688.61605061605,0.9553395669291339,4853.125,Qwen/Qwen3.6-35B-A3B
short_qa,40,127,8,40640,cross_model,29111,0.7163139763779528,11529,0.28368602362204726,159,True,127,128,32,32,0,"[159, 40, 8]",0,True,32,True,128,159,32,0,0,32,"[128, 40, 8]",1,False,2622626bdd86b8db128d,expected_aligned_shape,Qwen/Qwen3.6-35B-A3B-FP8,ok,32,127,5080,1270,0.25,5080,3372,0.6637795275590551,0,0.0,0.9182904759282713,4664.915617715617,0.9529035433070866,4840.75,Qwen/Qwen3.6-35B-A3B
short_qa,40,127,8,40640,cross_model,30139,0.7416092519685039,10501,0.2583907480314961,166,True,127,128,39,39,0,"[166, 40, 8]",0,True,39,True,128,166,39,0,0,39,"[128, 40, 8]",1,False,262796788153eff2f6cd,expected_aligned_shape,Qwen/Qwen3.6-35B-A3B-FP8,ok,32,127,5080,1480,0.29133858267716534,5080,3525,0.6938976377952756,0,0.0,0.9259438724005652,4703.794871794872,0.9568897637795276,4861.0,Qwen/Qwen3.6-35B-A3B
summarization,40,127,8,40640,cross_model,29036,0.7144685039370079,11604,0.2855314960629921,159,True,127,128,32,32,0,"[159, 40, 8]",0,True,32,True,128,159,32,0,0,32,"[128, 40, 8]",1,False,263423e917e7d58ee86c,expected_aligned_shape,Qwen/Qwen3.6-35B-A3B-FP8,ok,32,127,5080,1265,0.24901574803149606,5080,3379,0.6651574803149606,0,0.0,0.9193374691799889,4670.234343434344,0.9536909448818898,4844.75,Qwen/Qwen3.6-35B-A3B
summarization,40,127,8,40640,cross_model,29945,0.7368356299212598,10695,0.26316437007874016,167,True,127,128,40,40,0,"[167, 40, 8]",0,True,40,True,128,167,40,0,0,40,"[128, 40, 8]",1,False,263d0333a4f3da4051e5,expected_aligned_shape,Qwen/Qwen3.6-35B-A3B-FP8,ok,32,127,5080,1497,0.2946850393700787,5080,3480,0.6850393700787402,0,0.0,0.9223592636584764,4685.585059385059,0.9547244094488189,4850.0,Qwen/Qwen3.6-35B-A3B
chat,40,127,8,40640,cross_model,29382,0.7229822834645669,11258,0.27701771653543306,159,True,127,128,32,32,0,"[159, 40, 8]",0,True,32,True,128,159,32,0,0,32,"[128, 40, 8]",1,False,270d313aa3200ac96ec3,expected_aligned_shape,Qwen/Qwen3.6-35B-A3B-FP8,ok,32,127,5080,1360,0.2677165354330709,5080,3364,0.6622047244094488,0,0.0,0.916479019667996,4655.71341991342,0.9512549212598426,4832.375,Qwen/Qwen3.6-35B-A3B
logs,40,127,8,40640,cross_model,28670,0.7054625984251969,11970,0.2945374015748031,159,True,127,128,32,32,0,"[159, 40, 8]",0,True,32,True,128,159,32,0,0,32,"[128, 40, 8]",1,False,27c4d24f22e4a0ff0c38,expected_aligned_shape,Qwen/Qwen3.6-35B-A3B-FP8,ok,32,127,5080,1205,0.2372047244094488,5080,3308,0.6511811023622047,0,0.0,0.9153137675972322,4649.79393939394,0.9512303149606299,4832.25,Qwen/Qwen3.6-35B-A3B
summarization,40,127,8,40640,cross_model,30414,0.7483759842519685,10226,0.2516240157480315,163,True,127,128,36,36,0,"[163, 40, 8]",0,True,36,True,128,163,36,0,0,36,"[128, 40, 8]",1,False,27cfd27b6f7be852ce3e,expected_aligned_shape,Qwen/Qwen3.6-35B-A3B-FP8,ok,32,127,5080,1513,0.29783464566929135,5080,3499,0.6887795275590551,0,0.0,0.9249733556032769,4698.864646464646,0.9568897637795276,4861.0,Qwen/Qwen3.6-35B-A3B
summarization,40,127,8,40640,cross_model,30881,0.759867125984252,9759,0.24013287401574804,167,True,127,128,40,40,0,"[167, 40, 8]",0,True,40,True,128,167,40,0,0,40,"[128, 40, 8]",1,False,283563fec936c7c1a5c4,expected_aligned_shape,Qwen/Qwen3.6-35B-A3B-FP8,ok,32,127,5080,1651,0.325,5080,3615,0.7116141732283464,0,0.0,0.9311723534558181,4730.355555555556,0.9605561023622047,4879.625,Qwen/Qwen3.6-35B-A3B
low_margin,40,127,8,40640,cross_model,29907,0.7359005905511811,10733,0.2640994094488189,167,True,127,128,40,40,0,"[167, 40, 8]",0,True,40,True,128,167,40,0,0,40,"[128, 40, 8]",1,False,2875b005621c9a1ca52b,expected_aligned_shape,Qwen/Qwen3.6-35B-A3B-FP8,ok,32,127,5080,1463,0.28799212598425195,5080,3496,0.6881889763779527,0,0.0,0.9244447066494311,4696.17910977911,0.9564468503937008,4858.75,Qwen/Qwen3.6-35B-A3B
chat,40,127,8,40640,cross_model,28586,0.7033956692913386,12054,0.29660433070866143,159,True,127,128,32,32,0,"[159, 40, 8]",0,True,32,True,128,159,32,0,0,32,"[128, 40, 8]",1,False,296354faad4c255cfd2d,expected_aligned_shape,Qwen/Qwen3.6-35B-A3B-FP8,ok,32,127,5080,1235,0.24311023622047245,5080,3225,0.6348425196850394,0,0.0,0.9088526783802374,4616.971606171606,0.9470226377952756,4810.875,Qwen/Qwen3.6-35B-A3B
code,40,127,8,40640,cross_model,29926,0.7363681102362205,10714,0.26363188976377955,159,True,127,128,32,32,0,"[159, 40, 8]",0,True,32,True,128,159,32,0,0,32,"[128, 40, 8]",1,False,29969beda4473edae4db,expected_aligned_shape,Qwen/Qwen3.6-35B-A3B-FP8,ok,32,127,5080,1478,0.2909448818897638,5080,3420,0.6732283464566929,0,0.0,0.9166083610178097,4656.3704739704735,0.9504675196850394,4828.375,Qwen/Qwen3.6-35B-A3B
needle,40,127,8,40640,cross_model,28117,0.6918553149606299,12523,0.3081446850393701,159,True,127,128,32,32,0,"[159, 40, 8]",0,True,32,True,128,159,32,0,0,32,"[128, 40, 8]",1,False,29df90da31edeb076100,expected_aligned_shape,Qwen/Qwen3.6-35B-A3B-FP8,ok,32,127,5080,1171,0.23051181102362206,5080,3181,0.6261811023622047,0,0.0,0.9045282189376677,4595.003352203352,0.9438484251968504,4794.75,Qwen/Qwen3.6-35B-A3B
code,40,127,8,40640,cross_model,29049,0.7147883858267716,11591,0.2852116141732283,165,True,127,128,38,38,0,"[165, 40, 8]",0,True,38,True,128,165,38,0,0,38,"[128, 40, 8]",1,False,29f2b9019a91ff75122a,expected_aligned_shape,Qwen/Qwen3.6-35B-A3B-FP8,ok,32,127,5080,1289,0.253740157480315,5080,3295,0.6486220472440944,0,0.0,0.9123815554524216,4634.898301698302,0.9486466535433071,4819.125,Qwen/Qwen3.6-35B-A3B
short_qa,40,127,8,40640,cross_model,30431,0.7487942913385827,10209,0.25120570866141734,166,True,127,128,39,39,0,"[166, 40, 8]",0,True,39,True,128,166,39,0,0,39,"[128, 40, 8]",1,False,2a0da392f97bc56387a1,expected_aligned_shape,Qwen/Qwen3.6-35B-A3B-FP8,ok,32,127,5080,1521,0.29940944881889764,5080,3598,0.7082677165354331,0,0.0,0.9309011373578303,4728.977777777778,0.9604822834645669,4879.25,Qwen/Qwen3.6-35B-A3B
mixed_language,40,85,8,27200,cross_model,21192,0.7791176470588236,6008,0.22088235294117647,117,True,85,86,32,32,0,"[117, 40, 8]",0,True,32,True,86,117,32,0,0,32,"[86, 40, 8]",1,False,2a4cb26fc9d198381d7c,expected_aligned_shape,Qwen/Qwen3.6-35B-A3B-FP8,ok,32,85,3400,1188,0.34941176470588237,3400,2499,0.735,0,0.0,0.9386108140225788,3191.2767676767676,0.965110294117647,3281.375,Qwen/Qwen3.6-35B-A3B
math_numeric,40,127,8,40640,cross_model,18713,0.46045767716535435,21927,0.5395423228346456,159,True,127,128,32,32,0,"[159, 40, 8]",0,True,32,True,128,159,32,0,0,32,"[128, 40, 8]",1,False,2a8e0c56729920028938,expected_aligned_shape,Qwen/Qwen3.6-35B-A3B-FP8,ok,32,127,5080,181,0.03562992125984252,5080,1543,0.30374015748031497,0,0.0,0.7727795170708556,3925.7199467199466,0.853617125984252,4336.375,Qwen/Qwen3.6-35B-A3B
code,40,127,8,40640,cross_model,30261,0.744611220472441,10379,0.25538877952755906,159,True,127,128,32,32,0,"[159, 40, 8]",0,True,32,True,128,159,32,0,0,32,"[128, 40, 8]",1,False,2a90d069c00b6726d1c9,expected_aligned_shape,Qwen/Qwen3.6-35B-A3B-FP8,ok,32,127,5080,1512,0.29763779527559053,5080,3497,0.6883858267716535,0,0.0,0.9222321204604669,4684.9391719391715,0.9544291338582677,4848.5,Qwen/Qwen3.6-35B-A3B
low_margin,40,127,8,40640,cross_model,28948,0.7123031496062993,11692,0.2876968503937008,167,True,127,128,40,40,0,"[167, 40, 8]",0,True,40,True,128,167,40,0,0,40,"[128, 40, 8]",1,False,2af65a7c16bf4ea4f9d6,expected_aligned_shape,Qwen/Qwen3.6-35B-A3B-FP8,ok,32,127,5080,1295,0.2549212598425197,5080,3298,0.6492125984251969,0,0.0,0.9143200631389607,4644.745920745921,0.9505413385826772,4828.75,Qwen/Qwen3.6-35B-A3B
math_numeric,40,127,8,40640,cross_model,29450,0.7246555118110236,11190,0.2753444881889764,159,True,127,128,32,32,0,"[159, 40, 8]",0,True,32,True,128,159,32,0,0,32,"[128, 40, 8]",1,False,2b115a45164b6f052a85,expected_aligned_shape,Qwen/Qwen3.6-35B-A3B-FP8,ok,32,127,5080,1401,0.27578740157480314,5080,3437,0.6765748031496063,0,0.0,0.9176802506330065,4661.815673215673,0.9515255905511811,4833.75,Qwen/Qwen3.6-35B-A3B
summarization,40,127,8,40640,cross_model,31086,0.7649114173228346,9554,0.23508858267716534,167,True,127,128,40,40,0,"[167, 40, 8]",0,True,40,True,128,167,40,0,0,40,"[128, 40, 8]",1,False,2b3f6fc832e4ed6e419e,expected_aligned_shape,Qwen/Qwen3.6-35B-A3B-FP8,ok,32,127,5080,1688,0.33228346456692914,5080,3655,0.719488188976378,0,0.0,0.9322438803541165,4735.798912198912,0.9609005905511812,4881.375,Qwen/Qwen3.6-35B-A3B
summarization,40,127,8,40640,cross_model,30119,0.741117125984252,10521,0.25888287401574805,167,True,127,128,40,40,0,"[167, 40, 8]",0,True,40,True,128,167,40,0,0,40,"[128, 40, 8]",1,False,2ba6021a91efc5816cf2,expected_aligned_shape,Qwen/Qwen3.6-35B-A3B-FP8,ok,32,127,5080,1556,0.3062992125984252,5080,3490,0.687007874015748,0,0.0,0.9235672289215597,4691.721522921523,0.9557332677165354,4855.125,Qwen/Qwen3.6-35B-A3B
needle,40,127,8,40640,cross_model,26901,0.6619340551181102,13739,0.3380659448818898,159,True,127,128,32,32,0,"[159, 40, 8]",0,True,32,True,128,159,32,0,0,32,"[128, 40, 8]",1,False,2c18391176e2ce6188a6,expected_aligned_shape,Qwen/Qwen3.6-35B-A3B-FP8,ok,32,127,5080,1078,0.21220472440944882,5080,2993,0.5891732283464567,0,0.0,0.8905268790701862,4523.876545676546,0.9349409448818897,4749.5,Qwen/Qwen3.6-35B-A3B
mixed_language,40,127,8,40640,cross_model,29032,0.7143700787401575,11608,0.28562992125984255,159,True,127,128,32,32,0,"[159, 40, 8]",0,True,32,True,128,159,32,0,0,32,"[128, 40, 8]",1,False,2c58121ecdf0c3b65467,expected_aligned_shape,Qwen/Qwen3.6-35B-A3B-FP8,ok,32,127,5080,1337,0.26318897637795274,5080,3334,0.6562992125984252,0,0.0,0.914163334478295,4643.949739149739,0.9500246062992126,4826.125,Qwen/Qwen3.6-35B-A3B
chat,40,127,8,40640,cross_model,29366,0.7225885826771653,11274,0.27741141732283464,167,True,127,128,40,40,0,"[167, 40, 8]",0,True,40,True,128,167,40,0,0,40,"[128, 40, 8]",1,False,2cf1f67a6d6a938d71e4,expected_aligned_shape,Qwen/Qwen3.6-35B-A3B-FP8,ok,32,127,5080,1366,0.2688976377952756,5080,3397,0.6687007874015748,0,0.0,0.9181363605773055,4664.132711732712,0.9525836614173229,4839.125,Qwen/Qwen3.6-35B-A3B
json_structured,40,127,8,40640,cross_model,26973,0.6637057086614173,13667,0.3362942913385827,159,True,127,128,32,32,0,"[159, 40, 8]",0,True,32,True,128,159,32,0,0,32,"[128, 40, 8]",1,False,2d0d2ba850c9b5fccf0e,expected_aligned_shape,Qwen/Qwen3.6-35B-A3B-FP8,ok,32,127,5080,1044,0.20551181102362204,5080,3003,0.5911417322834646,0,0.0,0.8833520110685464,4487.428216228216,0.9268208661417323,4708.25,Qwen/Qwen3.6-35B-A3B
json_structured,40,127,8,40640,cross_model,28529,0.7019931102362205,12111,0.29800688976377954,159,True,127,128,32,32,0,"[159, 40, 8]",0,True,32,True,128,159,32,0,0,32,"[128, 40, 8]",1,False,2d0ef85729f78017baca,expected_aligned_shape,Qwen/Qwen3.6-35B-A3B-FP8,ok,32,127,5080,1185,0.23326771653543307,5080,3269,0.643503937007874,0,0.0,0.9102964664381986,4624.30604950605,0.9470718503937008,4811.125,Qwen/Qwen3.6-35B-A3B
chat,40,127,8,40640,cross_model,28998,0.7135334645669291,11642,0.2864665354330709,159,True,127,128,32,32,0,"[159, 40, 8]",0,True,32,True,128,159,32,0,0,32,"[128, 40, 8]",1,False,2d5b0dcf6053736ddef2,expected_aligned_shape,Qwen/Qwen3.6-35B-A3B-FP8,ok,32,127,5080,1299,0.25570866141732285,5080,3331,0.6557086614173229,0,0.0,0.9151075215248443,4648.746209346209,0.9503444881889764,4827.75,Qwen/Qwen3.6-35B-A3B
code,40,127,8,40640,cross_model,28772,0.7079724409448819,11868,0.2920275590551181,159,True,127,128,32,32,0,"[159, 40, 8]",0,True,32,True,128,159,32,0,0,32,"[128, 40, 8]",1,False,2d69d60265232caf677f,expected_aligned_shape,Qwen/Qwen3.6-35B-A3B-FP8,ok,32,127,5080,1242,0.24448818897637795,5080,3228,0.6354330708661418,0,0.0,0.9085280991973904,4615.322743922744,0.9464566929133859,4808.0,Qwen/Qwen3.6-35B-A3B
chat,40,127,8,40640,cross_model,28964,0.7126968503937008,11676,0.2873031496062992,159,True,127,128,32,32,0,"[159, 40, 8]",0,True,32,True,128,159,32,0,0,32,"[128, 40, 8]",1,False,2dd24a1c8445c2fab792,expected_aligned_shape,Qwen/Qwen3.6-35B-A3B-FP8,ok,32,127,5080,1292,0.2543307086614173,5080,3263,0.6423228346456693,0,0.0,0.9102494836746806,4624.0673770673775,0.9471702755905512,4811.625,Qwen/Qwen3.6-35B-A3B
math_numeric,40,127,8,40640,cross_model,28574,0.7031003937007874,12066,0.2968996062992126,159,True,127,128,32,32,0,"[159, 40, 8]",0,True,32,True,128,159,32,0,0,32,"[128, 40, 8]",1,False,2dd89ff7a506dbb6344a,expected_aligned_shape,Qwen/Qwen3.6-35B-A3B-FP8,ok,32,127,5080,1196,0.23543307086614174,5080,3183,0.6265748031496063,0,0.0,0.906167992112874,4603.3333999334,0.9447834645669292,4799.5,Qwen/Qwen3.6-35B-A3B
logs,40,119,8,38080,cross_model,29766,0.7816701680672269,8314,0.2183298319327731,151,True,119,120,32,32,0,"[151, 40, 8]",0,True,32,True,120,151,32,0,0,32,"[120, 40, 8]",1,False,2de2e2e7087b0e6e04f9,expected_aligned_shape,Qwen/Qwen3.6-35B-A3B-FP8,ok,32,119,4760,1694,0.3558823529411765,4760,3596,0.7554621848739496,0,0.0,0.9418782711219685,4483.34057054057,0.9664390756302521,4600.25,Qwen/Qwen3.6-35B-A3B
needle,40,127,8,40640,cross_model,28533,0.7020915354330709,12107,0.29790846456692915,159,True,127,128,32,32,0,"[159, 40, 8]",0,True,32,True,128,159,32,0,0,32,"[128, 40, 8]",1,False,2e7575899bd304d2d2aa,expected_aligned_shape,Qwen/Qwen3.6-35B-A3B-FP8,ok,32,127,5080,1172,0.23070866141732282,5080,3241,0.6379921259842519,0,0.0,0.912255627137517,4634.258585858586,0.9495324803149606,4823.625,Qwen/Qwen3.6-35B-A3B
low_margin,40,127,8,40640,cross_model,30697,0.7553395669291338,9943,0.24466043307086613,166,True,127,128,39,39,0,"[166, 40, 8]",0,True,39,True,128,166,39,0,0,39,"[128, 40, 8]",1,False,2ec53ea436b55402e7f9,expected_aligned_shape,Qwen/Qwen3.6-35B-A3B-FP8,ok,32,127,5080,1576,0.3102362204724409,5080,3612,0.7110236220472441,0,0.0,0.9311218265548973,4730.098878898879,0.9604576771653544,4879.125,Qwen/Qwen3.6-35B-A3B
code,40,127,8,40640,cross_model,30479,0.7499753937007874,10161,0.2500246062992126,166,True,127,128,39,39,0,"[166, 40, 8]",0,True,39,True,128,166,39,0,0,39,"[128, 40, 8]",1,False,2ed770e69773a3d4a410,expected_aligned_shape,Qwen/Qwen3.6-35B-A3B-FP8,ok,32,127,5080,1577,0.31043307086614175,5080,3512,0.6913385826771653,0,0.0,0.9246130072901727,4697.034077034077,0.9563238188976378,4858.125,Qwen/Qwen3.6-35B-A3B
json_structured,40,127,8,40640,cross_model,30176,0.74251968503937,10464,0.2574803149606299,167,True,127,128,40,40,0,"[167, 40, 8]",0,True,40,True,128,167,40,0,0,40,"[128, 40, 8]",1,False,2efd61031f1c6cdea6a8,expected_aligned_shape,Qwen/Qwen3.6-35B-A3B-FP8,ok,32,127,5080,1529,0.3009842519685039,5080,3519,0.6927165354330709,0,0.0,0.9236537871577242,4692.161238761239,0.9554379921259842,4853.625,Qwen/Qwen3.6-35B-A3B
chat,40,127,8,40640,cross_model,29370,0.7226870078740157,11270,0.27731299212598426,167,True,127,128,40,40,0,"[167, 40, 8]",0,True,40,True,128,167,40,0,0,40,"[128, 40, 8]",1,False,2f2a6f799f8866a2a2c5,expected_aligned_shape,Qwen/Qwen3.6-35B-A3B-FP8,ok,32,127,5080,1389,0.2734251968503937,5080,3388,0.6669291338582677,0,0.0,0.9180863231256933,4663.878521478521,0.9524852362204724,4838.625,Qwen/Qwen3.6-35B-A3B
short_qa,40,127,8,40640,cross_model,28660,0.7052165354330708,11980,0.2947834645669291,159,True,127,128,32,32,0,"[159, 40, 8]",0,True,32,True,128,159,32,0,0,32,"[128, 40, 8]",1,False,2faff12ca5d596e9d497,expected_aligned_shape,Qwen/Qwen3.6-35B-A3B-FP8,ok,32,127,5080,1278,0.2515748031496063,5080,3280,0.6456692913385826,0,0.0,0.9108767129633272,4627.253701853702,0.9476870078740157,4814.25,Qwen/Qwen3.6-35B-A3B
mixed_language,40,127,8,40640,cross_model,29170,0.7177657480314961,11470,0.28223425196850394,159,True,127,128,32,32,0,"[159, 40, 8]",0,True,32,True,128,159,32,0,0,32,"[128, 40, 8]",1,False,3006b46ed5b9b78a3d4d,expected_aligned_shape,Qwen/Qwen3.6-35B-A3B-FP8,ok,32,127,5080,1354,0.26653543307086613,5080,3420,0.6732283464566929,0,0.0,0.9170514524845235,4658.621378621378,0.9510088582677165,4831.125,Qwen/Qwen3.6-35B-A3B
logs,40,127,8,40640,cross_model,31338,0.7711122047244094,9302,0.22888779527559056,159,True,127,128,32,32,0,"[159, 40, 8]",0,True,32,True,128,159,32,0,0,32,"[128, 40, 8]",1,False,305cfdff6df3b5b4115f,expected_aligned_shape,Qwen/Qwen3.6-35B-A3B-FP8,ok,32,127,5080,1718,0.33818897637795275,5080,3743,0.7368110236220472,0,0.0,0.937730694502348,4763.671928071928,0.9640994094488189,4897.625,Qwen/Qwen3.6-35B-A3B
logs,40,127,8,40640,cross_model,29894,0.7355807086614173,10746,0.26441929133858266,159,True,127,128,32,32,0,"[159, 40, 8]",0,True,32,True,128,159,32,0,0,32,"[128, 40, 8]",1,False,306d63201cc2d78c630e,expected_aligned_shape,Qwen/Qwen3.6-35B-A3B-FP8,ok,32,127,5080,1403,0.2761811023622047,5080,3465,0.6820866141732284,0,0.0,0.9247538375884833,4697.749494949495,0.9569881889763779,4861.5,Qwen/Qwen3.6-35B-A3B
summarization,40,127,8,40640,cross_model,28773,0.7079970472440945,11867,0.2920029527559055,163,True,127,128,36,36,0,"[163, 40, 8]",0,True,36,True,128,163,36,0,0,36,"[128, 40, 8]",1,False,307fa84fbecadb909d8f,expected_aligned_shape,Qwen/Qwen3.6-35B-A3B-FP8,ok,32,127,5080,1267,0.24940944881889765,5080,3260,0.6417322834645669,0,0.0,0.9086020235232833,4615.69827949828,0.9456692913385827,4804.0,Qwen/Qwen3.6-35B-A3B
chat,40,127,8,40640,cross_model,29036,0.7144685039370079,11604,0.2855314960629921,159,True,127,128,32,32,0,"[159, 40, 8]",0,True,32,True,128,159,32,0,0,32,"[128, 40, 8]",1,False,31a45aa7d5d2d392ef89,expected_aligned_shape,Qwen/Qwen3.6-35B-A3B-FP8,ok,32,127,5080,1280,0.25196850393700787,5080,3342,0.6578740157480315,0,0.0,0.9162237237827788,4654.416516816516,0.9514517716535433,4833.375,Qwen/Qwen3.6-35B-A3B
logs,40,127,8,40640,cross_model,27789,0.6837844488188977,12851,0.31621555118110234,159,True,127,128,32,32,0,"[159, 40, 8]",0,True,32,True,128,159,32,0,0,32,"[128, 40, 8]",1,False,31c3478fb78674e3cd4e,expected_aligned_shape,Qwen/Qwen3.6-35B-A3B-FP8,ok,32,127,5080,1161,0.22854330708661416,5080,3139,0.6179133858267717,0,0.0,0.9019361696920751,4581.835742035742,0.9421505905511811,4786.125,Qwen/Qwen3.6-35B-A3B
short_qa,40,127,8,40640,cross_model,31253,0.7690206692913386,9387,0.23097933070866142,159,True,127,128,32,32,0,"[159, 40, 8]",0,True,32,True,128,159,32,0,0,32,"[128, 40, 8]",1,False,31fee49419bc1edfcbd2,expected_aligned_shape,Qwen/Qwen3.6-35B-A3B-FP8,ok,32,127,5080,1688,0.33228346456692914,5080,3732,0.7346456692913386,0,0.0,0.935532184351082,4752.5034965034965,0.9626968503937008,4890.5,Qwen/Qwen3.6-35B-A3B
logs,40,127,8,40640,cross_model,28428,0.699507874015748,12212,0.30049212598425196,159,True,127,128,32,32,0,"[159, 40, 8]",0,True,32,True,128,159,32,0,0,32,"[128, 40, 8]",1,False,3290320c83683f6d462b,expected_aligned_shape,Qwen/Qwen3.6-35B-A3B-FP8,ok,32,127,5080,1276,0.2511811023622047,5080,3312,0.6519685039370079,0,0.0,0.9130798685129392,4638.445732045732,0.9494586614173228,4823.25,Qwen/Qwen3.6-35B-A3B
code,40,127,8,40640,cross_model,29227,0.7191683070866142,11413,0.28083169291338583,159,True,127,128,32,32,0,"[159, 40, 8]",0,True,32,True,128,159,32,0,0,32,"[128, 40, 8]",1,False,32e043e23176d4c3411d,expected_aligned_shape,Qwen/Qwen3.6-35B-A3B-FP8,ok,32,127,5080,1300,0.2559055118110236,5080,3395,0.6683070866141733,0,0.0,0.9192234974124737,4669.655366855367,0.9532726377952756,4842.625,Qwen/Qwen3.6-35B-A3B
json_structured,40,127,8,40640,cross_model,28498,0.7012303149606299,12142,0.29876968503937007,159,True,127,128,32,32,0,"[159, 40, 8]",0,True,32,True,128,159,32,0,0,32,"[128, 40, 8]",1,False,32f5ee73857974fea523,expected_aligned_shape,Qwen/Qwen3.6-35B-A3B-FP8,ok,32,127,5080,1223,0.240748031496063,5080,3248,0.6393700787401575,0,0.0,0.9103428679806632,4624.541769341769,0.9478838582677165,4815.25,Qwen/Qwen3.6-35B-A3B
summarization,40,127,8,40640,cross_model,30157,0.7420521653543307,10483,0.2579478346456693,163,True,127,128,36,36,0,"[163, 40, 8]",0,True,36,True,128,163,36,0,0,36,"[128, 40, 8]",1,False,3340908de9f496cba0e2,expected_aligned_shape,Qwen/Qwen3.6-35B-A3B-FP8,ok,32,127,5080,1520,0.2992125984251969,5080,3520,0.6929133858267716,0,0.0,0.9260431082478326,4704.29898989899,0.9575295275590551,4864.25,Qwen/Qwen3.6-35B-A3B
summarization,40,127,8,40640,cross_model,28927,0.7117864173228347,11713,0.28821358267716535,163,True,127,128,36,36,0,"[163, 40, 8]",0,True,36,True,128,163,36,0,0,36,"[128, 40, 8]",1,False,342272d1ab1e6d044aac,expected_aligned_shape,Qwen/Qwen3.6-35B-A3B-FP8,ok,32,127,5080,1270,0.25,5080,3284,0.6464566929133858,0,0.0,0.911613163739148,4630.994871794872,0.9485728346456693,4818.75,Qwen/Qwen3.6-35B-A3B
chat,40,127,8,40640,cross_model,27202,0.6693405511811024,13438,0.33065944881889764,159,True,127,128,32,32,0,"[159, 40, 8]",0,True,32,True,128,159,32,0,0,32,"[128, 40, 8]",1,False,348585452bc0a6e12b3a,expected_aligned_shape,Qwen/Qwen3.6-35B-A3B-FP8,ok,32,127,5080,992,0.1952755905511811,5080,3017,0.5938976377952756,0,0.0,0.8947273242942536,4545.214807414807,0.937376968503937,4761.875,Qwen/Qwen3.6-35B-A3B
summarization,40,127,8,40640,cross_model,30378,0.747490157480315,10262,0.25250984251968506,167,True,127,128,40,40,0,"[167, 40, 8]",0,True,40,True,128,167,40,0,0,40,"[128, 40, 8]",1,False,349a8e46aff51f574f44,expected_aligned_shape,Qwen/Qwen3.6-35B-A3B-FP8,ok,32,127,5080,1528,0.30078740157480316,5080,3564,0.7015748031496063,0,0.0,0.9278302275152668,4713.377555777556,0.9583415354330709,4868.375,Qwen/Qwen3.6-35B-A3B
logs,40,127,8,40640,cross_model,30997,0.7627214566929134,9643,0.23727854330708661,159,True,127,128,32,32,0,"[159, 40, 8]",0,True,32,True,128,159,32,0,0,32,"[128, 40, 8]",1,False,34c0e905650e348632f9,expected_aligned_shape,Qwen/Qwen3.6-35B-A3B-FP8,ok,32,127,5080,1654,0.32559055118110236,5080,3684,0.7251968503937007,0,0.0,0.9343416863101903,4746.455766455766,0.9621801181102362,4887.875,Qwen/Qwen3.6-35B-A3B
short_qa,40,127,8,40640,cross_model,29452,0.7247047244094488,11188,0.27529527559055117,159,True,127,128,32,32,0,"[159, 40, 8]",0,True,32,True,128,159,32,0,0,32,"[128, 40, 8]",1,False,34dfad8ce9c74861ca07,expected_aligned_shape,Qwen/Qwen3.6-35B-A3B-FP8,ok,32,127,5080,1385,0.27263779527559057,5080,3398,0.6688976377952756,0,0.0,0.9173058656129521,4659.913797313798,0.9516240157480315,4834.25,Qwen/Qwen3.6-35B-A3B
json_structured,40,127,8,40640,cross_model,29895,0.73560531496063,10745,0.2643946850393701,167,True,127,128,40,40,0,"[167, 40, 8]",0,True,40,True,128,167,40,0,0,40,"[128, 40, 8]",1,False,35047c6ea526d7ce48ba,expected_aligned_shape,Qwen/Qwen3.6-35B-A3B-FP8,ok,32,127,5080,1461,0.2875984251968504,5080,3501,0.6891732283464567,0,0.0,0.9232245313741377,4689.98061938062,0.9550196850393701,4851.5,Qwen/Qwen3.6-35B-A3B
short_qa,40,127,8,40640,cross_model,31051,0.7640501968503937,9589,0.2359498031496063,159,True,127,128,32,32,0,"[159, 40, 8]",0,True,32,True,128,159,32,0,0,32,"[128, 40, 8]",1,False,3532be8afd12073281c9,expected_aligned_shape,Qwen/Qwen3.6-35B-A3B-FP8,ok,32,127,5080,1599,0.3147637795275591,5080,3611,0.7108267716535434,0,0.0,0.9309569957601453,4729.261538461538,0.9602854330708661,4878.25,Qwen/Qwen3.6-35B-A3B
mixed_language,40,96,8,30720,cross_model,23380,0.7610677083333334,7340,0.23893229166666666,128,True,96,97,32,32,0,"[128, 40, 8]",0,True,32,True,97,128,32,0,0,32,"[97, 40, 8]",1,False,35800655e45bb8995456,expected_aligned_shape,Qwen/Qwen3.6-35B-A3B-FP8,ok,32,96,3840,1220,0.3177083333333333,3840,2698,0.7026041666666667,0,0.0,0.9298190235690237,3570.5050505050503,0.9598958333333333,3686.0,Qwen/Qwen3.6-35B-A3B
chat,40,127,8,40640,cross_model,29127,0.7167076771653543,11513,0.28329232283464567,159,True,127,128,32,32,0,"[159, 40, 8]",0,True,32,True,128,159,32,0,0,32,"[128, 40, 8]",1,False,35b365ba73f78ef0c33d,expected_aligned_shape,Qwen/Qwen3.6-35B-A3B-FP8,ok,32,127,5080,1324,0.2606299212598425,5080,3351,0.6596456692913386,0,0.0,0.9159571574532204,4653.06235986236,0.9511564960629921,4831.875,Qwen/Qwen3.6-35B-A3B
mixed_language,40,80,8,25600,cross_model,19630,0.766796875,5970,0.233203125,112,True,80,81,32,32,0,"[112, 40, 8]",0,True,32,True,81,112,32,0,0,32,"[81, 40, 8]",1,False,35e01e8dc621b92d0cdb,expected_aligned_shape,Qwen/Qwen3.6-35B-A3B-FP8,ok,32,80,3200,1062,0.331875,3200,2337,0.7303125,0,0.0,0.9360568181818184,2995.3818181818183,0.9633984375,3082.875,Qwen/Qwen3.6-35B-A3B
needle,40,127,8,40640,cross_model,28474,0.7006397637795275,12166,0.2993602362204724,159,True,127,128,32,32,0,"[159, 40, 8]",0,True,32,True,128,159,32,0,0,32,"[128, 40, 8]",1,False,36ec9c4c79cdab731b82,expected_aligned_shape,Qwen/Qwen3.6-35B-A3B-FP8,ok,32,127,5080,1222,0.2405511811023622,5080,3281,0.6458661417322835,0,0.0,0.9123467652207808,4634.721567321567,0.949015748031496,4821.0,Qwen/Qwen3.6-35B-A3B
low_margin,40,127,8,40640,cross_model,29169,0.7177411417322834,11471,0.2822588582677165,166,True,127,128,39,39,0,"[166, 40, 8]",0,True,39,True,128,166,39,0,0,39,"[128, 40, 8]",1,False,370a59b5425e02e1f2b0,expected_aligned_shape,Qwen/Qwen3.6-35B-A3B-FP8,ok,32,127,5080,1317,0.259251968503937,5080,3350,0.6594488188976378,0,0.0,0.9161293824285951,4653.937262737263,0.9514517716535433,4833.375,Qwen/Qwen3.6-35B-A3B
low_margin,40,127,8,40640,cross_model,28165,0.6930364173228346,12475,0.30696358267716534,167,True,127,128,40,40,0,"[167, 40, 8]",0,True,40,True,128,167,40,0,0,40,"[128, 40, 8]",1,False,371b5b44d66aefdf558d,expected_aligned_shape,Qwen/Qwen3.6-35B-A3B-FP8,ok,32,127,5080,1180,0.23228346456692914,5080,3132,0.6165354330708661,0,0.0,0.9008101303770596,4576.1154623154625,0.9408218503937008,4779.375,Qwen/Qwen3.6-35B-A3B
needle,40,127,8,40640,cross_model,28363,0.6979084645669291,12277,0.3020915354330709,159,True,127,128,32,32,0,"[159, 40, 8]",0,True,32,True,128,159,32,0,0,32,"[128, 40, 8]",1,False,374b1d4945def4d4efd4,expected_aligned_shape,Qwen/Qwen3.6-35B-A3B-FP8,ok,32,127,5080,1207,0.2375984251968504,5080,3249,0.6395669291338583,0,0.0,0.9097683156738274,4621.6230436230435,0.9474163385826772,4812.875,Qwen/Qwen3.6-35B-A3B
json_structured,40,127,8,40640,cross_model,27944,0.6875984251968504,12696,0.3124015748031496,159,True,127,128,32,32,0,"[159, 40, 8]",0,True,32,True,128,159,32,0,0,32,"[128, 40, 8]",1,False,379da29819a8088367dc,expected_aligned_shape,Qwen/Qwen3.6-35B-A3B-FP8,ok,32,127,5080,1121,0.22066929133858268,5080,3213,0.63248031496063,0,0.0,0.9071857888393322,4608.503807303808,0.9457677165354331,4804.5,Qwen/Qwen3.6-35B-A3B
json_structured,40,127,8,40640,cross_model,25449,0.6262057086614173,15191,0.37379429133858266,159,True,127,128,32,32,0,"[159, 40, 8]",0,True,32,True,128,159,32,0,0,32,"[128, 40, 8]",1,False,37b9a01762e4f0996c56,expected_aligned_shape,Qwen/Qwen3.6-35B-A3B-FP8,ok,32,127,5080,831,0.16358267716535432,5080,2729,0.5372047244094488,0,0.0,0.8713601140766496,4426.50937950938,0.9217273622047244,4682.375,Qwen/Qwen3.6-35B-A3B
summarization,40,127,8,40640,cross_model,30398,0.747982283464567,10242,0.2520177165354331,162,True,127,128,35,35,0,"[162, 40, 8]",0,True,35,True,128,162,35,0,0,35,"[128, 40, 8]",1,False,37d79710448be0c7fd7d,expected_aligned_shape,Qwen/Qwen3.6-35B-A3B-FP8,ok,32,127,5080,1538,0.30275590551181103,5080,3570,0.702755905511811,0,0.0,0.9284307643362761,4716.428282828283,0.958882874015748,4871.125,Qwen/Qwen3.6-35B-A3B
code,40,127,8,40640,cross_model,30057,0.7395915354330709,10583,0.2604084645669291,159,True,127,128,32,32,0,"[159, 40, 8]",0,True,32,True,128,159,32,0,0,32,"[128, 40, 8]",1,False,37e7fb39d385be54c1bd,expected_aligned_shape,Qwen/Qwen3.6-35B-A3B-FP8,ok,32,127,5080,1476,0.2905511811023622,5080,3481,0.6852362204724409,0,0.0,0.9209866729945471,4678.612298812299,0.9535925196850393,4844.25,Qwen/Qwen3.6-35B-A3B
low_margin,40,127,8,40640,cross_model,28689,0.7059301181102362,11951,0.2940698818897638,167,True,127,128,40,40,0,"[167, 40, 8]",0,True,40,True,128,167,40,0,0,40,"[128, 40, 8]",1,False,38366acf306e4da2179b,expected_aligned_shape,Qwen/Qwen3.6-35B-A3B-FP8,ok,32,127,5080,1251,0.24625984251968505,5080,3336,0.6566929133858268,0,0.0,0.9157814364113577,4652.169696969697,0.9514271653543307,4833.25,Qwen/Qwen3.6-35B-A3B
summarization,40,127,8,40640,cross_model,29832,0.7340551181102363,10808,0.2659448818897638,159,True,127,128,32,32,0,"[159, 40, 8]",0,True,32,True,128,159,32,0,0,32,"[128, 40, 8]",1,False,3962771a74f7b1e3a14d,expected_aligned_shape,Qwen/Qwen3.6-35B-A3B-FP8,ok,32,127,5080,1412,0.27795275590551183,5080,3457,0.680511811023622,0,0.0,0.9232347092977014,4690.0323232323235,0.9559547244094488,4856.25,Qwen/Qwen3.6-35B-A3B
low_margin,40,127,8,40640,cross_model,29283,0.7205462598425196,11357,0.2794537401574803,167,True,127,128,40,40,0,"[167, 40, 8]",0,True,40,True,128,167,40,0,0,40,"[128, 40, 8]",1,False,39aa24beea20a0a0f346,expected_aligned_shape,Qwen/Qwen3.6-35B-A3B-FP8,ok,32,127,5080,1351,0.2659448818897638,5080,3329,0.6553149606299212,0,0.0,0.9163835202417878,4655.228282828283,0.95189468503937,4835.625,Qwen/Qwen3.6-35B-A3B
low_margin,40,127,8,40640,cross_model,30541,0.7515009842519685,10099,0.2484990157480315,166,True,127,128,39,39,0,"[166, 40, 8]",0,True,39,True,128,166,39,0,0,39,"[128, 40, 8]",1,False,39f750f3bae2e6b4885f,expected_aligned_shape,Qwen/Qwen3.6-35B-A3B-FP8,ok,32,127,5080,1549,0.30492125984251967,5080,3630,0.7145669291338582,0,0.0,0.9323868607333174,4736.525252525253,0.9613188976377953,4883.5,Qwen/Qwen3.6-35B-A3B
json_structured,40,127,8,40640,cross_model,28347,0.6975147637795276,12293,0.30248523622047246,159,True,127,128,32,32,0,"[159, 40, 8]",0,True,32,True,128,159,32,0,0,32,"[128, 40, 8]",1,False,3a9dd230544180ec1b1a,expected_aligned_shape,Qwen/Qwen3.6-35B-A3B-FP8,ok,32,127,5080,1166,0.2295275590551181,5080,3151,0.6202755905511811,0,0.0,0.9027450502253651,4585.944855144855,0.9426919291338582,4788.875,Qwen/Qwen3.6-35B-A3B
logs,40,107,8,34240,cross_model,26454,0.7726051401869158,7786,0.2273948598130841,139,True,107,108,32,32,0,"[139, 40, 8]",0,True,32,True,108,139,32,0,0,32,"[108, 40, 8]",1,False,3aac56d964f2f6e4b917,expected_aligned_shape,Qwen/Qwen3.6-35B-A3B-FP8,ok,32,107,4280,1455,0.3399532710280374,4280,3170,0.7406542056074766,0,0.0,0.9395261021429246,4021.1717171717173,0.9655373831775701,4132.5,Qwen/Qwen3.6-35B-A3B
short_qa,40,127,8,40640,cross_model,29989,0.7379183070866142,10651,0.26208169291338584,166,True,127,128,39,39,0,"[166, 40, 8]",0,True,39,True,128,166,39,0,0,39,"[128, 40, 8]",1,False,3ac07a800f6ef8842790,expected_aligned_shape,Qwen/Qwen3.6-35B-A3B-FP8,ok,32,127,5080,1453,0.2860236220472441,5080,3483,0.6856299212598426,0,0.0,0.9218421036531274,4682.957886557887,0.9544783464566929,4848.75,Qwen/Qwen3.6-35B-A3B
low_margin,40,127,8,40640,cross_model,29169,0.7177411417322834,11471,0.2822588582677165,167,True,127,128,40,40,0,"[167, 40, 8]",0,True,40,True,128,167,40,0,0,40,"[128, 40, 8]",1,False,3ace71c6584958f77666,expected_aligned_shape,Qwen/Qwen3.6-35B-A3B-FP8,ok,32,127,5080,1320,0.25984251968503935,5080,3341,0.6576771653543307,0,0.0,0.9166164456715638,4656.411544011544,0.9519192913385827,4835.75,Qwen/Qwen3.6-35B-A3B
low_margin,40,127,8,40640,cross_model,28726,0.7068405511811023,11914,0.29315944881889766,167,True,127,128,40,40,0,"[167, 40, 8]",0,True,40,True,128,167,40,0,0,40,"[128, 40, 8]",1,False,3b04696ac7024bf2773d,expected_aligned_shape,Qwen/Qwen3.6-35B-A3B-FP8,ok,32,127,5080,1250,0.24606299212598426,5080,3222,0.6342519685039371,0,0.0,0.9111575039134095,4628.6801198801195,0.9487204724409449,4819.5,Qwen/Qwen3.6-35B-A3B
needle,40,127,8,40640,cross_model,28847,0.7098179133858268,11793,0.2901820866141732,159,True,127,128,32,32,0,"[159, 40, 8]",0,True,32,True,128,159,32,0,0,32,"[128, 40, 8]",1,False,3b55423e065febf6233a,expected_aligned_shape,Qwen/Qwen3.6-35B-A3B-FP8,ok,32,127,5080,1263,0.24862204724409448,5080,3281,0.6458661417322835,0,0.0,0.91356637238527,4640.917171717172,0.9501968503937008,4827.0,Qwen/Qwen3.6-35B-A3B
low_margin,40,127,8,40640,cross_model,30892,0.7601377952755906,9748,0.23986220472440944,166,True,127,128,39,39,0,"[166, 40, 8]",0,True,39,True,128,166,39,0,0,39,"[128, 40, 8]",1,False,3c28139abdde31977464,expected_aligned_shape,Qwen/Qwen3.6-35B-A3B-FP8,ok,32,127,5080,1630,0.32086614173228345,5080,3696,0.7275590551181103,0,0.0,0.935251729897399,4751.078787878788,0.9629183070866142,4891.625,Qwen/Qwen3.6-35B-A3B
needle,40,127,8,40640,cross_model,27535,0.6775344488188977,13105,0.3224655511811024,159,True,127,128,32,32,0,"[159, 40, 8]",0,True,32,True,128,159,32,0,0,32,"[128, 40, 8]",1,False,3c5721ebe26a4c364c84,expected_aligned_shape,Qwen/Qwen3.6-35B-A3B-FP8,ok,32,127,5080,1109,0.21830708661417322,5080,3057,0.6017716535433071,0,0.0,0.8985658523453798,4564.7145299145295,0.940748031496063,4779.0,Qwen/Qwen3.6-35B-A3B
logs,40,127,8,40640,cross_model,27290,0.671505905511811,13350,0.328494094488189,159,True,127,128,32,32,0,"[159, 40, 8]",0,True,32,True,128,159,32,0,0,32,"[128, 40, 8]",1,False,3cdd9d9e1f76b4f73eda,expected_aligned_shape,Qwen/Qwen3.6-35B-A3B-FP8,ok,32,127,5080,1025,0.2017716535433071,5080,2969,0.5844488188976378,0,0.0,0.8955255156042558,4549.269619269619,0.9392224409448819,4771.25,Qwen/Qwen3.6-35B-A3B
logs,40,127,8,40640,cross_model,29231,0.7192667322834646,11409,0.28073326771653545,159,True,127,128,32,32,0,"[159, 40, 8]",0,True,32,True,128,159,32,0,0,32,"[128, 40, 8]",1,False,3d28b665983e69f60a25,expected_aligned_shape,Qwen/Qwen3.6-35B-A3B-FP8,ok,32,127,5080,1330,0.2618110236220472,5080,3392,0.6677165354330709,0,0.0,0.9192857710967947,4669.9717171717175,0.9535187007874015,4843.875,Qwen/Qwen3.6-35B-A3B
chat,40,127,8,40640,cross_model,30219,0.7435777559055118,10421,0.2564222440944882,166,True,127,128,39,39,0,"[166, 40, 8]",0,True,39,True,128,166,39,0,0,39,"[128, 40, 8]",1,False,3d3cd44da6c8d94f2172,expected_aligned_shape,Qwen/Qwen3.6-35B-A3B-FP8,ok,32,127,5080,1535,0.3021653543307087,5080,3562,0.7011811023622048,0,0.0,0.9284589775928359,4716.571606171607,0.958882874015748,4871.125,Qwen/Qwen3.6-35B-A3B
needle,40,127,8,40640,cross_model,27636,0.68001968503937,13004,0.3199803149606299,159,True,127,128,32,32,0,"[159, 40, 8]",0,True,32,True,128,159,32,0,0,32,"[128, 40, 8]",1,False,3d856ad1b992bd493d08,expected_aligned_shape,Qwen/Qwen3.6-35B-A3B-FP8,ok,32,127,5080,1126,0.22165354330708661,5080,3080,0.6062992125984252,0,0.0,0.8959322217589936,4551.335686535686,0.9382135826771654,4766.125,Qwen/Qwen3.6-35B-A3B
logs,40,127,8,40640,cross_model,28833,0.7094734251968504,11807,0.2905265748031496,159,True,127,128,32,32,0,"[159, 40, 8]",0,True,32,True,128,159,32,0,0,32,"[128, 40, 8]",1,False,3e5b299df901d38b178b,expected_aligned_shape,Qwen/Qwen3.6-35B-A3B-FP8,ok,32,127,5080,1310,0.2578740157480315,5080,3327,0.6549212598425197,0,0.0,0.9120548130784351,4633.238450438451,0.9472933070866142,4812.25,Qwen/Qwen3.6-35B-A3B
summarization,40,127,8,40640,cross_model,29072,0.7153543307086614,11568,0.2846456692913386,159,True,127,128,32,32,0,"[159, 40, 8]",0,True,32,True,128,159,32,0,0,32,"[128, 40, 8]",1,False,3e5c46c6df321119cd26,expected_aligned_shape,Qwen/Qwen3.6-35B-A3B-FP8,ok,32,127,5080,1301,0.25610236220472443,5080,3334,0.6562992125984252,0,0.0,0.9159775832216777,4653.1661227661225,0.9514271653543307,4833.25,Qwen/Qwen3.6-35B-A3B
chat,40,127,8,40640,cross_model,28235,0.6947588582677166,12405,0.30524114173228345,159,True,127,128,32,32,0,"[159, 40, 8]",0,True,32,True,128,159,32,0,0,32,"[128, 40, 8]",1,False,3f26a5c394be652f3767,expected_aligned_shape,Qwen/Qwen3.6-35B-A3B-FP8,ok,32,127,5080,1168,0.22992125984251968,5080,3219,0.6336614173228347,0,0.0,0.906522943373337,4605.136552336552,0.9448080708661417,4799.625,Qwen/Qwen3.6-35B-A3B
json_structured,40,127,8,40640,cross_model,30309,0.7457923228346457,10331,0.2542076771653543,167,True,127,128,40,40,0,"[167, 40, 8]",0,True,40,True,128,167,40,0,0,40,"[128, 40, 8]",1,False,3f3789f9c3fe422f9423,expected_aligned_shape,Qwen/Qwen3.6-35B-A3B-FP8,ok,32,127,5080,1515,0.29822834645669294,5080,3515,0.6919291338582677,0,0.0,0.9262666030382566,4705.434343434344,0.957726377952756,4865.25,Qwen/Qwen3.6-35B-A3B
code,40,127,8,40640,cross_model,29396,0.7233267716535433,11244,0.2766732283464567,159,True,127,128,32,32,0,"[159, 40, 8]",0,True,32,True,128,159,32,0,0,32,"[128, 40, 8]",1,False,3f3a25708cd822489f2a,expected_aligned_shape,Qwen/Qwen3.6-35B-A3B-FP8,ok,32,127,5080,1358,0.2673228346456693,5080,3311,0.6517716535433071,0,0.0,0.9089733407449943,4617.584570984571,0.9453740157480315,4802.5,Qwen/Qwen3.6-35B-A3B
math_numeric,40,127,8,40640,cross_model,29669,0.7300442913385827,10971,0.2699557086614173,159,True,127,128,32,32,0,"[159, 40, 8]",0,True,32,True,128,159,32,0,0,32,"[128, 40, 8]",1,False,3ffb7f1f375f84864cfc,expected_aligned_shape,Qwen/Qwen3.6-35B-A3B-FP8,ok,32,127,5080,1370,0.26968503937007876,5080,3324,0.6543307086614173,0,0.0,0.9149295673705122,4647.842202242202,0.9506889763779528,4829.5,Qwen/Qwen3.6-35B-A3B
chat,40,127,8,40640,cross_model,28889,0.7108513779527559,11751,0.2891486220472441,159,True,127,128,32,32,0,"[159, 40, 8]",0,True,32,True,128,159,32,0,0,32,"[128, 40, 8]",1,False,4009fcbf1638d3d23597,expected_aligned_shape,Qwen/Qwen3.6-35B-A3B-FP8,ok,32,127,5080,1244,0.24488188976377953,5080,3289,0.6474409448818897,0,0.0,0.9137699832975423,4641.951515151515,0.9502214566929134,4827.125,Qwen/Qwen3.6-35B-A3B
low_margin,40,127,8,40640,cross_model,28798,0.7086122047244094,11842,0.29138779527559056,167,True,127,128,40,40,0,"[167, 40, 8]",0,True,40,True,128,167,40,0,0,40,"[128, 40, 8]",1,False,40b5ff7b4587f05b034f,expected_aligned_shape,Qwen/Qwen3.6-35B-A3B-FP8,ok,32,127,5080,1276,0.2511811023622047,5080,3328,0.6551181102362205,0,0.0,0.9156135028575974,4651.316594516595,0.9512795275590551,4832.5,Qwen/Qwen3.6-35B-A3B
mixed_language,40,127,8,40640,cross_model,30961,0.7618356299212599,9679,0.23816437007874017,159,True,127,128,32,32,0,"[159, 40, 8]",0,True,32,True,128,159,32,0,0,32,"[128, 40, 8]",1,False,40ce23085418538e64c3,expected_aligned_shape,Qwen/Qwen3.6-35B-A3B-FP8,ok,32,127,5080,1614,0.3177165354330709,5080,3582,0.7051181102362205,0,0.0,0.9306179909329515,4727.539393939394,0.9603838582677166,4878.75,Qwen/Qwen3.6-35B-A3B
math_numeric,40,127,8,40640,cross_model,29840,0.734251968503937,10800,0.265748031496063,159,True,127,128,32,32,0,"[159, 40, 8]",0,True,32,True,128,159,32,0,0,32,"[128, 40, 8]",1,False,411ab2abee9987df2571,expected_aligned_shape,Qwen/Qwen3.6-35B-A3B-FP8,ok,32,127,5080,1427,0.28090551181102363,5080,3351,0.6596456692913386,0,0.0,0.9145990798353002,4646.163325563326,0.9500492125984252,4826.25,Qwen/Qwen3.6-35B-A3B
mixed_language,40,127,8,40640,cross_model,29347,0.722121062992126,11293,0.277878937007874,159,True,127,128,32,32,0,"[159, 40, 8]",0,True,32,True,128,159,32,0,0,32,"[128, 40, 8]",1,False,415a0728ac9ea83b1309,expected_aligned_shape,Qwen/Qwen3.6-35B-A3B-FP8,ok,32,127,5080,1382,0.2720472440944882,5080,3397,0.6687007874015748,0,0.0,0.9167572147887109,4657.126651126651,0.9514271653543307,4833.25,Qwen/Qwen3.6-35B-A3B
logs,40,127,8,40640,cross_model,28651,0.7049950787401574,11989,0.2950049212598425,159,True,127,128,32,32,0,"[159, 40, 8]",0,True,32,True,128,159,32,0,0,32,"[128, 40, 8]",1,False,4165d787d379ea7a5ffa,expected_aligned_shape,Qwen/Qwen3.6-35B-A3B-FP8,ok,32,127,5080,1226,0.24133858267716535,5080,3227,0.635236220472441,0,0.0,0.9092560370513126,4619.020668220668,0.9473179133858268,4812.375,Qwen/Qwen3.6-35B-A3B
summarization,40,127,8,40640,cross_model,29406,0.7235728346456692,11234,0.2764271653543307,159,True,127,128,32,32,0,"[159, 40, 8]",0,True,32,True,128,159,32,0,0,32,"[128, 40, 8]",1,False,41bce530715d20a74f04,expected_aligned_shape,Qwen/Qwen3.6-35B-A3B-FP8,ok,32,127,5080,1341,0.2639763779527559,5080,3331,0.6557086614173229,0,0.0,0.9167346476795295,4657.01201021201,0.9520669291338583,4836.5,Qwen/Qwen3.6-35B-A3B
low_margin,40,127,8,40640,cross_model,28839,0.709621062992126,11801,0.29037893700787404,167,True,127,128,40,40,0,"[167, 40, 8]",0,True,40,True,128,167,40,0,0,40,"[128, 40, 8]",1,False,41d62da7fd8b816315fd,expected_aligned_shape,Qwen/Qwen3.6-35B-A3B-FP8,ok,32,127,5080,1265,0.24901574803149606,5080,3267,0.6431102362204725,0,0.0,0.9126978445876084,4636.50505050505,0.9496309055118111,4824.125,Qwen/Qwen3.6-35B-A3B
short_qa,40,127,8,40640,cross_model,29213,0.7188238188976378,11427,0.2811761811023622,159,True,127,128,32,32,0,"[159, 40, 8]",0,True,32,True,128,159,32,0,0,32,"[128, 40, 8]",1,False,41f4134c2ed868595966,expected_aligned_shape,Qwen/Qwen3.6-35B-A3B-FP8,ok,32,127,5080,1276,0.2511811023622047,5080,3347,0.6588582677165354,0,0.0,0.9173766128884238,4660.273193473194,0.9523622047244095,4838.0,Qwen/Qwen3.6-35B-A3B
logs,40,127,8,40640,cross_model,28798,0.7086122047244094,11842,0.29138779527559056,159,True,127,128,32,32,0,"[159, 40, 8]",0,True,32,True,128,159,32,0,0,32,"[128, 40, 8]",1,False,4220c67106fd28a2809c,expected_aligned_shape,Qwen/Qwen3.6-35B-A3B-FP8,ok,32,127,5080,1303,0.25649606299212596,5080,3281,0.6458661417322835,0,0.0,0.9125201744886785,4635.602486402487,0.9493356299212599,4822.625,Qwen/Qwen3.6-35B-A3B
logs,40,127,8,40640,cross_model,28980,0.7130905511811023,11660,0.2869094488188976,159,True,127,128,32,32,0,"[159, 40, 8]",0,True,32,True,128,159,32,0,0,32,"[128, 40, 8]",1,False,4261df1ce325d8114532,expected_aligned_shape,Qwen/Qwen3.6-35B-A3B-FP8,ok,32,127,5080,1284,0.25275590551181104,5080,3299,0.6494094488188976,0,0.0,0.9148531346169141,4647.453923853924,0.9509350393700787,4830.75,Qwen/Qwen3.6-35B-A3B
short_qa,40,127,8,40640,cross_model,30560,0.7519685039370079,10080,0.24803149606299213,165,True,127,128,38,38,0,"[165, 40, 8]",0,True,38,True,128,165,38,0,0,38,"[128, 40, 8]",1,False,427558f1540f9f15a1d6,expected_aligned_shape,Qwen/Qwen3.6-35B-A3B-FP8,ok,32,127,5080,1555,0.3061023622047244,5080,3510,0.6909448818897638,0,0.0,0.9254852583986442,4701.465112665112,0.9571112204724409,4862.125,Qwen/Qwen3.6-35B-A3B
json_structured,40,127,8,40640,cross_model,28641,0.7047490157480315,11999,0.2952509842519685,159,True,127,128,32,32,0,"[159, 40, 8]",0,True,32,True,128,159,32,0,0,32,"[128, 40, 8]",1,False,42abd1e418ebe6245bf3,expected_aligned_shape,Qwen/Qwen3.6-35B-A3B-FP8,ok,32,127,5080,1215,0.23917322834645668,5080,3277,0.6450787401574803,0,0.0,0.913144834168456,4638.775757575758,0.949876968503937,4825.375,Qwen/Qwen3.6-35B-A3B
json_structured,40,127,8,40640,cross_model,27631,0.6798966535433071,13009,0.3201033464566929,159,True,127,128,32,32,0,"[159, 40, 8]",0,True,32,True,128,159,32,0,0,32,"[128, 40, 8]",1,False,42b8e417717225a898b1,expected_aligned_shape,Qwen/Qwen3.6-35B-A3B-FP8,ok,32,127,5080,1058,0.20826771653543308,5080,3064,0.6031496062992125,0,0.0,0.8983392984967787,4563.563636363637,0.9405511811023622,4778.0,Qwen/Qwen3.6-35B-A3B
needle,40,127,8,40640,cross_model,28100,0.6914370078740157,12540,0.30856299212598426,159,True,127,128,32,32,0,"[159, 40, 8]",0,True,32,True,128,159,32,0,0,32,"[128, 40, 8]",1,False,42c364ec679d7133c006,expected_aligned_shape,Qwen/Qwen3.6-35B-A3B-FP8,ok,32,127,5080,1139,0.22421259842519686,5080,3151,0.6202755905511811,0,0.0,0.9066568164993363,4605.816627816628,0.9460629921259842,4806.0,Qwen/Qwen3.6-35B-A3B
mixed_language,40,127,8,40640,cross_model,30308,0.7457677165354331,10332,0.25423228346456694,159,True,127,128,32,32,0,"[159, 40, 8]",0,True,32,True,128,159,32,0,0,32,"[128, 40, 8]",1,False,42e391dcb5a629446173,expected_aligned_shape,Qwen/Qwen3.6-35B-A3B-FP8,ok,32,127,5080,1496,0.29448818897637796,5080,3518,0.6925196850393701,0,0.0,0.9265394098464965,4706.8202020202025,0.9578494094488189,4865.875,Qwen/Qwen3.6-35B-A3B
chat,40,127,8,40640,cross_model,29511,0.7261564960629922,11129,0.27384350393700785,166,True,127,128,39,39,0,"[166, 40, 8]",0,True,39,True,128,166,39,0,0,39,"[128, 40, 8]",1,False,4418047bdabefce010fe,expected_aligned_shape,Qwen/Qwen3.6-35B-A3B-FP8,ok,32,127,5080,1357,0.2671259842519685,5080,3443,0.677755905511811,0,0.0,0.9224721472752969,4686.158508158508,0.9554379921259842,4853.625,Qwen/Qwen3.6-35B-A3B
code,40,127,8,40640,cross_model,29871,0.7350147637795276,10769,0.26498523622047243,159,True,127,128,32,32,0,"[159, 40, 8]",0,True,32,True,128,159,32,0,0,32,"[128, 40, 8]",1,False,44f20a853c811c28806e,expected_aligned_shape,Qwen/Qwen3.6-35B-A3B-FP8,ok,32,127,5080,1411,0.277755905511811,5080,3436,0.6763779527559055,0,0.0,0.9187576596631715,4667.288911088911,0.9523375984251968,4837.875,Qwen/Qwen3.6-35B-A3B
needle,40,127,8,40640,cross_model,29062,0.7151082677165355,11578,0.2848917322834646,159,True,127,128,32,32,0,"[159, 40, 8]",0,True,32,True,128,159,32,0,0,32,"[128, 40, 8]",1,False,451ad8eda986ccf73fbb,expected_aligned_shape,Qwen/Qwen3.6-35B-A3B-FP8,ok,32,127,5080,1289,0.253740157480315,5080,3299,0.6494094488188976,0,0.0,0.914117737031123,4643.718104118104,0.9503444881889764,4827.75,Qwen/Qwen3.6-35B-A3B
logs,40,127,8,40640,cross_model,27887,0.6861958661417323,12753,0.3138041338582677,159,True,127,128,32,32,0,"[159, 40, 8]",0,True,32,True,128,159,32,0,0,32,"[128, 40, 8]",1,False,451add3f8bf9cd993f41,expected_aligned_shape,Qwen/Qwen3.6-35B-A3B-FP8,ok,32,127,5080,1185,0.23326771653543307,5080,3170,0.6240157480314961,0,0.0,0.904215102482819,4593.4127206127205,0.94375,4794.25,Qwen/Qwen3.6-35B-A3B
short_qa,40,127,8,40640,cross_model,29227,0.7191683070866142,11413,0.28083169291338583,159,True,127,128,32,32,0,"[159, 40, 8]",0,True,32,True,128,159,32,0,0,32,"[128, 40, 8]",1,False,45465666bb6ce5aec200,expected_aligned_shape,Qwen/Qwen3.6-35B-A3B-FP8,ok,32,127,5080,1331,0.26200787401574804,5080,3371,0.6635826771653544,0,0.0,0.9158830058830059,4652.68566988567,0.9510088582677165,4831.125,Qwen/Qwen3.6-35B-A3B
logs,40,127,8,40640,cross_model,28285,0.6959891732283464,12355,0.30401082677165353,159,True,127,128,32,32,0,"[159, 40, 8]",0,True,32,True,128,159,32,0,0,32,"[128, 40, 8]",1,False,45b9f3408d1931033c5b,expected_aligned_shape,Qwen/Qwen3.6-35B-A3B-FP8,ok,32,127,5080,1184,0.23307086614173228,5080,3152,0.6204724409448819,0,0.0,0.9062896683369125,4603.951515151515,0.9458169291338583,4804.75,Qwen/Qwen3.6-35B-A3B
short_qa,40,127,8,40640,cross_model,30152,0.7419291338582678,10488,0.2580708661417323,166,True,127,128,39,39,0,"[166, 40, 8]",0,True,39,True,128,166,39,0,0,39,"[128, 40, 8]",1,False,460f129abff27360b391,expected_aligned_shape,Qwen/Qwen3.6-35B-A3B-FP8,ok,32,127,5080,1494,0.2940944881889764,5080,3522,0.6933070866141732,0,0.0,0.9251601285853255,4699.813453213454,0.9563484251968504,4858.25,Qwen/Qwen3.6-35B-A3B
low_margin,40,127,8,40640,cross_model,27873,0.6858513779527559,12767,0.3141486220472441,167,True,127,128,40,40,0,"[167, 40, 8]",0,True,40,True,128,167,40,0,0,40,"[128, 40, 8]",1,False,46af2cc3aae728098eb3,expected_aligned_shape,Qwen/Qwen3.6-35B-A3B-FP8,ok,32,127,5080,1138,0.22401574803149607,5080,3077,0.6057086614173228,0,0.0,0.8971064499804656,4557.300765900766,0.9383120078740157,4766.625,Qwen/Qwen3.6-35B-A3B
chat,40,127,8,40640,cross_model,29105,0.7161663385826772,11535,0.28383366141732286,167,True,127,128,40,40,0,"[167, 40, 8]",0,True,40,True,128,167,40,0,0,40,"[128, 40, 8]",1,False,46c6f8325f85be337f2c,expected_aligned_shape,Qwen/Qwen3.6-35B-A3B-FP8,ok,32,127,5080,1299,0.25570866141732285,5080,3365,0.6624015748031497,0,0.0,0.916976435637853,4658.240293040293,0.9519192913385827,4835.75,Qwen/Qwen3.6-35B-A3B
summarization,40,127,8,40640,cross_model,30171,0.7423966535433071,10469,0.2576033464566929,159,True,127,128,32,32,0,"[159, 40, 8]",0,True,32,True,128,159,32,0,0,32,"[128, 40, 8]",1,False,46fc3dfdf55cc80a2aa8,expected_aligned_shape,Qwen/Qwen3.6-35B-A3B-FP8,ok,32,127,5080,1501,0.2954724409448819,5080,3498,0.6885826771653544,0,0.0,0.9258415774951207,4703.275213675213,0.9574803149606299,4864.0,Qwen/Qwen3.6-35B-A3B
mixed_language,40,89,8,28480,cross_model,21710,0.7622893258426966,6770,0.23771067415730338,121,True,89,90,32,32,0,"[121, 40, 8]",0,True,32,True,90,121,32,0,0,32,"[90, 40, 8]",1,False,478e9c6d33a2bece3e83,expected_aligned_shape,Qwen/Qwen3.6-35B-A3B-FP8,ok,32,89,3560,1118,0.31404494382022474,3560,2540,0.7134831460674157,0,0.0,0.9339916014073318,3325.010101010101,0.9625351123595506,3426.625,Qwen/Qwen3.6-35B-A3B
low_margin,40,127,8,40640,cross_model,27686,0.68125,12954,0.31875,167,True,127,128,40,40,0,"[167, 40, 8]",0,True,40,True,128,167,40,0,0,40,"[128, 40, 8]",1,False,479793bea2533c2645f7,expected_aligned_shape,Qwen/Qwen3.6-35B-A3B-FP8,ok,32,127,5080,1095,0.2155511811023622,5080,3117,0.6135826771653543,0,0.0,0.9005560930757781,4574.824952824953,0.9416830708661418,4783.75,Qwen/Qwen3.6-35B-A3B
code,40,127,8,40640,cross_model,28484,0.7008858267716536,12156,0.29911417322834644,166,True,127,128,39,39,0,"[166, 40, 8]",0,True,39,True,128,166,39,0,0,39,"[128, 40, 8]",1,False,47c67a5c38c43dbe99ea,expected_aligned_shape,Qwen/Qwen3.6-35B-A3B-FP8,ok,32,127,5080,1228,0.24173228346456693,5080,3219,0.6336614173228347,0,0.0,0.9081740263236325,4613.524053724053,0.9464074803149606,4807.75,Qwen/Qwen3.6-35B-A3B
short_qa,40,127,8,40640,cross_model,30066,0.7398129921259843,10574,0.2601870078740158,166,True,127,128,39,39,0,"[166, 40, 8]",0,True,39,True,128,166,39,0,0,39,"[128, 40, 8]",1,False,481f35627e74400c8fba,expected_aligned_shape,Qwen/Qwen3.6-35B-A3B-FP8,ok,32,127,5080,1469,0.2891732283464567,5080,3523,0.693503937007874,0,0.0,0.9257507933885887,4702.814030414031,0.9571850393700787,4862.5,Qwen/Qwen3.6-35B-A3B
mixed_language,40,127,8,40640,cross_model,29863,0.7348179133858268,10777,0.26518208661417325,159,True,127,128,32,32,0,"[159, 40, 8]",0,True,32,True,128,159,32,0,0,32,"[128, 40, 8]",1,False,48717f584d2afa30bbf3,expected_aligned_shape,Qwen/Qwen3.6-35B-A3B-FP8,ok,32,127,5080,1402,0.27598425196850396,5080,3470,0.6830708661417323,0,0.0,0.9230455983211888,4689.071639471639,0.9555610236220472,4854.25,Qwen/Qwen3.6-35B-A3B
needle,40,127,8,40640,cross_model,28072,0.690748031496063,12568,0.309251968503937,159,True,127,128,32,32,0,"[159, 40, 8]",0,True,32,True,128,159,32,0,0,32,"[128, 40, 8]",1,False,48a42ee1983e2e416ce5,expected_aligned_shape,Qwen/Qwen3.6-35B-A3B-FP8,ok,32,127,5080,1107,0.21791338582677167,5080,3101,0.6104330708661417,0,0.0,0.902749123142824,4585.965545565546,0.9435285433070866,4793.125,Qwen/Qwen3.6-35B-A3B
mixed_language,40,127,8,40640,cross_model,29605,0.7284694881889764,11035,0.2715305118110236,159,True,127,128,32,32,0,"[159, 40, 8]",0,True,32,True,128,159,32,0,0,32,"[128, 40, 8]",1,False,48be08c6b58230fff2a0,expected_aligned_shape,Qwen/Qwen3.6-35B-A3B-FP8,ok,32,127,5080,1413,0.2781496062992126,5080,3454,0.6799212598425197,0,0.0,0.9204902621438055,4676.090531690532,0.9532972440944882,4842.75,Qwen/Qwen3.6-35B-A3B
json_structured,40,127,8,40640,cross_model,25736,0.6332677165354331,14904,0.36673228346456693,159,True,127,128,32,32,0,"[159, 40, 8]",0,True,32,True,128,159,32,0,0,32,"[128, 40, 8]",1,False,48f8722607f9778c8569,expected_aligned_shape,Qwen/Qwen3.6-35B-A3B-FP8,ok,32,127,5080,860,0.16929133858267717,5080,2815,0.5541338582677166,0,0.0,0.874416676936362,4442.036718836719,0.92310531496063,4689.375,Qwen/Qwen3.6-35B-A3B
summarization,40,127,8,40640,cross_model,29439,0.724384842519685,11201,0.27561515748031495,159,True,127,128,32,32,0,"[159, 40, 8]",0,True,32,True,128,159,32,0,0,32,"[128, 40, 8]",1,False,492f7dd12b2f17c40937,expected_aligned_shape,Qwen/Qwen3.6-35B-A3B-FP8,ok,32,127,5080,1388,0.2732283464566929,5080,3412,0.6716535433070866,0,0.0,0.9186522488884694,4666.753424353425,0.9528297244094488,4840.375,Qwen/Qwen3.6-35B-A3B
mixed_language,40,127,8,40640,cross_model,29238,0.7194389763779527,11402,0.28056102362204727,159,True,127,128,32,32,0,"[159, 40, 8]",0,True,32,True,128,159,32,0,0,32,"[128, 40, 8]",1,False,49896ed21249107ed120,expected_aligned_shape,Qwen/Qwen3.6-35B-A3B-FP8,ok,32,127,5080,1316,0.25905511811023624,5080,3363,0.662007874015748,0,0.0,0.9181110315755985,4664.00404040404,0.952878937007874,4840.625,Qwen/Qwen3.6-35B-A3B
summarization,40,127,8,40640,cross_model,29253,0.7198080708661417,11387,0.28019192913385826,159,True,127,128,32,32,0,"[159, 40, 8]",0,True,32,True,128,159,32,0,0,32,"[128, 40, 8]",1,False,49c8d8547fe08514992d,expected_aligned_shape,Qwen/Qwen3.6-35B-A3B-FP8,ok,32,127,5080,1395,0.27460629921259844,5080,3393,0.6679133858267716,0,0.0,0.9146726370742118,4646.536996336997,0.9490895669291338,4821.375,Qwen/Qwen3.6-35B-A3B
short_qa,40,127,8,40640,cross_model,29476,0.7252952755905512,11164,0.2747047244094488,159,True,127,128,32,32,0,"[159, 40, 8]",0,True,32,True,128,159,32,0,0,32,"[128, 40, 8]",1,False,49eef8f57b70a74351bb,expected_aligned_shape,Qwen/Qwen3.6-35B-A3B-FP8,ok,32,127,5080,1353,0.26633858267716537,5080,3386,0.6665354330708662,0,0.0,0.9200402572056114,4673.804506604507,0.9540354330708661,4846.5,Qwen/Qwen3.6-35B-A3B
json_structured,40,127,8,40640,cross_model,29371,0.7227116141732284,11269,0.2772883858267717,167,True,127,128,40,40,0,"[167, 40, 8]",0,True,40,True,128,167,40,0,0,40,"[128, 40, 8]",1,False,4a15bc0beb56b9e27d96,expected_aligned_shape,Qwen/Qwen3.6-35B-A3B-FP8,ok,32,127,5080,1325,0.2608267716535433,5080,3333,0.6561023622047244,0,0.0,0.9167307845260602,4656.992385392386,0.9519931102362205,4836.125,Qwen/Qwen3.6-35B-A3B
short_qa,40,127,8,40640,cross_model,30261,0.744611220472441,10379,0.25538877952755906,166,True,127,128,39,39,0,"[166, 40, 8]",0,True,39,True,128,166,39,0,0,39,"[128, 40, 8]",1,False,4ab7d75936f6737dfa8a,expected_aligned_shape,Qwen/Qwen3.6-35B-A3B-FP8,ok,32,127,5080,1501,0.2954724409448819,5080,3543,0.6974409448818898,0,0.0,0.9264807939217387,4706.5224331224335,0.9572834645669291,4863.0,Qwen/Qwen3.6-35B-A3B
low_margin,40,127,8,40640,cross_model,29426,0.7240649606299212,11214,0.27593503937007874,167,True,127,128,40,40,0,"[167, 40, 8]",0,True,40,True,128,167,40,0,0,40,"[128, 40, 8]",1,False,4af6e9ff83639932fee2,expected_aligned_shape,Qwen/Qwen3.6-35B-A3B-FP8,ok,32,127,5080,1374,0.2704724409448819,5080,3407,0.6706692913385827,0,0.0,0.9201232800445397,4674.226262626263,0.9540354330708661,4846.5,Qwen/Qwen3.6-35B-A3B
short_qa,40,127,8,40640,cross_model,30430,0.74876968503937,10210,0.2512303149606299,166,True,127,128,39,39,0,"[166, 40, 8]",0,True,39,True,128,166,39,0,0,39,"[128, 40, 8]",1,False,4b070e65a9f2f9f28546,expected_aligned_shape,Qwen/Qwen3.6-35B-A3B-FP8,ok,32,127,5080,1561,0.3072834645669291,5080,3604,0.7094488188976378,0,0.0,0.9275968126361828,4712.191808191808,0.9578740157480315,4866.0,Qwen/Qwen3.6-35B-A3B
chat,40,127,8,40640,cross_model,28800,0.7086614173228346,11840,0.29133858267716534,167,True,127,128,40,40,0,"[167, 40, 8]",0,True,40,True,128,167,40,0,0,40,"[128, 40, 8]",1,False,4b1738d355d1bee529de,expected_aligned_shape,Qwen/Qwen3.6-35B-A3B-FP8,ok,32,127,5080,1243,0.24468503937007874,5080,3214,0.6326771653543307,0,0.0,0.9094189624898287,4619.848329448329,0.9474655511811023,4813.125,Qwen/Qwen3.6-35B-A3B
low_margin,40,127,8,40640,cross_model,28327,0.6970226377952756,12313,0.30297736220472443,166,True,127,128,39,39,0,"[166, 40, 8]",0,True,39,True,128,166,39,0,0,39,"[128, 40, 8]",1,False,4b1e71db3e319a78014b,expected_aligned_shape,Qwen/Qwen3.6-35B-A3B-FP8,ok,32,127,5080,1170,0.23031496062992127,5080,3242,0.6381889763779528,0,0.0,0.9101597440180117,4623.611499611499,0.9478838582677165,4815.25,Qwen/Qwen3.6-35B-A3B
short_qa,40,127,8,40640,cross_model,29349,0.7221702755905511,11291,0.2778297244094488,166,True,127,128,39,39,0,"[166, 40, 8]",0,True,39,True,128,166,39,0,0,39,"[128, 40, 8]",1,False,4b6d1c78f81c7f849496,expected_aligned_shape,Qwen/Qwen3.6-35B-A3B-FP8,ok,32,127,5080,1368,0.2692913385826772,5080,3415,0.672244094488189,0,0.0,0.9189689837721335,4668.362437562438,0.953001968503937,4841.25,Qwen/Qwen3.6-35B-A3B
short_qa,40,127,8,40640,cross_model,31191,0.7674950787401574,9449,0.2325049212598425,159,True,127,128,32,32,0,"[159, 40, 8]",0,True,32,True,128,159,32,0,0,32,"[128, 40, 8]",1,False,4b8d53caa72f39824115,expected_aligned_shape,Qwen/Qwen3.6-35B-A3B-FP8,ok,32,127,5080,1633,0.3214566929133858,5080,3695,0.7273622047244095,0,0.0,0.9363532967469975,4756.674747474747,0.9637549212598425,4895.875,Qwen/Qwen3.6-35B-A3B
short_qa,40,127,8,40640,cross_model,31347,0.7713336614173228,9293,0.22866633858267715,159,True,127,128,32,32,0,"[159, 40, 8]",0,True,32,True,128,159,32,0,0,32,"[128, 40, 8]",1,False,4bc7a6d0cf90cb9b3e1a,expected_aligned_shape,Qwen/Qwen3.6-35B-A3B-FP8,ok,32,127,5080,1677,0.33011811023622045,5080,3720,0.7322834645669292,0,0.0,0.9378382247673586,4764.218181818182,0.964640748031496,4900.375,Qwen/Qwen3.6-35B-A3B
mixed_language,40,127,8,40640,cross_model,29439,0.724384842519685,11201,0.27561515748031495,159,True,127,128,32,32,0,"[159, 40, 8]",0,True,32,True,128,159,32,0,0,32,"[128, 40, 8]",1,False,4bee0825edf1a723c761,expected_aligned_shape,Qwen/Qwen3.6-35B-A3B-FP8,ok,32,127,5080,1436,0.2826771653543307,5080,3392,0.6677165354330709,0,0.0,0.917791622201071,4662.381440781441,0.9521653543307087,4837.0,Qwen/Qwen3.6-35B-A3B
short_qa,40,127,8,40640,cross_model,29963,0.7372785433070866,10677,0.2627214566929134,166,True,127,128,39,39,0,"[166, 40, 8]",0,True,39,True,128,166,39,0,0,39,"[128, 40, 8]",1,False,4ca850e833b40b17cd0c,expected_aligned_shape,Qwen/Qwen3.6-35B-A3B-FP8,ok,32,127,5080,1485,0.29232283464566927,5080,3538,0.6964566929133859,0,0.0,0.9269466316710411,4708.888888888889,0.9580462598425197,4866.875,Qwen/Qwen3.6-35B-A3B
json_structured,40,127,8,40640,cross_model,29693,0.730634842519685,10947,0.269365157480315,159,True,127,128,32,32,0,"[159, 40, 8]",0,True,32,True,128,159,32,0,0,32,"[128, 40, 8]",1,False,4daa8c56c5bb4f5ed3ec,expected_aligned_shape,Qwen/Qwen3.6-35B-A3B-FP8,ok,32,127,5080,1386,0.27283464566929133,5080,3462,0.681496062992126,0,0.0,0.9228569156128212,4688.113131313131,0.9555856299212598,4854.375,Qwen/Qwen3.6-35B-A3B
logs,40,127,8,40640,cross_model,29008,0.7137795275590552,11632,0.2862204724409449,159,True,127,128,32,32,0,"[159, 40, 8]",0,True,32,True,128,159,32,0,0,32,"[128, 40, 8]",1,False,4dcabae12895d0f3fe08,expected_aligned_shape,Qwen/Qwen3.6-35B-A3B-FP8,ok,32,127,5080,1275,0.25098425196850394,5080,3297,0.6490157480314961,0,0.0,0.915110952040086,4648.763636363637,0.9512057086614173,4832.125,Qwen/Qwen3.6-35B-A3B
math_numeric,40,127,8,40640,cross_model,29583,0.7279281496062993,11057,0.2720718503937008,159,True,127,128,32,32,0,"[159, 40, 8]",0,True,32,True,128,159,32,0,0,32,"[128, 40, 8]",1,False,4de00c30231c5badb6c2,expected_aligned_shape,Qwen/Qwen3.6-35B-A3B-FP8,ok,32,127,5080,1373,0.2702755905511811,5080,3354,0.6602362204724409,0,0.0,0.9154489255276655,4650.480541680542,0.9508120078740158,4830.125,Qwen/Qwen3.6-35B-A3B
logs,40,127,8,40640,cross_model,28324,0.6969488188976378,12316,0.3030511811023622,159,True,127,128,32,32,0,"[159, 40, 8]",0,True,32,True,128,159,32,0,0,32,"[128, 40, 8]",1,False,4dec5f6f21729d9adc43,expected_aligned_shape,Qwen/Qwen3.6-35B-A3B-FP8,ok,32,127,5080,1226,0.24133858267716535,5080,3239,0.6375984251968504,0,0.0,0.9059187400525983,4602.067199467199,0.9436761811023622,4793.875,Qwen/Qwen3.6-35B-A3B
low_margin,40,127,8,40640,cross_model,29325,0.7215797244094488,11315,0.27842027559055116,167,True,127,128,40,40,0,"[167, 40, 8]",0,True,40,True,128,167,40,0,0,40,"[128, 40, 8]",1,False,4eaaef10d8a8a867c0b8,expected_aligned_shape,Qwen/Qwen3.6-35B-A3B-FP8,ok,32,127,5080,1331,0.26200787401574804,5080,3324,0.6543307086614173,0,0.0,0.914763381849996,4646.9979797979795,0.9506889763779528,4829.5,Qwen/Qwen3.6-35B-A3B
mixed_language,40,127,8,40640,cross_model,30150,0.7418799212598425,10490,0.25812007874015747,159,True,127,128,32,32,0,"[159, 40, 8]",0,True,32,True,128,159,32,0,0,32,"[128, 40, 8]",1,False,4f3a35f066a064783511,expected_aligned_shape,Qwen/Qwen3.6-35B-A3B-FP8,ok,32,127,5080,1493,0.2938976377952756,5080,3469,0.6828740157480315,0,0.0,0.9232369817409186,4690.043867243868,0.9558070866141732,4855.5,Qwen/Qwen3.6-35B-A3B
code,40,127,8,40640,cross_model,28552,0.7025590551181102,12088,0.29744094488188977,159,True,127,128,32,32,0,"[159, 40, 8]",0,True,32,True,128,159,32,0,0,32,"[128, 40, 8]",1,False,4f93987d1e1102ae584d,expected_aligned_shape,Qwen/Qwen3.6-35B-A3B-FP8,ok,32,127,5080,1265,0.24901574803149606,5080,3228,0.6354330708661418,0,0.0,0.9063945022606439,4604.484071484071,0.9444635826771653,4797.875,Qwen/Qwen3.6-35B-A3B
math_numeric,40,127,8,40640,cross_model,23856,0.587007874015748,16784,0.41299212598425195,159,True,127,128,32,32,0,"[159, 40, 8]",0,True,32,True,128,159,32,0,0,32,"[128, 40, 8]",1,False,4faa736147d5a6bc5c14,expected_aligned_shape,Qwen/Qwen3.6-35B-A3B-FP8,ok,32,127,5080,742,0.14606299212598425,5080,2444,0.4811023622047244,0,0.0,0.8314407595903658,4223.719058719059,0.8903543307086614,4523.0,Qwen/Qwen3.6-35B-A3B
mixed_language,40,93,8,29760,cross_model,22648,0.761021505376344,7112,0.23897849462365592,125,True,93,94,32,32,0,"[125, 40, 8]",0,True,32,True,94,125,32,0,0,32,"[94, 40, 8]",1,False,4faa7b982f056f5a6933,expected_aligned_shape,Qwen/Qwen3.6-35B-A3B-FP8,ok,32,93,3720,1210,0.32526881720430106,3720,2647,0.7115591397849462,0,0.0,0.9320556265717557,3467.246930846931,0.961122311827957,3575.375,Qwen/Qwen3.6-35B-A3B
short_qa,40,127,8,40640,cross_model,20824,0.5124015748031496,19816,0.48759842519685037,159,True,127,128,32,32,0,"[159, 40, 8]",0,True,32,True,128,159,32,0,0,32,"[128, 40, 8]",1,False,501a5734ec3e8c33c36e,expected_aligned_shape,Qwen/Qwen3.6-35B-A3B-FP8,ok,32,127,5080,614,0.12086614173228347,5080,2069,0.40728346456692915,0,0.0,0.777791740193315,3951.18204018204,0.8484005905511811,4309.875,Qwen/Qwen3.6-35B-A3B
short_qa,40,127,8,40640,cross_model,28350,0.6975885826771654,12290,0.30241141732283466,159,True,127,128,32,32,0,"[159, 40, 8]",0,True,32,True,128,159,32,0,0,32,"[128, 40, 8]",1,False,505b1be32780f7e2b7ba,expected_aligned_shape,Qwen/Qwen3.6-35B-A3B-FP8,ok,32,127,5080,1189,0.23405511811023622,5080,3206,0.6311023622047244,0,0.0,0.9044950543769441,4594.834876234876,0.9433316929133858,4792.125,Qwen/Qwen3.6-35B-A3B
short_qa,40,127,8,40640,cross_model,30481,0.7500246062992126,10159,0.2499753937007874,159,True,127,128,32,32,0,"[159, 40, 8]",0,True,32,True,128,159,32,0,0,32,"[128, 40, 8]",1,False,506348295d3fee666655,expected_aligned_shape,Qwen/Qwen3.6-35B-A3B-FP8,ok,32,127,5080,1512,0.29763779527559053,5080,3607,0.7100393700787402,0,0.0,0.9311539466657577,4730.262049062049,0.9605314960629922,4879.5,Qwen/Qwen3.6-35B-A3B
short_qa,40,127,8,40640,cross_model,27795,0.6839320866141733,12845,0.3160679133858268,159,True,127,128,32,32,0,"[159, 40, 8]",0,True,32,True,128,159,32,0,0,32,"[128, 40, 8]",1,False,508b3ad69d2855161c4f,expected_aligned_shape,Qwen/Qwen3.6-35B-A3B-FP8,ok,32,127,5080,1121,0.22066929133858268,5080,3049,0.6001968503937007,0,0.0,0.898264268539859,4563.182484182485,0.9403543307086614,4777.0,Qwen/Qwen3.6-35B-A3B
code,40,127,8,40640,cross_model,30132,0.7414370078740158,10508,0.25856299212598427,159,True,127,128,32,32,0,"[159, 40, 8]",0,True,32,True,128,159,32,0,0,32,"[128, 40, 8]",1,False,5092bff2da5bb61746c0,expected_aligned_shape,Qwen/Qwen3.6-35B-A3B-FP8,ok,32,127,5080,1499,0.2950787401574803,5080,3485,0.6860236220472441,0,0.0,0.921488179362195,4681.159951159952,0.9543061023622047,4847.875,Qwen/Qwen3.6-35B-A3B
logs,40,127,8,40640,cross_model,28971,0.712869094488189,11669,0.28713090551181103,159,True,127,128,32,32,0,"[159, 40, 8]",0,True,32,True,128,159,32,0,0,32,"[128, 40, 8]",1,False,50edde4a1f33b4eed34e,expected_aligned_shape,Qwen/Qwen3.6-35B-A3B-FP8,ok,32,127,5080,1299,0.25570866141732285,5080,3294,0.6484251968503937,0,0.0,0.9105166574457914,4625.42461982462,0.947367125984252,4812.625,Qwen/Qwen3.6-35B-A3B
mixed_language,40,127,8,40640,cross_model,28814,0.709005905511811,11826,0.29099409448818897,159,True,127,128,32,32,0,"[159, 40, 8]",0,True,32,True,128,159,32,0,0,32,"[128, 40, 8]",1,False,5197be5ad555a3fa4f56,expected_aligned_shape,Qwen/Qwen3.6-35B-A3B-FP8,ok,32,127,5080,1275,0.25098425196850394,5080,3310,0.6515748031496063,0,0.0,0.9141537202954527,4643.9008991009,0.9502706692913386,4827.375,Qwen/Qwen3.6-35B-A3B
mixed_language,40,127,8,40640,cross_model,28808,0.7088582677165355,11832,0.29114173228346457,159,True,127,128,32,32,0,"[159, 40, 8]",0,True,32,True,128,159,32,0,0,32,"[128, 40, 8]",1,False,51b8d0ce4c783f964b18,expected_aligned_shape,Qwen/Qwen3.6-35B-A3B-FP8,ok,32,127,5080,1278,0.2515748031496063,5080,3265,0.6427165354330708,0,0.0,0.9119987886129618,4632.953846153846,0.9489911417322835,4820.875,Qwen/Qwen3.6-35B-A3B
chat,40,127,8,40640,cross_model,29543,0.7269438976377953,11097,0.27305610236220473,167,True,127,128,40,40,0,"[167, 40, 8]",0,True,40,True,128,167,40,0,0,40,"[128, 40, 8]",1,False,51df8c62f9b3dac57eb8,expected_aligned_shape,Qwen/Qwen3.6-35B-A3B-FP8,ok,32,127,5080,1443,0.2840551181102362,5080,3442,0.6775590551181102,0,0.0,0.9209496540205201,4678.424242424242,0.9544045275590551,4848.375,Qwen/Qwen3.6-35B-A3B
mixed_language,40,127,8,40640,cross_model,29923,0.7362942913385827,10717,0.26370570866141735,159,True,127,128,32,32,0,"[159, 40, 8]",0,True,32,True,128,159,32,0,0,32,"[128, 40, 8]",1,False,5202632d6cddd6a01c88,expected_aligned_shape,Qwen/Qwen3.6-35B-A3B-FP8,ok,32,127,5080,1443,0.2840551181102362,5080,3469,0.6828740157480315,0,0.0,0.9242368567565419,4695.1232323232325,0.9565698818897638,4859.375,Qwen/Qwen3.6-35B-A3B
summarization,40,127,8,40640,cross_model,28828,0.7093503937007875,11812,0.2906496062992126,163,True,127,128,36,36,0,"[163, 40, 8]",0,True,36,True,128,163,36,0,0,36,"[128, 40, 8]",1,False,52354367b7055e4067de,expected_aligned_shape,Qwen/Qwen3.6-35B-A3B-FP8,ok,32,127,5080,1282,0.25236220472440946,5080,3311,0.6517716535433071,0,0.0,0.9121128303018066,4633.533177933178,0.9486712598425197,4819.25,Qwen/Qwen3.6-35B-A3B
mixed_language,40,127,8,40640,cross_model,29455,0.7247785433070866,11185,0.27522145669291337,159,True,127,128,32,32,0,"[159, 40, 8]",0,True,32,True,128,159,32,0,0,32,"[128, 40, 8]",1,False,52a81ab9d905d863c300,expected_aligned_shape,Qwen/Qwen3.6-35B-A3B-FP8,ok,32,127,5080,1382,0.2720472440944882,5080,3403,0.6698818897637795,0,0.0,0.9172226461202838,4659.4910422910425,0.9516240157480315,4834.25,Qwen/Qwen3.6-35B-A3B
mixed_language,40,127,8,40640,cross_model,29676,0.7302165354330709,10964,0.26978346456692914,159,True,127,128,32,32,0,"[159, 40, 8]",0,True,32,True,128,159,32,0,0,32,"[128, 40, 8]",1,False,52ae350b56d887041750,expected_aligned_shape,Qwen/Qwen3.6-35B-A3B-FP8,ok,32,127,5080,1390,0.2736220472440945,5080,3470,0.6830708661417323,0,0.0,0.9213355848001518,4680.384770784771,0.9543307086614173,4848.0,Qwen/Qwen3.6-35B-A3B
math_numeric,40,127,8,40640,cross_model,30052,0.7394685039370079,10588,0.26053149606299214,159,True,127,128,32,32,0,"[159, 40, 8]",0,True,32,True,128,159,32,0,0,32,"[128, 40, 8]",1,False,52ec63a74226c3ca59f1,expected_aligned_shape,Qwen/Qwen3.6-35B-A3B-FP8,ok,32,127,5080,1395,0.27460629921259844,5080,3375,0.6643700787401575,0,0.0,0.9181860222017704,4664.384992784992,0.952632874015748,4839.375,Qwen/Qwen3.6-35B-A3B
code,40,127,8,40640,cross_model,28983,0.7131643700787401,11657,0.2868356299212598,166,True,127,128,39,39,0,"[166, 40, 8]",0,True,39,True,128,166,39,0,0,39,"[128, 40, 8]",1,False,52f1cb6b25e14ae20182,expected_aligned_shape,Qwen/Qwen3.6-35B-A3B-FP8,ok,32,127,5080,1251,0.24625984251968505,5080,3264,0.6425196850393701,0,0.0,0.9109296958509557,4627.522854922855,0.9476624015748032,4814.125,Qwen/Qwen3.6-35B-A3B
low_margin,40,127,8,40640,cross_model,28585,0.703371062992126,12055,0.296628937007874,166,True,127,128,39,39,0,"[166, 40, 8]",0,True,39,True,128,166,39,0,0,39,"[128, 40, 8]",1,False,5356746cc1c277b556e8,expected_aligned_shape,Qwen/Qwen3.6-35B-A3B-FP8,ok,32,127,5080,1188,0.23385826771653542,5080,3099,0.6100393700787402,0,0.0,0.9045411718640065,4595.069153069153,0.9448818897637795,4800.0,Qwen/Qwen3.6-35B-A3B
json_structured,40,127,8,40640,cross_model,29947,0.736884842519685,10693,0.26311515748031494,167,True,127,128,40,40,0,"[167, 40, 8]",0,True,40,True,128,167,40,0,0,40,"[128, 40, 8]",1,False,5363db1324c2551555da,expected_aligned_shape,Qwen/Qwen3.6-35B-A3B-FP8,ok,32,127,5080,1480,0.29133858267716534,5080,3474,0.6838582677165355,0,0.0,0.9236066295908815,4691.921678321678,0.9560531496062992,4856.75,Qwen/Qwen3.6-35B-A3B
needle,40,127,8,40640,cross_model,28746,0.7073326771653543,11894,0.2926673228346457,159,True,127,128,32,32,0,"[159, 40, 8]",0,True,32,True,128,159,32,0,0,32,"[128, 40, 8]",1,False,5372b90025ecc7c89d71,expected_aligned_shape,Qwen/Qwen3.6-35B-A3B-FP8,ok,32,127,5080,1204,0.23700787401574802,5080,3265,0.6427165354330708,0,0.0,0.912212704181208,4634.040537240538,0.9489173228346457,4820.5,Qwen/Qwen3.6-35B-A3B
chat,40,127,8,40640,cross_model,28157,0.6928395669291338,12483,0.30716043307086616,159,True,127,128,32,32,0,"[159, 40, 8]",0,True,32,True,128,159,32,0,0,32,"[128, 40, 8]",1,False,53c62ce91bf8daf3c227,expected_aligned_shape,Qwen/Qwen3.6-35B-A3B-FP8,ok,32,127,5080,1125,0.22145669291338582,5080,3239,0.6375984251968504,0,0.0,0.9086142772363244,4615.760528360528,0.9462352362204725,4806.875,Qwen/Qwen3.6-35B-A3B
code,40,127,8,40640,cross_model,28260,0.6953740157480315,12380,0.3046259842519685,159,True,127,128,32,32,0,"[159, 40, 8]",0,True,32,True,128,159,32,0,0,32,"[128, 40, 8]",1,False,542fa4892010bb7f7267,expected_aligned_shape,Qwen/Qwen3.6-35B-A3B-FP8,ok,32,127,5080,1225,0.24114173228346455,5080,3121,0.6143700787401575,0,0.0,0.897338287259547,4558.478499278499,0.937623031496063,4763.125,Qwen/Qwen3.6-35B-A3B
mixed_language,40,127,8,40640,cross_model,30424,0.7486220472440945,10216,0.2513779527559055,159,True,127,128,32,32,0,"[159, 40, 8]",0,True,32,True,128,159,32,0,0,32,"[128, 40, 8]",1,False,546b10dcbb5d1cd53751,expected_aligned_shape,Qwen/Qwen3.6-35B-A3B-FP8,ok,32,127,5080,1527,0.30059055118110234,5080,3535,0.6958661417322834,0,0.0,0.9255143806324909,4701.613053613054,0.956373031496063,4858.375,Qwen/Qwen3.6-35B-A3B
code,40,127,8,40640,cross_model,29906,0.7358759842519685,10734,0.2641240157480315,166,True,127,128,39,39,0,"[166, 40, 8]",0,True,39,True,128,166,39,0,0,39,"[128, 40, 8]",1,False,54b2848c7ef398c72652,expected_aligned_shape,Qwen/Qwen3.6-35B-A3B-FP8,ok,32,127,5080,1501,0.2954724409448819,5080,3419,0.6730314960629922,0,0.0,0.915527744346642,4650.880941280941,0.949507874015748,4823.5,Qwen/Qwen3.6-35B-A3B
needle,40,127,8,40640,cross_model,28346,0.697490157480315,12294,0.30250984251968505,159,True,127,128,32,32,0,"[159, 40, 8]",0,True,32,True,128,159,32,0,0,32,"[128, 40, 8]",1,False,54bdfad0f40a1aaf3b85,expected_aligned_shape,Qwen/Qwen3.6-35B-A3B-FP8,ok,32,127,5080,1185,0.23326771653543307,5080,3182,0.6263779527559055,0,0.0,0.9066322872228384,4605.692019092019,0.9455462598425197,4803.375,Qwen/Qwen3.6-35B-A3B
chat,40,127,8,40640,cross_model,29066,0.7152066929133858,11574,0.28479330708661416,159,True,127,128,32,32,0,"[159, 40, 8]",0,True,32,True,128,159,32,0,0,32,"[128, 40, 8]",1,False,554e94bcafe28423c71f,expected_aligned_shape,Qwen/Qwen3.6-35B-A3B-FP8,ok,32,127,5080,1297,0.25531496062992126,5080,3296,0.6488188976377953,0,0.0,0.9126580156501415,4636.30271950272,0.9490649606299213,4821.25,Qwen/Qwen3.6-35B-A3B
json_structured,40,127,8,40640,cross_model,28805,0.7087844488188977,11835,0.2912155511811024,159,True,127,128,32,32,0,"[159, 40, 8]",0,True,32,True,128,159,32,0,0,32,"[128, 40, 8]",1,False,55870432e125f8cb97d8,expected_aligned_shape,Qwen/Qwen3.6-35B-A3B-FP8,ok,32,127,5080,1243,0.24468503937007874,5080,3316,0.6527559055118111,0,0.0,0.9136642272862746,4641.414274614274,0.9495816929133858,4823.875,Qwen/Qwen3.6-35B-A3B
low_margin,40,127,8,40640,cross_model,29343,0.7220226377952756,11297,0.2779773622047244,167,True,127,128,40,40,0,"[167, 40, 8]",0,True,40,True,128,167,40,0,0,40,"[128, 40, 8]",1,False,560d79fc74bfcd50cbde,expected_aligned_shape,Qwen/Qwen3.6-35B-A3B-FP8,ok,32,127,5080,1324,0.2606299212598425,5080,3309,0.6513779527559055,0,0.0,0.9145403765088805,4645.865112665113,0.9506643700787402,4829.375,Qwen/Qwen3.6-35B-A3B
low_margin,40,127,8,40640,cross_model,29410,0.7236712598425197,11230,0.2763287401574803,166,True,127,128,39,39,0,"[166, 40, 8]",0,True,39,True,128,166,39,0,0,39,"[128, 40, 8]",1,False,562f5ed543ce4a206118,expected_aligned_shape,Qwen/Qwen3.6-35B-A3B-FP8,ok,32,127,5080,1375,0.2706692913385827,5080,3386,0.6665354330708662,0,0.0,0.9182056788356,4664.484848484849,0.952755905511811,4840.0,Qwen/Qwen3.6-35B-A3B
json_structured,40,127,8,40640,cross_model,29736,0.7316929133858268,10904,0.26830708661417324,159,True,127,128,32,32,0,"[159, 40, 8]",0,True,32,True,128,159,32,0,0,32,"[128, 40, 8]",1,False,5630de04f79e4bb72cb7,expected_aligned_shape,Qwen/Qwen3.6-35B-A3B-FP8,ok,32,127,5080,1472,0.28976377952755905,5080,3457,0.680511811023622,0,0.0,0.920604129029326,4676.668975468975,0.9537893700787402,4845.25,Qwen/Qwen3.6-35B-A3B
low_margin,40,127,8,40640,cross_model,29399,0.7234005905511811,11241,0.2765994094488189,167,True,127,128,40,40,0,"[167, 40, 8]",0,True,40,True,128,167,40,0,0,40,"[128, 40, 8]",1,False,56477bd2ca116777e5c5,expected_aligned_shape,Qwen/Qwen3.6-35B-A3B-FP8,ok,32,127,5080,1329,0.26161417322834646,5080,3325,0.6545275590551181,0,0.0,0.9158229784214037,4652.380730380731,0.9514025590551181,4833.125,Qwen/Qwen3.6-35B-A3B
short_qa,40,127,8,40640,cross_model,30780,0.7573818897637795,9860,0.24261811023622049,159,True,127,128,32,32,0,"[159, 40, 8]",0,True,32,True,128,159,32,0,0,32,"[128, 40, 8]",1,False,572daf95c833baf0dcec,expected_aligned_shape,Qwen/Qwen3.6-35B-A3B-FP8,ok,32,127,5080,1577,0.31043307086614175,5080,3678,0.724015748031496,0,0.0,0.9349733556032769,4749.6646464646465,0.962869094488189,4891.375,Qwen/Qwen3.6-35B-A3B
mixed_language,40,127,8,40640,cross_model,29860,0.734744094488189,10780,0.265255905511811,159,True,127,128,32,32,0,"[159, 40, 8]",0,True,32,True,128,159,32,0,0,32,"[128, 40, 8]",1,False,5750a3c2228713c9691c,expected_aligned_shape,Qwen/Qwen3.6-35B-A3B-FP8,ok,32,127,5080,1444,0.284251968503937,5080,3516,0.6921259842519685,0,0.0,0.9231459529097326,4689.5814407814405,0.9550935039370079,4851.875,Qwen/Qwen3.6-35B-A3B
summarization,40,127,8,40640,cross_model,29326,0.7216043307086614,11314,0.2783956692913386,159,True,127,128,32,32,0,"[159, 40, 8]",0,True,32,True,128,159,32,0,0,32,"[128, 40, 8]",1,False,5754022ce0fec55bb119,expected_aligned_shape,Qwen/Qwen3.6-35B-A3B-FP8,ok,32,127,5080,1369,0.26948818897637794,5080,3405,0.6702755905511811,0,0.0,0.9193681821240878,4670.390365190366,0.9534694881889764,4843.625,Qwen/Qwen3.6-35B-A3B
chat,40,127,8,40640,cross_model,28981,0.713115157480315,11659,0.28688484251968505,167,True,127,128,40,40,0,"[167, 40, 8]",0,True,40,True,128,167,40,0,0,40,"[128, 40, 8]",1,False,576abc56eb013481cc99,expected_aligned_shape,Qwen/Qwen3.6-35B-A3B-FP8,ok,32,127,5080,1325,0.2608267716535433,5080,3351,0.6596456692913386,0,0.0,0.9147008372205221,4646.680253080253,0.9498277559055118,4825.125,Qwen/Qwen3.6-35B-A3B
low_margin,40,127,8,40640,cross_model,29581,0.727878937007874,11059,0.27212106299212596,167,True,127,128,40,40,0,"[167, 40, 8]",0,True,40,True,128,167,40,0,0,40,"[128, 40, 8]",1,False,577f7dc3d68b30d7d530,expected_aligned_shape,Qwen/Qwen3.6-35B-A3B-FP8,ok,32,127,5080,1424,0.2803149606299213,5080,3408,0.6708661417322834,0,0.0,0.9193566057739286,4670.331557331558,0.953248031496063,4842.5,Qwen/Qwen3.6-35B-A3B
json_structured,40,127,8,40640,cross_model,29963,0.7372785433070866,10677,0.2627214566929134,167,True,127,128,40,40,0,"[167, 40, 8]",0,True,40,True,128,167,40,0,0,40,"[128, 40, 8]",1,False,57af939a4f6a2c71354f,expected_aligned_shape,Qwen/Qwen3.6-35B-A3B-FP8,ok,32,127,5080,1487,0.29271653543307086,5080,3491,0.6872047244094488,0,0.0,0.9216867603088076,4682.168742368743,0.9538385826771654,4845.5,Qwen/Qwen3.6-35B-A3B
needle,40,127,8,40640,cross_model,28830,0.7093996062992126,11810,0.2906003937007874,159,True,127,128,32,32,0,"[159, 40, 8]",0,True,32,True,128,159,32,0,0,32,"[128, 40, 8]",1,False,57d451e1c5ecea5de61e,expected_aligned_shape,Qwen/Qwen3.6-35B-A3B-FP8,ok,32,127,5080,1256,0.247244094488189,5080,3281,0.6458661417322835,0,0.0,0.9136872663644318,4641.531313131313,0.950246062992126,4827.25,Qwen/Qwen3.6-35B-A3B
chat,40,127,8,40640,cross_model,29212,0.7187992125984252,11428,0.2812007874015748,159,True,127,128,32,32,0,"[159, 40, 8]",0,True,32,True,128,159,32,0,0,32,"[128, 40, 8]",1,False,57d5b15e2cfbc32b03b6,expected_aligned_shape,Qwen/Qwen3.6-35B-A3B-FP8,ok,32,127,5080,1281,0.25216535433070864,5080,3385,0.6663385826771654,0,0.0,0.9190973068925825,4669.014319014319,0.9531496062992126,4842.0,Qwen/Qwen3.6-35B-A3B
code,40,127,8,40640,cross_model,29488,0.7255905511811024,11152,0.2744094488188976,166,True,127,128,39,39,0,"[166, 40, 8]",0,True,39,True,128,166,39,0,0,39,"[128, 40, 8]",1,False,57ddda820206cc96a7fb,expected_aligned_shape,Qwen/Qwen3.6-35B-A3B-FP8,ok,32,127,5080,1350,0.265748031496063,5080,3396,0.668503937007874,0,0.0,0.9189240680579264,4668.134265734266,0.9531003937007874,4841.75,Qwen/Qwen3.6-35B-A3B
short_qa,40,127,8,40640,cross_model,29658,0.729773622047244,10982,0.2702263779527559,166,True,127,128,39,39,0,"[166, 40, 8]",0,True,39,True,128,166,39,0,0,39,"[128, 40, 8]",1,False,57e5edfe4bfdc595b137,expected_aligned_shape,Qwen/Qwen3.6-35B-A3B-FP8,ok,32,127,5080,1411,0.277755905511811,5080,3421,0.6734251968503937,0,0.0,0.921259606535197,4679.998801198802,0.9545275590551181,4849.0,Qwen/Qwen3.6-35B-A3B
code,40,127,8,40640,cross_model,27850,0.6852854330708661,12790,0.31471456692913385,159,True,127,128,32,32,0,"[159, 40, 8]",0,True,32,True,128,159,32,0,0,32,"[128, 40, 8]",1,False,582f0c06c4b95909a244,expected_aligned_shape,Qwen/Qwen3.6-35B-A3B-FP8,ok,32,127,5080,1197,0.23562992125984253,5080,3125,0.6151574803149606,0,0.0,0.9007348119946545,4575.732844932845,0.9413877952755906,4782.25,Qwen/Qwen3.6-35B-A3B
needle,40,127,8,40640,cross_model,28401,0.6988435039370079,12239,0.3011564960629921,159,True,127,128,32,32,0,"[159, 40, 8]",0,True,32,True,128,159,32,0,0,32,"[128, 40, 8]",1,False,599a31b37ae05ff0a075,expected_aligned_shape,Qwen/Qwen3.6-35B-A3B-FP8,ok,32,127,5080,1166,0.2295275590551181,5080,3230,0.6358267716535433,0,0.0,0.9109440865346377,4627.595959595959,0.9485974409448819,4818.875,Qwen/Qwen3.6-35B-A3B
math_numeric,40,127,8,40640,cross_model,29426,0.7240649606299212,11214,0.27593503937007874,159,True,127,128,32,32,0,"[159, 40, 8]",0,True,32,True,128,159,32,0,0,32,"[128, 40, 8]",1,False,5a3c286bbd77c07c6f95,expected_aligned_shape,Qwen/Qwen3.6-35B-A3B-FP8,ok,32,127,5080,1401,0.27578740157480314,5080,3323,0.6541338582677165,0,0.0,0.9106364632742585,4626.033233433233,0.9466043307086615,4808.75,Qwen/Qwen3.6-35B-A3B
chat,40,127,8,40640,cross_model,28899,0.7110974409448819,11741,0.28890255905511814,159,True,127,128,32,32,0,"[159, 40, 8]",0,True,32,True,128,159,32,0,0,32,"[128, 40, 8]",1,False,5a7f4b624dd1ca1761ad,expected_aligned_shape,Qwen/Qwen3.6-35B-A3B-FP8,ok,32,127,5080,1262,0.2484251968503937,5080,3291,0.6478346456692914,0,0.0,0.9129952768141746,4638.016006216007,0.9494340551181102,4823.125,Qwen/Qwen3.6-35B-A3B
mixed_language,40,127,8,40640,cross_model,29550,0.7271161417322834,11090,0.27288385826771655,159,True,127,128,32,32,0,"[159, 40, 8]",0,True,32,True,128,159,32,0,0,32,"[128, 40, 8]",1,False,5ab0933af53af7ecae2c,expected_aligned_shape,Qwen/Qwen3.6-35B-A3B-FP8,ok,32,127,5080,1397,0.275,5080,3447,0.6785433070866141,0,0.0,0.9194169522515979,4670.638117438118,0.9528543307086614,4840.5,Qwen/Qwen3.6-35B-A3B
chat,40,127,8,40640,cross_model,29337,0.721875,11303,0.278125,167,True,127,128,40,40,0,"[167, 40, 8]",0,True,40,True,128,167,40,0,0,40,"[128, 40, 8]",1,False,5ab1ae48cf3d0e3431f0,expected_aligned_shape,Qwen/Qwen3.6-35B-A3B-FP8,ok,32,127,5080,1354,0.26653543307086613,5080,3405,0.6702755905511811,0,0.0,0.921123836793128,4679.309090909091,0.9547736220472441,4850.25,Qwen/Qwen3.6-35B-A3B
mixed_language,40,127,8,40640,cross_model,31761,0.7815206692913386,8879,0.2184793307086614,159,True,127,128,32,32,0,"[159, 40, 8]",0,True,32,True,128,159,32,0,0,32,"[128, 40, 8]",1,False,5ab8d349fa9b77ccf269,expected_aligned_shape,Qwen/Qwen3.6-35B-A3B-FP8,ok,32,127,5080,1803,0.3549212598425197,5080,3789,0.7458661417322835,0,0.0,0.9393911338005827,4772.10695970696,0.9651082677165355,4902.75,Qwen/Qwen3.6-35B-A3B
needle,40,127,8,40640,cross_model,28213,0.6942175196850394,12427,0.30578248031496064,159,True,127,128,32,32,0,"[159, 40, 8]",0,True,32,True,128,159,32,0,0,32,"[128, 40, 8]",1,False,5abaf978363d8e88c99e,expected_aligned_shape,Qwen/Qwen3.6-35B-A3B-FP8,ok,32,127,5080,1141,0.22460629921259842,5080,3204,0.6307086614173228,0,0.0,0.9082518575038261,4613.919436119436,0.9466043307086615,4808.75,Qwen/Qwen3.6-35B-A3B
code,40,127,8,40640,cross_model,28880,0.7106299212598425,11760,0.28937007874015747,166,True,127,128,39,39,0,"[166, 40, 8]",0,True,39,True,128,166,39,0,0,39,"[128, 40, 8]",1,False,5b5d918703c22348809f,expected_aligned_shape,Qwen/Qwen3.6-35B-A3B-FP8,ok,32,127,5080,1275,0.25098425196850394,5080,3296,0.6488188976377953,0,0.0,0.9119935139226478,4632.92705072705,0.9484744094488189,4818.25,Qwen/Qwen3.6-35B-A3B
summarization,40,127,8,40640,cross_model,29521,0.7264025590551181,11119,0.27359744094488186,159,True,127,128,32,32,0,"[159, 40, 8]",0,True,32,True,128,159,32,0,0,32,"[128, 40, 8]",1,False,5b71b71b3bd4a0357b83,expected_aligned_shape,Qwen/Qwen3.6-35B-A3B-FP8,ok,32,127,5080,1428,0.2811023622047244,5080,3404,0.6700787401574804,0,0.0,0.9166870443642098,4656.770185370186,0.9509596456692914,4830.875,Qwen/Qwen3.6-35B-A3B
summarization,40,127,8,40640,cross_model,30226,0.74375,10414,0.25625,167,True,127,128,40,40,0,"[167, 40, 8]",0,True,40,True,128,167,40,0,0,40,"[128, 40, 8]",1,False,5b841a26c13cf33684e6,expected_aligned_shape,Qwen/Qwen3.6-35B-A3B-FP8,ok,32,127,5080,1540,0.3031496062992126,5080,3561,0.7009842519685039,0,0.0,0.9268459886570123,4708.377622377622,0.9575787401574803,4864.5,Qwen/Qwen3.6-35B-A3B
json_structured,40,127,8,40640,cross_model,29912,0.7360236220472441,10728,0.2639763779527559,167,True,127,128,40,40,0,"[167, 40, 8]",0,True,40,True,128,167,40,0,0,40,"[128, 40, 8]",1,False,5bb673414bc8cc2d2e9e,expected_aligned_shape,Qwen/Qwen3.6-35B-A3B-FP8,ok,32,127,5080,1455,0.28641732283464566,5080,3502,0.6893700787401574,0,0.0,0.9234300083118979,4691.024442224442,0.9554133858267716,4853.5,Qwen/Qwen3.6-35B-A3B
chat,40,127,8,40640,cross_model,29141,0.7170521653543307,11499,0.2829478346456693,159,True,127,128,32,32,0,"[159, 40, 8]",0,True,32,True,128,159,32,0,0,32,"[128, 40, 8]",1,False,5bb9a04de1014f32efd5,expected_aligned_shape,Qwen/Qwen3.6-35B-A3B-FP8,ok,32,127,5080,1271,0.25019685039370076,5080,3374,0.6641732283464566,0,0.0,0.9190571982697968,4668.810567210568,0.953494094488189,4843.75,Qwen/Qwen3.6-35B-A3B
logs,40,127,8,40640,cross_model,29101,0.7160679133858268,11539,0.28393208661417324,159,True,127,128,32,32,0,"[159, 40, 8]",0,True,32,True,128,159,32,0,0,32,"[128, 40, 8]",1,False,5bcb6e9f461feb294c87,expected_aligned_shape,Qwen/Qwen3.6-35B-A3B-FP8,ok,32,127,5080,1354,0.26653543307086613,5080,3350,0.6594488188976378,0,0.0,0.9124166821804617,4635.076745476746,0.9476624015748032,4814.125,Qwen/Qwen3.6-35B-A3B
json_structured,40,127,8,40640,cross_model,29303,0.7210383858267716,11337,0.27896161417322834,167,True,127,128,40,40,0,"[167, 40, 8]",0,True,40,True,128,167,40,0,0,40,"[128, 40, 8]",1,False,5c3e9712863ad17fe87b,expected_aligned_shape,Qwen/Qwen3.6-35B-A3B-FP8,ok,32,127,5080,1305,0.25688976377952755,5080,3327,0.6549212598425197,0,0.0,0.91608605742464,4653.717171717171,0.9516486220472441,4834.375,Qwen/Qwen3.6-35B-A3B
chat,40,127,8,40640,cross_model,29156,0.7174212598425197,11484,0.2825787401574803,167,True,127,128,40,40,0,"[167, 40, 8]",0,True,40,True,128,167,40,0,0,40,"[128, 40, 8]",1,False,5cc3b2ea8220fee25c5a,expected_aligned_shape,Qwen/Qwen3.6-35B-A3B-FP8,ok,32,127,5080,1305,0.25688976377952755,5080,3352,0.6598425196850394,0,0.0,0.917193987115247,4659.345454545454,0.9522883858267717,4837.625,Qwen/Qwen3.6-35B-A3B
mixed_language,40,84,8,26880,cross_model,20603,0.7664806547619047,6277,0.23351934523809523,116,True,84,85,32,32,0,"[116, 40, 8]",0,True,32,True,85,116,32,0,0,32,"[85, 40, 8]",1,False,5ccc53138865441b7e9c,expected_aligned_shape,Qwen/Qwen3.6-35B-A3B-FP8,ok,32,84,3360,1109,0.3300595238095238,3360,2466,0.7339285714285714,0,0.0,0.9374146224146224,3149.7131313131313,0.9642485119047619,3239.875,Qwen/Qwen3.6-35B-A3B
needle,40,127,8,40640,cross_model,28073,0.6907726377952756,12567,0.3092273622047244,159,True,127,128,32,32,0,"[159, 40, 8]",0,True,32,True,128,159,32,0,0,32,"[128, 40, 8]",1,False,5ce1aa69b2eabf0ab880,expected_aligned_shape,Qwen/Qwen3.6-35B-A3B-FP8,ok,32,127,5080,1168,0.22992125984251968,5080,3136,0.6173228346456693,0,0.0,0.9044757735702618,4594.73692973693,0.9442175196850394,4796.625,Qwen/Qwen3.6-35B-A3B
low_margin,40,127,8,40640,cross_model,30348,0.746751968503937,10292,0.253248031496063,166,True,127,128,39,39,0,"[166, 40, 8]",0,True,39,True,128,166,39,0,0,39,"[128, 40, 8]",1,False,5d6436da268b099bc9ae,expected_aligned_shape,Qwen/Qwen3.6-35B-A3B-FP8,ok,32,127,5080,1488,0.2929133858267717,5080,3532,0.6952755905511812,0,0.0,0.926932315278772,4708.8161616161615,0.9579970472440945,4866.625,Qwen/Qwen3.6-35B-A3B
code,40,127,8,40640,cross_model,28923,0.7116879921259842,11717,0.28831200787401573,159,True,127,128,32,32,0,"[159, 40, 8]",0,True,32,True,128,159,32,0,0,32,"[128, 40, 8]",1,False,5d954451505bcd01a0b6,expected_aligned_shape,Qwen/Qwen3.6-35B-A3B-FP8,ok,32,127,5080,1383,0.272244094488189,5080,3286,0.6468503937007875,0,0.0,0.8990041410907552,4566.941036741036,0.9362942913385827,4756.375,Qwen/Qwen3.6-35B-A3B
json_structured,40,127,8,40640,cross_model,27867,0.6857037401574804,12773,0.3142962598425197,159,True,127,128,32,32,0,"[159, 40, 8]",0,True,32,True,128,159,32,0,0,32,"[128, 40, 8]",1,False,5dc2433ac93e3f045e6f,expected_aligned_shape,Qwen/Qwen3.6-35B-A3B-FP8,ok,32,127,5080,1109,0.21830708661417322,5080,3209,0.6316929133858268,0,0.0,0.904258191502286,4593.631612831613,0.943134842519685,4791.125,Qwen/Qwen3.6-35B-A3B
json_structured,40,127,8,40640,cross_model,28172,0.6932086614173228,12468,0.30679133858267715,159,True,127,128,32,32,0,"[159, 40, 8]",0,True,32,True,128,159,32,0,0,32,"[128, 40, 8]",1,False,5dec9ebe264afa9af17b,expected_aligned_shape,Qwen/Qwen3.6-35B-A3B-FP8,ok,32,127,5080,1187,0.23366141732283466,5080,3231,0.636023622047244,0,0.0,0.9082593827869418,4613.957664557664,0.9462106299212598,4806.75,Qwen/Qwen3.6-35B-A3B
needle,40,127,8,40640,cross_model,27956,0.6878937007874015,12684,0.3121062992125984,159,True,127,128,32,32,0,"[159, 40, 8]",0,True,32,True,128,159,32,0,0,32,"[128, 40, 8]",1,False,5e4285f7c6a076ba71ba,expected_aligned_shape,Qwen/Qwen3.6-35B-A3B-FP8,ok,32,127,5080,1146,0.22559055118110236,5080,3154,0.6208661417322835,0,0.0,0.9042932046081653,4593.8094794094795,0.9441683070866141,4796.375,Qwen/Qwen3.6-35B-A3B
math_numeric,40,127,8,40640,cross_model,20781,0.5113435039370079,19859,0.4886564960629921,159,True,127,128,32,32,0,"[159, 40, 8]",0,True,32,True,128,159,32,0,0,32,"[128, 40, 8]",1,False,5e60c1c8b6ea2c098870,expected_aligned_shape,Qwen/Qwen3.6-35B-A3B-FP8,ok,32,127,5080,329,0.06476377952755906,5080,1828,0.3598425196850394,0,0.0,0.808408284628757,4106.714085914086,0.8803149606299212,4472.0,Qwen/Qwen3.6-35B-A3B
needle,40,127,8,40640,cross_model,28600,0.7037401574803149,12040,0.296259842519685,159,True,127,128,32,32,0,"[159, 40, 8]",0,True,32,True,128,159,32,0,0,32,"[128, 40, 8]",1,False,5ec469aa0ce5140ec633,expected_aligned_shape,Qwen/Qwen3.6-35B-A3B-FP8,ok,32,127,5080,1237,0.243503937007874,5080,3274,0.6444881889763779,0,0.0,0.9111976911976911,4628.884271284272,0.9484005905511811,4817.875,Qwen/Qwen3.6-35B-A3B
math_numeric,40,127,8,40640,cross_model,29701,0.7308316929133858,10939,0.26916830708661416,159,True,127,128,32,32,0,"[159, 40, 8]",0,True,32,True,128,159,32,0,0,32,"[128, 40, 8]",1,False,5f2bea854f44d77c4f9e,expected_aligned_shape,Qwen/Qwen3.6-35B-A3B-FP8,ok,32,127,5080,1399,0.27539370078740155,5080,3321,0.653740157480315,0,0.0,0.9142397322712283,4644.33783993784,0.9502706692913386,4827.375,Qwen/Qwen3.6-35B-A3B
low_margin,40,127,8,40640,cross_model,29547,0.7270423228346456,11093,0.27295767716535435,167,True,127,128,40,40,0,"[167, 40, 8]",0,True,40,True,128,167,40,0,0,40,"[128, 40, 8]",1,False,5fa103d525773692e93e,expected_aligned_shape,Qwen/Qwen3.6-35B-A3B-FP8,ok,32,127,5080,1376,0.27086614173228346,5080,3363,0.662007874015748,0,0.0,0.9175480818394205,4661.144255744256,0.9521899606299212,4837.125,Qwen/Qwen3.6-35B-A3B
mixed_language,40,127,8,40640,cross_model,29781,0.7328001968503937,10859,0.2671998031496063,159,True,127,128,32,32,0,"[159, 40, 8]",0,True,32,True,128,159,32,0,0,32,"[128, 40, 8]",1,False,60211dc01512519f5f6c,expected_aligned_shape,Qwen/Qwen3.6-35B-A3B-FP8,ok,32,127,5080,1501,0.2954724409448819,5080,3452,0.6795275590551181,0,0.0,0.921544579654816,4681.446464646465,0.9546998031496063,4849.875,Qwen/Qwen3.6-35B-A3B
summarization,40,127,8,40640,cross_model,29415,0.7237942913385826,11225,0.2762057086614173,159,True,127,128,32,32,0,"[159, 40, 8]",0,True,32,True,128,159,32,0,0,32,"[128, 40, 8]",1,False,60794c5d59c308b41cfb,expected_aligned_shape,Qwen/Qwen3.6-35B-A3B-FP8,ok,32,127,5080,1393,0.27421259842519685,5080,3371,0.6635826771653544,0,0.0,0.9167044241847391,4656.858474858474,0.9516240157480315,4834.25,Qwen/Qwen3.6-35B-A3B
summarization,40,127,8,40640,cross_model,29278,0.7204232283464567,11362,0.27957677165354333,159,True,127,128,32,32,0,"[159, 40, 8]",0,True,32,True,128,159,32,0,0,32,"[128, 40, 8]",1,False,60a014ca03d8b7493ef2,expected_aligned_shape,Qwen/Qwen3.6-35B-A3B-FP8,ok,32,127,5080,1318,0.2594488188976378,5080,3354,0.6602362204724409,0,0.0,0.9185938121371192,4666.4565656565655,0.9533218503937008,4842.875,Qwen/Qwen3.6-35B-A3B
logs,40,127,8,40640,cross_model,29812,0.7335629921259843,10828,0.26643700787401575,159,True,127,128,32,32,0,"[159, 40, 8]",0,True,32,True,128,159,32,0,0,32,"[128, 40, 8]",1,False,60c5a4f41ae1be2940ff,expected_aligned_shape,Qwen/Qwen3.6-35B-A3B-FP8,ok,32,127,5080,1392,0.2740157480314961,5080,3492,0.6874015748031496,0,0.0,0.9257524977210015,4702.822688422689,0.9574803149606299,4864.0,Qwen/Qwen3.6-35B-A3B
logs,40,127,8,40640,cross_model,29253,0.7198080708661417,11387,0.28019192913385826,159,True,127,128,32,32,0,"[159, 40, 8]",0,True,32,True,128,159,32,0,0,32,"[128, 40, 8]",1,False,60da264064e9ae3d6aff,expected_aligned_shape,Qwen/Qwen3.6-35B-A3B-FP8,ok,32,127,5080,1299,0.25570866141732285,5080,3346,0.6586614173228347,0,0.0,0.9177396007317268,4662.117171717172,0.9527312992125985,4839.875,Qwen/Qwen3.6-35B-A3B
short_qa,40,127,8,40640,cross_model,29571,0.727632874015748,11069,0.27236712598425195,159,True,127,128,32,32,0,"[159, 40, 8]",0,True,32,True,128,159,32,0,0,32,"[128, 40, 8]",1,False,618efcb627bbc74f53f2,expected_aligned_shape,Qwen/Qwen3.6-35B-A3B-FP8,ok,32,127,5080,1392,0.2740157480314961,5080,3414,0.6720472440944882,0,0.0,0.921219165786095,4679.793362193363,0.9546998031496063,4849.875,Qwen/Qwen3.6-35B-A3B
logs,40,127,8,40640,cross_model,27695,0.6814714566929134,12945,0.31852854330708663,159,True,127,128,32,32,0,"[159, 40, 8]",0,True,32,True,128,159,32,0,0,32,"[128, 40, 8]",1,False,61aa77e345b1f02cbb13,expected_aligned_shape,Qwen/Qwen3.6-35B-A3B-FP8,ok,32,127,5080,1119,0.2202755905511811,5080,3044,0.5992125984251968,0,0.0,0.8952261255804563,4547.748717948718,0.9378198818897637,4764.125,Qwen/Qwen3.6-35B-A3B
code,40,127,8,40640,cross_model,28730,0.7069389763779528,11910,0.2930610236220472,166,True,127,128,39,39,0,"[166, 40, 8]",0,True,39,True,128,166,39,0,0,39,"[128, 40, 8]",1,False,61d3849a193f9e7cabb2,expected_aligned_shape,Qwen/Qwen3.6-35B-A3B-FP8,ok,32,127,5080,1270,0.25,5080,3285,0.6466535433070866,0,0.0,0.9100440416975851,4623.023731823731,0.9469488188976378,4810.5,Qwen/Qwen3.6-35B-A3B
needle,40,127,8,40640,cross_model,27716,0.6819881889763779,12924,0.318011811023622,159,True,127,128,32,32,0,"[159, 40, 8]",0,True,32,True,128,159,32,0,0,32,"[128, 40, 8]",1,False,61dad56979eb7448dc31,expected_aligned_shape,Qwen/Qwen3.6-35B-A3B-FP8,ok,32,127,5080,1144,0.2251968503937008,5080,3001,0.590748031496063,0,0.0,0.8945580666053108,4544.354978354979,0.9382135826771654,4766.125,Qwen/Qwen3.6-35B-A3B
code,40,127,8,40640,cross_model,29690,0.7305610236220472,10950,0.2694389763779528,159,True,127,128,32,32,0,"[159, 40, 8]",0,True,32,True,128,159,32,0,0,32,"[128, 40, 8]",1,False,62206ac3511509952e6a,expected_aligned_shape,Qwen/Qwen3.6-35B-A3B-FP8,ok,32,127,5080,1390,0.2736220472440945,5080,3364,0.6622047244094488,0,0.0,0.9162365761972062,4654.481807081807,0.9510088582677165,4831.125,Qwen/Qwen3.6-35B-A3B
short_qa,40,127,8,40640,cross_model,27703,0.6816683070866142,12937,0.3183316929133858,159,True,127,128,32,32,0,"[159, 40, 8]",0,True,32,True,128,159,32,0,0,32,"[128, 40, 8]",1,False,62349ed5700df0f9b090,expected_aligned_shape,Qwen/Qwen3.6-35B-A3B-FP8,ok,32,127,5080,1112,0.2188976377952756,5080,3095,0.609251968503937,0,0.0,0.8981193696941728,4562.446398046398,0.9394931102362205,4772.625,Qwen/Qwen3.6-35B-A3B
math_numeric,40,127,8,40640,cross_model,21302,0.5241633858267717,19338,0.47583661417322837,159,True,127,128,32,32,0,"[159, 40, 8]",0,True,32,True,128,159,32,0,0,32,"[128, 40, 8]",1,False,625ba97508abd5ba47b3,expected_aligned_shape,Qwen/Qwen3.6-35B-A3B-FP8,ok,32,127,5080,394,0.07755905511811023,5080,2002,0.39409448818897636,0,0.0,0.8152946266332093,4141.696703296703,0.8843257874015747,4492.375,Qwen/Qwen3.6-35B-A3B
code,40,127,8,40640,cross_model,28936,0.712007874015748,11704,0.28799212598425195,159,True,127,128,32,32,0,"[159, 40, 8]",0,True,32,True,128,159,32,0,0,32,"[128, 40, 8]",1,False,635a84b1fcccb143191a,expected_aligned_shape,Qwen/Qwen3.6-35B-A3B-FP8,ok,32,127,5080,1355,0.26673228346456695,5080,3331,0.6557086614173229,0,0.0,0.9070582916645907,4607.856121656122,0.9430856299212599,4790.875,Qwen/Qwen3.6-35B-A3B
short_qa,40,127,8,40640,cross_model,28536,0.7021653543307087,12104,0.29783464566929135,159,True,127,128,32,32,0,"[159, 40, 8]",0,True,32,True,128,159,32,0,0,32,"[128, 40, 8]",1,False,63e60c51c3ab97ae4333,expected_aligned_shape,Qwen/Qwen3.6-35B-A3B-FP8,ok,32,127,5080,1280,0.25196850393700787,5080,3184,0.6267716535433071,0,0.0,0.9028961414788188,4586.712398712399,0.9428395669291338,4789.625,Qwen/Qwen3.6-35B-A3B
short_qa,40,127,8,40640,cross_model,30695,0.7552903543307087,9945,0.24470964566929135,159,True,127,128,32,32,0,"[159, 40, 8]",0,True,32,True,128,159,32,0,0,32,"[128, 40, 8]",1,False,64538eda0671b21a41c4,expected_aligned_shape,Qwen/Qwen3.6-35B-A3B-FP8,ok,32,127,5080,1581,0.31122047244094486,5080,3607,0.7100393700787402,0,0.0,0.9308987512924521,4728.965656565657,0.9603592519685039,4878.625,Qwen/Qwen3.6-35B-A3B
json_structured,40,127,8,40640,cross_model,28864,0.710236220472441,11776,0.28976377952755905,167,True,127,128,40,40,0,"[167, 40, 8]",0,True,40,True,128,167,40,0,0,40,"[128, 40, 8]",1,False,64564143259d7ae5b3d4,expected_aligned_shape,Qwen/Qwen3.6-35B-A3B-FP8,ok,32,127,5080,1206,0.2374015748031496,5080,3285,0.6466535433070866,0,0.0,0.912001537395238,4632.96780996781,0.9483759842519685,4817.75,Qwen/Qwen3.6-35B-A3B
needle,40,127,8,40640,cross_model,28384,0.6984251968503937,12256,0.3015748031496063,159,True,127,128,32,32,0,"[159, 40, 8]",0,True,32,True,128,159,32,0,0,32,"[128, 40, 8]",1,False,647c36c6afdb90483e6e,expected_aligned_shape,Qwen/Qwen3.6-35B-A3B-FP8,ok,32,127,5080,1203,0.23681102362204726,5080,3192,0.6283464566929133,0,0.0,0.9074704647932995,4609.949961149961,0.9462844488188976,4807.125,Qwen/Qwen3.6-35B-A3B
chat,40,127,8,40640,cross_model,28876,0.7105314960629922,11764,0.28946850393700785,167,True,127,128,40,40,0,"[167, 40, 8]",0,True,40,True,128,167,40,0,0,40,"[128, 40, 8]",1,False,648175fcca5e2556c1df,expected_aligned_shape,Qwen/Qwen3.6-35B-A3B-FP8,ok,32,127,5080,1246,0.2452755905511811,5080,3336,0.6566929133858268,0,0.0,0.9138595263004713,4642.406393606394,0.9495324803149606,4823.625,Qwen/Qwen3.6-35B-A3B
needle,40,127,8,40640,cross_model,28554,0.7026082677165354,12086,0.29739173228346455,159,True,127,128,32,32,0,"[159, 40, 8]",0,True,32,True,128,159,32,0,0,32,"[128, 40, 8]",1,False,6491221fae4e7da9bb37,expected_aligned_shape,Qwen/Qwen3.6-35B-A3B-FP8,ok,32,127,5080,1221,0.2403543307086614,5080,3244,0.6385826771653543,0,0.0,0.9118492006680983,4632.193939393939,0.9492125984251969,4822.0,Qwen/Qwen3.6-35B-A3B
summarization,40,127,8,40640,cross_model,30001,0.7382135826771653,10639,0.26178641732283464,167,True,127,128,40,40,0,"[167, 40, 8]",0,True,40,True,128,167,40,0,0,40,"[128, 40, 8]",1,False,649e0a93f32d42bfc05d,expected_aligned_shape,Qwen/Qwen3.6-35B-A3B-FP8,ok,32,127,5080,1482,0.2917322834645669,5080,3469,0.6828740157480315,0,0.0,0.9232781479238172,4690.252991452991,0.9558316929133859,4855.625,Qwen/Qwen3.6-35B-A3B
logs,40,127,8,40640,cross_model,29837,0.7341781496062992,10803,0.26582185039370076,159,True,127,128,32,32,0,"[159, 40, 8]",0,True,32,True,128,159,32,0,0,32,"[128, 40, 8]",1,False,64bccc426add290c5c66,expected_aligned_shape,Qwen/Qwen3.6-35B-A3B-FP8,ok,32,127,5080,1432,0.28188976377952757,5080,3486,0.6862204724409449,0,0.0,0.92453829634932,4696.654545454546,0.9566929133858267,4860.0,Qwen/Qwen3.6-35B-A3B
needle,40,127,8,40640,cross_model,28603,0.7038139763779527,12037,0.29618602362204727,159,True,127,128,32,32,0,"[159, 40, 8]",0,True,32,True,128,159,32,0,0,32,"[128, 40, 8]",1,False,64c832a40bb0a8a5122b,expected_aligned_shape,Qwen/Qwen3.6-35B-A3B-FP8,ok,32,127,5080,1251,0.24625984251968505,5080,3254,0.6405511811023622,0,0.0,0.9118476099578463,4632.185858585859,0.9491387795275591,4821.625,Qwen/Qwen3.6-35B-A3B
logs,40,127,8,40640,cross_model,27994,0.6888287401574803,12646,0.3111712598425197,159,True,127,128,32,32,0,"[159, 40, 8]",0,True,32,True,128,159,32,0,0,32,"[128, 40, 8]",1,False,64d31e3be638fe6fcbd5,expected_aligned_shape,Qwen/Qwen3.6-35B-A3B-FP8,ok,32,127,5080,1118,0.2200787401574803,5080,3199,0.6297244094488189,0,0.0,0.9085251668716234,4615.307847707848,0.9469242125984252,4810.375,Qwen/Qwen3.6-35B-A3B
low_margin,40,127,8,40640,cross_model,30813,0.7581938976377953,9827,0.24180610236220473,166,True,127,128,39,39,0,"[166, 40, 8]",0,True,39,True,128,166,39,0,0,39,"[128, 40, 8]",1,False,64daa5bfff610e9e66ad,expected_aligned_shape,Qwen/Qwen3.6-35B-A3B-FP8,ok,32,127,5080,1561,0.3072834645669291,5080,3610,0.7106299212598425,0,0.0,0.9306964251846143,4727.93783993784,0.9601377952755905,4877.5,Qwen/Qwen3.6-35B-A3B
needle,40,127,8,40640,cross_model,28656,0.7051181102362205,11984,0.29488188976377955,159,True,127,128,32,32,0,"[159, 40, 8]",0,True,32,True,128,159,32,0,0,32,"[128, 40, 8]",1,False,66e7499ea01736aa6aad,expected_aligned_shape,Qwen/Qwen3.6-35B-A3B-FP8,ok,32,127,5080,1195,0.23523622047244094,5080,3299,0.6494094488188976,0,0.0,0.9150091465839498,4648.246464646465,0.951107283464567,4831.625,Qwen/Qwen3.6-35B-A3B
math_numeric,40,127,8,40640,cross_model,19043,0.4685777559055118,21597,0.5314222440944882,159,True,127,128,32,32,0,"[159, 40, 8]",0,True,32,True,128,159,32,0,0,32,"[128, 40, 8]",1,False,66f224dcb038a724920f,expected_aligned_shape,Qwen/Qwen3.6-35B-A3B-FP8,ok,32,127,5080,203,0.039960629921259844,5080,1552,0.30551181102362207,0,0.0,0.7756041596199076,3940.0691308691307,0.8541584645669291,4339.125,Qwen/Qwen3.6-35B-A3B
logs,40,103,8,32960,cross_model,25470,0.772754854368932,7490,0.22724514563106796,135,True,103,104,32,32,0,"[135, 40, 8]",0,True,32,True,104,135,32,0,0,32,"[104, 40, 8]",1,False,66f56fe8b57a5be4db53,expected_aligned_shape,Qwen/Qwen3.6-35B-A3B-FP8,ok,32,103,4120,1430,0.3470873786407767,4120,3016,0.7320388349514563,0,0.0,0.9355189362956354,3854.3380175380175,0.9625606796116505,3965.75,Qwen/Qwen3.6-35B-A3B
needle,40,127,8,40640,cross_model,28402,0.6988681102362204,12238,0.3011318897637795,159,True,127,128,32,32,0,"[159, 40, 8]",0,True,32,True,128,159,32,0,0,32,"[128, 40, 8]",1,False,67345eef265eb7d10e43,expected_aligned_shape,Qwen/Qwen3.6-35B-A3B-FP8,ok,32,127,5080,1203,0.23681102362204726,5080,3179,0.6257874015748032,0,0.0,0.9088340093851904,4616.8767676767675,0.9475393700787401,4813.5,Qwen/Qwen3.6-35B-A3B
logs,40,127,8,40640,cross_model,28716,0.7065944881889764,11924,0.29340551181102364,159,True,127,128,32,32,0,"[159, 40, 8]",0,True,32,True,128,159,32,0,0,32,"[128, 40, 8]",1,False,675ce1bac13b9c77eba6,expected_aligned_shape,Qwen/Qwen3.6-35B-A3B-FP8,ok,32,127,5080,1299,0.25570866141732285,5080,3291,0.6478346456692914,0,0.0,0.912489203709676,4635.445154845155,0.9489665354330709,4820.75,Qwen/Qwen3.6-35B-A3B
math_numeric,40,127,8,40640,cross_model,31057,0.7641978346456693,9583,0.2358021653543307,159,True,127,128,32,32,0,"[159, 40, 8]",0,True,32,True,128,159,32,0,0,32,"[128, 40, 8]",1,False,681642b7dbd11004c115,expected_aligned_shape,Qwen/Qwen3.6-35B-A3B-FP8,ok,32,127,5080,1657,0.3261811023622047,5080,3563,0.7013779527559055,0,0.0,0.9270751732956458,4709.541880341881,0.9578494094488189,4865.875,Qwen/Qwen3.6-35B-A3B
short_qa,40,127,8,40640,cross_model,29273,0.7203001968503937,11367,0.2796998031496063,159,True,127,128,32,32,0,"[159, 40, 8]",0,True,32,True,128,159,32,0,0,32,"[128, 40, 8]",1,False,68607053dacf386c2ddd,expected_aligned_shape,Qwen/Qwen3.6-35B-A3B-FP8,ok,32,127,5080,1298,0.255511811023622,5080,3344,0.658267716535433,0,0.0,0.9172051220870119,4659.40202020202,0.9523375984251968,4837.875,Qwen/Qwen3.6-35B-A3B
short_qa,40,127,8,40640,cross_model,30332,0.7463582677165355,10308,0.2536417322834646,166,True,127,128,39,39,0,"[166, 40, 8]",0,True,39,True,128,166,39,0,0,39,"[128, 40, 8]",1,False,686174b9d82c11ff58c5,expected_aligned_shape,Qwen/Qwen3.6-35B-A3B-FP8,ok,32,127,5080,1530,0.30118110236220474,5080,3522,0.6933070866141732,0,0.0,0.9277769824226518,4713.10707070707,0.9587844488188977,4870.625,Qwen/Qwen3.6-35B-A3B
logs,40,65,8,20800,cross_model,13315,0.6401442307692308,7485,0.35985576923076923,97,True,65,66,32,32,0,"[97, 40, 8]",0,True,32,True,66,97,32,0,0,32,"[66, 40, 8]",1,False,68cf4ae41e4a4e18968d,expected_aligned_shape,Qwen/Qwen3.6-35B-A3B-FP8,ok,32,65,2600,483,0.18576923076923077,2600,1469,0.565,0,0.0,0.8831649205495359,2296.2287934287933,0.9302403846153846,2418.625,Qwen/Qwen3.6-35B-A3B
json_structured,40,127,8,40640,cross_model,27513,0.6769931102362204,13127,0.3230068897637795,159,True,127,128,32,32,0,"[159, 40, 8]",0,True,32,True,128,159,32,0,0,32,"[128, 40, 8]",1,False,691dadfbe89de16b8efd,expected_aligned_shape,Qwen/Qwen3.6-35B-A3B-FP8,ok,32,127,5080,1047,0.20610236220472442,5080,3056,0.6015748031496063,0,0.0,0.9011707627455657,4577.947474747475,0.9428149606299212,4789.5,Qwen/Qwen3.6-35B-A3B
code,40,127,8,40640,cross_model,28889,0.7108513779527559,11751,0.2891486220472441,166,True,127,128,39,39,0,"[166, 40, 8]",0,True,39,True,128,166,39,0,0,39,"[128, 40, 8]",1,False,6922a8786e12ef51efb9,expected_aligned_shape,Qwen/Qwen3.6-35B-A3B-FP8,ok,32,127,5080,1276,0.2511811023622047,5080,3301,0.6498031496062993,0,0.0,0.9149396447821645,4647.8933954933955,0.9510334645669292,4831.25,Qwen/Qwen3.6-35B-A3B
mixed_language,40,101,8,32320,cross_model,24798,0.7672648514851486,7522,0.2327351485148515,133,True,101,102,32,32,0,"[133, 40, 8]",0,True,32,True,102,133,32,0,0,32,"[102, 40, 8]",1,False,694033e392836cbb1ca7,expected_aligned_shape,Qwen/Qwen3.6-35B-A3B-FP8,ok,32,101,4040,1375,0.34034653465346537,4040,2973,0.7358910891089109,0,0.0,0.9378567856785679,3788.941414141414,0.9645420792079208,3896.75,Qwen/Qwen3.6-35B-A3B
math_numeric,40,127,8,40640,cross_model,29989,0.7379183070866142,10651,0.26208169291338584,159,True,127,128,32,32,0,"[159, 40, 8]",0,True,32,True,128,159,32,0,0,32,"[128, 40, 8]",1,False,69877842f87fc32699bb,expected_aligned_shape,Qwen/Qwen3.6-35B-A3B-FP8,ok,32,127,5080,1452,0.2858267716535433,5080,3429,0.675,0,0.0,0.9218883566127661,4683.192851592851,0.9550688976377952,4851.75,Qwen/Qwen3.6-35B-A3B
code,40,127,8,40640,cross_model,29016,0.7139763779527559,11624,0.2860236220472441,166,True,127,128,39,39,0,"[166, 40, 8]",0,True,39,True,128,166,39,0,0,39,"[128, 40, 8]",1,False,69bb6f61611966bb3ee3,expected_aligned_shape,Qwen/Qwen3.6-35B-A3B-FP8,ok,32,127,5080,1239,0.2438976377952756,5080,3286,0.6468503937007875,0,0.0,0.9141414141414143,4643.838383838384,0.9505905511811024,4829.0,Qwen/Qwen3.6-35B-A3B
needle,40,127,8,40640,cross_model,28549,0.7024852362204724,12091,0.29751476377952757,159,True,127,128,32,32,0,"[159, 40, 8]",0,True,32,True,128,159,32,0,0,32,"[128, 40, 8]",1,False,69ccc9036a52d9a887e9,expected_aligned_shape,Qwen/Qwen3.6-35B-A3B-FP8,ok,32,127,5080,1179,0.23208661417322834,5080,3238,0.6374015748031496,0,0.0,0.9106028354847254,4625.862404262404,0.9480068897637796,4815.875,Qwen/Qwen3.6-35B-A3B
math_numeric,40,127,8,40640,cross_model,27004,0.6644685039370078,13636,0.33553149606299215,159,True,127,128,32,32,0,"[159, 40, 8]",0,True,32,True,128,159,32,0,0,32,"[128, 40, 8]",1,False,6a0ce4764dcccddfaee9,expected_aligned_shape,Qwen/Qwen3.6-35B-A3B-FP8,ok,32,127,5080,1064,0.2094488188976378,5080,2921,0.575,0,0.0,0.8850206748631944,4495.905028305028,0.9312992125984252,4731.0,Qwen/Qwen3.6-35B-A3B
needle,40,127,8,40640,cross_model,28438,0.699753937007874,12202,0.300246062992126,159,True,127,128,32,32,0,"[159, 40, 8]",0,True,32,True,128,159,32,0,0,32,"[128, 40, 8]",1,False,6a2aff23f5544a7af81f,expected_aligned_shape,Qwen/Qwen3.6-35B-A3B-FP8,ok,32,127,5080,1182,0.2326771653543307,5080,3183,0.6265748031496063,0,0.0,0.909211497164253,4618.794405594405,0.9477116141732284,4814.375,Qwen/Qwen3.6-35B-A3B
mixed_language,40,127,8,40640,cross_model,29723,0.731373031496063,10917,0.268626968503937,159,True,127,128,32,32,0,"[159, 40, 8]",0,True,32,True,128,159,32,0,0,32,"[128, 40, 8]",1,False,6a36b437749c80f32e46,expected_aligned_shape,Qwen/Qwen3.6-35B-A3B-FP8,ok,32,127,5080,1412,0.27795275590551183,5080,3455,0.6801181102362205,0,0.0,0.9200008128354585,4673.604129204129,0.9531988188976378,4842.25,Qwen/Qwen3.6-35B-A3B
chat,40,127,8,40640,cross_model,29415,0.7237942913385826,11225,0.2762057086614173,166,True,127,128,39,39,0,"[166, 40, 8]",0,True,39,True,128,166,39,0,0,39,"[128, 40, 8]",1,False,6a7988b4b265b4e81ecf,expected_aligned_shape,Qwen/Qwen3.6-35B-A3B-FP8,ok,32,127,5080,1375,0.2706692913385827,5080,3402,0.6696850393700787,0,0.0,0.9181161970138347,4664.030280830281,0.9522883858267717,4837.625,Qwen/Qwen3.6-35B-A3B
mixed_language,40,82,8,26240,cross_model,20263,0.772217987804878,5977,0.22778201219512195,114,True,82,83,32,32,0,"[114, 40, 8]",0,True,32,True,83,114,32,0,0,32,"[83, 40, 8]",1,False,6bc25b6c09aab8061747,expected_aligned_shape,Qwen/Qwen3.6-35B-A3B-FP8,ok,32,82,3280,1096,0.33414634146341465,3280,2353,0.7173780487804878,0,0.0,0.9340071446169007,3063.5434343434345,0.9624237804878049,3156.75,Qwen/Qwen3.6-35B-A3B
logs,40,127,8,40640,cross_model,27553,0.6779773622047244,13087,0.32202263779527557,159,True,127,128,32,32,0,"[159, 40, 8]",0,True,32,True,128,159,32,0,0,32,"[128, 40, 8]",1,False,6bfa764cf50a09161751,expected_aligned_shape,Qwen/Qwen3.6-35B-A3B-FP8,ok,32,127,5080,1130,0.22244094488188976,5080,3084,0.6070866141732284,0,0.0,0.8989113423759093,4566.469619269619,0.940625,4778.375,Qwen/Qwen3.6-35B-A3B
low_margin,40,127,8,40640,cross_model,30823,0.7584399606299213,9817,0.24156003937007875,166,True,127,128,39,39,0,"[166, 40, 8]",0,True,39,True,128,166,39,0,0,39,"[128, 40, 8]",1,False,6c186019ba6014af2732,expected_aligned_shape,Qwen/Qwen3.6-35B-A3B-FP8,ok,32,127,5080,1586,0.3122047244094488,5080,3610,0.7106299212598425,0,0.0,0.9311063389803548,4730.020202020202,0.9605314960629922,4879.5,Qwen/Qwen3.6-35B-A3B
needle,40,127,8,40640,cross_model,28449,0.7000246062992126,12191,0.2999753937007874,159,True,127,128,32,32,0,"[159, 40, 8]",0,True,32,True,128,159,32,0,0,32,"[128, 40, 8]",1,False,6c6243b51d3892ec1757,expected_aligned_shape,Qwen/Qwen3.6-35B-A3B-FP8,ok,32,127,5080,1194,0.23503937007874015,5080,3239,0.6375984251968504,0,0.0,0.9117147856517935,4631.511111111111,0.9491141732283465,4821.5,Qwen/Qwen3.6-35B-A3B
summarization,40,127,8,40640,cross_model,29978,0.7376476377952756,10662,0.2623523622047244,167,True,127,128,40,40,0,"[167, 40, 8]",0,True,40,True,128,167,40,0,0,40,"[128, 40, 8]",1,False,6c9d1a693268c2c187e6,expected_aligned_shape,Qwen/Qwen3.6-35B-A3B-FP8,ok,32,127,5080,1459,0.28720472440944883,5080,3452,0.6795275590551181,0,0.0,0.9212336657218547,4679.867021867022,0.9541092519685039,4846.875,Qwen/Qwen3.6-35B-A3B
math_numeric,40,127,8,40640,cross_model,18593,0.45750492125984255,22047,0.5424950787401575,159,True,127,128,32,32,0,"[159, 40, 8]",0,True,32,True,128,159,32,0,0,32,"[128, 40, 8]",1,False,6cea5d5b7d7f59335fff,expected_aligned_shape,Qwen/Qwen3.6-35B-A3B-FP8,ok,32,127,5080,169,0.03326771653543307,5080,1468,0.2889763779527559,0,0.0,0.7723895046335991,3923.7386835386837,0.8547244094488189,4342.0,Qwen/Qwen3.6-35B-A3B
logs,40,127,8,40640,cross_model,28694,0.7060531496062992,11946,0.2939468503937008,159,True,127,128,32,32,0,"[159, 40, 8]",0,True,32,True,128,159,32,0,0,32,"[128, 40, 8]",1,False,6d79d94bc17e5a51f1dc,expected_aligned_shape,Qwen/Qwen3.6-35B-A3B-FP8,ok,32,127,5080,1238,0.2437007874015748,5080,3247,0.6391732283464567,0,0.0,0.9119470293486042,4632.690909090909,0.9492372047244094,4822.125,Qwen/Qwen3.6-35B-A3B
short_qa,40,127,8,40640,cross_model,27969,0.6882135826771654,12671,0.31178641732283463,159,True,127,128,32,32,0,"[159, 40, 8]",0,True,32,True,128,159,32,0,0,32,"[128, 40, 8]",1,False,6dae6da34a01e6f16a93,expected_aligned_shape,Qwen/Qwen3.6-35B-A3B-FP8,ok,32,127,5080,1168,0.22992125984251968,5080,3163,0.6226377952755906,0,0.0,0.9042041335742123,4593.356998556998,0.944119094488189,4796.125,Qwen/Qwen3.6-35B-A3B
code,40,127,8,40640,cross_model,28971,0.712869094488189,11669,0.28713090551181103,159,True,127,128,32,32,0,"[159, 40, 8]",0,True,32,True,128,159,32,0,0,32,"[128, 40, 8]",1,False,6dee65e8e51a78b80ab8,expected_aligned_shape,Qwen/Qwen3.6-35B-A3B-FP8,ok,32,127,5080,1279,0.2517716535433071,5080,3276,0.6448818897637796,0,0.0,0.9088340618261879,4616.877034077034,0.9459645669291339,4805.5,Qwen/Qwen3.6-35B-A3B
math_numeric,40,127,8,40640,cross_model,20880,0.5137795275590551,19760,0.4862204724409449,159,True,127,128,32,32,0,"[159, 40, 8]",0,True,32,True,128,159,32,0,0,32,"[128, 40, 8]",1,False,6dfdd40485f50cb29df5,expected_aligned_shape,Qwen/Qwen3.6-35B-A3B-FP8,ok,32,127,5080,339,0.06673228346456693,5080,1821,0.35846456692913387,0,0.0,0.8072597699763053,4100.879631479632,0.8800688976377953,4470.75,Qwen/Qwen3.6-35B-A3B
logs,40,127,8,40640,cross_model,28499,0.7012549212598426,12141,0.2987450787401575,159,True,127,128,32,32,0,"[159, 40, 8]",0,True,32,True,128,159,32,0,0,32,"[128, 40, 8]",1,False,6e24f66afea06ab899ca,expected_aligned_shape,Qwen/Qwen3.6-35B-A3B-FP8,ok,32,127,5080,1236,0.24330708661417322,5080,3266,0.6429133858267716,0,0.0,0.9066828316040914,4605.948784548785,0.9440206692913385,4795.625,Qwen/Qwen3.6-35B-A3B
needle,40,127,8,40640,cross_model,27902,0.6865649606299212,12738,0.3134350393700787,159,True,127,128,32,32,0,"[159, 40, 8]",0,True,32,True,128,159,32,0,0,32,"[128, 40, 8]",1,False,6eadddab5a9d6357f016,expected_aligned_shape,Qwen/Qwen3.6-35B-A3B-FP8,ok,32,127,5080,1105,0.21751968503937008,5080,3077,0.6057086614173228,0,0.0,0.9032854896634424,4588.690287490287,0.9441683070866141,4796.375,Qwen/Qwen3.6-35B-A3B
short_qa,40,127,8,40640,cross_model,30239,0.7440698818897638,10401,0.2559301181102362,159,True,127,128,32,32,0,"[159, 40, 8]",0,True,32,True,128,159,32,0,0,32,"[128, 40, 8]",1,False,6ff617258d39033f385d,expected_aligned_shape,Qwen/Qwen3.6-35B-A3B-FP8,ok,32,127,5080,1473,0.2899606299212598,5080,3556,0.7,0,0.0,0.9286121053050186,4717.349494949495,0.9590551181102362,4872.0,Qwen/Qwen3.6-35B-A3B
low_margin,40,127,8,40640,cross_model,29526,0.7265255905511812,11114,0.2734744094488189,166,True,127,128,39,39,0,"[166, 40, 8]",0,True,39,True,128,166,39,0,0,39,"[128, 40, 8]",1,False,70089cae37454b48fcb1,expected_aligned_shape,Qwen/Qwen3.6-35B-A3B-FP8,ok,32,127,5080,1383,0.272244094488189,5080,3429,0.675,0,0.0,0.9205894979910728,4676.59464979465,0.9540354330708661,4846.5,Qwen/Qwen3.6-35B-A3B
summarization,40,127,8,40640,cross_model,28837,0.7095718503937007,11803,0.2904281496062992,163,True,127,128,36,36,0,"[163, 40, 8]",0,True,36,True,128,163,36,0,0,36,"[128, 40, 8]",1,False,700c237a8f3d293ac64c,expected_aligned_shape,Qwen/Qwen3.6-35B-A3B-FP8,ok,32,127,5080,1305,0.25688976377952755,5080,3293,0.6482283464566929,0,0.0,0.910290732889158,4624.276923076923,0.9474163385826772,4812.875,Qwen/Qwen3.6-35B-A3B
code,40,127,8,40640,cross_model,28322,0.6968996062992125,12318,0.3031003937007874,159,True,127,128,32,32,0,"[159, 40, 8]",0,True,32,True,128,159,32,0,0,32,"[128, 40, 8]",1,False,70421ea8c307cc90eae3,expected_aligned_shape,Qwen/Qwen3.6-35B-A3B-FP8,ok,32,127,5080,1280,0.25196850393700787,5080,3265,0.6427165354330708,0,0.0,0.9006421269019694,4575.262004662005,0.9383366141732283,4766.75,Qwen/Qwen3.6-35B-A3B
mixed_language,40,3,8,960,cross_model,689,0.7177083333333333,271,0.28229166666666666,35,True,3,4,32,32,0,"[35, 40, 8]",0,True,32,True,4,35,32,0,0,32,"[4, 40, 8]",1,False,7086e023532b893d4bae,expected_aligned_shape,Qwen/Qwen3.6-35B-A3B-FP8,ok,32,3,120,30,0.25,120,81,0.675,0,0.0,0.9218518518518519,110.62222222222222,0.9552083333333333,114.625,Qwen/Qwen3.6-35B-A3B
short_qa,40,85,8,27200,cross_model,20727,0.7620220588235294,6473,0.2379779411764706,117,True,85,86,32,32,0,"[117, 40, 8]",0,True,32,True,86,117,32,0,0,32,"[86, 40, 8]",1,False,70d62d059b3550948736,expected_aligned_shape,Qwen/Qwen3.6-35B-A3B-FP8,ok,32,85,3400,1054,0.31,3400,2387,0.7020588235294117,0,0.0,0.9284630010512364,3156.7742035742035,0.9588970588235294,3260.25,Qwen/Qwen3.6-35B-A3B
mixed_language,40,102,8,32640,cross_model,24905,0.7630208333333334,7735,0.23697916666666666,134,True,102,103,32,32,0,"[134, 40, 8]",0,True,32,True,103,134,32,0,0,32,"[103, 40, 8]",1,False,71015818094f5c36db00,expected_aligned_shape,Qwen/Qwen3.6-35B-A3B-FP8,ok,32,102,4080,1309,0.32083333333333336,4080,2917,0.7149509803921569,0,0.0,0.9332154882154883,3807.519191919192,0.9619178921568627,3924.625,Qwen/Qwen3.6-35B-A3B
needle,40,127,8,40640,cross_model,28411,0.6990895669291338,12229,0.3009104330708661,159,True,127,128,32,32,0,"[159, 40, 8]",0,True,32,True,128,159,32,0,0,32,"[128, 40, 8]",1,False,717a2dc5a64244109a91,expected_aligned_shape,Qwen/Qwen3.6-35B-A3B-FP8,ok,32,127,5080,1215,0.23917322834645668,5080,3222,0.6342519685039371,0,0.0,0.9107218765486482,4626.467132867133,0.9484744094488189,4818.25,Qwen/Qwen3.6-35B-A3B
short_qa,40,127,8,40640,cross_model,28683,0.7057824803149606,11957,0.2942175196850394,159,True,127,128,32,32,0,"[159, 40, 8]",0,True,32,True,128,159,32,0,0,32,"[128, 40, 8]",1,False,71dc0a1bd2869b85e777,expected_aligned_shape,Qwen/Qwen3.6-35B-A3B-FP8,ok,32,127,5080,1270,0.25,5080,3260,0.6417322834645669,0,0.0,0.907378557575408,4609.483072483073,0.9453248031496063,4802.25,Qwen/Qwen3.6-35B-A3B
code,40,127,8,40640,cross_model,29085,0.7156742125984252,11555,0.2843257874015748,159,True,127,128,32,32,0,"[159, 40, 8]",0,True,32,True,128,159,32,0,0,32,"[128, 40, 8]",1,False,71ec93e425ed671ae88b,expected_aligned_shape,Qwen/Qwen3.6-35B-A3B-FP8,ok,32,127,5080,1296,0.2551181102362205,5080,3323,0.6541338582677165,0,0.0,0.9131962962671624,4639.037185037185,0.9493602362204724,4822.75,Qwen/Qwen3.6-35B-A3B
chat,40,127,8,40640,cross_model,28574,0.7031003937007874,12066,0.2968996062992126,159,True,127,128,32,32,0,"[159, 40, 8]",0,True,32,True,128,159,32,0,0,32,"[128, 40, 8]",1,False,71f95c9f88e7f7e702d9,expected_aligned_shape,Qwen/Qwen3.6-35B-A3B-FP8,ok,32,127,5080,1187,0.23366141732283466,5080,3270,0.6437007874015748,0,0.0,0.9122960678866191,4634.464024864025,0.9491879921259843,4821.875,Qwen/Qwen3.6-35B-A3B
needle,40,127,8,40640,cross_model,28532,0.7020669291338583,12108,0.29793307086614174,159,True,127,128,32,32,0,"[159, 40, 8]",0,True,32,True,128,159,32,0,0,32,"[128, 40, 8]",1,False,72245f886f83f6bf4433,expected_aligned_shape,Qwen/Qwen3.6-35B-A3B-FP8,ok,32,127,5080,1204,0.23700787401574802,5080,3217,0.6332677165354331,0,0.0,0.908278729144871,4614.055944055944,0.9467027559055118,4809.25,Qwen/Qwen3.6-35B-A3B
chat,40,127,8,40640,cross_model,27257,0.6706938976377953,13383,0.3293061023622047,159,True,127,128,32,32,0,"[159, 40, 8]",0,True,32,True,128,159,32,0,0,32,"[128, 40, 8]",1,False,72345c62c39bdd81bcbd,expected_aligned_shape,Qwen/Qwen3.6-35B-A3B-FP8,ok,32,127,5080,1039,0.2045275590551181,5080,3014,0.5933070866141732,0,0.0,0.8929970510679173,4536.42501942502,0.9359498031496063,4754.625,Qwen/Qwen3.6-35B-A3B
summarization,40,127,8,40640,cross_model,28983,0.7131643700787401,11657,0.2868356299212598,163,True,127,128,36,36,0,"[163, 40, 8]",0,True,36,True,128,163,36,0,0,36,"[128, 40, 8]",1,False,727ec91316279b278313,expected_aligned_shape,Qwen/Qwen3.6-35B-A3B-FP8,ok,32,127,5080,1296,0.2551181102362205,5080,3265,0.6427165354330708,0,0.0,0.9119376074494185,4632.643045843046,0.9488681102362204,4820.25,Qwen/Qwen3.6-35B-A3B
json_structured,40,127,8,40640,cross_model,28529,0.7019931102362205,12111,0.29800688976377954,159,True,127,128,32,32,0,"[159, 40, 8]",0,True,32,True,128,159,32,0,0,32,"[128, 40, 8]",1,False,729a8ad812ae814a3814,expected_aligned_shape,Qwen/Qwen3.6-35B-A3B-FP8,ok,32,127,5080,1222,0.2405511811023622,5080,3222,0.6342519685039371,0,0.0,0.9105930290182258,4625.812587412587,0.9484005905511811,4817.875,Qwen/Qwen3.6-35B-A3B
logs,40,127,8,40640,cross_model,31603,0.777632874015748,9037,0.22236712598425196,159,True,127,128,32,32,0,"[159, 40, 8]",0,True,32,True,128,159,32,0,0,32,"[128, 40, 8]",1,False,72b0e522ab5a57483e76,expected_aligned_shape,Qwen/Qwen3.6-35B-A3B-FP8,ok,32,127,5080,1785,0.3513779527559055,5080,3822,0.7523622047244094,0,0.0,0.9424687823113019,4787.741414141414,0.9672736220472441,4913.75,Qwen/Qwen3.6-35B-A3B
code,40,127,8,40640,cross_model,29102,0.7160925196850394,11538,0.2839074803149606,159,True,127,128,32,32,0,"[159, 40, 8]",0,True,32,True,128,159,32,0,0,32,"[128, 40, 8]",1,False,733eefede21779a0b909,expected_aligned_shape,Qwen/Qwen3.6-35B-A3B-FP8,ok,32,127,5080,1241,0.24429133858267715,5080,3346,0.6586614173228347,0,0.0,0.9139160708058346,4642.69363969364,0.9492864173228347,4822.375,Qwen/Qwen3.6-35B-A3B
mixed_language,40,127,8,40640,cross_model,28460,0.7002952755905512,12180,0.29970472440944884,159,True,127,128,32,32,0,"[159, 40, 8]",0,True,32,True,128,159,32,0,0,32,"[128, 40, 8]",1,False,73a5afc136df69bf9b27,expected_aligned_shape,Qwen/Qwen3.6-35B-A3B-FP8,ok,32,127,5080,1254,0.2468503937007874,5080,3274,0.6444881889763779,0,0.0,0.9089388301986727,4617.409257409257,0.9465305118110237,4808.375,Qwen/Qwen3.6-35B-A3B
math_numeric,40,127,8,40640,cross_model,24627,0.6059793307086614,16013,0.3940206692913386,159,True,127,128,32,32,0,"[159, 40, 8]",0,True,32,True,128,159,32,0,0,32,"[128, 40, 8]",1,False,73aa88094428b6f9ee46,expected_aligned_shape,Qwen/Qwen3.6-35B-A3B-FP8,ok,32,127,5080,863,0.16988188976377952,5080,2645,0.5206692913385826,0,0.0,0.8517443055632031,4326.861072261072,0.9060777559055118,4602.875,Qwen/Qwen3.6-35B-A3B
needle,40,127,8,40640,cross_model,28257,0.6953001968503937,12383,0.3046998031496063,159,True,127,128,32,32,0,"[159, 40, 8]",0,True,32,True,128,159,32,0,0,32,"[128, 40, 8]",1,False,73b1268564ada88cb2dd,expected_aligned_shape,Qwen/Qwen3.6-35B-A3B-FP8,ok,32,127,5080,1139,0.22421259842519686,5080,3141,0.6183070866141732,0,0.0,0.9059569039884001,4602.2610722610725,0.9455708661417322,4803.5,Qwen/Qwen3.6-35B-A3B
short_qa,40,127,8,40640,cross_model,29219,0.7189714566929134,11421,0.2810285433070866,166,True,127,128,39,39,0,"[166, 40, 8]",0,True,39,True,128,166,39,0,0,39,"[128, 40, 8]",1,False,73fc4472907a4273738e,expected_aligned_shape,Qwen/Qwen3.6-35B-A3B-FP8,ok,32,127,5080,1314,0.25866141732283465,5080,3370,0.6633858267716536,0,0.0,0.9158851647040624,4652.696636696637,0.9509104330708661,4830.625,Qwen/Qwen3.6-35B-A3B
needle,40,127,8,40640,cross_model,28756,0.7075787401574803,11884,0.2924212598425197,159,True,127,128,32,32,0,"[159, 40, 8]",0,True,32,True,128,159,32,0,0,32,"[128, 40, 8]",1,False,743bf9594672fea024f8,expected_aligned_shape,Qwen/Qwen3.6-35B-A3B-FP8,ok,32,127,5080,1225,0.24114173228346455,5080,3238,0.6374015748031496,0,0.0,0.912420265648612,4635.094949494949,0.9496801181102362,4824.375,Qwen/Qwen3.6-35B-A3B
math_numeric,40,127,8,40640,cross_model,28368,0.6980314960629921,12272,0.30196850393700786,159,True,127,128,32,32,0,"[159, 40, 8]",0,True,32,True,128,159,32,0,0,32,"[128, 40, 8]",1,False,748f138c259659a9df66,expected_aligned_shape,Qwen/Qwen3.6-35B-A3B-FP8,ok,32,127,5080,1240,0.2440944881889764,5080,3214,0.6326771653543307,0,0.0,0.9018880856676132,4581.591475191475,0.9407726377952756,4779.125,Qwen/Qwen3.6-35B-A3B
needle,40,127,8,40640,cross_model,28173,0.6932332677165355,12467,0.30676673228346457,159,True,127,128,32,32,0,"[159, 40, 8]",0,True,32,True,128,159,32,0,0,32,"[128, 40, 8]",1,False,74b66bcd1e39f76e3513,expected_aligned_shape,Qwen/Qwen3.6-35B-A3B-FP8,ok,32,127,5080,1195,0.23523622047244094,5080,3143,0.6187007874015747,0,0.0,0.9057034916090035,4600.973737373737,0.9453740157480315,4802.5,Qwen/Qwen3.6-35B-A3B
needle,40,127,8,40640,cross_model,28152,0.6927165354330709,12488,0.3072834645669291,159,True,127,128,32,32,0,"[159, 40, 8]",0,True,32,True,128,159,32,0,0,32,"[128, 40, 8]",1,False,74ea1eeae3646fd0cf74,expected_aligned_shape,Qwen/Qwen3.6-35B-A3B-FP8,ok,32,127,5080,1119,0.2202755905511811,5080,3172,0.6244094488188976,0,0.0,0.9077006283305497,4611.1191919191915,0.9467027559055118,4809.25,Qwen/Qwen3.6-35B-A3B
low_margin,40,127,8,40640,cross_model,29396,0.7233267716535433,11244,0.2766732283464567,167,True,127,128,40,40,0,"[167, 40, 8]",0,True,40,True,128,167,40,0,0,40,"[128, 40, 8]",1,False,7505918487c75fcdcc81,expected_aligned_shape,Qwen/Qwen3.6-35B-A3B-FP8,ok,32,127,5080,1337,0.26318897637795274,5080,3370,0.6633858267716536,0,0.0,0.9181849996023225,4664.379797979798,0.9529035433070866,4840.75,Qwen/Qwen3.6-35B-A3B
math_numeric,40,127,8,40640,cross_model,24110,0.593257874015748,16530,0.40674212598425197,159,True,127,128,32,32,0,"[159, 40, 8]",0,True,32,True,128,159,32,0,0,32,"[128, 40, 8]",1,False,75343c667f97f8ce537c,expected_aligned_shape,Qwen/Qwen3.6-35B-A3B-FP8,ok,32,127,5080,811,0.15964566929133858,5080,2530,0.49803149606299213,0,0.0,0.8377063618795902,4255.548318348318,0.894365157480315,4543.375,Qwen/Qwen3.6-35B-A3B
code,40,127,8,40640,cross_model,28754,0.7075295275590551,11886,0.2924704724409449,166,True,127,128,39,39,0,"[166, 40, 8]",0,True,39,True,128,166,39,0,0,39,"[128, 40, 8]",1,False,7537a0387a0a7575b5ee,expected_aligned_shape,Qwen/Qwen3.6-35B-A3B-FP8,ok,32,127,5080,1230,0.2421259842519685,5080,3230,0.6358267716535433,0,0.0,0.9092072844041348,4618.773004773005,0.9467519685039371,4809.5,Qwen/Qwen3.6-35B-A3B
mixed_language,40,127,8,40640,cross_model,28804,0.708759842519685,11836,0.29124015748031495,159,True,127,128,32,32,0,"[159, 40, 8]",0,True,32,True,128,159,32,0,0,32,"[128, 40, 8]",1,False,75ee2fdbc3a3b812c8eb,expected_aligned_shape,Qwen/Qwen3.6-35B-A3B-FP8,ok,32,127,5080,1271,0.25019685039370076,5080,3372,0.6637795275590551,0,0.0,0.9146828718088561,4646.588988788989,0.9496801181102362,4824.375,Qwen/Qwen3.6-35B-A3B
low_margin,40,127,8,40640,cross_model,29167,0.7176919291338583,11473,0.28230807086614174,167,True,127,128,40,40,0,"[167, 40, 8]",0,True,40,True,128,167,40,0,0,40,"[128, 40, 8]",1,False,7604a7dbeb0433acc2b8,expected_aligned_shape,Qwen/Qwen3.6-35B-A3B-FP8,ok,32,127,5080,1283,0.2525590551181102,5080,3320,0.6535433070866141,0,0.0,0.9164097669609479,4655.361616161616,0.9519438976377953,4835.875,Qwen/Qwen3.6-35B-A3B
summarization,40,127,8,40640,cross_model,28827,0.7093257874015748,11813,0.2906742125984252,163,True,127,128,36,36,0,"[163, 40, 8]",0,True,36,True,128,163,36,0,0,36,"[128, 40, 8]",1,False,7663609c895eba90f0b3,expected_aligned_shape,Qwen/Qwen3.6-35B-A3B-FP8,ok,32,127,5080,1325,0.2608267716535433,5080,3266,0.6429133858267716,0,0.0,0.9092944675621841,4619.215895215895,0.946875,4810.125,Qwen/Qwen3.6-35B-A3B
short_qa,40,127,8,40640,cross_model,27555,0.6780265748031497,13085,0.3219734251968504,159,True,127,128,32,32,0,"[159, 40, 8]",0,True,32,True,128,159,32,0,0,32,"[128, 40, 8]",1,False,769347a97961f6aac03c,expected_aligned_shape,Qwen/Qwen3.6-35B-A3B-FP8,ok,32,127,5080,1179,0.23208661417322834,5080,3074,0.6051181102362204,0,0.0,0.8919053649762311,4530.879254079254,0.9348425196850394,4749.0,Qwen/Qwen3.6-35B-A3B
logs,40,17,8,5440,cross_model,3592,0.6602941176470588,1848,0.3397058823529412,49,True,17,18,32,32,0,"[49, 40, 8]",0,True,32,True,18,49,32,0,0,32,"[18, 40, 8]",1,False,76c7d19b06bb657801f9,expected_aligned_shape,Qwen/Qwen3.6-35B-A3B-FP8,ok,32,17,680,109,0.16029411764705884,680,402,0.5911764705882353,0,0.0,0.9005704099821746,612.3878787878788,0.9428308823529412,641.125,Qwen/Qwen3.6-35B-A3B
chat,40,127,8,40640,cross_model,26904,0.662007874015748,13736,0.337992125984252,159,True,127,128,32,32,0,"[159, 40, 8]",0,True,32,True,128,159,32,0,0,32,"[128, 40, 8]",1,False,7712364c1254f0e189b6,expected_aligned_shape,Qwen/Qwen3.6-35B-A3B-FP8,ok,32,127,5080,966,0.19015748031496063,5080,2944,0.5795275590551181,0,0.0,0.8876122390295618,4509.070174270174,0.932111220472441,4735.125,Qwen/Qwen3.6-35B-A3B
math_numeric,40,127,8,40640,cross_model,18190,0.44758858267716534,22450,0.5524114173228346,159,True,127,128,32,32,0,"[159, 40, 8]",0,True,32,True,128,159,32,0,0,32,"[128, 40, 8]",1,False,7721c9f68025be2a24aa,expected_aligned_shape,Qwen/Qwen3.6-35B-A3B-FP8,ok,32,127,5080,206,0.04055118110236221,5080,1480,0.29133858267716534,0,0.0,0.7557027705452902,3838.9700743700746,0.8375492125984252,4254.75,Qwen/Qwen3.6-35B-A3B
logs,40,99,8,31680,cross_model,24071,0.7598169191919192,7609,0.24018308080808082,131,True,99,100,32,32,0,"[131, 40, 8]",0,True,32,True,100,131,32,0,0,32,"[100, 40, 8]",1,False,772ba0713fb81acddd5f,expected_aligned_shape,Qwen/Qwen3.6-35B-A3B-FP8,ok,32,99,3960,1222,0.3085858585858586,3960,2849,0.7194444444444444,0,0.0,0.934783185389246,3701.741414141414,0.9628787878787879,3813.0,Qwen/Qwen3.6-35B-A3B
needle,40,127,8,40640,cross_model,27918,0.6869586614173229,12722,0.3130413385826772,159,True,127,128,32,32,0,"[159, 40, 8]",0,True,32,True,128,159,32,0,0,32,"[128, 40, 8]",1,False,7760837853c02952953d,expected_aligned_shape,Qwen/Qwen3.6-35B-A3B-FP8,ok,32,127,5080,1155,0.22736220472440946,5080,3111,0.6124015748031496,0,0.0,0.9009779284582434,4576.967876567876,0.9419783464566929,4785.25,Qwen/Qwen3.6-35B-A3B
json_structured,40,127,8,40640,cross_model,28137,0.6923474409448819,12503,0.3076525590551181,159,True,127,128,32,32,0,"[159, 40, 8]",0,True,32,True,128,159,32,0,0,32,"[128, 40, 8]",1,False,77c6404886525f7fdc4f,expected_aligned_shape,Qwen/Qwen3.6-35B-A3B-FP8,ok,32,127,5080,1162,0.22874015748031495,5080,3171,0.6242125984251968,0,0.0,0.9063623777797004,4604.320879120879,0.9453740157480315,4802.5,Qwen/Qwen3.6-35B-A3B
math_numeric,40,127,8,40640,cross_model,30177,0.7425442913385827,10463,0.2574557086614173,159,True,127,128,32,32,0,"[159, 40, 8]",0,True,32,True,128,159,32,0,0,32,"[128, 40, 8]",1,False,7802fac070269828d784,expected_aligned_shape,Qwen/Qwen3.6-35B-A3B-FP8,ok,32,127,5080,1480,0.29133858267716534,5080,3436,0.6763779527559055,0,0.0,0.9206272992099765,4676.78667998668,0.9540354330708661,4846.5,Qwen/Qwen3.6-35B-A3B
code,40,127,8,40640,cross_model,28566,0.7029035433070866,12074,0.2970964566929134,159,True,127,128,32,32,0,"[159, 40, 8]",0,True,32,True,128,159,32,0,0,32,"[128, 40, 8]",1,False,7812f0064bcbdaa374e5,expected_aligned_shape,Qwen/Qwen3.6-35B-A3B-FP8,ok,32,127,5080,1291,0.25413385826771656,5080,3213,0.63248031496063,0,0.0,0.8958381032790481,4550.857564657565,0.9341781496062992,4745.625,Qwen/Qwen3.6-35B-A3B
math_numeric,40,127,8,40640,cross_model,22113,0.544119094488189,18527,0.45588090551181104,159,True,127,128,32,32,0,"[159, 40, 8]",0,True,32,True,128,159,32,0,0,32,"[128, 40, 8]",1,False,783bfb18ad5ff63245cc,expected_aligned_shape,Qwen/Qwen3.6-35B-A3B-FP8,ok,32,127,5080,405,0.0797244094488189,5080,2094,0.41220472440944883,0,0.0,0.8372567065480451,4253.264069264069,0.9022145669291338,4583.25,Qwen/Qwen3.6-35B-A3B
json_structured,40,127,8,40640,cross_model,27575,0.6785187007874016,13065,0.32148129921259844,159,True,127,128,32,32,0,"[159, 40, 8]",0,True,32,True,128,159,32,0,0,32,"[128, 40, 8]",1,False,783f4fe965eb43786d8c,expected_aligned_shape,Qwen/Qwen3.6-35B-A3B-FP8,ok,32,127,5080,1094,0.21535433070866142,5080,3076,0.6055118110236221,0,0.0,0.8997969484583657,4570.968498168499,0.9414370078740157,4782.5,Qwen/Qwen3.6-35B-A3B
low_margin,40,127,8,40640,cross_model,29771,0.7325541338582677,10869,0.26744586614173227,167,True,127,128,40,40,0,"[167, 40, 8]",0,True,40,True,128,167,40,0,0,40,"[128, 40, 8]",1,False,78490188e0d23f1a73a7,expected_aligned_shape,Qwen/Qwen3.6-35B-A3B-FP8,ok,32,127,5080,1386,0.27283464566929133,5080,3372,0.6637795275590551,0,0.0,0.9184193234586935,4665.570163170163,0.9530265748031496,4841.375,Qwen/Qwen3.6-35B-A3B
needle,40,127,8,40640,cross_model,28563,0.7028297244094488,12077,0.2971702755905512,159,True,127,128,32,32,0,"[159, 40, 8]",0,True,32,True,128,159,32,0,0,32,"[128, 40, 8]",1,False,78e810a2fb64f567ecc5,expected_aligned_shape,Qwen/Qwen3.6-35B-A3B-FP8,ok,32,127,5080,1189,0.23405511811023622,5080,3254,0.6405511811023622,0,0.0,0.9120878072059174,4633.40606060606,0.9492864173228347,4822.375,Qwen/Qwen3.6-35B-A3B
low_margin,40,127,8,40640,cross_model,28359,0.6978100393700788,12281,0.30218996062992126,167,True,127,128,40,40,0,"[167, 40, 8]",0,True,40,True,128,167,40,0,0,40,"[128, 40, 8]",1,False,78fad3014be7f4886277,expected_aligned_shape,Qwen/Qwen3.6-35B-A3B-FP8,ok,32,127,5080,1196,0.23543307086614174,5080,3171,0.6242125984251968,0,0.0,0.9052441434331198,4598.6402486402485,0.9447588582677166,4799.375,Qwen/Qwen3.6-35B-A3B
needle,40,127,8,40640,cross_model,28942,0.7121555118110237,11698,0.2878444881889764,159,True,127,128,32,32,0,"[159, 40, 8]",0,True,32,True,128,159,32,0,0,32,"[128, 40, 8]",1,False,791718ce6ec68cec36d7,expected_aligned_shape,Qwen/Qwen3.6-35B-A3B-FP8,ok,32,127,5080,1237,0.243503937007874,5080,3283,0.646259842519685,0,0.0,0.914974150958403,4648.068686868687,0.9511564960629921,4831.875,Qwen/Qwen3.6-35B-A3B
json_structured,40,127,8,40640,cross_model,24996,0.6150590551181102,15644,0.3849409448818898,159,True,127,128,32,32,0,"[159, 40, 8]",0,True,32,True,128,159,32,0,0,32,"[128, 40, 8]",1,False,791be2cb7fd1d5bdb4a6,expected_aligned_shape,Qwen/Qwen3.6-35B-A3B-FP8,ok,32,127,5080,818,0.1610236220472441,5080,2622,0.5161417322834646,0,0.0,0.8516693586378626,4326.480341880342,0.9048474409448819,4596.625,Qwen/Qwen3.6-35B-A3B
math_numeric,40,127,8,40640,cross_model,20798,0.5117618110236221,19842,0.48823818897637794,159,True,127,128,32,32,0,"[159, 40, 8]",0,True,32,True,128,159,32,0,0,32,"[128, 40, 8]",1,False,7927b0fee7e5ab44ec63,expected_aligned_shape,Qwen/Qwen3.6-35B-A3B-FP8,ok,32,127,5080,321,0.06318897637795276,5080,1914,0.3767716535433071,0,0.0,0.8154531863586982,4142.502186702187,0.8854330708661418,4498.0,Qwen/Qwen3.6-35B-A3B
needle,40,127,8,40640,cross_model,28409,0.6990403543307087,12231,0.30095964566929134,159,True,127,128,32,32,0,"[159, 40, 8]",0,True,32,True,128,159,32,0,0,32,"[128, 40, 8]",1,False,79373235b11aee88a3e8,expected_aligned_shape,Qwen/Qwen3.6-35B-A3B-FP8,ok,32,127,5080,1201,0.23641732283464567,5080,3200,0.6299212598425197,0,0.0,0.9083146424878709,4614.238383838384,0.9469242125984252,4810.375,Qwen/Qwen3.6-35B-A3B
mixed_language,40,127,8,40640,cross_model,30011,0.7384596456692913,10629,0.26154035433070866,159,True,127,128,32,32,0,"[159, 40, 8]",0,True,32,True,128,159,32,0,0,32,"[128, 40, 8]",1,False,7956f0a50eedebcc95c2,expected_aligned_shape,Qwen/Qwen3.6-35B-A3B-FP8,ok,32,127,5080,1554,0.3059055118110236,5080,3467,0.6824803149606299,0,0.0,0.9204534485636848,4675.903518703519,0.9535187007874015,4843.875,Qwen/Qwen3.6-35B-A3B
mixed_language,40,127,8,40640,cross_model,29295,0.7208415354330708,11345,0.2791584645669291,159,True,127,128,32,32,0,"[159, 40, 8]",0,True,32,True,128,159,32,0,0,32,"[128, 40, 8]",1,False,796f52c19d79aa7195bc,expected_aligned_shape,Qwen/Qwen3.6-35B-A3B-FP8,ok,32,127,5080,1319,0.2596456692913386,5080,3356,0.6606299212598425,0,0.0,0.9142644582014661,4644.463447663447,0.9498523622047244,4825.25,Qwen/Qwen3.6-35B-A3B
mixed_language,40,127,8,40640,cross_model,29718,0.73125,10922,0.26875,159,True,127,128,32,32,0,"[159, 40, 8]",0,True,32,True,128,159,32,0,0,32,"[128, 40, 8]",1,False,799a7be2ad198df53da5,expected_aligned_shape,Qwen/Qwen3.6-35B-A3B-FP8,ok,32,127,5080,1434,0.28228346456692915,5080,3446,0.6783464566929134,0,0.0,0.9210413034035083,4678.889821289821,0.9544045275590551,4848.375,Qwen/Qwen3.6-35B-A3B
chat,40,127,8,40640,cross_model,29253,0.7198080708661417,11387,0.28019192913385826,159,True,127,128,32,32,0,"[159, 40, 8]",0,True,32,True,128,159,32,0,0,32,"[128, 40, 8]",1,False,79bacacdeafb7df40c6a,expected_aligned_shape,Qwen/Qwen3.6-35B-A3B-FP8,ok,32,127,5080,1324,0.2606299212598425,5080,3317,0.6529527559055118,0,0.0,0.9146421819650165,4646.3822843822845,0.9506397637795275,4829.25,Qwen/Qwen3.6-35B-A3B
needle,40,127,8,40640,cross_model,28075,0.6908218503937008,12565,0.3091781496062992,159,True,127,128,32,32,0,"[159, 40, 8]",0,True,32,True,128,159,32,0,0,32,"[128, 40, 8]",1,False,79e9ca2d65d04af19046,expected_aligned_shape,Qwen/Qwen3.6-35B-A3B-FP8,ok,32,127,5080,1180,0.23228346456692914,5080,3177,0.6253937007874015,0,0.0,0.9048529860340885,4596.653169053169,0.9442175196850394,4796.625,Qwen/Qwen3.6-35B-A3B
summarization,40,127,8,40640,cross_model,29602,0.7283956692913386,11038,0.2716043307086614,159,True,127,128,32,32,0,"[159, 40, 8]",0,True,32,True,128,159,32,0,0,32,"[128, 40, 8]",1,False,7a8f1bc6be61851820ec,expected_aligned_shape,Qwen/Qwen3.6-35B-A3B-FP8,ok,32,127,5080,1405,0.2765748031496063,5080,3363,0.662007874015748,0,0.0,0.9172938959553133,4659.852991452992,0.9522391732283465,4837.375,Qwen/Qwen3.6-35B-A3B
mixed_language,40,127,8,40640,cross_model,31719,0.7804872047244095,8921,0.21951279527559056,159,True,127,128,32,32,0,"[159, 40, 8]",0,True,32,True,128,159,32,0,0,32,"[128, 40, 8]",1,False,7ba8eef8b2cf600207a7,expected_aligned_shape,Qwen/Qwen3.6-35B-A3B-FP8,ok,32,127,5080,1761,0.3466535433070866,5080,3817,0.7513779527559055,0,0.0,0.9418624157994236,4784.661072261072,0.9668553149606299,4911.625,Qwen/Qwen3.6-35B-A3B
short_qa,40,127,8,40640,cross_model,30136,0.7415354330708661,10504,0.25846456692913383,164,True,127,128,37,37,0,"[164, 40, 8]",0,True,37,True,128,164,37,0,0,37,"[128, 40, 8]",1,False,7be132b0daecc07a766e,expected_aligned_shape,Qwen/Qwen3.6-35B-A3B-FP8,ok,32,127,5080,1461,0.2875984251968504,5080,3545,0.6978346456692913,0,0.0,0.9276102113109986,4712.259873459873,0.9583169291338582,4868.25,Qwen/Qwen3.6-35B-A3B
math_numeric,40,127,8,40640,cross_model,21237,0.5225639763779527,19403,0.47743602362204723,159,True,127,128,32,32,0,"[159, 40, 8]",0,True,32,True,128,159,32,0,0,32,"[128, 40, 8]",1,False,7be85048e744dcc5c2f0,expected_aligned_shape,Qwen/Qwen3.6-35B-A3B-FP8,ok,32,127,5080,384,0.07559055118110236,5080,1945,0.3828740157480315,0,0.0,0.8150246166781598,4140.325052725053,0.8844242125984252,4492.875,Qwen/Qwen3.6-35B-A3B
needle,40,127,8,40640,cross_model,28024,0.6895669291338583,12616,0.31043307086614175,159,True,127,128,32,32,0,"[159, 40, 8]",0,True,32,True,128,159,32,0,0,32,"[128, 40, 8]",1,False,7c04c7b333539a941a11,expected_aligned_shape,Qwen/Qwen3.6-35B-A3B-FP8,ok,32,127,5080,1151,0.2265748031496063,5080,3126,0.6153543307086614,0,0.0,0.9020570330806553,4582.449728049728,0.9426427165354331,4788.625,Qwen/Qwen3.6-35B-A3B
code,40,127,8,40640,cross_model,30070,0.7399114173228346,10570,0.26008858267716534,164,True,127,128,37,37,0,"[164, 40, 8]",0,True,37,True,128,164,37,0,0,37,"[128, 40, 8]",1,False,7c3ada951af1fb924874,expected_aligned_shape,Qwen/Qwen3.6-35B-A3B-FP8,ok,32,127,5080,1401,0.27578740157480314,5080,3524,0.6937007874015748,0,0.0,0.9271677403960868,4710.012121212121,0.9582923228346457,4868.125,Qwen/Qwen3.6-35B-A3B
summarization,40,127,8,40640,cross_model,29462,0.7249507874015748,11178,0.2750492125984252,159,True,127,128,32,32,0,"[159, 40, 8]",0,True,32,True,128,159,32,0,0,32,"[128, 40, 8]",1,False,7c451d122cec3072606c,expected_aligned_shape,Qwen/Qwen3.6-35B-A3B-FP8,ok,32,127,5080,1362,0.2681102362204724,5080,3432,0.6755905511811023,0,0.0,0.9209904705967698,4678.63159063159,0.9542814960629922,4847.75,Qwen/Qwen3.6-35B-A3B
code,40,127,8,40640,cross_model,29250,0.7197342519685039,11390,0.28026574803149606,159,True,127,128,32,32,0,"[159, 40, 8]",0,True,32,True,128,159,32,0,0,32,"[128, 40, 8]",1,False,7c7b9fe5e98f09866343,expected_aligned_shape,Qwen/Qwen3.6-35B-A3B-FP8,ok,32,127,5080,1391,0.27381889763779527,5080,3335,0.656496062992126,0,0.0,0.910953617685901,4627.644377844378,0.9468503937007874,4810.0,Qwen/Qwen3.6-35B-A3B
code,40,127,8,40640,cross_model,29150,0.7172736220472441,11490,0.2827263779527559,159,True,127,128,32,32,0,"[159, 40, 8]",0,True,32,True,128,159,32,0,0,32,"[128, 40, 8]",1,False,7ca59e22a5d5051b90ca,expected_aligned_shape,Qwen/Qwen3.6-35B-A3B-FP8,ok,32,127,5080,1324,0.2606299212598425,5080,3309,0.6513779527559055,0,0.0,0.9114214875238497,4630.0211566211565,0.947490157480315,4813.25,Qwen/Qwen3.6-35B-A3B
summarization,40,127,8,40640,cross_model,29073,0.715378937007874,11567,0.284621062992126,163,True,127,128,36,36,0,"[163, 40, 8]",0,True,36,True,128,163,36,0,0,36,"[128, 40, 8]",1,False,7ccd6b8c6a0573d7e958,expected_aligned_shape,Qwen/Qwen3.6-35B-A3B-FP8,ok,32,127,5080,1300,0.2559055118110236,5080,3284,0.6464566929133858,0,0.0,0.9119857657652932,4632.88769008769,0.9486466535433071,4819.125,Qwen/Qwen3.6-35B-A3B
needle,40,127,8,40640,cross_model,27503,0.6767470472440945,13137,0.3232529527559055,159,True,127,128,32,32,0,"[159, 40, 8]",0,True,32,True,128,159,32,0,0,32,"[128, 40, 8]",1,False,7cddc6e40b15f1f4a127,expected_aligned_shape,Qwen/Qwen3.6-35B-A3B-FP8,ok,32,127,5080,1100,0.21653543307086615,5080,3056,0.6015748031496063,0,0.0,0.8972661983685605,4558.112287712288,0.9396653543307086,4773.5,Qwen/Qwen3.6-35B-A3B
needle,40,127,8,40640,cross_model,28402,0.6988681102362204,12238,0.3011318897637795,159,True,127,128,32,32,0,"[159, 40, 8]",0,True,32,True,128,159,32,0,0,32,"[128, 40, 8]",1,False,7d1f80c46cc21f8ab679,expected_aligned_shape,Qwen/Qwen3.6-35B-A3B-FP8,ok,32,127,5080,1166,0.2295275590551181,5080,3203,0.6305118110236221,0,0.0,0.9093334924043586,4619.414141414141,0.9476870078740157,4814.25,Qwen/Qwen3.6-35B-A3B
needle,40,127,8,40640,cross_model,28596,0.7036417322834646,12044,0.29635826771653545,159,True,127,128,32,32,0,"[159, 40, 8]",0,True,32,True,128,159,32,0,0,32,"[128, 40, 8]",1,False,7dd771b97406c5b231c5,expected_aligned_shape,Qwen/Qwen3.6-35B-A3B-FP8,ok,32,127,5080,1179,0.23208661417322834,5080,3319,0.6533464566929134,0,0.0,0.9166062196770857,4656.359595959596,0.9521653543307087,4837.0,Qwen/Qwen3.6-35B-A3B
summarization,40,127,8,40640,cross_model,31035,0.7636564960629921,9605,0.23634350393700787,167,True,127,128,40,40,0,"[167, 40, 8]",0,True,40,True,128,167,40,0,0,40,"[128, 40, 8]",1,False,7df8cb86c874a77f324d,expected_aligned_shape,Qwen/Qwen3.6-35B-A3B-FP8,ok,32,127,5080,1692,0.33307086614173226,5080,3654,0.7192913385826771,0,0.0,0.9323267808307178,4736.220046620047,0.9609990157480315,4881.875,Qwen/Qwen3.6-35B-A3B
mixed_language,40,127,8,40640,cross_model,30440,0.7490157480314961,10200,0.25098425196850394,159,True,127,128,32,32,0,"[159, 40, 8]",0,True,32,True,128,159,32,0,0,32,"[128, 40, 8]",1,False,7e0372ad17efa4e4460e,expected_aligned_shape,Qwen/Qwen3.6-35B-A3B-FP8,ok,32,127,5080,1602,0.3153543307086614,5080,3583,0.7053149606299213,0,0.0,0.9288790387215584,4718.705516705517,0.9591043307086614,4872.25,Qwen/Qwen3.6-35B-A3B
low_margin,40,127,8,40640,cross_model,27916,0.6869094488188976,12724,0.31309055118110235,167,True,127,128,40,40,0,"[167, 40, 8]",0,True,40,True,128,167,40,0,0,40,"[128, 40, 8]",1,False,7e09867bebec1bc353e3,expected_aligned_shape,Qwen/Qwen3.6-35B-A3B-FP8,ok,32,127,5080,1133,0.22303149606299214,5080,3044,0.5992125984251968,0,0.0,0.8983076459848113,4563.402841602841,0.9405757874015748,4778.125,Qwen/Qwen3.6-35B-A3B
logs,40,127,8,40640,cross_model,28307,0.6965305118110237,12333,0.3034694881889764,159,True,127,128,32,32,0,"[159, 40, 8]",0,True,32,True,128,159,32,0,0,32,"[128, 40, 8]",1,False,7e161f0d7d774b6815d8,expected_aligned_shape,Qwen/Qwen3.6-35B-A3B-FP8,ok,32,127,5080,1263,0.24862204724409448,5080,3206,0.6311023622047244,0,0.0,0.9074316453450313,4609.752758352758,0.9459153543307086,4805.25,Qwen/Qwen3.6-35B-A3B
low_margin,40,127,8,40640,cross_model,27869,0.6857529527559055,12771,0.31424704724409447,167,True,127,128,40,40,0,"[167, 40, 8]",0,True,40,True,128,167,40,0,0,40,"[128, 40, 8]",1,False,7e5c194c81a597c858fa,expected_aligned_shape,Qwen/Qwen3.6-35B-A3B-FP8,ok,32,127,5080,1106,0.21771653543307087,5080,3022,0.5948818897637795,0,0.0,0.8968672578515098,4556.08566988567,0.9391978346456693,4771.125,Qwen/Qwen3.6-35B-A3B
low_margin,40,127,8,40640,cross_model,28856,0.7100393700787402,11784,0.2899606299212598,167,True,127,128,40,40,0,"[167, 40, 8]",0,True,40,True,128,167,40,0,0,40,"[128, 40, 8]",1,False,7f2cfa73e83ead8dcd5a,expected_aligned_shape,Qwen/Qwen3.6-35B-A3B-FP8,ok,32,127,5080,1254,0.2468503937007874,5080,3251,0.6399606299212598,0,0.0,0.9101769359249673,4623.698834498835,0.9478100393700788,4814.875,Qwen/Qwen3.6-35B-A3B
summarization,40,127,8,40640,cross_model,29930,0.7364665354330708,10710,0.2635334645669291,167,True,127,128,40,40,0,"[167, 40, 8]",0,True,40,True,128,167,40,0,0,40,"[128, 40, 8]",1,False,7f3f2f02fd3f4f5b2d6f,expected_aligned_shape,Qwen/Qwen3.6-35B-A3B-FP8,ok,32,127,5080,1479,0.29114173228346457,5080,3460,0.6811023622047244,0,0.0,0.9208821187561346,4678.081163281163,0.9537401574803149,4845.0,Qwen/Qwen3.6-35B-A3B
short_qa,40,127,8,40640,cross_model,31737,0.7809301181102363,8903,0.21906988188976378,159,True,127,128,32,32,0,"[159, 40, 8]",0,True,32,True,128,159,32,0,0,32,"[128, 40, 8]",1,False,7f4bce2b0b5d66822814,expected_aligned_shape,Qwen/Qwen3.6-35B-A3B-FP8,ok,32,127,5080,1788,0.35196850393700785,5080,3765,0.7411417322834646,0,0.0,0.9401789549033643,4776.109090909091,0.9660187007874016,4907.375,Qwen/Qwen3.6-35B-A3B
needle,40,127,8,40640,cross_model,27823,0.684621062992126,12817,0.315378937007874,159,True,127,128,32,32,0,"[159, 40, 8]",0,True,32,True,128,159,32,0,0,32,"[128, 40, 8]",1,False,7f68b4e9e7aee90e9f92,expected_aligned_shape,Qwen/Qwen3.6-35B-A3B-FP8,ok,32,127,5080,1145,0.22539370078740156,5080,3120,0.6141732283464567,0,0.0,0.9018594179224101,4581.4458430458435,0.9426181102362204,4788.5,Qwen/Qwen3.6-35B-A3B
needle,40,127,8,40640,cross_model,28246,0.6950295275590551,12394,0.3049704724409449,159,True,127,128,32,32,0,"[159, 40, 8]",0,True,32,True,128,159,32,0,0,32,"[128, 40, 8]",1,False,802ac0cd1c5da3fd99a6,expected_aligned_shape,Qwen/Qwen3.6-35B-A3B-FP8,ok,32,127,5080,1174,0.2311023622047244,5080,3179,0.6257874015748032,0,0.0,0.9077761870675256,4611.503030303031,0.9467027559055118,4809.25,Qwen/Qwen3.6-35B-A3B
logs,40,127,8,40640,cross_model,28658,0.7051673228346457,11982,0.29483267716535433,159,True,127,128,32,32,0,"[159, 40, 8]",0,True,32,True,128,159,32,0,0,32,"[128, 40, 8]",1,False,80ef46c9ef5003b53f75,expected_aligned_shape,Qwen/Qwen3.6-35B-A3B-FP8,ok,32,127,5080,1229,0.24192913385826773,5080,3248,0.6393700787401575,0,0.0,0.910841669266866,4627.07567987568,0.9483513779527559,4817.625,Qwen/Qwen3.6-35B-A3B
json_structured,40,127,8,40640,cross_model,28374,0.6981791338582677,12266,0.30182086614173226,159,True,127,128,32,32,0,"[159, 40, 8]",0,True,32,True,128,159,32,0,0,32,"[128, 40, 8]",1,False,80f4713bc2bf1d7ca213,expected_aligned_shape,Qwen/Qwen3.6-35B-A3B-FP8,ok,32,127,5080,1232,0.24251968503937008,5080,3242,0.6381889763779528,0,0.0,0.9085380061758014,4615.373071373071,0.9461614173228347,4806.5,Qwen/Qwen3.6-35B-A3B
logs,40,127,8,40640,cross_model,29481,0.7254183070866141,11159,0.2745816929133858,159,True,127,128,32,32,0,"[159, 40, 8]",0,True,32,True,128,159,32,0,0,32,"[128, 40, 8]",1,False,8146187d324548220b64,expected_aligned_shape,Qwen/Qwen3.6-35B-A3B-FP8,ok,32,127,5080,1345,0.26476377952755903,5080,3337,0.6568897637795276,0,0.0,0.9162721705241391,4654.662626262626,0.9517224409448819,4834.75,Qwen/Qwen3.6-35B-A3B
short_qa,40,127,8,40640,cross_model,28578,0.7031988188976378,12062,0.2968011811023622,159,True,127,128,32,32,0,"[159, 40, 8]",0,True,32,True,128,159,32,0,0,32,"[128, 40, 8]",1,False,81acc552cd1d916b8a99,expected_aligned_shape,Qwen/Qwen3.6-35B-A3B-FP8,ok,32,127,5080,1198,0.2358267716535433,5080,3167,0.6234251968503937,0,0.0,0.9065164144691704,4605.103385503386,0.9457431102362205,4804.375,Qwen/Qwen3.6-35B-A3B
summarization,40,127,8,40640,cross_model,28951,0.7123769685039371,11689,0.287623031496063,163,True,127,128,36,36,0,"[163, 40, 8]",0,True,36,True,128,163,36,0,0,36,"[128, 40, 8]",1,False,81d23e2ace0fb871566e,expected_aligned_shape,Qwen/Qwen3.6-35B-A3B-FP8,ok,32,127,5080,1314,0.25866141732283465,5080,3326,0.6547244094488189,0,0.0,0.9127485812525182,4636.762792762793,0.9488927165354331,4820.375,Qwen/Qwen3.6-35B-A3B
json_structured,40,127,8,40640,cross_model,27983,0.6885580708661417,12657,0.31144192913385826,159,True,127,128,32,32,0,"[159, 40, 8]",0,True,32,True,128,159,32,0,0,32,"[128, 40, 8]",1,False,81d4a61b688a98be8a50,expected_aligned_shape,Qwen/Qwen3.6-35B-A3B-FP8,ok,32,127,5080,1129,0.22224409448818896,5080,3146,0.6192913385826772,0,0.0,0.9031731173463456,4588.119436119436,0.942765748031496,4789.25,Qwen/Qwen3.6-35B-A3B
code,40,127,8,40640,cross_model,29540,0.7268700787401575,11100,0.27312992125984253,166,True,127,128,39,39,0,"[166, 40, 8]",0,True,39,True,128,166,39,0,0,39,"[128, 40, 8]",1,False,81de715e23a6fcf68fc3,expected_aligned_shape,Qwen/Qwen3.6-35B-A3B-FP8,ok,32,127,5080,1385,0.27263779527559057,5080,3426,0.6744094488188976,0,0.0,0.9217402370158276,4682.440404040404,0.9550688976377952,4851.75,Qwen/Qwen3.6-35B-A3B
mixed_language,40,127,8,40640,cross_model,29533,0.7266978346456693,11107,0.2733021653543307,159,True,127,128,32,32,0,"[159, 40, 8]",0,True,32,True,128,159,32,0,0,32,"[128, 40, 8]",1,False,823fee738d51caf3d1f9,expected_aligned_shape,Qwen/Qwen3.6-35B-A3B-FP8,ok,32,127,5080,1399,0.27539370078740155,5080,3420,0.6732283464566929,0,0.0,0.9192110077149447,4669.591919191919,0.953248031496063,4842.5,Qwen/Qwen3.6-35B-A3B
summarization,40,127,8,40640,cross_model,28712,0.706496062992126,11928,0.293503937007874,159,True,127,128,32,32,0,"[159, 40, 8]",0,True,32,True,128,159,32,0,0,32,"[128, 40, 8]",1,False,833fc2a56e4f75f8a697,expected_aligned_shape,Qwen/Qwen3.6-35B-A3B-FP8,ok,32,127,5080,1275,0.25098425196850394,5080,3285,0.6466535433070866,0,0.0,0.9079093915708089,4612.179709179709,0.9449557086614173,4800.375,Qwen/Qwen3.6-35B-A3B
json_structured,40,127,8,40640,cross_model,27298,0.6717027559055118,13342,0.3282972440944882,159,True,127,128,32,32,0,"[159, 40, 8]",0,True,32,True,128,159,32,0,0,32,"[128, 40, 8]",1,False,836ed2f17e0df581ffb1,expected_aligned_shape,Qwen/Qwen3.6-35B-A3B-FP8,ok,32,127,5080,1045,0.20570866141732283,5080,3029,0.596259842519685,0,0.0,0.8936773506458546,4539.880941280941,0.9359744094488189,4754.75,Qwen/Qwen3.6-35B-A3B
json_structured,40,127,8,40640,cross_model,28334,0.6971948818897638,12306,0.3028051181102362,159,True,127,128,32,32,0,"[159, 40, 8]",0,True,32,True,128,159,32,0,0,32,"[128, 40, 8]",1,False,839f919a63fdc2e822c2,expected_aligned_shape,Qwen/Qwen3.6-35B-A3B-FP8,ok,32,127,5080,1234,0.24291338582677166,5080,3253,0.6403543307086614,0,0.0,0.9065938523418839,4605.49676989677,0.9446850393700787,4799.0,Qwen/Qwen3.6-35B-A3B
needle,40,127,8,40640,cross_model,28237,0.6948080708661417,12403,0.3051919291338583,159,True,127,128,32,32,0,"[159, 40, 8]",0,True,32,True,128,159,32,0,0,32,"[128, 40, 8]",1,False,84225d5346509a6c6736,expected_aligned_shape,Qwen/Qwen3.6-35B-A3B-FP8,ok,32,127,5080,1149,0.22618110236220473,5080,3167,0.6234251968503937,0,0.0,0.9069674944478093,4607.3948717948715,0.946136811023622,4806.375,Qwen/Qwen3.6-35B-A3B
mixed_language,40,127,8,40640,cross_model,29077,0.7154773622047244,11563,0.2845226377952756,159,True,127,128,32,32,0,"[159, 40, 8]",0,True,32,True,128,159,32,0,0,32,"[128, 40, 8]",1,False,84233959e23ab297f165,expected_aligned_shape,Qwen/Qwen3.6-35B-A3B-FP8,ok,32,127,5080,1301,0.25610236220472443,5080,3347,0.6588582677165354,0,0.0,0.9142157142944544,4644.215828615828,0.9498277559055118,4825.125,Qwen/Qwen3.6-35B-A3B
chat,40,127,8,40640,cross_model,28194,0.69375,12446,0.30625,159,True,127,128,32,32,0,"[159, 40, 8]",0,True,32,True,128,159,32,0,0,32,"[128, 40, 8]",1,False,8426b34cd35950627867,expected_aligned_shape,Qwen/Qwen3.6-35B-A3B-FP8,ok,32,127,5080,1165,0.22933070866141733,5080,3168,0.6236220472440945,0,0.0,0.9050817992156573,4597.81554001554,0.944488188976378,4798.0,Qwen/Qwen3.6-35B-A3B
json_structured,40,127,8,40640,cross_model,28259,0.6953494094488188,12381,0.3046505905511811,159,True,127,128,32,32,0,"[159, 40, 8]",0,True,32,True,128,159,32,0,0,32,"[128, 40, 8]",1,False,842a559378a4fa0ab83e,expected_aligned_shape,Qwen/Qwen3.6-35B-A3B-FP8,ok,32,127,5080,1206,0.2374015748031496,5080,3253,0.6403543307086614,0,0.0,0.9069697887414422,4607.406526806527,0.9446358267716536,4798.75,Qwen/Qwen3.6-35B-A3B
math_numeric,40,127,8,40640,cross_model,27608,0.6793307086614173,13032,0.3206692913385827,159,True,127,128,32,32,0,"[159, 40, 8]",0,True,32,True,128,159,32,0,0,32,"[128, 40, 8]",1,False,84399fdd946941f7bbb8,expected_aligned_shape,Qwen/Qwen3.6-35B-A3B-FP8,ok,32,127,5080,1171,0.23051181102362206,5080,2997,0.5899606299212599,0,0.0,0.8897562804649418,4519.961904761904,0.9336614173228347,4743.0,Qwen/Qwen3.6-35B-A3B
mixed_language,40,84,8,26880,cross_model,20867,0.7763020833333333,6013,0.22369791666666666,116,True,84,85,32,32,0,"[116, 40, 8]",0,True,32,True,85,116,32,0,0,32,"[85, 40, 8]",1,False,845558c63ab043e3c987,expected_aligned_shape,Qwen/Qwen3.6-35B-A3B-FP8,ok,32,84,3360,1171,0.34851190476190474,3360,2530,0.7529761904761905,0,0.0,0.9426911976911978,3167.4424242424243,0.9674107142857142,3250.5,Qwen/Qwen3.6-35B-A3B
logs,40,109,8,34880,cross_model,26657,0.7642488532110092,8223,0.2357511467889908,141,True,109,110,32,32,0,"[141, 40, 8]",0,True,32,True,110,141,32,0,0,32,"[110, 40, 8]",1,False,846009d191b38953fd2f,expected_aligned_shape,Qwen/Qwen3.6-35B-A3B-FP8,ok,32,109,4360,1444,0.3311926605504587,4360,3167,0.7263761467889909,0,0.0,0.9337111512340869,4070.9806193806194,0.9616112385321101,4192.625,Qwen/Qwen3.6-35B-A3B
mixed_language,40,127,8,40640,cross_model,30280,0.7450787401574803,10360,0.2549212598425197,159,True,127,128,32,32,0,"[159, 40, 8]",0,True,32,True,128,159,32,0,0,32,"[128, 40, 8]",1,False,84bacdde8fd948eb8a49,expected_aligned_shape,Qwen/Qwen3.6-35B-A3B-FP8,ok,32,127,5080,1470,0.28937007874015747,5080,3555,0.6998031496062992,0,0.0,0.9276537417088598,4712.481007881008,0.9581938976377953,4867.625,Qwen/Qwen3.6-35B-A3B
short_qa,40,127,8,40640,cross_model,28516,0.7016732283464567,12124,0.2983267716535433,159,True,127,128,32,32,0,"[159, 40, 8]",0,True,32,True,128,159,32,0,0,32,"[128, 40, 8]",1,False,84ca8c732f93c58fe2a6,expected_aligned_shape,Qwen/Qwen3.6-35B-A3B-FP8,ok,32,127,5080,1157,0.22775590551181102,5080,3278,0.6452755905511811,0,0.0,0.9104232075885619,4624.949894549894,0.9474409448818898,4813.0,Qwen/Qwen3.6-35B-A3B
json_structured,40,127,8,40640,cross_model,28376,0.698228346456693,12264,0.3017716535433071,159,True,127,128,32,32,0,"[159, 40, 8]",0,True,32,True,128,159,32,0,0,32,"[128, 40, 8]",1,False,8503edd10ae9b54a4533,expected_aligned_shape,Qwen/Qwen3.6-35B-A3B-FP8,ok,32,127,5080,1239,0.2438976377952756,5080,3226,0.6350393700787401,0,0.0,0.9038354340322845,4591.484004884005,0.9422982283464567,4786.875,Qwen/Qwen3.6-35B-A3B
summarization,40,127,8,40640,cross_model,30248,0.7442913385826772,10392,0.25570866141732285,159,True,127,128,32,32,0,"[159, 40, 8]",0,True,32,True,128,159,32,0,0,32,"[128, 40, 8]",1,False,8540664f8428f872e8a9,expected_aligned_shape,Qwen/Qwen3.6-35B-A3B-FP8,ok,32,127,5080,1518,0.2988188976377953,5080,3509,0.690748031496063,0,0.0,0.9260232243696811,4704.19797979798,0.9575541338582677,4864.375,Qwen/Qwen3.6-35B-A3B
math_numeric,40,127,8,40640,cross_model,20965,0.515871062992126,19675,0.484128937007874,159,True,127,128,32,32,0,"[159, 40, 8]",0,True,32,True,128,159,32,0,0,32,"[128, 40, 8]",1,False,85996a9d6fe112cfacf4,expected_aligned_shape,Qwen/Qwen3.6-35B-A3B-FP8,ok,32,127,5080,333,0.0655511811023622,5080,1921,0.3781496062992126,0,0.0,0.8119120643136392,4124.513286713287,0.8817175196850394,4479.125,Qwen/Qwen3.6-35B-A3B
math_numeric,40,127,8,40640,cross_model,26130,0.6429625984251969,14510,0.3570374015748031,159,True,127,128,32,32,0,"[159, 40, 8]",0,True,32,True,128,159,32,0,0,32,"[128, 40, 8]",1,False,85f2760e16a765142a7f,expected_aligned_shape,Qwen/Qwen3.6-35B-A3B-FP8,ok,32,127,5080,1004,0.19763779527559056,5080,2882,0.5673228346456692,0,0.0,0.8745117830550903,4442.519857919858,0.9222194881889764,4684.875,Qwen/Qwen3.6-35B-A3B
json_structured,40,127,8,40640,cross_model,28437,0.6997293307086614,12203,0.3002706692913386,159,True,127,128,32,32,0,"[159, 40, 8]",0,True,32,True,128,159,32,0,0,32,"[128, 40, 8]",1,False,860c3e874eff20982fe1,expected_aligned_shape,Qwen/Qwen3.6-35B-A3B-FP8,ok,32,127,5080,1161,0.22854330708661416,5080,3254,0.6405511811023622,0,0.0,0.9117330263786956,4631.603774003774,0.9488435039370079,4820.125,Qwen/Qwen3.6-35B-A3B
mixed_language,40,106,8,33920,cross_model,26019,0.7670695754716981,7901,0.2329304245283019,138,True,106,107,32,32,0,"[138, 40, 8]",0,True,32,True,107,138,32,0,0,32,"[107, 40, 8]",1,False,867e7b95290bfb4ef084,expected_aligned_shape,Qwen/Qwen3.6-35B-A3B-FP8,ok,32,106,4240,1405,0.3313679245283019,4240,3065,0.722877358490566,0,0.0,0.9356651419858967,3967.220202020202,0.9634139150943396,4084.875,Qwen/Qwen3.6-35B-A3B
low_margin,40,127,8,40640,cross_model,28565,0.702878937007874,12075,0.297121062992126,167,True,127,128,40,40,0,"[167, 40, 8]",0,True,40,True,128,167,40,0,0,40,"[128, 40, 8]",1,False,8740771949897ec70ee2,expected_aligned_shape,Qwen/Qwen3.6-35B-A3B-FP8,ok,32,127,5080,1219,0.23996062992125985,5080,3232,0.6362204724409449,0,0.0,0.9100601410837631,4623.1055167055165,0.9479330708661418,4815.5,Qwen/Qwen3.6-35B-A3B
low_margin,40,127,8,40640,cross_model,28555,0.702632874015748,12085,0.29736712598425197,166,True,127,128,39,39,0,"[166, 40, 8]",0,True,39,True,128,166,39,0,0,39,"[128, 40, 8]",1,False,87837c3d21d8aaeaee48,expected_aligned_shape,Qwen/Qwen3.6-35B-A3B-FP8,ok,32,127,5080,1236,0.24330708661417322,5080,3234,0.6366141732283465,0,0.0,0.9099577937373214,4622.585592185592,0.9477116141732284,4814.375,Qwen/Qwen3.6-35B-A3B
logs,40,127,8,40640,cross_model,29006,0.7137303149606299,11634,0.28626968503937006,159,True,127,128,32,32,0,"[159, 40, 8]",0,True,32,True,128,159,32,0,0,32,"[128, 40, 8]",1,False,87b0143d83b8e2ea3fab,expected_aligned_shape,Qwen/Qwen3.6-35B-A3B-FP8,ok,32,127,5080,1268,0.24960629921259841,5080,3295,0.6486220472440944,0,0.0,0.9133825317289883,4639.983261183261,0.949876968503937,4825.375,Qwen/Qwen3.6-35B-A3B
code,40,127,8,40640,cross_model,29781,0.7328001968503937,10859,0.2671998031496063,159,True,127,128,32,32,0,"[159, 40, 8]",0,True,32,True,128,159,32,0,0,32,"[128, 40, 8]",1,False,881c84297e61741b5731,expected_aligned_shape,Qwen/Qwen3.6-35B-A3B-FP8,ok,32,127,5080,1434,0.28228346456692915,5080,3394,0.6681102362204724,0,0.0,0.9147320221335971,4646.838672438673,0.9496555118110236,4824.25,Qwen/Qwen3.6-35B-A3B
mixed_language,40,127,8,40640,cross_model,31527,0.7757627952755906,9113,0.22423720472440944,159,True,127,128,32,32,0,"[159, 40, 8]",0,True,32,True,128,159,32,0,0,32,"[128, 40, 8]",1,False,8896c20ee2df2e8b3133,expected_aligned_shape,Qwen/Qwen3.6-35B-A3B-FP8,ok,32,127,5080,1680,0.33070866141732286,5080,3749,0.737992125984252,0,0.0,0.9386769048973772,4768.478676878677,0.9649606299212599,4902.0,Qwen/Qwen3.6-35B-A3B
logs,40,72,8,23040,cross_model,15500,0.6727430555555556,7540,0.3272569444444444,104,True,72,73,32,32,0,"[104, 40, 8]",0,True,32,True,73,104,32,0,0,32,"[73, 40, 8]",1,False,88ac2d2bf4cb11ea13c6,expected_aligned_shape,Qwen/Qwen3.6-35B-A3B-FP8,ok,32,72,2880,595,0.2065972222222222,2880,1771,0.6149305555555555,0,0.0,0.9004769150602483,2593.3735153735156,0.94140625,2711.25,Qwen/Qwen3.6-35B-A3B
low_margin,40,127,8,40640,cross_model,29667,0.7299950787401575,10973,0.27000492125984255,167,True,127,128,40,40,0,"[167, 40, 8]",0,True,40,True,128,167,40,0,0,40,"[128, 40, 8]",1,False,88efd22bf016dd5e5ecc,expected_aligned_shape,Qwen/Qwen3.6-35B-A3B-FP8,ok,32,127,5080,1437,0.2828740157480315,5080,3423,0.6738188976377952,0,0.0,0.9203703295829281,4675.481274281275,0.953986220472441,4846.25,Qwen/Qwen3.6-35B-A3B
logs,40,127,8,40640,cross_model,28817,0.7090797244094488,11823,0.29092027559055117,159,True,127,128,32,32,0,"[159, 40, 8]",0,True,32,True,128,159,32,0,0,32,"[128, 40, 8]",1,False,8926131c720f9266b8ae,expected_aligned_shape,Qwen/Qwen3.6-35B-A3B-FP8,ok,32,127,5080,1264,0.24881889763779527,5080,3240,0.6377952755905512,0,0.0,0.9106927543148016,4626.319191919192,0.9483759842519685,4817.75,Qwen/Qwen3.6-35B-A3B
code,40,127,8,40640,cross_model,28921,0.711638779527559,11719,0.28836122047244095,159,True,127,128,32,32,0,"[159, 40, 8]",0,True,32,True,128,159,32,0,0,32,"[128, 40, 8]",1,False,8a6acfe133d4645e5f08,expected_aligned_shape,Qwen/Qwen3.6-35B-A3B-FP8,ok,32,127,5080,1297,0.25531496062992126,5080,3303,0.6501968503937008,0,0.0,0.9093981958548889,4619.742834942835,0.9460875984251969,4806.125,Qwen/Qwen3.6-35B-A3B
needle,40,127,8,40640,cross_model,28188,0.6936023622047244,12452,0.30639763779527557,159,True,127,128,32,32,0,"[159, 40, 8]",0,True,32,True,128,159,32,0,0,32,"[128, 40, 8]",1,False,8ae848c8e1c8ca3c814a,expected_aligned_shape,Qwen/Qwen3.6-35B-A3B-FP8,ok,32,127,5080,1189,0.23405511811023622,5080,3180,0.6259842519685039,0,0.0,0.9061202052540636,4603.090642690643,0.9448818897637795,4800.0,Qwen/Qwen3.6-35B-A3B
math_numeric,40,127,8,40640,cross_model,29348,0.7221456692913386,11292,0.2778543307086614,159,True,127,128,32,32,0,"[159, 40, 8]",0,True,32,True,128,159,32,0,0,32,"[128, 40, 8]",1,False,8bb89f3ce60c2fe4805c,expected_aligned_shape,Qwen/Qwen3.6-35B-A3B-FP8,ok,32,127,5080,1314,0.25866141732283465,5080,3279,0.6454724409448819,0,0.0,0.9122388809790385,4634.173515373515,0.9489911417322835,4820.875,Qwen/Qwen3.6-35B-A3B
low_margin,40,127,8,40640,cross_model,28561,0.7027805118110236,12079,0.29721948818897637,166,True,127,128,39,39,0,"[166, 40, 8]",0,True,39,True,128,166,39,0,0,39,"[128, 40, 8]",1,False,8bece812b2966e60e8ad,expected_aligned_shape,Qwen/Qwen3.6-35B-A3B-FP8,ok,32,127,5080,1194,0.23503937007874015,5080,3204,0.6307086614173228,0,0.0,0.9092295543476645,4618.8861360861365,0.9473179133858268,4812.375,Qwen/Qwen3.6-35B-A3B
short_qa,40,127,8,40640,cross_model,30754,0.756742125984252,9886,0.24325787401574803,159,True,127,128,32,32,0,"[159, 40, 8]",0,True,32,True,128,159,32,0,0,32,"[128, 40, 8]",1,False,8bed4f4810f56cc50293,expected_aligned_shape,Qwen/Qwen3.6-35B-A3B-FP8,ok,32,127,5080,1524,0.3,5080,3655,0.719488188976378,0,0.0,0.9349948301916806,4749.773737373737,0.9630413385826772,4892.25,Qwen/Qwen3.6-35B-A3B
low_margin,40,127,8,40640,cross_model,29854,0.7345964566929134,10786,0.2654035433070866,166,True,127,128,39,39,0,"[166, 40, 8]",0,True,39,True,128,166,39,0,0,39,"[128, 40, 8]",1,False,8bf7f00e1a8446ea3b04,expected_aligned_shape,Qwen/Qwen3.6-35B-A3B-FP8,ok,32,127,5080,1434,0.28228346456692915,5080,3472,0.6834645669291338,0,0.0,0.9233054959039212,4690.391919191919,0.955880905511811,4855.875,Qwen/Qwen3.6-35B-A3B
chat,40,127,8,40640,cross_model,27903,0.6865895669291339,12737,0.31341043307086613,159,True,127,128,32,32,0,"[159, 40, 8]",0,True,32,True,128,159,32,0,0,32,"[128, 40, 8]",1,False,8bfb44b67e76fa2d1aeb,expected_aligned_shape,Qwen/Qwen3.6-35B-A3B-FP8,ok,32,127,5080,1116,0.21968503937007874,5080,3146,0.6192913385826772,0,0.0,0.9047316725269479,4596.036896436896,0.9441437007874016,4796.25,Qwen/Qwen3.6-35B-A3B
summarization,40,127,8,40640,cross_model,29158,0.7174704724409449,11482,0.28252952755905514,159,True,127,128,32,32,0,"[159, 40, 8]",0,True,32,True,128,159,32,0,0,32,"[128, 40, 8]",1,False,8c26b132a52e832bd0b3,expected_aligned_shape,Qwen/Qwen3.6-35B-A3B-FP8,ok,32,127,5080,1361,0.26791338582677166,5080,3385,0.6663385826771654,0,0.0,0.9149859632930499,4648.1286935286935,0.9496309055118111,4824.125,Qwen/Qwen3.6-35B-A3B
math_numeric,40,127,8,40640,cross_model,27993,0.6888041338582677,12647,0.3111958661417323,159,True,127,128,32,32,0,"[159, 40, 8]",0,True,32,True,128,159,32,0,0,32,"[128, 40, 8]",1,False,8c52d05567920b9068cd,expected_aligned_shape,Qwen/Qwen3.6-35B-A3B-FP8,ok,32,127,5080,1168,0.22992125984251968,5080,2985,0.5875984251968503,0,0.0,0.89267887842691,4534.808702408703,0.9361712598425197,4755.75,Qwen/Qwen3.6-35B-A3B
math_numeric,40,127,8,40640,cross_model,29640,0.7293307086614174,11000,0.2706692913385827,159,True,127,128,32,32,0,"[159, 40, 8]",0,True,32,True,128,159,32,0,0,32,"[128, 40, 8]",1,False,8c7dc41fc40ddda41eef,expected_aligned_shape,Qwen/Qwen3.6-35B-A3B-FP8,ok,32,127,5080,1406,0.2767716535433071,5080,3374,0.6641732283464566,0,0.0,0.9162004224996351,4654.298146298146,0.9510580708661417,4831.375,Qwen/Qwen3.6-35B-A3B
summarization,40,127,8,40640,cross_model,29179,0.7179872047244095,11461,0.28201279527559053,163,True,127,128,36,36,0,"[163, 40, 8]",0,True,36,True,128,163,36,0,0,36,"[128, 40, 8]",1,False,8c9b98b64a58814a2f39,expected_aligned_shape,Qwen/Qwen3.6-35B-A3B-FP8,ok,32,127,5080,1353,0.26633858267716537,5080,3356,0.6606299212598425,0,0.0,0.915182787466252,4649.1285603285605,0.9505905511811024,4829.0,Qwen/Qwen3.6-35B-A3B
math_numeric,40,127,8,40640,cross_model,28153,0.6927411417322835,12487,0.30725885826771654,159,True,127,128,32,32,0,"[159, 40, 8]",0,True,32,True,128,159,32,0,0,32,"[128, 40, 8]",1,False,8cbc6deb366a90598072,expected_aligned_shape,Qwen/Qwen3.6-35B-A3B-FP8,ok,32,127,5080,1241,0.24429133858267715,5080,3108,0.6118110236220472,0,0.0,0.8972450559064732,4558.004884004884,0.9388779527559055,4769.5,Qwen/Qwen3.6-35B-A3B
logs,40,127,8,40640,cross_model,30070,0.7399114173228346,10570,0.26008858267716534,159,True,127,128,32,32,0,"[159, 40, 8]",0,True,32,True,128,159,32,0,0,32,"[128, 40, 8]",1,False,8cef8dce1364c7587754,expected_aligned_shape,Qwen/Qwen3.6-35B-A3B-FP8,ok,32,127,5080,1463,0.28799212598425195,5080,3477,0.6844488188976378,0,0.0,0.9246408971605822,4697.175757575757,0.9568159448818898,4860.625,Qwen/Qwen3.6-35B-A3B
summarization,40,127,8,40640,cross_model,29816,0.7336614173228346,10824,0.26633858267716537,163,True,127,128,36,36,0,"[163, 40, 8]",0,True,36,True,128,163,36,0,0,36,"[128, 40, 8]",1,False,8d55514286def2bb6141,expected_aligned_shape,Qwen/Qwen3.6-35B-A3B-FP8,ok,32,127,5080,1415,0.2785433070866142,5080,3501,0.6891732283464567,0,0.0,0.9241270977491449,4694.565656565656,0.9562007874015748,4857.5,Qwen/Qwen3.6-35B-A3B
json_structured,40,127,8,40640,cross_model,26570,0.6537893700787402,14070,0.34621062992125984,159,True,127,128,32,32,0,"[159, 40, 8]",0,True,32,True,128,159,32,0,0,32,"[128, 40, 8]",1,False,8dc7a0e49d8054a4febf,expected_aligned_shape,Qwen/Qwen3.6-35B-A3B-FP8,ok,32,127,5080,928,0.1826771653543307,5080,2956,0.5818897637795276,0,0.0,0.8890980760272099,4516.6182262182265,0.9338090551181102,4743.75,Qwen/Qwen3.6-35B-A3B
logs,40,127,8,40640,cross_model,29201,0.7185285433070866,11439,0.2814714566929134,159,True,127,128,32,32,0,"[159, 40, 8]",0,True,32,True,128,159,32,0,0,32,"[128, 40, 8]",1,False,8df5f48dc72ff9b25245,expected_aligned_shape,Qwen/Qwen3.6-35B-A3B-FP8,ok,32,127,5080,1304,0.2566929133858268,5080,3335,0.656496062992126,0,0.0,0.9173093136085263,4659.931313131313,0.9524852362204724,4838.625,Qwen/Qwen3.6-35B-A3B
json_structured,40,127,8,40640,cross_model,27924,0.6871062992125985,12716,0.3128937007874016,159,True,127,128,32,32,0,"[159, 40, 8]",0,True,32,True,128,159,32,0,0,32,"[128, 40, 8]",1,False,8e07a080e3fb068115b8,expected_aligned_shape,Qwen/Qwen3.6-35B-A3B-FP8,ok,32,127,5080,1166,0.2295275590551181,5080,3136,0.6173228346456693,0,0.0,0.9009239448215827,4576.69363969364,0.9410433070866142,4780.5,Qwen/Qwen3.6-35B-A3B
low_margin,40,127,8,40640,cross_model,29937,0.7366387795275591,10703,0.2633612204724409,166,True,127,128,39,39,0,"[166, 40, 8]",0,True,39,True,128,166,39,0,0,39,"[128, 40, 8]",1,False,8e0dec58e940d3bca91d,expected_aligned_shape,Qwen/Qwen3.6-35B-A3B-FP8,ok,32,127,5080,1446,0.2846456692913386,5080,3460,0.6811023622047244,0,0.0,0.9238033882128373,4692.921212121212,0.9563238188976378,4858.125,Qwen/Qwen3.6-35B-A3B
code,40,127,8,40640,cross_model,29325,0.7215797244094488,11315,0.27842027559055116,159,True,127,128,32,32,0,"[159, 40, 8]",0,True,32,True,128,159,32,0,0,32,"[128, 40, 8]",1,False,8e12b4849e3760c026ef,expected_aligned_shape,Qwen/Qwen3.6-35B-A3B-FP8,ok,32,127,5080,1345,0.26476377952755903,5080,3353,0.6600393700787401,0,0.0,0.9149821045096636,4648.109090909091,0.9501476377952756,4826.75,Qwen/Qwen3.6-35B-A3B
math_numeric,40,127,8,40640,cross_model,28942,0.7121555118110237,11698,0.2878444881889764,159,True,127,128,32,32,0,"[159, 40, 8]",0,True,32,True,128,159,32,0,0,32,"[128, 40, 8]",1,False,8e6325f69f2dede3825c,expected_aligned_shape,Qwen/Qwen3.6-35B-A3B-FP8,ok,32,127,5080,1407,0.2769685039370079,5080,3312,0.6519685039370079,0,0.0,0.9073024219874614,4609.096303696304,0.944488188976378,4798.0,Qwen/Qwen3.6-35B-A3B
logs,40,127,8,40640,cross_model,28143,0.6924950787401575,12497,0.3075049212598425,159,True,127,128,32,32,0,"[159, 40, 8]",0,True,32,True,128,159,32,0,0,32,"[128, 40, 8]",1,False,8e676d49327d4d22552d,expected_aligned_shape,Qwen/Qwen3.6-35B-A3B-FP8,ok,32,127,5080,1198,0.2358267716535433,5080,3226,0.6350393700787401,0,0.0,0.9059720201058784,4602.337862137862,0.9444635826771653,4797.875,Qwen/Qwen3.6-35B-A3B
logs,40,127,8,40640,cross_model,28421,0.6993356299212599,12219,0.30066437007874014,159,True,127,128,32,32,0,"[159, 40, 8]",0,True,32,True,128,159,32,0,0,32,"[128, 40, 8]",1,False,8ec49816cc265f8b8294,expected_aligned_shape,Qwen/Qwen3.6-35B-A3B-FP8,ok,32,127,5080,1261,0.24822834645669292,5080,3258,0.6413385826771654,0,0.0,0.911053233730399,4628.150427350427,0.9483759842519685,4817.75,Qwen/Qwen3.6-35B-A3B
low_margin,40,127,8,40640,cross_model,29058,0.715009842519685,11582,0.284990157480315,166,True,127,128,39,39,0,"[166, 40, 8]",0,True,39,True,128,166,39,0,0,39,"[128, 40, 8]",1,False,8f69f039471770707b7e,expected_aligned_shape,Qwen/Qwen3.6-35B-A3B-FP8,ok,32,127,5080,1332,0.2622047244094488,5080,3341,0.6576771653543307,0,0.0,0.9124172590314322,4635.079675879676,0.9479330708661418,4815.5,Qwen/Qwen3.6-35B-A3B
logs,40,127,8,40640,cross_model,28366,0.6979822834645669,12274,0.3020177165354331,159,True,127,128,32,32,0,"[159, 40, 8]",0,True,32,True,128,159,32,0,0,32,"[128, 40, 8]",1,False,8f7d10ec4ff11a647ee7,expected_aligned_shape,Qwen/Qwen3.6-35B-A3B-FP8,ok,32,127,5080,1223,0.240748031496063,5080,3227,0.635236220472441,0,0.0,0.9085210502533336,4615.286935286936,0.9464812992125984,4808.125,Qwen/Qwen3.6-35B-A3B
chat,40,127,8,40640,cross_model,29195,0.718380905511811,11445,0.281619094488189,159,True,127,128,32,32,0,"[159, 40, 8]",0,True,32,True,128,159,32,0,0,32,"[128, 40, 8]",1,False,8f8115aa4a281d951a7c,expected_aligned_shape,Qwen/Qwen3.6-35B-A3B-FP8,ok,32,127,5080,1282,0.25236220472440946,5080,3265,0.6427165354330708,0,0.0,0.9139449614252764,4642.840404040404,0.9505659448818897,4828.875,Qwen/Qwen3.6-35B-A3B
math_numeric,40,127,8,40640,cross_model,29373,0.7227608267716535,11267,0.27723917322834646,159,True,127,128,32,32,0,"[159, 40, 8]",0,True,32,True,128,159,32,0,0,32,"[128, 40, 8]",1,False,8f9070376249b3bc8557,expected_aligned_shape,Qwen/Qwen3.6-35B-A3B-FP8,ok,32,127,5080,1382,0.2720472440944882,5080,3296,0.6488188976377953,0,0.0,0.9095826832834707,4620.680031080031,0.946382874015748,4807.625,Qwen/Qwen3.6-35B-A3B
summarization,40,127,8,40640,cross_model,29209,0.7187253937007874,11431,0.2812746062992126,159,True,127,128,32,32,0,"[159, 40, 8]",0,True,32,True,128,159,32,0,0,32,"[128, 40, 8]",1,False,8fb265f41b57655fdaf6,expected_aligned_shape,Qwen/Qwen3.6-35B-A3B-FP8,ok,32,127,5080,1344,0.26456692913385826,5080,3395,0.6683070866141733,0,0.0,0.9182488115558982,4664.703962703963,0.9526574803149607,4839.5,Qwen/Qwen3.6-35B-A3B
code,40,127,8,40640,cross_model,28761,0.7077017716535433,11879,0.2922982283464567,159,True,127,128,32,32,0,"[159, 40, 8]",0,True,32,True,128,159,32,0,0,32,"[128, 40, 8]",1,False,900f406d35eb6b62a9d6,expected_aligned_shape,Qwen/Qwen3.6-35B-A3B-FP8,ok,32,127,5080,1237,0.243503937007874,5080,3220,0.6338582677165354,0,0.0,0.9058712372491899,4601.825885225885,0.9442913385826772,4797.0,Qwen/Qwen3.6-35B-A3B
code,40,127,8,40640,cross_model,28637,0.7046505905511811,12003,0.2953494094488189,159,True,127,128,32,32,0,"[159, 40, 8]",0,True,32,True,128,159,32,0,0,32,"[128, 40, 8]",1,False,901fbb039eb51be272f4,expected_aligned_shape,Qwen/Qwen3.6-35B-A3B-FP8,ok,32,127,5080,1241,0.24429133858267715,5080,3201,0.6301181102362204,0,0.0,0.9078080624537316,4611.664957264958,0.9458907480314961,4805.125,Qwen/Qwen3.6-35B-A3B
summarization,40,127,8,40640,cross_model,30045,0.7392962598425197,10595,0.2607037401574803,167,True,127,128,40,40,0,"[167, 40, 8]",0,True,40,True,128,167,40,0,0,40,"[128, 40, 8]",1,False,904d79524f4d042d53f9,expected_aligned_shape,Qwen/Qwen3.6-35B-A3B-FP8,ok,32,127,5080,1478,0.2909448818897638,5080,3479,0.6848425196850394,0,0.0,0.9220025381442704,4683.772893772893,0.9545521653543307,4849.125,Qwen/Qwen3.6-35B-A3B
summarization,40,127,8,40640,cross_model,28900,0.7111220472440944,11740,0.2888779527559055,163,True,127,128,36,36,0,"[163, 40, 8]",0,True,36,True,128,163,36,0,0,36,"[128, 40, 8]",1,False,90d92c6b78f853e6b846,expected_aligned_shape,Qwen/Qwen3.6-35B-A3B-FP8,ok,32,127,5080,1302,0.2562992125984252,5080,3300,0.6496062992125984,0,0.0,0.9100464408732125,4623.0359196359195,0.9470226377952756,4810.875,Qwen/Qwen3.6-35B-A3B
summarization,40,127,8,40640,cross_model,29337,0.721875,11303,0.278125,159,True,127,128,32,32,0,"[159, 40, 8]",0,True,32,True,128,159,32,0,0,32,"[128, 40, 8]",1,False,91a31847728383045e3a,expected_aligned_shape,Qwen/Qwen3.6-35B-A3B-FP8,ok,32,127,5080,1338,0.26338582677165356,5080,3362,0.6618110236220472,0,0.0,0.9163132230848765,4654.871173271174,0.9514517716535433,4833.375,Qwen/Qwen3.6-35B-A3B
code,40,127,8,40640,cross_model,29645,0.7294537401574803,10995,0.2705462598425197,166,True,127,128,39,39,0,"[166, 40, 8]",0,True,39,True,128,166,39,0,0,39,"[128, 40, 8]",1,False,91f0bd8d1b2650d3ab83,expected_aligned_shape,Qwen/Qwen3.6-35B-A3B-FP8,ok,32,127,5080,1444,0.284251968503937,5080,3411,0.6714566929133858,0,0.0,0.9198760731831599,4672.970451770452,0.9536663385826771,4844.625,Qwen/Qwen3.6-35B-A3B
low_margin,40,1,8,320,cross_model,191,0.596875,129,0.403125,41,True,1,2,40,40,0,"[41, 40, 8]",0,True,40,True,2,41,40,0,0,40,"[2, 40, 8]",1,False,920487cdb3ea7356e413,expected_aligned_shape,Qwen/Qwen3.6-35B-A3B-FP8,ok,32,1,40,3,0.075,40,16,0.4,0,0.0,0.8577777777777778,34.31111111111111,0.91875,36.75,Qwen/Qwen3.6-35B-A3B
needle,40,127,8,40640,cross_model,27762,0.6831200787401575,12878,0.31687992125984255,159,True,127,128,32,32,0,"[159, 40, 8]",0,True,32,True,128,159,32,0,0,32,"[128, 40, 8]",1,False,923e8a0e4829c62a5409,expected_aligned_shape,Qwen/Qwen3.6-35B-A3B-FP8,ok,32,127,5080,1128,0.2220472440944882,5080,3147,0.6194881889763779,0,0.0,0.9035372763719219,4589.969363969364,0.9434547244094488,4792.75,Qwen/Qwen3.6-35B-A3B
logs,40,127,8,40640,cross_model,28315,0.6967273622047244,12325,0.3032726377952756,159,True,127,128,32,32,0,"[159, 40, 8]",0,True,32,True,128,159,32,0,0,32,"[128, 40, 8]",1,False,926b6f8891804d72864f,expected_aligned_shape,Qwen/Qwen3.6-35B-A3B-FP8,ok,32,127,5080,1194,0.23503937007874015,5080,3214,0.6326771653543307,0,0.0,0.908746703864814,4616.433255633256,0.947121062992126,4811.375,Qwen/Qwen3.6-35B-A3B
mixed_language,40,24,8,7680,cross_model,5577,0.726171875,2103,0.273828125,56,True,24,25,32,32,0,"[56, 40, 8]",0,True,32,True,25,56,32,0,0,32,"[25, 40, 8]",1,False,92700be4ef3a5fb144b6,expected_aligned_shape,Qwen/Qwen3.6-35B-A3B-FP8,ok,32,24,960,259,0.26979166666666665,960,654,0.68125,0,0.0,0.9227382802382803,885.828749028749,0.95546875,917.25,Qwen/Qwen3.6-35B-A3B
short_qa,40,127,8,40640,cross_model,27915,0.6868848425196851,12725,0.313115157480315,159,True,127,128,32,32,0,"[159, 40, 8]",0,True,32,True,128,159,32,0,0,32,"[128, 40, 8]",1,False,9275ef27e00389353e75,expected_aligned_shape,Qwen/Qwen3.6-35B-A3B-FP8,ok,32,127,5080,1125,0.22145669291338582,5080,3172,0.6244094488188976,0,0.0,0.9007175501663691,4575.645154845155,0.940255905511811,4776.5,Qwen/Qwen3.6-35B-A3B
logs,40,69,8,22080,cross_model,15469,0.7005887681159421,6611,0.299411231884058,101,True,69,70,32,32,0,"[101, 40, 8]",0,True,32,True,70,101,32,0,0,32,"[70, 40, 8]",1,False,92a2248985d77febb48f,expected_aligned_shape,Qwen/Qwen3.6-35B-A3B-FP8,ok,32,69,2760,647,0.23442028985507246,2760,1763,0.638768115942029,0,0.0,0.9112657230048535,2515.0933954933953,0.9486413043478261,2618.25,Qwen/Qwen3.6-35B-A3B
needle,40,127,8,40640,cross_model,27765,0.6831938976377953,12875,0.31680610236220474,159,True,127,128,32,32,0,"[159, 40, 8]",0,True,32,True,128,159,32,0,0,32,"[128, 40, 8]",1,False,93073cdcb586446bbee2,expected_aligned_shape,Qwen/Qwen3.6-35B-A3B-FP8,ok,32,127,5080,1132,0.22283464566929134,5080,3129,0.6159448818897638,0,0.0,0.9021128390419727,4582.733222333222,0.9427411417322835,4789.125,Qwen/Qwen3.6-35B-A3B
math_numeric,40,127,8,40640,cross_model,18896,0.46496062992125986,21744,0.5350393700787401,159,True,127,128,32,32,0,"[159, 40, 8]",0,True,32,True,128,159,32,0,0,32,"[128, 40, 8]",1,False,931ae9fab340ba6d5feb,expected_aligned_shape,Qwen/Qwen3.6-35B-A3B-FP8,ok,32,127,5080,239,0.04704724409448819,5080,1652,0.3251968503937008,0,0.0,0.7680273007832061,3901.578687978688,0.8450787401574803,4293.0,Qwen/Qwen3.6-35B-A3B
low_margin,40,127,8,40640,cross_model,29155,0.7173966535433071,11485,0.28260334645669294,166,True,127,128,39,39,0,"[166, 40, 8]",0,True,39,True,128,166,39,0,0,39,"[128, 40, 8]",1,False,936d2f4f34bc153938c7,expected_aligned_shape,Qwen/Qwen3.6-35B-A3B-FP8,ok,32,127,5080,1333,0.26240157480314963,5080,3381,0.6655511811023622,0,0.0,0.9176952443881579,4661.891841491842,0.9524114173228346,4838.25,Qwen/Qwen3.6-35B-A3B
code,40,127,8,40640,cross_model,30078,0.7401082677165355,10562,0.25989173228346457,159,True,127,128,32,32,0,"[159, 40, 8]",0,True,32,True,128,159,32,0,0,32,"[128, 40, 8]",1,False,93b60f37729f176e892a,expected_aligned_shape,Qwen/Qwen3.6-35B-A3B-FP8,ok,32,127,5080,1482,0.2917322834645669,5080,3426,0.6744094488188976,0,0.0,0.9195749307560331,4671.440648240648,0.9532972440944882,4842.75,Qwen/Qwen3.6-35B-A3B
json_structured,40,127,8,40640,cross_model,28400,0.6988188976377953,12240,0.30118110236220474,159,True,127,128,32,32,0,"[159, 40, 8]",0,True,32,True,128,159,32,0,0,32,"[128, 40, 8]",1,False,93fabd5451c8ad06e5a6,expected_aligned_shape,Qwen/Qwen3.6-35B-A3B-FP8,ok,32,127,5080,1252,0.24645669291338582,5080,3273,0.6442913385826772,0,0.0,0.907187523762327,4608.51262071262,0.9445374015748031,4798.25,Qwen/Qwen3.6-35B-A3B
chat,40,127,8,40640,cross_model,27677,0.6810285433070866,12963,0.3189714566929134,159,True,127,128,32,32,0,"[159, 40, 8]",0,True,32,True,128,159,32,0,0,32,"[128, 40, 8]",1,False,945435bd96bddc603b32,expected_aligned_shape,Qwen/Qwen3.6-35B-A3B-FP8,ok,32,127,5080,1077,0.21200787401574803,5080,3169,0.6238188976377953,0,0.0,0.903424414605517,4589.3960261960265,0.9429872047244094,4790.375,Qwen/Qwen3.6-35B-A3B
math_numeric,40,127,8,40640,cross_model,29366,0.7225885826771653,11274,0.27741141732283464,159,True,127,128,32,32,0,"[159, 40, 8]",0,True,32,True,128,159,32,0,0,32,"[128, 40, 8]",1,False,9454c66d812ca8015f40,expected_aligned_shape,Qwen/Qwen3.6-35B-A3B-FP8,ok,32,127,5080,1429,0.2812992125984252,5080,3448,0.6787401574803149,0,0.0,0.9163676612101809,4655.147718947719,0.950123031496063,4826.625,Qwen/Qwen3.6-35B-A3B
math_numeric,40,127,8,40640,cross_model,29676,0.7302165354330709,10964,0.26978346456692914,159,True,127,128,32,32,0,"[159, 40, 8]",0,True,32,True,128,159,32,0,0,32,"[128, 40, 8]",1,False,949662d1b45ab08be739,expected_aligned_shape,Qwen/Qwen3.6-35B-A3B-FP8,ok,32,127,5080,1456,0.2866141732283465,5080,3434,0.675984251968504,0,0.0,0.9158778885156839,4652.659673659674,0.9496801181102362,4824.375,Qwen/Qwen3.6-35B-A3B
short_qa,40,127,8,40640,cross_model,31346,0.7713090551181102,9294,0.22869094488188976,159,True,127,128,32,32,0,"[159, 40, 8]",0,True,32,True,128,159,32,0,0,32,"[128, 40, 8]",1,False,94c3b64c6bf713d43706,expected_aligned_shape,Qwen/Qwen3.6-35B-A3B-FP8,ok,32,127,5080,1651,0.325,5080,3719,0.7320866141732284,0,0.0,0.9375240594925635,4762.622222222222,0.9644438976377953,4899.375,Qwen/Qwen3.6-35B-A3B
short_qa,40,127,8,40640,cross_model,29102,0.7160925196850394,11538,0.2839074803149606,159,True,127,128,32,32,0,"[159, 40, 8]",0,True,32,True,128,159,32,0,0,32,"[128, 40, 8]",1,False,94c9b024e01262064ee8,expected_aligned_shape,Qwen/Qwen3.6-35B-A3B-FP8,ok,32,127,5080,1273,0.25059055118110235,5080,3315,0.6525590551181102,0,0.0,0.9154943132108487,4650.711111111111,0.9513287401574804,4832.75,Qwen/Qwen3.6-35B-A3B
needle,40,127,8,40640,cross_model,27355,0.67310531496063,13285,0.3268946850393701,159,True,127,128,32,32,0,"[159, 40, 8]",0,True,32,True,128,159,32,0,0,32,"[128, 40, 8]",1,False,950f33e688fc0163fe83,expected_aligned_shape,Qwen/Qwen3.6-35B-A3B-FP8,ok,32,127,5080,1089,0.21437007874015748,5080,3041,0.5986220472440945,0,0.0,0.892301530490507,4532.891774891775,0.9351870078740158,4750.75,Qwen/Qwen3.6-35B-A3B
logs,40,127,8,40640,cross_model,29572,0.7276574803149606,11068,0.27234251968503936,159,True,127,128,32,32,0,"[159, 40, 8]",0,True,32,True,128,159,32,0,0,32,"[128, 40, 8]",1,False,956d9d561147514093ad,expected_aligned_shape,Qwen/Qwen3.6-35B-A3B-FP8,ok,32,127,5080,1370,0.26968503937007876,5080,3460,0.6811023622047244,0,0.0,0.9224590938370465,4686.092196692197,0.9550196850393701,4851.5,Qwen/Qwen3.6-35B-A3B
short_qa,40,127,8,40640,cross_model,30342,0.7466043307086614,10298,0.2533956692913386,166,True,127,128,39,39,0,"[166, 40, 8]",0,True,39,True,128,166,39,0,0,39,"[128, 40, 8]",1,False,95af21ac53e5a74d9dc8,expected_aligned_shape,Qwen/Qwen3.6-35B-A3B-FP8,ok,32,127,5080,1516,0.2984251968503937,5080,3511,0.6911417322834645,0,0.0,0.9268122166547363,4708.20606060606,0.9581200787401575,4867.25,Qwen/Qwen3.6-35B-A3B
logs,40,127,8,40640,cross_model,28432,0.6996062992125984,12208,0.3003937007874016,159,True,127,128,32,32,0,"[159, 40, 8]",0,True,32,True,128,159,32,0,0,32,"[128, 40, 8]",1,False,95cdcf7639cf6452a717,expected_aligned_shape,Qwen/Qwen3.6-35B-A3B-FP8,ok,32,127,5080,1232,0.24251968503937008,5080,3262,0.6421259842519685,0,0.0,0.9070608831238752,4607.869286269286,0.943996062992126,4795.5,Qwen/Qwen3.6-35B-A3B
code,40,127,8,40640,cross_model,30171,0.7423966535433071,10469,0.2576033464566929,159,True,127,128,32,32,0,"[159, 40, 8]",0,True,32,True,128,159,32,0,0,32,"[128, 40, 8]",1,False,95d8bd020621ee918a68,expected_aligned_shape,Qwen/Qwen3.6-35B-A3B-FP8,ok,32,127,5080,1494,0.2940944881889764,5080,3508,0.6905511811023622,0,0.0,0.9227731673400965,4687.6876900876905,0.9549212598425196,4851.0,Qwen/Qwen3.6-35B-A3B
math_numeric,40,127,8,40640,cross_model,27952,0.6877952755905512,12688,0.3122047244094488,159,True,127,128,32,32,0,"[159, 40, 8]",0,True,32,True,128,159,32,0,0,32,"[128, 40, 8]",1,False,96c2ea5592f2ccf72270,expected_aligned_shape,Qwen/Qwen3.6-35B-A3B-FP8,ok,32,127,5080,1164,0.22913385826771654,5080,3024,0.5952755905511811,0,0.0,0.8938123162926314,4540.566566766567,0.9367864173228346,4758.875,Qwen/Qwen3.6-35B-A3B
low_margin,40,127,8,40640,cross_model,29295,0.7208415354330708,11345,0.2791584645669291,167,True,127,128,40,40,0,"[167, 40, 8]",0,True,40,True,128,167,40,0,0,40,"[128, 40, 8]",1,False,97635eef2c4a536f1a9c,expected_aligned_shape,Qwen/Qwen3.6-35B-A3B-FP8,ok,32,127,5080,1310,0.2578740157480315,5080,3391,0.6675196850393701,0,0.0,0.9189275553842482,4668.151981351982,0.9532726377952756,4842.625,Qwen/Qwen3.6-35B-A3B
low_margin,40,127,8,40640,cross_model,28737,0.7071112204724409,11903,0.29288877952755904,167,True,127,128,40,40,0,"[167, 40, 8]",0,True,40,True,128,167,40,0,0,40,"[128, 40, 8]",1,False,9778cb7f4462c7e5a6bb,expected_aligned_shape,Qwen/Qwen3.6-35B-A3B-FP8,ok,32,127,5080,1264,0.24881889763779527,5080,3256,0.6409448818897637,0,0.0,0.9126920498574043,4636.475613275613,0.9495816929133858,4823.875,Qwen/Qwen3.6-35B-A3B
summarization,40,127,8,40640,cross_model,29998,0.7381397637795276,10642,0.26186023622047244,167,True,127,128,40,40,0,"[167, 40, 8]",0,True,40,True,128,167,40,0,0,40,"[128, 40, 8]",1,False,977dba706199d097d6fe,expected_aligned_shape,Qwen/Qwen3.6-35B-A3B-FP8,ok,32,127,5080,1448,0.28503937007874014,5080,3487,0.6864173228346456,0,0.0,0.9230799908752663,4689.246353646354,0.9554133858267716,4853.5,Qwen/Qwen3.6-35B-A3B
math_numeric,40,127,8,40640,cross_model,28740,0.7071850393700787,11900,0.29281496062992124,159,True,127,128,32,32,0,"[159, 40, 8]",0,True,32,True,128,159,32,0,0,32,"[128, 40, 8]",1,False,97c0d2ccb5929d573fb4,expected_aligned_shape,Qwen/Qwen3.6-35B-A3B-FP8,ok,32,127,5080,1238,0.2437007874015748,5080,3316,0.6527559055118111,0,0.0,0.9093140324242686,4619.315284715285,0.9456692913385827,4804.0,Qwen/Qwen3.6-35B-A3B
code,40,127,8,40640,cross_model,29993,0.7380167322834645,10647,0.2619832677165354,159,True,127,128,32,32,0,"[159, 40, 8]",0,True,32,True,128,159,32,0,0,32,"[128, 40, 8]",1,False,97e513b5080922851ec5,expected_aligned_shape,Qwen/Qwen3.6-35B-A3B-FP8,ok,32,127,5080,1421,0.2797244094488189,5080,3482,0.6854330708661417,0,0.0,0.9226358068877752,4686.989898989899,0.9552165354330708,4852.5,Qwen/Qwen3.6-35B-A3B
low_margin,40,127,8,40640,cross_model,30068,0.7398622047244094,10572,0.26013779527559056,165,True,127,128,38,38,0,"[165, 40, 8]",0,True,38,True,128,165,38,0,0,38,"[128, 40, 8]",1,False,97eef9bf61d78dbe04cb,expected_aligned_shape,Qwen/Qwen3.6-35B-A3B-FP8,ok,32,127,5080,1467,0.2887795275590551,5080,3476,0.684251968503937,0,0.0,0.9247116837668018,4697.535353535353,0.9568897637795276,4861.0,Qwen/Qwen3.6-35B-A3B
json_structured,40,127,8,40640,cross_model,27684,0.6812007874015747,12956,0.3187992125984252,159,True,127,128,32,32,0,"[159, 40, 8]",0,True,32,True,128,159,32,0,0,32,"[128, 40, 8]",1,False,988fea42cce728b13a95,expected_aligned_shape,Qwen/Qwen3.6-35B-A3B-FP8,ok,32,127,5080,1088,0.2141732283464567,5080,3114,0.612992125984252,0,0.0,0.9012969663757066,4578.588589188589,0.941609251968504,4783.375,Qwen/Qwen3.6-35B-A3B
chat,40,127,8,40640,cross_model,27973,0.6883120078740157,12667,0.31168799212598425,159,True,127,128,32,32,0,"[159, 40, 8]",0,True,32,True,128,159,32,0,0,32,"[128, 40, 8]",1,False,989223a35c82a9c924d7,expected_aligned_shape,Qwen/Qwen3.6-35B-A3B-FP8,ok,32,127,5080,1108,0.21811023622047243,5080,3177,0.6253937007874015,0,0.0,0.904604420076861,4595.390453990454,0.94375,4794.25,Qwen/Qwen3.6-35B-A3B
summarization,40,127,8,40640,cross_model,28571,0.7030265748031496,12069,0.2969734251968504,163,True,127,128,36,36,0,"[163, 40, 8]",0,True,36,True,128,163,36,0,0,36,"[128, 40, 8]",1,False,98b5f162f676011fb726,expected_aligned_shape,Qwen/Qwen3.6-35B-A3B-FP8,ok,32,127,5080,1242,0.24448818897637795,5080,3232,0.6362204724409449,0,0.0,0.9070319182130204,4607.722144522145,0.9452263779527559,4801.75,Qwen/Qwen3.6-35B-A3B
logs,40,66,8,21120,cross_model,14385,0.6811079545454546,6735,0.31889204545454547,98,True,66,67,32,32,0,"[98, 40, 8]",0,True,32,True,67,98,32,0,0,32,"[67, 40, 8]",1,False,98f863bfa0adecb134b6,expected_aligned_shape,Qwen/Qwen3.6-35B-A3B-FP8,ok,32,66,2640,546,0.20681818181818182,2640,1571,0.5950757575757576,0,0.0,0.8989232821051003,2373.157464757465,0.9411931818181818,2484.75,Qwen/Qwen3.6-35B-A3B
summarization,40,127,8,40640,cross_model,29265,0.7201033464566929,11375,0.27989665354330706,163,True,127,128,36,36,0,"[163, 40, 8]",0,True,36,True,128,163,36,0,0,36,"[128, 40, 8]",1,False,995ced5a07b811c64ec3,expected_aligned_shape,Qwen/Qwen3.6-35B-A3B-FP8,ok,32,127,5080,1352,0.26614173228346455,5080,3308,0.6511811023622047,0,0.0,0.9147220233834408,4646.787878787879,0.9508366141732284,4830.25,Qwen/Qwen3.6-35B-A3B
json_structured,40,127,8,40640,cross_model,30015,0.7385580708661418,10625,0.2614419291338583,166,True,127,128,39,39,0,"[166, 40, 8]",0,True,39,True,128,166,39,0,0,39,"[128, 40, 8]",1,False,996641191bc8907bbda6,expected_aligned_shape,Qwen/Qwen3.6-35B-A3B-FP8,ok,32,127,5080,1479,0.29114173228346457,5080,3489,0.6868110236220473,0,0.0,0.9248970015111748,4698.476767676768,0.956865157480315,4860.875,Qwen/Qwen3.6-35B-A3B
code,40,127,8,40640,cross_model,28102,0.6914862204724409,12538,0.30851377952755904,159,True,127,128,32,32,0,"[159, 40, 8]",0,True,32,True,128,159,32,0,0,32,"[128, 40, 8]",1,False,99a65da76e4ea87b0250,expected_aligned_shape,Qwen/Qwen3.6-35B-A3B-FP8,ok,32,127,5080,1134,0.2232283464566929,5080,3157,0.6214566929133858,0,0.0,0.9032980099515532,4588.75389055389,0.9429872047244094,4790.375,Qwen/Qwen3.6-35B-A3B
short_qa,40,127,8,40640,cross_model,29988,0.7378937007874016,10652,0.2621062992125984,166,True,127,128,39,39,0,"[166, 40, 8]",0,True,39,True,128,166,39,0,0,39,"[128, 40, 8]",1,False,99a78f400e015cd2fba3,expected_aligned_shape,Qwen/Qwen3.6-35B-A3B-FP8,ok,32,127,5080,1455,0.28641732283464566,5080,3481,0.6852362204724409,0,0.0,0.9246695299451206,4697.321212121212,0.9568159448818898,4860.625,Qwen/Qwen3.6-35B-A3B
low_margin,40,127,8,40640,cross_model,31196,0.7676181102362205,9444,0.23238188976377952,166,True,127,128,39,39,0,"[166, 40, 8]",0,True,39,True,128,166,39,0,0,39,"[128, 40, 8]",1,False,99aa773428705b28a4d8,expected_aligned_shape,Qwen/Qwen3.6-35B-A3B-FP8,ok,32,127,5080,1687,0.3320866141732283,5080,3702,0.728740157480315,0,0.0,0.9367422254036428,4758.650505050505,0.9639763779527559,4897.0,Qwen/Qwen3.6-35B-A3B
json_structured,40,127,8,40640,cross_model,30130,0.7413877952755905,10510,0.25861220472440943,167,True,127,128,40,40,0,"[167, 40, 8]",0,True,40,True,128,167,40,0,0,40,"[128, 40, 8]",1,False,99c8e7d0f416023a1076,expected_aligned_shape,Qwen/Qwen3.6-35B-A3B-FP8,ok,32,127,5080,1490,0.2933070866141732,5080,3535,0.6958661417322834,0,0.0,0.9256996983768637,4702.554467754468,0.9570127952755906,4861.625,Qwen/Qwen3.6-35B-A3B
short_qa,40,127,8,40640,cross_model,29948,0.7369094488188976,10692,0.26309055118110236,166,True,127,128,39,39,0,"[166, 40, 8]",0,True,39,True,128,166,39,0,0,39,"[128, 40, 8]",1,False,9a2f9d506b9d5b97607c,expected_aligned_shape,Qwen/Qwen3.6-35B-A3B-FP8,ok,32,127,5080,1440,0.28346456692913385,5080,3424,0.6740157480314961,0,0.0,0.9200162741895025,4673.682672882673,0.9535925196850393,4844.25,Qwen/Qwen3.6-35B-A3B
chat,40,127,8,40640,cross_model,29392,0.7232283464566929,11248,0.2767716535433071,167,True,127,128,40,40,0,"[167, 40, 8]",0,True,40,True,128,167,40,0,0,40,"[128, 40, 8]",1,False,9a8db0012177e738611b,expected_aligned_shape,Qwen/Qwen3.6-35B-A3B-FP8,ok,32,127,5080,1347,0.2651574803149606,5080,3390,0.6673228346456693,0,0.0,0.9200605169109106,4673.907425907426,0.9540354330708661,4846.5,Qwen/Qwen3.6-35B-A3B
math_numeric,40,127,8,40640,cross_model,29514,0.72623031496063,11126,0.2737696850393701,159,True,127,128,32,32,0,"[159, 40, 8]",0,True,32,True,128,159,32,0,0,32,"[128, 40, 8]",1,False,9a95484e1fd6565bd8c2,expected_aligned_shape,Qwen/Qwen3.6-35B-A3B-FP8,ok,32,127,5080,1378,0.27125984251968505,5080,3298,0.6492125984251969,0,0.0,0.9124428851987906,4635.209856809857,0.9487204724409449,4819.5,Qwen/Qwen3.6-35B-A3B
logs,40,121,8,38720,cross_model,29472,0.7611570247933884,9248,0.23884297520661157,153,True,121,122,32,32,0,"[153, 40, 8]",0,True,32,True,122,153,32,0,0,32,"[122, 40, 8]",1,False,9ae88093def743519010,expected_aligned_shape,Qwen/Qwen3.6-35B-A3B-FP8,ok,32,121,4840,1586,0.3276859504132231,4840,3477,0.7183884297520661,0,0.0,0.9316133361587907,4509.008547008547,0.9605113636363637,4648.875,Qwen/Qwen3.6-35B-A3B
json_structured,40,127,8,40640,cross_model,27144,0.6679133858267716,13496,0.3320866141732283,159,True,127,128,32,32,0,"[159, 40, 8]",0,True,32,True,128,159,32,0,0,32,"[128, 40, 8]",1,False,9b0aaf167f9dba2230dc,expected_aligned_shape,Qwen/Qwen3.6-35B-A3B-FP8,ok,32,127,5080,1062,0.20905511811023622,5080,3023,0.5950787401574803,0,0.0,0.8884407368659337,4513.278943278943,0.9328248031496063,4738.75,Qwen/Qwen3.6-35B-A3B
low_margin,40,127,8,40640,cross_model,29095,0.7159202755905512,11545,0.28407972440944884,167,True,127,128,40,40,0,"[167, 40, 8]",0,True,40,True,128,167,40,0,0,40,"[128, 40, 8]",1,False,9b621d1a22f073b4a89a,expected_aligned_shape,Qwen/Qwen3.6-35B-A3B-FP8,ok,32,127,5080,1304,0.2566929133858268,5080,3308,0.6511811023622047,0,0.0,0.9152326413743738,4649.381818181818,0.9511811023622048,4832.0,Qwen/Qwen3.6-35B-A3B
json_structured,40,127,8,40640,cross_model,27394,0.6740649606299213,13246,0.3259350393700787,159,True,127,128,32,32,0,"[159, 40, 8]",0,True,32,True,128,159,32,0,0,32,"[128, 40, 8]",1,False,9b99ba5424f38b6a222b,expected_aligned_shape,Qwen/Qwen3.6-35B-A3B-FP8,ok,32,127,5080,1032,0.2031496062992126,5080,3104,0.6110236220472441,0,0.0,0.9004005312273029,4574.0346986346985,0.9412155511811023,4781.375,Qwen/Qwen3.6-35B-A3B
math_numeric,40,127,8,40640,cross_model,24436,0.6012795275590551,16204,0.3987204724409449,159,True,127,128,32,32,0,"[159, 40, 8]",0,True,32,True,128,159,32,0,0,32,"[128, 40, 8]",1,False,9b9b1228a280163107e6,expected_aligned_shape,Qwen/Qwen3.6-35B-A3B-FP8,ok,32,127,5080,860,0.16929133858267717,5080,2582,0.5082677165354331,0,0.0,0.8430736018137593,4282.813897213897,0.89810531496063,4562.375,Qwen/Qwen3.6-35B-A3B
summarization,40,127,8,40640,cross_model,29686,0.7304625984251969,10954,0.26953740157480316,159,True,127,128,32,32,0,"[159, 40, 8]",0,True,32,True,128,159,32,0,0,32,"[128, 40, 8]",1,False,9bd67e1410071f0d7c35,expected_aligned_shape,Qwen/Qwen3.6-35B-A3B-FP8,ok,32,127,5080,1402,0.27598425196850396,5080,3443,0.677755905511811,0,0.0,0.9220162252445717,4683.842424242424,0.955142716535433,4852.125,Qwen/Qwen3.6-35B-A3B
summarization,40,127,8,40640,cross_model,30737,0.7563238188976378,9903,0.2436761811023622,163,True,127,128,36,36,0,"[163, 40, 8]",0,True,36,True,128,163,36,0,0,36,"[128, 40, 8]",1,False,9c3f18c58adf55cc27bd,expected_aligned_shape,Qwen/Qwen3.6-35B-A3B-FP8,ok,32,127,5080,1680,0.33070866141732286,5080,3644,0.7173228346456693,0,0.0,0.9322945995386941,4736.056565656566,0.9611712598425197,4882.75,Qwen/Qwen3.6-35B-A3B
needle,40,127,8,40640,cross_model,28128,0.6921259842519685,12512,0.30787401574803147,159,True,127,128,32,32,0,"[159, 40, 8]",0,True,32,True,128,159,32,0,0,32,"[128, 40, 8]",1,False,9c4082ff8ebaef710bdc,expected_aligned_shape,Qwen/Qwen3.6-35B-A3B-FP8,ok,32,127,5080,1148,0.22598425196850394,5080,3173,0.6246062992125985,0,0.0,0.9074373657838225,4609.781818181818,0.9464566929133859,4808.0,Qwen/Qwen3.6-35B-A3B
needle,40,127,8,40640,cross_model,28230,0.6946358267716536,12410,0.30536417322834647,159,True,127,128,32,32,0,"[159, 40, 8]",0,True,32,True,128,159,32,0,0,32,"[128, 40, 8]",1,False,9c52346bbd0ac398b927,expected_aligned_shape,Qwen/Qwen3.6-35B-A3B-FP8,ok,32,127,5080,1210,0.23818897637795275,5080,3158,0.6216535433070867,0,0.0,0.9046492265389904,4595.618070818071,0.9443405511811024,4797.25,Qwen/Qwen3.6-35B-A3B
chat,40,127,8,40640,cross_model,29334,0.7218011811023622,11306,0.2781988188976378,167,True,127,128,40,40,0,"[167, 40, 8]",0,True,40,True,128,167,40,0,0,40,"[128, 40, 8]",1,False,9c9d0d55e64f4de84a34,expected_aligned_shape,Qwen/Qwen3.6-35B-A3B-FP8,ok,32,127,5080,1343,0.2643700787401575,5080,3337,0.6568897637795276,0,0.0,0.9151829710097427,4649.129492729493,0.9506643700787402,4829.375,Qwen/Qwen3.6-35B-A3B
logs,40,127,8,40640,cross_model,28209,0.694119094488189,12431,0.305880905511811,159,True,127,128,32,32,0,"[159, 40, 8]",0,True,32,True,128,159,32,0,0,32,"[128, 40, 8]",1,False,9cb01dd67c3fba73b586,expected_aligned_shape,Qwen/Qwen3.6-35B-A3B-FP8,ok,32,127,5080,1205,0.2372047244094488,5080,3191,0.6281496062992126,0,0.0,0.9042911200785215,4593.79888999889,0.943257874015748,4791.75,Qwen/Qwen3.6-35B-A3B
logs,40,127,8,40640,cross_model,26972,0.6636811023622047,13668,0.33631889763779527,159,True,127,128,32,32,0,"[159, 40, 8]",0,True,32,True,128,159,32,0,0,32,"[128, 40, 8]",1,False,9cf343b1c0185f983372,expected_aligned_shape,Qwen/Qwen3.6-35B-A3B-FP8,ok,32,127,5080,1011,0.19901574803149608,5080,2955,0.5816929133858267,0,0.0,0.8894334755358377,4518.322055722056,0.9337352362204724,4743.375,Qwen/Qwen3.6-35B-A3B
summarization,40,127,8,40640,cross_model,30424,0.7486220472440945,10216,0.2513779527559055,167,True,127,128,40,40,0,"[167, 40, 8]",0,True,40,True,128,167,40,0,0,40,"[128, 40, 8]",1,False,9d063fad8bdbf2e4c12e,expected_aligned_shape,Qwen/Qwen3.6-35B-A3B-FP8,ok,32,127,5080,1556,0.3062992125984252,5080,3599,0.7084645669291338,0,0.0,0.9289054689842091,4718.8397824397825,0.9589320866141732,4871.375,Qwen/Qwen3.6-35B-A3B
json_structured,40,127,8,40640,cross_model,28064,0.6905511811023622,12576,0.3094488188976378,159,True,127,128,32,32,0,"[159, 40, 8]",0,True,32,True,128,159,32,0,0,32,"[128, 40, 8]",1,False,9d4b803381a48c580983,expected_aligned_shape,Qwen/Qwen3.6-35B-A3B-FP8,ok,32,127,5080,1148,0.22598425196850394,5080,3178,0.6255905511811024,0,0.0,0.9051416912046834,4598.119791319791,0.9442913385826772,4797.0,Qwen/Qwen3.6-35B-A3B
low_margin,40,127,8,40640,cross_model,29205,0.718626968503937,11435,0.281373031496063,167,True,127,128,40,40,0,"[167, 40, 8]",0,True,40,True,128,167,40,0,0,40,"[128, 40, 8]",1,False,9d54838f66bf62752beb,expected_aligned_shape,Qwen/Qwen3.6-35B-A3B-FP8,ok,32,127,5080,1300,0.2559055118110236,5080,3309,0.6513779527559055,0,0.0,0.916894138232721,4657.822222222222,0.9524114173228346,4838.25,Qwen/Qwen3.6-35B-A3B
summarization,40,127,8,40640,cross_model,29707,0.7309793307086614,10933,0.2690206692913386,159,True,127,128,32,32,0,"[159, 40, 8]",0,True,32,True,128,159,32,0,0,32,"[128, 40, 8]",1,False,9d869805c2a756f51c65,expected_aligned_shape,Qwen/Qwen3.6-35B-A3B-FP8,ok,32,127,5080,1454,0.2862204724409449,5080,3405,0.6702755905511811,0,0.0,0.9190566651196572,4668.807858807859,0.9530757874015748,4841.625,Qwen/Qwen3.6-35B-A3B
chat,40,127,8,40640,cross_model,29479,0.725369094488189,11161,0.274630905511811,167,True,127,128,40,40,0,"[167, 40, 8]",0,True,40,True,128,167,40,0,0,40,"[128, 40, 8]",1,False,9e05735e2b489e577b8d,expected_aligned_shape,Qwen/Qwen3.6-35B-A3B-FP8,ok,32,127,5080,1371,0.2698818897637795,5080,3410,0.6712598425196851,0,0.0,0.9193110651378368,4670.100210900211,0.953248031496063,4842.5,Qwen/Qwen3.6-35B-A3B
short_qa,40,125,8,40000,cross_model,30928,0.7732,9072,0.2268,157,True,125,126,32,32,0,"[157, 40, 8]",0,True,32,True,126,157,32,0,0,32,"[126, 40, 8]",1,False,9e12983f7b0c36eb5311,expected_aligned_shape,Qwen/Qwen3.6-35B-A3B-FP8,ok,32,125,5000,1683,0.3366,5000,3723,0.7446,0,0.0,0.939370505050505,4696.852525252525,0.96525,4826.25,Qwen/Qwen3.6-35B-A3B
chat,40,127,8,40640,cross_model,28964,0.7126968503937008,11676,0.2873031496062992,167,True,127,128,40,40,0,"[167, 40, 8]",0,True,40,True,128,167,40,0,0,40,"[128, 40, 8]",1,False,9e2e70e523e9c354fe93,expected_aligned_shape,Qwen/Qwen3.6-35B-A3B-FP8,ok,32,127,5080,1267,0.24940944881889765,5080,3291,0.6478346456692914,0,0.0,0.9112002564364768,4628.897302697303,0.9476870078740157,4814.25,Qwen/Qwen3.6-35B-A3B
short_qa,40,127,8,40640,cross_model,28673,0.7055364173228347,11967,0.2944635826771654,166,True,127,128,39,39,0,"[166, 40, 8]",0,True,39,True,128,166,39,0,0,39,"[128, 40, 8]",1,False,9e51bbcb1de85a3769a5,expected_aligned_shape,Qwen/Qwen3.6-35B-A3B-FP8,ok,32,127,5080,1242,0.24448818897637795,5080,3299,0.6494094488188976,0,0.0,0.9125530899546648,4635.769696969697,0.9492372047244094,4822.125,Qwen/Qwen3.6-35B-A3B
logs,40,127,8,40640,cross_model,28613,0.7040600393700788,12027,0.2959399606299213,159,True,127,128,32,32,0,"[159, 40, 8]",0,True,32,True,128,159,32,0,0,32,"[128, 40, 8]",1,False,9e57e7c149c2525e0d02,expected_aligned_shape,Qwen/Qwen3.6-35B-A3B-FP8,ok,32,127,5080,1242,0.24448818897637795,5080,3156,0.621259842519685,0,0.0,0.9059471324825655,4602.211433011433,0.9451033464566929,4801.125,Qwen/Qwen3.6-35B-A3B
needle,40,127,8,40640,cross_model,28583,0.7033218503937008,12057,0.29667814960629924,159,True,127,128,32,32,0,"[159, 40, 8]",0,True,32,True,128,159,32,0,0,32,"[128, 40, 8]",1,False,9e91e83c475e55620bed,expected_aligned_shape,Qwen/Qwen3.6-35B-A3B-FP8,ok,32,127,5080,1229,0.24192913385826773,5080,3194,0.628740157480315,0,0.0,0.9067898505693781,4606.492440892441,0.9455708661417322,4803.5,Qwen/Qwen3.6-35B-A3B
low_margin,40,127,8,40640,cross_model,29493,0.7257135826771653,11147,0.27428641732283465,167,True,127,128,40,40,0,"[167, 40, 8]",0,True,40,True,128,167,40,0,0,40,"[128, 40, 8]",1,False,9ecd0e9fec1ac918ebde,expected_aligned_shape,Qwen/Qwen3.6-35B-A3B-FP8,ok,32,127,5080,1394,0.2744094488188976,5080,3435,0.6761811023622047,0,0.0,0.9202523810397826,4674.8820956820955,0.9535925196850393,4844.25,Qwen/Qwen3.6-35B-A3B
logs,40,27,8,8640,cross_model,5320,0.6157407407407407,3320,0.38425925925925924,59,True,27,28,32,32,0,"[59, 40, 8]",0,True,32,True,28,59,32,0,0,32,"[28, 40, 8]",1,False,9f22b2d409a204396384,expected_aligned_shape,Qwen/Qwen3.6-35B-A3B-FP8,ok,32,27,1080,157,0.14537037037037037,1080,590,0.5462962962962963,0,0.0,0.8825793959127292,953.1857475857475,0.9310185185185185,1005.5,Qwen/Qwen3.6-35B-A3B
code,40,127,8,40640,cross_model,28832,0.7094488188976378,11808,0.2905511811023622,159,True,127,128,32,32,0,"[159, 40, 8]",0,True,32,True,128,159,32,0,0,32,"[128, 40, 8]",1,False,9f7c3794d470a93e2b55,expected_aligned_shape,Qwen/Qwen3.6-35B-A3B-FP8,ok,32,127,5080,1276,0.2511811023622047,5080,3296,0.6488188976377953,0,0.0,0.9131784226272416,4638.946386946387,0.9497047244094489,4824.5,Qwen/Qwen3.6-35B-A3B
json_structured,40,127,8,40640,cross_model,28016,0.6893700787401574,12624,0.3106299212598425,159,True,127,128,32,32,0,"[159, 40, 8]",0,True,32,True,128,159,32,0,0,32,"[128, 40, 8]",1,False,9fe5ec46337e59f8a266,expected_aligned_shape,Qwen/Qwen3.6-35B-A3B-FP8,ok,32,127,5080,1142,0.2248031496062992,5080,3214,0.6326771653543307,0,0.0,0.9023267589803023,4583.819935619936,0.941117125984252,4780.875,Qwen/Qwen3.6-35B-A3B
code,40,127,8,40640,cross_model,29312,0.721259842519685,11328,0.27874015748031494,166,True,127,128,39,39,0,"[166, 40, 8]",0,True,39,True,128,166,39,0,0,39,"[128, 40, 8]",1,False,a0318b7ae7b1f1b1216e,expected_aligned_shape,Qwen/Qwen3.6-35B-A3B-FP8,ok,32,127,5080,1300,0.2559055118110236,5080,3363,0.662007874015748,0,0.0,0.9187632227789708,4667.317171717172,0.953371062992126,4843.125,Qwen/Qwen3.6-35B-A3B
chat,40,127,8,40640,cross_model,27446,0.6753444881889764,13194,0.32465551181102364,159,True,127,128,32,32,0,"[159, 40, 8]",0,True,32,True,128,159,32,0,0,32,"[128, 40, 8]",1,False,a0908cbd942c7afba57f,expected_aligned_shape,Qwen/Qwen3.6-35B-A3B-FP8,ok,32,127,5080,1081,0.21279527559055117,5080,3039,0.5982283464566929,0,0.0,0.895037018974027,4546.788056388056,0.9375738188976378,4762.875,Qwen/Qwen3.6-35B-A3B
low_margin,40,127,8,40640,cross_model,28122,0.6919783464566929,12518,0.3080216535433071,167,True,127,128,40,40,0,"[167, 40, 8]",0,True,40,True,128,167,40,0,0,40,"[128, 40, 8]",1,False,a0af2e54f7e8536888b7,expected_aligned_shape,Qwen/Qwen3.6-35B-A3B-FP8,ok,32,127,5080,1152,0.22677165354330708,5080,3073,0.6049212598425197,0,0.0,0.8998308865237998,4571.140903540903,0.9410187007874016,4780.375,Qwen/Qwen3.6-35B-A3B
mixed_language,40,127,8,40640,cross_model,29604,0.7284448818897638,11036,0.2715551181102362,159,True,127,128,32,32,0,"[159, 40, 8]",0,True,32,True,128,159,32,0,0,32,"[128, 40, 8]",1,False,a0ef74c9f5c4cdfb5339,expected_aligned_shape,Qwen/Qwen3.6-35B-A3B-FP8,ok,32,127,5080,1467,0.2887795275590551,5080,3359,0.6612204724409448,0,0.0,0.9146673012027342,4646.50989010989,0.9498277559055118,4825.125,Qwen/Qwen3.6-35B-A3B
code,40,127,8,40640,cross_model,30225,0.7437253937007874,10415,0.2562746062992126,166,True,127,128,39,39,0,"[166, 40, 8]",0,True,39,True,128,166,39,0,0,39,"[128, 40, 8]",1,False,a22087cc4b0a48639766,expected_aligned_shape,Qwen/Qwen3.6-35B-A3B-FP8,ok,32,127,5080,1468,0.2889763779527559,5080,3443,0.677755905511811,0,0.0,0.9218377860110143,4682.935952935953,0.9547244094488189,4850.0,Qwen/Qwen3.6-35B-A3B
code,40,127,8,40640,cross_model,29837,0.7341781496062992,10803,0.26582185039370076,159,True,127,128,32,32,0,"[159, 40, 8]",0,True,32,True,128,159,32,0,0,32,"[128, 40, 8]",1,False,a2cb8e5fe9bfcdf09c2e,expected_aligned_shape,Qwen/Qwen3.6-35B-A3B-FP8,ok,32,127,5080,1409,0.2773622047244094,5080,3387,0.6667322834645669,0,0.0,0.9168944004377075,4657.823554223554,0.9515255905511811,4833.75,Qwen/Qwen3.6-35B-A3B
chat,40,127,8,40640,cross_model,28654,0.7050688976377952,11986,0.2949311023622047,159,True,127,128,32,32,0,"[159, 40, 8]",0,True,32,True,128,159,32,0,0,32,"[128, 40, 8]",1,False,a2fc1379dfee4e2b71bb,expected_aligned_shape,Qwen/Qwen3.6-35B-A3B-FP8,ok,32,127,5080,1211,0.23838582677165354,5080,3262,0.6421259842519685,0,0.0,0.9111292906568498,4628.536796536797,0.9484744094488189,4818.25,Qwen/Qwen3.6-35B-A3B
math_numeric,40,127,8,40640,cross_model,24472,0.6021653543307086,16168,0.39783464566929133,159,True,127,128,32,32,0,"[159, 40, 8]",0,True,32,True,128,159,32,0,0,32,"[128, 40, 8]",1,False,a2fc55a2e666bdc1eaec,expected_aligned_shape,Qwen/Qwen3.6-35B-A3B-FP8,ok,32,127,5080,796,0.15669291338582678,5080,2610,0.5137795275590551,0,0.0,0.8502586608492121,4319.313997113997,0.9044045275590551,4594.375,Qwen/Qwen3.6-35B-A3B
chat,40,127,8,40640,cross_model,29321,0.7214812992125984,11319,0.2785187007874016,167,True,127,128,40,40,0,"[167, 40, 8]",0,True,40,True,128,167,40,0,0,40,"[128, 40, 8]",1,False,a301ba74b17f06f7166b,expected_aligned_shape,Qwen/Qwen3.6-35B-A3B-FP8,ok,32,127,5080,1318,0.2594488188976378,5080,3327,0.6549212598425197,0,0.0,0.9144445930272702,4645.378532578533,0.9501722440944882,4826.875,Qwen/Qwen3.6-35B-A3B
mixed_language,40,102,8,32640,cross_model,25110,0.7693014705882353,7530,0.23069852941176472,134,True,102,103,32,32,0,"[134, 40, 8]",0,True,32,True,103,134,32,0,0,32,"[103, 40, 8]",1,False,a349a39549bc82697949,expected_aligned_shape,Qwen/Qwen3.6-35B-A3B-FP8,ok,32,102,4080,1385,0.3394607843137255,4080,2930,0.7181372549019608,0,0.0,0.9339453357100417,3810.4969696969697,0.9623468137254902,3926.375,Qwen/Qwen3.6-35B-A3B
json_structured,40,127,8,40640,cross_model,28344,0.6974409448818898,12296,0.3025590551181102,159,True,127,128,32,32,0,"[159, 40, 8]",0,True,32,True,128,159,32,0,0,32,"[128, 40, 8]",1,False,a39af40725e29a05b750,expected_aligned_shape,Qwen/Qwen3.6-35B-A3B-FP8,ok,32,127,5080,1188,0.23385826771653542,5080,3225,0.6348425196850394,0,0.0,0.907301377537598,4609.090997890998,0.9454724409448819,4803.0,Qwen/Qwen3.6-35B-A3B
code,40,127,8,40640,cross_model,28978,0.7130413385826772,11662,0.28695866141732285,159,True,127,128,32,32,0,"[159, 40, 8]",0,True,32,True,128,159,32,0,0,32,"[128, 40, 8]",1,False,a3b49ca38174e5ad8261,expected_aligned_shape,Qwen/Qwen3.6-35B-A3B-FP8,ok,32,127,5080,1366,0.2688976377952756,5080,3269,0.643503937007874,0,0.0,0.9014045053808832,4579.134887334887,0.9400836614173228,4775.625,Qwen/Qwen3.6-35B-A3B
math_numeric,40,127,8,40640,cross_model,27893,0.6863435039370078,12747,0.3136564960629921,159,True,127,128,32,32,0,"[159, 40, 8]",0,True,32,True,128,159,32,0,0,32,"[128, 40, 8]",1,False,a3f30b6155a3246d4bfa,expected_aligned_shape,Qwen/Qwen3.6-35B-A3B-FP8,ok,32,127,5080,1114,0.21929133858267716,5080,3110,0.6122047244094488,0,0.0,0.9009691708116905,4576.923387723387,0.9413631889763779,4782.125,Qwen/Qwen3.6-35B-A3B
summarization,40,127,8,40640,cross_model,28866,0.7102854330708661,11774,0.28971456692913383,163,True,127,128,36,36,0,"[163, 40, 8]",0,True,36,True,128,163,36,0,0,36,"[128, 40, 8]",1,False,a4a385417bb8a30907ef,expected_aligned_shape,Qwen/Qwen3.6-35B-A3B-FP8,ok,32,127,5080,1270,0.25,5080,3291,0.6478346456692914,0,0.0,0.9124925206027569,4635.462004662005,0.9491633858267716,4821.75,Qwen/Qwen3.6-35B-A3B
logs,40,127,8,40640,cross_model,29025,0.7141978346456693,11615,0.28580216535433073,159,True,127,128,32,32,0,"[159, 40, 8]",0,True,32,True,128,159,32,0,0,32,"[128, 40, 8]",1,False,a4db91c77b740cc24343,expected_aligned_shape,Qwen/Qwen3.6-35B-A3B-FP8,ok,32,127,5080,1333,0.26240157480314963,5080,3326,0.6547244094488189,0,0.0,0.9146212667472511,4646.276035076035,0.9503198818897638,4827.625,Qwen/Qwen3.6-35B-A3B
code,40,127,8,40640,cross_model,30439,0.7489911417322834,10201,0.2510088582677165,159,True,127,128,32,32,0,"[159, 40, 8]",0,True,32,True,128,159,32,0,0,32,"[128, 40, 8]",1,False,a5273b224ec8272a018b,expected_aligned_shape,Qwen/Qwen3.6-35B-A3B-FP8,ok,32,127,5080,1526,0.3003937007874016,5080,3519,0.6927165354330709,0,0.0,0.9245693851205663,4696.812476412477,0.9563238188976378,4858.125,Qwen/Qwen3.6-35B-A3B
code,40,127,8,40640,cross_model,31094,0.7651082677165354,9546,0.23489173228346458,159,True,127,128,32,32,0,"[159, 40, 8]",0,True,32,True,128,159,32,0,0,32,"[128, 40, 8]",1,False,a541a60b3bd352716986,expected_aligned_shape,Qwen/Qwen3.6-35B-A3B-FP8,ok,32,127,5080,1633,0.3214566929133858,5080,3633,0.7151574803149606,0,0.0,0.931780494221439,4733.444910644911,0.9608021653543307,4880.875,Qwen/Qwen3.6-35B-A3B
json_structured,40,127,8,40640,cross_model,25738,0.6333169291338583,14902,0.3666830708661417,159,True,127,128,32,32,0,"[159, 40, 8]",0,True,32,True,128,159,32,0,0,32,"[128, 40, 8]",1,False,a59ebc54a55e378aa2ad,expected_aligned_shape,Qwen/Qwen3.6-35B-A3B-FP8,ok,32,127,5080,833,0.1639763779527559,5080,2792,0.5496062992125984,0,0.0,0.8800836084300652,4470.824730824731,0.9286909448818897,4717.75,Qwen/Qwen3.6-35B-A3B
low_margin,40,127,8,40640,cross_model,29571,0.727632874015748,11069,0.27236712598425195,167,True,127,128,40,40,0,"[167, 40, 8]",0,True,40,True,128,167,40,0,0,40,"[128, 40, 8]",1,False,a5da9a819c4235a14b9c,expected_aligned_shape,Qwen/Qwen3.6-35B-A3B-FP8,ok,32,127,5080,1378,0.27125984251968505,5080,3413,0.6718503937007874,0,0.0,0.920170581824125,4674.466555666556,0.9539370078740157,4846.0,Qwen/Qwen3.6-35B-A3B
low_margin,40,127,8,40640,cross_model,28917,0.7115403543307086,11723,0.28845964566929133,167,True,127,128,40,40,0,"[167, 40, 8]",0,True,40,True,128,167,40,0,0,40,"[128, 40, 8]",1,False,a604cfcaefe73c13eeda,expected_aligned_shape,Qwen/Qwen3.6-35B-A3B-FP8,ok,32,127,5080,1324,0.2606299212598425,5080,3308,0.6511811023622047,0,0.0,0.9143545693151992,4644.921212121212,0.9505167322834646,4828.625,Qwen/Qwen3.6-35B-A3B
needle,40,127,8,40640,cross_model,28382,0.6983759842519685,12258,0.3016240157480315,159,True,127,128,32,32,0,"[159, 40, 8]",0,True,32,True,128,159,32,0,0,32,"[128, 40, 8]",1,False,a61c802f4832f8e1b709,expected_aligned_shape,Qwen/Qwen3.6-35B-A3B-FP8,ok,32,127,5080,1225,0.24114173228346455,5080,3226,0.6350393700787401,0,0.0,0.9070627535194464,4607.878787878788,0.9457431102362205,4804.375,Qwen/Qwen3.6-35B-A3B
summarization,40,127,8,40640,cross_model,29942,0.736761811023622,10698,0.26323818897637796,167,True,127,128,40,40,0,"[167, 40, 8]",0,True,40,True,128,167,40,0,0,40,"[128, 40, 8]",1,False,a63b08eee0a4879e6c5e,expected_aligned_shape,Qwen/Qwen3.6-35B-A3B-FP8,ok,32,127,5080,1449,0.28523622047244096,5080,3471,0.6832677165354331,0,0.0,0.9218191170159675,4682.841114441115,0.9545521653543307,4849.125,Qwen/Qwen3.6-35B-A3B
code,40,127,8,40640,cross_model,28624,0.7043307086614173,12016,0.29566929133858266,166,True,127,128,39,39,0,"[166, 40, 8]",0,True,39,True,128,166,39,0,0,39,"[128, 40, 8]",1,False,a6b8dd0077c6e10115d2,expected_aligned_shape,Qwen/Qwen3.6-35B-A3B-FP8,ok,32,127,5080,1265,0.24901574803149606,5080,3239,0.6375984251968504,0,0.0,0.9077719174963269,4611.481340881341,0.9454970472440944,4803.125,Qwen/Qwen3.6-35B-A3B
mixed_language,40,127,8,40640,cross_model,28502,0.7013287401574804,12138,0.2986712598425197,159,True,127,128,32,32,0,"[159, 40, 8]",0,True,32,True,128,159,32,0,0,32,"[128, 40, 8]",1,False,a6c99c53dd3c996670c0,expected_aligned_shape,Qwen/Qwen3.6-35B-A3B-FP8,ok,32,127,5080,1247,0.24547244094488188,5080,3258,0.6413385826771654,0,0.0,0.9069459674184084,4607.285514485515,0.9446358267716536,4798.75,Qwen/Qwen3.6-35B-A3B
chat,40,127,8,40640,cross_model,29096,0.7159448818897638,11544,0.2840551181102362,159,True,127,128,32,32,0,"[159, 40, 8]",0,True,32,True,128,159,32,0,0,32,"[128, 40, 8]",1,False,a6cdc566e89f6f5b0567,expected_aligned_shape,Qwen/Qwen3.6-35B-A3B-FP8,ok,32,127,5080,1309,0.2576771653543307,5080,3370,0.6633858267716536,0,0.0,0.9151137051924453,4648.777622377623,0.9504183070866141,4828.125,Qwen/Qwen3.6-35B-A3B
code,40,127,8,40640,cross_model,29177,0.7179379921259843,11463,0.28206200787401575,159,True,127,128,32,32,0,"[159, 40, 8]",0,True,32,True,128,159,32,0,0,32,"[128, 40, 8]",1,False,a6dd8f19ff8afb2e9f17,expected_aligned_shape,Qwen/Qwen3.6-35B-A3B-FP8,ok,32,127,5080,1311,0.2580708661417323,5080,3388,0.6669291338582677,0,0.0,0.9173063332118451,4659.916172716173,0.9517470472440945,4834.875,Qwen/Qwen3.6-35B-A3B
short_qa,40,127,8,40640,cross_model,29297,0.7208907480314961,11343,0.27910925196850395,159,True,127,128,32,32,0,"[159, 40, 8]",0,True,32,True,128,159,32,0,0,32,"[128, 40, 8]",1,False,a71c96284f156c2f0f10,expected_aligned_shape,Qwen/Qwen3.6-35B-A3B-FP8,ok,32,127,5080,1400,0.2755905511811024,5080,3355,0.6604330708661418,0,0.0,0.9108264701178086,4626.998468198468,0.9469488188976378,4810.5,Qwen/Qwen3.6-35B-A3B
needle,40,127,8,40640,cross_model,27864,0.6856299212598426,12776,0.3143700787401575,159,True,127,128,32,32,0,"[159, 40, 8]",0,True,32,True,128,159,32,0,0,32,"[128, 40, 8]",1,False,a7306ab46e7f4d6174b9,expected_aligned_shape,Qwen/Qwen3.6-35B-A3B-FP8,ok,32,127,5080,1161,0.22854330708661416,5080,3119,0.613976377952756,0,0.0,0.9008710100048682,4576.42473082473,0.9414616141732284,4782.625,Qwen/Qwen3.6-35B-A3B
short_qa,40,127,8,40640,cross_model,30910,0.7605807086614174,9730,0.23941929133858267,159,True,127,128,32,32,0,"[159, 40, 8]",0,True,32,True,128,159,32,0,0,32,"[128, 40, 8]",1,False,a746429d7594c84024a1,expected_aligned_shape,Qwen/Qwen3.6-35B-A3B-FP8,ok,32,127,5080,1662,0.32716535433070865,5080,3704,0.7291338582677165,0,0.0,0.9343173580575156,4746.332178932179,0.9619094488188976,4886.5,Qwen/Qwen3.6-35B-A3B
mixed_language,40,98,8,31360,cross_model,24204,0.7718112244897959,7156,0.22818877551020408,130,True,98,99,32,32,0,"[130, 40, 8]",0,True,32,True,99,130,32,0,0,32,"[99, 40, 8]",1,False,a77a3b4960047bfde489,expected_aligned_shape,Qwen/Qwen3.6-35B-A3B-FP8,ok,32,98,3920,1322,0.33724489795918366,3920,2840,0.7244897959183674,0,0.0,0.9355184498041641,3667.2323232323233,0.963265306122449,3776.0,Qwen/Qwen3.6-35B-A3B
summarization,40,127,8,40640,cross_model,28663,0.7052903543307086,11977,0.29470964566929136,163,True,127,128,36,36,0,"[163, 40, 8]",0,True,36,True,128,163,36,0,0,36,"[128, 40, 8]",1,False,a79d54014aaa9464b718,expected_aligned_shape,Qwen/Qwen3.6-35B-A3B-FP8,ok,32,127,5080,1257,0.24744094488188975,5080,3293,0.6482283464566929,0,0.0,0.9088392709652553,4616.903496503496,0.9459399606299213,4805.375,Qwen/Qwen3.6-35B-A3B
chat,40,127,8,40640,cross_model,28777,0.7080954724409448,11863,0.2919045275590551,159,True,127,128,32,32,0,"[159, 40, 8]",0,True,32,True,128,159,32,0,0,32,"[128, 40, 8]",1,False,a7a6733ca7f4b8aaaf17,expected_aligned_shape,Qwen/Qwen3.6-35B-A3B-FP8,ok,32,127,5080,1266,0.24921259842519686,5080,3340,0.65748031496063,0,0.0,0.913471358038287,4640.434498834499,0.9493602362204724,4822.75,Qwen/Qwen3.6-35B-A3B
chat,40,127,8,40640,cross_model,29867,0.7349163385826771,10773,0.2650836614173228,167,True,127,128,40,40,0,"[167, 40, 8]",0,True,40,True,128,167,40,0,0,40,"[128, 40, 8]",1,False,a7f38dbbef53c4ea7814,expected_aligned_shape,Qwen/Qwen3.6-35B-A3B-FP8,ok,32,127,5080,1461,0.2875984251968504,5080,3530,0.6948818897637795,0,0.0,0.9235240525004303,4691.502186702187,0.9553149606299213,4853.0,Qwen/Qwen3.6-35B-A3B
mixed_language,40,127,8,40640,cross_model,28476,0.7006889763779528,12164,0.29931102362204726,159,True,127,128,32,32,0,"[159, 40, 8]",0,True,32,True,128,159,32,0,0,32,"[128, 40, 8]",1,False,a8177d41ca048a2921d2,expected_aligned_shape,Qwen/Qwen3.6-35B-A3B-FP8,ok,32,127,5080,1240,0.2440944881889764,5080,3272,0.6440944881889764,0,0.0,0.9094660676156738,4620.087623487623,0.9467273622047244,4809.375,Qwen/Qwen3.6-35B-A3B
logs,40,127,8,40640,cross_model,29001,0.7136072834645669,11639,0.2863927165354331,159,True,127,128,32,32,0,"[159, 40, 8]",0,True,32,True,128,159,32,0,0,32,"[128, 40, 8]",1,False,a85c4f73e999509259af,expected_aligned_shape,Qwen/Qwen3.6-35B-A3B-FP8,ok,32,127,5080,1360,0.2677165354330709,5080,3387,0.6667322834645669,0,0.0,0.9179890363354929,4663.384304584305,0.952632874015748,4839.375,Qwen/Qwen3.6-35B-A3B
summarization,40,127,8,40640,cross_model,29954,0.7370570866141732,10686,0.26294291338582676,167,True,127,128,40,40,0,"[167, 40, 8]",0,True,40,True,128,167,40,0,0,40,"[128, 40, 8]",1,False,a8647af1539d81940692,expected_aligned_shape,Qwen/Qwen3.6-35B-A3B-FP8,ok,32,127,5080,1485,0.29232283464566927,5080,3483,0.6856299212598426,0,0.0,0.9233476497256023,4690.606060606061,0.9558316929133859,4855.625,Qwen/Qwen3.6-35B-A3B
summarization,40,127,8,40640,cross_model,30508,0.7506889763779527,10132,0.24931102362204724,163,True,127,128,36,36,0,"[163, 40, 8]",0,True,36,True,128,163,36,0,0,36,"[128, 40, 8]",1,False,a8fef6811c042a3e5b99,expected_aligned_shape,Qwen/Qwen3.6-35B-A3B-FP8,ok,32,127,5080,1553,0.30570866141732284,5080,3548,0.6984251968503937,0,0.0,0.9285293883719081,4716.929292929293,0.959128937007874,4872.375,Qwen/Qwen3.6-35B-A3B
low_margin,40,127,8,40640,cross_model,29141,0.7170521653543307,11499,0.2829478346456693,167,True,127,128,40,40,0,"[167, 40, 8]",0,True,40,True,128,167,40,0,0,40,"[128, 40, 8]",1,False,a90716353921ef94ee3b,expected_aligned_shape,Qwen/Qwen3.6-35B-A3B-FP8,ok,32,127,5080,1316,0.25905511811023624,5080,3358,0.6610236220472441,0,0.0,0.9172161346964496,4659.457964257965,0.9521899606299212,4837.125,Qwen/Qwen3.6-35B-A3B
summarization,40,127,8,40640,cross_model,29734,0.7316437007874016,10906,0.2683562992125984,167,True,127,128,40,40,0,"[167, 40, 8]",0,True,40,True,128,167,40,0,0,40,"[128, 40, 8]",1,False,a93c5d160c771c7f2ddf,expected_aligned_shape,Qwen/Qwen3.6-35B-A3B-FP8,ok,32,127,5080,1453,0.2860236220472441,5080,3401,0.669488188976378,0,0.0,0.917571217059406,4661.2617826617825,0.9516732283464567,4834.5,Qwen/Qwen3.6-35B-A3B
low_margin,40,127,8,40640,cross_model,29318,0.7214074803149606,11322,0.2785925196850394,167,True,127,128,40,40,0,"[167, 40, 8]",0,True,40,True,128,167,40,0,0,40,"[128, 40, 8]",1,False,a93ef0f8c34edb643ab0,expected_aligned_shape,Qwen/Qwen3.6-35B-A3B-FP8,ok,32,127,5080,1353,0.26633858267716537,5080,3353,0.6600393700787401,0,0.0,0.9157459994074167,4651.989676989677,0.9510334645669292,4831.25,Qwen/Qwen3.6-35B-A3B
json_structured,40,127,8,40640,cross_model,28713,0.7065206692913386,11927,0.2934793307086614,159,True,127,128,32,32,0,"[159, 40, 8]",0,True,32,True,128,159,32,0,0,32,"[128, 40, 8]",1,False,a95c10308006ff1bd6e7,expected_aligned_shape,Qwen/Qwen3.6-35B-A3B-FP8,ok,32,127,5080,1254,0.2468503937007874,5080,3292,0.6480314960629922,0,0.0,0.9126790707105668,4636.409679209679,0.9489419291338582,4820.625,Qwen/Qwen3.6-35B-A3B
summarization,40,127,8,40640,cross_model,29802,0.7333169291338583,10838,0.26668307086614174,167,True,127,128,40,40,0,"[167, 40, 8]",0,True,40,True,128,167,40,0,0,40,"[128, 40, 8]",1,False,a96a34c6910a3b7fd989,expected_aligned_shape,Qwen/Qwen3.6-35B-A3B-FP8,ok,32,127,5080,1469,0.2891732283464567,5080,3453,0.6797244094488188,0,0.0,0.9207516586650446,4677.418426018426,0.9536417322834646,4844.5,Qwen/Qwen3.6-35B-A3B
mixed_language,40,127,8,40640,cross_model,29509,0.7261072834645669,11131,0.27389271653543307,159,True,127,128,32,32,0,"[159, 40, 8]",0,True,32,True,128,159,32,0,0,32,"[128, 40, 8]",1,False,a9a82339f6906ae005a2,expected_aligned_shape,Qwen/Qwen3.6-35B-A3B-FP8,ok,32,127,5080,1432,0.28188976377952757,5080,3460,0.6811023622047244,0,0.0,0.916712268483922,4656.898323898324,0.9501722440944882,4826.875,Qwen/Qwen3.6-35B-A3B
math_numeric,40,127,8,40640,cross_model,27068,0.6660433070866142,13572,0.3339566929133858,159,True,127,128,32,32,0,"[159, 40, 8]",0,True,32,True,128,159,32,0,0,32,"[128, 40, 8]",1,False,aa261b4a6e6449f298d0,expected_aligned_shape,Qwen/Qwen3.6-35B-A3B-FP8,ok,32,127,5080,1035,0.20374015748031496,5080,3013,0.5931102362204724,0,0.0,0.8917263401515371,4529.969807969808,0.9353346456692914,4751.5,Qwen/Qwen3.6-35B-A3B
logs,40,111,8,35520,cross_model,27790,0.7823761261261262,7730,0.21762387387387389,143,True,111,112,32,32,0,"[143, 40, 8]",0,True,32,True,112,143,32,0,0,32,"[112, 40, 8]",1,False,aa3d4fec3562da72aa6a,expected_aligned_shape,Qwen/Qwen3.6-35B-A3B-FP8,ok,32,111,4440,1544,0.34774774774774775,4440,3338,0.7518018018018018,0,0.0,0.9428901628901629,4186.432323232323,0.9675957207207208,4296.125,Qwen/Qwen3.6-35B-A3B
summarization,40,127,8,40640,cross_model,29249,0.7197096456692913,11391,0.28029035433070865,159,True,127,128,32,32,0,"[159, 40, 8]",0,True,32,True,128,159,32,0,0,32,"[128, 40, 8]",1,False,aacb92ed3f6e60fd9d5f,expected_aligned_shape,Qwen/Qwen3.6-35B-A3B-FP8,ok,32,127,5080,1333,0.26240157480314963,5080,3374,0.6641732283464566,0,0.0,0.9159955136726791,4653.25720945721,0.9506889763779528,4829.5,Qwen/Qwen3.6-35B-A3B
code,40,127,8,40640,cross_model,30366,0.7471948818897638,10274,0.2528051181102362,159,True,127,128,32,32,0,"[159, 40, 8]",0,True,32,True,128,159,32,0,0,32,"[128, 40, 8]",1,False,aadd28b4886c5dbaa3d8,expected_aligned_shape,Qwen/Qwen3.6-35B-A3B-FP8,ok,32,127,5080,1509,0.2970472440944882,5080,3507,0.6903543307086614,0,0.0,0.9229677103299152,4688.675968475968,0.9548228346456693,4850.5,Qwen/Qwen3.6-35B-A3B
needle,40,127,8,40640,cross_model,27772,0.6833661417322835,12868,0.31663385826771656,159,True,127,128,32,32,0,"[159, 40, 8]",0,True,32,True,128,159,32,0,0,32,"[128, 40, 8]",1,False,ab089e8514a0ce55fb66,expected_aligned_shape,Qwen/Qwen3.6-35B-A3B-FP8,ok,32,127,5080,1106,0.21771653543307087,5080,3160,0.6220472440944882,0,0.0,0.9034319529988821,4589.434321234321,0.942888779527559,4789.875,Qwen/Qwen3.6-35B-A3B
low_margin,40,127,8,40640,cross_model,28849,0.709867125984252,11791,0.29013287401574805,167,True,127,128,40,40,0,"[167, 40, 8]",0,True,40,True,128,167,40,0,0,40,"[128, 40, 8]",1,False,ab7dbeb8eba4ca95e6d6,expected_aligned_shape,Qwen/Qwen3.6-35B-A3B-FP8,ok,32,127,5080,1258,0.24763779527559054,5080,3291,0.6478346456692914,0,0.0,0.9121453262398144,4633.698257298257,0.9488435039370079,4820.125,Qwen/Qwen3.6-35B-A3B
logs,40,127,8,40640,cross_model,25857,0.6362450787401575,14783,0.36375492125984255,159,True,127,128,32,32,0,"[159, 40, 8]",0,True,32,True,128,159,32,0,0,32,"[128, 40, 8]",1,False,abd1e5548284e0ba471e,expected_aligned_shape,Qwen/Qwen3.6-35B-A3B-FP8,ok,32,127,5080,880,0.1732283464566929,5080,2829,0.5568897637795276,0,0.0,0.8851160344467431,4496.389454989455,0.9323572834645669,4736.375,Qwen/Qwen3.6-35B-A3B
json_structured,40,127,8,40640,cross_model,28113,0.6917568897637796,12527,0.3082431102362205,159,True,127,128,32,32,0,"[159, 40, 8]",0,True,32,True,128,159,32,0,0,32,"[128, 40, 8]",1,False,abf43694b67ef6c882b3,expected_aligned_shape,Qwen/Qwen3.6-35B-A3B-FP8,ok,32,127,5080,1122,0.22086614173228347,5080,3165,0.6230314960629921,0,0.0,0.9049303714658046,4597.046287046287,0.9442667322834646,4796.875,Qwen/Qwen3.6-35B-A3B
math_numeric,40,127,8,40640,cross_model,18829,0.4633120078740158,21811,0.5366879921259843,159,True,127,128,32,32,0,"[159, 40, 8]",0,True,32,True,128,159,32,0,0,32,"[128, 40, 8]",1,False,ac1f922ed790b98b82b7,expected_aligned_shape,Qwen/Qwen3.6-35B-A3B-FP8,ok,32,127,5080,190,0.03740157480314961,5080,1512,0.29763779527559053,0,0.0,0.7704244880229133,3913.7563991563993,0.8512057086614173,4324.125,Qwen/Qwen3.6-35B-A3B
needle,40,127,8,40640,cross_model,28569,0.7029773622047244,12071,0.2970226377952756,159,True,127,128,32,32,0,"[159, 40, 8]",0,True,32,True,128,159,32,0,0,32,"[128, 40, 8]",1,False,ac33f9d05160a51d246b,expected_aligned_shape,Qwen/Qwen3.6-35B-A3B-FP8,ok,32,127,5080,1199,0.23602362204724409,5080,3274,0.6444881889763779,0,0.0,0.9132152012466974,4639.133222333222,0.9499015748031496,4825.5,Qwen/Qwen3.6-35B-A3B
summarization,40,127,8,40640,cross_model,30307,0.7457431102362204,10333,0.2542568897637795,163,True,127,128,36,36,0,"[163, 40, 8]",0,True,36,True,128,163,36,0,0,36,"[128, 40, 8]",1,False,ac38bf1b34801bedfd6b,expected_aligned_shape,Qwen/Qwen3.6-35B-A3B-FP8,ok,32,127,5080,1519,0.29901574803149605,5080,3538,0.6964566929133859,0,0.0,0.9273665791776029,4711.022222222222,0.9583415354330709,4868.375,Qwen/Qwen3.6-35B-A3B
json_structured,40,127,8,40640,cross_model,24921,0.6132135826771653,15719,0.38678641732283464,159,True,127,128,32,32,0,"[159, 40, 8]",0,True,32,True,128,159,32,0,0,32,"[128, 40, 8]",1,False,ad325d58a6b06e8a8fda,expected_aligned_shape,Qwen/Qwen3.6-35B-A3B-FP8,ok,32,127,5080,759,0.14940944881889764,5080,2633,0.5183070866141732,0,0.0,0.8628100333612144,4383.074969474969,0.9152312992125984,4649.375,Qwen/Qwen3.6-35B-A3B
mixed_language,40,127,8,40640,cross_model,30470,0.749753937007874,10170,0.250246062992126,159,True,127,128,32,32,0,"[159, 40, 8]",0,True,32,True,128,159,32,0,0,32,"[128, 40, 8]",1,False,ade10a397e45b8d14a5f,expected_aligned_shape,Qwen/Qwen3.6-35B-A3B-FP8,ok,32,127,5080,1572,0.3094488188976378,5080,3593,0.7072834645669291,0,0.0,0.9305837906625308,4727.3656565656565,0.9602854330708661,4878.25,Qwen/Qwen3.6-35B-A3B
logs,40,68,8,21760,cross_model,14601,0.6710018382352941,7159,0.32899816176470587,100,True,68,69,32,32,0,"[100, 40, 8]",0,True,32,True,69,100,32,0,0,32,"[69, 40, 8]",1,False,ae3339e3b7f858fb5ff5,expected_aligned_shape,Qwen/Qwen3.6-35B-A3B-FP8,ok,32,68,2720,517,0.1900735294117647,2720,1618,0.5948529411764706,0,0.0,0.8976993921111567,2441.7423465423467,0.9403492647058823,2557.75,Qwen/Qwen3.6-35B-A3B
chat,40,127,8,40640,cross_model,28859,0.710113188976378,11781,0.28988681102362207,159,True,127,128,32,32,0,"[159, 40, 8]",0,True,32,True,128,159,32,0,0,32,"[128, 40, 8]",1,False,ae76d8f1f70e1a22c2e0,expected_aligned_shape,Qwen/Qwen3.6-35B-A3B-FP8,ok,32,127,5080,1231,0.24232283464566928,5080,3332,0.6559055118110236,0,0.0,0.9159737899895379,4653.146853146854,0.9514763779527559,4833.5,Qwen/Qwen3.6-35B-A3B
mixed_language,40,95,8,30400,cross_model,23457,0.7716118421052631,6943,0.22838815789473685,127,True,95,96,32,32,0,"[127, 40, 8]",0,True,32,True,96,127,32,0,0,32,"[96, 40, 8]",1,False,aea14acfc79450b0e99f,expected_aligned_shape,Qwen/Qwen3.6-35B-A3B-FP8,ok,32,95,3800,1314,0.34578947368421054,3800,2794,0.7352631578947368,0,0.0,0.9383753322700692,3565.8262626262626,0.9649013157894737,3666.625,Qwen/Qwen3.6-35B-A3B
math_numeric,40,127,8,40640,cross_model,18931,0.4658218503937008,21709,0.5341781496062992,159,True,127,128,32,32,0,"[159, 40, 8]",0,True,32,True,128,159,32,0,0,32,"[128, 40, 8]",1,False,af53f4e1b8b71d383419,expected_aligned_shape,Qwen/Qwen3.6-35B-A3B-FP8,ok,32,127,5080,193,0.037992125984251966,5080,1524,0.3,0,0.0,0.7722096713435295,3922.8251304251303,0.8532972440944881,4334.75,Qwen/Qwen3.6-35B-A3B
math_numeric,40,127,8,40640,cross_model,18175,0.4472194881889764,22465,0.5527805118110236,159,True,127,128,32,32,0,"[159, 40, 8]",0,True,32,True,128,159,32,0,0,32,"[128, 40, 8]",1,False,afc743ef9a5874b2461d,expected_aligned_shape,Qwen/Qwen3.6-35B-A3B-FP8,ok,32,127,5080,249,0.04901574803149606,5080,1607,0.31633858267716536,0,0.0,0.7451678330418487,3785.452591852592,0.8223917322834645,4177.75,Qwen/Qwen3.6-35B-A3B
mixed_language,40,38,8,12160,cross_model,8541,0.7023848684210526,3619,0.29761513157894737,70,True,38,39,32,32,0,"[70, 40, 8]",0,True,32,True,39,70,32,0,0,32,"[39, 40, 8]",1,False,b034860f5bcabdf1a129,expected_aligned_shape,Qwen/Qwen3.6-35B-A3B-FP8,ok,32,38,1520,376,0.24736842105263157,1520,1006,0.6618421052631579,0,0.0,0.9136136962452752,1388.6928182928184,0.9490953947368421,1442.625,Qwen/Qwen3.6-35B-A3B
logs,40,127,8,40640,cross_model,27984,0.6885826771653544,12656,0.3114173228346457,159,True,127,128,32,32,0,"[159, 40, 8]",0,True,32,True,128,159,32,0,0,32,"[128, 40, 8]",1,False,b0a965647293db98058a,expected_aligned_shape,Qwen/Qwen3.6-35B-A3B-FP8,ok,32,127,5080,1119,0.2202755905511811,5080,3113,0.6127952755905511,0,0.0,0.9034620585014286,4589.587257187257,0.9439222440944882,4795.125,Qwen/Qwen3.6-35B-A3B
code,40,127,8,40640,cross_model,30534,0.7513287401574803,10106,0.2486712598425197,159,True,127,128,32,32,0,"[159, 40, 8]",0,True,32,True,128,159,32,0,0,32,"[128, 40, 8]",1,False,b14149ddb8e202b613b7,expected_aligned_shape,Qwen/Qwen3.6-35B-A3B-FP8,ok,32,127,5080,1588,0.3125984251968504,5080,3491,0.6872047244094488,0,0.0,0.9206282038171801,4676.791275391275,0.953125,4841.875,Qwen/Qwen3.6-35B-A3B
logs,40,16,8,5120,cross_model,3400,0.6640625,1720,0.3359375,48,True,16,17,32,32,0,"[48, 40, 8]",0,True,32,True,17,48,32,0,0,32,"[17, 40, 8]",1,False,b1fe15a6bacd9a8dd540,expected_aligned_shape,Qwen/Qwen3.6-35B-A3B-FP8,ok,32,16,640,126,0.196875,640,387,0.6046875,0,0.0,0.9025820707070707,577.6525252525253,0.94375,604.0,Qwen/Qwen3.6-35B-A3B
mixed_language,40,127,8,40640,cross_model,30060,0.7396653543307087,10580,0.2603346456692913,159,True,127,128,32,32,0,"[159, 40, 8]",0,True,32,True,128,159,32,0,0,32,"[128, 40, 8]",1,False,b204a181e3e00826a19e,expected_aligned_shape,Qwen/Qwen3.6-35B-A3B-FP8,ok,32,127,5080,1464,0.28818897637795277,5080,3462,0.681496062992126,0,0.0,0.9231794801873543,4689.75175935176,0.9557086614173228,4855.0,Qwen/Qwen3.6-35B-A3B
short_qa,40,127,8,40640,cross_model,28444,0.6999015748031496,12196,0.30009842519685037,159,True,127,128,32,32,0,"[159, 40, 8]",0,True,32,True,128,159,32,0,0,32,"[128, 40, 8]",1,False,b270a59687c6d48c3e66,expected_aligned_shape,Qwen/Qwen3.6-35B-A3B-FP8,ok,32,127,5080,1230,0.2421259842519685,5080,3246,0.6389763779527559,0,0.0,0.9058161698319179,4601.546142746142,0.9438484251968504,4794.75,Qwen/Qwen3.6-35B-A3B
low_margin,40,127,8,40640,cross_model,30288,0.7452755905511811,10352,0.2547244094488189,166,True,127,128,39,39,0,"[166, 40, 8]",0,True,39,True,128,166,39,0,0,39,"[128, 40, 8]",1,False,b28ee28fbe03bf979460,expected_aligned_shape,Qwen/Qwen3.6-35B-A3B-FP8,ok,32,127,5080,1481,0.29153543307086616,5080,3540,0.6968503937007874,0,0.0,0.9275568525962227,4711.988811188811,0.9584399606299212,4868.875,Qwen/Qwen3.6-35B-A3B
chat,40,127,8,40640,cross_model,29332,0.721751968503937,11308,0.278248031496063,167,True,127,128,40,40,0,"[167, 40, 8]",0,True,40,True,128,167,40,0,0,40,"[128, 40, 8]",1,False,b2b8258c2c995965af4b,expected_aligned_shape,Qwen/Qwen3.6-35B-A3B-FP8,ok,32,127,5080,1340,0.2637795275590551,5080,3410,0.6712598425196851,0,0.0,0.9203292770221906,4675.272727272727,0.9541584645669291,4847.125,Qwen/Qwen3.6-35B-A3B
short_qa,40,127,8,40640,cross_model,29596,0.728248031496063,11044,0.271751968503937,166,True,127,128,39,39,0,"[166, 40, 8]",0,True,39,True,128,166,39,0,0,39,"[128, 40, 8]",1,False,b3358a4643b0968c564f,expected_aligned_shape,Qwen/Qwen3.6-35B-A3B-FP8,ok,32,127,5080,1377,0.2710629921259842,5080,3416,0.6724409448818898,0,0.0,0.920899502946747,4678.169474969475,0.9543799212598425,4848.25,Qwen/Qwen3.6-35B-A3B
needle,40,127,8,40640,cross_model,26794,0.6593011811023622,13846,0.3406988188976378,159,True,127,128,32,32,0,"[159, 40, 8]",0,True,32,True,128,159,32,0,0,32,"[128, 40, 8]",1,False,b33de6a1f836f1abafd5,expected_aligned_shape,Qwen/Qwen3.6-35B-A3B-FP8,ok,32,127,5080,1038,0.2043307086614173,5080,2946,0.5799212598425196,0,0.0,0.8868108269683072,4504.999000999001,0.932603346456693,4737.625,Qwen/Qwen3.6-35B-A3B
logs,40,110,8,35200,cross_model,26391,0.7497443181818182,8809,0.2502556818181818,142,True,110,111,32,32,0,"[142, 40, 8]",0,True,32,True,111,142,32,0,0,32,"[111, 40, 8]",1,False,b3533fba0511179eb54e,expected_aligned_shape,Qwen/Qwen3.6-35B-A3B-FP8,ok,32,110,4400,1360,0.3090909090909091,4400,3171,0.7206818181818182,0,0.0,0.9310930382748565,4096.809368409368,0.9599147727272728,4223.625,Qwen/Qwen3.6-35B-A3B
needle,40,127,8,40640,cross_model,28134,0.6922736220472441,12506,0.3077263779527559,159,True,127,128,32,32,0,"[159, 40, 8]",0,True,32,True,128,159,32,0,0,32,"[128, 40, 8]",1,False,b3952ae16ba147c8cd92,expected_aligned_shape,Qwen/Qwen3.6-35B-A3B-FP8,ok,32,127,5080,1143,0.225,5080,3212,0.6322834645669292,0,0.0,0.9097971844428537,4621.769696969697,0.9478346456692913,4815.0,Qwen/Qwen3.6-35B-A3B
mixed_language,40,104,8,33280,cross_model,25628,0.7700721153846154,7652,0.2299278846153846,136,True,104,105,32,32,0,"[136, 40, 8]",0,True,32,True,105,136,32,0,0,32,"[105, 40, 8]",1,False,b39ecdee70b98880a90c,expected_aligned_shape,Qwen/Qwen3.6-35B-A3B-FP8,ok,32,104,4160,1388,0.33365384615384613,4160,3024,0.7269230769230769,0,0.0,0.935437062937063,3891.418181818182,0.9631009615384616,4006.5,Qwen/Qwen3.6-35B-A3B
summarization,40,127,8,40640,cross_model,30014,0.7385334645669291,10626,0.26146653543307086,159,True,127,128,32,32,0,"[159, 40, 8]",0,True,32,True,128,159,32,0,0,32,"[128, 40, 8]",1,False,b438494eb80e2a33b051,expected_aligned_shape,Qwen/Qwen3.6-35B-A3B-FP8,ok,32,127,5080,1470,0.28937007874015747,5080,3524,0.6937007874015748,0,0.0,0.9256225139689707,4702.162370962371,0.9570127952755906,4861.625,Qwen/Qwen3.6-35B-A3B
logs,40,127,8,40640,cross_model,28976,0.712992125984252,11664,0.287007874015748,159,True,127,128,32,32,0,"[159, 40, 8]",0,True,32,True,128,159,32,0,0,32,"[128, 40, 8]",1,False,b43e2b711aafe6f58ffa,expected_aligned_shape,Qwen/Qwen3.6-35B-A3B-FP8,ok,32,127,5080,1324,0.2606299212598425,5080,3321,0.653740157480315,0,0.0,0.9137243421495389,4641.719658119659,0.949876968503937,4825.375,Qwen/Qwen3.6-35B-A3B
needle,40,127,8,40640,cross_model,27330,0.6724901574803149,13310,0.327509842519685,159,True,127,128,32,32,0,"[159, 40, 8]",0,True,32,True,128,159,32,0,0,32,"[128, 40, 8]",1,False,b49734e89f704f2827c9,expected_aligned_shape,Qwen/Qwen3.6-35B-A3B-FP8,ok,32,127,5080,1099,0.21633858267716535,5080,3052,0.6007874015748031,0,0.0,0.895445254657853,4548.861893661894,0.9383120078740157,4766.625,Qwen/Qwen3.6-35B-A3B
needle,40,15,8,4800,cross_model,3027,0.630625,1773,0.369375,47,True,15,16,32,32,0,"[47, 40, 8]",0,True,32,True,16,47,32,0,0,32,"[16, 40, 8]",1,False,b54278f29f5bc64e9e22,expected_aligned_shape,Qwen/Qwen3.6-35B-A3B-FP8,ok,32,15,600,101,0.16833333333333333,600,344,0.5733333333333334,0,0.0,0.8890101010101009,533.4060606060606,0.935,561.0,Qwen/Qwen3.6-35B-A3B
low_margin,40,127,8,40640,cross_model,29486,0.7255413385826772,11154,0.27445866141732284,167,True,127,128,40,40,0,"[167, 40, 8]",0,True,40,True,128,167,40,0,0,40,"[128, 40, 8]",1,False,b641da231fe9bad7f85c,expected_aligned_shape,Qwen/Qwen3.6-35B-A3B-FP8,ok,32,127,5080,1326,0.2610236220472441,5080,3404,0.6700787401574804,0,0.0,0.9190741629324306,4668.896747696747,0.9529527559055118,4841.0,Qwen/Qwen3.6-35B-A3B
low_margin,40,127,8,40640,cross_model,29316,0.7213582677165354,11324,0.27864173228346456,167,True,127,128,40,40,0,"[167, 40, 8]",0,True,40,True,128,167,40,0,0,40,"[128, 40, 8]",1,False,b69f7e4585abe21bd34a,expected_aligned_shape,Qwen/Qwen3.6-35B-A3B-FP8,ok,32,127,5080,1342,0.2641732283464567,5080,3325,0.6545275590551181,0,0.0,0.915589825747306,4651.196314796315,0.9511811023622048,4832.0,Qwen/Qwen3.6-35B-A3B
mixed_language,40,89,8,28480,cross_model,21595,0.758251404494382,6885,0.24174859550561797,121,True,89,90,32,32,0,"[121, 40, 8]",0,True,32,True,90,121,32,0,0,32,"[90, 40, 8]",1,False,b6b677ccaefa4ea5366c,expected_aligned_shape,Qwen/Qwen3.6-35B-A3B-FP8,ok,32,89,3560,1105,0.3103932584269663,3560,2569,0.721629213483146,0,0.0,0.9347985472704574,3327.882828282828,0.9628160112359551,3427.625,Qwen/Qwen3.6-35B-A3B
math_numeric,40,127,8,40640,cross_model,21358,0.5255413385826772,19282,0.47445866141732285,159,True,127,128,32,32,0,"[159, 40, 8]",0,True,32,True,128,159,32,0,0,32,"[128, 40, 8]",1,False,b7276f246137fc7db1bc,expected_aligned_shape,Qwen/Qwen3.6-35B-A3B-FP8,ok,32,127,5080,571,0.1124015748031496,5080,2120,0.41732283464566927,0,0.0,0.7814352620258131,3969.691131091131,0.8491633858267716,4313.75,Qwen/Qwen3.6-35B-A3B
mixed_language,40,127,8,40640,cross_model,30072,0.7399606299212599,10568,0.2600393700787402,159,True,127,128,32,32,0,"[159, 40, 8]",0,True,32,True,128,159,32,0,0,32,"[128, 40, 8]",1,False,b77295d8220def51e089,expected_aligned_shape,Qwen/Qwen3.6-35B-A3B-FP8,ok,32,127,5080,1474,0.29015748031496064,5080,3459,0.6809055118110237,0,0.0,0.9209856897258472,4678.607303807304,0.953986220472441,4846.25,Qwen/Qwen3.6-35B-A3B
math_numeric,40,127,8,40640,cross_model,24790,0.6099901574803149,15850,0.390009842519685,159,True,127,128,32,32,0,"[159, 40, 8]",0,True,32,True,128,159,32,0,0,32,"[128, 40, 8]",1,False,b79d83ec99e1695f39bf,expected_aligned_shape,Qwen/Qwen3.6-35B-A3B-FP8,ok,32,127,5080,884,0.17401574803149605,5080,2669,0.5253937007874016,0,0.0,0.8492574354779079,4314.227772227772,0.9010088582677165,4577.125,Qwen/Qwen3.6-35B-A3B
logs,40,127,8,40640,cross_model,27707,0.6817667322834645,12933,0.31823326771653543,159,True,127,128,32,32,0,"[159, 40, 8]",0,True,32,True,128,159,32,0,0,32,"[128, 40, 8]",1,False,b8d050c146b8c154b37a,expected_aligned_shape,Qwen/Qwen3.6-35B-A3B-FP8,ok,32,127,5080,1143,0.225,5080,3095,0.609251968503937,0,0.0,0.9006873266715785,4575.4916194916195,0.9418307086614173,4784.5,Qwen/Qwen3.6-35B-A3B
mixed_language,40,127,8,40640,cross_model,30155,0.7420029527559056,10485,0.2579970472440945,159,True,127,128,32,32,0,"[159, 40, 8]",0,True,32,True,128,159,32,0,0,32,"[128, 40, 8]",1,False,b9616c5944d9819ba8e5,expected_aligned_shape,Qwen/Qwen3.6-35B-A3B-FP8,ok,32,127,5080,1520,0.2992125984251969,5080,3481,0.6852362204724409,0,0.0,0.9216942550013415,4682.206815406816,0.9543307086614173,4848.0,Qwen/Qwen3.6-35B-A3B
math_numeric,40,127,8,40640,cross_model,18529,0.4559301181102362,22111,0.5440698818897638,159,True,127,128,32,32,0,"[159, 40, 8]",0,True,32,True,128,159,32,0,0,32,"[128, 40, 8]",1,False,b9de9336a7f6c1179e5d,expected_aligned_shape,Qwen/Qwen3.6-35B-A3B-FP8,ok,32,127,5080,173,0.03405511811023622,5080,1438,0.28307086614173227,0,0.0,0.7627992654764307,3875.020268620269,0.8455954724409449,4295.625,Qwen/Qwen3.6-35B-A3B
needle,40,127,8,40640,cross_model,28477,0.7007135826771653,12163,0.2992864173228346,159,True,127,128,32,32,0,"[159, 40, 8]",0,True,32,True,128,159,32,0,0,32,"[128, 40, 8]",1,False,b9df8f328121db1a4ee4,expected_aligned_shape,Qwen/Qwen3.6-35B-A3B-FP8,ok,32,127,5080,1213,0.23877952755905513,5080,3281,0.6458661417322835,0,0.0,0.9130748429173626,4638.420202020202,0.949876968503937,4825.375,Qwen/Qwen3.6-35B-A3B
needle,40,127,8,40640,cross_model,27313,0.6720718503937008,13327,0.32792814960629924,159,True,127,128,32,32,0,"[159, 40, 8]",0,True,32,True,128,159,32,0,0,32,"[128, 40, 8]",1,False,b9e14e0a1d863d6ecf11,expected_aligned_shape,Qwen/Qwen3.6-35B-A3B-FP8,ok,32,127,5080,1113,0.21909448818897637,5080,2965,0.5836614173228346,0,0.0,0.888775170586194,4514.977866577867,0.9339320866141733,4744.375,Qwen/Qwen3.6-35B-A3B
json_structured,40,127,8,40640,cross_model,27864,0.6856299212598426,12776,0.3143700787401575,159,True,127,128,32,32,0,"[159, 40, 8]",0,True,32,True,128,159,32,0,0,32,"[128, 40, 8]",1,False,ba1335421606c497e994,expected_aligned_shape,Qwen/Qwen3.6-35B-A3B-FP8,ok,32,127,5080,1162,0.22874015748031495,5080,3201,0.6301181102362204,0,0.0,0.9081637085574094,4613.47163947164,0.9466781496062993,4809.125,Qwen/Qwen3.6-35B-A3B
chat,40,127,8,40640,cross_model,29023,0.714148622047244,11617,0.2858513779527559,159,True,127,128,32,32,0,"[159, 40, 8]",0,True,32,True,128,159,32,0,0,32,"[128, 40, 8]",1,False,ba1c8a360468d76679fe,expected_aligned_shape,Qwen/Qwen3.6-35B-A3B-FP8,ok,32,127,5080,1293,0.2545275590551181,5080,3341,0.6576771653543307,0,0.0,0.9153606279984232,4650.031990231991,0.9506397637795275,4829.25,Qwen/Qwen3.6-35B-A3B
mixed_language,40,127,8,40640,cross_model,30937,0.7612450787401575,9703,0.23875492125984252,159,True,127,128,32,32,0,"[159, 40, 8]",0,True,32,True,128,159,32,0,0,32,"[128, 40, 8]",1,False,ba65def01d2b01694f98,expected_aligned_shape,Qwen/Qwen3.6-35B-A3B-FP8,ok,32,127,5080,1676,0.3299212598425197,5080,3648,0.7181102362204724,0,0.0,0.9322080893734437,4735.617094017094,0.9610236220472441,4882.0,Qwen/Qwen3.6-35B-A3B
logs,40,95,8,30400,cross_model,22845,0.7514802631578947,7555,0.24851973684210527,127,True,95,96,32,32,0,"[127, 40, 8]",0,True,32,True,96,127,32,0,0,32,"[96, 40, 8]",1,False,ba90285f5d165222ce5e,expected_aligned_shape,Qwen/Qwen3.6-35B-A3B-FP8,ok,32,95,3800,1182,0.31105263157894736,3800,2736,0.72,0,0.0,0.9312782889624996,3538.857498057498,0.9601315789473684,3648.5,Qwen/Qwen3.6-35B-A3B
low_margin,40,127,8,40640,cross_model,28849,0.709867125984252,11791,0.29013287401574805,167,True,127,128,40,40,0,"[167, 40, 8]",0,True,40,True,128,167,40,0,0,40,"[128, 40, 8]",1,False,bb425ec9a493aabd03b9,expected_aligned_shape,Qwen/Qwen3.6-35B-A3B-FP8,ok,32,127,5080,1279,0.2517716535433071,5080,3309,0.6513779527559055,0,0.0,0.915610435059254,4651.30101010101,0.9514517716535433,4833.375,Qwen/Qwen3.6-35B-A3B
chat,40,127,8,40640,cross_model,28817,0.7090797244094488,11823,0.29092027559055117,159,True,127,128,32,32,0,"[159, 40, 8]",0,True,32,True,128,159,32,0,0,32,"[128, 40, 8]",1,False,bb9f3452352324fc3c52,expected_aligned_shape,Qwen/Qwen3.6-35B-A3B-FP8,ok,32,127,5080,1244,0.24488188976377953,5080,3322,0.6539370078740158,0,0.0,0.9145900643538439,4646.117526917527,0.9504183070866141,4828.125,Qwen/Qwen3.6-35B-A3B
code,40,127,8,40640,cross_model,30171,0.7423966535433071,10469,0.2576033464566929,166,True,127,128,39,39,0,"[166, 40, 8]",0,True,39,True,128,166,39,0,0,39,"[128, 40, 8]",1,False,bc0875d784a2de5a98a0,expected_aligned_shape,Qwen/Qwen3.6-35B-A3B-FP8,ok,32,127,5080,1541,0.3033464566929134,5080,3468,0.6826771653543308,0,0.0,0.9174983415534598,4660.891575091575,0.950369094488189,4827.875,Qwen/Qwen3.6-35B-A3B
math_numeric,40,127,8,40640,cross_model,21059,0.5181840551181103,19581,0.4818159448818898,159,True,127,128,32,32,0,"[159, 40, 8]",0,True,32,True,128,159,32,0,0,32,"[128, 40, 8]",1,False,bc09d97877043b0c280b,expected_aligned_shape,Qwen/Qwen3.6-35B-A3B-FP8,ok,32,127,5080,315,0.06200787401574803,5080,1929,0.3797244094488189,0,0.0,0.8178421622122409,4154.638184038184,0.8870570866141733,4506.25,Qwen/Qwen3.6-35B-A3B
short_qa,40,127,8,40640,cross_model,28730,0.7069389763779528,11910,0.2930610236220472,159,True,127,128,32,32,0,"[159, 40, 8]",0,True,32,True,128,159,32,0,0,32,"[128, 40, 8]",1,False,bc52ef6c6ead85290cd7,expected_aligned_shape,Qwen/Qwen3.6-35B-A3B-FP8,ok,32,127,5080,1227,0.24153543307086614,5080,3287,0.6470472440944882,0,0.0,0.9114770006895991,4630.303163503164,0.9479822834645669,4815.75,Qwen/Qwen3.6-35B-A3B
chat,40,127,8,40640,cross_model,29071,0.7153297244094489,11569,0.2846702755905512,167,True,127,128,40,40,0,"[167, 40, 8]",0,True,40,True,128,167,40,0,0,40,"[128, 40, 8]",1,False,bcf9daa3b35111492e38,expected_aligned_shape,Qwen/Qwen3.6-35B-A3B-FP8,ok,32,127,5080,1288,0.25354330708661416,5080,3344,0.658267716535433,0,0.0,0.9144505713009652,4645.408902208902,0.9501722440944882,4826.875,Qwen/Qwen3.6-35B-A3B
needle,40,127,8,40640,cross_model,28752,0.7074803149606299,11888,0.2925196850393701,159,True,127,128,32,32,0,"[159, 40, 8]",0,True,32,True,128,159,32,0,0,32,"[128, 40, 8]",1,False,bd3bee2440df1baed4f2,expected_aligned_shape,Qwen/Qwen3.6-35B-A3B-FP8,ok,32,127,5080,1199,0.23602362204724409,5080,3302,0.65,0,0.0,0.9143482064741907,4644.888888888889,0.9505905511811024,4829.0,Qwen/Qwen3.6-35B-A3B
math_numeric,40,127,8,40640,cross_model,18469,0.4544537401574803,22171,0.5455462598425197,159,True,127,128,32,32,0,"[159, 40, 8]",0,True,32,True,128,159,32,0,0,32,"[128, 40, 8]",1,False,bd8914833777db73e6d5,expected_aligned_shape,Qwen/Qwen3.6-35B-A3B-FP8,ok,32,127,5080,201,0.039566929133858265,5080,1513,0.29783464566929135,0,0.0,0.7650577768688004,3886.4935064935066,0.8464812992125984,4300.125,Qwen/Qwen3.6-35B-A3B
math_numeric,40,127,8,40640,cross_model,18739,0.46109744094488186,21901,0.5389025590551181,159,True,127,128,32,32,0,"[159, 40, 8]",0,True,32,True,128,159,32,0,0,32,"[128, 40, 8]",1,False,bde71631f9f7b4d568ac,expected_aligned_shape,Qwen/Qwen3.6-35B-A3B-FP8,ok,32,127,5080,177,0.03484251968503937,5080,1430,0.281496062992126,0,0.0,0.7678924749790891,3900.893772893773,0.8499261811023622,4317.625,Qwen/Qwen3.6-35B-A3B
mixed_language,40,127,8,40640,cross_model,30516,0.7508858267716535,10124,0.24911417322834645,159,True,127,128,32,32,0,"[159, 40, 8]",0,True,32,True,128,159,32,0,0,32,"[128, 40, 8]",1,False,be1123aa3ca70c1a5469,expected_aligned_shape,Qwen/Qwen3.6-35B-A3B-FP8,ok,32,127,5080,1571,0.309251968503937,5080,3556,0.7,0,0.0,0.9279374169137948,4713.922077922078,0.9584891732283465,4869.125,Qwen/Qwen3.6-35B-A3B
code,40,127,8,40640,cross_model,28115,0.6918061023622047,12525,0.30819389763779526,159,True,127,128,32,32,0,"[159, 40, 8]",0,True,32,True,128,159,32,0,0,32,"[128, 40, 8]",1,False,be91132ff734fbb21c7f,expected_aligned_shape,Qwen/Qwen3.6-35B-A3B-FP8,ok,32,127,5080,1174,0.2311023622047244,5080,3130,0.6161417322834646,0,0.0,0.9005804868796995,4574.948873348873,0.9415600393700787,4783.125,Qwen/Qwen3.6-35B-A3B
needle,40,127,8,40640,cross_model,27817,0.6844734251968504,12823,0.3155265748031496,159,True,127,128,32,32,0,"[159, 40, 8]",0,True,32,True,128,159,32,0,0,32,"[128, 40, 8]",1,False,bf08480c2da63ae571d7,expected_aligned_shape,Qwen/Qwen3.6-35B-A3B-FP8,ok,32,127,5080,1152,0.22677165354330708,5080,3123,0.614763779527559,0,0.0,0.9010287088239844,4577.225840825841,0.9417568897637796,4784.125,Qwen/Qwen3.6-35B-A3B
code,40,127,8,40640,cross_model,29133,0.7168553149606299,11507,0.28314468503937007,166,True,127,128,39,39,0,"[166, 40, 8]",0,True,39,True,128,166,39,0,0,39,"[128, 40, 8]",1,False,bf0c65a32a736f320995,expected_aligned_shape,Qwen/Qwen3.6-35B-A3B-FP8,ok,32,127,5080,1336,0.262992125984252,5080,3331,0.6557086614173229,0,0.0,0.9146755868803113,4646.551981351981,0.9505905511811024,4829.0,Qwen/Qwen3.6-35B-A3B
needle,40,127,8,40640,cross_model,28037,0.689886811023622,12603,0.31011318897637796,159,True,127,128,32,32,0,"[159, 40, 8]",0,True,32,True,128,159,32,0,0,32,"[128, 40, 8]",1,False,bf0dc69d9f0f3d3976d7,expected_aligned_shape,Qwen/Qwen3.6-35B-A3B-FP8,ok,32,127,5080,1126,0.22165354330708661,5080,3165,0.6230314960629921,0,0.0,0.9062172910204406,4603.583838383838,0.9456692913385827,4804.0,Qwen/Qwen3.6-35B-A3B
chat,40,127,8,40640,cross_model,28891,0.7109005905511812,11749,0.2890994094488189,159,True,127,128,32,32,0,"[159, 40, 8]",0,True,32,True,128,159,32,0,0,32,"[128, 40, 8]",1,False,bfe9d8748090a0b3bf68,expected_aligned_shape,Qwen/Qwen3.6-35B-A3B-FP8,ok,32,127,5080,1223,0.240748031496063,5080,3277,0.6450787401574803,0,0.0,0.9139345081864766,4642.787301587302,0.9503937007874016,4828.0,Qwen/Qwen3.6-35B-A3B
logs,40,127,8,40640,cross_model,26973,0.6637057086614173,13667,0.3362942913385827,159,True,127,128,32,32,0,"[159, 40, 8]",0,True,32,True,128,159,32,0,0,32,"[128, 40, 8]",1,False,c000e33ffbec190dcaa3,expected_aligned_shape,Qwen/Qwen3.6-35B-A3B-FP8,ok,32,127,5080,961,0.1891732283464567,5080,2975,0.5856299212598425,0,0.0,0.8917459924152837,4530.069641469641,0.9359251968503937,4754.5,Qwen/Qwen3.6-35B-A3B
chat,40,127,8,40640,cross_model,28941,0.712130905511811,11699,0.287869094488189,159,True,127,128,32,32,0,"[159, 40, 8]",0,True,32,True,128,159,32,0,0,32,"[128, 40, 8]",1,False,c02450409eef8eb7d4d6,expected_aligned_shape,Qwen/Qwen3.6-35B-A3B-FP8,ok,32,127,5080,1299,0.25570866141732285,5080,3338,0.6570866141732283,0,0.0,0.915482872333266,4650.652991452991,0.9510580708661417,4831.375,Qwen/Qwen3.6-35B-A3B
summarization,40,127,8,40640,cross_model,30423,0.7485974409448819,10217,0.2514025590551181,167,True,127,128,40,40,0,"[167, 40, 8]",0,True,40,True,128,167,40,0,0,40,"[128, 40, 8]",1,False,c025eac16347df535db1,expected_aligned_shape,Qwen/Qwen3.6-35B-A3B-FP8,ok,32,127,5080,1540,0.3031496062992126,5080,3595,0.7076771653543307,0,0.0,0.9280428844995775,4714.4578532578535,0.9581938976377953,4867.625,Qwen/Qwen3.6-35B-A3B
code,40,49,8,15680,cross_model,11167,0.7121811224489796,4513,0.2878188775510204,81,True,49,50,32,32,0,"[81, 40, 8]",0,True,32,True,50,81,32,0,0,32,"[50, 40, 8]",1,False,c057fd9c1f2f5132233c,expected_aligned_shape,Qwen/Qwen3.6-35B-A3B-FP8,ok,32,49,1960,532,0.2714285714285714,1960,1266,0.6459183673469387,0,0.0,0.9099597454699496,1783.521101121101,0.9473214285714285,1856.75,Qwen/Qwen3.6-35B-A3B
low_margin,40,127,8,40640,cross_model,30806,0.7580216535433071,9834,0.24197834645669292,166,True,127,128,39,39,0,"[166, 40, 8]",0,True,39,True,128,166,39,0,0,39,"[128, 40, 8]",1,False,c058e744ed61ad3635ee,expected_aligned_shape,Qwen/Qwen3.6-35B-A3B-FP8,ok,32,127,5080,1606,0.3161417322834646,5080,3663,0.7210629921259842,0,0.0,0.9348771176330231,4749.175757575757,0.9629183070866142,4891.625,Qwen/Qwen3.6-35B-A3B
needle,40,127,8,40640,cross_model,28348,0.6975393700787401,12292,0.3024606299212598,159,True,127,128,32,32,0,"[159, 40, 8]",0,True,32,True,128,159,32,0,0,32,"[128, 40, 8]",1,False,c06ae4e7b644b76be239,expected_aligned_shape,Qwen/Qwen3.6-35B-A3B-FP8,ok,32,127,5080,1201,0.23641732283464567,5080,3190,0.6279527559055118,0,0.0,0.9075247412255285,4610.225685425686,0.9463090551181103,4807.25,Qwen/Qwen3.6-35B-A3B
math_numeric,40,127,8,40640,cross_model,29638,0.7292814960629921,11002,0.27071850393700786,159,True,127,128,32,32,0,"[159, 40, 8]",0,True,32,True,128,159,32,0,0,32,"[128, 40, 8]",1,False,c0715ef1a1d75dd588a1,expected_aligned_shape,Qwen/Qwen3.6-35B-A3B-FP8,ok,32,127,5080,1388,0.2732283464566929,5080,3354,0.6602362204724409,0,0.0,0.9157010618427942,4651.7613941613945,0.9509842519685039,4831.0,Qwen/Qwen3.6-35B-A3B
code,40,127,8,40640,cross_model,29413,0.7237450787401575,11227,0.2762549212598425,165,True,127,128,38,38,0,"[165, 40, 8]",0,True,38,True,128,165,38,0,0,38,"[128, 40, 8]",1,False,c09cc454c37cd68fb6d9,expected_aligned_shape,Qwen/Qwen3.6-35B-A3B-FP8,ok,32,127,5080,1370,0.26968503937007876,5080,3454,0.6799212598425197,0,0.0,0.9218175700065463,4682.833255633255,0.9548720472440945,4850.75,Qwen/Qwen3.6-35B-A3B
logs,40,127,8,40640,cross_model,28761,0.7077017716535433,11879,0.2922982283464567,159,True,127,128,32,32,0,"[159, 40, 8]",0,True,32,True,128,159,32,0,0,32,"[128, 40, 8]",1,False,c0ba3962279f7f0cca15,expected_aligned_shape,Qwen/Qwen3.6-35B-A3B-FP8,ok,32,127,5080,1292,0.2543307086614173,5080,3285,0.6466535433070866,0,0.0,0.9122365386144915,4634.161616161617,0.9491141732283465,4821.5,Qwen/Qwen3.6-35B-A3B
logs,40,127,8,40640,cross_model,31371,0.7719242125984253,9269,0.2280757874015748,159,True,127,128,32,32,0,"[159, 40, 8]",0,True,32,True,128,159,32,0,0,32,"[128, 40, 8]",1,False,c0f30469870c1882f182,expected_aligned_shape,Qwen/Qwen3.6-35B-A3B-FP8,ok,32,127,5080,1719,0.3383858267716535,5080,3746,0.7374015748031496,0,0.0,0.9382761595360019,4766.4428904428905,0.9647145669291338,4900.75,Qwen/Qwen3.6-35B-A3B
low_margin,40,127,8,40640,cross_model,28710,0.7064468503937008,11930,0.2935531496062992,167,True,127,128,40,40,0,"[167, 40, 8]",0,True,40,True,128,167,40,0,0,40,"[128, 40, 8]",1,False,c0fdc8702bb662c9bdcd,expected_aligned_shape,Qwen/Qwen3.6-35B-A3B-FP8,ok,32,127,5080,1203,0.23681102362204726,5080,3273,0.6442913385826772,0,0.0,0.9132036904477849,4639.074747474748,0.9499753937007874,4825.875,Qwen/Qwen3.6-35B-A3B
math_numeric,40,127,8,40640,cross_model,21488,0.528740157480315,19152,0.47125984251968506,159,True,127,128,32,32,0,"[159, 40, 8]",0,True,32,True,128,159,32,0,0,32,"[128, 40, 8]",1,False,c173dc51d47cf438e861,expected_aligned_shape,Qwen/Qwen3.6-35B-A3B-FP8,ok,32,127,5080,585,0.11515748031496063,5080,2101,0.41358267716535435,0,0.0,0.7885558273747251,4005.863603063603,0.8563976377952756,4350.5,Qwen/Qwen3.6-35B-A3B
short_qa,40,127,8,40640,cross_model,27759,0.6830462598425197,12881,0.3169537401574803,159,True,127,128,32,32,0,"[159, 40, 8]",0,True,32,True,128,159,32,0,0,32,"[128, 40, 8]",1,False,c1d92ed66ff7504060bd,expected_aligned_shape,Qwen/Qwen3.6-35B-A3B-FP8,ok,32,127,5080,1124,0.22125984251968503,5080,3132,0.6165354330708661,0,0.0,0.9050552771812613,4597.680808080808,0.9450787401574803,4801.0,Qwen/Qwen3.6-35B-A3B
code,40,127,8,40640,cross_model,30356,0.7469488188976378,10284,0.2530511811023622,159,True,127,128,32,32,0,"[159, 40, 8]",0,True,32,True,128,159,32,0,0,32,"[128, 40, 8]",1,False,c2334f66513a06d515e0,expected_aligned_shape,Qwen/Qwen3.6-35B-A3B-FP8,ok,32,127,5080,1512,0.29763779527559053,5080,3476,0.684251968503937,0,0.0,0.9216460573547189,4681.961971361971,0.9541092519685039,4846.875,Qwen/Qwen3.6-35B-A3B
math_numeric,40,127,8,40640,cross_model,28931,0.7118848425196851,11709,0.28811515748031497,159,True,127,128,32,32,0,"[159, 40, 8]",0,True,32,True,128,159,32,0,0,32,"[128, 40, 8]",1,False,c236ed6d3e66598d38ff,expected_aligned_shape,Qwen/Qwen3.6-35B-A3B-FP8,ok,32,127,5080,1316,0.25905511811023624,5080,3273,0.6442913385826772,0,0.0,0.9020090146074399,4582.2057942057945,0.9390009842519685,4770.125,Qwen/Qwen3.6-35B-A3B
low_margin,40,127,8,40640,cross_model,29296,0.7208661417322835,11344,0.27913385826771653,167,True,127,128,40,40,0,"[167, 40, 8]",0,True,40,True,128,167,40,0,0,40,"[128, 40, 8]",1,False,c23c9fd92a4530fe93e9,expected_aligned_shape,Qwen/Qwen3.6-35B-A3B-FP8,ok,32,127,5080,1309,0.2576771653543307,5080,3347,0.6588582677165354,0,0.0,0.9179710490734113,4663.292929292929,0.9529281496062992,4840.875,Qwen/Qwen3.6-35B-A3B
short_qa,40,127,8,40640,cross_model,30727,0.7560777559055119,9913,0.24392224409448818,159,True,127,128,32,32,0,"[159, 40, 8]",0,True,32,True,128,159,32,0,0,32,"[128, 40, 8]",1,False,c3c4c2e82943eae361d0,expected_aligned_shape,Qwen/Qwen3.6-35B-A3B-FP8,ok,32,127,5080,1569,0.3088582677165354,5080,3649,0.7183070866141732,0,0.0,0.933337082864642,4741.352380952381,0.9617864173228347,4885.875,Qwen/Qwen3.6-35B-A3B
needle,40,127,8,40640,cross_model,28355,0.6977116141732284,12285,0.30228838582677164,159,True,127,128,32,32,0,"[159, 40, 8]",0,True,32,True,128,159,32,0,0,32,"[128, 40, 8]",1,False,c4213b88ba1462fe5fad,expected_aligned_shape,Qwen/Qwen3.6-35B-A3B-FP8,ok,32,127,5080,1213,0.23877952755905513,5080,3217,0.6332677165354331,0,0.0,0.9101491072357214,4623.557464757465,0.9481053149606299,4816.375,Qwen/Qwen3.6-35B-A3B
json_structured,40,127,8,40640,cross_model,25751,0.633636811023622,14889,0.36636318897637793,159,True,127,128,32,32,0,"[159, 40, 8]",0,True,32,True,128,159,32,0,0,32,"[128, 40, 8]",1,False,c4eed7d508d06351658f,expected_aligned_shape,Qwen/Qwen3.6-35B-A3B-FP8,ok,32,127,5080,901,0.17736220472440944,5080,2834,0.5578740157480315,0,0.0,0.8725613668920755,4432.6117438117435,0.9212352362204724,4679.875,Qwen/Qwen3.6-35B-A3B
json_structured,40,127,8,40640,cross_model,27722,0.6821358267716535,12918,0.3178641732283465,159,True,127,128,32,32,0,"[159, 40, 8]",0,True,32,True,128,159,32,0,0,32,"[128, 40, 8]",1,False,c51ccd801ae84bae5d0f,expected_aligned_shape,Qwen/Qwen3.6-35B-A3B-FP8,ok,32,127,5080,1105,0.21751968503937008,5080,3198,0.6295275590551181,0,0.0,0.9045104239592429,4594.912953712954,0.9431594488188977,4791.25,Qwen/Qwen3.6-35B-A3B
code,40,127,8,40640,cross_model,29080,0.7155511811023622,11560,0.2844488188976378,166,True,127,128,39,39,0,"[166, 40, 8]",0,True,39,True,128,166,39,0,0,39,"[128, 40, 8]",1,False,c59559f5c664cfd2045e,expected_aligned_shape,Qwen/Qwen3.6-35B-A3B-FP8,ok,32,127,5080,1341,0.2639763779527559,5080,3312,0.6519685039370079,0,0.0,0.9100805056710569,4623.208968808969,0.9464566929133859,4808.0,Qwen/Qwen3.6-35B-A3B
short_qa,40,127,8,40640,cross_model,29070,0.7153051181102362,11570,0.2846948818897638,159,True,127,128,32,32,0,"[159, 40, 8]",0,True,32,True,128,159,32,0,0,32,"[128, 40, 8]",1,False,c6d418ee2c1362c7b544,expected_aligned_shape,Qwen/Qwen3.6-35B-A3B-FP8,ok,32,127,5080,1307,0.25728346456692913,5080,3331,0.6557086614173229,0,0.0,0.9143544251024566,4644.92047952048,0.9499753937007874,4825.875,Qwen/Qwen3.6-35B-A3B
chat,40,127,8,40640,cross_model,29690,0.7305610236220472,10950,0.2694389763779528,167,True,127,128,40,40,0,"[167, 40, 8]",0,True,40,True,128,167,40,0,0,40,"[128, 40, 8]",1,False,c6e7a36b62f170637a5f,expected_aligned_shape,Qwen/Qwen3.6-35B-A3B-FP8,ok,32,127,5080,1382,0.2720472440944882,5080,3471,0.6832677165354331,0,0.0,0.9232645132645134,4690.183727383727,0.9557086614173228,4855.0,Qwen/Qwen3.6-35B-A3B
chat,40,127,8,40640,cross_model,28338,0.6972933070866142,12302,0.3027066929133858,159,True,127,128,32,32,0,"[159, 40, 8]",0,True,32,True,128,159,32,0,0,32,"[128, 40, 8]",1,False,c71e3e89c6c0b3158b0b,expected_aligned_shape,Qwen/Qwen3.6-35B-A3B-FP8,ok,32,127,5080,1173,0.23090551181102362,5080,3311,0.6517716535433071,0,0.0,0.9111351684186331,4628.566655566656,0.9473179133858268,4812.375,Qwen/Qwen3.6-35B-A3B
summarization,40,127,8,40640,cross_model,29545,0.7269931102362205,11095,0.2730068897637795,159,True,127,128,32,32,0,"[159, 40, 8]",0,True,32,True,128,159,32,0,0,32,"[128, 40, 8]",1,False,c7586011bab5daaf44a3,expected_aligned_shape,Qwen/Qwen3.6-35B-A3B-FP8,ok,32,127,5080,1353,0.26633858267716537,5080,3381,0.6655511811023622,0,0.0,0.9193045537140024,4670.067132867133,0.9535679133858268,4844.125,Qwen/Qwen3.6-35B-A3B
json_structured,40,127,8,40640,cross_model,28649,0.7049458661417323,11991,0.29505413385826773,159,True,127,128,32,32,0,"[159, 40, 8]",0,True,32,True,128,159,32,0,0,32,"[128, 40, 8]",1,False,c77b9a21699d51f19d4d,expected_aligned_shape,Qwen/Qwen3.6-35B-A3B-FP8,ok,32,127,5080,1220,0.24015748031496062,5080,3273,0.6442913385826772,0,0.0,0.9107645897409677,4626.684115884116,0.9479084645669291,4815.375,Qwen/Qwen3.6-35B-A3B
code,40,127,8,40640,cross_model,30870,0.7595964566929134,9770,0.2404035433070866,159,True,127,128,32,32,0,"[159, 40, 8]",0,True,32,True,128,159,32,0,0,32,"[128, 40, 8]",1,False,c88100f0084d43a0dbc4,expected_aligned_shape,Qwen/Qwen3.6-35B-A3B-FP8,ok,32,127,5080,1633,0.3214566929133858,5080,3550,0.6988188976377953,0,0.0,0.9270786606219676,4709.559595959596,0.9579970472440945,4866.625,Qwen/Qwen3.6-35B-A3B
chat,40,127,8,40640,cross_model,29223,0.7190698818897637,11417,0.2809301181102362,167,True,127,128,40,40,0,"[167, 40, 8]",0,True,40,True,128,167,40,0,0,40,"[128, 40, 8]",1,False,c8f94099829018aa73be,expected_aligned_shape,Qwen/Qwen3.6-35B-A3B-FP8,ok,32,127,5080,1335,0.26279527559055116,5080,3365,0.6624015748031497,0,0.0,0.9163149099369571,4654.879742479742,0.9512057086614173,4832.125,Qwen/Qwen3.6-35B-A3B
short_qa,40,127,8,40640,cross_model,30021,0.7387057086614173,10619,0.2612942913385827,166,True,127,128,39,39,0,"[166, 40, 8]",0,True,39,True,128,166,39,0,0,39,"[128, 40, 8]",1,False,c9054248f275923ce4b2,expected_aligned_shape,Qwen/Qwen3.6-35B-A3B-FP8,ok,32,127,5080,1457,0.28681102362204725,5080,3542,0.697244094488189,0,0.0,0.9268035376696794,4708.161971361971,0.9578248031496063,4865.75,Qwen/Qwen3.6-35B-A3B
code,40,127,8,40640,cross_model,29102,0.7160925196850394,11538,0.2839074803149606,166,True,127,128,39,39,0,"[166, 40, 8]",0,True,39,True,128,166,39,0,0,39,"[128, 40, 8]",1,False,c93dd9262a72c4c1aa6f,expected_aligned_shape,Qwen/Qwen3.6-35B-A3B-FP8,ok,32,127,5080,1309,0.2576771653543307,5080,3395,0.6683070866141733,0,0.0,0.9191736260240198,4669.40202020202,0.9533956692913386,4843.25,Qwen/Qwen3.6-35B-A3B
summarization,40,127,8,40640,cross_model,29384,0.7230314960629921,11256,0.2769685039370079,159,True,127,128,32,32,0,"[159, 40, 8]",0,True,32,True,128,159,32,0,0,32,"[128, 40, 8]",1,False,c953ff4457bae7fd415c,expected_aligned_shape,Qwen/Qwen3.6-35B-A3B-FP8,ok,32,127,5080,1341,0.2639763779527559,5080,3429,0.675,0,0.0,0.921620138391792,4681.830303030303,0.9549212598425196,4851.0,Qwen/Qwen3.6-35B-A3B
math_numeric,40,127,8,40640,cross_model,28672,0.705511811023622,11968,0.29448818897637796,159,True,127,128,32,32,0,"[159, 40, 8]",0,True,32,True,128,159,32,0,0,32,"[128, 40, 8]",1,False,c960c8b157bc53ae29af,expected_aligned_shape,Qwen/Qwen3.6-35B-A3B-FP8,ok,32,127,5080,1217,0.23956692913385827,5080,3229,0.6356299212598425,0,0.0,0.9080079806457759,4612.680541680542,0.9459891732283464,4805.625,Qwen/Qwen3.6-35B-A3B
low_margin,40,127,8,40640,cross_model,29705,0.7309301181102362,10935,0.2690698818897638,167,True,127,128,40,40,0,"[167, 40, 8]",0,True,40,True,128,167,40,0,0,40,"[128, 40, 8]",1,False,c964b37a792e62a95e31,expected_aligned_shape,Qwen/Qwen3.6-35B-A3B-FP8,ok,32,127,5080,1404,0.2763779527559055,5080,3410,0.6712598425196851,0,0.0,0.9197198077513039,4672.176623376623,0.9535679133858268,4844.125,Qwen/Qwen3.6-35B-A3B
logs,40,127,8,40640,cross_model,30925,0.7609498031496063,9715,0.2390501968503937,159,True,127,128,32,32,0,"[159, 40, 8]",0,True,32,True,128,159,32,0,0,32,"[128, 40, 8]",1,False,c980b50c45e629922e4c,expected_aligned_shape,Qwen/Qwen3.6-35B-A3B-FP8,ok,32,127,5080,1607,0.31633858267716536,5080,3709,0.7301181102362204,0,0.0,0.9358940709334411,4754.34188034188,0.9632381889763779,4893.25,Qwen/Qwen3.6-35B-A3B
code,40,127,8,40640,cross_model,30233,0.7439222440944881,10407,0.2560777559055118,159,True,127,128,32,32,0,"[159, 40, 8]",0,True,32,True,128,159,32,0,0,32,"[128, 40, 8]",1,False,c9e56e820a2698b64186,expected_aligned_shape,Qwen/Qwen3.6-35B-A3B-FP8,ok,32,127,5080,1497,0.2946850393700787,5080,3476,0.684251968503937,0,0.0,0.9205560318946145,4676.424642024642,0.9533956692913386,4843.25,Qwen/Qwen3.6-35B-A3B
chat,40,127,8,40640,cross_model,28495,0.7011564960629921,12145,0.29884350393700787,159,True,127,128,32,32,0,"[159, 40, 8]",0,True,32,True,128,159,32,0,0,32,"[128, 40, 8]",1,False,c9f0a645a510e7b8b559,expected_aligned_shape,Qwen/Qwen3.6-35B-A3B-FP8,ok,32,127,5080,1228,0.24173228346456693,5080,3255,0.640748031496063,0,0.0,0.9077113743649176,4611.173781773782,0.9453001968503937,4802.125,Qwen/Qwen3.6-35B-A3B
low_margin,40,127,8,40640,cross_model,29521,0.7264025590551181,11119,0.27359744094488186,167,True,127,128,40,40,0,"[167, 40, 8]",0,True,40,True,128,167,40,0,0,40,"[128, 40, 8]",1,False,c9f7df06aabfa856503d,expected_aligned_shape,Qwen/Qwen3.6-35B-A3B-FP8,ok,32,127,5080,1387,0.27303149606299215,5080,3379,0.6651574803149606,0,0.0,0.9194106418515868,4670.606060606061,0.9536909448818898,4844.75,Qwen/Qwen3.6-35B-A3B
short_qa,40,127,8,40640,cross_model,29148,0.7172244094488189,11492,0.2827755905511811,166,True,127,128,39,39,0,"[166, 40, 8]",0,True,39,True,128,166,39,0,0,39,"[128, 40, 8]",1,False,ca551e87f31d183057fb,expected_aligned_shape,Qwen/Qwen3.6-35B-A3B-FP8,ok,32,127,5080,1337,0.26318897637795274,5080,3359,0.6612204724409448,0,0.0,0.9148366856240873,4647.370362970363,0.950123031496063,4826.625,Qwen/Qwen3.6-35B-A3B
mixed_language,40,127,8,40640,cross_model,30122,0.7411909448818897,10518,0.25880905511811025,159,True,127,128,32,32,0,"[159, 40, 8]",0,True,32,True,128,159,32,0,0,32,"[128, 40, 8]",1,False,ca6f47b188d837f8f203,expected_aligned_shape,Qwen/Qwen3.6-35B-A3B-FP8,ok,32,127,5080,1441,0.2836614173228346,5080,3555,0.6998031496062992,0,0.0,0.9268748137252075,4708.524053724053,0.9576279527559055,4864.75,Qwen/Qwen3.6-35B-A3B
summarization,40,127,8,40640,cross_model,30452,0.7493110236220473,10188,0.25068897637795273,163,True,127,128,36,36,0,"[163, 40, 8]",0,True,36,True,128,163,36,0,0,36,"[128, 40, 8]",1,False,ca7521427e5b1d2fdbc4,expected_aligned_shape,Qwen/Qwen3.6-35B-A3B-FP8,ok,32,127,5080,1515,0.29822834645669294,5080,3573,0.7033464566929134,0,0.0,0.9282868050584586,4715.69696969697,0.958759842519685,4870.5,Qwen/Qwen3.6-35B-A3B
chat,40,127,8,40640,cross_model,28927,0.7117864173228347,11713,0.28821358267716535,159,True,127,128,32,32,0,"[159, 40, 8]",0,True,32,True,128,159,32,0,0,32,"[128, 40, 8]",1,False,ca9ed4a0b3a0658aa462,expected_aligned_shape,Qwen/Qwen3.6-35B-A3B-FP8,ok,32,127,5080,1239,0.2438976377952756,5080,3354,0.6602362204724409,0,0.0,0.9167200253814427,4656.937728937729,0.9518454724409449,4835.375,Qwen/Qwen3.6-35B-A3B
short_qa,40,127,8,40640,cross_model,28489,0.7010088582677165,12151,0.29899114173228347,159,True,127,128,32,32,0,"[159, 40, 8]",0,True,32,True,128,159,32,0,0,32,"[128, 40, 8]",1,False,caaa05fc074ec7492074,expected_aligned_shape,Qwen/Qwen3.6-35B-A3B-FP8,ok,32,127,5080,1210,0.23818897637795275,5080,3184,0.6267716535433071,0,0.0,0.9037392965739421,4590.995626595626,0.9431102362204724,4791.0,Qwen/Qwen3.6-35B-A3B
summarization,40,127,8,40640,cross_model,29792,0.7330708661417323,10848,0.2669291338582677,159,True,127,128,32,32,0,"[159, 40, 8]",0,True,32,True,128,159,32,0,0,32,"[128, 40, 8]",1,False,cac6fee02fd04e1964db,expected_aligned_shape,Qwen/Qwen3.6-35B-A3B-FP8,ok,32,127,5080,1433,0.28208661417322833,5080,3433,0.6757874015748031,0,0.0,0.9213952364346064,4680.687801087801,0.9546751968503937,4849.75,Qwen/Qwen3.6-35B-A3B
math_numeric,40,127,8,40640,cross_model,29214,0.7188484251968504,11426,0.2811515748031496,159,True,127,128,32,32,0,"[159, 40, 8]",0,True,32,True,128,159,32,0,0,32,"[128, 40, 8]",1,False,cacdac01a1df5cf98e8c,expected_aligned_shape,Qwen/Qwen3.6-35B-A3B-FP8,ok,32,127,5080,1370,0.26968503937007876,5080,3408,0.6708661417322834,0,0.0,0.9165979864405062,4656.317771117771,0.9508612204724409,4830.375,Qwen/Qwen3.6-35B-A3B
short_qa,40,127,8,40640,cross_model,28364,0.6979330708661418,12276,0.30206692913385824,159,True,127,128,32,32,0,"[159, 40, 8]",0,True,32,True,128,159,32,0,0,32,"[128, 40, 8]",1,False,cb4f5e75566df4895a22,expected_aligned_shape,Qwen/Qwen3.6-35B-A3B-FP8,ok,32,127,5080,1164,0.22913385826771654,5080,3196,0.6291338582677165,0,0.0,0.9073675580762195,4609.427195027195,0.9461614173228347,4806.5,Qwen/Qwen3.6-35B-A3B
chat,40,127,8,40640,cross_model,27296,0.6716535433070866,13344,0.3283464566929134,159,True,127,128,32,32,0,"[159, 40, 8]",0,True,32,True,128,159,32,0,0,32,"[128, 40, 8]",1,False,cb5ad6bd2da7b7ac246a,expected_aligned_shape,Qwen/Qwen3.6-35B-A3B-FP8,ok,32,127,5080,1097,0.21594488188976377,5080,2978,0.5862204724409449,0,0.0,0.8900334311357933,4521.3698301698305,0.9339566929133858,4744.5,Qwen/Qwen3.6-35B-A3B
short_qa,40,127,8,40640,cross_model,28519,0.7017470472440945,12121,0.2982529527559055,159,True,127,128,32,32,0,"[159, 40, 8]",0,True,32,True,128,159,32,0,0,32,"[128, 40, 8]",1,False,cb7ef85aeaf18ee8ce20,expected_aligned_shape,Qwen/Qwen3.6-35B-A3B-FP8,ok,32,127,5080,1285,0.2529527559055118,5080,3191,0.6281496062992126,0,0.0,0.9012803382094721,4578.504118104118,0.9411417322834645,4781.0,Qwen/Qwen3.6-35B-A3B
code,40,127,8,40640,cross_model,28870,0.7103838582677166,11770,0.28961614173228345,166,True,127,128,39,39,0,"[166, 40, 8]",0,True,39,True,128,166,39,0,0,39,"[128, 40, 8]",1,False,cb95ee1e94b241aba4f9,expected_aligned_shape,Qwen/Qwen3.6-35B-A3B-FP8,ok,32,127,5080,1280,0.25196850393700787,5080,3252,0.6401574803149607,0,0.0,0.9095548545942248,4620.538661338662,0.9466043307086615,4808.75,Qwen/Qwen3.6-35B-A3B
needle,40,127,8,40640,cross_model,28105,0.6915600393700787,12535,0.30843996062992124,159,True,127,128,32,32,0,"[159, 40, 8]",0,True,32,True,128,159,32,0,0,32,"[128, 40, 8]",1,False,cc05fb2fbe60c1e25c7c,expected_aligned_shape,Qwen/Qwen3.6-35B-A3B-FP8,ok,32,127,5080,1176,0.231496062992126,5080,3208,0.631496062992126,0,0.0,0.9052767092924572,4598.805683205684,0.9435285433070866,4793.125,Qwen/Qwen3.6-35B-A3B
chat,40,127,8,40640,cross_model,29940,0.7367125984251969,10700,0.2632874015748031,159,True,127,128,32,32,0,"[159, 40, 8]",0,True,32,True,128,159,32,0,0,32,"[128, 40, 8]",1,False,cc075064e2dcaf82ea11,expected_aligned_shape,Qwen/Qwen3.6-35B-A3B-FP8,ok,32,127,5080,1444,0.284251968503937,5080,3476,0.684251968503937,0,0.0,0.9234984175929057,4691.371961371961,0.9556840551181103,4854.875,Qwen/Qwen3.6-35B-A3B
math_numeric,40,127,8,40640,cross_model,18877,0.4644931102362205,21763,0.5355068897637796,159,True,127,128,32,32,0,"[159, 40, 8]",0,True,32,True,128,159,32,0,0,32,"[128, 40, 8]",1,False,cc66fc7e655780f0ce4a,expected_aligned_shape,Qwen/Qwen3.6-35B-A3B-FP8,ok,32,127,5080,189,0.03720472440944882,5080,1564,0.30787401574803147,0,0.0,0.7778046013479084,3951.247374847375,0.8578001968503937,4357.625,Qwen/Qwen3.6-35B-A3B
low_margin,40,127,8,40640,cross_model,29333,0.7217765748031496,11307,0.2782234251968504,167,True,127,128,40,40,0,"[167, 40, 8]",0,True,40,True,128,167,40,0,0,40,"[128, 40, 8]",1,False,cc92eea2f85060c2ef48,expected_aligned_shape,Qwen/Qwen3.6-35B-A3B-FP8,ok,32,127,5080,1310,0.2578740157480315,5080,3317,0.6529527559055118,0,0.0,0.9159497457922656,4653.024708624709,0.9516240157480315,4834.25,Qwen/Qwen3.6-35B-A3B
short_qa,40,127,8,40640,cross_model,30000,0.7381889763779528,10640,0.2618110236220472,166,True,127,128,39,39,0,"[166, 40, 8]",0,True,39,True,128,166,39,0,0,39,"[128, 40, 8]",1,False,cc968cd2910e4b042410,expected_aligned_shape,Qwen/Qwen3.6-35B-A3B-FP8,ok,32,127,5080,1467,0.2887795275590551,5080,3496,0.6881889763779527,0,0.0,0.9255308995466476,4701.69696969697,0.9573080708661418,4863.125,Qwen/Qwen3.6-35B-A3B
json_structured,40,127,8,40640,cross_model,29805,0.7333907480314961,10835,0.26660925196850394,167,True,127,128,40,40,0,"[167, 40, 8]",0,True,40,True,128,167,40,0,0,40,"[128, 40, 8]",1,False,cca742911a13c00aec34,expected_aligned_shape,Qwen/Qwen3.6-35B-A3B-FP8,ok,32,127,5080,1413,0.2781496062992126,5080,3423,0.6738188976377952,0,0.0,0.9212558657440547,4679.979797979798,0.9546505905511811,4849.625,Qwen/Qwen3.6-35B-A3B
needle,40,127,8,40640,cross_model,28261,0.6953986220472441,12379,0.3046013779527559,159,True,127,128,32,32,0,"[159, 40, 8]",0,True,32,True,128,159,32,0,0,32,"[128, 40, 8]",1,False,ccb10409682b5cac10c7,expected_aligned_shape,Qwen/Qwen3.6-35B-A3B-FP8,ok,32,127,5080,1088,0.2141732283464567,5080,3177,0.6253937007874015,0,0.0,0.909042392428219,4617.935353535354,0.9476624015748032,4814.125,Qwen/Qwen3.6-35B-A3B
summarization,40,127,8,40640,cross_model,29767,0.7324557086614173,10873,0.26754429133858265,159,True,127,128,32,32,0,"[159, 40, 8]",0,True,32,True,128,159,32,0,0,32,"[128, 40, 8]",1,False,ccde5d7b82ca11f23b09,expected_aligned_shape,Qwen/Qwen3.6-35B-A3B-FP8,ok,32,127,5080,1468,0.2889763779527559,5080,3444,0.6779527559055119,0,0.0,0.9204211186888352,4675.739282939283,0.9538385826771654,4845.5,Qwen/Qwen3.6-35B-A3B
short_qa,40,127,8,40640,cross_model,30765,0.7570127952755905,9875,0.24298720472440946,159,True,127,128,32,32,0,"[159, 40, 8]",0,True,32,True,128,159,32,0,0,32,"[128, 40, 8]",1,False,cd5e143f7557cfc96999,expected_aligned_shape,Qwen/Qwen3.6-35B-A3B-FP8,ok,32,127,5080,1587,0.3124015748031496,5080,3603,0.709251968503937,0,0.0,0.9273575855465618,4710.9765345765345,0.9571604330708662,4862.375,Qwen/Qwen3.6-35B-A3B
chat,40,127,8,40640,cross_model,28991,0.713361220472441,11649,0.28663877952755906,167,True,127,128,40,40,0,"[167, 40, 8]",0,True,40,True,128,167,40,0,0,40,"[128, 40, 8]",1,False,cd748cc0523506c2997c,expected_aligned_shape,Qwen/Qwen3.6-35B-A3B-FP8,ok,32,127,5080,1317,0.259251968503937,5080,3364,0.6622047244094488,0,0.0,0.9144930353985471,4645.62461982462,0.9496555118110236,4824.25,Qwen/Qwen3.6-35B-A3B
low_margin,40,127,8,40640,cross_model,29263,0.7200541338582677,11377,0.2799458661417323,167,True,127,128,40,40,0,"[167, 40, 8]",0,True,40,True,128,167,40,0,0,40,"[128, 40, 8]",1,False,ce3b621205a2f65dcaa1,expected_aligned_shape,Qwen/Qwen3.6-35B-A3B-FP8,ok,32,127,5080,1285,0.2529527559055118,5080,3305,0.6505905511811023,0,0.0,0.916434422969856,4655.486868686869,0.9520669291338583,4836.5,Qwen/Qwen3.6-35B-A3B
low_margin,40,127,8,40640,cross_model,28132,0.6922244094488189,12508,0.3077755905511811,167,True,127,128,40,40,0,"[167, 40, 8]",0,True,40,True,128,167,40,0,0,40,"[128, 40, 8]",1,False,ce8803bd786e747fc5da,expected_aligned_shape,Qwen/Qwen3.6-35B-A3B-FP8,ok,32,127,5080,1156,0.22755905511811023,5080,3149,0.6198818897637796,0,0.0,0.9039999632913018,4592.319813519814,0.9437253937007875,4794.125,Qwen/Qwen3.6-35B-A3B
json_structured,40,127,8,40640,cross_model,29088,0.715748031496063,11552,0.284251968503937,159,True,127,128,32,32,0,"[159, 40, 8]",0,True,32,True,128,159,32,0,0,32,"[128, 40, 8]",1,False,cef2ad578ccae2987bf5,expected_aligned_shape,Qwen/Qwen3.6-35B-A3B-FP8,ok,32,127,5080,1296,0.2551181102362205,5080,3331,0.6557086614173229,0,0.0,0.9159753894399565,4653.154978354978,0.9515255905511811,4833.75,Qwen/Qwen3.6-35B-A3B
math_numeric,40,127,8,40640,cross_model,28412,0.6991141732283465,12228,0.30088582677165354,159,True,127,128,32,32,0,"[159, 40, 8]",0,True,32,True,128,159,32,0,0,32,"[128, 40, 8]",1,False,cef9ccc3dede53da7cf5,expected_aligned_shape,Qwen/Qwen3.6-35B-A3B-FP8,ok,32,127,5080,1237,0.243503937007874,5080,3099,0.6100393700787402,0,0.0,0.8994356299868111,4569.133000333,0.9407234251968504,4778.875,Qwen/Qwen3.6-35B-A3B
low_margin,40,127,8,40640,cross_model,30552,0.7517716535433071,10088,0.24822834645669292,166,True,127,128,39,39,0,"[166, 40, 8]",0,True,39,True,128,166,39,0,0,39,"[128, 40, 8]",1,False,cf09294076c02627a3a0,expected_aligned_shape,Qwen/Qwen3.6-35B-A3B-FP8,ok,32,127,5080,1519,0.29901574803149605,5080,3554,0.6996062992125984,0,0.0,0.9288109440865346,4718.359595959596,0.9592765748031497,4873.125,Qwen/Qwen3.6-35B-A3B
needle,40,127,8,40640,cross_model,28191,0.6936761811023622,12449,0.3063238188976378,159,True,127,128,32,32,0,"[159, 40, 8]",0,True,32,True,128,159,32,0,0,32,"[128, 40, 8]",1,False,cf7b6e98551fa0af3d01,expected_aligned_shape,Qwen/Qwen3.6-35B-A3B-FP8,ok,32,127,5080,1176,0.231496062992126,5080,3241,0.6379921259842519,0,0.0,0.9108954475096208,4627.348873348873,0.9484251968503937,4818.0,Qwen/Qwen3.6-35B-A3B
logs,40,127,8,40640,cross_model,29909,0.7359498031496063,10731,0.2640501968503937,159,True,127,128,32,32,0,"[159, 40, 8]",0,True,32,True,128,159,32,0,0,32,"[128, 40, 8]",1,False,d01ed33c5d8b4ebe4e68,expected_aligned_shape,Qwen/Qwen3.6-35B-A3B-FP8,ok,32,127,5080,1467,0.2887795275590551,5080,3493,0.6875984251968504,0,0.0,0.9243542197085504,4695.719436119436,0.9563238188976378,4858.125,Qwen/Qwen3.6-35B-A3B
chat,40,127,8,40640,cross_model,27945,0.687623031496063,12695,0.312376968503937,159,True,127,128,32,32,0,"[159, 40, 8]",0,True,32,True,128,159,32,0,0,32,"[128, 40, 8]",1,False,d1602404fdf9a687b17f,expected_aligned_shape,Qwen/Qwen3.6-35B-A3B-FP8,ok,32,127,5080,1152,0.22677165354330708,5080,3186,0.6271653543307086,0,0.0,0.9059003813334522,4601.973937173937,0.9450541338582678,4800.875,Qwen/Qwen3.6-35B-A3B
chat,40,127,8,40640,cross_model,29216,0.7188976377952756,11424,0.2811023622047244,167,True,127,128,40,40,0,"[167, 40, 8]",0,True,40,True,128,167,40,0,0,40,"[128, 40, 8]",1,False,d1edc02f59a4883e4d91,expected_aligned_shape,Qwen/Qwen3.6-35B-A3B-FP8,ok,32,127,5080,1382,0.2720472440944882,5080,3414,0.6720472440944882,0,0.0,0.9194898714583754,4671.008547008547,0.953494094488189,4843.75,Qwen/Qwen3.6-35B-A3B
chat,40,127,8,40640,cross_model,27963,0.6880659448818898,12677,0.31193405511811023,159,True,127,128,32,32,0,"[159, 40, 8]",0,True,32,True,128,159,32,0,0,32,"[128, 40, 8]",1,False,d2451c217ecf54d76ae3,expected_aligned_shape,Qwen/Qwen3.6-35B-A3B-FP8,ok,32,127,5080,1052,0.20708661417322835,5080,3167,0.6234251968503937,0,0.0,0.9063346758228648,4604.180153180153,0.9451279527559056,4801.25,Qwen/Qwen3.6-35B-A3B
needle,40,127,8,40640,cross_model,28720,0.7066929133858267,11920,0.2933070866141732,159,True,127,128,32,32,0,"[159, 40, 8]",0,True,32,True,128,159,32,0,0,32,"[128, 40, 8]",1,False,d28e7cb28a862000f211,expected_aligned_shape,Qwen/Qwen3.6-35B-A3B-FP8,ok,32,127,5080,1274,0.25078740157480317,5080,3280,0.6456692913385826,0,0.0,0.9130632665672037,4638.361394161394,0.9495816929133858,4823.875,Qwen/Qwen3.6-35B-A3B
needle,40,127,8,40640,cross_model,28344,0.6974409448818898,12296,0.3025590551181102,159,True,127,128,32,32,0,"[159, 40, 8]",0,True,32,True,128,159,32,0,0,32,"[128, 40, 8]",1,False,d2ad6a368500632341b5,expected_aligned_shape,Qwen/Qwen3.6-35B-A3B-FP8,ok,32,127,5080,1170,0.23031496062992127,5080,3195,0.6289370078740157,0,0.0,0.9058267454330448,4601.5998667998665,0.9442667322834646,4796.875,Qwen/Qwen3.6-35B-A3B
code,40,127,8,40640,cross_model,29671,0.7300935039370079,10969,0.2699064960629921,166,True,127,128,39,39,0,"[166, 40, 8]",0,True,39,True,128,166,39,0,0,39,"[128, 40, 8]",1,False,d2aef3de0a914cbd30cd,expected_aligned_shape,Qwen/Qwen3.6-35B-A3B-FP8,ok,32,127,5080,1454,0.2862204724409449,5080,3404,0.6700787401574804,0,0.0,0.9185502861093411,4666.235453435454,0.9525836614173229,4839.125,Qwen/Qwen3.6-35B-A3B
code,40,127,8,40640,cross_model,30120,0.7411417322834646,10520,0.2588582677165354,159,True,127,128,32,32,0,"[159, 40, 8]",0,True,32,True,128,159,32,0,0,32,"[128, 40, 8]",1,False,d2c48184cc2e83155340,expected_aligned_shape,Qwen/Qwen3.6-35B-A3B-FP8,ok,32,127,5080,1476,0.2905511811023622,5080,3490,0.687007874015748,0,0.0,0.9218728122271429,4683.113886113886,0.9541092519685039,4846.875,Qwen/Qwen3.6-35B-A3B
chat,40,127,8,40640,cross_model,29245,0.719611220472441,11395,0.28038877952755903,167,True,127,128,40,40,0,"[167, 40, 8]",0,True,40,True,128,167,40,0,0,40,"[128, 40, 8]",1,False,d33dbda788627764c00f,expected_aligned_shape,Qwen/Qwen3.6-35B-A3B-FP8,ok,32,127,5080,1346,0.26496062992125985,5080,3406,0.6704724409448819,0,0.0,0.9191649470389628,4669.357930957931,0.9531988188976378,4842.25,Qwen/Qwen3.6-35B-A3B
chat,40,127,8,40640,cross_model,29664,0.7299212598425197,10976,0.2700787401574803,167,True,127,128,40,40,0,"[167, 40, 8]",0,True,40,True,128,167,40,0,0,40,"[128, 40, 8]",1,False,d35a0a4817634dc7cc96,expected_aligned_shape,Qwen/Qwen3.6-35B-A3B-FP8,ok,32,127,5080,1389,0.2734251968503937,5080,3472,0.6834645669291338,0,0.0,0.9220996501311461,4684.266222666222,0.9546998031496063,4849.875,Qwen/Qwen3.6-35B-A3B
needle,40,127,8,40640,cross_model,28251,0.6951525590551181,12389,0.30484744094488186,159,True,127,128,32,32,0,"[159, 40, 8]",0,True,32,True,128,159,32,0,0,32,"[128, 40, 8]",1,False,d37b2b30191e39ab55f9,expected_aligned_shape,Qwen/Qwen3.6-35B-A3B-FP8,ok,32,127,5080,1177,0.23169291338582676,5080,3140,0.6181102362204725,0,0.0,0.9068909568122167,4607.006060606061,0.9463336614173228,4807.375,Qwen/Qwen3.6-35B-A3B
low_margin,40,127,8,40640,cross_model,28571,0.7030265748031496,12069,0.2969734251968504,167,True,127,128,40,40,0,"[167, 40, 8]",0,True,40,True,128,167,40,0,0,40,"[128, 40, 8]",1,False,d37c7290c5413ebd15e5,expected_aligned_shape,Qwen/Qwen3.6-35B-A3B-FP8,ok,32,127,5080,1217,0.23956692913385827,5080,3192,0.6283464566929133,0,0.0,0.9078235500282744,4611.743634143634,0.9463336614173228,4807.375,Qwen/Qwen3.6-35B-A3B
summarization,40,127,8,40640,cross_model,28698,0.7061515748031496,11942,0.2938484251968504,163,True,127,128,36,36,0,"[163, 40, 8]",0,True,36,True,128,163,36,0,0,36,"[128, 40, 8]",1,False,d3931b16d449005faf35,expected_aligned_shape,Qwen/Qwen3.6-35B-A3B-FP8,ok,32,127,5080,1265,0.24901574803149606,5080,3287,0.6470472440944882,0,0.0,0.9109792657036752,4627.77466977467,0.9481545275590552,4816.625,Qwen/Qwen3.6-35B-A3B
mixed_language,40,127,8,40640,cross_model,29281,0.7204970472440945,11359,0.27950295275590553,159,True,127,128,32,32,0,"[159, 40, 8]",0,True,32,True,128,159,32,0,0,32,"[128, 40, 8]",1,False,d3d427ca6ab184fc3dad,expected_aligned_shape,Qwen/Qwen3.6-35B-A3B-FP8,ok,32,127,5080,1368,0.2692913385826772,5080,3393,0.6679133858267716,0,0.0,0.9150330334582305,4648.36780996781,0.9496801181102362,4824.375,Qwen/Qwen3.6-35B-A3B
logs,40,127,8,40640,cross_model,29599,0.7283218503937008,11041,0.2716781496062992,159,True,127,128,32,32,0,"[159, 40, 8]",0,True,32,True,128,159,32,0,0,32,"[128, 40, 8]",1,False,d4cceaad88cb0529de4f,expected_aligned_shape,Qwen/Qwen3.6-35B-A3B-FP8,ok,32,127,5080,1396,0.2748031496062992,5080,3457,0.680511811023622,0,0.0,0.9212853419546333,4680.129537129537,0.9542814960629922,4847.75,Qwen/Qwen3.6-35B-A3B
math_numeric,40,127,8,40640,cross_model,29856,0.7346456692913386,10784,0.26535433070866143,159,True,127,128,32,32,0,"[159, 40, 8]",0,True,32,True,128,159,32,0,0,32,"[128, 40, 8]",1,False,d4d0c07197eaf2915900,expected_aligned_shape,Qwen/Qwen3.6-35B-A3B-FP8,ok,32,127,5080,1435,0.2824803149606299,5080,3424,0.6740157480314961,0,0.0,0.9179034438876958,4662.949494949495,0.9521407480314961,4836.875,Qwen/Qwen3.6-35B-A3B
mixed_language,40,127,8,40640,cross_model,30027,0.7388533464566929,10613,0.2611466535433071,159,True,127,128,32,32,0,"[159, 40, 8]",0,True,32,True,128,159,32,0,0,32,"[128, 40, 8]",1,False,d4e41b234555351ee4da,expected_aligned_shape,Qwen/Qwen3.6-35B-A3B-FP8,ok,32,127,5080,1458,0.287007874015748,5080,3470,0.6830708661417323,0,0.0,0.9232689095681221,4690.20606060606,0.955880905511811,4855.875,Qwen/Qwen3.6-35B-A3B
json_structured,40,127,8,40640,cross_model,25605,0.6300442913385826,15035,0.3699557086614173,159,True,127,128,32,32,0,"[159, 40, 8]",0,True,32,True,128,159,32,0,0,32,"[128, 40, 8]",1,False,d51b06ab7dd13d4d81d4,expected_aligned_shape,Qwen/Qwen3.6-35B-A3B-FP8,ok,32,127,5080,837,0.16476377952755905,5080,2743,0.5399606299212598,0,0.0,0.8718505160631146,4429.000621600621,0.9215551181102363,4681.5,Qwen/Qwen3.6-35B-A3B
math_numeric,40,127,8,40640,cross_model,24689,0.6075049212598426,15951,0.3924950787401575,159,True,127,128,32,32,0,"[159, 40, 8]",0,True,32,True,128,159,32,0,0,32,"[128, 40, 8]",1,False,d54b9920df3289027f13,expected_aligned_shape,Qwen/Qwen3.6-35B-A3B-FP8,ok,32,127,5080,818,0.1610236220472441,5080,2684,0.5283464566929134,0,0.0,0.8545088288789076,4340.904850704851,0.9066437007874015,4605.75,Qwen/Qwen3.6-35B-A3B
math_numeric,40,127,8,40640,cross_model,21538,0.5299704724409449,19102,0.47002952755905514,159,True,127,128,32,32,0,"[159, 40, 8]",0,True,32,True,128,159,32,0,0,32,"[128, 40, 8]",1,False,d584c4cfa7779c6be42c,expected_aligned_shape,Qwen/Qwen3.6-35B-A3B-FP8,ok,32,127,5080,339,0.06673228346456693,5080,2001,0.3938976377952756,0,0.0,0.8207316567946489,4169.316816516816,0.887376968503937,4507.875,Qwen/Qwen3.6-35B-A3B
chat,40,127,8,40640,cross_model,27393,0.6740403543307086,13247,0.32595964566929136,159,True,127,128,32,32,0,"[159, 40, 8]",0,True,32,True,128,159,32,0,0,32,"[128, 40, 8]",1,False,d5a2d0e1c881a72f54f4,expected_aligned_shape,Qwen/Qwen3.6-35B-A3B-FP8,ok,32,127,5080,1059,0.20846456692913387,5080,3033,0.5970472440944882,0,0.0,0.896168905460244,4552.5380397380395,0.9387549212598425,4768.875,Qwen/Qwen3.6-35B-A3B
mixed_language,40,127,8,40640,cross_model,28760,0.7076771653543307,11880,0.29232283464566927,159,True,127,128,32,32,0,"[159, 40, 8]",0,True,32,True,128,159,32,0,0,32,"[128, 40, 8]",1,False,d64596be0221f3b70026,expected_aligned_shape,Qwen/Qwen3.6-35B-A3B-FP8,ok,32,127,5080,1285,0.2529527559055118,5080,3336,0.6566929133858268,0,0.0,0.9107474502750094,4626.597047397047,0.9468503937007874,4810.0,Qwen/Qwen3.6-35B-A3B
mixed_language,40,127,8,40640,cross_model,29014,0.7139271653543308,11626,0.2860728346456693,159,True,127,128,32,32,0,"[159, 40, 8]",0,True,32,True,128,159,32,0,0,32,"[128, 40, 8]",1,False,d6e432fcfc894fcdf881,expected_aligned_shape,Qwen/Qwen3.6-35B-A3B-FP8,ok,32,127,5080,1283,0.2525590551181102,5080,3345,0.6584645669291339,0,0.0,0.9166046289668336,4656.351515151515,0.9519438976377953,4835.875,Qwen/Qwen3.6-35B-A3B
code,40,127,8,40640,cross_model,29478,0.7253444881889763,11162,0.2746555118110236,166,True,127,128,39,39,0,"[166, 40, 8]",0,True,39,True,128,166,39,0,0,39,"[128, 40, 8]",1,False,d6f402d11078ae28b1f7,expected_aligned_shape,Qwen/Qwen3.6-35B-A3B-FP8,ok,32,127,5080,1403,0.2761811023622047,5080,3365,0.6624015748031497,0,0.0,0.9181608330427229,4664.2570318570315,0.9528543307086614,4840.5,Qwen/Qwen3.6-35B-A3B
code,40,127,8,40640,cross_model,29290,0.7207185039370079,11350,0.27928149606299213,166,True,127,128,39,39,0,"[166, 40, 8]",0,True,39,True,128,166,39,0,0,39,"[128, 40, 8]",1,False,d6f454eac4a53046e42e,expected_aligned_shape,Qwen/Qwen3.6-35B-A3B-FP8,ok,32,127,5080,1341,0.2639763779527559,5080,3400,0.6692913385826772,0,0.0,0.9173114767996657,4659.942302142302,0.9515009842519685,4833.625,Qwen/Qwen3.6-35B-A3B
math_numeric,40,127,8,40640,cross_model,29816,0.7336614173228346,10824,0.26633858267716537,159,True,127,128,32,32,0,"[159, 40, 8]",0,True,32,True,128,159,32,0,0,32,"[128, 40, 8]",1,False,d73b80329b316dcdaf36,expected_aligned_shape,Qwen/Qwen3.6-35B-A3B-FP8,ok,32,127,5080,1384,0.27244094488188975,5080,3292,0.6480314960629922,0,0.0,0.9134358904437643,4640.254323454324,0.9497047244094489,4824.5,Qwen/Qwen3.6-35B-A3B
summarization,40,127,8,40640,cross_model,29386,0.7230807086614173,11254,0.2769192913385827,159,True,127,128,32,32,0,"[159, 40, 8]",0,True,32,True,128,159,32,0,0,32,"[128, 40, 8]",1,False,d76d3c32ef4c93167c51,expected_aligned_shape,Qwen/Qwen3.6-35B-A3B-FP8,ok,32,127,5080,1408,0.27716535433070866,5080,3392,0.6677165354330709,0,0.0,0.9147075059673485,4646.714130314131,0.9492618110236221,4822.25,Qwen/Qwen3.6-35B-A3B
code,40,127,8,40640,cross_model,29565,0.7274852362204725,11075,0.27251476377952755,159,True,127,128,32,32,0,"[159, 40, 8]",0,True,32,True,128,159,32,0,0,32,"[128, 40, 8]",1,False,d7c98976ac96049f9f9c,expected_aligned_shape,Qwen/Qwen3.6-35B-A3B-FP8,ok,32,127,5080,1366,0.2688976377952756,5080,3417,0.6726377952755905,0,0.0,0.9203700018266946,4675.47960927961,0.9538877952755905,4845.75,Qwen/Qwen3.6-35B-A3B
json_structured,40,127,8,40640,cross_model,30155,0.7420029527559056,10485,0.2579970472440945,167,True,127,128,40,40,0,"[167, 40, 8]",0,True,40,True,128,167,40,0,0,40,"[128, 40, 8]",1,False,d7eeb5c3a73a68a2c72c,expected_aligned_shape,Qwen/Qwen3.6-35B-A3B-FP8,ok,32,127,5080,1512,0.29763779527559053,5080,3501,0.6891732283464567,0,0.0,0.9224143485560808,4685.8648906648905,0.9545029527559055,4848.875,Qwen/Qwen3.6-35B-A3B
low_margin,40,127,8,40640,cross_model,30397,0.7479576771653543,10243,0.25204232283464567,166,True,127,128,39,39,0,"[166, 40, 8]",0,True,39,True,128,166,39,0,0,39,"[128, 40, 8]",1,False,d8edb7f1d9b6fb40cb72,expected_aligned_shape,Qwen/Qwen3.6-35B-A3B-FP8,ok,32,127,5080,1512,0.29763779527559053,5080,3540,0.6968503937007874,0,0.0,0.9282939632545932,4715.733333333334,0.9589812992125984,4871.625,Qwen/Qwen3.6-35B-A3B
summarization,40,127,8,40640,cross_model,29635,0.7292076771653543,11005,0.27079232283464566,159,True,127,128,32,32,0,"[159, 40, 8]",0,True,32,True,128,159,32,0,0,32,"[128, 40, 8]",1,False,d9249bf90507eb60487d,expected_aligned_shape,Qwen/Qwen3.6-35B-A3B-FP8,ok,32,127,5080,1389,0.2734251968503937,5080,3366,0.6625984251968504,0,0.0,0.9173950983399801,4660.3670995671,0.9523129921259843,4837.75,Qwen/Qwen3.6-35B-A3B
summarization,40,127,8,40640,cross_model,30501,0.7505167322834646,10139,0.24948326771653542,167,True,127,128,40,40,0,"[167, 40, 8]",0,True,40,True,128,167,40,0,0,40,"[128, 40, 8]",1,False,d9622fa2fc1017575ec2,expected_aligned_shape,Qwen/Qwen3.6-35B-A3B-FP8,ok,32,127,5080,1591,0.31318897637795273,5080,3608,0.710236220472441,0,0.0,0.9290405657334792,4719.526073926074,0.958759842519685,4870.5,Qwen/Qwen3.6-35B-A3B
logs,40,127,8,40640,cross_model,28579,0.7032234251968504,12061,0.2967765748031496,159,True,127,128,32,32,0,"[159, 40, 8]",0,True,32,True,128,159,32,0,0,32,"[128, 40, 8]",1,False,d97854ce673152a2e895,expected_aligned_shape,Qwen/Qwen3.6-35B-A3B-FP8,ok,32,127,5080,1174,0.2311023622047244,5080,3312,0.6519685039370079,0,0.0,0.9136410221449591,4641.296392496392,0.9498523622047244,4825.25,Qwen/Qwen3.6-35B-A3B
summarization,40,127,8,40640,cross_model,29951,0.7369832677165354,10689,0.26301673228346456,167,True,127,128,40,40,0,"[167, 40, 8]",0,True,40,True,128,167,40,0,0,40,"[128, 40, 8]",1,False,d9d3ecbdd05cb7446e3c,expected_aligned_shape,Qwen/Qwen3.6-35B-A3B-FP8,ok,32,127,5080,1416,0.27874015748031494,5080,3487,0.6864173228346456,0,0.0,0.9239271577066854,4693.549961149961,0.9561515748031496,4857.25,Qwen/Qwen3.6-35B-A3B
chat,40,127,8,40640,cross_model,28908,0.7113188976377953,11732,0.28868110236220473,167,True,127,128,40,40,0,"[167, 40, 8]",0,True,40,True,128,167,40,0,0,40,"[128, 40, 8]",1,False,da1186af0fe4ead7b8a3,expected_aligned_shape,Qwen/Qwen3.6-35B-A3B-FP8,ok,32,127,5080,1261,0.24822834645669292,5080,3284,0.6464566929133858,0,0.0,0.9116432299109465,4631.147607947608,0.9484005905511811,4817.875,Qwen/Qwen3.6-35B-A3B
json_structured,40,127,8,40640,cross_model,25472,0.6267716535433071,15168,0.3732283464566929,159,True,127,128,32,32,0,"[159, 40, 8]",0,True,32,True,128,159,32,0,0,32,"[128, 40, 8]",1,False,da278f853123e557b793,expected_aligned_shape,Qwen/Qwen3.6-35B-A3B-FP8,ok,32,127,5080,828,0.16299212598425197,5080,2803,0.551771653543307,0,0.0,0.8725320611147382,4432.46287046287,0.9210875984251968,4679.125,Qwen/Qwen3.6-35B-A3B
chat,40,127,8,40640,cross_model,28799,0.7086368110236221,11841,0.291363188976378,159,True,127,128,32,32,0,"[159, 40, 8]",0,True,32,True,128,159,32,0,0,32,"[128, 40, 8]",1,False,da761af310412e791b36,expected_aligned_shape,Qwen/Qwen3.6-35B-A3B-FP8,ok,32,127,5080,1259,0.24783464566929134,5080,3256,0.6409448818897637,0,0.0,0.9109721075075405,4627.738306138306,0.948228346456693,4817.0,Qwen/Qwen3.6-35B-A3B
needle,40,127,8,40640,cross_model,28576,0.7031496062992126,12064,0.2968503937007874,159,True,127,128,32,32,0,"[159, 40, 8]",0,True,32,True,128,159,32,0,0,32,"[128, 40, 8]",1,False,dad8f018d4c8500ae0be,expected_aligned_shape,Qwen/Qwen3.6-35B-A3B-FP8,ok,32,127,5080,1263,0.24862204724409448,5080,3286,0.6468503937007875,0,0.0,0.9109298400636981,4627.523587523588,0.9480807086614174,4816.25,Qwen/Qwen3.6-35B-A3B
needle,40,127,8,40640,cross_model,28748,0.7073818897637796,11892,0.2926181102362205,159,True,127,128,32,32,0,"[159, 40, 8]",0,True,32,True,128,159,32,0,0,32,"[128, 40, 8]",1,False,dba8a8da0a7ff9857eb7,expected_aligned_shape,Qwen/Qwen3.6-35B-A3B-FP8,ok,32,127,5080,1246,0.2452755905511811,5080,3284,0.6464566929133858,0,0.0,0.9134963374333452,4640.561394161394,0.9499261811023622,4825.625,Qwen/Qwen3.6-35B-A3B
needle,40,127,8,40640,cross_model,28031,0.6897391732283464,12609,0.31026082677165356,159,True,127,128,32,32,0,"[159, 40, 8]",0,True,32,True,128,159,32,0,0,32,"[128, 40, 8]",1,False,dbb8dced5bf7a78d07db,expected_aligned_shape,Qwen/Qwen3.6-35B-A3B-FP8,ok,32,127,5080,1201,0.23641732283464567,5080,3166,0.6232283464566929,0,0.0,0.901159509781557,4577.89030969031,0.9411909448818898,4781.25,Qwen/Qwen3.6-35B-A3B
low_margin,40,127,8,40640,cross_model,28851,0.7099163385826772,11789,0.29008366141732284,167,True,127,128,40,40,0,"[167, 40, 8]",0,True,40,True,128,167,40,0,0,40,"[128, 40, 8]",1,False,dc232ce0ff7df57e0ee4,expected_aligned_shape,Qwen/Qwen3.6-35B-A3B-FP8,ok,32,127,5080,1331,0.26200787401574804,5080,3248,0.6393700787401575,0,0.0,0.9092956168940421,4619.221733821734,0.9465797244094488,4808.625,Qwen/Qwen3.6-35B-A3B
json_structured,40,127,8,40640,cross_model,28478,0.700738188976378,12162,0.29926181102362204,159,True,127,128,32,32,0,"[159, 40, 8]",0,True,32,True,128,159,32,0,0,32,"[128, 40, 8]",1,False,dcb1a0658a182c9469db,expected_aligned_shape,Qwen/Qwen3.6-35B-A3B-FP8,ok,32,127,5080,1218,0.23976377952755906,5080,3237,0.6372047244094489,0,0.0,0.9066232935917974,4605.646331446332,0.9446358267716536,4798.75,Qwen/Qwen3.6-35B-A3B
json_structured,40,127,8,40640,cross_model,27996,0.6888779527559055,12644,0.3111220472440945,159,True,127,128,32,32,0,"[159, 40, 8]",0,True,32,True,128,159,32,0,0,32,"[128, 40, 8]",1,False,dd327b9029b2db9a20ff,expected_aligned_shape,Qwen/Qwen3.6-35B-A3B-FP8,ok,32,127,5080,1176,0.231496062992126,5080,3106,0.6114173228346457,0,0.0,0.8976591081709192,4560.10826950827,0.9386072834645669,4768.125,Qwen/Qwen3.6-35B-A3B
math_numeric,40,127,8,40640,cross_model,28533,0.7020915354330709,12107,0.29790846456692915,159,True,127,128,32,32,0,"[159, 40, 8]",0,True,32,True,128,159,32,0,0,32,"[128, 40, 8]",1,False,dd4699e3e2a3e9c2917e,expected_aligned_shape,Qwen/Qwen3.6-35B-A3B-FP8,ok,32,127,5080,1232,0.24251968503937008,5080,3256,0.6409448818897637,0,0.0,0.9096524647705748,4621.034521034521,0.947244094488189,4812.0,Qwen/Qwen3.6-35B-A3B
low_margin,40,127,8,40640,cross_model,28154,0.692765748031496,12486,0.30723425196850396,167,True,127,128,40,40,0,"[167, 40, 8]",0,True,40,True,128,167,40,0,0,40,"[128, 40, 8]",1,False,de9fa8cbd33ab66d2de0,expected_aligned_shape,Qwen/Qwen3.6-35B-A3B-FP8,ok,32,127,5080,1187,0.23366141732283466,5080,3186,0.6271653543307086,0,0.0,0.9062039098259571,4603.515861915862,0.9452263779527559,4801.75,Qwen/Qwen3.6-35B-A3B
chat,40,127,8,40640,cross_model,29196,0.7184055118110236,11444,0.28159448818897637,159,True,127,128,32,32,0,"[159, 40, 8]",0,True,32,True,128,159,32,0,0,32,"[128, 40, 8]",1,False,decffd4461aedc82affb,expected_aligned_shape,Qwen/Qwen3.6-35B-A3B-FP8,ok,32,127,5080,1315,0.2588582677165354,5080,3295,0.6486220472440944,0,0.0,0.9139752548413966,4642.994294594295,0.9502706692913386,4827.375,Qwen/Qwen3.6-35B-A3B
math_numeric,40,127,8,40640,cross_model,21266,0.5232775590551181,19374,0.47672244094488186,159,True,127,128,32,32,0,"[159, 40, 8]",0,True,32,True,128,159,32,0,0,32,"[128, 40, 8]",1,False,def6df610c33d0b1ced8,expected_aligned_shape,Qwen/Qwen3.6-35B-A3B-FP8,ok,32,127,5080,385,0.07578740157480315,5080,1924,0.378740157480315,0,0.0,0.8152107691084068,4141.270707070707,0.8850639763779528,4496.125,Qwen/Qwen3.6-35B-A3B
json_structured,40,127,8,40640,cross_model,28968,0.7127952755905512,11672,0.28720472440944883,159,True,127,128,32,32,0,"[159, 40, 8]",0,True,32,True,128,159,32,0,0,32,"[128, 40, 8]",1,False,defca7881b9810bf23b4,expected_aligned_shape,Qwen/Qwen3.6-35B-A3B-FP8,ok,32,127,5080,1270,0.25,5080,3341,0.6576771653543307,0,0.0,0.9169052732044858,4657.878787878788,0.9521161417322834,4836.75,Qwen/Qwen3.6-35B-A3B
math_numeric,40,127,8,40640,cross_model,18012,0.44320866141732285,22628,0.5567913385826772,159,True,127,128,32,32,0,"[159, 40, 8]",0,True,32,True,128,159,32,0,0,32,"[128, 40, 8]",1,False,df0b18235b03cb2ef7a0,expected_aligned_shape,Qwen/Qwen3.6-35B-A3B-FP8,ok,32,127,5080,180,0.03543307086614173,5080,1425,0.28051181102362205,0,0.0,0.755552916025357,3838.2088134088135,0.8395177165354331,4264.75,Qwen/Qwen3.6-35B-A3B
chat,40,127,8,40640,cross_model,27835,0.6849163385826772,12805,0.31508366141732286,159,True,127,128,32,32,0,"[159, 40, 8]",0,True,32,True,128,159,32,0,0,32,"[128, 40, 8]",1,False,df2178cb54106821c26a,expected_aligned_shape,Qwen/Qwen3.6-35B-A3B-FP8,ok,32,127,5080,1092,0.21496062992125983,5080,3098,0.6098425196850393,0,0.0,0.9028331248803689,4586.392274392274,0.9435531496062992,4793.25,Qwen/Qwen3.6-35B-A3B
mixed_language,40,127,8,40640,cross_model,30174,0.7424704724409449,10466,0.2575295275590551,159,True,127,128,32,32,0,"[159, 40, 8]",0,True,32,True,128,159,32,0,0,32,"[128, 40, 8]",1,False,df5699d2d0448cb5e647,expected_aligned_shape,Qwen/Qwen3.6-35B-A3B-FP8,ok,32,127,5080,1489,0.29311023622047244,5080,3535,0.6958661417322834,0,0.0,0.9285222301757735,4716.89292929293,0.9592027559055119,4872.75,Qwen/Qwen3.6-35B-A3B
summarization,40,127,8,40640,cross_model,28760,0.7076771653543307,11880,0.29232283464566927,163,True,127,128,36,36,0,"[163, 40, 8]",0,True,36,True,128,163,36,0,0,36,"[128, 40, 8]",1,False,df729736b09d9cf6a0d1,expected_aligned_shape,Qwen/Qwen3.6-35B-A3B-FP8,ok,32,127,5080,1303,0.25649606299212596,5080,3295,0.6486220472440944,0,0.0,0.9093312155910581,4619.4025752025755,0.9463582677165354,4807.5,Qwen/Qwen3.6-35B-A3B
mixed_language,40,90,8,28800,cross_model,21700,0.7534722222222222,7100,0.2465277777777778,122,True,90,91,32,32,0,"[122, 40, 8]",0,True,32,True,91,122,32,0,0,32,"[91, 40, 8]",1,False,df97939370daa489e4f3,expected_aligned_shape,Qwen/Qwen3.6-35B-A3B-FP8,ok,32,90,3600,1076,0.29888888888888887,3600,2499,0.6941666666666667,0,0.0,0.9284141414141415,3342.2909090909093,0.9591666666666666,3453.0,Qwen/Qwen3.6-35B-A3B
chat,40,127,8,40640,cross_model,26832,0.6602362204724409,13808,0.33976377952755904,159,True,127,128,32,32,0,"[159, 40, 8]",0,True,32,True,128,159,32,0,0,32,"[128, 40, 8]",1,False,dfce7add325a33dbdf19,expected_aligned_shape,Qwen/Qwen3.6-35B-A3B-FP8,ok,32,127,5080,985,0.19389763779527558,5080,2965,0.5836614173228346,0,0.0,0.8879775779775779,4510.926096126096,0.9323326771653543,4736.25,Qwen/Qwen3.6-35B-A3B
mixed_language,40,127,8,40640,cross_model,29113,0.716363188976378,11527,0.28363681102362204,159,True,127,128,32,32,0,"[159, 40, 8]",0,True,32,True,128,159,32,0,0,32,"[128, 40, 8]",1,False,e0c0168a11064079fbc6,expected_aligned_shape,Qwen/Qwen3.6-35B-A3B-FP8,ok,32,127,5080,1479,0.29114173228346457,5080,3300,0.6496062992125984,0,0.0,0.904685087440993,4595.800244200244,0.9414616141732284,4782.625,Qwen/Qwen3.6-35B-A3B
needle,40,127,8,40640,cross_model,28172,0.6932086614173228,12468,0.30679133858267715,159,True,127,128,32,32,0,"[159, 40, 8]",0,True,32,True,128,159,32,0,0,32,"[128, 40, 8]",1,False,e0d97de9b8a261a96953,expected_aligned_shape,Qwen/Qwen3.6-35B-A3B-FP8,ok,32,127,5080,1144,0.2251968503937008,5080,3254,0.6405511811023622,0,0.0,0.9101589049620546,4623.607237207238,0.9476624015748032,4814.125,Qwen/Qwen3.6-35B-A3B
chat,40,127,8,40640,cross_model,26835,0.6603100393700787,13805,0.33968996062992124,159,True,127,128,32,32,0,"[159, 40, 8]",0,True,32,True,128,159,32,0,0,32,"[128, 40, 8]",1,False,e0dbb5e604abee3e9199,expected_aligned_shape,Qwen/Qwen3.6-35B-A3B-FP8,ok,32,127,5080,1013,0.19940944881889763,5080,2965,0.5836614173228346,0,0.0,0.8877836599096441,4509.940992340992,0.9318159448818898,4733.625,Qwen/Qwen3.6-35B-A3B
chat,40,127,8,40640,cross_model,29099,0.7160187007874016,11541,0.2839812992125984,159,True,127,128,32,32,0,"[159, 40, 8]",0,True,32,True,128,159,32,0,0,32,"[128, 40, 8]",1,False,e1506bf7b8cccf5a1d59,expected_aligned_shape,Qwen/Qwen3.6-35B-A3B-FP8,ok,32,127,5080,1298,0.255511811023622,5080,3395,0.6683070866141733,0,0.0,0.9199472705771918,4673.332134532135,0.9538385826771654,4845.5,Qwen/Qwen3.6-35B-A3B
short_qa,40,127,8,40640,cross_model,30126,0.7412893700787402,10514,0.2587106299212598,166,True,127,128,39,39,0,"[166, 40, 8]",0,True,39,True,128,166,39,0,0,39,"[128, 40, 8]",1,False,e182834c6c18fefcd829,expected_aligned_shape,Qwen/Qwen3.6-35B-A3B-FP8,ok,32,127,5080,1488,0.2929133858267717,5080,3498,0.6885826771653544,0,0.0,0.9253145629523583,4700.59797979798,0.9570866141732284,4862.0,Qwen/Qwen3.6-35B-A3B
needle,40,127,8,40640,cross_model,28756,0.7075787401574803,11884,0.2924212598425197,159,True,127,128,32,32,0,"[159, 40, 8]",0,True,32,True,128,159,32,0,0,32,"[128, 40, 8]",1,False,e1e67e6b4f6a7359047a,expected_aligned_shape,Qwen/Qwen3.6-35B-A3B-FP8,ok,32,127,5080,1279,0.2517716535433071,5080,3255,0.640748031496063,0,0.0,0.9083691986054191,4614.515528915529,0.9456200787401575,4803.75,Qwen/Qwen3.6-35B-A3B
json_structured,40,127,8,40640,cross_model,29201,0.7185285433070866,11439,0.2814714566929134,159,True,127,128,32,32,0,"[159, 40, 8]",0,True,32,True,128,159,32,0,0,32,"[128, 40, 8]",1,False,e21eec022c296b5ab070,expected_aligned_shape,Qwen/Qwen3.6-35B-A3B-FP8,ok,32,127,5080,1274,0.25078740157480317,5080,3343,0.6580708661417323,0,0.0,0.9171788753678518,4659.268686868687,0.9523375984251968,4837.875,Qwen/Qwen3.6-35B-A3B
json_structured,40,127,8,40640,cross_model,30519,0.7509596456692913,10121,0.24904035433070867,167,True,127,128,40,40,0,"[167, 40, 8]",0,True,40,True,128,167,40,0,0,40,"[128, 40, 8]",1,False,e241a8275a2c1a96efb2,expected_aligned_shape,Qwen/Qwen3.6-35B-A3B-FP8,ok,32,127,5080,1553,0.30570866141732284,5080,3567,0.7021653543307087,0,0.0,0.9296441703528318,4722.592385392385,0.9597687007874016,4875.625,Qwen/Qwen3.6-35B-A3B
short_qa,40,127,8,40640,cross_model,28078,0.6908956692913386,12562,0.3091043307086614,159,True,127,128,32,32,0,"[159, 40, 8]",0,True,32,True,128,159,32,0,0,32,"[128, 40, 8]",1,False,e255b92f6ff86f29faa5,expected_aligned_shape,Qwen/Qwen3.6-35B-A3B-FP8,ok,32,127,5080,1164,0.22913385826771654,5080,3172,0.6244094488188976,0,0.0,0.9030953823079808,4587.7245421245425,0.9424212598425197,4787.5,Qwen/Qwen3.6-35B-A3B
summarization,40,127,8,40640,cross_model,29723,0.731373031496063,10917,0.268626968503937,159,True,127,128,32,32,0,"[159, 40, 8]",0,True,32,True,128,159,32,0,0,32,"[128, 40, 8]",1,False,e268aa0a1571b527df88,expected_aligned_shape,Qwen/Qwen3.6-35B-A3B-FP8,ok,32,127,5080,1467,0.2887795275590551,5080,3437,0.6765748031496063,0,0.0,0.9207388849121133,4677.353535353535,0.9541830708661417,4847.25,Qwen/Qwen3.6-35B-A3B
code,40,127,8,40640,cross_model,29049,0.7147883858267716,11591,0.2852116141732283,166,True,127,128,39,39,0,"[166, 40, 8]",0,True,39,True,128,166,39,0,0,39,"[128, 40, 8]",1,False,e2a2b97cb4cd3fb0ac63,expected_aligned_shape,Qwen/Qwen3.6-35B-A3B-FP8,ok,32,127,5080,1283,0.2525590551181102,5080,3342,0.6578740157480315,0,0.0,0.9146050318884965,4646.193561993562,0.9501476377952756,4826.75,Qwen/Qwen3.6-35B-A3B
json_structured,40,127,8,40640,cross_model,27891,0.6862942913385827,12749,0.31370570866141734,159,True,127,128,32,32,0,"[159, 40, 8]",0,True,32,True,128,159,32,0,0,32,"[128, 40, 8]",1,False,e3048f45677a7f61e06c,expected_aligned_shape,Qwen/Qwen3.6-35B-A3B-FP8,ok,32,127,5080,1121,0.22066929133858268,5080,3142,0.618503937007874,0,0.0,0.9036216277161159,4590.397868797869,0.9438484251968504,4794.75,Qwen/Qwen3.6-35B-A3B
code,40,127,8,40640,cross_model,28956,0.7125,11684,0.2875,166,True,127,128,39,39,0,"[166, 40, 8]",0,True,39,True,128,166,39,0,0,39,"[128, 40, 8]",1,False,e31ab73e5cc95c1d83a9,expected_aligned_shape,Qwen/Qwen3.6-35B-A3B-FP8,ok,32,127,5080,1294,0.2547244094488189,5080,3238,0.6374015748031496,0,0.0,0.9100940354483662,4623.2777000777005,0.947859251968504,4815.125,Qwen/Qwen3.6-35B-A3B
math_numeric,40,127,8,40640,cross_model,29241,0.7195127952755905,11399,0.28048720472440947,159,True,127,128,32,32,0,"[159, 40, 8]",0,True,32,True,128,159,32,0,0,32,"[128, 40, 8]",1,False,e371ee1102e9afc445d2,expected_aligned_shape,Qwen/Qwen3.6-35B-A3B-FP8,ok,32,127,5080,1367,0.26909448818897636,5080,3334,0.6562992125984252,0,0.0,0.9135717825481606,4640.944655344655,0.9493110236220472,4822.5,Qwen/Qwen3.6-35B-A3B
needle,40,127,8,40640,cross_model,28496,0.7011811023622048,12144,0.2988188976377953,159,True,127,128,32,32,0,"[159, 40, 8]",0,True,32,True,128,159,32,0,0,32,"[128, 40, 8]",1,False,e3b52879bd66047b12c7,expected_aligned_shape,Qwen/Qwen3.6-35B-A3B-FP8,ok,32,127,5080,1194,0.23503937007874015,5080,3220,0.6338582677165354,0,0.0,0.9121768869800367,4633.858585858586,0.9496555118110236,4824.25,Qwen/Qwen3.6-35B-A3B
summarization,40,127,8,40640,cross_model,28542,0.7023129921259843,12098,0.29768700787401575,163,True,127,128,36,36,0,"[163, 40, 8]",0,True,36,True,128,163,36,0,0,36,"[128, 40, 8]",1,False,e3c9801e2e24a41181f4,expected_aligned_shape,Qwen/Qwen3.6-35B-A3B-FP8,ok,32,127,5080,1237,0.243503937007874,5080,3193,0.6285433070866142,0,0.0,0.9070634964335751,4607.882561882562,0.9458415354330708,4804.875,Qwen/Qwen3.6-35B-A3B
math_numeric,40,127,8,40640,cross_model,30433,0.7488435039370078,10207,0.2511564960629921,159,True,127,128,32,32,0,"[159, 40, 8]",0,True,32,True,128,159,32,0,0,32,"[128, 40, 8]",1,False,e4393f3f574092a035dc,expected_aligned_shape,Qwen/Qwen3.6-35B-A3B-FP8,ok,32,127,5080,1504,0.29606299212598425,5080,3559,0.7005905511811024,0,0.0,0.9286622126779606,4717.6040404040405,0.9591535433070866,4872.5,Qwen/Qwen3.6-35B-A3B
code,40,127,8,40640,cross_model,28457,0.7002214566929134,12183,0.2997785433070866,159,True,127,128,32,32,0,"[159, 40, 8]",0,True,32,True,128,159,32,0,0,32,"[128, 40, 8]",1,False,e45406fdb262473d0618,expected_aligned_shape,Qwen/Qwen3.6-35B-A3B-FP8,ok,32,127,5080,1177,0.23169291338582676,5080,3237,0.6372047244094489,0,0.0,0.9103733973812714,4624.696858696859,0.9480561023622047,4816.125,Qwen/Qwen3.6-35B-A3B
summarization,40,127,8,40640,cross_model,30544,0.7515748031496063,10096,0.2484251968503937,167,True,127,128,40,40,0,"[167, 40, 8]",0,True,40,True,128,167,40,0,0,40,"[128, 40, 8]",1,False,e45887176dc3dc67a26f,expected_aligned_shape,Qwen/Qwen3.6-35B-A3B-FP8,ok,32,127,5080,1566,0.30826771653543306,5080,3637,0.7159448818897638,0,0.0,0.9303944961425277,4726.404040404041,0.9596702755905512,4875.125,Qwen/Qwen3.6-35B-A3B
json_structured,40,127,8,40640,cross_model,27528,0.6773622047244094,13112,0.32263779527559056,159,True,127,128,32,32,0,"[159, 40, 8]",0,True,32,True,128,159,32,0,0,32,"[128, 40, 8]",1,False,e4e26ee6c93d0b0c2b29,expected_aligned_shape,Qwen/Qwen3.6-35B-A3B-FP8,ok,32,127,5080,1062,0.20905511811023622,5080,3056,0.6015748031496063,0,0.0,0.9014003144711806,4579.113597513598,0.9429379921259843,4790.125,Qwen/Qwen3.6-35B-A3B
code,40,127,8,40640,cross_model,30195,0.7429872047244095,10445,0.25701279527559057,159,True,127,128,32,32,0,"[159, 40, 8]",0,True,32,True,128,159,32,0,0,32,"[128, 40, 8]",1,False,e4f5ca71dd6c109ad385,expected_aligned_shape,Qwen/Qwen3.6-35B-A3B-FP8,ok,32,127,5080,1496,0.29448818897637796,5080,3468,0.6826771653543308,0,0.0,0.9204239854633556,4675.753846153846,0.953125,4841.875,Qwen/Qwen3.6-35B-A3B
math_numeric,40,127,8,40640,cross_model,24395,0.6002706692913385,16245,0.3997293307086614,159,True,127,128,32,32,0,"[159, 40, 8]",0,True,32,True,128,159,32,0,0,32,"[128, 40, 8]",1,False,e50fa99f61491ecbb31a,expected_aligned_shape,Qwen/Qwen3.6-35B-A3B-FP8,ok,32,127,5080,764,0.15039370078740158,5080,2559,0.503740157480315,0,0.0,0.8528782634688147,4332.621578421578,0.9075049212598425,4610.125,Qwen/Qwen3.6-35B-A3B
low_margin,40,127,8,40640,cross_model,28921,0.711638779527559,11719,0.28836122047244095,167,True,127,128,40,40,0,"[167, 40, 8]",0,True,40,True,128,167,40,0,0,40,"[128, 40, 8]",1,False,e53e7c8bd9bc87e260cc,expected_aligned_shape,Qwen/Qwen3.6-35B-A3B-FP8,ok,32,127,5080,1320,0.25984251968503935,5080,3287,0.6470472440944882,0,0.0,0.9110237269292387,4628.000532800533,0.9477608267716535,4814.625,Qwen/Qwen3.6-35B-A3B
low_margin,40,127,8,40640,cross_model,29711,0.7310777559055118,10929,0.26892224409448817,167,True,127,128,40,40,0,"[167, 40, 8]",0,True,40,True,128,167,40,0,0,40,"[128, 40, 8]",1,False,e552ee5adbb3501fcc29,expected_aligned_shape,Qwen/Qwen3.6-35B-A3B-FP8,ok,32,127,5080,1432,0.28188976377952757,5080,3453,0.6797244094488188,0,0.0,0.9222834645669292,4685.2,0.9552165354330708,4852.5,Qwen/Qwen3.6-35B-A3B
short_qa,40,127,8,40640,cross_model,31398,0.7725885826771653,9242,0.22741141732283465,159,True,127,128,32,32,0,"[159, 40, 8]",0,True,32,True,128,159,32,0,0,32,"[128, 40, 8]",1,False,e5668477658ddaf47f00,expected_aligned_shape,Qwen/Qwen3.6-35B-A3B-FP8,ok,32,127,5080,1720,0.33858267716535434,5080,3745,0.7372047244094488,0,0.0,0.9388204883480474,4769.208080808081,0.9651820866141733,4903.125,Qwen/Qwen3.6-35B-A3B
short_qa,40,127,8,40640,cross_model,28906,0.71126968503937,11734,0.2887303149606299,159,True,127,128,32,32,0,"[159, 40, 8]",0,True,32,True,128,159,32,0,0,32,"[128, 40, 8]",1,False,e56a4ad163b2a7ad3ac7,expected_aligned_shape,Qwen/Qwen3.6-35B-A3B-FP8,ok,32,127,5080,1308,0.2574803149606299,5080,3267,0.6431102362204725,0,0.0,0.9106162079390427,4625.930336330336,0.9475393700787401,4813.5,Qwen/Qwen3.6-35B-A3B
math_numeric,40,11,8,3520,cross_model,2325,0.6605113636363636,1195,0.33948863636363635,43,True,11,12,32,32,0,"[43, 40, 8]",0,True,32,True,12,43,32,0,0,32,"[12, 40, 8]",1,False,e58abda4f60d678d4a28,expected_aligned_shape,Qwen/Qwen3.6-35B-A3B-FP8,ok,32,11,440,78,0.17727272727272728,440,233,0.5295454545454545,0,0.0,0.8823415977961433,388.23030303030305,0.9318181818181818,410.0,Qwen/Qwen3.6-35B-A3B
mixed_language,40,127,8,40640,cross_model,29383,0.7230068897637796,11257,0.2769931102362205,159,True,127,128,32,32,0,"[159, 40, 8]",0,True,32,True,128,159,32,0,0,32,"[128, 40, 8]",1,False,e61167965915dc828d21,expected_aligned_shape,Qwen/Qwen3.6-35B-A3B-FP8,ok,32,127,5080,1368,0.2692913385826772,5080,3434,0.675984251968504,0,0.0,0.9185799327531612,4666.386058386059,0.9523375984251968,4837.875,Qwen/Qwen3.6-35B-A3B
mixed_language,40,127,8,40640,cross_model,31256,0.7690944881889764,9384,0.23090551181102362,159,True,127,128,32,32,0,"[159, 40, 8]",0,True,32,True,128,159,32,0,0,32,"[128, 40, 8]",1,False,e63507dd1e56d90fdb00,expected_aligned_shape,Qwen/Qwen3.6-35B-A3B-FP8,ok,32,127,5080,1664,0.32755905511811023,5080,3694,0.7271653543307086,0,0.0,0.9370794559770937,4760.363636363636,0.9642716535433071,4898.5,Qwen/Qwen3.6-35B-A3B
math_numeric,40,6,8,1920,cross_model,1261,0.6567708333333333,659,0.34322916666666664,38,True,6,7,32,32,0,"[38, 40, 8]",0,True,32,True,7,38,32,0,0,32,"[7, 40, 8]",1,False,e65a59f3b5949b96eb7a,expected_aligned_shape,Qwen/Qwen3.6-35B-A3B-FP8,ok,32,6,240,35,0.14583333333333334,240,141,0.5875,0,0.0,0.8972222222222224,215.33333333333334,0.940625,225.75,Qwen/Qwen3.6-35B-A3B
json_structured,40,127,8,40640,cross_model,28384,0.6984251968503937,12256,0.3015748031496063,159,True,127,128,32,32,0,"[159, 40, 8]",0,True,32,True,128,159,32,0,0,32,"[128, 40, 8]",1,False,e6bafd5cab79097ea33e,expected_aligned_shape,Qwen/Qwen3.6-35B-A3B-FP8,ok,32,127,5080,1260,0.24803149606299213,5080,3260,0.6417322834645669,0,0.0,0.9071886075429382,4608.518126318127,0.9445866141732283,4798.5,Qwen/Qwen3.6-35B-A3B
json_structured,40,127,8,40640,cross_model,26088,0.6419291338582677,14552,0.3580708661417323,159,True,127,128,32,32,0,"[159, 40, 8]",0,True,32,True,128,159,32,0,0,32,"[128, 40, 8]",1,False,e70fea41349e29ef36fe,expected_aligned_shape,Qwen/Qwen3.6-35B-A3B-FP8,ok,32,127,5080,909,0.17893700787401576,5080,2834,0.5578740157480315,0,0.0,0.874917068932817,4444.57871017871,0.9229084645669291,4688.375,Qwen/Qwen3.6-35B-A3B
math_numeric,40,127,8,40640,cross_model,18950,0.46628937007874016,21690,0.5337106299212598,159,True,127,128,32,32,0,"[159, 40, 8]",0,True,32,True,128,159,32,0,0,32,"[128, 40, 8]",1,False,e74eaa24a6e9e411b43a,expected_aligned_shape,Qwen/Qwen3.6-35B-A3B-FP8,ok,32,127,5080,211,0.04153543307086614,5080,1469,0.2891732283464567,0,0.0,0.7688932371215836,3905.9776445776447,0.8511811023622047,4324.0,Qwen/Qwen3.6-35B-A3B
summarization,40,127,8,40640,cross_model,29847,0.7344242125984252,10793,0.2655757874015748,167,True,127,128,40,40,0,"[167, 40, 8]",0,True,40,True,128,167,40,0,0,40,"[128, 40, 8]",1,False,e7d0328add79dfef0719,expected_aligned_shape,Qwen/Qwen3.6-35B-A3B-FP8,ok,32,127,5080,1448,0.28503937007874014,5080,3464,0.6818897637795276,0,0.0,0.9212817715967323,4680.1113997114,0.953986220472441,4846.25,Qwen/Qwen3.6-35B-A3B
short_qa,40,127,8,40640,cross_model,29715,0.7311761811023622,10925,0.2688238188976378,166,True,127,128,39,39,0,"[166, 40, 8]",0,True,39,True,128,166,39,0,0,39,"[128, 40, 8]",1,False,e7f0ca1caecbbe89e953,expected_aligned_shape,Qwen/Qwen3.6-35B-A3B-FP8,ok,32,127,5080,1408,0.27716535433070866,5080,3428,0.6748031496062992,0,0.0,0.9207822798373979,4677.573981573982,0.9542076771653544,4847.375,Qwen/Qwen3.6-35B-A3B
summarization,40,127,8,40640,cross_model,31101,0.7652805118110236,9539,0.23471948818897637,167,True,127,128,40,40,0,"[167, 40, 8]",0,True,40,True,128,167,40,0,0,40,"[128, 40, 8]",1,False,e824d93b1763a303ac0e,expected_aligned_shape,Qwen/Qwen3.6-35B-A3B-FP8,ok,32,127,5080,1691,0.3328740157480315,5080,3669,0.7222440944881889,0,0.0,0.9328367258288519,4738.810567210568,0.9611712598425197,4882.75,Qwen/Qwen3.6-35B-A3B
math_numeric,40,127,8,40640,cross_model,20965,0.515871062992126,19675,0.484128937007874,159,True,127,128,32,32,0,"[159, 40, 8]",0,True,32,True,128,159,32,0,0,32,"[128, 40, 8]",1,False,e8d609e5d3a41266e100,expected_aligned_shape,Qwen/Qwen3.6-35B-A3B-FP8,ok,32,127,5080,357,0.0702755905511811,5080,1877,0.369488188976378,0,0.0,0.8073325755609219,4101.249483849484,0.8792568897637796,4466.625,Qwen/Qwen3.6-35B-A3B
short_qa,40,127,8,40640,cross_model,28398,0.6987696850393701,12242,0.3012303149606299,159,True,127,128,32,32,0,"[159, 40, 8]",0,True,32,True,128,159,32,0,0,32,"[128, 40, 8]",1,False,e8f0931a3295abecd91d,expected_aligned_shape,Qwen/Qwen3.6-35B-A3B-FP8,ok,32,127,5080,1206,0.2374015748031496,5080,3215,0.6328740157480315,0,0.0,0.9074142393040032,4609.664335664335,0.9458415354330708,4804.875,Qwen/Qwen3.6-35B-A3B
mixed_language,40,127,8,40640,cross_model,29292,0.720767716535433,11348,0.2792322834645669,159,True,127,128,32,32,0,"[159, 40, 8]",0,True,32,True,128,159,32,0,0,32,"[128, 40, 8]",1,False,e94a7692fe73b8cd9add,expected_aligned_shape,Qwen/Qwen3.6-35B-A3B-FP8,ok,32,127,5080,1275,0.25098425196850394,5080,3312,0.6519685039370079,0,0.0,0.912738617463027,4636.712176712177,0.9489419291338582,4820.625,Qwen/Qwen3.6-35B-A3B
json_structured,40,127,8,40640,cross_model,28725,0.7068159448818898,11915,0.29318405511811024,159,True,127,128,32,32,0,"[159, 40, 8]",0,True,32,True,128,159,32,0,0,32,"[128, 40, 8]",1,False,e9638fc4294228986f46,expected_aligned_shape,Qwen/Qwen3.6-35B-A3B-FP8,ok,32,127,5080,1272,0.2503937007874016,5080,3255,0.640748031496063,0,0.0,0.9104736820484851,4625.206304806305,0.9478346456692913,4815.0,Qwen/Qwen3.6-35B-A3B
logs,40,127,8,40640,cross_model,28484,0.7008858267716536,12156,0.29911417322834644,159,True,127,128,32,32,0,"[159, 40, 8]",0,True,32,True,128,159,32,0,0,32,"[128, 40, 8]",1,False,e97cb33c46e2dfd641cd,expected_aligned_shape,Qwen/Qwen3.6-35B-A3B-FP8,ok,32,127,5080,1203,0.23681102362204726,5080,3248,0.6393700787401575,0,0.0,0.9094605132400407,4620.059407259408,0.9472933070866142,4812.25,Qwen/Qwen3.6-35B-A3B
mixed_language,40,127,8,40640,cross_model,28428,0.699507874015748,12212,0.30049212598425196,159,True,127,128,32,32,0,"[159, 40, 8]",0,True,32,True,128,159,32,0,0,32,"[128, 40, 8]",1,False,e9c38d0c60f1ed8584a7,expected_aligned_shape,Qwen/Qwen3.6-35B-A3B-FP8,ok,32,127,5080,1220,0.24015748031496062,5080,3236,0.637007874015748,0,0.0,0.9093761356753483,4619.630769230769,0.947367125984252,4812.625,Qwen/Qwen3.6-35B-A3B
code,40,127,8,40640,cross_model,28918,0.7115649606299213,11722,0.28843503937007875,166,True,127,128,39,39,0,"[166, 40, 8]",0,True,39,True,128,166,39,0,0,39,"[128, 40, 8]",1,False,ea20a6f7be1f5596ae81,expected_aligned_shape,Qwen/Qwen3.6-35B-A3B-FP8,ok,32,127,5080,1251,0.24625984251968505,5080,3281,0.6458661417322835,0,0.0,0.9086857499455925,4616.12360972361,0.9453248031496063,4802.25,Qwen/Qwen3.6-35B-A3B
summarization,40,127,8,40640,cross_model,30253,0.7444143700787401,10387,0.2555856299212598,163,True,127,128,36,36,0,"[163, 40, 8]",0,True,36,True,128,163,36,0,0,36,"[128, 40, 8]",1,False,ea25c1dbc2cead686dbe,expected_aligned_shape,Qwen/Qwen3.6-35B-A3B-FP8,ok,32,127,5080,1558,0.30669291338582677,5080,3540,0.6968503937007874,0,0.0,0.924949818335645,4698.745077145077,0.9562746062992126,4857.875,Qwen/Qwen3.6-35B-A3B
low_margin,40,127,8,40640,cross_model,29459,0.724876968503937,11181,0.275123031496063,167,True,127,128,40,40,0,"[167, 40, 8]",0,True,40,True,128,167,40,0,0,40,"[128, 40, 8]",1,False,eac129bd5f579133420d,expected_aligned_shape,Qwen/Qwen3.6-35B-A3B-FP8,ok,32,127,5080,1372,0.2700787401574803,5080,3312,0.6519685039370079,0,0.0,0.9152161224602169,4649.297902097902,0.9510580708661417,4831.375,Qwen/Qwen3.6-35B-A3B
logs,40,127,8,40640,cross_model,27179,0.6687746062992126,13461,0.3312253937007874,159,True,127,128,32,32,0,"[159, 40, 8]",0,True,32,True,128,159,32,0,0,32,"[128, 40, 8]",1,False,eadb01f9a1ea4898ec56,expected_aligned_shape,Qwen/Qwen3.6-35B-A3B-FP8,ok,32,127,5080,990,0.19488188976377951,5080,2978,0.5862204724409449,0,0.0,0.894852216899461,4545.849261849262,0.9385334645669291,4767.75,Qwen/Qwen3.6-35B-A3B
chat,40,127,8,40640,cross_model,29294,0.7208169291338583,11346,0.27918307086614175,167,True,127,128,40,40,0,"[167, 40, 8]",0,True,40,True,128,167,40,0,0,40,"[128, 40, 8]",1,False,eb559da02caf34b94f04,expected_aligned_shape,Qwen/Qwen3.6-35B-A3B-FP8,ok,32,127,5080,1349,0.2655511811023622,5080,3403,0.6698818897637795,0,0.0,0.9166872410179496,4656.771184371184,0.9510580708661417,4831.375,Qwen/Qwen3.6-35B-A3B
json_structured,40,127,8,40640,cross_model,28868,0.7103346456692914,11772,0.28966535433070867,159,True,127,128,32,32,0,"[159, 40, 8]",0,True,32,True,128,159,32,0,0,32,"[128, 40, 8]",1,False,ec141180d7aba09cdfd7,expected_aligned_shape,Qwen/Qwen3.6-35B-A3B-FP8,ok,32,127,5080,1240,0.2440944881889764,5080,3359,0.6612204724409448,0,0.0,0.9173139633769555,4659.954933954934,0.9522391732283465,4837.375,Qwen/Qwen3.6-35B-A3B
code,40,127,8,40640,cross_model,29720,0.7312992125984252,10920,0.2687007874015748,159,True,127,128,32,32,0,"[159, 40, 8]",0,True,32,True,128,159,32,0,0,32,"[128, 40, 8]",1,False,ec1fee35e147b28594e8,expected_aligned_shape,Qwen/Qwen3.6-35B-A3B-FP8,ok,32,127,5080,1424,0.2803149606299213,5080,3388,0.6669291338582677,0,0.0,0.916482590025897,4655.731557331557,0.9512303149606299,4832.25,Qwen/Qwen3.6-35B-A3B
short_qa,40,127,8,40640,cross_model,31300,0.7701771653543307,9340,0.2298228346456693,159,True,127,128,32,32,0,"[159, 40, 8]",0,True,32,True,128,159,32,0,0,32,"[128, 40, 8]",1,False,ec3c704bbdb9f984816b,expected_aligned_shape,Qwen/Qwen3.6-35B-A3B-FP8,ok,32,127,5080,1688,0.33228346456692914,5080,3691,0.7265748031496063,0,0.0,0.9355547602004296,4752.618181818182,0.9632135826771654,4893.125,Qwen/Qwen3.6-35B-A3B
json_structured,40,127,8,40640,cross_model,27924,0.6871062992125985,12716,0.3128937007874016,159,True,127,128,32,32,0,"[159, 40, 8]",0,True,32,True,128,159,32,0,0,32,"[128, 40, 8]",1,False,ec597988254f8fe60485,expected_aligned_shape,Qwen/Qwen3.6-35B-A3B-FP8,ok,32,127,5080,1144,0.2251968503937008,5080,3159,0.6218503937007874,0,0.0,0.9026133053298409,4585.275591075591,0.9425196850393701,4788.0,Qwen/Qwen3.6-35B-A3B
mixed_language,40,127,8,40640,cross_model,31119,0.7657234251968504,9521,0.23427657480314962,159,True,127,128,32,32,0,"[159, 40, 8]",0,True,32,True,128,159,32,0,0,32,"[128, 40, 8]",1,False,ec60a4f7786e2279a182,expected_aligned_shape,Qwen/Qwen3.6-35B-A3B-FP8,ok,32,127,5080,1697,0.3340551181102362,5080,3645,0.71751968503937,0,0.0,0.9310230451962737,4729.59706959707,0.9596702755905512,4875.125,Qwen/Qwen3.6-35B-A3B
chat,40,127,8,40640,cross_model,29103,0.7161171259842519,11537,0.283882874015748,167,True,127,128,40,40,0,"[167, 40, 8]",0,True,40,True,128,167,40,0,0,40,"[128, 40, 8]",1,False,ec70019f85ed0df3b1c4,expected_aligned_shape,Qwen/Qwen3.6-35B-A3B-FP8,ok,32,127,5080,1315,0.2588582677165354,5080,3383,0.6659448818897638,0,0.0,0.9161871942580604,4654.230946830947,0.950615157480315,4829.125,Qwen/Qwen3.6-35B-A3B
json_structured,40,127,8,40640,cross_model,28056,0.6903543307086614,12584,0.3096456692913386,159,True,127,128,32,32,0,"[159, 40, 8]",0,True,32,True,128,159,32,0,0,32,"[128, 40, 8]",1,False,ed1695f55c50b1366194,expected_aligned_shape,Qwen/Qwen3.6-35B-A3B-FP8,ok,32,127,5080,1148,0.22598425196850394,5080,3195,0.6289370078740157,0,0.0,0.9038771814362366,4591.696081696082,0.943257874015748,4791.75,Qwen/Qwen3.6-35B-A3B
mixed_language,40,127,8,40640,cross_model,30672,0.7547244094488189,9968,0.2452755905511811,159,True,127,128,32,32,0,"[159, 40, 8]",0,True,32,True,128,159,32,0,0,32,"[128, 40, 8]",1,False,ed33d9d8f1a6628f8f41,expected_aligned_shape,Qwen/Qwen3.6-35B-A3B-FP8,ok,32,127,5080,1576,0.3102362204724409,5080,3539,0.6966535433070866,0,0.0,0.9277943666132643,4713.195382395383,0.9585875984251968,4869.625,Qwen/Qwen3.6-35B-A3B
logs,40,127,8,40640,cross_model,25765,0.6339812992125984,14875,0.36601870078740156,159,True,127,128,32,32,0,"[159, 40, 8]",0,True,32,True,128,159,32,0,0,32,"[128, 40, 8]",1,False,ed4af850109e13dbffb7,expected_aligned_shape,Qwen/Qwen3.6-35B-A3B-FP8,ok,32,127,5080,953,0.18759842519685038,5080,2839,0.5588582677165355,0,0.0,0.861468911665762,4376.262071262071,0.9107037401574803,4626.375,Qwen/Qwen3.6-35B-A3B
json_structured,40,127,8,40640,cross_model,28672,0.705511811023622,11968,0.29448818897637796,167,True,127,128,40,40,0,"[167, 40, 8]",0,True,40,True,128,167,40,0,0,40,"[128, 40, 8]",1,False,ed5b42137a010acef8a9,expected_aligned_shape,Qwen/Qwen3.6-35B-A3B-FP8,ok,32,127,5080,1241,0.24429133858267715,5080,3244,0.6385826771653543,0,0.0,0.9106407197352078,4626.0548562548565,0.9477608267716535,4814.625,Qwen/Qwen3.6-35B-A3B
math_numeric,40,127,8,40640,cross_model,24559,0.6043061023622047,16081,0.3956938976377953,159,True,127,128,32,32,0,"[159, 40, 8]",0,True,32,True,128,159,32,0,0,32,"[128, 40, 8]",1,False,ed9cd460ff8cf112cf9b,expected_aligned_shape,Qwen/Qwen3.6-35B-A3B-FP8,ok,32,127,5080,805,0.15846456692913385,5080,2613,0.5143700787401575,0,0.0,0.8513805048844417,4325.012964812965,0.9057332677165354,4601.125,Qwen/Qwen3.6-35B-A3B
logs,40,127,8,40640,cross_model,28101,0.6914616141732284,12539,0.3085383858267717,159,True,127,128,32,32,0,"[159, 40, 8]",0,True,32,True,128,159,32,0,0,32,"[128, 40, 8]",1,False,eda8a5523c042a26eee4,expected_aligned_shape,Qwen/Qwen3.6-35B-A3B-FP8,ok,32,127,5080,1170,0.23031496062992127,5080,3224,0.6346456692913386,0,0.0,0.9081145800830839,4613.222066822067,0.9464812992125984,4808.125,Qwen/Qwen3.6-35B-A3B
json_structured,40,127,8,40640,cross_model,29014,0.7139271653543308,11626,0.2860728346456693,159,True,127,128,32,32,0,"[159, 40, 8]",0,True,32,True,128,159,32,0,0,32,"[128, 40, 8]",1,False,edcf5b2b115bf77ea26c,expected_aligned_shape,Qwen/Qwen3.6-35B-A3B-FP8,ok,32,127,5080,1263,0.24862204724409448,5080,3311,0.6517716535433071,0,0.0,0.9142388014435259,4644.333111333111,0.9500738188976378,4826.375,Qwen/Qwen3.6-35B-A3B
summarization,40,127,8,40640,cross_model,29851,0.7345226377952756,10789,0.2654773622047244,167,True,127,128,40,40,0,"[167, 40, 8]",0,True,40,True,128,167,40,0,0,40,"[128, 40, 8]",1,False,ee4a6c86011c3e44ff62,expected_aligned_shape,Qwen/Qwen3.6-35B-A3B-FP8,ok,32,127,5080,1436,0.2826771653543307,5080,3459,0.6809055118110237,0,0.0,0.921786913873528,4682.677522477523,0.9544537401574803,4848.625,Qwen/Qwen3.6-35B-A3B
math_numeric,40,127,8,40640,cross_model,30417,0.7484498031496063,10223,0.2515501968503937,159,True,127,128,32,32,0,"[159, 40, 8]",0,True,32,True,128,159,32,0,0,32,"[128, 40, 8]",1,False,ee7cfbc75d68a00d3394,expected_aligned_shape,Qwen/Qwen3.6-35B-A3B-FP8,ok,32,127,5080,1521,0.29940944881889764,5080,3422,0.6736220472440945,0,0.0,0.9206892669884796,4677.101476301476,0.9542814960629922,4847.75,Qwen/Qwen3.6-35B-A3B
short_qa,40,127,8,40640,cross_model,29720,0.7312992125984252,10920,0.2687007874015748,159,True,127,128,32,32,0,"[159, 40, 8]",0,True,32,True,128,159,32,0,0,32,"[128, 40, 8]",1,False,ee7dabd94e62e0bf2b5e,expected_aligned_shape,Qwen/Qwen3.6-35B-A3B-FP8,ok,32,127,5080,1472,0.28976377952755905,5080,3391,0.6675196850393701,0,0.0,0.9163337362549961,4654.97538017538,0.9510826771653543,4831.5,Qwen/Qwen3.6-35B-A3B
code,40,127,8,40640,cross_model,28838,0.7095964566929134,11802,0.2904035433070866,166,True,127,128,39,39,0,"[166, 40, 8]",0,True,39,True,128,166,39,0,0,39,"[128, 40, 8]",1,False,ee81963d22618d303935,expected_aligned_shape,Qwen/Qwen3.6-35B-A3B-FP8,ok,32,127,5080,1292,0.2543307086614173,5080,3342,0.6578740157480315,0,0.0,0.9143551986071672,4644.924408924409,0.9500492125984252,4826.25,Qwen/Qwen3.6-35B-A3B
math_numeric,40,127,8,40640,cross_model,25245,0.6211860236220472,15395,0.3788139763779528,159,True,127,128,32,32,0,"[159, 40, 8]",0,True,32,True,128,159,32,0,0,32,"[128, 40, 8]",1,False,ef06424c58988163b7c9,expected_aligned_shape,Qwen/Qwen3.6-35B-A3B-FP8,ok,32,127,5080,903,0.17775590551181103,5080,2713,0.5340551181102362,0,0.0,0.8663117634771177,4400.863758463758,0.9178149606299213,4662.5,Qwen/Qwen3.6-35B-A3B
mixed_language,40,127,8,40640,cross_model,29983,0.7377706692913386,10657,0.2622293307086614,159,True,127,128,32,32,0,"[159, 40, 8]",0,True,32,True,128,159,32,0,0,32,"[128, 40, 8]",1,False,ef10a7183d48a63003df,expected_aligned_shape,Qwen/Qwen3.6-35B-A3B-FP8,ok,32,127,5080,1442,0.28385826771653544,5080,3474,0.6838582677165355,0,0.0,0.9212172604298587,4679.783682983683,0.9541584645669291,4847.125,Qwen/Qwen3.6-35B-A3B
short_qa,40,127,8,40640,cross_model,27950,0.687746062992126,12690,0.312253937007874,159,True,127,128,32,32,0,"[159, 40, 8]",0,True,32,True,128,159,32,0,0,32,"[128, 40, 8]",1,False,efbbfc09ebc85a0198a7,expected_aligned_shape,Qwen/Qwen3.6-35B-A3B-FP8,ok,32,127,5080,1182,0.2326771653543307,5080,3189,0.627755905511811,0,0.0,0.9035293577813264,4589.929137529138,0.9432824803149606,4791.875,Qwen/Qwen3.6-35B-A3B
chat,40,127,8,40640,cross_model,29171,0.7177903543307087,11469,0.28220964566929135,159,True,127,128,32,32,0,"[159, 40, 8]",0,True,32,True,128,159,32,0,0,32,"[128, 40, 8]",1,False,f0038360238676bc6dc7,expected_aligned_shape,Qwen/Qwen3.6-35B-A3B-FP8,ok,32,127,5080,1273,0.25059055118110235,5080,3305,0.6505905511811023,0,0.0,0.9160335639863199,4653.450505050505,0.9517470472440945,4834.875,Qwen/Qwen3.6-35B-A3B
short_qa,40,127,8,40640,cross_model,30156,0.7420275590551181,10484,0.25797244094488186,166,True,127,128,39,39,0,"[166, 40, 8]",0,True,39,True,128,166,39,0,0,39,"[128, 40, 8]",1,False,f04c751fc6cabeda634f,expected_aligned_shape,Qwen/Qwen3.6-35B-A3B-FP8,ok,32,127,5080,1484,0.2921259842519685,5080,3533,0.6954724409448819,0,0.0,0.9264444129798461,4706.337617937618,0.9575541338582677,4864.375,Qwen/Qwen3.6-35B-A3B
mixed_language,40,127,8,40640,cross_model,30065,0.7397883858267716,10575,0.26021161417322836,159,True,127,128,32,32,0,"[159, 40, 8]",0,True,32,True,128,159,32,0,0,32,"[128, 40, 8]",1,False,f071bdcbbbc3e959b867,expected_aligned_shape,Qwen/Qwen3.6-35B-A3B-FP8,ok,32,127,5080,1510,0.297244094488189,5080,3494,0.6877952755905512,0,0.0,0.9233060552745593,4690.394760794761,0.9556102362204725,4854.5,Qwen/Qwen3.6-35B-A3B
short_qa,40,127,8,40640,cross_model,30241,0.744119094488189,10399,0.25588090551181103,166,True,127,128,39,39,0,"[166, 40, 8]",0,True,39,True,128,166,39,0,0,39,"[128, 40, 8]",1,False,f0a80145f6b08b42e75e,expected_aligned_shape,Qwen/Qwen3.6-35B-A3B-FP8,ok,32,127,5080,1521,0.29940944881889764,5080,3572,0.7031496062992126,0,0.0,0.9286455102203136,4717.519191919192,0.959005905511811,4871.75,Qwen/Qwen3.6-35B-A3B
needle,40,127,8,40640,cross_model,28692,0.706003937007874,11948,0.293996062992126,159,True,127,128,32,32,0,"[159, 40, 8]",0,True,32,True,128,159,32,0,0,32,"[128, 40, 8]",1,False,f1319787940d241bd108,expected_aligned_shape,Qwen/Qwen3.6-35B-A3B-FP8,ok,32,127,5080,1246,0.2452755905511811,5080,3284,0.6464566929133858,0,0.0,0.9138610296090612,4642.41403041403,0.9503198818897638,4827.625,Qwen/Qwen3.6-35B-A3B
chat,40,127,8,40640,cross_model,28748,0.7073818897637796,11892,0.2926181102362205,159,True,127,128,32,32,0,"[159, 40, 8]",0,True,32,True,128,159,32,0,0,32,"[128, 40, 8]",1,False,f14945b89c4aa87a2ec2,expected_aligned_shape,Qwen/Qwen3.6-35B-A3B-FP8,ok,32,127,5080,1222,0.2405511811023622,5080,3231,0.636023622047244,0,0.0,0.9101549981077541,4623.587390387391,0.947736220472441,4814.5,Qwen/Qwen3.6-35B-A3B
low_margin,40,127,8,40640,cross_model,29044,0.7146653543307087,11596,0.28533464566929134,166,True,127,128,39,39,0,"[166, 40, 8]",0,True,39,True,128,166,39,0,0,39,"[128, 40, 8]",1,False,f16919d280bf2377108c,expected_aligned_shape,Qwen/Qwen3.6-35B-A3B-FP8,ok,32,127,5080,1284,0.25275590551181104,5080,3322,0.6539370078740158,0,0.0,0.9137868124876,4642.037007437008,0.9496309055118111,4824.125,Qwen/Qwen3.6-35B-A3B
math_numeric,40,127,8,40640,cross_model,30541,0.7515009842519685,10099,0.2484990157480315,159,True,127,128,32,32,0,"[159, 40, 8]",0,True,32,True,128,159,32,0,0,32,"[128, 40, 8]",1,False,f1e40190bf0f306cc68f,expected_aligned_shape,Qwen/Qwen3.6-35B-A3B-FP8,ok,32,127,5080,1586,0.3122047244094488,5080,3597,0.7080708661417323,0,0.0,0.9305472043267318,4727.179797979798,0.960236220472441,4878.0,Qwen/Qwen3.6-35B-A3B
code,40,127,8,40640,cross_model,28743,0.7072588582677165,11897,0.29274114173228344,166,True,127,128,39,39,0,"[166, 40, 8]",0,True,39,True,128,166,39,0,0,39,"[128, 40, 8]",1,False,f1e595a9b1a4d7f427b2,expected_aligned_shape,Qwen/Qwen3.6-35B-A3B-FP8,ok,32,127,5080,1290,0.25393700787401574,5080,3279,0.6454724409448819,0,0.0,0.9096008584591261,4620.772360972361,0.946505905511811,4808.25,Qwen/Qwen3.6-35B-A3B
mixed_language,40,127,8,40640,cross_model,31258,0.7691437007874016,9382,0.23085629921259843,159,True,127,128,32,32,0,"[159, 40, 8]",0,True,32,True,128,159,32,0,0,32,"[128, 40, 8]",1,False,f240b20adde5c5226f6b,expected_aligned_shape,Qwen/Qwen3.6-35B-A3B-FP8,ok,32,127,5080,1693,0.3332677165354331,5080,3729,0.7340551181102363,0,0.0,0.9375606458283624,4762.80808080808,0.9643946850393701,4899.125,Qwen/Qwen3.6-35B-A3B
mixed_language,40,127,8,40640,cross_model,29206,0.7186515748031496,11434,0.2813484251968504,159,True,127,128,32,32,0,"[159, 40, 8]",0,True,32,True,128,159,32,0,0,32,"[128, 40, 8]",1,False,f2858e4fb41400dee486,expected_aligned_shape,Qwen/Qwen3.6-35B-A3B-FP8,ok,32,127,5080,1442,0.28385826771653544,5080,3299,0.6494094488188976,0,0.0,0.9073958543643584,4609.57094017094,0.9441929133858268,4796.5,Qwen/Qwen3.6-35B-A3B
math_numeric,40,127,8,40640,cross_model,29936,0.7366141732283464,10704,0.26338582677165356,159,True,127,128,32,32,0,"[159, 40, 8]",0,True,32,True,128,159,32,0,0,32,"[128, 40, 8]",1,False,f2f130fc01529df65039,expected_aligned_shape,Qwen/Qwen3.6-35B-A3B-FP8,ok,32,127,5080,1425,0.28051181102362205,5080,3337,0.6568897637795276,0,0.0,0.9164571823626942,4655.602486402487,0.9517716535433071,4835.0,Qwen/Qwen3.6-35B-A3B
short_qa,40,127,8,40640,cross_model,30422,0.7485728346456693,10218,0.2514271653543307,165,True,127,128,38,38,0,"[165, 40, 8]",0,True,38,True,128,165,38,0,0,38,"[128, 40, 8]",1,False,f3007c807c021e4181b1,expected_aligned_shape,Qwen/Qwen3.6-35B-A3B-FP8,ok,32,127,5080,1533,0.3017716535433071,5080,3521,0.6931102362204724,0,0.0,0.9275598504732364,4712.00404040404,0.9585875984251968,4869.625,Qwen/Qwen3.6-35B-A3B
short_qa,40,127,8,40640,cross_model,30209,0.7433316929133859,10431,0.2566683070866142,167,True,127,128,40,40,0,"[167, 40, 8]",0,True,40,True,128,167,40,0,0,40,"[128, 40, 8]",1,False,f30e6072f963aa16e457,expected_aligned_shape,Qwen/Qwen3.6-35B-A3B-FP8,ok,32,127,5080,1525,0.3001968503937008,5080,3512,0.6913385826771653,0,0.0,0.9241754570888429,4694.811322011322,0.9559301181102362,4856.125,Qwen/Qwen3.6-35B-A3B
needle,40,127,8,40640,cross_model,27808,0.684251968503937,12832,0.315748031496063,159,True,127,128,32,32,0,"[159, 40, 8]",0,True,32,True,128,159,32,0,0,32,"[128, 40, 8]",1,False,f336add17ac143e81f5e,expected_aligned_shape,Qwen/Qwen3.6-35B-A3B-FP8,ok,32,127,5080,1134,0.2232283464566929,5080,3104,0.6110236220472441,0,0.0,0.8995804370607521,4569.86862026862,0.9408218503937008,4779.375,Qwen/Qwen3.6-35B-A3B
chat,40,127,8,40640,cross_model,29044,0.7146653543307087,11596,0.28533464566929134,159,True,127,128,32,32,0,"[159, 40, 8]",0,True,32,True,128,159,32,0,0,32,"[128, 40, 8]",1,False,f33ed6f4a2cbbdc3df09,expected_aligned_shape,Qwen/Qwen3.6-35B-A3B-FP8,ok,32,127,5080,1299,0.25570866141732285,5080,3294,0.6484251968503937,0,0.0,0.9121891406930778,4633.920834720835,0.9487942913385827,4819.875,Qwen/Qwen3.6-35B-A3B
json_structured,40,127,8,40640,cross_model,28413,0.6991387795275591,12227,0.30086122047244096,159,True,127,128,32,32,0,"[159, 40, 8]",0,True,32,True,128,159,32,0,0,32,"[128, 40, 8]",1,False,f34be65d1aaf6e9e9a85,expected_aligned_shape,Qwen/Qwen3.6-35B-A3B-FP8,ok,32,127,5080,1265,0.24901574803149606,5080,3285,0.6466535433070866,0,0.0,0.9028707250754494,4586.583283383284,0.940009842519685,4775.25,Qwen/Qwen3.6-35B-A3B
chat,40,127,8,40640,cross_model,29773,0.7326033464566929,10867,0.2673966535433071,159,True,127,128,32,32,0,"[159, 40, 8]",0,True,32,True,128,159,32,0,0,32,"[128, 40, 8]",1,False,f4bb1bc665aeca57833d,expected_aligned_shape,Qwen/Qwen3.6-35B-A3B-FP8,ok,32,127,5080,1377,0.2710629921259842,5080,3500,0.6889763779527559,0,0.0,0.9252800567761197,4700.422688422688,0.9569881889763779,4861.5,Qwen/Qwen3.6-35B-A3B
summarization,40,127,8,40640,cross_model,31084,0.7648622047244095,9556,0.23513779527559056,167,True,127,128,40,40,0,"[167, 40, 8]",0,True,40,True,128,167,40,0,0,40,"[128, 40, 8]",1,False,f4cb1b6c567545e9c097,expected_aligned_shape,Qwen/Qwen3.6-35B-A3B-FP8,ok,32,127,5080,1728,0.3401574803149606,5080,3723,0.7328740157480315,0,0.0,0.9361263146302516,4755.521678321678,0.9633366141732284,4893.75,Qwen/Qwen3.6-35B-A3B
mixed_language,40,127,8,40640,cross_model,29618,0.7287893700787401,11022,0.2712106299212598,159,True,127,128,32,32,0,"[159, 40, 8]",0,True,32,True,128,159,32,0,0,32,"[128, 40, 8]",1,False,f57907551417f232924a,expected_aligned_shape,Qwen/Qwen3.6-35B-A3B-FP8,ok,32,127,5080,1349,0.2655511811023622,5080,3458,0.6807086614173228,0,0.0,0.9214278459947751,4680.853457653458,0.9544045275590551,4848.375,Qwen/Qwen3.6-35B-A3B
mixed_language,40,102,8,32640,cross_model,25191,0.7717830882352941,7449,0.22821691176470588,134,True,102,103,32,32,0,"[134, 40, 8]",0,True,32,True,103,134,32,0,0,32,"[103, 40, 8]",1,False,f598a18bf78b83407716,expected_aligned_shape,Qwen/Qwen3.6-35B-A3B-FP8,ok,32,102,4080,1392,0.3411764705882353,4080,2999,0.7350490196078432,0,0.0,0.9360994016876371,3819.285558885559,0.9628676470588236,3928.5,Qwen/Qwen3.6-35B-A3B
summarization,40,127,8,40640,cross_model,29445,0.7245324803149606,11195,0.27546751968503935,159,True,127,128,32,32,0,"[159, 40, 8]",0,True,32,True,128,159,32,0,0,32,"[128, 40, 8]",1,False,f5c971c02106745e8fc1,expected_aligned_shape,Qwen/Qwen3.6-35B-A3B-FP8,ok,32,127,5080,1388,0.2732283464566929,5080,3411,0.6714566929133858,0,0.0,0.9190966601202821,4669.011033411033,0.9531496062992126,4842.0,Qwen/Qwen3.6-35B-A3B
code,40,127,8,40640,cross_model,28836,0.7095472440944882,11804,0.2904527559055118,159,True,127,128,32,32,0,"[159, 40, 8]",0,True,32,True,128,159,32,0,0,32,"[128, 40, 8]",1,False,f5c9a7b15992f59eb027,expected_aligned_shape,Qwen/Qwen3.6-35B-A3B-FP8,ok,32,127,5080,1305,0.25688976377952755,5080,3292,0.6480314960629922,0,0.0,0.912975912975913,4637.917637917638,0.9496309055118111,4824.125,Qwen/Qwen3.6-35B-A3B
summarization,40,127,8,40640,cross_model,29958,0.7371555118110236,10682,0.2628444881889764,159,True,127,128,32,32,0,"[159, 40, 8]",0,True,32,True,128,159,32,0,0,32,"[128, 40, 8]",1,False,f5e18fd11d8b2c589463,expected_aligned_shape,Qwen/Qwen3.6-35B-A3B-FP8,ok,32,127,5080,1464,0.28818897637795277,5080,3498,0.6885826771653544,0,0.0,0.9241442896561006,4694.652991452991,0.9562007874015748,4857.5,Qwen/Qwen3.6-35B-A3B
code,40,127,8,40640,cross_model,29461,0.7249261811023622,11179,0.2750738188976378,159,True,127,128,32,32,0,"[159, 40, 8]",0,True,32,True,128,159,32,0,0,32,"[128, 40, 8]",1,False,f5f097d365c9fe0e543f,expected_aligned_shape,Qwen/Qwen3.6-35B-A3B-FP8,ok,32,127,5080,1310,0.2578740157480315,5080,3397,0.6687007874015748,0,0.0,0.916138419760467,4653.983172383172,0.9503937007874016,4828.0,Qwen/Qwen3.6-35B-A3B
code,40,127,8,40640,cross_model,30245,0.7442175196850394,10395,0.25578248031496065,159,True,127,128,32,32,0,"[159, 40, 8]",0,True,32,True,128,159,32,0,0,32,"[128, 40, 8]",1,False,f607a25acb33f6d075c1,expected_aligned_shape,Qwen/Qwen3.6-35B-A3B-FP8,ok,32,127,5080,1453,0.2860236220472441,5080,3488,0.6866141732283465,0,0.0,0.9225357625751326,4686.4816738816735,0.9546751968503937,4849.75,Qwen/Qwen3.6-35B-A3B
short_qa,40,127,8,40640,cross_model,30177,0.7425442913385827,10463,0.2574557086614173,166,True,127,128,39,39,0,"[166, 40, 8]",0,True,39,True,128,166,39,0,0,39,"[128, 40, 8]",1,False,f6dd8ff341515260d4cb,expected_aligned_shape,Qwen/Qwen3.6-35B-A3B-FP8,ok,32,127,5080,1530,0.30118110236220474,5080,3531,0.6950787401574803,0,0.0,0.9270813088923325,4709.573049173049,0.9580708661417323,4867.0,Qwen/Qwen3.6-35B-A3B
low_margin,40,127,8,40640,cross_model,29739,0.7317667322834646,10901,0.26823326771653544,167,True,127,128,40,40,0,"[167, 40, 8]",0,True,40,True,128,167,40,0,0,40,"[128, 40, 8]",1,False,f6f8677e1aeefc09a04f,expected_aligned_shape,Qwen/Qwen3.6-35B-A3B-FP8,ok,32,127,5080,1391,0.27381889763779527,5080,3401,0.669488188976378,0,0.0,0.9213147220233834,4680.278787878788,0.9549212598425196,4851.0,Qwen/Qwen3.6-35B-A3B
summarization,40,127,8,40640,cross_model,29576,0.727755905511811,11064,0.272244094488189,159,True,127,128,32,32,0,"[159, 40, 8]",0,True,32,True,128,159,32,0,0,32,"[128, 40, 8]",1,False,f7161b47275b97c6fb82,expected_aligned_shape,Qwen/Qwen3.6-35B-A3B-FP8,ok,32,127,5080,1365,0.2687007874015748,5080,3415,0.672244094488189,0,0.0,0.9202176913200536,4674.705871905872,0.9539124015748032,4845.875,Qwen/Qwen3.6-35B-A3B
mixed_language,40,127,8,40640,cross_model,27949,0.6877214566929134,12691,0.3122785433070866,159,True,127,128,32,32,0,"[159, 40, 8]",0,True,32,True,128,159,32,0,0,32,"[128, 40, 8]",1,False,f7235228f8e221be40e0,expected_aligned_shape,Qwen/Qwen3.6-35B-A3B-FP8,ok,32,127,5080,1205,0.2372047244094488,5080,3175,0.625,0,0.0,0.9029055065669238,4586.759973359974,0.9426919291338582,4788.875,Qwen/Qwen3.6-35B-A3B
json_structured,40,127,8,40640,cross_model,30190,0.7428641732283464,10450,0.25713582677165353,167,True,127,128,40,40,0,"[167, 40, 8]",0,True,40,True,128,167,40,0,0,40,"[128, 40, 8]",1,False,f765a88495d61ef8fb00,expected_aligned_shape,Qwen/Qwen3.6-35B-A3B-FP8,ok,32,127,5080,1457,0.28681102362204725,5080,3578,0.7043307086614173,0,0.0,0.9292377438834132,4720.527738927739,0.959375,4873.625,Qwen/Qwen3.6-35B-A3B
summarization,40,127,8,40640,cross_model,30435,0.7488927165354331,10205,0.25110728346456695,166,True,127,128,39,39,0,"[166, 40, 8]",0,True,39,True,128,166,39,0,0,39,"[128, 40, 8]",1,False,f7b04a9eb798f66c1982,expected_aligned_shape,Qwen/Qwen3.6-35B-A3B-FP8,ok,32,127,5080,1542,0.3035433070866142,5080,3571,0.7029527559055118,0,0.0,0.9282470373021554,4715.49494949495,0.9587352362204724,4870.375,Qwen/Qwen3.6-35B-A3B
chat,40,127,8,40640,cross_model,28261,0.6953986220472441,12379,0.3046013779527559,159,True,127,128,32,32,0,"[159, 40, 8]",0,True,32,True,128,159,32,0,0,32,"[128, 40, 8]",1,False,f7b31d9c7603bfc99f41,expected_aligned_shape,Qwen/Qwen3.6-35B-A3B-FP8,ok,32,127,5080,1147,0.22578740157480315,5080,3146,0.6192913385826772,0,0.0,0.9052679822364861,4598.76134976135,0.9447588582677166,4799.375,Qwen/Qwen3.6-35B-A3B
json_structured,40,127,8,40640,cross_model,27272,0.6710629921259843,13368,0.32893700787401575,159,True,127,128,32,32,0,"[159, 40, 8]",0,True,32,True,128,159,32,0,0,32,"[128, 40, 8]",1,False,f8161d92d5e0dcf1cce3,expected_aligned_shape,Qwen/Qwen3.6-35B-A3B-FP8,ok,32,127,5080,1049,0.20649606299212597,5080,3046,0.5996062992125984,0,0.0,0.8980609941239862,4562.14985014985,0.940378937007874,4777.125,Qwen/Qwen3.6-35B-A3B
code,40,127,8,40640,cross_model,29666,0.7299704724409449,10974,0.2700295275590551,159,True,127,128,32,32,0,"[159, 40, 8]",0,True,32,True,128,159,32,0,0,32,"[128, 40, 8]",1,False,f8522bf1b1649196dabf,expected_aligned_shape,Qwen/Qwen3.6-35B-A3B-FP8,ok,32,127,5080,1388,0.2732283464566929,5080,3421,0.6734251968503937,0,0.0,0.9188381260034804,4667.69768009768,0.9527805118110236,4840.125,Qwen/Qwen3.6-35B-A3B
low_margin,40,127,8,40640,cross_model,30877,0.7597687007874016,9763,0.24023129921259842,166,True,127,128,39,39,0,"[166, 40, 8]",0,True,39,True,128,166,39,0,0,39,"[128, 40, 8]",1,False,f8b7d673208f4703d173,expected_aligned_shape,Qwen/Qwen3.6-35B-A3B-FP8,ok,32,127,5080,1618,0.318503937007874,5080,3692,0.7267716535433071,0,0.0,0.9341461862721705,4745.462626262626,0.962130905511811,4887.625,Qwen/Qwen3.6-35B-A3B
mixed_language,40,127,8,40640,cross_model,29983,0.7377706692913386,10657,0.2622293307086614,159,True,127,128,32,32,0,"[159, 40, 8]",0,True,32,True,128,159,32,0,0,32,"[128, 40, 8]",1,False,f913721fcb7ea89e83db,expected_aligned_shape,Qwen/Qwen3.6-35B-A3B-FP8,ok,32,127,5080,1458,0.287007874015748,5080,3486,0.6862204724409449,0,0.0,0.9218183566215061,4682.837251637252,0.9542814960629922,4847.75,Qwen/Qwen3.6-35B-A3B
needle,40,127,8,40640,cross_model,28210,0.6941437007874016,12430,0.30585629921259844,159,True,127,128,32,32,0,"[159, 40, 8]",0,True,32,True,128,159,32,0,0,32,"[128, 40, 8]",1,False,f9234eab6995d6951a8a,expected_aligned_shape,Qwen/Qwen3.6-35B-A3B-FP8,ok,32,127,5080,1162,0.22874015748031495,5080,3174,0.6248031496062992,0,0.0,0.9046833656282476,4595.791497391498,0.9440944881889763,4796.0,Qwen/Qwen3.6-35B-A3B
short_qa,40,127,8,40640,cross_model,29554,0.7272145669291339,11086,0.27278543307086617,159,True,127,128,32,32,0,"[159, 40, 8]",0,True,32,True,128,159,32,0,0,32,"[128, 40, 8]",1,False,fa9d275badf610a1379e,expected_aligned_shape,Qwen/Qwen3.6-35B-A3B-FP8,ok,32,127,5080,1320,0.25984251968503935,5080,3368,0.662992125984252,0,0.0,0.9183122564224925,4665.026262626263,0.953001968503937,4841.25,Qwen/Qwen3.6-35B-A3B
math_numeric,40,127,8,40640,cross_model,30009,0.7384104330708662,10631,0.2615895669291339,159,True,127,128,32,32,0,"[159, 40, 8]",0,True,32,True,128,159,32,0,0,32,"[128, 40, 8]",1,False,fad300d8fd6577e50bbc,expected_aligned_shape,Qwen/Qwen3.6-35B-A3B-FP8,ok,32,127,5080,1495,0.29429133858267714,5080,3528,0.694488188976378,0,0.0,0.9254530246656232,4701.301365301365,0.9568897637795276,4861.0,Qwen/Qwen3.6-35B-A3B
low_margin,40,127,8,40640,cross_model,29497,0.7258120078740158,11143,0.27418799212598427,165,True,127,128,38,38,0,"[165, 40, 8]",0,True,38,True,128,165,38,0,0,38,"[128, 40, 8]",1,False,fad7a7bed044b720b4b1,expected_aligned_shape,Qwen/Qwen3.6-35B-A3B-FP8,ok,32,127,5080,1347,0.2651574803149606,5080,3417,0.6726377952755905,0,0.0,0.9213024857906748,4680.216627816628,0.9547982283464567,4850.375,Qwen/Qwen3.6-35B-A3B
json_structured,40,127,8,40640,cross_model,27985,0.6886072834645669,12655,0.31139271653543305,159,True,127,128,32,32,0,"[159, 40, 8]",0,True,32,True,128,159,32,0,0,32,"[128, 40, 8]",1,False,fae09243181a7d6bf3ec,expected_aligned_shape,Qwen/Qwen3.6-35B-A3B-FP8,ok,32,127,5080,1097,0.21594488188976377,5080,3149,0.6198818897637796,0,0.0,0.9061161672972696,4603.07012987013,0.9456200787401575,4803.75,Qwen/Qwen3.6-35B-A3B
short_qa,40,127,8,40640,cross_model,26965,0.6635088582677166,13675,0.33649114173228345,159,True,127,128,32,32,0,"[159, 40, 8]",0,True,32,True,128,159,32,0,0,32,"[128, 40, 8]",1,False,fb4a2ad326742a7daba7,expected_aligned_shape,Qwen/Qwen3.6-35B-A3B-FP8,ok,32,127,5080,1099,0.21633858267716535,5080,3002,0.5909448818897638,0,0.0,0.8866622441425591,4504.2442002442,0.9314222440944881,4731.625,Qwen/Qwen3.6-35B-A3B
logs,40,127,8,40640,cross_model,29195,0.718380905511811,11445,0.281619094488189,159,True,127,128,32,32,0,"[159, 40, 8]",0,True,32,True,128,159,32,0,0,32,"[128, 40, 8]",1,False,fb52f03e456f4681f727,expected_aligned_shape,Qwen/Qwen3.6-35B-A3B-FP8,ok,32,127,5080,1282,0.25236220472440946,5080,3359,0.6612204724409448,0,0.0,0.9178399990211014,4662.627195027195,0.9526820866141732,4839.625,Qwen/Qwen3.6-35B-A3B
needle,40,127,8,40640,cross_model,28335,0.6972194881889764,12305,0.3027805118110236,159,True,127,128,32,32,0,"[159, 40, 8]",0,True,32,True,128,159,32,0,0,32,"[128, 40, 8]",1,False,fb7cd58efb77536b7e5a,expected_aligned_shape,Qwen/Qwen3.6-35B-A3B-FP8,ok,32,127,5080,1149,0.22618110236220473,5080,3230,0.6358267716535433,0,0.0,0.9112320050902727,4629.0585858585855,0.9488681102362204,4820.25,Qwen/Qwen3.6-35B-A3B
needle,40,127,8,40640,cross_model,28725,0.7068159448818898,11915,0.29318405511811024,159,True,127,128,32,32,0,"[159, 40, 8]",0,True,32,True,128,159,32,0,0,32,"[128, 40, 8]",1,False,fc015de10f6cf890ad72,expected_aligned_shape,Qwen/Qwen3.6-35B-A3B-FP8,ok,32,127,5080,1222,0.2405511811023622,5080,3226,0.6350393700787401,0,0.0,0.9081934338627251,4613.622644022644,0.9463090551181103,4807.25,Qwen/Qwen3.6-35B-A3B
logs,40,127,8,40640,cross_model,31719,0.7804872047244095,8921,0.21951279527559056,159,True,127,128,32,32,0,"[159, 40, 8]",0,True,32,True,128,159,32,0,0,32,"[128, 40, 8]",1,False,fd593d5b54a62fcffca1,expected_aligned_shape,Qwen/Qwen3.6-35B-A3B-FP8,ok,32,127,5080,1749,0.3442913385826772,5080,3781,0.7442913385826772,0,0.0,0.9395691010651642,4773.011033411033,0.965378937007874,4904.125,Qwen/Qwen3.6-35B-A3B
summarization,40,127,8,40640,cross_model,28829,0.709375,11811,0.290625,163,True,127,128,36,36,0,"[163, 40, 8]",0,True,36,True,128,163,36,0,0,36,"[128, 40, 8]",1,False,fd91b59bb2c549b95df7,expected_aligned_shape,Qwen/Qwen3.6-35B-A3B-FP8,ok,32,127,5080,1299,0.25570866141732285,5080,3282,0.6460629921259843,0,0.0,0.9091628362888206,4618.547208347209,0.9459645669291339,4805.5,Qwen/Qwen3.6-35B-A3B
math_numeric,40,127,8,40640,cross_model,29457,0.7248277559055119,11183,0.2751722440944882,159,True,127,128,32,32,0,"[159, 40, 8]",0,True,32,True,128,159,32,0,0,32,"[128, 40, 8]",1,False,fdfcb33b753deea08692,expected_aligned_shape,Qwen/Qwen3.6-35B-A3B-FP8,ok,32,127,5080,1367,0.26909448818897636,5080,3297,0.6490157480314961,0,0.0,0.909279478177116,4619.139749139749,0.946013779527559,4805.75,Qwen/Qwen3.6-35B-A3B
chat,40,127,8,40640,cross_model,29074,0.7154035433070867,11566,0.2845964566929134,167,True,127,128,40,40,0,"[167, 40, 8]",0,True,40,True,128,167,40,0,0,40,"[128, 40, 8]",1,False,fe4a3d67806d76a98fae,expected_aligned_shape,Qwen/Qwen3.6-35B-A3B-FP8,ok,32,127,5080,1358,0.2673228346456693,5080,3387,0.6667322834645669,0,0.0,0.9153208733523693,4649.830036630036,0.9503444881889764,4827.75,Qwen/Qwen3.6-35B-A3B
summarization,40,127,8,40640,cross_model,28896,0.7110236220472441,11744,0.2889763779527559,159,True,127,128,32,32,0,"[159, 40, 8]",0,True,32,True,128,159,32,0,0,32,"[128, 40, 8]",1,False,fe4cffdc58d7f1e1a293,expected_aligned_shape,Qwen/Qwen3.6-35B-A3B-FP8,ok,32,127,5080,1305,0.25688976377952755,5080,3296,0.6488188976377953,0,0.0,0.9091295886965178,4618.37831057831,0.946013779527559,4805.75,Qwen/Qwen3.6-35B-A3B
low_margin,40,127,8,40640,cross_model,29061,0.7150836614173228,11579,0.2849163385826772,166,True,127,128,39,39,0,"[166, 40, 8]",0,True,39,True,128,166,39,0,0,39,"[128, 40, 8]",1,False,fe6b5ef3198d755075f3,expected_aligned_shape,Qwen/Qwen3.6-35B-A3B-FP8,ok,32,127,5080,1272,0.2503937007874016,5080,3347,0.6588582677165354,0,0.0,0.9164885071184283,4655.761616161616,0.9517716535433071,4835.0,Qwen/Qwen3.6-35B-A3B
short_qa,40,127,8,40640,cross_model,30026,0.7388287401574803,10614,0.2611712598425197,166,True,127,128,39,39,0,"[166, 40, 8]",0,True,39,True,128,166,39,0,0,39,"[128, 40, 8]",1,False,ff1a9c5e2203db4473c6,expected_aligned_shape,Qwen/Qwen3.6-35B-A3B-FP8,ok,32,127,5080,1497,0.2946850393700787,5080,3480,0.6850393700787402,0,0.0,0.9221718657545429,4684.633078033078,0.9547490157480315,4850.125,Qwen/Qwen3.6-35B-A3B
short_qa,40,127,8,40640,cross_model,31126,0.7658956692913386,9514,0.2341043307086614,159,True,127,128,32,32,0,"[159, 40, 8]",0,True,32,True,128,159,32,0,0,32,"[128, 40, 8]",1,False,ff6072c8813e42e04c48,expected_aligned_shape,Qwen/Qwen3.6-35B-A3B-FP8,ok,32,127,5080,1631,0.32106299212598427,5080,3721,0.7324803149606299,0,0.0,0.9358856978542018,4754.299345099345,0.9630413385826772,4892.25,Qwen/Qwen3.6-35B-A3B
needle,40,127,8,40640,cross_model,28328,0.6970472440944881,12312,0.3029527559055118,159,True,127,128,32,32,0,"[159, 40, 8]",0,True,32,True,128,159,32,0,0,32,"[128, 40, 8]",1,False,ff63d5d0021722cb25c1,expected_aligned_shape,Qwen/Qwen3.6-35B-A3B-FP8,ok,32,127,5080,1189,0.23405511811023622,5080,3223,0.6344488188976378,0,0.0,0.9092238033182914,4618.856920856921,0.9473425196850394,4812.5,Qwen/Qwen3.6-35B-A3B
code,40,127,8,40640,cross_model,28540,0.702263779527559,12100,0.29773622047244097,159,True,127,128,32,32,0,"[159, 40, 8]",0,True,32,True,128,159,32,0,0,32,"[128, 40, 8]",1,False,ff695148bbfc18ebb614,expected_aligned_shape,Qwen/Qwen3.6-35B-A3B-FP8,ok,32,127,5080,1235,0.24311023622047245,5080,3239,0.6375984251968504,0,0.0,0.9085976228495913,4615.675924075924,0.946505905511811,4808.25,Qwen/Qwen3.6-35B-A3B
mixed_language,40,94,8,30080,cross_model,22666,0.7535239361702127,7414,0.24647606382978723,126,True,94,95,32,32,0,"[126, 40, 8]",0,True,32,True,95,126,32,0,0,32,"[95, 40, 8]",1,False,ff7b7a3a96c67f89ba19,expected_aligned_shape,Qwen/Qwen3.6-35B-A3B-FP8,ok,32,94,3760,1205,0.3204787234042553,3760,2671,0.7103723404255319,0,0.0,0.9305340640447025,3498.808080808081,0.9600398936170212,3609.75,Qwen/Qwen3.6-35B-A3B
summarization,40,127,8,40640,cross_model,29498,0.7258366141732283,11142,0.27416338582677163,159,True,127,128,32,32,0,"[159, 40, 8]",0,True,32,True,128,159,32,0,0,32,"[128, 40, 8]",1,False,ffa9abdf662cfcc625ac,expected_aligned_shape,Qwen/Qwen3.6-35B-A3B-FP8,ok,32,127,5080,1368,0.2692913385826772,5080,3437,0.6765748031496063,0,0.0,0.9207269108843911,4677.292707292708,0.9540108267716535,4846.375,Qwen/Qwen3.6-35B-A3B
chat,40,127,8,40640,cross_model,28705,0.7063238188976378,11935,0.2936761811023622,159,True,127,128,32,32,0,"[159, 40, 8]",0,True,32,True,128,159,32,0,0,32,"[128, 40, 8]",1,False,ffc63ef1ee5b72090bcf,expected_aligned_shape,Qwen/Qwen3.6-35B-A3B-FP8,ok,32,127,5080,1261,0.24822834645669292,5080,3263,0.6423228346456693,0,0.0,0.9096580846974547,4621.063070263071,0.9470226377952756,4810.875,Qwen/Qwen3.6-35B-A3B
json_structured,40,127,8,40640,cross_model,28450,0.7000492125984252,12190,0.2999507874015748,159,True,127,128,32,32,0,"[159, 40, 8]",0,True,32,True,128,159,32,0,0,32,"[128, 40, 8]",1,False,ffe9f5f93121cd2df5ca,expected_aligned_shape,Qwen/Qwen3.6-35B-A3B-FP8,ok,32,127,5080,1185,0.23326771653543307,5080,3270,0.6437007874015748,0,0.0,0.9124012470469165,4634.998334998335,0.9493110236220472,4822.5,Qwen/Qwen3.6-35B-A3B
